step,system_total_stopped,system_total_waiting_time,system_mean_waiting_time,system_mean_speed,J17_stopped,J17_accumulated_waiting_time,J17_average_speed,J18_stopped,J18_accumulated_waiting_time,J18_average_speed,agents_total_stopped,agents_total_accumulated_waiting_time
5.0,0,0.0,0.0,13.1084671450186,0,0.0,1.0,0,0.0,0.9567591504431899,0,0.0
10.0,0,0.0,0.0,13.338806798846939,0,0.0,0.9338450931385304,0,0.0,0.9446924842326974,0,0.0
15.0,0,0.0,0.0,13.22578854491093,0,0.0,0.920208744864322,0,0.0,0.9434117836799061,0,0.0
20.0,0,0.0,0.0,11.342977047775618,0,0.0,0.7340126966559005,0,0.0,0.9506123470503913,0,0.0
25.0,2,4.0,0.26666666666666666,7.584026033717695,2,4.0,0.4891311709252199,0,0.0,0.6634290865437089,2,4.0
30.0,5,25.0,1.25,8.597352564158747,3,19.0,0.6451273728224666,2,6.0,0.6235984956868097,5,25.0
35.0,6,55.0,2.391304347826087,8.052297592215167,3,34.0,0.5072530713495289,3,21.0,0.6233939644384903,6,55.0
40.0,8,72.0,2.769230769230769,7.7128603536027445,5,55.0,0.31703009824710215,3,17.0,0.6792078442977032,8,72.0
45.0,8,83.0,2.8620689655172415,6.8390808758448065,3,58.0,0.3999143481052273,5,37.0,0.4531719506799753,8,95.0
50.0,9,84.0,2.625,6.924633893690688,5,72.0,0.4329737391473137,4,31.0,0.4087988786190463,9,103.0
55.0,11,92.0,2.967741935483871,6.657165986972069,3,67.0,0.5453300063695538,8,45.0,0.2508283311872234,11,112.0
60.0,11,124.0,3.875,6.290063213524696,6,78.0,0.4197553412117986,5,68.0,0.35769941546950923,11,146.0
65.0,9,114.0,3.4545454545454546,6.519529175217966,4,56.0,0.48806210015737356,5,75.0,0.38653700155679144,9,131.0
70.0,11,131.0,3.5405405405405403,6.673806743277803,7,77.0,0.3563069227859993,4,74.0,0.5505771104086845,11,151.0
75.0,11,140.0,3.58974358974359,7.214772749918393,6,82.0,0.40264569068749523,5,94.0,0.5543619811934785,11,176.0
80.0,13,181.0,4.309523809523809,7.06684000008085,8,104.0,0.3867266407140452,5,111.0,0.5796958228918592,13,215.0
85.0,15,181.0,4.022222222222222,5.686287102894709,8,102.0,0.39521379371423415,7,128.0,0.38982090180856793,15,230.0
90.0,14,85.0,1.8085106382978724,5.558594972335112,4,67.0,0.45069867603436964,10,88.0,0.27302517079682775,14,155.0
95.0,11,122.0,2.652173913043478,6.729699487916511,4,59.0,0.4070918239922732,7,76.0,0.3100293528207227,11,135.0
100.0,13,88.0,1.7959183673469388,6.357870350496685,5,48.0,0.3656894482004592,8,83.0,0.21306383333588394,13,131.0
105.0,18,166.0,3.3877551020408165,6.4246265868943215,7,62.0,0.3441540822880024,11,126.0,0.34433101399701355,18,188.0
110.0,16,147.0,3.0625,6.607837558136571,8,88.0,0.4072784975625505,8,126.0,0.4544416724447563,16,214.0
115.0,12,169.0,4.023809523809524,7.0079033255975975,5,84.0,0.4650253167164899,7,119.0,0.4255040972659801,12,203.0
120.0,11,90.0,2.142857142857143,5.615008442408994,5,60.0,0.41518938187946447,6,112.0,0.23877005829418838,11,172.0
125.0,17,128.0,3.0476190476190474,5.934588794489342,8,72.0,0.24725770272570013,9,86.0,0.2894120498635595,17,158.0
130.0,14,118.0,2.95,5.841107946800653,6,89.0,0.30963574684770645,8,78.0,0.3353942197191008,14,167.0
135.0,15,163.0,4.075,6.833177486640787,7,96.0,0.40589507509054307,8,94.0,0.25101591418616925,15,190.0
140.0,10,112.0,3.2,6.671213811986207,3,74.0,0.586082998494088,7,104.0,0.17555027293885161,10,178.0
145.0,10,138.0,3.72972972972973,7.702069522123608,3,59.0,0.6043282493636534,7,114.0,0.2513154407150165,10,173.0
150.0,6,61.0,1.6944444444444444,7.046722866368276,2,28.0,0.5625295539851004,4,99.0,0.40921162202180256,6,127.0
155.0,7,82.0,2.2777777777777777,9.092286212646421,3,22.0,0.6778974272894629,4,89.0,0.5929188794081846,7,111.0
160.0,8,118.0,3.2777777777777777,8.925099017208193,4,38.0,0.574027561597261,4,106.0,0.6415384621780927,8,144.0
165.0,10,148.0,3.7948717948717947,7.580313672954353,6,48.0,0.2768331561668051,4,126.0,0.6154226000913527,10,174.0
170.0,15,167.0,4.394736842105263,6.417215816867502,11,96.0,0.2472118502816311,4,85.0,0.45401245950012586,15,181.0
175.0,15,189.0,5.25,5.519819159862824,9,116.0,0.275975038293743,6,111.0,0.39421961806540134,15,227.0
180.0,13,137.0,3.6052631578947367,6.5798806756672885,9,120.0,0.33579538453912455,4,63.0,0.4905948013488341,13,183.0
185.0,11,149.0,3.6341463414634148,6.999903116537343,7,125.0,0.37216196887386976,4,49.0,0.5502526451597932,11,174.0
190.0,12,200.0,4.761904761904762,7.653739087290491,7,142.0,0.4341067409316206,5,78.0,0.5604266943902374,12,220.0
195.0,11,168.0,3.9069767441860463,7.085312493810431,8,163.0,0.42589993939093834,3,54.0,0.583921642831644,11,217.0
200.0,14,233.0,5.9743589743589745,5.975320337097788,9,197.0,0.32085092278472355,5,53.0,0.4696456273474202,14,250.0
205.0,15,222.0,5.842105263157895,4.74290328633978,10,216.0,0.19093772924077657,5,55.0,0.41042705364166576,15,271.0
210.0,15,259.0,6.317073170731708,5.024034171690888,6,196.0,0.3366960597488131,9,81.0,0.20636257302545935,15,277.0
215.0,15,184.0,4.380952380952381,5.240382169768641,4,142.0,0.43425854390992985,11,118.0,0.1314594881606325,15,260.0
220.0,18,204.0,4.434782608695652,6.666183952963491,7,71.0,0.5046159357830234,11,157.0,0.27448979584650773,18,228.0
225.0,14,179.0,3.7291666666666665,6.033128674342815,6,83.0,0.41904288125006034,8,149.0,0.38110599371534154,14,232.0
230.0,10,173.0,3.5306122448979593,6.967685717981665,5,87.0,0.47728143091309205,5,130.0,0.4183696560959038,10,217.0
235.0,13,128.0,2.4150943396226414,6.396222484821417,6,97.0,0.4398640972895032,7,113.0,0.3717697694510928,13,210.0
240.0,18,171.0,3.109090909090909,6.609393116038265,13,141.0,0.3221488624940578,5,78.0,0.4315442771671804,18,219.0
245.0,19,174.0,2.9491525423728815,6.16445440640009,13,145.0,0.2869120485065262,6,83.0,0.28834823950135535,19,228.0
250.0,22,266.0,4.666666666666667,6.6940769359169074,14,192.0,0.33807492842973225,8,94.0,0.3255679954029352,22,286.0
255.0,18,261.0,4.660714285714286,5.623043335243374,11,219.0,0.3540197679023122,7,110.0,0.2891710513523857,18,329.0
260.0,17,245.0,4.454545454545454,6.443332537948663,7,188.0,0.43423210812029023,10,136.0,0.3283399328216601,17,324.0
265.0,15,175.0,2.9661016949152543,5.88289529667846,7,153.0,0.4254318322702945,8,153.0,0.288681962749458,15,306.0
270.0,18,205.0,3.253968253968254,6.833087549431916,11,153.0,0.3817220180661833,7,146.0,0.43129638370183526,18,299.0
275.0,21,172.0,2.7301587301587302,6.376305504804287,16,178.0,0.22498982382278562,5,99.0,0.5044592106890163,21,277.0
280.0,18,225.0,3.5714285714285716,7.063486788938198,11,178.0,0.262236233558451,7,103.0,0.47144451611614824,18,281.0
285.0,17,247.0,4.116666666666666,6.030171318679267,12,209.0,0.34297350120875,5,111.0,0.27365655644511655,17,320.0
290.0,24,299.0,4.983333333333333,5.803776827392054,15,246.0,0.29223149558198036,9,153.0,0.35398832484449716,24,399.0
295.0,22,306.0,5.464285714285714,4.590987263840533,15,281.0,0.2244695206928501,7,154.0,0.45679161344213665,22,435.0
300.0,25,394.0,6.912280701754386,5.562230812388079,20,339.0,0.19924687842065997,5,137.0,0.53990663269115,25,476.0
305.0,21,320.0,5.714285714285714,5.010598576440602,16,378.0,0.16388068763352365,5,107.0,0.49543989139657807,21,485.0
310.0,20,341.0,6.2,5.342715702103308,12,370.0,0.23620336030746264,8,91.0,0.3393286538382641,20,461.0
315.0,19,375.0,6.818181818181818,4.894239602414764,11,383.0,0.25013786731785276,8,103.0,0.25028075609766176,19,486.0
320.0,20,419.0,7.7592592592592595,6.0585711674686245,13,383.0,0.23239966578164753,7,130.0,0.44825879470616986,20,513.0
325.0,22,275.0,5.288461538461538,5.171783642480735,16,353.0,0.15842409950864988,6,105.0,0.4605640685161558,22,458.0
330.0,24,288.0,5.433962264150943,5.507228903186523,16,301.0,0.3009146882866887,8,124.0,0.3847275306924703,24,425.0
335.0,19,247.0,4.490909090909091,5.510854389586593,12,304.0,0.40545156846659874,7,121.0,0.3129812929103774,19,425.0
340.0,18,220.0,4.230769230769231,5.684451645991582,9,272.0,0.3875957358895636,9,107.0,0.2565194402890338,18,379.0
345.0,18,229.0,4.163636363636364,5.2054264906141325,10,277.0,0.29830493507237854,8,118.0,0.24265474812970192,18,395.0
350.0,21,285.0,5.480769230769231,5.509092122157771,17,323.0,0.2104825558286112,4,93.0,0.3962135793054337,21,416.0
355.0,22,250.0,4.716981132075472,4.4635697840739015,17,326.0,0.17441531492731913,5,88.0,0.4168576173973575,22,414.0
360.0,28,369.0,6.709090909090909,5.316140748622365,21,386.0,0.23236356100117345,7,123.0,0.48866540319731755,28,509.0
365.0,24,342.0,6.0,5.6089762089306205,17,427.0,0.2779471460546851,7,108.0,0.46352087773497425,24,535.0
370.0,19,278.0,4.793103448275862,5.5082228907459205,9,381.0,0.31593718264993703,10,109.0,0.3509808665471316,19,490.0
375.0,19,302.0,4.950819672131147,5.818996822535072,9,336.0,0.3852088712896475,10,121.0,0.3194152068493308,19,457.0
380.0,17,233.0,3.7580645161290325,6.9061750049563235,10,263.0,0.4136818877939498,7,105.0,0.4404657379474849,17,368.0
385.0,21,162.0,2.53125,5.652611252617318,14,213.0,0.25862684135536074,7,82.0,0.35466328875653574,21,295.0
390.0,25,229.0,3.523076923076923,5.668868057309321,15,244.0,0.25917291511011786,10,92.0,0.4306742348017554,25,336.0
395.0,18,256.0,4.19672131147541,5.772128022110529,13,258.0,0.30823968121814194,5,99.0,0.39299318894652197,18,357.0
400.0,21,248.0,4.065573770491803,5.849790302017205,14,271.0,0.26976836646037583,7,114.0,0.4510959120315812,21,385.0
405.0,19,214.0,3.689655172413793,5.319292697094217,15,241.0,0.18309619607132072,4,97.0,0.4880318266894933,19,338.0
410.0,26,279.0,4.810344827586207,4.663659525461846,20,279.0,0.16117832172373467,6,98.0,0.3844268358621152,26,377.0
415.0,25,250.0,4.464285714285714,4.680859222507418,19,324.0,0.25379252997233764,6,63.0,0.313409816197116,25,387.0
420.0,27,312.0,5.288135593220339,4.653982935689946,19,366.0,0.21732281001312603,8,84.0,0.3894379729457528,27,450.0
425.0,23,253.0,4.216666666666667,4.895388195510661,15,360.0,0.1947546734163482,8,95.0,0.39055824436778397,23,455.0
430.0,22,320.0,5.614035087719298,5.284621686845003,13,358.0,0.2631973981495983,9,102.0,0.28323958219623,22,460.0
435.0,22,296.0,5.103448275862069,5.26352762721402,13,355.0,0.27942656206805144,9,114.0,0.26308240407227085,22,469.0
440.0,19,281.0,5.017857142857143,5.19825963974406,15,365.0,0.11234456878511194,4,86.0,0.41978060513493937,19,451.0
445.0,21,297.0,5.2105263157894735,4.87399833957648,17,416.0,0.06437952041760336,4,52.0,0.4499092965408838,21,468.0
450.0,20,355.0,6.228070175438597,6.214975704376613,13,428.0,0.26357733855343524,7,75.0,0.43393935736430106,20,503.0
455.0,18,348.0,6.566037735849057,6.14666188125946,11,405.0,0.34683182418959607,7,84.0,0.3618050045381847,18,489.0
460.0,17,326.0,6.653061224489796,6.368734252573731,11,348.0,0.2438513827515525,6,75.0,0.44864448509354304,17,423.0
465.0,20,347.0,7.229166666666667,4.846226288805749,13,367.0,0.07373066696231942,7,81.0,0.4410002263466887,20,448.0
470.0,22,412.0,8.408163265306122,5.432764547277451,14,374.0,0.24863297849306226,8,115.0,0.41194592621245907,22,489.0
475.0,18,185.0,3.9361702127659575,5.661273407639949,11,304.0,0.29693720382607447,7,108.0,0.48340076067396476,18,412.0
480.0,18,248.0,4.862745098039215,6.239976033758734,10,257.0,0.33762847243196925,8,101.0,0.4889217037673524,18,358.0
485.0,22,210.0,3.888888888888889,5.380506343019209,10,257.0,0.3696108012388382,12,109.0,0.33752734931086176,22,366.0
490.0,12,194.0,3.5272727272727273,7.022986272076017,5,206.0,0.48928923769790245,7,117.0,0.3918552566857786,12,323.0
495.0,13,90.0,1.5789473684210527,6.110015871891831,4,133.0,0.3460092844995356,9,97.0,0.3076144886472573,13,230.0
500.0,24,183.0,3.1016949152542375,6.05733097029934,8,122.0,0.3576752589764758,16,139.0,0.24878837081710511,24,261.0
505.0,22,203.0,3.690909090909091,4.843067967447369,9,122.0,0.31732664359099044,13,176.0,0.22126729785489235,22,298.0
510.0,19,246.0,4.555555555555555,5.781446634876353,6,130.0,0.45336066862030183,13,197.0,0.24441403779233956,19,327.0
515.0,16,210.0,3.6842105263157894,6.338357203490159,4,129.0,0.5126791862987596,12,211.0,0.27677765219518785,16,340.0
520.0,14,165.0,3.0,7.008136706820269,8,132.0,0.4848991167236671,6,175.0,0.3849289653784567,14,307.0
525.0,16,165.0,3.173076923076923,5.716858018547892,9,164.0,0.3091485520593835,7,132.0,0.4207052332256103,16,296.0
530.0,24,261.0,5.019230769230769,5.789623417566623,13,207.0,0.35347100031106454,11,179.0,0.368922227527443,24,386.0
535.0,24,253.0,4.865384615384615,4.066456962230307,13,192.0,0.291110052801906,11,197.0,0.2236249006710844,24,389.0
540.0,24,334.0,6.423076923076923,4.37566515613311,11,226.0,0.2759554972971231,13,221.0,0.2645037960107897,24,447.0
545.0,25,355.0,6.69811320754717,4.075146626880217,13,262.0,0.17533867214255,12,218.0,0.3149413944407252,25,480.0
550.0,22,375.0,6.944444444444445,5.177821080962858,16,328.0,0.21395979186450054,6,177.0,0.368231444778279,22,505.0
555.0,17,341.0,6.314814814814815,5.776185565329321,13,328.0,0.12394205330238539,4,146.0,0.5270936461300133,17,474.0
560.0,12,230.0,4.423076923076923,6.997031658377287,7,262.0,0.23551688527582154,5,120.0,0.5294021477935653,12,382.0
565.0,13,223.0,4.288461538461538,7.1258941900294905,7,266.0,0.22112681779365762,6,136.0,0.5292921336607986,13,402.0
570.0,17,174.0,3.2222222222222223,6.768355779537042,12,279.0,0.22868404624568608,5,54.0,0.42029656935333926,17,333.0
575.0,18,236.0,4.37037037037037,7.062423586207787,9,268.0,0.2852978874652242,9,95.0,0.526733663997144,18,363.0
580.0,16,278.0,5.56,6.878780247978227,6,193.0,0.474520338324597,10,142.0,0.4136918636671228,16,335.0
585.0,14,197.0,3.94,5.275442017018584,5,157.0,0.44949662976891985,9,153.0,0.1590196932261841,14,310.0
590.0,22,249.0,4.98,6.061250841116602,7,103.0,0.504932592176398,15,210.0,0.2144637719308506,22,313.0
595.0,16,203.0,3.830188679245283,6.081939406663504,5,87.0,0.4253227949412778,11,206.0,0.3574699674293311,16,293.0
600.0,20,280.0,5.090909090909091,7.324188505705219,8,89.0,0.5062738982629496,12,206.0,0.41430126533556866,20,295.0
605.0,16,210.0,3.75,5.842101621458028,6,100.0,0.4036503729700291,10,197.0,0.3258525022836657,16,297.0
610.0,16,195.0,3.3620689655172415,6.4465641437461665,9,124.0,0.346526870500728,7,135.0,0.387057965040942,16,259.0
615.0,17,220.0,3.8596491228070176,5.602744878479453,9,158.0,0.3118498514891274,8,137.0,0.35673639294095916,17,295.0
620.0,17,292.0,5.214285714285714,6.317192494124945,6,168.0,0.3773226679072303,11,176.0,0.39357392526134743,17,344.0
625.0,20,170.0,3.0357142857142856,5.199233858305585,8,119.0,0.2983700387043566,12,180.0,0.2906811270333132,20,299.0
630.0,26,259.0,4.796296296296297,5.5284648382007715,9,102.0,0.38850246537775185,17,215.0,0.2692106875437595,26,317.0
635.0,22,280.0,5.090909090909091,4.808234310094771,7,125.0,0.3086289884993234,15,241.0,0.2635009898604969,22,366.0
640.0,15,256.0,4.654545454545454,6.30157287375572,5,125.0,0.4142188043101156,10,203.0,0.313860589888777,15,328.0
645.0,13,200.0,3.6363636363636362,5.9530615621525165,5,112.0,0.3324554771169138,8,217.0,0.31662721126208787,13,329.0
650.0,21,266.0,4.666666666666667,6.354172296876274,8,121.0,0.42051719514892155,13,240.0,0.3073442242237708,21,361.0
655.0,21,236.0,4.214285714285714,5.039501711059229,6,94.0,0.4087654285318664,15,269.0,0.25110767315638655,21,363.0
660.0,21,293.0,5.327272727272727,6.209625143891299,8,86.0,0.37244049333393797,13,257.0,0.3805350524356908,21,343.0
665.0,21,294.0,5.444444444444445,5.255818377155374,8,91.0,0.2850181483374928,13,294.0,0.2840433080950996,21,385.0
670.0,16,308.0,5.6,6.156472447665648,3,65.0,0.3781144338546247,13,319.0,0.2712444792817935,16,384.0
675.0,18,209.0,3.6666666666666665,6.5533710722141665,4,54.0,0.6446609776663849,14,276.0,0.15646930760289132,18,330.0
680.0,17,175.0,3.125,7.20285447914205,2,33.0,0.607186287647774,15,233.0,0.23151824860819625,17,266.0
685.0,19,194.0,3.4642857142857144,6.116731320636076,6,41.0,0.48696952420405554,13,252.0,0.18204106479436138,19,293.0
690.0,17,196.0,3.769230769230769,5.858039881547567,7,67.0,0.3250827523834013,10,227.0,0.31001415402782884,17,294.0
695.0,12,169.0,3.3137254901960786,6.221416164862915,4,63.0,0.31628237846798946,8,215.0,0.3708017836101413,12,278.0
700.0,18,249.0,4.882352941176471,7.282066776368043,6,84.0,0.46297936090652,12,231.0,0.34076398972315597,18,315.0
705.0,18,254.0,4.884615384615385,6.922103438718865,7,117.0,0.5100127350261615,11,234.0,0.2646232220775739,18,351.0
710.0,18,274.0,5.708333333333333,6.577197653172443,5,124.0,0.5929960647340131,13,240.0,0.20105359981622523,18,364.0
715.0,21,327.0,6.8125,5.10966282216983,7,151.0,0.4880089314531735,14,270.0,0.07900202079927614,21,421.0
720.0,19,287.0,6.1063829787234045,5.324850897433852,8,104.0,0.443530039381422,11,283.0,0.1249837708940575,19,387.0
725.0,20,329.0,7.0,4.983607701798469,10,147.0,0.2992814322013381,10,312.0,0.23352778397094992,20,459.0
730.0,23,334.0,6.68,5.306657234187361,13,150.0,0.31466290521842505,10,327.0,0.2670208506864932,23,477.0
735.0,22,292.0,5.7254901960784315,5.291244299022381,13,174.0,0.3470157324667808,9,254.0,0.3022825311809012,22,428.0
740.0,21,252.0,4.581818181818182,5.950095488164006,13,197.0,0.31402595778930176,8,197.0,0.4870946195140107,21,394.0
745.0,17,270.0,4.7368421052631575,6.395063726846169,8,164.0,0.3631989257968498,9,219.0,0.46785173569754634,17,383.0
750.0,18,226.0,3.9649122807017543,5.507031576943664,11,163.0,0.32550182667741656,7,215.0,0.37663992528704304,18,378.0
755.0,22,229.0,4.017543859649122,4.915847752545753,12,162.0,0.21518422264649126,10,184.0,0.30404252108316265,22,346.0
760.0,23,227.0,4.053571428571429,4.9689839169449685,14,189.0,0.12317719308200498,9,177.0,0.3282679330621532,23,366.0
765.0,24,277.0,5.036363636363636,5.344318509148973,13,207.0,0.19224205295462438,11,144.0,0.29324666067629984,24,351.0
770.0,21,247.0,4.574074074074074,4.728423293289601,12,217.0,0.21963923016738074,9,165.0,0.17588537356524378,21,382.0
775.0,24,299.0,5.537037037037037,5.994468197251218,12,230.0,0.3365750762253993,12,170.0,0.20494144194713693,24,400.0
780.0,19,260.0,4.814814814814815,5.897281787480381,10,225.0,0.2925090529863125,9,182.0,0.3876135828010443,19,407.0
785.0,19,301.0,5.189655172413793,7.466085485076945,13,214.0,0.30728493804567153,6,163.0,0.6090797606221248,19,377.0
790.0,16,177.0,3.1607142857142856,6.784706736526611,12,221.0,0.2969151243108223,4,109.0,0.5774880781900195,16,330.0
795.0,16,219.0,3.981818181818182,7.0922067202102745,9,198.0,0.4626093117237135,7,79.0,0.3773658173928853,16,277.0
800.0,17,190.0,3.5849056603773586,5.766677414753531,8,185.0,0.45264594969076155,9,99.0,0.20449508466350333,17,284.0
805.0,18,238.0,4.327272727272727,6.251437413734564,10,160.0,0.4264846287458567,8,121.0,0.3338030362487222,18,281.0
810.0,18,143.0,2.4655172413793105,5.828799663502699,10,142.0,0.30004456324538437,8,114.0,0.3962275181554972,18,256.0
815.0,20,204.0,3.5172413793103448,6.862381738423658,12,118.0,0.3421319482811696,8,107.0,0.4837091612651995,20,225.0
820.0,19,187.0,3.169491525423729,6.062366063496801,10,135.0,0.28606914297733466,9,124.0,0.4068897098744083,19,259.0
825.0,26,278.0,4.87719298245614,5.525971139553043,13,172.0,0.24612985365883658,13,137.0,0.34441642688827984,26,309.0
830.0,23,249.0,4.446428571428571,5.235235555607792,11,178.0,0.21825027665131738,12,161.0,0.3996784600755077,23,339.0
835.0,13,203.0,3.759259259259259,6.245555466875192,6,132.0,0.3270212369972117,7,148.0,0.3630472846587658,13,280.0
840.0,17,119.0,2.125,5.280282970748638,6,118.0,0.309942991614798,11,122.0,0.2013778535162923,17,240.0
845.0,24,206.0,3.5517241379310347,5.109799754434042,9,121.0,0.3309104246733679,15,171.0,0.1651061433684209,24,292.0
850.0,21,255.0,4.473684210526316,5.823508544790012,7,118.0,0.4435561339505109,14,218.0,0.322428658824798,21,336.0
855.0,11,244.0,4.6923076923076925,7.278261695593069,3,84.0,0.5263655345986686,8,215.0,0.4271646235960367,11,299.0
860.0,12,180.0,3.3962264150943398,6.341322330343673,4,75.0,0.48387920537550455,8,176.0,0.24679595757954179,12,251.0
865.0,21,246.0,4.823529411764706,5.541331775561591,8,112.0,0.3461282019314749,13,186.0,0.17213432757822322,21,298.0
870.0,20,206.0,4.204081632653061,4.893577772734639,8,124.0,0.36781526250116575,12,184.0,0.21534908637779748,20,308.0
875.0,19,221.0,4.510204081632653,5.740254329292082,6,110.0,0.3922844011887672,13,162.0,0.3137702938297154,19,272.0
880.0,15,232.0,4.64,6.5063439133569885,6,116.0,0.4267844374682845,9,169.0,0.3187497937018192,15,285.0
885.0,9,174.0,3.411764705882353,8.313559612443477,5,134.0,0.4635571573514643,4,114.0,0.4886775791452185,9,248.0
890.0,12,204.0,4.163265306122449,7.6809118488435235,6,139.0,0.2971061399299587,6,74.0,0.45808507286858885,12,213.0
895.0,18,281.0,6.386363636363637,6.221095531140185,8,178.0,0.23869796716956027,10,115.0,0.2469599602686435,18,293.0
900.0,21,341.0,8.119047619047619,5.284506265358191,7,177.0,0.2982643936124173,14,177.0,0.23294093938081262,21,354.0
905.0,18,368.0,8.0,5.916284303029212,7,212.0,0.2906379186750165,11,203.0,0.4119612280653597,18,415.0
910.0,18,262.0,5.822222222222222,5.713470033777628,6,106.0,0.39009457985189766,12,195.0,0.3984259908302337,18,301.0
915.0,17,256.0,5.688888888888889,5.5595692681785875,6,133.0,0.3946393075052151,11,205.0,0.35567948470508487,17,338.0
920.0,23,361.0,7.8478260869565215,5.387170840069098,7,170.0,0.5191845015851004,16,233.0,0.23636836723425522,23,403.0
925.0,23,368.0,7.829787234042553,3.9007751952047163,7,202.0,0.35894553225373343,16,256.0,0.17256345389675687,23,458.0
930.0,18,246.0,5.020408163265306,4.937981170196887,7,163.0,0.34787642553547843,11,218.0,0.2602172195271139,18,381.0
935.0,16,211.0,4.3061224489795915,5.217569833631971,6,101.0,0.29576229687654965,10,234.0,0.2500849655721111,16,335.0
940.0,19,257.0,5.14,5.657974595800987,5,123.0,0.349342714286807,14,252.0,0.17435545121244836,19,375.0
945.0,22,318.0,6.0,5.89495150012946,7,141.0,0.42964441080983573,15,276.0,0.23483875992070274,22,417.0
950.0,14,328.0,6.431372549019608,6.793436093669668,5,154.0,0.4168188287648913,9,258.0,0.41012803287149063,14,412.0
955.0,14,311.0,6.346938775510204,6.578792533358501,5,158.0,0.4546291519783895,9,244.0,0.34155131495251,14,402.0
960.0,18,159.0,3.3125,6.054936377392051,6,133.0,0.4798788221751735,12,217.0,0.17237289418878463,18,350.0
965.0,19,220.0,4.888888888888889,4.55997751603622,7,112.0,0.3760125672200702,12,252.0,0.10576705739438799,19,364.0
970.0,17,200.0,4.545454545454546,4.678351595578282,6,82.0,0.33734946654359915,11,258.0,0.19135509609649354,17,340.0
975.0,16,214.0,4.553191489361702,5.602860775302295,6,80.0,0.3313103989700278,10,273.0,0.31360296537951765,16,353.0
980.0,18,255.0,5.204081632653061,7.134998804656987,5,79.0,0.497342402719147,13,323.0,0.3729506210263594,18,402.0
985.0,13,211.0,4.3061224489795915,7.448259113023404,2,64.0,0.6530383249884802,11,296.0,0.345678474472458,13,360.0
990.0,17,196.0,3.769230769230769,6.43800198407399,3,43.0,0.4851991451373184,14,300.0,0.27078199292458205,17,343.0
995.0,23,231.0,4.4423076923076925,5.753870489891587,9,53.0,0.43603342833091147,14,325.0,0.2629130218155176,23,378.0
1000.0,17,231.0,4.4423076923076925,5.5615447678967405,7,71.0,0.32338406774921463,10,308.0,0.34538537389117213,17,379.0
1005.0,16,226.0,4.52,5.98926122120031,6,77.0,0.36313582549254647,10,276.0,0.3251755284370081,16,353.0
1010.0,19,174.0,3.2830188679245285,5.788219535879016,7,71.0,0.3105835459071973,12,205.0,0.25740627667864807,19,276.0
1015.0,23,206.0,3.7454545454545456,6.053975267747757,10,119.0,0.45781862586467464,13,227.0,0.18372826503624096,23,346.0
1020.0,23,261.0,5.019230769230769,5.967816604618396,9,138.0,0.5010672927981267,14,244.0,0.2679707655880307,23,382.0
1025.0,21,310.0,6.078431372549019,6.104201028628083,10,176.0,0.4657586491751848,11,261.0,0.31397063918744444,21,437.0
1030.0,18,342.0,6.576923076923077,5.986296941365816,12,234.0,0.2491473543570271,6,218.0,0.454519935400456,18,452.0
1035.0,22,255.0,4.636363636363637,4.549823033981311,14,252.0,0.12979805818579282,8,185.0,0.32532868041347074,22,437.0
1040.0,19,253.0,4.43859649122807,6.278138520591006,8,222.0,0.3305981875036297,11,192.0,0.29992456594121475,19,414.0
1045.0,18,269.0,4.890909090909091,6.040238065783291,7,236.0,0.3555763415347486,11,209.0,0.2357470194047678,18,445.0
1050.0,17,314.0,5.709090909090909,6.329229749005961,10,248.0,0.3412998287469242,7,201.0,0.2370958247757749,17,449.0
1055.0,16,314.0,5.9245283018867925,5.800509688574302,8,247.0,0.33211683961465577,8,207.0,0.2841073010474492,16,454.0
1060.0,17,353.0,6.303571428571429,6.810751865143551,7,228.0,0.4418451296273254,10,219.0,0.2867792063287033,17,447.0
1065.0,16,382.0,7.074074074074074,6.446333824005406,7,244.0,0.4275122079026801,9,232.0,0.32377427620518356,16,476.0
1070.0,21,472.0,8.90566037735849,6.368244782105221,10,284.0,0.3485101432019155,11,283.0,0.3741130343392106,21,567.0
1075.0,21,416.0,7.849056603773585,5.040734467974723,11,308.0,0.12692669443037147,10,221.0,0.4547939172330209,21,529.0
1080.0,22,481.0,9.25,5.316600356621655,11,339.0,0.23103123626524952,11,169.0,0.3513481016942936,22,508.0
1085.0,21,440.0,8.148148148148149,5.237104752014734,10,353.0,0.2986599103832973,11,179.0,0.2965384425198199,21,532.0
1090.0,19,432.0,8.0,6.412344186463096,10,361.0,0.35391870118331764,9,132.0,0.24941359513878483,19,493.0
1095.0,21,187.0,3.5961538461538463,5.338466023507081,12,213.0,0.2324740729404336,9,131.0,0.2217706795179456,21,344.0
1100.0,26,300.0,5.660377358490566,5.46583172214008,14,206.0,0.1886315952151552,12,164.0,0.2609574502999805,26,370.0
1105.0,20,278.0,5.450980392156863,5.867985969458716,11,227.0,0.32238591731261523,9,167.0,0.293397031200223,20,394.0
1110.0,16,283.0,5.66,6.924971954887916,7,204.0,0.43469284455235335,9,180.0,0.2881240821857142,16,384.0
1115.0,15,211.0,4.3061224489795915,6.091603130326885,6,189.0,0.4605084333195871,9,154.0,0.17312412597403168,15,343.0
1120.0,15,153.0,3.4,6.151209512796129,9,151.0,0.3651598694712542,6,119.0,0.30216466500490735,15,270.0
1125.0,16,202.0,4.809523809523809,5.484207403160653,10,167.0,0.2634756012010098,6,128.0,0.3747567865760338,16,295.0
1130.0,13,162.0,3.7674418604651163,6.048866135670347,9,174.0,0.2483343124603128,4,70.0,0.47280141386661845,13,244.0
1135.0,17,221.0,5.0227272727272725,5.338869374012244,10,194.0,0.26819314739114986,7,93.0,0.27080108385114515,17,287.0
1140.0,17,234.0,5.7073170731707314,5.679858993428488,11,210.0,0.3235403966824814,6,95.0,0.3350950130871593,17,305.0
1145.0,18,221.0,5.390243902439025,5.024706788613222,12,205.0,0.2487695824433512,6,89.0,0.46364935373106775,18,294.0
1150.0,17,212.0,4.711111111111111,5.838664703262615,12,197.0,0.3538480973254753,5,94.0,0.5337449883642756,17,291.0
1155.0,17,244.0,4.518518518518518,6.984353905461713,13,212.0,0.2944883257283464,4,100.0,0.6820534357510766,17,312.0
1160.0,20,338.0,6.1454545454545455,7.165146811565792,14,277.0,0.27357325432727775,6,129.0,0.623792009006971,20,406.0
1165.0,19,215.0,3.5833333333333335,6.1174960816527095,15,293.0,0.1916013363439571,4,65.0,0.4763935693863978,19,358.0
1170.0,16,184.0,3.1724137931034484,6.63226359755941,8,245.0,0.37463125527506097,8,56.0,0.3377471876901497,16,301.0
1175.0,18,173.0,3.2037037037037037,5.384943676010679,9,232.0,0.3815307503301137,9,87.0,0.207020392971832,18,319.0
1180.0,24,227.0,4.053571428571429,5.270719591315766,12,222.0,0.26429858976475845,12,116.0,0.19474327571312852,24,338.0
1185.0,23,282.0,5.423076923076923,4.51610096000585,15,236.0,0.06887998048028197,8,146.0,0.32398144780340177,23,382.0
1190.0,14,299.0,5.862745098039215,6.172827118823626,8,246.0,0.2125034200157303,6,145.0,0.4663003405391131,14,391.0
1195.0,13,241.0,4.82,6.099676445715423,6,235.0,0.3013630603026759,7,142.0,0.31107627130595533,13,377.0
1200.0,21,261.0,5.019230769230769,6.024427850009219,11,254.0,0.3210119984961394,10,125.0,0.3079376156224267,21,379.0
1205.0,21,336.0,6.857142857142857,5.79461361066431,12,281.0,0.32838996707913654,9,150.0,0.35765475901903415,21,431.0
1210.0,16,374.0,7.791666666666667,5.300836603173638,7,272.0,0.32755021261743583,9,195.0,0.26511651066545694,16,467.0
1215.0,14,210.0,4.038461538461538,4.942374570632119,5,208.0,0.2617341145702077,9,146.0,0.27353108662139597,14,354.0
1220.0,19,239.0,4.425925925925926,5.664904032831097,9,139.0,0.2934282958211748,10,181.0,0.3786310886653346,19,320.0
1225.0,19,218.0,4.113207547169812,5.146083836645491,12,163.0,0.32572125499776655,7,165.0,0.3778948483541575,19,328.0
1230.0,16,213.0,4.018867924528302,6.093520699767093,7,147.0,0.33529577272982397,9,141.0,0.358026496004831,16,288.0
1235.0,14,152.0,2.923076923076923,5.4399966949188165,8,168.0,0.20527991568253173,6,114.0,0.31451520407154615,14,282.0
1240.0,15,184.0,3.2857142857142856,6.255337365475738,10,196.0,0.2532505488853621,5,72.0,0.32487401574482644,15,268.0
1245.0,23,209.0,4.019230769230769,5.447802071435709,16,224.0,0.25011737553722524,7,86.0,0.39612706035093315,23,310.0
1250.0,28,341.0,6.5576923076923075,4.924893498156694,19,315.0,0.20313128113884582,9,117.0,0.42068902785357387,28,432.0
1255.0,24,341.0,6.433962264150943,3.7467533243672335,16,345.0,0.17556691074375533,8,131.0,0.3501404272345865,24,476.0
1260.0,20,289.0,5.5576923076923075,5.02432829191566,11,311.0,0.2040904514956959,9,133.0,0.3534662257384386,20,444.0
1265.0,16,295.0,5.673076923076923,5.638859578645925,8,273.0,0.33241334038559467,8,139.0,0.1683008970838051,16,412.0
1270.0,18,283.0,4.716666666666667,6.1681504529546585,10,276.0,0.29072105394766934,8,133.0,0.24382783404628444,18,409.0
1275.0,19,259.0,4.17741935483871,6.924210668573335,12,279.0,0.4107581990085986,7,115.0,0.4301033522103084,19,394.0
1280.0,19,171.0,3.0,6.76804808600408,13,230.0,0.4160933728932473,6,116.0,0.5492428465394049,19,346.0
1285.0,22,256.0,4.654545454545454,5.343346557190375,16,247.0,0.26744259681787236,6,124.0,0.4762080410183692,22,371.0
1290.0,26,240.0,4.137931034482759,4.33608717941695,19,270.0,0.1886625666569069,7,110.0,0.38159576310333404,26,380.0
1295.0,21,221.0,3.683333333333333,5.436709333188948,12,226.0,0.18569869493336733,9,127.0,0.38253493719357823,21,353.0
1300.0,17,217.0,3.557377049180328,5.800921462099506,10,254.0,0.2550555347932396,7,146.0,0.26969526905915914,17,400.0
1305.0,21,281.0,4.4603174603174605,5.960196493088183,13,276.0,0.28317554799268974,8,169.0,0.312735640144266,21,445.0
1310.0,23,281.0,4.844827586206897,5.485564012468808,16,297.0,0.23602137575650553,7,198.0,0.44490942973274455,23,495.0
1315.0,28,413.0,7.120689655172414,5.913124684028262,20,364.0,0.1998767510721546,8,229.0,0.5090248546398831,28,593.0
1320.0,23,334.0,5.475409836065574,5.369832943055459,19,387.0,0.14539033167425783,4,168.0,0.45401338585588324,23,555.0
1325.0,18,264.0,4.327868852459017,6.406181054920022,11,344.0,0.27499145996768626,7,117.0,0.4434153998308517,18,461.0
1330.0,17,153.0,2.593220338983051,5.61935802456489,9,352.0,0.32959335113682897,8,84.0,0.29916309551090864,17,436.0
1335.0,23,205.0,3.360655737704918,5.481980135778398,11,356.0,0.2816693252690577,12,103.0,0.2968462672528436,23,459.0
1340.0,24,241.0,4.228070175438597,3.9680155347180626,15,360.0,0.25067237182037494,9,125.0,0.1865790862756266,24,485.0
1345.0,20,262.0,4.678571428571429,5.264528522179087,12,305.0,0.21581750038395645,8,120.0,0.37921368941979944,20,425.0
1350.0,18,290.0,5.0,5.134732856756707,13,328.0,0.18863216437910763,5,127.0,0.3854541493527206,18,455.0
1355.0,24,381.0,6.245901639344262,5.969007178821559,16,366.0,0.20660081695549867,8,150.0,0.46063193267888247,24,516.0
1360.0,28,336.0,6.109090909090909,4.755600527724091,19,381.0,0.19449794878354126,9,163.0,0.4133354556359956,28,544.0
1365.0,27,309.0,5.517857142857143,4.047945497279968,18,371.0,0.16728572286641577,9,142.0,0.31595677986956616,27,513.0
1370.0,28,300.0,5.084745762711864,3.3908106921070122,17,416.0,0.21615314605676011,11,144.0,0.26356529473114654,28,560.0
1375.0,26,372.0,6.2,5.442245148293825,20,475.0,0.23837863573284251,6,117.0,0.48848908111283224,26,592.0
1380.0,22,347.0,5.596774193548387,5.31764803110709,19,488.0,0.12954096514818914,3,104.0,0.5375583428168873,22,592.0
1385.0,19,217.0,3.3384615384615386,6.133177240302441,11,410.0,0.31428089263882814,8,122.0,0.35672325092738905,19,532.0
1390.0,22,258.0,4.095238095238095,5.9528588387788615,11,326.0,0.4419629214354649,11,127.0,0.18150641573112408,22,453.0
1395.0,21,290.0,4.833333333333333,5.76658298968901,10,310.0,0.42455167424286344,11,161.0,0.09498724728493516,21,471.0
1400.0,21,268.0,4.701754385964913,5.595683796615959,12,253.0,0.42366491542538537,9,174.0,0.14604196578242162,21,427.0
1405.0,17,173.0,3.2037037037037037,5.888370619885206,10,199.0,0.3108012598952536,7,129.0,0.3701526954636372,17,328.0
1410.0,19,219.0,4.211538461538462,5.548992979725081,11,165.0,0.2622377910445422,8,159.0,0.36295488799271547,19,324.0
1415.0,20,202.0,3.607142857142857,5.659023753855662,13,178.0,0.2306181768405099,7,175.0,0.3989828191660778,20,353.0
1420.0,21,274.0,4.9818181818181815,5.619058215610622,15,204.0,0.2674192538371383,6,165.0,0.432204682322843,21,369.0
1425.0,19,290.0,5.178571428571429,5.399517880037929,13,223.0,0.2200015568455073,6,161.0,0.44853780089991496,19,384.0
1430.0,18,254.0,4.535714285714286,6.191184984542512,11,218.0,0.288118972498271,7,132.0,0.3897437370932914,18,350.0
1435.0,18,266.0,4.836363636363636,5.5857314941113225,7,172.0,0.24739683331530246,11,168.0,0.2636802528750972,18,340.0
1440.0,21,292.0,5.509433962264151,5.768345986478773,10,155.0,0.2532719867935432,11,215.0,0.300846776794403,21,370.0
1445.0,17,278.0,5.346153846153846,6.039374691138233,10,175.0,0.2179297962317189,7,204.0,0.3853874201221144,17,379.0
1450.0,13,147.0,2.94,5.918454736994038,7,159.0,0.18033467804223832,6,173.0,0.41222921708328497,13,332.0
1455.0,16,226.0,4.52,6.907806394441575,8,162.0,0.29205749690632343,8,151.0,0.49218581168417114,16,313.0
1460.0,15,240.0,4.705882352941177,6.602704367455571,7,154.0,0.308099653063892,8,179.0,0.48090987915271827,15,333.0
1465.0,16,297.0,5.94,6.667728178537637,8,184.0,0.4281061971545701,8,191.0,0.45591978359232,16,375.0
1470.0,17,225.0,4.411764705882353,5.296722109374434,7,157.0,0.42642681689691414,10,204.0,0.32692668633192556,17,361.0
1475.0,14,271.0,5.018518518518518,6.1020897009222255,6,127.0,0.4770133905287536,8,201.0,0.2932904989541726,14,328.0
1480.0,13,275.0,5.092592592592593,6.388679860545181,5,123.0,0.5235744764127543,8,228.0,0.2603381151624609,13,351.0
1485.0,22,347.0,5.688524590163935,6.786482927593105,8,112.0,0.4890769040016166,14,274.0,0.2669397882454259,22,386.0
1490.0,20,342.0,6.0,6.255391912376208,7,64.0,0.4633754316255479,13,326.0,0.31415019765935986,20,390.0
1495.0,22,405.0,7.5,5.623278788998492,11,113.0,0.3729779379336452,11,349.0,0.31564229913208114,22,462.0
1500.0,24,394.0,7.035714285714286,4.451293875895277,14,138.0,0.26662538820793097,10,356.0,0.22604627385259066,24,494.0
1505.0,28,475.0,7.661290322580645,4.905909842780953,14,181.0,0.30843520422658266,14,381.0,0.27279700353042324,28,562.0
1510.0,26,300.0,5.0,5.1120049499925,12,196.0,0.3806554222739263,14,326.0,0.3204682980200808,26,522.0
1515.0,20,256.0,4.338983050847458,6.047323495233048,7,161.0,0.4307105386095605,13,221.0,0.28145911233945464,20,382.0
1520.0,24,292.0,4.866666666666666,5.66459582675513,10,171.0,0.40324714331507344,14,235.0,0.15386715725747788,24,406.0
1525.0,21,242.0,4.101694915254237,5.057762576740375,12,192.0,0.23732295544018575,9,197.0,0.1631580071898969,21,389.0
1530.0,18,286.0,5.39622641509434,5.610421068854776,12,221.0,0.26472215399675625,6,174.0,0.31068379534257073,18,395.0
1535.0,24,307.0,5.581818181818182,4.990812857003445,14,243.0,0.2650964599565723,10,210.0,0.21409298892403272,24,453.0
1540.0,25,408.0,7.157894736842105,5.453521807163815,14,272.0,0.3609500346856978,11,225.0,0.33440397661672633,25,497.0
1545.0,20,448.0,8.0,5.8246151134271935,12,305.0,0.36960678369203986,8,208.0,0.4352757862379466,20,513.0
1550.0,13,345.0,6.052631578947368,6.564830333244818,9,316.0,0.3182633208156141,4,151.0,0.5316600620398635,13,467.0
1555.0,20,413.0,7.245614035087719,5.680105885530571,10,350.0,0.3478199361041616,10,155.0,0.19480848264180578,20,505.0
1560.0,27,433.0,7.4655172413793105,5.258226955386679,16,422.0,0.3552415216277805,11,128.0,0.18893527323658998,27,550.0
1565.0,28,342.0,6.107142857142857,5.112775607180464,15,365.0,0.36464981913827277,13,150.0,0.22561355779461872,28,515.0
1570.0,21,331.0,5.910714285714286,5.038054165908686,13,298.0,0.3164615952801053,8,170.0,0.3554297673330129,21,468.0
1575.0,18,260.0,4.333333333333333,5.623445123385175,14,286.0,0.19442412439403872,4,127.0,0.5665439950625398,18,413.0
1580.0,23,226.0,3.6451612903225805,6.029308137459643,18,327.0,0.1903741877203128,5,91.0,0.5591871946492959,23,418.0
1585.0,28,278.0,4.483870967741935,5.090393590963328,19,370.0,0.16228130995124262,9,104.0,0.42473344254103695,28,474.0
1590.0,24,235.0,3.9166666666666665,4.71744876848213,12,327.0,0.26212090591035536,12,112.0,0.2208171304565567,24,439.0
1595.0,22,289.0,4.982758620689655,4.899766428991398,13,350.0,0.2336387116904883,9,122.0,0.22226076286368693,22,472.0
1600.0,22,277.0,4.694915254237288,4.585761898331845,15,395.0,0.22556364982124308,7,116.0,0.20826929818890166,22,511.0
1605.0,28,283.0,4.639344262295082,5.151309994728339,17,419.0,0.2834566539332453,11,144.0,0.3028100446788499,28,563.0
1610.0,26,325.0,5.327868852459017,5.995061284916436,17,437.0,0.3648467932436878,9,136.0,0.46149327687279335,26,573.0
1615.0,24,363.0,5.854838709677419,5.7287257227491235,16,438.0,0.27855116620275777,8,129.0,0.5092007861720782,24,567.0
1620.0,20,326.0,5.258064516129032,5.463583913018665,12,396.0,0.22190723798120285,8,125.0,0.4018433910772429,20,521.0
1625.0,27,359.0,5.698412698412699,4.467787509401513,14,401.0,0.10946779192210343,13,162.0,0.2297679932319071,27,563.0
1630.0,31,304.0,5.066666666666666,4.145472876178492,18,387.0,0.11498232285590743,13,176.0,0.2023222770969405,31,563.0
1635.0,21,253.0,4.362068965517241,5.00456854756095,15,396.0,0.09750062131846131,6,129.0,0.37681193173925936,21,525.0
1640.0,22,247.0,4.258620689655173,5.161535923320977,15,368.0,0.18635649236839608,7,132.0,0.3255538303902474,22,500.0
1645.0,23,283.0,4.492063492063492,5.672643520345888,12,370.0,0.29788645502567074,11,134.0,0.3549669082546877,23,504.0
1650.0,20,237.0,3.8225806451612905,6.295326260564514,9,295.0,0.4263165678386133,11,147.0,0.3544597203619368,20,442.0
1655.0,23,250.0,4.032258064516129,6.01548494558651,7,237.0,0.4727711721376877,16,195.0,0.24135137335287804,23,432.0
1660.0,24,300.0,4.6875,5.330816423338785,9,241.0,0.38614800311189207,15,225.0,0.17874117671858972,24,466.0
1665.0,21,217.0,3.390625,5.855764179474015,11,207.0,0.3679792918295514,10,198.0,0.26495368932437935,21,405.0
1670.0,22,232.0,3.6825396825396823,5.146401778393221,14,202.0,0.22752749276766912,8,178.0,0.3252757668997299,22,380.0
1675.0,25,246.0,3.727272727272727,5.344925187617293,15,231.0,0.2128571870401577,10,192.0,0.34569614973371976,25,423.0
1680.0,24,247.0,3.6865671641791047,5.030727896383087,13,234.0,0.2673626947375317,11,208.0,0.32569530715864425,24,442.0
1685.0,19,253.0,4.015873015873016,5.5444377660253465,11,267.0,0.3141358203722501,8,178.0,0.3708539756169778,19,445.0
1690.0,25,334.0,5.387096774193548,5.0159743212696295,15,293.0,0.24681842339411683,10,202.0,0.36131495036515443,25,495.0
1695.0,28,334.0,4.911764705882353,4.695144814181867,16,298.0,0.23677529887711452,12,237.0,0.32810541725734355,28,535.0
1700.0,34,361.0,5.388059701492537,4.182214725668982,13,285.0,0.3025245370345494,21,294.0,0.21080848217599088,34,579.0
1705.0,37,412.0,6.149253731343284,3.9220309306067285,13,300.0,0.2754041487215237,24,374.0,0.17511913144500477,37,674.0
1710.0,32,482.0,6.9855072463768115,4.329162733184125,10,279.0,0.380469281088989,22,428.0,0.14578519936779674,32,707.0
1715.0,29,424.0,6.235294117647059,4.844270687385865,13,281.0,0.26762862763833717,16,431.0,0.2790029269589093,29,712.0
1720.0,24,252.0,3.652173913043478,5.123502371558813,13,257.0,0.26483572754547485,11,351.0,0.3213864886896158,24,608.0
1725.0,25,291.0,4.217391304347826,4.494696414508797,12,296.0,0.22718982825934067,13,330.0,0.30320021895211957,25,626.0
1730.0,34,376.0,5.449275362318841,4.412890022666467,15,337.0,0.26826451236409804,19,368.0,0.26581542889437043,34,705.0
1735.0,38,447.0,6.295774647887324,4.255938631602496,15,340.0,0.27192446723920716,23,431.0,0.22160963388349086,38,771.0
1740.0,35,526.0,7.408450704225352,4.273554763401604,14,323.0,0.3027841289649449,21,479.0,0.17184136425674723,35,802.0
1745.0,30,436.0,5.972602739726027,4.488261270519152,13,313.0,0.2824253996544056,17,451.0,0.12750071572618496,30,764.0
1750.0,32,523.0,7.0675675675675675,5.175395074926813,19,338.0,0.20670463794212213,13,437.0,0.2433134428574976,32,775.0
1755.0,27,568.0,7.573333333333333,5.2292066089596005,16,394.0,0.2225860757656248,11,455.0,0.2825893765616629,27,849.0
1760.0,30,649.0,9.01388888888889,5.8018845056581645,14,427.0,0.31908746428744517,16,478.0,0.2836841132217431,30,905.0
1765.0,30,564.0,8.057142857142857,5.240820047792645,13,421.0,0.3324030265409889,17,460.0,0.23097642900622528,30,881.0
1770.0,30,363.0,5.417910447761194,5.083082696266061,12,362.0,0.34289939556484345,18,405.0,0.25805233929718413,30,767.0
1775.0,29,318.0,4.892307692307693,3.897630902780335,11,354.0,0.26494666802095684,18,429.0,0.24280875802693422,29,783.0
1780.0,29,280.0,4.444444444444445,4.19986410350635,16,345.0,0.1949713425311397,13,393.0,0.24167579814490944,29,738.0
1785.0,28,330.0,5.076923076923077,3.7965155792491987,15,373.0,0.10331618519978318,13,388.0,0.25150998318760986,28,761.0
1790.0,27,381.0,5.686567164179104,4.875212046440434,11,368.0,0.26579675624606475,16,376.0,0.21594083498084188,27,744.0
1795.0,29,395.0,6.171875,4.5739771984880555,10,338.0,0.25419200288209903,19,418.0,0.22941462439516364,29,756.0
1800.0,33,478.0,7.709677419354839,4.718101441628164,11,282.0,0.2996595354348541,22,469.0,0.21618663738165694,33,751.0
1805.0,30,461.0,7.435483870967742,3.924000124890644,9,296.0,0.22276205996209902,21,487.0,0.16792527791832104,30,783.0
1810.0,30,557.0,8.569230769230769,4.658397698152086,9,289.0,0.33438217203331105,21,519.0,0.12449247993670656,30,808.0
1815.0,29,443.0,7.031746031746032,4.671289279473949,7,213.0,0.4774470966903763,22,528.0,0.08086224318691516,29,741.0
1820.0,23,332.0,5.26984126984127,5.9051400512697985,9,207.0,0.4061863001367388,14,436.0,0.31218692704348217,23,643.0
1825.0,24,354.0,5.53125,5.707555228614254,13,214.0,0.18907229678711632,11,370.0,0.43720728508932893,24,584.0
1830.0,24,369.0,5.857142857142857,5.57394585584673,14,216.0,0.2100307170900126,10,334.0,0.3665220470375935,24,550.0
1835.0,27,365.0,5.7936507936507935,4.8136020095734,11,247.0,0.24238500668426965,16,318.0,0.28559882267419767,27,565.0
1840.0,26,407.0,6.672131147540983,4.655133727859325,8,226.0,0.3964734611539819,18,335.0,0.1742615669282092,26,561.0
1845.0,23,475.0,7.5396825396825395,5.644421326691922,10,239.0,0.4263492277269278,13,338.0,0.13415612028311466,23,577.0
1850.0,21,416.0,6.117647058823529,5.7411102668343705,10,278.0,0.39569551729797287,11,319.0,0.12253699478833859,21,597.0
1855.0,32,531.0,7.585714285714285,5.375122017131322,13,313.0,0.3701678222990854,19,340.0,0.1586986991367233,32,653.0
1860.0,31,499.0,7.5606060606060606,5.1488055605945595,13,334.0,0.37158034522519423,18,363.0,0.27051940254130724,31,697.0
1865.0,24,534.0,8.34375,5.217122047484187,10,342.0,0.3317353767047424,14,365.0,0.3510779463267587,24,707.0
1870.0,31,604.0,9.4375,4.793748457245075,14,395.0,0.27470841270845825,17,389.0,0.3184573781047115,31,784.0
1875.0,26,541.0,8.323076923076924,4.569198468762001,15,425.0,0.09912440003081006,11,362.0,0.35375480510196644,26,787.0
1880.0,24,518.0,8.35483870967742,4.241338303254931,12,424.0,0.19269422871248623,12,314.0,0.2013050622325771,24,738.0
1885.0,27,354.0,5.619047619047619,3.915607966355881,10,353.0,0.23833673188730486,17,313.0,0.12013512298373842,27,666.0
1890.0,30,311.0,5.016129032258065,4.039915291152448,9,238.0,0.35100648291708914,21,355.0,0.15789887553922355,30,593.0
1895.0,23,352.0,5.866666666666666,4.630698032005166,7,256.0,0.31498527555422,16,366.0,0.2610611919007806,23,622.0
1900.0,23,380.0,5.9375,5.080225747353724,9,272.0,0.2736151755228227,14,393.0,0.2916651971591587,23,665.0
1905.0,27,481.0,7.4,5.122987834598135,9,255.0,0.3610211803769664,18,432.0,0.21384184411422244,27,687.0
1910.0,28,476.0,7.555555555555555,5.837833960318188,7,245.0,0.5130176789271021,21,452.0,0.2534820536776945,28,697.0
1915.0,25,324.0,5.0625,5.496869962798357,5,180.0,0.466773966036174,20,426.0,0.25138992359033474,25,606.0
1920.0,30,391.0,6.015384615384615,4.507512339777463,9,149.0,0.2927406108594701,21,472.0,0.23945052404715622,30,621.0
1925.0,28,272.0,4.0,4.758577256040616,11,105.0,0.3422997693243488,17,464.0,0.2320170770364492,28,569.0
1930.0,27,276.0,4.119402985074627,4.606516628413249,11,137.0,0.31994512450667084,16,484.0,0.2310112796464234,27,621.0
1935.0,30,276.0,4.0,4.5113593519938915,10,148.0,0.24493983185069312,20,451.0,0.22312809659762448,30,599.0
1940.0,27,300.0,4.545454545454546,4.405888479109758,4,110.0,0.36437139128610796,23,504.0,0.1530912191184808,27,614.0
1945.0,24,350.0,5.072463768115942,5.337953719849028,4,82.0,0.47107395540385855,20,505.0,0.13834624696251932,24,587.0
1950.0,22,440.0,6.666666666666667,6.4252210529350124,4,86.0,0.5189086051862329,18,530.0,0.2558903639783147,22,616.0
1955.0,20,404.0,6.2153846153846155,6.368086537819111,5,102.0,0.3315462339940583,15,529.0,0.2666869707505369,20,631.0
1960.0,22,399.0,6.333333333333333,5.9776679575106115,5,83.0,0.45092979854335075,17,509.0,0.1920397805832438,22,592.0
1965.0,26,401.0,6.913793103448276,5.43401255666019,5,92.0,0.6147825801648572,21,497.0,0.16624755876355615,26,589.0
1970.0,23,252.0,4.666666666666667,5.492531039542514,2,49.0,0.6926125860200376,21,473.0,0.159250332435498,23,522.0
1975.0,18,244.0,4.518518518518518,4.897354506860982,0,18.0,0.6139430557294133,18,520.0,0.1532289221022815,18,538.0
1980.0,21,225.0,3.9473684210526314,5.419792642725295,6,21.0,0.37298531011502795,15,498.0,0.21695020815600077,21,519.0
1985.0,18,246.0,4.241379310344827,5.563738832493535,4,37.0,0.42809475755130905,14,521.0,0.2341393629537952,18,558.0
1990.0,22,302.0,5.490909090909091,6.077937591214484,2,38.0,0.5854998797905039,20,547.0,0.15276790285359618,22,585.0
1995.0,24,353.0,6.537037037037037,5.178164933550283,2,19.0,0.5805255305235733,22,585.0,0.07249227192204576,24,604.0
2000.0,25,418.0,7.6,5.421951501572344,5,45.0,0.5620508964114402,20,575.0,0.145174271416038,25,620.0
2005.0,23,445.0,7.807017543859649,4.939857187712934,4,52.0,0.49417921511139545,19,594.0,0.18738677411967247,23,646.0
2010.0,13,365.0,6.293103448275862,6.048335255887442,3,48.0,0.4964503586517461,10,552.0,0.22407410634296115,13,600.0
2015.0,13,239.0,4.192982456140351,6.518056713518016,4,68.0,0.560712097981944,9,468.0,0.22243856417293895,13,536.0
2020.0,20,207.0,3.5689655172413794,6.383401793003676,7,91.0,0.32913355903863756,13,385.0,0.24733035263505002,20,476.0
2025.0,25,285.0,5.277777777777778,4.816207576240207,9,128.0,0.31227250635731635,16,411.0,0.18099313800122008,25,539.0
2030.0,17,249.0,4.527272727272727,5.7381796013861415,8,129.0,0.3444962974556543,9,370.0,0.3005967932065272,17,499.0
2035.0,17,308.0,5.811320754716981,6.677551072010055,9,140.0,0.3352623310457094,8,290.0,0.43793098269324093,17,430.0
2040.0,21,340.0,6.415094339622642,6.50573528172198,10,137.0,0.3315405411541993,11,320.0,0.40898656561107943,21,457.0
2045.0,27,460.0,9.2,5.071896781894358,11,190.0,0.27136223085957767,16,390.0,0.3006387540403349,27,580.0
2050.0,25,455.0,8.584905660377359,4.579945293325458,9,190.0,0.31134421249672406,16,445.0,0.26831144936948204,25,635.0
2055.0,15,399.0,7.823529411764706,5.570243303081289,4,114.0,0.3598950538101958,11,450.0,0.2853881219889207,15,564.0
2060.0,15,240.0,4.615384615384615,5.345945234840436,4,76.0,0.3825944153371343,11,392.0,0.18606832265948578,15,468.0
2065.0,25,308.0,6.03921568627451,5.091049894451639,9,69.0,0.32532465118408677,16,401.0,0.1971437116430269,25,470.0
2070.0,23,275.0,5.392156862745098,5.649000311609173,6,75.0,0.5181523767875934,17,377.0,0.23118252379570395,23,452.0
2075.0,20,270.0,5.74468085106383,5.592360520055857,4,59.0,0.5293779755074955,16,291.0,0.19165477283603805,20,350.0
2080.0,19,213.0,4.346938775510204,4.748512788472877,3,45.0,0.4409917493205112,16,314.0,0.11786695941842476,19,359.0
2085.0,24,313.0,6.019230769230769,5.431655042802547,7,57.0,0.38319744787629617,17,342.0,0.18285310042990136,24,399.0
2090.0,19,278.0,5.450980392156863,5.490055128266858,6,67.0,0.42494096469780185,13,345.0,0.24864683560829706,19,412.0
2095.0,10,94.0,1.88,6.857227502800242,4,53.0,0.47649031390132457,6,252.0,0.27779893619082047,10,305.0
2100.0,10,133.0,2.7142857142857144,7.818575790090343,5,59.0,0.3946009362541702,5,168.0,0.43429098367918684,10,227.0
2105.0,11,81.0,1.62,6.473855767393173,7,48.0,0.3646894684005756,4,150.0,0.1898718413584295,11,198.0
2110.0,21,167.0,3.5531914893617023,6.673263454016682,9,87.0,0.37937455732769565,12,177.0,0.24363468807876826,21,264.0
2115.0,15,176.0,4.0,6.55929345292426,6,107.0,0.42520009291220867,9,177.0,0.3318221928454402,15,284.0
2120.0,16,219.0,5.341463414634147,6.566431101101585,8,112.0,0.3484358827518063,8,194.0,0.38477442039998183,16,306.0
2125.0,15,236.0,6.051282051282051,5.880604344062861,5,94.0,0.4530916954674412,10,231.0,0.23417697074197366,15,325.0
2130.0,14,222.0,4.933333333333334,6.447023232696168,6,119.0,0.5290043261477068,8,205.0,0.28866136971319384,14,324.0
2135.0,13,150.0,3.658536585365854,7.153553474983848,5,100.0,0.5237457263924545,8,121.0,0.3870541720794269,13,221.0
2140.0,14,146.0,3.4761904761904763,6.42997854989534,8,96.0,0.21458029542090606,6,114.0,0.49988770296647084,14,210.0
2145.0,15,142.0,3.302325581395349,5.6410208272633025,10,96.0,0.17334063965644703,5,103.0,0.37720880033710924,15,199.0
2150.0,19,191.0,4.658536585365853,5.294632174236748,11,138.0,0.25536726802057236,8,112.0,0.36748180046432827,19,250.0
2155.0,19,244.0,5.545454545454546,5.438027373539026,9,166.0,0.38894058893072964,10,137.0,0.27266699019269147,19,303.0
2160.0,18,266.0,5.541666666666667,6.160972529437177,11,197.0,0.40662186532592853,7,135.0,0.39112093447877655,18,332.0
2165.0,15,215.0,4.215686274509804,6.6881102104115095,7,181.0,0.4206916054935586,8,142.0,0.4658197529832046,15,323.0
2170.0,10,107.0,2.018867924528302,7.2345297948764635,4,93.0,0.3900956413411022,6,113.0,0.527453524756089,10,206.0
2175.0,10,115.0,2.169811320754717,8.458618493198303,6,66.0,0.4151015509464946,4,65.0,0.576156489793646,10,131.0
2180.0,11,97.0,1.830188679245283,6.0878167162919805,5,72.0,0.15504683950785808,6,62.0,0.34717846213029224,11,134.0
2185.0,23,196.0,3.69811320754717,6.228396272958965,11,102.0,0.24326873865080856,12,119.0,0.3976685574754018,23,221.0
2190.0,22,210.0,4.117647058823529,5.509028903276799,10,113.0,0.3786400457213377,12,145.0,0.2794124143954731,22,258.0
2195.0,18,261.0,5.117647058823529,5.7021193792952065,7,136.0,0.5053521907346922,11,179.0,0.2659056038061414,18,315.0
2200.0,20,229.0,4.403846153846154,4.871722616045971,7,138.0,0.35694407246105114,13,200.0,0.32119746218743134,20,338.0
2205.0,19,257.0,4.9423076923076925,5.726546425260863,8,115.0,0.40372000888641146,11,223.0,0.323825535437926,19,338.0
2210.0,21,227.0,4.127272727272727,5.413761335471585,10,147.0,0.3763735916682599,11,205.0,0.23262449280626066,21,352.0
2215.0,18,235.0,4.351851851851852,5.885333734328749,9,167.0,0.3670613624130876,9,162.0,0.19903238004104903,18,329.0
2220.0,21,253.0,4.773584905660377,4.890873701323433,9,196.0,0.2244819819945258,12,177.0,0.207044955793149,21,373.0
2225.0,22,323.0,6.333333333333333,5.263150010031019,9,211.0,0.2582550441357953,13,203.0,0.11027468072032633,22,414.0
2230.0,20,279.0,5.6938775510204085,5.306724133206415,7,188.0,0.3752851850446806,13,239.0,0.10715837682474678,20,427.0
2235.0,19,282.0,5.423076923076923,6.300182404797133,7,137.0,0.39796425827202614,12,248.0,0.29519166736782,19,385.0
2240.0,16,258.0,5.0588235294117645,6.229326346278965,5,136.0,0.3819516357230479,11,256.0,0.42296670226349176,16,392.0
2245.0,15,275.0,5.392156862745098,7.4385641283713,8,119.0,0.3999571876158433,7,219.0,0.5315488883793075,15,338.0
2250.0,16,192.0,3.5555555555555554,5.916494505749075,8,146.0,0.23046658138123396,8,170.0,0.4212824624150261,16,316.0
2255.0,24,288.0,5.052631578947368,6.102680796816855,10,180.0,0.31659819816117263,14,174.0,0.3673211299738211,24,354.0
2260.0,24,316.0,5.962264150943396,4.387786761808169,8,187.0,0.3683959860175016,16,223.0,0.20763714063260938,24,410.0
2265.0,21,365.0,6.886792452830188,5.161567736715109,8,183.0,0.4017797597009662,13,265.0,0.16419536093813872,21,448.0
2270.0,20,337.0,5.912280701754386,4.359306587219394,8,193.0,0.19865331769399597,12,265.0,0.1436011060132598,20,458.0
2275.0,26,417.0,6.95,6.16384954756353,10,219.0,0.3394802896347083,16,290.0,0.2838709291485705,26,509.0
2280.0,23,485.0,8.083333333333334,5.7282357675605295,9,249.0,0.41568080058651524,14,343.0,0.29022671625412916,23,592.0
2285.0,18,521.0,8.982758620689655,6.501641179190142,7,265.0,0.4697125025524896,11,356.0,0.3608853711917255,18,621.0
2290.0,22,379.0,6.423728813559322,5.236893192274089,10,147.0,0.21180846926579608,12,385.0,0.3387465930767786,22,532.0
2295.0,27,468.0,7.548387096774194,5.60371558471396,11,173.0,0.22915746783741142,16,405.0,0.29994544656749533,27,578.0
2300.0,30,469.0,7.9491525423728815,4.117405438142219,9,160.0,0.26025357922122505,21,463.0,0.19699164786826473,30,623.0
2305.0,20,480.0,8.135593220338983,5.1905104924370065,5,100.0,0.33619074401164173,15,505.0,0.2326248292033966,20,605.0
2310.0,17,429.0,7.032786885245901,5.6179606586873465,4,79.0,0.38835431027829126,13,505.0,0.23753727940963304,17,584.0
2315.0,24,498.0,7.78125,6.571227774301635,9,93.0,0.4601948820400114,15,508.0,0.2359723987771863,24,601.0
2320.0,23,423.0,6.609375,5.959316628085029,6,95.0,0.5028242817947451,17,489.0,0.17858827771918165,23,584.0
2325.0,22,253.0,4.015873015873016,5.993565872357521,5,78.0,0.5008768368217008,17,402.0,0.1725372886270872,22,480.0
2330.0,23,236.0,3.806451612903226,5.45415815186785,7,50.0,0.45314385157172427,16,437.0,0.19861697058835265,23,487.0
2335.0,23,243.0,4.11864406779661,5.633872122705916,13,85.0,0.22622249852516693,10,431.0,0.3407098389288344,23,516.0
2340.0,23,239.0,3.9833333333333334,4.99073563168886,12,122.0,0.11512416644688266,11,436.0,0.3298467495462937,23,558.0
2345.0,21,263.0,4.4576271186440675,5.52697872353552,10,147.0,0.3304171138355072,11,422.0,0.20213082234802163,21,569.0
2350.0,27,327.0,5.5423728813559325,5.102831539835353,8,152.0,0.3799018010674709,19,480.0,0.18207717626853023,27,632.0
2355.0,24,368.0,6.032786885245901,5.500281548501332,7,133.0,0.5139535603236571,17,508.0,0.15759544614744042,24,641.0
2360.0,22,348.0,6.327272727272727,5.59342627155847,9,138.0,0.40780403741596394,13,498.0,0.22907773391355443,22,636.0
2365.0,21,283.0,4.639344262295082,4.986119794470961,11,125.0,0.3090942233753897,10,463.0,0.23541157420993405,21,588.0
2370.0,30,351.0,5.161764705882353,5.17072250553361,14,150.0,0.33196224749863446,16,465.0,0.28047853381097826,30,615.0
2375.0,25,328.0,4.753623188405797,6.307020869469857,11,174.0,0.43477593731051445,14,400.0,0.41676262411974985,25,574.0
2380.0,24,318.0,4.542857142857143,5.268814660545065,10,198.0,0.32425099623082887,14,271.0,0.33502985518390516,24,469.0
2385.0,28,364.0,5.27536231884058,4.138061007242666,13,228.0,0.21375923489225832,15,289.0,0.25556231812840613,28,517.0
2390.0,30,311.0,4.573529411764706,4.185311679662933,16,242.0,0.18345010253223376,14,264.0,0.213209973901916,30,506.0
2395.0,27,255.0,3.984375,4.418533152375785,13,211.0,0.17122207413222384,14,259.0,0.16187148417950198,27,470.0
2400.0,30,341.0,5.412698412698413,4.212894338014346,12,233.0,0.2209241055993847,18,281.0,0.056733335794914415,30,514.0
2405.0,31,369.0,5.765625,4.709703570159599,12,241.0,0.2406350445225818,19,323.0,0.1813643313381372,31,564.0
2410.0,29,414.0,6.67741935483871,4.720318284564146,12,272.0,0.22604242240481706,17,365.0,0.322274102897486,29,637.0
2415.0,24,437.0,7.283333333333333,4.563056208375802,10,278.0,0.26006817735981136,14,376.0,0.26788579490666214,24,654.0
2420.0,20,405.0,6.982758620689655,4.696140593236168,11,305.0,0.218191322412017,9,323.0,0.24307374421937084,20,628.0
2425.0,23,359.0,6.189655172413793,4.7013988213544,13,315.0,0.2351728400527048,10,291.0,0.237385522095641,23,606.0
2430.0,30,348.0,5.704918032786885,4.668130808422207,14,322.0,0.2306306052585774,16,261.0,0.269652432379599,30,583.0
2435.0,28,461.0,7.683333333333334,5.1511571072786175,14,351.0,0.3024910562607956,14,290.0,0.3188918078929396,28,641.0
2440.0,21,457.0,7.140625,5.882878578891283,12,374.0,0.3618030975613811,9,259.0,0.30957741874087275,21,633.0
2445.0,19,398.0,6.21875,6.261005542233784,9,339.0,0.31096155675085835,10,253.0,0.3399455099408205,19,592.0
2450.0,23,284.0,4.655737704918033,5.6677645751540355,8,290.0,0.3402055671432127,15,257.0,0.2323933424815528,23,547.0
2455.0,24,305.0,5.083333333333333,5.051529336661678,10,208.0,0.2878602375435632,14,303.0,0.23669064454444932,24,511.0
2460.0,20,341.0,5.982456140350878,5.462016007092416,11,235.0,0.2596327935400559,9,310.0,0.36363942915604236,20,545.0
2465.0,17,341.0,5.779661016949152,6.133435416291801,10,243.0,0.3163482060018422,7,310.0,0.3509102808839353,17,553.0
2470.0,23,406.0,6.766666666666667,6.311115114241465,8,271.0,0.4325914053630072,15,329.0,0.21604670505959206,23,600.0
2475.0,25,403.0,6.830508474576271,6.385144891136649,9,300.0,0.4733863797391261,16,330.0,0.2769822698261414,25,630.0
2480.0,24,318.0,5.3,5.6237879924474985,7,235.0,0.330359646428332,17,297.0,0.3147444311738677,24,532.0
2485.0,25,326.0,5.719298245614035,5.241352354943201,12,137.0,0.3364639867876682,13,324.0,0.2878093255010655,25,461.0
2490.0,22,265.0,4.568965517241379,4.985447003637959,11,162.0,0.2859326906262466,11,305.0,0.2835734594237324,22,467.0
2495.0,16,214.0,3.689655172413793,5.8000300484461675,8,152.0,0.24430438331312196,8,216.0,0.33618700161880455,16,368.0
2500.0,16,181.0,3.0677966101694913,5.727244180114975,6,151.0,0.2945667879960282,10,179.0,0.25859062440214436,16,330.0
2505.0,23,262.0,4.366666666666666,5.734262861099689,11,168.0,0.3947295681611983,12,197.0,0.23835423465709016,23,365.0
2510.0,18,302.0,5.592592592592593,5.110959570313891,8,189.0,0.3270981431001039,10,201.0,0.28537983799847483,18,390.0
2515.0,15,267.0,4.684210526315789,5.287416719022017,7,195.0,0.3677011691867575,8,184.0,0.174996706204823,15,379.0
2520.0,19,190.0,3.2758620689655173,5.649651703603212,7,137.0,0.36535438321573255,12,184.0,0.09337051032899689,19,321.0
2525.0,24,263.0,4.5344827586206895,5.649472656831849,8,110.0,0.3892099081712027,16,232.0,0.12362503301462371,24,342.0
2530.0,17,227.0,4.127272727272727,5.808766468666832,9,93.0,0.35019170676467887,8,237.0,0.2748535447330932,17,330.0
2535.0,20,237.0,4.471698113207547,5.7972950456649635,13,124.0,0.28778569302665036,7,205.0,0.32812521439743375,20,329.0
2540.0,22,264.0,4.888888888888889,5.502946405133861,11,157.0,0.2769355592443227,11,194.0,0.33251135962802986,22,351.0
2545.0,23,320.0,5.818181818181818,5.205040381686848,12,162.0,0.30721669025372506,11,225.0,0.2453324758461631,23,387.0
2550.0,18,295.0,5.363636363636363,6.085994081257072,11,165.0,0.32285082654888314,7,211.0,0.325710564154081,18,376.0
2555.0,18,279.0,5.072727272727272,6.357293182660053,11,165.0,0.3038302095765993,7,195.0,0.37531856825450655,18,360.0
2560.0,23,301.0,5.679245283018868,5.881083540262781,11,168.0,0.35368107122756576,12,212.0,0.379898537606062,23,380.0
2565.0,17,293.0,5.232142857142857,5.438733591338844,9,158.0,0.41889747592811216,8,238.0,0.2698773084976216,17,396.0
2570.0,16,285.0,5.181818181818182,5.979885284061564,8,158.0,0.4008997706124516,8,237.0,0.3488170392083952,16,395.0
2575.0,18,295.0,5.267857142857143,5.405128134639122,10,177.0,0.1959716518010791,8,232.0,0.4196507679987082,18,409.0
2580.0,28,380.0,6.551724137931035,4.57045926771381,17,216.0,0.14202569421571037,11,258.0,0.31788162947078646,28,474.0
2585.0,26,319.0,5.229508196721311,4.862137774437543,14,246.0,0.2879166851684759,12,216.0,0.30520915056897335,26,462.0
2590.0,29,325.0,5.327868852459017,4.930020839664224,13,229.0,0.36953431567009365,16,200.0,0.25158426436820286,29,429.0
2595.0,24,316.0,5.096774193548387,5.777253757893974,10,189.0,0.4219991939959717,14,227.0,0.22490758080521547,24,416.0
2600.0,19,206.0,3.433333333333333,4.840674361119331,10,186.0,0.18102938464651067,9,192.0,0.23228789530062682,19,378.0
2605.0,20,231.0,4.052631578947368,5.702838634851627,15,187.0,0.09161671341066406,5,177.0,0.4155230008740962,20,364.0
2610.0,24,303.0,5.509090909090909,5.141574194009391,15,226.0,0.07436118330315988,9,152.0,0.3876280376483033,24,378.0
2615.0,17,274.0,4.892857142857143,6.096987732865029,11,251.0,0.27156783084808434,6,117.0,0.31650799069166236,17,368.0
2620.0,16,223.0,3.982142857142857,6.618287124848641,9,226.0,0.37992079193529826,7,128.0,0.2992026432325129,16,354.0
2625.0,21,271.0,4.927272727272728,6.219079101391242,12,200.0,0.2841207799707749,9,150.0,0.37423897869802886,21,350.0
2630.0,22,328.0,6.56,5.446507907832695,11,220.0,0.23182267013381605,11,204.0,0.3348419837348444,22,424.0
2635.0,20,362.0,6.961538461538462,5.577786539455274,11,249.0,0.2743832752788378,9,217.0,0.3694437254872436,20,466.0
2640.0,16,305.0,5.648148148148148,6.412289254952367,9,241.0,0.24548996805851056,7,177.0,0.49480207919880714,16,418.0
2645.0,12,185.0,3.490566037735849,7.488437708498698,7,194.0,0.35072269401467265,5,124.0,0.5726562222986795,12,318.0
2650.0,15,135.0,2.4107142857142856,6.851272994016696,8,168.0,0.3325041605844935,7,81.0,0.4778773851455227,15,249.0
2655.0,15,104.0,1.9622641509433962,5.658318648161724,6,98.0,0.48802782025792873,9,82.0,0.20426380974534064,15,180.0
2660.0,19,174.0,3.1636363636363636,6.171259507821223,7,110.0,0.4600752687935856,12,128.0,0.23959348108570558,19,238.0
2665.0,20,198.0,3.473684210526316,5.77128549132273,8,115.0,0.4026197169669971,12,146.0,0.26203309147141846,20,261.0
2670.0,22,275.0,4.583333333333333,6.684297045415985,9,135.0,0.45743626726330794,13,200.0,0.3555184370654158,22,335.0
2675.0,20,255.0,4.396551724137931,5.635886519302875,10,135.0,0.4201884332633955,10,206.0,0.20612806168654044,20,341.0
2680.0,18,143.0,2.3833333333333333,5.275917507398025,9,102.0,0.2568924397401357,9,149.0,0.2640058563037161,18,251.0
2685.0,22,177.0,2.901639344262295,5.683789489227609,15,122.0,0.17230958270949978,7,126.0,0.4184358375161458,22,248.0
2690.0,24,253.0,4.288135593220339,6.045227988598188,16,175.0,0.1867598125596765,8,136.0,0.4870596313086274,24,311.0
2695.0,22,284.0,5.2592592592592595,5.480047044894385,13,204.0,0.2800981111983837,9,159.0,0.4036266483988208,22,363.0
2700.0,24,321.0,5.732142857142857,4.952580174517755,11,230.0,0.2922640156778943,13,187.0,0.2905947221520421,24,417.0
2705.0,23,305.0,5.258620689655173,5.703458120965215,9,198.0,0.4663512368294204,14,212.0,0.2509810069760024,23,410.0
2710.0,16,292.0,4.866666666666666,6.568311093257208,7,169.0,0.4634818708952271,9,210.0,0.3253049922325935,16,379.0
2715.0,18,218.0,3.5737704918032787,6.284127714690086,9,189.0,0.3524966971052547,9,169.0,0.36459587841239705,18,358.0
2720.0,22,247.0,4.116666666666666,6.47697475354504,10,199.0,0.2643569320452064,12,131.0,0.47107479614503106,22,330.0
2725.0,27,331.0,5.910714285714286,5.057125898389017,14,222.0,0.26728770299249294,13,163.0,0.26272776446961055,27,385.0
2730.0,29,410.0,7.068965517241379,4.4360885615090115,12,239.0,0.20983578243223383,17,226.0,0.21943145442535142,29,465.0
2735.0,27,430.0,7.543859649122807,4.771549150296,10,246.0,0.30156388783297383,17,258.0,0.21555429908789658,27,504.0
2740.0,26,356.0,6.357142857142857,4.671984098118492,8,198.0,0.39698144414615577,18,296.0,0.16089979812345623,26,494.0
2745.0,27,359.0,6.189655172413793,5.342281243042976,10,134.0,0.4278733499170504,17,322.0,0.2029478561296622,27,456.0
2750.0,17,208.0,3.6491228070175437,5.742427208779577,9,130.0,0.323268234008473,8,251.0,0.3800939140503157,17,381.0
2755.0,19,205.0,3.4166666666666665,5.343114703473757,13,167.0,0.2885854364071566,6,209.0,0.35933241921072,19,376.0
2760.0,22,222.0,3.3636363636363638,5.547959082537797,12,193.0,0.3603045110626426,10,206.0,0.35035869438522454,22,399.0
2765.0,22,234.0,3.4411764705882355,6.029020331013859,7,161.0,0.45013425902692716,15,216.0,0.3107293901606729,22,377.0
2770.0,15,188.0,2.764705882352941,6.536762582576792,7,138.0,0.4597180114095752,8,177.0,0.3132152535202118,15,315.0
2775.0,15,158.0,2.289855072463768,5.934153858322175,9,121.0,0.32426500448749884,6,173.0,0.3841857320435739,15,294.0
2780.0,27,245.0,3.5,4.886095796679363,12,162.0,0.2952680501640348,15,202.0,0.2593921876777967,27,364.0
2785.0,31,242.0,3.723076923076923,4.385122889695108,14,198.0,0.32799502082879073,17,219.0,0.2172154950019584,31,417.0
2790.0,32,317.0,4.731343283582089,4.315434310755882,12,214.0,0.2868960495034713,20,257.0,0.19643301012019304,32,471.0
2795.0,34,382.0,5.457142857142857,4.574053241174602,15,239.0,0.3035131478931051,19,299.0,0.20132412284848153,34,538.0
2800.0,24,322.0,4.472222222222222,5.43695809829324,13,264.0,0.3424755672768032,11,272.0,0.293663163613166,24,536.0
2805.0,21,245.0,3.2666666666666666,5.399751671204448,14,273.0,0.29906699690799254,7,263.0,0.37192007360376755,21,536.0
2810.0,28,316.0,4.103896103896104,5.100714025293974,17,324.0,0.2894993973544078,11,239.0,0.33955404059464905,28,563.0
2815.0,34,435.0,5.576923076923077,4.58569407514112,20,395.0,0.34221804303971676,14,251.0,0.26373126464564406,34,646.0
2820.0,33,455.0,5.909090909090909,4.580770375028584,18,440.0,0.2984828048832048,15,229.0,0.2659185358117076,33,669.0
2825.0,28,443.0,5.906666666666666,4.585399180761301,17,420.0,0.19023111014586075,11,217.0,0.2659240875588989,28,637.0
2830.0,29,478.0,6.128205128205129,4.215206262700037,18,455.0,0.1078713649038098,11,229.0,0.2680574702776822,29,684.0
2835.0,37,567.0,7.269230769230769,4.37029474873219,23,488.0,0.14475736478069842,14,270.0,0.23506252492425236,37,758.0
2840.0,36,553.0,7.472972972972973,3.983385521616701,19,556.0,0.20499704293299206,17,269.0,0.27476909575298014,36,825.0
2845.0,42,711.0,9.608108108108109,4.318173308314826,20,595.0,0.2538107237677007,22,317.0,0.22424547368513403,42,912.0
2850.0,42,589.0,8.068493150684931,3.625860458573871,19,541.0,0.2157472957490412,23,387.0,0.16213688150355215,42,928.0
2855.0,34,519.0,7.013513513513513,4.344658197283567,17,446.0,0.16668392199260043,17,395.0,0.23795978436336246,34,841.0
2860.0,28,474.0,6.32,4.377780129888437,19,441.0,0.06350285404132852,9,365.0,0.337997486151258,28,806.0
2865.0,22,323.0,4.681159420289855,4.892952430778104,11,349.0,0.2000237175591503,11,367.0,0.29829951587097764,22,716.0
2870.0,24,265.0,3.732394366197183,4.98347895924551,11,300.0,0.3454801935321165,13,326.0,0.2406505648303808,24,626.0
2875.0,30,337.0,4.884057971014493,4.945187817090926,8,261.0,0.45734332410194306,22,355.0,0.18225315018323865,30,616.0
2880.0,32,461.0,6.681159420289855,4.991767299531827,8,258.0,0.5208957994178619,24,452.0,0.15513051348636842,32,710.0
2885.0,33,534.0,7.739130434782608,4.930006864064696,9,227.0,0.4395408855781042,24,529.0,0.20763069327289194,33,756.0
2890.0,34,603.0,8.73913043478261,3.57240961805813,13,260.0,0.27115360731758886,21,563.0,0.17738681723060867,34,823.0
2895.0,33,505.0,7.318840579710145,3.732002535666652,15,316.0,0.23142400248216563,18,508.0,0.17127229388779547,33,824.0
2900.0,27,506.0,7.333333333333333,4.361496013062203,13,344.0,0.16687431763394633,14,453.0,0.18363162937728691,27,797.0
2905.0,22,423.0,6.042857142857143,5.053060520446252,13,332.0,0.24179250362171545,9,455.0,0.19194242492560193,22,787.0
2910.0,27,409.0,5.8428571428571425,5.266543125651215,12,270.0,0.35421969160734496,15,486.0,0.12107119733290529,27,756.0
2915.0,32,382.0,6.161290322580645,4.051619993591892,13,281.0,0.287446921327844,19,526.0,0.15297002278795901,32,807.0
2920.0,32,388.0,6.466666666666667,3.6976878246224194,13,290.0,0.29107917774509134,19,534.0,0.14775027122312387,32,824.0
2925.0,31,433.0,6.873015873015873,3.527722418776397,11,311.0,0.20603008369307446,20,556.0,0.20810847510853872,31,867.0
2930.0,30,428.0,7.016393442622951,4.266387512819737,19,387.0,0.11908896200068199,11,476.0,0.2921974172591129,30,863.0
2935.0,23,381.0,6.0476190476190474,4.536377501825977,17,412.0,0.07745441659171169,6,403.0,0.3750947294780858,23,815.0
2940.0,16,267.0,4.238095238095238,5.376720825037852,10,365.0,0.11155656577209448,6,366.0,0.3453470178384298,16,731.0
2945.0,23,227.0,3.982456140350877,4.559506367337266,11,345.0,0.15464673695791803,12,298.0,0.2528701473732357,23,643.0
2950.0,27,237.0,3.95,4.447787804536554,11,316.0,0.29373105512585146,16,305.0,0.15360595228212393,27,621.0
2955.0,20,255.0,4.811320754716981,4.627513052018156,9,324.0,0.24904352397599377,11,267.0,0.29004317377612254,20,591.0
2960.0,16,297.0,5.823529411764706,5.9282912317460275,8,298.0,0.2800038562769484,8,249.0,0.40226679633178836,16,547.0
2965.0,16,286.0,5.296296296296297,5.761869815870499,9,300.0,0.28536536628193937,7,193.0,0.3106738576484868,16,493.0
2970.0,23,315.0,5.526315789473684,6.09162466843663,12,298.0,0.3398091516221854,11,186.0,0.3366280566556135,23,484.0
2975.0,20,298.0,5.228070175438597,6.097564478728367,8,268.0,0.48187474414053094,12,223.0,0.33427201905399345,20,491.0
2980.0,18,253.0,4.685185185185185,5.842378258972881,9,178.0,0.36110161054448653,9,230.0,0.4197343247313605,18,408.0
2985.0,23,239.0,4.0508474576271185,5.814807515432532,11,185.0,0.3487760917217822,12,215.0,0.389060613213997,23,400.0
2990.0,27,325.0,5.416666666666667,5.166691575718064,14,234.0,0.3167934018056215,13,233.0,0.2876531747785343,27,467.0
2995.0,28,265.0,4.416666666666667,3.5940585645644134,12,242.0,0.3114117188110936,16,244.0,0.1481958034926884,28,486.0
3000.0,26,276.0,4.6,4.798362482412573,6,190.0,0.3715193205182715,20,301.0,0.1993333815262334,26,491.0
3005.0,24,341.0,5.412698412698413,5.825283180733655,5,161.0,0.527324982200382,19,354.0,0.19387110990086331,24,515.0
3010.0,23,366.0,5.630769230769231,6.498108756394123,6,170.0,0.4975923503320165,17,372.0,0.24014681549714348,23,542.0
3015.0,22,311.0,5.016129032258065,4.972108082836904,8,130.0,0.2711127491210199,14,381.0,0.18921486748906097,22,511.0
3020.0,20,220.0,3.492063492063492,4.782523483798673,12,117.0,0.1577946721691501,8,334.0,0.27365458631244405,20,451.0
3025.0,23,242.0,4.101694915254237,4.421479029608024,11,155.0,0.1379205291870787,12,346.0,0.30607445364329966,23,501.0
3030.0,25,292.0,4.9491525423728815,5.3995403700141775,7,161.0,0.41284229681431495,18,357.0,0.24016373991955775,25,518.0
3035.0,22,275.0,4.824561403508772,5.44794996315273,3,110.0,0.5469832775462854,19,387.0,0.14605290269390328,22,497.0
3040.0,20,328.0,5.754385964912281,6.146696648830097,5,88.0,0.48827135090340473,15,375.0,0.20600308670927564,20,463.0
3045.0,20,274.0,4.892857142857143,5.437629652412426,6,57.0,0.27876524794203583,14,383.0,0.27162052085745836,20,440.0
3050.0,28,360.0,6.315789473684211,5.453188557004072,10,96.0,0.3289190459080227,18,420.0,0.2719511940423363,28,516.0
3055.0,23,352.0,6.518518518518518,4.727476842923258,6,99.0,0.41913482992295575,17,431.0,0.1900341112682635,23,530.0
3060.0,23,267.0,4.944444444444445,5.399711258685694,5,85.0,0.5339347906583448,18,414.0,0.11390946032842644,23,499.0
3065.0,20,185.0,3.5576923076923075,4.725594805399897,4,43.0,0.5193355267100722,16,434.0,0.07709977068664105,20,477.0
3070.0,14,125.0,2.358490566037736,6.483376870986036,3,20.0,0.5010850354995008,11,403.0,0.24654394237303257,14,423.0
3075.0,14,124.0,2.4313725490196076,6.1891478312664745,4,33.0,0.34212193051585654,10,393.0,0.3635368492773521,14,426.0
3080.0,22,220.0,4.230769230769231,6.705829650836837,9,71.0,0.37378307519431725,13,410.0,0.3289728741077612,22,481.0
3085.0,19,232.0,4.64,5.950705858433173,6,77.0,0.4783409871100506,13,396.0,0.27227382583859716,19,473.0
3090.0,19,256.0,5.12,6.41310883069205,7,107.0,0.46601687951594123,12,349.0,0.32737372949233234,19,456.0
3095.0,18,244.0,4.88,5.118768178915816,7,122.0,0.28239980189241604,11,337.0,0.36131540446244687,18,459.0
3100.0,19,234.0,4.775510204081633,5.943493593723933,9,125.0,0.27629998303486664,10,277.0,0.41768597893321974,19,402.0
3105.0,22,156.0,3.391304347826087,4.428437756259972,9,106.0,0.12415218823147091,13,270.0,0.2946413121326461,22,376.0
3110.0,26,225.0,4.6875,4.292189748789634,10,118.0,0.21723261144526623,16,301.0,0.23148980343733735,26,419.0
3115.0,21,256.0,5.12,4.653299524958237,6,122.0,0.437014419194308,15,341.0,0.14621215838155646,21,463.0
3120.0,15,286.0,6.085106382978723,6.623194232568971,3,88.0,0.6020015330079189,12,378.0,0.2581554420032715,15,466.0
3125.0,12,254.0,5.08,6.790131726037973,3,84.0,0.5486382370508369,9,380.0,0.2657727858640772,12,464.0
3130.0,18,321.0,6.42,7.575149991967658,5,109.0,0.4438515819565055,13,376.0,0.3194490281938367,18,485.0
3135.0,20,340.0,7.23404255319149,6.343187977321704,7,136.0,0.4622658887256068,13,355.0,0.3302795843986973,20,491.0
3140.0,15,206.0,4.478260869565218,5.905613665298458,4,115.0,0.5570449225766463,11,273.0,0.2875272530340375,15,388.0
3145.0,16,268.0,5.702127659574468,6.260090097455565,4,121.0,0.6137006512855212,12,258.0,0.2986666754801147,16,379.0
3150.0,16,228.0,4.75,5.589952936223884,4,74.0,0.5870066176609186,12,304.0,0.24435348445801655,16,378.0
3155.0,19,265.0,4.907407407407407,6.385067523373517,7,35.0,0.47863549301043223,12,330.0,0.34219849957341786,19,365.0
3160.0,21,310.0,5.636363636363637,5.947170937069488,7,47.0,0.3377148450351522,14,349.0,0.3470153350200721,21,396.0
3165.0,16,349.0,6.345454545454546,6.6476849266216185,3,41.0,0.5557287661900978,13,372.0,0.25619400581742097,16,413.0
3170.0,20,269.0,4.803571428571429,5.346050430077964,5,47.0,0.4882014191893184,15,353.0,0.12015326808786216,20,400.0
3175.0,18,258.0,4.6909090909090905,6.373425430949298,5,50.0,0.5137312711873914,13,279.0,0.17864903820809108,18,329.0
3180.0,25,267.0,4.8545454545454545,5.5207178253568845,10,84.0,0.354408902973313,15,273.0,0.24321007044486617,25,357.0
3185.0,21,246.0,4.241379310344827,5.603454629343573,8,96.0,0.3181004520248137,13,270.0,0.33326174811921205,21,366.0
3190.0,23,351.0,6.5,5.47168453717908,11,129.0,0.3313990639020858,12,293.0,0.3999021846143514,23,422.0
3195.0,22,271.0,5.113207547169812,4.617666011847212,9,141.0,0.35158561170854574,13,290.0,0.3076498560802216,22,431.0
3200.0,25,334.0,6.30188679245283,5.246788387334782,7,113.0,0.45887041551411956,18,292.0,0.2286968811489816,25,405.0
3205.0,25,313.0,5.6909090909090905,3.8973963102833875,6,92.0,0.3719953050039214,19,340.0,0.07650774428066374,25,432.0
3210.0,29,390.0,6.39344262295082,4.8437123870043575,9,107.0,0.32593341626799477,20,375.0,0.22032450446576138,29,482.0
3215.0,27,345.0,5.390625,4.808573889766652,10,125.0,0.33744468366410024,17,378.0,0.298683364944297,27,503.0
3220.0,24,335.0,5.234375,5.545164872902339,13,165.0,0.4084754635329452,11,324.0,0.328463222941981,24,489.0
3225.0,21,263.0,4.046153846153846,5.1243195587361825,12,187.0,0.362902398029656,9,273.0,0.25484932843401353,21,460.0
3230.0,15,141.0,2.073529411764706,5.882984872137406,5,159.0,0.4397161563603037,10,239.0,0.16077221932008734,15,398.0
3235.0,21,205.0,3.106060606060606,5.9450635707117865,8,120.0,0.3669924376356718,13,258.0,0.21429360252885066,21,378.0
3240.0,22,234.0,3.9,6.170446248338526,12,137.0,0.31198454540604087,10,254.0,0.26280283849848507,22,391.0
3245.0,24,312.0,4.9523809523809526,4.999702205662901,13,169.0,0.22947230789486114,11,273.0,0.2299030706055549,24,442.0
3250.0,26,360.0,6.101694915254237,5.304262227081479,12,203.0,0.2994738774064676,14,305.0,0.3261801636550806,26,508.0
3255.0,26,395.0,6.810344827586207,5.3675280818046955,13,224.0,0.3019051483966123,13,322.0,0.39447947237120695,26,546.0
3260.0,26,393.0,6.661016949152542,4.315195053486155,12,257.0,0.17774105803718748,14,314.0,0.3340320498389368,26,571.0
3265.0,28,488.0,8.56140350877193,4.506223197742479,12,255.0,0.3172872864797566,16,352.0,0.2549230873565356,28,607.0
3270.0,28,421.0,7.258620689655173,3.4659859344329313,10,226.0,0.33501986382603954,18,371.0,0.10694658531562572,28,597.0
3275.0,23,383.0,6.491525423728813,5.359589478471773,11,199.0,0.41197180023196955,12,338.0,0.23118365333517693,23,537.0
3280.0,19,282.0,4.779661016949152,5.492621692305153,9,211.0,0.3899964413386368,10,264.0,0.27880904874532275,19,475.0
3285.0,26,306.0,5.016393442622951,5.194853392994197,11,213.0,0.3689921172336235,15,281.0,0.2583972805632543,26,494.0
3290.0,26,313.0,5.131147540983607,4.759752778752828,11,219.0,0.3271083008813939,15,319.0,0.2516848345906412,26,538.0
3295.0,24,386.0,6.892857142857143,5.244956132909463,15,241.0,0.3054421912448175,9,325.0,0.3526983185117884,24,566.0
3300.0,23,340.0,5.762711864406779,3.9717971499403957,17,269.0,0.12501189326545295,6,260.0,0.29548188775528544,23,529.0
3305.0,28,362.0,5.934426229508197,4.454212330396942,15,315.0,0.19098866400697811,13,201.0,0.27006066163541226,28,516.0
3310.0,26,351.0,5.754098360655738,4.568204053039017,12,319.0,0.2265799094824883,14,239.0,0.3124685920771029,26,558.0
3315.0,16,295.0,5.086206896551724,5.874375880058475,10,264.0,0.2541805825609305,6,232.0,0.39587944312749224,16,496.0
3320.0,20,357.0,5.95,4.412051919995572,11,278.0,0.13074256864123412,9,256.0,0.2540346031556687,20,534.0
3325.0,30,458.0,7.15625,5.194131079581318,15,300.0,0.1869042195800809,15,319.0,0.36113105520020716,30,619.0
3330.0,25,449.0,7.483333333333333,4.613865143314831,10,273.0,0.28645585740350277,15,364.0,0.3527440786165275,25,637.0
3335.0,23,457.0,7.491803278688525,5.500302086902683,12,218.0,0.3037517394740657,11,370.0,0.36411129279159454,23,588.0
3340.0,23,374.0,6.338983050847458,4.797557383471119,11,211.0,0.25570892425248287,12,322.0,0.2901548782604033,23,533.0
3345.0,24,418.0,7.084745762711864,4.7607833218812985,8,166.0,0.32227337118573884,16,348.0,0.12812525082954856,24,514.0
3350.0,29,364.0,6.385964912280702,4.364936730522148,8,163.0,0.38716900569602025,21,362.0,0.08979628778360646,29,525.0
3355.0,29,375.0,6.25,5.097660340062899,10,179.0,0.4079875758834167,19,307.0,0.21566932928127688,29,486.0
3360.0,27,413.0,7.0,4.30816437816699,11,194.0,0.3386040709379166,16,343.0,0.2319903961807984,27,537.0
3365.0,25,389.0,6.483333333333333,4.80257535476166,14,229.0,0.320524009745033,11,328.0,0.2633944516559981,25,557.0
3370.0,22,228.0,3.864406779661017,4.563066048434997,13,201.0,0.18763242268000588,9,274.0,0.3103766268810249,22,475.0
3375.0,25,317.0,5.112903225806452,4.977320144750528,17,250.0,0.21065913321038313,8,193.0,0.2874212051139925,25,443.0
3380.0,28,282.0,4.338461538461538,4.749283633990823,16,262.0,0.17216393494973714,12,207.0,0.3503166854527464,28,469.0
3385.0,25,306.0,4.857142857142857,5.909158735774126,10,229.0,0.38266035591275815,15,246.0,0.3282879962903629,25,475.0
3390.0,25,311.0,4.7846153846153845,5.245089189720253,8,233.0,0.42294737555423556,17,282.0,0.13264722332475679,25,515.0
3395.0,33,402.0,6.28125,5.231262802495646,12,239.0,0.37912494620783244,21,317.0,0.19373025662020743,33,556.0
3400.0,33,431.0,6.432835820895522,4.389804447037397,15,271.0,0.3356793677668387,18,350.0,0.21702432346793804,33,621.0
3405.0,26,385.0,5.833333333333333,4.748584890570852,15,335.0,0.24045777510118385,11,298.0,0.3046749647897864,26,633.0
3410.0,25,392.0,5.850746268656716,5.424972793984723,17,349.0,0.23517987936059337,8,258.0,0.40261668284192015,25,607.0
3415.0,16,270.0,3.9130434782608696,5.481606950397407,9,315.0,0.2689507133701027,7,240.0,0.24851711011025526,16,555.0
3420.0,25,346.0,5.164179104477612,5.030583472850162,11,340.0,0.27044518938843704,14,249.0,0.1788767158481086,25,589.0
3425.0,31,447.0,6.6716417910447765,4.821832969809601,15,385.0,0.2597044305581882,16,282.0,0.19751204842615586,31,667.0
3430.0,24,463.0,7.234375,5.4748967225141465,15,428.0,0.17682122725784738,9,247.0,0.39837403591077786,24,675.0
3435.0,28,563.0,8.796875,4.678646400863883,16,478.0,0.1409706298609007,12,291.0,0.3089109251424745,28,769.0
3440.0,30,614.0,9.59375,4.749579235489179,14,494.0,0.23951484242259974,16,342.0,0.31179855711777515,30,836.0
3445.0,28,650.0,9.848484848484848,5.432064920094121,10,436.0,0.376096100755174,18,387.0,0.2808314520439332,28,823.0
3450.0,25,509.0,7.8307692307692305,4.984220996882192,11,347.0,0.14896683001368127,14,386.0,0.2961361118150498,25,733.0
3455.0,25,357.0,5.666666666666667,5.165550533886187,11,223.0,0.15656954107830917,14,368.0,0.2806133968066379,25,591.0
3460.0,26,307.0,4.951612903225806,4.341931154154978,8,214.0,0.27671258502990653,18,341.0,0.17433188634660815,26,555.0
3465.0,24,334.0,5.661016949152542,4.771537309803391,7,193.0,0.3619702706011331,17,387.0,0.23340148781430503,24,580.0
3470.0,26,415.0,6.80327868852459,5.541071062598678,7,190.0,0.4788196284551998,19,414.0,0.20853932438283004,26,604.0
3475.0,25,452.0,7.174603174603175,5.506236980805887,7,174.0,0.4378807326337304,18,462.0,0.2360076150420508,25,636.0
3480.0,19,357.0,5.666666666666667,5.702551636151844,6,154.0,0.4498832573903083,13,455.0,0.31311997388434637,19,609.0
3485.0,23,247.0,3.859375,5.101171578995398,10,134.0,0.2161975085905318,13,380.0,0.30011586362367115,23,514.0
3490.0,28,323.0,4.75,5.24343768782715,11,167.0,0.30568347721033207,17,366.0,0.28598318198056766,28,533.0
3495.0,34,419.0,6.161764705882353,4.960898785898443,12,195.0,0.40482056604070277,22,419.0,0.21738182561749392,34,614.0
3500.0,33,411.0,6.044117647058823,3.985336369733634,9,213.0,0.3768832262029252,24,443.0,0.19359579939006272,33,656.0
3505.0,28,405.0,5.869565217391305,4.022351307450465,6,179.0,0.3888373825468807,22,492.0,0.16611931869869118,28,671.0
3510.0,23,370.0,5.36231884057971,4.785071543096356,6,163.0,0.43181038524405724,17,475.0,0.18190139391549973,23,638.0
3515.0,19,330.0,5.0,5.66065846714219,7,184.0,0.3390388441463849,12,431.0,0.2402999522804812,19,615.0
3520.0,23,337.0,4.884057971014493,5.09580373918509,8,186.0,0.2340047031606798,15,437.0,0.19342631212991185,23,623.0
3525.0,29,423.0,6.507692307692308,4.757435900846357,9,210.0,0.37466626581356394,20,459.0,0.13607850002872496,29,669.0
3530.0,30,369.0,5.507462686567164,5.322904735108241,8,121.0,0.4286229940604884,22,486.0,0.2170906131704261,30,607.0
3535.0,30,452.0,6.848484848484849,5.016228270979914,11,153.0,0.3303208576739733,19,528.0,0.291941288456298,30,681.0
3540.0,22,368.0,5.661538461538462,4.681498140134211,9,171.0,0.218596953842671,13,480.0,0.30219675357078196,22,651.0
3545.0,18,245.0,4.083333333333333,4.811522591057503,5,144.0,0.32912740859246975,13,386.0,0.23551837139375303,18,530.0
3550.0,21,208.0,3.4098360655737703,5.5426397388745805,6,132.0,0.44323334986621216,15,308.0,0.18565008556575086,21,440.0
3555.0,27,260.0,4.406779661016949,5.070242658920192,10,112.0,0.4365320016462751,17,332.0,0.1796156262007415,27,444.0
3560.0,26,293.0,5.232142857142857,4.298734813030603,9,126.0,0.3119332556974804,17,357.0,0.25670359920659336,26,483.0
3565.0,22,322.0,5.8545454545454545,4.195713459506271,7,106.0,0.3497625690994426,15,376.0,0.16131807230952908,22,482.0
3570.0,21,357.0,7.0,5.051725814523259,6,106.0,0.4273412409016878,15,381.0,0.11569164525550041,21,487.0
3575.0,21,396.0,7.615384615384615,4.8472628846467085,10,134.0,0.20337702270891467,11,412.0,0.17661235257180494,21,546.0
3580.0,26,420.0,8.076923076923077,4.6114392430829545,10,120.0,0.21405388449534576,16,458.0,0.25295753736663834,26,578.0
3585.0,22,465.0,9.117647058823529,5.806177219648248,9,110.0,0.46731545371082966,13,485.0,0.2600502086022276,22,595.0
3590.0,19,473.0,8.6,6.736632209199406,5,117.0,0.5308123996555629,14,483.0,0.3268755403035225,19,600.0
3595.0,16,267.0,5.037735849056604,6.670663569328041,4,71.0,0.4852260794954668,12,395.0,0.33950765648232956,16,466.0
3600.0,21,268.0,4.962962962962963,6.454156815811476,7,91.0,0.40051873386558173,14,290.0,0.2903319375249777,21,381.0
3605.0,20,189.0,3.375,5.526020487053309,5,56.0,0.4494154626146294,15,298.0,0.194256376303133,20,354.0
3610.0,18,176.0,3.259259259259259,6.071183417433584,6,63.0,0.49091838268329696,12,269.0,0.25265935004297424,18,332.0
3615.0,17,159.0,3.0,5.655867878105174,5,59.0,0.4246454637139502,12,273.0,0.24842378884975053,17,332.0
3620.0,18,177.0,3.339622641509434,6.368250443269992,10,102.0,0.3318274933139503,8,273.0,0.3681479236190918,18,375.0
3625.0,14,169.0,3.25,5.812601410788994,7,116.0,0.41501988788485733,7,248.0,0.28583930711263583,14,364.0
3630.0,22,251.0,5.229166666666667,5.574181417039455,6,110.0,0.4844557104496505,16,296.0,0.2150291933713429,22,406.0
3635.0,22,250.0,5.555555555555555,3.949082301639105,6,109.0,0.2783920433856136,16,293.0,0.16355318388319964,22,402.0
3640.0,23,295.0,6.413043478260869,4.6023945545592895,9,129.0,0.15766177055656283,14,274.0,0.2625515208646457,23,403.0
3645.0,20,238.0,5.666666666666667,4.257945101192813,8,114.0,0.16957581979371442,12,276.0,0.25076768897221635,20,390.0
3650.0,17,224.0,4.76595744680851,6.6787512850388575,8,101.0,0.3817014154933253,9,233.0,0.4056674035098984,17,334.0
3655.0,14,184.0,3.9148936170212765,6.411660794905081,4,95.0,0.5920251231430309,10,243.0,0.2745645999885951,14,338.0
3660.0,13,185.0,4.021739130434782,7.223339227702954,2,45.0,0.598164932186486,11,267.0,0.318545091048721,13,312.0
3665.0,12,195.0,4.148936170212766,7.097182265276633,2,44.0,0.6439179457433883,10,280.0,0.1924038028302977,12,324.0
3670.0,11,196.0,3.769230769230769,7.173693753462032,2,18.0,0.532013363475021,9,273.0,0.2367339402684521,11,291.0
3675.0,13,182.0,3.7916666666666665,7.563771674848844,6,41.0,0.4508890607839251,7,229.0,0.3883850230236172,13,270.0
3680.0,14,202.0,4.297872340425532,7.665464524093196,7,38.0,0.41043658672004457,7,209.0,0.4466882600423251,14,247.0
3685.0,14,112.0,2.5454545454545454,6.938128622928979,10,71.0,0.3530866082044277,4,98.0,0.3784937713472229,14,169.0
3690.0,12,107.0,2.3777777777777778,6.749631437545564,6,81.0,0.37677851098578347,6,70.0,0.42513461278074044,12,151.0
3695.0,12,118.0,2.95,7.0497137060460755,7,79.0,0.44440213649711396,5,78.0,0.4446464264301552,12,157.0
3700.0,14,142.0,3.380952380952381,6.407736682099289,9,86.0,0.2870285438870734,5,86.0,0.4498849029723085,14,172.0
3705.0,14,178.0,3.9555555555555557,6.068675817831987,10,129.0,0.2619167951532168,4,79.0,0.4443397144681099,14,208.0
3710.0,17,195.0,4.148936170212766,6.672395508399213,11,133.0,0.4114132774824103,6,108.0,0.47474623636123936,17,241.0
3715.0,17,240.0,5.217391304347826,6.89788545486121,10,166.0,0.4433493860273829,7,128.0,0.499373582109061,17,294.0
3720.0,14,245.0,5.568181818181818,5.515018652301856,8,172.0,0.30307677321427584,6,137.0,0.40748423497442066,14,309.0
3725.0,18,205.0,4.456521739130435,5.565620411358532,10,152.0,0.377862310056796,8,103.0,0.14595208689583408,18,255.0
3730.0,19,161.0,3.5,5.336760140392654,10,133.0,0.3150484744714059,9,113.0,0.21777984331684397,19,246.0
3735.0,20,168.0,3.574468085106383,5.743351598891514,12,136.0,0.32809559412843486,8,115.0,0.30511262044197446,20,251.0
3740.0,14,153.0,3.4,6.427741479281721,11,171.0,0.21380098891768248,3,64.0,0.6125101661050953,14,235.0
3745.0,17,213.0,4.531914893617022,6.544235046202924,13,197.0,0.24561861570665786,4,62.0,0.5749781775156895,17,259.0
3750.0,19,230.0,4.8936170212765955,5.944094826940116,12,207.0,0.22422714990390183,7,82.0,0.48835744411219695,19,289.0
3755.0,14,212.0,4.326530612244898,6.338289590707737,8,173.0,0.33358292723993604,6,89.0,0.37592488941441704,14,262.0
3760.0,17,216.0,4.408163265306122,6.34089756599371,9,181.0,0.2958244185055876,8,105.0,0.36161051480868095,17,286.0
3765.0,14,134.0,2.7916666666666665,6.6145645654431595,7,153.0,0.31146942333520544,7,106.0,0.448414387586716,14,259.0
3770.0,16,206.0,4.204081632653061,6.400630149995885,8,168.0,0.2718065859960914,8,123.0,0.4638314699581045,16,291.0
3775.0,16,238.0,4.958333333333333,5.120422287442165,7,139.0,0.27914900697140943,9,162.0,0.42224583192424503,16,301.0
3780.0,19,321.0,6.551020408163265,6.591358958729768,9,156.0,0.4775478572698342,10,204.0,0.40621365370943124,19,360.0
3785.0,17,319.0,6.38,5.50640721100046,8,172.0,0.5168281481934567,9,196.0,0.2109906687654995,17,368.0
3790.0,18,368.0,7.36,5.7757771520433145,9,192.0,0.35002559195570865,9,197.0,0.33043611390352085,18,389.0
3795.0,19,223.0,4.288461538461538,4.620881760291837,12,177.0,0.1583272184240109,7,141.0,0.33792037262730773,19,318.0
3800.0,23,322.0,6.313725490196078,6.288299825151719,13,212.0,0.3289365927161592,10,135.0,0.41081023729681626,23,347.0
3805.0,16,268.0,4.962962962962963,6.689176864988212,10,237.0,0.4230535787422722,6,128.0,0.4626187000216016,16,365.0
3810.0,15,297.0,5.711538461538462,6.435210469205797,6,218.0,0.4184706876582108,9,127.0,0.3260544999010349,15,345.0
3815.0,18,324.0,5.890909090909091,6.36185869319668,8,230.0,0.44790717334568975,10,138.0,0.2452309759772748,18,368.0
3820.0,16,186.0,3.3214285714285716,6.79892570732824,9,150.0,0.34463792607536914,7,119.0,0.370184217827378,16,269.0
3825.0,17,163.0,3.1346153846153846,5.629594170668686,11,136.0,0.2853041612058592,6,78.0,0.33291232335812615,17,214.0
3830.0,19,207.0,3.8333333333333335,5.9414084523953035,10,170.0,0.27479923964116676,9,89.0,0.40688490997818777,19,259.0
3835.0,15,223.0,4.372549019607843,6.703364145372966,8,174.0,0.43049873502464325,7,106.0,0.3904108949167964,15,280.0
3840.0,15,160.0,3.2,6.491271604379017,7,134.0,0.3083263924938253,8,108.0,0.4079766867541959,15,242.0
3845.0,19,149.0,3.1041666666666665,5.623365741130017,11,111.0,0.15201970799565606,8,85.0,0.2898696988357237,19,196.0
3850.0,17,192.0,4.0,6.317497231439385,10,141.0,0.23460522533241962,7,102.0,0.44512714295360456,17,243.0
3855.0,16,219.0,4.5625,7.277152662859322,10,167.0,0.369991869089121,6,109.0,0.5264770215310713,16,276.0
3860.0,13,199.0,4.326086956521739,6.992826318275215,7,164.0,0.4086817431805394,6,91.0,0.5092488945659988,13,255.0
3865.0,12,135.0,2.7551020408163267,6.568618994987901,3,110.0,0.512143701271667,9,99.0,0.33922627320517457,12,209.0
3870.0,16,166.0,3.1923076923076925,6.726154134162664,4,94.0,0.538189161026718,12,106.0,0.29202678610003135,16,200.0
3875.0,14,90.0,1.6981132075471699,6.303029281426758,4,38.0,0.440983902430564,10,127.0,0.2714198737005941,14,165.0
3880.0,16,116.0,2.109090909090909,6.642631662883765,8,48.0,0.4081341758488147,8,134.0,0.28968239270246154,16,182.0
3885.0,16,149.0,2.9215686274509802,5.950447739082686,6,67.0,0.3596387866188495,10,158.0,0.2557462997210052,16,225.0
3890.0,21,233.0,4.755102040816326,6.1533831085918935,8,89.0,0.34362329773817724,13,216.0,0.35985085988606375,21,305.0
3895.0,18,203.0,4.229166666666667,5.54777077467427,7,90.0,0.3512796121247566,11,245.0,0.3716504338470871,18,335.0
3900.0,16,183.0,3.893617021276596,6.529037879873322,5,46.0,0.5086817163918614,11,244.0,0.3669365743817345,16,290.0
3905.0,19,212.0,4.51063829787234,5.270501921200076,6,62.0,0.43882388589202553,13,259.0,0.22576614385714955,19,321.0
3910.0,20,192.0,3.84,5.630282476485428,5,64.0,0.503444579390525,15,265.0,0.15788684201316036,20,329.0
3915.0,20,208.0,4.16,5.209128422298798,6,73.0,0.502635841644401,14,292.0,0.20580557963346435,20,365.0
3920.0,15,119.0,2.2452830188679247,6.251284920517731,6,54.0,0.4724790868776231,9,237.0,0.3271806397898247,15,291.0
3925.0,20,190.0,3.3333333333333335,6.203383159454198,10,91.0,0.3454006397231978,10,253.0,0.35578970187435677,20,344.0
3930.0,22,221.0,3.8771929824561404,5.123317663218978,10,111.0,0.20126634415349365,12,266.0,0.35501439089945214,22,377.0
3935.0,25,234.0,4.0344827586206895,4.7438278902715965,11,115.0,0.2607129586215483,14,267.0,0.27066310273230415,25,382.0
3940.0,25,282.0,4.947368421052632,5.259871026052725,8,129.0,0.36085838345784865,17,281.0,0.23801215662227973,25,410.0
3945.0,21,279.0,4.573770491803279,6.275319161518116,4,103.0,0.5380161300678729,17,305.0,0.24858463576288953,21,408.0
3950.0,16,170.0,2.6153846153846154,6.772335549117877,7,65.0,0.47219740753273587,9,252.0,0.3291962081785528,16,317.0
3955.0,16,152.0,2.3384615384615386,6.496418093239191,8,103.0,0.45177234358950075,8,221.0,0.33620991392654476,16,324.0
3960.0,25,209.0,3.3174603174603177,5.795345645479809,9,122.0,0.4374707122790377,16,261.0,0.26303913425991954,25,383.0
3965.0,23,241.0,3.8870967741935485,4.993369716301011,5,112.0,0.47441024213407074,18,320.0,0.09650525736861953,23,432.0
3970.0,27,304.0,4.75,4.924610965032409,6,103.0,0.3785277323183299,21,378.0,0.15138672551730253,27,481.0
3975.0,31,376.0,5.611940298507463,5.830965512564642,12,115.0,0.4254333086577827,19,406.0,0.26738061253273887,31,521.0
3980.0,20,323.0,4.893939393939394,5.462910452801262,11,152.0,0.2786576816713601,9,348.0,0.36651713835008465,20,500.0
3985.0,20,282.0,4.338461538461538,5.269697628771074,9,168.0,0.2773652043824048,11,339.0,0.2914653437514233,20,507.0
3990.0,23,174.0,2.5588235294117645,5.135065393214204,7,127.0,0.29796296478982603,16,322.0,0.20559577351613925,23,449.0
3995.0,32,281.0,4.1940298507462686,4.823303977794539,13,142.0,0.3212864881617448,19,383.0,0.1327087290212136,32,525.0
4000.0,34,373.0,5.7384615384615385,4.572013333232879,12,179.0,0.31072116729005217,22,464.0,0.1540517067139085,34,643.0
4005.0,35,447.0,7.209677419354839,4.219750732479333,14,202.0,0.2735271634519366,21,492.0,0.16296997837210536,35,694.0
4010.0,26,356.0,5.836065573770492,4.391991820150381,14,227.0,0.1700656341894059,12,424.0,0.26093499799951164,26,651.0
4015.0,16,224.0,3.6129032258064515,5.365033379187474,8,203.0,0.2262489513249256,8,381.0,0.24260049218951305,16,584.0
4020.0,20,180.0,2.9508196721311477,5.799409866245945,6,141.0,0.3709552717924563,14,388.0,0.1084289293758199,20,529.0
4025.0,24,248.0,4.203389830508475,5.9621500947187025,10,134.0,0.4292156110896483,14,401.0,0.23471150947375494,24,535.0
4030.0,15,268.0,4.785714285714286,6.025399266380026,7,139.0,0.45298786651493167,8,338.0,0.3237817360078455,15,477.0
4035.0,13,228.0,4.071428571428571,5.8281148619294845,5,109.0,0.34943979322391927,8,311.0,0.2775092723104048,13,420.0
4040.0,19,246.0,4.169491525423729,6.332166035522072,8,125.0,0.3727985005798768,11,236.0,0.2295093588301162,19,361.0
4045.0,23,265.0,4.491525423728813,6.274191095630166,10,130.0,0.4501322127190407,13,254.0,0.1679932040979838,23,384.0
4050.0,17,288.0,4.88135593220339,6.842553432894082,8,130.0,0.5240178191374216,9,236.0,0.2706053050324725,17,366.0
4055.0,20,292.0,5.214285714285714,5.600876481413034,12,133.0,0.36698821256364206,8,251.0,0.30356492399135077,20,384.0
4060.0,28,405.0,6.982758620689655,5.240434954354381,16,182.0,0.2715896760635818,12,304.0,0.33221358718902677,28,486.0
4065.0,28,292.0,5.0344827586206895,3.9921071692735675,17,215.0,0.17835195790864108,11,237.0,0.30267154915198036,28,452.0
4070.0,29,334.0,5.475409836065574,4.635778661259292,16,230.0,0.24298302762120058,13,214.0,0.31527161959456734,29,444.0
4075.0,29,319.0,5.229508196721311,4.830360926221658,17,268.0,0.2725189734801363,12,229.0,0.3387520539122697,29,497.0
4080.0,20,305.0,5.0,5.656174729811382,13,254.0,0.3156736085671849,7,190.0,0.30717508502062957,20,444.0
4085.0,23,335.0,5.403225806451613,4.6756514329741465,15,303.0,0.13417596816037908,8,200.0,0.30242833732818447,23,503.0
4090.0,34,456.0,7.238095238095238,5.366781307241543,20,369.0,0.19077637518007748,14,242.0,0.30710327436495993,34,611.0
4095.0,31,519.0,8.796610169491526,4.128544985995065,19,393.0,0.17365062336333764,12,259.0,0.3092995275440425,31,652.0
4100.0,31,495.0,7.615384615384615,4.463478698223376,15,432.0,0.3002181618945085,16,324.0,0.20405080605178397,31,756.0
4105.0,26,440.0,6.470588235294118,5.041638678516858,12,443.0,0.3416518852677749,14,344.0,0.2577006133787748,26,787.0
4110.0,23,450.0,6.428571428571429,5.779613773568016,15,437.0,0.2846255580020497,8,317.0,0.3837288856984631,23,754.0
4115.0,24,281.0,4.1940298507462686,5.192557385751902,18,447.0,0.1514274848376115,6,214.0,0.4504249796479671,24,661.0
4120.0,25,258.0,3.909090909090909,4.979997909383384,16,402.0,0.1510064461945277,9,157.0,0.33769483076959905,25,559.0
4125.0,32,408.0,6.08955223880597,5.410437033577586,17,433.0,0.2772450887141933,15,225.0,0.2612942737094961,32,658.0
4130.0,31,458.0,6.735294117647059,5.005092982483435,16,468.0,0.2943978355596581,15,262.0,0.22427388732182252,31,730.0
4135.0,27,493.0,7.46969696969697,5.568528861921242,17,497.0,0.2993418472799628,10,246.0,0.32664077770493727,27,743.0
4140.0,30,404.0,6.3125,3.846971315300384,19,493.0,0.16155618607698935,11,221.0,0.29387661405590365,30,714.0
4145.0,30,375.0,5.514705882352941,5.077507147384282,20,466.0,0.25290309417685936,10,192.0,0.3677650942050473,30,658.0
4150.0,26,334.0,5.0606060606060606,4.958707412135562,15,512.0,0.3018080920951635,11,177.0,0.2624404279578734,26,689.0
4155.0,28,375.0,5.769230769230769,4.291505700161994,12,518.0,0.24327171925800223,16,234.0,0.15294352725289032,28,752.0
4160.0,30,451.0,7.39344262295082,4.5858256747173085,16,542.0,0.29854660886598633,14,247.0,0.13347705493801196,30,789.0
4165.0,27,494.0,8.821428571428571,4.605911902567221,17,573.0,0.17112312426821674,10,224.0,0.2648396809893882,27,797.0
4170.0,25,529.0,9.446428571428571,3.942079750387499,18,613.0,0.11506959899173652,7,218.0,0.29257770316824383,25,831.0
4175.0,28,587.0,10.298245614035087,5.179190161871239,20,618.0,0.24697366692402267,8,196.0,0.394557044293056,28,814.0
4180.0,22,457.0,8.017543859649123,5.780232725802854,15,559.0,0.3688759675618133,7,147.0,0.40245970532134784,22,706.0
4185.0,19,447.0,7.982142857142857,4.963480294288639,12,586.0,0.3051463727536295,7,101.0,0.40089551609597507,19,687.0
4190.0,21,443.0,7.508474576271187,4.697064414013242,14,584.0,0.2987647225999857,7,94.0,0.2591840262323612,21,678.0
4195.0,21,534.0,8.612903225806452,6.042808765802431,15,627.0,0.2953155048154624,6,100.0,0.3965473750631075,21,727.0
4200.0,20,547.0,8.682539682539682,6.32302468538265,15,618.0,0.2309131620191243,5,86.0,0.4247312393672989,20,704.0
4205.0,22,610.0,10.0,6.309591151324533,14,593.0,0.22100723489305088,8,119.0,0.458924274279632,22,712.0
4210.0,21,285.0,5.0,5.214515264386646,15,491.0,0.2599305795162739,6,83.0,0.3148526881888931,21,574.0
4215.0,26,323.0,5.872727272727273,4.604350490368045,17,334.0,0.2431473605240485,9,95.0,0.29181567758288707,26,429.0
4220.0,24,328.0,5.754385964912281,4.952137708835705,17,390.0,0.3014552771343318,7,100.0,0.3080483286498485,24,490.0
4225.0,16,319.0,5.229508196721311,6.5321081810917025,12,395.0,0.36617775862667246,4,61.0,0.399785464826833,16,456.0
4230.0,18,262.0,4.225806451612903,6.93119684994823,14,359.0,0.20058927046916042,4,55.0,0.6768073910269182,18,414.0
4235.0,18,242.0,3.6666666666666665,7.480295787761902,14,334.0,0.18148469360539485,4,78.0,0.6977010814490197,18,412.0
4240.0,19,235.0,3.7903225806451615,6.8802768572549295,16,332.0,0.19871132114390305,3,69.0,0.6538401998699583,19,401.0
4245.0,21,261.0,4.423728813559322,6.863621983017881,15,316.0,0.3170065013196757,6,94.0,0.5465626450346477,21,410.0
4250.0,22,243.0,4.2631578947368425,4.934967576100435,14,339.0,0.21970967913954653,8,96.0,0.43099083890708545,22,435.0
4255.0,32,365.0,5.887096774193548,5.073661402380049,22,413.0,0.18436095695781993,10,105.0,0.5189072256218616,32,518.0
4260.0,29,372.0,5.723076923076923,4.962216376274931,20,455.0,0.2451645434367632,9,125.0,0.4615197417169985,29,580.0
4265.0,22,348.0,5.043478260869565,5.8483645985943795,14,417.0,0.34131019507886734,8,130.0,0.3669750238483178,22,547.0
4270.0,22,323.0,4.614285714285714,5.383473028871466,12,399.0,0.3491662496159627,10,141.0,0.2053120112266214,22,540.0
4275.0,31,324.0,4.563380281690141,4.988692486067432,19,392.0,0.23630709109359183,12,167.0,0.2299390646273908,31,559.0
4280.0,33,331.0,4.661971830985915,4.222302842642073,20,423.0,0.2592668957724685,13,142.0,0.2170456755181791,33,565.0
4285.0,30,393.0,5.695652173913044,5.2752648773676905,19,466.0,0.2572033279189089,11,172.0,0.3978730493610601,30,638.0
4290.0,30,412.0,5.885714285714286,4.182194384882651,20,499.0,0.193680341090946,10,184.0,0.30567140222337186,30,683.0
4295.0,34,379.0,5.492753623188406,4.188949424184917,22,510.0,0.10103370716788923,12,206.0,0.3516336899618974,34,716.0
4300.0,32,312.0,4.656716417910448,3.33793764718814,20,568.0,0.1306953578155425,12,206.0,0.27630781838695667,32,774.0
4305.0,33,375.0,5.357142857142857,4.284531274660911,23,616.0,0.14166136171105145,10,174.0,0.32356986533862686,33,790.0
4310.0,36,438.0,6.3478260869565215,4.042684956896752,24,680.0,0.10239026079752005,12,202.0,0.3066729209225876,36,882.0
4315.0,28,422.0,5.943661971830986,4.67779452160592,15,680.0,0.19579913845799796,13,225.0,0.25155186131323704,28,905.0
4320.0,32,457.0,6.347222222222222,4.311294427006072,14,680.0,0.27270498656035,18,269.0,0.14151651553408084,32,949.0
4325.0,28,411.0,6.044117647058823,4.816112171807037,16,630.0,0.22196756113358782,12,282.0,0.26148423960279954,28,912.0
4330.0,28,405.0,6.136363636363637,4.666150005490222,19,666.0,0.15113037694055992,9,262.0,0.31783579599073747,28,928.0
4335.0,28,486.0,7.253731343283582,5.043913742617841,12,653.0,0.19591410030185064,16,286.0,0.2679537934141668,28,939.0
4340.0,29,490.0,7.313432835820896,5.011076469618398,14,653.0,0.23213202131454946,15,274.0,0.2938018117681283,29,927.0
4345.0,29,571.0,8.651515151515152,4.960305114520995,16,624.0,0.23352556870728472,13,246.0,0.31474383282141954,29,870.0
4350.0,32,586.0,8.878787878787879,3.945720523072815,18,643.0,0.29289222943680626,14,273.0,0.2170944892205418,32,916.0
4355.0,33,659.0,9.835820895522389,4.537898738298964,20,728.0,0.29841793320562604,13,259.0,0.2628839858624902,33,987.0
4360.0,30,619.0,8.971014492753623,4.400972928525283,19,763.0,0.24440164565341618,11,219.0,0.2730051876196576,30,982.0
4365.0,28,612.0,8.869565217391305,5.19619460619465,14,747.0,0.27754748032016974,14,198.0,0.2960072509213104,28,945.0
4370.0,28,637.0,9.507462686567164,4.100193631060877,17,802.0,0.18753969584805621,11,210.0,0.22452687134282048,28,1012.0
4375.0,34,777.0,11.772727272727273,4.5691236653059715,22,877.0,0.15955575380390308,12,238.0,0.26974831135903965,34,1115.0
4380.0,37,727.0,11.184615384615384,4.437968848183011,24,858.0,0.1591469343074063,13,266.0,0.3330750739223085,37,1124.0
4385.0,31,476.0,7.555555555555555,4.644876076114565,19,740.0,0.14120911305805187,12,275.0,0.4127020885213454,31,1015.0
4390.0,27,410.0,6.40625,4.110651437442374,17,757.0,0.15409794196596335,10,253.0,0.35546953286695165,27,1010.0
4395.0,18,221.0,3.622950819672131,4.538494244773874,12,710.0,0.1311964856988292,6,162.0,0.359879679363571,18,872.0
4400.0,19,234.0,3.774193548387097,5.312135351095089,11,681.0,0.2160022712620556,8,140.0,0.31779668136430544,19,821.0
4405.0,27,320.0,4.923076923076923,4.88268532265994,13,634.0,0.17760670648704885,14,186.0,0.24853446656806524,27,820.0
4410.0,27,377.0,5.8,4.5810462450736535,14,483.0,0.23066105421816932,13,202.0,0.20220213393978287,27,685.0
4415.0,24,417.0,6.619047619047619,4.809276921098061,14,508.0,0.18790073032452118,10,194.0,0.3490646062193727,24,702.0
4420.0,18,374.0,6.131147540983607,5.248244981504232,10,484.0,0.24028007344388905,8,160.0,0.32663859984262544,18,644.0
4425.0,21,238.0,3.838709677419355,5.091296126367651,9,405.0,0.2200386089612158,12,175.0,0.271768711452849,21,580.0
4430.0,28,267.0,4.107692307692307,5.56240897081795,14,368.0,0.2115824496488486,14,188.0,0.3071839075612106,28,556.0
4435.0,25,345.0,5.948275862068965,5.776867779865518,11,397.0,0.2505199055496239,14,200.0,0.33829725638273106,25,597.0
4440.0,22,363.0,6.849056603773585,5.121382747603058,10,377.0,0.3437845489319109,12,211.0,0.17320717710280215,22,588.0
4445.0,18,276.0,5.111111111111111,5.684631371492558,9,293.0,0.3492617936817848,9,175.0,0.19157290930130536,18,468.0
4450.0,21,275.0,5.188679245283019,5.364021416858176,11,232.0,0.29164978745140513,10,175.0,0.23821765116645663,21,407.0
4455.0,23,207.0,3.980769230769231,4.947967786785994,10,167.0,0.24316968233530895,13,184.0,0.34627068634177377,23,351.0
4460.0,17,201.0,3.6545454545454548,6.203453380683642,10,146.0,0.2992214052421328,7,169.0,0.48498284740293757,17,315.0
4465.0,19,209.0,3.732142857142857,6.309354499112733,10,150.0,0.33239066479322693,9,143.0,0.45605033887848734,19,293.0
4470.0,18,197.0,3.396551724137931,6.355605690496537,6,115.0,0.3811811652084629,12,165.0,0.3120127215071911,18,280.0
4475.0,21,229.0,4.017543859649122,5.974763961763648,5,92.0,0.3562276258638501,16,204.0,0.22247816729590075,21,296.0
4480.0,25,277.0,4.775862068965517,5.796424692253246,8,96.0,0.42511703457575617,17,249.0,0.1982213008004108,25,345.0
4485.0,23,295.0,5.267857142857143,5.641748036212178,9,98.0,0.46938124783719426,14,278.0,0.21018923770043269,23,376.0
4490.0,21,289.0,5.160714285714286,5.563425022624022,9,118.0,0.3987210010134306,12,285.0,0.2984292045733641,21,403.0
4495.0,22,263.0,4.614035087719298,5.267168667638153,10,130.0,0.31896940416743697,12,246.0,0.3432201908268634,22,376.0
4500.0,19,221.0,4.0181818181818185,5.230792887593743,7,124.0,0.3159619595394263,12,250.0,0.3090708618542896,19,374.0
4505.0,17,231.0,4.2,5.813831993727371,8,144.0,0.30128439663982676,9,192.0,0.28735224827917005,17,336.0
4510.0,13,153.0,2.9423076923076925,5.470893674903954,6,103.0,0.186482362671665,7,178.0,0.22840640905793658,13,281.0
4515.0,23,200.0,3.8461538461538463,5.5919996608549445,11,109.0,0.234507425548938,12,169.0,0.22533582501412502,23,278.0
4520.0,18,253.0,4.96078431372549,5.862695584627979,8,138.0,0.3685960651056112,10,213.0,0.2667526307134497,18,351.0
4525.0,16,285.0,6.195652173913044,6.253823635193804,5,120.0,0.4246664627439264,11,240.0,0.20862386352323634,16,360.0
4530.0,13,218.0,4.638297872340425,6.026570764249895,2,84.0,0.31193060550408713,11,245.0,0.27950401591449686,13,329.0
4535.0,14,205.0,4.270833333333333,6.6549097259882215,6,64.0,0.36273141906301576,8,227.0,0.2804136584251744,14,291.0
4540.0,12,95.0,2.159090909090909,6.868585536306955,5,54.0,0.543782178604723,7,184.0,0.3469039951229973,12,238.0
4545.0,15,165.0,3.8372093023255816,6.564742138943921,5,85.0,0.6233159259611156,10,176.0,0.2534014724282978,15,261.0
4550.0,13,158.0,3.761904761904762,5.698515149457561,1,55.0,0.553228648918464,12,210.0,0.226790594903937,13,265.0
4555.0,10,171.0,4.170731707317073,7.430385362382673,1,14.0,0.6261610219080477,9,221.0,0.3157123447203214,10,235.0
4560.0,10,122.0,3.2972972972972974,6.23289836933345,3,21.0,0.6334879592581143,7,206.0,0.12427173150194554,10,227.0
4565.0,13,166.0,4.882352941176471,6.78370977148675,4,38.0,0.5036266205457612,9,175.0,0.15490111921340488,13,213.0
4570.0,12,97.0,2.8529411764705883,5.2457267374427055,5,32.0,0.23847385605280352,7,129.0,0.13457224539373028,12,161.0
4575.0,14,132.0,4.125,5.928445446010793,8,68.0,0.2019656534078489,6,102.0,0.4038456076928043,14,170.0
4580.0,11,115.0,3.59375,5.84990064275227,7,83.0,0.29053548584347283,4,86.0,0.46291173872944097,11,169.0
4585.0,11,135.0,3.75,7.508026411784671,6,88.0,0.4080915682230895,5,65.0,0.5436590767881054,11,153.0
4590.0,6,93.0,2.4473684210526314,7.398125230842464,3,79.0,0.5179791243627033,3,46.0,0.5492341131162048,6,125.0
4595.0,7,123.0,3.1538461538461537,9.230920523657993,3,77.0,0.7114818819005824,4,55.0,0.5605692148908186,7,132.0
4600.0,7,69.0,1.8157894736842106,6.463045210505568,3,27.0,0.5457792955238325,4,61.0,0.310185657390518,7,88.0
4605.0,15,134.0,3.4358974358974357,6.467856761640901,6,55.0,0.47204829623490785,9,91.0,0.3145826393149675,15,146.0
4610.0,12,158.0,3.761904761904762,5.466225153022694,5,66.0,0.30051238731832697,7,121.0,0.356047302133552,12,187.0
4615.0,12,186.0,4.325581395348837,6.934909674584652,5,74.0,0.4556916522869041,7,138.0,0.37364974709355286,12,212.0
4620.0,12,128.0,2.9767441860465116,6.8921638075627945,5,91.0,0.4138385805846895,7,102.0,0.41179577540547746,12,193.0
4625.0,14,170.0,3.7777777777777777,6.973162841198859,9,131.0,0.27826753260407516,5,65.0,0.48784399654501936,14,196.0
4630.0,11,182.0,4.136363636363637,6.907876849901523,6,149.0,0.2909129418815394,5,71.0,0.4394085747876596,11,220.0
4635.0,10,221.0,5.390243902439025,7.991420129318718,4,144.0,0.5470785538677456,6,98.0,0.3139443085318558,10,242.0
4640.0,10,115.0,3.108108108108108,6.505373051734527,4,72.0,0.48287007776392066,6,78.0,0.19547667286783518,10,150.0
4645.0,13,162.0,4.5,7.188557199975417,7,109.0,0.5251558010788135,6,83.0,0.20424727068416668,13,192.0
4650.0,10,157.0,4.361111111111111,6.148912718660628,7,136.0,0.49465484524949394,3,80.0,0.3045637445015041,10,216.0
4655.0,11,209.0,5.648648648648648,7.472083378415475,8,167.0,0.4824264007618727,3,69.0,0.5566361468580926,11,236.0
4660.0,11,204.0,4.975609756097561,6.604996848105197,8,160.0,0.3708621972264286,3,84.0,0.6663259952132271,11,244.0
4665.0,11,233.0,5.682926829268292,6.902058547146918,7,158.0,0.3775874884201165,4,100.0,0.5411618307520986,11,258.0
4670.0,10,72.0,1.8461538461538463,5.570732750142625,7,75.0,0.32884230054561947,3,62.0,0.3486025640602595,10,137.0
4675.0,15,131.0,2.977272727272727,5.966478138734752,10,91.0,0.30202794772360164,5,56.0,0.43381983400484714,15,147.0
4680.0,15,154.0,3.142857142857143,5.289004971064663,12,133.0,0.24440755475006554,3,63.0,0.5631640291925933,15,196.0
4685.0,17,206.0,3.9615384615384617,6.829366005454323,13,166.0,0.37105702519707984,4,76.0,0.6236348915805437,17,242.0
4690.0,14,200.0,3.6363636363636362,5.31632156023099,11,188.0,0.3301321694270188,3,84.0,0.4517322164194044,14,272.0
4695.0,17,221.0,3.8771929824561404,6.487463184851869,11,177.0,0.4426845723284812,6,96.0,0.37328354929428803,17,273.0
4700.0,23,263.0,4.4576271186440675,5.262933714316929,15,219.0,0.3377287400562609,8,99.0,0.2808198993539199,23,318.0
4705.0,30,378.0,5.815384615384615,5.351757367924375,19,284.0,0.29380771419879725,11,134.0,0.32837583320799224,30,418.0
4710.0,27,408.0,6.375,5.19242069221132,17,315.0,0.2586247796476683,10,178.0,0.41464000105223064,27,493.0
4715.0,30,474.0,7.292307692307692,4.442141337668537,20,342.0,0.20695018536987067,10,209.0,0.3375022422502643,30,551.0
4720.0,30,458.0,6.735294117647059,3.819625738309596,22,384.0,0.17251221213579856,8,212.0,0.32755174812981414,30,596.0
4725.0,28,501.0,7.1571428571428575,5.326866791654652,20,416.0,0.22492166660383953,8,209.0,0.3948553302751274,28,625.0
4730.0,28,316.0,4.7164179104477615,4.740163182613643,18,386.0,0.2195689235182252,10,138.0,0.19522215291915793,28,524.0
4735.0,33,379.0,5.492753623188406,4.98214123621006,19,361.0,0.19743989214356772,14,154.0,0.2816936560995306,33,515.0
4740.0,31,398.0,6.21875,3.5626722248481855,20,407.0,0.1300090550738071,11,181.0,0.3332886104138434,31,588.0
4745.0,29,399.0,6.333333333333333,4.854142797172753,19,427.0,0.1958829023539526,10,185.0,0.37629881198370163,29,612.0
4750.0,28,343.0,5.196969696969697,4.530981495723993,18,465.0,0.14458598541286358,10,175.0,0.3193795732997101,28,640.0
4755.0,22,315.0,4.701492537313433,5.742972867835443,12,451.0,0.13918009260264114,10,131.0,0.4079292144458238,22,582.0
4760.0,23,317.0,5.112903225806452,5.6022488947112565,13,431.0,0.25561196739421105,10,152.0,0.3258904488345081,23,583.0
4765.0,24,299.0,4.671875,5.388403620155432,15,403.0,0.21110871548313503,9,167.0,0.3633177913180506,24,570.0
4770.0,29,371.0,6.183333333333334,4.251752813192741,18,443.0,0.18048078724763922,11,184.0,0.28389382299250876,29,627.0
4775.0,29,443.0,7.508474576271187,4.816685149141286,17,452.0,0.27124069110527976,12,223.0,0.28849517371514605,29,675.0
4780.0,29,447.0,7.706896551724138,4.251943116318381,17,497.0,0.24903996482017193,12,222.0,0.2647148313855783,29,719.0
4785.0,25,432.0,7.2,4.065356452487832,12,489.0,0.22515473365375022,13,244.0,0.16977832784885763,25,733.0
4790.0,24,316.0,5.448275862068965,4.491734877100647,11,412.0,0.2743455555355409,13,268.0,0.2196006859956179,24,680.0
4795.0,23,393.0,6.894736842105263,5.238607968134816,14,382.0,0.17913832855388162,9,278.0,0.37341722677754113,23,660.0
4800.0,25,378.0,7.0,3.7352437515785253,15,427.0,0.11240770462558664,10,264.0,0.30900396072332037,25,691.0
4805.0,23,386.0,7.148148148148148,4.531124962789207,11,431.0,0.21094858449090945,12,212.0,0.2714237386642532,23,643.0
4810.0,20,360.0,6.206896551724138,5.006447161783979,9,379.0,0.275660893160114,11,248.0,0.28211784369084175,20,627.0
4815.0,21,384.0,6.508474576271187,5.824863408300631,12,329.0,0.23571625975044508,9,269.0,0.3694358766830921,21,598.0
4820.0,24,335.0,5.775862068965517,5.220568470053352,14,369.0,0.22537978203898668,10,240.0,0.3526820378197356,24,609.0
4825.0,25,403.0,6.716666666666667,5.599676978003085,9,376.0,0.32861457152456736,16,246.0,0.22810711414819373,25,622.0
4830.0,22,384.0,6.9818181818181815,4.994084716497978,8,378.0,0.3497157923699453,14,234.0,0.15027052684884346,22,612.0
4835.0,25,444.0,8.072727272727272,5.185476721427739,12,416.0,0.22682975718704412,13,240.0,0.23343319567463106,25,656.0
4840.0,23,477.0,9.0,4.720068832153152,12,453.0,0.20095913196471754,11,256.0,0.28750131180848226,23,709.0
4845.0,21,526.0,9.563636363636364,5.729761267832921,8,454.0,0.23809926656875605,13,250.0,0.29589885036119035,21,704.0
4850.0,20,380.0,7.169811320754717,5.532032704428222,6,363.0,0.2713744621865199,14,236.0,0.17549649878961066,20,599.0
4855.0,21,252.0,4.581818181818182,5.81282684418124,9,217.0,0.32393651474660023,12,229.0,0.16021084332816143,21,446.0
4860.0,19,242.0,4.566037735849057,5.777052431843744,9,167.0,0.39252135289466755,10,254.0,0.26699118527783655,19,421.0
4865.0,21,291.0,5.388888888888889,6.111128635451122,12,215.0,0.47044477340279983,9,258.0,0.33988870463403326,21,473.0
4870.0,20,235.0,4.051724137931035,5.508610784493926,10,224.0,0.4700113959475681,10,234.0,0.28335302590423955,20,458.0
4875.0,19,257.0,4.213114754098361,5.028778112180822,7,178.0,0.4208347219248477,12,272.0,0.20472347340960836,19,450.0
4880.0,21,323.0,5.209677419354839,4.584048443266382,8,213.0,0.3730327306528573,13,308.0,0.09804200847347752,21,521.0
4885.0,25,344.0,5.375,5.4174032853896845,13,262.0,0.3786082785990218,12,312.0,0.2307390524102612,25,574.0
4890.0,28,353.0,5.786885245901639,4.904431826403984,17,269.0,0.19638115951716587,11,310.0,0.3543047171695068,28,579.0
4895.0,33,462.0,7.451612903225806,4.420002408580045,21,336.0,0.1135146048226975,12,349.0,0.3549186289516807,33,685.0
4900.0,29,511.0,7.861538461538461,4.513084945279583,19,395.0,0.2044000739596434,10,363.0,0.2888725897798594,29,758.0
4905.0,24,369.0,5.590909090909091,5.313694664272289,12,400.0,0.3253095103222549,12,331.0,0.2905246520008995,24,731.0
4910.0,26,332.0,5.1875,5.059193704255219,10,280.0,0.34703278454368497,16,339.0,0.2562987020178544,26,619.0
4915.0,29,360.0,5.142857142857143,4.765841428248475,13,254.0,0.2829105207021998,16,357.0,0.19658532780465332,29,611.0
4920.0,31,381.0,5.366197183098592,4.943994238082505,14,291.0,0.30794931083245414,17,325.0,0.2682249766165101,31,616.0
4925.0,34,448.0,5.973333333333334,5.083848037894643,19,350.0,0.31884620865258495,15,343.0,0.31501569230503507,34,693.0
4930.0,26,375.0,4.746835443037975,5.189641369631179,18,380.0,0.24020083392742186,8,294.0,0.41223474446858266,26,674.0
4935.0,22,327.0,4.0875,5.6725811524447165,14,342.0,0.28143220192862567,8,280.0,0.3909647531928378,22,622.0
4940.0,29,323.0,4.0375,4.979003586329766,15,331.0,0.30064171485244645,14,315.0,0.24920094269948834,29,646.0
4945.0,36,387.0,4.8375,4.294263293869674,19,346.0,0.25349524513982413,17,340.0,0.14360776783473536,36,686.0
4950.0,37,472.0,6.465753424657534,3.300822828287269,24,416.0,0.09436067738689898,13,346.0,0.18607907579585284,37,762.0
4955.0,38,467.0,6.3108108108108105,3.382086992903251,26,496.0,0.08959342133923455,12,348.0,0.19946620298794815,38,844.0
4960.0,39,510.0,7.285714285714286,3.0636263939182706,23,543.0,0.1402711630107417,16,301.0,0.19621611860562632,39,844.0
4965.0,35,501.0,6.958333333333333,3.56539623702539,18,518.0,0.2212980462715429,17,350.0,0.15414822491961144,35,868.0
4970.0,29,553.0,7.575342465753424,5.006875531379656,17,523.0,0.3170853280285748,12,363.0,0.21401893349010082,29,886.0
4975.0,27,452.0,5.794871794871795,5.164545892840319,17,517.0,0.2437933011834041,10,356.0,0.26503013694588645,27,873.0
4980.0,34,521.0,6.67948717948718,4.509103866441992,20,507.0,0.19233552392590111,14,384.0,0.27619357577952053,34,891.0
4985.0,39,525.0,6.5625,4.689001670415939,22,570.0,0.23122393800455995,17,357.0,0.3606101987993252,39,927.0
4990.0,30,563.0,7.311688311688312,4.982600687767621,17,588.0,0.2609196064866291,13,301.0,0.32831510769516786,30,889.0
4995.0,34,530.0,6.883116883116883,3.89702139737621,17,562.0,0.22271502749821576,17,322.0,0.20527065284313373,34,884.0
5000.0,36,443.0,5.469135802469136,4.4893962606491575,20,550.0,0.1511258508727116,16,304.0,0.2821042247803583,36,854.0
5005.0,34,491.0,6.061728395061729,4.384273556097648,20,586.0,0.07479980613877849,14,292.0,0.36091297137295747,34,878.0
5010.0,32,375.0,4.573170731707317,4.9832384856343435,21,569.0,0.1171186178555256,11,269.0,0.3672819021881514,32,838.0
5015.0,33,376.0,4.7,4.363177056029585,18,605.0,0.1681538119459056,15,267.0,0.26664136472381983,33,872.0
5020.0,31,341.0,4.3164556962025316,4.219309872382862,11,585.0,0.25872463017888875,20,332.0,0.19984695278969233,31,917.0
5025.0,39,474.0,6.0,4.29046068626877,14,576.0,0.29915051229737605,25,419.0,0.17779652414561586,39,995.0
5030.0,40,572.0,7.333333333333333,4.65133515087828,16,569.0,0.2611975014966681,24,499.0,0.29663810270595303,40,1068.0
5035.0,34,488.0,6.0246913580246915,4.501956869223535,18,550.0,0.15188677808542891,16,503.0,0.36830262647644924,34,1053.0
5040.0,43,597.0,7.192771084337349,3.890214326815318,25,611.0,0.15775541988697972,18,531.0,0.2282172870991881,43,1142.0
5045.0,44,701.0,8.057471264367816,4.453749110917783,20,663.0,0.2515938700751721,24,589.0,0.21695638880036747,44,1252.0
5050.0,38,636.0,7.571428571428571,4.275391921591098,11,630.0,0.30593102386256976,27,641.0,0.15878097524242368,38,1271.0
5055.0,43,518.0,6.317073170731708,3.5039376025841453,14,597.0,0.22440552211056156,29,654.0,0.10529243844587359,43,1251.0
5060.0,42,440.0,5.176470588235294,3.23838326466066,17,511.0,0.24725077974908194,25,744.0,0.0894883639830213,42,1255.0
5065.0,45,597.0,7.280487804878049,3.5251582713416196,18,541.0,0.29660018146454836,27,818.0,0.11133155313538748,45,1359.0
5070.0,41,632.0,7.9,3.3050262334319656,14,521.0,0.29166231886130495,27,861.0,0.07866552805054682,41,1382.0
5075.0,34,462.0,5.5,3.551844675095049,13,544.0,0.2101301521339706,21,798.0,0.11607236092448196,34,1342.0
5080.0,38,575.0,7.012195121951219,4.644396239864103,22,600.0,0.17656164682126593,16,732.0,0.31591392199351936,38,1332.0
5085.0,37,637.0,7.4941176470588236,4.48947208148384,23,654.0,0.1551036965310929,14,705.0,0.27153585461363766,37,1359.0
5090.0,36,630.0,7.777777777777778,4.283826075056464,20,689.0,0.16747494775420418,16,699.0,0.24899127687347125,36,1388.0
5095.0,37,545.0,6.987179487179487,4.292860461501942,16,601.0,0.28173490382867117,21,709.0,0.15940208873004166,37,1310.0
5100.0,38,531.0,6.8076923076923075,3.834785726172811,18,579.0,0.2133574739009065,20,660.0,0.1393942777336183,38,1239.0
5105.0,42,617.0,8.452054794520548,3.443638668360659,21,550.0,0.20144932728662573,21,652.0,0.20528191304442098,42,1202.0
5110.0,37,546.0,6.9113924050632916,4.173508432220205,19,468.0,0.29918380367843855,18,655.0,0.1790356187712784,37,1123.0
5115.0,32,410.0,5.189873417721519,4.213517707678104,17,506.0,0.25767029774643263,15,585.0,0.21276592917689582,32,1091.0
5120.0,26,392.0,5.157894736842105,3.7903786895686267,15,490.0,0.15135853121548967,11,569.0,0.23817088965486863,26,1059.0
5125.0,29,481.0,6.166666666666667,5.041496636106154,15,498.0,0.2563231402084288,14,568.0,0.22918947382366364,29,1066.0
5130.0,32,509.0,6.697368421052632,4.095500554387586,13,487.0,0.2934874036843126,19,568.0,0.07641049734882356,32,1055.0
5135.0,32,605.0,8.287671232876713,4.7490410895901976,18,521.0,0.17141956384739157,14,554.0,0.2787639678368691,32,1075.0
5140.0,32,648.0,9.818181818181818,4.2927153606612665,20,589.0,0.049957636066315356,12,521.0,0.3503622767446921,32,1110.0
5145.0,23,583.0,8.96923076923077,4.688784210027385,13,620.0,0.20214947289546245,10,421.0,0.26663422188502306,23,1041.0
5150.0,25,581.0,9.683333333333334,4.630564115661942,10,565.0,0.32062599235635747,15,406.0,0.14222004774721683,25,971.0
5155.0,33,655.0,10.737704918032787,4.4052127233344125,15,567.0,0.3212327069477421,18,456.0,0.1402484982068505,33,1023.0
5160.0,27,654.0,10.9,4.511686461662749,16,547.0,0.15978444036224088,11,468.0,0.33762965341296997,27,1015.0
5165.0,25,324.0,5.491525423728813,4.432784027986485,16,463.0,0.13147284981913546,9,360.0,0.3418427692736391,25,823.0
5170.0,30,426.0,6.761904761904762,4.729298415973726,17,399.0,0.24989495733384198,13,293.0,0.31524425390782135,30,692.0
5175.0,30,461.0,7.203125,4.5233371002112595,14,423.0,0.25661747894745507,16,338.0,0.31181510215941155,30,761.0
5180.0,27,443.0,7.031746031746032,4.737650967574254,10,381.0,0.30011474444152875,17,366.0,0.26867349621152764,27,747.0
5185.0,27,341.0,5.246153846153846,4.729057942794558,8,347.0,0.4050004521755007,19,343.0,0.13308101834398767,27,690.0
5190.0,32,448.0,6.892307692307693,4.647035263438085,12,346.0,0.332495044560073,20,370.0,0.14641983619757012,32,716.0
5195.0,33,469.0,7.106060606060606,3.7989514436143286,15,328.0,0.2557737418471698,18,399.0,0.18230278789273544,33,727.0
5200.0,30,423.0,6.313432835820896,4.822101761976913,17,320.0,0.23465335950195734,13,351.0,0.2683767528100725,30,671.0
5205.0,28,429.0,6.3088235294117645,4.916428446508932,17,339.0,0.16842526220665913,11,321.0,0.32092217476435225,28,660.0
5210.0,22,329.0,4.569444444444445,5.268328962548726,11,310.0,0.1990842667235662,11,326.0,0.26595866521195427,22,636.0
5215.0,22,413.0,5.736111111111111,6.423568462285701,6,291.0,0.39585589430012214,16,355.0,0.2789947058018901,22,646.0
5220.0,22,260.0,3.6619718309859155,6.318129929043514,4,155.0,0.45435138649793194,18,388.0,0.2732890310886904,22,543.0
5225.0,30,364.0,5.2,5.464460830206931,10,145.0,0.30357839231346734,20,444.0,0.3641720719007315,30,589.0
5230.0,33,419.0,6.072463768115942,4.516277089021436,14,173.0,0.19991491406565573,19,472.0,0.36916284758102064,33,645.0
5235.0,25,410.0,5.857142857142857,4.822402635000756,8,170.0,0.16831697194717044,17,431.0,0.3040578870213717,25,601.0
5240.0,23,367.0,5.477611940298507,4.548673850920163,5,116.0,0.17243099792046027,18,491.0,0.17497577920504234,23,607.0
5245.0,33,471.0,6.826086956521739,5.0556096206683065,11,117.0,0.13221448350499082,22,564.0,0.18325702464165827,33,681.0
5250.0,30,537.0,8.390625,4.760926996056817,9,133.0,0.2804571342903274,21,636.0,0.14157457311924898,30,769.0
5255.0,32,672.0,10.666666666666666,4.737565634502648,9,172.0,0.40212922125016703,23,715.0,0.12228379539266976,32,887.0
5260.0,33,709.0,11.078125,4.532806248372886,8,173.0,0.4799261304118674,25,762.0,0.14714825207081375,33,935.0
5265.0,19,654.0,10.380952380952381,5.896108988487402,2,109.0,0.5628340237606645,17,734.0,0.21828279712779888,19,843.0
5270.0,21,478.0,7.836065573770492,5.209369821204172,6,80.0,0.3574311844520673,15,684.0,0.18890329168275435,21,764.0
5275.0,30,309.0,4.904761904761905,4.8458195918522025,12,131.0,0.20130486117815324,18,574.0,0.19146150877478432,30,705.0
5280.0,27,284.0,4.813559322033898,3.7389316411197697,13,174.0,0.1611340797687913,14,591.0,0.221257058292751,27,765.0
5285.0,25,371.0,6.396551724137931,4.969329426380805,12,211.0,0.27949709273940104,13,574.0,0.27211693559296724,25,785.0
5290.0,22,293.0,5.051724137931035,4.989428739031341,9,192.0,0.24732869116055747,13,560.0,0.26540967719231695,22,752.0
5295.0,17,206.0,3.433333333333333,6.388337151794145,3,133.0,0.43593055288952687,14,512.0,0.28391865004523953,17,645.0
5300.0,19,200.0,3.5714285714285716,6.0941015862292005,2,79.0,0.5177835352548968,17,514.0,0.22067255660075044,19,593.0
5305.0,21,223.0,4.2075471698113205,6.008158302172496,6,105.0,0.4671024070692051,15,457.0,0.24170054527918453,21,562.0
5310.0,19,233.0,4.568627450980392,4.574284457230824,5,102.0,0.3646839315053496,14,486.0,0.2014844805458459,19,588.0
5315.0,17,234.0,4.775510204081633,5.274299789126058,3,53.0,0.47933503721584536,14,477.0,0.15916092470414772,17,530.0
5320.0,19,259.0,5.395833333333333,5.174082128091709,6,43.0,0.32717459881897165,13,451.0,0.2089809913332108,19,494.0
5325.0,19,320.0,6.530612244897959,5.947051633515541,7,64.0,0.2808470064943713,12,386.0,0.3124722487241314,19,450.0
5330.0,20,311.0,6.346938775510204,5.136751494572714,10,110.0,0.3335121918495008,10,367.0,0.2915893071715038,20,477.0
5335.0,23,350.0,6.862745098039215,4.870681129718284,8,126.0,0.3791122468136948,15,342.0,0.24721204327761265,23,468.0
5340.0,18,255.0,4.396551724137931,6.392520887586635,5,107.0,0.5881467784315064,13,275.0,0.24715638287411376,18,382.0
5345.0,16,225.0,3.9473684210526314,7.383349039637069,3,68.0,0.6350985475388836,13,286.0,0.28438851640999024,16,354.0
5350.0,18,260.0,4.482758620689655,6.421355766524774,7,78.0,0.5011315463715,11,273.0,0.272784305761949,18,351.0
5355.0,21,264.0,4.631578947368421,5.521572476321355,10,84.0,0.38825787687134006,11,278.0,0.2046919013526397,21,362.0
5360.0,23,230.0,4.339622641509434,4.838934775986033,13,133.0,0.28444799891996014,10,247.0,0.2308495559940832,23,380.0
5365.0,22,218.0,4.2745098039215685,5.115129265977831,13,175.0,0.16368867713212426,9,159.0,0.335360713700601,22,334.0
5370.0,18,255.0,5.3125,5.682697813101687,8,179.0,0.24667593553376296,10,178.0,0.2663378070306658,18,357.0
5375.0,17,238.0,5.288888888888889,5.630333248261739,7,140.0,0.2762103560783713,10,198.0,0.2654925875901163,17,338.0
5380.0,18,202.0,4.391304347826087,5.27928733297584,10,122.0,0.3643352716925586,8,189.0,0.22159001011887156,18,311.0
5385.0,19,265.0,6.162790697674419,5.954411196712775,9,149.0,0.3763766576635523,10,166.0,0.37465239567779207,19,315.0
5390.0,13,233.0,5.295454545454546,6.193978589019196,7,159.0,0.3300512029989942,6,146.0,0.4867350177654936,13,305.0
5395.0,12,252.0,5.7272727272727275,6.712997287644082,8,150.0,0.29610197984962344,4,122.0,0.46592138028630187,12,272.0
5400.0,14,292.0,6.790697674418604,6.307565237074801,7,176.0,0.21323658417634866,7,139.0,0.4243510350255847,14,315.0
5405.0,14,235.0,5.0,7.315384786374209,10,211.0,0.23498725266644893,4,82.0,0.534853640047142,14,293.0
5410.0,11,239.0,5.085106382978723,7.938838733042213,7,234.0,0.4066620537040388,4,32.0,0.6361650142926223,11,266.0
5415.0,9,253.0,5.622222222222222,8.259166092648275,7,240.0,0.4893034241283153,2,24.0,0.6216155448424423,9,264.0
5420.0,15,241.0,5.738095238095238,6.918606992962363,7,228.0,0.48067891710629407,8,48.0,0.32822954058360293,15,276.0
5425.0,11,241.0,5.127659574468085,6.175317083752919,6,223.0,0.32851946388840947,5,62.0,0.38806505722019335,11,285.0
5430.0,18,317.0,7.044444444444444,6.221239079899542,12,272.0,0.24988938108697722,6,57.0,0.5239885257788394,18,329.0
5435.0,14,330.0,6.73469387755102,6.668907429432973,11,311.0,0.2001131540268361,3,63.0,0.6500878839738996,14,374.0
5440.0,10,337.0,6.480769230769231,7.425120235554418,6,303.0,0.35165577593020014,4,52.0,0.5514908675639185,10,355.0
5445.0,13,127.0,2.4423076923076925,6.479385066931723,6,164.0,0.3806281062500765,7,73.0,0.3515881506602992,13,237.0
5450.0,19,196.0,3.69811320754717,6.498056016443522,9,118.0,0.45585402127800256,10,114.0,0.23483093230063318,19,232.0
5455.0,22,239.0,4.596153846153846,5.283989624524339,10,142.0,0.3557371839971291,12,157.0,0.2603906289286051,22,299.0
5460.0,23,326.0,6.150943396226415,6.377593529770005,13,184.0,0.27418197955829154,10,181.0,0.4115777685581524,23,365.0
5465.0,17,317.0,5.87037037037037,6.559156032764649,10,204.0,0.29635993830588736,7,190.0,0.4870936252522538,17,394.0
5470.0,14,326.0,6.037037037037037,7.931137463320464,7,197.0,0.4635322009264473,7,187.0,0.44342659883722957,14,384.0
5475.0,13,206.0,3.8867924528301887,6.1831819680395,5,208.0,0.3841549069844154,8,117.0,0.25287385100972615,13,325.0
5480.0,18,251.0,4.648148148148148,6.740089274942834,11,247.0,0.3612769663257895,7,82.0,0.4196536191133785,18,329.0
5485.0,14,131.0,2.4716981132075473,6.006814391246961,11,196.0,0.3859425621663504,3,77.0,0.3679894030908199,14,273.0
5490.0,19,164.0,3.1538461538461537,6.822798624840671,11,155.0,0.4275778086429662,8,68.0,0.42276012915487815,19,223.0
5495.0,18,195.0,3.979591836734694,5.481495478690238,11,192.0,0.28059786116657387,7,75.0,0.3905304372207899,18,267.0
5500.0,23,236.0,4.37037037037037,5.780620601475539,16,224.0,0.25150778796463547,7,90.0,0.43434332791358293,23,314.0
5505.0,20,171.0,3.1666666666666665,5.311598959101146,14,235.0,0.3002361261293054,6,80.0,0.4217815165112212,20,315.0
5510.0,18,166.0,3.074074074074074,6.858097239106439,10,191.0,0.4409327757506632,8,79.0,0.4408114966200543,18,270.0
5515.0,17,170.0,3.0357142857142856,5.566707210740815,11,211.0,0.36381185734998733,6,81.0,0.334652167185827,17,292.0
5520.0,18,225.0,3.8793103448275863,5.905545341303329,13,255.0,0.32293221110987375,5,79.0,0.3671341875280842,18,334.0
5525.0,22,251.0,4.4035087719298245,4.721911862419273,16,280.0,0.2158372694069404,6,82.0,0.36342025436163305,22,362.0
5530.0,17,277.0,4.775862068965517,5.753540045824486,12,297.0,0.28489130167409477,5,70.0,0.37285960264629636,17,367.0
5535.0,14,234.0,4.254545454545455,6.10208517450325,9,282.0,0.3661952894070143,5,51.0,0.28805103541434235,14,333.0
5540.0,22,299.0,5.245614035087719,6.183885655516616,13,269.0,0.31658788370889906,9,77.0,0.325923670306041,22,346.0
5545.0,23,277.0,5.12962962962963,5.153974512947968,17,297.0,0.24188053685745003,6,94.0,0.39113714252046183,23,391.0
5550.0,22,280.0,5.185185185185185,5.473470185861796,17,290.0,0.11489145602040936,5,82.0,0.5775358473051719,22,372.0
5555.0,20,238.0,4.25,5.781372035208774,17,325.0,0.08714916451002547,3,49.0,0.6673306788609089,20,374.0
5560.0,22,328.0,5.857142857142857,6.749392307226503,18,356.0,0.20346223169876046,4,75.0,0.6447862945587932,22,431.0
5565.0,20,292.0,5.0344827586206895,6.046893967861946,14,374.0,0.3750311865953204,6,64.0,0.4718255207662192,20,438.0
5570.0,19,226.0,3.7666666666666666,5.864170409277721,8,302.0,0.41409592896953745,11,108.0,0.36380058444861746,19,410.0
5575.0,18,181.0,2.873015873015873,5.1749589861378995,7,289.0,0.3617779417668569,11,133.0,0.24146421734998516,18,422.0
5580.0,21,231.0,3.85,5.635498221571988,13,275.0,0.2650089709326358,8,145.0,0.37811075706099884,21,420.0
5585.0,25,243.0,3.9193548387096775,4.5585606431643,17,287.0,0.17993503548551207,8,127.0,0.3225566303385361,25,414.0
5590.0,21,252.0,4.131147540983607,5.547631116212024,12,260.0,0.19057146637118252,9,132.0,0.4143272359074248,21,392.0
5595.0,16,216.0,3.540983606557377,5.667715507885891,9,217.0,0.3002272500836127,7,149.0,0.3396425051077049,16,366.0
5600.0,21,213.0,3.435483870967742,5.415845726144534,12,200.0,0.20508748495798942,9,161.0,0.30541165949436316,21,361.0
5605.0,23,276.0,4.6,5.244251132776137,15,238.0,0.13506745878473558,8,179.0,0.3866115692218626,23,417.0
5610.0,21,309.0,5.722222222222222,5.514595689390298,11,253.0,0.2262932437405509,10,191.0,0.34269726692002217,21,444.0
5615.0,17,194.0,3.730769230769231,4.869576616349727,8,250.0,0.297612594206756,9,145.0,0.23758145339374406,17,395.0
5620.0,27,299.0,5.537037037037037,4.67330426679962,14,280.0,0.28376155392399355,13,163.0,0.14951020570235832,27,443.0
5625.0,24,325.0,6.018518518518518,4.74536118184506,15,319.0,0.3060417555227556,9,164.0,0.21986832781173749,24,483.0
5630.0,16,339.0,6.519230769230769,5.595716922439706,7,308.0,0.31520203652503975,9,174.0,0.2939658159284121,16,482.0
5635.0,16,324.0,6.48,6.187742225056761,8,301.0,0.3865842814251342,8,162.0,0.2256545832346772,16,463.0
5640.0,10,184.0,3.68,6.398911852131611,7,214.0,0.2801119836976399,3,85.0,0.28456491165322617,10,299.0
5645.0,17,251.0,5.02,7.105323349023965,12,232.0,0.2068476156583869,5,97.0,0.4292445929931774,17,329.0
5650.0,16,291.0,5.705882352941177,6.951259457375387,12,270.0,0.20264633723084768,4,112.0,0.5978641574258391,16,382.0
5655.0,10,317.0,6.34,8.40448808617084,7,280.0,0.4185367101342684,3,122.0,0.7266658488817297,10,402.0
5660.0,10,318.0,7.066666666666666,7.7377084538227034,7,282.0,0.4386333771571725,3,131.0,0.6066819884841547,10,413.0
5665.0,16,376.0,8.0,7.560869686693829,10,298.0,0.4597273566971466,6,157.0,0.5139618488401535,16,455.0
5670.0,15,305.0,6.224489795918367,5.639460697951468,10,261.0,0.29455978389511045,5,171.0,0.42902762613959944,15,432.0
5675.0,18,286.0,5.958333333333333,5.661555590579234,10,162.0,0.24931631846653976,8,204.0,0.46986782981772873,18,366.0
5680.0,15,232.0,4.73469387755102,5.550830949339071,11,169.0,0.23118177764938755,4,173.0,0.4895974576948033,15,342.0
5685.0,16,239.0,5.085106382978723,6.437214987907821,8,150.0,0.38492707797492953,8,189.0,0.30976021215323685,16,339.0
5690.0,17,269.0,5.723404255319149,4.666653936682548,10,151.0,0.2789383313933104,7,208.0,0.17884155442590036,17,359.0
5695.0,21,347.0,7.229166666666667,4.446552698053838,11,184.0,0.23550336442896455,10,241.0,0.18846096056645886,21,425.0
5700.0,20,373.0,7.313725490196078,4.6571339648802335,14,214.0,0.20878298825340555,6,253.0,0.41309078371097774,20,467.0
5705.0,14,397.0,8.10204081632653,6.282091645799622,9,216.0,0.2601696893026067,5,245.0,0.4446797872616503,14,461.0
5710.0,13,150.0,3.061224489795918,6.373667730699738,9,187.0,0.1964828502110126,4,141.0,0.4871635040929834,13,328.0
5715.0,19,159.0,3.0576923076923075,6.7231780908303325,15,196.0,0.1464515840561389,4,45.0,0.5247457567964885,19,241.0
5720.0,19,225.0,5.113636363636363,5.982814605522828,14,245.0,0.25593660304544014,5,51.0,0.5345292537385544,19,296.0
5725.0,20,295.0,6.555555555555555,5.638034951556384,13,265.0,0.3012118616367953,7,84.0,0.3689488026808071,20,349.0
5730.0,20,229.0,5.088888888888889,3.991345382019185,13,253.0,0.18679887318783883,7,83.0,0.35802205943072435,20,336.0
5735.0,25,342.0,7.276595744680851,4.992815966147516,15,286.0,0.2376279993689062,10,125.0,0.4112145445186621,25,411.0
5740.0,20,261.0,5.22,5.073707988903042,12,285.0,0.24102138850508598,8,115.0,0.48985235135402755,20,400.0
5745.0,11,125.0,2.450980392156863,6.2816964428641064,5,197.0,0.34208360954774086,6,86.0,0.41559565190496456,11,283.0
5750.0,11,94.0,1.709090909090909,5.735940591829994,6,199.0,0.3502227133841317,5,76.0,0.22355151189801467,11,275.0
5755.0,23,175.0,3.125,5.646609938383868,11,236.0,0.3232427664700531,12,104.0,0.21376993418322673,23,340.0
5760.0,21,227.0,4.203703703703703,5.054145401671023,11,212.0,0.29616579283711175,10,146.0,0.34365096646074145,21,358.0
5765.0,19,272.0,4.857142857142857,5.7846225058889535,8,163.0,0.33047646435525196,11,185.0,0.40786693379654154,19,348.0
5770.0,18,276.0,4.6,5.76484696595104,8,190.0,0.29829098207479054,10,197.0,0.39766279321753173,18,387.0
5775.0,18,256.0,4.063492063492063,6.368350012896204,12,222.0,0.27425180389306986,6,156.0,0.4431921884625969,18,378.0
5780.0,23,241.0,3.8253968253968256,5.672968859279429,14,247.0,0.3202211226678568,9,126.0,0.330753995267779,23,373.0
5785.0,19,265.0,4.140625,5.953144820915442,8,240.0,0.3700230319808995,11,122.0,0.28625519075667527,19,362.0
5790.0,24,220.0,3.6065573770491803,4.985218505555921,11,202.0,0.3193354479842877,13,158.0,0.19678497216617655,24,360.0
5795.0,31,354.0,5.80327868852459,4.964389337683179,16,246.0,0.2812956030160781,15,210.0,0.2247553912887679,31,456.0
5800.0,30,412.0,6.754098360655738,4.857411741006225,16,299.0,0.25017422652362825,14,224.0,0.2855228524060388,30,523.0
5805.0,21,419.0,6.650793650793651,6.222613969556174,12,310.0,0.2980109132407834,9,206.0,0.341587308631938,21,516.0
5810.0,19,323.0,5.209677419354839,5.366419541164668,13,247.0,0.24444067740765643,6,208.0,0.20273149264522283,19,455.0
5815.0,28,408.0,6.688524590163935,5.516441550740006,15,280.0,0.3215447087482638,13,241.0,0.18858232078825032,28,521.0
5820.0,27,332.0,5.442622950819672,4.885782821801822,16,309.0,0.2742100105007632,11,218.0,0.3545727849808539,27,527.0
5825.0,28,304.0,4.983606557377049,5.012292314856432,17,322.0,0.25220544545789986,11,220.0,0.437917744692635,28,542.0
5830.0,23,284.0,4.580645161290323,4.756596280506247,14,352.0,0.312766818840172,9,219.0,0.36266683040622033,23,571.0
5835.0,17,193.0,2.9692307692307693,5.944776763959738,11,333.0,0.28537007587859536,6,167.0,0.4549607962119936,17,500.0
5840.0,24,276.0,4.119402985074627,5.097376820735055,17,330.0,0.11744259409805799,7,146.0,0.368290041989493,24,476.0
5845.0,27,259.0,3.647887323943662,5.1822208506403005,18,333.0,0.15570108036294855,9,118.0,0.27298989057907125,27,451.0
5850.0,30,331.0,4.728571428571429,5.278909928689459,16,373.0,0.28953220730041407,14,148.0,0.32986139762623895,30,521.0
5855.0,28,368.0,5.411764705882353,5.1709428951058465,17,377.0,0.344310503740674,11,179.0,0.3541812074653172,28,556.0
5860.0,28,342.0,5.029411764705882,4.852654054561039,17,391.0,0.28208300137905634,11,194.0,0.36901633764158204,28,585.0
5865.0,33,394.0,5.472222222222222,4.32403211014356,19,392.0,0.20157914538824773,14,212.0,0.31225350337253405,33,604.0
5870.0,30,371.0,5.013513513513513,4.343423761999638,22,416.0,0.16224287976906182,8,181.0,0.31288847194457164,30,597.0
5875.0,23,361.0,5.084507042253521,5.386211268984086,15,389.0,0.22169005685497797,8,179.0,0.36106981645319297,23,568.0
5880.0,23,299.0,4.271428571428571,4.856461072722861,15,386.0,0.16250045246527414,8,146.0,0.31477875301959024,23,532.0
5885.0,35,322.0,4.666666666666667,4.13939418278382,20,404.0,0.1433289728477046,15,168.0,0.2002297603132415,35,572.0
5890.0,34,432.0,6.6461538461538465,3.4159377967324738,19,437.0,0.1439468691634306,15,225.0,0.22786772377954662,34,662.0
5895.0,26,446.0,6.5588235294117645,4.711153949702087,16,477.0,0.18704418500652303,10,254.0,0.346816961234002,26,731.0
5900.0,29,480.0,7.0588235294117645,4.3903841705340145,19,511.0,0.14485355283951606,10,244.0,0.3622213473145518,29,755.0
5905.0,36,524.0,7.277777777777778,3.990945004261258,21,532.0,0.1859775344579109,15,264.0,0.2747063400069833,36,796.0
5910.0,32,404.0,5.771428571428571,4.050946245750313,12,475.0,0.32775957543549494,20,263.0,0.11347954385376482,32,738.0
5915.0,33,332.0,4.676056338028169,4.489393205142683,10,391.0,0.36816091706819193,23,287.0,0.1116678955397499,33,678.0
5920.0,33,411.0,5.871428571428571,4.333530799047222,14,366.0,0.2558541359333194,19,339.0,0.20001205201080385,33,705.0
5925.0,30,372.0,5.552238805970149,4.013212182464961,17,388.0,0.11440447691888071,13,319.0,0.2517911800258405,30,707.0
5930.0,24,405.0,6.230769230769231,4.26467591826258,14,393.0,0.1129547030800764,10,292.0,0.21812966250980484,24,685.0
5935.0,24,402.0,5.826086956521739,5.025729715765134,12,382.0,0.19660596577229864,12,323.0,0.23435857072675104,24,705.0
5940.0,27,308.0,4.597014925373134,5.1327991872771435,13,327.0,0.22937266840948883,14,358.0,0.25418895863559177,27,685.0
5945.0,26,361.0,5.918032786885246,3.826664460044939,11,351.0,0.23942852558245986,15,385.0,0.2268166259394996,26,736.0
5950.0,19,374.0,6.233333333333333,4.269103468636784,8,345.0,0.2835086920861343,11,347.0,0.18207992797910308,19,692.0
5955.0,21,350.0,5.737704918032787,4.62752737617281,9,331.0,0.2206790759495912,12,317.0,0.21314942524845593,21,648.0
5960.0,28,434.0,6.888888888888889,4.466189834202128,12,293.0,0.23318852062198353,16,361.0,0.20461383233062766,28,654.0
5965.0,29,504.0,8.129032258064516,4.755560000009495,11,325.0,0.2886468835175564,18,407.0,0.2760305387112304,29,732.0
5970.0,30,576.0,9.76271186440678,4.479180114186091,10,334.0,0.32997830663149225,20,435.0,0.22909825350038443,30,769.0
5975.0,28,513.0,8.274193548387096,4.533020514513601,10,307.0,0.31543203857715674,18,452.0,0.24564315021809977,28,759.0
5980.0,25,496.0,7.515151515151516,5.378590268743512,14,307.0,0.25303404351648695,11,425.0,0.3350549717914247,25,732.0
5985.0,23,389.0,5.984615384615385,4.964095633423923,13,351.0,0.19160697500697826,10,361.0,0.311813684384672,23,712.0
5990.0,25,407.0,6.2615384615384615,5.159501487208578,9,368.0,0.33827712723310793,16,269.0,0.2092023479375767,25,637.0
5995.0,28,327.0,5.190476190476191,4.344132851955066,8,274.0,0.22462261114689408,20,311.0,0.15843275279591912,28,585.0
6000.0,26,408.0,6.8,5.905036327586534,10,271.0,0.321753795042761,16,313.0,0.24127028525435318,26,584.0
6005.0,27,517.0,8.913793103448276,5.106185467934053,10,317.0,0.23400783032307856,17,375.0,0.22371555015837916,27,692.0
6010.0,30,549.0,9.305084745762711,5.387351728465169,8,257.0,0.4668603806167792,22,467.0,0.20476966614481243,30,724.0
6015.0,27,517.0,9.232142857142858,4.701380479747692,6,173.0,0.5271256492258395,21,522.0,0.1997920628375291,27,695.0
6020.0,25,439.0,7.568965517241379,4.644650177666716,5,179.0,0.4455868695024858,20,547.0,0.2380377844314323,25,726.0
6025.0,27,495.0,8.389830508474576,4.436990207289379,9,191.0,0.2922656690047648,18,574.0,0.2103313002121465,27,765.0
6030.0,23,431.0,7.431034482758621,4.671088340915076,8,192.0,0.3201209696931526,15,547.0,0.17771067775729088,23,739.0
6035.0,21,365.0,6.186440677966102,5.980460329984232,6,140.0,0.36598767222682854,15,512.0,0.26360487198467575,21,652.0
6040.0,22,222.0,3.9642857142857144,5.337936434843469,7,150.0,0.33285852759352746,15,465.0,0.21689290009921353,22,615.0
6045.0,24,298.0,5.321428571428571,5.180447795290147,9,178.0,0.38031262803019555,15,498.0,0.21480662375911805,24,676.0
6050.0,24,298.0,5.518518518518518,4.687493691215884,7,132.0,0.48864492242411,17,541.0,0.1639065187656995,24,673.0
6055.0,23,330.0,6.226415094339623,5.061972715590421,9,97.0,0.379232438458182,14,568.0,0.22571641810024923,23,665.0
6060.0,24,401.0,7.160714285714286,4.515011232726872,9,118.0,0.2468532362045437,15,577.0,0.2611119905520539,24,695.0
6065.0,27,490.0,8.448275862068966,5.282672526107951,12,176.0,0.23809966391106455,15,555.0,0.3545993717045539,27,731.0
6070.0,24,379.0,7.018518518518518,5.035660633966491,9,165.0,0.40931100796279735,15,546.0,0.31127368050588106,24,711.0
6075.0,21,402.0,7.052631578947368,5.224797939929325,4,100.0,0.488312925932392,17,578.0,0.17658231367834454,21,678.0
6080.0,23,411.0,6.85,5.548595441245573,3,67.0,0.48648353952732654,20,638.0,0.21600648174239023,23,705.0
6085.0,18,391.0,6.409836065573771,6.732401036596726,6,50.0,0.4281711058326186,12,640.0,0.36545467095876105,18,690.0
6090.0,15,402.0,7.052631578947368,6.342137347746514,1,34.0,0.4547262402791643,14,637.0,0.34545704269309957,15,671.0
6095.0,24,463.0,8.267857142857142,4.630599045037387,6,54.0,0.38109210987925063,18,645.0,0.14487944261547908,24,699.0
6100.0,23,387.0,6.910714285714286,4.357004669961817,4,53.0,0.4209032780996223,19,616.0,0.1641531819122764,23,669.0
6105.0,23,224.0,3.9298245614035086,4.999577389115206,4,33.0,0.4789082903143967,19,502.0,0.17581301914418673,23,535.0
6110.0,21,235.0,4.12280701754386,5.116672497265294,1,22.0,0.5068407344439951,20,540.0,0.20827583771266345,21,562.0
6115.0,18,232.0,4.296296296296297,6.323663099993165,2,15.0,0.6452891781875986,16,520.0,0.2549562948781324,18,535.0
6120.0,21,207.0,3.8333333333333335,5.158198233062747,4,30.0,0.44289853054517825,17,542.0,0.2033872951088652,21,572.0
6125.0,31,291.0,5.105263157894737,4.4127904210616204,9,64.0,0.3715646078005947,22,538.0,0.11355292519082548,31,602.0
6130.0,27,340.0,5.964912280701754,5.097389104912908,4,64.0,0.5840020948635448,23,612.0,0.12414584826146445,27,676.0
6135.0,23,336.0,5.793103448275862,5.9356704396612905,4,57.0,0.5857672817539289,19,657.0,0.16563184577753165,23,714.0
6140.0,24,365.0,6.293103448275862,5.267378792369018,5,45.0,0.5232330393034998,19,629.0,0.1142227020636918,24,674.0
6145.0,29,385.0,6.111111111111111,5.135374771513374,9,84.0,0.4497094817201766,20,580.0,0.1392110281883441,29,664.0
6150.0,27,391.0,6.409836065573771,3.882395912931944,9,118.0,0.316620305944362,18,585.0,0.19612246312171433,27,703.0
6155.0,22,261.0,4.278688524590164,5.155037079518701,9,149.0,0.3249123952639995,13,510.0,0.24667937268238488,22,659.0
6160.0,22,262.0,4.030769230769231,4.648157770860383,10,171.0,0.21333346198562125,12,505.0,0.17327773932936008,22,676.0
6165.0,32,300.0,4.411764705882353,4.8276670374551625,16,189.0,0.23911878955448543,16,493.0,0.1656302535713113,32,682.0
6170.0,29,301.0,4.777777777777778,4.496046196936904,13,188.0,0.3057686885905611,16,497.0,0.2524809184357594,29,685.0
6175.0,33,385.0,6.311475409836065,4.010479094204355,15,211.0,0.2691972779938181,18,501.0,0.23570075918745298,33,712.0
6180.0,33,411.0,6.629032258064516,3.412524836662328,15,248.0,0.2585249703103064,18,503.0,0.19926091267984514,33,751.0
6185.0,22,325.0,5.241935483870968,4.399175550112605,8,219.0,0.2373532208125945,14,414.0,0.18909506661736758,22,633.0
6190.0,23,281.0,4.4603174603174605,4.052029335489894,10,198.0,0.1440345451447917,13,415.0,0.12858738126274383,23,613.0
6195.0,30,338.0,5.044776119402985,4.742675699912598,15,234.0,0.18015212486971946,15,426.0,0.18073310174403606,30,660.0
6200.0,29,421.0,6.901639344262295,4.68940451785859,14,271.0,0.27602664431842305,15,425.0,0.2758144615219173,29,696.0
6205.0,18,433.0,7.098360655737705,5.816173901755108,8,252.0,0.3613046149798217,10,402.0,0.2880882462739774,18,654.0
6210.0,22,433.0,7.216666666666667,5.0718392318070835,10,243.0,0.26746078526970707,12,426.0,0.1635463096408507,22,669.0
6215.0,27,450.0,7.258064516129032,5.735189507294836,13,225.0,0.21237783338437646,14,441.0,0.20561293894651528,27,666.0
6220.0,25,263.0,4.696428571428571,4.812091677866561,11,211.0,0.2016430728769919,14,368.0,0.28329153838748505,25,579.0
6225.0,26,360.0,6.315789473684211,5.171599789061553,11,231.0,0.3320027593350974,15,354.0,0.2713009618969779,26,585.0
6230.0,25,348.0,6.0,4.5621113084071165,10,233.0,0.3586713264581918,15,364.0,0.2408992508274508,25,597.0
6235.0,18,294.0,4.9,6.125222173523858,7,178.0,0.4671889037254859,11,331.0,0.23889551246625804,18,509.0
6240.0,21,301.0,5.016666666666667,5.3098740095915336,9,184.0,0.2609925989827426,12,354.0,0.2235328819641207,21,538.0
6245.0,24,341.0,5.590163934426229,5.289755053641439,12,222.0,0.22291048603795946,12,368.0,0.2267058189353017,24,590.0
6250.0,24,411.0,6.85,4.714736095303555,11,243.0,0.29311505986063324,13,386.0,0.24583830488229969,24,629.0
6255.0,20,452.0,7.9298245614035086,5.917880724884997,9,259.0,0.4253789681426624,11,385.0,0.26877275292525576,20,644.0
6260.0,17,266.0,4.508474576271187,6.085336901172227,7,210.0,0.43503815367738874,10,307.0,0.24003704923290753,17,517.0
6265.0,18,280.0,4.666666666666667,6.889243195288914,8,162.0,0.5110213595542122,10,233.0,0.22488406234710423,18,395.0
6270.0,24,351.0,6.381818181818182,5.25393918112064,12,210.0,0.3770961213131036,12,256.0,0.2725153511190435,24,466.0
6275.0,26,329.0,6.092592592592593,4.655281249183441,15,228.0,0.23974701024923856,11,244.0,0.3835805612319924,26,472.0
6280.0,27,284.0,4.982456140350878,4.0329593326979065,16,252.0,0.20557884210684635,11,217.0,0.3415306956326046,27,469.0
6285.0,33,377.0,6.5,3.2431294996280924,17,303.0,0.22502947251948763,16,256.0,0.21406273712001136,33,559.0
6290.0,32,415.0,6.693548387096774,4.585771150073167,17,345.0,0.33123706419943716,15,281.0,0.23237437355261994,32,626.0
6295.0,26,363.0,5.761904761904762,4.600038617365135,16,364.0,0.24101818887292983,10,239.0,0.267501744715127,26,603.0
6300.0,22,299.0,4.333333333333333,5.2728535798290705,12,308.0,0.291761894213242,10,237.0,0.22923078146097817,22,545.0
6305.0,23,278.0,4.028985507246377,4.800960212881383,10,307.0,0.27979163652592637,13,236.0,0.12060534916198819,23,543.0
6310.0,31,288.0,4.056338028169014,5.521370116063192,15,336.0,0.35941846944277694,16,251.0,0.2083230560684576,31,587.0
6315.0,31,372.0,5.23943661971831,4.78622461740445,16,364.0,0.22455924007453304,15,252.0,0.32388790763606845,31,616.0
6320.0,26,402.0,5.583333333333333,4.4896216933959545,14,380.0,0.20600676567109064,12,268.0,0.30519469784633024,26,648.0
6325.0,25,317.0,4.464788732394366,4.975922028501289,17,374.0,0.21517438508892894,8,224.0,0.3245601799588453,25,598.0
6330.0,30,364.0,5.27536231884058,4.969161951829977,22,362.0,0.10473009852351527,8,195.0,0.3653158093279855,30,557.0
6335.0,34,449.0,6.507246376811594,4.15774151547419,22,439.0,0.09639123575465108,12,204.0,0.23635862843152858,34,643.0
6340.0,31,537.0,8.261538461538462,4.800607240819223,17,468.0,0.16156680853582756,14,243.0,0.3111269795242841,31,711.0
6345.0,31,598.0,9.06060606060606,4.700751781338115,18,521.0,0.2235996777126665,13,272.0,0.2483948549476542,31,793.0
6350.0,25,553.0,8.777777777777779,5.480134526711126,17,537.0,0.255061877237848,8,271.0,0.2938473167916759,25,808.0
6355.0,24,422.0,7.535714285714286,4.522970842366363,16,562.0,0.16573051954534837,8,183.0,0.376373175866339,24,745.0
6360.0,30,510.0,8.5,4.1309566668292685,20,608.0,0.18829772257355343,10,155.0,0.31844691140726034,30,763.0
6365.0,22,484.0,7.934426229508197,4.82169047134492,14,621.0,0.2972046351759342,8,125.0,0.29921301954810414,22,746.0
6370.0,24,351.0,5.85,5.8272417104582654,14,548.0,0.3594063568123666,10,138.0,0.3334838430796743,24,686.0
6375.0,26,377.0,6.080645161290323,5.704275680419287,16,481.0,0.3219989364047819,10,147.0,0.32334387495680655,26,628.0
6380.0,22,403.0,6.60655737704918,5.360863215387415,19,534.0,0.12333882208854127,3,110.0,0.47543858450471094,22,644.0
6385.0,21,475.0,8.636363636363637,5.133416582629479,16,581.0,0.09675440025749078,5,109.0,0.43872910351799116,21,690.0
6390.0,22,517.0,8.76271186440678,5.48941790185812,16,603.0,0.13796309557383976,6,124.0,0.3567146753170763,22,727.0
6395.0,21,483.0,8.781818181818181,5.694375498632743,15,569.0,0.20152043916773554,6,130.0,0.34872476542014236,21,699.0
6400.0,22,498.0,9.054545454545455,5.828647594840863,15,544.0,0.21630247489531482,7,162.0,0.45222624690574087,22,706.0
6405.0,20,231.0,4.277777777777778,5.762738506740788,16,516.0,0.293437612555957,4,81.0,0.4108075477951446,20,597.0
6410.0,19,252.0,4.421052631578948,6.211872103169631,13,469.0,0.3330720258885044,6,82.0,0.4018590664352798,19,551.0
6415.0,23,345.0,5.8474576271186445,6.388363511779643,16,515.0,0.2544407656275473,7,112.0,0.5379774464653041,23,627.0
6420.0,26,374.0,6.448275862068965,5.116276345849638,16,535.0,0.15925062917882513,10,151.0,0.4740707044096294,26,686.0
6425.0,18,259.0,4.245901639344262,5.522413566098168,11,514.0,0.25220219937732097,7,141.0,0.40299951932619865,18,655.0
6430.0,18,203.0,3.274193548387097,6.100738579976319,13,466.0,0.24427117426852507,5,105.0,0.4019689184825793,18,571.0
6435.0,19,180.0,2.857142857142857,5.635965810067074,15,405.0,0.18471663606050295,4,104.0,0.37535730006680446,19,509.0
6440.0,27,261.0,4.078125,5.686523399777437,14,427.0,0.23372859332124457,13,144.0,0.4345690944531022,27,571.0
6445.0,27,328.0,5.2063492063492065,5.351531705983195,14,390.0,0.28955789114943764,13,197.0,0.3599304379679904,27,587.0
6450.0,26,372.0,5.904761904761905,5.743361105238633,13,419.0,0.3590138620438013,13,244.0,0.31989346581988687,26,663.0
6455.0,26,418.0,6.057971014492754,5.650802962670917,14,448.0,0.324429597262237,12,256.0,0.32898495544089834,26,704.0
6460.0,27,423.0,6.507692307692308,5.58103721641327,16,487.0,0.22170816918754485,11,228.0,0.4269518265682133,27,715.0
6465.0,28,395.0,5.895522388059701,4.558532523750397,16,495.0,0.1365378706095852,12,188.0,0.3385513368444205,28,683.0
6470.0,35,416.0,5.942857142857143,4.209026622653538,18,468.0,0.19484093128733376,17,241.0,0.256980995766962,35,709.0
6475.0,35,422.0,5.943661971830986,4.213190370625403,16,400.0,0.29323781995193454,19,298.0,0.24431730113651526,35,698.0
6480.0,30,425.0,5.743243243243243,4.374239164065554,14,405.0,0.26136617653601324,16,319.0,0.27082435795012194,30,724.0
6485.0,24,311.0,4.1466666666666665,4.83041960632373,10,350.0,0.21477790817875933,14,307.0,0.2841657234220288,24,657.0
6490.0,29,347.0,4.5064935064935066,5.076605850236869,12,368.0,0.24395773913582033,17,302.0,0.22753572379552278,29,670.0
6495.0,36,377.0,5.026666666666666,4.411349252731546,14,360.0,0.2731175826681458,22,341.0,0.17895887302467642,36,701.0
6500.0,37,470.0,6.351351351351352,4.222410740579664,14,374.0,0.26493187387955724,23,373.0,0.21162451530876594,37,747.0
6505.0,35,533.0,7.301369863013699,4.152974860890874,12,337.0,0.2511901675726267,23,452.0,0.21826964242054134,35,789.0
6510.0,26,405.0,5.625,4.154971796885814,9,300.0,0.2393848803656057,17,459.0,0.21757548479248506,26,759.0
6515.0,31,514.0,7.041095890410959,4.353827706092947,15,319.0,0.13829409787201835,16,500.0,0.27533629231623746,31,819.0
6520.0,41,665.0,8.986486486486486,4.418326931346606,17,374.0,0.20742177253229327,24,586.0,0.24374593879995007,41,960.0
6525.0,32,755.0,9.93421052631579,4.023855059676878,9,385.0,0.3674823058528005,23,660.0,0.08266496752929006,32,1045.0
6530.0,31,693.0,9.364864864864865,4.891278897856544,10,324.0,0.39397929096347145,21,678.0,0.12274700147827967,31,1002.0
6535.0,32,662.0,8.945945945945946,4.587926747905276,14,243.0,0.27727421844869754,18,674.0,0.16231435609473616,32,917.0
6540.0,35,511.0,6.8133333333333335,4.316745765129556,19,279.0,0.19953402869471012,16,611.0,0.20128284988149786,35,890.0
6545.0,35,586.0,8.027397260273972,4.639535032871862,19,286.0,0.2836091494210645,16,597.0,0.20588298454359114,35,883.0
6550.0,35,629.0,9.115942028985508,3.7080419810812537,18,332.0,0.24984796185103952,17,629.0,0.20156843764723764,35,961.0
6555.0,35,727.0,10.691176470588236,3.8853204070548,20,366.0,0.17689197284273706,15,632.0,0.2668469131162171,35,998.0
6560.0,38,665.0,9.366197183098592,3.3568326497951713,21,401.0,0.06928271629289301,17,628.0,0.27119910305398814,38,1029.0
6565.0,31,344.0,4.914285714285715,4.826917325802515,14,348.0,0.23140999570720985,17,556.0,0.2801293812804247,31,904.0
6570.0,24,328.0,4.619718309859155,5.055533464658118,8,285.0,0.41488491817374507,16,572.0,0.1377409073002008,24,857.0
6575.0,29,370.0,5.138888888888889,4.407852605945771,9,305.0,0.3292876011056745,20,576.0,0.10208315858502194,29,881.0
6580.0,38,471.0,6.926470588235294,3.796456434980713,16,359.0,0.24648696254841837,22,637.0,0.17826826142323934,38,996.0
6585.0,33,498.0,6.72972972972973,3.813585863332129,17,376.0,0.10905455376841734,16,638.0,0.31152839529845,33,1014.0
6590.0,27,518.0,7.0,5.104810831779176,12,342.0,0.2533126100201723,15,601.0,0.32625301274859136,27,943.0
6595.0,21,429.0,5.571428571428571,5.616021223334437,5,329.0,0.41482906110420203,16,544.0,0.19168504139760245,21,873.0
6600.0,33,537.0,7.065789473684211,4.556433567411998,10,300.0,0.31638110200101993,23,562.0,0.13066877657494494,33,862.0
6605.0,35,634.0,8.684931506849315,3.906959817064452,16,319.0,0.20631994391746333,19,610.0,0.19637122844849972,35,929.0
6610.0,26,624.0,8.914285714285715,4.443547182591562,13,314.0,0.1524022358942273,13,603.0,0.2551730581049382,26,917.0
6615.0,23,474.0,7.181818181818182,4.910912769174892,10,317.0,0.27436817245721706,13,497.0,0.14674863697970203,23,814.0
6620.0,26,358.0,5.507692307692308,4.993009541443319,8,269.0,0.3585619432068873,18,479.0,0.08925904011586107,26,748.0
6625.0,30,328.0,5.125,4.744765207739808,11,167.0,0.34142250980070943,19,497.0,0.17013394911511864,30,664.0
6630.0,30,391.0,6.306451612903226,4.418080615365093,12,198.0,0.34622524233621627,18,464.0,0.2166422973837237,30,662.0
6635.0,28,416.0,6.709677419354839,4.142041578572888,9,196.0,0.30925058893161694,19,502.0,0.16951175745354513,28,698.0
6640.0,21,331.0,5.516666666666667,4.351017975109715,8,172.0,0.2457308203848351,13,465.0,0.22512902363110618,21,637.0
6645.0,25,340.0,5.483870967741935,4.61205284945264,13,173.0,0.06253591957403896,12,443.0,0.3710477999326198,25,616.0
6650.0,28,274.0,4.491803278688525,4.637507453670011,16,212.0,0.1647063053369579,12,403.0,0.36127621406864,28,615.0
6655.0,19,301.0,5.016666666666667,5.183271325556001,6,201.0,0.41309175672990045,13,389.0,0.282858905655376,19,590.0
6660.0,20,248.0,3.875,5.017021436348697,4,152.0,0.5022669565971681,16,400.0,0.16110319550766367,20,552.0
6665.0,20,286.0,4.144927536231884,4.9781954978286365,8,154.0,0.34076268871364757,12,407.0,0.21738275355227354,20,561.0
6670.0,28,363.0,5.185714285714286,4.257363639894027,13,183.0,0.20552078063460197,15,429.0,0.26419572375821226,28,612.0
6675.0,30,445.0,6.095890410958904,5.207808185000811,12,195.0,0.33048861872398605,18,470.0,0.2515265228235102,30,665.0
6680.0,26,266.0,3.8550724637681157,4.704607810847675,8,126.0,0.3726108527315458,18,412.0,0.1699943900784023,26,538.0
6685.0,26,291.0,4.098591549295775,4.880200759099092,6,115.0,0.35123103819684864,20,358.0,0.10810569383465124,26,473.0
6690.0,33,343.0,4.698630136986301,5.079400533467213,11,131.0,0.37369524669422677,22,409.0,0.15445756233336674,33,540.0
6695.0,24,291.0,4.041666666666667,5.584415804618065,10,147.0,0.3303672738127403,14,390.0,0.25936146562729845,24,537.0
6700.0,21,300.0,4.109589041095891,5.744720008312691,10,148.0,0.2974205455495325,11,396.0,0.3137821750075741,21,544.0
6705.0,24,303.0,4.208333333333333,5.250734589746857,11,180.0,0.217535264173052,13,410.0,0.25875900478318353,24,590.0
6710.0,34,322.0,4.351351351351352,4.664516589222515,17,223.0,0.18776287406844794,17,410.0,0.2492506904256378,34,633.0
6715.0,37,403.0,5.676056338028169,4.680988532074181,17,284.0,0.25888321657356766,20,411.0,0.28154031901787047,37,695.0
6720.0,35,427.0,6.1,3.961891922524673,14,302.0,0.3035887291681457,21,437.0,0.21512653869490023,35,739.0
6725.0,31,365.0,5.0,4.01025962030816,13,317.0,0.21891518170344643,18,400.0,0.24051045366296417,31,717.0
6730.0,25,317.0,4.342465753424658,4.520169925697978,9,276.0,0.1593580052012397,16,437.0,0.26868955796797206,25,713.0
6735.0,25,337.0,4.616438356164384,4.901536897879035,8,262.0,0.29949096163458605,17,428.0,0.16101502892804284,25,690.0
6740.0,30,332.0,4.5479452054794525,4.400769067236211,9,255.0,0.2880396215961481,21,457.0,0.13416028551870102,30,712.0
6745.0,35,348.0,4.9714285714285715,4.172639376294416,13,233.0,0.3294683973051053,22,502.0,0.1941413780705501,35,735.0
6750.0,40,442.0,6.405797101449275,3.583553582057306,18,273.0,0.2963940488437731,22,542.0,0.18482240729204097,40,815.0
6755.0,42,581.0,8.183098591549296,3.4185654165823793,17,314.0,0.2523252425656689,25,604.0,0.16795368464022906,42,918.0
6760.0,38,538.0,7.36986301369863,3.5806892428542327,13,302.0,0.3023626787572348,25,621.0,0.06858999950702586,38,923.0
6765.0,28,422.0,5.702702702702703,4.602539608485784,10,280.0,0.3220254398232988,18,538.0,0.12802806886164517,28,818.0
6770.0,22,374.0,5.054054054054054,5.682258227601101,10,263.0,0.2881497651554573,12,439.0,0.2660906645654025,22,702.0
6775.0,24,398.0,5.768115942028985,5.170683136510708,16,305.0,0.09764116551756162,8,380.0,0.4092779513806021,24,685.0
6780.0,27,279.0,3.77027027027027,4.684345290487216,20,319.0,0.11371452992851251,7,320.0,0.35383141097517207,27,639.0
6785.0,34,297.0,4.304347826086956,4.715976795747943,21,332.0,0.20473341778506796,13,344.0,0.4095884534957192,34,676.0
6790.0,31,343.0,5.044117647058823,3.687474913222186,18,362.0,0.21818711218194428,13,361.0,0.2661912116005498,31,723.0
6795.0,23,250.0,3.787878787878788,3.6822283154442106,10,331.0,0.1716821794585443,13,335.0,0.1630595957205336,23,666.0
6800.0,24,185.0,2.803030303030303,3.8200528683633084,10,324.0,0.174216003803934,14,334.0,0.12980378609836116,24,658.0
6805.0,33,320.0,4.705882352941177,4.462292882835738,13,359.0,0.19061680714312887,20,413.0,0.15404004503592397,33,772.0
6810.0,36,419.0,6.446153846153846,4.148771859888606,15,373.0,0.27798179084272834,21,493.0,0.19826123547066257,36,866.0
6815.0,27,469.0,7.328125,4.351149421095904,7,323.0,0.33071359759253866,20,554.0,0.18516292008913415,27,877.0
6820.0,25,524.0,7.82089552238806,4.92809654678014,6,271.0,0.42894031061582305,19,585.0,0.14779465583354798,25,856.0
6825.0,20,493.0,7.042857142857143,6.164475954121358,8,281.0,0.45649358008796825,12,551.0,0.2240743398064251,20,832.0
6830.0,21,384.0,5.485714285714286,5.605637552495825,6,214.0,0.414080045162586,15,541.0,0.1908459138326604,21,755.0
6835.0,24,306.0,4.5,5.741603189197328,9,188.0,0.3928457734872913,15,476.0,0.22972890567611104,24,664.0
6840.0,25,306.0,4.78125,4.9462423926502765,9,213.0,0.3046718741769433,16,504.0,0.27446337495691503,25,717.0
6845.0,29,402.0,6.483870967741935,4.591836520147742,10,230.0,0.2990096524338991,19,560.0,0.2248341983473856,29,790.0
6850.0,27,320.0,5.161290322580645,4.400341404482752,7,192.0,0.24600517355258703,20,584.0,0.18308031051449417,27,776.0
6855.0,26,287.0,4.484375,5.3758744341130775,11,154.0,0.2722767717723782,15,534.0,0.243612512576404,26,688.0
6860.0,22,304.0,4.676923076923077,5.225178159998194,9,178.0,0.20084389298911665,13,516.0,0.3051726055308346,22,694.0
6865.0,19,281.0,4.390625,5.455382651227506,4,173.0,0.4267992630125717,15,448.0,0.2594025066580682,19,621.0
6870.0,20,196.0,3.2131147540983607,5.033898637226785,3,81.0,0.5124148667132448,17,506.0,0.1902117315563896,20,587.0
6875.0,30,302.0,5.033333333333333,4.603145958213031,8,86.0,0.3760510146659685,22,582.0,0.21891118355987227,30,668.0
6880.0,30,323.0,5.295081967213115,3.8109773959649584,6,77.0,0.3591764079926144,24,612.0,0.15649788725245553,30,689.0
6885.0,29,299.0,4.462686567164179,4.936910424648813,10,106.0,0.41265825198588485,19,565.0,0.18410004142008052,29,671.0
6890.0,21,310.0,4.626865671641791,5.410071222448996,7,109.0,0.3675461907400777,14,541.0,0.2673013599784989,21,650.0
6895.0,19,309.0,4.414285714285715,6.362620862294035,4,53.0,0.45282871760895554,15,539.0,0.2830289148157115,19,592.0
6900.0,22,292.0,4.358208955223881,4.9093985506668165,6,53.0,0.34995291383714017,16,494.0,0.20286325745149866,22,547.0
6905.0,23,231.0,3.6666666666666665,5.081003221117841,3,58.0,0.5792469406154487,20,491.0,0.1557072807193671,23,549.0
6910.0,29,332.0,5.442622950819672,5.151035297025292,4,59.0,0.5915802370242885,25,542.0,0.1657770573455495,29,601.0
6915.0,32,413.0,6.770491803278689,4.3463001879788985,6,86.0,0.4115127359867254,26,593.0,0.14279723019435284,32,679.0
6920.0,25,372.0,6.413793103448276,4.194105210809673,6,106.0,0.3549103826260135,19,578.0,0.13533067551393926,25,684.0
6925.0,22,291.0,4.932203389830509,4.048854523432493,8,135.0,0.053110966096422185,14,566.0,0.19217543364604023,22,701.0
6930.0,22,272.0,4.459016393442623,4.526908859029035,7,130.0,0.3010953331724654,15,572.0,0.19815336416985926,22,702.0
6935.0,26,338.0,5.633333333333334,4.961803591295038,3,101.0,0.5761720834892089,23,618.0,0.13870076131120365,26,719.0
6940.0,20,371.0,6.396551724137931,5.410102259617289,4,104.0,0.58345420153507,16,606.0,0.16916878864461593,20,710.0
6945.0,21,351.0,5.754098360655738,5.5957930067555495,5,124.0,0.40004316955716274,16,581.0,0.22476011775725835,21,705.0
6950.0,23,304.0,5.241379310344827,4.832224667725772,8,161.0,0.2538851559887367,15,534.0,0.18666623246766836,23,695.0
6955.0,25,270.0,4.909090909090909,3.9486716984141217,7,92.0,0.3267562420929255,18,556.0,0.1906055121496894,25,648.0
6960.0,22,312.0,5.886792452830188,4.764112872361619,8,108.0,0.3115127264689493,14,523.0,0.24886579429024916,22,631.0
6965.0,20,258.0,4.526315789473684,4.754008606487883,6,87.0,0.42435754491677324,14,523.0,0.19226432984708583,20,610.0
6970.0,24,329.0,5.576271186440678,6.345129429846292,3,54.0,0.6536397894561857,21,589.0,0.19526904478979076,24,643.0
6975.0,26,374.0,6.338983050847458,4.96260701441776,3,39.0,0.46622752223088704,23,613.0,0.1749296387533825,26,652.0
6980.0,25,435.0,7.25,5.457615341894371,5,62.0,0.5203797824665176,20,606.0,0.21597309741854653,25,668.0
6985.0,25,447.0,7.576271186440678,4.782697948617915,6,48.0,0.4723233443862712,19,635.0,0.19205099321599906,25,683.0
6990.0,21,418.0,7.084745762711864,4.712952475577404,8,84.0,0.39316922509021485,13,592.0,0.1639213381071774,21,676.0
6995.0,28,487.0,8.39655172413793,4.307038844521933,8,97.0,0.31226972050206886,20,636.0,0.14699720280730252,28,733.0
7000.0,33,617.0,9.951612903225806,4.498177422567205,12,139.0,0.36977272563628893,21,689.0,0.14215185697238725,33,828.0
7005.0,28,641.0,11.24561403508772,3.8121238270653715,9,134.0,0.40270251752011144,19,733.0,0.1397428717253729,28,867.0
7010.0,22,647.0,12.442307692307692,4.463722570416558,5,90.0,0.44220158839842144,17,716.0,0.1118984006495199,22,806.0
7015.0,22,547.0,10.72549019607843,3.7594015679896082,7,89.0,0.22637777695287994,15,661.0,0.07979928364866946,22,750.0
7020.0,28,357.0,6.865384615384615,3.9909914526872297,13,127.0,0.1978450175554217,15,550.0,0.14606274371917277,28,677.0
7025.0,22,350.0,6.730769230769231,5.444983594219211,9,144.0,0.3682944076153602,13,466.0,0.2658629281492291,22,610.0
7030.0,19,411.0,8.5625,5.977058930285075,5,114.0,0.5050005228637806,14,414.0,0.24461076831301692,19,528.0
7035.0,17,361.0,7.680851063829787,5.141761172731756,5,76.0,0.5054496917119847,12,434.0,0.08009292450095568,17,510.0
7040.0,18,401.0,8.911111111111111,5.784731714966632,7,57.0,0.4073420570999012,11,435.0,0.1972362965031397,18,492.0
7045.0,20,380.0,8.837209302325581,4.877897776709903,10,64.0,0.2655619051841785,10,432.0,0.26080601966383005,20,496.0
7050.0,21,376.0,8.545454545454545,5.18511527681306,14,129.0,0.20433831961714205,7,392.0,0.4626660384320412,21,521.0
7055.0,19,392.0,8.71111111111111,4.58988966190916,12,169.0,0.2929087275847591,7,373.0,0.32550382956388885,19,542.0
7060.0,22,481.0,10.456521739130435,5.4793771248201075,12,205.0,0.2988402355865155,10,364.0,0.3954474565266358,22,569.0
7065.0,19,240.0,5.217391304347826,4.532553985149495,11,214.0,0.2072391831977808,8,231.0,0.4054751019414925,19,445.0
7070.0,14,181.0,3.9347826086956523,6.422688702333461,5,154.0,0.42595700795903263,9,191.0,0.29012183715618617,14,345.0
7075.0,14,170.0,3.4693877551020407,6.981984579686394,5,120.0,0.628091472469434,9,189.0,0.1736275097931017,14,309.0
7080.0,9,181.0,3.62,8.468063589027269,5,121.0,0.6599590975562707,4,158.0,0.28269323278450664,9,279.0
7085.0,9,113.0,2.511111111111111,6.174264339729218,4,77.0,0.39024955289080765,5,164.0,0.18742403196757162,9,241.0
7090.0,20,193.0,4.020833333333333,6.082722902947377,12,94.0,0.23758416610543573,8,203.0,0.2824309376805528,20,297.0
7095.0,17,227.0,5.044444444444444,5.410378472618896,12,139.0,0.18510454014269973,5,212.0,0.43093470430579484,17,351.0
7100.0,12,236.0,5.488372093023256,6.925788484468529,8,148.0,0.26899711859916303,4,192.0,0.5128397453351069,12,340.0
7105.0,11,130.0,2.888888888888889,6.223331932150994,7,145.0,0.17994751134686696,4,124.0,0.419181971105411,11,269.0
7110.0,17,181.0,4.022222222222222,7.091357628821778,10,171.0,0.27821247837613305,7,54.0,0.5152101090202342,17,225.0
7115.0,13,221.0,4.911111111111111,7.306149542989548,6,183.0,0.3648290075740953,7,89.0,0.5641464881787632,13,272.0
7120.0,8,198.0,4.604651162790698,7.669906359596173,6,168.0,0.5366182254719553,2,72.0,0.49823695606429547,8,240.0
7125.0,10,166.0,3.688888888888889,7.9760314490452,3,144.0,0.613251266138861,7,53.0,0.3698464132998126,10,197.0
7130.0,9,174.0,4.142857142857143,7.221597360454997,4,141.0,0.5183443243168537,5,49.0,0.2534683659045932,9,190.0
7135.0,15,106.0,2.65,7.364898189513275,5,102.0,0.5844165427794678,10,79.0,0.27410904396077307,15,181.0
7140.0,10,110.0,3.142857142857143,7.174261166851472,3,32.0,0.6534565000705446,7,99.0,0.31030291565581014,10,131.0
7145.0,9,129.0,3.6857142857142855,7.345874877870683,2,29.0,0.7128452726347045,7,115.0,0.31061774753132493,9,144.0
7150.0,12,179.0,4.7105263157894735,6.954222746284176,3,41.0,0.51761096143402,9,159.0,0.4159546842782486,12,200.0
7155.0,12,179.0,4.475,6.094677221708309,5,53.0,0.41806496501508034,7,169.0,0.38960943938608533,12,222.0
7160.0,13,222.0,5.55,6.170351577947628,8,88.0,0.307945069191535,5,162.0,0.3972929628636121,13,250.0
7165.0,9,90.0,2.25,5.963014335785951,6,80.0,0.26612172398702916,3,95.0,0.35723183017106325,9,175.0
7170.0,15,68.0,1.5454545454545454,6.719223873547384,6,52.0,0.3684698053289517,9,84.0,0.305566200632225,15,136.0
7175.0,13,90.0,2.142857142857143,6.975067699245833,5,52.0,0.5138242409042177,8,111.0,0.3024207673389826,13,163.0
7180.0,15,152.0,3.4545454545454546,7.3221299057934,6,82.0,0.527659444669699,9,147.0,0.33418080185647064,15,229.0
7185.0,14,133.0,3.022727272727273,6.521605790340889,7,100.0,0.4701098130421684,7,149.0,0.4149923270932881,14,249.0
7190.0,14,152.0,3.3043478260869565,6.737492270696477,9,129.0,0.37468620373180794,5,101.0,0.5218998442555571,14,230.0
7195.0,15,92.0,1.9574468085106382,5.792376642467877,9,131.0,0.25329406140965377,6,42.0,0.48174975465205266,15,173.0
7200.0,18,169.0,3.5208333333333335,6.508132022137045,13,156.0,0.21777555143543775,5,49.0,0.5469730972623315,18,205.0
