step,system_total_stopped,system_total_waiting_time,system_mean_waiting_time,system_mean_speed,J17_stopped,J17_accumulated_waiting_time,J17_average_speed,J18_stopped,J18_accumulated_waiting_time,J18_average_speed,agents_total_stopped,agents_total_accumulated_waiting_time
5.0,0,0.0,0.0,12.909748941010859,0,0.0,1.0,0,0.0,0.9238444072121039,0,0.0
10.0,0,0.0,0.0,12.768824805347156,0,0.0,0.9486628332250421,0,0.0,0.9601953542839871,0,0.0
15.0,0,0.0,0.0,12.87755680032421,0,0.0,0.9773425927533704,0,0.0,0.9412061022688707,0,0.0
20.0,0,0.0,0.0,11.818650298351168,0,0.0,0.9290966852967758,0,0.0,0.9526169159218312,0,0.0
25.0,2,5.0,0.3333333333333333,8.675145304931428,2,5.0,0.5061582127708042,0,0.0,0.7885815918175495,2,5.0
30.0,7,21.0,1.05,8.148009532041591,4,13.0,0.5492524540818664,3,8.0,0.6407669720027738,7,21.0
35.0,4,36.0,1.565217391304348,8.33519685018477,3,28.0,0.5317608575721613,1,8.0,0.6219805936971285,4,36.0
40.0,7,55.0,2.1153846153846154,7.3144693023326175,3,36.0,0.45632321354424504,4,25.0,0.5048289138593305,7,61.0
45.0,9,74.0,2.5517241379310347,7.459761259454385,6,61.0,0.4117228198880913,3,23.0,0.5663474252741039,9,84.0
50.0,10,110.0,3.5483870967741935,6.495058409781879,7,85.0,0.4364322014351912,3,34.0,0.42511976422901926,10,119.0
55.0,13,153.0,4.78125,7.046686763676671,6,109.0,0.46721660865562925,7,47.0,0.3592536562037257,13,156.0
60.0,13,171.0,5.34375,6.210649963790395,5,107.0,0.39572089452534054,8,84.0,0.21439116779052572,13,191.0
65.0,13,184.0,5.575757575757576,5.20968844094743,7,122.0,0.22517556712621026,6,88.0,0.3155226219794268,13,210.0
70.0,16,227.0,6.305555555555555,5.720542660985295,10,165.0,0.17792495286448684,6,81.0,0.4758545999846986,16,246.0
75.0,12,163.0,4.527777777777778,6.84203307178097,6,127.0,0.32612096061116297,6,98.0,0.5941120170204012,12,225.0
80.0,12,166.0,4.048780487804878,7.560501445559868,6,82.0,0.553114573707491,6,111.0,0.49323028937694485,12,193.0
85.0,17,218.0,5.069767441860465,6.748512640031354,8,117.0,0.4728560383813154,9,113.0,0.4744603480424636,17,230.0
90.0,17,204.0,4.434782608695652,5.514300475884318,10,162.0,0.3763144343340122,7,83.0,0.4062286255143739,17,245.0
95.0,18,248.0,5.511111111111111,4.5889920334079335,10,192.0,0.33228260417291966,8,79.0,0.27874961917734653,18,271.0
100.0,26,363.0,7.26,4.745947975131257,14,252.0,0.37405073949084994,12,129.0,0.22669798841811079,26,381.0
105.0,25,375.0,6.944444444444445,4.726924087552287,14,239.0,0.3111701689646813,11,169.0,0.2964522940785978,25,408.0
110.0,28,504.0,8.842105263157896,4.894969704705642,17,320.0,0.21908711094903546,11,208.0,0.41790962876583254,28,528.0
115.0,30,549.0,9.803571428571429,4.768804607186758,21,421.0,0.20349814541762118,9,199.0,0.41972471113452625,30,620.0
120.0,27,581.0,10.563636363636364,4.029765674181303,22,527.0,0.11432533217590929,5,130.0,0.3394181453729913,27,657.0
125.0,30,522.0,9.49090909090909,4.257311420794787,20,519.0,0.0679812314071429,10,121.0,0.3170637715163393,30,640.0
130.0,22,349.0,6.232142857142857,5.504140682258341,13,427.0,0.1486184483555059,9,151.0,0.18974050184383937,22,578.0
135.0,16,299.0,5.6415094339622645,6.905402143153316,5,335.0,0.4054386059733583,11,201.0,0.15154867065403269,16,536.0
140.0,13,256.0,5.446808510638298,7.219252231135355,5,241.0,0.5036485622069599,8,182.0,0.10928058727872973,13,423.0
145.0,12,251.0,6.275,6.636972889448461,6,185.0,0.43662543803042897,6,146.0,0.2292636490339062,12,331.0
150.0,15,320.0,8.0,7.123591048559328,9,193.0,0.39321878560199575,6,133.0,0.3474510215404035,15,326.0
155.0,16,400.0,10.256410256410257,7.41928764768108,10,243.0,0.48314224239773523,6,160.0,0.37429639529942527,16,403.0
160.0,19,484.0,12.41025641025641,5.9255879563006255,12,293.0,0.3962618123732297,7,191.0,0.28235448089449894,19,484.0
165.0,21,584.0,14.974358974358974,4.831007776783813,13,354.0,0.246152481360468,8,230.0,0.29191290371911316,21,584.0
170.0,20,592.0,14.8,5.073873136000506,12,361.0,0.24272128669236118,8,270.0,0.31415594602377606,20,631.0
175.0,14,454.0,11.073170731707316,5.8640830020781,10,355.0,0.2690199990064846,4,202.0,0.4724957705334332,14,557.0
180.0,17,469.0,10.422222222222222,7.2326973132192505,13,397.0,0.2965763672153512,4,87.0,0.6933211961042093,17,484.0
185.0,13,451.0,9.395833333333334,7.114538239489871,12,444.0,0.34306527335494885,1,36.0,0.6788231644653685,13,480.0
190.0,14,499.0,10.617021276595745,7.398031645605853,10,485.0,0.3605059680731394,4,24.0,0.5607913364223799,14,509.0
195.0,18,582.0,12.382978723404255,6.2405231692419605,12,535.0,0.23055787806124475,6,56.0,0.5223455439830985,18,591.0
200.0,19,652.0,14.173913043478262,5.222158124579567,13,591.0,0.18128246211581636,6,74.0,0.4633107872001079,19,665.0
205.0,22,747.0,19.153846153846153,4.919219520265629,13,642.0,0.2493907075421466,9,112.0,0.29486878456047944,22,754.0
210.0,22,540.0,13.170731707317072,4.1552438265503655,11,477.0,0.29153001917039095,11,158.0,0.06588817601342023,22,635.0
215.0,20,602.0,14.0,5.808917828061909,8,398.0,0.39223065730928597,12,219.0,0.1616080609929239,20,617.0
220.0,18,631.0,14.340909090909092,6.469082729354318,9,426.0,0.42518437542751975,9,226.0,0.3862838750630651,18,652.0
225.0,16,674.0,13.755102040816327,6.686326916241026,10,479.0,0.38281199116898745,6,221.0,0.4803441644763139,16,700.0
230.0,21,541.0,10.82,5.304669173838222,11,409.0,0.37030954647661907,10,261.0,0.3917238960742598,21,670.0
235.0,18,378.0,7.0,6.553650245588468,6,238.0,0.45612508477564223,12,322.0,0.43823144960029686,18,560.0
240.0,20,360.0,6.545454545454546,5.594639368615497,8,139.0,0.3775661112742463,12,319.0,0.28553972209414785,20,458.0
245.0,26,285.0,4.75,5.3095151000333125,13,172.0,0.32103183537701196,13,278.0,0.287692115061868,26,450.0
250.0,26,343.0,5.813559322033898,5.0647985279493986,16,236.0,0.347630375389086,10,296.0,0.28831345469558317,26,532.0
255.0,24,393.0,6.238095238095238,4.773809081290803,12,276.0,0.29410853509950136,12,299.0,0.2594200812068409,24,575.0
260.0,28,499.0,8.048387096774194,4.626325571849821,16,319.0,0.24710483023414878,12,305.0,0.2637938269356328,28,624.0
265.0,29,456.0,6.705882352941177,5.148552339352917,16,319.0,0.36416688434122385,13,270.0,0.25849029160001963,29,589.0
270.0,22,417.0,5.791666666666667,5.722935423728389,9,244.0,0.39754550337334166,13,322.0,0.29706749533402704,22,566.0
275.0,22,470.0,6.911764705882353,5.806177970363073,10,242.0,0.32362697614561914,12,361.0,0.38227393916970864,22,603.0
280.0,32,596.0,8.514285714285714,4.46488386990573,19,312.0,0.21449454025620843,13,386.0,0.2709241190994783,32,698.0
285.0,38,730.0,10.13888888888889,4.374879713126895,21,374.0,0.19620056310827597,17,425.0,0.28671492058366377,38,799.0
290.0,34,805.0,11.5,3.900020159695589,19,425.0,0.21736602002624747,15,445.0,0.21092476268612295,34,870.0
295.0,37,930.0,13.285714285714286,4.3175562722853496,17,475.0,0.322431625743543,20,523.0,0.18846860693476922,37,998.0
300.0,36,844.0,12.057142857142857,4.343793978556392,17,525.0,0.31971648740089464,19,489.0,0.1878115413606932,36,1014.0
305.0,35,820.0,11.884057971014492,3.944868246674965,17,596.0,0.22765713458141273,18,430.0,0.21546848538437416,35,1026.0
310.0,39,997.0,14.880597014925373,3.5709042785332286,21,669.0,0.19521387980501845,18,403.0,0.15042055818151276,39,1072.0
315.0,40,1173.0,16.757142857142856,3.6573642214104023,20,739.0,0.1974282584498363,20,500.0,0.14249082032898072,40,1239.0
320.0,40,1205.0,16.971830985915492,4.178364951388154,22,790.0,0.20223378047083138,18,519.0,0.2505208249974442,40,1309.0
325.0,33,782.0,11.17142857142857,3.947877310149964,24,717.0,0.13426698843414187,9,416.0,0.3316462610064611,33,1133.0
330.0,27,478.0,6.732394366197183,4.886293631847378,16,564.0,0.18490160723533963,11,352.0,0.33596794377667916,27,916.0
335.0,28,532.0,7.492957746478873,5.346920345818314,17,601.0,0.2613533173523914,11,331.0,0.21534360785328968,28,932.0
340.0,27,556.0,8.553846153846154,5.292425670234925,13,599.0,0.23545709263698059,14,397.0,0.13723461593325573,27,996.0
345.0,27,462.0,7.333333333333333,4.473286506590351,17,578.0,0.11394611623491516,10,377.0,0.23065390266412578,27,955.0
350.0,29,577.0,9.948275862068966,4.747824066917031,20,634.0,0.18686890451018123,9,392.0,0.30652826923526477,29,1026.0
355.0,29,697.0,11.616666666666667,5.123695854492731,19,691.0,0.299333486936701,10,442.0,0.3521928243539988,29,1133.0
360.0,29,798.0,13.081967213114755,4.782106476582969,16,700.0,0.26762988203383087,13,500.0,0.3183253451271265,29,1200.0
365.0,24,610.0,9.682539682539682,4.8779274776989014,15,594.0,0.26648572819287103,9,441.0,0.2866055258077171,24,1035.0
370.0,20,228.0,3.619047619047619,5.6339627724165515,12,376.0,0.2766529070045129,8,307.0,0.39289391697357195,20,683.0
375.0,25,285.0,4.1911764705882355,5.956947187532832,17,305.0,0.28192634540873895,8,302.0,0.42849121904286264,25,607.0
380.0,30,416.0,5.942857142857143,6.656438604120465,19,365.0,0.3269837114968415,11,323.0,0.46238149661476846,30,688.0
385.0,29,465.0,6.36986301369863,5.132914909390241,18,397.0,0.27267372429327297,11,294.0,0.3425630965895713,29,691.0
390.0,29,486.0,6.5675675675675675,4.734385413962768,16,408.0,0.2926057779210922,13,200.0,0.17303048181164143,29,608.0
395.0,28,457.0,6.5285714285714285,4.546083361221407,13,406.0,0.3221794863236093,15,221.0,0.17859937381336224,28,627.0
400.0,23,456.0,6.162162162162162,5.249523066406961,15,415.0,0.2355303542769512,8,220.0,0.33113296019365007,23,635.0
405.0,27,549.0,7.956521739130435,4.294678708572,18,475.0,0.1364299660895633,9,224.0,0.34578293960701684,27,699.0
410.0,32,644.0,9.2,4.533084030401945,17,519.0,0.21169691786036474,15,255.0,0.2249241616222135,32,774.0
415.0,33,740.0,11.044776119402986,3.5085306776862035,17,587.0,0.26199920650089165,16,289.0,0.01879029625932896,33,876.0
420.0,41,927.0,13.056338028169014,3.829342164208825,22,691.0,0.21866227730761384,19,367.0,0.10536462542557794,41,1058.0
425.0,42,1069.0,15.492753623188406,3.5921433577587565,26,774.0,0.15127521261097535,16,435.0,0.25135283351736176,42,1209.0
430.0,41,1228.0,18.058823529411764,3.623398242739942,26,863.0,0.1526625600232573,15,496.0,0.25157946556843186,41,1359.0
435.0,43,1153.0,16.955882352941178,3.1021860034736224,28,955.0,0.1371888847963686,15,430.0,0.27293748692447056,43,1385.0
440.0,36,1203.0,17.434782608695652,3.6322971209806694,20,991.0,0.15075181376363136,16,425.0,0.22663987750360504,36,1416.0
445.0,39,1340.0,18.87323943661972,3.5322425186839577,19,1068.0,0.18695711959023276,20,519.0,0.20170018903913306,39,1587.0
450.0,45,1547.0,20.905405405405407,2.9115156540004836,25,1181.0,0.1229718150875619,20,619.0,0.2083542142002688,45,1800.0
455.0,48,1400.0,19.17808219178082,2.743757477878396,27,1098.0,0.12288906286558363,21,721.0,0.25641297779730593,48,1819.0
460.0,44,962.0,13.0,3.177129274890002,26,925.0,0.1142217189681126,18,701.0,0.2720817049175992,44,1626.0
465.0,35,503.0,6.797297297297297,3.6027468550509956,25,1005.0,0.06257315174518768,10,528.0,0.3447238016368402,35,1533.0
470.0,35,506.0,6.746666666666667,4.088180664934555,27,1100.0,0.07254306759967208,8,360.0,0.37848525109643594,35,1460.0
475.0,39,677.0,9.535211267605634,4.504184607706626,29,1144.0,0.03392859414255677,10,210.0,0.4265220898074284,39,1354.0
480.0,37,845.0,11.901408450704226,4.936782969199735,26,1102.0,0.10521748217956119,11,205.0,0.42596446264331883,37,1307.0
485.0,40,1006.0,13.972222222222221,4.5300560120478695,25,1201.0,0.13343080134326438,15,264.0,0.3219089171453785,40,1465.0
490.0,42,1212.0,17.070422535211268,4.709941693675483,28,1337.0,0.15870194614977404,14,337.0,0.34428950688318494,42,1674.0
495.0,42,1408.0,19.555555555555557,4.033381557562519,26,1384.0,0.13685402442950523,16,412.0,0.33182623321548355,42,1796.0
500.0,41,1452.0,19.89041095890411,4.3071530006105725,26,1357.0,0.17242415178453302,15,403.0,0.3011287755712755,41,1760.0
505.0,42,1569.0,22.098591549295776,3.348472891404313,27,1455.0,0.13937676231108526,15,370.0,0.22535358001018008,42,1825.0
510.0,47,1728.0,23.671232876712327,3.6603374934335524,28,1530.0,0.23447636564218235,19,429.0,0.24066509878552902,47,1959.0
515.0,45,1925.0,24.67948717948718,3.5019628418722175,29,1617.0,0.21467536940285073,16,501.0,0.27642365038288946,45,2118.0
520.0,46,2096.0,26.2,3.676187845910431,31,1740.0,0.1808611233468079,15,540.0,0.27437699541456934,46,2280.0
525.0,52,2169.0,26.132530120481928,4.106330627044321,35,1893.0,0.15797405689562136,17,535.0,0.31249513392160655,52,2428.0
530.0,47,2242.0,26.69047619047619,3.99386234641327,34,2058.0,0.17041603230320623,13,473.0,0.2161924112559948,47,2531.0
535.0,51,2438.0,30.098765432098766,2.4252583361529654,36,2211.0,0.10231713248843922,15,529.0,0.14366416550342415,51,2740.0
540.0,52,2313.0,28.9125,2.631406839537559,37,2179.0,0.02107517766202827,15,569.0,0.2575761873310297,52,2748.0
545.0,43,1600.0,20.77922077922078,3.3048526210126385,31,1916.0,0.061525417307400895,12,582.0,0.2598417154726222,43,2498.0
550.0,36,1160.0,15.064935064935066,4.811775492701294,23,1638.0,0.18544639178372987,13,567.0,0.3111035069085708,36,2205.0
555.0,28,524.0,7.081081081081081,4.922532006926103,14,1255.0,0.23323263070396916,14,458.0,0.23032164668789454,28,1713.0
560.0,21,373.0,5.485294117647059,5.723510673259297,11,876.0,0.3469596357853215,10,237.0,0.2885255468029594,21,1113.0
565.0,22,417.0,6.132352941176471,5.564423824096237,11,674.0,0.392512540704367,11,253.0,0.27253917340153105,22,927.0
570.0,20,464.0,7.138461538461539,6.42583857993805,13,509.0,0.39805932928336374,7,234.0,0.40757131149370623,20,743.0
575.0,21,534.0,8.34375,6.422979186120028,14,469.0,0.32885845409351466,7,167.0,0.45889050516085217,21,636.0
580.0,24,640.0,10.0,6.396226780718106,14,507.0,0.3740059987373511,10,184.0,0.32255059149422327,24,691.0
585.0,26,737.0,12.283333333333333,5.438977779795825,16,576.0,0.3628126691555855,10,206.0,0.2216837252568096,26,782.0
590.0,29,870.0,14.5,5.270771469011737,16,654.0,0.26612596811845246,13,240.0,0.23476691238522443,29,894.0
595.0,31,1015.0,16.370967741935484,4.739255754507489,20,746.0,0.1469856319798663,11,290.0,0.28975903903230255,31,1036.0
600.0,33,1179.0,19.016129032258064,5.584123270903627,22,858.0,0.206557046054557,11,345.0,0.40710666301167076,33,1203.0
605.0,29,990.0,16.229508196721312,5.195217450106002,19,826.0,0.26957158610250326,10,292.0,0.40968249748801694,29,1118.0
610.0,25,1032.0,16.38095238095238,5.726926278576037,17,824.0,0.3139358348916363,8,273.0,0.44161184381065505,25,1097.0
615.0,28,866.0,13.323076923076924,5.208829625513773,15,741.0,0.26517654263141954,13,322.0,0.4287448796272816,28,1063.0
620.0,29,768.0,11.815384615384616,5.425926762974812,14,559.0,0.2932124581560503,15,396.0,0.42274535267727514,29,955.0
625.0,30,841.0,12.552238805970148,3.893565652594339,15,617.0,0.15150014347152893,15,446.0,0.31268993809484297,30,1063.0
630.0,32,960.0,14.76923076923077,4.370883954630423,17,662.0,0.14289009326984087,15,484.0,0.2741814081448012,32,1146.0
635.0,35,1081.0,16.630769230769232,3.907658232624965,17,739.0,0.12733734292331605,18,519.0,0.1359397369892082,35,1258.0
640.0,35,1208.0,17.507246376811594,4.946602271439854,15,812.0,0.19703196730695785,20,572.0,0.1906074969347826,35,1384.0
645.0,36,1340.0,20.9375,4.244408535508637,17,879.0,0.2512122006085302,19,649.0,0.2141226930586199,36,1528.0
650.0,34,1430.0,22.0,4.875223729409161,16,823.0,0.3343961843547306,18,705.0,0.2638067482338937,34,1528.0
655.0,31,1203.0,17.955223880597014,4.5117900922818155,14,827.0,0.3648719636645492,17,594.0,0.22680831960009792,31,1421.0
660.0,29,940.0,14.242424242424242,4.822548054443128,14,811.0,0.28383783075303753,15,449.0,0.3206992187020044,29,1260.0
665.0,29,898.0,13.402985074626866,4.441397109804685,16,758.0,0.21257300992812286,13,459.0,0.2842363199228758,29,1217.0
670.0,33,933.0,13.925373134328359,3.9255638612601587,18,828.0,0.16777277208532132,15,411.0,0.1887907645587679,33,1239.0
675.0,29,967.0,14.432835820895523,4.474119648144382,13,859.0,0.201494210959358,16,453.0,0.2168047050887068,29,1312.0
680.0,28,1055.0,15.071428571428571,5.866418818800849,14,906.0,0.36464428607383004,14,458.0,0.20616118251226703,28,1364.0
685.0,31,1105.0,16.492537313432837,5.038314410134248,14,932.0,0.3195972571968485,17,443.0,0.10901887910290557,31,1375.0
690.0,28,1160.0,17.846153846153847,4.97092201016278,13,952.0,0.3052354598958173,15,398.0,0.21350561699687268,28,1350.0
695.0,30,1269.0,19.227272727272727,4.721582940282973,16,1026.0,0.25032434039654217,14,426.0,0.31365757207590833,30,1452.0
700.0,27,1296.0,19.636363636363637,4.920546442201393,15,1083.0,0.23721138884763152,12,449.0,0.37959135246407094,27,1532.0
705.0,29,1402.0,20.318840579710145,4.962163747099783,14,1114.0,0.30606672258183437,15,453.0,0.24663064725886438,29,1567.0
710.0,30,1418.0,21.16417910447761,4.442156387851777,11,1100.0,0.3313125209973038,19,474.0,0.11383849687229235,30,1574.0
715.0,40,1505.0,21.81159420289855,4.054458728678156,17,1140.0,0.3478426583277374,23,521.0,0.10547687334682274,40,1661.0
720.0,36,1645.0,24.191176470588236,4.23264728609043,15,1213.0,0.3204999416071026,21,567.0,0.18601558007681468,36,1780.0
725.0,35,1797.0,26.82089552238806,4.2511778312276896,15,1270.0,0.370463433375608,20,646.0,0.10384518916589715,35,1916.0
730.0,37,1420.0,20.579710144927535,3.5827828495080456,15,1007.0,0.2792140306108003,22,719.0,0.057921957983608476,37,1726.0
735.0,37,664.0,9.222222222222221,4.123166362148646,16,699.0,0.2934865344197929,21,672.0,0.15043082365134874,37,1371.0
740.0,32,610.0,8.133333333333333,5.254656113676583,15,481.0,0.307388221733753,17,544.0,0.3374982417300223,32,1025.0
745.0,31,581.0,7.545454545454546,5.086767327402633,16,394.0,0.3057000694985334,15,532.0,0.3681764483540409,31,926.0
750.0,25,347.0,4.626666666666667,4.696212324236732,15,427.0,0.2033519866427962,10,411.0,0.3215498009928748,25,838.0
755.0,27,421.0,5.847222222222222,4.569690425340594,17,444.0,0.17048751442312118,10,313.0,0.2605077074797132,27,757.0
760.0,29,493.0,6.7534246575342465,4.794550003161384,19,454.0,0.0730349104647648,10,297.0,0.2929129799436978,29,751.0
765.0,35,605.0,8.897058823529411,4.060323848900582,18,501.0,0.16018690629887317,17,304.0,0.19949683792076492,35,805.0
770.0,35,675.0,10.384615384615385,3.896109111303216,18,529.0,0.18703111454339622,17,326.0,0.14591367812005251,35,855.0
775.0,30,762.0,11.723076923076922,4.2084699690706415,18,586.0,0.17947190916626377,12,284.0,0.08550696865408985,30,870.0
780.0,27,878.0,12.911764705882353,5.958366267939069,15,629.0,0.22266552402721126,12,321.0,0.3041044779281855,27,950.0
785.0,26,708.0,10.411764705882353,6.0289056936939325,16,555.0,0.18358072110013296,10,349.0,0.44349793071920596,26,904.0
790.0,26,633.0,10.209677419354838,5.82544718286104,12,440.0,0.29478683535889966,14,411.0,0.3926001703573785,26,851.0
795.0,26,558.0,9.0,5.489775900408391,13,402.0,0.33091620331818583,13,362.0,0.29060929620057024,26,764.0
800.0,28,601.0,9.693548387096774,5.838638357610047,13,420.0,0.36346526140357427,15,268.0,0.29764317632890613,28,688.0
805.0,25,467.0,7.184615384615385,4.827705845810641,13,371.0,0.3719757463399471,12,293.0,0.26411802467316253,25,664.0
810.0,23,456.0,6.909090909090909,6.066335237816657,11,246.0,0.41873910016675636,12,299.0,0.405068713461254,23,545.0
815.0,27,541.0,8.074626865671641,5.275797767773819,13,300.0,0.255545744585156,14,345.0,0.3657952828664855,27,645.0
820.0,38,712.0,9.88888888888889,4.712005377421649,19,386.0,0.172169695545917,19,418.0,0.30201997012863036,38,804.0
825.0,41,723.0,10.632352941176471,3.342149156514402,19,383.0,0.13137087795324492,22,489.0,0.2245143752719021,41,872.0
830.0,28,751.0,11.208955223880597,4.399992389577946,12,360.0,0.24812613677456774,16,536.0,0.21468771385976784,28,896.0
835.0,31,617.0,9.208955223880597,4.146835193312598,16,414.0,0.10823264822091004,15,444.0,0.18966329229129722,31,858.0
840.0,35,607.0,8.926470588235293,4.209615289404521,18,502.0,0.1477030641830077,17,322.0,0.15578153538471362,35,824.0
845.0,35,673.0,10.196969696969697,3.969761161433826,15,508.0,0.2644208109745565,20,369.0,0.16359802964862696,35,877.0
850.0,32,731.0,10.91044776119403,4.759993881832938,12,466.0,0.36682572040010525,20,439.0,0.24442407590916182,32,905.0
855.0,26,544.0,8.119402985074627,5.171896430236657,12,388.0,0.2751913509339304,14,444.0,0.3644142780377694,26,832.0
860.0,29,566.0,8.323529411764707,5.29349729402488,13,231.0,0.31492543041403265,16,473.0,0.296359313915465,29,704.0
865.0,32,590.0,8.93939393939394,4.047700394346102,13,230.0,0.2679090777045317,19,528.0,0.1659368341194017,32,758.0
870.0,30,460.0,6.865671641791045,3.800594502026788,7,147.0,0.3069933309457895,23,550.0,0.07663365080244469,30,697.0
875.0,30,562.0,8.515151515151516,4.977565729124269,7,136.0,0.4139313241267689,23,555.0,0.11268165295288161,30,691.0
880.0,30,650.0,9.848484848484848,5.593520977462696,9,157.0,0.4015228553236523,21,615.0,0.2184054553352379,30,772.0
885.0,20,625.0,9.615384615384615,6.485094590125262,9,195.0,0.3662244017934422,11,591.0,0.2997637737115894,20,786.0
890.0,20,397.0,6.508196721311475,5.409707742746382,9,237.0,0.27875293047707483,11,478.0,0.22002106187483766,20,715.0
895.0,23,398.0,6.862068965517241,5.159085161709055,9,288.0,0.2956842201923501,14,292.0,0.17036751226242988,23,580.0
900.0,29,438.0,7.551724137931035,4.660417596793817,11,299.0,0.37132239041357246,18,338.0,0.11030221284803499,29,637.0
905.0,30,539.0,9.456140350877194,5.374711860316928,12,358.0,0.38721135925891303,18,371.0,0.2842365527900062,30,729.0
910.0,29,610.0,10.338983050847459,5.2347037318791045,13,419.0,0.3127504865492332,16,389.0,0.3535963027617649,29,808.0
915.0,21,497.0,9.203703703703704,4.643508545631423,13,408.0,0.2220176987401683,8,339.0,0.3404674854001241,21,747.0
920.0,19,473.0,8.75925925925926,4.157829579115987,11,429.0,0.20013051426199996,8,272.0,0.26713032661980746,19,701.0
925.0,29,348.0,6.214285714285714,4.027384194752595,12,342.0,0.23151684998950822,17,302.0,0.18230329268139803,29,644.0
930.0,31,346.0,5.9655172413793105,4.486826261132249,11,208.0,0.24383785089892074,20,370.0,0.19952967854559273,31,578.0
935.0,31,435.0,7.631578947368421,4.448330709991453,12,253.0,0.26976443016530754,19,438.0,0.25869074243457185,31,691.0
940.0,28,481.0,8.43859649122807,4.251536485774494,10,279.0,0.35738932283243574,18,444.0,0.19566177263329965,28,723.0
945.0,21,386.0,6.433333333333334,5.076554116937489,7,262.0,0.3522053441044715,14,403.0,0.283561819045465,21,665.0
950.0,18,245.0,3.888888888888889,5.358713436728572,7,196.0,0.3321656382372682,11,338.0,0.25716182129391224,18,534.0
955.0,22,194.0,3.03125,5.401542064151318,10,225.0,0.3093130461146095,12,270.0,0.2254339281642673,22,495.0
960.0,27,268.0,4.253968253968254,4.942703468028376,10,247.0,0.3947649026338277,17,298.0,0.120127388526461,27,545.0
965.0,21,286.0,5.017543859649122,4.729399147847804,8,268.0,0.2814179289042238,13,294.0,0.18831210427383527,21,562.0
970.0,20,348.0,6.0,4.332882390293787,10,290.0,0.18554287657696195,10,285.0,0.128367287838117,20,575.0
975.0,24,335.0,5.583333333333333,4.892997539337192,9,264.0,0.208270176840224,15,303.0,0.15797744763154456,24,567.0
980.0,29,445.0,7.416666666666667,5.662802715050749,12,259.0,0.3713655544279548,17,355.0,0.21481017385897283,29,614.0
985.0,16,350.0,6.0344827586206895,6.0973623910258725,8,176.0,0.4085368510079507,8,349.0,0.28796842958907026,16,525.0
990.0,18,312.0,5.288135593220339,6.083871820543083,9,124.0,0.3371203516840392,9,322.0,0.2968620024620782,18,446.0
995.0,24,341.0,5.683333333333334,6.321210193376973,10,139.0,0.3597899928304929,14,354.0,0.31802732433744774,24,493.0
1000.0,20,386.0,6.5423728813559325,6.082872855541876,7,121.0,0.4125475172655361,13,382.0,0.3103246198420864,20,503.0
1005.0,15,358.0,6.280701754385965,6.289785626270301,6,107.0,0.440243460715145,9,365.0,0.2765023629304803,15,472.0
1010.0,23,403.0,6.948275862068965,5.53152925635084,12,113.0,0.28052534511856275,11,374.0,0.2696825557695727,23,487.0
1015.0,28,492.0,8.631578947368421,4.875826318138171,13,157.0,0.27230785893562265,15,419.0,0.2588833271657903,28,576.0
1020.0,20,534.0,9.88888888888889,4.9291472313576135,7,157.0,0.43338033679741034,13,463.0,0.20485305190012643,20,620.0
1025.0,17,501.0,9.10909090909091,5.545690781217632,8,135.0,0.3593434155639886,9,462.0,0.24991609463842387,17,597.0
1030.0,22,558.0,9.789473684210526,6.1881352632835664,13,167.0,0.2743872634734838,9,468.0,0.34401011101457424,22,635.0
1035.0,29,652.0,11.43859649122807,5.1464648092145495,13,209.0,0.2186069583819946,16,532.0,0.26525282314932447,29,741.0
1040.0,26,546.0,9.75,5.3461082870201135,14,258.0,0.2689654271755663,12,459.0,0.2794592829560397,26,717.0
1045.0,25,369.0,6.833333333333333,5.208021341180519,11,278.0,0.28401494068390937,14,316.0,0.31087655439754036,25,594.0
1050.0,20,336.0,6.222222222222222,5.314835834700848,8,238.0,0.39830341201334923,12,333.0,0.19130084102112252,20,571.0
1055.0,22,363.0,6.482142857142857,5.436239786338644,12,291.0,0.3719356946834481,10,293.0,0.15705868823025174,22,584.0
1060.0,26,462.0,7.7,5.181528424084777,16,364.0,0.31957671228425727,10,244.0,0.17046511223525332,26,608.0
1065.0,27,549.0,9.0,5.354366648045102,15,393.0,0.3036447318106062,12,225.0,0.3021480549602821,27,618.0
1070.0,24,626.0,10.793103448275861,5.149148244892709,13,421.0,0.26247178116731656,11,235.0,0.38229267074577566,24,656.0
1075.0,22,580.0,9.666666666666666,5.4065723448435214,15,427.0,0.16464086402547512,7,248.0,0.45593848210584287,22,675.0
1080.0,20,414.0,6.9,5.2677426553106,14,365.0,0.1255553641653711,6,186.0,0.338523752342171,20,551.0
1085.0,26,294.0,4.523076923076923,5.8191229818677055,17,270.0,0.13272608394476895,9,162.0,0.4101694645643481,26,432.0
1090.0,27,297.0,5.303571428571429,5.106771341205956,19,295.0,0.2037798078818283,8,136.0,0.35823935264039247,27,431.0
1095.0,25,337.0,6.127272727272727,5.26980374679746,16,347.0,0.27374545145667095,9,102.0,0.3458078496792283,25,449.0
1100.0,17,304.0,5.428571428571429,5.307525971259138,10,335.0,0.2709963986500776,7,112.0,0.27582013849602594,17,447.0
1105.0,21,321.0,5.732142857142857,5.789500701453522,13,357.0,0.24940728570319332,8,116.0,0.27752106033585194,21,473.0
1110.0,19,255.0,4.473684210526316,6.089944641337206,12,343.0,0.2593019021561515,7,137.0,0.3603492254677846,19,480.0
1115.0,20,312.0,5.777777777777778,5.482417137802141,13,363.0,0.3043091776878214,7,143.0,0.3940238076668986,20,506.0
1120.0,17,315.0,6.0576923076923075,5.661996414889318,11,351.0,0.35505962618952125,6,138.0,0.3599854120336402,17,489.0
1125.0,21,299.0,6.229166666666667,5.299511958843753,14,302.0,0.3677362293796915,7,164.0,0.2009213314919225,21,466.0
1130.0,20,189.0,3.6346153846153846,5.745881879168427,13,273.0,0.3747916600364466,7,112.0,0.2579229695061188,20,385.0
1135.0,24,266.0,5.115384615384615,5.375059028616385,16,313.0,0.26403037762290943,8,109.0,0.41423132182221795,24,422.0
1140.0,26,318.0,6.489795918367347,4.1979908527401495,21,410.0,0.1761751201737753,5,99.0,0.3597373959328596,26,509.0
1145.0,25,349.0,7.122448979591836,4.265727609833256,21,442.0,0.10098334573787794,4,53.0,0.4764618259828796,25,495.0
1150.0,23,334.0,6.423076923076923,5.2489165941083815,19,441.0,0.12749558784982998,4,72.0,0.535903489007758,23,513.0
1155.0,21,334.0,5.661016949152542,6.575679620682453,16,469.0,0.20205820707722758,5,95.0,0.69256742545073,21,564.0
1160.0,16,221.0,3.7457627118644066,7.16577446448483,12,420.0,0.2888861556804266,4,92.0,0.6985749658315615,16,512.0
1165.0,16,280.0,4.912280701754386,7.1978254494856415,12,411.0,0.30919926212298693,4,112.0,0.5767639960142216,16,523.0
1170.0,21,341.0,5.779661016949152,5.5933820474568785,14,405.0,0.3496125749823624,7,139.0,0.30985456840141967,21,544.0
1175.0,25,441.0,7.875,5.161900360448342,14,431.0,0.3023054088373676,11,189.0,0.3541469320033661,25,620.0
1180.0,22,476.0,8.5,4.136328313942278,13,398.0,0.24906119423942827,9,214.0,0.2364130717160199,22,612.0
1185.0,23,431.0,7.836363636363636,4.363479141851454,14,363.0,0.1431785337938425,9,215.0,0.2659178800226923,23,578.0
1190.0,25,395.0,7.053571428571429,4.254356552153988,16,322.0,0.08079329447410372,9,239.0,0.3000133816937972,25,561.0
1195.0,27,405.0,7.105263157894737,4.547158422936915,18,361.0,0.13269690754931607,9,253.0,0.3589632375717251,27,614.0
1200.0,26,372.0,6.642857142857143,5.021095388208876,19,398.0,0.22859600788312257,7,205.0,0.3647647511422887,26,603.0
1205.0,24,358.0,6.62962962962963,5.103485232542068,16,434.0,0.24641814613858712,8,119.0,0.3367193479376118,24,553.0
1210.0,16,227.0,3.982456140350877,5.519178925818154,8,404.0,0.2737602764373302,8,119.0,0.3219273153491498,16,523.0
1215.0,15,260.0,4.333333333333333,6.347164089395852,8,370.0,0.28891076159090157,7,100.0,0.3452657097063406,15,470.0
1220.0,15,240.0,4.067796610169491,6.741996438149793,8,322.0,0.29845443342909267,7,108.0,0.38426073324803606,15,430.0
1225.0,19,308.0,5.310344827586207,6.911664512234783,11,318.0,0.3258991881458934,8,127.0,0.4041796224155004,19,445.0
1230.0,17,343.0,6.471698113207547,5.658339933912684,9,333.0,0.3260637207456857,8,145.0,0.341203965825311,17,478.0
1235.0,19,382.0,7.958333333333333,5.251340242701503,9,310.0,0.28107686443802005,10,170.0,0.34482489810684513,19,480.0
1240.0,18,441.0,8.647058823529411,4.683458710482532,9,340.0,0.2942360434309275,9,207.0,0.21027380121567307,18,547.0
1245.0,26,543.0,10.442307692307692,5.075813405830444,15,384.0,0.24493607101840198,11,260.0,0.29800886064079574,26,644.0
1250.0,22,521.0,9.830188679245284,5.196464399403754,12,421.0,0.22578127367308354,10,247.0,0.4102042336704936,22,668.0
1255.0,17,521.0,9.648148148148149,5.788798787565995,8,424.0,0.2556020764789058,9,210.0,0.42002250860334456,17,634.0
1260.0,19,463.0,9.07843137254902,4.501708817867214,10,458.0,0.2951466031393606,9,177.0,0.2369672209463598,19,635.0
1265.0,23,498.0,9.576923076923077,5.311362334483154,15,518.0,0.26517563732695165,8,116.0,0.3012546391788346,23,634.0
1270.0,22,463.0,8.267857142857142,4.748641811775704,14,501.0,0.19431964133058066,8,108.0,0.32257950233140714,22,609.0
1275.0,27,572.0,9.079365079365079,6.119990650625062,18,574.0,0.3312828881510176,9,122.0,0.4281626640928522,27,696.0
1280.0,25,438.0,7.180327868852459,6.420075023417528,16,499.0,0.3880538615873524,9,144.0,0.47794822360498734,25,643.0
1285.0,22,368.0,6.237288135593221,5.962836907142012,13,348.0,0.3340871857817326,9,158.0,0.4436965409650825,22,506.0
1290.0,26,310.0,5.081967213114754,4.311897796934502,18,357.0,0.2025364099412116,8,155.0,0.33108653088422085,26,512.0
1295.0,23,185.0,2.890625,5.907635275832863,16,298.0,0.19077777876185328,7,127.0,0.4686277985740972,23,425.0
1300.0,16,146.0,2.28125,6.044383367421034,11,254.0,0.29351971127103293,5,82.0,0.2057932495043584,16,336.0
1305.0,21,188.0,2.8059701492537314,6.405185255981238,10,227.0,0.3327723231249013,11,95.0,0.20996170651224752,21,322.0
1310.0,25,245.0,4.083333333333333,5.506850964804619,16,249.0,0.27933048736986243,9,119.0,0.3299285663840313,25,368.0
1315.0,23,305.0,5.446428571428571,5.753993485532095,17,295.0,0.2204297149096563,6,108.0,0.5594768304488829,23,403.0
1320.0,20,355.0,6.120689655172414,5.704401378316038,14,303.0,0.18633650225495468,6,126.0,0.505112032482618,20,429.0
1325.0,23,357.0,5.758064516129032,5.298507419846657,14,304.0,0.2452791126344024,9,163.0,0.2985037607190508,23,467.0
1330.0,22,336.0,5.419354838709677,5.67563654313933,15,312.0,0.29165685868346686,7,161.0,0.3663075717564657,22,473.0
1335.0,26,322.0,5.4576271186440675,4.868116070884379,15,311.0,0.2824913835743345,11,200.0,0.34432284790575973,26,511.0
1340.0,29,418.0,7.333333333333333,4.335346041341325,21,354.0,0.20626738960300217,8,221.0,0.36057898617443357,29,575.0
1345.0,29,460.0,7.666666666666667,4.591603633395395,22,410.0,0.14091360615739618,7,200.0,0.37507298549122775,29,610.0
1350.0,23,331.0,5.338709677419355,5.001831032631748,17,452.0,0.16384803237589293,6,122.0,0.4149193828539713,23,574.0
1355.0,27,332.0,5.1875,5.234203450803282,18,470.0,0.20707847603443272,9,83.0,0.4214586625414265,27,553.0
1360.0,20,241.0,4.228070175438597,5.363754420151562,12,425.0,0.28523540950325554,8,113.0,0.36714522430253715,20,538.0
1365.0,18,236.0,4.140350877192983,4.2536737556842805,12,401.0,0.1488036966827596,6,115.0,0.267679587722051,18,516.0
1370.0,21,213.0,3.610169491525424,4.829279913045898,17,394.0,0.13303693165105307,4,95.0,0.3154977763922128,21,489.0
1375.0,25,254.0,4.305084745762712,6.046510558870413,18,447.0,0.21416199392215993,7,72.0,0.5338135381640472,25,519.0
1380.0,26,325.0,5.603448275862069,6.1005231371498505,19,521.0,0.25421091705192184,7,59.0,0.49573714242036654,26,580.0
1385.0,24,378.0,6.3,5.62929343870815,15,523.0,0.3088736958750183,9,89.0,0.39201522945529993,24,612.0
1390.0,24,359.0,5.885245901639344,5.389237241915497,12,468.0,0.32198473567470337,12,147.0,0.31322558119786553,24,615.0
1395.0,19,309.0,5.327586206896552,5.120267463655383,9,354.0,0.3862996134646128,10,162.0,0.1125011740015671,19,516.0
1400.0,19,185.0,3.189655172413793,5.588001480471497,11,286.0,0.33854905153626735,8,132.0,0.2001984462288185,19,418.0
1405.0,27,271.0,4.754385964912281,5.119751682623967,17,273.0,0.2503035827005952,10,131.0,0.267560018409773,27,404.0
1410.0,29,383.0,6.719298245614035,4.45530775384323,18,316.0,0.16087378028703866,11,185.0,0.3660046867348536,29,501.0
1415.0,26,370.0,6.851851851851852,4.658127288636273,17,333.0,0.17410579581663208,9,169.0,0.416666489853635,26,502.0
1420.0,23,453.0,8.38888888888889,4.630068361437038,14,352.0,0.2779636658692294,9,167.0,0.2920962906596975,23,519.0
1425.0,31,573.0,9.711864406779661,4.887870085320592,16,410.0,0.2603624594906818,15,231.0,0.2900769420327009,31,641.0
1430.0,31,726.0,12.517241379310345,4.788008132063309,17,486.0,0.23202448065809425,14,301.0,0.33399715449393663,31,787.0
1435.0,28,591.0,10.016949152542374,4.47140819066045,16,458.0,0.21480853838801792,12,297.0,0.294767838722802,28,755.0
1440.0,23,455.0,7.583333333333333,4.580981596357832,15,371.0,0.1096504630948752,8,255.0,0.3305013512475681,23,626.0
1445.0,24,459.0,7.779661016949152,5.176744819562183,14,385.0,0.19071666242982424,10,248.0,0.3228660949522956,24,633.0
1450.0,25,308.0,4.7384615384615385,5.573580646637211,12,340.0,0.24386531469936432,13,209.0,0.3279451292651165,25,549.0
1455.0,29,367.0,5.825396825396825,5.1862290308872865,14,301.0,0.26079519398295237,15,244.0,0.3250560774637299,29,545.0
1460.0,22,298.0,4.885245901639344,4.789556520672762,12,287.0,0.1899890945432546,10,243.0,0.36026817597156546,22,530.0
1465.0,18,254.0,4.096774193548387,4.814829762369434,8,194.0,0.26861907437093024,10,262.0,0.2250911699879132,18,456.0
1470.0,23,330.0,5.238095238095238,5.515804972497995,10,196.0,0.3257565638308317,13,279.0,0.18858882039612476,23,475.0
1475.0,27,431.0,6.630769230769231,5.367164991460056,10,245.0,0.40992405134452137,17,323.0,0.11886495301079562,27,568.0
1480.0,20,407.0,6.2615384615384615,6.061613656110392,7,211.0,0.5174048501952139,13,350.0,0.16848269992111273,20,561.0
1485.0,17,315.0,5.0,6.735452145003312,7,217.0,0.5362517151818913,10,301.0,0.2828899805126486,17,518.0
1490.0,19,249.0,3.9523809523809526,6.318028310466494,8,176.0,0.41878803015043276,11,252.0,0.3036646259499833,19,428.0
1495.0,19,142.0,2.3666666666666667,5.54144945683393,6,115.0,0.4013141422192486,13,213.0,0.22696514826640218,19,328.0
1500.0,28,251.0,4.114754098360656,5.33439563611908,11,156.0,0.33818351974270666,17,249.0,0.25115448499460113,28,405.0
1505.0,29,357.0,5.578125,4.725752986830029,14,200.0,0.2963794890210164,15,311.0,0.29894678880393,29,511.0
1510.0,35,433.0,6.765625,5.084793612350493,15,236.0,0.34315076059473815,20,379.0,0.2878745810561049,35,615.0
1515.0,26,450.0,7.258064516129032,4.760758265803879,8,226.0,0.3703829179583762,18,429.0,0.18155560623837205,26,655.0
1520.0,33,581.0,9.370967741935484,3.554629523209385,10,256.0,0.3128412134627221,23,484.0,0.06096533921195789,33,740.0
1525.0,37,616.0,9.625,3.438473135828086,16,323.0,0.23970183628793754,21,515.0,0.12886314406020064,37,838.0
1530.0,28,364.0,5.870967741935484,4.2143960875211,16,345.0,0.2439571880773487,12,432.0,0.21667903626819926,28,777.0
1535.0,25,379.0,6.112903225806452,5.050144669276256,19,379.0,0.2338098740505075,6,326.0,0.32303374918372146,25,705.0
1540.0,24,433.0,6.367647058823529,6.295930533094552,16,421.0,0.24822301524500034,8,222.0,0.44991329502527794,24,643.0
1545.0,20,444.0,6.626865671641791,7.124037842329189,12,412.0,0.2884310945118518,8,184.0,0.48964919757498987,20,596.0
1550.0,14,339.0,5.467741935483871,6.509272156099916,8,369.0,0.25811501383872587,6,151.0,0.420946336992536,14,520.0
1555.0,25,302.0,4.7936507936507935,6.249872535453112,13,294.0,0.29055567791721026,12,199.0,0.2684920113887419,25,493.0
1560.0,26,326.0,5.719298245614035,4.905108324545446,16,336.0,0.3146560470267459,10,217.0,0.22370519855731347,26,553.0
1565.0,29,444.0,7.7894736842105265,4.73403373434054,18,410.0,0.2345980665048468,11,234.0,0.34504712712535773,29,644.0
1570.0,28,440.0,7.4576271186440675,4.74697109269814,19,434.0,0.2666954664075346,9,256.0,0.42266503788636617,28,690.0
1575.0,24,493.0,7.825396825396825,5.839276071685834,18,491.0,0.22330936467974125,6,234.0,0.5537888304767282,24,725.0
1580.0,28,525.0,8.333333333333334,5.393335307996638,20,522.0,0.16802993296200636,8,261.0,0.507069161954363,28,783.0
1585.0,21,265.0,4.140625,5.592400118854986,13,475.0,0.19261448214564184,8,166.0,0.38346696024436294,21,641.0
1590.0,21,256.0,4.129032258064516,4.532638448303657,14,464.0,0.1889877575886414,7,75.0,0.15674365373053073,21,539.0
1595.0,28,212.0,3.4754098360655736,4.409579505636484,18,446.0,0.1912821280926143,10,91.0,0.20501694686048094,28,537.0
1600.0,30,291.0,4.85,4.587043839005006,18,495.0,0.25388144000891466,12,144.0,0.27144090493374573,30,639.0
1605.0,29,358.0,5.868852459016393,5.230257347928334,20,557.0,0.2940935869309389,9,156.0,0.39613734300193226,29,713.0
1610.0,28,401.0,6.265625,5.335226918861503,20,570.0,0.2850120846694851,8,146.0,0.4371974691487934,28,716.0
1615.0,22,340.0,5.3125,5.517624144432815,15,481.0,0.2343651222866315,7,156.0,0.3968121199371686,22,637.0
1620.0,23,370.0,5.873015873015873,5.229854213018484,13,495.0,0.24012983087498868,10,161.0,0.29231637375814823,23,656.0
1625.0,28,340.0,5.483870967741935,4.464279105883261,19,491.0,0.09624177863048997,9,144.0,0.31780371278805253,28,635.0
1630.0,33,378.0,6.406779661016949,3.723251220054278,22,525.0,0.08928472187512129,11,138.0,0.281532550844544,33,663.0
1635.0,26,300.0,5.2631578947368425,4.598929939115742,19,502.0,0.20241778772728627,7,132.0,0.30060564859192546,26,634.0
1640.0,25,332.0,5.442622950819672,5.368746100901475,18,514.0,0.17723738579909126,7,115.0,0.4216072019829955,25,629.0
1645.0,16,208.0,3.3015873015873014,5.779469584978245,11,442.0,0.20949827909152272,5,98.0,0.415664975122906,16,540.0
1650.0,18,228.0,3.5076923076923077,6.198163648230792,12,432.0,0.2838920815194776,6,66.0,0.4090331081166033,18,498.0
1655.0,24,294.0,4.323529411764706,6.370638399861588,15,455.0,0.353144731213689,9,101.0,0.4151824016182175,24,556.0
1660.0,27,298.0,4.65625,5.787361616341709,16,459.0,0.38265785762604315,11,154.0,0.32235941966250586,27,613.0
1665.0,28,372.0,5.8125,4.992782013938806,18,479.0,0.31509724529677197,10,186.0,0.2587632584290383,28,665.0
1670.0,28,381.0,5.686567164179104,4.783889809673159,21,487.0,0.15783916927631153,7,176.0,0.3168538629386974,28,663.0
1675.0,25,282.0,4.2727272727272725,5.134955364603795,18,429.0,0.14814666722671185,7,110.0,0.37536015946736784,25,539.0
1680.0,31,382.0,5.787878787878788,4.660093700581685,19,491.0,0.19265628240464522,12,152.0,0.29870683968577677,31,643.0
1685.0,35,465.0,7.153846153846154,4.410651436263211,22,553.0,0.23533147279153196,13,198.0,0.2784065947345794,35,751.0
1690.0,33,441.0,6.890625,3.9418322209450167,21,522.0,0.22137428710530296,12,227.0,0.321295520385762,33,749.0
1695.0,31,415.0,6.102941176470588,3.8665263864009516,21,467.0,0.24661947903624984,10,228.0,0.2771866528038506,31,695.0
1700.0,29,395.0,5.563380281690141,4.933852608595654,20,469.0,0.2228549420102362,9,176.0,0.40553030519451133,29,645.0
1705.0,24,324.0,4.5,5.210620770716253,17,442.0,0.20590361103737315,7,131.0,0.3596729525698083,24,573.0
1710.0,30,450.0,6.428571428571429,4.963252583905837,20,461.0,0.24014020640442846,10,157.0,0.20970261255532105,30,618.0
1715.0,33,391.0,5.585714285714285,4.471658274078495,20,474.0,0.23389489982849665,13,195.0,0.2149370300764653,33,669.0
1720.0,33,486.0,6.845070422535211,5.740576330923777,20,436.0,0.3204216665983825,13,238.0,0.38873058251677584,33,674.0
1725.0,29,489.0,7.086956521739131,5.021231226091945,18,447.0,0.23934297782619354,11,247.0,0.48960106511874435,29,694.0
1730.0,26,432.0,6.447761194029851,5.263037800077554,19,438.0,0.1582659057668427,7,204.0,0.5066396901112828,26,642.0
1735.0,34,489.0,7.298507462686567,4.4822454181346645,22,481.0,0.07556218924809102,12,208.0,0.4229721873056538,34,689.0
1740.0,32,367.0,5.242857142857143,4.1770068184681435,20,483.0,0.12369465692799146,12,171.0,0.30084658931279984,32,654.0
1745.0,35,467.0,6.671428571428572,4.609747835459329,21,541.0,0.26846286748957376,14,161.0,0.2356845314260133,35,702.0
1750.0,35,540.0,7.714285714285714,4.366415818607532,20,585.0,0.2886458386719965,15,201.0,0.22620157764047905,35,786.0
1755.0,37,568.0,7.780821917808219,4.146223787255644,20,597.0,0.20978315646100051,17,233.0,0.2718707781409211,37,830.0
1760.0,32,437.0,5.986301369863014,4.473382087895159,18,558.0,0.2562297672961709,14,278.0,0.26701104461683506,32,836.0
1765.0,22,343.0,4.573333333333333,4.8572156513665465,15,555.0,0.22823164596653808,7,254.0,0.31366032057137844,22,809.0
1770.0,27,313.0,4.22972972972973,4.450018955649772,20,553.0,0.11390003322086056,7,211.0,0.2889062454320589,27,764.0
1775.0,36,397.0,5.364864864864865,4.640194785461794,24,596.0,0.09651699335005355,12,186.0,0.3482664284238603,36,782.0
1780.0,31,466.0,6.6571428571428575,4.6527478572108105,17,579.0,0.1735989109663786,14,212.0,0.24327489047496045,31,791.0
1785.0,25,438.0,6.7384615384615385,4.10353812315064,14,551.0,0.11785609158838808,11,202.0,0.22633439838182537,25,753.0
1790.0,29,343.0,5.044117647058823,4.7289008069040275,16,533.0,0.1351740484653018,13,208.0,0.26572241629868076,29,741.0
1795.0,29,430.0,6.71875,5.23857600364278,15,490.0,0.16299221867112526,14,215.0,0.36944773680937326,29,705.0
1800.0,26,489.0,8.288135593220339,4.713124780314317,12,489.0,0.23165329501544954,14,250.0,0.24823656505305133,26,739.0
1805.0,33,498.0,8.586206896551724,3.8167403563312075,13,443.0,0.26831094356195245,20,321.0,0.0892716791058853,33,764.0
1810.0,32,399.0,6.540983606557377,4.053701035807017,13,388.0,0.32603087428169836,19,346.0,0.11317690209607148,32,734.0
1815.0,29,488.0,7.870967741935484,5.160106595292146,14,394.0,0.38514622362996503,15,318.0,0.26280370572285433,29,712.0
1820.0,27,468.0,7.2,5.013781884469275,13,417.0,0.3423794533764097,14,318.0,0.3181094073286345,27,735.0
1825.0,18,389.0,6.078125,5.543036635613515,10,412.0,0.24391394342923728,8,246.0,0.36114949323494233,18,658.0
1830.0,22,400.0,6.0606060606060606,5.470307723500811,13,367.0,0.17352828445783616,9,204.0,0.3410864086143289,22,571.0
1835.0,23,350.0,5.223880597014926,5.421807132934201,15,310.0,0.1699947182210675,8,181.0,0.2984246663603039,23,491.0
1840.0,30,451.0,7.158730158730159,4.975029725070602,17,365.0,0.2600334332991472,13,166.0,0.25376618107632687,30,531.0
1845.0,28,520.0,8.524590163934427,4.684777419383465,15,406.0,0.31593546719042415,13,221.0,0.22722712705535617,28,627.0
1850.0,23,533.0,8.596774193548388,5.424633541371824,12,397.0,0.34675098465855797,11,244.0,0.22406523886226454,23,641.0
1855.0,22,333.0,4.970149253731344,4.962885196383969,12,294.0,0.27434427044483084,10,238.0,0.19384831652385173,22,532.0
1860.0,26,388.0,5.705882352941177,6.119107134694287,14,247.0,0.3301174105407963,12,261.0,0.3397386096151178,26,508.0
1865.0,23,444.0,6.7272727272727275,5.385881828901482,13,273.0,0.28832847774097226,10,286.0,0.3707305096267079,23,559.0
1870.0,26,516.0,8.6,5.410351403886208,15,289.0,0.2097111046234634,11,297.0,0.34158321485065146,26,586.0
1875.0,31,575.0,9.583333333333334,4.043540515241158,19,352.0,0.06767125919607722,12,324.0,0.27876252231042126,31,676.0
1880.0,30,650.0,11.016949152542374,4.520337643788009,17,404.0,0.14978140858052832,13,348.0,0.24761944805769956,30,752.0
1885.0,30,624.0,10.758620689655173,4.424837042604542,16,411.0,0.2063450766598361,14,389.0,0.31907640082674205,30,800.0
1890.0,30,729.0,12.35593220338983,4.806278518176646,16,419.0,0.28805528939143416,14,428.0,0.3224485769635755,30,847.0
1895.0,30,513.0,8.274193548387096,3.9161588575324084,15,443.0,0.23418789685642794,15,338.0,0.2484250763239805,30,781.0
1900.0,25,532.0,7.940298507462686,5.8074420719765225,12,435.0,0.3313732104820141,13,219.0,0.3493324310633284,25,654.0
1905.0,24,414.0,6.17910447761194,5.224321710511391,10,390.0,0.38816001392624616,14,229.0,0.2507216220618363,24,619.0
1910.0,20,259.0,3.8656716417910446,6.02325179935154,10,307.0,0.29529065368635476,10,215.0,0.38110371633665174,20,522.0
1915.0,20,324.0,4.909090909090909,5.068115684330231,14,263.0,0.1401397800325969,6,202.0,0.36185740340529804,20,465.0
1920.0,33,467.0,7.075757575757576,5.041803566222261,19,358.0,0.19025562914687114,14,236.0,0.38525625013401926,33,594.0
1925.0,37,540.0,8.059701492537313,4.141976553287999,19,426.0,0.31101243333453765,18,285.0,0.2608838656231132,37,711.0
1930.0,30,578.0,8.626865671641792,4.308267087590691,11,432.0,0.36605495679406935,19,336.0,0.1708758388022133,30,768.0
1935.0,29,445.0,6.742424242424242,4.118329192367343,8,318.0,0.3415864307633933,21,364.0,0.15114157827762217,29,682.0
1940.0,25,420.0,6.176470588235294,5.130237267615357,6,221.0,0.33565653861636946,19,369.0,0.2511591063522317,25,590.0
1945.0,27,316.0,4.514285714285714,4.611455239483021,10,141.0,0.2555256441633537,17,388.0,0.27828911273377277,27,529.0
1950.0,27,239.0,3.463768115942029,4.93179202938974,17,167.0,0.19964838948183988,10,320.0,0.31326792929988784,27,487.0
1955.0,27,324.0,4.764705882352941,5.66578491034963,16,219.0,0.194767373325786,11,273.0,0.40905170437042343,27,492.0
1960.0,18,310.0,4.696969696969697,5.964042240084605,8,211.0,0.23780192490914367,10,250.0,0.3066123772122904,18,461.0
1965.0,20,264.0,4.125,6.044014345294374,8,199.0,0.32648380975946917,12,231.0,0.21018291804734238,20,430.0
1970.0,21,265.0,4.491525423728813,5.423272786049153,8,186.0,0.39139019623634735,13,238.0,0.10676210748720152,21,424.0
1975.0,25,290.0,5.178571428571429,4.807201701725032,10,209.0,0.4303302594884413,15,270.0,0.10016048282417836,25,479.0
1980.0,24,331.0,5.910714285714286,4.56874137045577,9,226.0,0.3395108054496643,15,270.0,0.23082443971955713,24,496.0
1985.0,23,357.0,6.155172413793103,5.1574287605961056,9,200.0,0.3567929414064231,14,304.0,0.22933247386583358,23,504.0
1990.0,17,324.0,5.890909090909091,5.779257796890527,6,191.0,0.3853371112049718,11,293.0,0.22462518965752815,17,484.0
1995.0,21,350.0,6.25,5.642318377796073,12,217.0,0.20267485908856728,9,278.0,0.25981821667142707,21,495.0
2000.0,22,397.0,6.964912280701754,5.810996079318591,12,245.0,0.2704914875590084,10,257.0,0.3169316859568196,22,502.0
2005.0,21,457.0,8.309090909090909,6.299573948989348,14,280.0,0.3709530520544732,7,274.0,0.419413807416417,21,554.0
2010.0,18,487.0,8.696428571428571,6.3234415134318445,11,296.0,0.3893012257383814,7,292.0,0.47581205463499715,18,588.0
2015.0,14,466.0,8.472727272727273,6.424128363446111,6,268.0,0.3500930279280607,8,332.0,0.4595627854768081,14,600.0
2020.0,11,335.0,6.203703703703703,6.643580968228646,5,238.0,0.2897440750299504,6,220.0,0.40711643508788836,11,458.0
2025.0,11,143.0,2.75,6.672405753586816,6,94.0,0.2845680910542915,5,109.0,0.37812067512521835,11,203.0
2030.0,19,205.0,4.019607843137255,6.750513640546299,13,119.0,0.3333858328060141,6,131.0,0.38250827097095763,19,250.0
2035.0,16,250.0,5.208333333333333,7.2060434502089,10,154.0,0.34695991755101485,6,146.0,0.47016633448357725,16,300.0
2040.0,16,292.0,6.3478260869565215,6.589994034455894,9,171.0,0.32744236792875253,7,183.0,0.5085272663898316,16,354.0
2045.0,17,293.0,6.369565217391305,4.81100100318269,10,182.0,0.10144358723765204,7,196.0,0.4369840092792819,17,378.0
2050.0,15,310.0,7.209302325581396,5.764979809564195,8,169.0,0.2897754163806246,7,219.0,0.45017210892583975,15,388.0
2055.0,15,279.0,6.340909090909091,5.912094646219983,8,185.0,0.397202388399726,7,195.0,0.3313333931071339,15,380.0
2060.0,20,368.0,7.829787234042553,5.895189980479414,9,235.0,0.4263070255762988,11,228.0,0.3116557419703675,20,463.0
2065.0,17,383.0,8.704545454545455,4.696213169114308,8,246.0,0.35151167561198393,9,250.0,0.3120500910911386,17,496.0
2070.0,21,448.0,9.955555555555556,5.537381690273714,13,253.0,0.3265789395402135,8,269.0,0.40620930772651587,21,522.0
2075.0,17,403.0,8.76086956521739,4.196924789723297,11,253.0,0.1831166313812715,6,262.0,0.30318158020791236,17,515.0
2080.0,17,440.0,8.979591836734693,5.852948069766581,7,239.0,0.37462697152124264,10,260.0,0.1920744450307501,17,499.0
2085.0,16,454.0,9.08,5.927171360218604,8,243.0,0.3485657771835273,8,289.0,0.26439073358345255,16,532.0
2090.0,16,509.0,9.60377358490566,7.229841973758765,11,283.0,0.3110494678815132,5,286.0,0.4147560938742154,16,569.0
2095.0,15,342.0,7.125,6.172700366879269,9,302.0,0.2619671879478995,6,188.0,0.3720862636631944,15,490.0
2100.0,14,353.0,7.06,6.753487855612612,6,300.0,0.3943220818942528,8,83.0,0.3125143336037661,14,383.0
2105.0,18,437.0,9.297872340425531,7.0358635373728164,9,332.0,0.462834463432237,9,125.0,0.266447875020669,18,457.0
2110.0,14,150.0,3.3333333333333335,6.9586435508711775,6,183.0,0.46791532047221907,8,110.0,0.28623316568488505,14,293.0
2115.0,10,166.0,4.048780487804878,7.862187978906797,3,71.0,0.5239297055955645,7,121.0,0.3888136391183629,10,192.0
2120.0,14,220.0,5.365853658536586,7.301175512258975,7,87.0,0.3385593771725108,7,148.0,0.43786733250392984,14,235.0
2125.0,17,297.0,7.071428571428571,6.12316667530793,9,129.0,0.3390344756087693,8,186.0,0.28855947105430496,17,315.0
2130.0,15,308.0,7.162790697674419,5.231615016841911,7,148.0,0.3691499375187932,8,206.0,0.2581357576954087,15,354.0
2135.0,16,364.0,9.837837837837839,5.973087230654378,5,154.0,0.49666769296306673,11,236.0,0.23508500010229208,16,390.0
2140.0,15,426.0,10.65,6.431980607996508,7,175.0,0.44951132072408106,8,274.0,0.35051688034836026,15,449.0
2145.0,14,427.0,10.675,6.352548510828697,5,141.0,0.4231499948004635,9,310.0,0.28407815780924855,14,451.0
2150.0,15,465.0,11.625,6.182844265330075,6,157.0,0.4409108940130492,9,332.0,0.3034688776657913,15,489.0
2155.0,16,518.0,12.333333333333334,6.813753243849587,8,172.0,0.3848605774089881,8,367.0,0.3794090022327069,16,539.0
2160.0,18,594.0,13.5,6.293752962587686,10,218.0,0.3749370015846574,8,400.0,0.45190756280002414,18,618.0
2165.0,21,685.0,14.270833333333334,6.308537926916418,10,265.0,0.40361612528194957,11,447.0,0.4025337571228272,21,712.0
2170.0,21,773.0,16.104166666666668,5.219565175712244,11,316.0,0.2592726888887707,10,493.0,0.453947535869305,21,809.0
2175.0,26,736.0,13.88679245283019,5.091720497346785,12,291.0,0.2182608490125296,14,549.0,0.45593391737085576,26,840.0
2180.0,26,775.0,13.839285714285714,4.4274045699761055,12,238.0,0.2637175775209824,14,607.0,0.3554635451590198,26,845.0
2185.0,27,789.0,13.15,4.583417956862244,8,225.0,0.32404299298966593,19,685.0,0.2838353303447959,27,910.0
2190.0,24,454.0,7.442622950819672,5.275310260961197,6,142.0,0.45351648167530706,18,581.0,0.21090436766596007,24,723.0
2195.0,20,189.0,3.0,5.8427311337168515,7,119.0,0.4725553847048502,13,341.0,0.16970038809037857,20,460.0
2200.0,19,209.0,3.265625,6.319796734045507,9,132.0,0.19595023597660777,10,217.0,0.3291132532754431,19,349.0
2205.0,25,325.0,5.327868852459017,6.633085817081649,13,169.0,0.18412002824695653,12,205.0,0.3742437123419311,25,374.0
2210.0,22,342.0,6.218181818181818,5.950446548671342,12,183.0,0.2428663073188141,10,221.0,0.35414626675822386,22,404.0
2215.0,17,288.0,5.538461538461538,6.38322239632593,8,185.0,0.37175005420212187,9,227.0,0.3135355754284192,17,412.0
2220.0,13,143.0,2.9791666666666665,5.297179740790206,4,172.0,0.451854968293212,9,194.0,0.2256037864517697,13,366.0
2225.0,19,190.0,4.130434782608695,5.618093232259942,8,167.0,0.3504249132873353,11,166.0,0.19707851022160247,19,333.0
2230.0,20,249.0,5.413043478260869,5.047115601295618,11,216.0,0.3583647770704422,9,182.0,0.0963212132601808,20,398.0
2235.0,19,314.0,6.1568627450980395,6.274583616245238,10,230.0,0.2746086449352418,9,203.0,0.29877682411800544,19,433.0
2240.0,17,349.0,7.270833333333333,7.282273451151084,8,211.0,0.34314226754742977,9,245.0,0.47689150383901213,17,456.0
2245.0,17,369.0,7.38,6.309687153277185,8,212.0,0.2376383018804552,9,286.0,0.4715023842450591,17,498.0
2250.0,17,377.0,7.54,5.58648031647067,8,217.0,0.1607178479399105,9,288.0,0.4509864254113939,17,505.0
2255.0,20,333.0,6.403846153846154,6.322055072358372,11,174.0,0.33240005804497513,9,263.0,0.43604705447979597,20,437.0
2260.0,22,258.0,5.0588235294117645,5.055541715062798,11,229.0,0.38833159767951575,11,191.0,0.20879342313692872,22,420.0
2265.0,24,269.0,5.2745098039215685,3.9671270925064483,10,230.0,0.3441653165056778,14,153.0,0.1140611195642927,24,383.0
2270.0,24,272.0,4.857142857142857,4.939969579307913,11,193.0,0.41268183388842633,13,192.0,0.19517164929321018,24,385.0
2275.0,19,222.0,3.8947368421052633,5.641399917316286,8,174.0,0.34771354144041283,11,194.0,0.3496484514968205,19,368.0
2280.0,20,290.0,4.833333333333333,5.956505822055378,9,170.0,0.3202792885238189,11,227.0,0.34224611495366525,20,397.0
2285.0,21,322.0,5.366666666666666,5.752398111473676,10,183.0,0.31299899466463316,11,257.0,0.3113901417911857,21,440.0
2290.0,26,289.0,4.737704918032787,5.671570990735054,12,184.0,0.2964732204713204,14,269.0,0.27658820526717004,26,453.0
2295.0,24,320.0,5.423728813559322,5.250353572977145,11,228.0,0.2768860455176745,13,279.0,0.3449242623602125,24,507.0
2300.0,23,353.0,6.192982456140351,4.847113911016075,11,249.0,0.3020705412339121,12,286.0,0.2567676521782315,23,535.0
2305.0,21,329.0,5.483333333333333,5.27816768148142,9,250.0,0.2852772712447916,12,272.0,0.2335511315332092,21,522.0
2310.0,20,316.0,4.9375,6.212360710967645,9,248.0,0.3630263328462269,11,265.0,0.267906600582757,20,513.0
2315.0,26,293.0,4.578125,6.564067399116714,12,251.0,0.4256403887097638,14,225.0,0.3466415882085438,26,476.0
2320.0,26,298.0,4.73015873015873,5.869791314108516,12,211.0,0.4951814219862781,14,247.0,0.29019493484929487,26,458.0
2325.0,26,346.0,5.40625,5.019711990375304,11,235.0,0.3820933768493051,15,262.0,0.23857351645425698,26,497.0
2330.0,26,359.0,5.4393939393939394,4.667676577762652,12,232.0,0.32803644100240525,14,290.0,0.2237947281922643,26,522.0
2335.0,25,297.0,4.790322580645161,4.639919691573584,15,215.0,0.239184051054758,10,286.0,0.26209501561338366,25,501.0
2340.0,20,312.0,4.875,5.613390028011482,11,144.0,0.1736291714443968,9,299.0,0.38919520411707,20,443.0
2345.0,23,326.0,5.258064516129032,5.5632159725387735,13,175.0,0.27584043959172316,10,270.0,0.26110481131574614,23,445.0
2350.0,24,245.0,4.083333333333333,5.1712172420062625,11,189.0,0.2701477293794026,13,237.0,0.28926136335115227,24,426.0
2355.0,23,325.0,5.158730158730159,5.467494448193247,12,211.0,0.3426292827005044,11,264.0,0.29425696557464476,23,475.0
2360.0,24,349.0,5.915254237288136,5.667323336840506,13,247.0,0.3517467405525263,11,268.0,0.306977663807018,24,515.0
2365.0,23,416.0,6.603174603174603,5.78842760675986,13,251.0,0.34715586124191794,10,266.0,0.3343679916442348,23,517.0
2370.0,27,399.0,5.7,5.328822613477862,14,258.0,0.32040478518413146,13,268.0,0.3265545541122798,27,526.0
2375.0,24,384.0,5.485714285714286,6.32215324131626,11,191.0,0.44720985212166825,13,315.0,0.38345155393379177,24,506.0
2380.0,22,402.0,5.826086956521739,5.727827833386744,10,163.0,0.32231068533029794,12,341.0,0.338068765959603,22,504.0
2385.0,28,308.0,4.597014925373134,4.38659386201708,14,179.0,0.13051778325788985,14,293.0,0.2399744540554924,28,472.0
2390.0,31,361.0,5.553846153846154,3.9243257164696526,14,220.0,0.10578907249587685,17,298.0,0.20938036741201224,31,518.0
2395.0,32,342.0,5.60655737704918,3.741712838028572,15,238.0,0.18222356311424837,17,272.0,0.12101158333222248,32,510.0
2400.0,33,381.0,6.145161290322581,4.20893623264286,15,259.0,0.19805187090667684,18,288.0,0.18563050898406125,33,547.0
2405.0,28,398.0,6.317460317460317,4.879126524309937,12,270.0,0.23702731999745208,16,335.0,0.23767057657682591,28,605.0
2410.0,25,456.0,7.728813559322034,5.343347089734594,13,300.0,0.20912300331980171,12,321.0,0.29631378050513557,25,621.0
2415.0,21,401.0,6.796610169491525,4.486082904790625,10,309.0,0.1651211056661515,11,302.0,0.1933990025924528,21,611.0
2420.0,25,348.0,6.105263157894737,5.145414069144247,10,301.0,0.2434963242668436,15,270.0,0.2614878338912311,25,571.0
2425.0,22,322.0,5.75,4.709636688452768,11,302.0,0.3201932607381481,11,293.0,0.2675978653106882,22,595.0
2430.0,29,409.0,6.932203389830509,5.0230167438670135,12,277.0,0.31673947979112965,17,334.0,0.28462981663553477,29,611.0
2435.0,34,500.0,8.333333333333334,4.653703958426056,18,360.0,0.24319686186157138,16,360.0,0.3233416862298784,34,720.0
2440.0,27,498.0,7.904761904761905,4.271717229256509,17,396.0,0.19195405043356503,10,335.0,0.23289255116624563,27,731.0
2445.0,23,371.0,5.707692307692308,4.896900644717581,13,398.0,0.22157089275118647,10,281.0,0.23298159271346133,23,679.0
2450.0,27,366.0,5.462686567164179,5.547386082282049,12,398.0,0.2949470268928839,15,244.0,0.2178823965646329,27,642.0
2455.0,30,392.0,5.9393939393939394,5.197112521011888,14,361.0,0.2661432356879778,16,268.0,0.24260115941240679,30,629.0
2460.0,32,329.0,5.222222222222222,4.647030831858241,15,325.0,0.21375556994284006,17,291.0,0.29954083073434257,32,616.0
2465.0,29,371.0,5.707692307692308,4.82699072245699,14,332.0,0.3012366498761288,15,310.0,0.3313075497317966,29,642.0
2470.0,27,301.0,4.703125,4.844313263355216,15,360.0,0.29342331844095176,12,282.0,0.2870012539678937,27,642.0
2475.0,27,425.0,6.4393939393939394,5.253493976626862,16,419.0,0.25649542167984835,11,273.0,0.3155198165621715,27,692.0
2480.0,27,348.0,5.043478260869565,4.807713255316438,18,427.0,0.13467778711859546,9,247.0,0.3006403603229759,27,674.0
2485.0,24,265.0,4.076923076923077,5.5106116426813045,10,338.0,0.27278435197122575,14,252.0,0.2289710867062238,24,590.0
2490.0,26,259.0,4.111111111111111,4.622863127628925,10,343.0,0.2805386851576408,16,265.0,0.16993908883529085,26,608.0
2495.0,28,333.0,5.203125,5.644137392052628,12,356.0,0.3004817983830252,16,290.0,0.30428353925051077,28,646.0
2500.0,30,378.0,5.90625,5.032680721396964,15,360.0,0.2978994827988455,15,313.0,0.3482780712316045,30,673.0
2505.0,17,292.0,4.709677419354839,5.073897404609087,7,293.0,0.2822759021852656,10,278.0,0.25261220773130005,17,571.0
2510.0,18,374.0,6.131147540983607,6.029326492227943,7,271.0,0.3273681960536692,11,263.0,0.24982176010509258,18,534.0
2515.0,20,352.0,5.5,6.1323492474667916,9,275.0,0.36112646260911496,11,212.0,0.14622547049474008,20,487.0
2520.0,25,301.0,5.016666666666667,5.636393426869617,9,188.0,0.32145028696135314,16,258.0,0.0885647756532469,25,446.0
2525.0,27,323.0,5.872727272727273,5.6575968162299475,11,130.0,0.3787993910977677,16,281.0,0.12624421551965487,27,411.0
2530.0,24,347.0,6.196428571428571,5.760991922405753,11,146.0,0.3895639597976657,13,300.0,0.22721182822707578,24,446.0
2535.0,24,380.0,7.037037037037037,6.066471712215453,13,183.0,0.4104248485846623,11,304.0,0.31975750081619225,24,487.0
2540.0,16,282.0,5.423076923076923,5.518842646118324,10,164.0,0.24264518709410213,6,248.0,0.45774827310818783,16,412.0
2545.0,20,339.0,6.163636363636364,6.427742401708884,13,178.0,0.21506937963613001,7,229.0,0.492560707596148,20,407.0
2550.0,18,186.0,3.152542372881356,5.9350445188426635,12,184.0,0.25314470131394334,6,161.0,0.368536964073156,18,345.0
2555.0,20,166.0,2.912280701754386,6.117887631403388,9,150.0,0.37230069052291354,11,119.0,0.2917516256397834,20,269.0
2560.0,21,181.0,3.232142857142857,5.107804220346158,9,163.0,0.3158121323792559,12,152.0,0.21929998724882008,21,315.0
2565.0,15,211.0,3.7017543859649122,6.302573748140305,10,190.0,0.3914729252347231,5,142.0,0.2994137549818141,15,332.0
2570.0,19,206.0,3.9615384615384617,5.7241330192602495,9,195.0,0.3531913574921589,10,162.0,0.2914476310665763,19,357.0
2575.0,24,306.0,5.5636363636363635,5.6050181300155915,12,216.0,0.2490591172574061,12,212.0,0.41627160313057643,24,428.0
2580.0,24,267.0,4.944444444444445,4.481769281949311,14,235.0,0.24534422106467763,10,191.0,0.3357872636226338,24,426.0
2585.0,25,333.0,5.741379310344827,4.964337084008881,12,238.0,0.3587789377623828,13,170.0,0.24829024240756184,25,408.0
2590.0,26,310.0,5.081967213114754,5.485394465870688,11,243.0,0.45208160626884375,15,188.0,0.1441333782475241,26,431.0
2595.0,18,217.0,3.4444444444444446,6.280584456359178,12,221.0,0.36959222002255,6,150.0,0.3181857147064276,18,371.0
2600.0,19,160.0,2.711864406779661,5.240999562178275,14,237.0,0.16854072660697242,5,115.0,0.40813457274287285,19,352.0
2605.0,29,255.0,4.636363636363637,5.079149304768642,19,271.0,0.119211068048636,10,132.0,0.3903188718199611,29,403.0
2610.0,31,314.0,5.508771929824562,3.7521803483427973,18,311.0,0.14837626631900336,13,182.0,0.23448788759237577,31,493.0
2615.0,32,434.0,7.233333333333333,4.4445806083068184,15,351.0,0.24355737037964836,17,243.0,0.22505199352866448,32,594.0
2620.0,30,484.0,8.066666666666666,5.068749998600795,16,379.0,0.335921314100149,14,257.0,0.3227231888440399,30,636.0
2625.0,20,453.0,7.55,5.953357418023299,15,384.0,0.2797053142961223,5,212.0,0.46491436464815494,20,596.0
2630.0,20,405.0,7.105263157894737,4.636652051067093,13,372.0,0.12327348720343277,7,184.0,0.3941182532523055,20,556.0
2635.0,21,269.0,4.637931034482759,5.386393797848097,11,277.0,0.20918336370181378,10,191.0,0.32542496583437647,21,468.0
2640.0,15,204.0,3.2903225806451615,5.121168978455228,8,289.0,0.16449667205223625,7,172.0,0.30115573630700826,15,461.0
2645.0,24,286.0,4.688524590163935,6.07282305184011,15,324.0,0.257407559707534,9,156.0,0.42756960304440045,24,480.0
2650.0,23,249.0,4.081967213114754,6.060865480759742,14,350.0,0.3322380099064573,9,133.0,0.4116914388808088,23,483.0
2655.0,25,340.0,5.666666666666667,5.664671130611751,13,381.0,0.36793011673175713,12,155.0,0.29386009112224293,25,536.0
2660.0,25,311.0,5.016129032258065,5.027494180163354,12,339.0,0.32573801356601256,13,158.0,0.2857929388759461,25,497.0
2665.0,22,288.0,4.571428571428571,5.887282428334083,10,223.0,0.39850663105798784,12,184.0,0.27978603655739315,22,407.0
2670.0,18,260.0,4.0,5.74852209153492,7,240.0,0.4505854090638256,11,192.0,0.21589880753748675,18,432.0
2675.0,20,254.0,3.791044776119403,5.886895711992592,13,274.0,0.32799282561645804,7,144.0,0.30145644868556415,20,418.0
2680.0,29,337.0,4.955882352941177,4.357751526070247,19,301.0,0.15370329972553493,10,177.0,0.3119153593625147,29,478.0
2685.0,29,425.0,6.159420289855072,4.90464318818663,16,319.0,0.14901764233588224,13,234.0,0.4044438761119213,29,553.0
2690.0,25,418.0,6.430769230769231,4.698440431245483,13,335.0,0.24243180733600256,12,261.0,0.2944161496218953,25,596.0
2695.0,31,539.0,8.166666666666666,4.828910125469516,16,373.0,0.20218929938189953,15,318.0,0.33155391821217933,31,691.0
2700.0,30,580.0,8.405797101449275,4.0744608879299005,19,435.0,0.1752265691128235,11,311.0,0.29202726823820274,30,746.0
2705.0,24,582.0,8.818181818181818,4.971890299668031,14,455.0,0.25990876378203626,10,272.0,0.27821519985726223,24,727.0
2710.0,22,276.0,4.0588235294117645,5.440837375657344,12,320.0,0.3401627539454982,10,201.0,0.29890233834127616,22,521.0
2715.0,26,323.0,4.681159420289855,5.781808039134131,14,302.0,0.2875048947891368,12,160.0,0.31909324692465807,26,462.0
2720.0,27,265.0,4.076923076923077,5.0108161504346125,15,307.0,0.21787855717812454,12,187.0,0.39331678964932626,27,494.0
2725.0,31,339.0,5.296875,4.955033254638772,15,255.0,0.2747163336581407,16,240.0,0.2771381897656169,31,495.0
2730.0,32,365.0,5.703125,3.6215833162855233,13,263.0,0.23239166713058346,19,266.0,0.17277513393615623,32,529.0
2735.0,22,317.0,4.876923076923077,4.88815828769358,10,229.0,0.22385173840031755,12,243.0,0.23335458809354415,22,472.0
2740.0,17,201.0,3.2419354838709675,5.605731756307063,8,166.0,0.312363357828631,9,219.0,0.21611776948638417,17,385.0
2745.0,21,226.0,3.6451612903225805,6.60894608305465,8,117.0,0.3690326453311124,13,230.0,0.28412905967536267,21,347.0
2750.0,22,256.0,4.19672131147541,5.495999468794189,9,118.0,0.3448461720448749,13,257.0,0.33718180207876186,22,375.0
2755.0,20,305.0,5.083333333333333,5.8853905264275514,9,131.0,0.4004210149375616,11,261.0,0.37978148540242607,20,392.0
2760.0,19,340.0,5.573770491803279,6.124263413373155,8,129.0,0.42624842646428396,11,295.0,0.42247980446039046,19,424.0
2765.0,18,275.0,4.296875,6.23085934991106,6,96.0,0.45134174636125185,12,253.0,0.3408229430804014,18,349.0
2770.0,22,266.0,3.970149253731343,5.399594497469909,7,85.0,0.3641531005647228,15,248.0,0.2700450356028814,22,333.0
2775.0,33,265.0,3.732394366197183,5.102342191445997,14,120.0,0.3736089997440537,19,251.0,0.2428754759948359,33,371.0
2780.0,31,374.0,5.3428571428571425,5.010514365284884,13,177.0,0.35521707758623394,18,269.0,0.27363723557626735,31,446.0
2785.0,35,436.0,6.228571428571429,4.055608503363989,16,212.0,0.29983024327879043,19,325.0,0.19248854270295876,35,537.0
2790.0,30,396.0,5.5,4.01951762512495,16,248.0,0.1565584661516117,14,336.0,0.265642403957992,30,584.0
2795.0,25,307.0,4.093333333333334,4.4702769612223,15,253.0,0.20427505105629248,10,296.0,0.2653320798523321,25,549.0
2800.0,27,370.0,4.743589743589744,5.081126348851432,13,281.0,0.30905091908560434,14,277.0,0.21455441723506985,27,558.0
2805.0,36,422.0,5.146341463414634,5.415385880947275,17,326.0,0.3689292612602918,19,306.0,0.24414293653096808,36,632.0
2810.0,40,443.0,5.6075949367088604,4.778314330841676,18,333.0,0.3132279958414605,22,373.0,0.2633364236998697,40,706.0
2815.0,40,553.0,6.827160493827161,4.335481128861746,21,339.0,0.2877425107819247,19,416.0,0.25297373494981074,40,755.0
2820.0,39,537.0,6.548780487804878,4.175138882566868,24,396.0,0.20710266846614436,15,389.0,0.2774798503955871,39,785.0
2825.0,33,552.0,6.987341772151899,4.552380199954864,19,415.0,0.16001373965844368,14,355.0,0.2636024369819325,33,770.0
2830.0,30,577.0,7.1234567901234565,4.633828980131352,17,436.0,0.13046040956312316,13,340.0,0.28141735980462873,30,776.0
2835.0,38,695.0,8.580246913580247,4.722065824085767,18,456.0,0.17854765831462094,20,420.0,0.21093886777090712,38,876.0
2840.0,43,690.0,9.078947368421053,3.966605410563968,19,444.0,0.1690944394222997,24,511.0,0.2138316656050001,43,955.0
2845.0,38,673.0,8.74025974025974,4.0233172280949825,17,389.0,0.20522470962724199,21,584.0,0.17911384545651401,38,973.0
2850.0,37,731.0,10.013698630136986,4.053076535425906,16,403.0,0.2592900457586443,21,630.0,0.1992639552480247,37,1033.0
2855.0,27,639.0,9.0,4.076168436149743,12,351.0,0.18106849106876047,15,632.0,0.18008506069403693,27,983.0
2860.0,26,407.0,5.898550724637682,4.85448569421831,12,291.0,0.1876041996820356,14,540.0,0.2463153313095583,26,831.0
2865.0,25,300.0,4.545454545454546,5.498294874653459,10,268.0,0.20081142588672993,15,365.0,0.26793300141632787,25,633.0
2870.0,30,293.0,4.185714285714286,5.237317406184539,10,246.0,0.34134859871744044,20,430.0,0.2183838221965896,30,676.0
2875.0,31,362.0,5.246376811594203,4.705075707216981,10,255.0,0.41605008579951913,21,478.0,0.1929220937900959,31,733.0
2880.0,34,415.0,6.0144927536231885,4.699276131272349,10,235.0,0.4968357524375478,24,554.0,0.19651366921634042,34,789.0
2885.0,34,480.0,6.956521739130435,4.0447552974911245,9,180.0,0.39871540537588435,25,646.0,0.17977732441726824,34,826.0
2890.0,40,536.0,7.6571428571428575,2.651065854619564,12,191.0,0.243989090935626,28,657.0,0.14463292031191455,40,848.0
2895.0,41,653.0,9.069444444444445,3.0455657074320683,12,200.0,0.24754663663958618,29,745.0,0.10068421280172349,41,945.0
2900.0,40,689.0,9.438356164383562,3.662543936051942,11,219.0,0.32744169213171775,29,784.0,0.06946392756069332,40,1003.0
2905.0,34,511.0,6.905405405405405,4.736071184691657,13,232.0,0.366400508721465,21,708.0,0.10725299766804436,34,940.0
2910.0,30,500.0,7.142857142857143,4.755077513497585,16,300.0,0.26307397260672943,14,596.0,0.23441726420598416,30,896.0
2915.0,30,511.0,7.514705882352941,4.843110971385461,19,318.0,0.1984813675314675,11,529.0,0.2952639584840396,30,847.0
2920.0,29,537.0,8.014925373134329,4.96028464165829,18,344.0,0.11142991657862165,11,500.0,0.3239275432264264,29,844.0
2925.0,25,587.0,9.783333333333333,4.975450881255258,14,366.0,0.11401283543685771,11,482.0,0.39767927088075256,25,848.0
2930.0,20,464.0,8.0,5.047628717816397,9,327.0,0.1463034315873651,11,460.0,0.32289321672766413,20,787.0
2935.0,22,304.0,5.241379310344827,4.80546173730781,10,302.0,0.14559025940991926,12,388.0,0.3162291567826585,22,690.0
2940.0,28,385.0,6.52542372881356,4.8918692989401125,14,326.0,0.19294745537912733,14,433.0,0.26363837733900836,28,759.0
2945.0,21,438.0,8.264150943396226,5.060763012364883,10,336.0,0.1729709040267309,11,455.0,0.30485977207696136,21,791.0
2950.0,23,414.0,7.811320754716981,4.360105483299865,9,287.0,0.17542188135110096,14,450.0,0.11612428120958608,23,737.0
2955.0,24,444.0,7.928571428571429,5.151338336410984,8,276.0,0.2837111895675547,16,456.0,0.16911865694557973,24,732.0
2960.0,22,415.0,7.685185185185185,5.403767502230143,8,206.0,0.3771762127823644,14,439.0,0.24828965758101468,22,645.0
2965.0,22,475.0,8.796296296296296,5.477988397488889,7,230.0,0.38501272697379624,15,394.0,0.2987413678921941,22,624.0
2970.0,24,549.0,9.803571428571429,5.377690131262886,9,245.0,0.4489214506153645,15,448.0,0.25253047256128236,24,693.0
2975.0,26,651.0,11.033898305084746,5.782248075457938,7,244.0,0.5056516148573175,19,511.0,0.23948518438595562,26,755.0
2980.0,28,522.0,8.419354838709678,4.968874872588584,11,242.0,0.3837894482006965,17,435.0,0.2834772508862465,28,677.0
2985.0,27,609.0,9.515625,4.976530541933693,10,278.0,0.34846275572575053,17,401.0,0.31014642901547845,27,679.0
2990.0,27,567.0,8.723076923076922,5.041543787342609,9,293.0,0.3805134242362368,18,405.0,0.25672193299408375,27,698.0
2995.0,18,381.0,5.953125,4.8550066547481805,7,274.0,0.32070484854002324,11,315.0,0.19268466847556298,18,589.0
3000.0,26,487.0,7.854838709677419,4.913869585873418,13,310.0,0.15811563829714048,13,266.0,0.3270322451773506,26,576.0
3005.0,30,531.0,8.169230769230769,4.64744142919273,16,365.0,0.18549989897797112,14,273.0,0.27418744889413815,30,638.0
3010.0,25,528.0,8.25,5.135305015856489,8,388.0,0.2489279967332501,17,284.0,0.28305775097257146,25,672.0
3015.0,23,343.0,5.716666666666667,4.6679179443145875,7,287.0,0.3026610731573375,16,314.0,0.19512723170813098,23,601.0
3020.0,27,351.0,5.754098360655738,4.683559476634274,8,135.0,0.2640515585697597,19,365.0,0.24776419253674162,27,500.0
3025.0,29,396.0,6.387096774193548,4.47049534800442,11,154.0,0.2075098496105221,18,401.0,0.25708174468151274,29,555.0
3030.0,20,410.0,6.833333333333333,6.1358056370535365,6,138.0,0.4127928615634304,14,394.0,0.29091421176103593,20,532.0
3035.0,19,398.0,6.745762711864407,5.563066630301035,5,122.0,0.3080154820172905,14,410.0,0.2347933151437969,19,532.0
3040.0,31,528.0,8.516129032258064,4.876132058427455,10,150.0,0.29624529236505437,21,467.0,0.1603403684372583,31,617.0
3045.0,33,629.0,10.844827586206897,4.124235751756677,13,183.0,0.2470573517269769,20,546.0,0.23071870027601568,33,729.0
3050.0,34,793.0,13.672413793103448,3.924278779033533,14,231.0,0.27778423338608804,20,638.0,0.2287572415563925,34,869.0
3055.0,33,822.0,13.932203389830509,3.4117859045853742,14,249.0,0.2703566632357258,19,679.0,0.16801232735100854,33,928.0
3060.0,22,761.0,12.683333333333334,4.70631261284266,7,216.0,0.3559114634834262,15,670.0,0.13421560826085593,22,886.0
3065.0,20,567.0,9.45,4.696990344337096,6,190.0,0.3266531994080315,14,599.0,0.11481995614137644,20,789.0
3070.0,25,324.0,5.311475409836065,5.458955776638919,12,225.0,0.2624325413036367,13,471.0,0.21376532092287268,25,696.0
3075.0,20,186.0,3.0,6.0403857782555495,9,164.0,0.2831602684086322,11,391.0,0.3930011394806119,20,555.0
3080.0,23,298.0,4.966666666666667,6.558496767233192,12,177.0,0.4071939405241899,11,340.0,0.4081537208334891,23,517.0
3085.0,25,349.0,5.915254237288136,5.04110841233388,9,175.0,0.3826977375938975,16,318.0,0.287637943413729,25,493.0
3090.0,24,344.0,5.830508474576271,4.261269861712099,8,123.0,0.3134860205297461,16,322.0,0.22814440450945409,24,445.0
3095.0,21,342.0,5.896551724137931,5.078046687078089,11,170.0,0.24528723048444873,10,264.0,0.3164989344667631,21,434.0
3100.0,21,390.0,6.842105263157895,5.101998661282444,10,195.0,0.22236251253660488,11,290.0,0.25821986619162945,21,485.0
3105.0,31,495.0,9.0,4.295469012080479,13,205.0,0.1434956642929214,18,367.0,0.20288127154610114,31,572.0
3110.0,29,439.0,8.442307692307692,4.086328709292788,11,217.0,0.2839576653678544,18,365.0,0.22427196556483875,29,582.0
3115.0,25,493.0,9.666666666666666,4.568927883299601,11,242.0,0.33545518566411653,14,354.0,0.21028300869542452,25,596.0
3120.0,23,403.0,7.462962962962963,5.012439908144048,8,190.0,0.4260662665601271,15,361.0,0.21356093876933663,23,551.0
3125.0,19,359.0,6.189655172413793,5.744717699794746,9,153.0,0.283368831988937,10,324.0,0.319804692679329,19,477.0
3130.0,19,231.0,3.9827586206896552,5.528705763774476,9,155.0,0.13362845504047008,10,268.0,0.4187369361636291,19,423.0
3135.0,19,165.0,3.0,6.044866871911398,5,108.0,0.3229456221773861,14,238.0,0.3681643635435916,19,346.0
3140.0,21,201.0,3.6545454545454548,5.252135928768277,4,89.0,0.41221210066237274,17,289.0,0.2233569945132779,21,378.0
3145.0,28,317.0,5.56140350877193,5.035290203725344,8,119.0,0.4109893414102376,20,357.0,0.18819922192646396,28,476.0
3150.0,28,319.0,5.696428571428571,4.393490538842999,9,129.0,0.36880759853860373,19,378.0,0.2045743043485377,28,507.0
3155.0,18,310.0,5.344827586206897,6.158085991102052,6,108.0,0.4787645697665455,12,361.0,0.3008782444899286,18,469.0
3160.0,23,205.0,3.4166666666666665,5.716499831580216,8,85.0,0.4164015877104805,15,351.0,0.23384716604440112,23,436.0
3165.0,21,200.0,3.278688524590164,6.286993811850134,9,75.0,0.3689363827112091,12,296.0,0.26182890874950604,21,371.0
3170.0,28,249.0,4.15,4.832094983411235,12,108.0,0.2360485975326218,16,296.0,0.15540577280976225,28,404.0
3175.0,30,351.0,5.754098360655738,5.3807455246043805,14,179.0,0.3310152152911101,16,329.0,0.24307035140350783,30,508.0
3180.0,25,378.0,6.517241379310345,4.44264454108151,12,213.0,0.3217852804297058,13,339.0,0.2519860705803258,25,552.0
3185.0,27,426.0,7.1,4.715925187870162,14,280.0,0.28993284595031976,13,294.0,0.30385652123911255,27,574.0
3190.0,32,389.0,6.174603174603175,4.663677452839478,15,291.0,0.2643637351430143,17,293.0,0.30846481622118976,32,584.0
3195.0,18,272.0,4.459016393442623,5.576216268053764,7,221.0,0.3058708197249873,11,280.0,0.3021554017418549,18,501.0
3200.0,26,378.0,6.517241379310345,5.241836127666363,8,178.0,0.2677294263168099,18,336.0,0.16590225649964369,26,514.0
3205.0,24,324.0,5.4,4.524631518869616,7,143.0,0.17899628282744695,17,366.0,0.08288054069692975,24,509.0
3210.0,28,384.0,6.295081967213115,5.1300187052360195,11,158.0,0.22277940295196394,17,369.0,0.24093072738933952,28,527.0
3215.0,23,380.0,6.229508196721311,5.593824321461343,9,164.0,0.3795880232731821,14,384.0,0.34988734471076643,23,548.0
3220.0,15,290.0,4.754098360655738,6.470151621010338,4,138.0,0.5774587900925138,11,357.0,0.26620590067066835,15,495.0
3225.0,16,257.0,4.145161290322581,6.22895035744089,3,71.0,0.616232272534071,13,396.0,0.16664198600738075,16,467.0
3230.0,28,377.0,5.8,6.019882387105893,9,108.0,0.49059611715092766,19,467.0,0.2164715922675176,28,575.0
3235.0,32,369.0,5.857142857142857,4.407732003185188,13,124.0,0.27765106784501065,19,504.0,0.268538976712103,32,628.0
3240.0,31,435.0,7.5,3.726491766027178,17,188.0,0.18991632407460488,14,494.0,0.2820334350528531,31,682.0
3245.0,31,342.0,5.34375,3.5972395210590538,19,238.0,0.1544775662543434,12,409.0,0.30667541863565856,31,647.0
3250.0,27,376.0,5.696969696969697,5.3215384479425625,11,243.0,0.34571806574122105,16,374.0,0.3156267027986845,27,617.0
3255.0,30,353.0,5.348484848484849,4.394513422346444,13,253.0,0.31173728613890445,17,380.0,0.2098444480202341,30,633.0
3260.0,27,300.0,4.477611940298507,4.685784767736469,14,265.0,0.24587234129156907,13,333.0,0.2627141410929289,27,598.0
3265.0,32,294.0,4.388059701492537,4.023206913536689,17,293.0,0.21984722509890328,15,348.0,0.21553925303740393,32,641.0
3270.0,32,337.0,5.106060606060606,4.843678784235165,18,305.0,0.23251494574848017,14,340.0,0.2908969469249522,32,645.0
3275.0,36,430.0,6.825396825396825,4.410994024430761,21,337.0,0.13412361134158352,15,366.0,0.3630056989339691,36,703.0
3280.0,25,331.0,5.171875,5.545510379035455,11,301.0,0.2709845979648019,14,368.0,0.3254421596978019,25,669.0
3285.0,20,303.0,4.967213114754099,5.425737670244807,10,274.0,0.35464121252576397,10,360.0,0.26149391811414235,20,634.0
3290.0,26,301.0,5.016666666666667,4.379386403197674,13,270.0,0.31794547372208337,13,338.0,0.18588931209638093,26,608.0
3295.0,32,339.0,5.844827586206897,3.9113782252484706,17,303.0,0.2413421920251981,15,294.0,0.27333268354802515,32,597.0
3300.0,30,400.0,6.666666666666667,3.799762017000077,17,357.0,0.23946467328322116,13,332.0,0.229880321293543,30,689.0
3305.0,26,436.0,7.032258064516129,4.373192297522789,16,375.0,0.16144068589687005,10,332.0,0.34749993901156845,26,707.0
3310.0,23,286.0,4.688524590163935,4.810287053468267,14,339.0,0.1398656181250985,9,290.0,0.33063038414779805,23,629.0
3315.0,24,318.0,5.129032258064516,5.105677780423229,13,355.0,0.1854282077391309,11,235.0,0.3416400156426643,24,590.0
3320.0,30,392.0,6.125,4.38039916860233,17,391.0,0.17991209193234028,13,244.0,0.22573109238952224,30,635.0
3325.0,31,388.0,5.878787878787879,4.888961330067415,18,384.0,0.1965892347849015,13,291.0,0.37070499252106276,31,675.0
3330.0,31,466.0,7.1692307692307695,4.639840497637552,20,417.0,0.19257527133284624,11,310.0,0.4071877468107225,31,727.0
3335.0,27,469.0,7.2153846153846155,5.326048176961242,17,431.0,0.2707215453104163,10,291.0,0.4320330417181685,27,722.0
3340.0,23,446.0,7.193548387096774,5.3594965712507845,9,370.0,0.302626094037735,14,317.0,0.24943365835922804,23,687.0
3345.0,23,427.0,6.887096774193548,4.676819880412429,7,318.0,0.29026376431180934,16,363.0,0.12835226932409421,23,681.0
3350.0,25,395.0,6.583333333333333,4.667247902575921,8,263.0,0.23927458093520196,17,393.0,0.1638351097893574,25,656.0
3355.0,27,439.0,7.19672131147541,5.269488158101903,12,252.0,0.33448901033405415,15,411.0,0.27626700176587526,27,663.0
3360.0,27,494.0,8.233333333333333,5.272008763686709,13,242.0,0.309290195788142,14,443.0,0.3250034924790179,27,685.0
3365.0,26,516.0,8.459016393442623,4.90676139341739,13,245.0,0.37115274025597816,13,468.0,0.27464669364777206,26,713.0
3370.0,20,469.0,8.228070175438596,4.946799235211836,12,237.0,0.29235954823318083,8,439.0,0.3557452823373985,20,676.0
3375.0,24,324.0,5.225806451612903,3.980681600660058,12,200.0,0.15707406952962966,12,379.0,0.2747592305187469,24,579.0
3380.0,23,234.0,3.7142857142857144,4.63470291382856,11,200.0,0.19162014873820357,12,237.0,0.2902233371570421,23,437.0
3385.0,26,307.0,4.873015873015873,4.657059037218496,13,221.0,0.2842543775609252,13,267.0,0.24241363876947208,26,488.0
3390.0,23,271.0,4.1692307692307695,5.5174183017235325,11,209.0,0.3625640445592125,12,274.0,0.26052774336909806,23,483.0
3395.0,23,344.0,5.548387096774194,5.5547994088734916,11,220.0,0.34275849939020353,12,269.0,0.2736298517902612,23,489.0
3400.0,26,381.0,5.861538461538461,5.090763435356267,11,228.0,0.34878664779775065,15,265.0,0.2511569642654865,26,493.0
3405.0,26,463.0,7.234375,5.775432233370944,8,210.0,0.44689625756347745,18,336.0,0.23135645831694804,26,546.0
3410.0,27,534.0,8.476190476190476,5.0212304918867945,8,237.0,0.4007052187882853,19,397.0,0.18131078398992698,27,634.0
3415.0,26,563.0,8.936507936507937,4.804854406856491,13,280.0,0.22251862180097418,13,411.0,0.1963821928691748,26,691.0
3420.0,27,458.0,7.26984126984127,4.33272504786302,14,298.0,0.18017141769081493,13,374.0,0.24384643373381892,27,672.0
3425.0,29,535.0,8.23076923076923,5.407073977126959,15,348.0,0.269084223078215,14,331.0,0.3004171180065924,29,679.0
3430.0,27,334.0,5.21875,5.2345322977468225,15,326.0,0.26128199737593527,12,281.0,0.35196261016650227,27,607.0
3435.0,31,377.0,5.712121212121212,5.158630641970241,14,262.0,0.3120027822276802,17,273.0,0.289266724432196,31,535.0
3440.0,29,362.0,5.484848484848484,4.327428983199725,12,272.0,0.2953018184137394,17,297.0,0.27114757119207594,29,569.0
3445.0,22,244.0,3.4857142857142858,5.500680268868703,9,232.0,0.29560430388613873,13,254.0,0.3164304646290158,22,486.0
3450.0,21,266.0,3.8550724637681157,5.068179049200336,10,251.0,0.13080839431119545,11,256.0,0.31330656269552115,21,507.0
3455.0,29,335.0,4.855072463768116,4.914254438595699,15,303.0,0.16314250364884214,14,287.0,0.26223648642838143,29,590.0
3460.0,37,401.0,6.075757575757576,3.6130751689644134,16,337.0,0.2478084103109444,21,332.0,0.14468542039330037,37,669.0
3465.0,27,373.0,5.7384615384615385,4.526415106523444,7,288.0,0.3304054589052452,20,362.0,0.1743096538724861,27,650.0
3470.0,27,319.0,4.6911764705882355,4.98977942759176,8,250.0,0.3416657538382305,19,386.0,0.19728380581652244,27,636.0
3475.0,25,313.0,4.408450704225352,5.910535699789688,13,246.0,0.22701970018740616,12,360.0,0.33749973868721506,25,606.0
3480.0,28,413.0,5.816901408450704,5.408402513208147,15,269.0,0.13395435379183226,13,355.0,0.3658287618933932,28,624.0
3485.0,21,411.0,6.044117647058823,5.973942410600944,8,266.0,0.24191586656414726,13,335.0,0.2964435381891668,21,601.0
3490.0,23,358.0,5.114285714285714,5.318376041349633,6,231.0,0.2889587446769106,17,349.0,0.21886851706545657,23,580.0
3495.0,28,343.0,5.196969696969697,5.422992444090759,10,179.0,0.37841588448632174,18,365.0,0.22989937002506214,28,544.0
3500.0,29,442.0,6.8,5.809423617142655,9,207.0,0.46792235378351166,20,404.0,0.2572442806431022,29,611.0
3505.0,26,467.0,7.296875,5.104239553093308,7,183.0,0.4409353718764622,19,450.0,0.1810065809941708,26,633.0
3510.0,21,382.0,5.96875,5.058367924197265,6,144.0,0.3803683708520262,15,453.0,0.19404474466143215,21,597.0
3515.0,25,301.0,4.854838709677419,4.360071417617363,11,90.0,0.15306532989251898,14,403.0,0.2643064414026006,25,493.0
3520.0,28,242.0,3.8412698412698414,4.4834811160199095,15,141.0,0.18337785100012652,13,337.0,0.2993361019041775,28,478.0
3525.0,22,246.0,4.1,4.981357804604893,9,164.0,0.31424437895591595,13,358.0,0.2647737401618921,22,522.0
3530.0,27,326.0,5.344262295081967,5.02498212047932,8,181.0,0.41346801031699015,19,386.0,0.21347459562479246,27,567.0
3535.0,30,397.0,6.203125,4.890775025502891,12,218.0,0.3332128859785354,18,414.0,0.270697410041293,30,632.0
3540.0,27,313.0,4.968253968253968,4.523037679849357,14,216.0,0.19750780592583692,13,391.0,0.30899750146335586,27,607.0
3545.0,27,335.0,5.317460317460317,4.506265355465265,14,146.0,0.2178829627957257,13,356.0,0.24869032616938339,27,502.0
3550.0,30,349.0,5.208955223880597,4.802369926754021,14,174.0,0.2672823198849544,16,327.0,0.19981644260687356,30,501.0
3555.0,23,219.0,3.4761904761904763,5.65636243099458,5,158.0,0.43045550443960456,18,315.0,0.20481140161317782,23,473.0
3560.0,24,302.0,5.206896551724138,5.09054975418333,5,139.0,0.39869618487611597,19,356.0,0.12093480981608423,24,495.0
3565.0,30,375.0,6.578947368421052,4.825017143431989,12,174.0,0.3148026243549262,18,402.0,0.15171911729792523,30,576.0
3570.0,23,356.0,6.980392156862745,4.751830512798422,11,200.0,0.2522645058725283,12,369.0,0.19913667179508068,23,569.0
3575.0,22,345.0,7.340425531914893,4.0075020845971485,14,238.0,0.13763553606013215,8,318.0,0.24028436849249676,22,556.0
3580.0,21,310.0,6.2,5.043215801094815,12,254.0,0.21722879509084492,9,279.0,0.34540741360721805,21,533.0
3585.0,15,294.0,5.88,6.736537804269606,4,195.0,0.5195300349494836,11,290.0,0.22702717019586546,15,485.0
3590.0,16,259.0,5.18,6.25660726087207,1,90.0,0.5449573744099577,15,357.0,0.22670824354283947,16,447.0
3595.0,21,274.0,5.48,5.867168772966713,7,85.0,0.35866699823412573,14,356.0,0.3329603932559091,21,441.0
3600.0,26,316.0,6.196078431372549,5.179415885522497,13,140.0,0.23194074002470458,13,309.0,0.383532444841886,26,449.0
3605.0,25,401.0,7.566037735849057,4.676691434269485,10,153.0,0.3583715907008448,15,341.0,0.2577178206643269,25,494.0
3610.0,22,363.0,6.482142857142857,4.645254814798151,5,116.0,0.4885211768176971,17,363.0,0.128814005674358,22,479.0
3615.0,18,356.0,6.472727272727273,5.524490052732475,4,83.0,0.47200428579629883,14,390.0,0.19063766089281123,18,473.0
3620.0,21,286.0,4.931034482758621,6.2280490656430185,10,105.0,0.4213145936750548,11,348.0,0.30826224444889466,21,453.0
3625.0,16,134.0,2.4814814814814814,5.2925658518144685,8,127.0,0.27538496710285126,8,214.0,0.32700366933367514,16,341.0
3630.0,18,176.0,3.259259259259259,5.542797306248135,6,116.0,0.23537211378962558,12,246.0,0.2972813483173974,18,362.0
3635.0,23,215.0,4.387755102040816,5.389886347556521,5,97.0,0.27944908957949555,18,323.0,0.20735332160655598,23,420.0
3640.0,22,245.0,4.9,4.965405490840816,7,99.0,0.36726693429524065,15,355.0,0.1853340393414604,22,454.0
3645.0,19,185.0,4.021739130434782,5.462082045136699,5,85.0,0.5040654505019023,14,347.0,0.2650427325357823,19,432.0
3650.0,19,202.0,4.122448979591836,5.311893027895246,6,76.0,0.5292050282335974,13,315.0,0.26977396594409514,19,391.0
3655.0,17,168.0,3.5,5.8460909606112965,6,79.0,0.39367632736273245,11,228.0,0.3351822611295839,17,307.0
3660.0,21,263.0,5.844444444444444,5.549525154637914,10,119.0,0.22079595558967877,11,218.0,0.3566057555116141,21,337.0
3665.0,18,193.0,4.288888888888889,4.761824550382706,9,118.0,0.2976613552445458,9,222.0,0.23534298512910728,18,340.0
3670.0,16,182.0,3.64,5.899776772480271,4,76.0,0.46513851387107197,12,214.0,0.17787563138498672,16,290.0
3675.0,16,168.0,3.2941176470588234,7.113282971923318,5,63.0,0.5523528295301896,11,191.0,0.2927585400009537,16,254.0
3680.0,16,182.0,3.5686274509803924,7.716692902533957,7,68.0,0.529040120556403,9,145.0,0.37902430068795423,16,213.0
3685.0,13,173.0,3.5306122448979593,7.31498942033617,5,58.0,0.5821581418496687,8,150.0,0.30804262200394644,13,208.0
3690.0,15,200.0,4.081632653061225,6.659662901986829,8,67.0,0.3679698538315841,7,137.0,0.3850351927459216,15,204.0
3695.0,18,155.0,3.4444444444444446,5.908595488354897,12,120.0,0.21481339189544807,6,94.0,0.4339618722193666,18,214.0
3700.0,16,136.0,2.893617021276596,5.73886969264803,11,127.0,0.2269762883425938,5,50.0,0.4104077049949845,16,177.0
3705.0,17,187.0,3.74,6.405469711539127,11,143.0,0.3555302305623621,6,60.0,0.3328425996401758,17,203.0
3710.0,14,212.0,4.326530612244898,7.3747792509287775,9,173.0,0.45008414235526484,5,74.0,0.4656726443015108,14,247.0
3715.0,13,204.0,4.25,7.732947759038428,5,160.0,0.4754661459165485,8,101.0,0.4552513606458383,13,261.0
3720.0,12,163.0,3.6222222222222222,6.419357013376473,6,130.0,0.2150996323416408,6,123.0,0.412092313475122,12,253.0
3725.0,18,245.0,5.568181818181818,5.734315648273733,10,150.0,0.3029624016575892,8,155.0,0.1898425784297003,18,305.0
3730.0,17,155.0,3.6904761904761907,5.469974529958516,8,155.0,0.3646849899568103,9,116.0,0.24016280070401055,17,271.0
3735.0,16,202.0,5.05,6.708208366496564,8,153.0,0.48868834914906917,8,121.0,0.42475137162205623,16,274.0
3740.0,12,199.0,4.738095238095238,6.195396382210486,7,170.0,0.30667238153944626,5,131.0,0.504227383203336,12,301.0
3745.0,13,249.0,5.533333333333333,6.937675858816073,7,177.0,0.3213781392903192,6,151.0,0.523026386695655,13,328.0
3750.0,15,151.0,3.1458333333333335,6.096079032838439,8,158.0,0.2970666900810517,7,116.0,0.40348849750966315,15,274.0
3755.0,15,110.0,2.2916666666666665,6.3644681225872235,6,78.0,0.423759644337712,9,85.0,0.36843968869839216,15,163.0
3760.0,19,198.0,4.040816326530612,6.308500919080464,8,92.0,0.3799302941200889,11,114.0,0.3381832820212035,19,206.0
3765.0,17,218.0,4.448979591836735,6.3764865968042095,7,111.0,0.40315561687234247,10,138.0,0.3293625985154819,17,249.0
3770.0,20,282.0,5.755102040816326,5.8942378149270676,6,116.0,0.47567474093641215,14,188.0,0.2594478092976779,20,304.0
3775.0,20,250.0,5.208333333333333,4.503621295797411,7,111.0,0.30231150067107276,13,208.0,0.3137927069000667,20,319.0
3780.0,19,283.0,5.66,5.742803174529525,10,159.0,0.35710246812038493,9,176.0,0.4198121433110979,19,335.0
3785.0,18,184.0,3.607843137254902,5.951385436149461,10,135.0,0.3596076615971724,8,120.0,0.41505998777098874,18,255.0
3790.0,18,234.0,4.68,6.3606288651372775,10,147.0,0.3820089748163554,8,131.0,0.35688251824966527,18,278.0
3795.0,15,181.0,3.549019607843137,5.966349301057541,8,148.0,0.3829947904999956,7,129.0,0.37486427593800054,15,277.0
3800.0,14,127.0,2.4423076923076925,6.762480755714112,7,116.0,0.3969395419312298,7,109.0,0.38299243030171176,14,225.0
3805.0,17,143.0,2.86,6.05653450580518,6,109.0,0.3814194105503796,11,118.0,0.3557316576900618,17,227.0
3810.0,20,158.0,2.981132075471698,5.49210007369779,9,100.0,0.36901779052642986,11,146.0,0.24272273540255349,20,246.0
3815.0,18,178.0,3.2962962962962963,5.6437636796111805,10,105.0,0.26802623159010025,8,136.0,0.3768617573484081,18,241.0
3820.0,13,166.0,3.1320754716981134,6.438915551386503,5,103.0,0.33581830949059893,8,122.0,0.38737533138265967,13,225.0
3825.0,18,247.0,4.8431372549019605,6.786781718439159,6,123.0,0.4398942810093206,12,159.0,0.2867738465175263,18,282.0
3830.0,18,164.0,3.037037037037037,6.0908011441595376,7,97.0,0.33323668086805,11,148.0,0.30775912709023084,18,245.0
3835.0,24,269.0,5.489795918367347,5.046138522197874,11,142.0,0.3766404620940726,13,168.0,0.22517925441721282,24,310.0
3840.0,19,242.0,4.938775510204081,4.9935420023239026,8,136.0,0.33185618680733675,11,175.0,0.3096347486303084,19,311.0
3845.0,19,286.0,5.836734693877551,6.050557459468921,9,158.0,0.3308970638077181,10,165.0,0.4088555474963721,19,323.0
3850.0,19,219.0,4.469387755102041,5.693176543718918,10,162.0,0.18260335184406712,9,140.0,0.4749877479766394,19,302.0
3855.0,13,210.0,3.9622641509433962,7.482531327368617,5,142.0,0.4351077723061158,8,125.0,0.44915048534624447,13,267.0
3860.0,14,189.0,3.7058823529411766,6.193166401864754,8,160.0,0.3788221613918602,6,111.0,0.30684518362894314,14,271.0
3865.0,23,254.0,4.7924528301886795,5.699056603668752,11,214.0,0.33335779573953006,12,113.0,0.3346566155508582,23,327.0
3870.0,20,188.0,3.547169811320755,4.777643151654187,9,162.0,0.3623188379384736,11,145.0,0.29014293788477163,20,307.0
3875.0,24,279.0,5.470588235294118,5.47218109350345,12,175.0,0.3393622176128274,12,172.0,0.37568818948279625,24,347.0
3880.0,22,283.0,5.339622641509434,4.78242597491613,10,184.0,0.30457072040069294,12,195.0,0.2638782887037939,22,379.0
3885.0,18,269.0,4.890909090909091,5.6649963330924695,7,156.0,0.39742574696577937,11,213.0,0.23452144373718636,18,369.0
3890.0,19,161.0,2.9814814814814814,4.999725302592163,7,132.0,0.37955247611597204,12,200.0,0.15134340061113077,19,332.0
3895.0,24,259.0,4.709090909090909,5.644125218447356,12,151.0,0.3169924271877271,12,217.0,0.2986885346157784,24,368.0
3900.0,23,240.0,4.285714285714286,5.236582985940767,11,163.0,0.30799753807055225,12,241.0,0.29276360173125476,23,404.0
3905.0,24,288.0,5.236363636363636,5.641045008938624,12,191.0,0.2825510482355349,12,239.0,0.42793741003985086,24,430.0
3910.0,22,253.0,4.517857142857143,5.069714959589711,12,188.0,0.31359524257064125,10,232.0,0.380060798311366,22,420.0
3915.0,16,213.0,3.6724137931034484,5.63053610761032,6,139.0,0.38573205492039514,10,238.0,0.2670468756861697,16,377.0
3920.0,17,268.0,4.466666666666667,6.635953282570352,4,117.0,0.4498935175119428,13,268.0,0.25362923117274494,17,385.0
3925.0,21,280.0,4.516129032258065,6.291061306363807,8,122.0,0.3167398938316348,13,285.0,0.2293165231019777,21,407.0
3930.0,21,197.0,3.3389830508474576,5.358032456581167,9,104.0,0.2827683888543624,12,261.0,0.3086819026211945,21,365.0
3935.0,23,236.0,4.140350877192983,5.154045495710438,13,140.0,0.24466360944630425,10,256.0,0.39080684697936313,23,396.0
3940.0,24,276.0,4.842105263157895,5.115936251674767,11,160.0,0.25531596697280357,13,251.0,0.41920856785052285,24,411.0
3945.0,23,249.0,4.016129032258065,5.448612471922429,7,110.0,0.37880364473104244,16,260.0,0.30440083687631225,23,370.0
3950.0,28,351.0,5.4,5.3160471464108925,9,123.0,0.4595377724249518,19,325.0,0.17901447794858624,28,448.0
3955.0,23,305.0,4.485294117647059,6.131020870417717,4,114.0,0.5963494071062675,19,369.0,0.1535691159676032,23,483.0
3960.0,18,234.0,3.774193548387097,6.6831951680462165,5,70.0,0.5860663916044796,13,369.0,0.23953332336856162,18,439.0
3965.0,21,206.0,3.377049180327869,4.92609250239511,8,72.0,0.3583203528585327,13,392.0,0.22682231824938381,21,464.0
3970.0,28,297.0,4.640625,5.2133740948924165,12,110.0,0.3101286988600878,16,418.0,0.302571557358114,28,528.0
3975.0,27,344.0,5.212121212121212,5.100007431513099,12,141.0,0.3537562483230445,15,441.0,0.32852124497434126,27,582.0
3980.0,21,365.0,5.2898550724637685,6.223715576590685,9,138.0,0.4049365792862487,12,420.0,0.35488812582824636,21,558.0
3985.0,21,314.0,4.617647058823529,5.8209699439780485,9,132.0,0.3553305315184401,12,395.0,0.2645155759875891,21,527.0
3990.0,25,228.0,3.257142857142857,5.619150981128745,10,142.0,0.29745887866812676,15,327.0,0.24563981850716754,25,469.0
3995.0,29,204.0,3.1384615384615384,4.841680039873088,12,139.0,0.33371301854004903,17,327.0,0.23218219147930017,29,466.0
4000.0,35,362.0,5.65625,4.469249761091948,14,187.0,0.3533911263890869,21,414.0,0.1565649492372172,35,601.0
4005.0,31,388.0,6.258064516129032,3.9836487558491376,11,199.0,0.320125054289111,20,471.0,0.1448566700577607,31,670.0
4010.0,28,395.0,6.370967741935484,4.270065804271595,9,172.0,0.2294317871009163,19,515.0,0.13822871947666868,28,687.0
4015.0,27,426.0,6.761904761904762,4.972765418477476,10,170.0,0.36371378288672573,17,534.0,0.11617171272431022,27,704.0
4020.0,23,287.0,4.555555555555555,5.425249011149396,12,182.0,0.26918016751526,11,477.0,0.18104751345935238,23,659.0
4025.0,25,302.0,4.870967741935484,4.8702333796892265,15,200.0,0.21973144279335122,10,442.0,0.182090354465044,25,642.0
4030.0,28,232.0,3.80327868852459,4.467197216971337,17,223.0,0.2547116087506787,11,434.0,0.17944922520612896,28,657.0
4035.0,28,359.0,6.189655172413793,5.1548542956761105,14,240.0,0.37109059537301536,14,402.0,0.3244139580273056,28,642.0
4040.0,28,414.0,6.786885245901639,4.482293882509035,13,247.0,0.340479631889739,15,424.0,0.33256126163816246,28,671.0
4045.0,24,320.0,5.0,4.193698188511948,11,240.0,0.34847175173034006,13,409.0,0.20336289944336436,24,649.0
4050.0,19,304.0,4.28169014084507,5.0873936450276664,9,269.0,0.38551268408225114,10,306.0,0.21416295583054673,19,575.0
4055.0,23,300.0,4.225352112676056,5.490014979915418,15,322.0,0.2821107728762845,8,230.0,0.2909597661675994,23,552.0
4060.0,37,387.0,5.375,5.134535157988659,23,384.0,0.2334971001213911,14,255.0,0.3425616729224794,37,639.0
4065.0,35,516.0,7.267605633802817,4.464178254963002,25,473.0,0.18757273547884293,10,268.0,0.3384401215111606,35,741.0
4070.0,32,568.0,8.352941176470589,3.7730609994498367,24,515.0,0.12763771237925117,8,253.0,0.3751653096597061,32,768.0
4075.0,28,438.0,6.4411764705882355,4.546228472547751,20,485.0,0.18121541125865967,8,217.0,0.29609994745601675,28,702.0
4080.0,25,435.0,6.304347826086956,5.162985304293524,15,463.0,0.24446935490997912,10,157.0,0.2712319543847666,25,620.0
4085.0,29,418.0,5.9714285714285715,4.652178908113814,16,465.0,0.20541790268151944,13,188.0,0.23624191854699758,29,653.0
4090.0,33,407.0,6.166666666666667,5.07006806879036,19,473.0,0.247132857540007,14,245.0,0.32813533475975293,33,718.0
4095.0,31,451.0,7.046875,4.157771808957725,21,494.0,0.180039031848392,10,252.0,0.3147667879738407,31,746.0
4100.0,32,465.0,6.458333333333333,4.1151389413826704,22,568.0,0.18493163052153883,10,215.0,0.2502308593666145,32,783.0
4105.0,33,451.0,6.263888888888889,5.005623781134454,25,624.0,0.2245462889955231,8,163.0,0.37129637495519796,33,787.0
4110.0,38,609.0,8.12,4.921488446915896,25,713.0,0.2419184803522257,13,195.0,0.37728639448430595,38,908.0
4115.0,36,737.0,10.095890410958905,4.310194873154186,24,767.0,0.18402396376559546,12,231.0,0.39310507879507117,36,998.0
4120.0,37,748.0,10.38888888888889,3.7572988956807425,27,793.0,0.07585051169084148,10,229.0,0.3532140427047737,37,1022.0
4125.0,32,508.0,6.773333333333333,4.248901718541212,21,734.0,0.13182849510657904,11,187.0,0.2956173354341289,32,921.0
4130.0,32,369.0,4.792207792207792,4.711787966164123,16,705.0,0.22120867950716086,16,189.0,0.23911630049059657,32,894.0
4135.0,34,319.0,4.089743589743589,4.843160726909284,17,610.0,0.25936093947729544,17,208.0,0.26137948272846917,34,818.0
4140.0,40,460.0,5.974025974025974,4.49296251770941,24,626.0,0.23124991716975143,16,227.0,0.2845365160376786,40,853.0
4145.0,33,497.0,6.5394736842105265,4.175376861423833,19,562.0,0.20928714248242888,14,256.0,0.23404278050672428,33,818.0
4150.0,27,519.0,7.309859154929577,4.968110315677113,15,522.0,0.24176804897940518,12,238.0,0.16570649577727042,27,760.0
4155.0,25,474.0,6.493150684931507,4.9771901363581925,14,513.0,0.24520959655773317,11,242.0,0.10556570459586515,25,755.0
4160.0,29,462.0,6.794117647058823,4.909907975706227,16,489.0,0.21304269879681753,13,242.0,0.202714252733242,29,731.0
4165.0,33,445.0,7.295081967213115,3.9045390740879067,20,504.0,0.15756656616280457,13,271.0,0.26504393419527417,33,775.0
4170.0,33,418.0,6.634920634920635,3.7754701248681712,21,500.0,0.13306285751261418,12,281.0,0.3123233250746907,33,781.0
4175.0,30,444.0,6.8307692307692305,4.199637867519885,20,557.0,0.26651049769846136,10,282.0,0.2904372998816276,30,839.0
4180.0,23,379.0,5.742424242424242,5.566681434177956,15,555.0,0.3011918183345357,8,220.0,0.3691636747039818,23,775.0
4185.0,23,373.0,5.651515151515151,4.924698003395496,15,562.0,0.2547725525367155,8,176.0,0.11331782741809901,23,738.0
4190.0,26,313.0,4.602941176470588,5.885260952007228,13,471.0,0.3245763822846771,13,209.0,0.10498852424760959,26,680.0
4195.0,26,399.0,6.234375,5.357969110684652,16,444.0,0.22076649324473244,10,210.0,0.32818880794497646,26,654.0
4200.0,28,461.0,7.435483870967742,5.309801340585493,22,476.0,0.15522875645421702,6,193.0,0.5197329413263874,28,669.0
4205.0,28,487.0,8.116666666666667,5.44675692543582,21,472.0,0.11613377635308467,7,218.0,0.5585817701389187,28,690.0
4210.0,26,469.0,7.9491525423728815,4.590237292945433,19,514.0,0.1368821962418693,7,178.0,0.4037257068508591,26,692.0
4215.0,27,474.0,7.9,4.110488773364946,15,528.0,0.20869318310203766,12,181.0,0.15208863299118103,27,709.0
4220.0,23,316.0,5.448275862068965,5.074301481823588,12,458.0,0.3857793323781694,11,165.0,0.07677083481306202,23,623.0
4225.0,24,248.0,3.9365079365079363,5.5098843451488015,11,377.0,0.39154829864457763,13,150.0,0.19822077080230877,24,527.0
4230.0,25,276.0,4.181818181818182,5.3275698286294215,16,395.0,0.22864397653394208,9,176.0,0.48063771282793644,25,571.0
4235.0,24,259.0,3.8656716417910446,6.3807960704355,20,397.0,0.22128639081648188,4,142.0,0.6444165358732685,24,539.0
4240.0,24,313.0,4.4714285714285715,5.8293756736479585,20,435.0,0.17374593607779515,4,120.0,0.5528994438803438,24,555.0
4245.0,22,199.0,2.8840579710144927,5.868150460594137,15,422.0,0.23915381663059723,7,75.0,0.40249353230113777,22,497.0
4250.0,28,242.0,3.4571428571428573,5.042308911677826,16,427.0,0.1727004184031619,12,65.0,0.2954834174508956,28,492.0
4255.0,32,297.0,4.068493150684931,4.829895227375044,20,427.0,0.1490219787013396,12,108.0,0.40752777134891915,32,535.0
4260.0,32,395.0,5.563380281690141,5.130446161870409,21,484.0,0.26272772103547887,11,136.0,0.46349032343195995,32,620.0
4265.0,29,393.0,5.24,5.122705097640414,21,523.0,0.3353210831415581,8,150.0,0.35144117227709587,29,673.0
4270.0,32,388.0,5.038961038961039,4.457490161830266,21,555.0,0.24566033546733637,11,123.0,0.3099551862630163,32,678.0
4275.0,36,371.0,4.69620253164557,4.007044301663656,24,575.0,0.18168425292614043,12,145.0,0.20891973197437155,36,720.0
4280.0,31,316.0,4.0,4.719750624030431,17,466.0,0.24314215846495138,14,189.0,0.17974975901110354,31,655.0
4285.0,32,376.0,4.7594936708860756,4.440710978633748,17,462.0,0.20466001410025308,15,233.0,0.22765964257623367,32,695.0
4290.0,42,518.0,6.556962025316456,4.58629166185952,26,565.0,0.09779593524461183,16,275.0,0.3875384103802857,42,840.0
4295.0,42,592.0,8.0,3.449494630810954,28,641.0,0.058947317306055125,14,294.0,0.329899729061734,42,935.0
4300.0,37,611.0,8.256756756756756,3.8176059260180053,26,699.0,0.11795447987664857,11,271.0,0.2777374645929062,37,970.0
4305.0,39,709.0,9.328947368421053,3.3068964515227965,25,753.0,0.07538219479105862,14,312.0,0.24394929317071848,39,1065.0
4310.0,35,698.0,9.432432432432432,3.681901488665467,17,738.0,0.17733768871944944,18,371.0,0.15586863116193714,35,1109.0
4315.0,37,820.0,10.933333333333334,4.481616251552113,14,708.0,0.30122690373208083,23,433.0,0.11770689673985511,37,1141.0
4320.0,29,891.0,12.205479452054794,4.785455873979424,13,661.0,0.2360819421924956,16,456.0,0.17035579340966894,29,1117.0
4325.0,32,842.0,12.202898550724637,4.625862644996567,17,665.0,0.16680350386664547,15,419.0,0.22662340031391415,32,1084.0
4330.0,35,801.0,11.955223880597014,4.5191142422393495,17,631.0,0.2606378328381764,18,395.0,0.215875992249926,35,1026.0
4335.0,32,628.0,9.235294117647058,4.6497731500822,12,543.0,0.31744765460348484,20,467.0,0.25260754601520635,32,1010.0
4340.0,24,541.0,8.196969696969697,5.000231299068995,10,540.0,0.25235401888370784,14,482.0,0.3513645859397068,24,1022.0
4345.0,21,378.0,5.7272727272727275,4.938423404308131,10,497.0,0.23579004055873187,11,424.0,0.30964798888044975,21,921.0
4350.0,24,327.0,4.880597014925373,4.739601957190364,11,461.0,0.35392594553031437,13,293.0,0.13488453522205038,24,754.0
4355.0,31,331.0,4.797101449275362,4.905849583086272,13,386.0,0.40898567503854233,18,303.0,0.1197652786659745,31,689.0
4360.0,28,299.0,4.333333333333333,5.409529257119054,10,347.0,0.38786794151486464,18,298.0,0.2399950557597368,28,645.0
4365.0,32,364.0,5.352941176470588,4.634994786608456,17,383.0,0.28316292726078873,15,337.0,0.27383029686537647,32,720.0
4370.0,26,325.0,4.850746268656716,4.622256143952076,16,412.0,0.19844748819547953,10,317.0,0.28159758264995927,26,729.0
4375.0,23,337.0,5.184615384615385,4.909296825817185,13,405.0,0.13967299979856834,10,293.0,0.26108895670172694,23,698.0
4380.0,31,401.0,6.1692307692307695,4.339432226254122,14,390.0,0.11201718083142766,17,298.0,0.16698878432319994,31,688.0
4385.0,32,388.0,6.360655737704918,4.433770890558833,16,316.0,0.1561839779833415,16,309.0,0.26772389133032654,32,625.0
4390.0,30,366.0,6.421052631578948,4.612710778424977,15,322.0,0.1777935737460057,15,294.0,0.34985770928858384,30,616.0
4395.0,27,365.0,6.083333333333333,4.91675295747971,13,270.0,0.22997379763298678,14,302.0,0.3202848217710137,27,572.0
4400.0,23,312.0,5.114754098360656,5.467487385191796,12,278.0,0.2214214531280796,11,253.0,0.36366879277723957,23,531.0
4405.0,15,197.0,3.1774193548387095,5.475559899363822,5,216.0,0.18060862457162705,10,217.0,0.3194472544061803,15,433.0
4410.0,21,268.0,4.1875,5.897703046833609,5,195.0,0.41410319614741875,16,208.0,0.18114978964371015,21,403.0
4415.0,22,261.0,4.209677419354839,6.214810783304666,4,183.0,0.4161237256592636,18,233.0,0.23926848665109304,22,416.0
4420.0,28,375.0,6.147540983606557,5.626284964580648,10,194.0,0.381893228404371,18,290.0,0.2214275718840701,28,484.0
4425.0,29,451.0,7.6440677966101696,4.71043109606185,12,250.0,0.3258607621631097,17,310.0,0.21781026692147343,29,560.0
4430.0,21,386.0,6.771929824561403,4.914278730940404,11,275.0,0.20722800096174157,10,283.0,0.33340831188450554,21,558.0
4435.0,17,311.0,5.7592592592592595,5.422962505147191,8,265.0,0.2663675059766101,9,253.0,0.2767391464065553,17,518.0
4440.0,21,236.0,4.37037037037037,5.210411894624656,6,157.0,0.23982516996862874,15,232.0,0.14542800480395254,21,389.0
4445.0,24,322.0,5.962962962962963,5.597500937025832,8,183.0,0.42270940605683216,16,271.0,0.17437540073311417,24,454.0
4450.0,19,268.0,5.36,5.735917330851728,6,122.0,0.40793884727794966,13,240.0,0.2535726226292572,19,362.0
4455.0,18,253.0,4.773584905660377,5.649157108587069,6,90.0,0.35242659921322594,12,257.0,0.30306347982052595,18,347.0
4460.0,22,282.0,5.035714285714286,6.103476873439023,10,106.0,0.2760562989175697,12,264.0,0.40283502184056047,22,370.0
4465.0,27,320.0,5.714285714285714,5.663778504034198,13,162.0,0.3496907172963393,14,289.0,0.36061973374054557,27,451.0
4470.0,23,270.0,4.821428571428571,4.767433312764472,9,159.0,0.348915432103533,14,273.0,0.26840348383756163,23,432.0
4475.0,20,231.0,4.2,4.532568251218223,6,99.0,0.35978289704341876,14,303.0,0.19011970383660456,20,402.0
4480.0,22,272.0,4.689655172413793,4.967032021537769,5,86.0,0.41922729798203334,17,324.0,0.18879537941572946,22,410.0
4485.0,29,365.0,5.983606557377049,4.995091091499086,11,94.0,0.3975873647775597,18,378.0,0.18875141637487042,29,472.0
4490.0,24,430.0,7.166666666666667,5.298780689040047,9,114.0,0.4294663366703641,15,444.0,0.2158242079405555,24,558.0
4495.0,29,411.0,6.85,4.447204316931897,15,169.0,0.2705781439375608,14,416.0,0.26348596381934347,29,585.0
4500.0,25,299.0,4.901639344262295,4.409886940043887,14,201.0,0.13782317878236705,11,297.0,0.3143114806890248,25,498.0
4505.0,17,199.0,3.3728813559322033,4.952182723002752,9,184.0,0.14108727798252632,8,247.0,0.2988634724478675,17,431.0
4510.0,18,240.0,4.137931034482759,5.939477991425474,6,178.0,0.3821365166368832,12,231.0,0.17610331172184077,18,409.0
4515.0,26,281.0,4.844827586206897,5.447235242676737,8,173.0,0.36794384736955127,18,311.0,0.1278563567787999,26,484.0
4520.0,26,354.0,6.321428571428571,5.108547115822948,11,168.0,0.3309889115877323,15,329.0,0.19816730495705825,26,497.0
4525.0,21,372.0,7.75,4.831023799228283,11,192.0,0.24911449683722384,10,303.0,0.3358871079920005,21,495.0
4530.0,18,315.0,6.0576923076923075,5.142072846762712,7,168.0,0.18101372086558576,11,282.0,0.33832927278193203,18,450.0
4535.0,17,234.0,4.333333333333333,5.8462307319938365,5,145.0,0.2784757649104864,12,260.0,0.3126387304780129,17,405.0
4540.0,25,325.0,6.25,5.441928051272679,9,116.0,0.32634200894845267,16,296.0,0.19922272620981685,25,412.0
4545.0,23,364.0,6.867924528301887,5.088702020440136,8,117.0,0.4024754100807568,15,321.0,0.1444015220868139,23,438.0
4550.0,16,375.0,8.152173913043478,6.439972502886487,4,94.0,0.47025924538363284,12,322.0,0.20498759268800099,16,416.0
4555.0,14,351.0,7.9772727272727275,4.970716868941012,3,83.0,0.3669295775133027,11,344.0,0.11351282656775169,14,427.0
4560.0,20,381.0,8.466666666666667,5.893461018779443,9,108.0,0.3463339237033621,11,342.0,0.12700310973912418,20,450.0
4565.0,15,255.0,6.219512195121951,5.261708437492968,6,121.0,0.3862864972861719,9,259.0,0.17882163223685535,15,380.0
4570.0,12,204.0,5.1,6.692200058006314,5,122.0,0.48194810170867075,7,191.0,0.2420658648182865,12,313.0
4575.0,16,238.0,6.2631578947368425,6.142129695059401,7,114.0,0.341080878331852,9,198.0,0.3253213283430057,16,312.0
4580.0,16,289.0,7.225,6.15806662461143,9,152.0,0.2363892279977808,7,207.0,0.3655157157915823,16,359.0
4585.0,13,240.0,6.0,6.0398732893941665,5,93.0,0.31616780112535636,8,220.0,0.3685621366601002,13,313.0
4590.0,16,287.0,6.674418604651163,6.7564929229034245,6,76.0,0.4768951958415285,10,251.0,0.3693221706466766,16,327.0
4595.0,15,340.0,7.555555555555555,8.04613265377776,5,87.0,0.6661858073980207,10,292.0,0.4434463832495844,15,379.0
4600.0,13,258.0,5.863636363636363,5.906650007890007,7,115.0,0.4556732389059557,6,225.0,0.33569415914952483,13,340.0
4605.0,14,218.0,5.069767441860465,5.688152383701423,6,102.0,0.36725013267840606,8,170.0,0.35187668691723517,14,272.0
4610.0,10,62.0,1.3777777777777778,5.51958556275718,1,32.0,0.21099436298264115,9,93.0,0.27536808433104154,10,125.0
4615.0,14,104.0,2.1666666666666665,7.0431473851175035,5,35.0,0.3883944137329518,9,81.0,0.2761847409165877,14,116.0
4620.0,15,167.0,3.630434782608696,7.216047729981117,4,44.0,0.41732957789547387,11,135.0,0.35610404331087486,15,179.0
4625.0,14,196.0,4.083333333333333,7.490679072477964,7,54.0,0.45892875181599113,7,156.0,0.4383311526017597,14,210.0
4630.0,14,233.0,5.4186046511627906,6.565843310978288,5,76.0,0.3759603661736434,9,164.0,0.414522832184104,14,240.0
4635.0,13,224.0,5.6,6.891278032699847,4,77.0,0.4682707280517956,9,178.0,0.28507585623054926,13,255.0
4640.0,13,224.0,5.743589743589744,6.5066149244897895,4,99.0,0.37966543732625985,9,153.0,0.1409465426777387,13,252.0
4645.0,12,183.0,5.083333333333333,6.071496129497296,5,114.0,0.5133854891542146,7,126.0,0.034667186875723725,12,240.0
4650.0,12,214.0,5.944444444444445,7.411628195158337,6,142.0,0.5783613468320364,6,109.0,0.2511343785324825,12,251.0
4655.0,10,207.0,5.914285714285715,7.587942554686244,4,121.0,0.5482001293373565,6,139.0,0.464103919289486,10,260.0
4660.0,12,242.0,6.05,7.720374048130486,7,141.0,0.5101602932261118,5,147.0,0.581815393094126,12,288.0
4665.0,14,187.0,4.4523809523809526,5.517185875814943,8,81.0,0.33425498309937923,6,171.0,0.2931205125550617,14,252.0
4670.0,21,279.0,6.340909090909091,5.676414518302611,14,118.0,0.2763084739515839,7,207.0,0.38231498455175,21,325.0
4675.0,25,355.0,7.395833333333333,5.083136663950792,15,178.0,0.30378439440805394,10,245.0,0.36104639546555733,25,423.0
4680.0,24,369.0,7.096153846153846,4.576550715776111,16,216.0,0.22882172145288607,8,215.0,0.4280096952223511,24,431.0
4685.0,19,357.0,6.490909090909091,5.358425362312878,13,240.0,0.28904182442916054,6,196.0,0.487844061206066,19,436.0
4690.0,21,322.0,5.366666666666666,6.235628407055133,11,208.0,0.41930583451042386,10,228.0,0.38818535751088146,21,436.0
4695.0,20,356.0,5.741935483870968,5.149808911707031,12,250.0,0.3524742676053645,8,235.0,0.2792854930948604,20,485.0
4700.0,27,446.0,6.861538461538461,5.106194166952726,19,312.0,0.26766977687871857,8,243.0,0.31300587641152416,27,555.0
4705.0,30,349.0,4.985714285714286,4.933395925179472,20,351.0,0.2503567535961415,10,195.0,0.3807676135295728,30,546.0
4710.0,29,395.0,5.642857142857143,5.372067247096902,23,428.0,0.21874195299254678,6,99.0,0.5008771581182468,29,527.0
4715.0,35,436.0,6.411764705882353,4.390141183705819,26,480.0,0.2038321694445916,9,135.0,0.44369249311174436,35,615.0
4720.0,36,480.0,6.666666666666667,4.0545944907073475,27,521.0,0.176025061642356,9,143.0,0.3798557629952439,36,664.0
4725.0,39,606.0,8.301369863013699,3.730279909890186,27,633.0,0.18547999682769795,12,183.0,0.3512687948866499,39,816.0
4730.0,38,635.0,8.466666666666667,4.107170616008524,25,700.0,0.19246158930278057,13,195.0,0.3099615507795258,38,895.0
4735.0,33,600.0,7.792207792207792,4.3891104037799895,27,715.0,0.11137046796389438,6,182.0,0.407705666860126,33,897.0
4740.0,28,327.0,4.36,4.2697912468251324,22,630.0,0.08892204607760688,6,146.0,0.30797785660347776,28,776.0
4745.0,30,308.0,4.162162162162162,4.96856245375096,19,604.0,0.21527765099841653,11,113.0,0.1589470908135986,30,717.0
4750.0,29,396.0,5.6571428571428575,5.022490015660368,15,518.0,0.2619457363093178,14,149.0,0.17177790576210777,29,667.0
4755.0,22,367.0,5.825396825396825,5.737656260511313,13,501.0,0.24679238401111953,9,154.0,0.3847279381685243,22,655.0
4760.0,23,411.0,6.737704918032787,4.774484649822816,16,520.0,0.08888936066968244,7,163.0,0.4240839788664841,23,683.0
4765.0,29,511.0,7.984375,5.313215989908425,20,582.0,0.16599796680964535,9,160.0,0.48081594679335515,29,742.0
4770.0,22,553.0,9.53448275862069,5.457317694845803,13,591.0,0.33829619604923133,9,171.0,0.3573448316974903,22,762.0
4775.0,25,658.0,11.344827586206897,4.656434454564671,12,613.0,0.3583775076866437,13,209.0,0.09957690303264163,25,822.0
4780.0,26,652.0,11.43859649122807,4.3887532437151355,13,581.0,0.2893220257625628,13,264.0,0.08350967564386577,26,845.0
4785.0,26,610.0,10.701754385964913,4.45304763667523,13,520.0,0.2857772129903054,13,307.0,0.17123477517228564,26,827.0
4790.0,27,648.0,11.781818181818181,4.939614352810319,18,500.0,0.21216124238421927,9,294.0,0.38006154735623293,27,794.0
4795.0,25,679.0,12.125,5.106610524787676,18,562.0,0.15082651621762408,7,238.0,0.4727730776769301,25,800.0
4800.0,19,721.0,13.60377358490566,5.25918205640037,12,584.0,0.16694748867901374,7,254.0,0.32731704876471984,19,838.0
4805.0,21,819.0,15.452830188679245,6.8179523603393255,12,607.0,0.2668781296993981,9,298.0,0.37316703360254977,21,905.0
4810.0,20,552.0,10.615384615384615,5.722441402951994,12,510.0,0.14067017872173154,8,261.0,0.3330674165120307,20,771.0
4815.0,18,243.0,4.764705882352941,6.083866787452591,12,400.0,0.23883896223885404,6,167.0,0.48119709731264193,18,567.0
4820.0,18,284.0,5.568627450980392,6.07792880454342,10,423.0,0.3027537342733441,8,160.0,0.4658819620284109,18,583.0
4825.0,22,378.0,7.411764705882353,5.761184732466711,12,447.0,0.42079224197571763,10,208.0,0.3142401903524534,22,655.0
4830.0,21,290.0,5.576923076923077,5.061215771853394,11,461.0,0.36220664708445605,10,180.0,0.33041742503245025,21,641.0
4835.0,17,278.0,5.346153846153846,5.575461628052395,9,422.0,0.28753552702371815,8,164.0,0.35404429942134547,17,586.0
4840.0,19,371.0,7.0,5.715231455653437,10,461.0,0.3479017235672613,9,182.0,0.28755503792441145,19,643.0
4845.0,20,322.0,5.962962962962963,5.231965422137597,10,393.0,0.27097841507567616,10,170.0,0.2921882188340215,20,563.0
4850.0,21,334.0,6.423076923076923,5.775131440062345,12,275.0,0.2858289006874543,9,158.0,0.32749717096673175,21,433.0
4855.0,25,393.0,7.415094339622642,4.805058505983022,13,326.0,0.19822006520340427,12,194.0,0.2252040607502866,25,520.0
4860.0,16,438.0,8.423076923076923,5.662549255678957,7,339.0,0.330018162458742,9,226.0,0.26652241975146157,16,565.0
4865.0,18,336.0,6.339622641509434,6.157241930656528,8,228.0,0.48234772778139035,10,268.0,0.23606854046185946,18,496.0
4870.0,23,393.0,6.894736842105263,6.635166947124246,12,235.0,0.48407910280207733,11,290.0,0.3353292622338279,23,525.0
4875.0,25,470.0,8.392857142857142,5.9087675712248915,14,301.0,0.41826029153733285,11,290.0,0.37938967607131063,25,591.0
4880.0,25,464.0,8.0,3.864993394573739,17,282.0,0.24726254397955147,8,275.0,0.30471760895334243,25,557.0
4885.0,32,600.0,10.0,4.268739748529373,23,369.0,0.20942534596660686,9,277.0,0.2728137101146323,32,646.0
4890.0,33,734.0,12.032786885245901,4.301896664333968,23,470.0,0.15730404224052336,10,323.0,0.3586434455793143,33,793.0
4895.0,34,835.0,13.046875,3.9847503186968205,24,554.0,0.06510252316683404,10,352.0,0.37057261328590085,34,906.0
4900.0,34,733.0,11.453125,4.388898328760144,23,553.0,0.17920829948651612,11,354.0,0.4114595754518828,34,907.0
4905.0,27,760.0,11.343283582089553,5.493289370052664,17,520.0,0.3254422281635284,10,392.0,0.36742025352155655,27,912.0
4910.0,26,719.0,10.893939393939394,5.15725709028033,17,513.0,0.25062411980107446,9,406.0,0.38839441268940156,26,919.0
4915.0,22,525.0,7.608695652173913,5.358041434342092,13,433.0,0.25820783196927427,9,398.0,0.32409387562930697,22,831.0
4920.0,27,569.0,8.014084507042254,5.81664460000214,13,376.0,0.3798584456478415,14,434.0,0.1931451255159064,27,810.0
4925.0,27,259.0,3.547945205479452,5.668811545711082,13,376.0,0.358861211425816,14,287.0,0.25260283172222975,27,663.0
4930.0,28,351.0,4.618421052631579,5.89795630507052,18,403.0,0.27522248320319,10,194.0,0.3967467291376377,28,597.0
4935.0,27,331.0,4.355263157894737,5.6678714933724565,19,426.0,0.30747938908401273,8,204.0,0.441270568382101,27,630.0
4940.0,29,349.0,4.653333333333333,5.828373734325559,21,424.0,0.2914018742685956,8,173.0,0.43427965360546816,29,597.0
4945.0,33,416.0,5.546666666666667,4.2464367230621,24,466.0,0.1388723466173069,9,199.0,0.3617121768465419,33,665.0
4950.0,35,447.0,5.96,4.402755099922029,22,460.0,0.15894737300323675,13,239.0,0.20815794359131032,35,699.0
4955.0,30,411.0,5.788732394366197,3.736882941791785,17,455.0,0.19611393570256394,13,261.0,0.0728174522855217,30,716.0
4960.0,25,418.0,5.9714285714285715,4.955589495201131,18,432.0,0.177211317010637,7,276.0,0.32970015182023343,25,708.0
4965.0,32,533.0,7.72463768115942,4.962459388609695,24,472.0,0.1339776200672418,8,287.0,0.4451720943856663,32,759.0
4970.0,26,553.0,8.014492753623188,5.783780223966249,18,494.0,0.21518690026989346,8,259.0,0.44496783533422696,26,753.0
4975.0,27,573.0,8.185714285714285,5.077183551111694,16,516.0,0.24063387391688973,11,305.0,0.30086113962165545,27,821.0
4980.0,32,543.0,7.541666666666667,4.617427651788053,20,529.0,0.19130143343818173,12,343.0,0.33558325283044976,32,872.0
4985.0,36,584.0,8.0,4.30514548356701,21,547.0,0.22296926518266896,15,396.0,0.3374938332180024,36,943.0
4990.0,35,623.0,8.41891891891892,4.002909934297107,22,545.0,0.15466185225369783,13,429.0,0.35673770221082846,35,974.0
4995.0,36,652.0,8.693333333333333,4.191745822525867,25,592.0,0.08152049269927837,11,414.0,0.42477842659549186,36,1006.0
5000.0,31,631.0,8.194805194805195,4.580844826826586,21,595.0,0.09201515735185871,10,419.0,0.36475328744260316,31,1014.0
5005.0,33,708.0,8.74074074074074,4.253792605204341,18,627.0,0.15738266924119187,15,470.0,0.23158660067685477,33,1097.0
5010.0,35,774.0,9.675,4.538246784811449,18,608.0,0.2146723679661551,17,506.0,0.24609361578646166,35,1114.0
5015.0,35,874.0,11.81081081081081,4.122265026853237,19,646.0,0.15770226952868743,16,557.0,0.3011623252390005,35,1203.0
5020.0,32,716.0,9.675675675675675,3.9241835560996705,17,629.0,0.15509971634240954,15,480.0,0.20831052349431328,32,1109.0
5025.0,29,385.0,5.065789473684211,4.257467093375582,12,535.0,0.21703317139074704,17,343.0,0.21493350707286824,29,878.0
5030.0,31,345.0,4.423076923076923,5.42184550015236,15,421.0,0.22494175099188313,16,376.0,0.35287792116454675,31,797.0
5035.0,37,404.0,5.113924050632911,5.336748028382683,19,467.0,0.23209842734286323,18,409.0,0.37703918561240635,37,876.0
5040.0,38,437.0,5.531645569620253,4.181983746944485,19,463.0,0.2731024931892222,19,457.0,0.22659568377668668,38,920.0
5045.0,38,444.0,5.481481481481482,4.709347635910614,18,494.0,0.28575836754987116,20,459.0,0.2796190368084369,38,953.0
5050.0,31,400.0,5.128205128205129,4.490538124766913,13,465.0,0.20061536033265306,18,485.0,0.25760422624199586,31,950.0
5055.0,34,518.0,6.815789473684211,4.80695971967777,13,451.0,0.2774817259740106,21,535.0,0.16254764673622427,34,986.0
5060.0,33,552.0,7.45945945945946,4.037148478860435,10,423.0,0.29449563871145307,23,613.0,0.05306681481971551,33,1036.0
5065.0,39,718.0,10.112676056338028,4.978592951511845,15,469.0,0.3563154347193164,24,687.0,0.14625564346529354,39,1156.0
5070.0,36,795.0,11.521739130434783,4.700384872066336,15,474.0,0.3839519391521359,21,733.0,0.22254724831516082,36,1207.0
5075.0,35,876.0,12.338028169014084,3.963219308286749,19,543.0,0.20806071046896005,16,725.0,0.2480130602467982,35,1268.0
5080.0,35,877.0,12.352112676056338,4.185814857401067,21,595.0,0.18843031306485258,14,644.0,0.2840783080078858,35,1239.0
5085.0,27,678.0,9.04,4.468834430997256,13,591.0,0.19757519918218946,14,549.0,0.20718742508953772,27,1140.0
5090.0,31,641.0,8.662162162162161,5.33207170527372,16,592.0,0.28446926813166634,15,555.0,0.3041473599840862,31,1147.0
5095.0,27,705.0,9.657534246575343,4.862077499914023,14,635.0,0.29781838403091776,13,569.0,0.20607702305325792,27,1204.0
5100.0,31,780.0,10.985915492957746,4.772017332753913,20,719.0,0.21342798854915176,11,563.0,0.24137589626251188,31,1282.0
5105.0,36,728.0,10.705882352941176,3.7431143150198483,19,682.0,0.09851239627412993,17,549.0,0.18679131895231607,36,1231.0
5110.0,35,529.0,7.779411764705882,3.931010069698586,19,573.0,0.22393419355954633,16,517.0,0.1742633611436523,35,1090.0
5115.0,29,501.0,7.1571428571428575,4.582578724764741,12,591.0,0.30853393109641347,17,492.0,0.2552933604299796,29,1083.0
5120.0,24,401.0,5.897058823529412,4.671417616517526,9,551.0,0.3190604524706993,15,491.0,0.2307565312492538,24,1042.0
5125.0,30,354.0,5.130434782608695,4.757556982622137,12,547.0,0.31348248829710784,18,478.0,0.20108191050558902,30,1025.0
5130.0,38,507.0,7.041666666666667,3.9354143234110857,19,571.0,0.22050887995090557,19,511.0,0.12510614355565516,38,1082.0
5135.0,40,638.0,9.382352941176471,3.4337791527890493,22,646.0,0.1492134622840555,18,531.0,0.21470245253187434,40,1177.0
5140.0,39,704.0,10.830769230769231,3.419490871614017,24,743.0,0.1254469295658015,15,534.0,0.308157703883425,39,1277.0
5145.0,34,626.0,9.484848484848484,3.5630730674620885,23,795.0,0.12892338803915454,11,458.0,0.29660485158616523,34,1253.0
5150.0,27,586.0,9.15625,4.069032827600886,16,789.0,0.16646259197994925,11,462.0,0.2097093272763847,27,1251.0
5155.0,26,646.0,9.938461538461539,4.870777890125447,10,784.0,0.3327052889268043,16,506.0,0.13494488166975743,26,1290.0
5160.0,26,663.0,10.523809523809524,4.327097538937217,10,674.0,0.26416936693003845,16,531.0,0.14016940921901247,26,1205.0
5165.0,25,540.0,8.852459016393443,4.656434164243189,14,530.0,0.22059726918889214,11,519.0,0.25350423697141794,25,1049.0
5170.0,27,598.0,9.492063492063492,4.246339476801194,14,445.0,0.13058809181552575,13,565.0,0.29400748116462533,27,1010.0
5175.0,36,763.0,11.738461538461538,4.207891933932473,18,397.0,0.18711368387852362,18,634.0,0.27965114862135015,36,1031.0
5180.0,35,821.0,12.63076923076923,4.193434566184436,16,428.0,0.2631725179398073,19,675.0,0.25285886153378623,35,1103.0
5185.0,29,899.0,13.621212121212121,4.577797650611332,15,468.0,0.2446629154684974,14,687.0,0.27009966492825144,29,1155.0
5190.0,27,750.0,11.538461538461538,4.820848107132355,14,460.0,0.2454450502017106,13,598.0,0.22039115348543903,27,1058.0
5195.0,24,616.0,9.058823529411764,5.324666624785343,7,350.0,0.3166935015631531,17,579.0,0.13913637271198925,24,929.0
5200.0,27,338.0,5.2,5.847658031734277,8,253.0,0.40848104911994265,19,443.0,0.14077966062024905,27,696.0
5205.0,25,351.0,5.484375,6.302253424544952,10,241.0,0.4471243340862457,15,278.0,0.21897388421505318,25,519.0
5210.0,24,396.0,6.092307692307692,6.027114383292069,7,198.0,0.4645000976410341,17,319.0,0.21902001863041667,24,517.0
5215.0,29,505.0,7.537313432835821,5.766926585023097,12,200.0,0.3921763641774962,17,382.0,0.298914773270385,29,582.0
5220.0,28,602.0,9.121212121212121,5.267814887150435,12,253.0,0.293425126929482,16,428.0,0.36874766122676567,28,681.0
5225.0,27,569.0,8.246376811594203,4.782279975759788,10,274.0,0.28113308768264667,17,436.0,0.2998102869133953,27,710.0
5230.0,25,476.0,7.0,5.594152167617416,11,307.0,0.2564100707673618,14,365.0,0.38441514961827145,25,672.0
5235.0,25,335.0,4.855072463768116,5.143328457907378,9,237.0,0.15455022238972166,16,393.0,0.2941281249904919,25,630.0
5240.0,29,363.0,5.5,4.120883671949555,13,238.0,0.12063057259207913,16,410.0,0.17181748343509606,29,648.0
5245.0,34,300.0,4.615384615384615,4.135936856547122,14,208.0,0.2282221037194581,20,476.0,0.19191048501283284,34,684.0
5250.0,30,358.0,5.59375,4.713509678841659,11,161.0,0.31409763151479686,19,505.0,0.17671151066869858,30,666.0
5255.0,31,374.0,5.753846153846154,4.6558117896846145,10,173.0,0.38037513382511023,21,504.0,0.13327397909497782,31,677.0
5260.0,18,284.0,4.303030303030303,6.294652459427952,3,126.0,0.4443195921505623,15,446.0,0.23125034983107015,18,572.0
5265.0,19,214.0,3.242424242424242,5.23060590974451,5,106.0,0.30461048706620664,14,443.0,0.20724633981444918,19,549.0
5270.0,29,292.0,4.5625,4.967232500788898,12,158.0,0.2725697993934399,17,444.0,0.17495079774790664,29,602.0
5275.0,34,362.0,5.934426229508197,4.048206212417768,13,172.0,0.24735410634498894,21,495.0,0.16279642039231482,34,667.0
5280.0,26,454.0,7.964912280701754,4.569893455376708,8,158.0,0.22954892575210187,18,549.0,0.1910461094089661,26,707.0
5285.0,26,416.0,7.428571428571429,4.253314547845934,8,140.0,0.18841356063642833,18,541.0,0.13017252824396072,26,681.0
5290.0,18,363.0,6.368421052631579,5.836423668639215,9,119.0,0.25158503644785435,9,489.0,0.27087848561517963,18,608.0
5295.0,17,324.0,5.785714285714286,6.060208505722301,8,131.0,0.2574094846132518,9,446.0,0.33895720105233096,17,577.0
5300.0,17,200.0,3.5714285714285716,6.95033267122037,4,120.0,0.44489232822215874,13,373.0,0.33101123233641255,17,493.0
5305.0,18,256.0,5.019607843137255,6.060357361865796,4,122.0,0.5482931623289126,14,388.0,0.21349035683476142,18,510.0
5310.0,16,269.0,5.38,6.325153091283234,4,117.0,0.4676015921122245,12,376.0,0.1778006274314443,16,493.0
5315.0,21,344.0,6.745098039215686,4.875883861686144,8,150.0,0.27883360957744724,13,369.0,0.12843152806787286,21,519.0
5320.0,24,447.0,9.3125,5.388778809293922,10,199.0,0.2440576943324691,14,331.0,0.3031279360828066,24,530.0
5325.0,21,407.0,8.847826086956522,5.233426739521145,7,113.0,0.3525739360689815,14,399.0,0.2799763793092228,21,512.0
5330.0,20,359.0,7.18,5.24107837443364,8,111.0,0.3737258608534864,12,379.0,0.26717691124681964,20,490.0
5335.0,28,459.0,8.5,5.689670215304777,12,163.0,0.3985062285638162,16,373.0,0.2779997537590977,28,536.0
5340.0,22,388.0,6.466666666666667,5.609553440772817,9,154.0,0.4528626963146944,13,376.0,0.25795476758497193,22,530.0
5345.0,16,342.0,5.796610169491525,6.108423890728461,6,112.0,0.4220788063704099,10,314.0,0.2661114840734381,16,426.0
5350.0,15,214.0,3.962962962962963,6.86178098278988,7,118.0,0.47453513993229307,8,173.0,0.3286413978301298,15,291.0
5355.0,21,228.0,4.071428571428571,5.494688865690037,12,161.0,0.2500351374020898,9,137.0,0.29526374615809625,21,298.0
5360.0,22,152.0,3.1020408163265305,3.5120713756417468,14,153.0,0.19037730473244985,8,140.0,0.27295701874310524,22,293.0
5365.0,26,262.0,5.038461538461538,4.6105532449175275,17,199.0,0.20833666144259014,9,150.0,0.28360954783219344,26,349.0
5370.0,26,300.0,5.882352941176471,4.755518679185484,16,243.0,0.20231590715180983,10,161.0,0.298066882718403,26,404.0
5375.0,18,294.0,5.547169811320755,5.880206523265284,7,233.0,0.2645984645497771,11,165.0,0.26567179425713067,18,398.0
5380.0,16,165.0,3.173076923076923,5.276141231993948,6,193.0,0.34438655011305486,10,155.0,0.126193753923042,16,348.0
5385.0,16,158.0,3.16,6.577388279999534,10,135.0,0.2657511071252557,6,121.0,0.37790071698305955,16,256.0
5390.0,16,212.0,4.818181818181818,6.337610443384563,10,141.0,0.13216681835377053,6,131.0,0.5564688698278399,16,272.0
5395.0,12,240.0,5.714285714285714,6.977957237275759,7,121.0,0.22886746649135156,5,148.0,0.5046412727472708,12,269.0
5400.0,14,222.0,5.162790697674419,6.279183126498939,5,91.0,0.25149806981270334,9,180.0,0.3129524381827701,14,271.0
5405.0,12,136.0,3.090909090909091,7.412329787806428,6,62.0,0.3181591734261716,6,138.0,0.5001488308109413,12,200.0
5410.0,14,175.0,4.166666666666667,7.816053051069683,7,100.0,0.44036485083959204,7,101.0,0.5597114048635511,14,201.0
5415.0,12,173.0,3.8444444444444446,7.233431142992069,6,118.0,0.522841183184851,6,107.0,0.43713579982119655,12,225.0
5420.0,13,222.0,5.285714285714286,7.10086429235415,6,139.0,0.497009133885487,7,109.0,0.39146232735949454,13,248.0
5425.0,14,104.0,2.311111111111111,5.268567654738652,6,116.0,0.1581655755145432,8,72.0,0.38176475789953973,14,188.0
5430.0,12,135.0,2.872340425531915,7.419501872168158,5,86.0,0.3186561174190854,7,70.0,0.49786842923373315,12,156.0
5435.0,12,157.0,3.14,7.6177843304709185,5,109.0,0.4774442761353854,7,86.0,0.4536403544866428,12,195.0
5440.0,15,220.0,4.230769230769231,7.989710939255663,5,140.0,0.5704367624021222,10,105.0,0.440636929949394,15,245.0
5445.0,15,276.0,5.411764705882353,7.2109196103586894,6,166.0,0.5601160349353941,9,127.0,0.36598779373285945,15,293.0
5450.0,16,322.0,6.851063829787234,5.875785137097583,5,168.0,0.5358010843911228,11,172.0,0.20446744990240653,16,340.0
5455.0,19,331.0,6.755102040816326,5.827342261513738,7,194.0,0.4841278793729331,12,166.0,0.24916014759810184,19,360.0
5460.0,20,351.0,6.622641509433962,6.4358703413237635,9,200.0,0.3944260246126295,11,206.0,0.4299464113750301,20,406.0
5465.0,20,384.0,7.245283018867925,5.669681473065005,12,212.0,0.3714330731073676,8,221.0,0.39613249030052833,20,433.0
5470.0,20,422.0,7.814814814814815,5.524558765718724,10,246.0,0.3718754335276678,10,228.0,0.38320062234396735,20,474.0
5475.0,17,320.0,5.517241379310345,5.57566802477076,9,264.0,0.38510502614053305,8,185.0,0.30099803169719674,17,449.0
5480.0,14,114.0,1.8688524590163935,5.788846728010334,10,194.0,0.27962787501555025,4,83.0,0.3891309344678898,14,277.0
5485.0,18,154.0,2.566666666666667,5.723074874561942,15,177.0,0.23221276000472288,3,75.0,0.4026362147297154,18,252.0
5490.0,26,187.0,3.0655737704918034,5.202200406653994,16,208.0,0.24923124685061773,10,91.0,0.3275445934890834,26,299.0
5495.0,25,233.0,3.9491525423728815,5.4237037522347515,15,249.0,0.33016039242627965,10,112.0,0.30670085379322554,25,361.0
5500.0,21,241.0,4.084745762711864,5.130792070819194,14,271.0,0.27289054295377957,7,104.0,0.36742950760488824,21,375.0
5505.0,20,228.0,3.9310344827586206,5.656713222447644,11,233.0,0.2818643764881565,9,121.0,0.37412990367407223,20,354.0
5510.0,20,268.0,4.5423728813559325,6.153900521499629,12,268.0,0.2686553139977137,8,131.0,0.430096808728386,20,399.0
5515.0,25,383.0,6.839285714285714,5.77153199955667,16,335.0,0.2511089997030365,9,180.0,0.41938581154107996,25,515.0
5520.0,25,317.0,5.660714285714286,5.325423818360633,18,383.0,0.24016646066555505,7,153.0,0.4685292097649539,25,536.0
5525.0,25,332.0,5.824561403508772,5.251759361561676,17,411.0,0.3054384371479384,8,99.0,0.4145963500720851,25,510.0
5530.0,23,311.0,5.456140350877193,4.707000060109401,17,423.0,0.3311070463535085,6,96.0,0.31597233457767304,23,519.0
5535.0,20,285.0,4.913793103448276,4.983311801244846,12,405.0,0.32869025471655977,8,81.0,0.24749269359543596,20,486.0
5540.0,21,237.0,3.95,4.168502897919712,12,389.0,0.24417428845800054,9,82.0,0.13494199046077265,21,471.0
5545.0,21,240.0,3.870967741935484,5.651470217121284,16,347.0,0.20510728919363524,5,82.0,0.39975054742105287,21,429.0
5550.0,24,182.0,2.9836065573770494,5.447979162043948,19,377.0,0.12352671252645259,5,65.0,0.553051742714312,24,442.0
5555.0,28,295.0,4.758064516129032,5.803166867655602,24,423.0,0.12138991725585341,4,59.0,0.6205699486406,28,482.0
5560.0,27,338.0,5.365079365079365,5.036240426174359,22,457.0,0.1120890781340705,5,71.0,0.5775453752159196,27,528.0
5565.0,21,295.0,4.682539682539683,5.6193030234898504,13,425.0,0.28982238864289084,8,104.0,0.45247353797526657,21,529.0
5570.0,20,250.0,3.787878787878788,5.866450420136274,11,405.0,0.40230311431588933,9,104.0,0.32123201458794215,20,509.0
5575.0,23,295.0,4.46969696969697,5.934333242540032,15,418.0,0.32165618563407117,8,104.0,0.34220775542542625,23,522.0
5580.0,27,331.0,5.092307692307692,4.852158286686716,20,455.0,0.133063337184611,7,90.0,0.432923942785597,27,545.0
5585.0,23,353.0,5.430769230769231,5.777579342375536,17,451.0,0.2037066343382962,6,90.0,0.4938724893303203,23,541.0
5590.0,21,284.0,4.655737704918033,5.431926660996478,13,380.0,0.2567214906589097,8,105.0,0.2978462506751316,21,485.0
5595.0,20,234.0,3.774193548387097,5.1197025418495326,12,304.0,0.25954422523891835,8,127.0,0.30710927743683875,20,431.0
5600.0,20,294.0,4.741935483870968,4.899157659305257,14,328.0,0.19973223408492022,6,133.0,0.40667913460763516,20,461.0
5605.0,20,233.0,3.8833333333333333,5.779363838409576,14,323.0,0.21977819925113765,6,92.0,0.45375515499876706,20,415.0
5610.0,18,294.0,4.983050847457627,5.839692055411562,11,334.0,0.24287732796766873,7,82.0,0.3598465696266367,18,416.0
5615.0,23,336.0,5.694915254237288,4.967599361186346,15,347.0,0.2083350020440125,8,80.0,0.2280206543661826,23,427.0
5620.0,30,453.0,8.089285714285714,4.475851749733164,19,410.0,0.2194948422004354,11,132.0,0.24891000305645467,30,542.0
5625.0,19,463.0,8.735849056603774,4.711217780823723,12,438.0,0.2424163349150901,7,148.0,0.2638046445631838,19,586.0
5630.0,17,376.0,7.230769230769231,5.54106237183339,9,363.0,0.2359977440367673,8,153.0,0.3137101446284328,17,516.0
5635.0,20,413.0,8.098039215686274,5.204590536072654,14,362.0,0.13481719751059243,6,158.0,0.4119912794609209,20,520.0
5640.0,24,361.0,7.520833333333333,4.344581830904224,16,340.0,0.1251945412254373,8,177.0,0.3982514503369115,24,517.0
5645.0,20,240.0,5.1063829787234045,5.4303867851216365,15,279.0,0.2668249160316188,5,127.0,0.5102097171302283,20,406.0
5650.0,23,316.0,6.076923076923077,5.452653062012677,16,312.0,0.2995751444733398,7,84.0,0.42780691775856133,23,396.0
5655.0,19,280.0,4.745762711864407,6.083003898067893,13,328.0,0.33457016885050395,6,87.0,0.5269363558451919,19,415.0
5660.0,12,200.0,3.389830508474576,6.515763469738102,9,271.0,0.34805738598412544,3,60.0,0.4557896151421612,12,331.0
5665.0,10,171.0,2.8983050847457625,6.533614501394881,6,255.0,0.36738872009812357,4,53.0,0.34220350066459504,10,308.0
5670.0,19,154.0,2.5245901639344264,5.955254600662005,9,232.0,0.2734454018648973,10,80.0,0.2592743059707347,19,312.0
5675.0,22,195.0,3.4210526315789473,4.983033370786063,13,250.0,0.22731074909320606,9,77.0,0.3394752237822517,22,327.0
5680.0,23,232.0,4.142857142857143,5.592314243368245,14,276.0,0.33658739768619783,9,117.0,0.4181111020922745,23,393.0
5685.0,23,267.0,5.037735849056604,4.983817161171073,17,307.0,0.2648953210585928,6,117.0,0.3884198184067945,23,424.0
5690.0,24,246.0,4.6415094339622645,3.6199615393290006,18,332.0,0.06667429251324188,6,76.0,0.36856188008235014,24,408.0
5695.0,21,220.0,4.074074074074074,4.832859188447882,14,300.0,0.15534425073972016,7,100.0,0.2535799001563142,21,400.0
5700.0,20,274.0,4.807017543859649,6.406255827071409,10,267.0,0.35254808807293175,10,129.0,0.259560483826798,20,396.0
5705.0,18,290.0,5.471698113207547,5.808940818192338,11,294.0,0.2958758860723442,7,126.0,0.3247382948324653,18,420.0
5710.0,21,334.0,6.549019607843137,5.434397979659728,15,313.0,0.19667308169173414,6,132.0,0.43389879951024435,21,445.0
5715.0,20,276.0,5.2075471698113205,4.800952159153376,16,347.0,0.10849085795052742,4,79.0,0.44197488168106264,20,426.0
5720.0,17,287.0,5.627450980392157,6.513549323140524,12,329.0,0.2615504898386181,5,42.0,0.5468791320386808,17,371.0
5725.0,12,184.0,3.8333333333333335,6.282683980719959,8,234.0,0.3400167644249693,4,54.0,0.34140650482000906,12,288.0
5730.0,19,255.0,5.204081632653061,6.507269292891979,11,222.0,0.3541918217879481,8,93.0,0.3306723393901773,19,315.0
5735.0,17,191.0,4.0638297872340425,6.080636251272859,11,215.0,0.32613150364703225,6,98.0,0.48753160415820457,17,313.0
5740.0,17,246.0,5.23404255319149,6.32655781341775,12,211.0,0.23528192568775186,5,90.0,0.5623484030415784,17,301.0
5745.0,16,206.0,4.291666666666667,5.675273573551235,13,216.0,0.18649239565264203,3,70.0,0.4975442462865428,16,286.0
5750.0,17,205.0,3.9423076923076925,6.727839269146584,6,183.0,0.4107104453782558,11,106.0,0.2733894407259977,17,289.0
5755.0,14,119.0,2.38,6.3450493339677045,6,157.0,0.3506733184306791,8,92.0,0.24128644899169022,14,249.0
5760.0,17,158.0,3.16,6.36985550639977,8,146.0,0.3389348313120226,9,94.0,0.374783301115881,17,240.0
5765.0,15,176.0,3.3846153846153846,6.469636055020292,9,175.0,0.385545962735853,6,102.0,0.48544785793984546,15,277.0
5770.0,13,152.0,2.8679245283018866,6.996559550325508,9,172.0,0.35765685875464154,4,63.0,0.6105755699787268,13,235.0
5775.0,12,135.0,2.4545454545454546,6.578314669148472,8,151.0,0.37232026582416383,4,54.0,0.40963173282574583,12,205.0
5780.0,22,196.0,3.2666666666666666,5.4572111047163,11,186.0,0.2974738243650471,11,86.0,0.20838142593874073,22,272.0
5785.0,25,266.0,4.433333333333334,5.475576191405806,12,225.0,0.37953384008833735,13,130.0,0.2197350699888975,25,355.0
5790.0,23,337.0,6.017857142857143,4.915754884101173,12,254.0,0.2981733406907071,11,174.0,0.3242200524289721,23,428.0
5795.0,21,345.0,6.160714285714286,4.648324121920096,12,253.0,0.24065591972960226,9,176.0,0.25985955622225515,21,429.0
5800.0,22,234.0,3.9,5.550296182768405,15,204.0,0.22151069444180932,7,142.0,0.319238301701916,22,346.0
5805.0,22,233.0,3.819672131147541,5.770717939339753,17,230.0,0.2182454424974224,5,107.0,0.354097903296142,22,337.0
5810.0,25,304.0,5.066666666666666,5.538438625377646,18,296.0,0.2222785334539875,7,83.0,0.3738965919526474,25,379.0
5815.0,22,323.0,5.666666666666667,5.665292035621156,16,339.0,0.315689694538094,6,99.0,0.41610691865637633,22,438.0
5820.0,19,336.0,5.694915254237288,5.317296161230449,13,360.0,0.2499644222612809,6,103.0,0.4429769942675974,19,463.0
5825.0,19,338.0,5.540983606557377,5.3675248464148435,11,340.0,0.19881980049276274,8,137.0,0.45602914725710175,19,477.0
5830.0,26,431.0,6.841269841269841,5.450786866115137,15,392.0,0.2890094413911866,11,183.0,0.2763703838161091,26,575.0
5835.0,29,546.0,8.4,5.324934086873813,19,477.0,0.25555065932998167,10,224.0,0.307875965003072,29,701.0
5840.0,29,503.0,7.859375,4.670200886947753,21,469.0,0.14392033152089675,8,236.0,0.4455963593936324,29,705.0
5845.0,26,391.0,6.015384615384615,5.227031800179605,19,462.0,0.17382177924158373,7,180.0,0.4172761483447953,26,642.0
5850.0,29,439.0,6.36231884057971,5.972171587587465,18,489.0,0.2703232226799856,11,180.0,0.4335265961684723,29,669.0
5855.0,22,434.0,6.382352941176471,5.90716979217482,13,459.0,0.3534150269839261,9,205.0,0.34034252212441707,22,664.0
5860.0,26,511.0,7.861538461538461,5.112573588841116,16,503.0,0.2555999340535594,10,220.0,0.31422431228223585,26,723.0
5865.0,33,604.0,9.014925373134329,4.294848102212425,22,600.0,0.13778231222874582,11,234.0,0.2978981792524299,33,834.0
5870.0,33,691.0,10.014492753623188,4.752250337836351,22,657.0,0.17364115572258,11,262.0,0.3618709077214741,33,919.0
5875.0,33,787.0,11.573529411764707,4.712456269197329,22,681.0,0.2386592717912804,11,299.0,0.320047187005553,33,980.0
5880.0,28,831.0,12.784615384615385,4.300658612885684,21,715.0,0.1496713111549975,7,294.0,0.317893286285884,28,1009.0
5885.0,24,635.0,10.079365079365079,4.668292434639473,18,705.0,0.11243733453732913,6,178.0,0.3253785250340245,24,883.0
5890.0,25,583.0,9.557377049180328,4.905782495001916,16,661.0,0.21747679192404457,9,97.0,0.2350298840228233,25,758.0
5895.0,26,368.0,6.133333333333334,4.567556998690444,17,578.0,0.25684711043099934,9,129.0,0.29512424699418466,26,707.0
5900.0,17,264.0,4.4,6.1663490802850704,13,504.0,0.348187828049709,4,123.0,0.475101146212246,17,627.0
5905.0,20,295.0,4.609375,6.054796720704611,14,446.0,0.2804166027900994,6,125.0,0.499150918014364,20,571.0
5910.0,25,377.0,5.8,5.600018514392879,17,427.0,0.24619349814704133,8,146.0,0.4073871272070955,25,573.0
5915.0,34,511.0,7.861538461538461,4.900860479639209,22,482.0,0.18532269700189855,12,170.0,0.3686070479088035,34,652.0
5920.0,30,536.0,8.78688524590164,3.5846682745258387,20,509.0,0.11618163989576887,10,205.0,0.3135002862342834,30,714.0
5925.0,26,498.0,8.3,4.496475167036956,17,483.0,0.10670184812308844,9,221.0,0.28547250381934597,26,704.0
5930.0,23,478.0,7.966666666666667,4.587118778117085,14,487.0,0.12154652935279481,9,210.0,0.16117001410059473,23,697.0
5935.0,25,505.0,8.14516129032258,5.002681319683459,15,503.0,0.19917934954551425,10,212.0,0.23002080796456353,25,715.0
5940.0,25,462.0,7.9655172413793105,4.9490034518553205,15,528.0,0.2659004919072618,10,149.0,0.34437671454046664,25,677.0
5945.0,23,541.0,10.20754716981132,4.849930136445922,12,523.0,0.28225600535214956,11,160.0,0.34298564752910965,23,683.0
5950.0,19,377.0,6.732142857142857,4.885039942036741,11,443.0,0.2867231260458739,8,173.0,0.2696598896871447,19,616.0
5955.0,20,406.0,7.518518518518518,6.34965011452302,11,394.0,0.27076590911144394,9,151.0,0.3774025008678123,20,545.0
5960.0,20,254.0,4.618181818181818,5.523431802426846,12,299.0,0.2145558795635595,8,145.0,0.3466400503195154,20,444.0
5965.0,23,269.0,5.173076923076923,5.593736229495759,13,273.0,0.27126369020439534,10,138.0,0.3342292211664197,23,411.0
5970.0,27,340.0,6.415094339622642,4.986669767312142,13,286.0,0.26626525005219753,14,166.0,0.31049930043902385,27,452.0
5975.0,24,347.0,6.196428571428571,5.221699649542226,13,275.0,0.28327339562228754,11,198.0,0.360216237756878,24,473.0
5980.0,19,317.0,5.4655172413793105,5.493157876703689,11,264.0,0.2256199681752994,8,195.0,0.46063607031551407,19,459.0
5985.0,16,226.0,3.9649122807017543,5.640420850058228,7,177.0,0.2585919083822772,9,186.0,0.3769441014188859,16,363.0
5990.0,21,253.0,4.147540983606557,5.549834981002015,6,173.0,0.3203576971262176,15,203.0,0.2502638607678984,21,376.0
5995.0,25,226.0,3.6451612903225805,5.243115130236926,11,218.0,0.3109557608852005,14,177.0,0.2397709014823811,25,395.0
6000.0,28,325.0,6.018518518518518,4.4336230945621855,12,237.0,0.2915509599381644,16,206.0,0.24008533045469022,28,443.0
6005.0,23,349.0,6.232142857142857,4.734162044812969,8,213.0,0.35733831148337364,15,247.0,0.19686091367512515,23,460.0
6010.0,23,324.0,5.4,5.630799829211067,10,186.0,0.3470173506273874,13,240.0,0.2200328905951591,23,426.0
6015.0,23,343.0,5.813559322033898,6.034884149778001,13,214.0,0.26170853659808185,10,241.0,0.3503853747640361,23,455.0
6020.0,23,307.0,5.482142857142857,5.574940468684123,14,253.0,0.26110354100431166,9,215.0,0.3814631155084205,23,468.0
6025.0,18,297.0,5.60377358490566,5.465660031308637,9,253.0,0.23436129485362167,9,233.0,0.37006614594580534,18,486.0
6030.0,21,214.0,4.115384615384615,4.712180947108555,10,228.0,0.3074870320611696,11,225.0,0.2012283794042516,21,453.0
6035.0,26,300.0,5.555555555555555,5.0386561549180175,12,205.0,0.32144822308364757,14,242.0,0.23080110136887078,26,447.0
6040.0,22,250.0,4.62962962962963,4.607065117512168,11,208.0,0.33941667114514945,11,272.0,0.2858604111578475,22,480.0
6045.0,23,328.0,5.963636363636364,6.163887303709453,12,194.0,0.3546017066016975,11,279.0,0.368603932572496,23,473.0
6050.0,24,295.0,5.363636363636363,4.620817990014052,12,209.0,0.2409982463749342,12,276.0,0.2159774617745397,24,485.0
6055.0,20,298.0,5.321428571428571,5.750315192711406,6,178.0,0.36155313338050943,14,295.0,0.14320657245555013,20,473.0
6060.0,20,295.0,5.462962962962963,4.997630744275791,8,171.0,0.2778614692807186,12,344.0,0.19830887095377311,20,515.0
6065.0,21,349.0,6.462962962962963,5.634704013943133,13,181.0,0.19953932868897645,8,363.0,0.371639822545611,21,544.0
6070.0,22,337.0,6.607843137254902,4.794172566324769,14,211.0,0.17149316594045128,8,329.0,0.34315946853589474,22,540.0
6075.0,19,293.0,5.86,6.147274307783626,9,199.0,0.32988609868779434,10,232.0,0.36338181578134426,19,431.0
6080.0,13,171.0,3.489795918367347,5.092705359712135,7,176.0,0.30995361481090034,6,193.0,0.30494341202840064,13,369.0
6085.0,20,214.0,3.962962962962963,6.290843587713012,11,193.0,0.32715584475990683,9,151.0,0.49829017425740796,20,344.0
6090.0,19,253.0,4.865384615384615,6.053211280484694,9,205.0,0.33946008508226255,10,192.0,0.5137945953114526,19,397.0
6095.0,20,333.0,6.166666666666667,6.063492712526803,9,202.0,0.39800220542230286,11,249.0,0.4288641636934356,20,451.0
6100.0,22,290.0,5.2727272727272725,3.9677701619247054,10,197.0,0.2820165666393438,12,250.0,0.2760092030119659,22,447.0
6105.0,20,324.0,5.4,5.079208385981507,5,153.0,0.301206624962713,15,298.0,0.25810908479942,20,451.0
6110.0,21,284.0,4.507936507936508,5.233419531083541,5,166.0,0.3598626326687804,16,310.0,0.20688485344359003,21,476.0
6115.0,20,330.0,5.409836065573771,6.06398474626331,9,194.0,0.32461873461283186,11,279.0,0.28172424480872843,20,473.0
6120.0,22,303.0,5.315789473684211,4.554263561670629,11,212.0,0.25262138429167386,11,225.0,0.2449945294008658,22,437.0
6125.0,20,307.0,5.293103448275862,4.582799634901098,5,194.0,0.3284891204140216,15,219.0,0.13869287490067322,20,413.0
6130.0,24,387.0,6.559322033898305,5.2727626083370716,7,192.0,0.48602094181231725,17,268.0,0.1249942075503271,24,460.0
6135.0,19,324.0,5.491525423728813,6.626033548999607,7,111.0,0.4905704669776117,12,281.0,0.20272471608883683,19,392.0
6140.0,21,306.0,5.368421052631579,5.36011739148192,10,137.0,0.33911269441785435,11,269.0,0.21392402855262424,21,406.0
6145.0,27,279.0,4.728813559322034,4.969705451223637,12,128.0,0.29516570076282495,15,245.0,0.23850287336871767,27,373.0
6150.0,27,375.0,6.3559322033898304,5.1562652692451705,16,175.0,0.25963541243296023,11,279.0,0.3590835029257056,27,454.0
6155.0,22,401.0,6.913793103448276,6.037756805141756,13,214.0,0.2963224981944083,9,266.0,0.4190437445571633,22,480.0
6160.0,17,381.0,6.35,5.609770464443796,9,209.0,0.29023114956266377,8,272.0,0.2555557348395301,17,481.0
6165.0,28,361.0,6.11864406779661,4.719547911401875,13,189.0,0.2503627057111061,15,277.0,0.12143454250454855,28,466.0
6170.0,24,235.0,4.051724137931035,5.488455835463454,10,177.0,0.3699890732381029,14,242.0,0.1994679769496364,24,419.0
6175.0,23,312.0,5.672727272727273,5.236856936552377,8,192.0,0.3563739795202163,15,256.0,0.27286765942289387,23,448.0
6180.0,22,345.0,6.388888888888889,4.5345221321265905,9,195.0,0.3405580916411932,13,277.0,0.18224811066908495,22,472.0
6185.0,24,365.0,6.7592592592592595,4.137923737038539,11,210.0,0.20270758367029798,13,310.0,0.17146470173502773,24,520.0
6190.0,26,364.0,6.618181818181818,4.113170168415523,16,238.0,0.18163847371522243,10,281.0,0.24422277452543925,26,519.0
6195.0,20,209.0,3.6666666666666665,4.777308092632213,14,220.0,0.1800003874977949,6,191.0,0.3537217353728061,20,411.0
6200.0,25,296.0,5.381818181818182,5.329486012034631,17,246.0,0.21883563763092828,8,204.0,0.375731903719922,25,450.0
6205.0,24,324.0,5.586206896551724,5.731387434673792,14,286.0,0.2731277162665755,10,197.0,0.34317532940380935,24,483.0
6210.0,16,275.0,5.0,5.5184597867894025,7,250.0,0.3622526320128389,9,194.0,0.2557781371901502,16,444.0
6215.0,15,199.0,3.618181818181818,5.3443868215037575,7,195.0,0.19895592659876507,8,164.0,0.26777631708362615,15,359.0
6220.0,21,274.0,5.074074074074074,5.216808180066464,14,219.0,0.030520054219502886,7,183.0,0.29953095722401935,21,402.0
6225.0,22,356.0,6.592592592592593,5.791969206365409,12,237.0,0.2459918833612278,10,217.0,0.337730916624291,22,454.0
6230.0,16,291.0,5.490566037735849,6.416166720689751,7,199.0,0.48063416946187887,9,173.0,0.28076184283171246,16,372.0
6235.0,17,285.0,5.588235294117647,6.705305970079369,4,159.0,0.5659847040193096,13,208.0,0.22452850047994277,17,367.0
6240.0,16,261.0,5.117647058823529,6.213925482729319,6,107.0,0.44466871409119635,10,225.0,0.29602253099701636,16,332.0
6245.0,16,206.0,4.291666666666667,5.788909575286676,8,93.0,0.2603311469391061,8,182.0,0.3845149893022666,16,275.0
6250.0,22,268.0,5.254901960784314,5.748458132530334,13,114.0,0.19629095307934005,9,213.0,0.3873877488795146,22,327.0
6255.0,19,275.0,5.188679245283019,5.711038389321412,9,133.0,0.3122100712534218,10,221.0,0.36295344265428897,19,354.0
6260.0,16,288.0,5.236363636363636,6.335245982305075,6,105.0,0.5117623597986056,10,223.0,0.2667092471064308,16,328.0
6265.0,18,268.0,5.153846153846154,6.489108711863247,8,99.0,0.5869728776508895,10,237.0,0.14373381879738412,18,336.0
6270.0,18,160.0,2.909090909090909,5.871343435454725,8,96.0,0.38759079174251077,10,175.0,0.2775174675136807,18,271.0
6275.0,25,244.0,4.6923076923076925,5.164088496769758,15,161.0,0.13242846466195862,10,154.0,0.4261073960449119,25,315.0
6280.0,21,278.0,5.245283018867925,5.121853275791961,12,190.0,0.21271849368841536,9,177.0,0.4119807174151341,21,367.0
6285.0,19,316.0,5.851851851851852,5.68134616997984,10,198.0,0.2873907776421677,9,180.0,0.29342083244011397,19,378.0
6290.0,16,288.0,5.433962264150943,5.569555891780034,8,185.0,0.36376028763649526,8,194.0,0.16203166289664056,16,379.0
6295.0,23,328.0,5.857142857142857,6.14155974575542,8,173.0,0.3971706634490987,15,241.0,0.18074154613827495,23,414.0
6300.0,21,336.0,5.793103448275862,6.414162162395408,10,182.0,0.45279366588133646,11,215.0,0.32824541214123854,21,397.0
6305.0,20,424.0,7.709090909090909,6.6378085695948945,10,233.0,0.4777230185949702,10,241.0,0.4275725609238245,20,474.0
6310.0,20,365.0,6.4035087719298245,5.667286383596586,12,244.0,0.4186580056607194,8,249.0,0.42486992603129886,20,493.0
6315.0,20,407.0,6.898305084745763,5.744179610055755,15,260.0,0.286969815988287,5,209.0,0.49341835835699166,20,469.0
6320.0,27,300.0,4.615384615384615,4.673292193106214,21,279.0,0.0745093098088034,6,155.0,0.4790129413888948,27,434.0
6325.0,23,231.0,3.5,5.669511265698039,14,276.0,0.24949186556438535,9,91.0,0.37158315504047756,23,367.0
6330.0,26,193.0,3.0634920634920637,4.307974740822867,14,255.0,0.24186497213889327,12,121.0,0.1663964074345811,26,376.0
6335.0,27,259.0,4.17741935483871,5.06746047294215,19,289.0,0.18682549225681655,8,139.0,0.26986299734279984,27,428.0
6340.0,23,327.0,5.5423728813559325,4.876270353548293,18,332.0,0.07662166819844592,5,102.0,0.48210237221487157,23,434.0
6345.0,19,364.0,6.385964912280702,6.083161981935062,13,339.0,0.23617148740004226,6,96.0,0.4820295425451529,19,435.0
6350.0,19,351.0,6.882352941176471,5.521214262757132,10,294.0,0.32971454645473847,9,113.0,0.24489378856444693,19,407.0
6355.0,19,258.0,4.961538461538462,5.026485972054065,8,266.0,0.30495608757334725,11,145.0,0.1515800526545014,19,411.0
6360.0,17,285.0,5.7,5.634194405619189,11,248.0,0.2648374648855007,6,139.0,0.33432767760046017,17,387.0
6365.0,16,192.0,3.6226415094339623,5.588247982364614,11,256.0,0.2707090358600039,5,86.0,0.40496017224290454,16,342.0
6370.0,22,239.0,4.596153846153846,5.765415407276209,13,255.0,0.31741889974037385,9,95.0,0.4177968647983417,22,350.0
6375.0,20,232.0,4.218181818181818,5.758092345206877,12,276.0,0.37461251971283477,8,111.0,0.36957574888623,20,387.0
6380.0,13,193.0,3.641509433962264,5.84132952233315,9,240.0,0.25386916976978186,4,90.0,0.36558408216232013,13,330.0
6385.0,13,169.0,3.3137254901960786,6.758265041046448,11,258.0,0.18208073338566108,2,30.0,0.4467504478995825,13,288.0
6390.0,18,170.0,3.1481481481481484,6.698916011070328,10,252.0,0.22603871860657918,8,48.0,0.3931643178334491,18,300.0
6395.0,18,237.0,4.9375,6.6293478010046885,11,283.0,0.3351559723527601,7,75.0,0.3971279450883081,18,358.0
6400.0,14,213.0,4.531914893617022,6.769472652498394,9,269.0,0.2981293482748392,5,65.0,0.47639187937873784,14,334.0
6405.0,13,192.0,4.085106382978723,6.494842571284391,9,192.0,0.32592847588938967,4,75.0,0.44150824602331484,13,267.0
6410.0,18,271.0,5.211538461538462,7.148759033859511,12,216.0,0.4109353934381322,6,93.0,0.4405429674793698,18,309.0
6415.0,19,302.0,6.04,6.47366494286754,9,236.0,0.3883067669451322,10,136.0,0.4603318679426502,19,372.0
6420.0,15,270.0,5.294117647058823,6.450889273172969,8,209.0,0.293253754828277,7,144.0,0.4871531674854945,15,353.0
6425.0,13,154.0,2.9056603773584904,5.993360504543761,9,151.0,0.1772880009959211,4,118.0,0.4610708297986146,13,269.0
6430.0,20,166.0,2.9642857142857144,6.692601641421718,11,140.0,0.28547282495955295,9,87.0,0.38051586118929037,20,227.0
6435.0,25,282.0,5.035714285714286,6.622439217541251,13,201.0,0.276681972981296,12,142.0,0.41424753578470197,25,343.0
6440.0,20,284.0,4.982456140350878,5.281543787978306,10,211.0,0.2275183462486658,10,160.0,0.3590280235323203,20,371.0
6445.0,21,353.0,6.086206896551724,6.383567541266962,11,238.0,0.2825940842275938,10,169.0,0.44243815492298183,21,407.0
6450.0,23,313.0,5.491228070175438,5.554383047453843,11,263.0,0.2552206578890255,12,177.0,0.37887484774947044,23,440.0
6455.0,25,373.0,6.016129032258065,6.157898085477311,11,263.0,0.35572474262292103,14,191.0,0.38750365596569114,25,454.0
6460.0,23,306.0,5.016393442622951,4.981528836701659,9,222.0,0.36402030463713514,14,238.0,0.3054927593980779,23,460.0
6465.0,23,308.0,5.049180327868853,5.9922393953030495,7,134.0,0.45572897026499193,16,255.0,0.31774857939888534,23,389.0
6470.0,27,307.0,4.723076923076923,5.501532448002845,7,147.0,0.46480888816213795,20,237.0,0.18349711097242297,27,384.0
6475.0,29,330.0,4.852941176470588,5.60786004577094,9,155.0,0.3956118086075965,20,301.0,0.2032650656999429,29,456.0
6480.0,29,407.0,6.074626865671642,5.033919265581735,10,141.0,0.4024483646846896,19,377.0,0.19139132709239284,29,518.0
6485.0,33,531.0,7.925373134328358,4.567223542555088,9,177.0,0.30606371757579154,24,472.0,0.24616717361318713,33,649.0
6490.0,29,533.0,8.075757575757576,4.459847468539394,9,191.0,0.2922479991721439,20,504.0,0.23185742841607168,29,695.0
6495.0,27,368.0,5.411764705882353,5.08923324479296,10,157.0,0.30507501367185447,17,457.0,0.24210457578458733,27,614.0
6500.0,28,367.0,5.397058823529412,4.605627480195364,15,217.0,0.1758880991156572,13,418.0,0.2459891394033853,28,635.0
6505.0,32,422.0,6.115942028985507,4.279753823157667,14,270.0,0.14054195101814682,18,421.0,0.23560752008970554,32,691.0
6510.0,30,499.0,7.5606060606060606,4.237024064282223,10,281.0,0.3231338894527332,20,445.0,0.15484030368111668,30,726.0
6515.0,25,415.0,6.384615384615385,5.0231360373957115,9,222.0,0.27592670293826793,16,465.0,0.21966351725741826,25,687.0
6520.0,29,471.0,7.029850746268656,5.020316574890226,13,220.0,0.2184460760332246,16,450.0,0.25297322168319286,29,670.0
6525.0,30,357.0,5.173913043478261,4.931328814654855,12,216.0,0.31532927490267354,18,434.0,0.20983786112929398,30,650.0
6530.0,29,318.0,4.96875,4.70586072259758,13,199.0,0.42540519635337276,16,456.0,0.18920545150966517,29,655.0
6535.0,30,364.0,5.515151515151516,4.889286244115275,10,210.0,0.40968355611309376,20,453.0,0.19962329881505148,30,663.0
6540.0,29,363.0,5.584615384615384,4.509044229484801,9,172.0,0.42198635806984924,20,479.0,0.1374041770576333,29,651.0
6545.0,20,338.0,5.044776119402985,4.8360030025534835,6,174.0,0.3836904048011721,14,462.0,0.13588743028641162,20,636.0
6550.0,27,379.0,5.742424242424242,4.459067409701511,14,183.0,0.17570205769664204,13,448.0,0.23511624862589056,27,631.0
6555.0,31,416.0,6.208955223880597,4.816024212822412,18,220.0,0.17405461537044012,13,416.0,0.29099799982591423,31,636.0
6560.0,24,384.0,6.0,4.851160529632791,10,244.0,0.2542154351382905,14,411.0,0.3032868325981549,24,655.0
6565.0,24,230.0,3.59375,4.712856257962766,9,225.0,0.26419991793636133,15,371.0,0.2437224573948074,24,596.0
6570.0,28,287.0,4.555555555555555,4.247343245804683,14,221.0,0.31933159505072467,14,378.0,0.1834947870494252,28,599.0
6575.0,28,329.0,5.222222222222222,3.842462361436487,15,269.0,0.2114206616648496,13,362.0,0.21115558877484833,28,631.0
6580.0,25,375.0,5.859375,4.655678080614663,11,272.0,0.2279716041446257,14,383.0,0.2073283560544696,25,655.0
6585.0,23,380.0,5.507246376811594,5.3047631665634585,10,271.0,0.18637690083405697,13,383.0,0.3449642545479203,23,654.0
6590.0,30,452.0,6.457142857142857,5.19608122379088,15,297.0,0.27005890132605354,15,401.0,0.3370434442627601,30,698.0
6595.0,31,503.0,7.397058823529412,5.420700436720985,16,340.0,0.38099510866485664,15,367.0,0.360285460052627,31,707.0
6600.0,23,497.0,7.417910447761194,4.32511199963561,8,331.0,0.3803860076954853,15,384.0,0.17466411308999025,23,715.0
6605.0,23,384.0,5.731343283582089,4.0241468227131385,9,256.0,0.19652749359383856,14,377.0,0.18832220032658867,23,633.0
6610.0,26,397.0,5.925373134328358,4.516025482363691,15,262.0,0.10924028297496517,11,377.0,0.2714142160888554,26,639.0
6615.0,33,482.0,7.415384615384616,4.022051588238304,20,317.0,0.15413275111455566,13,391.0,0.19671309379761623,33,708.0
6620.0,24,342.0,5.796610169491525,4.449160245280101,10,326.0,0.28924561429497125,14,341.0,0.17547825771992354,24,667.0
6625.0,21,261.0,4.578947368421052,4.866745192850059,7,278.0,0.3677745194179461,14,306.0,0.21223287853068573,21,584.0
6630.0,26,288.0,4.8,5.0340454175797,13,239.0,0.3754075627539378,13,327.0,0.19919253185615876,26,566.0
6635.0,25,314.0,5.413793103448276,5.159297420303406,15,275.0,0.2799498421949839,10,307.0,0.32381132047288197,25,582.0
6640.0,19,293.0,5.051724137931035,4.775238679853229,11,277.0,0.18944839096242808,8,252.0,0.24593480427892025,19,529.0
6645.0,18,253.0,4.6,5.172235308898101,6,244.0,0.21949708031677104,12,228.0,0.29642810187319935,18,472.0
6650.0,23,267.0,4.603448275862069,5.392147037207395,11,218.0,0.2832511668661049,12,259.0,0.3258950720753873,23,477.0
6655.0,22,228.0,3.9310344827586206,5.847046199592696,11,179.0,0.39730063948216426,11,249.0,0.3925251513346927,22,428.0
6660.0,23,271.0,4.672413793103448,4.841121760719944,13,196.0,0.37233284299718145,10,250.0,0.34393119764677776,23,446.0
6665.0,23,293.0,4.650793650793651,4.633720019711355,13,223.0,0.2893578218023752,10,219.0,0.32205525839544885,23,442.0
6670.0,20,261.0,4.015384615384615,5.150706808353369,8,189.0,0.3135616248095529,12,236.0,0.2670673080583534,20,425.0
6675.0,22,295.0,4.27536231884058,5.157144318861797,8,220.0,0.3205799479411308,14,267.0,0.2354357693828925,22,487.0
6680.0,24,361.0,5.3088235294117645,5.063953263705248,12,257.0,0.32910210818487046,12,310.0,0.19702771638258082,24,567.0
6685.0,27,449.0,6.701492537313433,5.162212146873946,13,310.0,0.2705756961779143,14,340.0,0.26552025971594917,27,650.0
6690.0,28,341.0,4.942028985507246,4.858272764437949,15,321.0,0.26860142354253275,13,261.0,0.24350610111325624,28,582.0
6695.0,26,360.0,5.217391304347826,5.920825461014763,11,283.0,0.35609703967867773,15,236.0,0.28150581680753994,26,519.0
6700.0,26,308.0,4.4,5.570339059054389,11,226.0,0.3318037973104167,15,278.0,0.2864580395623927,26,504.0
6705.0,27,362.0,5.484848484848484,5.510504737576771,16,237.0,0.2445888049184581,11,300.0,0.3578626939398133,27,537.0
6710.0,31,389.0,5.8059701492537314,4.003305677993711,18,302.0,0.06607882698237624,13,301.0,0.2869788434203034,31,603.0
6715.0,29,400.0,5.882352941176471,5.127088464780505,18,360.0,0.17863953128493865,11,292.0,0.38194449821392973,29,652.0
6720.0,26,412.0,5.802816901408451,5.310106334246371,15,370.0,0.2480961893179543,11,300.0,0.39587488021451533,26,670.0
6725.0,27,411.0,6.044117647058823,4.907071011376338,10,311.0,0.3546540172485958,17,356.0,0.24603274642857886,27,667.0
6730.0,30,420.0,6.363636363636363,4.612436788052658,11,280.0,0.3003865635162577,19,373.0,0.19761346670754687,30,653.0
6735.0,28,437.0,6.522388059701493,4.674699894494822,8,277.0,0.30277134313739457,20,357.0,0.13623196558056214,28,634.0
6740.0,32,520.0,7.647058823529412,4.382801893997839,13,290.0,0.25517493342095954,19,392.0,0.1337219428130111,32,682.0
6745.0,32,590.0,8.676470588235293,4.910458486085936,15,345.0,0.2771200394076871,17,394.0,0.23458165568435652,32,739.0
6750.0,22,517.0,7.953846153846154,4.866517745681746,9,365.0,0.30283746239865833,13,383.0,0.23281719153607638,22,748.0
6755.0,19,375.0,5.681818181818182,4.835253645687371,10,362.0,0.24008682052503688,9,288.0,0.23398304810971282,19,650.0
6760.0,23,359.0,5.4393939393939394,5.47963147117574,12,336.0,0.23109585928731644,11,249.0,0.2803027000761742,23,585.0
6765.0,25,422.0,6.393939393939394,5.002775222409383,12,373.0,0.25913956709328123,13,276.0,0.2549468040001241,25,649.0
6770.0,22,433.0,6.983870967741935,5.291744247014033,9,367.0,0.3307794374523285,13,290.0,0.25578836446872855,22,657.0
6775.0,19,268.0,4.39344262295082,5.215139844359434,9,249.0,0.3158335900213366,10,306.0,0.2840109756927013,19,555.0
6780.0,22,332.0,5.1875,5.503470858485243,14,234.0,0.2157891487625683,8,292.0,0.40791897107153136,22,526.0
6785.0,27,347.0,5.507936507936508,5.013359470689917,16,281.0,0.1319710664774153,11,288.0,0.3989604015099956,27,569.0
6790.0,24,428.0,6.903225806451613,5.563586072860041,10,290.0,0.2803464900405314,14,309.0,0.2964550877024121,24,599.0
6795.0,27,335.0,5.677966101694915,3.9746130091632756,9,271.0,0.3229529816855391,18,274.0,0.07749044573191784,27,545.0
6800.0,32,427.0,7.491228070175438,4.264149799087192,11,232.0,0.34782391430862103,21,329.0,0.12704717241905458,32,561.0
6805.0,32,431.0,7.56140350877193,3.9120809366311198,14,247.0,0.2692577545421773,18,383.0,0.194698911029162,32,630.0
6810.0,27,442.0,7.754385964912281,5.021025687117528,14,242.0,0.2828919964869563,13,384.0,0.31365194691230713,27,626.0
6815.0,27,478.0,8.101694915254237,3.895101994592098,13,264.0,0.17239980037743188,14,435.0,0.2413065449708533,27,699.0
6820.0,24,492.0,7.935483870967742,5.156486279322277,7,247.0,0.2905816233468915,17,474.0,0.27969297251020186,24,721.0
6825.0,22,394.0,6.354838709677419,5.152828061919549,4,200.0,0.4314419361396886,18,464.0,0.19419778428089554,22,664.0
6830.0,24,273.0,4.136363636363637,5.5517567656170765,9,198.0,0.38960663352213104,15,436.0,0.2812968586585671,24,634.0
6835.0,25,262.0,3.9696969696969697,4.734232358873616,12,216.0,0.2900092973310736,13,443.0,0.3338362786694358,25,659.0
6840.0,17,208.0,3.3015873015873014,4.869191884725452,8,210.0,0.22981521393223273,9,399.0,0.3097121560900248,17,609.0
6845.0,21,248.0,3.8153846153846156,4.799673634313719,10,226.0,0.16239027234094802,11,404.0,0.2627983489238421,21,630.0
6850.0,25,268.0,4.123076923076923,4.756961787583402,9,170.0,0.1957621200592441,16,462.0,0.17965570782574553,25,632.0
6855.0,33,373.0,5.828125,4.805635044579793,13,190.0,0.2585391908866066,20,522.0,0.2234901918958426,33,712.0
6860.0,23,351.0,5.4,5.557127789125531,9,148.0,0.3030025240760847,14,536.0,0.28457442881396067,23,684.0
6865.0,25,454.0,6.984615384615385,5.521378490790784,11,161.0,0.28110761281292174,14,591.0,0.3045881484299097,25,752.0
6870.0,29,513.0,8.015625,4.874345033655539,9,176.0,0.31154593378767714,20,662.0,0.2140258967346942,29,838.0
6875.0,27,439.0,6.859375,5.133944984699005,3,118.0,0.44477258855370305,24,670.0,0.1579108249956593,27,788.0
6880.0,28,545.0,9.083333333333334,4.1756100522024875,3,103.0,0.3917929399410556,25,769.0,0.10169335339902913,28,872.0
6885.0,33,637.0,9.953125,4.985669876626357,10,140.0,0.499359218473111,23,843.0,0.16920859907698974,33,983.0
6890.0,24,618.0,9.65625,5.44569835207076,8,144.0,0.4424559535334613,16,852.0,0.26890770341005593,24,996.0
6895.0,17,493.0,7.584615384615384,5.923320754988267,4,114.0,0.4154372789290031,13,756.0,0.276901498282766,17,870.0
6900.0,19,297.0,4.5,4.951793390047649,4,122.0,0.34401037926018996,15,613.0,0.18213312469572013,19,735.0
6905.0,27,291.0,4.546875,5.291748967907001,8,149.0,0.428881045763031,19,513.0,0.22315732643485836,27,662.0
6910.0,25,335.0,5.403225806451613,4.787275263852998,10,161.0,0.3897689219957391,15,531.0,0.23799144219501212,25,692.0
6915.0,22,348.0,5.704918032786885,4.648437690512507,11,213.0,0.2338874587686034,11,501.0,0.2442062560796925,22,714.0
6920.0,28,317.0,5.283333333333333,4.0345257136840065,13,153.0,0.15102941827888294,15,502.0,0.18692982228420238,28,655.0
6925.0,34,448.0,7.466666666666667,3.8722233119796248,15,215.0,0.13680809083681666,19,486.0,0.16507991800166208,34,701.0
6930.0,30,474.0,7.9,3.9078431485752962,11,222.0,0.2863462396325344,19,530.0,0.2015772542446609,30,752.0
6935.0,19,435.0,7.372881355932203,5.341631704611208,5,154.0,0.5199468362343896,14,509.0,0.16407979224828553,19,663.0
6940.0,21,274.0,4.491803278688525,5.341760861145668,6,122.0,0.38375622374388096,15,470.0,0.20124807181144239,21,592.0
6945.0,25,258.0,4.095238095238095,5.694969105126435,8,112.0,0.37177612475923233,17,422.0,0.2022494625551008,25,534.0
6950.0,27,324.0,5.684210526315789,4.502368906386995,9,114.0,0.291127134865424,18,468.0,0.20632070631449168,27,582.0
6955.0,23,361.0,6.446428571428571,5.32037933265042,8,89.0,0.3118665372820249,15,465.0,0.2100594526941177,23,554.0
6960.0,19,260.0,5.0,4.745361534123749,5,98.0,0.22272990928956568,14,421.0,0.1676696791396609,19,519.0
6965.0,24,350.0,6.363636363636363,5.843958608035121,10,137.0,0.3118695323501464,14,408.0,0.22860581076582556,24,545.0
6970.0,21,321.0,5.944444444444445,5.977991067744743,7,145.0,0.4447168839550986,14,390.0,0.25357717717431777,21,535.0
6975.0,19,273.0,5.055555555555555,6.6187331812640355,8,164.0,0.4717484303511889,11,322.0,0.38186683775585367,19,486.0
6980.0,20,364.0,6.7407407407407405,5.748738485357986,9,200.0,0.3855077974730018,11,299.0,0.39716898479087,20,499.0
6985.0,27,492.0,8.945454545454545,5.257755888093901,12,256.0,0.3545668905403268,15,335.0,0.3032670938969306,27,591.0
6990.0,28,426.0,7.344827586206897,2.7663771098602705,12,251.0,0.2681786418804429,16,345.0,0.06096594641719115,28,596.0
6995.0,23,404.0,7.345454545454546,4.269686971315333,8,198.0,0.27622822490779386,15,334.0,0.14047373205660107,23,532.0
7000.0,19,294.0,5.25,4.931752467895527,6,143.0,0.37166518346431976,13,316.0,0.08529300894227329,19,459.0
7005.0,21,246.0,4.392857142857143,5.632913842592084,9,112.0,0.3599874332108461,12,282.0,0.17922772534303583,21,394.0
7010.0,22,286.0,5.607843137254902,4.692129226493272,11,141.0,0.2806286924642206,11,320.0,0.2327295941676252,22,461.0
7015.0,23,323.0,6.591836734693878,4.022497603686765,10,153.0,0.2150829014325436,13,337.0,0.17350327496409912,23,490.0
7020.0,21,182.0,3.7916666666666665,4.161315910465873,9,124.0,0.34037683495606286,12,307.0,0.07161103845718715,21,431.0
7025.0,24,274.0,5.708333333333333,5.786338918986161,10,137.0,0.4588402327336603,14,299.0,0.13510433672286704,24,436.0
7030.0,19,285.0,6.0638297872340425,4.814440743978787,7,133.0,0.3117573861171447,12,313.0,0.22494588655259656,19,446.0
7035.0,19,303.0,6.3125,5.173055196633428,9,135.0,0.37706321332823006,10,302.0,0.2690132631767016,19,437.0
7040.0,20,313.0,6.659574468085107,4.334476493761779,11,159.0,0.3353143988834024,9,312.0,0.26311818888366356,20,471.0
7045.0,17,349.0,7.7555555555555555,5.458535717522362,6,143.0,0.4729918499790701,11,349.0,0.24575642929041205,17,492.0
7050.0,18,256.0,5.333333333333333,4.311911815237636,8,167.0,0.3211257207377007,10,302.0,0.13895476004988508,18,469.0
7055.0,18,200.0,4.166666666666667,5.650963385279506,15,220.0,0.23101391375955657,3,182.0,0.3824265832182424,18,402.0
7060.0,19,257.0,5.976744186046512,4.707625569676793,13,251.0,0.15531868816964275,6,187.0,0.42155466869841124,19,438.0
7065.0,19,300.0,6.666666666666667,5.069888386719088,9,238.0,0.1329798583596009,10,227.0,0.38512958849466705,19,465.0
7070.0,20,292.0,6.636363636363637,3.7299180101589355,7,206.0,0.1256519595810957,13,282.0,0.1912911979746697,20,488.0
7075.0,22,359.0,7.479166666666667,4.657216287424677,10,203.0,0.2993753095477943,12,287.0,0.16687851773311957,22,490.0
7080.0,16,269.0,5.38,6.72072851566757,7,132.0,0.513437728007792,9,268.0,0.2520952926031481,16,400.0
7085.0,16,249.0,5.533333333333333,6.638630431806397,7,137.0,0.4584095282748799,9,234.0,0.29788043087007354,16,371.0
7090.0,22,292.0,5.959183673469388,5.802724899805799,11,185.0,0.2996336926240416,11,167.0,0.33226598927100326,22,352.0
7095.0,19,349.0,7.270833333333333,5.385959660300604,11,233.0,0.3178832675781007,8,181.0,0.36017803597998027,19,414.0
7100.0,19,416.0,8.851063829787234,5.534077504221014,13,289.0,0.2187512519797096,6,174.0,0.3901957414794554,19,463.0
7105.0,15,248.0,4.96,5.30523503171816,10,273.0,0.1373640703012949,5,111.0,0.3899793576299374,15,384.0
7110.0,15,234.0,4.68,7.076733684854113,6,208.0,0.3792575226534643,9,104.0,0.4026336577206653,15,312.0
7115.0,17,279.0,5.58,7.085534169589121,6,198.0,0.4895212515084409,11,119.0,0.3549335891010456,17,317.0
7120.0,17,204.0,4.0,6.625642675962262,5,120.0,0.4146366595545957,12,177.0,0.336305000847947,17,297.0
7125.0,18,218.0,4.36,6.557168221655814,8,99.0,0.46604567891208565,10,193.0,0.3001060608523361,18,292.0
7130.0,13,173.0,3.6041666666666665,5.986870683153477,6,111.0,0.3906336343709217,7,152.0,0.26550970883269953,13,263.0
7135.0,13,178.0,3.869565217391304,6.041646473852982,6,106.0,0.3551994412626813,7,127.0,0.23760920227627447,13,233.0
7140.0,15,170.0,3.8636363636363638,6.52868709800725,5,72.0,0.4309398974836616,10,154.0,0.07647293934931859,15,226.0
7145.0,16,172.0,3.8222222222222224,7.440604116399315,6,87.0,0.5213887038735884,10,160.0,0.2091512896299917,16,247.0
7150.0,13,215.0,5.2439024390243905,8.027618811239194,3,86.0,0.6855213248587613,10,183.0,0.3812697963446729,13,269.0
7155.0,12,212.0,5.170731707317073,7.245650435008194,6,109.0,0.5381943653787996,6,162.0,0.420335144204517,12,271.0
7160.0,11,203.0,4.951219512195122,6.815020197367524,8,147.0,0.35733400512387437,3,96.0,0.4340108200344737,11,243.0
7165.0,16,199.0,4.738095238095238,5.582566425367227,13,202.0,0.16279229997750963,3,58.0,0.3225877245297825,16,260.0
7170.0,21,228.0,5.181818181818182,4.8844283036601945,10,222.0,0.2649981559524439,11,59.0,0.20655768256949278,21,281.0
7175.0,15,257.0,5.840909090909091,6.411823795089886,8,214.0,0.43898335266942284,7,73.0,0.3046842959401221,15,287.0
7180.0,12,232.0,5.395348837209302,6.994390214295388,6,205.0,0.435396859464895,6,68.0,0.35546126149529755,12,273.0
7185.0,14,241.0,5.239130434782608,7.459319019416146,11,223.0,0.3510304783574966,3,54.0,0.48559073041977846,14,277.0
7190.0,13,121.0,2.5208333333333335,7.09696492358665,9,140.0,0.274054262112658,4,35.0,0.5716342964704673,13,175.0
7195.0,14,161.0,3.425531914893617,6.924154488980975,10,127.0,0.31393422328531584,4,58.0,0.6036999247950574,14,185.0
7200.0,11,158.0,3.511111111111111,6.863240711965865,9,165.0,0.37399027786415606,2,32.0,0.5601249097955672,11,197.0
