step,system_total_stopped,system_total_waiting_time,system_mean_waiting_time,system_mean_speed,J17_stopped,J17_accumulated_waiting_time,J17_average_speed,J18_stopped,J18_accumulated_waiting_time,J18_average_speed,agents_total_stopped,agents_total_accumulated_waiting_time
5.0,0,0.0,0.0,14.140105720553052,0,0.0,1.0,0,0.0,0.9813875504709173,0,0.0
10.0,0,0.0,0.0,13.341908901664132,0,0.0,0.9624131325671796,0,0.0,0.9653490939551225,0,0.0
15.0,0,0.0,0.0,12.94358507616604,0,0.0,0.9400403783464645,0,0.0,0.9302050251718835,0,0.0
20.0,0,0.0,0.0,12.117391338559914,0,0.0,0.8509020759827005,0,0.0,0.8948399542799166,0,0.0
25.0,2,4.0,0.26666666666666666,9.2893063283238,1,2.0,0.6390724808554279,1,2.0,0.7516006866615899,2,4.0
30.0,6,24.0,1.2,8.441407025272037,4,16.0,0.526950171147508,2,8.0,0.6870415273598504,6,24.0
35.0,6,46.0,2.0,7.263373109672101,3,24.0,0.5354557155170825,3,22.0,0.5398354059109501,6,46.0
40.0,8,84.0,3.230769230769231,7.579105817344159,3,39.0,0.3401760998629502,5,45.0,0.5556899691393664,8,84.0
45.0,6,65.0,2.2413793103448274,6.520133694532216,2,29.0,0.3997186836711965,4,42.0,0.4564196411233519,6,71.0
50.0,9,102.0,3.1875,7.582445492341388,4,43.0,0.43357894668512575,5,65.0,0.451516720123853,9,108.0
55.0,7,56.0,1.8064516129032258,7.609343390661413,1,17.0,0.7897062326392292,6,51.0,0.3512968156528576,7,68.0
60.0,8,95.0,3.064516129032258,8.068790833005627,1,28.0,0.7035820876176677,7,82.0,0.3418667393291867,8,110.0
65.0,11,110.0,3.6666666666666665,6.9642676740514275,3,40.0,0.6274837887292184,8,96.0,0.4046899508765921,11,136.0
70.0,13,155.0,4.305555555555555,6.6592112751211525,5,61.0,0.45230424957654974,8,112.0,0.42478826030102,13,173.0
75.0,11,170.0,4.594594594594595,5.750377986395929,4,69.0,0.4360700488446234,7,133.0,0.39808141712203843,11,202.0
80.0,15,219.0,5.341463414634147,6.438761245905428,4,76.0,0.5459513200852025,11,155.0,0.2921119799380743,15,231.0
85.0,11,115.0,2.6136363636363638,6.899766006674545,3,53.0,0.633497179525797,8,121.0,0.3353590213131745,11,174.0
90.0,12,120.0,2.608695652173913,7.734221576184318,4,46.0,0.515445726180334,8,91.0,0.40376392942920725,12,137.0
95.0,11,107.0,2.4318181818181817,6.4770883452434695,3,54.0,0.34296692699224623,8,92.0,0.3869612909895157,11,146.0
100.0,13,149.0,3.3863636363636362,7.714203188192281,5,64.0,0.5717777193439183,8,102.0,0.36101206130780833,13,166.0
105.0,10,84.0,2.048780487804878,7.204078283789388,3,33.0,0.638598891554589,7,98.0,0.34179945679926,10,131.0
110.0,10,115.0,2.6136363636363638,7.863981970613922,3,25.0,0.507786405707544,7,111.0,0.46853620982294997,10,136.0
115.0,14,115.0,2.738095238095238,6.791311216371186,6,37.0,0.39580308488057486,8,124.0,0.4326740289092602,14,161.0
120.0,18,197.0,4.804878048780488,6.085117021258892,9,81.0,0.36652944681001703,9,143.0,0.38683037110320917,18,224.0
125.0,18,154.0,3.7560975609756095,3.761869951720774,8,103.0,0.28884298048236867,10,126.0,0.1763834491104048,18,229.0
130.0,11,135.0,3.375,6.07470058385211,5,97.0,0.388691436227922,6,85.0,0.2658241584031177,11,182.0
135.0,10,79.0,1.975,6.419148181365654,4,69.0,0.4326065959517344,6,95.0,0.16410958195217817,10,164.0
140.0,14,116.0,2.9,7.512278714646885,6,66.0,0.46914497172185765,8,118.0,0.23944309956485452,14,184.0
145.0,8,110.0,2.8205128205128207,6.605843337839531,2,61.0,0.46534683196203874,6,117.0,0.31214286950127546,8,178.0
150.0,10,135.0,3.5526315789473686,8.088744623869374,6,51.0,0.4298039030749795,4,100.0,0.4321853036772089,10,151.0
155.0,6,83.0,2.2432432432432434,7.9424765623273546,3,49.0,0.436347265982184,3,89.0,0.42032039160762746,6,138.0
160.0,10,111.0,2.775,8.998833896434169,6,69.0,0.5021437728931955,4,64.0,0.4745621437345812,10,133.0
165.0,5,119.0,3.4,8.44252155819926,4,81.0,0.4916615000760232,1,65.0,0.6861921052946531,5,146.0
170.0,8,153.0,4.636363636363637,8.982070713145259,7,107.0,0.39700137374649713,1,62.0,0.7463435486801483,8,169.0
175.0,11,146.0,4.294117647058823,7.609276424554704,7,104.0,0.34070861943089287,4,71.0,0.5233793110084963,11,175.0
180.0,11,94.0,2.611111111111111,6.9848452821153915,9,93.0,0.17560810975051905,2,20.0,0.6103241544716376,11,113.0
185.0,9,93.0,2.5833333333333335,7.072395935462148,7,104.0,0.3386031559660748,2,15.0,0.6584120847610196,9,119.0
190.0,11,134.0,3.7222222222222223,7.335755487477709,7,117.0,0.41189634764743416,4,38.0,0.6066814695322881,11,155.0
195.0,9,124.0,3.263157894736842,6.8423294031796,5,120.0,0.5307414757523081,4,40.0,0.5039068753881341,9,160.0
200.0,10,150.0,3.9473684210526314,7.262268805771066,5,124.0,0.450710629912397,5,48.0,0.553167619423775,10,172.0
205.0,10,59.0,1.6388888888888888,5.517286021027312,5,66.0,0.3761421616459579,5,39.0,0.28301919071479825,10,105.0
210.0,17,126.0,3.230769230769231,5.320821580491632,7,74.0,0.44221187522354505,10,71.0,0.1350623836146578,17,145.0
215.0,16,170.0,4.25,5.248627889732193,6,93.0,0.425541944228877,10,111.0,0.2655014627686674,16,204.0
220.0,15,234.0,5.85,6.926537751450266,6,110.0,0.5404503085144976,9,140.0,0.3366438087961926,15,250.0
225.0,12,175.0,3.977272727272727,5.90765782015605,4,69.0,0.4791915357685298,8,153.0,0.2921128355853614,12,222.0
230.0,14,199.0,4.061224489795919,6.825240950391252,9,90.0,0.3934108262384256,5,137.0,0.4152366858585834,14,227.0
235.0,13,159.0,2.9444444444444446,7.270329492220903,7,116.0,0.3799105643703751,6,109.0,0.48267356217540636,13,225.0
240.0,11,145.0,2.7358490566037736,7.742854254416039,6,114.0,0.40671091051867236,5,82.0,0.48566929823069044,11,196.0
245.0,17,153.0,3.0,6.393808422830738,9,97.0,0.4230511099811707,8,92.0,0.3036555872921187,17,189.0
250.0,19,183.0,3.388888888888889,6.38940693970715,11,127.0,0.4269076490393917,8,92.0,0.2072424043570575,19,219.0
255.0,19,186.0,3.4444444444444446,5.959106435080638,11,130.0,0.34918881187850837,8,103.0,0.31584216035764723,19,233.0
260.0,21,248.0,4.592592592592593,6.431198787396367,14,171.0,0.3676070905351455,7,116.0,0.36662731817312544,21,287.0
265.0,19,262.0,4.678571428571429,6.020890126950972,12,198.0,0.3717676323214813,7,122.0,0.3383890344555408,19,320.0
270.0,17,213.0,3.736842105263158,5.806172628234414,10,175.0,0.37324793692067615,7,97.0,0.3329007241024485,17,272.0
275.0,22,277.0,4.859649122807017,6.190015202082075,13,208.0,0.3437419164130011,9,119.0,0.4259132590980895,22,327.0
280.0,20,296.0,4.933333333333334,5.980281725441151,14,249.0,0.30657621336439617,6,126.0,0.4493176432776336,20,375.0
285.0,21,354.0,5.80327868852459,5.775909688949396,13,290.0,0.26408901936006446,8,113.0,0.44757142022575247,21,403.0
290.0,23,388.0,6.576271186440678,5.1180858621970025,16,321.0,0.15662622277858132,7,113.0,0.4298501134886344,23,434.0
295.0,24,419.0,6.868852459016393,5.3970860051005705,16,355.0,0.18651275525255376,8,132.0,0.3447557187217045,24,487.0
300.0,25,486.0,8.23728813559322,5.816789827768873,15,375.0,0.27428796944717104,10,151.0,0.32437853062113503,25,526.0
305.0,27,435.0,7.909090909090909,5.136240040365311,15,340.0,0.3293306762227124,12,209.0,0.3044811350649424,27,549.0
310.0,21,379.0,7.150943396226415,4.445571545941484,13,282.0,0.2755050035092677,8,226.0,0.250585942203479,21,508.0
315.0,23,411.0,7.472727272727273,4.835537659769594,15,324.0,0.21196135204441593,8,214.0,0.3494573538780937,23,538.0
320.0,17,294.0,5.345454545454546,6.325709527334193,12,341.0,0.23238477183995068,5,151.0,0.4581628914016942,17,492.0
325.0,19,291.0,5.490566037735849,6.204497077936084,11,346.0,0.2437105381315451,8,91.0,0.4025710205211036,19,437.0
330.0,22,198.0,3.6,5.5933691767750755,15,323.0,0.2634908456335472,7,103.0,0.3430818882216827,22,426.0
335.0,20,206.0,3.8867924528301887,5.562112271172529,12,337.0,0.356688720076562,8,93.0,0.2585849339804166,20,430.0
340.0,23,258.0,5.0588235294117645,5.510837968954668,17,387.0,0.33568701159876463,6,97.0,0.4066199567317399,23,484.0
345.0,18,257.0,4.849056603773585,5.2913369941626875,14,423.0,0.21470126800862893,4,60.0,0.5262825765318216,18,483.0
350.0,17,279.0,5.6938775510204085,5.963967040168939,13,422.0,0.20700877941295243,4,76.0,0.48603355661709685,17,498.0
355.0,13,193.0,3.784313725490196,5.650312691713229,11,372.0,0.21318284650873912,2,45.0,0.48060529045843814,13,417.0
360.0,20,198.0,3.6666666666666665,6.047032236967613,15,358.0,0.28233113522830855,5,49.0,0.49419770375999694,20,407.0
365.0,18,234.0,4.68,5.962711774879143,15,399.0,0.34809935917178514,3,39.0,0.6226037404065197,18,438.0
370.0,16,268.0,5.36,5.796647886149601,12,409.0,0.29247977696706046,4,50.0,0.562387336902609,16,459.0
375.0,20,276.0,4.928571428571429,5.714358694180701,13,377.0,0.3120167100984126,7,77.0,0.46403458678810444,20,454.0
380.0,20,221.0,3.622950819672131,5.677250023522047,14,308.0,0.3060981990797654,6,67.0,0.4261101457670729,20,375.0
385.0,23,290.0,4.833333333333333,5.065114595024599,17,359.0,0.2606275738601153,6,83.0,0.4522030491463324,23,442.0
390.0,21,301.0,4.703125,5.42030625946717,15,390.0,0.25799611928733274,6,72.0,0.46319561942294735,21,462.0
395.0,20,315.0,5.080645161290323,5.827243392842912,16,408.0,0.281235718901012,4,57.0,0.45788670373697105,20,465.0
400.0,22,326.0,5.174603174603175,5.485753403866273,18,417.0,0.21886982670813854,4,61.0,0.4685801133464912,22,478.0
405.0,29,407.0,6.783333333333333,4.924605686433957,22,452.0,0.17029494957632896,7,91.0,0.5056493296185666,29,543.0
410.0,29,473.0,7.883333333333334,4.361679619671889,22,498.0,0.1525256563108034,7,126.0,0.45899124512682066,29,624.0
415.0,29,527.0,9.086206896551724,3.948669669970472,21,561.0,0.19348915356017404,8,152.0,0.3618527979134262,29,713.0
420.0,27,536.0,9.084745762711865,3.9082708682518046,18,583.0,0.19461429437475258,9,181.0,0.2725271999665316,27,764.0
425.0,24,580.0,9.666666666666666,4.489468929123617,16,619.0,0.2219563205024205,8,187.0,0.3311719802157788,24,806.0
430.0,24,652.0,10.688524590163935,4.880246898503786,19,654.0,0.14564208145654683,5,184.0,0.4027923457914892,24,838.0
435.0,27,335.0,5.677966101694915,4.257287719586375,23,594.0,0.10365812518016315,4,95.0,0.4285013946697684,27,689.0
440.0,33,448.0,7.593220338983051,4.48940653755652,23,537.0,0.09485151311819114,10,100.0,0.37986842396895554,33,637.0
445.0,30,470.0,7.580645161290323,4.8038683793875405,23,564.0,0.14385090371722714,7,122.0,0.39931251089653813,30,686.0
450.0,25,419.0,6.758064516129032,5.592982625397697,18,557.0,0.18458876812424346,7,113.0,0.4687071516576542,25,670.0
455.0,24,334.0,5.475409836065574,5.0357316369437495,17,564.0,0.13800879389212733,7,73.0,0.42878121816682796,24,637.0
460.0,23,192.0,3.2542372881355934,5.287189438091765,13,495.0,0.20088472810016847,10,88.0,0.37464351486993175,23,583.0
465.0,21,203.0,3.5,4.30575535735186,10,502.0,0.2324530948704062,11,107.0,0.2231971260218068,21,609.0
470.0,28,300.0,5.0,4.68880795412384,14,483.0,0.23405918804843448,14,151.0,0.2621925384720262,28,634.0
475.0,27,333.0,5.741379310344827,4.441584424966167,16,474.0,0.15393743986761782,11,172.0,0.39013518892772603,27,646.0
480.0,19,327.0,5.7368421052631575,5.252506945649589,11,406.0,0.18448453708591633,8,141.0,0.4097069762176607,19,547.0
485.0,18,268.0,4.701754385964913,4.343107366298738,8,405.0,0.21632029844255687,10,136.0,0.2323109324240563,18,541.0
490.0,25,360.0,5.901639344262295,5.483322889765268,12,433.0,0.2878361274095425,13,162.0,0.3097756732908313,25,595.0
495.0,26,428.0,6.903225806451613,5.133725903507252,14,434.0,0.34876463898002685,12,187.0,0.3233602040354391,26,621.0
500.0,21,464.0,7.733333333333333,5.784683328004925,11,419.0,0.30789070152762094,10,197.0,0.3935314107537375,21,616.0
505.0,17,301.0,5.101694915254237,5.045027976162627,9,343.0,0.27454015059932424,8,192.0,0.18053461634496532,17,535.0
510.0,24,303.0,4.887096774193548,5.758871929495512,13,254.0,0.29141024383918307,11,197.0,0.3125767082855198,24,451.0
515.0,25,244.0,3.8125,5.578223165261581,17,308.0,0.2754382911637247,8,146.0,0.4385773686431166,25,454.0
520.0,28,357.0,5.666666666666667,6.085421574028742,19,379.0,0.33755655569017384,9,127.0,0.4563449685564249,28,506.0
525.0,28,354.0,5.53125,4.896072940596197,20,419.0,0.26704380200185884,8,127.0,0.38466279647338764,28,546.0
530.0,22,301.0,4.703125,5.2536773985433385,15,411.0,0.23279709696106804,7,103.0,0.3432851199979692,22,514.0
535.0,20,210.0,3.442622950819672,5.308166593723551,13,360.0,0.21982139988881313,7,96.0,0.22633193092282713,20,456.0
540.0,18,241.0,4.228070175438597,5.956698702209027,12,301.0,0.2034499941486269,6,92.0,0.37526149430429806,18,393.0
545.0,19,206.0,4.12,5.381728219661587,16,327.0,0.1724184057526136,3,57.0,0.5586673712202981,19,384.0
550.0,19,209.0,4.18,6.214227908495456,16,348.0,0.24854782578369833,3,58.0,0.6369588692993832,19,406.0
555.0,18,211.0,4.22,5.220791627294594,16,375.0,0.2346629491552961,2,51.0,0.5540557155890028,18,426.0
560.0,13,191.0,3.82,5.22315462829789,12,351.0,0.1595800194457852,1,14.0,0.5181381362332067,13,365.0
565.0,14,225.0,4.326923076923077,6.297501171797141,11,379.0,0.20480628536935097,3,22.0,0.5599740578765017,14,401.0
570.0,19,242.0,4.245614035087719,6.588015362962215,16,392.0,0.14675367271413128,3,22.0,0.6346699099630738,19,414.0
575.0,20,310.0,5.535714285714286,6.008394571895317,16,420.0,0.11842668194747999,4,25.0,0.6389090101171954,20,445.0
580.0,16,338.0,6.627450980392157,6.58473819182306,12,416.0,0.302758541809563,4,32.0,0.5847474053514945,16,448.0
585.0,21,363.0,6.980769230769231,5.641399215578858,12,418.0,0.340542409598241,9,65.0,0.2915987816263076,21,483.0
590.0,22,372.0,7.153846153846154,5.309028077431045,13,387.0,0.2998727251176896,9,97.0,0.32513592062362484,22,484.0
595.0,21,227.0,4.127272727272727,4.941870966401643,13,331.0,0.2240864601758465,8,115.0,0.44304278866239066,21,446.0
600.0,22,232.0,4.0,5.769919467658532,15,268.0,0.287781581044208,7,108.0,0.43696514589656993,22,376.0
605.0,18,228.0,3.8,6.572887790755518,13,290.0,0.26893334373494543,5,83.0,0.5816511412593589,18,373.0
610.0,15,216.0,3.6,6.622920230997803,10,264.0,0.2820219466828057,5,85.0,0.48712141352911764,15,349.0
615.0,20,270.0,4.5,6.414999007633316,11,266.0,0.3445334967511444,9,115.0,0.34910015561112007,20,381.0
620.0,27,284.0,4.813559322033898,5.226816167219559,14,277.0,0.22238223749728933,13,142.0,0.3436361586543405,27,419.0
625.0,28,346.0,6.290909090909091,4.016874052934165,15,324.0,0.17820577779073069,13,161.0,0.3826043641667852,28,485.0
630.0,29,406.0,7.25,3.7418191151018476,15,363.0,0.20968021276671586,14,184.0,0.31635761311171146,29,547.0
635.0,24,279.0,4.810344827586207,4.393087501846085,13,302.0,0.20254219968785675,11,174.0,0.2688603379376307,24,476.0
640.0,23,321.0,5.095238095238095,5.027180094717583,14,278.0,0.19286435022008136,9,190.0,0.2803302719034109,23,468.0
645.0,23,306.0,4.935483870967742,5.734958424993355,10,265.0,0.21180342932745574,13,209.0,0.39389053851427913,23,474.0
650.0,17,234.0,3.8360655737704916,6.11022904133226,5,192.0,0.4280961524740682,12,243.0,0.32956536757873167,17,435.0
655.0,17,258.0,4.03125,5.486200587010209,5,208.0,0.35932694229227585,12,241.0,0.26767810793264857,17,449.0
660.0,24,346.0,5.323076923076923,5.212342784684016,12,249.0,0.2391520750689591,12,292.0,0.2671911568920456,24,541.0
665.0,28,431.0,6.951612903225806,4.9526202962802754,13,261.0,0.20950332830290777,15,330.0,0.2763855106979978,28,591.0
670.0,22,375.0,6.578947368421052,4.5330496693081495,7,227.0,0.31249949499061175,15,347.0,0.15386425476551116,22,574.0
675.0,23,315.0,5.25,4.517490085485661,6,187.0,0.3019826860027629,17,324.0,0.13102639660981388,23,511.0
680.0,27,368.0,6.032786885245901,5.1064314218624896,12,210.0,0.3326149000144118,15,356.0,0.2887775462415043,27,566.0
685.0,27,414.0,7.016949152542373,5.230879587972596,14,233.0,0.2883329733293645,13,332.0,0.3546829748192447,27,565.0
690.0,20,316.0,5.266666666666667,5.2360460876366295,9,223.0,0.2621756855320981,11,282.0,0.3016685908864587,20,505.0
695.0,18,261.0,4.142857142857143,6.128784081931105,6,197.0,0.3220160394634334,12,235.0,0.33862727625864525,18,432.0
700.0,22,250.0,3.90625,5.695596199323931,10,227.0,0.28381235670591487,12,240.0,0.3050917298379237,22,467.0
705.0,25,318.0,5.129032258064516,5.737511375629167,12,252.0,0.3517375653971615,13,221.0,0.35842945786935587,25,473.0
710.0,19,315.0,5.163934426229508,5.011863829039148,7,247.0,0.36669372846236664,12,259.0,0.16591186090435434,19,506.0
715.0,17,243.0,3.796875,5.3491750807040646,5,158.0,0.34469744085068715,12,265.0,0.12380630368257828,17,423.0
720.0,24,251.0,4.048387096774194,5.443728187206348,12,158.0,0.26598054338322014,12,270.0,0.18325160018568265,24,428.0
725.0,26,227.0,3.913793103448276,4.866564904314951,17,189.0,0.21450633559932708,9,238.0,0.31799791609291067,26,427.0
730.0,21,212.0,3.6551724137931036,4.587618354487947,11,180.0,0.2716224670247222,10,228.0,0.19445991720541114,21,408.0
735.0,20,209.0,3.4833333333333334,5.01631383372312,8,200.0,0.31549514726689504,12,234.0,0.2750371174935674,20,434.0
740.0,23,218.0,3.353846153846154,5.117571695726597,13,221.0,0.2560317214337781,10,239.0,0.3747061490450548,23,460.0
745.0,26,295.0,4.46969696969697,4.542901009183272,17,256.0,0.2013449028420054,9,241.0,0.42146332910234624,26,497.0
750.0,24,291.0,4.409090909090909,5.112172273342716,16,268.0,0.28886776940843456,8,243.0,0.38818391270119434,24,511.0
755.0,17,235.0,3.671875,5.035900704213397,8,267.0,0.2343830640880573,9,221.0,0.33567194523370597,17,488.0
760.0,25,260.0,4.0,4.840754745645018,13,275.0,0.15525441387090858,12,215.0,0.2818820913002205,25,490.0
765.0,30,267.0,4.238095238095238,4.1495987053704235,17,274.0,0.12533913901057836,13,192.0,0.26160059942220476,30,466.0
770.0,34,331.0,5.426229508196721,4.0386793703726225,21,332.0,0.15886378764708156,13,230.0,0.26642624815007854,34,562.0
775.0,33,414.0,6.786885245901639,3.925303552567581,20,376.0,0.14526051434539664,13,241.0,0.22979423736803423,33,617.0
780.0,25,343.0,5.276923076923077,5.137860103590835,13,341.0,0.23025143221494673,12,255.0,0.2997078450154504,25,596.0
785.0,17,270.0,4.090909090909091,6.05465490843272,10,328.0,0.2598491400871326,7,228.0,0.4279725417404458,17,556.0
790.0,19,201.0,3.0,6.130084499310969,13,342.0,0.25727952078178284,6,168.0,0.4234429062176897,19,510.0
795.0,25,256.0,4.0,5.800893624769124,16,363.0,0.2999463489125686,9,108.0,0.33118640731906085,25,471.0
800.0,23,287.0,4.864406779661017,5.209916472229477,10,315.0,0.39536232830534007,13,121.0,0.2137682709916328,23,436.0
805.0,18,253.0,3.953125,5.2967802595742315,9,298.0,0.3042725607651906,9,132.0,0.25306335725359275,18,430.0
810.0,24,210.0,3.230769230769231,5.375373595978615,15,270.0,0.2330051213178518,9,125.0,0.31504074959309725,24,395.0
815.0,28,232.0,3.5692307692307694,5.845319899074818,18,273.0,0.21657211670802817,10,115.0,0.41551007394009426,28,388.0
820.0,28,318.0,4.818181818181818,6.068881135812005,19,304.0,0.251359137211562,9,147.0,0.4584966269636182,28,451.0
825.0,27,384.0,6.095238095238095,5.492936282423761,16,316.0,0.17347039832158181,11,177.0,0.4164245242743182,27,493.0
830.0,20,272.0,4.387096774193548,4.9304083136086945,10,249.0,0.13466629177976264,10,180.0,0.3228846121947495,20,429.0
835.0,23,279.0,4.5,4.974462396225903,8,212.0,0.270479357759628,15,211.0,0.18934216673471285,23,423.0
840.0,27,276.0,4.380952380952381,5.213093398547596,11,201.0,0.32627882446811574,16,236.0,0.22254142139541444,27,437.0
845.0,22,284.0,4.580645161290323,5.031956494854887,11,219.0,0.3360556857472529,11,193.0,0.29259638959885853,22,412.0
850.0,17,269.0,4.338709677419355,5.620201401584532,6,170.0,0.3416185277400285,11,217.0,0.3544629755033312,17,387.0
855.0,14,222.0,3.76271186440678,6.224954585051519,5,138.0,0.3719040636736353,9,193.0,0.3550738642596512,14,331.0
860.0,16,203.0,3.5,6.071104691120805,8,154.0,0.3815039414874122,8,157.0,0.3262677100480519,16,311.0
865.0,22,254.0,4.618181818181818,5.200139833460784,10,185.0,0.34570219915270495,12,153.0,0.2271757569461385,22,338.0
870.0,19,290.0,5.37037037037037,4.731912088423135,6,185.0,0.3739652793776545,13,195.0,0.10088770277400204,19,380.0
875.0,18,221.0,4.092592592592593,5.172430864157615,8,113.0,0.23281599253624324,10,217.0,0.23302610555381764,18,330.0
880.0,22,240.0,4.363636363636363,5.524657333730023,15,149.0,0.14088050354685783,7,194.0,0.3336609605223318,22,343.0
885.0,21,288.0,5.433962264150943,5.987495130379414,14,197.0,0.21765371476951492,7,146.0,0.4675539980042222,21,343.0
890.0,15,244.0,4.784313725490196,6.47056422415719,7,191.0,0.3372111931066912,8,105.0,0.40011525565952344,15,296.0
895.0,16,246.0,5.125,5.945763826367009,6,167.0,0.31206499637085006,10,145.0,0.2487868754389778,16,312.0
900.0,20,260.0,5.3061224489795915,5.625124717780296,10,166.0,0.2860906125901912,10,166.0,0.22620469844823016,20,332.0
905.0,18,207.0,4.0588235294117645,6.128955827348268,9,140.0,0.3146097371596804,9,156.0,0.40178048746972506,18,296.0
910.0,15,156.0,3.0588235294117645,7.159105120906082,8,140.0,0.4119265461088728,7,146.0,0.5172129362680743,15,286.0
915.0,11,97.0,1.9795918367346939,6.6529951061540435,6,122.0,0.2829652121048998,5,87.0,0.49678901253936913,11,209.0
920.0,13,108.0,2.25,5.674501236391979,6,72.0,0.2644021277448593,7,94.0,0.27418805534329,13,166.0
925.0,19,156.0,3.3191489361702127,5.560153097102765,7,91.0,0.2955975803928635,12,135.0,0.17500286647448773,19,226.0
930.0,18,172.0,3.6595744680851063,5.468927309050159,7,107.0,0.3706220090019906,11,150.0,0.1919095974229473,18,257.0
935.0,18,236.0,5.488372093023256,6.144852380643099,8,139.0,0.4201810739697722,10,167.0,0.3678385657373325,18,306.0
940.0,18,233.0,5.177777777777778,5.877910385158649,10,159.0,0.4074899935518856,8,158.0,0.3586085980818434,18,317.0
945.0,18,269.0,5.489795918367347,6.365768812011482,12,212.0,0.29941444709986115,6,126.0,0.45488112049974383,18,338.0
950.0,17,302.0,5.921568627450981,5.879903340278999,10,232.0,0.247413722825456,7,138.0,0.42217064019101197,17,370.0
955.0,16,345.0,6.9,6.947354145395945,8,226.0,0.3214866427327601,8,177.0,0.4268010805572125,16,403.0
960.0,16,317.0,6.604166666666667,6.241420989281988,8,234.0,0.28090524962152813,8,188.0,0.2042065017735902,16,422.0
965.0,18,366.0,8.318181818181818,6.348980566734613,10,245.0,0.3013288533030876,8,184.0,0.16709661559593839,18,429.0
970.0,14,333.0,7.928571428571429,5.473908097861836,8,262.0,0.31184544348060106,6,159.0,0.23693997242342468,14,421.0
975.0,17,397.0,9.925,6.604269849435907,11,297.0,0.3222512203912575,6,162.0,0.5366312143458601,17,459.0
980.0,12,183.0,4.357142857142857,6.966347471630337,9,256.0,0.4299308430650931,3,59.0,0.5454960239024539,12,315.0
985.0,14,185.0,4.111111111111111,7.33422834785304,9,166.0,0.43252107999340345,5,67.0,0.5783235475792041,14,233.0
990.0,17,167.0,3.4081632653061225,6.146457319877392,9,154.0,0.41404395571626657,8,98.0,0.4101824220045515,17,252.0
995.0,11,108.0,2.1176470588235294,6.406613068628536,5,102.0,0.3649993446257223,6,93.0,0.47492193729344717,11,195.0
1000.0,11,107.0,2.0576923076923075,5.967833463258222,6,116.0,0.26182925786754285,5,65.0,0.44363140518598976,11,181.0
1005.0,20,189.0,3.375,5.861287387166108,14,170.0,0.19087082174669281,6,88.0,0.37607986591172077,20,258.0
1010.0,23,203.0,3.690909090909091,5.430033560005584,16,203.0,0.1831454785537458,7,77.0,0.4036075674768601,23,280.0
1015.0,18,232.0,4.377358490566038,5.897877382205468,8,208.0,0.335252090633463,10,94.0,0.2471706051779609,18,302.0
1020.0,17,176.0,3.3207547169811322,5.391398207554564,8,175.0,0.3646861734262137,9,100.0,0.17614245708099413,17,275.0
1025.0,21,253.0,4.773584905660377,6.241473471807375,12,196.0,0.30353754019000834,9,133.0,0.32059743697498566,21,329.0
1030.0,21,249.0,4.882352941176471,6.097342369541369,15,228.0,0.2663382755530788,6,114.0,0.5355277054274794,21,342.0
1035.0,16,281.0,5.509803921568627,6.379878157364614,10,225.0,0.26290096539390573,6,120.0,0.5557190735544135,16,345.0
1040.0,13,190.0,3.8,5.982602980939462,8,213.0,0.34140356325494053,5,95.0,0.36819147781391315,13,308.0
1045.0,13,190.0,3.7254901960784315,6.560356668585833,9,225.0,0.3267868538256058,4,28.0,0.4034438418180303,13,253.0
1050.0,17,240.0,4.8,5.680504550657198,11,245.0,0.24998635888682272,6,45.0,0.3684316928323886,17,290.0
1055.0,14,253.0,4.773584905660377,6.8295834594924,9,243.0,0.3540100745957749,5,55.0,0.37778110069534276,14,298.0
1060.0,14,295.0,5.363636363636363,7.271490824566648,9,261.0,0.38777595069544196,5,64.0,0.4253196172317806,14,325.0
1065.0,18,333.0,6.166666666666667,6.950421570476328,12,304.0,0.33748694195275236,6,56.0,0.44551782817459296,18,360.0
1070.0,20,398.0,7.509433962264151,6.475744835839776,14,348.0,0.2500041780382697,6,85.0,0.5530501876384275,20,433.0
1075.0,18,421.0,8.254901960784315,6.18619117231588,13,368.0,0.27636719605747273,5,66.0,0.44970275028209183,18,434.0
1080.0,22,434.0,8.857142857142858,5.573081961275182,14,371.0,0.20997759380099118,8,105.0,0.37823903671419107,22,476.0
1085.0,18,372.0,7.153846153846154,5.472078862129485,12,386.0,0.17870011671768363,6,98.0,0.38535782722282735,18,484.0
1090.0,17,167.0,3.34,5.768441220453849,10,250.0,0.22123384882674438,7,56.0,0.41159201384181543,17,306.0
1095.0,22,230.0,5.0,5.298335703855471,16,249.0,0.16112460851473362,6,57.0,0.4163322857256423,22,306.0
1100.0,20,252.0,5.142857142857143,5.009514397044025,13,284.0,0.18432813655287836,7,70.0,0.3053752395177881,20,354.0
1105.0,16,207.0,4.404255319148936,5.957473875528407,10,262.0,0.3476151517743357,6,68.0,0.30413704031064814,16,330.0
1110.0,17,252.0,5.7272727272727275,6.7798860228014455,10,246.0,0.3800446782276334,7,79.0,0.367790719829554,17,325.0
1115.0,12,210.0,4.468085106382978,6.3539302877888995,8,226.0,0.34829910199162484,4,83.0,0.3222547122779481,12,309.0
1120.0,16,279.0,6.340909090909091,6.612220249718211,12,242.0,0.311187129044631,4,66.0,0.4866029331767355,16,308.0
1125.0,17,209.0,5.097560975609756,5.218642193334068,12,199.0,0.2020563541654784,5,89.0,0.48689195997526474,17,288.0
1130.0,19,261.0,5.931818181818182,5.395480215802717,14,196.0,0.1830133624210047,5,114.0,0.48313074197855665,19,310.0
1135.0,19,228.0,5.181818181818182,4.865262931638386,13,212.0,0.22813981930966884,6,113.0,0.42556919355629386,19,325.0
1140.0,16,248.0,5.904761904761905,5.927177000605917,10,191.0,0.35334779918884723,6,110.0,0.3725204615976194,16,301.0
1145.0,16,225.0,5.232558139534884,5.173083346847309,10,182.0,0.31514476791921175,6,93.0,0.2614816184397697,16,275.0
1150.0,18,265.0,5.408163265306122,6.993246023324557,10,199.0,0.41370394885193407,8,129.0,0.47642822454500927,18,328.0
1155.0,14,186.0,3.4444444444444446,6.891569271047062,10,177.0,0.3211526412645395,4,125.0,0.6151220757957993,14,302.0
1160.0,15,237.0,4.388888888888889,7.574255694064989,12,208.0,0.27266752489631507,3,95.0,0.7184457486705254,15,303.0
1165.0,16,257.0,4.508771929824562,6.720935084916872,13,239.0,0.22090632152752018,3,105.0,0.5500998897585511,16,344.0
1170.0,16,294.0,5.157894736842105,6.723421333540397,8,243.0,0.39549781815241586,8,137.0,0.31480400850642826,16,380.0
1175.0,22,192.0,3.6226415094339623,5.3100033388265935,10,208.0,0.3553993831044551,12,107.0,0.23461592405510714,22,315.0
1180.0,24,250.0,4.716981132075472,4.478133315132276,13,191.0,0.31016589255736915,11,156.0,0.2061385023632931,24,347.0
1185.0,22,274.0,5.169811320754717,4.03138719208747,10,217.0,0.21494271889192848,12,188.0,0.26019984863348256,22,405.0
1190.0,18,291.0,5.938775510204081,5.00052656106297,9,220.0,0.15509161004789704,9,168.0,0.37499072132449757,18,388.0
1195.0,17,266.0,5.215686274509804,4.919251971481362,9,219.0,0.17965341529696116,8,179.0,0.2358831100136402,17,398.0
1200.0,24,342.0,6.107142857142857,5.9391855625982615,13,247.0,0.23711129651968382,11,198.0,0.25406572164117547,24,445.0
1205.0,22,381.0,7.775510204081633,5.823622110117445,11,289.0,0.3367367716902324,11,224.0,0.2586759046849169,22,513.0
1210.0,16,400.0,8.16326530612245,5.553393612298653,6,286.0,0.32224567162618084,10,225.0,0.23855460349153046,16,511.0
1215.0,19,226.0,4.52,4.538965927471034,8,207.0,0.33010008567999155,11,186.0,0.25135484006018954,19,393.0
1220.0,24,298.0,5.730769230769231,5.916603879167174,12,157.0,0.38905611658134653,12,233.0,0.38359524313519267,24,390.0
1225.0,20,229.0,4.320754716981132,5.785190481045607,10,147.0,0.43058290085286854,10,210.0,0.37444894313858423,20,357.0
1230.0,18,228.0,4.222222222222222,6.000363747330199,11,173.0,0.35361079346888674,7,135.0,0.4021114101195228,18,308.0
1235.0,17,171.0,3.2884615384615383,4.983024231453137,10,172.0,0.16205591273918243,7,123.0,0.35984458848904655,17,295.0
1240.0,17,155.0,2.767857142857143,6.140441844540914,8,125.0,0.2595076439019604,9,130.0,0.29994353792659256,17,255.0
1245.0,15,180.0,3.4615384615384617,5.79933803801613,6,129.0,0.38176509440332007,9,137.0,0.2358197927594665,15,266.0
1250.0,16,223.0,4.2075471698113205,6.5119997296127385,9,147.0,0.26434391576399785,7,145.0,0.41249280427639434,16,292.0
1255.0,19,209.0,4.019230769230769,6.3088494028987,11,168.0,0.2529305176872938,8,140.0,0.46125545026323805,19,308.0
1260.0,14,241.0,4.82,6.586800794316844,6,156.0,0.32953513157964026,8,128.0,0.37376425565487836,14,284.0
1265.0,14,163.0,3.3958333333333335,6.06303321335605,6,104.0,0.3827503415677236,8,129.0,0.27494514008589177,14,233.0
1270.0,22,229.0,4.403846153846154,6.328890081220584,11,146.0,0.40730307000394794,11,135.0,0.303511395989546,22,281.0
1275.0,18,280.0,4.912280701754386,6.307578821831963,10,160.0,0.4363222260363287,8,173.0,0.4038079409747769,18,333.0
1280.0,16,337.0,6.3584905660377355,6.739995764304135,8,166.0,0.4635753428064376,8,200.0,0.4553662455598047,16,366.0
1285.0,14,254.0,4.884615384615385,5.651750741054131,8,133.0,0.361908635556536,6,192.0,0.3975055239283012,14,325.0
1290.0,24,319.0,5.696428571428571,5.051803537963201,14,172.0,0.19587296373548566,10,182.0,0.3109908939018526,24,354.0
1295.0,25,194.0,3.4035087719298245,4.947928479946718,17,172.0,0.10465996670413635,8,152.0,0.3978458469969671,25,324.0
1300.0,21,255.0,4.396551724137931,6.369265754860136,15,202.0,0.26122360719011684,6,110.0,0.5342267766248118,21,312.0
1305.0,17,230.0,3.8983050847457625,6.072328949197854,12,227.0,0.3336471634501572,5,103.0,0.4382524246059131,17,330.0
1310.0,16,180.0,3.1578947368421053,6.025625465749882,8,195.0,0.29549131965286074,8,119.0,0.3912872088663966,16,314.0
1315.0,17,229.0,4.089285714285714,5.80523906221219,9,225.0,0.303744884962583,8,145.0,0.30800961482057415,17,370.0
1320.0,26,327.0,5.45,5.611410405229316,14,261.0,0.2298278984582829,12,191.0,0.33404373859221825,26,452.0
1325.0,25,358.0,5.868852459016393,5.1503720881428565,16,290.0,0.27180996129523,9,194.0,0.3697802858696473,25,484.0
1330.0,18,371.0,6.288135593220339,6.097775324039296,11,251.0,0.3400296839870262,7,179.0,0.3829662017743754,18,430.0
1335.0,20,252.0,4.2,5.442786696794145,13,272.0,0.2410326389165505,7,100.0,0.28150727971270284,20,372.0
1340.0,25,300.0,4.918032786885246,5.924129580559895,15,311.0,0.23719397223624128,10,86.0,0.2452845536234833,25,397.0
1345.0,23,214.0,3.6271186440677967,5.075769218554607,14,284.0,0.23266535667944155,9,104.0,0.3206169594200647,23,388.0
1350.0,22,299.0,5.155172413793103,6.225290227614132,16,282.0,0.26709103050272676,6,108.0,0.4945264652751316,22,390.0
1355.0,20,276.0,4.842105263157895,6.360410605888288,16,304.0,0.18260554333686518,4,101.0,0.5752997784623033,20,405.0
1360.0,16,244.0,4.60377358490566,6.291484428948375,10,279.0,0.27779638282931235,6,78.0,0.3729891257610754,16,357.0
1365.0,22,256.0,5.019607843137255,4.2853038711245395,12,281.0,0.19618731760410804,10,83.0,0.16779430939383339,22,364.0
1370.0,24,309.0,5.830188679245283,5.24605006775101,13,280.0,0.2552096923396752,11,121.0,0.2996992656557141,24,401.0
1375.0,20,326.0,6.269230769230769,5.850291028167174,13,307.0,0.31200136027037473,7,134.0,0.5107289621180524,20,441.0
1380.0,20,374.0,7.1923076923076925,6.059820247677849,17,386.0,0.22369163174767023,3,97.0,0.6382676097391826,20,483.0
1385.0,19,279.0,4.982142857142857,5.580247657003558,16,361.0,0.22002122708116856,3,87.0,0.5150141864018067,19,448.0
1390.0,25,351.0,6.051724137931035,5.718153392230329,16,325.0,0.29117037777006455,9,125.0,0.40602844599084403,25,450.0
1395.0,22,333.0,5.741379310344827,5.622583334840539,14,328.0,0.3693117124423211,8,139.0,0.3099612902946191,22,467.0
1400.0,17,244.0,4.357142857142857,6.130116511421055,8,249.0,0.36872282689942,9,152.0,0.20216837627207193,17,401.0
1405.0,19,254.0,4.884615384615385,5.157591538571158,9,195.0,0.30468929392235033,10,188.0,0.10210999159172511,19,383.0
1410.0,22,315.0,6.176470588235294,5.826738729017005,13,173.0,0.2786680049181956,9,219.0,0.2526805255643957,22,392.0
1415.0,20,335.0,6.7,5.173217538586622,13,194.0,0.2639571755957935,7,232.0,0.39936049436113935,20,426.0
1420.0,24,426.0,8.875,5.250396493915402,16,247.0,0.24692171477349334,8,254.0,0.46891926649448973,24,501.0
1425.0,21,358.0,6.754716981132075,4.746429523261794,15,272.0,0.1875301310464007,6,209.0,0.4405777565620133,21,481.0
1430.0,23,399.0,7.125,5.5873179456131385,14,299.0,0.29123517447656877,9,225.0,0.4042340645984055,23,524.0
1435.0,20,235.0,4.196428571428571,5.466397310495275,11,289.0,0.32351240685269345,9,109.0,0.40518436289177984,20,398.0
1440.0,19,236.0,4.37037037037037,5.6183354174026325,10,212.0,0.27120598586169,9,131.0,0.4071670752675666,19,343.0
1445.0,20,176.0,3.2,4.982943252327464,11,202.0,0.22566925908931199,9,145.0,0.2599794367301413,20,347.0
1450.0,19,167.0,3.150943396226415,6.057609997668548,12,177.0,0.18693628341377677,7,115.0,0.39593339364931546,19,292.0
1455.0,22,221.0,4.333333333333333,5.315515244639625,15,209.0,0.14107904453042433,7,138.0,0.40335955335435997,22,347.0
1460.0,20,252.0,4.846153846153846,5.984337506544985,11,216.0,0.23681330820718255,9,171.0,0.4919179711883321,20,387.0
1465.0,16,252.0,4.754716981132075,5.61334352946727,9,218.0,0.36354469648641313,7,183.0,0.41644375431093006,16,401.0
1470.0,17,251.0,4.735849056603773,6.069616392541041,9,174.0,0.34177437195629795,8,173.0,0.3447779130339125,17,347.0
1475.0,18,236.0,4.068965517241379,5.1908322766172015,10,195.0,0.23820267403109244,8,150.0,0.23747437712501362,18,345.0
1480.0,26,337.0,5.349206349206349,5.9991966272775015,12,203.0,0.33069775888511804,14,189.0,0.27136363208685016,26,392.0
1485.0,25,401.0,6.1692307692307695,5.841913990864162,11,216.0,0.3837023160167364,14,243.0,0.27088614904607755,25,459.0
1490.0,19,433.0,7.4655172413793105,6.595462483812908,10,221.0,0.42649502140776063,9,259.0,0.3587082074269568,19,480.0
1495.0,21,358.0,6.172413793103448,5.321670114066186,11,221.0,0.33816246163889674,10,258.0,0.16362990243976053,21,479.0
1500.0,29,426.0,7.1,5.189380630633996,15,222.0,0.22708665270197345,14,283.0,0.24590836308164019,29,505.0
1505.0,22,392.0,6.32258064516129,5.083978902843538,12,176.0,0.27571835206317513,10,314.0,0.3286554415290726,22,490.0
1510.0,27,494.0,8.517241379310345,5.917089067856602,17,230.0,0.2830596293295765,10,327.0,0.47517864524831827,27,557.0
1515.0,24,331.0,5.516666666666667,5.495927449560225,16,265.0,0.20132634068866084,8,228.0,0.4398059387563654,24,493.0
1520.0,23,355.0,6.228070175438597,5.72152456549813,11,264.0,0.3425866074178108,12,173.0,0.2881401334104953,23,437.0
1525.0,21,299.0,5.245614035087719,4.597552427308997,10,266.0,0.31762017363305134,11,162.0,0.11623040789915089,21,428.0
1530.0,24,337.0,6.017857142857143,5.553955688840568,10,259.0,0.34442141979036756,14,155.0,0.18836709055190878,24,414.0
1535.0,22,300.0,5.454545454545454,5.311882023824279,12,224.0,0.33491018081311397,10,178.0,0.2597934787218977,22,402.0
1540.0,21,212.0,3.533333333333333,5.756033990834254,14,239.0,0.28075644875633177,7,147.0,0.36691413971749853,21,386.0
1545.0,20,190.0,3.064516129032258,5.8341019221886645,13,214.0,0.2518191579215968,7,142.0,0.4641629491558468,20,356.0
1550.0,17,196.0,3.2131147540983607,6.1269833919375145,10,218.0,0.33585536965368706,7,140.0,0.37896579591676693,17,358.0
1555.0,22,210.0,3.442622950819672,5.167272254144735,12,221.0,0.3384011112862079,10,143.0,0.21780233297121523,22,364.0
1560.0,22,254.0,4.233333333333333,5.639219594873225,15,237.0,0.3479693439683702,7,130.0,0.24404851037484493,22,367.0
1565.0,23,177.0,2.95,4.7450705691176704,14,245.0,0.2526086619869369,9,96.0,0.2811243468146505,23,341.0
1570.0,32,320.0,5.333333333333333,4.944721024514483,21,297.0,0.21142327185563067,11,142.0,0.36303370392253825,32,439.0
1575.0,28,363.0,5.761904761904762,4.608397407195455,19,328.0,0.16994207827922655,9,166.0,0.4352565706523484,28,494.0
1580.0,25,407.0,6.359375,5.963102402019512,19,386.0,0.22065660001215107,6,135.0,0.5118424656973968,25,521.0
1585.0,26,337.0,5.349206349206349,4.721863564900585,18,406.0,0.16671242472559908,8,106.0,0.396974939422849,26,512.0
1590.0,29,279.0,4.428571428571429,4.487838829840413,14,348.0,0.22308879468985376,15,131.0,0.1796946555570946,29,479.0
1595.0,29,299.0,4.901639344262295,4.128030938592712,13,308.0,0.2580735656095416,16,189.0,0.09951835025210895,29,497.0
1600.0,23,295.0,4.758064516129032,5.116214936483159,12,306.0,0.23944575468929855,11,216.0,0.23868657609301852,23,522.0
1605.0,20,275.0,4.583333333333333,5.017355385627159,12,298.0,0.28443615489796403,8,185.0,0.26583360035495096,20,483.0
1610.0,21,337.0,5.265625,6.543110690619873,11,285.0,0.4154821538310771,10,183.0,0.36139800773359865,21,468.0
1615.0,24,330.0,5.238095238095238,5.9973749446981985,13,306.0,0.3617162221566657,11,164.0,0.3511223377540826,24,470.0
1620.0,28,416.0,6.709677419354839,5.988634955770587,17,340.0,0.29966762401907754,11,166.0,0.328992503574636,28,506.0
1625.0,29,355.0,5.634920634920635,4.869512134656967,19,340.0,0.06327417794171099,10,173.0,0.36641142296261725,29,513.0
1630.0,29,436.0,7.389830508474576,5.0230990816984535,20,372.0,0.03089429554425817,9,156.0,0.4106736411673435,29,528.0
1635.0,26,393.0,7.1454545454545455,4.547349655987332,17,385.0,0.12289747063336129,9,173.0,0.33659000201901684,26,558.0
1640.0,25,444.0,7.52542372881356,5.847253971191386,14,343.0,0.2675874181443884,11,200.0,0.34662432927481,25,543.0
1645.0,23,319.0,5.229508196721311,5.062841671155903,12,334.0,0.31589655014468954,11,161.0,0.28593651124652986,23,495.0
1650.0,21,261.0,4.209677419354839,6.376814506176066,7,263.0,0.40207400376439395,14,171.0,0.3466548450133631,21,434.0
1655.0,19,271.0,4.370967741935484,6.457231398168412,7,198.0,0.5085313138548224,12,192.0,0.2620004347062968,19,390.0
1660.0,17,260.0,4.126984126984127,6.484595170152778,10,239.0,0.3949404289075654,7,170.0,0.27158714695692887,17,409.0
1665.0,22,326.0,5.433333333333334,6.2056941909591155,14,267.0,0.3286638910907761,8,164.0,0.31058635610053226,22,431.0
1670.0,21,386.0,6.327868852459017,5.5748011101410775,14,317.0,0.22125411328217867,7,184.0,0.2678354112713554,21,501.0
1675.0,27,337.0,5.616666666666666,4.93147655151258,17,286.0,0.1544978744373817,10,212.0,0.32171971197698235,27,498.0
1680.0,21,319.0,4.984375,5.71488712081551,14,283.0,0.2815813066485504,7,163.0,0.3426217508250872,21,446.0
1685.0,25,380.0,6.440677966101695,5.69462109578826,13,321.0,0.29349715151126377,12,197.0,0.3825842630484891,25,518.0
1690.0,24,435.0,7.5,5.803105200051985,14,350.0,0.3464042270581873,10,210.0,0.39620239282503733,24,560.0
1695.0,24,467.0,7.655737704918033,5.5022994885562,15,399.0,0.3227711006746455,9,173.0,0.3454813530564947,24,572.0
1700.0,24,507.0,8.311475409836065,5.512694082740356,14,438.0,0.2858387497891617,10,155.0,0.368744619589587,24,593.0
1705.0,26,561.0,9.19672131147541,5.41098275812109,13,466.0,0.3087792196541264,13,196.0,0.2929664130366303,26,662.0
1710.0,27,617.0,9.951612903225806,5.212490069740672,12,492.0,0.3030109175065466,15,225.0,0.26589373823774864,27,717.0
1715.0,29,564.0,8.8125,5.307808002284868,14,475.0,0.3226483905510901,15,238.0,0.3088460666342526,29,713.0
1720.0,25,338.0,5.28125,4.917907757245852,11,391.0,0.31096405963140633,14,246.0,0.30294852249556586,25,637.0
1725.0,22,259.0,4.111111111111111,4.88637968214618,12,325.0,0.2676325937251343,10,229.0,0.3172417343989204,22,554.0
1730.0,23,237.0,3.761904761904762,4.091179512354574,13,360.0,0.14219480755695169,10,224.0,0.34825348552676266,23,584.0
1735.0,28,321.0,5.015625,4.5400862078709565,14,408.0,0.18285699936544986,14,218.0,0.27287813421942686,28,626.0
1740.0,34,332.0,5.107692307692307,4.2558172431432295,17,436.0,0.22477878284461802,17,262.0,0.21599345271555637,34,698.0
1745.0,34,469.0,7.0,5.188270424522382,14,448.0,0.375741906553835,20,342.0,0.15065689630864668,34,790.0
1750.0,29,416.0,6.4,4.758288477216966,11,420.0,0.3785001720615042,18,374.0,0.2176072837927556,29,794.0
1755.0,26,392.0,5.681159420289855,5.032321461988078,16,422.0,0.2575796441578856,10,333.0,0.27103357853491783,26,755.0
1760.0,31,434.0,6.2,4.957300034739448,20,433.0,0.1858262700714491,11,352.0,0.34713124055936323,31,785.0
1765.0,34,455.0,6.232876712328767,4.877815992942782,17,389.0,0.21782119180530848,17,401.0,0.2777905956006075,34,790.0
1770.0,34,569.0,8.246376811594203,4.528094452729609,17,415.0,0.2823432649129274,17,442.0,0.29830762891390744,34,857.0
1775.0,27,537.0,8.261538461538462,3.8777275302344982,14,426.0,0.1815447442438874,13,417.0,0.2752665174917967,27,843.0
1780.0,24,468.0,7.2,3.861450173935486,12,390.0,0.13422390395028347,12,429.0,0.23319220757171985,24,819.0
1785.0,31,576.0,8.347826086956522,4.142871765401395,15,412.0,0.20238014787006012,16,467.0,0.14208054556686778,31,879.0
1790.0,37,525.0,7.5,4.734851879596398,16,408.0,0.2899214549420045,21,426.0,0.2223244488486411,37,834.0
1795.0,29,492.0,7.569230769230769,5.076077623744233,13,426.0,0.31040771747083207,16,371.0,0.3258638785435478,29,797.0
1800.0,27,529.0,8.396825396825397,4.514546633182867,12,417.0,0.23011395108231597,15,380.0,0.25945123818535865,27,797.0
1805.0,24,290.0,4.603174603174603,4.1714861501237275,12,364.0,0.17028993654913557,12,328.0,0.1462619034068782,24,692.0
1810.0,25,324.0,5.142857142857143,5.103046942307209,14,295.0,0.25443473910806574,11,288.0,0.2486361160183124,25,583.0
1815.0,25,269.0,4.203125,5.0086201439407425,13,261.0,0.2959922261428464,12,295.0,0.24017493954006097,25,556.0
1820.0,28,386.0,6.225806451612903,5.4048269397147,15,283.0,0.36165878501176824,13,312.0,0.3283385381558938,28,595.0
1825.0,25,412.0,6.4375,4.806355245573764,14,284.0,0.1825452755800139,11,285.0,0.3791118705366064,25,569.0
1830.0,27,405.0,6.328125,4.347884798430229,18,301.0,0.12588607868650864,9,265.0,0.31213681778507757,27,566.0
1835.0,32,415.0,6.102941176470588,4.572602872143341,17,323.0,0.18679294305200542,15,259.0,0.23773665170992384,32,582.0
1840.0,26,344.0,5.0588235294117645,5.154188150363153,8,273.0,0.3831720928845734,18,309.0,0.1462571375764694,26,582.0
1845.0,20,360.0,5.454545454545454,5.446959332014089,7,270.0,0.37261329968382806,13,335.0,0.10830859871205818,20,605.0
1850.0,26,357.0,5.492307692307692,5.162107863112587,14,313.0,0.28022722951677614,12,320.0,0.2479765489471537,26,633.0
1855.0,27,380.0,5.507246376811594,5.310289822611844,14,331.0,0.3323791521530933,13,285.0,0.2478168056684623,27,616.0
1860.0,22,421.0,6.1911764705882355,5.958600444829257,9,287.0,0.43996325226245697,13,326.0,0.26260090788476353,22,613.0
1865.0,21,430.0,6.515151515151516,4.973922978044292,12,313.0,0.25028865414196494,9,328.0,0.27135734240533005,21,641.0
1870.0,32,382.0,5.876923076923077,4.37734043391158,21,348.0,0.12801421170919763,11,270.0,0.24258927023066548,32,618.0
1875.0,33,419.0,6.546875,4.398873601479865,21,430.0,0.06379118888358483,12,241.0,0.3647147330043124,33,671.0
1880.0,30,495.0,8.389830508474576,4.457486746233971,18,479.0,0.19384431903332572,12,268.0,0.39126253829234975,30,747.0
1885.0,30,515.0,8.306451612903226,4.637978317288846,17,503.0,0.22280837756873517,13,266.0,0.3634754556790186,30,769.0
1890.0,25,467.0,7.783333333333333,4.578397824263853,10,467.0,0.32550666629110203,15,289.0,0.25933370650646975,25,756.0
1895.0,24,369.0,6.15,4.12378448502354,10,384.0,0.2546359533384937,14,280.0,0.1985936082744477,24,664.0
1900.0,23,248.0,4.133333333333334,4.771517709755995,11,294.0,0.24493857299241628,12,247.0,0.3241771582125148,23,541.0
1905.0,27,311.0,4.859375,4.992552863073328,14,304.0,0.26405323303062833,13,256.0,0.3357542409852469,27,560.0
1910.0,24,337.0,5.349206349206349,5.804416072994469,8,285.0,0.38282411448618253,16,278.0,0.3494597223148936,24,563.0
1915.0,26,385.0,6.015625,4.721337414282916,9,290.0,0.35534977998047074,17,285.0,0.182539875710577,26,575.0
1920.0,30,437.0,6.426470588235294,4.648728713707812,11,297.0,0.25450033328502947,19,307.0,0.2541885033361343,30,604.0
1925.0,31,437.0,6.333333333333333,4.787761131511344,14,277.0,0.28174196698287807,17,323.0,0.30207366001566854,31,600.0
1930.0,33,494.0,7.264705882352941,4.192051820973284,17,338.0,0.2728348089012069,16,359.0,0.2606245404829218,33,697.0
1935.0,32,463.0,6.52112676056338,4.374318823473782,16,378.0,0.19724790621533617,16,330.0,0.27053339369027046,32,708.0
1940.0,24,373.0,5.328571428571428,4.288343427665625,10,359.0,0.16279216578620062,14,349.0,0.23647702986175417,24,708.0
1945.0,23,259.0,3.547945205479452,5.100024822111623,5,258.0,0.3460484037540218,18,373.0,0.1555388728209578,23,631.0
1950.0,30,247.0,3.3835616438356166,5.192842667214627,9,163.0,0.38761043103782034,21,397.0,0.21838163179562775,30,560.0
1955.0,33,350.0,5.072463768115942,4.488653142830667,11,173.0,0.297449923674797,22,427.0,0.2761838910882322,33,600.0
1960.0,29,373.0,5.328571428571428,4.33572965446686,8,142.0,0.32617872556239663,21,457.0,0.18722142583968712,29,599.0
1965.0,19,294.0,4.027397260273973,4.562589971319815,4,167.0,0.26171190974203834,15,437.0,0.1271208334112418,19,604.0
1970.0,23,263.0,3.925373134328358,4.401320542919539,10,196.0,0.25412420288888127,13,411.0,0.177041631021182,23,607.0
1975.0,31,243.0,3.5217391304347827,4.319228887759561,13,215.0,0.253413059342212,18,388.0,0.18032866911599557,31,603.0
1980.0,30,302.0,4.575757575757576,4.080510007271099,10,193.0,0.2861158794845938,20,437.0,0.14437592754016726,30,630.0
1985.0,20,250.0,3.787878787878788,4.84674214359458,6,173.0,0.3117726151176003,14,413.0,0.18482240533848876,20,586.0
1990.0,20,208.0,3.2,5.007033524337207,10,177.0,0.17354485028402508,10,350.0,0.2547847552445765,20,527.0
1995.0,25,237.0,3.703125,4.922882720304175,13,196.0,0.23999234498205288,12,330.0,0.24562110276610813,25,526.0
2000.0,23,264.0,4.327868852459017,5.179256557014165,7,164.0,0.3910113863999875,16,350.0,0.18353103843349317,23,514.0
2005.0,23,279.0,4.573770491803279,4.696585061860027,6,149.0,0.37255686474535,17,353.0,0.18037008884284778,23,502.0
2010.0,25,325.0,4.924242424242424,4.59981544460497,11,166.0,0.35234575506778476,14,385.0,0.20320581303315877,25,551.0
2015.0,22,317.0,4.953125,4.896925335110955,13,183.0,0.2569075414127457,9,360.0,0.3309703381210537,22,543.0
2020.0,19,272.0,4.387096774193548,5.183447207036304,11,163.0,0.15167188404959048,8,299.0,0.3911667009565852,19,462.0
2025.0,20,294.0,4.523076923076923,4.864586272291631,8,173.0,0.25532184056717167,12,306.0,0.17841869492970017,20,479.0
2030.0,26,186.0,2.7761194029850746,5.0450898111242815,12,205.0,0.31207410404167313,14,255.0,0.22493246295389024,26,460.0
2035.0,28,256.0,3.9384615384615387,4.621609720993699,14,232.0,0.2374330861146515,14,210.0,0.3155488834128649,28,442.0
2040.0,24,249.0,3.830769230769231,5.150968576968318,14,227.0,0.23029528117566536,10,204.0,0.3465327593173617,24,431.0
2045.0,13,158.0,2.46875,4.953678269883523,7,238.0,0.1948599269362353,6,167.0,0.24845528485777002,13,405.0
2050.0,18,224.0,3.5555555555555554,5.837545632767836,13,279.0,0.16150737948431176,5,139.0,0.45635898788921764,18,418.0
2055.0,23,205.0,3.4166666666666665,4.9187844075821605,16,268.0,0.169838508806266,7,150.0,0.35293465390355194,23,418.0
2060.0,28,321.0,5.631578947368421,4.6860711757055205,19,339.0,0.23972461579994608,9,161.0,0.31272973209659505,28,500.0
2065.0,23,355.0,6.454545454545454,4.345470031836622,17,369.0,0.13228290253253813,6,150.0,0.3758623906866696,23,519.0
2070.0,19,300.0,5.357142857142857,5.720544127825238,12,325.0,0.2010350065345515,7,172.0,0.4010131569848559,19,497.0
2075.0,11,184.0,3.2857142857142856,5.893613664451458,4,274.0,0.2596582244919697,7,190.0,0.2809674686414946,11,464.0
2080.0,22,264.0,4.888888888888889,5.166684321071569,11,320.0,0.23575922385147727,11,214.0,0.1877182368846181,22,534.0
2085.0,24,325.0,6.25,4.589061206076456,14,323.0,0.29280681054873836,10,254.0,0.20337863793255778,24,577.0
2090.0,15,309.0,6.0588235294117645,5.899240228206418,9,254.0,0.2816048799954766,6,257.0,0.3672379725370711,15,511.0
2095.0,9,159.0,3.1176470588235294,6.424499105928068,5,209.0,0.3268443546770728,4,183.0,0.3481218600690086,9,392.0
2100.0,14,199.0,3.826923076923077,6.818036576966104,10,218.0,0.3704647842641735,4,163.0,0.33089196333234433,14,381.0
2105.0,17,113.0,2.215686274509804,6.126259359113043,11,215.0,0.349123302900952,6,87.0,0.3628373341521453,17,302.0
2110.0,10,110.0,2.2916666666666665,7.039294316546939,6,143.0,0.38696899242670413,4,57.0,0.49960240338479917,10,200.0
2115.0,8,113.0,2.404255319148936,6.396763698482864,4,136.0,0.3284115331015794,4,73.0,0.48852739211012186,8,209.0
2120.0,21,187.0,3.816326530612245,5.763680261962342,14,172.0,0.19869522376038548,7,102.0,0.42988115753153355,21,274.0
2125.0,20,255.0,5.425531914893617,4.884151260341469,12,184.0,0.20643215242151358,8,139.0,0.3434330968019562,20,323.0
2130.0,13,227.0,4.54,5.47263970680325,6,164.0,0.3446495465028674,7,150.0,0.28413649186044665,13,314.0
2135.0,13,258.0,5.48936170212766,6.633175228946048,5,163.0,0.41728350568897055,8,174.0,0.3603356271089254,13,337.0
2140.0,17,217.0,4.34,6.001440612424204,12,207.0,0.29884960689962553,5,118.0,0.39876977940825475,17,325.0
2145.0,20,222.0,4.933333333333334,4.6778866467538815,17,239.0,0.17031633382709843,3,71.0,0.4526738343771033,20,310.0
2150.0,13,210.0,4.666666666666667,5.099522133943333,8,249.0,0.17343564473709716,5,69.0,0.36810905531020705,13,318.0
2155.0,9,137.0,3.1136363636363638,7.11109780860719,5,176.0,0.35312738225959894,4,83.0,0.43144079827133947,9,259.0
2160.0,13,158.0,3.3617021276595747,6.661608036530765,7,129.0,0.39433135481780063,6,110.0,0.3771801325681956,13,239.0
2165.0,13,118.0,2.4081632653061225,7.208302958155667,9,136.0,0.415419140751915,4,79.0,0.6037042030471444,13,215.0
2170.0,14,179.0,3.7291666666666665,7.064086610859998,10,180.0,0.2968244335303658,4,88.0,0.6375651765253059,14,268.0
2175.0,14,191.0,3.673076923076923,6.703475487492731,10,187.0,0.26587648055150953,4,102.0,0.6433369549329238,14,289.0
2180.0,16,194.0,3.5925925925925926,6.781203519498492,7,149.0,0.35538886062107145,9,132.0,0.4798442223312261,16,281.0
2185.0,19,206.0,3.7454545454545456,5.439070129600478,10,159.0,0.27367304301117007,9,139.0,0.34263930462837155,19,298.0
2190.0,27,300.0,5.2631578947368425,5.019441120215387,12,198.0,0.34400874360391415,15,189.0,0.1858624786682198,27,387.0
2195.0,26,285.0,5.089285714285714,4.80106867288997,11,214.0,0.3773829727348597,15,166.0,0.24688301539649718,26,380.0
2200.0,19,280.0,5.090909090909091,5.503580680575082,8,197.0,0.3252842319012362,11,165.0,0.30573024721169084,19,362.0
2205.0,24,316.0,5.642857142857143,4.670828087129662,12,228.0,0.1724499494610258,12,193.0,0.26034280098545454,24,421.0
2210.0,24,368.0,6.344827586206897,5.1886342690590945,12,276.0,0.23769534115166888,12,217.0,0.2222139802565652,24,493.0
2215.0,23,273.0,5.150943396226415,4.5409586753882545,12,256.0,0.30184602056878623,11,227.0,0.2284225574038885,23,483.0
2220.0,27,338.0,6.5,4.925366710957497,14,243.0,0.36022370846500323,13,244.0,0.2554481400643422,27,487.0
2225.0,28,358.0,6.884615384615385,3.2721992822595802,14,262.0,0.24309329269941854,14,274.0,0.16437284675331432,28,536.0
2230.0,25,415.0,7.545454545454546,4.4249691238132485,10,230.0,0.31919627958122193,15,340.0,0.14326174737982408,25,570.0
2235.0,24,394.0,6.677966101694915,4.703555808050729,9,229.0,0.288836894499009,15,331.0,0.2032881684708424,24,560.0
2240.0,17,334.0,5.475409836065574,6.399821527104523,12,257.0,0.2096661088170401,5,237.0,0.46205238039367375,17,494.0
2245.0,19,343.0,5.622950819672131,5.8926683637385535,12,293.0,0.17860573451172224,7,219.0,0.41863324202570884,19,512.0
2250.0,19,353.0,5.786885245901639,5.9847085402407165,10,319.0,0.23232299623278957,9,187.0,0.38694778823430576,19,506.0
2255.0,21,334.0,5.661016949152542,4.80990820668434,11,317.0,0.31830162173328597,10,178.0,0.22907606702160213,21,495.0
2260.0,19,337.0,6.017857142857143,5.701029834199778,9,284.0,0.40189466464627266,10,161.0,0.237002851890423,19,445.0
2265.0,17,156.0,2.7857142857142856,5.097833108053607,8,177.0,0.2783616192378687,9,142.0,0.24771241079168718,17,319.0
2270.0,27,264.0,4.551724137931035,5.595371227497361,13,189.0,0.2725624785843367,14,183.0,0.2926612220611588,27,372.0
2275.0,27,316.0,5.543859649122807,5.608713374297482,14,230.0,0.37809056736447294,13,224.0,0.30241120245783376,27,454.0
2280.0,19,337.0,5.524590163934426,6.026053790082246,10,232.0,0.36135116885188046,9,228.0,0.3602675851921939,19,460.0
2285.0,22,274.0,4.419354838709677,5.16216672917163,12,221.0,0.25470338821047334,10,221.0,0.32116400402734807,22,442.0
2290.0,22,251.0,4.183333333333334,5.372995546236896,8,168.0,0.2736989726965921,14,219.0,0.31538867209216703,22,387.0
2295.0,23,321.0,5.35,4.872862048666693,10,205.0,0.28947081371618827,13,255.0,0.2534651923179865,23,460.0
2300.0,27,414.0,7.016949152542373,5.042985350139511,14,264.0,0.20905696637548082,13,277.0,0.31121092508233456,27,541.0
2305.0,24,425.0,7.083333333333333,5.217066503014488,13,291.0,0.22681138943466655,11,282.0,0.3435616455290806,24,573.0
2310.0,19,479.0,7.484375,6.378920692118825,8,290.0,0.3525241471429415,11,280.0,0.34940478410353176,19,570.0
2315.0,20,393.0,6.140625,6.777088210492496,7,270.0,0.4774935119392139,13,285.0,0.2575976131138669,20,555.0
2320.0,20,323.0,4.893939393939394,6.423164781380187,8,242.0,0.5437397196179529,12,245.0,0.15354844119325978,20,487.0
2325.0,26,384.0,6.508474576271187,5.091887042962537,12,264.0,0.44438232266001887,14,283.0,0.23452148768469697,26,547.0
2330.0,22,387.0,6.142857142857143,5.219567738633662,12,295.0,0.3349626003080764,10,275.0,0.2986573665317473,22,570.0
2335.0,25,458.0,7.26984126984127,5.251383015875278,15,312.0,0.1381803506858576,10,278.0,0.3767414839423487,25,590.0
2340.0,29,431.0,6.734375,4.949159159415778,17,311.0,0.1533331436899717,12,282.0,0.28779672343413987,29,593.0
2345.0,27,320.0,5.333333333333333,4.974807640076228,15,237.0,0.279935495487072,12,238.0,0.2742277578881916,27,475.0
2350.0,29,390.0,6.39344262295082,4.836549090144502,13,270.0,0.30301394793990166,16,264.0,0.2497559353473119,29,534.0
2355.0,25,395.0,6.26984126984127,5.134318000494505,11,260.0,0.3663806863546081,14,296.0,0.27307728228514416,25,556.0
2360.0,21,311.0,5.183333333333334,5.357043766897818,11,259.0,0.3184584068798145,10,263.0,0.3144795248319828,21,522.0
2365.0,26,276.0,4.3125,5.047499146299204,17,265.0,0.2640946680389223,9,205.0,0.31835849262697163,26,470.0
2370.0,30,302.0,4.253521126760563,5.343605518540476,17,293.0,0.3088130490378979,13,190.0,0.35715473507032364,30,483.0
2375.0,26,314.0,4.361111111111111,6.49886419053556,14,286.0,0.4147560904407804,12,202.0,0.424040718030252,26,488.0
2380.0,27,326.0,4.591549295774648,5.7200651633993775,14,292.0,0.34856527010451405,13,209.0,0.33724601251640973,27,501.0
2385.0,34,370.0,5.522388059701493,3.810129268495821,19,286.0,0.19515440780591548,15,223.0,0.2123350199622849,34,509.0
2390.0,33,374.0,5.936507936507937,3.3652461301887096,20,354.0,0.1264590606927007,13,214.0,0.23176180877493804,33,568.0
2395.0,33,442.0,7.245901639344262,3.0910262448060197,21,401.0,0.08777381441725812,12,226.0,0.16192413438068715,33,627.0
2400.0,37,488.0,7.625,3.5832618268349137,21,412.0,0.13016645918986525,16,273.0,0.18064933643020487,37,685.0
2405.0,33,474.0,7.523809523809524,4.333651250358002,18,432.0,0.2277069656455293,15,310.0,0.2555170748416844,33,742.0
2410.0,28,517.0,8.206349206349206,5.058905056117944,18,444.0,0.16681229244365495,10,286.0,0.3866602732519296,28,730.0
2415.0,23,429.0,6.919354838709677,4.240744543687199,15,452.0,0.1261364491734185,8,257.0,0.3411013424253878,23,709.0
2420.0,27,356.0,5.650793650793651,4.938444794367066,12,403.0,0.21758482173345822,15,256.0,0.28032712952021904,27,659.0
2425.0,24,310.0,4.920634920634921,5.298540645247483,10,417.0,0.29771035439989924,14,227.0,0.24408588444896942,24,644.0
2430.0,25,340.0,5.3125,4.925588156253829,13,411.0,0.24547230679260068,12,187.0,0.2363495999150126,25,598.0
2435.0,26,368.0,5.661538461538462,4.843013840351879,14,420.0,0.2914390254408997,12,210.0,0.2853608974628611,26,630.0
2440.0,17,315.0,5.0,5.649124268744108,10,383.0,0.34235458680659453,7,171.0,0.317949719982461,17,554.0
2445.0,19,301.0,4.777777777777778,5.339124599396531,10,345.0,0.29067127382760816,9,194.0,0.3065737941276704,19,539.0
2450.0,26,371.0,5.707692307692308,5.754797319347349,15,384.0,0.2675519715924103,11,203.0,0.3512890357206728,26,587.0
2455.0,27,344.0,5.548387096774194,4.260343262139857,15,377.0,0.25654945205682855,12,217.0,0.22815106898250428,27,594.0
2460.0,25,354.0,5.80327868852459,4.68837673147463,16,329.0,0.1752120338101916,9,206.0,0.33305182436060526,25,535.0
2465.0,22,347.0,5.507936507936508,4.926916567431309,16,357.0,0.15647514086660924,6,191.0,0.3856578299883781,22,548.0
2470.0,23,367.0,5.734375,6.102552873634276,11,346.0,0.35157824293037293,12,218.0,0.29886250944060017,23,564.0
2475.0,25,458.0,7.15625,5.934511245606423,12,353.0,0.4055871732898681,13,252.0,0.19817043859768335,25,605.0
2480.0,21,453.0,7.190476190476191,5.931993371132125,12,368.0,0.30464055775451193,9,257.0,0.2658758899166603,21,625.0
2485.0,18,465.0,7.75,6.391059205071545,12,385.0,0.26554471966567944,6,234.0,0.39682087763343377,18,619.0
2490.0,24,369.0,6.362068965517241,5.463672697509222,14,329.0,0.18722842797332112,10,250.0,0.4305851504769141,24,579.0
2495.0,24,418.0,7.464285714285714,5.3140118988058385,15,225.0,0.247121376221914,9,273.0,0.4034475644830568,24,498.0
2500.0,20,436.0,7.517241379310345,6.060801959590512,11,236.0,0.2714200104153027,9,275.0,0.45803795781400886,20,511.0
2505.0,14,384.0,6.4,6.11652899288131,7,205.0,0.31129324727760155,7,274.0,0.29655571473143943,14,479.0
2510.0,21,416.0,7.298245614035087,6.042038101780324,7,188.0,0.34442420409906016,14,307.0,0.18932384285017234,21,495.0
2515.0,24,287.0,4.948275862068965,5.567929483317128,12,218.0,0.293890145922845,12,217.0,0.23414853322670978,24,435.0
2520.0,24,376.0,7.230769230769231,5.156586485244697,10,245.0,0.350508830011205,14,189.0,0.2627444712904231,24,434.0
2525.0,20,399.0,7.673076923076923,5.337586547623347,9,250.0,0.39115086895668666,11,206.0,0.1704001770723076,20,456.0
2530.0,14,213.0,3.8727272727272726,5.9826325667876175,8,177.0,0.35049465497806725,6,172.0,0.234037632906325,14,349.0
2535.0,15,204.0,3.7777777777777777,6.417199166190854,10,143.0,0.3054648435521736,5,159.0,0.3191974357252757,15,302.0
2540.0,21,267.0,5.037735849056604,5.918077820384271,11,182.0,0.2324529719824418,10,186.0,0.37724199353023885,21,368.0
2545.0,22,264.0,5.076923076923077,5.900541466951224,14,235.0,0.23117316896319137,8,152.0,0.49942505321559777,22,387.0
2550.0,21,272.0,5.132075471698113,5.740803333744381,12,215.0,0.3237811097453128,9,167.0,0.44725532387907896,21,382.0
2555.0,21,299.0,5.6415094339622645,5.459212308602041,12,251.0,0.4056551605644306,9,159.0,0.34435457431293587,21,410.0
2560.0,14,177.0,3.2181818181818183,5.301827688426053,9,251.0,0.30402232134947754,5,103.0,0.36608248341767674,14,354.0
2565.0,13,171.0,2.9482758620689653,6.325546325802381,9,212.0,0.3444049923586821,4,64.0,0.3887505721782975,13,276.0
2570.0,15,157.0,2.754385964912281,6.391916912788814,10,219.0,0.3472300046782501,5,61.0,0.32630355584214654,15,280.0
2575.0,22,153.0,2.593220338983051,5.533037868193887,12,199.0,0.24799625504793324,10,104.0,0.31034423224858176,22,303.0
2580.0,23,194.0,3.5925925925925926,4.80832840073787,13,246.0,0.21519053394328322,10,123.0,0.3836973909718903,23,369.0
2585.0,27,311.0,5.654545454545454,4.572449507595359,15,297.0,0.3017597526497699,12,170.0,0.27706033699411764,27,467.0
2590.0,28,301.0,5.101694915254237,4.844197911927888,14,320.0,0.4104828765685265,14,190.0,0.18725734257115317,28,510.0
2595.0,19,265.0,4.491525423728813,5.717965697636636,13,330.0,0.38325557305872565,6,154.0,0.2863372433738052,19,484.0
2600.0,18,192.0,3.4285714285714284,4.959032235417262,14,322.0,0.18026359753007112,4,129.0,0.4389014304715659,18,451.0
2605.0,20,201.0,3.7222222222222223,5.371992626623514,13,295.0,0.17146380537110942,7,127.0,0.4347360418117909,20,422.0
2610.0,21,229.0,4.2407407407407405,4.247446178805978,12,294.0,0.17397941824486007,9,130.0,0.20913123288150787,21,424.0
2615.0,21,196.0,3.3793103448275863,5.641400778454654,14,264.0,0.2623855392231682,7,101.0,0.2751798482265008,21,365.0
2620.0,18,204.0,3.709090909090909,5.7915292196767725,12,289.0,0.3200428245002661,6,115.0,0.3860532429863673,18,404.0
2625.0,25,293.0,5.232142857142857,6.130307053548847,16,307.0,0.27916115962941723,9,161.0,0.4944612419621701,25,468.0
2630.0,21,269.0,5.0754716981132075,5.292111280175287,14,314.0,0.228814563100901,7,145.0,0.47140528177915303,21,459.0
2635.0,23,305.0,5.350877192982456,5.802203985191907,13,295.0,0.31087962035864775,10,169.0,0.3911099902451458,23,464.0
2640.0,21,305.0,5.083333333333333,5.336772876284772,12,296.0,0.21849438668911256,9,154.0,0.34394597646153435,21,450.0
2645.0,24,367.0,5.919354838709677,6.3735201748648915,13,295.0,0.34941630310857874,11,201.0,0.3685675063458877,24,496.0
2650.0,22,341.0,5.879310344827586,5.070135075324269,11,319.0,0.31693686256445236,11,197.0,0.35285699973907403,22,516.0
2655.0,23,352.0,5.866666666666666,5.190122366498142,15,357.0,0.2971373572734248,8,153.0,0.35403864642917277,23,510.0
2660.0,23,383.0,6.17741935483871,4.649259217043829,15,382.0,0.20684749662691956,8,180.0,0.3449889869737121,23,562.0
2665.0,23,432.0,6.545454545454546,5.783029163474894,11,383.0,0.38570485538077687,12,211.0,0.2596166508614207,23,594.0
2670.0,21,403.0,6.296875,5.933926228373322,9,371.0,0.4450064050911139,12,206.0,0.23388809554813547,21,577.0
2675.0,25,463.0,7.234375,5.705045215828141,10,364.0,0.3923761995837552,15,242.0,0.2252996919644432,25,606.0
2680.0,26,479.0,7.149253731343284,5.265360183254731,14,397.0,0.3074612408577169,12,234.0,0.33854713981554346,26,631.0
2685.0,22,470.0,7.230769230769231,6.1941099722685005,17,463.0,0.25253933540470663,5,162.0,0.5618427080670658,22,625.0
2690.0,26,541.0,8.868852459016393,5.284377147517395,20,523.0,0.1425816657348776,6,130.0,0.5478651234386686,26,653.0
2695.0,19,587.0,9.94915254237288,6.0116334548734685,14,552.0,0.21064439086752867,5,129.0,0.48104242910731393,19,681.0
2700.0,28,646.0,10.253968253968255,4.888441543562045,15,582.0,0.22090899774387568,13,166.0,0.19690444596466844,28,748.0
2705.0,27,612.0,9.714285714285714,5.343604988295243,15,594.0,0.30603162785729476,12,151.0,0.24641213742168275,27,745.0
2710.0,24,333.0,5.123076923076923,6.189330414757677,13,436.0,0.3313903560569179,11,162.0,0.43322873564676295,24,598.0
2715.0,21,307.0,4.723076923076923,6.018920538292634,13,270.0,0.3027020470314696,8,187.0,0.4383026631808466,21,457.0
2720.0,24,300.0,4.6875,5.900067772338586,16,293.0,0.22710967471441434,8,155.0,0.4617394504948046,24,448.0
2725.0,20,224.0,4.0,5.34939692347695,13,270.0,0.1907506088960292,7,100.0,0.3761783222252667,20,370.0
2730.0,20,258.0,4.777777777777778,5.773485092434765,11,278.0,0.22560445805784385,9,71.0,0.35613371600595634,20,349.0
2735.0,21,292.0,5.615384615384615,5.033947532373953,11,282.0,0.27200163415780454,10,100.0,0.29579781088624707,21,382.0
2740.0,20,218.0,4.36,5.728853933121702,11,252.0,0.3931186512873706,9,114.0,0.37631719428873933,20,366.0
2745.0,19,234.0,4.588235294117647,5.713197656373361,11,208.0,0.3571730642384425,8,134.0,0.4358279084243924,19,342.0
2750.0,17,249.0,4.69811320754717,5.965346597891544,10,228.0,0.25603519871781216,7,131.0,0.5231334544236801,17,359.0
2755.0,16,254.0,4.379310344827586,6.073465416035896,9,220.0,0.30019350585370314,7,142.0,0.42957559276129653,16,362.0
2760.0,22,347.0,5.596774193548387,5.695666290693698,10,262.0,0.3497393684777437,12,181.0,0.2518170083003835,22,443.0
2765.0,29,369.0,5.676923076923077,5.0326010689086,14,325.0,0.3175584889734198,15,173.0,0.24348214339847146,29,498.0
2770.0,31,375.0,5.514705882352941,5.237558867394447,14,269.0,0.33302692890019986,17,218.0,0.2935500234055648,31,487.0
2775.0,33,441.0,6.582089552238806,4.6951802686349735,16,298.0,0.3254841640901634,17,260.0,0.2793191712044787,33,558.0
2780.0,28,453.0,6.661764705882353,5.03697275985414,19,369.0,0.27725951394710274,9,241.0,0.3250422998458146,28,610.0
2785.0,27,392.0,5.764705882352941,4.459333996106838,19,411.0,0.16726640806895138,8,206.0,0.3231561661832934,27,617.0
2790.0,30,410.0,5.774647887323944,4.96231684071294,16,406.0,0.22622292228117927,14,213.0,0.25820106611816396,30,619.0
2795.0,32,412.0,5.6438356164383565,4.45483453562585,16,409.0,0.2692860130234904,16,242.0,0.1762406267753031,32,651.0
2800.0,27,337.0,4.554054054054054,5.392804482639292,17,397.0,0.28793171758579295,10,233.0,0.29750476868510817,27,630.0
2805.0,27,308.0,4.0,5.184905144039857,18,461.0,0.26427814898333246,9,228.0,0.3462797157467279,27,689.0
2810.0,33,388.0,5.105263157894737,5.153476626879432,21,522.0,0.2808801789139834,12,216.0,0.36425026430383306,33,738.0
2815.0,36,397.0,5.025316455696203,4.859802224572394,22,552.0,0.2977969860762287,14,213.0,0.33430855238815416,36,765.0
2820.0,36,437.0,5.602564102564102,4.34397039437767,17,530.0,0.2528643085759407,19,279.0,0.2446562605440526,36,809.0
2825.0,35,495.0,6.428571428571429,3.3967813926083683,17,550.0,0.1999731975156922,18,303.0,0.14904398413008135,35,853.0
2830.0,33,462.0,5.775,3.6484694207737376,22,550.0,0.11483301041757879,11,280.0,0.21652859664339733,33,830.0
2835.0,36,424.0,5.367088607594937,3.8148146741856794,25,621.0,0.09834553206952727,11,254.0,0.3171979226667834,36,875.0
2840.0,40,554.0,6.7560975609756095,4.707832578116256,24,665.0,0.1553746617905858,16,285.0,0.301206436639594,40,950.0
2845.0,41,653.0,7.963414634146342,4.348835513823475,26,720.0,0.17609106235927935,15,313.0,0.24429256269944968,41,1033.0
2850.0,31,615.0,7.987012987012987,4.7369515637980735,19,694.0,0.1874469919125147,12,296.0,0.22126807447364616,31,990.0
2855.0,28,410.0,6.029411764705882,4.406386045949548,16,549.0,0.16420292880934712,12,298.0,0.20869748302279048,28,847.0
2860.0,28,384.0,5.647058823529412,5.134543392336935,16,448.0,0.1924035877686844,12,310.0,0.291662370220311,28,758.0
2865.0,25,400.0,6.779661016949152,4.5991297900199,13,442.0,0.21706122832443098,12,327.0,0.3921609172271616,25,769.0
2870.0,22,442.0,7.015873015873016,5.857890528800515,13,453.0,0.36319923712439556,9,319.0,0.38518371981423205,22,772.0
2875.0,25,346.0,5.0144927536231885,4.786340639531588,12,446.0,0.32238474719086313,13,264.0,0.2518185042775282,25,710.0
2880.0,28,446.0,6.194444444444445,5.580832863298501,11,444.0,0.4405355194666316,17,273.0,0.2338019086534508,28,717.0
2885.0,30,461.0,6.779411764705882,4.371125681279871,10,412.0,0.33567798497088347,20,324.0,0.16356420539005223,30,736.0
2890.0,33,348.0,5.043478260869565,4.604490347230309,12,324.0,0.30821648945663793,21,367.0,0.2021165247506791,33,691.0
2895.0,31,375.0,5.434782608695652,3.7118403822236585,11,332.0,0.24986604142177118,20,415.0,0.1844280177323926,31,747.0
2900.0,32,369.0,5.590909090909091,3.4679319173966356,17,393.0,0.19328601440517312,15,408.0,0.2016741613991847,32,801.0
2905.0,31,416.0,6.303030303030303,4.315582415104031,18,427.0,0.2375657565422701,13,408.0,0.22228343557105593,31,835.0
2910.0,28,417.0,6.415384615384616,4.940152070196802,17,463.0,0.24011411500835808,11,398.0,0.23339787531233522,28,861.0
2915.0,28,460.0,7.540983606557377,4.146848135345447,14,494.0,0.2792261272855139,14,414.0,0.19320659828761855,28,908.0
2920.0,31,481.0,7.758064516129032,3.947429551440076,15,478.0,0.24091844340774402,16,444.0,0.13617840521518754,31,922.0
2925.0,30,495.0,7.983870967741935,4.11735901144572,14,431.0,0.21749629205741303,16,433.0,0.19448908727104436,30,864.0
2930.0,30,475.0,7.661290322580645,4.116719125054113,15,358.0,0.1693443826669522,15,461.0,0.23611000064589843,30,819.0
2935.0,22,464.0,7.483870967741935,4.6363802249990265,15,343.0,0.15953138740839456,7,423.0,0.33373908534896846,22,766.0
2940.0,21,357.0,5.95,4.3638303080476,14,359.0,0.050125366034029346,7,371.0,0.39589339048421046,21,730.0
2945.0,25,279.0,4.728813559322034,4.36482442881842,16,360.0,0.13302086829839757,9,269.0,0.32311574918420954,25,629.0
2950.0,30,396.0,6.6,3.943711134683343,17,403.0,0.23938439169843878,13,270.0,0.2581763037690712,30,673.0
2955.0,24,368.0,6.032786885245901,4.128875088636921,13,399.0,0.22848361915659365,11,246.0,0.24824222368772295,24,645.0
2960.0,16,312.0,5.379310344827586,5.032107381815923,7,323.0,0.21142647787254384,9,215.0,0.29945878250964336,16,538.0
2965.0,17,324.0,5.225806451612903,5.576592491368709,9,316.0,0.25837991489397344,8,222.0,0.3217345489237047,17,538.0
2970.0,26,265.0,4.344262295081967,4.968868895301694,13,305.0,0.3313371917720948,13,189.0,0.2525143007963562,26,494.0
2975.0,28,258.0,4.03125,5.329194612889878,12,310.0,0.38040122727620135,16,194.0,0.3100073150604962,28,504.0
2980.0,30,313.0,4.742424242424242,4.195194414396346,13,272.0,0.28067846462571266,17,242.0,0.2257024490841926,30,514.0
2985.0,26,299.0,4.333333333333333,4.613934087989837,14,264.0,0.23179096076970623,12,253.0,0.24835960109202163,26,517.0
2990.0,24,275.0,3.9855072463768115,4.795690863795909,10,210.0,0.22227023056981704,14,294.0,0.21957677142190207,24,504.0
2995.0,25,333.0,5.045454545454546,4.500299958468121,6,212.0,0.36701240198668605,19,339.0,0.10128006501537001,25,551.0
3000.0,29,367.0,5.5606060606060606,4.230818172375158,10,245.0,0.27951250060518956,19,370.0,0.1660422223800915,29,615.0
3005.0,33,465.0,6.838235294117647,4.936947080464303,14,279.0,0.3590602439122758,19,396.0,0.25910847396699016,33,675.0
3010.0,26,543.0,8.227272727272727,4.980992719491038,7,279.0,0.38644024338674726,19,466.0,0.24435213620617277,26,745.0
3015.0,27,594.0,9.0,4.417758546798296,8,245.0,0.2891386442008013,19,536.0,0.18759531813955585,27,781.0
3020.0,31,622.0,8.885714285714286,4.221817037975866,13,280.0,0.16615387997740566,18,552.0,0.23085652522345262,31,832.0
3025.0,29,375.0,5.597014925373134,4.465353328952031,15,240.0,0.14716381660119068,14,474.0,0.30544747742867157,29,714.0
3030.0,31,404.0,5.9411764705882355,4.269135703358309,18,240.0,0.13058665944657885,13,461.0,0.24447155450439428,31,701.0
3035.0,34,357.0,5.173913043478261,4.429078106710844,16,278.0,0.19937895967909416,18,434.0,0.21131102538179,34,712.0
3040.0,28,315.0,4.701492537313433,4.035343660312823,7,230.0,0.34991446756179523,21,457.0,0.1269311163565485,28,687.0
3045.0,17,256.0,3.764705882352941,4.809269418414693,2,173.0,0.31068452308689853,15,441.0,0.19011396443655118,17,614.0
3050.0,23,282.0,4.0285714285714285,5.2342682577956365,9,197.0,0.2786698142341952,14,469.0,0.2628162143978102,23,666.0
3055.0,28,300.0,4.3478260869565215,5.067592874417219,11,197.0,0.3143632024517464,17,483.0,0.2486707034022526,28,680.0
3060.0,28,359.0,5.523076923076923,4.638040814900385,6,149.0,0.4280895385711036,22,535.0,0.1074216718993233,28,684.0
3065.0,19,361.0,5.73015873015873,4.3399002903977815,4,136.0,0.3492864240391121,15,554.0,0.09137709159818509,19,690.0
3070.0,23,295.0,4.609375,4.610115575238893,9,164.0,0.19601441692244254,14,512.0,0.17881135587695893,23,676.0
3075.0,29,272.0,4.121212121212121,4.634897825654959,14,177.0,0.13591259777551312,15,458.0,0.2905824806572087,29,635.0
3080.0,23,263.0,4.174603174603175,6.0490437332131135,8,144.0,0.3636734259305252,15,446.0,0.28348237359210476,23,590.0
3085.0,22,297.0,5.033898305084746,5.099693728868546,5,107.0,0.4294941646183855,17,414.0,0.14243639601130312,22,521.0
3090.0,27,317.0,5.283333333333333,4.595310602125059,11,142.0,0.3342074360763064,16,417.0,0.21939863430584453,27,559.0
3095.0,30,389.0,6.377049180327869,4.362376344911045,11,183.0,0.20260556315632358,19,406.0,0.29569992130290523,30,589.0
3100.0,30,490.0,8.166666666666666,4.506482674911981,14,239.0,0.22911257317097986,16,433.0,0.28301938993442943,30,672.0
3105.0,30,553.0,9.372881355932204,4.310889615064583,12,251.0,0.18888743868306093,18,440.0,0.23187214198107886,30,691.0
3110.0,26,436.0,7.649122807017544,4.038897837170746,7,212.0,0.32286156439617475,19,429.0,0.1047047540832382,26,641.0
3115.0,18,214.0,3.8214285714285716,5.002465637906039,5,176.0,0.358937551297449,13,327.0,0.16539902572070475,18,503.0
3120.0,18,231.0,4.2,5.855459542734168,8,131.0,0.21118333535403613,10,266.0,0.392815928881039,18,397.0
3125.0,20,265.0,4.649122807017544,5.276377247982999,11,144.0,0.20389586415817196,9,255.0,0.36858690709431663,20,399.0
3130.0,20,311.0,5.456140350877193,6.422869922827905,6,136.0,0.2883260891162725,14,304.0,0.4151462769397074,20,440.0
3135.0,18,259.0,4.625,6.179765806188878,4,117.0,0.36858689127307287,14,313.0,0.34072074478046194,18,430.0
3140.0,26,328.0,5.857142857142857,5.431711854097107,9,151.0,0.2981205410733317,17,307.0,0.2850662425289563,26,458.0
3145.0,25,349.0,6.345454545454546,4.649060921313286,10,176.0,0.3620833939874898,15,322.0,0.24502058995321316,25,498.0
3150.0,27,400.0,7.2727272727272725,5.17084290083914,12,210.0,0.32418125963080147,15,290.0,0.29009025315353376,27,500.0
3155.0,24,406.0,6.766666666666667,4.52920559143749,10,211.0,0.24649855810998164,14,334.0,0.2592924553071641,24,545.0
3160.0,22,408.0,6.8,5.925491626094373,6,152.0,0.34409122027777855,16,372.0,0.30313269891761896,22,524.0
3165.0,21,305.0,5.258620689655173,5.654188423360723,6,107.0,0.44132625352248966,15,374.0,0.17509314923157424,21,481.0
3170.0,25,249.0,4.016129032258065,5.727604932220181,10,154.0,0.36861076480754423,15,335.0,0.2160029201680337,25,489.0
3175.0,24,266.0,4.508474576271187,4.905308154911224,11,167.0,0.39569615160414384,13,341.0,0.2478665265908339,24,508.0
3180.0,20,286.0,5.017543859649122,5.670919511665263,7,132.0,0.39979940785853196,13,320.0,0.29833768084900647,20,452.0
3185.0,22,265.0,4.491525423728813,4.580797966351767,8,129.0,0.21966590884744772,14,349.0,0.22066318651625877,22,478.0
3190.0,27,317.0,5.112903225806452,5.194848370583079,14,181.0,0.194159421194396,13,351.0,0.30028665798707704,27,532.0
3195.0,25,296.0,5.285714285714286,4.628328885803041,13,178.0,0.25415851503889136,12,352.0,0.31748281265117934,25,530.0
3200.0,24,343.0,6.351851851851852,4.413108720305572,11,185.0,0.2816113358125691,13,310.0,0.22666455304723834,24,495.0
3205.0,26,284.0,4.982456140350878,4.10014040214543,10,190.0,0.25676236992252766,16,309.0,0.22165563270381974,26,499.0
3210.0,24,288.0,4.721311475409836,5.09998196317445,5,133.0,0.3797311766885431,19,328.0,0.24445427623185664,24,461.0
3215.0,23,289.0,4.587301587301587,5.115409396979396,5,128.0,0.403482002048174,18,374.0,0.22670052981365424,23,502.0
3220.0,27,332.0,4.955223880597015,5.442310065198211,11,143.0,0.433636063717714,16,389.0,0.22564487730767965,27,532.0
3225.0,28,317.0,4.661764705882353,4.8441908693642475,13,155.0,0.41279022036515683,15,385.0,0.18211513065832519,28,540.0
3230.0,17,233.0,3.426470588235294,5.301919756268986,6,155.0,0.4066562882491467,11,342.0,0.1778538530304843,17,497.0
3235.0,23,266.0,4.092307692307692,5.01603660453277,10,178.0,0.2860258752706005,13,322.0,0.24311371657748662,23,500.0
3240.0,28,313.0,4.742424242424242,5.13986420674148,15,241.0,0.22460824934617088,13,299.0,0.319735018667583,28,540.0
3245.0,31,335.0,5.0,4.643950788137053,19,290.0,0.2668563931617824,12,315.0,0.33608556558003244,31,605.0
3250.0,27,369.0,5.676923076923077,5.091496504771339,16,319.0,0.3295312703850743,11,300.0,0.35877141325687356,27,619.0
3255.0,31,432.0,6.352941176470588,4.315789284730852,17,350.0,0.23289715845737105,14,328.0,0.3268344276522868,31,678.0
3260.0,28,429.0,6.3088235294117645,4.222923051857295,12,331.0,0.21331137186610669,16,365.0,0.22577857560029146,28,696.0
3265.0,30,380.0,5.757575757575758,3.8384580863980147,13,294.0,0.28984635786720214,17,375.0,0.12477588148342846,30,669.0
3270.0,28,326.0,4.794117647058823,4.182845445504695,16,293.0,0.21024280579633856,12,343.0,0.18799987640142612,28,636.0
3275.0,32,285.0,4.253731343283582,3.817796314661027,20,334.0,0.14661807486598905,12,307.0,0.2521260170238204,32,641.0
3280.0,34,429.0,6.217391304347826,4.685618172181588,19,400.0,0.28388799834985157,15,351.0,0.27662313616083944,34,751.0
3285.0,34,510.0,7.183098591549296,4.567276240796259,19,440.0,0.3160498715124004,15,375.0,0.2565856093210254,34,815.0
3290.0,24,493.0,7.358208955223881,4.541814904939665,13,411.0,0.23989430502326298,11,353.0,0.25095940306024117,24,764.0
3295.0,25,518.0,8.09375,4.557818481977222,14,412.0,0.2299262434442962,11,361.0,0.22398590253027145,25,773.0
3300.0,29,536.0,7.882352941176471,4.109808336962332,16,466.0,0.16341741369047763,13,352.0,0.18545997765112893,29,818.0
3305.0,34,456.0,7.238095238095238,3.443432022263378,20,492.0,0.18611247567769673,14,307.0,0.2571059326643383,34,799.0
3310.0,34,364.0,5.6875,4.144036175072332,20,480.0,0.174369498401164,14,253.0,0.3378040792732645,34,733.0
3315.0,32,389.0,5.893939393939394,3.967809471572409,19,507.0,0.17033349013246316,13,275.0,0.34227383741372963,32,782.0
3320.0,24,276.0,4.119402985074627,4.291002251797479,14,472.0,0.15194253612215905,10,251.0,0.2932797861667742,24,723.0
3325.0,22,228.0,3.3529411764705883,4.401198039437569,14,489.0,0.15971921781109338,8,219.0,0.32620721881818154,22,708.0
3330.0,29,294.0,4.140845070422535,4.761006672845712,14,502.0,0.1868101545429127,15,246.0,0.2923561734097872,29,748.0
3335.0,37,381.0,5.366197183098592,4.661375313578411,20,510.0,0.2139635286033809,17,309.0,0.3172648121415224,37,819.0
3340.0,35,469.0,6.897058823529412,4.189915738687949,18,475.0,0.23730788029062388,17,351.0,0.2072429414544033,35,826.0
3345.0,39,513.0,7.434782608695652,3.1169686974923243,20,488.0,0.21372000963517462,19,378.0,0.12377054134937036,39,866.0
3350.0,26,383.0,5.803030303030303,4.166247892868752,12,429.0,0.2249780710059466,14,361.0,0.16906802140197036,26,790.0
3355.0,24,441.0,6.485294117647059,4.847588164461909,14,459.0,0.20663129322165333,10,330.0,0.28608144304748,24,789.0
3360.0,30,422.0,6.205882352941177,4.512844021683458,19,492.0,0.17930701178310146,11,302.0,0.2816064293525945,30,794.0
3365.0,35,356.0,5.235294117647059,4.282515168608029,19,460.0,0.21541372153280042,16,263.0,0.28001849116159633,35,723.0
3370.0,36,493.0,7.46969696969697,4.010123149783798,21,503.0,0.2164619771807276,15,305.0,0.2645687589855295,36,808.0
3375.0,34,614.0,9.029411764705882,4.243774453620855,22,592.0,0.19605190053325722,12,309.0,0.323506749416816,34,901.0
3380.0,36,654.0,9.342857142857143,3.9932886690088196,26,677.0,0.06400651161415707,10,283.0,0.38393483840278797,36,960.0
3385.0,35,691.0,9.597222222222221,4.698037408619403,23,722.0,0.2257667238557831,12,254.0,0.3425593956253364,35,976.0
3390.0,36,673.0,9.347222222222221,4.219034196270809,17,702.0,0.29517465350991223,19,296.0,0.20109347345439665,36,998.0
3395.0,38,690.0,9.452054794520548,4.010116317279829,18,668.0,0.2750089299437011,20,361.0,0.20460737490463926,38,1029.0
3400.0,34,511.0,6.636363636363637,4.2330784481594375,14,517.0,0.2707264348531944,20,414.0,0.1943427932217063,34,931.0
3405.0,24,368.0,5.041095890410959,4.0192098664680875,11,488.0,0.213787874827633,13,424.0,0.20641759776948967,24,912.0
3410.0,22,214.0,2.891891891891892,5.307443292687674,14,496.0,0.2769547326726301,8,310.0,0.3258058993527175,22,806.0
3415.0,25,232.0,3.2222222222222223,4.843559542942097,16,482.0,0.1853830515357052,9,197.0,0.3701399558895994,25,679.0
3420.0,25,315.0,4.315068493150685,5.315292231134156,14,425.0,0.2674535504156303,11,231.0,0.27043497636559655,25,656.0
3425.0,23,318.0,4.24,5.524870473403225,11,396.0,0.31357565279598715,12,249.0,0.2284883933515021,23,645.0
3430.0,23,270.0,3.8028169014084505,5.665160835380627,14,338.0,0.2066267440499436,9,226.0,0.3836542961814635,23,564.0
3435.0,30,306.0,4.309859154929577,4.298411304254406,18,374.0,0.10798218436636625,12,242.0,0.31532935742359214,30,616.0
3440.0,27,380.0,5.277777777777778,5.127766651792287,14,377.0,0.2141576536379554,13,256.0,0.3094366533112729,27,633.0
3445.0,28,388.0,5.464788732394366,4.714491930612162,13,381.0,0.27277833977751503,15,313.0,0.251261578410459,28,694.0
3450.0,35,486.0,6.942857142857143,4.67766944325099,16,392.0,0.19727077034274926,19,367.0,0.3014306211082303,35,759.0
3455.0,34,565.0,8.432835820895523,3.7850717884087,18,440.0,0.1502633658758972,16,385.0,0.30222390143775146,34,825.0
3460.0,26,573.0,8.681818181818182,4.417272114133951,14,448.0,0.20964369342611636,12,344.0,0.20082496267952218,26,792.0
3465.0,25,353.0,5.1911764705882355,4.388290494246198,11,396.0,0.18084248581207762,14,284.0,0.20413503457517024,25,680.0
3470.0,35,438.0,6.169014084507042,5.129413975933651,16,421.0,0.24034652963441783,19,297.0,0.23364109420912021,35,718.0
3475.0,32,438.0,6.3478260869565215,5.209750912364689,16,420.0,0.31480590752759763,16,331.0,0.33225917832955576,32,751.0
3480.0,30,423.0,6.042857142857143,4.788595025249421,14,379.0,0.30358868788716836,16,340.0,0.29593255399674195,30,719.0
3485.0,33,437.0,6.069444444444445,3.995209209900137,16,405.0,0.2145369875902471,17,357.0,0.24197835788966848,33,762.0
3490.0,26,367.0,4.766233766233766,4.82739923884729,13,384.0,0.23155617636805753,13,325.0,0.2612519757098909,26,709.0
3495.0,19,290.0,3.9726027397260273,5.3463867247285455,8,349.0,0.30060249223314384,11,292.0,0.24198726631605147,19,641.0
3500.0,26,314.0,4.301369863013699,5.230395106544723,11,333.0,0.2993700988654609,15,225.0,0.21545686436044342,26,558.0
3505.0,35,420.0,5.833333333333333,4.807275069773247,16,375.0,0.2919717163153309,19,260.0,0.22711101610437215,35,635.0
3510.0,22,452.0,6.457142857142857,5.050761949537152,9,388.0,0.28344220528103903,13,273.0,0.22872764884332114,22,661.0
3515.0,23,393.0,5.865671641791045,4.850807470329576,10,345.0,0.21007171189633458,13,279.0,0.24341552167934855,23,624.0
3520.0,31,451.0,6.731343283582089,4.277604061130953,13,314.0,0.25911340941356703,18,315.0,0.186733969980896,31,629.0
3525.0,34,544.0,8.242424242424242,3.96389579197363,13,360.0,0.28358206914483286,21,378.0,0.21064997771144253,34,738.0
3530.0,28,632.0,9.294117647058824,4.779867266068973,15,417.0,0.21533797069039953,13,393.0,0.30829560870806655,28,810.0
3535.0,29,622.0,8.76056338028169,4.551573021884034,17,455.0,0.15377833798932955,12,385.0,0.29499175997204014,29,840.0
3540.0,27,600.0,8.450704225352112,5.02014353040827,9,447.0,0.26755839659292363,18,392.0,0.20953813239847194,27,839.0
3545.0,30,542.0,8.46875,4.103637324852479,7,398.0,0.3629953171742006,23,400.0,0.10380830393908086,30,798.0
3550.0,29,523.0,7.6911764705882355,4.728756456283118,10,397.0,0.3048972063205158,19,386.0,0.18434511793996977,29,783.0
3555.0,28,279.0,4.2272727272727275,4.550450390070086,11,254.0,0.3071822175394113,17,421.0,0.24395923128354347,28,675.0
3560.0,28,279.0,4.5,4.509761953870802,16,200.0,0.23677185193018935,12,394.0,0.271383361276616,28,594.0
3565.0,28,346.0,5.766666666666667,3.660952269915576,16,235.0,0.13175720956193201,12,362.0,0.21872502299387567,28,597.0
3570.0,21,330.0,5.593220338983051,4.829088790279196,8,205.0,0.3210662981275994,13,366.0,0.11943157205713566,21,571.0
3575.0,20,229.0,4.089285714285714,4.423076570056451,5,146.0,0.36745324018075654,15,366.0,0.07214112507035811,20,512.0
3580.0,29,328.0,5.655172413793103,5.099081329128697,11,147.0,0.3159135724429575,18,392.0,0.19354873855379703,29,539.0
3585.0,25,378.0,6.517241379310345,5.437573356609469,10,158.0,0.3888844528098569,15,410.0,0.22596801082344067,25,568.0
3590.0,14,336.0,6.339622641509434,6.328816895985324,5,143.0,0.4447389555263094,9,347.0,0.32432065604641164,14,490.0
3595.0,12,160.0,3.1372549019607843,5.659326505344374,6,106.0,0.2528550464430008,6,241.0,0.4000746051642197,12,347.0
3600.0,22,191.0,3.673076923076923,5.625688588998674,12,101.0,0.24946990602714775,10,197.0,0.41127109880534385,22,298.0
3605.0,23,204.0,3.849056603773585,4.917240300236605,12,123.0,0.27646100178551575,11,206.0,0.3857980873085481,23,329.0
3610.0,25,292.0,5.214285714285714,4.628519163929551,13,172.0,0.3142961507331609,12,196.0,0.3054771778811518,25,368.0
3615.0,25,279.0,4.982142857142857,4.201065531080905,10,184.0,0.3887150344305231,15,224.0,0.210822754890811,25,408.0
3620.0,16,237.0,4.016949152542373,5.899047029754762,6,137.0,0.45367501910695773,10,244.0,0.32634426865397625,16,381.0
3625.0,17,209.0,3.603448275862069,5.417168160291391,6,146.0,0.41150246338535174,11,221.0,0.2655939157553765,17,367.0
3630.0,21,208.0,3.586206896551724,5.506825226161576,12,195.0,0.23840704184591407,9,147.0,0.36902554112451225,21,342.0
3635.0,22,254.0,4.703703703703703,4.200924532921003,13,224.0,0.07229950938913568,9,139.0,0.328312489394158,22,363.0
3640.0,17,258.0,4.867924528301887,5.388773910135538,9,244.0,0.26737919913595726,8,119.0,0.34750847252099026,17,363.0
3645.0,18,198.0,3.8076923076923075,4.990553137412932,7,216.0,0.32368597076901723,11,128.0,0.14946764901810228,18,344.0
3650.0,25,263.0,4.781818181818182,5.390628436615585,13,212.0,0.3156881395282129,12,172.0,0.28008832512184795,25,384.0
3655.0,19,281.0,5.109090909090909,5.440409352631293,10,240.0,0.36521287797553487,9,174.0,0.31067769585727595,19,414.0
3660.0,14,285.0,5.816326530612245,6.4025631512785095,6,230.0,0.369809249825488,8,146.0,0.4099648847488282,14,376.0
3665.0,9,84.0,1.6470588235294117,5.856881252288255,5,143.0,0.33557796500385556,4,113.0,0.29398961316052247,9,256.0
3670.0,22,162.0,2.8421052631578947,6.137052479986416,11,104.0,0.2906394386936453,11,119.0,0.2576524263308779,22,223.0
3675.0,20,198.0,3.3559322033898304,6.457382398977494,10,128.0,0.3722953175815665,10,140.0,0.3217840984112596,20,268.0
3680.0,14,233.0,4.39622641509434,7.24955064909901,5,109.0,0.457382205034385,9,177.0,0.359112439184423,14,286.0
3685.0,13,194.0,3.9591836734693877,5.774295631353832,6,87.0,0.43590767773831196,7,178.0,0.23951858834005457,13,265.0
3690.0,18,235.0,5.0,6.119391204037422,12,129.0,0.33239786273940874,6,161.0,0.33890174209687873,18,290.0
3695.0,16,112.0,2.5454545454545454,5.174972144555619,10,121.0,0.2963219926874239,6,104.0,0.3476697245570826,16,225.0
3700.0,20,186.0,4.043478260869565,5.566134121144463,10,132.0,0.3053549993859324,10,102.0,0.36740677510185404,20,234.0
3705.0,18,191.0,3.8979591836734695,5.331432604223643,10,144.0,0.3212161481637394,8,117.0,0.39294513985095814,18,261.0
3710.0,14,206.0,3.9615384615384617,7.345812960082669,6,114.0,0.48490661989259887,8,127.0,0.4214566295670106,14,241.0
3715.0,13,139.0,2.673076923076923,6.558495821894448,5,85.0,0.37711430151185676,8,124.0,0.37200108304951873,13,209.0
3720.0,20,222.0,4.44,5.789229903917277,10,111.0,0.28146940130317916,10,152.0,0.2356405586393841,20,263.0
3725.0,21,254.0,5.291666666666667,5.029166209077977,10,139.0,0.33714266796662384,11,194.0,0.25078780583134597,21,333.0
3730.0,21,351.0,7.468085106382978,5.198287176783911,9,159.0,0.37453363259680544,12,242.0,0.31070162710268506,21,401.0
3735.0,18,313.0,6.659574468085107,5.330224937705717,8,149.0,0.3591996035951012,10,259.0,0.3691633785181921,18,408.0
3740.0,11,300.0,6.122448979591836,7.200322235166164,5,108.0,0.3303169613401359,6,237.0,0.4953773139983762,11,345.0
3745.0,14,178.0,3.4901960784313726,6.2711169523043235,8,126.0,0.24351020319337274,6,148.0,0.3374391220221835,14,274.0
3750.0,21,214.0,4.196078431372549,6.611365184892187,9,157.0,0.4171798620257546,12,118.0,0.2899992754629611,21,275.0
3755.0,17,154.0,2.9615384615384617,5.998350804517107,8,104.0,0.4333948148294175,9,133.0,0.34422120353458974,17,237.0
3760.0,16,203.0,4.06,7.064833103246372,10,115.0,0.3679297989070576,6,112.0,0.5662146345225078,16,227.0
3765.0,14,140.0,2.8,6.368849577653688,9,128.0,0.14619261039108417,5,77.0,0.5734879949225239,14,205.0
3770.0,13,178.0,3.56,7.472686893007214,7,105.0,0.30678847996910025,6,86.0,0.4987517939641531,13,191.0
3775.0,14,129.0,2.58,5.78416732849629,7,104.0,0.296109058028318,7,62.0,0.29004929999590745,14,166.0
3780.0,16,164.0,3.3469387755102042,7.012320389379699,8,110.0,0.49848224158380283,8,85.0,0.33799885779368904,16,195.0
3785.0,16,166.0,3.3877551020408165,6.769767690857718,7,94.0,0.44848755995076334,9,117.0,0.4047045916899788,16,211.0
3790.0,19,194.0,4.041666666666667,5.449760905906397,12,130.0,0.3065137602138504,7,120.0,0.3723495732635201,19,250.0
3795.0,18,196.0,3.843137254901961,5.617616424827356,12,145.0,0.23068611945952644,6,108.0,0.45910944582585556,18,253.0
3800.0,14,168.0,3.2941176470588234,6.73662696807672,9,133.0,0.29368459978580397,5,98.0,0.457113575242827,14,231.0
3805.0,13,192.0,3.764705882352941,6.981295044685266,7,141.0,0.35124885970882214,6,99.0,0.3931526674317172,13,240.0
3810.0,18,179.0,3.5098039215686274,6.023464047002847,12,163.0,0.29050946083273177,6,80.0,0.3098538826405376,18,243.0
3815.0,18,164.0,3.28,5.630466566359389,11,166.0,0.30691847484745327,7,88.0,0.4267755022562204,18,254.0
3820.0,19,206.0,4.03921568627451,6.30718227359673,14,187.0,0.32801365544852185,5,92.0,0.5221680654412647,19,279.0
3825.0,17,213.0,4.4375,6.086921081364654,13,202.0,0.21408291730985415,4,76.0,0.5803597771217248,17,278.0
3830.0,12,89.0,1.7450980392156863,6.6292468678166045,7,165.0,0.24497867285853922,5,38.0,0.521337129763082,12,203.0
3835.0,12,54.0,1.1020408163265305,5.934471325528409,5,146.0,0.3489646183302248,7,39.0,0.33877816086045887,12,185.0
3840.0,20,125.0,2.6041666666666665,5.48416902533085,11,185.0,0.2923127453523217,9,78.0,0.3313469857355189,20,263.0
3845.0,21,192.0,3.84,5.51439987561703,11,199.0,0.25337325956680923,10,115.0,0.4317853078798612,21,314.0
3850.0,11,143.0,2.86,6.427806751404616,4,148.0,0.4164091585878632,7,127.0,0.42572807835058224,11,275.0
3855.0,13,154.0,2.9615384615384617,5.644856227966532,6,165.0,0.28741446210429844,7,98.0,0.3225545551298987,13,263.0
3860.0,17,192.0,3.9183673469387754,5.334072409578548,11,198.0,0.192339693360411,6,103.0,0.3028096863886594,17,301.0
3865.0,20,241.0,4.547169811320755,5.3498311766602,12,218.0,0.22489894888427123,8,111.0,0.3053326337303965,20,329.0
3870.0,15,181.0,3.549019607843137,6.323390642482865,6,180.0,0.44810166271298646,9,88.0,0.3284322220954419,15,268.0
3875.0,15,209.0,4.18,6.406232933181307,5,186.0,0.4164146022222772,10,106.0,0.3469123533336198,15,292.0
3880.0,18,257.0,4.7592592592592595,5.8273597282809915,10,227.0,0.37958661582392955,8,136.0,0.29190505325030563,18,363.0
3885.0,22,331.0,6.245283018867925,5.545994317197271,12,272.0,0.32723405625075636,10,151.0,0.38343128775328794,22,423.0
3890.0,26,372.0,7.153846153846154,4.592534874877305,18,350.0,0.3039739178372634,8,151.0,0.3222953511854766,26,501.0
3895.0,26,400.0,7.407407407407407,4.1284164960707015,17,373.0,0.17724210358906908,9,130.0,0.37168500253316206,26,503.0
3900.0,20,314.0,5.508771929824562,4.833952351913178,11,334.0,0.18801139135658018,9,135.0,0.3350394922561299,20,469.0
3905.0,16,127.0,2.1166666666666667,5.583682267105063,6,229.0,0.2610613575637409,10,128.0,0.323831638285139,16,357.0
3910.0,23,191.0,3.183333333333333,5.273004638406486,13,259.0,0.3112860045220042,10,161.0,0.20917884547260882,23,420.0
3915.0,26,250.0,4.237288135593221,4.812509370109906,16,300.0,0.24258339866195353,10,172.0,0.2582806116972632,26,472.0
3920.0,26,307.0,5.032786885245901,5.623564912929298,17,369.0,0.2891861183217685,9,185.0,0.32049743351250537,26,554.0
3925.0,28,362.0,5.746031746031746,5.856235990632069,16,378.0,0.2852076450424098,12,199.0,0.3893698963476272,28,577.0
3930.0,21,264.0,4.4,5.3355568148687045,10,312.0,0.2957624110340802,11,188.0,0.3353168680668625,21,500.0
3935.0,23,324.0,5.311475409836065,5.24576708742528,10,348.0,0.2617207627728001,13,235.0,0.35179339824438804,23,583.0
3940.0,26,371.0,5.983870967741935,4.648870999492147,13,391.0,0.20505540724452245,13,262.0,0.2928103333332892,26,653.0
3945.0,25,416.0,6.709677419354839,5.25687316760575,17,400.0,0.1718659308636686,8,256.0,0.4568054762698341,25,656.0
3950.0,22,380.0,5.6716417910447765,5.591164727575476,11,343.0,0.3117830711825951,11,245.0,0.27261813116068523,22,588.0
3955.0,22,274.0,4.029411764705882,5.285166111152542,7,318.0,0.36020712591523024,15,214.0,0.18794487178922306,22,532.0
3960.0,29,325.0,4.924242424242424,4.8760487048071015,14,346.0,0.3581860191031956,15,243.0,0.21092705438925524,29,589.0
3965.0,30,251.0,3.803030303030303,4.4244319990769645,16,288.0,0.3144515502167594,14,245.0,0.2491412699123423,30,533.0
3970.0,34,328.0,4.685714285714286,4.260014538126833,21,335.0,0.2044455883280631,13,264.0,0.3032400732517763,34,599.0
3975.0,33,359.0,4.851351351351352,4.94868972109533,23,370.0,0.15548336060655837,10,233.0,0.4440477772752262,33,603.0
3980.0,26,335.0,4.466666666666667,5.6430576571904725,16,329.0,0.19624274086921378,10,250.0,0.4102423717058041,26,579.0
3985.0,21,237.0,3.2465753424657535,4.9265608098558795,9,334.0,0.2213435211541146,12,247.0,0.2744018252601799,21,581.0
3990.0,28,241.0,3.3013698630136985,4.887644881640998,11,339.0,0.2984757462589918,17,243.0,0.23407732108145526,28,582.0
3995.0,30,301.0,4.36231884057971,3.940756351264885,14,336.0,0.25120276380256606,16,289.0,0.22121219710335635,30,625.0
4000.0,31,349.0,4.915492957746479,4.424192186585952,12,292.0,0.28632733068723515,19,333.0,0.1795478871181498,31,625.0
4005.0,27,375.0,5.434782608695652,4.191622224578549,10,329.0,0.2552822590132499,17,383.0,0.12647556666445736,27,712.0
4010.0,25,377.0,5.385714285714286,4.531400079477649,13,370.0,0.14779936005451785,12,383.0,0.24046047138018553,25,753.0
4015.0,26,329.0,4.768115942028985,4.065917870636467,17,392.0,0.1459359139755395,9,323.0,0.23676639806079514,26,715.0
4020.0,28,381.0,5.861538461538461,4.900610643041137,13,358.0,0.2534209387996997,15,318.0,0.2167501978963038,28,676.0
4025.0,22,355.0,5.378787878787879,4.868267124674027,8,359.0,0.36209697135312924,14,341.0,0.11999861367375242,22,700.0
4030.0,21,421.0,6.378787878787879,5.276739636460384,12,372.0,0.2855006971805979,9,317.0,0.2789261909770161,21,689.0
4035.0,27,439.0,6.968253968253968,4.543186115338082,17,389.0,0.19285210303619263,10,301.0,0.29979001292739804,27,690.0
4040.0,23,445.0,6.846153846153846,5.704208126563078,14,375.0,0.2496417380996134,9,234.0,0.4253469694093218,23,609.0
4045.0,19,181.0,2.701492537313433,5.112533494900601,11,287.0,0.3308621943173937,8,188.0,0.21767100422603794,19,475.0
4050.0,27,240.0,3.3333333333333335,5.250315222331756,16,272.0,0.3381684703903266,11,155.0,0.19135299957707574,27,427.0
4055.0,30,283.0,4.042857142857143,4.559558953104855,19,334.0,0.2918901956169165,11,180.0,0.2655669712216706,30,514.0
4060.0,37,439.0,6.271428571428571,4.328785907903954,26,425.0,0.19381919636321307,11,203.0,0.38929591361006927,37,628.0
4065.0,35,465.0,6.549295774647887,3.9493625957069627,28,499.0,0.15500097744665062,7,196.0,0.4021819124324642,35,695.0
4070.0,30,401.0,5.493150684931507,4.549950025737318,24,509.0,0.14501111387900661,6,135.0,0.4170794950811176,30,644.0
4075.0,25,327.0,4.541666666666667,4.485413333011788,19,552.0,0.18453479799180814,6,159.0,0.2533208252413065,25,711.0
4080.0,30,323.0,4.306666666666667,4.846233293921994,17,600.0,0.23154051468810563,13,212.0,0.23600269356731807,30,812.0
4085.0,27,396.0,5.5,4.156707139983254,18,588.0,0.14823290114420257,9,233.0,0.38784893258755654,27,821.0
4090.0,27,453.0,6.863636363636363,4.646112188531452,18,567.0,0.13414004985130001,9,252.0,0.42614396931573495,27,819.0
4095.0,25,366.0,5.462686567164179,4.244229046582558,16,563.0,0.1481885645227576,9,224.0,0.2940049075230906,25,787.0
4100.0,33,421.0,5.767123287671233,4.2789713621470815,20,593.0,0.21025944665026183,13,230.0,0.22332376391932907,33,823.0
4105.0,35,436.0,6.140845070422535,4.249098213916672,25,645.0,0.24901196002597814,10,262.0,0.3370019907523661,35,907.0
4110.0,39,605.0,8.066666666666666,5.013003660989734,28,706.0,0.2657486689403419,11,307.0,0.42763323850621604,39,1013.0
4115.0,37,652.0,8.81081081081081,3.859538110019044,29,775.0,0.16484582061746333,8,313.0,0.417855643972226,37,1088.0
4120.0,37,664.0,8.853333333333333,3.950167169019123,30,809.0,0.06824213200924813,7,293.0,0.42489797588250255,37,1102.0
4125.0,37,523.0,6.705128205128205,4.227958573234882,29,855.0,0.07486323044825295,8,170.0,0.3987931431585265,37,1025.0
4130.0,31,370.0,4.6835443037974684,5.146589238160496,23,786.0,0.16633666350485068,8,142.0,0.385310183285814,31,928.0
4135.0,29,359.0,4.662337662337662,4.512443694014189,17,827.0,0.1955715665395064,12,137.0,0.2743907138820265,29,964.0
4140.0,33,426.0,5.461538461538462,4.071015561586051,19,830.0,0.17942262343060386,14,176.0,0.22250875922515298,33,1006.0
4145.0,35,563.0,7.311688311688312,3.865423078986943,22,833.0,0.16211536776467017,13,229.0,0.291749982194844,35,1062.0
4150.0,33,575.0,7.876712328767123,3.8784034639674587,22,778.0,0.21150114052025107,11,242.0,0.20238249307897352,33,1020.0
4155.0,27,503.0,6.618421052631579,3.9106311877373647,17,805.0,0.14794310201677227,10,212.0,0.19111819362734675,27,1017.0
4160.0,34,594.0,7.92,4.120366081152519,23,837.0,0.12474038701718404,11,238.0,0.2275598526266644,34,1075.0
4165.0,37,711.0,9.875,3.5709003628829987,25,881.0,0.07267918664328141,12,243.0,0.3157343004894139,37,1124.0
4170.0,30,653.0,9.19718309859155,3.94027320504244,22,854.0,0.15861617748456988,8,185.0,0.26311316239348936,30,1039.0
4175.0,27,651.0,9.434782608695652,3.8513550598806345,16,867.0,0.19666370146038714,11,162.0,0.2188115862230769,27,1029.0
4180.0,25,615.0,8.661971830985916,4.503972987511605,16,846.0,0.24010635064770458,9,161.0,0.2954377658800908,25,1007.0
4185.0,27,689.0,9.704225352112676,4.274585650074246,20,865.0,0.1330848792975841,7,138.0,0.400142343296645,27,1003.0
4190.0,27,659.0,9.414285714285715,4.605876684506477,21,845.0,0.13623187584549148,6,94.0,0.36030085680439616,27,939.0
4195.0,27,556.0,7.942857142857143,5.07895599091555,21,811.0,0.21697315951101728,6,72.0,0.3807263742985293,27,883.0
4200.0,22,255.0,3.8636363636363638,4.72530682458836,15,690.0,0.2485148521031895,7,92.0,0.45286995444651423,22,782.0
4205.0,25,261.0,4.015384615384615,4.2872575400743935,18,611.0,0.1990642455238578,7,111.0,0.48035531388971836,25,722.0
4210.0,26,285.0,4.318181818181818,4.093978656815006,22,576.0,0.18419543939200855,4,112.0,0.5328330802294833,26,688.0
4215.0,33,357.0,5.028169014084507,3.949527831536848,29,620.0,0.13968048457451074,4,88.0,0.47144573214176033,33,708.0
4220.0,37,457.0,6.5285714285714285,3.9878333072646974,32,711.0,0.13624027709367384,5,110.0,0.4709397254910045,37,821.0
4225.0,32,441.0,6.041095890410959,5.273269714568377,26,726.0,0.16031821356816756,6,136.0,0.49542589321977787,32,862.0
4230.0,25,376.0,5.1506849315068495,4.883851687930843,20,770.0,0.1330905021099286,5,151.0,0.5692989699479004,25,921.0
4235.0,21,331.0,4.413333333333333,5.22861500902433,16,752.0,0.18548953193062293,5,171.0,0.5330105847671283,21,923.0
4240.0,26,351.0,4.618421052631579,4.52876016804327,19,771.0,0.2037992457928198,7,164.0,0.44903131189512513,26,935.0
4245.0,29,424.0,5.808219178082192,4.374139053726635,18,727.0,0.22359304215376782,11,186.0,0.3703754883845882,29,913.0
4250.0,30,470.0,6.0256410256410255,3.679719658953929,20,784.0,0.16495753662223492,10,209.0,0.3043246660226426,30,993.0
4255.0,25,504.0,6.072289156626506,4.588064993507497,20,826.0,0.12075609878137121,5,196.0,0.49268740884825496,25,1022.0
4260.0,30,473.0,5.630952380952381,4.711162654225502,24,865.0,0.14741003391293667,6,118.0,0.5198439939016815,30,983.0
4265.0,34,565.0,6.569767441860465,4.759693455088742,24,843.0,0.19806017846517,10,114.0,0.3461534701761573,34,957.0
4270.0,32,457.0,5.440476190476191,4.159379068510809,20,781.0,0.2450485066401728,12,134.0,0.19900721263409824,32,915.0
4275.0,36,569.0,6.694117647058824,4.167912391952856,22,789.0,0.20384106744840327,14,194.0,0.2533598250679491,36,983.0
4280.0,40,655.0,7.528735632183908,3.940624846579455,27,875.0,0.16453873077132328,13,211.0,0.2978551612356734,40,1086.0
4285.0,44,741.0,8.420454545454545,3.961243792128542,33,968.0,0.09183956582288472,11,214.0,0.3653930698181773,44,1182.0
4290.0,46,788.0,8.954545454545455,3.7678121222123853,37,1059.0,0.04371590098464925,9,200.0,0.4084273961232829,46,1259.0
4295.0,45,859.0,10.226190476190476,3.930527164137019,33,1078.0,0.09491843749141561,12,184.0,0.3239225003542034,45,1262.0
4300.0,37,681.0,8.5125,3.537408558457556,22,1014.0,0.15137321935512907,15,217.0,0.23919770452824676,37,1231.0
4305.0,31,495.0,6.036585365853658,3.8768433026234694,19,944.0,0.13335371159553697,12,235.0,0.26237478038765855,31,1179.0
4310.0,31,441.0,5.653846153846154,3.683135320137606,18,959.0,0.1263156610697901,13,258.0,0.2681983078951331,31,1217.0
4315.0,33,474.0,5.780487804878049,4.165732156495853,18,905.0,0.13544376597462604,15,253.0,0.2615678373346295,33,1158.0
4320.0,33,431.0,5.3875,3.4894858773683195,19,942.0,0.17427534478007367,14,263.0,0.1603927548471716,33,1205.0
4325.0,39,500.0,6.329113924050633,4.217372511499133,23,957.0,0.20612814344795488,16,241.0,0.2305133259722164,39,1198.0
4330.0,40,441.0,5.653846153846154,3.4408617373950063,26,982.0,0.125317581934962,14,274.0,0.2805360583671501,40,1256.0
4335.0,38,497.0,6.371794871794871,4.24406788648349,31,989.0,0.09374747466917523,7,241.0,0.4281839754175029,38,1230.0
4340.0,44,590.0,7.375,3.9356882984641564,33,1061.0,0.07757239375162024,11,256.0,0.37592181560655696,44,1317.0
4345.0,40,603.0,7.730769230769231,4.286044204364695,25,1031.0,0.18297770475719585,15,266.0,0.25687872786389093,40,1297.0
4350.0,31,551.0,6.974683544303797,4.267240476764014,15,970.0,0.2671710334210085,16,303.0,0.16525382274489048,31,1273.0
4355.0,27,406.0,5.075,4.60599593291505,16,856.0,0.2402876460103299,11,301.0,0.21305265071705656,27,1157.0
4360.0,30,306.0,3.8734177215189876,4.299126519646903,19,859.0,0.21986771279502063,11,250.0,0.2744669590554398,30,1109.0
4365.0,33,376.0,4.7594936708860756,4.835111467220347,19,796.0,0.24282843327418738,14,229.0,0.2894424065899089,33,1025.0
4370.0,28,365.0,4.740259740259741,3.830461622592667,15,752.0,0.17273037886044615,13,263.0,0.19280586027429306,28,1015.0
4375.0,30,433.0,6.013888888888889,4.523325678734813,20,778.0,0.14075705618984521,10,263.0,0.323449339715201,30,1041.0
4380.0,33,386.0,5.436619718309859,3.7608694694525546,21,819.0,0.02638227640137977,12,244.0,0.32169659320438065,33,1063.0
4385.0,41,477.0,6.814285714285714,4.440863952560325,30,882.0,0.04872654782295629,11,213.0,0.4186141350476621,41,1095.0
4390.0,36,485.0,7.028985507246377,4.225334273534837,26,943.0,0.10713136122374395,10,196.0,0.38531513319147936,36,1139.0
4395.0,32,500.0,7.246376811594203,4.516946417764014,17,888.0,0.13749011716697318,15,215.0,0.31395998060711333,32,1103.0
4400.0,24,398.0,6.03030303030303,4.259115429905351,10,779.0,0.18031401899559216,14,241.0,0.23889094645880699,24,1020.0
4405.0,20,282.0,4.147058823529412,5.09592932242991,8,614.0,0.18678503208972586,12,246.0,0.2978951383188744,20,860.0
4410.0,21,230.0,3.484848484848485,4.8620744328193695,12,598.0,0.1751835491341174,9,207.0,0.3302973288391346,21,805.0
4415.0,23,260.0,3.8805970149253732,5.913387763587946,11,533.0,0.3105533628523857,12,186.0,0.30979028341443493,23,719.0
4420.0,21,254.0,3.735294117647059,5.340857866842139,8,463.0,0.3428771938080343,13,179.0,0.17551273545523327,21,642.0
4425.0,27,338.0,4.970588235294118,5.126486151368799,13,378.0,0.2443474558082143,14,205.0,0.26422937759684145,27,583.0
4430.0,30,392.0,6.030769230769231,4.370736770629122,17,403.0,0.16972318967822383,13,231.0,0.3571348427906006,30,634.0
4435.0,19,375.0,6.048387096774194,5.155420924767631,10,365.0,0.21583092783421987,9,212.0,0.33589825691672953,19,577.0
4440.0,19,161.0,2.683333333333333,4.752531606174773,8,264.0,0.2233726996355049,11,174.0,0.16790531695224598,19,438.0
4445.0,28,230.0,3.59375,5.162137558419484,12,214.0,0.21212619630961388,16,195.0,0.16998084029116803,28,409.0
4450.0,30,284.0,4.655737704918033,4.811028264102777,15,210.0,0.3002367059147641,15,243.0,0.2811457661732547,30,453.0
4455.0,30,416.0,6.4,5.466186482025602,16,280.0,0.3244143846581568,14,287.0,0.35760473759580214,30,567.0
4460.0,26,397.0,6.203125,5.004185903150667,16,302.0,0.30289357600435846,10,285.0,0.38916525309576133,26,587.0
4465.0,21,310.0,4.920634920634921,5.504404102741296,12,262.0,0.24543030000768712,9,236.0,0.4130365120592962,21,498.0
4470.0,16,165.0,2.619047619047619,4.992579101575391,5,211.0,0.27615780163754317,11,178.0,0.25762361346359747,16,389.0
4475.0,26,214.0,3.34375,5.373185932173822,12,235.0,0.23535659248517846,14,157.0,0.2890054020675747,26,392.0
4480.0,28,260.0,4.126984126984127,4.934703306500145,14,251.0,0.30756462542480506,14,186.0,0.24862729740830386,28,437.0
4485.0,19,271.0,4.370967741935484,5.768684090174066,6,219.0,0.3743924511176133,13,209.0,0.26155565825108673,19,428.0
4490.0,14,174.0,2.9,5.688946809324715,3,133.0,0.4490756821901683,11,224.0,0.2055593997181911,14,357.0
4495.0,20,247.0,4.116666666666666,5.30225653249143,8,116.0,0.3204005213839357,12,256.0,0.20550422220160638,20,372.0
4500.0,26,212.0,3.593220338983051,4.76849799523034,14,149.0,0.16146399271950873,12,251.0,0.3523002143744776,26,400.0
4505.0,28,294.0,5.068965517241379,4.59203921825183,20,211.0,0.08060561046065459,8,201.0,0.39192326683733597,28,412.0
4510.0,26,282.0,5.222222222222222,4.113198490554284,19,257.0,0.09304926686728024,7,163.0,0.35626377684341415,26,420.0
4515.0,20,260.0,4.90566037735849,5.166539642926437,9,242.0,0.2677373076037534,11,185.0,0.2802588447936346,20,427.0
4520.0,16,165.0,3.0,5.025791619941446,5,247.0,0.37798393870606517,11,184.0,0.18308127148287473,16,431.0
4525.0,22,209.0,3.943396226415094,4.938377651031871,10,266.0,0.2946321824548625,12,169.0,0.2130543238137249,22,435.0
4530.0,23,221.0,4.0181818181818185,4.199239746701537,13,279.0,0.20365503838494659,10,179.0,0.2982984171790146,23,458.0
4535.0,16,192.0,3.3684210526315788,6.105403673859384,9,240.0,0.2242702074512051,7,151.0,0.40755619667584136,16,391.0
4540.0,12,164.0,2.981818181818182,6.033232510141992,4,261.0,0.2555668493607613,8,150.0,0.28716632462999503,12,411.0
4545.0,17,190.0,3.392857142857143,6.28535950660239,11,306.0,0.2686181262458549,6,146.0,0.27834657271216273,17,452.0
4550.0,20,221.0,4.42,4.966684726114858,13,313.0,0.2540267384818246,7,132.0,0.23195584059222782,20,445.0
4555.0,15,228.0,4.851063829787234,5.075289724790344,6,252.0,0.25734085602672196,9,156.0,0.2582969139214562,15,408.0
4560.0,13,150.0,3.409090909090909,5.515434149338232,4,124.0,0.4364173275946689,9,177.0,0.08735674719791874,13,301.0
4565.0,16,209.0,4.8604651162790695,5.714286803218525,8,147.0,0.3748254226455697,8,187.0,0.2038106477838687,16,334.0
4570.0,15,201.0,4.902439024390244,4.506331742047595,8,146.0,0.284270339124552,7,177.0,0.2873526858018117,15,323.0
4575.0,11,200.0,4.878048780487805,5.567158427864588,6,123.0,0.23703677166795123,5,170.0,0.40096823202347187,11,293.0
4580.0,14,248.0,6.048780487804878,5.247140791287151,7,127.0,0.19178295736021356,7,193.0,0.37079480758149436,14,320.0
4585.0,17,174.0,3.702127659574468,5.352354228855929,13,169.0,0.14224189407552632,4,127.0,0.452288373241415,17,296.0
4590.0,16,205.0,4.456521739130435,6.168403517837851,11,197.0,0.24916884612537443,5,56.0,0.527118654786436,16,253.0
4595.0,9,207.0,4.6,8.210535269646206,5,183.0,0.4960859178858533,4,70.0,0.5248405673078373,9,253.0
4600.0,10,148.0,3.3636363636363638,6.679354852763015,4,114.0,0.46980877974458035,6,89.0,0.2446781416775226,10,203.0
4605.0,18,185.0,4.512195121951219,5.768496504991523,9,131.0,0.3749641926563902,9,89.0,0.30471921229207977,18,220.0
4610.0,16,223.0,5.439024390243903,4.456156116027792,10,150.0,0.23225372903633987,6,112.0,0.3489651751501156,16,262.0
4615.0,15,213.0,4.840909090909091,6.007264162503569,8,162.0,0.32082750761753615,7,101.0,0.3923180651931284,15,263.0
4620.0,13,151.0,3.282608695652174,7.165647907310083,5,96.0,0.3879376966070483,8,115.0,0.4615721320148076,13,211.0
4625.0,13,103.0,2.06,6.991515087656385,7,78.0,0.39329087324246453,6,101.0,0.3885730894304791,13,179.0
4630.0,13,147.0,3.0625,7.39486156518776,6,91.0,0.34893928772466243,7,96.0,0.52418830815394,13,187.0
4635.0,11,127.0,2.953488372093023,7.341884205179886,5,93.0,0.3708957948146362,6,82.0,0.42080587446451345,11,175.0
4640.0,8,138.0,3.45,7.498940197302035,3,88.0,0.4752339855239947,5,87.0,0.2237031543873982,8,175.0
4645.0,12,171.0,4.384615384615385,7.646093936556608,6,110.0,0.5655834442295159,6,104.0,0.24392426381552515,12,214.0
4650.0,13,216.0,5.684210526315789,7.086133377744197,7,126.0,0.4952835345744183,6,124.0,0.3690967499442273,13,250.0
4655.0,10,182.0,4.55,7.276580939925873,6,127.0,0.4649175491290554,4,107.0,0.49884339966526636,10,234.0
4660.0,9,106.0,2.5238095238095237,6.861782228439282,5,61.0,0.4625990354111808,4,70.0,0.342104068437544,9,131.0
4665.0,13,100.0,2.272727272727273,7.092359416308892,10,88.0,0.45045078483238526,3,48.0,0.5025373745196784,13,136.0
4670.0,14,122.0,2.975609756097561,6.788494728016712,12,130.0,0.35384506505336133,2,15.0,0.6133579415048336,14,145.0
4675.0,16,167.0,3.630434782608696,5.9915862799130375,13,157.0,0.224996521762805,3,33.0,0.5816710967413898,16,190.0
4680.0,16,161.0,3.22,5.464748812506689,15,195.0,0.18987290917680277,1,24.0,0.5982989390412508,16,219.0
4685.0,13,148.0,3.0833333333333335,7.171018805929191,11,185.0,0.3593381409858388,2,30.0,0.670132452258792,13,215.0
4690.0,18,185.0,3.5576923076923075,6.173243616432673,12,215.0,0.4060996599490033,6,52.0,0.4148951071675606,18,267.0
4695.0,22,235.0,4.351851851851852,5.542694121005326,14,247.0,0.37058263789596685,8,64.0,0.30288751254915586,22,311.0
4700.0,27,318.0,5.888888888888889,4.204381980079021,17,301.0,0.2732309618468333,10,99.0,0.27373343190975197,27,400.0
4705.0,27,345.0,5.390625,5.096211762464591,19,350.0,0.25727992087079415,8,115.0,0.4456860377971359,27,465.0
4710.0,24,308.0,4.8125,5.607236879268845,17,335.0,0.24959472836394417,7,99.0,0.4716016313404337,24,434.0
4715.0,26,361.0,5.553846153846154,5.643474401902324,20,356.0,0.15445173978242635,6,116.0,0.4895602832913896,26,472.0
4720.0,28,352.0,5.253731343283582,4.895641256113291,21,383.0,0.16273146891061613,7,111.0,0.418002525838089,28,494.0
4725.0,25,305.0,4.552238805970149,5.592336383830564,16,350.0,0.28583129532312734,9,139.0,0.39723992290039606,25,489.0
4730.0,28,377.0,5.984126984126984,5.2792059629939585,16,347.0,0.343317100046488,12,181.0,0.18031548180865373,28,528.0
4735.0,27,385.0,5.833333333333333,4.950557480290743,16,383.0,0.26378539995135675,11,215.0,0.23964418795341302,27,598.0
4740.0,24,425.0,6.746031746031746,4.816650940350489,16,413.0,0.1633880529551926,8,214.0,0.4246672082549787,24,627.0
4745.0,23,409.0,6.932203389830509,4.983845554533037,15,419.0,0.1684142223172752,8,185.0,0.3598104915086848,23,604.0
4750.0,25,303.0,4.887096774193548,5.083118862400973,16,398.0,0.16940680293523494,9,129.0,0.2413842878182185,25,527.0
4755.0,26,316.0,5.266666666666667,4.879125547997538,19,402.0,0.11811924718641767,7,150.0,0.35559737980457956,26,552.0
4760.0,31,412.0,7.228070175438597,4.765220701873199,21,462.0,0.16776984976536874,10,184.0,0.47605290579222626,31,646.0
4765.0,28,414.0,6.786885245901639,4.712539197865522,19,493.0,0.218212792510618,9,181.0,0.4599623415566884,28,674.0
4770.0,24,459.0,7.65,4.615423807527732,15,531.0,0.27046842890670153,9,181.0,0.3676429349262483,24,712.0
4775.0,26,422.0,7.033333333333333,4.1196409633350095,13,512.0,0.2980034657889932,13,206.0,0.14544530375627693,26,718.0
4780.0,28,321.0,5.5344827586206895,3.5582775483821707,9,414.0,0.25545620059657975,19,238.0,0.07580233584080462,28,652.0
4785.0,30,303.0,5.05,3.8806360243109554,14,346.0,0.26873384793251787,16,251.0,0.17282918399930122,30,597.0
4790.0,27,340.0,5.862068965517241,4.373175613319767,17,380.0,0.12996883631655926,10,210.0,0.40630157385158583,27,590.0
4795.0,19,320.0,5.714285714285714,5.03782919624116,12,394.0,0.15492569280747695,7,183.0,0.38081061681418965,19,577.0
4800.0,20,283.0,5.053571428571429,5.504624106016817,11,365.0,0.2873949785779497,9,138.0,0.25463888857153916,20,503.0
4805.0,24,300.0,5.555555555555555,4.821908717698258,13,347.0,0.23969220583364045,11,156.0,0.23345800584473647,24,503.0
4810.0,26,375.0,6.944444444444445,4.73574489495713,15,401.0,0.1895713964998075,11,155.0,0.399310899239664,26,556.0
4815.0,17,367.0,6.43859649122807,6.272071398321724,9,412.0,0.3492940954886268,8,154.0,0.4578244712022281,17,566.0
4820.0,14,290.0,5.087719298245614,6.2545854802127,9,379.0,0.27775359212744927,5,107.0,0.482143863676701,14,486.0
4825.0,19,184.0,3.066666666666667,5.312154590625233,13,293.0,0.24440910294554333,6,90.0,0.2649292514060817,19,383.0
4830.0,25,258.0,4.448275862068965,5.272754958076532,15,337.0,0.2599738757310683,10,102.0,0.31605193725705455,25,439.0
4835.0,22,291.0,5.705882352941177,4.809367948507327,11,341.0,0.26778500053244125,11,140.0,0.3000489221858183,22,481.0
4840.0,18,274.0,5.169811320754717,4.496124790473386,9,340.0,0.2103293850702519,9,160.0,0.2913442140041428,18,500.0
4845.0,23,300.0,5.357142857142857,4.569012065882386,15,354.0,0.19215291215957434,8,164.0,0.32058593961710863,23,518.0
4850.0,24,369.0,6.833333333333333,4.8093720777811955,15,395.0,0.1894382024958753,9,145.0,0.3585613985832104,24,540.0
4855.0,18,376.0,6.836363636363636,5.393140064852402,8,390.0,0.252275765432043,10,173.0,0.2374272366419251,18,563.0
4860.0,14,274.0,4.892857142857143,5.718323642618524,6,288.0,0.3489830005465917,8,209.0,0.1985586694427128,14,497.0
4865.0,21,366.0,6.310344827586207,5.9707972024217275,11,295.0,0.4070536709786031,10,248.0,0.296950143020584,21,543.0
4870.0,25,409.0,7.051724137931035,4.918011407713503,14,331.0,0.3986597758911995,11,265.0,0.2801847869983721,25,596.0
4875.0,19,431.0,7.183333333333334,5.633340785517508,8,327.0,0.41892173607807237,11,266.0,0.33069636709192873,19,593.0
4880.0,22,355.0,5.916666666666667,4.589573494428673,11,220.0,0.360729878757103,11,301.0,0.17182767219909992,22,521.0
4885.0,29,434.0,6.888888888888889,4.9338440019766026,18,170.0,0.32837170689984835,11,341.0,0.20719338310725094,29,511.0
4890.0,26,437.0,7.163934426229508,4.278814439803671,17,234.0,0.2664640973703797,9,328.0,0.28857100793885104,26,562.0
4895.0,28,499.0,7.920634920634921,4.780366402566448,19,282.0,0.15474858268200137,9,321.0,0.43229209008911484,28,603.0
4900.0,28,331.0,5.253968253968254,4.804014947261315,22,343.0,0.1888616259773319,6,197.0,0.43871811148610323,28,540.0
4905.0,24,355.0,5.378787878787879,5.650945626243139,13,346.0,0.2715251139834218,11,166.0,0.3617829155566696,24,512.0
4910.0,23,295.0,4.538461538461538,4.9826052600881585,12,305.0,0.2324254468068986,11,200.0,0.33946370364164,23,505.0
4915.0,26,316.0,4.647058823529412,5.466266960198387,16,279.0,0.26232684912579096,10,215.0,0.3196386349022844,26,494.0
4920.0,27,332.0,4.742857142857143,5.131186750336022,17,314.0,0.2738534448676767,10,216.0,0.26425975224823667,27,530.0
4925.0,33,428.0,5.863013698630137,6.0125354116968905,20,390.0,0.3139556292494302,13,219.0,0.3994948123645171,33,609.0
4930.0,29,435.0,5.878378378378378,5.068264159183044,18,418.0,0.2756909544875075,11,263.0,0.39541317779342794,29,681.0
4935.0,31,543.0,7.0519480519480515,5.302544812141542,20,442.0,0.2644359663117331,11,291.0,0.4148439092104438,31,733.0
4940.0,30,517.0,6.714285714285714,4.836740931380185,19,456.0,0.22225143874760858,11,298.0,0.3482956288266449,30,754.0
4945.0,30,450.0,5.8441558441558445,4.640949708770998,16,398.0,0.23295336654920584,14,332.0,0.255558604184692,30,730.0
4950.0,35,327.0,4.302631578947368,3.9976585199726524,19,383.0,0.21875945567695715,16,286.0,0.08591175606649225,35,669.0
4955.0,39,370.0,5.068493150684931,4.019530380853822,22,425.0,0.1704556659481565,17,237.0,0.15602682992495023,39,662.0
4960.0,38,408.0,5.828571428571428,3.7191242987782784,24,496.0,0.15348062395329745,14,273.0,0.22653271147376375,38,769.0
4965.0,35,450.0,6.25,4.386998842605052,28,563.0,0.13789965213775177,7,256.0,0.35987950074206254,35,819.0
4970.0,34,544.0,7.4520547945205475,5.141532795055512,27,593.0,0.16033534273817293,7,239.0,0.4802585242814018,34,832.0
4975.0,27,476.0,6.181818181818182,5.759891563018028,20,557.0,0.22247140915318322,7,244.0,0.3774413165595541,27,801.0
4980.0,28,422.0,5.552631578947368,4.084977585547552,15,572.0,0.16251555211878033,13,254.0,0.2313544880521872,28,826.0
4985.0,33,393.0,4.974683544303797,4.7253573492698395,19,581.0,0.20499023886453488,14,305.0,0.30080261234312294,33,886.0
4990.0,33,471.0,6.116883116883117,4.481981876123665,23,615.0,0.17732934552468602,10,310.0,0.3693491953315689,33,925.0
4995.0,31,450.0,5.921052631578948,4.763165768749244,18,598.0,0.15660796539960684,13,278.0,0.3649515566280814,31,876.0
5000.0,32,504.0,6.379746835443038,4.631244307553431,18,639.0,0.15743521940534355,14,245.0,0.32901117636945565,32,884.0
5005.0,32,534.0,6.592592592592593,4.504598120438029,17,637.0,0.1665699132710154,15,240.0,0.3186780305667088,32,877.0
5010.0,37,592.0,7.589743589743589,3.9383185818077644,21,679.0,0.18027071783992754,16,254.0,0.2967895760081566,37,933.0
5015.0,36,643.0,8.808219178082192,3.6871390501113503,17,660.0,0.20440099009149312,19,297.0,0.22194877512051928,36,957.0
5020.0,31,506.0,6.571428571428571,3.4439892332829065,15,597.0,0.19275522502486797,16,297.0,0.14215378725360422,31,894.0
5025.0,33,416.0,5.2,3.9473036764990197,18,566.0,0.11224714305941692,15,319.0,0.2561618575987852,33,885.0
5030.0,37,550.0,6.790123456790123,4.571114541194248,19,608.0,0.1452828224376908,18,361.0,0.368476026743069,37,969.0
5035.0,35,581.0,7.2625,4.763774428794695,17,622.0,0.24839393921767053,18,402.0,0.3585391177707813,35,1024.0
5040.0,32,432.0,5.2682926829268295,4.430176872220504,13,556.0,0.2667048168419322,19,420.0,0.24099270182310717,32,976.0
5045.0,40,496.0,5.7011494252873565,4.538525725091379,18,500.0,0.28769648097799794,22,463.0,0.2227995316545334,40,963.0
5050.0,37,540.0,6.352941176470588,4.380805843111606,19,553.0,0.18517527697207695,18,446.0,0.2759655498621126,37,999.0
5055.0,37,613.0,7.858974358974359,4.207671431743317,18,572.0,0.16440874883131903,19,471.0,0.23106449392471587,37,1043.0
5060.0,34,683.0,8.645569620253164,4.493235318374753,12,525.0,0.3092000904358799,22,537.0,0.09280436176458638,34,1062.0
5065.0,38,683.0,9.106666666666667,4.316719647960036,15,455.0,0.32709710299877365,23,553.0,0.09601262509585153,38,1008.0
5070.0,38,543.0,7.541666666666667,4.2063376303748115,21,466.0,0.2828714518021585,17,487.0,0.1947410168333776,38,953.0
5075.0,36,463.0,6.173333333333333,3.660623951522192,22,441.0,0.20440251044756041,14,498.0,0.22062197937707378,36,939.0
5080.0,37,448.0,5.894736842105263,4.002828395747417,22,495.0,0.2315680410397001,15,492.0,0.22726623430189127,37,987.0
5085.0,32,382.0,4.897435897435898,4.217556606303469,17,491.0,0.23763107744122802,15,504.0,0.2273551791222923,32,995.0
5090.0,27,241.0,3.08974358974359,4.222568992699577,15,499.0,0.16619257421078754,12,465.0,0.2577578228142592,27,964.0
5095.0,32,344.0,4.526315789473684,4.920552675493148,20,513.0,0.1531518146036187,12,469.0,0.3812431827155481,32,982.0
5100.0,37,395.0,5.12987012987013,4.072110392496409,24,578.0,0.10252569335952083,13,452.0,0.30628646095756457,37,1030.0
5105.0,43,539.0,7.383561643835616,3.609226785455142,27,665.0,0.1485808717401579,16,457.0,0.2734870050642265,43,1122.0
5110.0,43,578.0,7.706666666666667,3.6038994699143125,27,705.0,0.21296995908516383,16,405.0,0.2192488641861257,43,1110.0
5115.0,41,575.0,7.467532467532467,3.5726943539274676,25,719.0,0.214466441094878,16,430.0,0.20734245514784563,41,1149.0
5120.0,37,576.0,7.384615384615385,3.3766931025704006,26,749.0,0.11074263874171789,11,394.0,0.2730158878057646,37,1143.0
5125.0,32,459.0,5.7375,3.8934081162122864,23,694.0,0.1545507102932132,9,377.0,0.2139463830869855,32,1071.0
5130.0,29,407.0,4.963414634146342,4.2700997448504685,17,753.0,0.18301095579823473,12,351.0,0.18140349278139312,29,1104.0
5135.0,32,429.0,5.5,3.920707429061759,16,755.0,0.1743278114051269,16,394.0,0.18080782957728417,32,1149.0
5140.0,31,447.0,6.04054054054054,3.7204844404812296,20,775.0,0.0797537390096025,11,412.0,0.2811891824646112,31,1187.0
5145.0,36,504.0,7.0,3.7276990923141744,26,843.0,0.09244646362120404,10,391.0,0.3237943298743549,36,1234.0
5150.0,40,557.0,7.736111111111111,4.074852327858041,28,870.0,0.1299121919539303,12,364.0,0.3175004606497501,40,1234.0
5155.0,32,542.0,7.424657534246576,4.268998804703558,18,757.0,0.209128782239244,14,400.0,0.20852631495824941,32,1157.0
5160.0,24,494.0,7.264705882352941,4.106168801743116,14,734.0,0.16459707629633907,10,410.0,0.2031625833416166,24,1144.0
5165.0,22,294.0,4.260869565217392,4.2161621260338835,13,770.0,0.15084290647483256,9,295.0,0.2452526386688289,22,1065.0
5170.0,31,378.0,5.323943661971831,4.2246229558873765,16,747.0,0.1410155381645889,15,254.0,0.33069679254272005,31,1001.0
5175.0,28,433.0,6.367647058823529,4.403898602483748,14,633.0,0.21449779061136456,14,296.0,0.30764220806245357,28,929.0
5180.0,18,305.0,4.357142857142857,5.133912824854595,9,596.0,0.23167508885568433,9,297.0,0.32689419454875834,18,893.0
5185.0,19,251.0,3.535211267605634,5.692632888454322,9,522.0,0.25838037184546264,10,291.0,0.2827924577856616,19,813.0
5190.0,28,286.0,4.205882352941177,4.866142486147682,15,496.0,0.2250430682655886,13,274.0,0.23188069296310737,28,770.0
5195.0,27,233.0,3.6984126984126986,4.366520444104417,13,393.0,0.2512106388924492,14,265.0,0.21163084599664228,27,658.0
5200.0,23,245.0,4.016393442622951,4.312360273338749,8,363.0,0.2765540987984735,15,240.0,0.21308238585525563,23,603.0
5205.0,26,306.0,4.78125,3.9074496697829026,12,406.0,0.24651207908615386,14,264.0,0.23427594849832475,26,670.0
5210.0,25,340.0,5.0,4.0329374775839835,14,385.0,0.17427288470549882,11,243.0,0.3075089869278394,25,628.0
5215.0,20,300.0,4.166666666666667,5.223928717842043,10,318.0,0.20498505738731887,10,238.0,0.3488023184116495,20,556.0
5220.0,24,260.0,3.466666666666667,5.6858040343992915,10,270.0,0.2566027058923296,14,254.0,0.3809926245043777,24,524.0
5225.0,30,322.0,4.181818181818182,5.141066840772017,14,293.0,0.2276818192242377,16,282.0,0.39868302289827384,30,575.0
5230.0,32,371.0,4.881578947368421,4.157944371818754,18,319.0,0.12213981431844735,14,298.0,0.3894782891484934,32,617.0
5235.0,32,408.0,5.513513513513513,3.6544597233831513,15,321.0,0.1525207064853475,17,334.0,0.257935617239545,32,655.0
5240.0,31,312.0,4.216216216216216,3.029552680782767,12,295.0,0.14693281249029203,19,359.0,0.13679956196155496,31,654.0
5245.0,37,419.0,5.5131578947368425,3.229048699170787,14,296.0,0.16584897380138325,23,445.0,0.10984522289407977,37,741.0
5250.0,38,524.0,6.986666666666666,3.3799917117170177,16,336.0,0.15891640257270911,22,501.0,0.11835424127023118,38,837.0
5255.0,31,565.0,7.243589743589744,4.204619285325412,12,323.0,0.2694857278160893,19,553.0,0.08037300391030174,31,876.0
5260.0,27,547.0,7.012820512820513,5.026731928515697,8,311.0,0.32385171100380644,19,580.0,0.17541236739236643,27,891.0
5265.0,29,485.0,6.217948717948718,5.013143782868126,12,333.0,0.31160562658115715,17,556.0,0.240162800160573,29,889.0
5270.0,25,355.0,4.930555555555555,4.241944146129804,13,356.0,0.17308582337580058,12,448.0,0.298277173098369,25,804.0
5275.0,28,393.0,5.779411764705882,4.031645000691092,15,344.0,0.15032450502271236,13,473.0,0.2372891180383979,28,817.0
5280.0,22,274.0,4.029411764705882,3.990142415664683,7,275.0,0.16969440870990501,15,490.0,0.14559019510232868,22,765.0
5285.0,28,367.0,5.477611940298507,4.226023205199343,12,242.0,0.20083007232118438,16,485.0,0.1850911788175211,28,727.0
5290.0,24,414.0,6.17910447761194,4.728052888677287,14,263.0,0.1699335257361844,10,435.0,0.25382274977147895,24,698.0
5295.0,22,378.0,5.7272727272727275,5.198814095321182,11,247.0,0.18232187236520697,11,403.0,0.2659314038651597,22,650.0
5300.0,18,284.0,4.507936507936508,5.706364721793374,5,214.0,0.2970291873061247,13,354.0,0.2890659302469885,18,568.0
5305.0,22,357.0,5.758064516129032,5.775735407212318,10,233.0,0.2947878544109935,12,377.0,0.32644064489828123,22,610.0
5310.0,24,419.0,7.618181818181818,4.158352136185449,13,249.0,0.17295600405424594,11,378.0,0.2783463791030462,24,627.0
5315.0,21,382.0,6.821428571428571,4.690369299335184,11,244.0,0.214220074307475,10,353.0,0.21695510385687342,21,597.0
5320.0,16,213.0,3.8727272727272726,5.494369557235124,8,185.0,0.27051658295205155,8,269.0,0.28803221898974624,16,454.0
5325.0,18,159.0,2.9444444444444446,5.774919276028127,11,183.0,0.25338585347823683,7,240.0,0.3622367407037249,18,423.0
5330.0,22,212.0,3.7857142857142856,5.096580046773716,13,203.0,0.22318751172581164,9,209.0,0.34054033342036816,22,412.0
5335.0,19,195.0,3.305084745762712,5.356888543073169,8,186.0,0.31346696874178165,11,187.0,0.279310437063345,19,373.0
5340.0,16,189.0,3.098360655737705,6.828913844426444,6,160.0,0.4789523005276602,10,193.0,0.3680925447620359,16,353.0
5345.0,19,228.0,3.5625,6.5080767184612345,9,180.0,0.4637413701131508,10,163.0,0.3428178494560106,19,343.0
5350.0,21,280.0,4.516129032258065,6.288477638418595,12,207.0,0.38572892509473944,9,171.0,0.41595914023212777,21,378.0
5355.0,18,208.0,3.586206896551724,4.566029806959715,12,209.0,0.24719381992144557,6,134.0,0.278561034427588,18,343.0
5360.0,21,205.0,3.727272727272727,4.060479343520081,12,220.0,0.15421573564630056,9,93.0,0.21900922982893867,21,313.0
5365.0,24,239.0,4.267857142857143,4.333476480739279,16,243.0,0.13044705263341613,8,104.0,0.2451288164550278,24,347.0
5370.0,28,321.0,6.056603773584905,4.459104495909731,19,304.0,0.150402522705234,9,106.0,0.3420054822310346,28,410.0
5375.0,19,319.0,6.510204081632653,4.968180094333127,12,326.0,0.27413707489622247,7,105.0,0.32095940647751753,19,431.0
5380.0,18,228.0,4.470588235294118,4.6132787637195145,10,255.0,0.32491453416602917,8,102.0,0.1200657764955812,18,357.0
5385.0,22,264.0,5.176470588235294,5.112356970030243,14,257.0,0.287598934757668,8,113.0,0.32198525136417255,22,370.0
5390.0,18,316.0,6.32,5.736596231510754,13,294.0,0.1705161458851636,5,97.0,0.5207742866186578,18,391.0
5395.0,13,284.0,6.042553191489362,6.577355374971751,11,294.0,0.1640411325061522,2,42.0,0.646380343194585,13,336.0
5400.0,11,249.0,5.1875,6.778627954976005,9,303.0,0.2571255018869669,2,21.0,0.6130437685999467,11,324.0
5405.0,16,260.0,5.531914893617022,7.452966942830454,12,275.0,0.3819076951314385,4,39.0,0.5843208802723743,16,314.0
5410.0,14,311.0,6.479166666666667,7.195860915247931,9,296.0,0.3632359470489869,5,64.0,0.6485965476955516,14,360.0
5415.0,15,360.0,7.5,6.588719704399764,8,300.0,0.3031401734188185,7,96.0,0.5012673547354217,15,396.0
5420.0,19,160.0,3.2653061224489797,4.880364489596304,9,215.0,0.28117028854149995,10,107.0,0.22381283974769278,19,322.0
5425.0,20,217.0,4.09433962264151,5.655403958857067,8,120.0,0.3302887633112797,12,156.0,0.2969371519363311,20,276.0
5430.0,17,196.0,3.69811320754717,5.9488537389970215,8,133.0,0.3257686346846301,9,163.0,0.42905252195266697,17,296.0
5435.0,15,226.0,4.185185185185185,7.354834948005969,8,143.0,0.3006542026564147,7,142.0,0.5554846672408174,15,285.0
5440.0,12,229.0,4.089285714285714,6.362142374382379,7,161.0,0.2767384552070182,5,146.0,0.44756435678352874,12,307.0
5445.0,19,301.0,5.375,6.721356596361734,9,181.0,0.3853709558424503,10,168.0,0.3573057415428313,19,349.0
5450.0,18,252.0,4.581818181818182,5.622844300035274,9,216.0,0.4188766171612269,9,124.0,0.2955300760480747,18,340.0
5455.0,22,323.0,5.981481481481482,5.505750530427987,9,237.0,0.41872540330168845,13,144.0,0.2926561093897526,22,381.0
5460.0,19,224.0,3.8620689655172415,6.00246051733651,8,163.0,0.40456730912339545,11,155.0,0.35500905323337145,19,318.0
5465.0,20,247.0,4.258620689655173,6.529771827866765,11,135.0,0.36865389139015176,9,147.0,0.3563887472613762,20,282.0
5470.0,19,246.0,4.315789473684211,5.785080482722887,13,177.0,0.2955799993730971,6,145.0,0.38411346685828524,19,322.0
5475.0,24,342.0,5.796610169491525,5.55402681857986,15,218.0,0.2291717954824129,9,157.0,0.4165884371840947,24,375.0
5480.0,23,256.0,4.129032258064516,5.371795251785701,13,247.0,0.2730631107131803,10,127.0,0.4343187084747732,23,374.0
5485.0,25,301.0,5.101694915254237,5.919656383025428,12,232.0,0.376636256351813,13,122.0,0.3723581042815201,25,354.0
5490.0,22,223.0,3.596774193548387,5.111653785036527,10,195.0,0.3577407414587089,12,153.0,0.22608666533368815,22,348.0
5495.0,25,272.0,4.689655172413793,5.481496490663261,15,204.0,0.2640331374631496,10,148.0,0.27781474863673544,25,352.0
5500.0,24,292.0,4.866666666666666,4.5063670204610435,14,242.0,0.19744813983536527,10,152.0,0.2697718860787502,24,394.0
5505.0,26,357.0,5.666666666666667,5.885093860101913,13,265.0,0.2978199983719151,13,161.0,0.33431896900319774,26,426.0
5510.0,24,391.0,6.516666666666667,5.295490690406584,14,305.0,0.339805999877604,10,180.0,0.2573317034820552,24,485.0
5515.0,23,390.0,6.610169491525424,6.29003425157216,14,313.0,0.3364541165486183,9,186.0,0.39324073479749055,23,499.0
5520.0,23,336.0,5.694915254237288,4.866177067151458,13,345.0,0.2755678817200645,10,166.0,0.2705742240546891,23,511.0
5525.0,28,408.0,6.915254237288136,5.137858876663507,16,396.0,0.3319725550406329,12,140.0,0.3095745023029573,28,536.0
5530.0,24,407.0,7.017241379310345,4.949440832919268,15,433.0,0.3371086524525289,9,154.0,0.3294484990695611,24,587.0
5535.0,23,472.0,8.0,5.902947495223682,13,453.0,0.38404061625341884,10,146.0,0.3145106168452828,23,599.0
5540.0,23,482.0,7.901639344262295,4.1274956814572485,13,466.0,0.2433515611767586,10,166.0,0.15771145248099444,23,632.0
5545.0,23,523.0,8.301587301587302,5.56094276500932,17,450.0,0.21681456249292166,6,155.0,0.34821136651973367,23,605.0
5550.0,22,510.0,8.5,5.327258743927578,18,516.0,0.12678107232459604,4,88.0,0.49744074248160225,22,604.0
5555.0,22,578.0,9.174603174603174,6.329591192785758,16,569.0,0.19489645498492078,6,72.0,0.5440915377316702,22,641.0
5560.0,23,439.0,7.316666666666666,5.873010061954928,14,453.0,0.215924738718648,9,106.0,0.41278966478145823,23,559.0
5565.0,23,303.0,4.809523809523809,5.968340846994428,14,388.0,0.33237941929505405,9,116.0,0.32322820202446184,23,504.0
5570.0,19,254.0,4.096774193548387,6.423341132872291,11,377.0,0.34417157748328997,8,114.0,0.42698915694390627,19,491.0
5575.0,24,281.0,4.60655737704918,5.663278533627566,16,368.0,0.23177984218430156,8,120.0,0.42971932927724465,24,488.0
5580.0,28,297.0,5.033898305084746,5.389216560066545,19,406.0,0.17330767463076455,9,123.0,0.51960576494895,28,529.0
5585.0,26,321.0,5.262295081967213,5.008453629125258,19,425.0,0.25678120187440595,7,104.0,0.4013495438239264,26,529.0
5590.0,25,290.0,4.754098360655738,4.9769968359558625,17,459.0,0.28089680266549116,8,100.0,0.37383943977093276,25,559.0
5595.0,21,233.0,3.640625,5.2631516410169485,13,422.0,0.23860916195247514,8,119.0,0.3890135926428169,21,541.0
5600.0,17,199.0,3.015151515151515,5.581272257363459,10,346.0,0.27481531251407826,7,104.0,0.27740483175054687,17,450.0
5605.0,18,148.0,2.3492063492063493,5.832847822135927,10,260.0,0.2149703885920234,8,111.0,0.33197360953734967,18,371.0
5610.0,27,210.0,3.442622950819672,5.356238910850188,17,286.0,0.1599978214218067,10,118.0,0.3610814342538086,27,404.0
5615.0,21,221.0,3.9464285714285716,5.119895295631423,12,289.0,0.2530348229193134,9,122.0,0.2836607495347101,21,411.0
5620.0,19,273.0,4.963636363636364,4.38838048757489,9,306.0,0.26257938942727305,10,150.0,0.10557935303128305,19,456.0
5625.0,23,321.0,5.732142857142857,4.8628187243853915,14,300.0,0.2873589406571994,9,170.0,0.2727030926380149,23,470.0
5630.0,24,349.0,6.232142857142857,4.884078706993833,18,349.0,0.16085177282794633,6,150.0,0.44495012488007263,24,499.0
5635.0,17,295.0,5.9,4.885295231608793,14,370.0,0.1496511816112735,3,97.0,0.4762897432865009,17,467.0
5640.0,16,217.0,4.254901960784314,4.663135833569309,10,336.0,0.2204775731208634,6,98.0,0.07155442656610755,16,434.0
5645.0,19,244.0,4.979591836734694,4.619888385084299,13,294.0,0.23056564035108892,6,110.0,0.2530413377773953,19,404.0
5650.0,19,298.0,5.730769230769231,5.7329511630260725,15,327.0,0.24400274607818373,4,94.0,0.5554549454865413,19,421.0
5655.0,12,295.0,5.363636363636363,7.3886108228762994,10,318.0,0.3313442931140709,2,96.0,0.7217224702731962,12,414.0
5660.0,12,327.0,5.945454545454545,7.332257743752323,9,347.0,0.34230754431237725,3,94.0,0.6660830409635701,12,441.0
5665.0,19,402.0,7.052631578947368,6.747967342092707,14,394.0,0.32974430576023617,5,115.0,0.48710994953035425,19,509.0
5670.0,24,476.0,8.814814814814815,4.871095151278778,15,429.0,0.2667754644649309,9,149.0,0.354857893024505,24,578.0
5675.0,18,495.0,8.839285714285714,5.459709161910382,12,433.0,0.25736374558721564,6,160.0,0.4392361948382264,18,593.0
5680.0,18,481.0,8.907407407407407,5.82479391699465,12,405.0,0.2470250235644109,6,170.0,0.38037692269986056,18,575.0
5685.0,19,483.0,8.944444444444445,5.67509326029147,13,403.0,0.19257382621810087,6,176.0,0.33803850166575067,19,579.0
5690.0,21,567.0,10.903846153846153,4.662076782548992,14,453.0,0.19004254156402972,7,197.0,0.3120639521121825,21,650.0
5695.0,20,466.0,9.137254901960784,5.489981254596659,15,475.0,0.2514649122126264,5,133.0,0.35032481699122114,20,608.0
5700.0,20,264.0,5.176470588235294,5.190538836112306,14,347.0,0.2718884238912626,6,75.0,0.3134463293778557,20,422.0
5705.0,21,234.0,4.5,5.787390666107968,16,261.0,0.27002274564116396,5,62.0,0.462476070050685,21,323.0
5710.0,21,305.0,5.980392156862745,6.0583714504887665,16,312.0,0.24312630949298544,5,77.0,0.5786057525113724,21,389.0
5715.0,14,276.0,5.411764705882353,6.392874968696305,11,318.0,0.21625289088954588,3,56.0,0.6103478002538608,14,374.0
5720.0,15,279.0,5.365384615384615,7.146426521746022,12,330.0,0.21931482599373242,3,36.0,0.6185310884186677,15,366.0
5725.0,16,256.0,5.224489795918367,6.048655917926163,14,315.0,0.1720740414537995,2,12.0,0.3998618395509912,16,327.0
5730.0,20,179.0,3.7291666666666665,5.6619852485171505,15,284.0,0.17315478488503452,5,32.0,0.43527717889927864,20,316.0
5735.0,21,230.0,5.0,5.929379978786879,15,257.0,0.26878553968183894,6,64.0,0.46920942398217497,21,321.0
5740.0,20,240.0,5.1063829787234045,4.987848145590275,14,281.0,0.21283126692894636,6,81.0,0.44802100340162865,20,362.0
5745.0,17,236.0,5.0212765957446805,5.468204091462059,9,254.0,0.2799763030157854,8,94.0,0.3936132381044262,17,348.0
5750.0,13,149.0,2.8653846153846154,5.787670440041713,8,227.0,0.36322112290694863,5,96.0,0.3162313243686615,13,323.0
5755.0,15,194.0,3.803921568627451,6.672652778189047,11,235.0,0.32369853869056037,4,81.0,0.42063103995976037,15,316.0
5760.0,17,164.0,3.215686274509804,5.987617940276603,13,245.0,0.20235146742071902,4,53.0,0.4986165209778754,17,298.0
5765.0,17,187.0,3.4,6.374946243771895,12,251.0,0.26086758971227825,5,62.0,0.4831595638681293,17,313.0
5770.0,16,168.0,2.896551724137931,6.919707002785483,9,231.0,0.33889361297155535,7,72.0,0.5469705424008503,16,303.0
5775.0,17,157.0,2.8035714285714284,6.76014214284014,7,175.0,0.43863622294148485,10,115.0,0.4091809896977506,17,290.0
5780.0,22,177.0,3.0,4.538267333603459,10,187.0,0.34796623739294796,12,130.0,0.16171976630543652,22,317.0
5785.0,21,200.0,3.278688524590164,5.191180586042075,12,218.0,0.31728085937804,9,125.0,0.2494792297717326,21,343.0
5790.0,20,205.0,3.5344827586206895,4.675847689146743,11,229.0,0.21177393247145693,9,121.0,0.32014041547680444,20,350.0
5795.0,21,247.0,4.186440677966102,5.250591550950842,10,218.0,0.25967333083081523,11,143.0,0.27724748555119627,21,361.0
5800.0,24,319.0,5.229508196721311,4.893915581499395,14,260.0,0.2369073601257083,10,168.0,0.20255040587670475,24,428.0
5805.0,24,393.0,6.442622950819672,5.39094166315322,15,311.0,0.25462494630756594,9,185.0,0.29694495244322633,24,496.0
5810.0,21,310.0,5.081967213114754,4.630127168586532,14,261.0,0.21259961155710838,7,171.0,0.29134499454331686,21,432.0
5815.0,30,396.0,6.491803278688525,5.149721311561865,18,305.0,0.2714256128349484,12,213.0,0.2713231494037466,30,518.0
5820.0,27,358.0,5.682539682539683,4.756442487114552,17,348.0,0.21950049911029784,10,191.0,0.40364367400224466,27,539.0
5825.0,25,361.0,5.46969696969697,5.219506334067771,15,343.0,0.23002359068336858,10,176.0,0.3517937936300744,25,519.0
5830.0,26,411.0,6.2272727272727275,5.081729359532727,16,394.0,0.29483017677151946,10,189.0,0.2522875554284474,26,583.0
5835.0,25,399.0,5.782608695652174,5.487237167646656,19,432.0,0.20028953519058995,6,178.0,0.4091833572357425,25,610.0
5840.0,29,229.0,3.318840579710145,3.794988132474553,21,405.0,0.09226234371591473,8,132.0,0.34128330418960157,29,537.0
5845.0,33,338.0,4.898550724637682,4.805502317247503,21,427.0,0.21599225483642712,12,142.0,0.38716453558115,33,569.0
5850.0,33,390.0,5.27027027027027,4.777658757478378,20,474.0,0.29572252800860854,13,167.0,0.35821781708356154,33,641.0
5855.0,31,465.0,6.118421052631579,5.703565025362296,21,499.0,0.28908026785218394,10,157.0,0.42820839603561195,31,656.0
5860.0,30,414.0,5.52,4.746008025508479,22,530.0,0.14862767982735453,8,148.0,0.39139575404676674,30,678.0
5865.0,29,332.0,4.311688311688312,4.684156689815136,17,483.0,0.1648026068194462,12,141.0,0.25509372393407864,29,624.0
5870.0,33,394.0,5.253333333333333,3.8547491149780977,18,514.0,0.22320560233459322,15,188.0,0.14332052254039962,33,702.0
5875.0,32,463.0,6.256756756756757,4.791470624085429,22,578.0,0.23830478016665957,10,209.0,0.26534863603866693,32,787.0
5880.0,32,575.0,8.098591549295774,4.818855053902005,22,614.0,0.12821805914613063,10,230.0,0.41501268269293173,32,844.0
5885.0,26,621.0,9.0,5.1857095586859545,18,592.0,0.11184325457479129,8,232.0,0.36734581400163346,26,824.0
5890.0,28,626.0,9.205882352941176,4.448763529206556,17,574.0,0.13825474566995594,11,245.0,0.19709189823266915,28,819.0
5895.0,33,490.0,7.313432835820896,4.506090982562819,17,533.0,0.2357580543257321,16,268.0,0.22184029199773647,33,801.0
5900.0,24,368.0,5.661538461538462,5.1469286950979205,9,507.0,0.326138818133213,15,308.0,0.3401709092679779,24,815.0
5905.0,25,427.0,6.373134328358209,4.289185278560883,12,512.0,0.2759918057382417,13,341.0,0.2587613505222531,25,853.0
5910.0,26,382.0,5.617647058823529,4.406705816596388,17,531.0,0.20630116557125489,9,332.0,0.30281975516767373,26,863.0
5915.0,20,191.0,2.7681159420289854,5.005292817576702,13,514.0,0.23447215180335734,7,215.0,0.2765666218474113,20,729.0
5920.0,26,258.0,3.7941176470588234,4.970122265099819,13,504.0,0.2361073365649696,13,176.0,0.19876808637143284,26,680.0
5925.0,34,302.0,4.71875,4.1435377849388,19,454.0,0.16680301955327922,15,208.0,0.1876071061090347,34,662.0
5930.0,25,344.0,5.4603174603174605,4.4726715171184015,17,433.0,0.12145950214235543,8,207.0,0.317451368419123,25,640.0
5935.0,25,368.0,5.661538461538462,4.415925198595182,15,467.0,0.14312920930080658,10,224.0,0.3161432993130513,25,691.0
5940.0,21,325.0,5.158730158730159,5.010350391387249,9,459.0,0.21031101306479727,12,234.0,0.3033322145567163,21,693.0
5945.0,25,266.0,4.360655737704918,4.016065035397184,12,397.0,0.26363582395035945,13,250.0,0.15618035413947046,25,647.0
5950.0,28,319.0,5.316666666666666,4.220431612375806,17,411.0,0.1951082489609057,11,238.0,0.18567891795572558,28,649.0
5955.0,29,398.0,6.633333333333334,4.258606960329884,18,455.0,0.11717920869382363,11,272.0,0.2682438677702045,29,727.0
5960.0,24,471.0,7.85,4.946248737886581,10,452.0,0.27751623539378756,14,330.0,0.21944914925256873,24,782.0
5965.0,27,493.0,8.963636363636363,4.421710236610566,11,400.0,0.2626803008580274,16,355.0,0.2263239097369712,27,755.0
5970.0,25,454.0,7.694915254237288,4.863044537903614,11,340.0,0.2441726209622963,14,376.0,0.2704463520096004,25,716.0
5975.0,29,514.0,8.566666666666666,4.8307070018684355,15,308.0,0.2592192709219631,14,393.0,0.3441245498765894,29,701.0
5980.0,22,505.0,8.14516129032258,5.543357715862527,12,333.0,0.20130940294759617,10,363.0,0.44172737416125496,22,696.0
5985.0,22,519.0,8.508196721311476,5.028559709009377,9,312.0,0.25418830123808517,13,404.0,0.29366542435091475,22,716.0
5990.0,27,477.0,7.453125,4.249615228965278,6,224.0,0.3113498773903047,21,478.0,0.13830394543539878,27,702.0
5995.0,32,596.0,9.169230769230769,4.556173355836278,12,232.0,0.3293112384188432,20,547.0,0.18546919945029497,32,779.0
6000.0,28,664.0,11.254237288135593,4.703996032819632,10,250.0,0.30149158056744024,18,564.0,0.25570308765937283,28,814.0
6005.0,24,487.0,7.73015873015873,4.891199688918122,8,241.0,0.23835793918365994,16,496.0,0.2344835559739626,24,737.0
6010.0,24,383.0,5.892307692307693,5.372979368979989,7,191.0,0.3821217614742053,17,355.0,0.15035659112209324,24,546.0
6015.0,28,427.0,6.671875,5.466156060817694,10,213.0,0.45242140888401955,18,396.0,0.20114096269418621,28,609.0
6020.0,25,327.0,5.360655737704918,5.714874649853519,8,192.0,0.48615020826966004,17,409.0,0.2661781461058669,25,601.0
6025.0,23,321.0,5.5344827586206895,4.3732318651113795,9,128.0,0.2951067227420473,14,437.0,0.2560805192490929,23,565.0
6030.0,24,302.0,5.206896551724138,4.6147854146851515,11,145.0,0.2636288775007227,13,424.0,0.2671592266071371,24,569.0
6035.0,21,337.0,6.3584905660377355,5.240307229283281,8,135.0,0.32400899682159273,13,401.0,0.29515205937901756,21,536.0
6040.0,24,397.0,7.089285714285714,5.4064577887445,8,157.0,0.35685572728527815,16,423.0,0.2584453985125328,24,580.0
6045.0,27,432.0,7.8545454545454545,4.926618834456105,10,191.0,0.40171556723779417,17,461.0,0.1882740835782351,27,652.0
6050.0,26,335.0,6.203703703703703,4.552416035624118,10,202.0,0.37638189150851004,16,449.0,0.1589876404311293,26,651.0
6055.0,25,368.0,6.6909090909090905,4.142062732901716,12,190.0,0.33617588292730205,13,482.0,0.17319539668480016,25,672.0
6060.0,21,342.0,6.107142857142857,4.302652646608911,9,202.0,0.23103599275490924,12,472.0,0.2943141289818944,21,674.0
6065.0,20,373.0,6.660714285714286,4.948504666308275,9,184.0,0.21631638034609652,11,475.0,0.31152832981425,20,659.0
6070.0,23,451.0,7.775862068965517,4.8824582511440795,10,224.0,0.2409148604805718,13,470.0,0.2070476361401702,23,694.0
6075.0,28,474.0,7.770491803278689,5.250597193574911,13,267.0,0.34504054301969367,15,466.0,0.19376417586184164,28,733.0
6080.0,28,442.0,7.366666666666666,5.067916248254887,12,299.0,0.2886670944237089,16,387.0,0.3328791842480746,28,686.0
6085.0,22,465.0,7.75,5.501469390315294,9,301.0,0.351169028649971,13,402.0,0.37080637622376483,22,703.0
6090.0,19,396.0,6.827586206896552,5.516293050084419,8,280.0,0.3392849310570614,11,357.0,0.31287237467499934,19,637.0
6095.0,21,371.0,6.625,5.834362056389135,10,281.0,0.29545356302108083,11,305.0,0.3077344630051402,21,586.0
6100.0,22,409.0,7.175438596491228,5.274126163045085,8,306.0,0.25378024069887045,14,315.0,0.29493225783960564,22,621.0
6105.0,24,461.0,7.813559322033898,5.838375660876396,10,336.0,0.3122261151229217,14,337.0,0.32376352904102296,24,673.0
6110.0,19,426.0,7.344827586206897,5.8963272810127725,6,317.0,0.4304579217555616,13,357.0,0.27847662033691295,19,674.0
6115.0,20,429.0,7.271186440677966,6.252994234186463,6,298.0,0.5009795308734836,14,313.0,0.28557459644255434,20,611.0
6120.0,25,234.0,4.0344827586206895,5.834824069611683,6,147.0,0.4903936646171586,19,296.0,0.23265653611958284,25,443.0
6125.0,22,255.0,4.322033898305085,4.746049443548762,7,82.0,0.43291969980014183,15,327.0,0.1841129896459754,22,409.0
6130.0,21,216.0,3.540983606557377,5.491124171139399,8,103.0,0.451040346277038,13,304.0,0.2480803990943707,21,407.0
6135.0,19,245.0,4.224137931034483,5.568927070583157,7,94.0,0.38022232788406585,12,315.0,0.2639321104552666,19,409.0
6140.0,22,269.0,4.559322033898305,5.162916928463014,7,110.0,0.35139317926035474,15,324.0,0.16010453379900483,22,434.0
6145.0,29,348.0,5.612903225806452,4.686843730465223,12,141.0,0.3367762623186837,17,362.0,0.1530470400146727,29,503.0
6150.0,30,370.0,5.967741935483871,5.064013043504786,11,126.0,0.3862044888017288,19,420.0,0.23883048428743767,30,546.0
6155.0,30,450.0,7.5,4.491254629234256,14,161.0,0.34146781666619624,16,450.0,0.2718137501230725,30,611.0
6160.0,29,414.0,6.46875,4.428563229668022,14,189.0,0.2297140990472332,15,430.0,0.2600358786866153,29,619.0
6165.0,18,203.0,3.123076923076923,4.910235580806605,9,171.0,0.23332602188028764,9,354.0,0.25833374454934466,18,525.0
6170.0,22,223.0,3.378787878787879,4.985815081789175,8,165.0,0.3231804025362284,14,318.0,0.13429646361960423,22,483.0
6175.0,30,299.0,4.746031746031746,4.801664681086957,13,187.0,0.2659551093153402,17,351.0,0.19557872287452582,30,538.0
6180.0,27,305.0,5.258620689655173,4.568931703336161,13,201.0,0.2764565134957572,14,361.0,0.28357785550393816,27,562.0
6185.0,19,294.0,5.157894736842105,3.926390892025948,8,198.0,0.21347728987407386,11,354.0,0.21515200828993977,19,552.0
6190.0,21,200.0,3.389830508474576,4.327469724843955,11,203.0,0.19210470103320482,10,306.0,0.1682512909119006,21,509.0
6195.0,21,212.0,3.4193548387096775,4.718521524643903,12,194.0,0.129214348836143,9,328.0,0.23926903063888905,21,522.0
6200.0,26,271.0,4.442622950819672,5.194680934062778,14,230.0,0.2304040492689825,12,329.0,0.31328076648615416,26,559.0
6205.0,19,299.0,5.155172413793103,5.806410362609604,8,230.0,0.410576173732706,11,322.0,0.26753941164950606,19,552.0
6210.0,18,244.0,4.280701754385965,5.300338470095198,9,192.0,0.25678651429069876,9,282.0,0.23239699719578422,18,474.0
6215.0,24,284.0,4.896551724137931,4.98109764898532,15,229.0,0.1152058304149139,9,273.0,0.2428285840492052,24,502.0
6220.0,30,350.0,6.363636363636363,4.541879213497742,14,242.0,0.1629513606637214,16,332.0,0.22054341100170158,30,574.0
6225.0,28,450.0,8.181818181818182,4.936717695397121,14,288.0,0.21905562748695478,14,358.0,0.32366337694901093,28,646.0
6230.0,21,462.0,8.25,5.787925901688,10,291.0,0.36515840166484664,11,340.0,0.3345538952542765,21,631.0
6235.0,17,390.0,6.964285714285714,6.668566600139026,6,219.0,0.43890425792614324,11,324.0,0.3059257003811029,17,543.0
6240.0,14,275.0,4.910714285714286,5.4249940043892275,4,167.0,0.30636410579087636,10,342.0,0.21965136738711352,14,509.0
6245.0,21,165.0,3.0555555555555554,5.288715270148589,9,111.0,0.29553099584147224,12,299.0,0.23522515816466802,21,410.0
6250.0,24,199.0,3.618181818181818,5.679032613565111,8,128.0,0.3742111412853155,16,266.0,0.2729995178296263,24,394.0
6255.0,22,247.0,4.490909090909091,5.645854844783273,8,152.0,0.4336418268796189,14,307.0,0.30023847430017686,22,459.0
6260.0,17,212.0,3.6551724137931036,6.46187150795383,7,123.0,0.5366436574384151,10,293.0,0.3066538839102344,17,416.0
6265.0,16,214.0,3.754385964912281,6.29942325795582,5,75.0,0.555999994092319,11,279.0,0.23690356228700066,16,354.0
6270.0,18,184.0,3.1186440677966103,4.927270843895541,6,85.0,0.3577623753735935,12,263.0,0.14106813234994173,18,348.0
6275.0,27,277.0,5.036363636363636,4.268705925260882,13,116.0,0.2105391395042336,14,328.0,0.25791460147661754,27,444.0
6280.0,29,373.0,6.781818181818182,4.362651338180781,13,157.0,0.21545009009409624,16,381.0,0.32338209387819844,29,538.0
6285.0,25,409.0,7.175438596491228,4.654814317934022,12,175.0,0.3058059801888963,13,403.0,0.21803453417126284,25,578.0
6290.0,18,367.0,6.220338983050848,5.610862859913572,8,192.0,0.38413774544322765,10,373.0,0.13652233853167392,18,565.0
6295.0,20,270.0,4.5,6.0870662420899855,11,183.0,0.34128065478467706,9,297.0,0.23097364100663625,20,480.0
6300.0,22,346.0,5.766666666666667,6.60455922711087,10,225.0,0.4250979112962503,12,289.0,0.29862371527125353,22,514.0
6305.0,20,407.0,7.017241379310345,6.410566058401678,11,243.0,0.4467095812374794,9,311.0,0.3072242815305817,20,554.0
6310.0,18,362.0,6.033333333333333,6.60944859515994,10,236.0,0.4116396383240069,8,296.0,0.28753362547271033,18,532.0
6315.0,19,312.0,5.114754098360656,5.432834204963014,13,195.0,0.21202162445314243,6,256.0,0.31718008788032126,19,451.0
6320.0,26,206.0,3.3225806451612905,5.117659976781003,20,237.0,0.0999949145373129,6,154.0,0.48511351624461807,26,391.0
6325.0,25,221.0,3.7457627118644066,5.746042291625086,17,261.0,0.2589117286145831,8,138.0,0.4799580547460598,25,399.0
6330.0,20,238.0,4.25,4.484473839154168,12,277.0,0.2544530580494275,8,150.0,0.35685101617188475,20,427.0
6335.0,20,242.0,4.245614035087719,4.624955315450752,11,274.0,0.21803283161699696,9,148.0,0.3350635131147846,20,422.0
6340.0,21,249.0,4.220338983050848,4.961075854863834,12,244.0,0.2096812718844061,9,148.0,0.31959163422981307,21,392.0
6345.0,23,235.0,3.8524590163934427,5.476128561848123,13,226.0,0.22861743793943132,10,150.0,0.32670665309199326,23,376.0
6350.0,30,329.0,5.576271186440678,5.363929357705376,16,264.0,0.2517601107107136,14,197.0,0.31659818808933554,30,461.0
6355.0,25,360.0,6.7924528301886795,4.4652322856618065,15,299.0,0.1892002823088841,10,217.0,0.2634129305569399,25,516.0
6360.0,23,411.0,7.903846153846154,4.645979861314931,15,306.0,0.20885749072697685,8,229.0,0.32283002151759294,23,535.0
6365.0,25,449.0,8.017857142857142,4.9698396987789195,14,339.0,0.261036201288255,11,238.0,0.30986592141259806,25,577.0
6370.0,22,405.0,7.6415094339622645,5.612078448939442,11,333.0,0.41206401191309067,11,207.0,0.28771859764916446,22,540.0
6375.0,24,408.0,7.157894736842105,5.310029498246859,11,317.0,0.3894453973414214,13,217.0,0.21608958447501245,24,534.0
6380.0,23,292.0,5.0344827586206895,5.212355048608874,10,272.0,0.2834318205535133,13,254.0,0.2597823755458471,23,526.0
6385.0,15,265.0,4.732142857142857,6.311669302384041,10,297.0,0.2466248208886219,5,227.0,0.4779009326329374,15,524.0
6390.0,16,152.0,2.6206896551724137,5.415964889383211,11,333.0,0.1639744462591962,5,123.0,0.33582237006991245,16,456.0
6395.0,20,186.0,3.3214285714285716,5.8579390496181345,10,360.0,0.29198469994971765,10,114.0,0.255319764102845,20,474.0
6400.0,22,266.0,4.75,6.225616552211014,13,397.0,0.31840554330123744,9,136.0,0.35503538686693303,22,533.0
6405.0,16,275.0,5.0,6.298577991898262,12,398.0,0.29752507730091904,4,95.0,0.45450667254169597,16,493.0
6410.0,17,287.0,5.125,6.35560084068557,13,339.0,0.2962620041806838,4,88.0,0.45095138929824874,17,427.0
6415.0,20,327.0,5.945454545454545,6.003027692156908,12,377.0,0.2971143316197918,8,109.0,0.4471669440724642,20,486.0
6420.0,17,340.0,6.181818181818182,6.283601138508568,11,395.0,0.23640281811099695,6,126.0,0.5276430307456944,17,521.0
6425.0,19,209.0,3.6666666666666665,5.947999582087007,15,345.0,0.18414753964753663,4,110.0,0.5058931668601233,19,455.0
6430.0,23,274.0,4.807017543859649,6.204963650957722,16,290.0,0.2521278818943987,7,130.0,0.3887538124955377,23,420.0
6435.0,22,344.0,5.830508474576271,6.281054359843363,13,321.0,0.3274131773233227,9,166.0,0.3610162503592464,22,487.0
6440.0,22,328.0,5.559322033898305,6.490059767851447,13,303.0,0.34808967168425775,9,126.0,0.431742943908965,22,429.0
6445.0,18,320.0,5.333333333333333,6.67270141111242,10,305.0,0.35534365874336066,8,152.0,0.4234597449270407,18,457.0
6450.0,21,338.0,5.540983606557377,6.642449815236122,12,317.0,0.28830849262585445,9,128.0,0.43132561591467344,21,445.0
6455.0,28,380.0,5.9375,5.644738288663169,14,297.0,0.32999502045466417,14,183.0,0.33862081059521937,28,480.0
6460.0,24,317.0,5.19672131147541,5.204472701622001,9,245.0,0.36403326173136796,15,246.0,0.3624215772170652,24,491.0
6465.0,26,376.0,5.968253968253968,4.7896198622271315,12,282.0,0.27881231046440186,14,275.0,0.33961743449011544,26,557.0
6470.0,33,352.0,5.176470588235294,4.472924454895511,16,308.0,0.25136569625400595,17,278.0,0.27692521224198846,33,586.0
6475.0,30,279.0,3.9295774647887325,4.920688420769145,16,343.0,0.2621864356775784,14,216.0,0.2923845670980832,30,559.0
6480.0,20,206.0,2.8219178082191783,4.850263674553209,8,311.0,0.2641259584367965,12,233.0,0.24860967429498182,20,544.0
6485.0,25,274.0,3.8055555555555554,5.337770542212522,8,276.0,0.31075379955200616,17,275.0,0.22552664932382052,25,551.0
6490.0,33,350.0,5.0,5.031612572746194,12,216.0,0.3194184985408552,21,327.0,0.24057243717006768,33,543.0
6495.0,30,418.0,6.057971014492754,4.310545784986798,14,271.0,0.19386209668716634,16,341.0,0.24791718423628004,30,612.0
6500.0,32,535.0,7.867647058823529,3.859997999885285,17,334.0,0.1444989634385086,15,399.0,0.2451164778312379,32,733.0
6505.0,39,643.0,9.056338028169014,3.5752440066704736,18,369.0,0.1196458410322059,21,480.0,0.22126893536565118,39,849.0
6510.0,33,602.0,8.36111111111111,4.177843390888662,8,331.0,0.2826091767624988,25,548.0,0.16559608674800153,33,879.0
6515.0,32,596.0,8.164383561643836,4.8346089095063345,6,300.0,0.3710281454376449,26,588.0,0.15778736817081987,32,888.0
6520.0,34,697.0,9.41891891891892,4.016593701478741,11,319.0,0.24622339769380278,23,653.0,0.1712370879414705,34,972.0
6525.0,33,500.0,6.578947368421052,4.182031550790354,14,267.0,0.29726046797982825,19,644.0,0.15335894775707815,33,911.0
6530.0,29,411.0,5.63013698630137,5.337603297813559,13,244.0,0.3607980486777286,16,569.0,0.22772642184328398,29,813.0
6535.0,29,293.0,4.126760563380282,5.191009728438378,13,237.0,0.3414509083086754,16,514.0,0.28037386725801505,29,751.0
6540.0,25,202.0,2.8450704225352115,4.026746858909266,7,169.0,0.31287203086835674,18,534.0,0.15759328312314377,25,703.0
6545.0,28,209.0,2.943661971830986,4.1103552362919595,6,189.0,0.3817794889326376,22,545.0,0.06651415205762984,28,734.0
6550.0,36,317.0,4.464788732394366,4.107900010326956,13,232.0,0.2989393796652505,23,598.0,0.13217797533587983,36,830.0
6555.0,32,329.0,4.633802816901408,4.115163161506565,16,246.0,0.15076780170793672,16,569.0,0.21227898815149177,32,815.0
6560.0,25,335.0,4.652777777777778,4.313436455426881,11,216.0,0.13885269588239804,14,564.0,0.20952316480959862,25,780.0
6565.0,20,266.0,3.8,5.445109224657467,5,187.0,0.3348505715605435,15,528.0,0.20667841590394087,20,715.0
6570.0,27,333.0,4.897058823529412,5.084967741595643,10,187.0,0.335662034411707,17,552.0,0.1983210549013272,27,739.0
6575.0,30,396.0,6.0,3.9259046229678254,13,208.0,0.1667619164072339,17,520.0,0.22141309993862282,30,728.0
6580.0,24,308.0,4.8125,4.637007906010848,9,190.0,0.2670246420032167,15,481.0,0.22080133237248584,24,671.0
6585.0,26,339.0,4.913043478260869,5.011035528506351,7,192.0,0.3183614995499671,19,498.0,0.2251129085425091,26,690.0
6590.0,32,424.0,6.057142857142857,5.242621288024107,12,206.0,0.3379471967132727,20,538.0,0.2675053339313906,32,744.0
6595.0,30,494.0,7.159420289855072,4.865614277018189,12,238.0,0.35992813959194325,18,561.0,0.23529907668871558,30,799.0
6600.0,24,489.0,7.086956521739131,4.121673540549961,6,206.0,0.3673547790046561,18,578.0,0.09040686562284815,24,784.0
6605.0,19,306.0,4.434782608695652,4.577813305984079,6,163.0,0.24874651750063315,13,537.0,0.15217913756849633,19,700.0
6610.0,25,404.0,5.855072463768116,5.740779118049688,13,147.0,0.14618048266728814,12,517.0,0.3626184475500621,25,664.0
6615.0,28,460.0,6.96969696969697,4.754603200072708,16,179.0,0.1293203966274187,12,512.0,0.26345669365556257,28,691.0
6620.0,23,480.0,8.135593220338983,5.113544761786655,8,174.0,0.2751732055262837,15,534.0,0.25482181654402863,23,708.0
6625.0,19,477.0,8.084745762711865,4.1368361890502365,4,157.0,0.3414981525608174,15,571.0,0.10674804571690542,19,728.0
6630.0,24,551.0,9.5,4.716474226797609,12,182.0,0.25662990478307796,12,591.0,0.23373538778465489,24,773.0
6635.0,26,573.0,10.052631578947368,3.989102765790385,14,204.0,0.20478149588309003,12,576.0,0.18691900866928748,26,780.0
6640.0,25,653.0,11.258620689655173,4.883185860576283,9,200.0,0.24785682916386811,16,632.0,0.1471472717118502,25,832.0
6645.0,26,643.0,11.482142857142858,5.035076685597731,9,160.0,0.26991067962600007,17,685.0,0.2422277923391161,26,845.0
6650.0,28,735.0,12.672413793103448,4.9587802162818,14,212.0,0.27081556382526745,14,712.0,0.2551902825380051,28,924.0
6655.0,29,635.0,10.948275862068966,4.140662795357505,14,244.0,0.34191153446584455,15,659.0,0.19878720523464152,29,903.0
6660.0,21,342.0,5.7,5.378395235037152,7,219.0,0.4247041010542579,14,490.0,0.26506712315246883,21,709.0
6665.0,21,400.0,6.557377049180328,4.8833900231687375,6,211.0,0.44805803096993835,15,537.0,0.1833973161282014,21,748.0
6670.0,24,487.0,7.609375,5.198646742739971,9,253.0,0.36650455518660113,15,588.0,0.2282526985858961,24,841.0
6675.0,33,618.0,9.363636363636363,4.975633460374023,17,319.0,0.3415881515163298,16,542.0,0.27719401494981544,33,861.0
6680.0,33,711.0,10.304347826086957,4.404431431314177,16,355.0,0.27892848921527597,17,479.0,0.2513201720189152,33,834.0
6685.0,30,603.0,8.867647058823529,4.022671992033283,13,351.0,0.32736361108454515,17,461.0,0.12560285241708713,30,812.0
6690.0,24,447.0,6.208333333333333,4.064650220563787,10,391.0,0.24112654907555975,14,344.0,0.10242289911168626,24,735.0
6695.0,29,517.0,6.986486486486487,5.229208640360457,19,447.0,0.21006819484810205,10,321.0,0.2920170816542465,29,768.0
6700.0,32,587.0,8.04109589041096,5.1483145214198265,20,507.0,0.21233884962982807,12,349.0,0.3713876594844377,32,856.0
6705.0,31,651.0,9.169014084507042,4.9114751894899635,14,530.0,0.2351110895583925,17,394.0,0.29751438759821175,31,924.0
6710.0,35,714.0,9.780821917808218,4.113866317927933,14,547.0,0.21622570955587672,21,450.0,0.1994038285909447,35,997.0
6715.0,44,803.0,10.706666666666667,4.228863668909222,21,571.0,0.22127497917613667,23,472.0,0.2241692088020232,44,1043.0
6720.0,33,485.0,6.554054054054054,4.187326037738456,18,483.0,0.2087859445096697,15,448.0,0.2272045273787583,33,931.0
6725.0,36,398.0,5.2368421052631575,4.180749869173357,20,345.0,0.1047202054772478,16,412.0,0.2934982287327234,36,757.0
6730.0,39,492.0,6.56,4.394941215249749,20,387.0,0.17613669699165208,19,422.0,0.30823304358278963,39,809.0
6735.0,33,421.0,5.6891891891891895,4.0790772247214155,11,347.0,0.3352546155065338,22,454.0,0.15259350256132098,33,801.0
6740.0,29,330.0,4.647887323943662,3.976590517877413,7,308.0,0.32327059643223444,22,430.0,0.08066558310423477,29,738.0
6745.0,31,330.0,4.52054794520548,4.477470503710067,8,272.0,0.3378112040982733,23,475.0,0.16966360871821545,31,747.0
6750.0,25,287.0,3.986111111111111,4.442829290997972,10,274.0,0.21295966764075389,15,431.0,0.23643096376867717,25,705.0
6755.0,22,327.0,4.605633802816901,4.777046360872072,8,260.0,0.21847266789914363,14,405.0,0.21603674117021995,22,665.0
6760.0,24,322.0,4.351351351351352,5.235989458989392,8,209.0,0.2938036846111602,16,418.0,0.1811112932412438,24,627.0
6765.0,27,387.0,5.16,5.061546697231847,11,237.0,0.2956025432780475,16,420.0,0.16506369981536567,27,657.0
6770.0,30,448.0,6.222222222222222,4.708133453774056,15,259.0,0.2783834664533693,15,454.0,0.25302332165197655,30,713.0
6775.0,30,512.0,7.529411764705882,4.09046837191181,18,295.0,0.17092479365571064,12,439.0,0.3049003502142366,30,734.0
6780.0,28,385.0,5.347222222222222,4.097135712909434,19,334.0,0.07558709347026232,9,382.0,0.37182507349395005,28,716.0
6785.0,28,374.0,4.986666666666666,4.94038483940066,13,307.0,0.2216226638015004,15,351.0,0.2963889781552906,28,658.0
6790.0,28,359.0,4.917808219178082,4.698083501297686,6,255.0,0.3366924574625059,22,413.0,0.1658561415601246,28,668.0
6795.0,29,449.0,6.323943661971831,4.344050900534863,12,275.0,0.17448895350665253,17,469.0,0.16568020199615033,29,744.0
6800.0,31,371.0,5.707692307692308,3.79109106989244,15,290.0,0.10211637863949473,16,416.0,0.22534112376029264,31,706.0
6805.0,25,439.0,6.859375,4.625635464006583,7,250.0,0.2349235638461158,18,419.0,0.16494550314247733,25,669.0
6810.0,28,397.0,6.403225806451613,4.434910106553137,8,244.0,0.39254684260033884,20,446.0,0.09174830901883482,28,690.0
6815.0,32,346.0,5.580645161290323,4.248044854852964,13,263.0,0.3744260962377816,19,450.0,0.1630252069047502,32,713.0
6820.0,29,359.0,5.523076923076923,4.053983607028254,13,243.0,0.2606715240710164,16,505.0,0.2741891271303257,29,748.0
6825.0,26,392.0,5.850746268656716,4.81400167699894,8,213.0,0.3420568540181357,18,536.0,0.2469936966758133,26,749.0
6830.0,26,356.0,5.014084507042254,4.484041137697142,6,220.0,0.37401499035574587,20,565.0,0.15872736611758795,26,785.0
6835.0,26,286.0,3.9722222222222223,4.523855901927447,12,243.0,0.22178267413681782,14,525.0,0.2588683952316209,26,768.0
6840.0,26,314.0,4.361111111111111,4.254103232103706,16,275.0,0.11112446786223838,10,499.0,0.34381769062690876,26,774.0
6845.0,24,302.0,4.253521126760563,4.259571071585737,14,291.0,0.147498400188133,10,426.0,0.25145630320287915,24,717.0
6850.0,25,214.0,3.101449275362319,3.9869103826948122,8,206.0,0.2271237867231763,17,466.0,0.17301371633881876,25,672.0
6855.0,34,320.0,4.571428571428571,4.150010797486871,12,206.0,0.21226536958828143,22,547.0,0.19738580131814082,34,753.0
6860.0,34,390.0,5.492957746478873,3.5422600615304773,13,233.0,0.2006523663144437,21,560.0,0.21089176304337767,34,793.0
6865.0,26,315.0,4.315068493150685,4.550376791281257,12,228.0,0.2690316061176946,14,517.0,0.238269990737801,26,745.0
6870.0,20,240.0,3.3333333333333335,4.655332678183048,5,198.0,0.25002819224213607,15,502.0,0.23578821136572264,20,700.0
6875.0,28,291.0,3.88,4.409433026067755,11,222.0,0.2176358304965104,17,474.0,0.20338004562711604,28,696.0
6880.0,34,364.0,5.055555555555555,3.3915976148728233,16,247.0,0.19415555630987974,18,539.0,0.14910154319924065,34,786.0
6885.0,34,447.0,6.123287671232877,4.207442433333157,10,236.0,0.33843921776954555,24,601.0,0.127229669669736,34,837.0
6890.0,32,473.0,6.569444444444445,4.390464183888074,7,186.0,0.4099376489886411,25,635.0,0.10371182421108294,32,821.0
6895.0,26,413.0,5.506666666666667,5.773449029835823,10,193.0,0.35640157869533073,16,585.0,0.28869198342225255,26,778.0
6900.0,24,468.0,6.324324324324325,5.793799146353071,12,203.0,0.2073460904405928,12,531.0,0.4201168415788637,24,734.0
6905.0,21,323.0,4.424657534246576,5.743631702669379,8,190.0,0.30722723641886296,13,418.0,0.26794651620932425,21,608.0
6910.0,24,362.0,5.484848484848484,5.332763063403696,7,190.0,0.4101695289936541,17,400.0,0.16919106969352932,24,590.0
6915.0,30,457.0,7.253968253968254,4.897787347007631,8,194.0,0.4068706299861485,22,449.0,0.14240238842948258,30,643.0
6920.0,23,522.0,8.847457627118644,5.352404544696776,9,215.0,0.35997380328708145,14,459.0,0.23666158530714745,23,674.0
6925.0,23,534.0,9.368421052631579,5.135085513504058,9,229.0,0.20564269473933747,14,441.0,0.18898335542171116,23,670.0
6930.0,22,305.0,5.169491525423729,5.0972824543035635,8,141.0,0.234747614517037,14,394.0,0.18707839401550402,22,535.0
6935.0,23,303.0,5.315789473684211,5.772160811773487,9,165.0,0.46161608162809753,14,407.0,0.25070306410332716,23,572.0
6940.0,21,340.0,6.296296296296297,5.6617171939098805,6,189.0,0.46965764659874776,15,389.0,0.3062129174016287,21,578.0
6945.0,21,378.0,7.0,5.451541332817861,7,211.0,0.4829151747766392,14,406.0,0.2612100129250792,21,617.0
6950.0,21,315.0,5.7272727272727275,5.488007737897449,8,184.0,0.343443960917094,13,375.0,0.23426465149070708,21,559.0
6955.0,20,290.0,5.37037037037037,5.054817470171208,8,164.0,0.2644845251582069,12,365.0,0.2039657693920944,20,529.0
6960.0,23,265.0,5.196078431372549,5.561791810194014,8,85.0,0.3076818523689222,15,414.0,0.27294162446142606,23,499.0
6965.0,20,296.0,5.6923076923076925,6.1601367788130545,8,93.0,0.48069161344055716,12,399.0,0.29104519325541817,20,492.0
6970.0,15,216.0,4.153846153846154,6.3049202632581745,4,93.0,0.5534556753363598,11,320.0,0.31038708603959336,15,413.0
6975.0,19,249.0,4.527272727272727,5.695335861176794,5,90.0,0.4314209018436323,14,342.0,0.3127703238812745,19,432.0
6980.0,22,243.0,4.2631578947368425,5.490622970154376,5,80.0,0.45748316832776265,17,361.0,0.29679970841582787,22,441.0
6985.0,23,230.0,4.181818181818182,5.162814272200081,5,63.0,0.4902800598973214,18,367.0,0.20956390873824057,23,430.0
6990.0,17,160.0,2.857142857142857,5.1706972360373635,5,41.0,0.45451450972575663,12,316.0,0.15047997150453535,17,357.0
6995.0,20,210.0,3.9622641509433962,5.567039839105747,7,72.0,0.351132724399189,13,288.0,0.23262631835108113,20,360.0
7000.0,20,175.0,3.0701754385964914,5.512549498739132,8,73.0,0.46384037953440915,12,257.0,0.20161424452638227,20,330.0
7005.0,23,251.0,4.826923076923077,5.183636193486224,9,98.0,0.5210301286649134,14,303.0,0.1859061414104226,23,401.0
7010.0,21,256.0,5.12,4.885403509608488,5,97.0,0.4904519313103592,16,347.0,0.1792331525684245,21,444.0
7015.0,20,243.0,5.170212765957447,3.8418244563662496,3,50.0,0.34728896856429997,17,378.0,0.10292816270060332,20,428.0
7020.0,16,235.0,5.108695652173913,4.353480741393869,5,56.0,0.28480891561365634,11,357.0,0.13478040068374966,16,413.0
7025.0,18,285.0,6.333333333333333,5.1136214332699135,8,87.0,0.29645374445525624,10,353.0,0.20398462938513914,18,440.0
7030.0,17,278.0,6.177777777777778,4.632805691788619,7,102.0,0.3149204879945372,10,332.0,0.1670228745715779,17,434.0
7035.0,15,305.0,6.630434782608695,5.584070379952301,6,102.0,0.4171161995638495,9,348.0,0.14281621863612165,15,450.0
7040.0,14,309.0,7.536585365853658,6.437096707344242,6,109.0,0.4402751891389871,8,344.0,0.1868425784416979,14,453.0
7045.0,14,182.0,4.439024390243903,5.749408740424043,8,116.0,0.31805716466946193,6,237.0,0.26807718208526743,14,353.0
7050.0,17,245.0,5.833333333333333,5.415769627975335,9,148.0,0.20216055164314975,8,225.0,0.3662902416100526,17,373.0
7055.0,15,231.0,5.923076923076923,6.960619632732748,9,150.0,0.3745128616792302,6,208.0,0.5168446993635927,15,358.0
7060.0,14,224.0,5.743589743589744,5.754582508521368,7,156.0,0.36686489870579203,7,174.0,0.31936948853918884,14,330.0
7065.0,18,233.0,5.825,5.394176643145046,9,152.0,0.2815138757871555,9,160.0,0.33564927933569183,18,312.0
7070.0,17,271.0,6.4523809523809526,5.044131248661798,7,183.0,0.27539904291098405,10,119.0,0.30852206266436694,17,302.0
7075.0,14,260.0,6.046511627906977,6.427199854633184,7,202.0,0.5297211653149284,7,102.0,0.3134834741261523,14,304.0
7080.0,11,146.0,3.2444444444444445,6.579146082040446,6,123.0,0.49748765855911986,5,73.0,0.2745686507675665,11,196.0
7085.0,16,157.0,3.488888888888889,5.852272476783899,11,137.0,0.3245255854829754,5,59.0,0.251166869084882,16,196.0
7090.0,20,217.0,4.520833333333333,5.818693439129734,12,182.0,0.26269450336482614,8,80.0,0.41728953413788156,20,262.0
7095.0,13,232.0,5.155555555555556,6.037622111498209,9,195.0,0.30839833318459775,4,85.0,0.4373526015748948,13,280.0
7100.0,13,178.0,4.341463414634147,6.285978831027938,9,136.0,0.3099175675086869,4,79.0,0.4610283682559373,13,215.0
7105.0,12,192.0,4.363636363636363,6.527777577337225,8,147.0,0.18583216892105914,4,76.0,0.389931131913909,12,223.0
7110.0,17,228.0,5.3023255813953485,6.975510650570601,10,164.0,0.24475674301212572,7,110.0,0.4966752917212005,17,274.0
7115.0,16,304.0,6.909090909090909,6.76617990857828,10,202.0,0.24306372664962528,6,134.0,0.49751261732592916,16,336.0
7120.0,12,222.0,5.285714285714286,6.456578323059954,7,201.0,0.3598414001836536,5,72.0,0.5162674821006719,12,273.0
7125.0,13,251.0,5.704545454545454,7.431174778877355,5,161.0,0.5516374604751633,8,104.0,0.41213590865722866,13,265.0
7130.0,11,145.0,3.2954545454545454,6.270790627324473,4,127.0,0.4497047953224027,7,109.0,0.20582978423836,11,236.0
7135.0,19,217.0,5.046511627906977,5.9712535493168435,8,100.0,0.5039038075104137,11,145.0,0.1550593860557008,19,245.0
7140.0,16,172.0,4.095238095238095,5.17960664750863,8,121.0,0.41260595393257316,8,129.0,0.23184080800988785,16,250.0
7145.0,12,195.0,4.7560975609756095,6.586774330489966,7,141.0,0.4390537397647958,5,94.0,0.3133926947668862,12,235.0
7150.0,11,188.0,4.372093023255814,6.404149232487736,6,145.0,0.35863315654588296,5,102.0,0.2901304133975742,11,247.0
7155.0,16,244.0,5.304347826086956,7.3358869045247275,9,179.0,0.3909540990763518,7,111.0,0.46128715660657243,16,290.0
7160.0,17,308.0,7.512195121951219,5.977205515636196,10,212.0,0.24649756144332086,7,146.0,0.48837230241662183,17,358.0
7165.0,17,314.0,7.658536585365853,5.688022320610768,12,248.0,0.23342661377689353,5,141.0,0.40937827389282605,17,389.0
7170.0,19,319.0,7.088888888888889,5.035163513803491,9,248.0,0.31390074914138083,10,142.0,0.1637446164473699,19,390.0
7175.0,14,289.0,6.568181818181818,6.609032042314226,7,238.0,0.48772024806513,7,130.0,0.33274179711768076,14,368.0
7180.0,13,271.0,6.022222222222222,7.297830400477533,8,241.0,0.4339882107846335,5,62.0,0.46689851541890115,13,303.0
7185.0,15,296.0,6.5777777777777775,7.584069449208246,12,291.0,0.3642658754621101,3,43.0,0.6144826603386518,15,334.0
7190.0,12,159.0,3.3125,6.208087409542247,8,230.0,0.26851031065865505,4,45.0,0.4920809430244898,12,275.0
7195.0,14,113.0,2.3541666666666665,6.199037316736789,9,110.0,0.3558213081401405,5,45.0,0.4818057117113611,14,155.0
7200.0,20,169.0,3.5208333333333335,5.801841850282987,10,141.0,0.3424194703246841,10,74.0,0.40553573676791577,20,215.0
