step,system_total_stopped,system_total_waiting_time,system_mean_waiting_time,system_mean_speed,J17_stopped,J17_accumulated_waiting_time,J17_average_speed,J18_stopped,J18_accumulated_waiting_time,J18_average_speed,agents_total_stopped,agents_total_accumulated_waiting_time
5.0,0,0.0,0.0,11.327328859170596,0,0.0,1.0,0,0.0,0.9453820351484239,0,0.0
10.0,0,0.0,0.0,13.124249401304633,0,0.0,0.9901146648634507,0,0.0,0.9532888755562166,0,0.0
15.0,0,0.0,0.0,12.988299216390391,0,0.0,0.9343295854351246,0,0.0,0.9237216610974969,0,0.0
20.0,0,0.0,0.0,11.997467413043099,0,0.0,0.7806600862130494,0,0.0,0.9058003152308692,0,0.0
25.0,2,3.0,0.2,8.204157843582133,2,3.0,0.440080688171781,0,0.0,0.7257488809634932,2,3.0
30.0,5,24.0,1.2,8.921442865671061,3,18.0,0.6663193351203451,2,6.0,0.6591668684114639,5,24.0
35.0,5,43.0,1.8695652173913044,7.911344449488051,3,33.0,0.5282136207453489,2,10.0,0.6313494306124876,5,43.0
40.0,7,74.0,2.8461538461538463,7.761031300068713,4,55.0,0.4919464259251012,3,22.0,0.5685372179692985,7,77.0
45.0,11,105.0,3.6206896551724137,7.091294001740969,6,63.0,0.4159090285148011,5,45.0,0.5161225414272607,11,108.0
50.0,13,128.0,4.129032258064516,5.555454689863287,8,95.0,0.3092387426214052,5,36.0,0.43545429120093193,13,131.0
55.0,13,131.0,4.09375,5.562131550875451,5,88.0,0.4419649483952981,8,67.0,0.29679051348741115,13,155.0
60.0,10,149.0,4.515151515151516,6.878944740607004,5,92.0,0.4840685574297427,5,77.0,0.37411263161477937,10,169.0
65.0,12,179.0,5.264705882352941,7.1742706386876085,7,122.0,0.43380617503045,5,72.0,0.3507878629613254,12,194.0
70.0,13,168.0,4.3076923076923075,6.140833663248855,7,112.0,0.2878228188787347,6,90.0,0.41841916347176056,13,202.0
75.0,15,232.0,6.105263157894737,6.344855928342852,9,147.0,0.3670210158527242,6,106.0,0.4739898969785288,15,253.0
80.0,12,125.0,3.2051282051282053,6.33541871241113,8,138.0,0.36776075182165147,4,59.0,0.5876062976251493,12,197.0
85.0,15,176.0,4.093023255813954,6.778531312884246,8,131.0,0.4295023713714069,7,73.0,0.49859432902583933,15,204.0
90.0,13,134.0,2.977777777777778,5.918337950975501,7,124.0,0.27745427730260885,6,81.0,0.5079162409183439,13,205.0
95.0,13,161.0,3.659090909090909,6.821617085555514,4,98.0,0.4754359192222227,9,98.0,0.4046867008653285,13,196.0
100.0,14,159.0,3.4565217391304346,6.2315018466580225,7,116.0,0.5005485062697681,7,91.0,0.22337774769748023,14,207.0
105.0,14,203.0,4.229166666666667,6.874724666836677,4,128.0,0.5712072727201811,10,101.0,0.28293530978559284,14,229.0
110.0,13,216.0,4.408163265306122,6.730014901715381,7,148.0,0.46033006676273974,6,115.0,0.41129557146223006,13,263.0
115.0,12,142.0,3.380952380952381,6.090544741740479,7,82.0,0.28325178281337565,5,94.0,0.501895696498376,12,176.0
120.0,17,159.0,3.697674418604651,5.673680819642802,11,127.0,0.2394249268112288,6,94.0,0.44927981959360386,17,221.0
125.0,17,195.0,4.534883720930233,4.491253848129869,9,153.0,0.13906526845128023,8,92.0,0.32745451589079877,17,245.0
130.0,14,186.0,4.428571428571429,5.751582614325357,7,141.0,0.4091863535761817,7,96.0,0.32677994992481035,14,237.0
135.0,16,145.0,3.4523809523809526,6.2595554277245355,5,89.0,0.4864630042662266,11,133.0,0.1465245726858808,16,222.0
140.0,11,127.0,3.0238095238095237,7.49451926093587,4,60.0,0.6343487414607303,7,137.0,0.25946538840727973,11,197.0
145.0,11,136.0,3.238095238095238,7.250430772119922,6,68.0,0.37981690661618844,5,115.0,0.47919270304302497,11,183.0
150.0,14,203.0,4.833333333333333,7.548072547713528,9,110.0,0.2971302540052901,5,130.0,0.5641230541524522,14,240.0
155.0,14,216.0,5.142857142857143,6.363155930640501,8,111.0,0.28741516929064853,6,154.0,0.3848570247016779,14,265.0
160.0,9,171.0,4.384615384615385,7.429074844414639,6,81.0,0.44622696750463986,3,145.0,0.397866350597649,9,226.0
165.0,10,187.0,4.921052631578948,7.975083013447222,5,99.0,0.44916781395972816,5,118.0,0.4243038739377232,10,217.0
170.0,12,128.0,3.2,8.011293393959008,8,125.0,0.4306203409007551,4,86.0,0.5074127091068094,12,211.0
175.0,9,121.0,3.4571428571428573,7.639007505700827,6,125.0,0.4838972530487293,3,42.0,0.586079017021241,9,167.0
180.0,13,145.0,3.717948717948718,6.586564762642965,8,108.0,0.37417385126807934,5,65.0,0.5647999352384279,13,173.0
185.0,15,158.0,3.761904761904762,6.125766583839242,8,105.0,0.4020800485809806,7,91.0,0.5255045093221297,15,196.0
190.0,15,213.0,4.953488372093023,6.612100979986581,6,101.0,0.4428330806821327,9,130.0,0.4661978331699664,15,231.0
195.0,12,108.0,2.347826086956522,5.741692538998361,4,64.0,0.3673489698850237,8,110.0,0.334317861163618,12,174.0
200.0,15,138.0,3.066666666666667,6.307437013622608,10,98.0,0.30427145865163535,5,77.0,0.3748852387909336,15,175.0
205.0,13,163.0,4.17948717948718,5.4380718025276105,8,130.0,0.24920386095139416,5,72.0,0.3713040168379227,13,202.0
210.0,14,205.0,5.256410256410256,6.395796339692532,6,131.0,0.34874649379910705,8,94.0,0.28423689457112783,14,225.0
215.0,12,159.0,4.184210526315789,5.703573449032359,5,108.0,0.4579041706803555,7,113.0,0.1299334364221343,12,221.0
220.0,16,229.0,5.585365853658536,6.690081063602459,6,106.0,0.5037493415005956,10,152.0,0.2635483457295095,16,258.0
225.0,10,176.0,4.190476190476191,6.727765786648145,4,64.0,0.5429815398928387,6,165.0,0.41732621525737806,10,229.0
230.0,13,225.0,4.891304347826087,7.50538623783311,7,83.0,0.478567838182857,6,160.0,0.5378500100055279,13,243.0
235.0,8,110.0,2.156862745098039,7.511571024043986,5,80.0,0.4117284692672591,3,95.0,0.5430393852432549,8,175.0
240.0,11,143.0,2.75,8.44022915792528,6,82.0,0.47655901749581914,5,75.0,0.5673972352642468,11,157.0
245.0,13,75.0,1.4150943396226414,6.8106472929298025,8,55.0,0.4293326537622008,5,71.0,0.29282584880453544,13,126.0
250.0,18,133.0,2.607843137254902,6.699197007343109,9,82.0,0.3774332030250533,9,76.0,0.2810440089484898,18,158.0
255.0,18,153.0,2.9423076923076925,5.9065683606372845,11,105.0,0.40214483816313107,7,89.0,0.2751714129101079,18,194.0
260.0,21,234.0,4.5,6.207557498059905,15,172.0,0.32431259558393044,6,86.0,0.3487700899849504,21,258.0
265.0,19,203.0,3.625,5.713467272267002,13,205.0,0.3059995953868594,6,79.0,0.355094565644095,19,284.0
270.0,16,215.0,3.6440677966101696,6.5917787548118225,10,196.0,0.3631125888168372,6,73.0,0.3811079776259776,16,269.0
275.0,17,182.0,3.033333333333333,6.5310594284973345,11,184.0,0.2654108069553068,6,76.0,0.5522406305708633,17,260.0
280.0,25,249.0,4.220338983050848,6.511047157612793,18,220.0,0.3513130120130087,7,107.0,0.4148412383038391,25,327.0
285.0,25,331.0,5.807017543859649,4.500778469806178,18,277.0,0.2834974071390861,7,131.0,0.32893377042402333,25,408.0
290.0,26,427.0,7.237288135593221,4.95830818698566,16,306.0,0.25047824333808666,10,173.0,0.36590259742899867,26,479.0
295.0,24,381.0,6.4576271186440675,4.200661111900406,16,339.0,0.2045364437695494,8,161.0,0.31916480407164766,24,500.0
300.0,25,451.0,7.516666666666667,5.21112951281339,19,376.0,0.18097247084406895,6,141.0,0.40837444132267087,25,517.0
305.0,25,434.0,7.614035087719298,4.568341067506169,19,446.0,0.15629741154773757,6,107.0,0.3818659739635454,25,553.0
310.0,22,514.0,9.017543859649123,5.320731287658977,14,490.0,0.23405332623959585,8,96.0,0.29334782334010734,22,586.0
315.0,20,426.0,7.745454545454545,5.435061913193732,13,455.0,0.2443475035865187,7,102.0,0.28425262775981136,20,557.0
320.0,22,311.0,5.654545454545454,6.07947967023216,12,415.0,0.3228674425009615,10,139.0,0.3451158272105691,22,554.0
325.0,17,200.0,3.9215686274509802,5.333744374266923,11,386.0,0.3318885573180755,6,139.0,0.39959110675784876,17,525.0
330.0,23,251.0,4.648148148148148,5.544841742504402,17,421.0,0.21832213196640798,6,112.0,0.469207319584987,23,533.0
335.0,21,232.0,4.296296296296297,4.7145237893394505,16,471.0,0.20285299796301265,5,85.0,0.29603298630497726,21,556.0
340.0,20,236.0,4.452830188679245,5.926983057287235,12,482.0,0.33857349320776936,8,63.0,0.26139616150688283,20,545.0
345.0,19,273.0,4.963636363636364,5.130563202839244,13,478.0,0.2476633241624121,6,83.0,0.2676250860347316,19,561.0
350.0,22,292.0,5.509433962264151,5.640704998408232,18,434.0,0.19964153595926,4,84.0,0.436793523214696,22,518.0
355.0,18,162.0,3.0,5.581367847613666,16,426.0,0.19769279194860787,2,55.0,0.5458249907917949,18,481.0
360.0,24,248.0,4.509090909090909,5.988333569638086,19,436.0,0.27270757095215054,5,59.0,0.5571002499740341,24,495.0
365.0,19,245.0,4.298245614035087,6.539531039525659,16,469.0,0.3308891721252675,3,44.0,0.5960417491011766,19,513.0
370.0,17,208.0,3.7142857142857144,6.061011679994214,10,416.0,0.30601038581983764,7,65.0,0.46659688230821705,17,481.0
375.0,19,247.0,4.116666666666666,6.139023380790945,12,404.0,0.34887663439052863,7,65.0,0.3901353564722481,19,469.0
380.0,26,367.0,5.919354838709677,5.52501930845578,17,486.0,0.29005275009948034,9,101.0,0.34658516504528647,26,587.0
385.0,28,373.0,6.016129032258065,4.818948356103623,21,493.0,0.2810763068092684,7,94.0,0.36605143143101443,28,587.0
390.0,27,352.0,5.587301587301587,4.882992509161663,22,452.0,0.20434315130172814,5,64.0,0.40581179053245775,27,516.0
395.0,29,465.0,7.88135593220339,5.191346677018977,23,494.0,0.21339045696426814,6,73.0,0.538491324243575,29,567.0
400.0,27,450.0,7.142857142857143,4.8478256104077895,23,541.0,0.12987070658057487,4,74.0,0.6468992382483374,27,615.0
405.0,29,476.0,7.80327868852459,4.788498359123509,24,554.0,0.13384557665564892,5,91.0,0.561796595400285,29,645.0
410.0,28,467.0,7.783333333333333,3.814544711072287,22,585.0,0.15159511094086137,6,98.0,0.41234767670568573,28,683.0
415.0,26,316.0,5.180327868852459,4.48311794016507,17,549.0,0.2089363840563925,9,118.0,0.24508672376460858,26,667.0
420.0,21,314.0,5.147540983606557,4.646024786600377,14,503.0,0.2710721741580049,7,146.0,0.21537196426569694,21,649.0
425.0,22,377.0,6.080645161290323,5.434893846781589,15,527.0,0.2146358512196444,7,160.0,0.3790456576009006,22,687.0
430.0,22,307.0,5.203389830508475,5.185788303017735,17,545.0,0.12226842498817699,5,91.0,0.5116281201035625,22,636.0
435.0,27,392.0,6.758620689655173,4.7824513645291455,20,567.0,0.14534916102759884,7,90.0,0.43869250813171906,27,657.0
440.0,21,373.0,6.781818181818182,4.957299946902615,15,526.0,0.17063440490762158,6,82.0,0.46523578351550054,21,608.0
445.0,22,360.0,6.545454545454546,5.025923431430665,15,506.0,0.21932011732916437,7,86.0,0.39932109468654375,22,592.0
450.0,24,262.0,4.5964912280701755,4.8735511619915215,15,463.0,0.24717677890086018,9,101.0,0.3550371382474971,24,564.0
455.0,25,354.0,6.0,5.31262591765923,16,494.0,0.2275939569698219,9,136.0,0.4787907202156732,25,630.0
460.0,20,311.0,5.553571428571429,4.940607419935608,13,500.0,0.21335878353188897,7,125.0,0.44309039789284693,20,625.0
465.0,23,307.0,5.482142857142857,4.4369690915813225,15,523.0,0.1307472497823319,8,68.0,0.36003617348564243,23,591.0
470.0,25,319.0,5.5964912280701755,4.191885979153607,19,530.0,0.09160452822488001,6,85.0,0.3457473686174315,25,615.0
475.0,29,413.0,7.509090909090909,4.347533448950813,19,577.0,0.13943006148429515,10,125.0,0.373494292060731,29,702.0
480.0,21,389.0,6.824561403508772,5.028363170377554,13,579.0,0.23743768561919634,8,130.0,0.3925707382419309,21,709.0
485.0,22,398.0,6.982456140350878,5.177043207087516,10,543.0,0.2992696625024632,12,137.0,0.33125292688779767,22,680.0
490.0,26,397.0,6.616666666666666,4.989344261672191,15,464.0,0.26436430257422205,11,153.0,0.34060762923578497,26,617.0
495.0,27,292.0,4.709677419354839,4.6819594944231255,17,397.0,0.22551385048024608,10,170.0,0.41018465618031597,27,567.0
500.0,24,301.0,4.777777777777778,5.2220495875931014,17,393.0,0.3196160493763302,7,155.0,0.387763861673693,24,548.0
505.0,22,254.0,4.031746031746032,4.826549162547285,16,418.0,0.21967003742508748,6,96.0,0.36304289949315954,22,514.0
510.0,21,211.0,3.246153846153846,5.73524951378772,14,383.0,0.21214489805653972,7,87.0,0.3898521442415981,21,470.0
515.0,18,247.0,3.6323529411764706,6.595128155668316,11,356.0,0.34468286031905093,7,106.0,0.3333555123251422,18,462.0
520.0,21,278.0,4.276923076923077,6.6543289829062475,11,314.0,0.37148905727499304,10,127.0,0.29282509564662523,21,441.0
525.0,21,335.0,5.583333333333333,6.182278447293897,13,321.0,0.35498639767804085,8,152.0,0.29777610203575644,21,473.0
530.0,18,321.0,5.944444444444445,5.961426587520109,10,316.0,0.34300173585360044,8,162.0,0.39238223274749795,18,478.0
535.0,23,314.0,6.038461538461538,4.921250075883215,15,339.0,0.19340308575937334,8,130.0,0.4408910908574739,23,469.0
540.0,28,295.0,5.673076923076923,4.353489700715563,19,330.0,0.1110378052173652,9,146.0,0.4260555643613962,28,476.0
545.0,23,333.0,6.403846153846154,4.919918727371908,15,300.0,0.17707881626719402,8,171.0,0.4621384578636054,23,471.0
550.0,20,359.0,6.773584905660377,5.012126399584024,13,310.0,0.1736716802050388,7,193.0,0.4539715597094248,20,503.0
555.0,19,388.0,7.461538461538462,5.846017346346813,11,283.0,0.16056280742934598,8,227.0,0.4331556080230919,19,510.0
560.0,17,337.0,6.607843137254902,6.1108752368354615,12,292.0,0.20424003567168428,5,193.0,0.40726956699374534,17,485.0
565.0,18,364.0,6.867924528301887,6.399446833168476,12,291.0,0.22491491147823045,6,194.0,0.4373187544071917,18,485.0
570.0,17,234.0,4.415094339622642,6.174153639627453,12,313.0,0.25079179767281656,5,94.0,0.49791239056268455,17,407.0
575.0,17,285.0,5.480769230769231,6.910920624563436,10,306.0,0.3829816416956701,7,82.0,0.5282235831205726,17,388.0
580.0,14,154.0,2.8518518518518516,6.399928102348337,9,258.0,0.4125571464882908,5,83.0,0.46835114172979764,14,341.0
585.0,18,223.0,4.12962962962963,6.110345295440481,12,226.0,0.3489735937742894,6,71.0,0.37029952323257104,18,297.0
590.0,18,201.0,4.02,5.490473156140025,12,238.0,0.1700653050797724,6,57.0,0.4174746740333322,18,295.0
595.0,21,276.0,5.0181818181818185,6.120599440362461,14,271.0,0.2453280170315519,7,73.0,0.45198633399593346,21,344.0
600.0,18,207.0,3.7636363636363637,5.720371311489115,13,250.0,0.32073664767785404,5,85.0,0.47635849715876266,18,335.0
605.0,20,227.0,3.913793103448276,6.742233616924046,10,190.0,0.46985259092800435,10,108.0,0.4224287017566242,20,298.0
610.0,18,225.0,3.75,5.945717500303297,7,194.0,0.3912035818373312,11,141.0,0.3200818421072434,18,335.0
615.0,21,280.0,4.516129032258065,5.6777866893097535,12,214.0,0.28419039661584916,9,142.0,0.30661033141343286,21,356.0
620.0,20,320.0,5.333333333333333,5.536976932949803,11,239.0,0.12087675478912606,9,159.0,0.4070510520640467,20,398.0
625.0,22,401.0,6.796610169491525,6.260230050241812,10,266.0,0.2506067429254754,12,200.0,0.4063762271522999,22,466.0
630.0,23,261.0,4.833333333333333,5.204880974130485,7,193.0,0.36880127529128875,16,216.0,0.19753455873865475,23,409.0
635.0,23,303.0,5.410714285714286,5.475301159509079,8,152.0,0.4127469610243118,15,219.0,0.1880310350794138,23,371.0
640.0,23,281.0,4.9298245614035086,4.8628935034672445,7,147.0,0.2915132772145833,16,249.0,0.2783175992717429,23,396.0
645.0,22,309.0,5.327586206896552,6.00468566364919,11,173.0,0.28288174502305014,11,228.0,0.36443174694278224,22,401.0
650.0,21,315.0,5.163934426229508,5.48308439954466,9,188.0,0.25635923716361547,12,254.0,0.3123462139390596,21,442.0
655.0,19,324.0,5.4,5.999002302808306,4,167.0,0.438289071402018,15,289.0,0.24185316173747684,19,456.0
660.0,20,326.0,5.821428571428571,6.474512056051779,4,163.0,0.5610207825369798,16,316.0,0.23804674220317082,20,479.0
665.0,24,390.0,7.222222222222222,6.381476872825499,5,191.0,0.5506502579204396,19,355.0,0.17571642640871127,24,546.0
670.0,26,394.0,7.7254901960784315,3.8231619042888534,7,196.0,0.30540720976975816,19,388.0,0.08524243864627888,26,584.0
675.0,25,432.0,8.470588235294118,4.574852274702105,8,209.0,0.24655862487824878,17,382.0,0.17093247289453792,25,591.0
680.0,20,450.0,8.333333333333334,5.811561194222323,7,228.0,0.41166693034568114,13,408.0,0.26500879044484876,20,636.0
685.0,17,451.0,8.50943396226415,7.070056862625009,5,239.0,0.5616071066359134,12,373.0,0.2842552905102808,17,612.0
690.0,17,233.0,4.236363636363636,5.692436623560232,6,171.0,0.3987902981012307,11,339.0,0.24424571140412846,17,510.0
695.0,23,267.0,4.767857142857143,6.262492373423485,9,121.0,0.3917982882928961,14,309.0,0.3486404012951387,23,430.0
700.0,22,228.0,4.071428571428571,5.609576920643765,9,99.0,0.36284284606576667,13,313.0,0.3729725223848519,22,412.0
705.0,26,282.0,4.862068965517241,4.942152312633754,14,139.0,0.30654474941524007,12,333.0,0.3839596964520618,26,472.0
710.0,28,306.0,5.275862068965517,3.3720948509614255,13,175.0,0.31400952693800954,15,354.0,0.18647037857384907,28,529.0
715.0,22,285.0,4.672131147540983,4.662782070172866,6,163.0,0.4077758192906905,16,347.0,0.13048834952678567,22,510.0
720.0,21,189.0,3.0,5.190586016547674,8,140.0,0.3478983223000561,13,329.0,0.1764006366215596,21,469.0
725.0,25,250.0,3.9682539682539684,5.534710070301346,12,159.0,0.30809784489051406,13,314.0,0.13139637558147052,25,473.0
730.0,29,326.0,5.258064516129032,4.556379084617446,15,192.0,0.25789728273097184,14,352.0,0.1111761174825939,29,544.0
735.0,19,338.0,5.633333333333334,6.2195063693730095,9,175.0,0.36054975266687506,10,360.0,0.28603331443797664,19,535.0
740.0,18,269.0,4.26984126984127,5.758609512647697,9,143.0,0.24305697925621714,9,326.0,0.339324997271979,18,469.0
745.0,23,283.0,4.421875,5.903875507531505,12,177.0,0.2562636087598998,11,289.0,0.3895626516440198,23,466.0
750.0,27,280.0,4.666666666666667,5.092819081228337,16,213.0,0.28924818842270417,11,267.0,0.3527344111039602,27,480.0
755.0,20,299.0,5.155172413793103,5.715622777492911,9,208.0,0.3511575148749844,11,232.0,0.32030779711406343,20,440.0
760.0,22,261.0,4.660714285714286,4.823842058809589,10,174.0,0.25999220653986693,12,245.0,0.25588377549926045,22,419.0
765.0,25,305.0,5.350877192982456,5.391046789407208,14,204.0,0.2043380765362398,11,239.0,0.260880181566555,25,443.0
770.0,23,294.0,5.345454545454546,4.960754966863904,14,250.0,0.14193676822568155,9,219.0,0.2717690631145289,23,469.0
775.0,22,347.0,6.3090909090909095,6.519337097416776,10,261.0,0.35571945153063006,12,211.0,0.2682054191590702,22,472.0
780.0,20,283.0,5.2407407407407405,5.148592787249783,11,265.0,0.29349612376641204,9,180.0,0.2278103274092681,20,445.0
785.0,22,295.0,5.0,6.4498062838212356,12,242.0,0.3103547228676597,10,174.0,0.4536090806505549,22,416.0
790.0,21,246.0,4.241379310344827,6.3025715789554,12,247.0,0.3329001309694714,9,160.0,0.5040730495581554,21,407.0
795.0,25,302.0,5.298245614035087,5.732249736665623,14,253.0,0.36149073392091996,11,192.0,0.33136594379316014,25,445.0
800.0,27,266.0,4.508474576271187,4.031586890099036,15,277.0,0.2212277784871437,12,185.0,0.23930599696624216,27,462.0
805.0,18,201.0,3.1904761904761907,5.530468170538799,11,264.0,0.2837537730535276,7,117.0,0.27949427533800913,18,381.0
810.0,19,160.0,2.4615384615384617,5.451781084755992,11,245.0,0.2597677614794482,8,122.0,0.2746947497609658,19,367.0
815.0,29,266.0,4.222222222222222,6.0907665612391515,16,272.0,0.2604159672590654,13,161.0,0.3875984681171269,29,433.0
820.0,25,286.0,4.5396825396825395,5.990582070089108,15,280.0,0.26581741797575076,10,172.0,0.44282367326784094,25,452.0
825.0,23,334.0,5.566666666666666,5.508337184023784,14,289.0,0.2568047066178987,9,161.0,0.3356285464202985,23,450.0
830.0,23,301.0,4.934426229508197,4.651254526577291,14,298.0,0.13327294536816517,9,167.0,0.2884955381334748,23,465.0
835.0,24,306.0,5.016393442622951,5.351326823434781,10,253.0,0.21341592067671827,14,183.0,0.25682163381562484,24,436.0
840.0,21,252.0,4.5,5.354634871726197,6,164.0,0.37690668523131327,15,227.0,0.17307713230482555,21,391.0
845.0,20,304.0,5.333333333333333,6.33626592362325,10,148.0,0.3731767446146725,10,248.0,0.27575789702910075,20,396.0
850.0,15,164.0,2.9285714285714284,6.901183605994055,8,152.0,0.3510708714563588,7,176.0,0.4231823078820895,15,328.0
855.0,22,239.0,4.345454545454546,6.623594775007079,13,196.0,0.27988766474077986,9,130.0,0.4313402589765734,22,326.0
860.0,20,206.0,4.03921568627451,5.215969216705616,10,203.0,0.4081966536856679,10,125.0,0.2692332628608811,20,328.0
865.0,18,229.0,4.490196078431373,5.547922149362137,6,160.0,0.4025003656912727,12,154.0,0.15408736975337323,18,314.0
870.0,17,159.0,3.0,4.904818556265577,5,122.0,0.3602267626510244,12,171.0,0.12757824672782156,17,293.0
875.0,19,190.0,3.5185185185185186,5.740535561971206,13,128.0,0.22671740429402315,6,153.0,0.3965450567871263,19,281.0
880.0,20,150.0,2.727272727272727,5.399510685269477,15,172.0,0.1652127476229969,5,118.0,0.43110690753204883,20,290.0
885.0,17,177.0,3.1607142857142856,6.192918294251684,8,179.0,0.27098842288797487,9,104.0,0.3588566682632195,17,283.0
890.0,17,160.0,3.018867924528302,5.644327233995814,7,165.0,0.294150849596421,10,125.0,0.29932885211692245,17,290.0
895.0,19,193.0,3.784313725490196,5.947874521726896,12,176.0,0.14668554283804625,7,102.0,0.3945833446779104,19,278.0
900.0,20,206.0,4.382978723404255,5.172845944564001,13,215.0,0.2083865143483174,7,91.0,0.3256693124087621,20,306.0
905.0,14,221.0,4.604166666666667,6.589561528699963,6,191.0,0.34435388725940824,8,103.0,0.4151050228914449,14,294.0
910.0,12,145.0,2.9591836734693877,6.473457617214794,6,156.0,0.35429293839637427,6,88.0,0.42363661841003947,12,244.0
915.0,15,180.0,3.8297872340425534,6.812832233893811,7,176.0,0.3820484125143351,8,93.0,0.43923793068159755,15,269.0
920.0,18,157.0,3.5681818181818183,4.3941740614001406,9,152.0,0.26629075064192653,9,109.0,0.2685481917374257,18,261.0
925.0,20,252.0,5.478260869565218,5.667707720123566,10,184.0,0.3436839592684671,10,161.0,0.3303341395684358,20,345.0
930.0,24,340.0,7.391304347826087,5.260610990370011,13,241.0,0.3543912966197315,11,203.0,0.3039476236347116,24,444.0
935.0,21,347.0,7.081632653061225,5.26203695665582,10,236.0,0.34067998990613846,11,227.0,0.34509646120351345,21,463.0
940.0,16,229.0,4.770833333333333,5.100879101263215,6,192.0,0.3988716785981129,10,199.0,0.2471899570445614,16,391.0
945.0,11,152.0,2.8679245283018866,6.37616556892928,7,214.0,0.35249516732266106,4,142.0,0.37942006144650964,11,356.0
950.0,17,220.0,3.9285714285714284,7.081064058882329,12,253.0,0.24311243103109562,5,81.0,0.5083814963040078,17,334.0
955.0,17,273.0,5.055555555555555,7.413316413577186,11,276.0,0.2573506115857353,6,96.0,0.527841021226879,17,372.0
960.0,13,250.0,5.0,7.06075109951708,7,258.0,0.37344234065229703,6,74.0,0.32962834333314717,13,332.0
965.0,14,246.0,5.466666666666667,5.949279182614295,6,230.0,0.3097843031776916,8,106.0,0.08110994575944151,14,336.0
970.0,20,283.0,6.5813953488372094,5.655193529594487,10,257.0,0.3330142749766086,10,123.0,0.19588419525582754,20,380.0
975.0,17,330.0,8.048780487804878,5.304819315016088,8,273.0,0.2979298698152107,9,134.0,0.4143256937534573,17,407.0
980.0,12,321.0,7.465116279069767,6.512975246309235,6,261.0,0.5034422144936025,6,136.0,0.39381569953192064,12,397.0
985.0,8,187.0,4.155555555555556,7.962498999778963,5,189.0,0.5330530229758077,3,107.0,0.4810678873547221,8,296.0
990.0,7,58.0,1.183673469387755,7.796370837758155,7,64.0,0.4431590972239869,0,46.0,0.45471051782881916,7,110.0
995.0,12,83.0,1.8043478260869565,7.814893080321765,7,84.0,0.39068308773366645,5,38.0,0.6019904049447036,12,122.0
1000.0,8,100.0,2.1739130434782608,7.465467975776545,5,86.0,0.49338318158116345,3,35.0,0.5023004391752349,8,121.0
1005.0,13,151.0,3.2127659574468086,7.432945322984296,7,112.0,0.45141603463034724,6,42.0,0.41358154772103134,13,154.0
1010.0,12,142.0,2.9583333333333335,6.601510801501898,6,98.0,0.3185716249865015,6,59.0,0.35903834663469564,12,157.0
1015.0,20,218.0,4.448979591836735,6.233438348640388,10,136.0,0.32978097543300644,10,94.0,0.25029408620670857,20,230.0
1020.0,18,231.0,5.021739130434782,6.192763743335307,10,166.0,0.38232794452838614,8,103.0,0.3980922194583202,18,269.0
1025.0,19,322.0,7.155555555555556,6.480524041540897,11,204.0,0.36407152498097445,8,133.0,0.4608621011069453,19,337.0
1030.0,17,228.0,5.066666666666666,5.483933424959799,11,169.0,0.31287359492098116,6,137.0,0.4568968283399421,17,306.0
1035.0,20,258.0,5.16,5.36240788185579,14,184.0,0.2079449049683247,6,123.0,0.36241751031799785,20,307.0
1040.0,19,163.0,3.26,5.487553018824886,14,196.0,0.16507724753711833,5,49.0,0.3814396074006952,19,245.0
1045.0,19,174.0,3.48,5.907730166323967,9,158.0,0.24449784988369103,10,89.0,0.22707740700163445,19,247.0
1050.0,17,182.0,3.7916666666666665,5.270576168833249,8,169.0,0.33284868694047437,9,109.0,0.17026081950741367,17,278.0
1055.0,17,227.0,4.63265306122449,6.42949776256249,8,161.0,0.4165937571015035,9,123.0,0.23569505835506296,17,284.0
1060.0,16,134.0,2.5283018867924527,6.925988084926092,8,138.0,0.4119471345609416,8,113.0,0.3601974844328021,16,251.0
1065.0,16,193.0,3.5090909090909093,8.20343480098697,10,146.0,0.46985648411549336,6,110.0,0.49558728316396167,16,256.0
1070.0,12,117.0,2.2941176470588234,6.548557241368861,7,119.0,0.29794539344237336,5,82.0,0.5200086109398623,12,201.0
1075.0,16,137.0,2.6346153846153846,7.158508996328317,8,88.0,0.2436021082074799,8,90.0,0.5445435903081259,16,178.0
1080.0,17,129.0,2.480769230769231,5.588616784455713,9,103.0,0.1859392106521735,8,82.0,0.3031693876292275,17,185.0
1085.0,22,207.0,3.980769230769231,6.133891113009369,12,126.0,0.28347236557291655,10,130.0,0.2883155166892718,22,256.0
1090.0,18,191.0,3.9791666666666665,5.603420018370746,10,144.0,0.2921062117706285,8,133.0,0.3189524304126448,18,277.0
1095.0,13,160.0,3.4782608695652173,6.818371725657726,6,129.0,0.37734245262850574,7,91.0,0.29021655357035725,13,220.0
1100.0,9,92.0,2.1904761904761907,6.562750086630269,5,120.0,0.2828217305011907,4,68.0,0.3199574462405017,9,188.0
1105.0,13,86.0,1.9545454545454546,7.6045456262188535,7,100.0,0.37080234350974883,6,66.0,0.431633345315875,13,166.0
1110.0,10,82.0,2.05,7.2079184736643755,6,109.0,0.43211817774204814,4,75.0,0.5314450630611324,10,184.0
1115.0,12,107.0,2.675,7.37769685924101,7,111.0,0.5021009401764772,5,67.0,0.4117248876106307,12,178.0
1120.0,10,90.0,2.3684210526315788,6.729345837269586,7,108.0,0.48147737078171776,3,37.0,0.3007458618942629,10,145.0
1125.0,8,115.0,3.108108108108108,7.970195673116298,5,110.0,0.4752537129182037,3,25.0,0.4162563279733842,8,135.0
1130.0,10,100.0,2.7027027027027026,6.521515774370145,7,91.0,0.26569330890840603,3,39.0,0.51904140589381,10,130.0
1135.0,17,139.0,3.5641025641025643,6.655460396567193,12,103.0,0.2819956820747939,5,61.0,0.5192377020613672,17,164.0
1140.0,11,133.0,3.6944444444444446,5.718926154740036,8,133.0,0.2768281727980527,3,38.0,0.4949291972014658,11,171.0
1145.0,15,181.0,5.027777777777778,6.03221353354796,10,149.0,0.2868677040630021,5,60.0,0.5587320834407234,15,209.0
1150.0,13,166.0,3.9523809523809526,6.518189592387201,8,173.0,0.35933403945590003,5,56.0,0.47392435977337705,13,229.0
1155.0,13,194.0,3.88,7.890544842873864,7,169.0,0.47874507046978754,6,63.0,0.5603244095600849,13,232.0
1160.0,10,87.0,1.74,7.231537589177645,5,118.0,0.44129359612112473,5,65.0,0.5895607377690915,10,183.0
1165.0,12,111.0,2.22,7.032872205698533,9,123.0,0.36911628881461267,3,35.0,0.5800245978984592,12,158.0
1170.0,12,80.0,1.509433962264151,5.811827579947341,8,104.0,0.2831972690439849,4,45.0,0.40166353692736495,12,149.0
1175.0,18,152.0,2.8679245283018866,6.057719225006663,9,124.0,0.3724221062715891,9,72.0,0.29189076836261885,18,196.0
1180.0,18,151.0,2.9038461538461537,5.551334603331441,8,132.0,0.42596272568497506,10,97.0,0.2904890521092716,18,229.0
1185.0,13,145.0,3.152173913043478,6.418083301901675,5,103.0,0.34372889228606746,8,104.0,0.4108370169589455,13,207.0
1190.0,14,163.0,3.6222222222222222,6.85655688243041,6,100.0,0.3390919265430417,8,104.0,0.2910670506903093,14,204.0
1195.0,15,166.0,3.608695652173913,6.289700719222698,4,103.0,0.33988664373075467,11,106.0,0.1194927689467594,15,209.0
1200.0,18,193.0,4.488372093023256,6.153196707845265,7,121.0,0.42594824108059653,11,128.0,0.24572424431892823,18,249.0
1205.0,13,221.0,5.525,6.516161980163394,5,146.0,0.4983192135525358,8,133.0,0.3122327775319895,13,279.0
1210.0,11,206.0,4.904761904761905,6.923197964529906,5,148.0,0.4438908717770585,6,125.0,0.3924758467552684,11,273.0
1215.0,13,111.0,2.3125,6.6347789750873245,6,74.0,0.24446523570926268,7,107.0,0.4020877602354918,13,181.0
1220.0,17,160.0,3.404255319148936,6.984861561387858,10,73.0,0.27259630952558334,7,116.0,0.465722985762715,17,189.0
1225.0,15,196.0,4.454545454545454,6.644681215276837,8,104.0,0.3965981716114355,7,125.0,0.41100983779092143,15,229.0
1230.0,15,164.0,3.813953488372093,6.3247796031239805,7,113.0,0.42113963670855803,8,90.0,0.3746104039612645,15,203.0
1235.0,13,149.0,3.6341463414634148,5.644641747959581,5,107.0,0.39377560485750335,8,110.0,0.32770309114812707,13,217.0
1240.0,13,107.0,2.3777777777777778,6.418812704896771,5,75.0,0.4607810272597427,8,93.0,0.30261010894815865,13,168.0
1245.0,14,132.0,2.8085106382978724,6.592129800074411,8,96.0,0.38784973747871343,6,70.0,0.34419221752656737,14,166.0
1250.0,15,129.0,2.6875,6.800774437624825,10,122.0,0.35082827399178573,5,67.0,0.4278529281334317,15,189.0
1255.0,13,151.0,3.2127659574468086,6.181550228207755,8,147.0,0.21912104970013468,5,47.0,0.5237179941610455,13,194.0
1260.0,12,166.0,3.772727272727273,7.112824458564481,7,139.0,0.2973638586555513,5,62.0,0.5089143914396456,12,201.0
1265.0,11,112.0,2.5454545454545454,6.464560351062537,6,88.0,0.3095850233257954,5,68.0,0.30643912134963636,11,156.0
1270.0,18,159.0,3.2448979591836733,6.33549551662921,11,129.0,0.40556833238704987,7,78.0,0.33468672877710093,18,207.0
1275.0,15,199.0,3.826923076923077,6.4735956095040255,8,157.0,0.47668975710642303,7,95.0,0.44639271205812925,15,252.0
1280.0,16,228.0,4.56,7.291940570285954,8,160.0,0.5588504931137794,8,91.0,0.5036576204302842,16,251.0
1285.0,17,227.0,4.54,6.220272114256391,7,129.0,0.4810601753232038,10,136.0,0.336012862321448,17,265.0
1290.0,23,234.0,4.333333333333333,4.398449435521057,12,155.0,0.18914197327082252,11,142.0,0.24857729570808806,23,297.0
1295.0,23,236.0,4.37037037037037,4.932815381656692,14,149.0,0.15221097867707833,9,135.0,0.38595414727652555,23,284.0
1300.0,18,236.0,4.37037037037037,5.991631810215162,12,149.0,0.2469704295420342,6,143.0,0.4343627920589926,18,292.0
1305.0,18,257.0,4.508771929824562,6.582082879938163,10,172.0,0.3604756095668996,8,156.0,0.43830978531491266,18,328.0
1310.0,15,195.0,3.611111111111111,6.10912788219987,8,139.0,0.366082071562211,7,167.0,0.35670841179630025,15,306.0
1315.0,18,253.0,4.6,5.68461262063969,8,168.0,0.3128300720503503,10,174.0,0.32962136793028796,18,342.0
1320.0,19,190.0,3.392857142857143,5.478864319760689,12,197.0,0.2612169270601186,7,128.0,0.37841436993028676,19,325.0
1325.0,25,259.0,4.389830508474576,5.952434537777565,15,249.0,0.29154195155896384,10,97.0,0.43348493134198807,25,346.0
1330.0,23,286.0,4.931034482758621,5.15862663609091,15,304.0,0.2983435217382709,8,107.0,0.3243267881718278,23,411.0
1335.0,19,279.0,4.810344827586207,5.530705041869802,12,306.0,0.22611243018076102,7,82.0,0.45194895030885335,19,388.0
1340.0,17,267.0,4.767857142857143,5.5312597122662535,10,265.0,0.24929361582516374,7,99.0,0.2979123420578097,17,364.0
1345.0,20,177.0,2.95,5.556026661555688,10,216.0,0.27391888822094795,10,116.0,0.18567934073602346,20,332.0
1350.0,23,260.0,4.333333333333333,5.582737571980675,13,200.0,0.2906722992179851,10,147.0,0.3250658418541336,23,347.0
1355.0,19,314.0,5.607142857142857,6.311048033088489,12,222.0,0.3190867847832044,7,167.0,0.4710299014328957,19,389.0
1360.0,15,297.0,5.823529411764706,6.757845662985142,10,228.0,0.2740101770863112,5,153.0,0.5083588800591798,15,381.0
1365.0,16,312.0,6.117647058823529,6.25265382401007,11,244.0,0.1441618047375825,5,136.0,0.3459556058889782,16,380.0
1370.0,17,234.0,4.9787234042553195,6.102542847761365,9,228.0,0.2819121636811495,8,78.0,0.303483408114892,17,306.0
1375.0,14,170.0,3.6956521739130435,7.3158556428557,5,173.0,0.4188632186690971,9,119.0,0.480638792367902,14,292.0
1380.0,13,179.0,3.977777777777778,7.135236345665368,6,122.0,0.40270773203463167,7,127.0,0.4869537431401804,13,249.0
1385.0,17,240.0,5.0,6.504355521866738,6,122.0,0.41879325977380394,11,160.0,0.40545068606451545,17,282.0
1390.0,21,329.0,6.58,6.359310161362832,8,129.0,0.4893895684945049,13,227.0,0.3327841366240955,21,356.0
1395.0,17,224.0,4.48,5.70074167275966,5,89.0,0.5512666291998279,12,228.0,0.22922593602085958,17,317.0
1400.0,17,200.0,3.9215686274509802,5.602259364944485,8,92.0,0.39263707021617966,9,180.0,0.27001429832724694,17,272.0
1405.0,17,92.0,1.7692307692307692,5.044753756271297,10,82.0,0.2898583518226602,7,150.0,0.31016947451156357,17,232.0
1410.0,19,155.0,2.980769230769231,5.976304832050298,8,91.0,0.4029474516596165,11,141.0,0.24243605951926842,19,232.0
1415.0,22,174.0,3.2830188679245285,5.251565633393542,9,89.0,0.35238142628346275,13,165.0,0.2506993580437082,22,254.0
1420.0,15,176.0,3.3846153846153846,6.549046622331058,9,107.0,0.36664824291227405,6,148.0,0.35560147002461184,15,255.0
1425.0,12,130.0,2.452830188679245,5.483909709186108,7,114.0,0.23480982655000365,5,138.0,0.4159018628495917,12,252.0
1430.0,21,153.0,2.8867924528301887,5.743826586491251,13,143.0,0.32242690505646465,8,115.0,0.37924326263074903,21,258.0
1435.0,19,174.0,3.411764705882353,5.204356087992099,9,165.0,0.35786504908593536,10,127.0,0.3545676804714921,19,292.0
1440.0,14,182.0,3.64,6.287205123570216,8,156.0,0.31579540456900895,6,108.0,0.4199542409241098,14,264.0
1445.0,15,175.0,3.4313725490196076,5.747001429357567,8,168.0,0.3154134226819588,7,106.0,0.30004605222146014,15,274.0
1450.0,17,202.0,3.811320754716981,5.9267989702692905,6,164.0,0.32779784932611167,11,142.0,0.3012280639733427,17,306.0
1455.0,17,150.0,2.9411764705882355,5.747216943181968,6,135.0,0.36457594736844223,11,168.0,0.4046610117208405,17,303.0
1460.0,17,200.0,3.8461538461538463,6.656153965213345,10,135.0,0.33165940315255754,7,163.0,0.509036753852155,17,298.0
1465.0,12,159.0,3.0576923076923075,6.0267019829143385,7,142.0,0.2482822548445848,5,130.0,0.44137330068156416,12,272.0
1470.0,20,231.0,4.4423076923076925,5.418544407577903,9,165.0,0.3114592736109562,11,145.0,0.22331378342520908,20,310.0
1475.0,21,227.0,4.127272727272727,5.377753259344104,7,148.0,0.3972598658180914,14,189.0,0.1923271315597475,21,337.0
1480.0,23,327.0,5.637931034482759,6.531903568046477,9,167.0,0.53534161522075,14,247.0,0.2682460065983408,23,414.0
1485.0,19,283.0,4.796610169491525,6.210562266871744,5,132.0,0.5797017240547602,14,278.0,0.25856215558506584,19,410.0
1490.0,14,204.0,3.457627118644068,6.889444144552568,7,78.0,0.4264518793637542,7,256.0,0.44773580157822307,14,334.0
1495.0,16,191.0,3.4107142857142856,4.84509621996869,9,88.0,0.2511924463959485,7,268.0,0.2828487412316773,16,356.0
1500.0,25,272.0,4.610169491525424,5.531838011963544,13,103.0,0.3169809096601768,12,309.0,0.2335235290844412,25,412.0
1505.0,24,326.0,5.344262295081967,4.751687382185734,11,135.0,0.29658341460957294,13,331.0,0.17228397726220981,24,466.0
1510.0,20,368.0,6.237288135593221,6.483884668570467,13,170.0,0.3535817307620701,7,299.0,0.4309611467521394,20,469.0
1515.0,21,220.0,3.7288135593220337,5.443734275729005,14,204.0,0.2683959720910439,7,190.0,0.33449479974004415,21,394.0
1520.0,27,321.0,5.440677966101695,5.941459847501404,16,268.0,0.2961665601613749,11,136.0,0.3986302541946284,27,404.0
1525.0,23,338.0,5.9298245614035086,5.008072807152468,14,297.0,0.30552143986130464,9,158.0,0.2529612922083419,23,455.0
1530.0,17,317.0,6.215686274509804,5.40311671284385,10,278.0,0.2700951243715932,7,144.0,0.28241806139449693,17,422.0
1535.0,16,269.0,5.38,5.007790286567184,9,282.0,0.27144256399017896,7,120.0,0.1859544342436181,16,402.0
1540.0,21,327.0,5.839285714285714,5.508972348070013,11,307.0,0.2603913941033566,10,114.0,0.3188241700916815,21,421.0
1545.0,21,263.0,4.614035087719298,6.023643439889236,13,265.0,0.35210083523142394,8,122.0,0.41436848062087844,21,387.0
1550.0,22,294.0,5.25,6.015974838279003,12,231.0,0.36333000357929385,10,173.0,0.4219217742647892,22,404.0
1555.0,21,267.0,4.767857142857143,4.739687841756214,13,215.0,0.3082286462708672,8,183.0,0.3311001774981035,21,398.0
1560.0,16,230.0,3.8983050847457625,5.919865380485612,8,183.0,0.381007131539234,8,157.0,0.24638713251083413,16,340.0
1565.0,15,190.0,3.2758620689655173,5.6962939913511335,8,177.0,0.3472364993609008,7,168.0,0.2246911142845013,15,345.0
1570.0,27,303.0,5.05,5.8118344960426045,16,222.0,0.2549632621918675,11,196.0,0.35390772491605,27,418.0
1575.0,22,361.0,5.918032786885246,5.120136582636583,15,262.0,0.16762174743652636,7,213.0,0.4930420427179704,22,475.0
1580.0,22,417.0,7.189655172413793,6.466556603641647,14,271.0,0.25252923491870105,8,215.0,0.5472972968230604,22,486.0
1585.0,18,388.0,6.928571428571429,4.895169596810298,11,282.0,0.19408449271718997,7,206.0,0.33215953495276274,18,488.0
1590.0,27,450.0,7.758620689655173,5.33088326482839,15,295.0,0.20843080719567886,12,244.0,0.2559532195465498,27,539.0
1595.0,26,301.0,5.375,4.634552198564961,15,303.0,0.19027896722056314,11,152.0,0.2588260862958651,26,455.0
1600.0,24,287.0,5.218181818181818,5.160214403080244,15,308.0,0.2644360479767929,9,126.0,0.323448358004689,24,434.0
1605.0,21,261.0,4.5,5.321557739101761,13,339.0,0.3662680823021429,8,125.0,0.32414021172259466,21,464.0
1610.0,19,283.0,4.639344262295082,6.67546393769632,12,317.0,0.42245052187691357,7,102.0,0.3672435966261885,19,419.0
1615.0,19,178.0,2.870967741935484,5.9914023086861645,15,310.0,0.28880001662909827,4,83.0,0.39785804001371394,19,393.0
1620.0,23,255.0,4.112903225806452,6.341227668694073,18,324.0,0.2231556098438461,5,73.0,0.4120109090076804,23,397.0
1625.0,25,315.0,5.625,4.931990971228326,18,391.0,0.11503287537276975,7,76.0,0.4973985136846738,25,467.0
1630.0,27,407.0,7.537037037037037,5.048895874665981,18,433.0,0.11403620443149316,9,117.0,0.33995359722513746,27,550.0
1635.0,22,330.0,6.6,4.4310445032715755,15,418.0,0.12879402494692063,7,108.0,0.21771714857000452,22,526.0
1640.0,22,336.0,6.109090909090909,5.989227876059917,13,377.0,0.29747067404793176,9,105.0,0.18290763982552563,22,482.0
1645.0,18,232.0,4.142857142857143,6.276366938754358,11,337.0,0.2915698172212188,7,97.0,0.4617604238080606,18,434.0
1650.0,10,157.0,2.8545454545454545,7.823119380998933,8,245.0,0.3781217193638285,2,54.0,0.6525827460298141,10,299.0
1655.0,7,117.0,2.0172413793103448,7.714037698493119,5,223.0,0.4219373742021851,2,46.0,0.5468270763997496,7,269.0
1660.0,18,188.0,3.2982456140350878,7.382315481650396,11,233.0,0.3847326989925754,7,68.0,0.3786098467777993,18,301.0
1665.0,22,221.0,4.092592592592593,6.304627852475526,15,270.0,0.303483007407616,7,53.0,0.3818671534757084,22,323.0
1670.0,20,267.0,4.767857142857143,5.885392553310724,15,304.0,0.22285557167505207,5,56.0,0.4137112704728902,20,360.0
1675.0,21,294.0,5.444444444444445,4.872983167463676,14,279.0,0.19156893815460527,7,77.0,0.4763784781935791,21,356.0
1680.0,21,347.0,5.88135593220339,5.44474633486484,16,325.0,0.2922610610612051,5,87.0,0.4346885175561103,21,412.0
1685.0,21,393.0,6.775862068965517,5.843079929232102,15,374.0,0.2827415379274688,6,91.0,0.48576524372514224,21,465.0
1690.0,24,452.0,7.533333333333333,5.855634826205931,16,413.0,0.2530963850031792,8,83.0,0.4514931678681987,24,496.0
1695.0,30,384.0,6.095238095238095,5.163135800608148,19,388.0,0.22860105522089397,11,134.0,0.4057769219836064,30,522.0
1700.0,25,298.0,4.584615384615384,5.118290440336111,11,306.0,0.300392759817662,14,158.0,0.2811965225404659,25,464.0
1705.0,29,347.0,5.507936507936508,5.0135282452710905,12,313.0,0.328087960452006,17,200.0,0.23443606856423682,29,513.0
1710.0,25,310.0,4.920634920634921,4.202217299610276,10,284.0,0.2989764527913761,15,248.0,0.1732567123847948,25,532.0
1715.0,22,267.0,4.238095238095238,5.234915769089074,11,275.0,0.2767503372527403,11,252.0,0.3398704094597865,22,527.0
1720.0,22,228.0,3.619047619047619,5.436149147392841,11,278.0,0.2857620215398111,11,231.0,0.3540564363691016,22,509.0
1725.0,28,258.0,3.909090909090909,5.060582508355474,14,286.0,0.22893430758243238,14,216.0,0.3084644169642472,28,502.0
1730.0,27,308.0,4.8125,5.160734880236385,13,259.0,0.2730451100375012,14,247.0,0.30314026049782206,27,506.0
1735.0,35,415.0,6.384615384615385,4.634615176882468,16,292.0,0.21556508296990828,19,294.0,0.21931457685250283,35,586.0
1740.0,32,458.0,6.9393939393939394,4.593173435290368,14,290.0,0.29111750333012226,18,334.0,0.19238874073392223,32,624.0
1745.0,26,443.0,6.921875,5.076510606488355,14,304.0,0.3068228713354455,12,311.0,0.25535757780346,26,615.0
1750.0,25,370.0,5.78125,5.0510182135771,14,332.0,0.27690439903920444,11,262.0,0.2881455519274371,25,594.0
1755.0,27,294.0,4.388059701492537,5.131959871454162,15,319.0,0.27430593021660776,12,208.0,0.3192974189257376,27,527.0
1760.0,30,375.0,5.514705882352941,5.488449682359224,16,312.0,0.34354301767342377,14,234.0,0.3240919077965163,30,546.0
1765.0,24,367.0,5.318840579710145,5.497279683955094,15,315.0,0.2566793188993271,9,248.0,0.39817994615725094,24,563.0
1770.0,20,359.0,5.358208955223881,5.07862308878237,12,285.0,0.16577648360726718,8,242.0,0.33058043314852387,20,527.0
1775.0,24,398.0,6.03030303030303,4.851426354571285,11,285.0,0.22631224037070488,13,271.0,0.19479459962377774,24,556.0
1780.0,32,336.0,5.25,4.798811386028623,16,271.0,0.24101332356016056,16,251.0,0.20859391312355122,32,522.0
1785.0,29,395.0,6.26984126984127,4.642145695222828,14,302.0,0.1976702590493946,15,227.0,0.29193155759432093,29,529.0
1790.0,24,422.0,6.918032786885246,4.866016210567523,11,307.0,0.2890771847407458,13,259.0,0.26302752830166215,24,566.0
1795.0,21,351.0,5.85,5.583101307328929,11,279.0,0.22447981644961335,10,248.0,0.35238041854192775,21,527.0
1800.0,26,289.0,5.0701754385964914,4.600239433635547,15,272.0,0.09747064292040156,11,205.0,0.2928735416116344,26,477.0
1805.0,32,376.0,6.714285714285714,3.88988905364758,16,322.0,0.1305019193760514,16,204.0,0.23918213570949612,32,526.0
1810.0,24,376.0,6.5964912280701755,4.630642325763772,10,331.0,0.3357161334199361,14,229.0,0.16341101154827767,24,560.0
1815.0,21,374.0,6.56140350877193,5.701356737647072,7,288.0,0.4555165198695363,14,246.0,0.10864264176718481,21,534.0
1820.0,22,404.0,6.8474576271186445,6.589625345040559,9,247.0,0.43418719061160793,13,269.0,0.2829657898498255,22,516.0
1825.0,18,258.0,4.3,6.754501394102137,10,177.0,0.3056487925573953,8,227.0,0.4792246791605027,18,404.0
1830.0,21,257.0,4.3559322033898304,6.213061255824956,13,164.0,0.2064210454463247,8,207.0,0.45029357294031064,21,371.0
1835.0,23,239.0,4.0508474576271185,5.955112339072038,12,196.0,0.28012647456610457,11,175.0,0.37857275800065665,23,371.0
1840.0,19,245.0,4.083333333333333,5.749667787212979,6,163.0,0.3850162246724023,13,203.0,0.2386701605015311,19,366.0
1845.0,17,259.0,4.796296296296297,6.2348215050098865,7,164.0,0.4728425732085909,10,218.0,0.1852947072743357,17,382.0
1850.0,19,243.0,4.2631578947368425,5.5646036704106425,10,183.0,0.3929733512984852,9,211.0,0.16726541886118054,19,394.0
1855.0,25,312.0,5.2,5.464770838463346,12,232.0,0.3661486593032255,13,206.0,0.27878249527435406,25,438.0
1860.0,25,366.0,6.203389830508475,5.662682749790993,13,296.0,0.39417643891863496,12,201.0,0.3573100032013775,25,497.0
1865.0,25,426.0,7.220338983050848,4.951649780834211,10,310.0,0.3653888443185318,15,273.0,0.33625240713439064,25,583.0
1870.0,25,425.0,7.203389830508475,3.9836719093280504,11,274.0,0.21397940942780466,14,311.0,0.23770505964553235,25,585.0
1875.0,23,417.0,7.067796610169491,4.578350292265681,11,304.0,0.12942825071855416,12,293.0,0.28180935907834326,23,597.0
1880.0,25,488.0,8.413793103448276,5.233607489703153,15,344.0,0.044412210898162933,10,303.0,0.3568962038723873,25,647.0
1885.0,25,549.0,9.46551724137931,5.203872910084509,11,382.0,0.20823290893712254,14,314.0,0.31525661504093927,25,696.0
1890.0,25,562.0,10.035714285714286,4.930421352841214,9,392.0,0.34602219943005147,16,312.0,0.23317509085453508,25,704.0
1895.0,24,394.0,7.035714285714286,4.904236071614433,7,303.0,0.4721228000697517,17,302.0,0.19035197912878046,24,605.0
1900.0,22,310.0,5.166666666666667,5.071426735092301,4,181.0,0.4465118732130441,18,339.0,0.22124740552494357,22,520.0
1905.0,18,186.0,3.1,5.75953606144533,5,126.0,0.4087523136494683,13,326.0,0.34409461707891054,18,452.0
1910.0,24,185.0,3.135593220338983,5.03856076048592,11,118.0,0.23533012394130898,13,330.0,0.32931640939630374,24,448.0
1915.0,27,246.0,3.967741935483871,5.0245957338364375,9,152.0,0.3416273993404067,18,333.0,0.2775588596402389,27,485.0
1920.0,29,267.0,4.171875,4.9857950321151625,7,153.0,0.4822753982599317,22,369.0,0.19892280633979897,29,522.0
1925.0,29,320.0,5.0,5.300287543833223,6,122.0,0.4967676071105634,23,433.0,0.20458313663917085,29,555.0
1930.0,29,370.0,5.78125,4.91718252137667,7,84.0,0.4849167325473396,22,485.0,0.14403346728926997,29,569.0
1935.0,29,412.0,6.338461538461538,4.620641857968725,7,90.0,0.3215482347575994,22,532.0,0.20303119288995225,29,622.0
1940.0,31,439.0,6.859375,4.05914751239882,11,125.0,0.2828558391543787,20,551.0,0.21167016277119338,31,676.0
1945.0,28,289.0,4.25,4.089156272659743,12,147.0,0.20030504678270664,16,491.0,0.220782243829197,28,638.0
1950.0,19,302.0,4.4411764705882355,5.914092151273753,4,127.0,0.3361544809632866,15,444.0,0.29755650017430096,19,571.0
1955.0,15,206.0,3.121212121212121,6.071469276906429,2,87.0,0.32549226233490286,13,416.0,0.2814301905973408,15,503.0
1960.0,24,269.0,4.138461538461539,5.466723546109117,8,109.0,0.3721987170013954,16,426.0,0.19616135973049426,24,535.0
1965.0,25,345.0,5.390625,5.1043187979454085,6,113.0,0.4643035500775206,19,470.0,0.161935425872266,25,583.0
1970.0,21,384.0,6.7368421052631575,5.5721091858328355,6,74.0,0.47856003502722694,15,493.0,0.1908174866222582,21,567.0
1975.0,21,359.0,6.189655172413793,4.876376692639183,4,46.0,0.37888932854412255,17,477.0,0.08825548785177283,21,523.0
1980.0,28,416.0,7.0508474576271185,5.668299952964282,9,71.0,0.35282192162910575,19,474.0,0.14736577925025662,28,545.0
1985.0,22,424.0,8.0,4.99767644029029,6,76.0,0.4325492582071038,16,505.0,0.22204981776833208,22,581.0
1990.0,22,489.0,9.226415094339623,5.357578332187319,6,89.0,0.44297205227045505,16,516.0,0.2400288890344178,22,605.0
1995.0,23,468.0,8.830188679245284,4.443634748149113,7,83.0,0.3787204152364298,16,548.0,0.22069693042358435,23,631.0
2000.0,15,447.0,8.277777777777779,6.231134478345598,4,38.0,0.49372314526840655,11,526.0,0.24417151194454192,15,564.0
2005.0,14,301.0,5.189655172413793,7.367508295403386,4,44.0,0.6506173122613917,10,414.0,0.27769907221400686,14,458.0
2010.0,17,161.0,2.639344262295082,6.642316019168766,5,54.0,0.47372956755240786,12,323.0,0.24173884773971763,17,377.0
2015.0,22,235.0,4.051724137931035,5.712516388528534,10,93.0,0.4030795887086789,12,348.0,0.2506555102413187,22,441.0
2020.0,21,279.0,5.470588235294118,5.279925537559877,10,131.0,0.3109038385621307,11,369.0,0.3333162959413088,21,500.0
2025.0,14,231.0,4.529411764705882,5.055724402263038,6,130.0,0.2303693591716952,8,344.0,0.28682130473347706,14,474.0
2030.0,18,295.0,5.566037735849057,5.264875812593335,6,153.0,0.3292875206101161,12,329.0,0.19143503678020327,18,482.0
2035.0,24,288.0,5.236363636363636,5.834041947823088,11,186.0,0.37416711173542727,13,308.0,0.26712324501539864,24,494.0
2040.0,20,372.0,7.018867924528302,6.059290968842003,7,214.0,0.368721833628642,13,336.0,0.4301405294867127,20,550.0
2045.0,18,383.0,7.66,5.873287094705258,8,219.0,0.4380062551685084,10,345.0,0.3670657382765031,18,564.0
2050.0,15,306.0,6.0,6.035368176722233,7,176.0,0.3920232134172467,8,313.0,0.3143596869795173,15,489.0
2055.0,21,356.0,6.846153846153846,5.715651842495517,11,210.0,0.2400021922321954,10,338.0,0.3323172880209108,21,548.0
2060.0,21,266.0,5.018867924528302,6.204394688969939,9,170.0,0.3390957051571805,12,360.0,0.3671388589444788,21,530.0
2065.0,19,330.0,6.73469387755102,5.370795324614248,10,135.0,0.29617373334701813,9,369.0,0.3285908413955031,19,504.0
2070.0,16,326.0,6.791666666666667,5.459498854334932,8,151.0,0.3244468152293439,8,361.0,0.29273534837734866,16,512.0
2075.0,13,222.0,4.723404255319149,5.669487351006411,4,107.0,0.3253503707342204,9,278.0,0.17317727438895128,13,385.0
2080.0,19,194.0,4.041666666666667,6.032963878033932,5,112.0,0.370668578415726,14,153.0,0.17499632237715548,19,265.0
2085.0,20,259.0,5.395833333333333,5.721168790455512,8,146.0,0.3521073595811603,12,188.0,0.19675163952181618,20,334.0
2090.0,13,262.0,5.574468085106383,6.460051093602009,6,146.0,0.359276690371952,7,190.0,0.320253560912729,13,336.0
2095.0,15,313.0,6.804347826086956,7.447619505504336,6,141.0,0.45930920593180413,9,186.0,0.25952909175222494,15,327.0
2100.0,17,278.0,5.791666666666667,6.497047955679636,6,62.0,0.31264152767187253,11,241.0,0.2326503338272775,17,303.0
2105.0,16,246.0,5.3478260869565215,6.281149554747357,8,81.0,0.40370124106544086,8,231.0,0.23621250715753514,16,312.0
2110.0,15,251.0,6.275,6.0377057800452905,5,69.0,0.46707389373002484,10,222.0,0.3507638760450805,15,291.0
2115.0,15,228.0,5.560975609756097,6.534648342273781,8,95.0,0.42856436886349636,7,206.0,0.40123344117362086,15,301.0
2120.0,12,170.0,3.8636363636363638,6.05457093878593,6,98.0,0.33074391611407594,6,139.0,0.4165424890761762,12,237.0
2125.0,12,172.0,4.0,6.758796137233509,4,75.0,0.4816897187408968,8,156.0,0.3276681165067845,12,231.0
2130.0,12,166.0,3.772727272727273,6.589782769839091,1,31.0,0.6308706236275703,11,188.0,0.22237557897981558,12,219.0
2135.0,14,218.0,5.069767441860465,6.585916803869433,5,44.0,0.5223833306092778,9,222.0,0.314623548007821,14,266.0
2140.0,19,298.0,6.930232558139535,6.214642704901724,10,84.0,0.3431563767644703,9,252.0,0.43958068745235485,19,336.0
2145.0,15,183.0,4.255813953488372,4.386417272732744,9,111.0,0.22401013054849697,6,179.0,0.3129982491209001,15,290.0
2150.0,12,139.0,3.2325581395348837,5.695603967396541,6,116.0,0.22086586369847816,6,81.0,0.34481082968707927,12,197.0
2155.0,11,128.0,2.723404255319149,6.052539869582301,5,127.0,0.27188881021972255,6,71.0,0.2816431275102338,11,198.0
2160.0,18,197.0,3.8627450980392157,7.1042521596751715,11,169.0,0.3217133487043945,7,86.0,0.3737289312440975,18,255.0
2165.0,12,212.0,4.326530612244898,7.60044195524349,8,192.0,0.4518508960157792,4,77.0,0.5561974076045065,12,269.0
2170.0,12,233.0,4.854166666666667,7.647527807522245,8,174.0,0.3511684352923389,4,76.0,0.5892624558443159,12,250.0
2175.0,15,187.0,3.8958333333333335,6.682513877634546,8,170.0,0.24687419490111195,7,67.0,0.47733793004866054,15,237.0
2180.0,20,261.0,5.117647058823529,6.765528982345905,11,193.0,0.24707734936855857,9,80.0,0.48115313638214857,20,273.0
2185.0,18,209.0,4.354166666666667,4.973169477931347,10,187.0,0.3166408077642916,8,104.0,0.36609953570202863,18,291.0
2190.0,20,276.0,5.63265306122449,5.474760622705136,10,169.0,0.4136188752013762,10,130.0,0.3307025584246617,20,299.0
2195.0,20,201.0,3.792452830188679,4.649711638753208,9,171.0,0.3964227779348178,11,121.0,0.21242676290474194,20,292.0
2200.0,24,291.0,5.196428571428571,5.908612291241927,12,178.0,0.3180993805760527,12,152.0,0.4441034474063666,24,330.0
2205.0,25,259.0,4.709090909090909,4.744486963179038,14,185.0,0.2614112388972986,11,179.0,0.35808072251188905,25,364.0
2210.0,18,276.0,5.0181818181818185,5.2870190905714685,9,161.0,0.3313970181013565,9,193.0,0.27022447626462265,18,354.0
2215.0,21,217.0,3.9454545454545453,5.05289322482099,10,180.0,0.37992035835045473,11,172.0,0.14416350544829964,21,352.0
2220.0,22,178.0,3.1785714285714284,5.683928720136325,11,182.0,0.30846478668856664,11,164.0,0.2259870255966811,22,346.0
2225.0,23,241.0,4.634615384615385,4.047639323851376,12,211.0,0.14362694681057755,11,192.0,0.18025153876128014,23,403.0
2230.0,21,292.0,5.509433962264151,5.412252868223994,10,227.0,0.26887462752225544,11,217.0,0.2530127988204147,21,444.0
2235.0,19,235.0,4.2727272727272725,5.696320942327483,8,196.0,0.3376582795324916,11,218.0,0.2649994725417076,19,414.0
2240.0,18,301.0,5.574074074074074,6.982950123664693,8,181.0,0.3834901998067903,10,240.0,0.429754899328718,18,421.0
2245.0,16,279.0,5.166666666666667,6.386310637477153,8,176.0,0.3414657666149041,8,234.0,0.4533181335231898,16,410.0
2250.0,19,306.0,5.464285714285714,6.340552883934237,10,151.0,0.25069729599336926,9,221.0,0.4532944905648132,19,372.0
2255.0,15,177.0,3.2181818181818183,5.7898035436949105,8,158.0,0.22198386044882912,7,152.0,0.4504816886765819,15,310.0
2260.0,18,192.0,3.6226415094339623,6.081061828588874,8,148.0,0.40904203035025843,10,106.0,0.2567326894413017,18,254.0
2265.0,20,245.0,4.622641509433962,4.905353438614109,9,142.0,0.36300350694453115,11,149.0,0.12632260397446693,20,291.0
2270.0,18,304.0,5.428571428571429,5.913050943006416,8,168.0,0.3624623066673546,10,183.0,0.2468792713274939,18,351.0
2275.0,21,285.0,5.0,5.909087949111505,10,189.0,0.2981723311067907,11,194.0,0.32544196996965985,21,383.0
2280.0,23,279.0,4.982142857142857,5.58017310324495,10,211.0,0.31340454432663817,13,195.0,0.361871363171766,23,406.0
2285.0,18,276.0,4.928571428571429,5.504063545679428,7,182.0,0.4430334603594051,11,219.0,0.31445403807999556,18,401.0
2290.0,21,318.0,5.678571428571429,6.1793046928921616,7,179.0,0.43445298420552414,14,246.0,0.33476227837961653,21,425.0
2295.0,22,342.0,5.796610169491525,5.176534272076137,10,205.0,0.2347811889698384,12,262.0,0.24284419619029518,22,467.0
2300.0,21,377.0,6.180327868852459,6.050150619038887,13,235.0,0.25654910872312575,8,242.0,0.27998725624132587,21,477.0
2305.0,23,246.0,4.241379310344827,4.876851294002466,13,170.0,0.12198995506853909,10,240.0,0.3165824564041404,23,410.0
2310.0,23,250.0,4.098360655737705,5.897488354779333,11,180.0,0.3825592319774598,12,211.0,0.29679327944847506,23,391.0
2315.0,21,265.0,4.344262295081967,5.793155737424944,9,185.0,0.5077114644845158,12,248.0,0.2819878869901474,21,433.0
2320.0,15,226.0,3.6451612903225805,6.8769279058032,5,124.0,0.6162688087081568,10,241.0,0.28505397503467855,15,365.0
2325.0,19,263.0,4.241935483870968,5.199137896771087,7,114.0,0.3609700304709073,12,266.0,0.20309539559438908,19,380.0
2330.0,31,376.0,5.696969696969697,5.536608790000052,14,165.0,0.3598540080028241,17,313.0,0.21915266708024178,31,478.0
2335.0,28,459.0,7.403225806451613,4.609145297048636,13,191.0,0.2523451336502214,15,369.0,0.2823398064498518,28,560.0
2340.0,23,513.0,8.55,5.286188760773571,13,203.0,0.2224050791761952,10,391.0,0.3431283988451643,23,594.0
2345.0,22,409.0,7.175438596491228,4.671842875758795,12,231.0,0.24223593622475256,10,343.0,0.20989761095694792,22,574.0
2350.0,30,470.0,7.833333333333333,5.423332524125569,14,247.0,0.28368252544159456,16,294.0,0.22388311974580805,30,541.0
2355.0,25,500.0,8.333333333333334,4.900942763110233,11,276.0,0.3155454364425266,14,332.0,0.2231867990622548,25,608.0
2360.0,22,555.0,9.40677966101695,6.515431453967616,9,274.0,0.4653481439873109,13,376.0,0.3049751356997112,22,650.0
2365.0,22,325.0,5.158730158730159,5.580105680643985,10,231.0,0.35853268536409283,12,278.0,0.3021765225825055,22,509.0
2370.0,24,344.0,4.914285714285715,6.689141195155652,12,219.0,0.4019971260695397,12,235.0,0.426331348841568,24,454.0
2375.0,25,328.0,4.4324324324324325,5.963043908395041,14,268.0,0.330408031751589,11,224.0,0.4287416389768723,25,492.0
2380.0,23,354.0,5.057142857142857,5.793056488193184,17,339.0,0.25946465274515934,6,144.0,0.43099933138948465,23,483.0
2385.0,27,266.0,3.911764705882353,4.464864859556392,19,350.0,0.09027731700873157,8,109.0,0.3525444940210735,27,459.0
2390.0,32,299.0,4.6,4.0775188180662365,17,336.0,0.1607511361426334,15,146.0,0.14868535709324773,32,482.0
2395.0,32,338.0,5.728813559322034,3.13180760789033,14,334.0,0.1949746113023714,18,206.0,0.01501836909742421,32,540.0
2400.0,22,316.0,5.015873015873016,4.786716674151647,11,339.0,0.18924660191677162,11,242.0,0.20590862142451563,22,581.0
2405.0,21,313.0,5.305084745762712,5.095984437006447,13,348.0,0.1281052863532078,8,224.0,0.3872613127708145,21,572.0
2410.0,22,344.0,6.142857142857143,5.683445478042898,14,348.0,0.16357042583561793,8,208.0,0.42008194387986497,22,556.0
2415.0,20,311.0,5.654545454545454,5.829934418699194,12,386.0,0.26695851311584007,8,163.0,0.33556306748101083,20,549.0
2420.0,23,302.0,5.69811320754717,5.19919979593278,13,373.0,0.24964502831809898,10,127.0,0.27151260535106225,23,500.0
2425.0,21,285.0,5.480769230769231,5.151856786678796,13,351.0,0.2981251114658194,8,137.0,0.29051612505185875,21,488.0
2430.0,23,304.0,5.96078431372549,5.8315762662913615,15,362.0,0.2994135162120277,8,125.0,0.4408224338449458,23,487.0
2435.0,22,322.0,6.0754716981132075,5.507261842204585,13,347.0,0.21411091553230643,9,159.0,0.3788194010318308,22,506.0
2440.0,23,292.0,5.0344827586206895,5.112753159743378,12,329.0,0.25569104319311275,11,188.0,0.2864742972848038,23,517.0
2445.0,26,297.0,5.303571428571429,4.791069743238026,15,344.0,0.3227955496280679,11,175.0,0.29349066137311774,26,519.0
2450.0,23,335.0,5.87719298245614,5.25096708680123,13,369.0,0.3200698331956078,10,182.0,0.39361526409489733,23,551.0
2455.0,19,242.0,4.033333333333333,5.742909734676384,8,342.0,0.35726114441516027,11,193.0,0.32237794842701406,19,535.0
2460.0,15,190.0,3.015873015873016,5.617360454187443,9,309.0,0.21252578804846065,6,173.0,0.31033348227876606,15,482.0
2465.0,20,283.0,4.421875,6.483652230632263,14,358.0,0.18607473553867895,6,169.0,0.40484069739471584,20,527.0
2470.0,22,269.0,4.409836065573771,6.539201196493926,14,382.0,0.2685094672205603,8,127.0,0.33561508771213894,22,509.0
2475.0,21,329.0,5.875,6.34223635909605,9,341.0,0.3394694069324004,12,149.0,0.2985389478813205,21,490.0
2480.0,18,290.0,5.2727272727272725,5.0406976181485,9,339.0,0.2656700816894121,9,163.0,0.25386279569909415,18,502.0
2485.0,22,368.0,6.943396226415095,6.275783426324248,10,350.0,0.36304856097895727,12,191.0,0.41212744795021267,22,541.0
2490.0,21,340.0,6.296296296296297,5.541376813273228,11,355.0,0.2661765691559543,10,159.0,0.4137937610426288,21,514.0
2495.0,18,400.0,7.2727272727272725,6.092627307642101,9,336.0,0.33453603454565817,9,170.0,0.3878282353482657,18,506.0
2500.0,18,227.0,3.847457627118644,5.5241486191224345,8,231.0,0.30967954348131493,10,156.0,0.2785166044034729,18,387.0
2505.0,18,149.0,2.5689655172413794,6.533354860223148,10,111.0,0.3519145026614867,8,138.0,0.336972507766203,18,249.0
2510.0,18,199.0,3.7547169811320753,6.426213536969795,10,137.0,0.24771466567828346,8,122.0,0.43407266149919493,18,259.0
2515.0,14,187.0,3.4,6.569932123434055,6,139.0,0.3201132821152001,8,115.0,0.23461664645815752,14,254.0
2520.0,19,214.0,4.115384615384615,6.176780878055998,9,139.0,0.34355880778379433,10,130.0,0.1508674736452045,19,269.0
2525.0,20,269.0,5.604166666666667,5.607113068995477,11,186.0,0.3678081906056369,9,123.0,0.1744844040387448,20,309.0
2530.0,15,206.0,4.478260869565218,5.7544139587300895,8,156.0,0.36602414986475523,7,123.0,0.3297019325905128,15,279.0
2535.0,17,187.0,3.978723404255319,6.6309683103708466,11,136.0,0.34834381988861635,6,100.0,0.47419654511904075,17,236.0
2540.0,17,199.0,4.061224489795919,6.541407985771687,9,142.0,0.32260463487594293,8,111.0,0.5123157142400805,17,253.0
2545.0,15,187.0,3.6666666666666665,6.202061361099545,8,116.0,0.34316076151150704,7,118.0,0.4062264891854617,15,234.0
2550.0,24,235.0,4.433962264150943,5.1639468768297805,11,130.0,0.35830175986979534,13,151.0,0.21096611731300965,24,281.0
2555.0,22,283.0,5.2407407407407405,5.542724548697053,11,158.0,0.3525065353876887,11,176.0,0.25276175330481737,22,334.0
2560.0,17,254.0,4.703703703703703,6.1618895954004875,11,167.0,0.3046493541227153,6,163.0,0.40932440432147066,17,330.0
2565.0,20,326.0,6.269230769230769,6.323488270853286,13,193.0,0.2850740233345322,7,160.0,0.41350131524416883,20,353.0
2570.0,20,216.0,4.32,5.3290632564257,11,197.0,0.26123907522460565,9,99.0,0.32848176892129355,20,296.0
2575.0,23,309.0,5.9423076923076925,5.6782860834591835,11,198.0,0.2174171828300032,12,156.0,0.41885161759926653,23,354.0
2580.0,20,336.0,6.72,4.323819271294516,11,221.0,0.21381211164624367,9,191.0,0.32938425066212323,20,412.0
2585.0,20,404.0,7.345454545454546,5.552962453569233,10,244.0,0.33349529958585394,10,210.0,0.30943425613811865,20,454.0
2590.0,21,285.0,5.0,5.747563728948098,9,199.0,0.40862061124373333,12,193.0,0.28906405624266024,21,392.0
2595.0,21,277.0,4.859649122807017,6.2412839021605,8,168.0,0.46082535198643737,13,189.0,0.2734992779464641,21,357.0
2600.0,24,300.0,5.555555555555555,4.951641731050079,11,179.0,0.37802779147799065,13,234.0,0.1744452449529586,24,413.0
2605.0,21,357.0,6.865384615384615,5.528332680247664,11,187.0,0.1978301508661492,10,263.0,0.3340459954754243,21,450.0
2610.0,23,317.0,5.981132075471698,4.034399292483504,12,195.0,0.11858201211389313,11,266.0,0.24968183026135832,23,461.0
2615.0,21,364.0,6.618181818181818,6.051204960983238,10,190.0,0.32731819354431513,11,287.0,0.3603058981591422,21,477.0
2620.0,20,231.0,4.2,5.969570630041822,8,170.0,0.49440500114239105,12,228.0,0.3074293091030446,20,398.0
2625.0,19,268.0,4.785714285714286,6.78502508275813,8,141.0,0.4832475450225102,11,205.0,0.3738938779124691,19,346.0
2630.0,18,247.0,4.75,5.351856504877579,8,155.0,0.3866414470306867,10,202.0,0.24559117974939415,18,357.0
2635.0,19,267.0,4.767857142857143,6.149012598553644,11,197.0,0.3399646321737258,8,170.0,0.31057703736909886,19,367.0
2640.0,19,233.0,3.9491525423728815,5.903950897096176,10,216.0,0.27886937406775,9,152.0,0.381846701619212,19,368.0
2645.0,25,315.0,5.526315789473684,6.121486636633695,13,239.0,0.2853546493374763,12,154.0,0.44980340121013235,25,393.0
2650.0,22,348.0,6.0,5.6246379152884804,10,260.0,0.37228245135429494,12,175.0,0.3821172671703333,22,435.0
2655.0,18,391.0,6.741379310344827,5.44211202415657,7,264.0,0.41744401074908966,11,175.0,0.2460290490401353,18,439.0
2660.0,15,354.0,6.2105263157894735,6.050181038734429,5,257.0,0.3679320420105684,10,173.0,0.292493008441844,15,430.0
2665.0,19,394.0,6.677966101694915,6.738250081716877,9,284.0,0.41204161475758944,10,150.0,0.3037826801272528,19,434.0
2670.0,18,137.0,2.283333333333333,6.928600011801304,8,175.0,0.5228174122694637,10,135.0,0.3403685610053273,18,310.0
2675.0,19,226.0,3.896551724137931,6.950601843569441,8,103.0,0.5650394944019989,11,161.0,0.30820813882089554,19,264.0
2680.0,18,197.0,3.2295081967213113,5.310269015809299,8,97.0,0.32998536605970874,10,182.0,0.30635574219843287,18,279.0
2685.0,19,252.0,4.131147540983607,6.161969486219269,10,96.0,0.28159484552468905,9,181.0,0.3916560979370589,19,277.0
2690.0,16,206.0,3.6785714285714284,5.710584968623517,9,93.0,0.22543378844773057,7,175.0,0.3419896505854775,16,268.0
2695.0,23,288.0,5.052631578947368,6.065170418052147,10,114.0,0.2786791783272678,13,204.0,0.34805432447935497,23,318.0
2700.0,22,197.0,3.517857142857143,4.960019255867245,10,141.0,0.29043874150516696,12,170.0,0.29131082350051746,22,311.0
2705.0,21,274.0,4.807017543859649,6.448991708609456,10,144.0,0.4002386394407186,11,166.0,0.40717927676718296,21,310.0
2710.0,22,242.0,3.8412698412698414,6.2027715979644595,9,150.0,0.42701573664703896,13,189.0,0.33330528876515,22,339.0
2715.0,16,240.0,4.137931034482759,6.921423270569137,8,117.0,0.3950563455543562,8,164.0,0.42350663370795555,16,281.0
2720.0,17,153.0,2.6379310344827585,5.706103933182572,8,114.0,0.28585993347948097,9,143.0,0.29471537356084315,17,257.0
2725.0,23,248.0,4.428571428571429,5.900499249600366,11,142.0,0.25074204788286336,12,148.0,0.2949915958319265,23,290.0
2730.0,23,211.0,3.981132075471698,4.607734216687658,10,132.0,0.2197361903564546,13,161.0,0.2942616636937948,23,293.0
2735.0,28,321.0,5.836363636363636,4.999976061314499,12,163.0,0.3349529501598641,16,209.0,0.2561343897083543,28,372.0
2740.0,26,319.0,5.8,4.626610948260865,10,177.0,0.38808718414546756,16,239.0,0.2111258337481903,26,416.0
2745.0,16,281.0,5.62,5.930675396299308,5,141.0,0.44830885379283175,11,232.0,0.2662368221984792,16,373.0
2750.0,16,191.0,3.537037037037037,4.547991193963499,6,99.0,0.27851811119214065,10,238.0,0.22803532112929994,16,337.0
2755.0,25,258.0,4.448275862068965,5.099513700363392,10,90.0,0.33272198484087284,15,273.0,0.23394176499385771,25,363.0
2760.0,23,318.0,5.213114754098361,4.700321913893559,9,112.0,0.33780709289870864,14,307.0,0.2787953226859669,23,419.0
2765.0,17,316.0,4.9375,6.982886617289479,7,106.0,0.5071017215408387,10,295.0,0.3860873650469779,17,401.0
2770.0,18,232.0,3.462686567164179,5.817308017758888,8,127.0,0.39007001167176786,10,234.0,0.30531402226341553,18,361.0
2775.0,26,285.0,4.014084507042254,5.7806287436326365,13,171.0,0.36548322560763224,13,211.0,0.32615083295047503,26,382.0
2780.0,30,362.0,5.484848484848484,4.309146589611507,15,211.0,0.32146035494732234,15,251.0,0.2778909761576807,30,462.0
2785.0,29,457.0,6.720588235294118,4.759794657517213,16,279.0,0.2583393443937942,13,259.0,0.28010195746049615,29,538.0
2790.0,33,422.0,5.780821917808219,4.353942964698086,19,328.0,0.13862220564668343,14,244.0,0.2736319900482233,33,572.0
2795.0,31,430.0,5.657894736842105,5.13856339859135,15,329.0,0.23171447007107032,16,250.0,0.21809898012160797,31,579.0
2800.0,35,540.0,7.297297297297297,4.875523432597342,16,392.0,0.2957031378004498,19,309.0,0.204060928037263,35,701.0
2805.0,29,595.0,7.531645569620253,5.678103132295425,17,442.0,0.3160281440878283,12,327.0,0.30203145969243117,29,769.0
2810.0,31,561.0,7.581081081081081,4.997094425919829,20,485.0,0.24869315183337784,11,280.0,0.3317138079893509,31,765.0
2815.0,28,618.0,8.24,5.392622382437714,15,507.0,0.29933337314483055,13,237.0,0.3343816713721273,28,744.0
2820.0,30,598.0,8.191780821917808,5.068803383196581,15,506.0,0.33576153924091295,15,256.0,0.22899754798868058,30,762.0
2825.0,35,669.0,9.291666666666666,4.959046540068862,18,501.0,0.2598697582892509,17,297.0,0.20186550921009142,35,798.0
2830.0,37,518.0,7.194444444444445,3.765069405413134,20,427.0,0.17454641251955502,17,324.0,0.2163058218596047,37,751.0
2835.0,34,445.0,6.180555555555555,4.667783140588521,20,370.0,0.24996133192346306,14,322.0,0.28003198777638677,34,692.0
2840.0,32,394.0,5.549295774647887,3.954865665796657,20,411.0,0.20275264538060261,12,320.0,0.33226728885193596,32,731.0
2845.0,28,315.0,4.256756756756757,4.243269968003015,20,417.0,0.198655088997034,8,246.0,0.2571977634354018,28,663.0
2850.0,32,341.0,4.608108108108108,3.8746180580103915,21,461.0,0.12295259453554347,11,263.0,0.22187758983869862,32,724.0
2855.0,28,314.0,4.243243243243243,4.404276884915153,15,443.0,0.1649883005856001,13,285.0,0.19005092993217595,28,728.0
2860.0,30,369.0,5.271428571428571,4.501014640427011,13,354.0,0.24784493607039068,17,350.0,0.2279765707942221,30,704.0
2865.0,34,450.0,6.617647058823529,4.491408894493012,15,344.0,0.21707521885058528,19,378.0,0.2918267289749596,34,722.0
2870.0,27,423.0,6.130434782608695,4.2379418821402535,14,357.0,0.1985813517880117,13,350.0,0.31416686082781387,27,707.0
2875.0,31,382.0,5.162162162162162,4.337586176654157,15,369.0,0.27328274695641946,16,312.0,0.21362339379918743,31,681.0
2880.0,34,456.0,5.846153846153846,5.204764282933431,13,385.0,0.3674138392041598,21,355.0,0.21555312568080084,34,740.0
2885.0,33,495.0,6.6891891891891895,4.857262503263508,8,335.0,0.406553349767828,25,423.0,0.15433341831884695,33,758.0
2890.0,33,459.0,6.464788732394366,3.862059351860939,14,308.0,0.2144327342390756,19,438.0,0.13982179729840277,33,746.0
2895.0,30,447.0,6.385714285714286,4.142411517911194,14,261.0,0.13120592360408237,16,452.0,0.23250161815351186,30,713.0
2900.0,30,467.0,6.768115942028985,4.228864208264523,15,300.0,0.17222045367507657,15,469.0,0.23496519977516556,30,769.0
2905.0,35,536.0,7.882352941176471,4.495688393575655,15,340.0,0.29156154777554116,20,492.0,0.15078169794815147,35,832.0
2910.0,35,512.0,7.757575757575758,3.955963829669155,12,344.0,0.34429757667889327,23,512.0,0.11042270301285394,35,856.0
2915.0,31,380.0,5.846153846153846,4.429185732996619,11,296.0,0.340164752946557,20,511.0,0.12628895837748488,31,807.0
2920.0,33,415.0,6.484375,3.4980577457760598,15,281.0,0.25121999274092643,18,551.0,0.08193024358566141,33,832.0
2925.0,28,365.0,5.703125,4.25706113938717,17,278.0,0.18919087950657282,11,534.0,0.21532785073982683,28,812.0
2930.0,24,428.0,7.016393442622951,4.737794836881181,15,317.0,0.08624047753272747,9,500.0,0.3953954411218953,24,817.0
2935.0,23,418.0,7.084745762711864,5.273849770329592,14,355.0,0.10328355216511603,9,458.0,0.3869868747819007,23,813.0
2940.0,27,411.0,7.086206896551724,4.956398310573986,15,361.0,0.10006534845490742,12,411.0,0.3252162051302545,27,772.0
2945.0,30,431.0,7.696428571428571,4.451346359487332,13,347.0,0.22475717311870252,17,417.0,0.1884407080353016,30,764.0
2950.0,28,358.0,6.392857142857143,4.24596682772445,11,296.0,0.31406871804814396,17,358.0,0.15611449100017702,28,654.0
2955.0,29,379.0,6.649122807017544,4.219235474418867,12,276.0,0.3175886319213295,17,376.0,0.20129581208463104,29,652.0
2960.0,23,292.0,5.12280701754386,4.868899938684186,12,291.0,0.2088554600325349,11,341.0,0.2898075030110629,23,632.0
2965.0,18,307.0,5.203389830508475,5.291746515818994,9,283.0,0.31598158600246934,9,339.0,0.25549936174884114,18,622.0
2970.0,25,302.0,4.950819672131147,5.046015726251747,10,266.0,0.3235677286327691,15,359.0,0.22440102912841603,25,625.0
2975.0,27,327.0,5.45,4.900157271698137,10,235.0,0.39487747400905604,17,403.0,0.23820749908368485,27,638.0
2980.0,23,330.0,5.409836065573771,5.410590953775389,12,223.0,0.29311313868441624,11,376.0,0.37773395710391955,23,599.0
2985.0,25,306.0,4.857142857142857,5.376862337325752,13,211.0,0.2676456158391742,12,324.0,0.3854356627643476,25,535.0
2990.0,28,342.0,5.428571428571429,5.1558745400307915,13,232.0,0.2824115857154857,15,356.0,0.35139994417949866,28,588.0
2995.0,23,313.0,4.890625,5.180960973234425,6,186.0,0.40776930120048704,17,353.0,0.1919428837251699,23,539.0
3000.0,27,312.0,4.875,5.337938418614533,7,188.0,0.42989074249963916,20,337.0,0.12897545059090113,27,525.0
3005.0,25,296.0,4.484848484848484,4.923577259281448,6,152.0,0.33533591143197566,19,392.0,0.17267671967162643,25,544.0
3010.0,30,365.0,5.7936507936507935,4.848463561026222,12,166.0,0.2788621467384884,18,436.0,0.253242762462838,30,602.0
3015.0,29,378.0,6.096774193548387,4.135802517821694,13,207.0,0.20811307736547507,16,446.0,0.2549882587384357,29,653.0
3020.0,19,260.0,4.126984126984127,4.508658978173064,7,207.0,0.2163159663999696,12,391.0,0.22141989233309534,19,598.0
3025.0,20,234.0,3.774193548387097,4.833262621036071,7,133.0,0.21321212091994843,13,427.0,0.2251527494948411,20,560.0
3030.0,28,317.0,4.953125,5.225543062884894,10,132.0,0.28654872452841024,18,467.0,0.2205294065926542,28,599.0
3035.0,28,398.0,6.419354838709677,4.119965622574577,8,153.0,0.34900688908427074,20,498.0,0.16394724255419002,28,651.0
3040.0,20,416.0,6.819672131147541,5.32510493042715,4,120.0,0.5069830823235655,16,493.0,0.1979534415449984,20,613.0
3045.0,19,367.0,6.116666666666666,5.217977740192976,4,116.0,0.41716011764690314,15,479.0,0.19804879428603736,19,595.0
3050.0,23,353.0,5.693548387096774,5.638395182841314,4,83.0,0.46012146272764126,19,498.0,0.1889559087894088,23,581.0
3055.0,28,357.0,5.852459016393443,5.750997480979806,7,78.0,0.4941048075737854,21,497.0,0.16866325251585135,28,575.0
3060.0,28,388.0,6.928571428571429,5.135057206930227,7,116.0,0.5223463557668417,21,460.0,0.12728574767385217,28,576.0
3065.0,27,384.0,6.857142857142857,3.5649333120565747,5,121.0,0.4430407786899688,22,504.0,0.06219094200304435,27,625.0
3070.0,27,453.0,8.547169811320755,4.4396128859609165,7,118.0,0.41857183748037924,20,533.0,0.17178146125698895,27,651.0
3075.0,25,368.0,6.344827586206897,5.001419637539628,7,72.0,0.36239619283223257,18,536.0,0.2206286397607024,25,608.0
3080.0,18,232.0,3.8666666666666667,6.972814296340662,9,91.0,0.4451904621118252,9,462.0,0.35568818196131696,18,553.0
3085.0,18,165.0,2.9464285714285716,5.688381443108303,7,112.0,0.3311269332067945,11,432.0,0.2570517567537826,18,544.0
3090.0,24,233.0,4.160714285714286,5.823159383291219,9,121.0,0.2822452784114619,15,431.0,0.30714447400453926,24,552.0
3095.0,26,236.0,4.290909090909091,5.216559808717447,8,110.0,0.30163833148390584,18,434.0,0.31371438044995914,26,544.0
3100.0,25,305.0,5.865384615384615,4.827854444319462,7,122.0,0.34380805325315306,18,472.0,0.25994147016452274,25,594.0
3105.0,26,304.0,5.846153846153846,3.831714013643098,8,127.0,0.3416312031177597,18,461.0,0.19935971668245478,26,588.0
3110.0,21,227.0,4.203703703703703,4.438386368161986,6,109.0,0.3551643770962932,15,369.0,0.15113567765154104,21,478.0
3115.0,19,311.0,5.7592592592592595,5.834899912676049,6,128.0,0.38052171742138347,13,336.0,0.20887160516804804,19,464.0
3120.0,15,254.0,4.618181818181818,5.634283825383031,5,101.0,0.269806668508206,10,340.0,0.23297199037936295,15,441.0
3125.0,25,348.0,6.327272727272727,5.355342932993107,9,127.0,0.26430041318801023,16,358.0,0.2374521360520212,25,485.0
3130.0,21,366.0,6.90566037735849,5.913176218899632,6,138.0,0.37322270386759276,15,384.0,0.3454762018555996,21,522.0
3135.0,25,467.0,8.98076923076923,5.912441146614269,7,143.0,0.4735146119465085,18,431.0,0.2756795480021587,25,574.0
3140.0,20,459.0,9.0,5.056957090252581,3,117.0,0.48639750254042263,17,457.0,0.20684460104742974,20,574.0
3145.0,22,480.0,9.056603773584905,5.451361627279524,7,133.0,0.41221771655005063,15,448.0,0.21051024107660338,22,581.0
3150.0,22,452.0,8.528301886792454,4.96472716261846,6,95.0,0.35813098877095595,16,503.0,0.21145258230262892,22,598.0
3155.0,20,499.0,8.75438596491228,6.562988999565222,6,63.0,0.5295189925203969,14,538.0,0.2949693576852714,20,601.0
3160.0,20,362.0,6.581818181818182,5.853485611680131,4,53.0,0.43942831726805154,16,492.0,0.29752953151752737,20,545.0
3165.0,17,195.0,3.5454545454545454,6.217591866458508,4,32.0,0.5617525789430143,13,418.0,0.20706807091593107,17,450.0
3170.0,22,245.0,4.375,5.302212054463453,5,44.0,0.4484915976486906,17,383.0,0.15480024669038533,22,427.0
3175.0,28,311.0,5.456140350877193,5.4364838034582705,10,84.0,0.508401437911692,18,442.0,0.1605264660912257,28,526.0
3180.0,27,363.0,6.368421052631579,4.396163914537746,9,101.0,0.3810092495450035,18,481.0,0.19580959960883257,27,582.0
3185.0,29,383.0,6.383333333333334,4.462651136341166,13,145.0,0.28552060172149635,16,470.0,0.3334255759044429,29,615.0
3190.0,28,379.0,6.213114754098361,4.8485354326612216,13,182.0,0.20926381124443974,15,413.0,0.37690409149874593,28,595.0
3195.0,21,393.0,6.55,5.149876418366615,7,165.0,0.2324452115900889,14,408.0,0.2715327221368528,21,573.0
3200.0,28,366.0,6.1,4.101225169023514,7,131.0,0.23471725465840965,21,400.0,0.09885960113089717,28,531.0
3205.0,28,322.0,5.193548387096774,4.230632927418069,9,150.0,0.30484906777821036,19,410.0,0.10404310809077329,28,560.0
3210.0,31,374.0,6.131147540983607,4.2950773472763135,9,164.0,0.35763205889143207,22,392.0,0.19537349680793398,31,556.0
3215.0,25,400.0,6.0606060606060606,5.8131275495058965,6,149.0,0.5224925715245868,19,441.0,0.22776241164265296,25,590.0
3220.0,23,384.0,5.731343283582089,5.662304512331676,7,156.0,0.47127724678582844,16,449.0,0.17740943502202228,23,605.0
3225.0,30,400.0,5.797101449275362,5.1900977575323655,12,177.0,0.40922433436656525,18,471.0,0.1979081321036433,30,648.0
3230.0,29,359.0,5.202898550724638,4.826824884853869,15,222.0,0.31152839013503664,14,438.0,0.23583547533157503,29,660.0
3235.0,25,369.0,5.765625,4.563038427301869,11,244.0,0.2085780614476023,14,421.0,0.28021980508600713,25,665.0
3240.0,25,259.0,4.111111111111111,4.3785416278491205,13,187.0,0.25641822816674126,12,405.0,0.1877440715728288,25,592.0
3245.0,31,325.0,4.7101449275362315,4.511338598437733,17,193.0,0.25033017474570374,14,426.0,0.23278324008400778,31,619.0
3250.0,29,328.0,4.96969696969697,5.135998493011772,16,233.0,0.3367628789241683,13,411.0,0.3318201863228673,29,644.0
3255.0,30,399.0,5.867647058823529,4.659683661582322,17,256.0,0.250752055239667,13,424.0,0.3430129870595454,30,680.0
3260.0,32,431.0,6.432835820895522,4.148877590092974,18,297.0,0.12487181600976449,14,401.0,0.3440097322953371,32,698.0
3265.0,26,431.0,6.53030303030303,4.355547986212463,13,288.0,0.16383661962228963,13,413.0,0.27892210139767054,26,701.0
3270.0,25,394.0,5.880597014925373,4.683763126301381,12,277.0,0.288174508218792,13,420.0,0.160470718803889,25,697.0
3275.0,27,254.0,3.9076923076923076,4.456975656553903,13,264.0,0.28317103152571393,14,356.0,0.1879631845739382,27,620.0
3280.0,30,346.0,5.323076923076923,4.401617638626022,13,291.0,0.30045913876266306,17,356.0,0.22554723427141835,30,647.0
3285.0,28,401.0,6.1692307692307695,4.607326820504055,13,295.0,0.3683259977077794,15,385.0,0.16384028911797924,28,680.0
3290.0,24,375.0,5.859375,4.795610836115634,13,309.0,0.3112366327886717,11,362.0,0.1864031715563111,24,671.0
3295.0,24,422.0,6.806451612903226,4.46663553363187,15,323.0,0.180966530676287,9,356.0,0.23004857313056956,24,679.0
3300.0,30,374.0,5.936507936507937,4.160579092793556,18,337.0,0.1814986101889829,12,347.0,0.2421913519901815,30,684.0
3305.0,30,374.0,6.233333333333333,4.132889281123365,20,355.0,0.18995685880319,10,296.0,0.3570295472908587,30,651.0
3310.0,28,406.0,6.655737704918033,4.9402690783684475,18,414.0,0.21983896631253222,10,216.0,0.4385006896076367,28,630.0
3315.0,22,366.0,6.0,4.979898511649683,12,417.0,0.249198219516903,10,218.0,0.35713210838720527,22,635.0
3320.0,19,334.0,5.387096774193548,5.606662901125936,10,337.0,0.2672962405271821,9,199.0,0.3062400480156311,19,536.0
3325.0,16,204.0,3.2903225806451615,5.5181471756044,8,267.0,0.1628682550644532,8,171.0,0.33126393496907003,16,438.0
3330.0,28,258.0,3.9692307692307693,5.974525160472578,13,287.0,0.17328725627310462,15,201.0,0.3804446587539429,28,488.0
3335.0,25,246.0,3.9047619047619047,5.832208916478259,12,279.0,0.3029129087653805,13,248.0,0.3608743148727859,25,527.0
3340.0,22,260.0,4.482758620689655,4.907944142547648,8,274.0,0.3667551693605018,14,262.0,0.24856476612028702,22,536.0
3345.0,27,268.0,4.5423728813559325,3.9184182975607587,9,251.0,0.2897518067795314,18,301.0,0.10946654227705849,27,552.0
3350.0,24,279.0,4.894736842105263,5.031747283100438,12,270.0,0.32979661779403024,12,300.0,0.1691837130929059,24,570.0
3355.0,21,248.0,4.133333333333334,4.71306592375321,10,266.0,0.24750027820588572,11,279.0,0.22836992575178658,21,545.0
3360.0,28,283.0,4.879310344827586,4.497633258671106,13,254.0,0.27985538494253037,15,258.0,0.28402707486008094,28,512.0
3365.0,26,314.0,5.413793103448276,4.375803549116374,11,210.0,0.34616537335587994,15,295.0,0.26020688107493356,26,505.0
3370.0,21,299.0,5.245614035087719,4.706178893852408,9,216.0,0.32545940672501744,12,285.0,0.27153750806053056,21,501.0
3375.0,26,319.0,5.145161290322581,4.323984563170009,14,257.0,0.18498759136896484,12,283.0,0.26665870994568347,26,540.0
3380.0,31,337.0,5.106060606060606,4.657884888723794,16,280.0,0.19571681400405153,15,285.0,0.31090547622410664,31,565.0
3385.0,28,404.0,6.2153846153846155,5.224229373183493,13,258.0,0.36171145375286534,15,319.0,0.25843882112579225,28,577.0
3390.0,20,406.0,6.34375,5.776494205206282,10,263.0,0.42041203423073725,10,308.0,0.1882711266516631,20,571.0
3395.0,19,300.0,4.6875,5.721926530193995,11,247.0,0.327641525950678,8,237.0,0.259520375910953,19,484.0
3400.0,28,342.0,5.181818181818182,5.093401461528424,16,278.0,0.25517954870675297,12,209.0,0.28675253863327343,28,487.0
3405.0,27,447.0,6.984375,5.655286504528494,15,342.0,0.3182027617766425,12,244.0,0.3653457184395737,27,586.0
3410.0,24,477.0,7.571428571428571,5.3628371707569915,16,382.0,0.2624751241551008,8,240.0,0.35895352901730676,24,622.0
3415.0,22,428.0,7.016393442622951,4.940639380002685,13,383.0,0.23193229883479624,9,212.0,0.27583421551087695,22,595.0
3420.0,26,411.0,6.523809523809524,4.69900815166226,13,395.0,0.23092264035912458,13,177.0,0.17899001072819334,26,572.0
3425.0,30,501.0,7.828125,5.144607895805778,13,409.0,0.32229886055270235,17,233.0,0.22452983600402557,30,642.0
3430.0,28,472.0,7.492063492063492,4.9752768430720105,13,381.0,0.2553771948108416,15,298.0,0.3345221686989191,28,679.0
3435.0,27,391.0,6.015384615384615,4.199808398272111,14,302.0,0.2019105037008703,13,325.0,0.30158772141229534,27,627.0
3440.0,24,326.0,5.015384615384615,4.967532803083573,13,318.0,0.25478587245908646,11,303.0,0.35782330630067977,24,621.0
3445.0,28,389.0,5.63768115942029,4.880422336375642,15,331.0,0.19234460487791563,13,326.0,0.3308671993670538,28,657.0
3450.0,34,401.0,5.647887323943662,4.6028801827543235,17,349.0,0.12546527681695774,17,350.0,0.3162675319095518,34,699.0
3455.0,31,453.0,6.565217391304348,4.7127646604411355,12,311.0,0.2471608572055433,19,390.0,0.22779931747199408,31,701.0
3460.0,30,497.0,7.53030303030303,3.9902101245889092,12,280.0,0.2077878042719923,18,404.0,0.10400260848939585,30,684.0
3465.0,29,467.0,6.768115942028985,4.303395568134456,13,281.0,0.1731966783962078,16,440.0,0.19103326442089946,29,721.0
3470.0,31,524.0,7.705882352941177,4.5971852598876515,13,309.0,0.24240820956881262,18,438.0,0.2624336536455111,31,747.0
3475.0,29,397.0,5.838235294117647,5.197113809645902,12,307.0,0.3359438830402444,17,381.0,0.2702735554357528,29,688.0
3480.0,31,424.0,6.144927536231884,5.313962998258733,10,309.0,0.42298414448259924,21,359.0,0.2143692255900522,31,668.0
3485.0,32,446.0,6.371428571428571,4.874078169438119,11,308.0,0.3594546828540988,21,413.0,0.20074903672354227,32,721.0
3490.0,27,416.0,5.621621621621622,5.29982568728,12,286.0,0.2814779449565655,15,402.0,0.2981045456016685,27,688.0
3495.0,31,394.0,5.472222222222222,4.7679333262072525,17,289.0,0.19832258181955914,14,384.0,0.27881774243137103,31,673.0
3500.0,34,398.0,5.4520547945205475,4.060787807333122,16,341.0,0.2086895580182211,18,368.0,0.22533152859926325,34,709.0
3505.0,30,414.0,5.914285714285715,3.826728248786658,10,332.0,0.32180428529576116,20,415.0,0.1568591888307053,30,747.0
3510.0,25,449.0,6.414285714285715,4.760070308185029,7,288.0,0.38775844982080976,18,422.0,0.1770349904164804,25,710.0
3515.0,22,440.0,6.567164179104478,5.084420760250358,9,306.0,0.23768916955259284,13,385.0,0.2770730177068428,22,691.0
3520.0,26,304.0,4.405797101449275,4.621055579343391,12,228.0,0.20291917329200576,14,370.0,0.22053125827776768,26,598.0
3525.0,34,417.0,5.957142857142857,4.388464298518878,15,230.0,0.25150476832243507,19,404.0,0.18557714251062718,34,634.0
3530.0,34,492.0,7.130434782608695,4.378567037062961,11,241.0,0.3084336197249324,23,451.0,0.22541779729103328,34,692.0
3535.0,26,399.0,5.782608695652174,4.75628220479291,5,201.0,0.41059734611531223,21,470.0,0.20075527133459628,26,671.0
3540.0,31,427.0,6.373134328358209,4.755673509271299,6,172.0,0.42793568476311683,25,469.0,0.18653155115562653,31,641.0
3545.0,35,444.0,6.529411764705882,4.0708300809809534,11,136.0,0.3456038208311126,24,522.0,0.16859764698911944,35,658.0
3550.0,30,346.0,5.088235294117647,4.0328959498486014,13,157.0,0.2691542343860661,17,493.0,0.2266095194666666,30,650.0
3555.0,21,282.0,4.338461538461538,4.8588629797394125,8,166.0,0.264884030790751,13,439.0,0.23062839418083433,21,605.0
3560.0,20,213.0,3.435483870967742,5.243979717938334,7,115.0,0.32928132173807884,13,359.0,0.21211621067343503,20,474.0
3565.0,24,238.0,3.901639344262295,4.499392633792334,9,116.0,0.2831383528270974,15,364.0,0.13846580427287042,24,480.0
3570.0,26,262.0,4.517241379310345,4.883303276394468,9,135.0,0.3355269916760489,17,384.0,0.1681607377578219,26,519.0
3575.0,21,296.0,5.481481481481482,4.924676154827431,7,132.0,0.3659191419919197,14,379.0,0.13500959126756562,21,511.0
3580.0,16,224.0,4.0,5.485209941908745,7,108.0,0.32007700990046406,9,315.0,0.1873135616200076,16,423.0
3585.0,18,156.0,2.943396226415094,6.2910785069801385,11,99.0,0.37385935300539236,7,277.0,0.2887211938866179,18,376.0
3590.0,24,223.0,4.2075471698113205,5.6538567724649935,12,140.0,0.3078664542281552,12,260.0,0.3116340198251059,24,400.0
3595.0,15,218.0,4.1923076923076925,6.775714704818795,6,141.0,0.3910083281341197,9,269.0,0.43481335758459383,15,410.0
3600.0,21,255.0,4.903846153846154,5.743732791188663,9,140.0,0.30393619449126935,12,287.0,0.3767343653647323,21,427.0
3605.0,23,302.0,5.490909090909091,5.236195531397807,13,187.0,0.24314370457409157,10,273.0,0.3912331790400588,23,460.0
3610.0,22,253.0,4.773584905660377,5.1503704478569885,12,171.0,0.28104974770622315,10,232.0,0.33217460812563027,22,403.0
3615.0,24,311.0,5.980769230769231,5.093787040690862,13,192.0,0.24575258191864052,11,261.0,0.29887868365982473,24,453.0
3620.0,17,308.0,5.703703703703703,6.327546187394951,10,207.0,0.3010575006943501,7,268.0,0.46180800615805656,17,475.0
3625.0,16,307.0,6.14,6.061940598634302,7,166.0,0.3921582725488139,9,293.0,0.3798609160539298,16,459.0
3630.0,20,294.0,6.0,5.5374072257319655,6,120.0,0.46291554045042754,14,356.0,0.2715007701788447,20,476.0
3635.0,22,359.0,7.479166666666667,4.547316022934537,8,109.0,0.2410610645196029,14,403.0,0.22827239775124888,22,512.0
3640.0,24,414.0,8.808510638297872,4.259212274732485,10,132.0,0.1924207744978621,14,426.0,0.24979037539456647,24,558.0
3645.0,26,524.0,10.693877551020408,4.712419499918174,12,184.0,0.2640558874396141,14,488.0,0.20637781453931392,26,672.0
3650.0,23,567.0,10.903846153846153,4.918158052246435,8,180.0,0.33462548333261305,15,547.0,0.22898649376610605,23,727.0
3655.0,17,456.0,8.60377358490566,5.984293038611947,3,134.0,0.5600039903195194,14,528.0,0.18477617113683822,17,662.0
3660.0,13,406.0,8.826086956521738,7.410641098322938,5,113.0,0.563855443097673,8,432.0,0.27305471229695233,13,545.0
3665.0,8,159.0,3.3125,6.874393273786658,2,40.0,0.41855559581863483,6,321.0,0.2474165994954161,8,361.0
3670.0,17,136.0,2.6153846153846154,6.943470044626055,7,44.0,0.39697963381245815,10,169.0,0.32197526562964485,17,213.0
3675.0,12,151.0,3.02,6.716494307993844,6,51.0,0.5277058760073061,6,163.0,0.37380170554089276,12,214.0
3680.0,14,201.0,4.369565217391305,7.038644527685376,8,82.0,0.40908288732611053,6,152.0,0.534953069838619,14,234.0
3685.0,14,201.0,4.1875,5.4092897824281465,7,92.0,0.3140936102856293,7,176.0,0.38704611619652685,14,268.0
3690.0,19,268.0,5.469387755102041,5.676983074159067,8,95.0,0.3876411881012351,11,214.0,0.2526279013746431,19,309.0
3695.0,21,274.0,5.956521739130435,4.902074623511323,10,93.0,0.3111547793817412,11,246.0,0.23881559472964234,21,339.0
3700.0,19,330.0,6.875,5.750731230766977,11,114.0,0.2096467019757198,8,254.0,0.34492223471733635,19,368.0
3705.0,15,221.0,4.333333333333333,4.9448310866909155,10,140.0,0.22809715979963138,5,173.0,0.2560833534477191,15,313.0
3710.0,22,318.0,5.888888888888889,6.905587904880399,12,177.0,0.41708544777673195,10,175.0,0.36363806254239434,22,352.0
3715.0,16,217.0,4.173076923076923,6.905609617392664,8,183.0,0.44055181085208306,8,94.0,0.41061202513080264,16,277.0
3720.0,15,243.0,5.170212765957447,6.110805218857169,8,150.0,0.3167537741439971,7,113.0,0.33905155256093666,15,263.0
3725.0,19,170.0,3.6956521739130435,4.960646266197388,9,118.0,0.31792113655066034,10,129.0,0.16062681533747233,19,247.0
3730.0,21,214.0,4.458333333333333,6.0104654650944935,10,101.0,0.39720934499544247,11,145.0,0.3017179213841457,21,246.0
3735.0,20,187.0,3.978723404255319,5.2665416487645045,12,120.0,0.2956039449656733,8,145.0,0.39094389664130774,20,265.0
3740.0,16,198.0,4.304347826086956,5.872156506487178,11,145.0,0.26519414868742336,5,96.0,0.5469836200999838,16,241.0
3745.0,14,155.0,3.1,5.61700707077669,11,162.0,0.22207608086632366,3,82.0,0.4977382130394499,14,244.0
3750.0,20,190.0,3.6538461538461537,6.120300819824644,9,147.0,0.34547301450826123,11,99.0,0.32896175316972953,20,246.0
3755.0,18,238.0,4.407407407407407,5.629085784730481,10,176.0,0.30427610324350784,8,119.0,0.29144207056077986,18,295.0
3760.0,18,304.0,5.62962962962963,6.8325548620205225,10,211.0,0.34626069986054425,8,134.0,0.4223206573584477,18,345.0
3765.0,18,261.0,5.22,5.7530435991712014,11,202.0,0.18007101218269267,7,134.0,0.45899234849966863,18,336.0
3770.0,22,364.0,7.137254901960785,6.0321941027163675,14,247.0,0.1437507061723357,8,154.0,0.5048837284658375,22,401.0
3775.0,20,362.0,7.541666666666667,5.187076639525508,12,256.0,0.22872059740185655,8,165.0,0.43121564491033093,20,421.0
3780.0,15,401.0,8.183673469387756,7.136106936785608,8,235.0,0.4510513497766871,7,188.0,0.4409515158664208,15,423.0
3785.0,14,156.0,3.183673469387755,6.521371182031642,6,188.0,0.5938455373275612,8,118.0,0.2151127961267881,14,306.0
3790.0,18,186.0,3.72,6.638551536384102,6,121.0,0.5103522585912419,12,102.0,0.25285452522808266,18,223.0
3795.0,18,163.0,3.26,5.803506326843624,8,120.0,0.4189027009498238,10,124.0,0.3444142835557521,18,244.0
3800.0,16,184.0,3.607843137254902,6.618727684422923,10,107.0,0.3951261705241704,6,133.0,0.42716548991914854,16,240.0
3805.0,14,125.0,2.450980392156863,5.674529003247367,7,104.0,0.28255975143079226,7,122.0,0.4071816191135608,14,226.0
3810.0,15,164.0,3.1538461538461537,5.8013308485126585,6,95.0,0.2885918567701154,9,127.0,0.2659509102477127,15,222.0
3815.0,15,102.0,1.8888888888888888,5.633930185133967,6,78.0,0.37476304527776166,9,119.0,0.21666202543680152,15,197.0
3820.0,23,200.0,3.6363636363636362,6.377239421995395,11,105.0,0.36642329754531766,12,145.0,0.3456087998259455,23,250.0
3825.0,19,201.0,3.7222222222222223,5.679597774296103,10,131.0,0.32785526234624196,9,149.0,0.37467829212770726,19,280.0
3830.0,14,172.0,3.185185185185185,6.209412389460335,8,133.0,0.2862440609011849,6,109.0,0.43102589018709214,14,242.0
3835.0,10,108.0,2.1176470588235294,5.802103999329538,5,112.0,0.30552097990004284,5,74.0,0.2852808934761492,10,186.0
3840.0,20,186.0,3.509433962264151,6.299264726746878,9,151.0,0.28652844401467703,11,98.0,0.35311730521856394,20,249.0
3845.0,19,241.0,4.82,5.502226590006403,9,171.0,0.30980985586614757,10,142.0,0.3738631697106719,19,313.0
3850.0,18,295.0,5.9,6.194856776449004,7,177.0,0.35646534371426386,11,176.0,0.36456875322386123,18,353.0
3855.0,17,192.0,3.6923076923076925,5.489121239931017,6,129.0,0.346339338935474,11,180.0,0.2535290652004033,17,309.0
3860.0,17,190.0,3.6538461538461537,6.473978535354586,10,88.0,0.29658913204887694,7,156.0,0.3181523656053796,17,244.0
3865.0,20,178.0,3.63265306122449,5.1492468438867,11,106.0,0.23461323603584947,9,159.0,0.3363713254594787,20,265.0
3870.0,21,213.0,4.018867924528302,5.75857740551953,11,164.0,0.3308055277015124,10,148.0,0.37751444134262446,21,312.0
3875.0,18,223.0,4.46,4.628537295642279,8,168.0,0.3487272336782217,10,171.0,0.33637525025746917,18,339.0
3880.0,18,221.0,4.169811320754717,5.799014158855873,6,126.0,0.4879516933269618,12,198.0,0.27235071054785415,18,324.0
3885.0,19,245.0,4.375,4.7743972986099905,6,142.0,0.3275549812677097,13,234.0,0.1191578165184571,19,376.0
3890.0,29,347.0,5.982758620689655,5.325196934748012,12,186.0,0.29198939635979604,17,277.0,0.24007715748925965,29,463.0
3895.0,25,244.0,4.357142857142857,4.823870812434395,10,170.0,0.31662660393050535,15,276.0,0.292571382483042,25,446.0
3900.0,24,331.0,6.12962962962963,5.310633674086893,9,165.0,0.39584732255477356,15,289.0,0.30780545709719126,24,454.0
3905.0,26,326.0,5.719298245614035,5.113618160313359,9,150.0,0.4033953195605184,17,326.0,0.24445988242508404,26,476.0
3910.0,20,262.0,4.440677966101695,5.465219258531291,5,86.0,0.4194106503756684,15,332.0,0.1930928970351011,20,418.0
3915.0,21,243.0,4.05,4.7131338665824405,7,103.0,0.42152442189716305,14,345.0,0.1452686442594565,21,448.0
3920.0,21,203.0,3.274193548387097,5.556500650823854,11,137.0,0.4059447782596534,10,295.0,0.23581558907967357,21,432.0
3925.0,22,194.0,3.180327868852459,5.074722626551449,12,161.0,0.2953794375215548,10,293.0,0.3118961682753585,22,454.0
3930.0,24,245.0,3.828125,5.618178211645213,8,162.0,0.33751632682389865,16,311.0,0.28224703796156164,24,473.0
3935.0,23,239.0,3.7936507936507935,5.0970156100736865,8,127.0,0.22781036609580788,15,344.0,0.2833444171492304,23,471.0
3940.0,24,297.0,4.640625,5.55775805878007,13,150.0,0.1970336509711532,11,321.0,0.291180123596714,24,471.0
3945.0,22,304.0,4.825396825396825,5.676355685779307,10,183.0,0.2635383667912198,12,317.0,0.33119856267130293,22,500.0
3950.0,27,284.0,4.369230769230769,5.5821067504140025,11,193.0,0.38948060252317246,16,287.0,0.2632725276925787,27,480.0
3955.0,27,319.0,4.6231884057971016,4.973172170393115,9,193.0,0.42011453000892013,18,327.0,0.21239345049130573,27,520.0
3960.0,20,320.0,4.848484848484849,5.69513419883976,6,155.0,0.4633787719223208,14,345.0,0.2238494150138411,20,500.0
3965.0,18,233.0,3.4776119402985075,5.653973570687384,4,85.0,0.42195948950424933,14,364.0,0.16280470024079263,18,449.0
3970.0,28,313.0,4.408450704225352,5.292707605698504,10,112.0,0.2776196587246259,18,397.0,0.21600900625346142,28,509.0
3975.0,32,278.0,4.028985507246377,5.037083219446035,13,142.0,0.29657779156644215,19,392.0,0.3163109821496979,32,534.0
3980.0,27,368.0,5.333333333333333,5.770856791746113,9,159.0,0.41025349460054295,18,406.0,0.2969045762936348,27,565.0
3985.0,25,374.0,5.5,4.932532331303107,6,134.0,0.3869228024141695,19,459.0,0.1757675257554956,25,593.0
3990.0,22,360.0,5.217391304347826,5.729039118989622,9,126.0,0.34335819505584336,13,456.0,0.276713864543493,22,582.0
3995.0,22,402.0,6.0,5.179333684308618,10,156.0,0.24946799652934762,12,469.0,0.25024936364385736,22,625.0
4000.0,25,458.0,6.735294117647059,5.455374165238951,8,170.0,0.3436662468228082,17,493.0,0.14954280106549048,25,663.0
4005.0,28,370.0,5.967741935483871,4.561407729938371,7,122.0,0.30546115506729077,21,501.0,0.11586867121010713,28,623.0
4010.0,32,307.0,5.032786885245901,4.654581518487182,13,141.0,0.2610970669730648,19,458.0,0.16528395417739158,32,599.0
4015.0,26,337.0,5.616666666666666,4.11309785626517,11,169.0,0.29191543325035196,15,484.0,0.17356591118698145,26,653.0
4020.0,25,349.0,6.017241379310345,4.749221817689604,13,217.0,0.23649881955815938,12,460.0,0.28892777855251006,25,677.0
4025.0,23,293.0,4.725806451612903,4.72515009305232,12,237.0,0.3029261938448045,11,464.0,0.22725635516811277,23,701.0
4030.0,23,321.0,5.262295081967213,5.1095666605922725,6,210.0,0.40288589843450073,17,475.0,0.11805670087995912,23,685.0
4035.0,27,311.0,5.016129032258065,4.746545907878293,7,174.0,0.3936702364450856,20,506.0,0.07724795513006916,27,680.0
4040.0,27,337.0,5.435483870967742,5.087403975862881,9,141.0,0.3532631910660888,18,480.0,0.2252361088486584,27,621.0
4045.0,27,368.0,5.75,4.473164973984764,12,176.0,0.3705063644982629,15,489.0,0.22483776652590387,27,665.0
4050.0,29,366.0,5.228571428571429,5.4719262837883065,18,227.0,0.389004403157148,11,419.0,0.2607216705039683,29,646.0
4055.0,28,295.0,4.214285714285714,4.635088711948528,17,261.0,0.2823453157354041,11,365.0,0.21660514109873652,28,626.0
4060.0,26,235.0,3.263888888888889,5.233042183400714,14,254.0,0.2571196642540439,12,320.0,0.251299003907805,26,574.0
4065.0,33,333.0,4.897058823529412,4.639720847553433,17,270.0,0.2625250474762678,16,322.0,0.13795919901217765,33,592.0
4070.0,34,435.0,6.397058823529412,4.3527980790223255,17,305.0,0.23903963647769524,17,359.0,0.16288092693449216,34,664.0
4075.0,33,483.0,7.430769230769231,4.400425154177231,19,355.0,0.24470108768266804,14,383.0,0.2457449630529227,33,738.0
4080.0,33,577.0,8.876923076923077,3.93413010389661,20,416.0,0.21246377872736857,13,405.0,0.2790636586257725,33,821.0
4085.0,34,598.0,8.794117647058824,4.501481131755977,23,487.0,0.1729199817771529,11,380.0,0.38784418208038784,34,867.0
4090.0,31,532.0,7.940298507462686,4.735654146854263,23,551.0,0.12541282139795906,8,246.0,0.44677901170453543,31,797.0
4095.0,24,495.0,7.388059701492537,4.64510215611236,18,565.0,0.13739366851334672,6,184.0,0.3381759185886106,24,749.0
4100.0,29,481.0,6.680555555555555,4.8478070734239695,16,533.0,0.29934448656824014,13,186.0,0.10414717165725568,29,719.0
4105.0,29,362.0,5.027777777777778,5.327280045483884,15,498.0,0.36864674644979223,14,193.0,0.1893048478285192,29,691.0
4110.0,20,343.0,4.9,6.720915689398524,13,465.0,0.4016602065911164,7,186.0,0.4384119903948726,20,651.0
4115.0,20,289.0,4.188405797101449,5.050729797287184,15,483.0,0.1725047282018763,5,158.0,0.4368766412551939,20,641.0
4120.0,27,326.0,4.865671641791045,4.66793964640907,17,482.0,0.16967740465060294,10,113.0,0.3176242128223869,27,595.0
4125.0,34,429.0,6.128571428571429,4.475432386279514,19,513.0,0.21178591397414373,15,149.0,0.24835474645779101,34,662.0
4130.0,26,484.0,6.722222222222222,5.657603997311329,18,557.0,0.2575608378991483,8,156.0,0.3721185197981758,26,713.0
4135.0,27,431.0,5.986111111111111,4.814060630372936,19,577.0,0.17694805772348582,8,138.0,0.33491990899395563,27,715.0
4140.0,37,529.0,7.450704225352113,4.375461973174047,23,598.0,0.1835193365228096,14,168.0,0.24632875310288674,37,766.0
4145.0,38,594.0,8.25,3.9045699648885357,24,671.0,0.21050568754321775,14,206.0,0.15227946646498056,38,877.0
4150.0,30,635.0,9.338235294117647,4.851868032633384,16,685.0,0.24366108867609443,14,247.0,0.18952673036976822,30,932.0
4155.0,28,641.0,9.426470588235293,3.9344086514795085,15,683.0,0.2023014885068076,13,262.0,0.11887668713130402,28,945.0
4160.0,25,607.0,9.059701492537313,5.283112963503821,17,651.0,0.16015252496092294,8,217.0,0.34146078068081953,25,868.0
4165.0,28,623.0,9.88888888888889,4.220273645312466,20,702.0,0.04685361524504918,8,199.0,0.3281907772257769,28,901.0
4170.0,27,705.0,11.370967741935484,4.619742755136611,16,711.0,0.13991806624898318,11,219.0,0.2463837781620909,27,930.0
4175.0,27,761.0,13.350877192982455,5.035764866086219,15,723.0,0.3378707872262547,12,237.0,0.19991886407889614,27,960.0
4180.0,29,855.0,14.741379310344827,5.123561738528319,16,740.0,0.3443515685200923,13,241.0,0.24645373503719872,29,981.0
4185.0,28,715.0,12.767857142857142,3.7540606383958415,18,715.0,0.2684556380638794,10,236.0,0.27758610540632683,28,951.0
4190.0,27,383.0,6.603448275862069,4.5150806948882956,19,597.0,0.25301363561062357,8,174.0,0.357245731318436,27,771.0
4195.0,23,280.0,4.516129032258065,4.4648862787094785,18,524.0,0.16376241873194494,5,128.0,0.3858788086364162,23,652.0
4200.0,29,298.0,4.515151515151516,5.366856812550934,21,575.0,0.23692665678988245,8,92.0,0.4854863902803692,29,667.0
4205.0,20,246.0,3.9047619047619047,4.711632074670886,14,566.0,0.264116350934672,6,85.0,0.37063403798239,20,651.0
4210.0,21,271.0,4.234375,4.7831294539467635,16,544.0,0.20107281633998333,5,79.0,0.36531337252620794,21,623.0
4215.0,26,362.0,5.569230769230769,4.948480183993253,19,507.0,0.15776247655872938,7,113.0,0.38883169778474697,26,620.0
4220.0,31,393.0,6.046153846153846,4.313540434500266,21,541.0,0.22868820811162235,10,154.0,0.20452409634812013,31,695.0
4225.0,33,421.0,6.476923076923077,4.4617848869097925,23,562.0,0.259142362530094,10,158.0,0.30750948919479815,33,720.0
4230.0,33,458.0,6.63768115942029,4.52465602325547,25,610.0,0.1510389219619039,8,131.0,0.4907757557828334,33,741.0
4235.0,27,380.0,5.277777777777778,5.165096148702012,20,585.0,0.215382416644773,7,144.0,0.45382147838797765,27,729.0
4240.0,18,356.0,4.876712328767123,5.266348840145785,14,596.0,0.2482627019376261,4,118.0,0.4094318391774438,18,714.0
4245.0,21,301.0,4.013333333333334,4.720296654429109,15,584.0,0.190334186331563,6,101.0,0.32499911799095443,21,685.0
4250.0,30,226.0,2.935064935064935,4.855864909955617,18,541.0,0.18313665293208664,12,109.0,0.389544475148437,30,650.0
4255.0,38,351.0,4.443037974683544,4.4277451699061645,27,578.0,0.17514260564564124,11,152.0,0.42098952130702727,38,730.0
4260.0,34,454.0,5.675,4.539105270507321,26,666.0,0.17482289263224368,8,152.0,0.4204953589750493,34,818.0
4265.0,37,545.0,6.488095238095238,4.452187774788152,28,756.0,0.1913162735768318,9,141.0,0.35422248953869856,37,897.0
4270.0,44,611.0,7.104651162790698,4.466279904207601,28,784.0,0.2484005286782345,16,148.0,0.25809794787307483,44,932.0
4275.0,40,535.0,6.294117647058823,3.945585738197611,24,703.0,0.2057442102075177,16,205.0,0.21206227290579938,40,908.0
4280.0,34,529.0,6.2976190476190474,4.086253595108318,20,647.0,0.20292303254104077,14,230.0,0.1899639703463227,34,877.0
4285.0,31,601.0,6.988372093023256,5.3037680808818095,21,608.0,0.23644152691175038,10,252.0,0.2711126080363356,31,860.0
4290.0,36,662.0,7.975903614457831,4.900776961338665,20,644.0,0.19879235056588776,16,301.0,0.27761439563909235,36,945.0
4295.0,42,704.0,9.025641025641026,3.6469183438859227,26,717.0,0.10373482469905748,16,320.0,0.20760083198020907,42,1037.0
4300.0,49,835.0,11.283783783783784,3.3899752033404895,28,785.0,0.11811335374066662,21,327.0,0.25404366333231687,49,1112.0
4305.0,47,889.0,11.545454545454545,3.4693991240389215,28,858.0,0.20618263448069216,19,369.0,0.18039881328720003,47,1227.0
4310.0,44,991.0,13.213333333333333,3.0210436110791505,26,926.0,0.1535635979320557,18,392.0,0.21797923897786337,44,1318.0
4315.0,38,926.0,12.18421052631579,3.0125174034477715,21,910.0,0.1577130138017473,17,412.0,0.1628959414562559,38,1322.0
4320.0,32,851.0,10.6375,3.920796671292199,18,911.0,0.17685424566476596,14,383.0,0.1599261929001022,32,1294.0
4325.0,28,759.0,9.60759493670886,5.173784240074468,17,839.0,0.2075300430616634,11,312.0,0.25285171505838483,28,1151.0
4330.0,27,430.0,5.443037974683544,4.861329315229908,17,744.0,0.1344673187728599,10,299.0,0.2843820933453121,27,1043.0
4335.0,35,434.0,5.636363636363637,4.54210935549679,22,687.0,0.14648040203629506,13,296.0,0.3094059797618196,35,983.0
4340.0,38,510.0,6.7105263157894735,4.262047549876077,22,749.0,0.18856751198511473,16,297.0,0.31216342667060115,38,1046.0
4345.0,34,531.0,7.273972602739726,4.530911512679048,17,749.0,0.22701817658974038,17,314.0,0.28394684017714117,34,1063.0
4350.0,30,487.0,6.493333333333333,4.137729192573998,13,721.0,0.28463354852143025,17,334.0,0.13977046447584748,30,1055.0
4355.0,30,426.0,5.835616438356165,4.4378979644782515,18,655.0,0.26328211499347814,12,307.0,0.18037226943950962,30,962.0
4360.0,35,423.0,5.875,3.9240642558476244,25,693.0,0.1903294260977105,10,268.0,0.2969458854276232,35,961.0
4365.0,39,548.0,7.405405405405405,4.283441718962346,26,679.0,0.21289611254070465,13,295.0,0.2909482727649906,39,974.0
4370.0,40,649.0,8.89041095890411,3.484190893439358,26,746.0,0.14849581364908074,14,318.0,0.29754828833439906,40,1064.0
4375.0,30,610.0,8.591549295774648,3.6936687288036087,21,745.0,0.10225386889231572,9,274.0,0.26123311492994317,30,1019.0
4380.0,22,328.0,4.685714285714286,4.573049658852703,15,613.0,0.1313310776793311,7,229.0,0.2759932786942358,22,842.0
4385.0,29,308.0,4.4,5.138498419190858,15,509.0,0.13729374149024148,14,197.0,0.28804010437322314,29,706.0
4390.0,32,339.0,5.136363636363637,4.75775017193855,18,530.0,0.13179718067757362,14,222.0,0.3213807513098104,32,752.0
4395.0,26,362.0,5.569230769230769,5.490557784481603,18,519.0,0.13503663479471606,8,207.0,0.38877731636602997,26,726.0
4400.0,26,318.0,5.0476190476190474,4.6508375886793605,16,542.0,0.08280192163460856,10,180.0,0.3513931079816108,26,722.0
4405.0,22,342.0,5.2615384615384615,5.704362600148255,8,495.0,0.2372136243820048,14,201.0,0.32149289540822285,22,696.0
4410.0,23,271.0,4.1692307692307695,5.309830530996575,7,413.0,0.3247164717756676,16,206.0,0.18850989787683003,23,619.0
4415.0,29,310.0,4.920634920634921,5.488590971055321,11,333.0,0.3625096767952739,18,235.0,0.2510914469144076,29,568.0
4420.0,29,346.0,5.672131147540983,4.4589427751687145,11,328.0,0.2834723290740414,18,266.0,0.24528048733418797,29,594.0
4425.0,18,305.0,5.083333333333333,5.156202010292566,8,298.0,0.22514658818374256,10,235.0,0.30132013104671534,18,533.0
4430.0,17,225.0,3.8135593220338984,5.607255577574246,8,258.0,0.26882931569542956,9,218.0,0.3325856051430477,17,476.0
4435.0,22,320.0,5.614035087719298,5.7619365478127245,8,284.0,0.27441112285918423,14,230.0,0.26336661916683796,22,514.0
4440.0,25,265.0,5.0,4.507766365052371,8,186.0,0.2786456134090903,17,271.0,0.21563932984655085,25,457.0
4445.0,19,282.0,5.529411764705882,5.588926607289156,6,134.0,0.41111195961839736,13,264.0,0.23698042730482932,19,398.0
4450.0,12,164.0,3.0943396226415096,5.619451678534908,6,84.0,0.42748044575808425,6,230.0,0.24754910575893788,12,314.0
4455.0,21,203.0,3.625,6.035868036175489,7,108.0,0.4359874590803221,14,209.0,0.2987751880834029,21,317.0
4460.0,20,179.0,3.2545454545454544,5.5201203708029,5,85.0,0.42312115713403287,15,233.0,0.3313812063972174,20,318.0
4465.0,18,200.0,3.508771929824561,6.318879019907585,7,45.0,0.4159645178690503,11,228.0,0.32659662871412454,18,273.0
4470.0,19,157.0,2.8035714285714284,5.570913434256407,5,28.0,0.42867119687447364,14,228.0,0.20147457655307588,19,256.0
4475.0,27,257.0,4.431034482758621,6.072628874029028,8,67.0,0.3584915873923818,19,271.0,0.23897234955742425,27,338.0
4480.0,23,232.0,4.142857142857143,5.368354860892347,7,74.0,0.48751869068467374,16,305.0,0.2158808563883292,23,379.0
4485.0,23,260.0,4.7272727272727275,5.081423645832344,9,86.0,0.4492474221947584,14,312.0,0.20716895437570565,23,398.0
4490.0,18,247.0,4.410714285714286,5.338854931413686,5,89.0,0.43508654071431396,13,339.0,0.2366782766344972,18,428.0
4495.0,20,301.0,5.280701754385965,5.548556733808195,6,83.0,0.4018447040408778,14,342.0,0.19714606531109305,20,425.0
4500.0,23,346.0,6.178571428571429,4.878548636220842,7,89.0,0.285969643699444,16,400.0,0.21130934882757843,23,489.0
4505.0,28,450.0,7.758620689655173,4.938804504627291,13,117.0,0.23393262864798475,15,437.0,0.2532487569759936,28,554.0
4510.0,26,405.0,7.363636363636363,3.9972497131818265,13,165.0,0.2371193288996126,13,412.0,0.2249153094798363,26,577.0
4515.0,17,271.0,4.927272727272728,4.720477680370885,6,184.0,0.25241239309223445,11,294.0,0.23766956115919807,17,478.0
4520.0,15,241.0,4.547169811320755,6.267844514486805,5,132.0,0.28368719343699655,10,252.0,0.3070749510307665,15,384.0
4525.0,20,282.0,5.529411764705882,5.756914663495706,7,117.0,0.27674955570494325,13,274.0,0.16546907970840619,20,391.0
4530.0,19,281.0,5.403846153846154,5.85127768241553,6,108.0,0.3357276130264254,13,304.0,0.29182058335699684,19,412.0
4535.0,20,215.0,4.479166666666667,5.996871938650521,8,99.0,0.4096052016065733,12,254.0,0.29759868170308157,20,353.0
4540.0,17,226.0,5.022222222222222,5.847544088148059,4,99.0,0.5141138147003448,13,243.0,0.25402619964560774,17,342.0
4545.0,15,185.0,3.9361702127659575,6.204476048472168,2,35.0,0.5909661274362552,13,249.0,0.19479430389444205,15,284.0
4550.0,13,174.0,3.8666666666666667,7.06726412460869,2,32.0,0.6017959714223443,11,220.0,0.18070605732570155,13,252.0
4555.0,15,205.0,4.555555555555555,5.979209468122608,5,46.0,0.3621675379261043,10,243.0,0.11923137259649763,15,289.0
4560.0,16,214.0,5.095238095238095,6.081866958441044,6,55.0,0.41234219566059177,10,250.0,0.18428406279968165,16,305.0
4565.0,11,132.0,3.473684210526316,6.586503471775759,3,41.0,0.5256013516464327,8,207.0,0.198240119884252,11,248.0
4570.0,10,103.0,2.7837837837837838,6.624149150147145,3,22.0,0.5192499410217857,7,152.0,0.1958701538925232,10,174.0
4575.0,14,111.0,3.1714285714285713,6.056646796593553,7,46.0,0.31364400003551585,7,157.0,0.3413405447618887,14,203.0
4580.0,12,144.0,4.114285714285714,6.748025207123247,5,53.0,0.39823512725748894,7,171.0,0.408282252642929,12,224.0
4585.0,10,140.0,3.888888888888889,6.856546929733647,5,53.0,0.37359366009957923,5,161.0,0.4952191413202839,10,214.0
4590.0,17,204.0,5.1,6.822623734721061,6,83.0,0.4507304770592658,11,166.0,0.4105574212173785,17,249.0
4595.0,10,123.0,2.9285714285714284,6.684671163679328,3,79.0,0.552268815550293,7,119.0,0.40598865289280717,10,198.0
4600.0,10,145.0,3.625,6.5191850797491595,3,53.0,0.46233893981718316,7,116.0,0.2792838553443906,10,169.0
4605.0,11,110.0,2.682926829268293,6.126044583240492,3,36.0,0.29716887828507016,8,109.0,0.23056971530373815,11,145.0
4610.0,17,169.0,3.6739130434782608,6.80184368204017,7,65.0,0.33460742224792095,10,118.0,0.2710045493988557,17,183.0
4615.0,12,146.0,3.65,6.940053623008043,5,77.0,0.48541141390014614,7,119.0,0.44829644017226683,12,196.0
4620.0,11,184.0,4.487804878048781,8.496390337258394,4,85.0,0.6084769662035586,7,115.0,0.5062256364066553,11,200.0
4625.0,11,194.0,4.7317073170731705,7.622050374821771,4,102.0,0.5736634570230309,7,128.0,0.4575198779217765,11,230.0
4630.0,14,174.0,4.046511627906977,6.457235123018709,4,91.0,0.5960735015183968,10,120.0,0.27525573432594685,14,211.0
4635.0,17,183.0,4.463414634146342,5.054077308676687,6,115.0,0.4765257113642626,11,138.0,0.19595657136992017,17,253.0
4640.0,16,217.0,5.425,5.325858442947053,7,131.0,0.39293277706487906,9,131.0,0.22336338759359733,16,262.0
4645.0,19,242.0,6.205128205128205,4.776611685080795,9,173.0,0.2935272272756286,10,122.0,0.11573669607745886,19,295.0
4650.0,16,254.0,6.35,5.412830494797061,9,189.0,0.3222381359482257,7,119.0,0.26761553925037745,16,308.0
4655.0,8,200.0,4.878048780487805,7.723258651001107,5,170.0,0.5103094994155357,3,105.0,0.4554927838943001,8,275.0
4660.0,10,104.0,2.4761904761904763,8.009094808351955,6,74.0,0.5653428956951185,4,86.0,0.48839050303909737,10,160.0
4665.0,13,118.0,2.6818181818181817,7.0915746074654,9,101.0,0.5058027580083774,4,62.0,0.33477678946797607,13,163.0
4670.0,15,164.0,3.9047619047619047,6.35839431789022,10,139.0,0.40772506836636574,5,65.0,0.4789886585473873,15,204.0
4675.0,15,158.0,3.2244897959183674,5.269604721461686,13,170.0,0.29144432060949216,2,49.0,0.46133957615489996,15,219.0
4680.0,19,177.0,3.339622641509434,5.589243284279272,16,199.0,0.24483626891162458,3,46.0,0.593011119943126,19,245.0
4685.0,15,185.0,3.425925925925926,6.877464072953556,11,202.0,0.30826843686045,4,66.0,0.5956649364824028,15,268.0
4690.0,15,162.0,2.793103448275862,6.194549554282054,11,188.0,0.3332477165652506,4,74.0,0.4120665693349689,15,262.0
4695.0,20,188.0,3.1864406779661016,6.026446038626797,14,212.0,0.3518760011128939,6,91.0,0.3048252327238706,20,303.0
4700.0,23,225.0,4.017857142857143,4.818513926210015,16,263.0,0.28222101007080136,7,94.0,0.39274083854041214,23,357.0
4705.0,28,301.0,4.777777777777778,5.060502448292433,20,312.0,0.2748588555856843,8,115.0,0.4416768563819932,28,427.0
4710.0,27,352.0,5.5,5.165616387672005,19,352.0,0.28863743809521014,8,150.0,0.4233758255637493,27,502.0
4715.0,25,356.0,5.393939393939394,4.819191936575402,16,337.0,0.21872134619418193,9,169.0,0.37976627488233494,25,506.0
4720.0,28,279.0,4.043478260869565,3.91067827502838,17,357.0,0.2114575942272044,11,129.0,0.2179073323829169,28,486.0
4725.0,36,402.0,5.661971830985915,4.608535524781513,22,404.0,0.21163540073864004,14,168.0,0.36193930209266156,36,572.0
4730.0,37,429.0,6.128571428571429,4.168893642810489,26,475.0,0.18742705884088576,11,163.0,0.3699793002100096,37,638.0
4735.0,35,462.0,6.507042253521127,4.279986228776338,26,563.0,0.19486581372003117,9,135.0,0.3207328051263222,35,698.0
4740.0,31,456.0,6.333333333333333,3.8046285899241163,23,608.0,0.10450561249668512,8,138.0,0.3170386293042086,31,746.0
4745.0,33,462.0,6.6,4.581793246898172,22,631.0,0.17377723941600784,11,135.0,0.29309764437139324,33,766.0
4750.0,30,543.0,7.757142857142857,4.466122779411947,18,657.0,0.2595056332635487,12,156.0,0.13484988911626075,30,813.0
4755.0,25,605.0,9.307692307692308,5.528527365575802,17,685.0,0.18172629533168877,8,154.0,0.38277363183415886,25,839.0
4760.0,26,647.0,10.109375,4.730599966854496,18,709.0,0.06324534716679979,8,169.0,0.43983908784456316,26,878.0
4765.0,32,611.0,9.257575757575758,4.639117392419942,21,676.0,0.1605990099236585,11,209.0,0.4428630105309748,32,885.0
4770.0,31,417.0,6.725806451612903,4.450696758985576,21,632.0,0.2676913531780534,10,180.0,0.37503226130166134,31,812.0
4775.0,29,487.0,7.73015873015873,3.851941700978462,19,681.0,0.22791590058644345,10,208.0,0.3189938212376747,29,889.0
4780.0,31,401.0,6.365079365079365,3.7642693154851536,18,669.0,0.19080742892902194,13,220.0,0.21237946195524687,31,889.0
4785.0,29,499.0,7.920634920634921,3.8892144319152204,15,673.0,0.23387009279725862,14,240.0,0.17231040951564056,29,913.0
4790.0,26,341.0,5.5,3.741137954986051,14,626.0,0.22318320386913595,12,211.0,0.1949132962788975,26,837.0
4795.0,28,400.0,6.779661016949152,4.293846935006588,20,621.0,0.14092299593990532,8,169.0,0.3950510227059657,28,790.0
4800.0,27,414.0,7.137931034482759,4.006846949507859,22,678.0,0.07180504182765265,5,145.0,0.4126657564664118,27,823.0
4805.0,22,450.0,7.894736842105263,5.02345240587635,15,704.0,0.18193102777533643,7,112.0,0.3830592099913738,22,816.0
4810.0,20,392.0,6.533333333333333,5.699075814336333,13,653.0,0.2166541663391723,7,109.0,0.3854155460278681,20,762.0
4815.0,24,375.0,6.048387096774194,5.875801047616009,14,561.0,0.19946414444276792,10,126.0,0.46149058116364916,24,687.0
4820.0,29,467.0,8.051724137931034,5.46501650681069,20,551.0,0.24922741860321873,9,146.0,0.45474113738047334,29,697.0
4825.0,25,541.0,9.016666666666667,4.910486710529084,16,574.0,0.2851759543675257,9,165.0,0.3529483153822504,25,739.0
4830.0,19,452.0,7.533333333333333,5.1281731045908066,9,554.0,0.33163948957256895,10,154.0,0.2772375259593528,19,708.0
4835.0,18,329.0,5.483333333333333,5.113507135122049,11,504.0,0.20130701273543977,7,102.0,0.27012294009345184,18,606.0
4840.0,20,191.0,3.0806451612903225,4.8392547594254385,13,379.0,0.09790732074121633,7,122.0,0.2984587925020097,20,501.0
4845.0,27,251.0,4.114754098360656,4.254701164439296,16,407.0,0.0806721062199671,11,137.0,0.3730111357795833,27,544.0
4850.0,21,273.0,4.627118644067797,5.160200355082076,11,381.0,0.29204995417747476,10,150.0,0.317878311380578,21,531.0
4855.0,16,236.0,4.140350877192983,4.652205860645464,7,365.0,0.239328300658439,9,147.0,0.20535286777922238,16,512.0
4860.0,25,293.0,4.80327868852459,4.733906177608928,12,378.0,0.228687221717764,13,176.0,0.14178108173173704,25,554.0
4865.0,24,341.0,5.328125,5.6458988149142275,14,405.0,0.3398761347065059,10,205.0,0.23455790602836696,24,610.0
4870.0,19,374.0,6.032258064516129,6.664503681629051,10,396.0,0.4548192113121385,9,229.0,0.33842541938819515,19,625.0
4875.0,16,316.0,5.015873015873016,5.225703705229808,6,304.0,0.3426880491934822,10,270.0,0.3030447072214325,16,574.0
4880.0,21,338.0,5.2,5.616237303055728,14,354.0,0.3818287820127494,7,264.0,0.28927491175405906,21,618.0
4885.0,26,407.0,6.4603174603174605,5.093202365726508,18,391.0,0.26160217976306455,8,247.0,0.33912929301587913,26,638.0
4890.0,22,472.0,7.612903225806452,5.425878571683964,12,392.0,0.16700544102956563,10,295.0,0.3307586624024367,22,687.0
4895.0,23,424.0,6.838709677419355,5.334467783962574,12,282.0,0.18838014013670185,11,327.0,0.22913435044863567,23,609.0
4900.0,24,468.0,7.932203389830509,5.164133048660617,13,202.0,0.24321332391444297,11,358.0,0.260003113909815,24,560.0
4905.0,27,427.0,7.116666666666666,5.085570330041245,16,247.0,0.27321295086569375,11,344.0,0.3607602125170819,27,591.0
4910.0,24,464.0,7.733333333333333,6.2092375334176655,16,268.0,0.3329778557570598,8,287.0,0.48030016207262255,24,555.0
4915.0,24,413.0,6.453125,4.975692477435706,17,294.0,0.2715699278066509,7,282.0,0.4030111856559691,24,576.0
4920.0,28,506.0,7.666666666666667,5.444576612605567,18,309.0,0.2936346791984207,10,288.0,0.36979930984019455,28,597.0
4925.0,28,314.0,4.422535211267606,5.429524948679899,18,337.0,0.2713086387819623,10,204.0,0.37506566149046183,28,541.0
4930.0,24,256.0,3.4133333333333336,6.126037341395851,13,301.0,0.31399592831720563,11,143.0,0.41482653808998793,24,444.0
4935.0,24,280.0,3.6363636363636362,5.518976926046907,13,285.0,0.3277013164900576,11,156.0,0.3231636181211253,24,441.0
4940.0,34,363.0,4.594936708860759,5.219477768951905,18,303.0,0.3244206810600186,16,186.0,0.2120242299674113,34,489.0
4945.0,38,370.0,4.805194805194805,4.072672418167713,21,360.0,0.23378971117420697,17,239.0,0.16374347009812992,38,599.0
4950.0,31,378.0,5.108108108108108,3.906509353324755,21,416.0,0.1521274230853457,10,228.0,0.2339269728303824,31,644.0
4955.0,26,390.0,5.6521739130434785,4.064309638454313,20,440.0,0.11052761150970532,6,214.0,0.29446177728501854,26,654.0
4960.0,25,366.0,5.462686567164179,4.19630730288679,16,471.0,0.21036503760872058,9,207.0,0.10433462739571941,25,678.0
4965.0,32,434.0,6.2,4.891575659529303,21,465.0,0.20861660284712608,11,226.0,0.3159506414862931,32,691.0
4970.0,27,404.0,5.771428571428571,5.518518337476891,22,494.0,0.21027442801819363,5,200.0,0.4954810493777303,27,694.0
4975.0,30,477.0,6.814285714285714,5.525057322555961,24,509.0,0.18122796573296343,6,194.0,0.47915567668391895,30,703.0
4980.0,31,461.0,6.22972972972973,4.727668652053884,23,573.0,0.09185967846060024,8,146.0,0.3948794221681023,31,719.0
4985.0,31,449.0,5.8311688311688314,5.196484509075782,18,584.0,0.21819698336633003,13,164.0,0.3617556612275533,31,748.0
4990.0,29,445.0,6.095890410958904,5.020044667045614,16,512.0,0.30179273010629293,13,206.0,0.2758394822565934,29,718.0
4995.0,29,363.0,5.041666666666667,4.880728667185797,17,485.0,0.1773478075617842,12,233.0,0.3393863143429974,29,718.0
5000.0,31,392.0,5.297297297297297,4.525534870381226,19,480.0,0.1009233181352987,12,241.0,0.345605228479626,31,721.0
5005.0,34,468.0,6.077922077922078,4.666766091245996,18,526.0,0.1317307132844609,16,266.0,0.33948232476399126,34,792.0
5010.0,30,424.0,5.808219178082192,5.0828789733581115,13,515.0,0.264880389651556,17,269.0,0.31970567037594394,30,784.0
5015.0,37,525.0,7.5,4.010801209369419,15,532.0,0.25620359093618217,22,320.0,0.17601773078815586,37,852.0
5020.0,41,544.0,7.157894736842105,3.862085895175945,18,543.0,0.2358421499210522,23,362.0,0.19072386873558597,41,905.0
5025.0,42,649.0,8.428571428571429,3.6537514472684585,21,600.0,0.15333893330467988,21,408.0,0.2731697701508168,42,1008.0
5030.0,36,671.0,8.828947368421053,4.326376903629334,16,617.0,0.2119867761909653,20,443.0,0.31133599246063387,36,1060.0
5035.0,29,383.0,4.728395061728395,4.430582110521408,12,560.0,0.19537727008584613,17,411.0,0.2748455054402881,29,971.0
5040.0,33,476.0,5.734939759036145,4.873713414080934,16,521.0,0.19933388054334616,17,371.0,0.2688958118691738,33,892.0
5045.0,37,550.0,6.5476190476190474,5.334676103178663,19,573.0,0.23489193333945244,18,401.0,0.299812847191434,37,974.0
5050.0,30,620.0,7.848101265822785,5.779586635328756,11,582.0,0.313612907696311,19,435.0,0.2737105978561304,30,1017.0
5055.0,36,579.0,7.72,4.226427340042678,13,537.0,0.24975380628616584,23,468.0,0.09921328856929455,36,1005.0
5060.0,36,444.0,6.0,4.427309957757585,14,451.0,0.31148527701082673,22,483.0,0.11528130368644633,36,934.0
5065.0,35,437.0,6.242857142857143,3.839596334636974,15,424.0,0.29599852848054437,20,515.0,0.15217868426582856,35,939.0
5070.0,38,531.0,7.585714285714285,4.36316003408155,21,429.0,0.23580086933874841,17,520.0,0.23116218973594121,38,949.0
5075.0,39,545.0,7.364864864864865,3.392256061292962,21,494.0,0.12127288228085131,18,521.0,0.17298775677194286,39,1015.0
5080.0,41,554.0,7.486486486486487,4.394482247264813,24,585.0,0.20544654966639334,17,504.0,0.2713248805396146,41,1089.0
5085.0,37,569.0,7.586666666666667,4.1052254482184445,21,620.0,0.1980375817289831,16,541.0,0.2889508416589933,37,1161.0
5090.0,29,474.0,6.583333333333333,4.352170397089769,15,578.0,0.15455951356211958,14,552.0,0.32852819923237186,29,1130.0
5095.0,28,402.0,5.661971830985915,4.666329570250587,14,544.0,0.20136884344116762,14,524.0,0.2766857552245083,28,1068.0
5100.0,34,400.0,5.47945205479452,4.463006175963813,16,464.0,0.22575000506584025,18,524.0,0.1673046003357289,34,988.0
5105.0,38,493.0,7.25,4.032099016119508,18,504.0,0.27768057300144716,20,547.0,0.1910460044782574,38,1051.0
5110.0,34,537.0,7.671428571428572,3.866263906047693,18,515.0,0.3005787940462275,16,522.0,0.18612078128840415,34,1037.0
5115.0,31,535.0,7.133333333333334,3.9287899861905906,15,454.0,0.2660085993971196,16,562.0,0.17305854001229454,31,1016.0
5120.0,25,461.0,6.315068493150685,4.645052139694634,12,412.0,0.23027941213337735,13,566.0,0.26472756244741175,25,978.0
5125.0,30,430.0,5.733333333333333,4.966070306093832,18,414.0,0.21376854401155942,12,516.0,0.2717752115753745,30,930.0
5130.0,31,262.0,3.493333333333333,4.907022878343096,21,439.0,0.1604076725099874,10,402.0,0.34080344684148106,31,841.0
5135.0,39,386.0,5.436619718309859,4.51365511037732,26,510.0,0.13432515807979697,13,398.0,0.33642828858459645,39,908.0
5140.0,38,454.0,6.878787878787879,3.4588748538768748,25,571.0,0.10536423472718834,13,361.0,0.28831037288521955,38,932.0
5145.0,30,401.0,5.897058823529412,3.7639557938067516,17,559.0,0.19097770752836252,13,367.0,0.19040130663304283,30,926.0
5150.0,21,371.0,5.621212121212121,4.952017802321881,12,554.0,0.27270580648352394,9,355.0,0.1801343399330533,21,909.0
5155.0,19,310.0,4.696969696969697,5.514394401231555,10,486.0,0.3302467142983027,9,301.0,0.19335992077067782,19,787.0
5160.0,25,213.0,3.276923076923077,4.938959595840307,12,404.0,0.18959541187080223,13,257.0,0.21964139850584602,25,661.0
5165.0,30,272.0,4.459016393442623,4.1322575751880555,16,448.0,0.20067643296843587,14,288.0,0.26939119193601196,30,736.0
5170.0,28,366.0,6.1,4.144412332718374,19,503.0,0.10254442293755965,9,278.0,0.34406460774453956,28,781.0
5175.0,27,371.0,5.888888888888889,5.1445880945917954,17,526.0,0.1881542174213818,10,264.0,0.4111242365890407,27,790.0
5180.0,19,263.0,4.109375,5.804243296853917,8,466.0,0.3181259271751476,11,239.0,0.3278939115270592,19,705.0
5185.0,20,273.0,4.475409836065574,5.27261174925845,5,376.0,0.47073900053794654,15,274.0,0.1725510599271175,20,650.0
5190.0,25,303.0,5.224137931034483,4.933340590919067,12,284.0,0.2999176157621647,13,305.0,0.2060288213702036,25,589.0
5195.0,25,283.0,4.716666666666667,3.981558131655548,12,283.0,0.20120213030085637,13,276.0,0.23779847863977746,25,559.0
5200.0,22,341.0,5.590163934426229,5.633587957662464,8,233.0,0.34663945193137863,14,311.0,0.24808882862618242,22,544.0
5205.0,23,361.0,5.82258064516129,5.2724701929775195,8,230.0,0.3576845720293132,15,294.0,0.19258509727503492,23,524.0
5210.0,28,436.0,6.707692307692308,5.4092454475025935,14,289.0,0.31818839082567035,14,306.0,0.29711077692907895,28,595.0
5215.0,30,498.0,7.545454545454546,4.771020676571268,16,338.0,0.26865443626644925,14,323.0,0.3120143432406233,30,661.0
5220.0,22,497.0,7.53030303030303,5.017016530053675,9,351.0,0.30597467831065717,13,321.0,0.33012995673410017,22,672.0
5225.0,19,392.0,5.6,5.006527535508655,8,324.0,0.2815605947109034,11,311.0,0.3601230104580733,19,635.0
5230.0,26,366.0,5.083333333333333,5.139344339909673,13,352.0,0.1267444897890919,13,244.0,0.404216873132538,26,596.0
5235.0,33,455.0,6.408450704225352,4.652025934734501,17,403.0,0.05439596288498252,16,277.0,0.3713091959949268,33,680.0
5240.0,29,518.0,7.617647058823529,4.949140258639851,10,417.0,0.22199728080790593,19,323.0,0.23835639548956528,29,740.0
5245.0,28,298.0,4.584615384615384,4.119687658239171,5,240.0,0.3116790262438829,23,382.0,0.09714573662722142,28,622.0
5250.0,29,329.0,5.140625,4.639459760107138,7,144.0,0.3356177507138643,22,446.0,0.16878202119818556,29,590.0
5255.0,28,376.0,5.875,4.308854926175816,9,156.0,0.3422144587488154,19,459.0,0.2189828154489285,28,615.0
5260.0,19,366.0,5.71875,5.543392126780397,3,121.0,0.45373209049048296,16,431.0,0.2501169158755804,19,552.0
5265.0,20,305.0,4.552238805970149,5.137859621821646,4,114.0,0.3776064043598716,16,436.0,0.1915646096862995,20,550.0
5270.0,27,267.0,4.107692307692307,5.201575959233136,13,159.0,0.2764894084205598,14,376.0,0.21935654360833037,27,535.0
5275.0,29,344.0,5.4603174603174605,4.791654302184913,11,184.0,0.26780269152659675,18,422.0,0.19259161984061735,29,606.0
5280.0,27,368.0,6.133333333333334,4.213866346683996,6,157.0,0.25134752368501134,21,447.0,0.142303452371343,27,604.0
5285.0,25,376.0,6.482758620689655,4.4131817490462195,5,102.0,0.42194832742615307,20,496.0,0.11293454397915205,25,598.0
5290.0,26,471.0,8.263157894736842,4.8410879660201,8,119.0,0.36437853606968745,18,505.0,0.1957577657639484,26,624.0
5295.0,22,458.0,7.762711864406779,4.9267658526429905,7,130.0,0.39177320074040944,15,506.0,0.24639139279060826,22,636.0
5300.0,14,314.0,5.147540983606557,6.74702771739642,3,110.0,0.40444831396796016,11,434.0,0.3830546939849648,14,544.0
5305.0,13,250.0,4.310344827586207,6.5233603291860955,4,115.0,0.43173825366528057,9,403.0,0.301974561116022,13,518.0
5310.0,18,170.0,2.982456140350877,5.416261192092669,4,55.0,0.350929830139969,14,344.0,0.12226425592286791,18,399.0
5315.0,25,260.0,5.0,4.576648825018134,7,79.0,0.4177143126869058,18,368.0,0.15628694950565147,25,447.0
5320.0,18,254.0,5.08,5.695723860908824,5,61.0,0.403114137067821,13,321.0,0.290050110318416,18,382.0
5325.0,18,242.0,5.377777777777778,5.276018091142719,8,86.0,0.2771204742895317,10,293.0,0.34096504414847173,18,379.0
5330.0,19,244.0,4.88,5.451135824054288,7,91.0,0.26752167238070973,12,266.0,0.32548532493136334,19,357.0
5335.0,17,180.0,3.5294117647058822,6.5484873812725946,5,78.0,0.5887805160198167,12,247.0,0.22488879784404833,17,325.0
5340.0,17,193.0,3.641509433962264,6.864598162533436,3,69.0,0.6388186887198277,14,221.0,0.26094698599831506,17,290.0
5345.0,15,195.0,3.5454545454545454,7.128868569555259,2,45.0,0.6920655053343528,13,242.0,0.28046509191405034,15,287.0
5350.0,17,226.0,4.52,6.905432215838764,7,69.0,0.5241343814266988,10,215.0,0.4093743583518441,17,284.0
5355.0,19,207.0,4.404255319148936,5.520894322870023,8,72.0,0.38483172083950945,11,206.0,0.35439271363071406,19,278.0
5360.0,18,226.0,5.022222222222222,5.347358555243423,10,104.0,0.25209481456041094,8,196.0,0.38785423797332863,18,300.0
5365.0,18,184.0,4.0,4.895625177384586,11,132.0,0.2735455310502253,7,185.0,0.3340203288541198,18,317.0
5370.0,17,180.0,4.090909090909091,6.290423818593831,8,134.0,0.4171062233236742,9,145.0,0.3154812677612173,17,279.0
5375.0,16,169.0,3.840909090909091,5.453587126254561,9,141.0,0.3408917852068777,7,148.0,0.24520203838828986,16,289.0
5380.0,17,246.0,5.3478260869565215,6.213323935381845,10,171.0,0.3608570334480508,7,166.0,0.2159674603526583,17,337.0
5385.0,16,174.0,4.046511627906977,5.634696049730854,8,131.0,0.23956568366674205,8,163.0,0.3775742753695123,16,294.0
5390.0,17,253.0,6.023809523809524,6.468690385147554,10,149.0,0.21306225284676647,7,162.0,0.5259006269590197,17,311.0
5395.0,13,180.0,4.186046511627907,5.4305170703871175,9,150.0,0.24626607991665853,4,132.0,0.41970462103361733,13,282.0
5400.0,14,210.0,4.7727272727272725,6.738400598707662,7,139.0,0.4225156906297321,7,132.0,0.46433642746947207,14,271.0
5405.0,11,183.0,3.9782608695652173,6.975572335563694,5,136.0,0.4998478820548805,6,141.0,0.4488956805159505,11,277.0
5410.0,11,204.0,4.25,8.648093416143574,7,143.0,0.4649755626902239,4,126.0,0.6148137724922059,11,269.0
5415.0,9,55.0,1.2222222222222223,7.143970826499977,6,78.0,0.42242021079917647,3,75.0,0.49750423420119366,9,153.0
5420.0,15,95.0,2.0652173913043477,7.2398757160311025,8,91.0,0.39446861267718325,7,41.0,0.40460667350791296,15,132.0
5425.0,12,75.0,1.6666666666666667,5.372313460126675,5,75.0,0.3400788452082646,7,58.0,0.3718346173651889,12,133.0
5430.0,13,101.0,2.1956521739130435,6.8708951793043465,5,51.0,0.3576910317654205,8,72.0,0.43972044124252463,13,123.0
5435.0,12,109.0,2.2244897959183674,6.831943830671435,6,69.0,0.281044644654062,6,85.0,0.5072890443760142,12,154.0
5440.0,15,170.0,3.207547169811321,7.251486048027683,8,102.0,0.4052233197544738,7,96.0,0.4663281892816389,15,198.0
5445.0,14,168.0,3.36,7.148016376290459,6,109.0,0.47304525743026,8,104.0,0.45195694045719204,14,213.0
5450.0,13,215.0,4.574468085106383,6.775705600737092,5,109.0,0.5353255368697424,8,121.0,0.2942026984232626,13,230.0
5455.0,17,143.0,2.803921568627451,5.50368101779633,7,99.0,0.389818378245053,10,98.0,0.18615879776091315,17,197.0
5460.0,20,225.0,4.166666666666667,6.901874178320976,8,103.0,0.42026157690741783,12,140.0,0.3839420812733483,20,243.0
5465.0,16,202.0,3.8846153846153846,6.136773239027717,8,129.0,0.41512252110587416,8,145.0,0.40669004347679755,16,274.0
5470.0,19,261.0,4.9245283018867925,6.462379597035084,11,150.0,0.39092640524652994,8,131.0,0.39167448794975657,19,281.0
5475.0,14,189.0,3.5660377358490565,5.470742421815685,9,168.0,0.2495147151192457,5,111.0,0.40817628288454905,14,279.0
5480.0,16,186.0,3.206896551724138,6.647496707560939,9,163.0,0.3130729793495529,7,68.0,0.4899642127937258,16,231.0
5485.0,17,125.0,2.232142857142857,6.31829433828122,9,126.0,0.3997086873569851,8,90.0,0.3615320883578523,17,216.0
5490.0,22,204.0,3.5172413793103448,6.568423816409378,11,130.0,0.3984423902300709,11,122.0,0.3329595096658362,22,252.0
5495.0,24,238.0,4.25,5.415289770781824,14,178.0,0.3227511090476207,10,149.0,0.25488286951346845,24,327.0
5500.0,23,258.0,4.6909090909090905,4.867412489775488,15,216.0,0.25253933694228453,8,136.0,0.33858005631691623,23,352.0
5505.0,24,251.0,4.4035087719298245,4.2355110774830145,17,252.0,0.18945830376706393,7,133.0,0.3256653809345326,24,385.0
5510.0,17,211.0,3.7017543859649122,6.345984441376937,9,213.0,0.3779560553918207,8,138.0,0.4351392088741623,17,351.0
5515.0,17,171.0,2.8983050847457625,5.615119319859559,10,226.0,0.34798421201744095,7,119.0,0.3715457723158654,17,345.0
5520.0,22,252.0,4.2,6.071882770770845,14,275.0,0.35153730322348653,8,134.0,0.4257181468918586,22,409.0
5525.0,26,278.0,4.276923076923077,5.039103744168978,18,312.0,0.27386975291334387,8,125.0,0.33142758527431204,26,437.0
5530.0,19,322.0,5.366666666666666,5.576657639577318,12,314.0,0.25962415495739116,7,112.0,0.32782045531770326,19,426.0
5535.0,19,225.0,3.8135593220338984,5.406275208888581,12,299.0,0.25156805178325375,7,72.0,0.2253737843287946,19,371.0
5540.0,29,289.0,4.982758620689655,4.536702749327653,20,315.0,0.16434911900278681,9,91.0,0.28413433338312905,29,406.0
5545.0,26,299.0,5.4363636363636365,4.404187088495428,21,353.0,0.19076079949136995,5,108.0,0.42603308733583295,26,461.0
5550.0,23,349.0,6.12280701754386,6.361926028489188,18,334.0,0.22395002628584743,5,109.0,0.5957390817818022,23,443.0
5555.0,20,331.0,5.610169491525424,5.989388672632084,17,368.0,0.11832507786691325,3,75.0,0.6433708999368023,20,443.0
5560.0,19,300.0,5.172413793103448,6.809358487254384,14,358.0,0.24732006621967045,5,96.0,0.5646481249702814,19,454.0
5565.0,17,172.0,2.9655172413793105,6.092443399739784,11,327.0,0.38174435566590376,6,83.0,0.346974065182928,17,410.0
5570.0,24,239.0,3.918032786885246,6.316997319858029,16,292.0,0.3842036263354657,8,91.0,0.3917887952839341,24,383.0
5575.0,24,289.0,4.816666666666666,5.323977991400622,15,321.0,0.303518996275199,9,134.0,0.4485172137773567,24,455.0
5580.0,25,336.0,5.694915254237288,4.844276296055117,19,355.0,0.24164958179165266,6,141.0,0.487229934290388,25,496.0
5585.0,27,367.0,5.919354838709677,4.897917961570234,20,367.0,0.19977288858492773,7,148.0,0.4818224634193759,27,515.0
5590.0,29,360.0,5.625,4.499307701537173,21,411.0,0.11661365226790664,8,121.0,0.38906524836512146,29,532.0
5595.0,34,419.0,6.348484848484849,4.757603874020502,22,444.0,0.15086651973828819,12,133.0,0.4354632199382136,34,577.0
5600.0,23,299.0,4.53030303030303,4.4201652389151525,13,379.0,0.22434582816212845,10,171.0,0.2817627210433292,23,550.0
5605.0,19,307.0,4.873015873015873,5.711025166561674,9,318.0,0.30117816271478204,10,191.0,0.32484594604717226,19,509.0
5610.0,16,266.0,4.290322580645161,5.337426820667639,8,327.0,0.23552358575357674,8,187.0,0.27738154346996724,16,514.0
5615.0,24,343.0,5.532258064516129,4.8398575595338915,13,349.0,0.14607965518618166,11,187.0,0.2425247735401229,24,536.0
5620.0,30,311.0,5.271186440677966,4.6369016516040915,18,374.0,0.22915437368337613,12,147.0,0.22048165632424727,30,521.0
5625.0,20,360.0,6.545454545454546,5.22162651337619,9,344.0,0.3121796916346419,11,155.0,0.1859758711210492,20,499.0
5630.0,15,281.0,5.109090909090909,5.522128147667248,5,304.0,0.3426531856378575,10,181.0,0.23617004693577093,15,485.0
5635.0,22,344.0,6.37037037037037,5.1593035327314105,12,282.0,0.2423727446592002,10,205.0,0.2545166604740979,22,487.0
5640.0,24,321.0,6.294117647058823,3.7096305520042643,17,305.0,0.1759089752796868,7,187.0,0.24993131589862347,24,492.0
5645.0,15,278.0,5.245283018867925,5.571730555881946,11,291.0,0.212744120562739,4,110.0,0.3697933264135728,15,401.0
5650.0,10,135.0,2.4545454545454546,6.56927881676839,6,181.0,0.256253060624014,4,96.0,0.538778486815956,10,277.0
5655.0,13,158.0,2.5901639344262297,7.725739215679451,11,161.0,0.3458169120631384,2,103.0,0.659309835860918,13,264.0
5660.0,18,214.0,3.754385964912281,7.225023063290421,14,197.0,0.32236800756830464,4,106.0,0.6984740395556117,18,303.0
5665.0,13,229.0,4.2407407407407405,6.95513877189227,7,183.0,0.41406490495131587,6,128.0,0.532668480327677,13,311.0
5670.0,12,91.0,1.6545454545454545,5.002887428353189,5,146.0,0.3412661615510653,7,94.0,0.1911334701659465,12,240.0
5675.0,26,180.0,3.103448275862069,5.054654673650239,13,144.0,0.2777069388886097,13,103.0,0.2795851865328058,26,247.0
5680.0,24,181.0,3.290909090909091,4.637320834721646,15,166.0,0.25509429412574325,9,118.0,0.3519613503442312,24,284.0
5685.0,23,237.0,4.74,5.343363255336203,16,221.0,0.2138736305268978,7,109.0,0.4948483430140109,23,330.0
5690.0,20,223.0,4.372549019607843,3.8965560042866736,15,245.0,0.10209811935530877,5,92.0,0.33211138660110673,20,337.0
5695.0,19,188.0,3.6862745098039214,5.060470769171952,10,201.0,0.20936247418374054,9,109.0,0.2697495929380706,19,310.0
5700.0,16,143.0,2.75,5.771716619512132,9,220.0,0.3214088770985388,7,94.0,0.3286865462274888,16,314.0
5705.0,23,231.0,4.529411764705882,5.2889902387222065,14,261.0,0.3258271013845579,9,105.0,0.3103122773037992,23,366.0
5710.0,20,252.0,5.04,5.285439821872809,14,281.0,0.28570253620652497,6,110.0,0.4988128729395187,20,391.0
5715.0,14,249.0,4.882352941176471,5.752734957743834,9,241.0,0.2458297784717649,5,83.0,0.5308735174906997,14,324.0
5720.0,13,175.0,3.3653846153846154,6.079921946130455,9,238.0,0.22034816390928133,4,79.0,0.47689319356187426,13,317.0
5725.0,23,234.0,4.415094339622642,5.374737664870968,15,279.0,0.17169100132809148,8,53.0,0.27495793607407354,23,332.0
5730.0,20,267.0,5.34,5.6471245489502,14,307.0,0.28740331117125006,6,54.0,0.4352649658183004,20,361.0
5735.0,15,282.0,5.875,6.748066458245067,8,280.0,0.3785198651545645,7,75.0,0.4900159735456502,15,355.0
5740.0,14,189.0,3.78,6.127477153544304,8,225.0,0.3697349438492429,6,95.0,0.3603146637248291,14,320.0
5745.0,22,191.0,3.7450980392156863,5.9325881130787375,13,164.0,0.30805505572168806,9,116.0,0.33986243090398194,22,280.0
5750.0,19,186.0,3.6470588235294117,4.852901584883056,13,193.0,0.3377776673979005,6,101.0,0.2777558593560944,19,294.0
5755.0,16,196.0,4.083333333333333,5.985877814887549,9,187.0,0.3110855595242398,7,77.0,0.41884033596068415,16,264.0
5760.0,15,173.0,3.392156862745098,5.0220561340613274,11,187.0,0.18031856316573397,4,88.0,0.35506083493976875,15,275.0
5765.0,18,216.0,3.7241379310344827,6.435104045751374,11,205.0,0.25863850339767763,7,108.0,0.4648098817254562,18,313.0
5770.0,18,152.0,2.6206896551724137,6.705200510954219,10,192.0,0.30947449027236956,8,109.0,0.5635895650938597,18,301.0
5775.0,20,240.0,4.285714285714286,6.4171606612986025,13,227.0,0.3299088293551727,7,119.0,0.5486631607772139,20,346.0
5780.0,23,210.0,3.6206896551724137,4.216190134500509,13,243.0,0.31832717774906494,10,110.0,0.2657267284052637,23,353.0
5785.0,20,209.0,3.4833333333333334,5.981886684061281,10,212.0,0.40898516411391017,10,103.0,0.29962906049872035,20,315.0
5790.0,22,209.0,3.542372881355932,5.075371117332268,12,240.0,0.22253030591473927,10,100.0,0.22327182081194666,22,340.0
5795.0,30,251.0,4.254237288135593,4.587755878743579,17,270.0,0.16875628981328075,13,145.0,0.2151537751369663,30,415.0
5800.0,24,300.0,5.0,4.935780418278795,12,284.0,0.2874524618938448,12,190.0,0.3150173849649356,24,474.0
5805.0,22,363.0,6.1525423728813555,5.5518181610636805,11,287.0,0.28696876334427124,11,211.0,0.3517860682725957,22,498.0
5810.0,21,271.0,4.370967741935484,5.073145281407585,13,238.0,0.25273008740181735,8,202.0,0.2545243196367036,21,440.0
5815.0,31,359.0,5.523076923076923,5.327954788225074,16,275.0,0.2996831383075147,15,227.0,0.15280581925828846,31,502.0
5820.0,27,341.0,5.412698412698413,5.077050809021189,16,332.0,0.3018067227555221,11,214.0,0.3308223866886458,27,546.0
5825.0,28,443.0,6.921875,5.852674997041548,17,376.0,0.3104807068130381,11,213.0,0.4019896282524827,28,589.0
5830.0,24,411.0,6.421875,5.464331252209004,14,366.0,0.3342678023805261,10,225.0,0.2683407225669752,24,591.0
5835.0,23,478.0,7.46875,6.130498962434359,16,422.0,0.24954564317539554,7,203.0,0.42317332331139407,23,625.0
5840.0,29,392.0,5.9393939393939394,4.59749158148605,21,459.0,0.07246230277086817,8,156.0,0.4215360233761565,29,615.0
5845.0,30,330.0,5.0,5.175470810470254,20,464.0,0.20391224775674002,10,102.0,0.41482758009980003,30,566.0
5850.0,27,347.0,5.102941176470588,5.096952822417427,15,458.0,0.336742855099168,12,128.0,0.318972281267931,27,586.0
5855.0,25,373.0,5.253521126760563,5.022225702753576,12,462.0,0.3281060177209497,13,165.0,0.35115988297360434,25,627.0
5860.0,27,369.0,5.125,4.98191386413374,14,419.0,0.32739369662317686,13,192.0,0.2878852597722237,27,611.0
5865.0,29,278.0,3.7066666666666666,4.173498929421954,19,428.0,0.15730705389348554,10,176.0,0.29585081833885535,29,604.0
5870.0,26,287.0,3.8266666666666667,4.951239273699663,17,388.0,0.1556757391840162,9,168.0,0.27472566674859383,26,556.0
5875.0,25,332.0,4.486486486486487,5.722107103411958,17,425.0,0.20330109653176692,8,177.0,0.3620784334719362,25,602.0
5880.0,29,409.0,5.927536231884058,4.783197441637553,19,482.0,0.12471699024039787,10,197.0,0.30688997668165374,29,679.0
5885.0,37,539.0,8.166666666666666,4.1876142700384085,22,547.0,0.11609139472376107,15,235.0,0.3130059413189003,37,782.0
5890.0,32,637.0,10.11111111111111,3.8935801689204252,18,576.0,0.1929294746394701,14,289.0,0.22930968996979428,32,865.0
5895.0,24,613.0,9.287878787878787,4.943238287765024,16,551.0,0.2525137336477496,8,303.0,0.2327691730971424,24,854.0
5900.0,20,462.0,6.895522388059701,5.759736266470481,14,482.0,0.26698243306151487,6,281.0,0.3322866364485935,20,763.0
5905.0,25,423.0,6.313432835820896,4.963693430502782,13,441.0,0.2738103530651717,12,288.0,0.2854172911617418,25,729.0
5910.0,27,372.0,5.636363636363637,4.303816411379033,11,394.0,0.3221555499549685,16,331.0,0.2174933831492049,27,725.0
5915.0,27,431.0,6.53030303030303,4.507786464509257,15,388.0,0.27798865816151536,12,335.0,0.24470945541452901,27,723.0
5920.0,21,225.0,3.409090909090909,4.687014881222238,14,405.0,0.1689145349333842,7,221.0,0.3222657649517181,21,626.0
5925.0,29,266.0,4.092307692307692,4.767891685962462,15,399.0,0.16588959620054824,14,176.0,0.2093238415083687,29,575.0
5930.0,28,334.0,5.387096774193548,4.498608073756166,12,374.0,0.2458804896792063,16,223.0,0.12690627916678812,28,597.0
5935.0,22,330.0,5.238095238095238,5.3737802086175686,11,325.0,0.2781277150449928,11,245.0,0.21549109800456603,22,570.0
5940.0,21,334.0,5.859649122807017,5.5417098580545865,10,289.0,0.27925650458852624,11,255.0,0.3095685313144948,21,544.0
5945.0,21,333.0,5.741379310344827,5.097312424478676,9,318.0,0.25970230362452296,12,247.0,0.2899610382920588,21,565.0
5950.0,23,367.0,6.43859649122807,4.617167005687439,10,325.0,0.2952194454012516,13,272.0,0.2197872201824975,23,597.0
5955.0,16,272.0,5.037037037037037,5.801190318740965,7,255.0,0.274964019877816,9,262.0,0.31388547480969137,16,517.0
5960.0,21,370.0,6.607142857142857,6.491855118881639,11,272.0,0.2363238574982168,10,286.0,0.37435515303212197,21,558.0
5965.0,22,326.0,5.927272727272728,5.548221515640962,12,276.0,0.20072115772108928,10,262.0,0.2528325917236408,22,538.0
5970.0,23,337.0,6.3584905660377355,5.237277813349887,9,243.0,0.20078670896912995,14,229.0,0.28693877058840966,23,472.0
5975.0,22,266.0,4.925925925925926,5.544198657835646,8,191.0,0.24996759025499424,14,259.0,0.34080480922964845,22,450.0
5980.0,25,365.0,6.517857142857143,5.964400792298169,10,224.0,0.42655822867329996,15,291.0,0.36215695859221303,25,515.0
5985.0,26,343.0,6.236363636363636,4.704583706403986,8,208.0,0.3703656862150022,18,335.0,0.29863414016998097,26,543.0
5990.0,16,293.0,5.232142857142857,5.423036453558514,5,167.0,0.4098186647926782,11,330.0,0.2789003520597675,16,497.0
5995.0,20,259.0,4.543859649122807,4.703620671507614,6,144.0,0.2673372781413427,14,329.0,0.20525220539807099,20,473.0
6000.0,29,223.0,3.912280701754386,4.888441614229329,11,137.0,0.26799396001872416,18,308.0,0.20049896620710353,29,445.0
6005.0,25,280.0,5.0,4.689940863276514,8,158.0,0.3546469699773765,17,329.0,0.25605816284415855,25,487.0
6010.0,28,372.0,6.526315789473684,4.443206935312736,10,198.0,0.45200730027384595,18,388.0,0.21523894683981212,28,586.0
6015.0,28,393.0,6.55,4.2064169129172795,8,180.0,0.4306769142232995,20,445.0,0.21086225444364196,28,625.0
6020.0,25,390.0,6.5,4.755872322710871,4,146.0,0.49127436931297674,21,480.0,0.22000838244307752,25,626.0
6025.0,21,241.0,4.016666666666667,4.21588988974585,6,88.0,0.19587901666595042,15,450.0,0.19268792803401466,21,538.0
6030.0,27,338.0,5.540983606557377,4.906372608988302,11,100.0,0.17043000329632674,16,462.0,0.19879456190921777,27,562.0
6035.0,25,417.0,6.95,5.0604059016104594,8,121.0,0.3086156501246473,17,494.0,0.21441416648885442,25,615.0
6040.0,23,344.0,5.639344262295082,5.705296925901994,5,99.0,0.518707242182721,18,493.0,0.20852502596214267,23,592.0
6045.0,23,351.0,6.267857142857143,5.354229229148751,2,57.0,0.6219643470691288,21,508.0,0.13252981320885127,23,565.0
6050.0,28,421.0,7.385964912280702,5.377978338759121,5,47.0,0.6619761028469933,23,563.0,0.09361498377691488,28,610.0
6055.0,19,397.0,7.634615384615385,5.231838533890415,5,43.0,0.46355957458314073,14,556.0,0.21431361765796522,19,599.0
6060.0,20,345.0,6.634615384615385,4.323087765303972,8,73.0,0.24393460361881325,12,480.0,0.27181875204961,20,553.0
6065.0,21,227.0,4.283018867924528,4.930904222818104,10,98.0,0.24936503803310922,11,403.0,0.34276678226585067,21,501.0
6070.0,20,222.0,4.352941176470588,5.494728848563576,6,90.0,0.4514079220292915,14,413.0,0.27771881274926785,20,503.0
6075.0,19,213.0,3.9444444444444446,5.63204376833486,4,64.0,0.4377672024748761,15,426.0,0.23064990287143852,19,490.0
6080.0,27,237.0,4.086206896551724,5.646132192181441,9,73.0,0.3539905409621202,18,450.0,0.3287287230830423,27,523.0
6085.0,22,322.0,5.278688524590164,6.077620970279213,6,93.0,0.34059156161009474,16,480.0,0.4489285866663785,22,573.0
6090.0,21,309.0,5.327586206896552,5.615514896542371,6,89.0,0.5016125412651701,15,477.0,0.2913846291111684,21,566.0
6095.0,14,156.0,2.689655172413793,5.904637161322414,3,67.0,0.4442486382847308,11,423.0,0.23771523880103482,14,490.0
6100.0,18,169.0,2.9649122807017543,5.543467213797575,5,46.0,0.32138440254343154,13,371.0,0.21953286914715928,18,417.0
6105.0,22,174.0,2.9,5.410594216884113,5,43.0,0.22312896299002563,17,295.0,0.2781845258376316,22,338.0
6110.0,26,277.0,4.859649122807017,4.902782662999216,8,83.0,0.4118323860089327,18,327.0,0.2377379753054305,26,410.0
6115.0,19,292.0,5.214285714285714,5.414490302667484,4,77.0,0.43437687869088953,15,319.0,0.265802424959622,19,396.0
6120.0,15,272.0,5.037037037037037,6.192860130416262,3,38.0,0.5737549588874812,12,321.0,0.21762211725055428,15,359.0
6125.0,21,294.0,5.25,5.366510598673708,4,20.0,0.4499602779248369,17,334.0,0.11977906902739384,21,354.0
6130.0,25,302.0,5.392857142857143,6.0397697369337795,6,47.0,0.5967051279121358,19,358.0,0.1755902349452544,25,405.0
6135.0,21,264.0,4.888888888888889,5.967903824277081,7,82.0,0.5292037139308507,14,361.0,0.2201565767248621,21,443.0
6140.0,18,258.0,4.607142857142857,5.285192488796824,6,90.0,0.4388199823615147,12,386.0,0.24469774936806385,18,476.0
6145.0,16,235.0,4.051724137931035,5.782043443742168,6,88.0,0.4237390778969465,10,365.0,0.26596186848867726,16,453.0
6150.0,19,205.0,3.4166666666666665,5.335283737189812,8,86.0,0.30216239347453255,11,358.0,0.258393367983837,19,444.0
6155.0,25,228.0,3.6774193548387095,5.7182339634897,12,132.0,0.2538848328705729,13,337.0,0.3212539193462741,25,469.0
6160.0,27,281.0,4.60655737704918,4.4314481588201,11,177.0,0.29564133757663974,16,342.0,0.22363596966538235,27,519.0
6165.0,21,300.0,5.0,5.4103862995467615,7,188.0,0.44116511903906047,14,315.0,0.215418956161233,21,503.0
6170.0,20,216.0,3.540983606557377,4.897132026786869,7,140.0,0.37720280077049173,13,319.0,0.19300138507938275,20,459.0
6175.0,21,181.0,2.9672131147540983,5.118031516571311,13,144.0,0.24381123442320504,8,285.0,0.21707112312124444,21,429.0
6180.0,24,238.0,3.966666666666667,4.632712329571103,13,179.0,0.14451201001447195,11,298.0,0.23044779786540354,24,477.0
6185.0,21,272.0,4.771929824561403,5.117078713130782,7,181.0,0.24672506055049842,14,325.0,0.17785116564151632,21,506.0
6190.0,22,252.0,4.666666666666667,4.028319433233007,10,173.0,0.23239365316671745,12,337.0,0.13427143354126955,22,510.0
6195.0,20,251.0,4.4035087719298245,5.478670260642529,10,149.0,0.25506940220079166,10,295.0,0.25991047593952077,20,444.0
6200.0,21,312.0,5.672727272727273,5.444438969861792,11,173.0,0.22225380300664024,10,329.0,0.3006502807345316,21,502.0
6205.0,19,358.0,6.62962962962963,5.971617618471431,7,149.0,0.3477216421706753,12,359.0,0.26873810631619577,19,508.0
6210.0,21,334.0,6.549019607843137,4.9808117302174475,8,114.0,0.31348385801362905,13,375.0,0.1947861576331832,21,489.0
6215.0,20,404.0,7.921568627450981,5.983106546031498,9,129.0,0.24362916218868422,11,383.0,0.29622613148675964,20,512.0
6220.0,18,323.0,6.591836734693878,5.2866709928326365,8,129.0,0.09661232318409982,10,337.0,0.3034910561469612,18,466.0
6225.0,23,351.0,6.75,5.75496523140858,10,133.0,0.2850502263997314,13,272.0,0.3119972781494977,23,405.0
6230.0,21,353.0,7.06,5.284237510149273,6,129.0,0.48613637720514824,15,303.0,0.258829351449873,21,432.0
6235.0,17,392.0,7.84,6.150342511476725,4,109.0,0.5836088248455072,13,339.0,0.261147312855341,17,448.0
6240.0,17,318.0,6.115384615384615,5.60304207620339,7,92.0,0.4849953813007908,10,354.0,0.24240803598422878,17,446.0
6245.0,17,338.0,6.377358490566038,5.797879038999616,6,67.0,0.3515098069444108,11,345.0,0.29922089076116726,17,412.0
6250.0,16,163.0,3.1346153846153846,5.805649130929217,6,77.0,0.3032256666249742,10,236.0,0.34712013052449425,16,313.0
6255.0,19,210.0,3.888888888888889,6.410824906583891,6,94.0,0.4239389743576477,13,168.0,0.2567723322803,19,262.0
6260.0,18,222.0,3.8947368421052633,6.2816001612478,5,84.0,0.5697707466537056,13,211.0,0.1513697816904457,18,295.0
6265.0,16,269.0,4.890909090909091,7.333032760884518,6,96.0,0.6659019546947255,10,231.0,0.17882654011809124,16,327.0
6270.0,14,204.0,4.0,6.590557969681882,6,76.0,0.45382372280547884,8,192.0,0.3806765897538784,14,268.0
6275.0,21,247.0,4.94,5.390377652704827,12,76.0,0.16618113071209809,9,225.0,0.45944915926604524,21,301.0
6280.0,24,255.0,5.0,4.466662129973933,14,123.0,0.16843750470968574,10,225.0,0.3869404851616572,24,348.0
6285.0,23,251.0,4.826923076923077,4.577806513980715,12,172.0,0.3226708160590308,11,193.0,0.22076603327028918,23,365.0
6290.0,21,233.0,4.236363636363636,4.6714791024352325,10,183.0,0.4007614928955336,11,215.0,0.19605193059959455,21,398.0
6295.0,15,185.0,3.189655172413793,6.143059073998096,5,146.0,0.40970274574926946,10,217.0,0.2540524720588828,15,363.0
6300.0,14,121.0,1.9516129032258065,5.768680966160583,6,130.0,0.3169760144391077,8,199.0,0.1911161194091949,14,329.0
6305.0,23,208.0,3.3548387096774195,6.145809968940261,12,156.0,0.3528500139268978,11,234.0,0.24745121945231907,23,390.0
6310.0,24,258.0,4.229508196721311,5.971702285242857,12,175.0,0.41264161650595244,12,238.0,0.2832288926255802,24,413.0
6315.0,20,286.0,4.688524590163935,5.966516964932947,10,170.0,0.3424889621936802,10,220.0,0.37185171432234315,20,390.0
6320.0,22,306.0,4.935483870967742,5.039690805377363,12,211.0,0.23045878885919144,10,225.0,0.33965562499960583,22,436.0
6325.0,21,325.0,5.078125,6.089794447805821,15,256.0,0.24057990133065965,6,173.0,0.3979142612576952,21,429.0
6330.0,21,378.0,6.19672131147541,4.813112875601916,13,301.0,0.14874888083290075,8,183.0,0.2895042669996235,21,484.0
6335.0,26,473.0,8.298245614035087,4.460563644381955,13,329.0,0.1461853165600467,13,222.0,0.22101946044722726,26,551.0
6340.0,28,453.0,7.810344827586207,4.337487811356085,16,308.0,0.2287804583875611,12,251.0,0.20313668397756002,28,559.0
6345.0,23,492.0,8.631578947368421,5.730901374798065,15,316.0,0.2881211225120194,8,240.0,0.37554314148220996,23,556.0
6350.0,19,235.0,4.607843137254902,4.942894448529189,14,283.0,0.15237191051135934,5,123.0,0.4497403374106136,19,406.0
6355.0,27,336.0,6.588235294117647,5.073462749211833,18,297.0,0.17522816200024868,9,104.0,0.3572945251701592,27,401.0
6360.0,25,335.0,6.320754716981132,4.723014171384622,15,335.0,0.24435687029104666,10,99.0,0.2698884782682325,25,434.0
6365.0,24,409.0,7.4363636363636365,5.487354668821237,11,343.0,0.32125979765042567,13,149.0,0.26519771193212943,24,492.0
6370.0,20,368.0,6.943396226415095,5.351469505609224,10,333.0,0.3632295637548341,10,170.0,0.2713258371625721,20,503.0
6375.0,14,219.0,3.981818181818182,6.325596063047822,9,291.0,0.3332651714288642,5,149.0,0.38156106883953655,14,440.0
6380.0,18,234.0,4.588235294117647,4.395279985170315,12,324.0,0.1296826317706431,6,139.0,0.3819932345615212,18,463.0
6385.0,25,315.0,6.176470588235294,4.340529599537282,14,364.0,0.13132864576742975,11,186.0,0.34357221780617053,25,550.0
6390.0,23,208.0,3.7818181818181817,3.8994468593267997,11,366.0,0.19524220581003798,12,155.0,0.217088144838286,23,521.0
6395.0,28,295.0,5.462962962962963,4.696244848944112,12,343.0,0.2654463799503341,16,183.0,0.20573364758286566,28,526.0
6400.0,27,327.0,5.945454545454545,4.913592975592606,14,350.0,0.271801818034687,13,204.0,0.29215082307516516,27,554.0
6405.0,19,279.0,4.810344827586207,5.658871804646961,12,293.0,0.28021726312159945,7,171.0,0.3034026365470818,19,464.0
6410.0,20,248.0,4.133333333333334,5.5286302741731514,12,318.0,0.3056161348418972,8,161.0,0.2977806646311476,20,479.0
6415.0,18,243.0,3.9836065573770494,6.476526655061134,9,314.0,0.3554241283945668,9,140.0,0.34323167397486415,18,454.0
6420.0,19,147.0,2.4098360655737703,6.090429795965497,9,275.0,0.31742435803315294,10,147.0,0.32264502796590033,19,422.0
6425.0,17,172.0,2.774193548387097,7.332528808421367,12,243.0,0.3076305921218277,5,109.0,0.5202256094603788,17,352.0
6430.0,19,202.0,3.4827586206896552,6.218447972709293,11,228.0,0.2903589644562298,8,101.0,0.48044093463784016,19,329.0
6435.0,19,228.0,3.8,5.862139779851136,11,220.0,0.298348257373311,8,127.0,0.4005305054411637,19,347.0
6440.0,23,241.0,3.8870967741935485,4.98199442366438,9,218.0,0.27004387452762296,14,154.0,0.35406786950790314,23,372.0
6445.0,20,274.0,4.28125,6.056375923827051,11,174.0,0.2524805274605849,9,162.0,0.4155159812083644,20,336.0
6450.0,21,227.0,3.4923076923076923,5.565541416292259,10,153.0,0.27372143613797667,11,167.0,0.2754386022908034,21,320.0
6455.0,25,284.0,4.115942028985507,5.495640471518117,11,193.0,0.2937435230038589,14,199.0,0.2421038126006261,25,392.0
6460.0,26,349.0,5.369230769230769,5.128000304469678,11,218.0,0.2779781873246626,15,248.0,0.27147917719787984,26,466.0
6465.0,28,404.0,6.3125,5.44882159099271,11,206.0,0.28130406000325675,17,286.0,0.3063806440124614,28,492.0
6470.0,29,291.0,4.476923076923077,4.458001303680949,10,188.0,0.25524555432640555,19,265.0,0.24586169813317577,29,453.0
6475.0,32,370.0,5.4411764705882355,5.121317057700153,11,168.0,0.2956368300123667,21,334.0,0.3090913702122375,32,502.0
6480.0,29,334.0,4.840579710144928,4.506649383024848,9,169.0,0.38569613178341394,20,369.0,0.2674890078457325,29,538.0
6485.0,30,384.0,5.485714285714286,4.983939982607436,6,134.0,0.4526128732597853,24,419.0,0.25206537551095887,30,553.0
6490.0,33,371.0,5.225352112676056,4.340668058024108,6,103.0,0.41194621569336876,27,481.0,0.15493105405560487,33,584.0
6495.0,37,416.0,5.698630136986301,4.432234900889452,10,120.0,0.3994934827772563,27,528.0,0.1417620775089655,37,648.0
6500.0,36,466.0,6.297297297297297,4.1983558170336295,9,143.0,0.30086454690832715,27,596.0,0.19196966002953583,36,739.0
6505.0,30,379.0,5.191780821917808,4.2541059671660735,7,145.0,0.1950088432943573,23,595.0,0.1956761486248483,30,740.0
6510.0,26,386.0,5.287671232876712,5.007237408742518,7,134.0,0.24851968152518622,19,601.0,0.21325702918800632,26,735.0
6515.0,31,461.0,6.402777777777778,5.196235416369006,11,180.0,0.2156560656168103,20,634.0,0.24947163987194515,31,814.0
6520.0,31,462.0,6.416666666666667,4.555653781298843,9,207.0,0.29301100484778564,22,652.0,0.15547886718107973,31,859.0
6525.0,31,451.0,6.442857142857143,4.655621190870506,7,204.0,0.48801245404988125,24,688.0,0.10349341389860389,31,892.0
6530.0,32,533.0,7.838235294117647,5.315314632895554,6,237.0,0.5919562822517835,26,705.0,0.08976302179513274,32,942.0
6535.0,36,681.0,9.728571428571428,4.784227041497979,9,269.0,0.46018915645840663,27,799.0,0.10397804848040644,36,1068.0
6540.0,33,629.0,8.985714285714286,4.584809365685149,9,205.0,0.3703286832057923,24,853.0,0.19203417504543738,33,1058.0
6545.0,40,700.0,9.859154929577464,3.6367902255312297,16,187.0,0.3210563988530442,24,880.0,0.10744311073944669,40,1067.0
6550.0,34,581.0,8.420289855072463,4.002170548667133,14,220.0,0.24798879658482942,20,807.0,0.18283876300727478,34,1027.0
6555.0,26,618.0,9.088235294117647,4.605747058354661,9,211.0,0.15750024762335102,17,749.0,0.2207270082599424,26,960.0
6560.0,30,617.0,8.569444444444445,4.3554722318243515,10,173.0,0.1586658292435907,20,808.0,0.17832459062824718,30,981.0
6565.0,36,722.0,10.617647058823529,4.660474049867994,13,196.0,0.2538409590656631,23,866.0,0.215236852369774,36,1062.0
6570.0,36,805.0,12.578125,3.8431790830982413,13,227.0,0.325659921752458,23,911.0,0.20833024589960172,36,1138.0
6575.0,33,915.0,14.076923076923077,4.313988435691578,14,266.0,0.23414139242266965,19,923.0,0.24903089382408714,33,1189.0
6580.0,31,869.0,12.970149253731343,4.1722683967488825,12,270.0,0.22476534503313253,19,910.0,0.23091507851842122,31,1180.0
6585.0,27,864.0,11.675675675675675,5.4744115761214305,5,202.0,0.2622557987886054,22,949.0,0.30084683326071876,27,1151.0
6590.0,23,712.0,9.88888888888889,5.360026806021586,2,187.0,0.49211115990066745,21,915.0,0.1826729807099483,23,1102.0
6595.0,32,434.0,5.945205479452055,4.933123591945904,9,201.0,0.4149563204295254,23,795.0,0.11974134872423557,32,996.0
6600.0,31,287.0,3.8266666666666667,4.1547222664796335,11,190.0,0.33192107041789615,20,845.0,0.11259617703066646,31,1035.0
6605.0,19,179.0,2.557142857142857,4.406505169358681,9,161.0,0.2013395737125134,10,818.0,0.1879803274153179,19,979.0
6610.0,17,208.0,3.0588235294117645,5.396534345074148,7,140.0,0.2146173167296606,10,797.0,0.23507112468989722,17,937.0
6615.0,23,217.0,3.1911764705882355,4.904982349016018,7,113.0,0.22683608350008908,16,742.0,0.09505334470553181,23,855.0
6620.0,29,294.0,4.59375,4.5174592912821385,11,147.0,0.20648687315682374,18,629.0,0.1490683603422641,29,776.0
6625.0,28,377.0,6.283333333333333,4.472676075682878,13,186.0,0.27936604488540756,15,565.0,0.23288437693545155,28,751.0
6630.0,18,362.0,6.241379310344827,4.748254813902851,6,170.0,0.34842494450108713,12,575.0,0.22504863811853404,18,745.0
6635.0,17,308.0,5.5,4.595518312546665,6,148.0,0.31327775220756926,11,524.0,0.1732426287143696,17,672.0
6640.0,23,383.0,6.719298245614035,4.19428514302904,10,164.0,0.2229535003760994,13,519.0,0.22803719019927768,23,683.0
6645.0,25,450.0,7.758620689655173,4.555260666675563,10,185.0,0.2038652768197943,15,468.0,0.35869848177482216,25,653.0
6650.0,19,492.0,8.631578947368421,5.281044694400748,6,165.0,0.38741370482781484,13,511.0,0.32522431558354914,19,676.0
6655.0,14,399.0,6.762711864406779,4.717966694736659,1,71.0,0.5602935637053825,13,523.0,0.1401821736840796,14,594.0
6660.0,20,452.0,7.533333333333333,5.598399457352991,4,54.0,0.5194683299078363,16,538.0,0.18716879708267067,20,592.0
6665.0,25,523.0,8.573770491803279,4.582349168398663,8,61.0,0.3723451549747916,17,582.0,0.19463151438192686,25,643.0
6670.0,26,589.0,9.34920634920635,5.2347919880239155,7,80.0,0.39583207174720636,19,625.0,0.22589244946175632,26,705.0
6675.0,23,414.0,6.46875,4.887558224349577,7,79.0,0.4202398275271169,16,561.0,0.21394587060531883,23,640.0
6680.0,24,471.0,7.246153846153846,5.715718800675158,6,81.0,0.5110895713697704,18,545.0,0.16708274981974205,24,626.0
6685.0,27,506.0,7.90625,4.8634525074587565,6,93.0,0.4354652234903944,21,595.0,0.16349803713250738,27,688.0
6690.0,28,561.0,8.130434782608695,5.177821546464656,12,142.0,0.339962972435094,16,602.0,0.2245573499644202,28,744.0
6695.0,30,636.0,9.636363636363637,4.486637115805964,14,184.0,0.2465838419210018,16,630.0,0.2487685576422991,30,814.0
6700.0,29,668.0,9.542857142857143,5.661865068926928,15,230.0,0.2812368601086457,14,650.0,0.35459201117680283,29,880.0
6705.0,31,710.0,10.142857142857142,5.208256050873232,14,248.0,0.23630841454485912,17,699.0,0.3539044012696367,31,947.0
6710.0,27,444.0,6.253521126760563,4.358286540311684,9,205.0,0.22590712136343694,18,633.0,0.2537116445564113,27,838.0
6715.0,31,356.0,4.876712328767123,4.308287167588262,11,247.0,0.27723823700436034,20,504.0,0.1987789206649558,31,751.0
6720.0,36,476.0,6.4324324324324325,3.938768078410115,13,279.0,0.30014415466520983,23,583.0,0.1664988598019816,36,862.0
6725.0,37,582.0,7.558441558441558,3.727356758250507,15,297.0,0.22044766191211157,22,628.0,0.2140853051973651,37,925.0
6730.0,31,610.0,8.356164383561644,4.090502732177043,10,264.0,0.2505974801766126,21,678.0,0.22813298070335256,31,942.0
6735.0,34,671.0,9.067567567567568,3.9209586021684273,9,241.0,0.31047024256585776,25,763.0,0.14506435615262825,34,1004.0
6740.0,36,678.0,8.921052631578947,4.05660574843475,12,268.0,0.3452486774869604,24,773.0,0.08593138163561252,36,1041.0
6745.0,34,486.0,6.48,4.345688941043599,16,314.0,0.24840381545960796,18,702.0,0.18371631644532646,34,1016.0
6750.0,26,526.0,7.013333333333334,4.825018946594189,11,340.0,0.18474430530382527,15,631.0,0.2376411994842573,26,971.0
6755.0,24,376.0,5.013333333333334,5.136494048517614,10,272.0,0.22062182793847834,14,553.0,0.2169198042619134,24,825.0
6760.0,35,446.0,6.027027027027027,4.548200177003328,17,297.0,0.20803033469853402,18,499.0,0.17649753065636978,35,796.0
6765.0,38,532.0,7.287671232876712,4.50047215260489,19,361.0,0.2925200647690046,19,533.0,0.1758552899951131,38,894.0
6770.0,28,480.0,7.0588235294117645,4.244746124753096,11,372.0,0.2762345911373675,17,540.0,0.1783647832263125,28,912.0
6775.0,25,367.0,5.242857142857143,4.390664846525981,12,350.0,0.2656077479036807,13,510.0,0.22521866453205147,25,860.0
6780.0,25,238.0,3.1315789473684212,4.822029245616991,16,309.0,0.15137585514845558,9,419.0,0.335492200244377,25,728.0
6785.0,35,314.0,4.301369863013699,4.630821726202331,23,370.0,0.08660136613615764,12,398.0,0.41382193905008907,35,768.0
6790.0,38,402.0,5.583333333333333,4.1770745036928405,23,428.0,0.12143330766198651,15,417.0,0.29413148660014715,38,845.0
6795.0,41,527.0,7.5285714285714285,3.004375753450004,21,499.0,0.12861505594634498,20,457.0,0.17040298828055983,41,956.0
6800.0,46,694.0,10.205882352941176,3.064112104020139,24,599.0,0.16091726344616566,22,499.0,0.19704224494406863,46,1098.0
6805.0,42,683.0,10.044117647058824,2.666105002419881,21,624.0,0.14869398058632424,21,499.0,0.19353145816122852,42,1123.0
6810.0,31,468.0,6.685714285714286,3.5280485011206246,14,564.0,0.23925514622379965,17,541.0,0.17315543143295634,31,1105.0
6815.0,24,401.0,5.811594202898551,4.7663078870663,9,469.0,0.3216980510562036,15,528.0,0.15339512585908494,24,997.0
6820.0,22,256.0,3.5555555555555554,5.34992600171344,7,369.0,0.3407129162157014,15,494.0,0.21623464225043848,22,863.0
6825.0,32,332.0,4.611111111111111,4.968626938042262,12,303.0,0.32675789540562417,20,517.0,0.20125475033644033,32,820.0
6830.0,36,437.0,6.242857142857143,3.852258114009396,14,303.0,0.3303831316171674,22,572.0,0.16323503171816453,36,875.0
6835.0,23,467.0,6.486111111111111,5.002553775008303,8,250.0,0.2886721644174125,15,582.0,0.2264691107586725,23,832.0
6840.0,24,490.0,7.0,5.934647408116101,10,247.0,0.291121392277137,14,587.0,0.296356716042428,24,834.0
6845.0,25,423.0,5.875,5.572143669126752,10,222.0,0.21979345255075886,15,576.0,0.23006979747565273,25,798.0
6850.0,31,470.0,7.121212121212121,4.751411180317861,13,212.0,0.1823539775176236,18,568.0,0.21308946394364975,31,780.0
6855.0,30,413.0,6.453125,4.25284559832999,12,259.0,0.21818152741137203,18,500.0,0.2447880729788353,30,759.0
6860.0,21,384.0,6.0,5.298079365077262,6,257.0,0.3537616259044757,15,499.0,0.30364761114885075,21,756.0
6865.0,17,204.0,3.044776119402985,5.654184940052525,5,187.0,0.39001934216508943,12,482.0,0.2707326075753626,17,669.0
6870.0,28,280.0,4.3076923076923075,4.893968961965573,11,147.0,0.2559256547541536,17,511.0,0.24923070469737685,28,658.0
6875.0,31,325.0,4.779411764705882,4.733157774105831,11,179.0,0.24568144701065395,20,551.0,0.23832670137728915,31,730.0
6880.0,25,372.0,5.8125,4.34968238144004,5,158.0,0.3332075023692872,20,559.0,0.1718038865344579,25,717.0
6885.0,29,318.0,4.892307692307693,4.495317608841342,5,117.0,0.49929197430640804,24,523.0,0.1108904334203266,29,640.0
6890.0,29,325.0,4.924242424242424,4.958357357124398,8,79.0,0.5033038162030523,21,572.0,0.17809763980621268,29,651.0
6895.0,21,292.0,4.171428571428572,5.929074357041608,6,86.0,0.5068821749006253,15,555.0,0.2616070594810569,21,641.0
6900.0,21,347.0,5.102941176470588,5.943282208759713,4,56.0,0.3811056273217089,17,580.0,0.29450694055462956,21,636.0
6905.0,24,379.0,5.573529411764706,4.927972969503966,7,71.0,0.1924827324405581,17,596.0,0.20169136697550005,24,667.0
6910.0,26,432.0,6.447761194029851,5.47731832231638,8,96.0,0.35247182593556625,18,604.0,0.21805573848188414,26,700.0
6915.0,27,316.0,5.266666666666667,4.733357643896095,7,117.0,0.3886955223583801,20,598.0,0.20506213001199075,27,715.0
6920.0,33,446.0,7.689655172413793,4.601530177918881,9,149.0,0.40315595490588113,24,614.0,0.18126972781118628,33,763.0
6925.0,34,463.0,8.12280701754386,3.336492925302012,8,138.0,0.2874878815483976,26,631.0,0.11354796701677516,34,769.0
6930.0,29,455.0,7.711864406779661,4.3803453109502914,7,133.0,0.45769892177551813,22,612.0,0.10808263247419982,29,745.0
6935.0,25,415.0,7.033898305084746,4.5820205506117455,5,127.0,0.494405756527629,20,643.0,0.15003823462587032,25,770.0
6940.0,22,348.0,5.8,5.383137026141566,7,120.0,0.43340088498165596,15,606.0,0.21645129658989173,22,726.0
6945.0,21,277.0,4.540983606557377,4.9938664218161675,6,140.0,0.28720273536878116,15,599.0,0.250386108265879,21,739.0
6950.0,24,309.0,5.237288135593221,5.285998070164659,7,152.0,0.3294523040951228,17,577.0,0.19619796604707182,24,729.0
6955.0,30,280.0,4.745762711864407,4.425172784326755,8,76.0,0.28739819448191234,22,606.0,0.15128229167397464,30,682.0
6960.0,28,324.0,5.586206896551724,4.8632577294607975,8,94.0,0.3607502180381587,20,584.0,0.167262295678185,28,678.0
6965.0,23,315.0,5.338983050847458,5.074829473431969,5,93.0,0.49969065237510757,18,598.0,0.20183368122483747,23,691.0
6970.0,19,270.0,4.576271186440678,5.786259031803672,5,77.0,0.5259432144058743,14,532.0,0.2392469431566641,19,609.0
6975.0,17,182.0,2.9836065573770494,5.8375832750105054,4,62.0,0.3075416269956318,13,514.0,0.3316612628584822,17,576.0
6980.0,22,231.0,3.725806451612903,6.1959100246459125,4,48.0,0.4577048822152148,18,514.0,0.23618933575191195,22,562.0
6985.0,29,326.0,5.52542372881356,5.332690366815722,6,76.0,0.5327124502653152,23,550.0,0.12020955925211317,29,626.0
6990.0,25,364.0,6.066666666666666,5.3078403572880815,3,82.0,0.5846681655845354,22,566.0,0.10923931870951847,25,648.0
6995.0,26,410.0,7.454545454545454,4.249840091556649,5,91.0,0.43431906296701106,21,582.0,0.12955244107832403,26,673.0
7000.0,18,283.0,5.2407407407407405,5.133131717845553,4,56.0,0.5289825377332011,14,499.0,0.17851227631751684,18,555.0
7005.0,20,344.0,6.490566037735849,4.884240004027668,4,53.0,0.45363619121803683,16,529.0,0.15980782039344996,20,582.0
7010.0,27,387.0,7.588235294117647,4.24888403812257,9,60.0,0.3031985245502212,18,561.0,0.17909269869791686,27,621.0
7015.0,28,500.0,9.803921568627452,3.665133860105675,10,109.0,0.3242064043211074,18,586.0,0.1321923932062946,28,695.0
7020.0,25,542.0,11.061224489795919,3.774587366682784,10,137.0,0.28016360692700154,15,564.0,0.16023419870861288,25,701.0
7025.0,23,506.0,10.326530612244898,4.6439244538081335,10,162.0,0.3002735035084659,13,520.0,0.2133654420707438,23,682.0
7030.0,22,288.0,5.76,4.104105376045812,8,154.0,0.3070905005362351,14,439.0,0.19182239969328804,22,593.0
7035.0,18,256.0,5.224489795918367,5.227778426593393,5,110.0,0.5067269332849125,13,465.0,0.16559309748383147,18,575.0
7040.0,15,226.0,5.022222222222222,5.555593785822397,4,74.0,0.5133786522769052,11,473.0,0.13446105081245094,15,547.0
7045.0,16,264.0,5.866666666666666,5.736935279347592,4,57.0,0.43631168821878447,12,452.0,0.1515436136021601,16,509.0
7050.0,19,322.0,7.488372093023256,5.399258347466011,8,80.0,0.3030251122037665,11,411.0,0.29396425654985386,19,491.0
7055.0,14,270.0,5.869565217391305,5.826912469074443,6,73.0,0.40560556698972683,8,385.0,0.3731796836623089,14,458.0
7060.0,15,253.0,6.023809523809524,6.396275072042782,4,67.0,0.45935367621287426,11,346.0,0.36807092589870805,15,413.0
7065.0,21,325.0,7.558139534883721,5.132317803827381,7,83.0,0.3686174795341715,14,357.0,0.21442218247237693,21,440.0
7070.0,21,357.0,7.933333333333334,5.1970021746267125,4,68.0,0.4226955274213002,17,369.0,0.10037762780601396,21,437.0
7075.0,20,358.0,7.782608695652174,5.843273052066189,7,76.0,0.5190130169353399,13,386.0,0.17679744638999403,20,462.0
7080.0,11,319.0,6.934782608695652,6.99619168102412,4,93.0,0.6195812300478198,7,340.0,0.2254428369984357,11,433.0
7085.0,11,160.0,3.6363636363636362,6.590425495039117,5,105.0,0.4950486597014476,6,201.0,0.19668820886959554,11,306.0
7090.0,14,164.0,3.6444444444444444,6.094072252381471,5,98.0,0.4057006379760696,9,175.0,0.21391169732127044,14,273.0
7095.0,16,215.0,4.886363636363637,6.645652250082059,10,134.0,0.3890115224251422,6,176.0,0.4263041541524413,16,310.0
7100.0,12,230.0,5.476190476190476,7.126284451181115,8,167.0,0.4088907932669035,4,127.0,0.5361177332050105,12,294.0
7105.0,10,212.0,4.711111111111111,6.996790868987567,6,174.0,0.29877039608455613,4,71.0,0.4701729251099509,10,245.0
7110.0,16,220.0,4.888888888888889,6.599506758989613,8,174.0,0.24265554894193428,8,78.0,0.4352732284369418,16,252.0
7115.0,17,300.0,6.382978723404255,7.02499441228261,8,190.0,0.32571947373371263,9,125.0,0.493004216838569,17,315.0
7120.0,13,290.0,6.444444444444445,6.831300679759465,6,207.0,0.42711643152581097,7,134.0,0.49382651313787984,13,341.0
7125.0,13,322.0,7.155555555555556,7.689425485683228,5,208.0,0.4942688389271357,8,117.0,0.4140646271251063,13,325.0
7130.0,11,117.0,2.659090909090909,7.087992811973143,2,93.0,0.5360768578659709,9,124.0,0.18736037633089883,11,217.0
7135.0,15,183.0,4.255813953488372,7.2472812846582,3,42.0,0.620021466264664,12,151.0,0.1579993038224319,15,193.0
7140.0,14,165.0,4.45945945945946,6.687702038327397,4,62.0,0.6488640681107878,10,137.0,0.23325692926184666,14,199.0
7145.0,10,162.0,4.2631578947368425,7.284785677242653,1,34.0,0.6899010386519501,9,150.0,0.2980399117005789,10,184.0
7150.0,9,128.0,3.2,7.061825915712644,2,31.0,0.5409273162607617,7,138.0,0.3723211107376509,9,169.0
7155.0,15,170.0,4.146341463414634,6.858980092020224,6,61.0,0.4953404626602771,9,128.0,0.4042564285173761,15,189.0
7160.0,12,116.0,2.761904761904762,6.205048843504564,6,75.0,0.38151683073740517,6,108.0,0.45685638547996504,12,183.0
7165.0,9,82.0,2.0,7.0612929114199865,7,78.0,0.39350735240061263,2,38.0,0.43186300759928054,9,116.0
7170.0,10,88.0,2.046511627906977,6.767670209391362,6,83.0,0.2642538175907426,4,20.0,0.3625114709318902,10,103.0
7175.0,10,103.0,2.2888888888888888,7.7877415800796665,8,96.0,0.3540131085826943,2,12.0,0.41449729372048105,10,108.0
7180.0,10,70.0,1.7073170731707317,8.41918139400847,6,66.0,0.4862227109112454,4,15.0,0.5730042656311641,10,81.0
7185.0,11,125.0,3.125,8.302650011574789,7,92.0,0.4808513749116405,4,38.0,0.611183142227788,11,130.0
7190.0,11,109.0,2.725,6.469775422584638,6,87.0,0.3624668079059018,5,59.0,0.5234719468376035,11,146.0
7195.0,11,114.0,2.6511627906976742,7.392021517298669,8,73.0,0.41928605749046,3,47.0,0.5912972609285198,11,120.0
7200.0,13,144.0,3.4285714285714284,6.992690129594326,8,95.0,0.299698839692791,5,62.0,0.560597159571463,13,157.0
