step,system_total_stopped,system_total_waiting_time,system_mean_waiting_time,system_mean_speed,J17_stopped,J17_accumulated_waiting_time,J17_average_speed,J18_stopped,J18_accumulated_waiting_time,J18_average_speed,agents_total_stopped,agents_total_accumulated_waiting_time
5.0,0,0.0,0.0,14.244791352134321,0,0.0,1.0,0,0.0,0.9867399299760309,0,0.0
10.0,0,0.0,0.0,13.11109788478707,0,0.0,0.9215872480264303,0,0.0,0.9526864286311402,0,0.0
15.0,0,0.0,0.0,13.825053352593308,0,0.0,0.9741025986757761,0,0.0,0.9610530529782289,0,0.0
20.0,0,0.0,0.0,11.575702965890086,0,0.0,0.7303027411800287,0,0.0,0.945269511424745,0,0.0
25.0,2,6.0,0.4,9.489839430012152,2,6.0,0.6625246134024348,0,0.0,0.7104996578805894,2,6.0
30.0,4,23.0,1.15,9.437632801373038,3,19.0,0.6125967251719205,1,4.0,0.8097926571860969,4,23.0
35.0,6,46.0,2.0,9.25001461507083,5,37.0,0.5027340709167277,1,9.0,0.7655758591725914,6,46.0
40.0,6,53.0,2.0384615384615383,7.819699725318886,2,37.0,0.5264525135520055,4,22.0,0.5537505500159698,6,59.0
45.0,8,63.0,2.1724137931034484,6.424164757961605,5,48.0,0.2327647971626298,3,18.0,0.43920580254819064,8,66.0
50.0,14,118.0,3.6875,6.841558208419056,7,80.0,0.32426614652916774,7,41.0,0.34206192986844575,14,121.0
55.0,11,131.0,4.225806451612903,6.381690750337757,4,81.0,0.4817200817028124,7,64.0,0.25016444361677603,11,145.0
60.0,13,193.0,6.225806451612903,6.225349731052729,5,96.0,0.47068284607789695,8,106.0,0.2584956361406771,13,202.0
65.0,10,155.0,5.166666666666667,5.079954409874734,3,78.0,0.382015436646252,7,113.0,0.37640649730290726,10,191.0
70.0,13,182.0,5.055555555555555,6.671449457853023,7,98.0,0.3291550475791255,6,108.0,0.4796403266088116,13,206.0
75.0,11,142.0,3.736842105263158,7.3429494477186035,5,55.0,0.41381796564963114,6,131.0,0.5397104478299891,11,186.0
80.0,15,209.0,4.976190476190476,7.410749959133457,6,65.0,0.5180080045912521,9,174.0,0.43446608990273833,15,239.0
85.0,14,219.0,5.214285714285714,6.047290153729685,4,56.0,0.5074631914714839,10,201.0,0.3812838544588814,14,257.0
90.0,16,283.0,6.288888888888889,6.779135151993639,4,48.0,0.5612829494101397,12,251.0,0.330312841004559,16,299.0
95.0,17,231.0,5.021739130434782,5.4580048237398815,6,64.0,0.36883515842220516,11,212.0,0.1901035863931955,17,276.0
100.0,17,272.0,5.666666666666667,5.9157003951752,8,100.0,0.3337674832696156,9,200.0,0.25393568101960395,17,300.0
105.0,16,182.0,3.9565217391304346,4.805613095805827,6,87.0,0.21915075417732913,10,196.0,0.2712808764353637,16,283.0
110.0,19,180.0,3.75,6.817148819317665,9,94.0,0.40793480776588675,10,160.0,0.44427092635918797,19,254.0
115.0,15,139.0,3.159090909090909,5.826485744179774,5,93.0,0.427797626756259,10,167.0,0.383998357999908,15,260.0
120.0,16,165.0,3.8372093023255816,6.310145980718714,3,42.0,0.5636737319843579,13,205.0,0.25220457875590746,16,247.0
125.0,20,169.0,3.9302325581395348,4.328916651949047,5,51.0,0.3848418706223816,15,235.0,0.10233234004505096,20,286.0
130.0,19,223.0,4.8478260869565215,6.203633895497916,9,88.0,0.36673421141836304,10,230.0,0.27065969376924576,19,318.0
135.0,16,226.0,5.255813953488372,5.408597817799987,6,95.0,0.3375860023138709,10,223.0,0.192840718010388,16,318.0
140.0,13,241.0,6.025,6.93185326227205,4,85.0,0.5252590382878287,9,212.0,0.23162954146297302,13,297.0
145.0,14,196.0,4.666666666666667,5.516424428774791,4,51.0,0.4135628736181875,10,231.0,0.10855661738375813,14,282.0
150.0,17,255.0,6.219512195121951,5.969920577957356,6,43.0,0.4568349502543792,11,279.0,0.19936159340545215,17,322.0
155.0,14,292.0,7.121951219512195,6.227833998072759,5,55.0,0.541609064854736,9,305.0,0.3381292537852241,14,360.0
160.0,15,354.0,8.428571428571429,6.363445723171831,7,85.0,0.4418673451876572,8,317.0,0.4242291287097538,15,402.0
165.0,15,252.0,5.6,6.430820940794229,6,84.0,0.4720200450707767,9,295.0,0.41613408545476743,15,379.0
170.0,16,245.0,5.326086956521739,5.8073457650162865,6,72.0,0.4367306614562482,10,217.0,0.24207552414681816,16,289.0
175.0,17,192.0,4.085106382978723,6.036035403084969,7,94.0,0.4711706702954944,10,185.0,0.2292966125267789,17,279.0
180.0,12,113.0,2.306122448979592,7.017547084518496,8,105.0,0.33466057486723044,4,97.0,0.42391419507548195,12,202.0
185.0,14,174.0,3.5510204081632653,7.597216353440998,9,138.0,0.25356202404792594,5,65.0,0.5971220910271774,14,203.0
190.0,15,220.0,4.680851063829787,7.155301460445327,8,169.0,0.23741037427159856,7,74.0,0.4946059206589969,15,243.0
195.0,14,253.0,5.883720930232558,7.0616869250446745,7,178.0,0.3061411090658442,7,94.0,0.4466952684104222,14,272.0
200.0,14,229.0,5.871794871794871,5.992023498763801,7,149.0,0.32966383530587784,7,101.0,0.3247258018105782,14,250.0
205.0,15,261.0,7.25,5.589033602654135,6,158.0,0.48342742967419855,9,121.0,0.2408272661285194,15,279.0
210.0,17,344.0,9.82857142857143,5.59947097205265,6,194.0,0.5253247701781987,11,161.0,0.27761316645078754,17,355.0
215.0,13,192.0,5.052631578947368,5.929950016197422,4,142.0,0.5784324283501849,9,162.0,0.2976563895561514,13,304.0
220.0,10,135.0,3.292682926829268,7.152377294942028,4,60.0,0.6026162477762496,6,118.0,0.40243857010183476,10,178.0
225.0,11,147.0,3.127659574468085,6.524701691646195,7,85.0,0.5155998838994426,4,120.0,0.3818268116369556,11,205.0
230.0,13,152.0,2.8679245283018866,6.693350492980508,6,82.0,0.3799539802736042,7,120.0,0.4927705259729443,13,202.0
235.0,15,137.0,2.537037037037037,7.181083432914267,7,78.0,0.4272778362025516,8,124.0,0.4470257601238309,15,202.0
240.0,16,143.0,2.6481481481481484,6.800652172969591,7,93.0,0.38993961052563103,9,102.0,0.39350052124119533,16,195.0
245.0,22,204.0,3.642857142857143,6.05395491527598,11,136.0,0.4325706173057512,11,117.0,0.17981503783187328,22,253.0
250.0,22,252.0,4.754716981132075,5.4365186749545575,12,173.0,0.3747025732970974,10,124.0,0.2529832700720794,22,297.0
255.0,19,264.0,4.631578947368421,5.870677794299658,11,187.0,0.4037224084374042,8,134.0,0.2543514754917253,19,321.0
260.0,20,260.0,4.56140350877193,5.882728823308117,11,188.0,0.34375329117480874,9,136.0,0.28419455736133903,20,324.0
265.0,23,308.0,4.888888888888889,5.796105529549368,14,205.0,0.30871091036889264,9,157.0,0.2603347868491869,23,362.0
270.0,26,273.0,4.136363636363637,5.80170794858958,17,204.0,0.23601858680886081,9,163.0,0.4387029134364203,26,367.0
275.0,21,266.0,4.290322580645161,6.064101060800438,16,219.0,0.28737557303131694,5,130.0,0.5488086472081775,21,349.0
280.0,23,309.0,4.983870967741935,5.921923666088143,17,262.0,0.28437208093813293,6,134.0,0.45943844958735647,23,396.0
285.0,23,279.0,4.292307692307692,5.538265072150787,14,257.0,0.3351185834185703,9,134.0,0.25184102424735744,23,391.0
290.0,26,281.0,4.4603174603174605,5.112297379132193,14,246.0,0.28607625341825665,12,127.0,0.2769601159179617,26,373.0
295.0,25,239.0,3.7936507936507935,4.901168873346731,15,269.0,0.22820831845125522,10,129.0,0.361148321928598,25,398.0
300.0,25,254.0,4.233333333333333,4.324898075950033,17,309.0,0.17226734086750858,8,115.0,0.3708460666974027,25,424.0
305.0,28,299.0,4.983333333333333,4.775349720702645,20,353.0,0.11732299713399254,8,110.0,0.41314162494003515,28,463.0
310.0,28,332.0,5.533333333333333,4.809288154492921,20,407.0,0.201788030360335,8,112.0,0.3314649681871892,28,519.0
315.0,21,289.0,4.898305084745763,5.041073075742934,13,396.0,0.2639796053761564,8,126.0,0.3411330143761332,21,522.0
320.0,18,321.0,5.631578947368421,5.13212990384485,10,381.0,0.22410597587419512,8,130.0,0.31364886357193006,18,511.0
325.0,18,283.0,4.964912280701754,5.676869573471657,12,358.0,0.21693143376421822,6,108.0,0.3573012484559373,18,466.0
330.0,24,235.0,4.051724137931035,5.616194915346005,14,326.0,0.2653228106615869,10,133.0,0.35807021661705113,24,459.0
335.0,23,269.0,4.981481481481482,5.384954839068008,15,304.0,0.3649411799795115,8,145.0,0.3551930256173505,23,449.0
340.0,22,305.0,5.648148148148148,4.869157622829842,12,317.0,0.30500969933439476,10,143.0,0.3423254961151498,22,460.0
345.0,19,250.0,4.385964912280702,5.220774073503856,10,303.0,0.3001507623326369,9,121.0,0.32451111887817435,19,424.0
350.0,20,234.0,4.254545454545455,4.989084192438247,9,275.0,0.3093824628404554,11,161.0,0.19657834012471073,20,436.0
355.0,21,230.0,3.8983050847457625,5.500342092803633,12,293.0,0.27139832644547235,9,165.0,0.34820547654325523,21,458.0
360.0,19,235.0,4.12280701754386,5.664492942134384,14,319.0,0.24570281945212885,5,110.0,0.43259879074491,19,429.0
365.0,14,223.0,3.982142857142857,6.55385519948607,10,306.0,0.29135721809977067,4,66.0,0.5179769059366198,14,372.0
370.0,16,219.0,4.055555555555555,6.027224642052475,7,283.0,0.37913643680294434,9,89.0,0.2800964940985783,16,372.0
375.0,19,250.0,4.237288135593221,6.00527082161321,11,244.0,0.3253072259928887,8,126.0,0.4358405717655025,19,370.0
380.0,21,322.0,5.4576271186440675,5.497647029255758,11,264.0,0.3161685221160673,10,165.0,0.4007794785354508,21,429.0
385.0,21,342.0,5.516129032258065,5.798341837329862,13,271.0,0.36317664064855776,8,158.0,0.4039110986466249,21,429.0
390.0,20,398.0,6.524590163934426,5.718679310091789,13,307.0,0.3318623716666572,7,129.0,0.28533721106869714,20,436.0
395.0,20,365.0,6.083333333333333,5.959147111430716,15,358.0,0.2817461400498112,5,87.0,0.3992071446370019,20,445.0
400.0,23,310.0,4.84375,5.967803133066708,17,365.0,0.19728574439124,6,53.0,0.5162766038196687,23,418.0
405.0,23,240.0,4.2105263157894735,5.923782082462761,18,342.0,0.2203472686549797,5,66.0,0.5963146489073473,23,408.0
410.0,23,277.0,4.694915254237288,4.812124649877546,14,387.0,0.2642743356765008,9,101.0,0.3481858042043339,23,488.0
415.0,23,267.0,4.767857142857143,4.0842063899462255,11,372.0,0.296438471272094,12,122.0,0.14749977664422656,23,494.0
420.0,26,364.0,6.169491525423729,4.010186430365391,14,370.0,0.2096348469891999,12,170.0,0.18471703140638482,26,540.0
425.0,26,388.0,6.360655737704918,4.898650944255435,16,384.0,0.21275012435993504,10,184.0,0.33706205652528687,26,568.0
430.0,22,425.0,7.327586206896552,5.203403081886172,17,431.0,0.18086303841225898,5,147.0,0.4913104798353346,22,578.0
435.0,17,394.0,6.912280701754386,5.222725301144474,13,444.0,0.17869687564557077,4,111.0,0.3499328232399424,17,555.0
440.0,22,344.0,6.035087719298246,4.945582921107992,13,448.0,0.13250686494185224,9,87.0,0.3214420873833083,22,535.0
445.0,25,368.0,6.456140350877193,4.853302229006,17,447.0,0.18556387723574608,8,101.0,0.3501385192967866,25,548.0
450.0,24,420.0,7.636363636363637,5.276420140119733,18,500.0,0.19253515554028533,6,96.0,0.5090271807470733,24,596.0
455.0,23,458.0,8.178571428571429,4.953778927749721,17,530.0,0.16670482980267384,6,91.0,0.4707257792877326,23,621.0
460.0,24,305.0,5.350877192982456,4.855551262248912,15,437.0,0.1399728325065732,9,112.0,0.4770532981111601,24,549.0
465.0,28,374.0,6.56140350877193,4.864883344109566,19,411.0,0.17106196443050325,9,127.0,0.4285982082791464,28,538.0
470.0,28,405.0,6.982758620689655,4.872145362366078,16,429.0,0.19853264449200178,12,177.0,0.3905139179644865,28,606.0
475.0,20,264.0,4.714285714285714,5.1086370646406545,8,346.0,0.2845304501283316,12,190.0,0.27933797826957,20,536.0
480.0,16,297.0,5.303571428571429,5.8613297938118984,7,283.0,0.3687912770670738,9,181.0,0.2923982606283884,16,464.0
485.0,17,360.0,6.545454545454546,5.774646824675558,8,274.0,0.347997360470414,9,213.0,0.2232981314805941,17,487.0
490.0,24,414.0,7.2631578947368425,5.774201216706471,9,274.0,0.31389881986338364,15,266.0,0.25224270203278637,24,540.0
495.0,24,374.0,6.925925925925926,5.159728021835262,11,241.0,0.35445642267941657,13,254.0,0.2887038084045661,24,495.0
500.0,24,367.0,6.553571428571429,5.852017019532601,11,258.0,0.40784265494574257,13,225.0,0.37666970860020027,24,483.0
505.0,20,390.0,7.3584905660377355,5.52718072806787,10,288.0,0.44611421335782514,10,233.0,0.3501488505194572,20,521.0
510.0,20,359.0,6.648148148148148,5.574332475822006,11,321.0,0.3642157172512815,9,190.0,0.36037799618720084,20,511.0
515.0,18,391.0,6.741379310344827,6.426274276078688,9,320.0,0.378480081812079,9,181.0,0.39757901238328164,18,501.0
520.0,15,183.0,3.210526315789474,6.018186572645211,8,210.0,0.32179184580383047,7,149.0,0.2810311372807264,15,359.0
525.0,20,231.0,4.052631578947368,6.502577646659342,8,142.0,0.40820026514737173,12,195.0,0.25389600096019405,20,337.0
530.0,21,260.0,4.7272727272727275,6.36395583192705,10,170.0,0.4205073839544909,11,209.0,0.35265237743309097,21,379.0
535.0,22,315.0,6.0576923076923075,5.689198425391614,13,217.0,0.34980699364863893,9,202.0,0.41739358658043985,22,419.0
540.0,19,293.0,5.634615384615385,4.65734270134034,12,264.0,0.24444652344982046,7,155.0,0.3477304703263838,19,419.0
545.0,26,306.0,5.884615384615385,4.488898298071574,15,267.0,0.2436666993832669,11,152.0,0.30246423612185747,26,419.0
550.0,26,283.0,5.339622641509434,4.797124440607762,15,268.0,0.2573731342357223,11,162.0,0.3319622013396334,26,430.0
555.0,18,219.0,4.055555555555555,5.150191420166849,14,265.0,0.14380927872735144,4,111.0,0.4388272801767565,18,376.0
560.0,12,192.0,3.5555555555555554,6.968690170406872,7,198.0,0.21306905548247132,5,87.0,0.5113009959470624,12,285.0
565.0,14,197.0,3.7169811320754715,7.740159541888076,8,171.0,0.24545019708839627,6,109.0,0.5551580736432666,14,280.0
570.0,12,167.0,3.2745098039215685,6.8382869048477435,10,158.0,0.24753988868937185,2,82.0,0.4587749468595194,12,240.0
575.0,18,217.0,4.34,6.6406883766549525,10,174.0,0.2718010755988588,8,98.0,0.5423515524005934,18,272.0
580.0,12,177.0,3.6122448979591835,7.286909721577912,7,155.0,0.4528371817899211,5,55.0,0.4746571084994149,12,210.0
585.0,14,138.0,2.816326530612245,6.441804937985292,4,128.0,0.5301200149686045,10,85.0,0.2377427508026217,14,213.0
590.0,17,189.0,3.857142857142857,6.018781469011525,7,109.0,0.44885250505907753,10,116.0,0.2789036111243143,17,225.0
595.0,19,226.0,4.431372549019608,6.041260889447563,9,113.0,0.38865880166410743,10,157.0,0.377999821356153,19,270.0
600.0,19,211.0,3.8363636363636364,5.701123082484049,11,139.0,0.2931836373503205,8,158.0,0.3999513281990971,19,297.0
605.0,19,170.0,3.090909090909091,6.048049407069881,13,138.0,0.27567263163863837,6,107.0,0.4765632145515953,19,245.0
610.0,21,244.0,4.206896551724138,6.603673062237589,12,175.0,0.263691054988689,9,126.0,0.5000729077071329,21,301.0
615.0,19,223.0,3.8448275862068964,6.652262507661582,12,178.0,0.255736765049858,7,134.0,0.4649669913855461,19,312.0
620.0,16,227.0,3.913793103448276,7.062824925664086,5,144.0,0.39483797254647846,11,169.0,0.43237472794925774,16,313.0
625.0,22,262.0,4.943396226415095,5.210381018016067,6,99.0,0.36273964721764584,16,234.0,0.26932707410516965,22,333.0
630.0,25,339.0,6.277777777777778,4.939540081555258,9,129.0,0.3587135551359749,16,292.0,0.2336326377129366,25,421.0
635.0,23,379.0,7.150943396226415,4.524289949669641,9,137.0,0.22311848448528926,14,319.0,0.23879859667529307,23,456.0
640.0,23,442.0,7.892857142857143,4.899014631645893,9,158.0,0.19877808497149613,14,371.0,0.23161232297680545,23,529.0
645.0,24,490.0,8.596491228070175,5.845321902029373,9,155.0,0.2437799627474633,15,428.0,0.3223343911308338,24,583.0
650.0,18,382.0,6.586206896551724,6.2960527981558965,4,115.0,0.543507503451943,14,413.0,0.2518597967919417,18,528.0
655.0,20,367.0,6.553571428571429,5.962251063880427,4,110.0,0.5873269576526862,16,380.0,0.20462462651630983,20,490.0
660.0,22,361.0,6.446428571428571,6.284913132101494,5,125.0,0.6006874804919451,17,395.0,0.22980913178648435,22,520.0
665.0,24,372.0,6.888888888888889,5.737179294678702,5,153.0,0.5089829301112941,19,382.0,0.166357953845996,24,535.0
670.0,22,330.0,6.226415094339623,4.534214107821194,5,156.0,0.3519287721570486,17,402.0,0.11751621991626732,22,558.0
675.0,25,373.0,6.907407407407407,5.579837434377631,7,162.0,0.367749394296949,18,394.0,0.17516125152593076,25,556.0
680.0,25,395.0,7.314814814814815,5.382405529804474,10,206.0,0.36253599812914716,15,423.0,0.24789884939089632,25,629.0
685.0,18,324.0,6.0,6.0493293200803295,8,186.0,0.4172958421165725,10,382.0,0.27876713413709436,18,568.0
690.0,21,341.0,6.686274509803922,5.0709573059046695,11,213.0,0.2962268698168376,10,349.0,0.3533414328368157,21,562.0
695.0,24,318.0,5.578947368421052,5.826864274508843,11,228.0,0.3350889620491452,13,320.0,0.400989154858246,24,548.0
700.0,19,298.0,5.418181818181818,6.1160960740895485,6,189.0,0.4270628568078469,13,321.0,0.3637673748483877,19,510.0
705.0,21,337.0,5.711864406779661,5.9067857396530385,7,195.0,0.5045932519058676,14,315.0,0.22154947022105687,21,510.0
710.0,19,239.0,4.0508474576271185,4.898056792888012,6,111.0,0.4047072422038585,13,333.0,0.13311032622545457,19,444.0
715.0,24,297.0,4.868852459016393,5.35339764145761,10,117.0,0.3733219567571962,14,341.0,0.18423581210897907,24,458.0
720.0,22,262.0,4.5964912280701755,5.086610831502198,12,155.0,0.29374647894220784,10,301.0,0.25067134107640593,22,456.0
725.0,17,263.0,4.5344827586206895,6.411162151040645,7,172.0,0.36466547631706053,10,232.0,0.31441050265232173,17,404.0
730.0,20,177.0,3.0517241379310347,5.64709221461468,10,142.0,0.3468104325965485,10,223.0,0.16543057697672992,20,365.0
735.0,23,233.0,3.9491525423728815,6.195453910526092,9,127.0,0.39495108169944326,14,239.0,0.235268030013806,23,366.0
740.0,26,267.0,4.45,4.9925286853868105,13,155.0,0.2757023603351652,13,259.0,0.2633119522062308,26,414.0
745.0,21,314.0,5.233333333333333,6.148071641124283,10,169.0,0.3513491096886704,11,240.0,0.4086146581579547,21,409.0
750.0,21,302.0,5.298245614035087,5.481417229295574,11,196.0,0.35046747593881383,10,233.0,0.321745335558414,21,429.0
755.0,23,291.0,5.105263157894737,5.133528547262965,14,221.0,0.25517430844900646,9,244.0,0.32216127541964557,23,465.0
760.0,26,292.0,5.214285714285714,4.08779547279101,17,273.0,0.10465753276054546,9,189.0,0.3222771460373772,26,462.0
765.0,31,376.0,6.714285714285714,4.5753229802348345,19,318.0,0.1724187432228175,12,190.0,0.350164174840118,31,508.0
770.0,27,320.0,5.925925925925926,4.258818482803817,16,308.0,0.25294166461390055,11,209.0,0.3013238895894751,27,517.0
775.0,27,386.0,6.892857142857143,4.981283236362799,16,329.0,0.23854873042149777,11,213.0,0.3505674825310004,27,542.0
780.0,28,357.0,5.852459016393443,4.654594047687217,18,354.0,0.17235633903590525,10,209.0,0.32683050719600343,28,563.0
785.0,22,301.0,4.703125,6.061783193173548,10,306.0,0.2796129141204728,12,245.0,0.4261466452279095,22,551.0
790.0,21,257.0,4.079365079365079,5.443786375845716,10,317.0,0.32661308599269784,11,236.0,0.31866326527406885,21,553.0
795.0,22,205.0,3.360655737704918,5.3252455512088295,16,323.0,0.2784969666468463,6,151.0,0.3150387076165207,22,474.0
800.0,26,287.0,4.629032258064516,5.418131178475553,15,334.0,0.25562457633106395,11,123.0,0.3205561180066915,26,457.0
805.0,19,282.0,4.208955223880597,6.121868761341005,10,291.0,0.304326292538908,9,120.0,0.26235657708120685,19,411.0
810.0,23,272.0,4.059701492537314,5.933454137442321,12,285.0,0.32841282709812325,11,148.0,0.26129681850156167,23,433.0
815.0,24,284.0,4.507936507936508,6.330122610492451,14,256.0,0.37050183416097204,10,154.0,0.40072676325522494,24,410.0
820.0,23,270.0,4.354838709677419,5.351295322565362,12,235.0,0.2561031855998405,11,170.0,0.4151779519383578,23,405.0
825.0,26,280.0,4.590163934426229,5.050648273351078,17,248.0,0.199608497224662,9,170.0,0.40694576594374426,26,418.0
830.0,29,347.0,5.596774193548387,4.754604387458658,17,275.0,0.19085301374272692,12,187.0,0.38957862277556443,29,462.0
835.0,22,286.0,4.612903225806452,5.025673812418689,11,236.0,0.19914978857843743,11,179.0,0.3178186171615244,22,415.0
840.0,19,211.0,3.3492063492063493,4.945579270347785,9,244.0,0.2524123368634063,10,150.0,0.18593270756676414,19,394.0
845.0,23,231.0,3.5538461538461537,5.164854035686725,15,264.0,0.20583314672426747,8,159.0,0.24082564580705948,23,423.0
850.0,29,331.0,5.092307692307692,4.923099901015921,15,303.0,0.18335639132457424,14,193.0,0.32755088233749374,29,496.0
855.0,22,368.0,5.935483870967742,5.619408499317516,9,292.0,0.2993160094042472,13,217.0,0.3331061881598271,22,509.0
860.0,12,299.0,5.067796610169491,5.430007728851793,6,250.0,0.39115967173082405,6,177.0,0.18093969710451344,12,427.0
865.0,18,330.0,5.892857142857143,6.037437315867737,11,264.0,0.29356889897200056,7,164.0,0.30235722389413444,18,428.0
870.0,20,382.0,7.074074074074074,4.885431515896378,11,283.0,0.2237271367419313,9,168.0,0.2430914161643201,20,451.0
875.0,19,422.0,7.814814814814815,5.495076510802811,7,279.0,0.3536930268758855,12,197.0,0.2528365002337347,19,476.0
880.0,13,237.0,4.388888888888889,6.360676319790677,6,161.0,0.2979986416623938,7,207.0,0.38097440923330744,13,368.0
885.0,17,160.0,2.909090909090909,6.909552090046208,11,109.0,0.2331081821248161,6,136.0,0.45494318279673246,17,245.0
890.0,22,231.0,4.3584905660377355,6.037959243666032,10,138.0,0.23891170978918405,12,143.0,0.35368537839289627,22,281.0
895.0,18,260.0,5.3061224489795915,5.345793338448581,7,133.0,0.276828832481378,11,174.0,0.17572569433062524,18,307.0
900.0,14,213.0,4.733333333333333,6.025886997212534,5,92.0,0.35185073374272224,9,177.0,0.22398186580927784,14,269.0
905.0,14,252.0,5.25,6.570283060236207,5,78.0,0.35154098031281794,9,216.0,0.3393146053820706,14,294.0
910.0,17,331.0,7.042553191489362,7.197382880630751,5,101.0,0.4615783559507643,12,264.0,0.45227027879748904,17,365.0
915.0,15,284.0,6.604651162790698,6.061728801337602,5,119.0,0.43052416903458135,10,251.0,0.4143538594509099,15,370.0
920.0,20,364.0,8.666666666666666,5.045291135458298,6,147.0,0.43819203540846624,14,254.0,0.28679438830742865,20,401.0
925.0,22,347.0,7.886363636363637,4.352730438834239,7,178.0,0.3870453656674001,15,251.0,0.2234423619901828,22,429.0
930.0,19,315.0,6.5625,5.124651915035349,5,177.0,0.5168038429591891,14,236.0,0.20933332478483788,19,413.0
935.0,20,288.0,5.877551020408164,4.7209190092489095,6,160.0,0.41441024437192325,14,240.0,0.16626204674058956,20,400.0
940.0,15,120.0,2.4,5.513606233391056,5,70.0,0.41289556670837374,10,193.0,0.18244585642849775,15,263.0
945.0,17,142.0,2.6792452830188678,5.508132908644607,9,82.0,0.27218214875542396,8,208.0,0.26949745343179293,17,290.0
950.0,20,196.0,3.6296296296296298,6.103896380891475,7,112.0,0.38357331321566424,13,224.0,0.31160601933005105,20,336.0
955.0,20,239.0,4.686274509803922,5.783598377937661,6,116.0,0.446941749379903,14,266.0,0.298438730899961,20,382.0
960.0,21,250.0,5.1020408163265305,5.1041208806869,7,130.0,0.5185412649023342,14,275.0,0.22092364056280342,21,405.0
965.0,19,243.0,5.0625,4.578213879933194,5,114.0,0.4981672241703592,14,281.0,0.121385066863775,19,395.0
970.0,15,166.0,3.32,4.713883081831823,5,119.0,0.41225541637748936,10,228.0,0.09251936165984481,15,347.0
975.0,16,235.0,4.433962264150943,6.1524372284192275,8,139.0,0.17955994952185927,8,204.0,0.38171943084413745,16,343.0
980.0,15,226.0,4.185185185185185,6.965252935095492,8,153.0,0.3567816495228669,7,186.0,0.3785049515552867,15,339.0
985.0,15,283.0,5.549019607843137,7.705227914684175,4,156.0,0.5343011825167657,11,227.0,0.34816690499586966,15,383.0
990.0,18,314.0,6.038461538461538,6.749007969803366,5,141.0,0.5010941033675339,13,287.0,0.271139222699399,18,428.0
995.0,23,365.0,7.019230769230769,5.780939064835033,9,154.0,0.4118272860981483,14,308.0,0.2655202771439164,23,462.0
1000.0,22,412.0,7.773584905660377,4.625934956922967,8,180.0,0.26422141757645673,14,306.0,0.2882039461069085,22,486.0
1005.0,19,409.0,7.716981132075472,5.320346942585249,7,196.0,0.4027976096002776,12,299.0,0.2583395058667428,19,495.0
1010.0,16,238.0,4.576923076923077,6.475181567113452,6,88.0,0.43803138943683906,10,240.0,0.2706033607186574,16,328.0
1015.0,16,176.0,3.259259259259259,6.271191861301196,7,83.0,0.3805617492651296,9,225.0,0.2692736238785939,16,308.0
1020.0,20,213.0,3.9444444444444446,5.797683188708409,9,115.0,0.37979874026031235,11,200.0,0.22205958128961983,20,315.0
1025.0,21,287.0,5.519230769230769,6.269015525423695,10,154.0,0.46619181358362727,11,208.0,0.30564486189112017,21,362.0
1030.0,13,280.0,5.714285714285714,5.8309937186550265,6,164.0,0.2817909450616839,7,202.0,0.41137211613092667,13,366.0
1035.0,18,228.0,4.384615384615385,5.510104791220645,7,141.0,0.3276644786616636,11,175.0,0.2591230184211323,18,316.0
1040.0,18,284.0,5.3584905660377355,6.452275176223942,6,155.0,0.3661971656199485,12,198.0,0.29837001183195394,18,353.0
1045.0,18,319.0,6.134615384615385,7.258639397576553,6,167.0,0.5354827206029142,12,230.0,0.30137400351176274,18,397.0
1050.0,14,353.0,7.354166666666667,7.571944073806443,6,191.0,0.5072202152558174,8,214.0,0.4126730673190361,14,405.0
1055.0,13,177.0,3.4705882352941178,6.498310138144641,6,104.0,0.42621927283834454,7,192.0,0.2916759514405896,13,296.0
1060.0,20,259.0,4.625,6.710195845589008,10,115.0,0.4099639925106844,10,192.0,0.2956065680892746,20,307.0
1065.0,19,155.0,2.8703703703703702,6.051037684320197,9,118.0,0.3624197193086818,10,127.0,0.33138971127911454,19,245.0
1070.0,18,197.0,3.7884615384615383,6.053646947046709,7,91.0,0.3105125475779187,11,154.0,0.32486286777842405,18,245.0
1075.0,18,173.0,3.326923076923077,5.604411470567053,8,87.0,0.25341091624549755,10,159.0,0.36877393710098494,18,246.0
1080.0,15,154.0,2.9615384615384617,6.3079508612891795,10,109.0,0.22730193840481444,5,115.0,0.4091526111479931,15,224.0
1085.0,17,138.0,2.6037735849056602,5.785803373309244,9,132.0,0.18910587978733298,8,93.0,0.4227201063343335,17,225.0
1090.0,17,194.0,3.803921568627451,6.938749064973562,7,140.0,0.4063772204558804,10,120.0,0.3179647435394781,17,260.0
1095.0,18,228.0,4.75,6.049848891431615,8,163.0,0.31878827233583823,10,140.0,0.20919687832321623,18,303.0
1100.0,18,303.0,6.183673469387755,6.070670848675233,8,183.0,0.3505288936559066,10,183.0,0.2551146606536492,18,366.0
1105.0,19,204.0,4.163265306122449,5.63559783146981,10,144.0,0.32392037256780015,9,177.0,0.3355039924229967,19,321.0
1110.0,16,208.0,4.7272727272727275,6.4202131161651295,10,123.0,0.41506076656369906,6,124.0,0.44761958358239506,16,247.0
1115.0,15,212.0,4.608695652173913,6.514089884276996,8,122.0,0.3393550963666497,7,139.0,0.4462531376617551,15,261.0
1120.0,13,240.0,5.1063829787234045,7.349874866626656,6,93.0,0.3618419691200218,7,174.0,0.43353802683359177,13,267.0
1125.0,15,238.0,5.666666666666667,5.796787044499762,8,98.0,0.27925177947664365,7,185.0,0.22546165426863943,15,283.0
1130.0,16,297.0,6.75,6.244378433794594,8,108.0,0.3530422127327504,8,214.0,0.30280028471144693,16,322.0
1135.0,16,281.0,6.690476190476191,5.575970218344464,10,136.0,0.3447123122813794,6,198.0,0.39078999355508803,16,334.0
1140.0,17,351.0,9.0,6.694062771765965,11,164.0,0.4761808764656143,6,221.0,0.4559449642509313,17,385.0
1145.0,15,185.0,4.404761904761905,4.505190644801959,9,170.0,0.26938799963804916,6,127.0,0.3942748787010371,15,297.0
1150.0,18,236.0,4.816326530612245,5.770556758252527,9,164.0,0.3210666607966058,9,104.0,0.39126157703315134,18,268.0
1155.0,16,135.0,2.3275862068965516,6.234226221100621,9,136.0,0.29344579437011664,7,91.0,0.46729040954997775,16,227.0
1160.0,16,183.0,3.05,7.419645296083675,13,168.0,0.2748956528839907,3,59.0,0.5927954464618269,16,227.0
1165.0,16,202.0,3.4827586206896552,6.713938881669064,13,207.0,0.19229001972716123,3,44.0,0.5329122184336174,16,251.0
1170.0,16,242.0,4.321428571428571,7.3096154836423874,8,219.0,0.3912256618644878,8,74.0,0.37126013994673523,16,293.0
1175.0,20,213.0,4.096153846153846,5.268798759793693,8,189.0,0.3619129635491948,12,117.0,0.18605804444154117,20,306.0
1180.0,23,283.0,5.4423076923076925,4.838497675740408,11,169.0,0.34680420251093386,12,168.0,0.18303380212211615,23,337.0
1185.0,22,298.0,5.96,4.308423385559374,11,195.0,0.22045192972147187,11,186.0,0.3294995576880287,22,381.0
1190.0,15,301.0,6.02,5.697837072902087,8,202.0,0.21641508140191182,7,149.0,0.4158903762926002,15,351.0
1195.0,12,242.0,4.938775510204081,5.419074987308389,8,196.0,0.16844695431883538,4,116.0,0.28379086943450543,12,312.0
1200.0,20,293.0,5.425925925925926,6.659089936886305,12,221.0,0.27793840551529303,8,101.0,0.3404947091918807,20,322.0
1205.0,17,269.0,5.604166666666667,6.696994013432042,10,251.0,0.37155993496059897,7,65.0,0.3550239524994028,17,316.0
1210.0,12,289.0,6.4222222222222225,7.278026112699934,5,242.0,0.41244091370889746,7,93.0,0.4448100796302829,12,335.0
1215.0,14,127.0,2.702127659574468,5.507673106708305,5,136.0,0.31697793676527863,9,102.0,0.31921194962681443,14,238.0
1220.0,17,196.0,4.170212765957447,6.514788890629146,9,116.0,0.3869555010066257,8,131.0,0.4433512030179309,17,247.0
1225.0,13,150.0,3.260869565217391,5.740970875601856,7,123.0,0.36884991207398077,6,113.0,0.425251335976878,13,236.0
1230.0,12,156.0,3.25,7.270210730237852,5,106.0,0.48523592676465704,7,80.0,0.38133134951907105,12,186.0
1235.0,12,136.0,2.9565217391304346,5.821615552057052,5,120.0,0.22731792763060096,7,69.0,0.3031123535590475,12,189.0
1240.0,17,187.0,3.74,6.962238147917666,10,147.0,0.3821866519007274,7,73.0,0.33878846469654755,17,220.0
1245.0,16,201.0,4.276595744680851,6.153370384964019,9,168.0,0.3157146165651722,7,87.0,0.40135881753980884,16,255.0
1250.0,13,219.0,4.866666666666666,7.027882786019691,6,166.0,0.44360884870869094,7,82.0,0.454145384567428,13,248.0
1255.0,10,245.0,5.568181818181818,6.45027893755764,4,173.0,0.4469992547535011,6,108.0,0.3395737266731482,10,281.0
1260.0,17,320.0,7.2727272727272725,6.671667159289609,9,201.0,0.43260451194727667,8,142.0,0.3804740884374424,17,343.0
1265.0,13,200.0,4.651162790697675,6.087527346263062,6,156.0,0.45755731402715244,7,123.0,0.30598607617156665,13,279.0
1270.0,17,234.0,4.9787234042553195,6.3397522355728455,10,192.0,0.34930515189083616,7,72.0,0.44254181003094684,17,264.0
1275.0,17,221.0,4.092592592592593,6.118427388610828,10,209.0,0.32540939049459733,7,74.0,0.4573302144294374,17,283.0
1280.0,14,248.0,4.428571428571429,7.914365194813267,7,205.0,0.45528129219712116,7,86.0,0.5382655158546635,14,291.0
1285.0,13,112.0,2.1538461538461537,6.880285779895648,7,108.0,0.42175691479545646,6,91.0,0.4369035078294977,13,199.0
1290.0,20,168.0,3.111111111111111,5.673742240124234,12,104.0,0.21097311157880597,8,98.0,0.2795818107141058,20,202.0
1295.0,18,151.0,2.7454545454545456,5.899629645598813,11,134.0,0.16380937891207176,7,91.0,0.4292403291784765,18,225.0
1300.0,16,199.0,3.826923076923077,6.808792739824249,9,144.0,0.35593004610849494,7,96.0,0.3597906905796065,16,240.0
1305.0,16,160.0,2.962962962962963,6.533274057483998,10,158.0,0.35699944185722793,6,100.0,0.36606254490455087,16,258.0
1310.0,14,181.0,3.693877551020408,6.692398814640341,9,158.0,0.3375688242146045,5,93.0,0.43666524822971475,14,251.0
1315.0,13,119.0,2.4285714285714284,6.409344629001695,9,161.0,0.27189377550133176,4,61.0,0.5277068013005353,13,222.0
1320.0,19,204.0,4.0,6.4952803532259145,14,213.0,0.2895424943480946,5,60.0,0.5403944894417817,19,273.0
1325.0,19,210.0,3.888888888888889,5.579380712333195,13,249.0,0.329531054754874,6,57.0,0.37335831668926983,19,306.0
1330.0,17,249.0,4.69811320754717,6.491452862733658,12,269.0,0.33582566462463737,5,66.0,0.46094415923964105,17,335.0
1335.0,15,163.0,3.0754716981132075,5.5326018184657,10,252.0,0.2411988435538565,5,51.0,0.4264900147352909,15,303.0
1340.0,17,171.0,3.2264150943396226,6.451493169137591,9,189.0,0.29373416666533375,8,74.0,0.38815683850334776,17,263.0
1345.0,17,209.0,3.8703703703703702,6.003129967078059,10,215.0,0.2680697845955635,7,93.0,0.26381986835954163,17,308.0
1350.0,22,250.0,4.545454545454546,5.931169107134904,14,244.0,0.2565579753284443,8,100.0,0.38595256599701316,22,344.0
1355.0,20,211.0,4.0576923076923075,5.326011235040278,15,251.0,0.27780867684735616,5,94.0,0.4705515269928685,20,345.0
1360.0,18,199.0,4.145833333333333,5.884541998676956,14,232.0,0.262311705642478,4,74.0,0.5447512042740087,18,306.0
1365.0,19,224.0,4.48,4.726087338203871,14,264.0,0.13180045574251018,5,87.0,0.3800754998331246,19,351.0
1370.0,28,350.0,6.481481481481482,5.326103436178674,19,321.0,0.15173755281378712,9,125.0,0.3734022421003129,28,446.0
1375.0,21,309.0,5.722222222222222,5.8706367768161885,15,342.0,0.21892708197303526,6,123.0,0.45225200712851005,21,465.0
1380.0,15,237.0,4.3090909090909095,6.849492129429632,7,278.0,0.35233684444603286,8,129.0,0.4321603879741852,15,407.0
1385.0,15,216.0,4.0,7.079126925203182,8,207.0,0.44008873682876587,7,128.0,0.4308143533880622,15,335.0
1390.0,17,258.0,4.867924528301887,7.320104924387249,8,178.0,0.5296764909910637,9,157.0,0.3489574422626389,17,335.0
1395.0,11,172.0,3.6595744680851063,6.46943405206312,6,130.0,0.5318481411735495,5,160.0,0.2944149770262808,11,290.0
1400.0,16,194.0,4.217391304347826,6.97104362878965,8,101.0,0.5084887049207949,8,132.0,0.31549262909777515,16,233.0
1405.0,18,217.0,4.428571428571429,5.480879382833487,10,110.0,0.2729081361171196,8,168.0,0.2773286755189775,18,278.0
1410.0,20,287.0,5.74,6.393144021283746,13,152.0,0.2553423588046948,7,196.0,0.4943512171615521,20,348.0
1415.0,20,200.0,4.0,5.301879077597551,13,168.0,0.2470040395851701,7,108.0,0.4494750036880874,20,276.0
1420.0,21,276.0,5.872340425531915,5.182123482670423,11,177.0,0.32885993200231695,10,156.0,0.3058721760836805,21,333.0
1425.0,20,242.0,4.566037735849057,4.805891818182076,9,148.0,0.2795107740828916,11,176.0,0.255964837493582,20,324.0
1430.0,17,251.0,4.921568627450981,6.250116387611728,11,158.0,0.3202465463342996,6,160.0,0.3429895848212995,17,318.0
1435.0,16,167.0,3.2745098039215685,5.774303915863314,10,155.0,0.170364406778033,6,145.0,0.3997609663803993,16,300.0
1440.0,19,205.0,3.9423076923076925,6.023848623487633,9,155.0,0.1820874688966744,10,146.0,0.41484948733047416,19,301.0
1445.0,22,284.0,5.68,5.699918911370221,11,185.0,0.2687109144573892,11,173.0,0.3715118879692603,22,358.0
1450.0,21,301.0,5.788461538461538,5.122555502764568,7,187.0,0.3157794902668748,14,233.0,0.30596138690020064,21,420.0
1455.0,21,304.0,5.735849056603773,5.621639623736626,7,134.0,0.3818929025427118,14,262.0,0.313803590420972,21,396.0
1460.0,15,233.0,4.236363636363636,6.330534285323057,7,115.0,0.3373212194464615,8,224.0,0.3838039509936486,15,339.0
1465.0,17,312.0,5.672727272727273,6.395517071310552,9,141.0,0.22018998467752435,8,214.0,0.4073862990852851,17,355.0
1470.0,17,317.0,5.87037037037037,5.8138185376308,9,164.0,0.232038296368381,8,207.0,0.3560843576076017,17,371.0
1475.0,25,421.0,7.517857142857143,5.854905379017536,11,192.0,0.3216656948926713,14,262.0,0.31087724634608704,25,454.0
1480.0,21,418.0,7.6,4.943581616620287,7,203.0,0.3782709243881931,14,306.0,0.2554861990370461,21,509.0
1485.0,23,486.0,8.23728813559322,6.157455511450453,6,172.0,0.5288054727102823,17,348.0,0.2328709278613345,23,520.0
1490.0,21,375.0,6.3559322033898304,5.447238080929483,6,75.0,0.4854933791768941,15,391.0,0.17678781845283142,21,466.0
1495.0,21,362.0,6.135593220338983,6.074030842259617,11,93.0,0.38286197995463633,10,380.0,0.26281679312482664,21,473.0
1500.0,22,225.0,3.8793103448275863,5.286158863263947,13,112.0,0.28663424600428083,9,296.0,0.2851376515161877,22,408.0
1505.0,27,248.0,3.875,5.550370291731586,15,154.0,0.272851630546138,12,203.0,0.3206341894885991,27,357.0
1510.0,27,237.0,3.8225806451612905,5.6234975962919895,13,188.0,0.3261633765699434,14,220.0,0.35003187173529177,27,408.0
1515.0,22,283.0,4.964912280701754,5.779402246225534,9,195.0,0.42772743207176667,13,234.0,0.26650522365235035,22,429.0
1520.0,20,209.0,3.542372881355932,4.4289873606478585,8,175.0,0.3136382049234647,12,236.0,0.08173003697785139,20,411.0
1525.0,22,195.0,3.25,4.997291726708235,15,181.0,0.19213428280563188,7,179.0,0.25212513595611297,22,360.0
1530.0,22,189.0,3.5,5.170563384296377,16,222.0,0.18948157340054841,6,145.0,0.382021892876812,22,367.0
1535.0,29,317.0,5.763636363636364,4.832838881040137,19,280.0,0.21367931198610884,10,179.0,0.30733543577444766,29,459.0
1540.0,25,354.0,6.2105263157894735,4.520600609910662,15,314.0,0.29969588132817765,10,184.0,0.31524206306321556,25,498.0
1545.0,17,312.0,5.379310344827586,6.324494871283832,12,290.0,0.3289102406782769,5,149.0,0.47120971475500295,17,439.0
1550.0,13,147.0,2.4915254237288136,5.9905449848667365,10,266.0,0.28641644458621957,3,82.0,0.4538352755756891,13,348.0
1555.0,20,154.0,2.610169491525424,5.755471931288166,12,210.0,0.3208762403922565,8,86.0,0.30643321353984376,20,296.0
1560.0,24,214.0,3.6271186440677967,5.156958101576169,15,228.0,0.3231270151393908,9,116.0,0.2802342352742158,24,344.0
1565.0,22,282.0,4.947368421052632,5.8225228867921786,10,216.0,0.36531551922313976,12,171.0,0.3000758853448742,22,387.0
1570.0,23,306.0,5.275862068965517,4.680716431740029,15,240.0,0.21663160532513545,8,175.0,0.29103080841067674,23,415.0
1575.0,26,345.0,5.655737704918033,5.190337087820226,19,300.0,0.13101540348821597,7,137.0,0.4309864723506931,26,437.0
1580.0,26,269.0,4.483333333333333,5.349179798321477,20,336.0,0.1676788332182064,6,89.0,0.5290972164002951,26,425.0
1585.0,28,384.0,6.4,5.503507299564071,18,374.0,0.21064811396456934,10,121.0,0.4917744184651795,28,495.0
1590.0,25,367.0,6.327586206896552,4.157431752356442,17,404.0,0.22747577828163987,8,116.0,0.35624318595010024,25,520.0
1595.0,24,373.0,6.322033898305085,5.039343392649654,12,371.0,0.3182295763735472,12,139.0,0.29275194657145914,24,510.0
1600.0,29,392.0,6.222222222222222,4.016095458958428,15,410.0,0.23518441886505748,14,152.0,0.10325595936291276,29,562.0
1605.0,24,413.0,6.257575757575758,5.025887534249,18,450.0,0.22359699970880775,6,131.0,0.273014184164725,24,581.0
1610.0,25,469.0,6.797101449275362,5.663130955099222,18,484.0,0.26521925933824,7,135.0,0.40087439637114386,25,619.0
1615.0,24,534.0,7.852941176470588,5.72941686371005,12,482.0,0.29740500808781906,12,184.0,0.3658999903819855,24,666.0
1620.0,25,482.0,7.415384615384616,5.484506312484859,14,447.0,0.2917508665750443,11,207.0,0.31058044291504666,25,654.0
1625.0,25,338.0,5.540983606557377,5.093774600496218,16,388.0,0.13326180534503665,9,194.0,0.3087533055509428,25,582.0
1630.0,29,405.0,6.982758620689655,3.9616019549985055,16,433.0,0.0631335851270853,13,239.0,0.2740048584051556,29,672.0
1635.0,32,536.0,9.403508771929825,4.537761618529538,18,474.0,0.15753952682530545,14,292.0,0.27538923198536447,32,766.0
1640.0,26,581.0,10.017241379310345,4.913806537129132,16,489.0,0.2669127832996191,10,303.0,0.31350812569676556,26,792.0
1645.0,27,688.0,11.466666666666667,4.983089773409985,13,437.0,0.2675155096133009,14,340.0,0.26444422533933665,27,777.0
1650.0,25,419.0,6.650793650793651,5.155413098611787,12,388.0,0.25758184601649947,13,292.0,0.3556801213047231,25,680.0
1655.0,25,443.0,6.712121212121212,6.1321890382653,13,340.0,0.3905544270070719,12,224.0,0.3786617761513671,25,564.0
1660.0,28,315.0,4.7727272727272725,5.340448991618197,13,324.0,0.3971485891379789,15,215.0,0.2720791242506931,28,539.0
1665.0,18,135.0,2.0454545454545454,5.769074162621402,10,220.0,0.3949480592225835,8,154.0,0.2120352367035281,18,374.0
1670.0,20,147.0,2.1940298507462686,5.2010910561377965,16,248.0,0.1832880378871369,4,122.0,0.28207315596985033,20,370.0
1675.0,28,205.0,3.0597014925373136,5.333099389960675,19,295.0,0.17510060955125104,9,148.0,0.3306327422837073,28,443.0
1680.0,29,254.0,3.9076923076923076,4.349671639922714,19,318.0,0.22826653202499717,10,163.0,0.3277746786558729,29,481.0
1685.0,25,301.0,4.854838709677419,5.366276597578235,18,344.0,0.2609938817167842,7,147.0,0.39962835962038307,25,491.0
1690.0,26,322.0,5.111111111111111,4.607250808583262,18,368.0,0.2059597033801394,8,158.0,0.3710399065517147,26,526.0
1695.0,26,372.0,5.636363636363637,4.592009983938694,14,343.0,0.26291429888257245,12,193.0,0.28168412594228476,26,536.0
1700.0,29,343.0,5.044117647058823,4.588515113614373,14,335.0,0.3312609638087781,15,245.0,0.17716539036768908,29,580.0
1705.0,30,415.0,6.1940298507462686,5.637039729513387,12,283.0,0.37494536202126455,18,297.0,0.2789922175857595,30,580.0
1710.0,29,431.0,6.53030303030303,4.472927750738927,14,307.0,0.2822276323135815,15,322.0,0.25461720865830406,29,629.0
1715.0,26,335.0,4.855072463768116,4.5092610835268685,17,303.0,0.21546353176076066,9,292.0,0.30869712843443453,26,595.0
1720.0,22,273.0,3.9,4.878836069198671,15,356.0,0.22281010433222637,7,224.0,0.3701176609773121,22,580.0
1725.0,30,347.0,4.819444444444445,5.189142735330934,18,407.0,0.252578452820143,12,197.0,0.3354014352208571,30,604.0
1730.0,35,381.0,5.219178082191781,4.519803069565453,18,418.0,0.23873092850294333,17,220.0,0.2731174338779555,35,638.0
1735.0,31,443.0,6.152777777777778,4.760586470084946,18,471.0,0.22270361613972317,13,210.0,0.32929185979913644,31,681.0
1740.0,29,352.0,4.957746478873239,4.305101539166209,20,465.0,0.13827876689366977,9,177.0,0.33282005863072245,29,642.0
1745.0,26,316.0,4.450704225352113,5.533710132318979,13,429.0,0.3376344876029129,13,156.0,0.22798490643442093,26,585.0
1750.0,29,401.0,5.728571428571429,5.177558246554742,14,433.0,0.34783264316394824,15,208.0,0.14174248864522954,29,641.0
1755.0,31,508.0,7.257142857142857,5.44267235755608,13,423.0,0.3416795528963117,18,260.0,0.15832506833123974,31,683.0
1760.0,31,605.0,8.642857142857142,5.780070205844212,17,471.0,0.3431151264674169,14,305.0,0.32255592315235077,31,776.0
1765.0,22,599.0,8.808823529411764,5.790875416267048,16,538.0,0.27358720120250013,6,271.0,0.4435565206388976,22,809.0
1770.0,24,579.0,8.772727272727273,5.2340261081587665,17,596.0,0.18944260895462953,7,217.0,0.33580647931130825,24,813.0
1775.0,28,563.0,8.402985074626866,4.889771520112669,15,611.0,0.15855015538481437,13,190.0,0.2145355717439106,28,801.0
1780.0,31,597.0,9.629032258064516,4.614488898702932,17,601.0,0.19833811764363776,14,222.0,0.2133328520140703,31,823.0
1785.0,26,534.0,8.754098360655737,4.713792377383227,16,566.0,0.15175363106815706,10,189.0,0.31533871784759754,26,755.0
1790.0,23,307.0,4.951612903225806,5.236526997900919,13,444.0,0.14854726636211968,10,205.0,0.3542526972120197,23,649.0
1795.0,26,380.0,6.440677966101695,6.303603875907289,13,373.0,0.27233267791590154,13,219.0,0.41377118967759396,26,592.0
1800.0,24,286.0,5.017543859649122,5.320096587146916,10,382.0,0.2473112600031339,14,208.0,0.3020431024233681,24,590.0
1805.0,27,331.0,6.12962962962963,4.696891338319746,11,345.0,0.26308100581586075,16,220.0,0.17708941432763672,27,565.0
1810.0,28,397.0,7.218181818181818,3.845795341328069,9,317.0,0.3216146890342875,19,282.0,0.05132906828263426,28,599.0
1815.0,30,483.0,8.327586206896552,4.973493185031564,10,283.0,0.44797055646956724,20,326.0,0.1430925187167537,30,609.0
1820.0,26,401.0,6.913793103448276,4.848790637533955,11,242.0,0.3605905045599636,15,341.0,0.3157775537691589,26,583.0
1825.0,23,329.0,5.576271186440678,5.725924309636199,15,292.0,0.2963070984004389,8,272.0,0.42175860612933863,23,564.0
1830.0,23,382.0,6.47457627118644,5.219834868057816,15,322.0,0.17568284997097364,8,223.0,0.40873064097813117,23,545.0
1835.0,20,421.0,6.790322580645161,6.328692064275882,9,315.0,0.26566819674276665,11,222.0,0.33643044404305694,20,537.0
1840.0,19,420.0,6.885245901639344,5.642848241888991,9,324.0,0.23964390641685185,10,244.0,0.2136967721253757,19,568.0
1845.0,26,507.0,8.311475409836065,6.1117683254009965,11,355.0,0.3787810555037611,15,268.0,0.1849956353202699,26,623.0
1850.0,23,430.0,7.543859649122807,5.303954853566757,11,370.0,0.40029569059179376,12,248.0,0.2102195873783029,23,618.0
1855.0,23,489.0,8.288135593220339,6.407913232790597,11,370.0,0.47637221549415787,12,201.0,0.29183117331214314,23,571.0
1860.0,22,487.0,8.116666666666667,5.643221121153305,11,404.0,0.375354070763036,11,187.0,0.25021322373421273,22,591.0
1865.0,25,580.0,9.206349206349206,6.455911637423387,13,455.0,0.3467573881338989,12,206.0,0.3853515052229012,25,661.0
1870.0,27,563.0,9.542372881355933,4.906696208070045,17,505.0,0.18650751097348386,10,206.0,0.4161406718083689,27,711.0
1875.0,30,588.0,10.31578947368421,4.551826252338533,22,563.0,0.06593148407834494,8,139.0,0.45836348721543013,30,702.0
1880.0,26,606.0,10.821428571428571,4.028049975477527,19,624.0,0.04632628231401887,7,127.0,0.36722040157203534,26,751.0
1885.0,25,638.0,11.392857142857142,5.331283109016728,13,641.0,0.24992296372958836,12,123.0,0.2871983794302186,25,764.0
1890.0,24,655.0,11.696428571428571,4.295387073360463,10,650.0,0.24154701064593614,14,159.0,0.2048046684483883,24,809.0
1895.0,28,771.0,13.767857142857142,5.515676014810238,13,660.0,0.37589265972601815,15,229.0,0.2741212437655324,28,889.0
1900.0,23,571.0,10.017543859649123,5.559158125303556,11,535.0,0.3961219821176931,12,245.0,0.3949180401312954,23,780.0
1905.0,17,239.0,3.918032786885246,6.081408609189297,9,341.0,0.3153458666071248,8,217.0,0.4586690435292797,17,558.0
1910.0,19,194.0,3.2333333333333334,5.30618458638046,12,340.0,0.1988516945951292,7,200.0,0.40234552450137556,19,540.0
1915.0,23,230.0,3.7704918032786887,5.356505383658172,10,339.0,0.23529033955223627,13,225.0,0.31193947957851414,23,564.0
1920.0,22,216.0,3.6610169491525424,4.705940617549523,7,284.0,0.2986784276410463,15,251.0,0.257016433024385,22,535.0
1925.0,26,259.0,4.17741935483871,5.5962793996919,9,193.0,0.4005682060030757,17,238.0,0.2798122109481312,26,431.0
1930.0,24,303.0,4.967213114754099,4.558110237154766,9,222.0,0.38599842687406566,15,261.0,0.19351838125453089,24,483.0
1935.0,21,287.0,4.555555555555555,5.607566639776609,8,253.0,0.3317480195959539,13,244.0,0.2446748560753943,21,497.0
1940.0,22,217.0,3.4444444444444446,4.457092999165429,10,251.0,0.13365780239353553,12,241.0,0.223073074556734,22,492.0
1945.0,30,333.0,4.970149253731344,5.186300559976144,15,299.0,0.2263556260963059,15,258.0,0.2640677231446176,30,557.0
1950.0,30,421.0,6.682539682539683,4.741449977592156,15,347.0,0.33964445255368936,15,292.0,0.2727999210866877,30,639.0
1955.0,18,429.0,6.809523809523809,5.732814101775804,7,329.0,0.3026958388145651,11,274.0,0.37272827040674256,18,603.0
1960.0,19,357.0,5.578125,4.641466359639871,8,302.0,0.1725337614798753,11,243.0,0.23169912702765671,19,545.0
1965.0,28,412.0,6.149253731343284,4.831914114106283,14,291.0,0.2155637227042533,14,247.0,0.21264936284451677,28,538.0
1970.0,29,253.0,4.147540983606557,4.11745013973186,17,275.0,0.2604799707397305,12,233.0,0.19309954760356174,29,508.0
1975.0,28,326.0,5.433333333333334,4.676689705023277,14,252.0,0.3202446176768656,14,242.0,0.20842753081592016,28,494.0
1980.0,28,327.0,5.274193548387097,4.3869716979025855,14,261.0,0.24816129976852958,14,266.0,0.23431069179129888,28,527.0
1985.0,19,250.0,3.9682539682539684,5.961017668501467,9,217.0,0.27709945444782264,10,249.0,0.320548322189358,19,466.0
1990.0,19,200.0,3.4482758620689653,5.636477464327037,9,187.0,0.28108515380295873,10,203.0,0.15705580157152088,19,390.0
1995.0,20,183.0,3.1551724137931036,5.77639807577621,10,175.0,0.295561489726963,10,179.0,0.21023461315337238,20,354.0
2000.0,25,250.0,4.464285714285714,5.27011283291677,15,208.0,0.29335126521810695,10,208.0,0.18376402023802352,25,416.0
2005.0,23,283.0,5.053571428571429,6.158528102085192,15,230.0,0.28542255984248727,8,213.0,0.4142120254800475,23,443.0
2010.0,23,263.0,4.4576271186440675,6.166974045630237,16,240.0,0.27906077062552487,7,193.0,0.429846219758124,23,433.0
2015.0,22,280.0,5.0,6.177360080302258,15,266.0,0.3084087109776884,7,159.0,0.524414761063009,22,425.0
2020.0,16,137.0,2.537037037037037,5.1461212086923735,9,225.0,0.28135769592958615,7,130.0,0.35038027155684953,16,355.0
2025.0,20,197.0,3.6481481481481484,5.078680616346035,9,196.0,0.3405706606477699,11,134.0,0.19879234933882783,20,330.0
2030.0,21,191.0,3.23728813559322,5.0662915924264915,9,213.0,0.3223119129594644,12,120.0,0.21656393010509287,21,333.0
2035.0,23,263.0,4.4576271186440675,5.8796852444903145,12,243.0,0.34233207475420907,11,151.0,0.367570204441364,23,394.0
2040.0,22,268.0,4.620689655172414,5.315418545330762,14,273.0,0.23248369991041326,8,151.0,0.478541552508232,22,424.0
2045.0,15,198.0,3.6,5.9850378264455095,12,264.0,0.233296928499094,3,92.0,0.4814011910436263,15,356.0
2050.0,16,258.0,4.777777777777778,6.1228935662624515,11,291.0,0.2819727444139835,5,91.0,0.32344602544339934,16,382.0
2055.0,19,233.0,4.314814814814815,5.825400376544409,9,248.0,0.23964150793061362,10,122.0,0.244443610093781,19,370.0
2060.0,23,319.0,6.38,5.71736479827857,14,249.0,0.3150003998532591,9,129.0,0.23293937574690313,23,378.0
2065.0,17,248.0,5.636363636363637,5.104351560116928,12,218.0,0.21388938948173694,5,111.0,0.335245350778823,17,329.0
2070.0,15,222.0,4.933333333333334,6.324859511478908,11,222.0,0.2735708195163331,4,72.0,0.43563240313356477,15,294.0
2075.0,18,209.0,4.8604651162790695,6.256792645438912,12,214.0,0.30989816009278437,6,69.0,0.42375195912159347,18,283.0
2080.0,18,247.0,5.880952380952381,6.097478526508605,12,207.0,0.34078047839020137,6,88.0,0.41128867878723213,18,295.0
2085.0,20,233.0,5.177777777777778,4.379019820027242,10,209.0,0.27324078530810997,10,116.0,0.28986928544605695,20,325.0
2090.0,18,189.0,3.9375,5.80714283145165,7,133.0,0.3843113097736804,11,137.0,0.35188053848638345,18,270.0
2095.0,19,229.0,4.673469387755102,4.646510818102323,5,128.0,0.3081748711513247,14,203.0,0.223261965052813,19,331.0
2100.0,26,254.0,4.7924528301886795,4.970438510768808,13,161.0,0.33206278006317735,13,218.0,0.2103312561437139,26,379.0
2105.0,15,196.0,3.769230769230769,5.430493275769985,9,162.0,0.2975753273780327,6,161.0,0.25476078752002784,15,323.0
2110.0,14,129.0,2.480769230769231,6.173034117515859,7,140.0,0.2970224964611475,7,141.0,0.27306983085362785,14,281.0
2115.0,16,126.0,2.4705882352941178,5.7418149291748435,6,112.0,0.2268533619740383,10,151.0,0.26477380776916504,16,263.0
2120.0,21,198.0,3.8823529411764706,6.135071607667311,10,137.0,0.24624898880127535,11,196.0,0.2985806269527447,21,333.0
2125.0,17,245.0,5.104166666666667,6.282255205956457,6,145.0,0.3642987684086129,11,225.0,0.314115968060834,17,370.0
2130.0,15,267.0,5.680851063829787,6.424066471549405,4,119.0,0.5332789518711076,11,253.0,0.23753538457489945,15,372.0
2135.0,16,296.0,6.7272727272727275,6.8059182572679875,5,102.0,0.5824404345467658,11,289.0,0.23653645383821656,16,391.0
2140.0,16,266.0,6.045454545454546,6.16043076397385,7,128.0,0.41744134488849644,9,257.0,0.36204942078495245,16,385.0
2145.0,11,113.0,2.6904761904761907,5.686100824974676,7,108.0,0.2005934581017395,4,155.0,0.43541212386500333,11,263.0
2150.0,17,179.0,4.068181818181818,6.195451500003454,11,98.0,0.2035372289565477,6,121.0,0.42973075548301776,17,219.0
2155.0,18,206.0,4.382978723404255,5.71246369791898,10,116.0,0.24924904127963737,8,128.0,0.3292012684378484,18,244.0
2160.0,10,162.0,3.4468085106382977,7.341667456695377,4,91.0,0.4584827186256491,6,121.0,0.4632268527196666,10,212.0
2165.0,9,177.0,3.6875,7.934203461608952,3,74.0,0.5048535897453276,6,129.0,0.46489285082678894,9,203.0
2170.0,11,129.0,2.63265306122449,8.4424433622634,5,98.0,0.48803408153645567,6,94.0,0.5600688129554923,11,192.0
2175.0,12,140.0,2.857142857142857,8.080826506524165,6,110.0,0.44661289407935834,6,71.0,0.5948953947555248,12,181.0
2180.0,15,199.0,4.145833333333333,6.932881174442083,7,145.0,0.3935880653003776,8,101.0,0.526582363531831,15,246.0
2185.0,21,228.0,4.56,5.518272783346573,9,139.0,0.39693457085356004,12,149.0,0.3608365698263033,21,288.0
2190.0,24,314.0,6.1568627450980395,4.36622009305258,10,160.0,0.38808257590257145,14,203.0,0.2221868729523905,24,363.0
2195.0,25,413.0,7.509090909090909,4.822325765231976,10,208.0,0.40034990688424793,15,262.0,0.24770779289008313,25,470.0
2200.0,24,421.0,7.385964912280702,4.193587117894818,11,242.0,0.29442599620484783,13,274.0,0.25929697735877755,24,516.0
2205.0,22,338.0,5.9298245614035086,4.715832916994859,11,203.0,0.23194037475936805,11,255.0,0.3426999255008501,22,458.0
2210.0,16,173.0,2.9827586206896552,4.892717431616602,6,123.0,0.2757827086602692,10,218.0,0.2297567978050634,16,341.0
2215.0,20,195.0,3.4210526315789473,5.500238530219466,4,123.0,0.39103411954671424,16,215.0,0.12814415381157052,20,338.0
2220.0,27,268.0,4.785714285714286,4.928214563083581,11,142.0,0.33250571520297334,16,268.0,0.11910782748788962,27,410.0
2225.0,23,340.0,6.415094339622642,4.909979665148235,11,157.0,0.252192465862251,12,285.0,0.22838179263844022,23,442.0
2230.0,17,261.0,4.9245283018867925,5.24217287775139,7,137.0,0.2725284509335841,10,260.0,0.19249776756773573,17,397.0
2235.0,18,293.0,5.232142857142857,6.518293208813797,5,105.0,0.3331291721415708,13,266.0,0.2865634959351597,18,371.0
2240.0,21,309.0,5.618181818181818,6.952327991059798,8,122.0,0.3547864068104229,13,288.0,0.37203453333729286,21,410.0
2245.0,18,294.0,5.547169811320755,6.722739579857597,8,165.0,0.42115178616289617,10,262.0,0.40548173537034093,18,427.0
2250.0,15,263.0,4.962264150943396,5.253754078679931,6,165.0,0.31472446656436537,9,262.0,0.4075889056128524,15,427.0
2255.0,15,286.0,5.5,6.0103069253913946,7,174.0,0.42480564496975776,8,248.0,0.3596148902552881,15,422.0
2260.0,16,305.0,5.754716981132075,6.685454293035926,5,146.0,0.43255717968224383,11,276.0,0.30833261797917805,16,422.0
2265.0,20,363.0,6.722222222222222,6.048199663328595,6,153.0,0.38101717974056887,14,324.0,0.14318930233842903,20,477.0
2270.0,23,442.0,8.5,5.799193624295414,8,177.0,0.36351135328070244,15,377.0,0.2641451508805532,23,554.0
2275.0,21,392.0,7.686274509803922,6.101225739250039,8,209.0,0.452676770444749,13,322.0,0.3653798088845957,21,531.0
2280.0,19,289.0,5.452830188679245,5.893169631774346,6,101.0,0.5342640785108886,13,318.0,0.31965053864297954,19,419.0
2285.0,22,316.0,5.642857142857143,5.38156198640638,10,125.0,0.40978917895870576,12,340.0,0.282802328535654,22,465.0
2290.0,22,325.0,5.701754385964913,5.0851267785067975,11,136.0,0.268318657980863,11,342.0,0.2789528538640395,22,478.0
2295.0,20,291.0,5.105263157894737,5.555934563531087,8,106.0,0.210020523649309,12,318.0,0.2705201735413329,20,424.0
2300.0,22,213.0,3.736842105263158,5.340366904908416,8,116.0,0.2362076434739225,14,267.0,0.207191822505114,22,383.0
2305.0,26,253.0,4.517857142857143,4.296324824006062,13,146.0,0.2259750096572394,13,290.0,0.18894533841485028,26,436.0
2310.0,24,298.0,5.0508474576271185,5.5880625055494715,10,174.0,0.40638649732279436,14,301.0,0.2559141446270696,24,475.0
2315.0,25,349.0,5.721311475409836,6.669242628319212,11,182.0,0.48054583464699113,14,337.0,0.349960822563974,25,519.0
2320.0,25,334.0,5.301587301587301,6.185661096892139,11,192.0,0.5112177395575874,14,333.0,0.2960625364095979,25,525.0
2325.0,19,228.0,3.6774193548387095,5.235380540153366,5,140.0,0.4835066427818272,14,344.0,0.17873177966611553,19,484.0
2330.0,20,233.0,3.640625,4.970260938314012,9,165.0,0.31227121678598874,11,307.0,0.23769220037323613,20,472.0
2335.0,24,254.0,4.031746031746032,5.540250841645298,16,212.0,0.16306296046476562,8,252.0,0.36739514751782126,24,464.0
2340.0,28,318.0,4.892307692307693,5.3927784944662935,16,247.0,0.20510564592356598,12,193.0,0.3302019126835097,28,440.0
2345.0,24,358.0,5.868852459016393,5.67766393268761,12,249.0,0.3343731612699569,12,209.0,0.25493291304448706,24,458.0
2350.0,23,410.0,7.068965517241379,4.728341857572714,10,278.0,0.3027499860080465,13,225.0,0.1781823986400603,23,503.0
2355.0,26,474.0,7.523809523809524,4.901012596005862,13,325.0,0.3207241909645198,13,247.0,0.17579129612509115,26,572.0
2360.0,23,413.0,6.883333333333334,5.855361899146465,12,327.0,0.3309832346928744,11,225.0,0.29632832284234645,23,552.0
2365.0,27,391.0,6.2063492063492065,5.509979988082747,17,338.0,0.25329136086406256,10,189.0,0.35482986242250325,27,527.0
2370.0,24,444.0,6.3428571428571425,6.272610801701101,14,371.0,0.33479146086858197,10,174.0,0.4453641672764879,24,545.0
2375.0,22,435.0,6.126760563380282,7.050423297404745,11,357.0,0.45958149532942716,11,182.0,0.42013275119218724,22,539.0
2380.0,24,361.0,5.388059701492537,5.668977885617778,11,283.0,0.3441183576523347,13,203.0,0.34070285155189955,24,486.0
2385.0,30,310.0,4.84375,4.089589914835472,16,244.0,0.20992331233655184,14,222.0,0.2488174783104515,30,466.0
2390.0,33,361.0,5.918032786885246,3.410063889401647,19,306.0,0.11573701321312854,14,221.0,0.24887338702957623,33,527.0
2395.0,34,324.0,5.491525423728813,3.1799241724834784,21,359.0,0.08432434317559424,13,204.0,0.23608578691532128,34,563.0
2400.0,30,339.0,5.467741935483871,3.945452356426928,18,407.0,0.19052261432009526,12,191.0,0.2103321633821498,30,598.0
2405.0,31,402.0,6.483870967741935,4.406324397263179,20,426.0,0.1966004156787341,11,216.0,0.3031377748469779,31,642.0
2410.0,32,463.0,7.234375,4.616224643341182,17,457.0,0.19978515525894402,15,263.0,0.353559348593921,32,720.0
2415.0,24,371.0,5.796875,4.985209180059917,12,410.0,0.18443418103851653,12,284.0,0.3802844488705733,24,694.0
2420.0,19,401.0,6.573770491803279,5.335525277756188,11,382.0,0.2697793737022747,8,247.0,0.24796894972407613,19,629.0
2425.0,18,299.0,4.901639344262295,6.0294479351120955,11,340.0,0.21591162683593784,7,173.0,0.3426442645617827,18,513.0
2430.0,24,293.0,4.883333333333334,5.487438943729407,14,318.0,0.24497901647401327,10,163.0,0.30315427503292663,24,481.0
2435.0,25,309.0,5.327586206896552,5.26821079934248,13,325.0,0.29713825896974827,12,169.0,0.3204891725807907,25,494.0
2440.0,23,310.0,5.43859649122807,5.499637467523007,11,298.0,0.37546383754010504,12,204.0,0.30922455470274174,23,502.0
2445.0,25,299.0,4.82258064516129,4.96157995305683,12,295.0,0.3242032401141196,13,234.0,0.29216398532554577,25,529.0
2450.0,17,263.0,4.5344827586206895,5.9568444739197,9,270.0,0.34917752999937157,8,213.0,0.3496647430196089,17,483.0
2455.0,18,348.0,6.0,6.17180772538842,10,295.0,0.3119640873113231,8,224.0,0.2800382225856698,18,519.0
2460.0,19,352.0,5.770491803278689,5.516057034093547,13,293.0,0.09960061714898652,6,212.0,0.2892045504400611,19,505.0
2465.0,25,466.0,7.898305084745763,5.980394519662232,14,354.0,0.23465366755811345,11,250.0,0.35065222425496845,25,604.0
2470.0,22,397.0,7.351851851851852,5.820361410959538,10,320.0,0.45442278023582167,12,258.0,0.3147360317941451,22,578.0
2475.0,22,477.0,8.833333333333334,5.848711887564812,8,301.0,0.496776454254527,14,326.0,0.3098145996696588,22,627.0
2480.0,20,415.0,7.410714285714286,5.0899994828703194,9,235.0,0.32585097262506146,11,347.0,0.374691502238975,20,582.0
2485.0,21,419.0,7.482142857142857,5.744441980429083,13,179.0,0.2493401773480946,8,319.0,0.3970771926956073,21,498.0
2490.0,21,312.0,5.473684210526316,5.349200775680227,14,223.0,0.1829715215576026,7,241.0,0.41740998372245824,21,464.0
2495.0,27,371.0,6.288135593220339,5.684715641121979,14,269.0,0.21887801430824533,13,153.0,0.3849019031025026,27,422.0
2500.0,24,315.0,5.338983050847458,5.097744557084911,10,245.0,0.371650885176546,14,195.0,0.30237742282053603,24,440.0
2505.0,15,219.0,3.65,6.4179279489811085,4,148.0,0.4776369349705357,11,226.0,0.2884787339837412,15,374.0
2510.0,15,162.0,2.7,6.626144028807417,5,96.0,0.5320166137603233,10,207.0,0.18754900749939776,15,303.0
2515.0,20,203.0,3.2222222222222223,6.048679943353764,6,89.0,0.40182652473830144,14,173.0,0.09530856471866173,20,262.0
2520.0,22,227.0,3.982456140350877,5.887371289060808,7,81.0,0.45776052168420167,15,218.0,0.10007773727567315,22,299.0
2525.0,14,241.0,4.462962962962963,6.7617203998672375,7,109.0,0.48115162409360246,7,219.0,0.21637517037662687,14,328.0
2530.0,11,114.0,2.28,6.236402649303344,5,79.0,0.48883701326962903,6,169.0,0.3041069407711429,11,248.0
2535.0,21,188.0,3.836734693877551,5.766585212625503,9,97.0,0.40550879945977814,12,183.0,0.28721641339120213,21,280.0
2540.0,19,211.0,4.137254901960785,5.396966862486016,8,101.0,0.3956150552877292,11,192.0,0.29175515489264214,19,293.0
2545.0,16,252.0,4.846153846153846,6.7271712068784915,10,136.0,0.4189009687779575,6,170.0,0.4670368660815885,16,306.0
2550.0,13,160.0,3.018867924528302,6.494488185194269,8,128.0,0.3861151023406226,5,130.0,0.4566673524598638,13,258.0
2555.0,15,158.0,2.925925925925926,7.205101031336194,6,86.0,0.5060606037020575,9,108.0,0.38042398801275484,15,194.0
2560.0,19,151.0,2.7454545454545456,5.53398574876718,7,68.0,0.30603961999827634,12,142.0,0.2105901800652327,19,210.0
2565.0,24,246.0,4.392857142857143,6.36353805930303,9,84.0,0.44500478434051743,15,207.0,0.25013615016276186,24,291.0
2570.0,21,241.0,4.634615384615385,5.423523594309614,8,92.0,0.38272957748665537,13,233.0,0.2939986781269727,21,325.0
2575.0,12,190.0,3.6538461538461537,5.971631070932124,7,103.0,0.26425272186964427,5,205.0,0.4329521912215445,12,308.0
2580.0,15,125.0,2.4038461538461537,5.255322177835371,11,110.0,0.11355805055423526,4,134.0,0.4049286812379744,15,244.0
2585.0,22,196.0,3.5,5.8042795514941785,9,114.0,0.35340129421461675,13,178.0,0.25158902526495175,22,292.0
2590.0,21,222.0,3.8275862068965516,5.8846694618314705,7,119.0,0.47655804429818294,14,226.0,0.18085743362091677,21,345.0
2595.0,24,312.0,5.571428571428571,5.8374214422532384,7,118.0,0.5023508955470878,17,294.0,0.1958218001331146,24,412.0
2600.0,20,338.0,6.377358490566038,5.044558189184134,6,136.0,0.41205681404715094,14,312.0,0.20410414171355207,20,448.0
2605.0,17,291.0,6.191489361702128,5.176470119184776,11,173.0,0.2201837586455097,6,245.0,0.27743878652878173,17,418.0
2610.0,20,204.0,4.08,4.582893431631669,13,191.0,0.06226917067218368,7,207.0,0.25660635757404304,20,398.0
2615.0,24,251.0,4.826923076923077,5.362280477008655,13,196.0,0.2719094986916475,11,196.0,0.28498788783255546,24,392.0
2620.0,20,218.0,4.36,5.586549562509361,10,198.0,0.39295717736166674,10,210.0,0.32606697332196183,20,408.0
2625.0,24,308.0,6.03921568627451,5.626680278297443,11,192.0,0.33835739539388876,13,263.0,0.3749731897434098,24,455.0
2630.0,23,245.0,4.803921568627451,4.068954779522846,12,192.0,0.21563159806364815,11,246.0,0.2800001800521551,23,438.0
2635.0,15,202.0,3.740740740740741,5.4597621746062135,10,167.0,0.2397403854278375,5,160.0,0.3873134082082004,15,327.0
2640.0,16,175.0,2.9661016949152543,6.202944689973997,8,154.0,0.17352784016540682,8,135.0,0.48977402053062563,16,289.0
2645.0,15,154.0,2.610169491525424,6.991486006769375,11,125.0,0.2616374084186829,4,92.0,0.4693348794282122,15,217.0
2650.0,20,174.0,3.0,6.523084500195716,8,126.0,0.3763905776403274,12,98.0,0.3257151627715739,20,224.0
2655.0,21,192.0,3.2,6.045568903930415,7,118.0,0.47105054544207564,14,131.0,0.19104815667312805,21,249.0
2660.0,23,253.0,4.517857142857143,6.462085310597865,6,112.0,0.5351087824282127,17,197.0,0.2997916957962127,23,309.0
2665.0,24,286.0,5.107142857142857,5.710732961564004,9,127.0,0.5025544587531822,15,222.0,0.2997947662522798,24,349.0
2670.0,26,391.0,6.409836065573771,5.442225245888914,9,157.0,0.3966815346772373,17,277.0,0.30712054804032907,26,434.0
2675.0,27,419.0,6.758064516129032,5.220836156813015,12,193.0,0.42198109486980256,15,312.0,0.25387201596041076,27,505.0
2680.0,21,284.0,4.369230769230769,5.128005669909212,11,187.0,0.3180574906342615,10,262.0,0.2942665778505682,21,449.0
2685.0,17,199.0,3.015151515151515,4.5560121934098765,10,163.0,0.17647417921576988,7,243.0,0.29203761253768284,17,406.0
2690.0,26,272.0,4.184615384615385,5.440915201762188,12,201.0,0.296324809362024,14,205.0,0.26696275921847973,26,406.0
2695.0,25,319.0,4.984375,4.8835380640885795,10,229.0,0.25844845457061394,15,216.0,0.20069944557407063,25,445.0
2700.0,24,360.0,5.806451612903226,5.01589667405231,14,258.0,0.27320230384023986,10,199.0,0.21906177453918915,24,457.0
2705.0,21,325.0,5.0,5.613735812655437,13,273.0,0.30193961588317986,8,207.0,0.3131940339285777,21,480.0
2710.0,26,436.0,6.707692307692308,6.325069185020918,12,289.0,0.35813671805531483,14,254.0,0.3864759515776343,26,543.0
2715.0,23,457.0,7.030769230769231,5.613119708487128,10,292.0,0.3123341816770404,13,287.0,0.4004856036776871,23,579.0
2720.0,17,441.0,7.229508196721311,5.916843000371024,9,259.0,0.35839247600041707,8,264.0,0.33073666601487495,17,523.0
2725.0,24,471.0,7.983050847457627,4.7532059406387175,11,278.0,0.2656329908931671,13,271.0,0.1801311769830236,24,549.0
2730.0,28,373.0,6.216666666666667,4.62690327878527,9,175.0,0.2413149052448818,19,320.0,0.13525839299672562,28,495.0
2735.0,30,454.0,7.827586206896552,4.864375737696447,9,118.0,0.3888174979036616,21,409.0,0.18424279791789736,30,527.0
2740.0,27,501.0,8.789473684210526,5.674898653002872,7,119.0,0.5161540108167763,20,480.0,0.22991035262484985,27,599.0
2745.0,26,409.0,7.175438596491228,5.129716899720485,7,121.0,0.48754398329172705,19,438.0,0.21228901744912945,26,559.0
2750.0,27,380.0,6.440677966101695,4.912547091170073,8,105.0,0.3303918365556713,19,413.0,0.2840804741731397,27,518.0
2755.0,30,410.0,6.507936507936508,4.43282642105096,12,139.0,0.2931851287659163,18,424.0,0.2603525491253169,30,563.0
2760.0,23,208.0,3.0588235294117645,5.415178496838552,11,152.0,0.3818417144808384,12,365.0,0.309661026786694,23,517.0
2765.0,15,184.0,2.7058823529411766,6.094629010868137,6,129.0,0.4278370516999532,9,298.0,0.3059228902084719,15,427.0
2770.0,16,264.0,3.7714285714285714,7.196609477134231,6,126.0,0.4737811627526199,10,247.0,0.3776613236541361,16,373.0
2775.0,19,315.0,4.5,6.939365276718507,7,141.0,0.3218168711986909,12,266.0,0.4122289799602307,19,407.0
2780.0,25,325.0,4.7101449275362315,5.450648944642891,14,165.0,0.22399328625104473,11,264.0,0.2884895915186618,25,429.0
2785.0,31,383.0,5.892307692307693,4.867731867587071,12,173.0,0.27299708064335515,19,311.0,0.2294506106008709,31,484.0
2790.0,29,375.0,5.859375,4.810642845465791,13,179.0,0.29117072725985393,16,323.0,0.31413568334919084,29,502.0
2795.0,27,399.0,5.867647058823529,4.854010106287259,12,199.0,0.29332585648693316,15,329.0,0.3119423348457506,27,528.0
2800.0,29,436.0,6.140845070422535,5.251395552723575,13,199.0,0.34951306711547675,16,368.0,0.28779371305479534,29,567.0
2805.0,22,437.0,5.905405405405405,5.942400573990568,12,219.0,0.4054388011675677,10,358.0,0.2431562616064913,22,577.0
2810.0,24,369.0,5.271428571428571,6.105902420911089,14,243.0,0.337739270743845,10,289.0,0.3452928855602377,24,532.0
2815.0,27,342.0,4.75,5.222308304428092,14,284.0,0.30564428484478784,13,225.0,0.297048628629503,27,509.0
2820.0,27,407.0,5.898550724637682,5.382355159482376,13,299.0,0.37667213845465397,14,275.0,0.298765496608732,27,574.0
2825.0,28,343.0,5.119402985074627,4.890677173464958,14,261.0,0.25224507108420097,14,301.0,0.30155384867812657,28,562.0
2830.0,33,378.0,5.323943661971831,4.403674414661213,19,256.0,0.10592346704176624,14,301.0,0.26448040318423893,33,557.0
2835.0,38,419.0,5.819444444444445,4.32901053644953,19,290.0,0.1667196148993315,19,309.0,0.23318357625885108,38,599.0
2840.0,30,470.0,6.714285714285714,5.103546101692497,12,258.0,0.3276076079347386,18,384.0,0.2862899404288374,30,642.0
2845.0,24,484.0,7.0144927536231885,5.169368518361913,10,247.0,0.3749801900279665,14,415.0,0.2110788966170108,24,662.0
2850.0,25,503.0,7.621212121212121,5.129425580382892,11,212.0,0.2993328457317997,14,408.0,0.21277900074280176,25,620.0
2855.0,28,406.0,6.34375,4.656720106415291,13,194.0,0.13690927122762964,15,408.0,0.24996501445142844,28,602.0
2860.0,29,459.0,7.171875,5.0738766225440095,14,196.0,0.20745938458680366,15,433.0,0.3309637459974489,29,629.0
2865.0,24,469.0,7.688524590163935,4.476253777489659,11,207.0,0.2620030654829084,13,468.0,0.3119073738026194,24,675.0
2870.0,21,483.0,7.546875,4.926311553248729,9,183.0,0.29939084888653594,12,479.0,0.2767234815483658,21,662.0
2875.0,21,264.0,3.9402985074626864,4.735509628109507,6,172.0,0.34463885014311707,15,393.0,0.18275397245062433,21,565.0
2880.0,31,307.0,4.323943661971831,5.480919685413539,10,184.0,0.40816833093924426,21,329.0,0.18386841754054764,31,513.0
2885.0,30,300.0,4.545454545454546,4.767049630161061,8,143.0,0.4430447503123999,22,386.0,0.2034946563954547,30,529.0
2890.0,32,375.0,5.681818181818182,4.542866950454497,12,174.0,0.3340556432213737,20,413.0,0.23061602918985669,32,587.0
2895.0,32,391.0,6.015384615384615,3.7663202861694955,14,195.0,0.28287744946505133,18,452.0,0.19877862384536957,32,647.0
2900.0,29,359.0,5.609375,3.9860396731344414,12,189.0,0.26345991049270795,17,449.0,0.13196026007199083,29,638.0
2905.0,23,318.0,5.213114754098361,4.802771478698447,9,204.0,0.36904057105929333,14,416.0,0.12562822513181435,23,620.0
2910.0,26,347.0,5.596774193548387,5.16117504026271,10,222.0,0.35006171442740547,16,403.0,0.1110555377674088,26,625.0
2915.0,29,327.0,5.637931034482759,4.5753658629108145,10,206.0,0.34216926632074496,19,454.0,0.1594349648545813,29,660.0
2920.0,31,370.0,6.379310344827586,4.099616061293244,14,191.0,0.25766168616724244,17,469.0,0.2101219347420039,31,660.0
2925.0,30,396.0,6.827586206896552,3.381015598378275,13,213.0,0.20428134276298085,17,505.0,0.22561322093925007,30,718.0
2930.0,19,351.0,6.381818181818182,4.8449405850922345,11,203.0,0.22312727717010183,8,465.0,0.3055033434064845,19,668.0
2935.0,21,327.0,5.5423728813559325,4.548181079674634,11,218.0,0.07731187753469308,10,439.0,0.29227813349107906,21,657.0
2940.0,28,269.0,4.409836065573771,5.105940179277236,15,238.0,0.11875542863887079,13,369.0,0.3442256831894594,28,607.0
2945.0,28,273.0,4.963636363636364,3.8522859758594605,13,233.0,0.20265679845025883,15,379.0,0.24840440521240034,28,612.0
2950.0,25,321.0,6.056603773584905,3.806731529613201,13,259.0,0.19784878904638706,12,360.0,0.1854175618353868,25,619.0
2955.0,19,322.0,5.962962962962963,4.590759948846926,10,273.0,0.17831354196951893,9,313.0,0.3049381604284071,19,586.0
2960.0,17,321.0,5.732142857142857,5.761541339518045,6,233.0,0.34060711173038744,11,259.0,0.23458816587368847,17,492.0
2965.0,21,347.0,6.196428571428571,5.892661284284872,6,233.0,0.4917993890604459,15,263.0,0.17790015111482704,21,496.0
2970.0,24,310.0,5.166666666666667,6.033245617096638,8,205.0,0.46365668350872874,16,282.0,0.2639522027237562,24,487.0
2975.0,24,280.0,4.827586206896552,5.507417947940673,8,153.0,0.4667109325305285,16,317.0,0.27442627358487603,24,470.0
2980.0,19,247.0,4.258620689655173,5.477010730630209,9,173.0,0.3430071189190117,10,289.0,0.37250581500582125,19,462.0
2985.0,21,308.0,4.967741935483871,5.47981807154613,7,180.0,0.3697239354689316,14,323.0,0.2754550067940876,21,503.0
2990.0,25,304.0,4.825396825396825,4.865396871328233,9,135.0,0.3150633519528761,16,367.0,0.20239533451496633,25,502.0
2995.0,33,299.0,4.82258064516129,4.221144614507178,12,149.0,0.30390433594532534,21,350.0,0.17265691479499576,33,499.0
3000.0,29,383.0,6.278688524590164,4.844340358734006,10,183.0,0.3926623658387576,19,382.0,0.23348618656282258,29,565.0
3005.0,27,410.0,6.3076923076923075,5.138120501625528,6,177.0,0.40719502257360496,21,438.0,0.2056195180490257,27,615.0
3010.0,28,389.0,5.893939393939394,4.8031816344150045,7,158.0,0.337225173734039,21,476.0,0.19426761029463172,28,634.0
3015.0,33,429.0,6.6,4.090615530503886,12,175.0,0.20907733547795482,21,498.0,0.18753593499203333,33,673.0
3020.0,29,339.0,5.296875,3.860461268006803,14,218.0,0.1330731006513135,15,416.0,0.22845770686861078,29,634.0
3025.0,20,303.0,4.887096774193548,4.845357322627736,7,221.0,0.29271525001611526,13,431.0,0.23130494029736606,20,652.0
3030.0,19,190.0,3.064516129032258,5.270694338575317,3,115.0,0.43754818958884156,16,443.0,0.18546603917106952,19,558.0
3035.0,25,252.0,4.064516129032258,4.759990900577676,6,73.0,0.3890074013925401,19,464.0,0.17104115371827197,25,537.0
3040.0,21,285.0,4.672131147540983,5.0397527376131075,6,86.0,0.35442559488235464,15,432.0,0.2262305446582354,21,518.0
3045.0,20,343.0,5.813559322033898,5.431702201681575,5,72.0,0.3255072363778598,15,471.0,0.26074817884798457,20,543.0
3050.0,20,353.0,5.786885245901639,5.2974184633199926,3,57.0,0.4079586008234879,17,494.0,0.2000699007403734,20,551.0
3055.0,29,452.0,7.533333333333333,5.021862707640739,8,84.0,0.4815741061616057,21,547.0,0.14591667737130898,29,631.0
3060.0,22,456.0,7.862068965517241,5.22973654035616,6,67.0,0.46308038463332196,16,552.0,0.1631009741782149,22,619.0
3065.0,23,360.0,6.101694915254237,4.1375561261976905,9,105.0,0.2642690570837804,14,508.0,0.11640296457670427,23,613.0
3070.0,28,347.0,5.688524590163935,5.007296426188462,11,123.0,0.2872681583053458,17,445.0,0.2136419800611585,28,568.0
3075.0,23,379.0,6.649122807017544,5.131109703986682,7,89.0,0.3549955142929211,16,486.0,0.25383587083169745,23,575.0
3080.0,19,420.0,7.368421052631579,6.5016959637631055,7,97.0,0.4979833436411553,12,481.0,0.2750009606657832,19,578.0
3085.0,21,491.0,8.614035087719298,5.289407909911736,8,130.0,0.31368514522654445,13,500.0,0.1911915578252528,21,630.0
3090.0,27,566.0,9.758620689655173,5.481157292989705,9,150.0,0.25849572329582876,18,560.0,0.2994145358932043,27,710.0
3095.0,26,404.0,7.345454545454546,5.03711716219349,11,175.0,0.2677919893387381,15,471.0,0.3294270648352461,26,646.0
3100.0,21,393.0,7.415094339622642,4.971563806523915,8,168.0,0.34355965361438034,13,397.0,0.32461192013472,21,565.0
3105.0,24,438.0,8.264150943396226,4.005295192782891,11,209.0,0.25537419157297775,13,404.0,0.2070570662962816,24,613.0
3110.0,25,420.0,7.777777777777778,4.141796770038575,10,199.0,0.19681503715178789,15,390.0,0.16005287128557422,25,589.0
3115.0,19,242.0,4.653846153846154,4.971674962807122,5,156.0,0.32944960425526487,14,338.0,0.15049607695568754,19,494.0
3120.0,19,244.0,4.6923076923076925,6.582835026884447,5,153.0,0.47687506065967955,14,240.0,0.22355182275403848,19,393.0
3125.0,18,261.0,4.9245283018867925,6.046195640874176,5,173.0,0.4150276691497563,13,265.0,0.2399339383867207,18,438.0
3130.0,20,290.0,5.576923076923077,6.963513160465439,5,171.0,0.5049637244618591,15,305.0,0.31371298987288043,20,476.0
3135.0,19,304.0,5.96078431372549,6.62591558553696,5,155.0,0.5147377765491123,14,317.0,0.3526504202326312,19,472.0
3140.0,19,300.0,5.882352941176471,6.393231398278579,5,127.0,0.4898466548280659,14,306.0,0.3638760378424469,19,433.0
3145.0,19,237.0,4.5576923076923075,5.250467408718791,6,65.0,0.4739751033616332,13,307.0,0.26478354957216965,19,372.0
3150.0,20,213.0,4.176470588235294,5.31876862591278,5,65.0,0.44172319925838477,15,263.0,0.278824739550912,20,328.0
3155.0,17,209.0,3.8,5.930526945162558,3,41.0,0.468501343620592,14,281.0,0.2846100761565016,17,322.0
3160.0,20,182.0,3.25,5.483765901353527,5,33.0,0.3390859155674504,15,270.0,0.22841339510742545,20,303.0
3165.0,22,191.0,3.4107142857142856,5.531790446469691,7,60.0,0.44294747916829713,15,300.0,0.1724942459395578,22,360.0
3170.0,21,219.0,3.981818181818182,5.65286098080347,6,75.0,0.4917289899600384,15,289.0,0.2020941272720221,21,364.0
3175.0,22,261.0,4.660714285714286,5.753374179718141,5,69.0,0.5162968292061303,17,345.0,0.14440557718148006,22,414.0
3180.0,22,288.0,5.052631578947368,5.756954011700069,5,65.0,0.4800936469653975,17,381.0,0.1626900254066804,22,446.0
3185.0,25,298.0,4.966666666666667,5.354486892887674,10,91.0,0.3281030124427387,15,384.0,0.2982482782652357,25,475.0
3190.0,22,255.0,4.473684210526316,5.4628866519670165,9,97.0,0.22516528754502257,13,342.0,0.40073441928932363,22,439.0
3195.0,24,342.0,6.218181818181818,5.1610249341911,11,114.0,0.13734476599928658,13,369.0,0.33753675698728214,24,483.0
3200.0,26,382.0,6.945454545454545,4.737471034596045,10,132.0,0.16440709168960152,16,421.0,0.23470950067404667,26,553.0
3205.0,23,363.0,6.722222222222222,4.981597788016393,6,97.0,0.3474871469785855,17,431.0,0.19096694279593102,23,528.0
3210.0,22,270.0,4.821428571428571,5.164091620038361,5,86.0,0.46070720368211404,17,391.0,0.19455210907708026,22,477.0
3215.0,21,302.0,5.206896551724138,5.567423008437364,5,72.0,0.5417003959041362,16,435.0,0.24913857377410423,21,507.0
3220.0,17,297.0,4.95,6.2757376603022825,4,63.0,0.5512937930636905,13,439.0,0.2788109030906799,17,502.0
3225.0,19,355.0,5.819672131147541,6.323784784745427,3,50.0,0.61586487714842,16,465.0,0.18499395125776158,19,515.0
3230.0,25,445.0,7.416666666666667,5.49630483290188,6,69.0,0.5057860184157779,19,482.0,0.12379690613186642,25,551.0
3235.0,30,501.0,8.35,4.688981679074161,9,85.0,0.3530951203864638,21,545.0,0.16123154146355603,30,630.0
3240.0,28,533.0,9.690909090909091,4.725920387596724,10,115.0,0.4008468032189286,18,575.0,0.22489458605949927,28,690.0
3245.0,24,546.0,8.950819672131148,4.556967204891355,8,136.0,0.36357183097914375,16,595.0,0.2473337108428692,24,731.0
3250.0,25,560.0,9.180327868852459,5.946902975598796,11,155.0,0.3944735945642188,14,582.0,0.35653191402158757,25,737.0
3255.0,27,341.0,5.5,5.10699519145961,13,162.0,0.20621619083931414,14,472.0,0.3967690316009631,27,634.0
3260.0,33,340.0,5.573770491803279,4.83826972902902,15,186.0,0.2401496904297307,18,329.0,0.3744878610336013,33,515.0
3265.0,34,440.0,6.984126984126984,4.209239009192802,14,225.0,0.3354521950461782,20,424.0,0.2230366821015321,34,649.0
3270.0,31,466.0,7.516129032258065,4.331024719545497,10,214.0,0.43886058447355386,21,461.0,0.12062032342630284,31,675.0
3275.0,29,421.0,6.578125,3.9136891196121284,10,211.0,0.29676968122690295,19,493.0,0.13351175947142682,29,704.0
3280.0,30,419.0,6.253731343283582,4.016095792925298,13,215.0,0.32810029346705627,17,527.0,0.14075946561920039,30,742.0
3285.0,30,329.0,4.91044776119403,4.272386375912569,15,228.0,0.2755073042194711,15,498.0,0.20470729296615972,30,726.0
3290.0,29,445.0,6.742424242424242,4.86137526051625,17,276.0,0.21122594421095592,12,492.0,0.3138375409113703,29,768.0
3295.0,28,398.0,6.21875,4.742363436095388,18,310.0,0.1435278233862863,10,413.0,0.33318518556132365,28,723.0
3300.0,24,297.0,4.569230769230769,4.775144471837171,12,305.0,0.22995590840288205,12,322.0,0.22403150839448296,24,627.0
3305.0,23,321.0,5.095238095238095,4.845202896068072,10,265.0,0.31146980039624456,13,352.0,0.18481678301676208,23,617.0
3310.0,19,307.0,5.116666666666666,6.231520450192695,9,247.0,0.2699254515193241,10,369.0,0.34856516512417235,19,616.0
3315.0,20,342.0,6.452830188679245,6.07895594120787,11,255.0,0.22721065545837119,9,351.0,0.40971386128017484,20,606.0
3320.0,17,223.0,4.054545454545455,5.741434322851789,6,203.0,0.23733519526911184,11,293.0,0.40062307394961605,17,496.0
3325.0,21,247.0,4.75,5.367763705104776,7,155.0,0.3653776072035971,14,295.0,0.3518002117404784,21,450.0
3330.0,22,322.0,5.8545454545454545,5.820322091933488,7,170.0,0.41247522230612993,15,341.0,0.37039413114590486,22,511.0
3335.0,22,356.0,6.033898305084746,5.046798991908057,7,173.0,0.4179756401847816,15,378.0,0.26747470047745603,22,551.0
3340.0,24,367.0,6.553571428571429,4.920842763885678,8,172.0,0.4185954222111951,16,393.0,0.23083903564144262,24,565.0
3345.0,24,298.0,5.0508474576271185,3.8537794589820393,10,217.0,0.21851562101031813,14,338.0,0.17450184742820135,24,555.0
3350.0,24,278.0,4.633333333333334,4.597170364005052,9,198.0,0.257763172282195,15,314.0,0.19216942476897683,24,512.0
3355.0,26,276.0,4.6,5.009313299560513,7,127.0,0.4457788031613849,19,366.0,0.17374347439052182,26,493.0
3360.0,28,361.0,5.82258064516129,5.077766227902672,9,153.0,0.4044776065484748,19,406.0,0.12845903358727867,28,559.0
3365.0,28,423.0,6.714285714285714,5.118728420614224,10,173.0,0.3701055992047706,18,458.0,0.20257641501830861,28,631.0
3370.0,24,346.0,5.766666666666667,5.365861524051949,13,183.0,0.27121441624002385,11,438.0,0.30864316559755983,24,621.0
3375.0,23,298.0,5.228070175438597,4.703948373286679,12,192.0,0.13945290957010043,11,364.0,0.30043322243794796,23,556.0
3380.0,21,260.0,4.262295081967213,5.786210314219623,12,207.0,0.2020703693379017,9,254.0,0.4084297634879048,21,461.0
3385.0,22,263.0,4.383333333333334,5.7902091805319005,13,259.0,0.3230774139090699,9,238.0,0.3621685552254227,22,497.0
3390.0,22,241.0,4.084745762711864,5.008007258118297,9,248.0,0.4063568369013531,13,222.0,0.22498033186308805,22,470.0
3395.0,21,203.0,3.3278688524590163,5.209897262723479,5,190.0,0.46075595372384115,16,257.0,0.13721851420681566,21,447.0
3400.0,18,227.0,3.546875,5.791371251879307,8,151.0,0.39722622930920165,10,239.0,0.2042923320037148,18,390.0
3405.0,15,212.0,3.365079365079365,6.368435110460286,7,144.0,0.3566307976250784,8,221.0,0.28148667374173,15,365.0
3410.0,23,250.0,3.9682539682539684,5.833149716471404,11,131.0,0.315617528147412,12,224.0,0.276790157228989,23,355.0
3415.0,27,232.0,3.9322033898305087,4.664509268199488,13,157.0,0.3026947252301389,14,232.0,0.26156799240678363,27,389.0
3420.0,28,323.0,5.47457627118644,5.1565313838044835,14,180.0,0.3532971265606884,14,258.0,0.26201442730991614,28,438.0
3425.0,24,323.0,5.126984126984127,5.0563672207957016,11,205.0,0.30487482381384495,13,263.0,0.302855981132543,24,468.0
3430.0,16,248.0,3.9365079365079363,6.0934859965517525,9,200.0,0.2842013606125927,7,212.0,0.35683730939101455,16,412.0
3435.0,21,201.0,3.1904761904761907,4.690054276293796,10,165.0,0.1826600573848093,11,230.0,0.22776044312514268,21,395.0
3440.0,28,322.0,4.953846153846154,5.584991501778333,14,211.0,0.263210857964027,14,264.0,0.2998304451258749,28,475.0
3445.0,29,400.0,6.153846153846154,4.995652406174024,11,239.0,0.31704055899975575,18,332.0,0.28425024524517484,29,571.0
3450.0,28,477.0,7.693548387096774,4.880603904032123,10,237.0,0.2566952756489703,18,387.0,0.28532256226375013,28,624.0
3455.0,31,444.0,7.0476190476190474,4.135838536958613,12,223.0,0.21083129910004367,19,402.0,0.17608316065683527,31,625.0
3460.0,28,391.0,6.109375,5.113223956123756,12,203.0,0.3030798732417746,16,360.0,0.18603360193069982,28,563.0
3465.0,24,366.0,6.0,5.38064845588873,9,176.0,0.24650052899378952,15,354.0,0.3061622491384339,24,530.0
3470.0,27,419.0,6.758064516129032,5.2464477833606304,12,185.0,0.20839950873572594,15,374.0,0.3098968705050893,27,559.0
3475.0,25,455.0,7.222222222222222,5.707950827226616,9,204.0,0.2945817409285202,16,397.0,0.3248066173945642,25,601.0
3480.0,24,357.0,5.666666666666667,5.617548302356963,7,180.0,0.5053711111743486,17,347.0,0.1971914832360537,24,527.0
3485.0,27,385.0,6.311475409836065,5.730201185153177,6,172.0,0.49069337205524943,21,375.0,0.19191845731737897,27,547.0
3490.0,29,364.0,5.6875,5.435547622198905,8,130.0,0.4507357416831054,21,404.0,0.23909310521828406,29,534.0
3495.0,26,352.0,5.770491803278689,5.069020689768019,7,105.0,0.4263695841890588,19,410.0,0.2716296818814031,26,515.0
3500.0,25,338.0,5.28125,4.7491708857698285,7,84.0,0.4191488843147303,18,430.0,0.22260489515000947,25,514.0
3505.0,23,186.0,2.8181818181818183,4.790323432935316,10,104.0,0.28996326079463447,13,370.0,0.24618843598846554,23,474.0
3510.0,18,216.0,3.2238805970149254,5.946175126391161,5,87.0,0.3586103643026511,13,341.0,0.2692743783413622,18,428.0
3515.0,20,255.0,3.984375,6.483643589508183,7,88.0,0.3472321449138348,13,346.0,0.2568596990233812,20,434.0
3520.0,25,317.0,5.112903225806452,5.2653280890562595,7,92.0,0.3305305430852541,18,395.0,0.13409827086469692,25,487.0
3525.0,29,348.0,6.105263157894737,4.823079894956087,7,93.0,0.40896130441817663,22,444.0,0.1661939016790802,29,537.0
3530.0,24,349.0,6.12280701754386,5.793820897404607,4,92.0,0.5796502395883917,20,464.0,0.28095478182637323,24,556.0
3535.0,22,371.0,6.288135593220339,5.09529534890758,6,46.0,0.44418029703528245,16,475.0,0.26194034579278364,22,521.0
3540.0,18,303.0,5.224137931034483,5.604348571210275,5,49.0,0.463540381539585,13,425.0,0.2694226959250869,18,474.0
3545.0,17,222.0,3.76271186440678,5.139689542403946,4,40.0,0.3200701589247635,13,384.0,0.1981400148045379,17,424.0
3550.0,22,193.0,3.3275862068965516,5.727489062675386,5,56.0,0.49232779202496074,17,341.0,0.15049089633627322,22,397.0
3555.0,23,256.0,4.830188679245283,5.143200069633281,4,65.0,0.5375202416864183,19,380.0,0.14271654797649375,23,445.0
3560.0,18,291.0,5.938775510204081,5.988994857724478,4,73.0,0.5514695088124685,14,366.0,0.2579279817363301,18,439.0
3565.0,16,257.0,5.711111111111111,4.800884790096785,3,60.0,0.36008292799275027,13,344.0,0.2257868316299565,16,404.0
3570.0,15,248.0,6.048780487804878,5.894725658059694,5,67.0,0.490759017179619,10,334.0,0.2745958482388947,15,401.0
3575.0,16,222.0,5.55,5.377110153227337,6,90.0,0.5062253991518306,10,331.0,0.22631325250066414,16,421.0
3580.0,20,282.0,6.266666666666667,5.688586583561721,7,127.0,0.43897140659734807,13,319.0,0.2618848236003282,20,446.0
3585.0,18,228.0,5.3023255813953485,4.601611850429683,6,94.0,0.4593258800765799,12,312.0,0.12024072535322022,18,406.0
3590.0,20,274.0,5.591836734693878,4.972926240048631,7,114.0,0.3861904188163254,13,281.0,0.23681923633621926,20,395.0
3595.0,19,220.0,4.313725490196078,5.424459343475916,8,105.0,0.3457420545599418,11,281.0,0.33820432016637353,19,386.0
3600.0,13,183.0,3.66,6.715575494474779,6,95.0,0.3433137487729923,7,228.0,0.4706575032014775,13,323.0
3605.0,13,145.0,2.685185185185185,5.256680765615721,6,71.0,0.25761211648512816,7,234.0,0.23822577463701658,13,305.0
3610.0,21,231.0,4.052631578947368,6.325264181995392,12,114.0,0.3421960757353726,9,266.0,0.34912727245440844,21,380.0
3615.0,18,215.0,4.056603773584905,5.783170237572486,9,139.0,0.4127125060132085,9,245.0,0.304244489588861,18,384.0
3620.0,18,238.0,4.666666666666667,6.617923709573696,7,132.0,0.47357468024607224,11,197.0,0.36603618467416665,18,329.0
3625.0,16,209.0,4.18,5.156176357376221,6,108.0,0.3447916457715256,10,234.0,0.2712847818341323,16,342.0
3630.0,18,259.0,5.078431372549019,6.525847165141745,9,105.0,0.3710882700878882,9,258.0,0.4218699470003895,18,363.0
3635.0,20,265.0,5.520833333333333,4.92719818562879,9,134.0,0.2831949759111262,11,245.0,0.30649842388134757,20,379.0
3640.0,17,326.0,6.653061224489796,5.762141370410601,7,142.0,0.3166792292740685,10,266.0,0.32153593472701747,17,408.0
3645.0,17,161.0,3.2857142857142856,4.485635598346654,5,110.0,0.32474267598927636,12,214.0,0.12190051572792475,17,324.0
3650.0,18,160.0,3.1372549019607843,5.7191800818588865,11,106.0,0.2938945821041673,7,129.0,0.28703427659807385,18,235.0
3655.0,15,188.0,3.836734693877551,5.935352009104928,8,126.0,0.2897429139382597,7,146.0,0.37366877718437785,15,272.0
3660.0,15,216.0,4.595744680851064,6.7084308551256155,4,111.0,0.3916447906020763,11,176.0,0.3190025141690079,15,287.0
3665.0,15,180.0,3.75,5.761708764113443,5,55.0,0.46155890699087965,10,188.0,0.1521992576158316,15,243.0
3670.0,16,235.0,4.607843137254902,6.171849658600609,9,94.0,0.35053212334099004,7,188.0,0.27603320005871157,16,282.0
3675.0,13,230.0,4.6938775510204085,6.664888823432128,8,113.0,0.38517066155222823,5,180.0,0.4124909812295975,13,293.0
3680.0,12,260.0,5.3061224489795915,7.81846123438568,6,100.0,0.41511415004285235,6,194.0,0.45234124513108004,12,294.0
3685.0,7,77.0,1.7906976744186047,6.857824003527292,4,76.0,0.4281818143230698,3,112.0,0.4292368086546417,7,188.0
3690.0,12,123.0,2.7333333333333334,8.118395846535986,8,92.0,0.47829039848384974,4,48.0,0.4981734485718411,12,140.0
3695.0,9,98.0,2.3902439024390243,8.054119489003162,5,65.0,0.46592553915908,4,64.0,0.6033602344001527,9,129.0
3700.0,14,155.0,3.604651162790698,7.285998179535692,9,86.0,0.3984204332125829,5,86.0,0.4571467176325263,14,172.0
3705.0,13,115.0,2.6136363636363638,5.543955053565667,7,98.0,0.3367494062954944,6,64.0,0.3671640324305107,13,162.0
3710.0,9,107.0,2.3260869565217392,8.244511159344981,5,92.0,0.5626773709174189,4,43.0,0.5256815022377693,9,135.0
3715.0,10,75.0,1.6304347826086956,7.549822500867296,5,55.0,0.43489988239204014,5,56.0,0.4909258634093068,10,111.0
3720.0,12,106.0,2.3555555555555556,6.791683175714713,8,74.0,0.27233032643378036,4,57.0,0.360980180454435,12,131.0
3725.0,16,152.0,3.707317073170732,5.170761838429088,8,103.0,0.31655672564361104,8,77.0,0.2409121696198528,16,180.0
3730.0,17,228.0,5.560975609756097,5.88353877824924,8,117.0,0.37197324510112184,9,122.0,0.30648187521170267,17,239.0
3735.0,13,209.0,5.225,6.184645197182895,7,113.0,0.42314820658674707,6,133.0,0.3736488344889629,13,246.0
3740.0,10,223.0,5.439024390243903,7.766068416133261,6,112.0,0.31536446484684644,4,128.0,0.638248181546762,10,240.0
3745.0,14,201.0,4.568181818181818,6.502953693407043,9,132.0,0.20980856210331195,5,121.0,0.5039592457903683,14,253.0
3750.0,14,262.0,5.954545454545454,7.196298420515256,8,159.0,0.3924549384483978,6,129.0,0.4916656047591533,14,288.0
3755.0,16,249.0,5.533333333333333,6.577498022271985,8,140.0,0.4107734264329217,8,166.0,0.4766399991565965,16,306.0
3760.0,20,298.0,6.622222222222222,6.238246323029886,9,112.0,0.44042853202611426,11,215.0,0.40786537594819805,20,327.0
3765.0,18,315.0,6.8478260869565215,4.646101442241403,10,141.0,0.18458586720422776,8,218.0,0.39550341897993346,18,359.0
3770.0,17,374.0,7.48,5.9117165278542085,10,174.0,0.17338150152065215,7,220.0,0.4655300806090847,17,394.0
3775.0,16,172.0,3.6595744680851063,5.510889542097472,9,158.0,0.14096707070228898,7,154.0,0.48031945176459345,16,312.0
3780.0,15,158.0,3.2916666666666665,7.20770683300984,6,119.0,0.46021183043564184,9,73.0,0.40067531300926257,15,192.0
3785.0,13,175.0,3.723404255319149,6.71032839848553,5,126.0,0.568373779247028,8,100.0,0.23394645778391399,13,226.0
3790.0,18,238.0,5.288888888888889,6.790508574383415,7,150.0,0.5476298634865004,11,122.0,0.28438713679060645,18,272.0
3795.0,17,170.0,3.617021276595745,4.826934232029893,7,106.0,0.40003218933907636,10,145.0,0.2848372833694155,17,251.0
3800.0,22,231.0,4.8125,4.943375711607918,11,134.0,0.32445059817694444,11,158.0,0.36737512368784925,22,292.0
3805.0,21,193.0,3.7115384615384617,5.25026526686553,11,143.0,0.3549624492918794,10,162.0,0.3914885156074149,21,305.0
3810.0,11,163.0,3.196078431372549,5.81387657237418,6,115.0,0.3342034707209531,5,120.0,0.3389434296341743,11,235.0
3815.0,13,93.0,1.7222222222222223,5.037833889420649,7,90.0,0.26050908319537924,6,111.0,0.24981690488638897,13,201.0
3820.0,24,170.0,2.982456140350877,5.577906632940655,11,85.0,0.3082153835688215,13,164.0,0.27059209722887423,24,249.0
3825.0,21,221.0,4.092592592592593,5.979095790371959,11,118.0,0.3429228208203859,10,181.0,0.4158165768760952,21,299.0
3830.0,14,213.0,4.018867924528302,6.832768598299363,5,110.0,0.3723971054646992,9,171.0,0.44594663942991924,14,281.0
3835.0,14,174.0,3.3461538461538463,5.656370881148381,5,100.0,0.2988930431780987,9,144.0,0.2649658399481579,14,244.0
3840.0,22,266.0,5.115384615384615,5.97377941869467,11,145.0,0.28383703316073633,11,192.0,0.3232817223275066,22,337.0
3845.0,21,241.0,4.634615384615385,5.268715170604235,10,162.0,0.26493610792632144,11,163.0,0.3507613699113798,21,325.0
3850.0,16,238.0,4.666666666666667,6.314869631386749,6,146.0,0.3889776514133845,10,164.0,0.38291323917085623,16,310.0
3855.0,16,161.0,3.0377358490566038,5.0306941954563,7,130.0,0.3182879569338622,9,164.0,0.24728678788603106,16,294.0
3860.0,19,226.0,4.264150943396227,6.0178670724737655,10,140.0,0.33717825125765327,9,156.0,0.2683671679812389,19,296.0
3865.0,18,217.0,4.09433962264151,5.448491476045615,8,150.0,0.2746294648434444,10,149.0,0.33005067374577446,18,299.0
3870.0,20,286.0,5.296296296296297,6.601615920036983,6,150.0,0.4938782846379738,14,190.0,0.32506561511550075,20,340.0
3875.0,17,248.0,4.769230769230769,6.0330490493378255,5,124.0,0.43370018209702477,12,200.0,0.2809029410007178,17,324.0
3880.0,21,321.0,5.944444444444445,6.323568088202612,6,150.0,0.49264645388168415,15,240.0,0.2905230856241868,21,390.0
3885.0,22,344.0,6.490566037735849,5.382454040249962,6,154.0,0.46062008536235016,16,268.0,0.2921143444590789,22,422.0
3890.0,19,332.0,6.148148148148148,5.623106569267981,5,162.0,0.5140807388791492,14,274.0,0.2540210933904231,19,436.0
3895.0,20,283.0,5.053571428571429,4.4815014423530375,7,166.0,0.37622170678762346,13,279.0,0.17636581629161205,20,445.0
3900.0,19,310.0,5.535714285714286,5.449045141013146,9,189.0,0.33585422685617106,10,252.0,0.25703386139028583,19,441.0
3905.0,19,307.0,5.482142857142857,5.503015775358308,9,214.0,0.3067517330836458,10,249.0,0.3059870909999212,19,463.0
3910.0,23,396.0,7.615384615384615,4.938996621287081,8,240.0,0.33655825031263514,15,281.0,0.20131844965576404,23,521.0
3915.0,25,287.0,5.314814814814815,4.493025496546717,7,120.0,0.4431277172601653,18,322.0,0.11803060416719201,25,442.0
3920.0,23,317.0,5.660714285714286,5.311422546408099,6,97.0,0.47825126704937726,17,335.0,0.20161850099195608,23,432.0
3925.0,19,319.0,5.5964912280701755,5.525084574099408,6,109.0,0.46231294375491094,13,364.0,0.2906021629434684,19,473.0
3930.0,17,292.0,5.214285714285714,5.803113095838832,6,110.0,0.4655333910310612,11,346.0,0.2940407241996547,17,456.0
3935.0,22,272.0,4.610169491525424,4.661315162854659,9,136.0,0.17305440470341252,13,334.0,0.28358923862591656,22,470.0
3940.0,25,265.0,4.274193548387097,5.236680237061565,9,144.0,0.2248538790233031,16,300.0,0.32464233876615955,25,444.0
3945.0,22,322.0,5.111111111111111,6.07561909222874,7,155.0,0.42904343775122367,15,332.0,0.3289705035104363,22,487.0
3950.0,18,270.0,3.9130434782608696,6.724540532599047,6,94.0,0.5457514482880996,12,331.0,0.29457647809228865,18,425.0
3955.0,19,340.0,5.074626865671642,6.62275809183481,7,112.0,0.4835580435033326,12,349.0,0.2925345814428954,19,461.0
3960.0,21,404.0,6.2153846153846155,6.106828216332786,6,126.0,0.4347324769853182,15,395.0,0.2592247871851904,21,521.0
3965.0,23,389.0,6.377049180327869,5.464743683458164,6,138.0,0.488638536038888,17,398.0,0.18671656771901018,23,536.0
3970.0,27,427.0,6.569230769230769,5.042275013800306,8,105.0,0.3894573231733379,19,445.0,0.18659926043644762,27,550.0
3975.0,31,484.0,7.0144927536231885,5.620081365108097,11,146.0,0.3905882996238961,20,475.0,0.2547143827345814,31,621.0
3980.0,28,355.0,5.144927536231884,5.502967658123634,11,152.0,0.33474480814025726,17,435.0,0.3297912841664318,28,587.0
3985.0,27,327.0,4.8088235294117645,4.479471702585723,14,157.0,0.28388413205196045,13,453.0,0.24111556131408945,27,610.0
3990.0,26,221.0,3.25,4.339045123869073,13,189.0,0.21562257944546132,13,416.0,0.2757084547945363,26,605.0
3995.0,24,219.0,3.2205882352941178,5.326499397670953,10,174.0,0.27953750732430527,14,401.0,0.24741425548294677,24,575.0
4000.0,23,245.0,3.4507042253521125,5.765322921123702,8,166.0,0.3616940312236283,15,428.0,0.15001277276362165,23,594.0
4005.0,28,278.0,4.088235294117647,5.5431623135874055,11,179.0,0.2141387966159949,17,449.0,0.17625828935689125,28,628.0
4010.0,31,352.0,5.770491803278689,4.907371695197043,14,209.0,0.26510549143655054,17,507.0,0.18428747409054455,31,716.0
4015.0,30,409.0,6.932203389830509,4.79314789333612,11,203.0,0.3559298163691509,19,578.0,0.181436586529344,30,781.0
4020.0,29,474.0,8.31578947368421,4.794342611660611,13,234.0,0.3450227077644404,16,602.0,0.2793074355328536,29,836.0
4025.0,22,433.0,7.338983050847458,5.118145597601324,11,238.0,0.31758836787067846,11,551.0,0.31428779457966377,22,789.0
4030.0,18,359.0,6.084745762711864,5.1663369008882665,6,188.0,0.3525073690917968,12,514.0,0.1723605164982348,18,702.0
4035.0,20,266.0,4.360655737704918,5.593584536882789,7,176.0,0.41914320189800947,13,420.0,0.10587817260523612,20,596.0
4040.0,22,324.0,5.491525423728813,5.2144679375590375,8,191.0,0.33706300232674075,14,438.0,0.18603995244914612,22,629.0
4045.0,22,372.0,6.526315789473684,5.735069329145991,12,224.0,0.3546124193731913,10,441.0,0.2635397367418663,22,665.0
4050.0,21,360.0,5.714285714285714,5.73217030148751,10,185.0,0.4344072525730104,11,425.0,0.16914644669110548,21,610.0
4055.0,26,466.0,7.766666666666667,5.99641089325809,12,232.0,0.416912194894146,14,368.0,0.2662211727223816,26,600.0
4060.0,28,486.0,8.23728813559322,4.6396507713193795,16,253.0,0.30781511187950134,12,402.0,0.2848413029109783,28,655.0
4065.0,30,536.0,8.933333333333334,4.053132677264805,17,266.0,0.20019199638964955,13,414.0,0.2788051332719341,30,680.0
4070.0,28,408.0,6.375,4.405910319690311,16,285.0,0.1804451892700954,12,340.0,0.32431834921632463,28,625.0
4075.0,24,310.0,4.84375,5.732517087978117,13,272.0,0.26896664743660226,11,322.0,0.33876269937568304,24,594.0
4080.0,26,281.0,4.390625,4.98268714868316,15,317.0,0.24784630401204083,11,307.0,0.24269571800518303,26,624.0
4085.0,33,393.0,6.238095238095238,5.293118474145808,20,383.0,0.22790247984834053,13,316.0,0.30340999396616414,33,699.0
4090.0,33,431.0,7.183333333333334,4.526368290014521,19,412.0,0.20243597660239993,14,319.0,0.3388020178351651,33,731.0
4095.0,30,494.0,8.098360655737705,4.500541524030642,17,430.0,0.2228966889181125,13,299.0,0.34028450172232594,30,729.0
4100.0,31,475.0,6.985294117647059,4.407666279138554,17,449.0,0.31543885088164414,14,310.0,0.26016803723988124,31,759.0
4105.0,26,509.0,7.3768115942028984,5.621504153479205,15,415.0,0.35267380148780564,11,279.0,0.3221577994925822,26,694.0
4110.0,20,467.0,6.577464788732394,5.612675157709587,13,412.0,0.26061305058239687,7,273.0,0.38478597699735545,20,685.0
4115.0,30,401.0,5.569444444444445,5.905644169727568,17,381.0,0.2555715182593949,13,289.0,0.36791538259477496,30,670.0
4120.0,29,301.0,4.426470588235294,5.254984434871442,17,430.0,0.23198872231101234,12,215.0,0.3750174433205084,29,645.0
4125.0,26,346.0,4.942857142857143,5.133606410565859,14,463.0,0.24824393380347587,12,174.0,0.30828854047408255,26,637.0
4130.0,29,351.0,5.086956521739131,5.1092553579990225,17,484.0,0.29551289447537643,12,197.0,0.2543853881651793,29,681.0
4135.0,26,343.0,4.830985915492958,5.250424829291307,17,516.0,0.2502745663884242,9,177.0,0.3367207339151404,26,693.0
4140.0,28,283.0,4.101449275362318,4.221833111947825,19,526.0,0.1845023870360354,9,149.0,0.27276395882713844,28,675.0
4145.0,40,413.0,5.9,4.505338396991701,24,526.0,0.1743106199430505,16,201.0,0.2697087106731243,40,727.0
4150.0,36,490.0,7.205882352941177,3.858400274638759,21,602.0,0.2294926151195308,15,246.0,0.16433174526168912,36,848.0
4155.0,31,522.0,7.565217391304348,4.7079171093740575,15,611.0,0.2790835197066601,16,294.0,0.155615596524422,31,905.0
4160.0,28,482.0,7.53125,4.982775070968037,13,539.0,0.3378714724073622,15,324.0,0.15934507129088973,28,863.0
4165.0,25,352.0,5.770491803278689,5.50220036098306,11,409.0,0.2873885687475482,14,342.0,0.2796018347409782,25,751.0
4170.0,23,264.0,4.258064516129032,4.4240620995412785,12,421.0,0.22549295190253457,11,303.0,0.27361354288701695,23,724.0
4175.0,24,191.0,3.1311475409836067,4.708693658521416,16,432.0,0.24327352677940012,8,204.0,0.3320575800735278,24,636.0
4180.0,28,267.0,4.45,5.0862432122551535,20,480.0,0.2239349154957277,8,157.0,0.41818563564984695,28,637.0
4185.0,23,288.0,4.88135593220339,5.495375167088944,14,490.0,0.24118976680201365,9,186.0,0.2728327386393802,23,676.0
4190.0,19,311.0,5.271186440677966,6.021632704810559,12,507.0,0.3239097646894144,7,190.0,0.2742175180787422,19,697.0
4195.0,23,377.0,6.389830508474576,5.387192918396813,14,544.0,0.29505390099273027,9,191.0,0.2505726563036697,23,735.0
4200.0,25,372.0,6.526315789473684,5.409096306393188,18,592.0,0.2875334878913179,7,171.0,0.3938130006764203,25,763.0
4205.0,23,402.0,7.178571428571429,5.7522590904519495,17,560.0,0.25532311961377835,6,145.0,0.5914599678136234,23,705.0
4210.0,21,313.0,5.589285714285714,5.50405362743845,17,463.0,0.23504246181179103,4,142.0,0.5337702440722882,21,605.0
4215.0,25,371.0,6.396551724137931,4.7676380904028015,19,429.0,0.2062629730167947,6,139.0,0.35961685520268805,25,568.0
4220.0,24,305.0,5.169491525423729,4.942890344649603,19,463.0,0.2344663721395653,5,92.0,0.3561461003155648,24,555.0
4225.0,21,242.0,3.8412698412698414,5.605641450214225,11,427.0,0.3374381972505528,10,61.0,0.2785072200443808,21,488.0
4230.0,19,280.0,4.516129032258065,5.918193971924674,12,402.0,0.3055191707516635,7,89.0,0.4431343887132343,19,491.0
4235.0,16,217.0,3.4444444444444446,6.709130139499018,12,345.0,0.26814985441540934,4,87.0,0.6253845172875827,16,432.0
4240.0,21,240.0,3.6363636363636362,6.104485623752093,17,386.0,0.20306496817982553,4,63.0,0.52065259502357,21,449.0
4245.0,29,290.0,4.461538461538462,5.345229696577032,19,437.0,0.25666434150728085,10,83.0,0.3494989720965155,29,520.0
4250.0,27,369.0,5.765625,4.899817758177056,17,470.0,0.2154942430394644,10,121.0,0.39103969093247487,27,591.0
4255.0,25,394.0,5.96969696969697,5.716501567741441,17,508.0,0.2042998947150872,8,124.0,0.5382958180460549,25,632.0
4260.0,21,316.0,4.579710144927536,5.659656524992335,13,483.0,0.25422550615058204,8,103.0,0.41336544766918637,21,586.0
4265.0,26,302.0,4.136986301369863,5.626295024635846,14,470.0,0.36308252474407854,12,88.0,0.2605828523245925,26,558.0
4270.0,31,229.0,3.136986301369863,4.544037777720823,16,392.0,0.34718416291575366,15,133.0,0.1909042509650512,31,525.0
4275.0,31,330.0,4.52054794520548,4.357619200576694,18,396.0,0.2764008482541948,13,171.0,0.25933948306527355,31,567.0
4280.0,33,397.0,5.364864864864865,3.427371429708293,18,416.0,0.1974787491587716,15,215.0,0.2229326781374153,33,631.0
4285.0,30,442.0,5.666666666666667,4.443114871312053,14,399.0,0.1714332320630531,16,268.0,0.333962927024698,30,667.0
4290.0,34,427.0,5.4743589743589745,3.8405102200061205,19,434.0,0.14319968510535994,15,295.0,0.27396834362049294,34,729.0
4295.0,42,553.0,7.089743589743589,4.4144766247325435,24,493.0,0.10066291768495056,18,316.0,0.28492328173532955,42,809.0
4300.0,41,643.0,8.573333333333334,3.8875854316367273,24,556.0,0.08050102878408157,17,348.0,0.2799179953615406,41,904.0
4305.0,34,650.0,8.666666666666666,4.261999749579594,21,591.0,0.14343855646206716,13,335.0,0.2565344073979907,34,926.0
4310.0,32,583.0,8.211267605633802,3.919686484296625,18,625.0,0.13902262930282186,14,319.0,0.25148158008268423,32,944.0
4315.0,30,588.0,8.166666666666666,4.412627572791504,13,598.0,0.24007818858725563,17,318.0,0.172436466992674,30,916.0
4320.0,30,528.0,7.542857142857143,4.6855109731922715,10,473.0,0.38730676222913046,20,376.0,0.16175981775394419,30,849.0
4325.0,23,373.0,5.485294117647059,5.588094076806512,10,390.0,0.35344183633541165,13,381.0,0.24232418436036562,23,771.0
4330.0,21,358.0,5.507692307692308,4.887589281896251,11,400.0,0.17514260655841027,10,356.0,0.3329288184737521,21,756.0
4335.0,25,427.0,6.46969696969697,5.05825402952507,12,428.0,0.19068651656868643,13,314.0,0.2925263396835106,25,742.0
4340.0,30,426.0,6.454545454545454,4.624879638307355,14,416.0,0.2253610250163394,16,305.0,0.23443635196380483,30,721.0
4345.0,30,436.0,6.606060606060606,5.520845465373245,14,376.0,0.3056309986781501,16,282.0,0.3058490415414972,30,658.0
4350.0,27,477.0,7.338461538461538,4.987648839894224,12,420.0,0.39798283142194535,15,309.0,0.2353934692930086,27,729.0
4355.0,24,458.0,7.046153846153846,5.358723802226907,12,433.0,0.3564267581949779,12,286.0,0.21631246678163044,24,719.0
4360.0,21,438.0,6.84375,5.58066365282729,11,427.0,0.3181138366839786,10,254.0,0.26152376983265113,21,681.0
4365.0,28,405.0,6.136363636363637,5.425659404339345,16,376.0,0.2304595099152873,12,245.0,0.29780755837427847,28,621.0
4370.0,29,291.0,4.693548387096774,4.743691031244909,17,351.0,0.2045270920962238,12,232.0,0.3464723836827579,29,583.0
4375.0,27,364.0,6.169491525423729,5.053687024666707,16,362.0,0.2171202358919866,11,245.0,0.36164424027793646,27,607.0
4380.0,29,356.0,6.033898305084746,3.762266062724199,16,395.0,0.12490036346949081,13,238.0,0.24903456362913348,29,633.0
4385.0,23,388.0,6.466666666666667,5.906141879841091,16,414.0,0.1232669570464614,7,192.0,0.431288821371181,23,606.0
4390.0,22,289.0,4.816666666666666,5.395713692692397,15,430.0,0.029187412481872184,7,178.0,0.3886442908376533,22,608.0
4395.0,20,240.0,4.2105263157894735,6.328592080557177,7,371.0,0.2518273239364663,13,153.0,0.3395926183276055,20,524.0
4400.0,19,251.0,4.648148148148148,5.573355264242254,6,316.0,0.3055732115537766,13,185.0,0.30165514445988006,19,501.0
4405.0,21,255.0,4.636363636363637,5.605444081092889,11,244.0,0.17935255248938753,10,190.0,0.3116941127552538,21,434.0
4410.0,22,263.0,4.781818181818182,4.689584761636137,10,245.0,0.17056977406467166,12,195.0,0.2945241479515689,22,440.0
4415.0,19,309.0,5.618181818181818,6.215284603493175,4,208.0,0.4925451539779642,15,236.0,0.27696206457449013,19,444.0
4420.0,20,263.0,4.781818181818182,5.581965866112463,6,186.0,0.43066605247893003,14,216.0,0.22173051615887615,20,402.0
4425.0,27,341.0,5.982456140350878,5.790237485985318,10,230.0,0.3508074450838301,17,212.0,0.27944278070706596,27,442.0
4430.0,23,296.0,5.481481481481482,5.236127594231324,10,162.0,0.2453099369606928,13,241.0,0.3417520429814761,23,403.0
4435.0,19,294.0,5.764705882352941,5.622657658734008,12,220.0,0.2494938377992958,7,204.0,0.3687689536275681,19,424.0
4440.0,18,217.0,4.173076923076923,4.361278909609424,10,224.0,0.13726014969837252,8,178.0,0.1839502515002919,18,402.0
4445.0,19,222.0,4.352941176470588,6.012727816321307,6,184.0,0.4611205624397497,13,176.0,0.15142648055769,19,360.0
4450.0,15,164.0,3.215686274509804,5.704966943400541,3,98.0,0.47827139728613793,12,196.0,0.13707197180162145,15,294.0
4455.0,14,174.0,3.411764705882353,7.215528891506972,4,64.0,0.5371801557328463,10,173.0,0.35633909146706344,14,237.0
4460.0,16,141.0,2.7115384615384617,6.347555822780563,7,44.0,0.22841438537388867,9,189.0,0.453490374755082,16,233.0
4465.0,21,236.0,4.37037037037037,6.6758450119193204,12,98.0,0.3193854788590733,9,216.0,0.4787500557803471,21,314.0
4470.0,18,208.0,4.0,5.017696655508175,7,101.0,0.4207845948692701,11,235.0,0.26225082115119325,18,336.0
4475.0,18,220.0,4.4,5.673569445349444,5,94.0,0.38566544356518234,13,232.0,0.277514482178343,18,326.0
4480.0,18,260.0,5.0,5.560873825274162,5,88.0,0.39777928687874353,13,287.0,0.2778826990273938,18,375.0
4485.0,22,263.0,4.696428571428571,5.387263258423888,10,96.0,0.41582756930344084,12,282.0,0.21052465828920772,22,378.0
4490.0,22,317.0,5.981132075471698,5.634445270065727,9,122.0,0.3608873514714686,13,268.0,0.2698341274556909,22,390.0
4495.0,18,293.0,5.425925925925926,5.745099520825111,7,137.0,0.2770557773449938,11,263.0,0.2885061014057118,18,400.0
4500.0,18,224.0,4.226415094339623,5.9656029099265915,8,121.0,0.21437996195572542,10,216.0,0.2939614449374379,18,337.0
4505.0,19,223.0,4.46,6.092404284355558,12,151.0,0.23409803489436315,7,195.0,0.37521027835363013,19,346.0
4510.0,18,281.0,6.108695652173913,6.090831249714566,8,180.0,0.4088176004252783,10,214.0,0.30164943452771636,18,394.0
4515.0,16,326.0,7.2444444444444445,6.104822530225274,5,159.0,0.5189073767842134,11,233.0,0.2064338080810724,16,392.0
4520.0,17,315.0,6.8478260869565215,5.501537783864108,6,148.0,0.415512279742127,11,262.0,0.21524699268126998,17,410.0
4525.0,19,282.0,6.130434782608695,4.977350982057815,9,124.0,0.29949472279345396,10,249.0,0.2950890152279186,19,373.0
4530.0,21,233.0,4.854166666666667,4.943085134369693,10,136.0,0.28590764149639947,11,221.0,0.4131421100727111,21,357.0
4535.0,20,220.0,4.489795918367347,5.543281071879548,12,147.0,0.2806620641660741,8,194.0,0.4598054342783557,20,341.0
4540.0,17,204.0,4.08,5.86553786135487,11,158.0,0.2851908489755875,6,155.0,0.3939258867592945,17,313.0
4545.0,13,110.0,2.2,5.937548157987418,3,116.0,0.356279231386302,10,174.0,0.17397591748444427,13,290.0
4550.0,14,122.0,2.7111111111111112,7.044562485225787,3,71.0,0.5431725058205064,11,189.0,0.1724265862244705,14,260.0
4555.0,12,119.0,2.7045454545454546,6.400049951274659,3,42.0,0.5165422175914453,9,177.0,0.17092649888773492,12,219.0
4560.0,18,191.0,4.775,5.755246802195276,7,64.0,0.440194913072927,11,214.0,0.1255270205748795,18,278.0
4565.0,14,167.0,4.394736842105263,4.766262130924435,5,60.0,0.377722128253978,9,209.0,0.18582386590653138,14,269.0
4570.0,13,195.0,5.131578947368421,6.110084399320795,4,42.0,0.3422892360587925,9,193.0,0.21161395375960604,13,235.0
4575.0,10,193.0,5.676470588235294,6.7201001387881565,5,59.0,0.2578854426795154,5,180.0,0.39887792486501145,10,239.0
4580.0,10,217.0,5.864864864864865,7.690872619785374,4,71.0,0.37670621726800824,6,161.0,0.4162651732434553,10,232.0
4585.0,9,148.0,3.7948717948717947,7.839587033957492,5,85.0,0.5047560024442214,4,113.0,0.5562577569040731,9,198.0
4590.0,9,164.0,4.315789473684211,8.094300127330762,5,113.0,0.5752713442270799,4,65.0,0.5460095397713873,9,178.0
4595.0,11,217.0,5.425,6.922792331439764,6,141.0,0.5663728351144532,5,89.0,0.35170151105571196,11,230.0
4600.0,16,132.0,3.2195121951219514,5.478111314583191,7,85.0,0.4463070394400528,9,89.0,0.2224010705979063,16,174.0
4605.0,18,208.0,5.073170731707317,5.976086784928869,9,112.0,0.3595649829020984,9,108.0,0.33302280327361083,18,220.0
4610.0,16,125.0,2.9069767441860463,4.7200955076778905,10,97.0,0.23917523557753687,6,96.0,0.34955977712507685,16,193.0
4615.0,11,119.0,2.6444444444444444,6.580564692687398,5,68.0,0.33311857601917055,6,85.0,0.4017770211929582,11,153.0
4620.0,11,133.0,3.022727272727273,8.297313660134016,5,67.0,0.4061850300914454,6,93.0,0.48232299504040954,11,160.0
4625.0,10,79.0,1.6458333333333333,8.121391796984199,4,52.0,0.30910635188179686,6,73.0,0.5209840307576836,10,125.0
4630.0,14,101.0,2.1956521739130435,7.8809582280694785,6,65.0,0.5126394892108342,8,71.0,0.40258884858008304,14,136.0
4635.0,11,125.0,3.2051282051282053,7.726869969743056,2,73.0,0.6499882989873701,9,105.0,0.32513245931762197,11,178.0
4640.0,11,125.0,3.289473684210526,6.8724668671429905,3,62.0,0.6392950189510463,8,109.0,0.1524859992963188,11,171.0
4645.0,13,117.0,3.1621621621621623,6.610531552832706,3,22.0,0.5933453116129194,10,131.0,0.1308150733992565,13,153.0
4650.0,14,108.0,2.7,6.287357432625397,7,39.0,0.4588036929347015,7,130.0,0.22190870845583144,14,169.0
4655.0,12,116.0,3.0526315789473686,6.892721687272108,8,70.0,0.3967196721565338,4,89.0,0.4530315366076626,12,159.0
4660.0,13,165.0,4.230769230769231,6.5832879074072235,9,94.0,0.39015452757287916,4,104.0,0.4968082157676719,13,198.0
4665.0,14,181.0,4.525,5.808550340958409,9,111.0,0.32665598250351435,5,126.0,0.4983734744500018,14,237.0
4670.0,11,124.0,3.1794871794871793,6.1641275802308995,7,87.0,0.3862100390900746,4,93.0,0.44313411289723276,11,180.0
4675.0,12,155.0,3.604651162790698,6.200388548111558,7,94.0,0.31022674480940104,5,82.0,0.39020501350708875,12,176.0
4680.0,15,152.0,3.1020408163265305,6.65736001065117,10,116.0,0.3773639184751629,5,62.0,0.5151524665958361,15,178.0
4685.0,15,194.0,3.88,7.079770829661232,8,138.0,0.4883543441362705,7,93.0,0.5016625465647682,15,231.0
4690.0,18,245.0,4.711538461538462,5.881424309563959,12,165.0,0.421115290238442,6,124.0,0.4207011413609383,18,289.0
4695.0,23,320.0,5.818181818181818,5.240637281219232,14,214.0,0.37157940560087754,9,149.0,0.37999019787764915,23,363.0
4700.0,28,343.0,5.813559322033898,4.708230109159309,19,272.0,0.3135025249827774,9,147.0,0.3717094502589614,28,419.0
4705.0,27,327.0,4.880597014925373,5.452628735028873,18,268.0,0.30384405537267345,9,125.0,0.43785033105638665,27,393.0
4710.0,30,413.0,6.073529411764706,5.549960501035922,21,309.0,0.23582824429566196,9,147.0,0.4297568475072278,30,456.0
4715.0,33,446.0,6.28169014084507,5.396541498333971,21,342.0,0.20837360533501,12,199.0,0.3886250104581502,33,541.0
4720.0,29,331.0,4.797101449275362,4.662542931328386,17,320.0,0.21658355105832466,12,166.0,0.3013613248966267,29,486.0
4725.0,33,400.0,5.714285714285714,4.536207770980918,17,373.0,0.24539918947152803,16,206.0,0.21633911765365996,33,579.0
4730.0,31,409.0,5.927536231884058,4.555258552895195,16,389.0,0.2643404495943709,15,240.0,0.21093473670628346,31,629.0
4735.0,27,348.0,5.043478260869565,4.665947166267184,18,401.0,0.17260359184814897,9,219.0,0.31917859638794394,27,620.0
4740.0,30,322.0,4.735294117647059,4.038576534022583,21,425.0,0.09309731846500265,9,212.0,0.31974373254890887,30,637.0
4745.0,37,374.0,5.5,3.9904410918468587,24,473.0,0.12581737803612936,13,186.0,0.300521257275553,37,659.0
4750.0,30,331.0,5.092307692307692,3.7364693474689314,17,440.0,0.21470393022508502,13,212.0,0.18006545867721563,30,652.0
4755.0,27,430.0,6.825396825396825,4.880896855779785,13,434.0,0.27390088145557967,14,256.0,0.27858614318209635,27,690.0
4760.0,26,424.0,6.625,5.286999975926227,13,412.0,0.2711589461320008,13,263.0,0.33813489823090914,26,675.0
4765.0,20,359.0,5.4393939393939394,5.510873533380729,14,414.0,0.22689915466821087,6,196.0,0.40993632129882007,20,610.0
4770.0,26,268.0,4.1875,4.764712083051954,15,395.0,0.20496280755726862,11,201.0,0.3316256868093643,26,596.0
4775.0,34,394.0,6.354838709677419,4.257034230516601,21,393.0,0.21526663654075967,13,247.0,0.26608784263006047,34,640.0
4780.0,34,467.0,7.783333333333333,3.513046507840933,20,440.0,0.17708213941839163,14,269.0,0.2594037196289702,34,709.0
4785.0,25,441.0,7.35,4.3859702291105505,13,436.0,0.19923821365299677,12,260.0,0.2476799042020616,25,696.0
4790.0,20,440.0,7.857142857142857,4.800068976093707,10,400.0,0.2299447613777966,10,276.0,0.23281666429252537,20,676.0
4795.0,21,413.0,7.245614035087719,5.831366259895284,9,372.0,0.28573235899211186,12,280.0,0.26031732982345407,21,652.0
4800.0,25,324.0,6.0,4.6153084164003655,12,305.0,0.261256381517201,13,279.0,0.1758646670264477,25,584.0
4805.0,26,363.0,6.849056603773585,4.23850262372137,13,333.0,0.2287727069428396,13,236.0,0.27457481012041607,26,569.0
4810.0,19,362.0,6.703703703703703,4.930581942202848,8,316.0,0.2989246137505449,11,248.0,0.33303127174580177,19,564.0
4815.0,17,377.0,6.614035087719298,6.348180656970038,9,339.0,0.3863522322599729,8,210.0,0.3438654558543529,17,549.0
4820.0,17,420.0,7.11864406779661,6.452791742934498,7,342.0,0.2901569067057743,10,218.0,0.2925586813949881,17,560.0
4825.0,26,522.0,8.7,6.236830703519084,12,368.0,0.3883199426684082,14,266.0,0.23638539550204574,26,634.0
4830.0,20,493.0,8.963636363636363,5.6928216278546655,10,337.0,0.3779057187984011,10,289.0,0.28491264282929885,20,626.0
4835.0,24,488.0,9.76,5.335551250997895,11,250.0,0.26382317675259426,13,325.0,0.359160434383012,24,575.0
4840.0,22,381.0,7.326923076923077,4.252090904749793,12,274.0,0.04401205878939138,10,282.0,0.32474398301720847,22,556.0
4845.0,17,322.0,5.8545454545454545,6.07848678804254,7,253.0,0.2635123175295346,10,250.0,0.3500351155585831,17,503.0
4850.0,15,259.0,5.078431372549019,5.289139950923052,6,263.0,0.3453086793511852,9,186.0,0.20484697420954145,15,449.0
4855.0,26,350.0,6.60377358490566,5.002815265520304,11,299.0,0.3457896626171695,15,213.0,0.06847070688318246,26,512.0
4860.0,27,267.0,5.134615384615385,4.181030796316923,9,209.0,0.27643962603484395,18,276.0,0.08025486571143227,27,485.0
4865.0,25,342.0,6.0,5.660070616945719,12,230.0,0.4243076323499056,13,321.0,0.22684237404905291,25,551.0
4870.0,25,356.0,6.137931034482759,5.243386356851168,16,297.0,0.39775868435312783,9,319.0,0.31469438586433823,25,616.0
4875.0,24,347.0,5.783333333333333,5.352536808587349,13,314.0,0.35849953331814466,11,282.0,0.3365377454720135,24,596.0
4880.0,21,330.0,5.409836065573771,4.946710637625026,10,271.0,0.3091043052822652,11,309.0,0.19631324243466994,21,580.0
4885.0,22,284.0,4.655737704918033,5.460689797525068,13,175.0,0.33998267673582006,9,324.0,0.11238104672674713,22,499.0
4890.0,27,327.0,5.5423728813559325,5.080153360683748,17,215.0,0.2731429239324202,10,314.0,0.23042540099250158,27,529.0
4895.0,27,253.0,4.43859649122807,4.2052364241125,17,275.0,0.20824212050287255,10,242.0,0.33960013532217087,27,517.0
4900.0,26,317.0,5.372881355932203,5.113665549586439,17,300.0,0.3169684729151122,9,270.0,0.4049670719909819,26,570.0
4905.0,25,333.0,5.203125,5.141243157360724,15,331.0,0.2847906282210518,10,277.0,0.42275524539277176,25,608.0
4910.0,25,308.0,4.7384615384615385,5.706013851403822,15,331.0,0.3229544054974915,10,284.0,0.4216401295077241,25,615.0
4915.0,28,324.0,4.764705882352941,4.660369360442595,18,343.0,0.20767752400533884,10,270.0,0.34842346420374226,28,613.0
4920.0,25,266.0,3.6944444444444446,5.0994825704866695,13,300.0,0.3227702043592825,12,248.0,0.21901698911731626,25,548.0
4925.0,23,231.0,3.08,5.6907175589006656,9,290.0,0.3827192156047194,14,200.0,0.2415554011799331,23,490.0
4930.0,30,301.0,3.858974358974359,4.980177239323143,15,330.0,0.2997095044503573,15,228.0,0.28538083459680247,30,558.0
4935.0,34,357.0,4.518987341772152,5.2097877362572165,18,360.0,0.3415311518669901,16,276.0,0.3341555987489037,34,636.0
4940.0,33,417.0,5.415584415584416,4.747618559336483,19,373.0,0.31962143884952404,14,311.0,0.3265259323417645,33,684.0
4945.0,36,397.0,4.901234567901234,3.7945714297806035,23,413.0,0.15704284669139335,13,294.0,0.27899223769707904,36,707.0
4950.0,31,434.0,5.564102564102564,4.092798798501085,20,398.0,0.11316631876282524,11,284.0,0.26173289633067465,31,682.0
4955.0,29,507.0,6.5,4.842388492235677,17,410.0,0.19154215666753918,12,321.0,0.19686425916080202,29,731.0
4960.0,31,541.0,7.213333333333333,4.707221039065809,15,402.0,0.24845515171207225,16,367.0,0.09738880225506236,31,769.0
4965.0,36,592.0,8.338028169014084,4.045256209266524,18,403.0,0.21713850976028046,18,425.0,0.14725305004472006,36,828.0
4970.0,30,599.0,8.319444444444445,5.0262697781410175,21,451.0,0.2180167201510577,9,444.0,0.3406201276732411,30,895.0
4975.0,29,537.0,7.3561643835616435,4.755123619726131,21,490.0,0.19339158305043921,8,395.0,0.33494345633826117,29,885.0
4980.0,35,520.0,6.933333333333334,4.567710035150061,22,528.0,0.18344600045423337,13,347.0,0.37100356875661855,35,875.0
4985.0,37,616.0,8.0,4.641611333137353,24,537.0,0.2260044546984679,13,385.0,0.3560548731942148,37,922.0
4990.0,33,626.0,7.924050632911392,4.544035340207575,22,573.0,0.18606985775045118,11,377.0,0.36113198090052073,33,950.0
4995.0,30,384.0,4.8,4.589376071071156,17,526.0,0.1350959661286274,13,325.0,0.3100576426014906,30,851.0
5000.0,31,381.0,4.703703703703703,4.861936486628911,15,481.0,0.21282434411347517,16,245.0,0.24722097133963775,31,726.0
5005.0,32,440.0,5.5,4.729392388721199,14,459.0,0.2608588765572921,18,298.0,0.2710083015350431,32,757.0
5010.0,31,413.0,5.294871794871795,4.648432895276729,17,455.0,0.1932632617631439,14,326.0,0.33346204340814845,31,781.0
5015.0,36,412.0,5.35064935064935,3.810330484893426,20,466.0,0.14013074054208102,16,367.0,0.25230499001253465,36,833.0
5020.0,45,430.0,5.375,3.471483848414844,21,468.0,0.14485616056960485,24,419.0,0.2099431096988662,45,887.0
5025.0,44,549.0,6.614457831325301,3.5787607785960023,19,491.0,0.19139147764440909,25,503.0,0.2289955930602001,44,994.0
5030.0,33,505.0,6.3924050632911396,4.284938525199378,12,462.0,0.19718902471864022,21,542.0,0.28144605825421887,33,1004.0
5035.0,29,537.0,6.392857142857143,4.8088078434725166,10,442.0,0.2741923813562559,19,545.0,0.23926815158096587,29,987.0
5040.0,37,599.0,7.130952380952381,5.089031415537274,10,426.0,0.41823737765201,27,574.0,0.13844406884571483,37,1000.0
5045.0,37,697.0,8.397590361445783,4.788985525332609,10,417.0,0.43998741047747814,27,669.0,0.14747405048276221,37,1086.0
5050.0,36,794.0,10.050632911392405,4.70151869663661,11,360.0,0.33203870718641826,25,728.0,0.20091562143263322,36,1088.0
5055.0,40,848.0,11.616438356164384,3.237963004410727,15,371.0,0.14831042704479136,25,756.0,0.17200746594738134,40,1127.0
5060.0,40,892.0,11.736842105263158,3.827116072041388,16,348.0,0.26070196087415665,24,780.0,0.13580481663197064,40,1128.0
5065.0,41,611.0,8.36986301369863,3.846417567607231,15,294.0,0.32430122355910895,26,738.0,0.14212031053373195,41,1032.0
5070.0,33,435.0,5.958904109589041,4.67236798898813,12,238.0,0.3954353715335857,21,651.0,0.18017620527907283,33,889.0
5075.0,37,431.0,5.671052631578948,3.7358572872523004,14,241.0,0.261081296439846,23,676.0,0.16901380613330447,37,917.0
5080.0,34,390.0,5.064935064935065,4.550269530898691,12,214.0,0.32932482426991644,22,684.0,0.19470186319832153,34,898.0
5085.0,32,451.0,5.857142857142857,4.139646085824039,10,223.0,0.3352582949452212,22,693.0,0.13779751657619033,32,916.0
5090.0,39,561.0,7.10126582278481,4.346899084275718,16,253.0,0.2637831604324813,23,662.0,0.2238150083175596,39,915.0
5095.0,41,680.0,8.717948717948717,4.037380225927224,17,284.0,0.28682909657162786,24,735.0,0.21058642884912523,41,1019.0
5100.0,42,847.0,11.144736842105264,3.857127087397982,19,346.0,0.27425345724136874,23,791.0,0.22107065051536992,42,1137.0
5105.0,47,829.0,10.766233766233766,2.7371923159597684,21,394.0,0.1936739192547158,26,815.0,0.15615275664890776,47,1209.0
5110.0,37,596.0,7.544303797468355,3.5983278996427637,14,388.0,0.2889932384225898,23,744.0,0.09148969433454969,37,1132.0
5115.0,30,699.0,8.62962962962963,4.7344927844393645,12,399.0,0.28868048805821966,18,699.0,0.18585683736763436,30,1098.0
5120.0,26,502.0,6.121951219512195,5.682934357035916,10,310.0,0.28868380133625726,16,687.0,0.23005386999391908,26,997.0
5125.0,30,392.0,4.962025316455696,5.453281335360166,14,235.0,0.25773084887274805,16,616.0,0.24844400011115234,30,851.0
5130.0,35,410.0,5.616438356164384,3.989870257188059,16,287.0,0.2395664517706195,19,624.0,0.1688373306442482,35,911.0
5135.0,38,553.0,8.014492753623188,4.002272138793623,12,313.0,0.28453870429939726,26,675.0,0.12360021510554826,38,988.0
5140.0,34,638.0,9.666666666666666,3.3574790621432724,10,324.0,0.25329055043066157,24,734.0,0.09657477153032053,34,1058.0
5145.0,39,798.0,11.565217391304348,3.636360771759546,15,354.0,0.21296589237141983,24,781.0,0.16044039162965432,39,1135.0
5150.0,39,851.0,12.701492537313433,3.5034773965073045,16,407.0,0.2246177370321882,23,787.0,0.19205961343061292,39,1194.0
5155.0,25,675.0,10.227272727272727,4.564604127345457,9,417.0,0.3152367461295083,16,693.0,0.18184633242769344,25,1110.0
5160.0,20,659.0,10.138461538461538,4.532612571420276,9,416.0,0.2059531193893018,11,627.0,0.1740716787916104,20,1043.0
5165.0,24,608.0,9.212121212121213,4.942304692875598,13,423.0,0.10746615677291978,11,572.0,0.2835597540750489,24,995.0
5170.0,27,316.0,4.7164179104477615,4.816785667719686,14,346.0,0.17086278515972514,13,474.0,0.2809514324788403,27,820.0
5175.0,28,269.0,4.075757575757576,5.114759234583299,12,249.0,0.2936242963485538,16,468.0,0.29840028367056554,28,717.0
5180.0,20,241.0,3.765625,5.302635713118404,9,251.0,0.3368004078342862,11,401.0,0.32006609137076275,20,652.0
5185.0,20,217.0,3.4444444444444446,5.135231736102864,6,187.0,0.3514665566640978,14,402.0,0.19619555448400475,20,589.0
5190.0,22,263.0,4.311475409836065,5.287662835246924,5,147.0,0.405148958238699,17,411.0,0.12838736697975936,22,558.0
5195.0,25,330.0,5.32258064516129,4.903335151223438,8,183.0,0.3212124786910384,17,402.0,0.1515322698008323,25,585.0
5200.0,27,384.0,6.508474576271187,4.563616713511138,7,145.0,0.3996340152887444,20,473.0,0.1996304423544624,27,618.0
5205.0,25,459.0,7.779661016949152,5.352140443972813,9,150.0,0.42033363661155976,16,500.0,0.25670047947463,25,650.0
5210.0,23,349.0,5.453125,4.4852247024729985,8,143.0,0.26218453178299034,15,458.0,0.1983265500980435,23,601.0
5215.0,23,374.0,5.5,5.930516813214871,3,89.0,0.39625739152226147,20,451.0,0.23542785713679357,23,540.0
5220.0,26,338.0,4.898550724637682,6.036913445703686,5,91.0,0.42108187737466657,21,430.0,0.29602628420094,26,521.0
5225.0,30,363.0,5.112676056338028,5.964743778869907,12,137.0,0.3839414669381652,18,439.0,0.3319809243017799,30,576.0
5230.0,32,425.0,6.159420289855072,4.559001559854424,11,164.0,0.22970081807192466,21,476.0,0.3134676847464363,32,640.0
5235.0,27,401.0,5.897058823529412,4.613306617636834,7,171.0,0.2812614680631233,20,493.0,0.2598353978999172,27,664.0
5240.0,27,279.0,4.292307692307692,4.009658196587086,3,83.0,0.37928165241151096,24,522.0,0.11060563320626952,27,605.0
5245.0,29,266.0,4.03030303030303,4.72850594704563,6,84.0,0.2655711033183846,23,500.0,0.15955233565783605,29,584.0
5250.0,30,311.0,4.859375,4.088035362302244,7,96.0,0.27387035678467986,23,571.0,0.15455504211311058,30,667.0
5255.0,24,340.0,5.3125,5.687071772176082,2,82.0,0.5473565824616818,22,609.0,0.16617432903833357,24,691.0
5260.0,27,342.0,5.60655737704918,5.52980778359553,3,51.0,0.605402725303775,24,642.0,0.14680353285164735,27,693.0
5265.0,29,381.0,6.0476190476190474,5.7263171076546024,6,77.0,0.5004274241424889,23,656.0,0.1806674438048044,29,733.0
5270.0,29,505.0,8.706896551724139,4.932043122112484,8,113.0,0.4334109081616057,21,738.0,0.18477695691701498,29,851.0
5275.0,29,610.0,11.090909090909092,4.182814323328212,7,136.0,0.3736637153823881,22,802.0,0.13887487166021983,29,938.0
5280.0,30,649.0,11.189655172413794,3.893893913825755,9,162.0,0.17889507210841368,21,809.0,0.18284135821278374,30,971.0
5285.0,22,550.0,9.649122807017545,5.31559722031327,8,170.0,0.330196842544012,14,741.0,0.26445461493707084,22,911.0
5290.0,18,463.0,8.267857142857142,5.540919009989328,4,138.0,0.45325149402402176,14,677.0,0.20973663032301962,18,815.0
5295.0,17,198.0,3.3559322033898304,5.18457350888647,2,76.0,0.4022342148861918,15,609.0,0.14706289853464025,17,685.0
5300.0,22,231.0,3.7868852459016393,6.0108651018689425,6,61.0,0.4317436603868264,16,626.0,0.2715021337918372,22,687.0
5305.0,21,262.0,4.763636363636364,5.939528454959131,8,75.0,0.3808590464006874,13,606.0,0.32837553371669953,21,681.0
5310.0,25,357.0,6.865384615384615,4.474096187698617,10,121.0,0.17509768081350036,15,592.0,0.26207001605032865,25,713.0
5315.0,24,388.0,7.185185185185185,4.305169772300996,8,121.0,0.301314495950452,16,530.0,0.18072291001483945,24,651.0
5320.0,19,381.0,7.055555555555555,5.454842062494625,4,64.0,0.47205573833222647,15,565.0,0.20286113204087386,19,629.0
5325.0,17,441.0,9.0,6.441792851469323,4,44.0,0.472251918893461,13,581.0,0.22781761070861303,17,625.0
5330.0,20,382.0,7.64,5.805192587031106,6,68.0,0.3209088153346415,14,517.0,0.16065769629129914,20,585.0
5335.0,19,367.0,7.34,6.408217785817928,7,101.0,0.4645197195576071,12,414.0,0.19215995706288552,19,515.0
5340.0,14,235.0,4.519230769230769,6.891714648189482,5,109.0,0.6302221044571333,9,369.0,0.25619016248043214,14,478.0
5345.0,19,290.0,5.8,6.770210548606545,6,141.0,0.6004893813253477,13,303.0,0.3171779002284947,19,444.0
5350.0,20,265.0,5.196078431372549,5.741922172763748,9,149.0,0.44101973434502484,11,268.0,0.30537017143825523,20,417.0
5355.0,19,260.0,4.90566037735849,5.944542641566464,12,173.0,0.36697427620948153,7,212.0,0.38386493765672947,19,385.0
5360.0,18,178.0,3.4901960784313726,4.182840280753721,11,142.0,0.18503857107834012,7,189.0,0.31151514759912435,18,331.0
5365.0,26,242.0,4.653846153846154,5.0179877314133225,18,186.0,0.2110854199798925,8,179.0,0.36124904239884714,26,365.0
5370.0,23,274.0,5.372549019607843,4.687582343262302,15,230.0,0.2421209440221902,8,190.0,0.3084322333222064,23,420.0
5375.0,20,266.0,5.32,5.51584748172566,9,205.0,0.3251340100946896,11,197.0,0.27888019263984887,20,402.0
5380.0,15,162.0,3.24,4.235545332934907,6,180.0,0.34218828465217527,9,173.0,0.10777013449118002,15,353.0
5385.0,20,203.0,4.06,5.623219016292578,12,161.0,0.24246901427448356,8,162.0,0.367317298682794,20,323.0
5390.0,20,213.0,4.531914893617022,5.122387407287919,14,204.0,0.09686096814465146,6,147.0,0.5042690485013794,20,351.0
5395.0,21,289.0,5.8979591836734695,5.910540195881739,13,228.0,0.22114191594106566,8,152.0,0.4105275962859777,21,380.0
5400.0,17,216.0,4.32,5.317684743571647,10,229.0,0.2775890547540585,7,125.0,0.36288055572618677,17,354.0
5405.0,12,137.0,2.6862745098039214,7.036386117054055,3,161.0,0.42698786626609475,9,113.0,0.47146936591177174,12,274.0
5410.0,13,141.0,2.7115384615384617,6.701405471147703,4,122.0,0.4575506805910459,9,125.0,0.4123492234148406,13,247.0
5415.0,11,127.0,2.4423076923076925,7.037832830144102,7,139.0,0.43982011557895817,4,101.0,0.4216765904768037,11,240.0
5420.0,15,127.0,2.6458333333333335,5.516226913970892,10,174.0,0.2803076124917847,5,51.0,0.3013692665755038,15,225.0
5425.0,18,166.0,3.1923076923076925,5.029037244684517,9,181.0,0.1872844589187936,9,66.0,0.3350160898957978,18,247.0
5430.0,16,195.0,3.823529411764706,6.141477107649753,7,164.0,0.33552930174875006,9,89.0,0.3908524656796986,16,253.0
5435.0,14,191.0,3.537037037037037,6.815670673588996,6,134.0,0.31510787072149293,8,105.0,0.45212880041251724,14,239.0
5440.0,18,202.0,3.543859649122807,6.419142436398607,10,153.0,0.32077567009907587,8,115.0,0.3784480605311033,18,268.0
5445.0,18,244.0,4.518518518518518,6.139471487979994,8,173.0,0.2894621171715295,10,117.0,0.4060171180782114,18,290.0
5450.0,15,259.0,4.796296296296297,6.1225221470822175,6,157.0,0.5492340087026583,9,134.0,0.22544851482610767,15,291.0
5455.0,21,297.0,5.303571428571429,5.821207724336992,7,147.0,0.3984622464681987,14,182.0,0.21963436464142624,21,329.0
5460.0,22,325.0,5.508474576271187,6.37119119276012,8,161.0,0.41098990795817725,14,220.0,0.2889719526293455,22,381.0
5465.0,18,256.0,4.491228070175438,6.497431755076467,7,101.0,0.35876598773757024,11,218.0,0.3854383447226339,18,319.0
5470.0,17,214.0,4.037735849056604,6.3184257513054485,10,114.0,0.36424230258366636,7,170.0,0.36789193329565345,17,284.0
5475.0,20,223.0,3.982142857142857,5.878360121781776,10,131.0,0.317889032074222,10,151.0,0.3655269892626087,20,282.0
5480.0,16,143.0,2.4655172413793105,6.462073526152927,6,104.0,0.42574646345144923,10,148.0,0.40169527313674513,16,252.0
5485.0,19,158.0,2.7719298245614037,6.890402224577187,8,129.0,0.4868762213898022,11,110.0,0.3407902800129687,19,239.0
5490.0,16,155.0,2.719298245614035,5.945588429253033,6,139.0,0.4806997128517802,10,131.0,0.2366302340196412,16,270.0
5495.0,19,140.0,2.5454545454545454,5.208887822625342,9,123.0,0.2834440593468583,10,124.0,0.28624998875900587,19,247.0
5500.0,22,190.0,3.392857142857143,4.6140428125384165,15,181.0,0.1783607938059206,7,124.0,0.33333885132579216,22,305.0
5505.0,25,237.0,3.95,5.439790205569489,15,232.0,0.26594781592014266,10,122.0,0.3888827110206136,25,354.0
5510.0,25,306.0,5.1,5.92053268949455,16,291.0,0.3588194875259155,9,133.0,0.41020403875830264,25,424.0
5515.0,24,315.0,5.25,5.216658781875052,13,310.0,0.35874095323027305,11,140.0,0.3460754662473402,24,450.0
5520.0,21,238.0,3.901639344262295,5.0363305158603895,10,242.0,0.3981899131609207,11,153.0,0.2418739245228166,21,395.0
5525.0,21,235.0,3.8524590163934427,4.539904876458026,11,257.0,0.29248234577540455,10,144.0,0.1882985558535645,21,401.0
5530.0,23,218.0,3.5737704918032787,4.495336941344707,15,255.0,0.21372387096152592,8,141.0,0.2560913085070855,23,396.0
5535.0,28,260.0,4.193548387096774,4.707648817784928,19,314.0,0.20398560913137945,9,130.0,0.30239950735721544,28,444.0
5540.0,27,346.0,5.766666666666667,5.113100365997173,19,355.0,0.27154563325489744,8,153.0,0.3840748895011178,27,508.0
5545.0,27,390.0,6.39344262295082,4.716761979779017,20,373.0,0.1547558558188034,7,156.0,0.4126525230480402,27,529.0
5550.0,19,250.0,4.098360655737705,5.754639692555374,13,334.0,0.16773904214712496,6,112.0,0.47267791095608136,19,446.0
5555.0,18,296.0,4.553846153846154,6.77491657914969,11,322.0,0.26034313938926706,7,108.0,0.48279523333060087,18,430.0
5560.0,20,254.0,3.96875,6.379355278075382,13,315.0,0.24738444683508956,7,87.0,0.4998403816652538,20,402.0
5565.0,21,324.0,5.311475409836065,6.7232800109608375,13,333.0,0.39607038528891053,8,123.0,0.39836095881265454,21,456.0
5570.0,25,270.0,4.354838709677419,5.979464402000165,16,333.0,0.3823278768390751,9,130.0,0.3587842791732041,25,463.0
5575.0,24,356.0,5.836065573770492,5.747000251196021,17,330.0,0.32834587848364505,7,160.0,0.44932331019463934,24,490.0
5580.0,23,291.0,4.619047619047619,4.528918102394368,17,347.0,0.20024245244451133,6,130.0,0.42031162691339236,23,477.0
5585.0,20,215.0,3.467741935483871,4.995988601180218,16,331.0,0.21575068263122757,4,49.0,0.39762523056014043,20,380.0
5590.0,17,251.0,4.048387096774194,4.772754476278615,13,329.0,0.19039435642540592,4,60.0,0.2607796640320129,17,389.0
5595.0,22,349.0,5.369230769230769,6.149940179983998,12,334.0,0.3114924954164283,10,89.0,0.29732135200376786,22,423.0
5600.0,20,390.0,6.0,5.649549080470823,12,363.0,0.26246853659278346,8,113.0,0.316079317663057,20,476.0
5605.0,22,430.0,6.935483870967742,6.189102615936563,17,397.0,0.2269449174963083,5,107.0,0.4379774826752913,22,504.0
5610.0,24,443.0,7.910714285714286,4.733901017419503,18,457.0,0.09229797686789436,6,64.0,0.4103987891458459,24,521.0
5615.0,17,485.0,9.150943396226415,5.683621716860748,12,494.0,0.2523443372414229,5,84.0,0.3743761853853677,17,578.0
5620.0,13,266.0,5.428571428571429,5.4353766321984835,9,382.0,0.31575625686390485,4,61.0,0.26588270313938567,13,443.0
5625.0,20,307.0,6.019607843137255,5.756526613102976,12,286.0,0.33724486829243294,8,97.0,0.18012349697764518,20,383.0
5630.0,14,211.0,4.22,6.088004989544406,10,248.0,0.2914126829209249,4,93.0,0.5437574723316442,14,341.0
5635.0,16,218.0,4.739130434782608,6.2129440720997025,12,192.0,0.21163253344288782,4,105.0,0.6545783809639221,16,297.0
5640.0,18,244.0,5.4222222222222225,5.467168668755878,14,215.0,0.11324518193883627,4,119.0,0.5673026037263846,18,334.0
5645.0,11,119.0,2.6444444444444444,6.183890896916741,9,189.0,0.2147670139742707,2,60.0,0.40052059939462187,11,249.0
5650.0,13,156.0,3.3191489361702127,6.623548079994953,7,185.0,0.34493827455780884,6,53.0,0.33902257220296794,13,238.0
5655.0,10,143.0,2.803921568627451,7.692207984746287,6,183.0,0.43373786706870787,4,47.0,0.546963171209329,10,230.0
5660.0,11,171.0,3.489795918367347,7.960733983976827,7,189.0,0.42540688308502994,4,47.0,0.6459905683589191,11,236.0
5665.0,13,153.0,3.06,7.211978771547499,9,167.0,0.43833945484023046,4,67.0,0.5307975192847155,13,234.0
5670.0,17,160.0,3.1372549019607843,6.318919054411026,12,189.0,0.38370121039350574,5,54.0,0.4743782119813839,17,243.0
5675.0,18,196.0,3.92,5.611166961677817,12,218.0,0.2646728285705888,6,37.0,0.5084658486217025,18,255.0
5680.0,14,174.0,3.411764705882353,5.754914587707146,9,215.0,0.24764994560107736,5,47.0,0.38656965418699707,14,262.0
5685.0,15,151.0,3.02,6.324327826549749,8,168.0,0.2908491911882178,7,74.0,0.3471066520506264,15,242.0
5690.0,23,194.0,3.88,4.92934987149813,16,226.0,0.1359735704807259,7,74.0,0.305524884403038,23,300.0
5695.0,24,284.0,6.042553191489362,4.578958765700501,16,276.0,0.21916591404059269,8,94.0,0.30919680147785067,24,370.0
5700.0,19,338.0,6.8979591836734695,6.094157896936392,10,258.0,0.36859318732785357,9,137.0,0.3638580072096242,19,395.0
5705.0,17,283.0,5.895833333333333,5.374021475131163,9,231.0,0.3550970347074326,8,157.0,0.2351493397763176,17,388.0
5710.0,23,323.0,6.46,5.061782639174803,13,224.0,0.15600897918469278,10,189.0,0.3224307418274061,23,413.0
5715.0,25,249.0,4.98,4.425218506357365,17,268.0,0.14591277141787415,8,170.0,0.38235088252889665,25,438.0
5720.0,21,230.0,4.6938775510204085,5.819981433810143,16,274.0,0.21100406262166582,5,96.0,0.5487791043178694,21,370.0
5725.0,19,253.0,5.06,5.145292179973009,12,280.0,0.21284165797524698,7,100.0,0.34085521027709975,19,380.0
5730.0,12,135.0,2.6470588235294117,6.392379845949907,7,236.0,0.2517749628407485,5,86.0,0.3453174685452494,12,322.0
5735.0,14,151.0,3.02,6.610176334168849,6,227.0,0.27402595036023547,8,89.0,0.4071825567244813,14,316.0
5740.0,21,214.0,4.196078431372549,6.601312999074081,14,275.0,0.22774893425593346,7,119.0,0.5204266944493146,21,394.0
5745.0,17,271.0,6.022222222222222,5.609364746585047,11,292.0,0.2922662589114972,6,125.0,0.4679842315346716,17,417.0
5750.0,13,238.0,5.0638297872340425,6.0838249234539425,8,251.0,0.45090293135584647,5,86.0,0.38578433995633765,13,337.0
5755.0,16,249.0,5.297872340425532,5.6126404401768735,8,226.0,0.42841766516008,8,91.0,0.17764935125965922,16,317.0
5760.0,17,224.0,4.392156862745098,5.144809956473419,9,214.0,0.3017551247326456,8,86.0,0.3427539336979242,17,300.0
5765.0,13,257.0,4.849056603773585,6.477282771509882,8,243.0,0.2812789491563466,5,75.0,0.5697104664812237,13,318.0
5770.0,12,231.0,4.052631578947368,7.3840013177633965,8,252.0,0.3190505977139587,4,62.0,0.6102678752184075,12,314.0
5775.0,17,135.0,2.3275862068965516,6.359455245608319,10,170.0,0.2744982553947818,7,57.0,0.41415034907257425,17,227.0
5780.0,25,205.0,3.360655737704918,6.0093529143261355,14,178.0,0.32370202303980544,11,73.0,0.2893936855812179,25,251.0
5785.0,24,281.0,4.762711864406779,6.0837653183287195,13,202.0,0.39176777306042593,11,126.0,0.3514008702196,24,328.0
5790.0,20,278.0,5.148148148148148,5.0642562517315115,10,224.0,0.29258167564306753,10,152.0,0.34308925960448355,20,376.0
5795.0,24,362.0,6.350877192982456,4.129081230935831,14,259.0,0.23417131345401432,10,172.0,0.23752914101049938,24,431.0
5800.0,24,298.0,5.0508474576271185,4.619725703180188,14,278.0,0.26400465839691617,10,173.0,0.35140467909117945,24,451.0
5805.0,16,272.0,4.533333333333333,5.086038726404367,10,263.0,0.24928231174251764,6,107.0,0.3431603947605817,16,370.0
5810.0,17,211.0,3.296875,6.113908042484386,11,217.0,0.2672714317487934,6,110.0,0.3903168789444943,17,327.0
5815.0,27,320.0,4.848484848484849,6.330738306545687,19,250.0,0.23579132765814667,8,141.0,0.29374680333595876,27,391.0
5820.0,25,327.0,5.030769230769231,5.598392166483847,19,316.0,0.20184951033600393,6,97.0,0.4029845153267811,25,413.0
5825.0,22,389.0,6.274193548387097,6.22809093408424,15,346.0,0.2209602483273626,7,107.0,0.5044328078930549,22,453.0
5830.0,19,320.0,5.517241379310345,5.53737532488273,15,380.0,0.28296109890306037,4,66.0,0.3734837452238002,19,446.0
5835.0,25,358.0,5.966666666666667,5.7786397738103945,18,389.0,0.29314401392285555,7,76.0,0.37370246449321437,25,465.0
5840.0,32,429.0,7.032786885245901,3.894685326432758,21,437.0,0.14180620012490228,11,126.0,0.38393457039670814,32,563.0
5845.0,28,383.0,6.278688524590164,3.90246925762211,20,448.0,0.16417981080354233,8,162.0,0.4202037362245756,28,610.0
5850.0,27,398.0,5.940298507462686,4.719200709027148,17,497.0,0.2675452701837148,10,193.0,0.4011165174714774,27,690.0
5855.0,28,413.0,5.816901408450704,4.783430731797638,19,533.0,0.292848796915686,9,196.0,0.3723306602201517,28,729.0
5860.0,30,421.0,5.847222222222222,4.7955614038615,21,565.0,0.21448676905659847,9,176.0,0.40293829261752034,30,741.0
5865.0,27,279.0,3.8219178082191783,4.428589692428937,19,536.0,0.1488873796369904,8,129.0,0.33077258227708867,27,665.0
5870.0,30,306.0,4.08,4.118370239895777,18,559.0,0.17970397112445805,12,116.0,0.19719740448677836,30,675.0
5875.0,34,385.0,5.133333333333334,4.169408791092427,23,569.0,0.21815160158899427,11,141.0,0.1890241264253486,34,710.0
5880.0,34,440.0,6.197183098591549,4.142578036484754,24,614.0,0.14949870626411782,10,156.0,0.29845381237535623,34,770.0
5885.0,32,453.0,6.661764705882353,4.239832780672748,24,604.0,0.04926531795119436,8,170.0,0.3984776455696082,32,774.0
5890.0,32,439.0,6.36231884057971,4.189347936783594,24,625.0,0.0668745626296075,8,155.0,0.39844442133094765,32,780.0
5895.0,34,468.0,6.591549295774648,4.230916208538099,20,661.0,0.180750256886882,14,161.0,0.3211700510127401,34,822.0
5900.0,34,551.0,7.871428571428571,4.324380523668267,20,673.0,0.24776396837133247,14,215.0,0.34416182473689794,34,888.0
5905.0,30,507.0,6.945205479452055,4.223893729998978,22,666.0,0.20257230062459128,8,221.0,0.3238425902371921,30,887.0
5910.0,27,363.0,4.972602739726027,4.435698576350834,16,572.0,0.21712241021024375,11,259.0,0.21406231580119575,27,831.0
5915.0,30,471.0,6.364864864864865,4.883973493960345,14,495.0,0.30460329637888744,16,328.0,0.1561320514685019,30,823.0
5920.0,34,600.0,8.450704225352112,4.95974700187418,16,511.0,0.2938273770500989,18,380.0,0.1548306625625324,34,891.0
5925.0,27,593.0,9.564516129032258,4.068056256386747,15,483.0,0.07395720979396454,12,389.0,0.20994669653352482,27,872.0
5930.0,31,683.0,10.507692307692308,4.336681260895636,19,544.0,0.07345824712152581,12,426.0,0.1674583566936058,31,970.0
5935.0,32,712.0,10.787878787878787,4.591013144081437,16,541.0,0.18474451742179826,16,460.0,0.23970952089561567,32,1001.0
5940.0,27,472.0,7.737704918032787,4.843508909410998,11,466.0,0.3161657479784587,16,404.0,0.27325297437359597,27,870.0
5945.0,24,349.0,6.12280701754386,4.587837165255227,8,396.0,0.4043879849667115,16,362.0,0.24263512451520544,24,758.0
5950.0,26,298.0,4.806451612903226,3.793477420731992,9,344.0,0.2942868262143143,17,394.0,0.21618462503050417,26,738.0
5955.0,30,306.0,5.016393442622951,3.598990071710403,16,387.0,0.1454444230547497,14,369.0,0.2308303633194802,30,756.0
5960.0,28,311.0,4.859375,4.730343313941825,17,403.0,0.18409437814360397,11,345.0,0.32971982505268044,28,748.0
5965.0,20,255.0,4.0476190476190474,5.141238802375435,10,357.0,0.18470939069428025,10,324.0,0.2523383263487379,20,681.0
5970.0,26,313.0,5.216666666666667,5.327252735395991,10,362.0,0.32088296236196556,16,334.0,0.20967603755980996,26,696.0
5975.0,26,318.0,5.213114754098361,5.183818311990263,10,341.0,0.2849032533610563,16,324.0,0.26028675722008926,26,665.0
5980.0,25,316.0,5.180327868852459,5.704160786740129,8,259.0,0.3270300190623479,17,289.0,0.34642963546039585,25,548.0
5985.0,28,322.0,5.278688524590164,4.949124240060638,11,271.0,0.303776465843644,17,324.0,0.27555688956655294,28,595.0
5990.0,35,441.0,7.0,3.9309065477301224,15,340.0,0.27193765102406126,20,359.0,0.20869733630517096,35,699.0
5995.0,33,448.0,7.111111111111111,3.5445586674160423,12,366.0,0.2994918975157705,21,400.0,0.19226922579542427,33,766.0
6000.0,24,307.0,5.203389830508475,4.035288008883267,9,344.0,0.2645606506999647,15,368.0,0.1901491591569181,24,712.0
6005.0,27,415.0,6.587301587301587,4.364982124047001,11,349.0,0.23259730968215736,16,416.0,0.16745785426796853,27,765.0
6010.0,29,480.0,7.164179104477612,4.462198116037035,11,326.0,0.2768110325917024,18,484.0,0.11527937450804045,29,810.0
6015.0,32,548.0,8.5625,4.456820959045242,11,312.0,0.392928765432866,21,522.0,0.16159428467128642,32,834.0
6020.0,26,510.0,8.225806451612904,4.749443068230086,10,216.0,0.31184729370454156,16,492.0,0.2936372207990062,26,708.0
6025.0,28,492.0,8.065573770491802,4.394624336046732,14,223.0,0.13133459499562314,14,480.0,0.29823219301408416,28,703.0
6030.0,30,408.0,6.476190476190476,4.24657437284835,14,248.0,0.16568816018088772,16,461.0,0.26901825520466777,30,709.0
6035.0,32,394.0,6.15625,4.372707287488299,14,294.0,0.3066538726095236,18,464.0,0.19006884206924635,32,758.0
6040.0,30,423.0,6.507692307692308,4.744466515234048,10,305.0,0.4105711741133274,20,476.0,0.21723666292264626,30,781.0
6045.0,33,498.0,7.432835820895522,4.767764207358836,11,284.0,0.38591460315374376,22,522.0,0.17052195966295977,33,806.0
6050.0,26,416.0,6.303030303030303,4.8136866483690826,10,256.0,0.29908539174490917,16,530.0,0.18233621589466623,26,786.0
6055.0,21,377.0,6.180327868852459,5.5807956802426455,7,161.0,0.3058665361748966,14,553.0,0.2323043985706937,21,714.0
6060.0,21,370.0,6.065573770491803,5.4778789008601745,7,125.0,0.293353435324075,14,540.0,0.23435376399160202,21,665.0
6065.0,22,261.0,4.5,5.139409568968915,8,118.0,0.2542207796235601,14,507.0,0.2521694128207629,22,625.0
6070.0,24,275.0,4.824561403508772,4.987222342985836,9,115.0,0.32188233633223007,15,507.0,0.20398923735522384,24,622.0
6075.0,25,257.0,4.589285714285714,4.966730060731787,8,131.0,0.3595007549997056,17,438.0,0.2632180511886559,25,569.0
6080.0,29,331.0,5.706896551724138,4.376886154885467,13,172.0,0.28907548566192653,16,467.0,0.2922406150018871,29,639.0
6085.0,30,394.0,6.15625,4.810992727700185,11,189.0,0.26691988652732584,19,538.0,0.3737478908564823,30,727.0
6090.0,26,334.0,5.21875,4.818648114542347,6,150.0,0.35110098358170294,20,567.0,0.2595270475473428,26,717.0
6095.0,21,234.0,3.65625,4.93464437863196,6,132.0,0.37612628968739403,15,525.0,0.14819734180813202,21,657.0
6100.0,25,233.0,3.640625,5.298086869965827,8,114.0,0.25089062325216493,17,469.0,0.2092032101439133,25,583.0
6105.0,27,245.0,3.769230769230769,4.8155842548873595,9,122.0,0.19013891853831677,18,437.0,0.25267315483165964,27,559.0
6110.0,22,241.0,3.8870967741935485,5.384564645100085,6,100.0,0.38045617813541194,16,408.0,0.2875724783413869,22,508.0
6115.0,25,277.0,4.540983606557377,5.705443075518046,4,104.0,0.5054429056625755,21,410.0,0.23219779459429793,25,514.0
6120.0,28,336.0,5.6,5.011323493413838,5,110.0,0.5318738584523545,23,476.0,0.16063250666035953,28,586.0
6125.0,30,373.0,6.216666666666667,4.939140710823726,5,61.0,0.576178629834893,25,537.0,0.1299398470444778,30,598.0
6130.0,28,415.0,6.693548387096774,4.977187706534481,6,67.0,0.5566742336334508,22,564.0,0.1354417378387954,28,631.0
6135.0,21,276.0,4.3125,5.216893858120831,6,67.0,0.39022451017703946,15,501.0,0.18711336414747076,21,568.0
6140.0,16,266.0,4.360655737704918,5.684128953486984,6,79.0,0.4154939941987901,10,465.0,0.20210205219518945,16,544.0
6145.0,15,169.0,2.6,5.2514718802832,5,77.0,0.3269921407843597,10,430.0,0.1675927258787743,15,507.0
6150.0,29,259.0,4.046875,5.329318216703081,13,100.0,0.3316850874790711,16,427.0,0.24963566202069434,29,527.0
6155.0,28,327.0,5.274193548387097,4.315107351585583,13,143.0,0.2333304967387266,15,431.0,0.31614217656248095,28,574.0
6160.0,19,304.0,4.903225806451613,4.995371696177572,9,164.0,0.2883831359642001,10,371.0,0.2962535427167906,19,535.0
6165.0,19,379.0,5.921875,5.575578894661174,10,181.0,0.2840195567084777,9,354.0,0.2664873209088229,19,535.0
6170.0,21,355.0,5.298507462686567,5.6503271888590385,10,154.0,0.31749148756944334,11,366.0,0.15581712151220123,21,520.0
6175.0,27,319.0,5.145161290322581,5.401479931091727,13,158.0,0.3282800240286638,14,341.0,0.18861914466188362,27,499.0
6180.0,28,279.0,4.982142857142857,4.806364878884912,12,171.0,0.33433450331370396,16,311.0,0.22166201319189316,28,482.0
6185.0,31,364.0,6.618181818181818,3.677181282197548,15,216.0,0.16796802836686459,16,321.0,0.18361579050300725,31,537.0
6190.0,25,320.0,5.714285714285714,3.891252896417417,15,255.0,0.11882786408642214,10,283.0,0.24095406362647306,25,538.0
6195.0,18,316.0,5.3559322033898304,5.316827212994834,8,239.0,0.2468773383440493,10,312.0,0.23622827654634634,18,551.0
6200.0,22,276.0,4.677966101694915,5.332991250323962,9,232.0,0.280234114683121,13,325.0,0.20985971766579967,22,557.0
6205.0,23,271.0,4.672413793103448,5.4861099080369,10,198.0,0.37677233056497916,13,339.0,0.2254704301367186,23,537.0
6210.0,21,247.0,4.490909090909091,5.1126493445951535,11,190.0,0.22910348020625673,10,303.0,0.3386645848989472,21,493.0
6215.0,23,340.0,6.296296296296297,4.71676902847804,13,225.0,0.1419432252793061,10,331.0,0.29776103937131637,23,556.0
6220.0,26,377.0,6.8545454545454545,4.686712515439402,13,237.0,0.12050798261621085,13,350.0,0.30998852286905754,26,587.0
6225.0,22,377.0,6.8545454545454545,5.440760637714614,8,189.0,0.3579889074185962,14,385.0,0.26312952161239633,22,574.0
6230.0,16,380.0,6.785714285714286,5.900434229843023,6,164.0,0.40107621802966265,10,387.0,0.2425288119794704,16,551.0
6235.0,21,359.0,6.298245614035087,6.087668803838053,9,143.0,0.3478590031668149,12,346.0,0.27960787954713445,21,489.0
6240.0,24,405.0,7.105263157894737,5.867802976918607,9,168.0,0.31813353941771,15,337.0,0.30474409719128476,24,505.0
6245.0,23,299.0,5.6415094339622645,5.8903480879244094,11,202.0,0.35629131335120456,12,262.0,0.3596876456931453,23,464.0
6250.0,22,319.0,5.8,5.660332394825226,8,188.0,0.3579192292645575,14,217.0,0.318792735290136,22,405.0
6255.0,20,306.0,5.464285714285714,5.750277463137001,6,131.0,0.4663192269803362,14,239.0,0.23443846520748088,20,370.0
6260.0,14,232.0,3.9322033898305087,6.536722897078457,6,66.0,0.5271417947454096,8,220.0,0.15921959731628993,14,286.0
6265.0,17,230.0,3.9655172413793105,6.232987673541224,8,91.0,0.517161474828741,9,227.0,0.1905505337428606,17,318.0
6270.0,21,139.0,2.396551724137931,5.266801522553349,10,90.0,0.3310799190926,11,197.0,0.28574676932987747,21,287.0
6275.0,25,222.0,4.036363636363636,3.9320408148719848,15,136.0,0.19342029848856554,10,223.0,0.27345077772704585,25,359.0
6280.0,23,261.0,4.745454545454545,4.79062546447245,14,179.0,0.14206460782253225,9,214.0,0.40594213966509396,23,393.0
6285.0,23,310.0,5.535714285714286,5.283514764244233,15,231.0,0.17762788624446674,8,214.0,0.3582856450079138,23,445.0
6290.0,26,309.0,5.327586206896552,5.374499930055462,13,248.0,0.3351401294736849,13,224.0,0.2312600372553099,26,472.0
6295.0,20,222.0,3.8947368421052633,6.003766361930907,5,190.0,0.5076745978063291,15,241.0,0.20041007205095715,20,431.0
6300.0,21,234.0,3.9,5.422236792770419,6,201.0,0.4055711947398348,15,226.0,0.189242486440284,21,427.0
6305.0,26,273.0,4.475409836065574,4.833579159364106,12,222.0,0.33933140244733356,14,263.0,0.2470501129864452,26,485.0
6310.0,19,250.0,4.032258064516129,5.753277363392481,12,233.0,0.3616699206171222,7,235.0,0.356308944509609,19,468.0
6315.0,18,173.0,2.6615384615384614,5.608633551178045,12,192.0,0.28728312984477883,6,182.0,0.3458707843538835,18,374.0
6320.0,26,248.0,3.5942028985507246,4.967161015314315,14,233.0,0.19988587942240546,12,187.0,0.27423243646056233,26,420.0
6325.0,30,320.0,4.848484848484849,4.832099506694269,17,292.0,0.24495145354859152,13,209.0,0.30865242456739617,30,501.0
6330.0,28,345.0,5.564516129032258,4.571303522023633,15,294.0,0.29276574318773113,13,231.0,0.2714943082405297,28,525.0
6335.0,31,398.0,6.419354838709677,3.5886577569344906,19,325.0,0.18427726956972573,12,232.0,0.23879538297794525,31,557.0
6340.0,30,351.0,5.318181818181818,4.172933639874719,23,371.0,0.10415705052175107,7,161.0,0.37795890015650446,30,532.0
6345.0,21,343.0,5.196969696969697,5.666452184942154,16,378.0,0.17143424244714436,5,121.0,0.4263025100439382,21,499.0
6350.0,18,238.0,3.838709677419355,5.676707841420897,12,318.0,0.21161540929841102,6,125.0,0.3305710751643975,18,443.0
6355.0,29,342.0,5.7,4.708503419870265,17,320.0,0.16470111106396307,12,160.0,0.19131003956439868,29,480.0
6360.0,32,410.0,7.068965517241379,4.170615711681383,20,375.0,0.21362970791845587,12,194.0,0.25063497342217256,32,569.0
6365.0,23,361.0,6.333333333333333,5.223148007395242,16,397.0,0.23527264192840705,7,198.0,0.37336109784171484,23,595.0
6370.0,18,268.0,4.620689655172414,5.340143079733859,14,411.0,0.2627133147456696,4,123.0,0.4087731607179307,18,534.0
6375.0,18,199.0,3.3728813559322033,5.168404599023535,9,347.0,0.2542414003725708,9,109.0,0.31238863457700755,18,456.0
6380.0,21,266.0,4.75,5.347799117228843,12,344.0,0.24176468371682236,9,132.0,0.3387912904772781,21,476.0
6385.0,15,227.0,4.127272727272727,5.791994256798979,11,334.0,0.18483554400754088,4,124.0,0.38987701706484124,15,458.0
6390.0,17,176.0,3.142857142857143,5.338862741446645,13,323.0,0.15730308591251296,4,79.0,0.35322764955384184,17,402.0
6395.0,23,223.0,3.982142857142857,6.320543950798927,14,366.0,0.24283456446160107,9,74.0,0.4313555121797958,23,440.0
6400.0,19,297.0,5.711538461538462,6.1324161485964765,14,410.0,0.26066969309018834,5,89.0,0.4567578423944358,19,499.0
6405.0,16,291.0,5.705882352941177,5.776323486638756,13,421.0,0.2771624556947627,3,65.0,0.45331475473177785,16,486.0
6410.0,15,291.0,5.388888888888889,6.78779356750568,9,426.0,0.34617451335248894,6,83.0,0.4450841147684505,15,509.0
6415.0,13,227.0,4.127272727272727,7.011698830735234,9,348.0,0.29925825385772425,4,86.0,0.4335015502471533,13,434.0
6420.0,16,165.0,2.9464285714285716,6.86452009952974,10,260.0,0.19938623910891531,6,108.0,0.5340712049096619,16,368.0
6425.0,17,216.0,4.0,6.97053592093524,11,284.0,0.2799847482735677,6,138.0,0.589898450710866,17,422.0
6430.0,15,192.0,3.6226415094339623,7.025155825832744,9,270.0,0.38111426700941725,6,92.0,0.5287680556066798,15,362.0
6435.0,20,260.0,4.7272727272727275,6.295229496763884,13,249.0,0.3122347818440663,7,123.0,0.42037932932549316,20,372.0
6440.0,24,333.0,5.741379310344827,5.149535514314805,13,245.0,0.19118710703449812,11,172.0,0.4237675692850273,24,417.0
6445.0,21,262.0,4.295081967213115,5.547338892862242,14,258.0,0.2625011444489205,7,163.0,0.48671460884579637,21,421.0
6450.0,25,336.0,5.793103448275862,5.850969791795597,18,294.0,0.2431271332445638,7,142.0,0.49872033073338584,25,436.0
6455.0,24,307.0,4.723076923076923,5.003267117993223,14,312.0,0.18341321544379527,10,110.0,0.3896898218104901,24,422.0
6460.0,23,358.0,5.507692307692308,5.832170611303703,9,286.0,0.27387087583881825,14,169.0,0.3813234560604638,23,455.0
6465.0,24,285.0,4.384615384615385,4.987333013585554,11,234.0,0.3000947724787203,13,180.0,0.2786526043482922,24,414.0
6470.0,34,382.0,5.617647058823529,5.269626148878951,13,254.0,0.37652058213643613,21,256.0,0.2059515231082625,34,510.0
6475.0,33,415.0,6.1940298507462686,4.466964176457648,13,285.0,0.30422923329362583,20,306.0,0.2515332037610503,33,591.0
6480.0,26,460.0,6.47887323943662,5.312608257803963,10,292.0,0.3173721856931213,16,296.0,0.27055305673337837,26,588.0
6485.0,28,393.0,5.614285714285714,4.587125524693234,10,261.0,0.25471196353245906,18,319.0,0.21530290197374038,28,580.0
6490.0,29,284.0,4.0,5.3246509291490165,15,228.0,0.19313754465728936,14,290.0,0.29339764197428747,29,518.0
6495.0,29,329.0,4.768115942028985,4.588790985137742,15,262.0,0.1608091026459558,14,327.0,0.2856965003548136,29,589.0
6500.0,34,409.0,5.927536231884058,4.241969309436576,16,311.0,0.20831141856908295,18,359.0,0.24401860236779535,34,670.0
6505.0,39,439.0,6.36231884057971,3.1927994341449537,14,340.0,0.19327005044386256,25,423.0,0.2023554911271793,39,763.0
6510.0,35,499.0,7.128571428571429,4.482808321615626,9,325.0,0.3778790456892298,26,487.0,0.21301113987230766,35,812.0
6515.0,33,430.0,6.056338028169014,4.530721375135139,7,264.0,0.3743005480719561,26,528.0,0.16439601746084842,33,792.0
6520.0,33,428.0,5.631578947368421,5.146811142039338,13,256.0,0.31763481747851485,20,501.0,0.22463548109759662,33,757.0
6525.0,30,502.0,6.51948051948052,5.1136121908879995,13,284.0,0.23458338060354095,17,507.0,0.27224225410683284,30,791.0
6530.0,26,530.0,7.361111111111111,5.485876730463379,9,272.0,0.3846332528816649,17,528.0,0.19329342061966237,26,800.0
6535.0,24,555.0,7.816901408450704,5.789277745407103,7,271.0,0.44297896575092216,17,536.0,0.12742615959192308,24,807.0
6540.0,29,381.0,5.366197183098592,4.802832442096039,9,195.0,0.32675366780101467,20,517.0,0.08525979296319416,29,712.0
6545.0,34,380.0,5.507246376811594,4.812421823928811,14,178.0,0.3197380905343698,20,508.0,0.11448226076082545,34,686.0
6550.0,31,401.0,6.265625,4.329742291423055,14,208.0,0.2648119662677194,17,529.0,0.21446059993876793,31,737.0
6555.0,28,414.0,6.571428571428571,4.610790710787821,16,245.0,0.185005908180418,12,479.0,0.278612845093427,28,724.0
6560.0,29,469.0,7.2153846153846155,4.082547595886607,16,281.0,0.08957439807172668,13,472.0,0.3127457201699721,29,753.0
6565.0,23,478.0,7.3538461538461535,5.29175034702181,9,276.0,0.2490046994920541,14,492.0,0.2832153040427243,23,768.0
6570.0,23,401.0,6.365079365079365,4.755093712725834,6,198.0,0.3940331282204292,17,525.0,0.11794443317430442,23,723.0
6575.0,32,431.0,6.734375,4.32295732355203,10,214.0,0.34604972077669377,22,538.0,0.11504836495354524,32,752.0
6580.0,32,356.0,5.836065573770492,3.931267395396591,11,209.0,0.30345318098769,21,523.0,0.19017685819163022,32,732.0
6585.0,27,442.0,6.90625,4.815633880822318,8,196.0,0.3749249623433409,19,507.0,0.23818439088040247,27,703.0
6590.0,29,382.0,5.617647058823529,4.817603411438222,8,179.0,0.42486873028146593,21,511.0,0.21580472896766853,29,690.0
6595.0,24,324.0,4.563380281690141,5.534798922438578,12,203.0,0.4404331527693904,12,447.0,0.2448307219158902,24,650.0
6600.0,25,399.0,5.619718309859155,4.809014212786462,13,229.0,0.24395950149104337,12,407.0,0.2747946094170051,25,636.0
6605.0,26,365.0,5.214285714285714,4.974472372635305,12,226.0,0.20477016420203384,14,388.0,0.23208709788145673,26,614.0
6610.0,23,337.0,5.106060606060606,4.933085967422866,11,250.0,0.26156155083286614,12,349.0,0.1470415132515791,23,599.0
6615.0,23,270.0,4.21875,4.6817900558346075,8,215.0,0.2832025664069641,15,373.0,0.09531435580093194,23,588.0
6620.0,22,298.0,5.228070175438597,5.110355449640403,13,178.0,0.2489639187862823,9,377.0,0.2253002108066506,22,555.0
6625.0,23,300.0,5.2631578947368425,4.580521109904339,11,218.0,0.17269214254470944,12,343.0,0.28181801214158325,23,561.0
6630.0,23,371.0,6.625,5.444849939924433,8,226.0,0.35281469484453976,15,350.0,0.2591983873509379,23,576.0
6635.0,24,238.0,4.25,4.892518806454825,9,159.0,0.3301823235220499,15,357.0,0.20110957226568085,24,516.0
6640.0,27,367.0,6.553571428571429,5.254784145137671,11,160.0,0.34899440760332034,16,385.0,0.2057989556046304,27,545.0
6645.0,23,333.0,5.741379310344827,5.371119878022933,9,151.0,0.2618548532477184,14,407.0,0.3224741319064904,23,558.0
6650.0,22,333.0,5.842105263157895,5.596684597925899,13,142.0,0.2552197864007193,9,373.0,0.36506157567001485,22,515.0
6655.0,24,293.0,5.232142857142857,5.193316743784065,11,155.0,0.3093233005038273,13,347.0,0.3230984801155021,24,502.0
6660.0,17,141.0,2.389830508474576,6.606747806707326,4,106.0,0.4699302409796579,13,290.0,0.34733445700431187,17,396.0
6665.0,14,147.0,2.4915254237288136,5.660527273295033,4,100.0,0.460649369667861,10,255.0,0.2460970628575287,14,355.0
6670.0,20,183.0,2.9047619047619047,6.24884598993321,8,134.0,0.45694232426639575,12,266.0,0.2883469586352267,20,400.0
6675.0,14,168.0,2.7096774193548385,6.08840157858159,8,145.0,0.396193227620026,6,233.0,0.3298367470969971,14,378.0
6680.0,18,201.0,3.2950819672131146,5.809417961275059,6,127.0,0.32058723931814453,12,234.0,0.2526717665081593,18,361.0
6685.0,25,172.0,2.819672131147541,4.952682012765112,10,86.0,0.2998520970161087,15,243.0,0.12815330933083519,25,329.0
6690.0,26,247.0,3.859375,4.935675654013411,11,112.0,0.364656154739357,15,280.0,0.1470218922849779,26,392.0
6695.0,20,269.0,4.559322033898305,5.372745531851571,10,137.0,0.3665234895412297,10,279.0,0.30511399975191467,20,416.0
6700.0,22,291.0,4.546875,5.733375369487826,10,149.0,0.3204852632357265,12,307.0,0.3538335173556828,22,456.0
6705.0,23,318.0,4.96875,5.282537575324978,11,164.0,0.25436596254893223,12,314.0,0.35204498665689316,23,478.0
6710.0,22,365.0,5.703125,4.83390297917493,10,155.0,0.30155705287334933,12,342.0,0.2817430601925642,22,497.0
6715.0,23,381.0,5.7727272727272725,4.941725064760476,11,171.0,0.25753709963048155,12,356.0,0.2583322178387997,23,527.0
6720.0,29,400.0,5.882352941176471,5.185562027753186,13,199.0,0.2679216949407407,16,363.0,0.21474967335603332,29,562.0
6725.0,33,483.0,7.102941176470588,5.101011195864758,13,236.0,0.2979107267904261,20,371.0,0.21826727340814284,33,607.0
6730.0,29,387.0,5.953846153846154,4.529384018652116,11,232.0,0.2095200033431838,18,350.0,0.2696513081651004,29,582.0
6735.0,31,445.0,7.17741935483871,4.10025393623627,12,263.0,0.30691145491777416,19,346.0,0.24827626077441972,31,609.0
6740.0,26,418.0,6.741935483870968,4.238815585971373,8,249.0,0.45983855811433105,18,369.0,0.1174442308133114,26,618.0
6745.0,26,403.0,6.296875,4.491175559277885,8,267.0,0.36636274055323315,18,346.0,0.1404928057687647,26,613.0
6750.0,28,399.0,6.045454545454546,4.316779641271683,14,270.0,0.24248564798625521,14,359.0,0.20740046311191007,28,629.0
6755.0,25,352.0,5.253731343283582,4.592887304297923,16,309.0,0.1575627619748477,9,288.0,0.2918229409976673,25,597.0
6760.0,22,390.0,6.09375,4.699416008524855,11,322.0,0.21906083470231616,11,281.0,0.22610888691329808,22,603.0
6765.0,21,258.0,4.03125,5.303674635859297,9,236.0,0.32005771487947426,12,275.0,0.2516568034842847,21,511.0
6770.0,26,346.0,5.323076923076923,5.197196043186762,15,232.0,0.29285522526695623,11,308.0,0.29934593846762386,26,540.0
6775.0,24,407.0,6.2615384615384615,5.22025224010296,16,281.0,0.16819627984440194,8,299.0,0.3881821636440255,24,580.0
6780.0,22,447.0,6.573529411764706,5.419579053763996,12,289.0,0.16257632550887297,10,322.0,0.37089701464532693,22,611.0
6785.0,23,405.0,5.704225352112676,5.362552313215349,10,248.0,0.23656539501957294,13,342.0,0.2983962442866796,23,590.0
6790.0,28,383.0,5.7164179104477615,5.052137520294404,12,250.0,0.3074709296919668,16,365.0,0.2770364472841658,28,615.0
6795.0,32,476.0,7.80327868852459,3.33291394156394,13,277.0,0.2355102171274045,19,391.0,0.16670704086588567,32,668.0
6800.0,28,383.0,6.491525423728813,3.6356451871402458,9,262.0,0.27014022168236396,19,371.0,0.14412896496478383,28,633.0
6805.0,28,402.0,6.7,3.93590979089499,8,239.0,0.28007162976201755,20,387.0,0.13067902775157456,28,626.0
6810.0,32,400.0,6.349206349206349,4.107128651743923,13,201.0,0.2657858490142056,19,411.0,0.1421206388004309,32,612.0
6815.0,29,349.0,5.629032258064516,4.494625190692962,16,231.0,0.24376910619784564,13,358.0,0.25059959026108897,29,589.0
6820.0,30,438.0,6.84375,4.323156673903435,19,294.0,0.14280996287756298,11,371.0,0.32361498994698895,30,665.0
6825.0,33,499.0,7.447761194029851,4.535817274701521,18,336.0,0.2009941398192974,15,393.0,0.3339280935680765,33,729.0
6830.0,26,450.0,6.617647058823529,4.855502203811629,9,293.0,0.3389631772950451,17,406.0,0.2751448107102565,26,699.0
6835.0,19,464.0,6.628571428571429,5.453957556730392,6,268.0,0.31273296556599467,13,418.0,0.23368750957063386,19,686.0
6840.0,18,389.0,5.47887323943662,6.308342706880795,8,223.0,0.27900389359103667,10,353.0,0.2809864184679894,18,576.0
6845.0,24,293.0,4.373134328358209,5.974141875638307,11,229.0,0.2934720266445435,13,292.0,0.21438114792138985,24,521.0
6850.0,23,253.0,4.147540983606557,5.250125008676735,8,198.0,0.25828112068466247,15,337.0,0.19205243058107954,23,535.0
6855.0,22,299.0,4.983333333333333,5.614231271203947,10,155.0,0.24485952998716726,12,360.0,0.27733176447614244,22,515.0
6860.0,21,254.0,4.535714285714286,5.817442739154762,7,141.0,0.32149961527830573,14,374.0,0.32518399885015364,21,515.0
6865.0,22,321.0,5.440677966101695,6.4329496787208305,7,158.0,0.4298490376798339,15,410.0,0.36443615167664667,22,568.0
6870.0,21,299.0,5.339285714285714,5.823760972570375,5,157.0,0.5686013920369618,16,400.0,0.2899770660207673,21,557.0
6875.0,24,348.0,6.214285714285714,5.453378630520805,3,135.0,0.6160623663822404,21,485.0,0.17925939282402267,24,620.0
6880.0,23,303.0,5.410714285714286,4.183328575545659,2,49.0,0.4326394402571904,21,540.0,0.11701427696469181,23,589.0
6885.0,27,343.0,5.716666666666667,5.3230559247625715,9,82.0,0.44485550757782827,18,548.0,0.23919270453107513,27,630.0
6890.0,25,349.0,5.721311475409836,5.018517476706956,8,111.0,0.37855055323205183,17,540.0,0.2517525837356657,25,651.0
6895.0,26,303.0,4.809523809523809,5.27483277250175,10,153.0,0.4299675650713091,16,449.0,0.24962294217494616,26,602.0
6900.0,21,289.0,4.515625,4.581488878749276,6,141.0,0.4203295459366696,15,483.0,0.23255590725826114,21,624.0
6905.0,19,274.0,4.2153846153846155,5.586684766804162,4,79.0,0.47477237155040714,15,509.0,0.24567105885282214,19,588.0
6910.0,20,208.0,3.25,5.4302812301452335,4,69.0,0.3660034057762741,16,504.0,0.22018750009130528,20,573.0
6915.0,21,218.0,3.4603174603174605,5.630263603111442,5,87.0,0.3755267360063044,16,469.0,0.19991494865266815,21,556.0
6920.0,30,324.0,5.491525423728813,4.966553983229315,7,121.0,0.3676189764629764,23,507.0,0.16268254327050158,30,628.0
6925.0,27,341.0,6.314814814814815,4.005106320720321,5,120.0,0.32682191679560585,22,512.0,0.1538021828043525,27,632.0
6930.0,27,403.0,7.327272727272727,4.1320980831836875,6,110.0,0.41219002893527984,21,561.0,0.12846897429937995,27,671.0
6935.0,20,336.0,6.339622641509434,5.468840883918533,4,92.0,0.5528790919318991,16,544.0,0.17493933084911517,20,636.0
6940.0,17,346.0,6.407407407407407,6.045463234988907,4,112.0,0.4984150900984635,13,530.0,0.23795283905152864,17,642.0
6945.0,26,415.0,7.685185185185185,5.0755108769926665,8,148.0,0.40500487322311457,18,517.0,0.19084425756893056,26,665.0
6950.0,25,253.0,4.96078431372549,3.602109159605406,7,83.0,0.31165957205912614,18,502.0,0.1403560087581458,25,585.0
6955.0,29,362.0,6.830188679245283,4.803696172701742,9,122.0,0.41230188921133143,20,499.0,0.20516375309674187,29,621.0
6960.0,24,410.0,7.735849056603773,4.9348698712880665,7,148.0,0.39957958023717843,17,511.0,0.23473270355784828,24,659.0
6965.0,25,431.0,7.56140350877193,5.245106482153266,10,190.0,0.37037757742366334,15,471.0,0.24876996941381896,25,661.0
6970.0,23,350.0,6.140350877192983,4.446884581864655,10,184.0,0.335925506379619,13,451.0,0.2391152587081171,23,635.0
6975.0,15,232.0,3.8666666666666667,6.097761707256779,5,134.0,0.4308524640814485,10,344.0,0.3030435632767955,15,478.0
6980.0,19,259.0,4.245901639344262,6.22392193839009,6,135.0,0.4618482765548035,13,352.0,0.24113390516781014,19,487.0
6985.0,24,298.0,4.885245901639344,5.739512883297458,6,138.0,0.4216063318110924,18,374.0,0.17625125548407056,24,512.0
6990.0,26,338.0,5.827586206896552,5.1657452513816375,8,169.0,0.40342213438096786,18,418.0,0.15173283643605467,26,587.0
6995.0,29,345.0,6.509433962264151,4.5482718480069515,8,132.0,0.4286431118655664,21,479.0,0.13028108980759903,29,611.0
7000.0,24,392.0,6.87719298245614,4.804199923985217,5,104.0,0.4713869397011189,19,489.0,0.15078526759809419,24,593.0
7005.0,23,338.0,6.1454545454545455,5.224616030431904,10,83.0,0.38833470244421453,13,450.0,0.21708687792510176,23,533.0
7010.0,26,385.0,7.403846153846154,4.083911148588639,13,143.0,0.22073009578450095,13,433.0,0.1587743244257827,26,576.0
7015.0,25,263.0,5.0576923076923075,3.112047326404667,12,157.0,0.17046928193509447,13,374.0,0.0674656102333584,25,531.0
7020.0,25,310.0,6.595744680851064,3.857654371446148,10,155.0,0.30728033154821055,15,378.0,0.12780840641227934,25,533.0
7025.0,22,321.0,6.829787234042553,3.986174659928126,10,165.0,0.36830283564682403,12,381.0,0.08805948033308017,22,546.0
7030.0,21,336.0,7.304347826086956,4.68534567422565,12,180.0,0.2263782344150546,9,342.0,0.24199759417716957,21,522.0
7035.0,19,378.0,8.217391304347826,4.896019136508829,11,207.0,0.27888430210329485,8,328.0,0.31584498686938717,19,535.0
7040.0,17,423.0,10.071428571428571,5.441046027779135,9,205.0,0.3640802049791742,8,307.0,0.2953897488272354,17,512.0
7045.0,17,297.0,7.071428571428571,5.005118894996618,7,176.0,0.34540204543868663,10,287.0,0.18678813221872664,17,463.0
7050.0,13,140.0,3.1818181818181817,5.700042272747718,7,144.0,0.30563530218706325,6,218.0,0.2947910608024415,13,362.0
7055.0,16,160.0,3.5555555555555554,5.5979192951628365,11,161.0,0.3434581489173848,5,191.0,0.3861625649588808,16,352.0
7060.0,14,172.0,4.0,6.118499761994152,9,180.0,0.29786202097691744,5,158.0,0.521585397290293,14,338.0
7065.0,14,206.0,4.790697674418604,6.1500584517955925,9,173.0,0.1680775767748168,5,125.0,0.495540859336484,14,298.0
7070.0,14,203.0,4.833333333333333,5.9851781605391485,8,169.0,0.19012021452723124,6,76.0,0.37848642055060494,14,245.0
7075.0,15,240.0,5.333333333333333,6.570133352914657,11,203.0,0.4146367857529793,4,73.0,0.27262549854063733,15,276.0
7080.0,16,276.0,6.2727272727272725,7.0173631797195215,8,222.0,0.5615451064976292,8,100.0,0.24068300748201985,16,322.0
7085.0,13,289.0,6.568181818181818,5.411176444299437,8,234.0,0.40755017968891605,5,110.0,0.20789728911630728,13,344.0
7090.0,15,172.0,3.8222222222222224,5.107534055004276,12,159.0,0.19610911304996947,3,91.0,0.5273602797631135,15,250.0
7095.0,19,256.0,5.333333333333333,6.028723541122584,16,181.0,0.15672195230239427,3,99.0,0.5731527406074123,19,280.0
7100.0,18,252.0,5.142857142857143,6.656031820556492,14,201.0,0.15393728354922612,4,115.0,0.6303927498279767,18,316.0
7105.0,7,95.0,1.9387755102040816,7.33607092663697,5,156.0,0.22748913585584143,2,63.0,0.5936451410626661,7,219.0
7110.0,13,146.0,3.3181818181818183,7.701246223157503,6,131.0,0.40387756223189086,7,59.0,0.45891143593650924,13,190.0
7115.0,11,111.0,2.4130434782608696,7.197182683751143,6,113.0,0.2863490652860211,5,78.0,0.48909840643055097,11,191.0
7120.0,14,148.0,3.3636363636363638,7.451926560278642,7,103.0,0.2614350942917006,7,92.0,0.4676397998037725,14,195.0
7125.0,12,136.0,3.238095238095238,6.735408116594918,5,97.0,0.35763927435253523,7,84.0,0.4345646070275538,12,181.0
7130.0,11,172.0,4.0,7.626506452794907,3,73.0,0.444583373876251,8,112.0,0.3725929789199856,11,185.0
7135.0,11,101.0,2.525,6.511858842369078,4,40.0,0.553173195691153,7,103.0,0.11028160985817832,11,143.0
7140.0,16,169.0,4.225,7.355068260623244,6,66.0,0.6078902334705292,10,122.0,0.1752583671788837,16,188.0
7145.0,10,118.0,2.95,6.659655408879684,2,55.0,0.614138241764425,8,119.0,0.250485635009642,10,174.0
7150.0,12,135.0,3.375,7.434883665645569,6,70.0,0.5504533183779431,6,108.0,0.44527745071471647,12,178.0
7155.0,11,77.0,1.8333333333333333,6.648859308793016,6,63.0,0.4880890991837115,5,98.0,0.4214749620955879,11,161.0
7160.0,8,89.0,2.1707317073170733,7.8142233266714065,6,59.0,0.40726364311693974,2,58.0,0.5509358612995449,8,117.0
7165.0,9,69.0,1.725,6.047045387569716,6,70.0,0.22998583878864418,3,42.0,0.2903360232977606,9,112.0
7170.0,17,139.0,3.159090909090909,7.255806427618273,13,105.0,0.28320961608932027,4,68.0,0.5190362505015398,17,173.0
7175.0,10,149.0,3.6341463414634148,7.132537014101546,9,144.0,0.4151712424125744,1,55.0,0.5699432466701717,10,199.0
7180.0,11,182.0,4.55,8.497410660257051,8,149.0,0.49080541214108386,3,57.0,0.6885854540762469,11,206.0
7185.0,7,90.0,2.0930232558139537,7.166809310890059,6,110.0,0.32529412548937237,1,8.0,0.6495170112008664,7,118.0
7190.0,14,146.0,3.106382978723404,7.1368150133426065,12,139.0,0.23478784252110435,2,16.0,0.5566842723045916,14,155.0
7195.0,16,132.0,2.869565217391304,7.070623084504274,10,130.0,0.33921859340687754,6,39.0,0.5489370336439338,16,169.0
7200.0,11,119.0,2.7674418604651163,7.2546848344066035,8,118.0,0.2892690833659897,3,46.0,0.6550016767156027,11,164.0
