step,system_total_stopped,system_total_waiting_time,system_mean_waiting_time,system_mean_speed,J17_stopped,J17_accumulated_waiting_time,J17_average_speed,J18_stopped,J18_accumulated_waiting_time,J18_average_speed,agents_total_stopped,agents_total_accumulated_waiting_time
5.0,1,0.0,0.0,2.0871066632913426,0,0.0,1.0,1,0.0,0.1551628035773006,1,0.0
10.0,0,0.0,0.0,7.732979830917533,0,0.0,0.4636772660185957,0,0.0,0.7264305475995824,0,0.0
15.0,1,0.0,0.0,9.658124942330604,0,0.0,0.800664998912064,1,0.0,0.6660456421861187,1,0.0
20.0,0,0.0,0.0,10.697668614322653,0,0.0,0.8186757456096133,0,0.0,0.7956068259037029,0,0.0
25.0,1,1.0,0.06666666666666667,7.628920433340895,1,1.0,0.4623029372430561,0,0.0,0.6659436013989691,1,1.0
30.0,6,17.0,0.85,7.282722076356544,5,13.0,0.49633021764991464,1,4.0,0.5709234699279491,6,17.0
35.0,4,32.0,1.391304347826087,8.341709423165318,3,28.0,0.5761005022598611,1,4.0,0.6125273598664899,4,32.0
40.0,8,58.0,2.230769230769231,7.312377938491874,4,47.0,0.48363053267721556,4,14.0,0.48832080482887785,8,61.0
45.0,11,105.0,3.6206896551724137,7.199566855388723,6,74.0,0.3797788253823337,5,34.0,0.5451812560166791,11,108.0
50.0,10,114.0,3.5625,5.513720595990346,4,69.0,0.36134070029540877,6,57.0,0.32804612821617385,10,126.0
55.0,10,127.0,3.8484848484848486,6.573646289778193,5,82.0,0.41684598183785754,5,53.0,0.32771665845952813,10,135.0
60.0,13,186.0,5.8125,6.383901847120206,5,113.0,0.41494807174013304,8,79.0,0.2792478468460606,13,192.0
65.0,10,152.0,4.470588235294118,6.154050291017324,4,90.0,0.45844924612765703,6,85.0,0.2470562481915192,10,175.0
70.0,12,177.0,4.916666666666667,6.674141167600812,6,110.0,0.4170717086936931,6,85.0,0.4061940006130787,12,195.0
75.0,10,125.0,3.4722222222222223,6.239705096068193,5,87.0,0.34089608570546626,5,98.0,0.4900220516466941,10,185.0
80.0,12,163.0,4.075,7.41910979005525,7,82.0,0.43434564370290246,5,105.0,0.5566907945149189,12,187.0
85.0,12,149.0,3.6341463414634148,5.568928654659038,5,74.0,0.44805218549537845,7,119.0,0.3774845790238652,12,193.0
90.0,20,235.0,5.222222222222222,5.751369932492651,9,89.0,0.3463077459156537,11,161.0,0.42360040096086976,20,250.0
95.0,17,139.0,2.9574468085106385,5.028910238003773,8,90.0,0.29695683895089375,9,120.0,0.38730613011575143,17,210.0
100.0,14,155.0,3.163265306122449,6.28198804272491,4,54.0,0.41916255288156534,10,124.0,0.2793408294524841,14,178.0
105.0,14,138.0,2.816326530612245,5.698268441893469,4,64.0,0.3716183356838943,10,120.0,0.18120531826339142,14,184.0
110.0,22,195.0,3.611111111111111,6.306738328714821,11,104.0,0.32277306253660487,11,122.0,0.30329999878314706,22,226.0
115.0,17,239.0,4.979166666666667,5.709964641080782,8,130.0,0.3815721960723399,9,161.0,0.34675473047809213,17,291.0
120.0,14,276.0,6.7317073170731705,6.714837587676822,6,128.0,0.5262466027698622,8,171.0,0.3481610192845048,14,299.0
125.0,15,231.0,5.5,4.864118927609682,3,76.0,0.22571805331310937,12,206.0,0.15768622058594076,15,282.0
130.0,20,302.0,6.711111111111111,5.474451181619812,8,64.0,0.20452474458254832,12,269.0,0.21561393368486073,20,333.0
135.0,19,268.0,6.090909090909091,5.699866525758221,10,88.0,0.2918804336018813,9,263.0,0.2410384812885971,19,351.0
140.0,16,303.0,7.575,6.412445915139509,9,131.0,0.4231300211442724,7,237.0,0.2923542473461461,16,368.0
145.0,15,181.0,4.525,5.234148646442415,7,131.0,0.4049778388147258,8,185.0,0.19491044534106292,15,316.0
150.0,15,169.0,4.121951219512195,5.922263925370705,6,102.0,0.3780457356654813,9,142.0,0.2582693709444557,15,244.0
155.0,13,121.0,2.813953488372093,5.546488775458409,6,98.0,0.37027120717972106,7,119.0,0.22002344528524084,13,217.0
160.0,15,155.0,3.369565217391304,7.159537201430304,9,92.0,0.3705418799749244,6,129.0,0.42847342374034186,15,221.0
165.0,11,138.0,3.066666666666667,6.319219611854369,8,109.0,0.26545872066184373,3,108.0,0.49855433391556814,11,217.0
170.0,14,179.0,4.068181818181818,7.316845233747963,11,148.0,0.2981327239886744,3,78.0,0.5751435736081255,14,226.0
175.0,15,184.0,4.088888888888889,6.35272633748663,8,123.0,0.34229093481247114,7,101.0,0.48197400912134525,15,224.0
180.0,13,196.0,4.454545454545454,6.079396474488979,6,107.0,0.3659606822908077,7,132.0,0.39408138710626306,13,239.0
185.0,17,227.0,5.044444444444444,5.770988856128951,5,95.0,0.4063072559891363,12,167.0,0.3262779415264243,17,262.0
190.0,18,233.0,5.065217391304348,5.015659991156755,9,96.0,0.3262023725029195,9,182.0,0.33902453977363417,18,278.0
195.0,15,196.0,4.170212765957447,6.013049142949806,8,79.0,0.3141254343324526,7,164.0,0.47620449030987777,15,243.0
200.0,14,131.0,2.977272727272727,6.004349881727969,10,115.0,0.22043971436888052,4,54.0,0.5150447195216883,14,169.0
205.0,15,143.0,3.25,6.524388144829655,8,130.0,0.37012408255766716,7,59.0,0.4604158269351869,15,189.0
210.0,16,131.0,3.046511627906977,5.94236766590578,7,99.0,0.4525042772878256,9,81.0,0.25697548163935185,16,180.0
215.0,16,189.0,4.395348837209302,5.5642086183278945,7,111.0,0.43181664013678756,9,95.0,0.17935686464559075,16,206.0
220.0,15,119.0,2.5869565217391304,5.382182616481154,7,76.0,0.445726773564768,8,99.0,0.1346694018161745,15,175.0
225.0,17,183.0,3.8125,6.604623001769973,10,100.0,0.4446852589337796,7,106.0,0.3872639379504539,17,206.0
230.0,14,126.0,2.52,5.597534222003345,10,116.0,0.36773354430808014,4,89.0,0.4291627180307196,14,205.0
235.0,18,194.0,3.5272727272727273,6.689535587734542,13,156.0,0.3796342703552201,5,58.0,0.5200685025304541,18,214.0
240.0,18,165.0,2.9464285714285716,6.128956760747834,13,171.0,0.29199318583223544,5,61.0,0.518366621624307,18,232.0
245.0,26,251.0,4.183333333333334,5.413797936058117,18,215.0,0.25399128526270964,8,60.0,0.36938158645791824,26,275.0
250.0,26,253.0,4.288135593220339,4.728897130575353,18,245.0,0.28894181546631426,8,89.0,0.25113764236137237,26,334.0
255.0,21,207.0,3.2857142857142856,5.803786873253837,11,209.0,0.3355419599840902,10,114.0,0.21803393747944885,21,323.0
260.0,16,177.0,2.95,6.384130349795478,9,198.0,0.3536915506992653,7,114.0,0.2679087140628958,16,312.0
265.0,23,267.0,4.238095238095238,6.3685392149267415,14,220.0,0.29608552385922504,9,152.0,0.3112238343327357,23,372.0
270.0,24,236.0,3.746031746031746,4.983364129436505,17,248.0,0.22656877298279518,7,126.0,0.40291888121995195,24,374.0
275.0,24,294.0,4.523076923076923,6.328850482178884,18,319.0,0.29963044537374484,6,106.0,0.52402900739592,24,425.0
280.0,24,285.0,4.384615384615385,5.452463978615607,18,341.0,0.27998321149974364,6,99.0,0.3883894728551593,24,440.0
285.0,24,263.0,3.925373134328358,5.626232652854939,13,313.0,0.34925011046052085,11,103.0,0.21433092313226265,24,416.0
290.0,21,263.0,3.925373134328358,4.972062825726345,13,358.0,0.2448340997017262,8,109.0,0.3137672813983509,21,467.0
295.0,23,283.0,4.3538461538461535,5.208916825709389,17,401.0,0.1719099791144414,6,84.0,0.42904572262181734,23,485.0
300.0,29,346.0,5.40625,4.511777680718506,23,441.0,0.12633766053571882,6,84.0,0.39832397800726094,29,525.0
305.0,26,424.0,7.066666666666666,4.76530211407245,17,446.0,0.20338242891573302,9,127.0,0.32935233136482356,26,573.0
310.0,26,319.0,5.5964912280701755,3.9581815860950944,15,393.0,0.2796663464657053,11,158.0,0.06978344950150905,26,551.0
315.0,30,364.0,6.169491525423729,3.883418650064159,19,355.0,0.1617014207732504,11,185.0,0.21868496847644625,30,540.0
320.0,31,332.0,5.354838709677419,4.238162205429249,23,382.0,0.17491457699141882,8,152.0,0.3471242734177665,31,534.0
325.0,32,414.0,6.786885245901639,4.846727453164635,22,394.0,0.2054895793489003,10,182.0,0.4261488751169742,32,576.0
330.0,31,392.0,6.222222222222222,4.111386581615688,23,443.0,0.16472148974914022,8,170.0,0.42135271423048715,31,613.0
335.0,22,317.0,5.031746031746032,4.615366600548387,15,433.0,0.24515850933512312,7,106.0,0.2532526147375151,22,539.0
340.0,19,328.0,5.290322580645161,5.3330270917127764,12,413.0,0.3189697491228457,7,100.0,0.21189961513093972,19,513.0
345.0,22,377.0,6.080645161290323,5.655540554759658,10,394.0,0.3621377099207566,12,145.0,0.17507191498091815,22,539.0
350.0,24,452.0,7.9298245614035086,4.637391910729656,14,422.0,0.2557968484758651,10,180.0,0.2798354628700886,24,602.0
355.0,24,384.0,6.620689655172414,4.723276415579632,18,398.0,0.19747306338182435,6,173.0,0.3712524365145767,24,571.0
360.0,26,257.0,4.3559322033898304,4.929459643579362,20,358.0,0.15455353462832466,6,120.0,0.45808176151594693,26,478.0
365.0,27,307.0,5.032786885245901,5.592905937673569,21,412.0,0.24297173814293901,6,69.0,0.5140036253689415,27,481.0
370.0,18,233.0,3.819672131147541,5.999499812241335,12,388.0,0.3126689603398303,6,64.0,0.4510922974802182,18,452.0
375.0,19,176.0,2.7936507936507935,5.566600259111599,10,331.0,0.27329817784239235,9,91.0,0.3411115582612979,19,422.0
380.0,24,212.0,3.2615384615384615,5.731350501467066,17,334.0,0.2898326171267259,7,98.0,0.41680071715105615,24,432.0
385.0,24,254.0,3.9076923076923076,5.776412401637482,18,338.0,0.2693401265067067,6,82.0,0.48856643086796153,24,420.0
390.0,23,276.0,4.119402985074627,5.370644785141457,17,366.0,0.22041198650247823,6,85.0,0.43292817252505206,23,451.0
395.0,23,331.0,4.867647058823529,5.680990419172365,17,390.0,0.2464660766018803,6,96.0,0.477174340714044,23,486.0
400.0,22,297.0,4.569230769230769,5.15458966256721,15,362.0,0.2742564555732298,7,114.0,0.3836887252764211,22,476.0
405.0,27,389.0,6.078125,5.304521538512567,16,355.0,0.24767956508937863,11,149.0,0.3497834584736836,27,504.0
410.0,24,333.0,5.123076923076923,4.751379465929455,15,353.0,0.22283108842947164,9,172.0,0.23708810105242695,24,525.0
415.0,23,324.0,5.491525423728813,4.7673117432023355,15,328.0,0.20074680507622442,8,176.0,0.22472720998088475,23,504.0
420.0,26,227.0,3.913793103448276,4.03151177701592,17,356.0,0.1694973312303632,9,110.0,0.21762908561562244,26,466.0
425.0,28,277.0,4.616666666666666,5.126118034246852,18,371.0,0.20142131337123087,10,112.0,0.38892359809470284,28,483.0
430.0,24,286.0,5.017543859649122,4.880166524638353,18,408.0,0.18838105622687049,6,119.0,0.4932342168480327,24,527.0
435.0,19,231.0,3.9827586206896552,5.334944629564957,11,373.0,0.24036050538785358,8,119.0,0.4067635152558263,19,492.0
440.0,21,236.0,4.140350877192983,4.321397301279718,12,383.0,0.23062855747185818,9,119.0,0.22556816144880987,21,502.0
445.0,23,267.0,4.45,4.7314997818438,16,390.0,0.12615415733125426,7,124.0,0.379653025720444,23,514.0
450.0,24,243.0,3.9836065573770494,4.413319056415322,18,425.0,0.12646838061201904,6,87.0,0.36527854573679913,24,512.0
455.0,21,269.0,4.637931034482759,5.743984637035852,13,398.0,0.2210711581710488,8,75.0,0.4364667405374517,21,473.0
460.0,23,324.0,5.785714285714286,5.544838183015506,13,400.0,0.29480567489302956,10,97.0,0.32915117890156864,23,497.0
465.0,20,384.0,7.68,5.310347010538492,11,407.0,0.19481473684267855,9,108.0,0.3235149974192716,20,515.0
470.0,25,424.0,8.833333333333334,4.395455561865918,14,412.0,0.12228534484280756,11,127.0,0.306957282853594,25,539.0
475.0,23,393.0,8.020408163265307,5.178282225176947,12,364.0,0.19782168544953668,11,172.0,0.3782590681195823,23,536.0
480.0,21,382.0,7.64,5.519319474471929,12,373.0,0.28485958782656395,9,169.0,0.37781282332812816,21,542.0
485.0,17,397.0,7.634615384615385,6.3015907346187685,8,387.0,0.4340041567890088,9,150.0,0.36815599591095105,17,537.0
490.0,16,367.0,6.796296296296297,6.162928952124083,7,367.0,0.4199569640630849,9,144.0,0.331651491891036,16,511.0
495.0,19,277.0,4.946428571428571,5.717395914653055,6,269.0,0.3835188794058915,13,147.0,0.2684774867532394,19,416.0
500.0,23,169.0,2.913793103448276,5.296637104365241,9,142.0,0.3122290175887192,14,158.0,0.28191237121946144,23,300.0
505.0,15,142.0,2.5357142857142856,5.863749505097389,8,150.0,0.3391391298335473,7,131.0,0.3484976275014195,15,281.0
510.0,16,154.0,2.7017543859649122,5.661057385767554,8,157.0,0.35073415332619146,8,142.0,0.26238998589762474,16,299.0
515.0,17,163.0,2.810344827586207,6.204579682654576,6,174.0,0.4020687187780424,11,156.0,0.2856161870148429,17,330.0
520.0,20,219.0,3.8421052631578947,5.992513265351279,9,193.0,0.4527791824772953,11,184.0,0.27854962063528316,20,377.0
525.0,17,236.0,4.290909090909091,6.505877361191103,9,165.0,0.3983089797128337,8,168.0,0.42535042507952514,17,333.0
530.0,16,235.0,4.433962264150943,6.556666547180158,7,166.0,0.44027824203871846,9,169.0,0.38630600028912565,16,335.0
535.0,27,281.0,5.109090909090909,4.708162443518289,12,141.0,0.24726333683968074,15,219.0,0.20650030629403537,27,360.0
540.0,26,325.0,6.25,3.81004952359793,12,185.0,0.17964073998270647,14,248.0,0.2725912359225722,26,433.0
545.0,28,417.0,8.01923076923077,3.5417912754530203,14,236.0,0.12298132814086213,14,265.0,0.2505273484605823,28,501.0
550.0,28,481.0,8.745454545454546,4.062987833718115,16,291.0,0.20626250055375128,12,285.0,0.27543162739381855,28,576.0
555.0,18,389.0,7.072727272727272,5.259495583332119,13,298.0,0.2367914157423496,5,248.0,0.39737484026734754,18,546.0
560.0,12,201.0,3.7222222222222223,5.441912194993529,9,230.0,0.19399176101658658,3,128.0,0.3635465930457627,12,358.0
565.0,17,201.0,3.526315789473684,5.268731624682122,9,252.0,0.2514738587101424,8,77.0,0.2606965646782565,17,329.0
570.0,22,243.0,4.11864406779661,5.285941548366035,13,264.0,0.3392234308942649,9,98.0,0.24332864547204103,22,362.0
575.0,16,144.0,2.526315789473684,6.38310952736565,10,233.0,0.33228003630821834,6,90.0,0.4741438448812871,16,323.0
580.0,19,217.0,3.7413793103448274,6.294973028747239,13,213.0,0.22958190815093224,6,96.0,0.5195672561100306,19,309.0
585.0,19,229.0,4.089285714285714,6.142018584959482,13,219.0,0.2986587575944922,6,98.0,0.43028039393698253,19,317.0
590.0,17,248.0,4.592592592592593,6.3562312928751865,6,172.0,0.4666075155145141,11,147.0,0.290082923521624,17,319.0
595.0,21,161.0,2.9272727272727272,4.98699400494955,8,143.0,0.29230791853087573,13,149.0,0.23529384641538192,21,292.0
600.0,23,236.0,4.140350877192983,6.315371064102445,10,138.0,0.37991418934366045,13,164.0,0.3330735575522133,23,302.0
605.0,22,246.0,4.315789473684211,4.851212348491069,11,179.0,0.2612360620821753,11,179.0,0.34596008407814755,22,358.0
610.0,26,334.0,5.566666666666666,5.097980739547282,13,225.0,0.27327802528616124,13,205.0,0.36112277483425775,26,430.0
615.0,28,311.0,5.016129032258065,4.567605300240734,13,241.0,0.28052534738417245,15,221.0,0.31466523358372334,28,462.0
620.0,18,268.0,4.39344262295082,5.758749703132628,8,221.0,0.34234152670135315,10,190.0,0.2984077102924444,18,411.0
625.0,16,160.0,2.622950819672131,5.2382918341362865,8,149.0,0.15567680957343857,8,184.0,0.31779603069121426,16,333.0
630.0,27,226.0,3.53125,5.550823417621952,13,160.0,0.25176565867844625,14,206.0,0.26999667743222405,27,366.0
635.0,26,300.0,5.172413793103448,4.929231308470015,10,178.0,0.37912235279848083,16,239.0,0.27819872690206665,26,417.0
640.0,18,337.0,5.810344827586207,5.891622971933077,7,174.0,0.40638556702183837,11,239.0,0.2882504472869575,18,413.0
645.0,18,311.0,5.098360655737705,5.088904412655473,6,135.0,0.23930713234853235,12,284.0,0.2274607516332731,18,419.0
650.0,26,412.0,6.5396825396825395,5.7052713659504555,11,151.0,0.2825983553368666,15,340.0,0.2565891853525908,26,491.0
655.0,25,432.0,6.857142857142857,5.382198027182789,7,172.0,0.35753646894278596,18,366.0,0.25947394932922985,25,538.0
660.0,22,436.0,7.389830508474576,5.686072325576737,5,162.0,0.44876832213256646,17,371.0,0.2778805421024335,22,533.0
665.0,21,471.0,8.563636363636364,5.347613507989508,5,179.0,0.5443419683949688,16,403.0,0.17381047857530324,21,582.0
670.0,22,510.0,8.947368421052632,5.836553704019229,6,204.0,0.4243982178633018,16,404.0,0.18453660810498945,22,608.0
675.0,21,499.0,8.60344827586207,5.6885040512413845,5,203.0,0.3220292278346581,16,446.0,0.16566018039766406,21,649.0
680.0,20,539.0,9.456140350877194,6.166908576006937,7,197.0,0.40117272489510053,13,456.0,0.258721104512353,20,653.0
685.0,19,265.0,5.096153846153846,5.368242679140205,7,151.0,0.47620886822554137,12,391.0,0.24464258935327113,19,542.0
690.0,20,251.0,4.735849056603773,6.060941436886608,7,109.0,0.5358650308602998,13,308.0,0.31384189294617487,20,417.0
695.0,22,318.0,5.678571428571429,4.888603969618977,10,149.0,0.3209314529818564,12,336.0,0.3124784762133982,22,485.0
700.0,24,376.0,6.482758620689655,5.046765421455572,10,167.0,0.3347304351286926,14,381.0,0.33713996049165984,24,548.0
705.0,23,382.0,6.262295081967213,5.11210201751253,8,170.0,0.3361158759741864,15,387.0,0.28988047895439734,23,557.0
710.0,18,348.0,5.8,5.222359062510678,7,169.0,0.36763636618272116,11,399.0,0.27252517087511197,18,568.0
715.0,31,400.0,6.349206349206349,4.1338800471759045,14,209.0,0.30661644516583564,17,418.0,0.10107017792584401,31,627.0
720.0,29,258.0,4.161290322580645,4.398487943267575,13,170.0,0.29361131094782006,16,402.0,0.07666131955294714,29,572.0
725.0,31,386.0,6.225806451612903,4.816149900691493,18,207.0,0.2135661628718274,13,410.0,0.23797870791258033,31,617.0
730.0,28,391.0,6.306451612903226,4.029252689307471,19,249.0,0.1559034012911053,9,430.0,0.235281682026,28,679.0
735.0,23,344.0,5.733333333333333,4.731351756526326,10,234.0,0.27539950082018017,13,442.0,0.20419062681270161,23,676.0
740.0,27,347.0,5.507936507936508,5.494024115330213,10,212.0,0.4253174893732857,17,430.0,0.16520418958830357,27,642.0
745.0,23,322.0,4.8059701492537314,5.558899875769123,9,186.0,0.30505565536208196,14,397.0,0.2687944188758557,23,583.0
750.0,29,367.0,5.5606060606060606,5.421746902404384,15,222.0,0.2843676908540009,14,402.0,0.3090855819877569,29,624.0
755.0,28,390.0,6.190476190476191,5.123949653372694,14,260.0,0.29059356518361423,14,360.0,0.3724873633581877,28,620.0
760.0,24,390.0,6.39344262295082,4.60741606935887,11,248.0,0.2759519355518701,13,361.0,0.25652653176045964,24,609.0
765.0,25,266.0,4.508474576271187,4.146270191882707,12,211.0,0.18387667691541476,13,306.0,0.1859667565613562,25,517.0
770.0,28,231.0,3.9152542372881354,3.9978545255601037,16,202.0,0.11095107421543166,12,307.0,0.1744472249469017,28,509.0
775.0,29,266.0,4.360655737704918,4.7523571106477975,14,238.0,0.1929039802699883,15,315.0,0.2044245527209916,29,553.0
780.0,28,349.0,5.816666666666666,4.985123099253346,15,249.0,0.18607469110514688,13,312.0,0.30921351537273717,28,561.0
785.0,28,388.0,6.0625,5.463383680348285,14,272.0,0.27023893266970184,14,322.0,0.34966779640342854,28,594.0
790.0,21,350.0,5.645161290322581,6.07302438375223,9,225.0,0.36586562486912483,12,314.0,0.3515643987758648,21,539.0
795.0,20,285.0,4.523809523809524,5.9276101898637155,9,222.0,0.3524447085265151,11,250.0,0.2467496743546043,20,472.0
800.0,24,194.0,3.0793650793650795,5.39394099329011,13,206.0,0.24114696403685892,11,214.0,0.17810880030645862,24,420.0
805.0,28,229.0,3.634920634920635,5.26577010479821,12,216.0,0.3158035743660849,16,201.0,0.22593145739206144,28,417.0
810.0,26,301.0,4.777777777777778,5.4412665348544085,12,209.0,0.4038355258302559,14,229.0,0.27489684614093784,26,438.0
815.0,21,332.0,5.354838709677419,5.833735406596566,11,223.0,0.3662623659735744,10,207.0,0.3494924011290595,21,430.0
820.0,22,330.0,4.925373134328358,5.066336545237234,14,270.0,0.1979695848557996,8,201.0,0.35073606514552264,22,471.0
825.0,30,353.0,5.430769230769231,4.8999559668079,16,252.0,0.15934300229191214,14,224.0,0.3752211943105729,30,476.0
830.0,24,227.0,3.546875,4.887233650055986,8,184.0,0.2646556671887155,16,219.0,0.26837378083640334,24,403.0
835.0,24,249.0,3.9523809523809526,4.634944210447544,9,195.0,0.28115151332133864,15,219.0,0.18637147604924778,24,414.0
840.0,33,311.0,4.712121212121212,4.644172960307585,13,215.0,0.2398829417515759,20,266.0,0.19044150001240764,33,481.0
845.0,22,291.0,4.409090909090909,4.563454588913146,12,227.0,0.22183407618006662,10,259.0,0.23278361396864675,22,486.0
850.0,20,306.0,4.636363636363637,5.254014559524475,7,190.0,0.23140587596261475,13,286.0,0.28618225165610695,20,476.0
855.0,21,323.0,5.046875,5.092541857290366,5,174.0,0.2698217885486306,16,342.0,0.25523236678578415,21,516.0
860.0,30,425.0,6.538461538461538,4.33345667391419,10,196.0,0.3090893002178164,20,382.0,0.16497169264226705,30,578.0
865.0,25,482.0,7.901639344262295,4.612590849969067,10,210.0,0.29585832797139155,15,391.0,0.24012540102592145,25,601.0
870.0,17,428.0,7.379310344827586,4.84294684653975,6,194.0,0.32649359220003027,11,349.0,0.19641825843856203,17,543.0
875.0,21,476.0,7.80327868852459,5.7437503087373605,7,201.0,0.38835583572911114,14,331.0,0.1519061161218645,21,532.0
880.0,22,206.0,3.4915254237288136,5.25267355181115,6,95.0,0.28312324343233664,16,276.0,0.2009974942366749,22,371.0
885.0,27,295.0,5.0,5.985704612648275,11,119.0,0.3604867745273045,16,226.0,0.2692193648916317,27,345.0
890.0,24,331.0,5.807017543859649,5.636908555945291,11,155.0,0.2964560458357302,13,253.0,0.3040668082529974,24,408.0
895.0,15,257.0,4.849056603773585,6.165446207189931,7,180.0,0.3457358647721529,8,215.0,0.276211296046143,15,395.0
900.0,10,142.0,2.730769230769231,5.582621007380153,5,125.0,0.2681868990628087,5,187.0,0.23265986858733573,10,312.0
905.0,21,170.0,3.090909090909091,5.763260860723733,7,148.0,0.3147651200033541,14,169.0,0.24213662259361204,21,317.0
910.0,19,139.0,2.6226415094339623,6.292755586429729,8,113.0,0.39632350588524196,11,181.0,0.3809367880130015,19,294.0
915.0,16,182.0,3.7142857142857144,6.776130515620575,9,119.0,0.315438356520793,7,146.0,0.4763508418460573,16,265.0
920.0,17,173.0,3.5306122448979593,5.0907498963784,9,122.0,0.19521401170952393,8,156.0,0.3483046581635579,17,278.0
925.0,21,219.0,4.5625,5.093576818791228,5,89.0,0.33527855411076296,16,219.0,0.1745627388053869,21,308.0
930.0,23,262.0,5.574468085106383,4.562931749422814,6,97.0,0.33063059768579983,17,269.0,0.14237236467310793,23,366.0
935.0,19,312.0,6.5,5.018150218194095,5,106.0,0.29851033796674953,14,314.0,0.2251165742769437,19,420.0
940.0,19,335.0,7.127659574468085,5.167111681684795,7,129.0,0.4079683527486187,12,317.0,0.2694816360370758,19,446.0
945.0,15,283.0,5.775510204081633,5.462391392989794,6,122.0,0.37369417337723665,9,277.0,0.3346444883417511,15,399.0
950.0,14,164.0,3.0943396226415096,6.383703829397865,6,108.0,0.33290436145753705,8,210.0,0.3566977374696734,14,318.0
955.0,19,222.0,4.188679245283019,6.06469917417009,6,124.0,0.4110693502718982,13,211.0,0.21563178273296896,19,335.0
960.0,22,292.0,5.509433962264151,5.877589771753849,7,144.0,0.4263310478501936,15,241.0,0.23009879036789074,22,385.0
965.0,15,315.0,6.702127659574468,5.706701581989259,5,148.0,0.39593217425288607,10,233.0,0.26170135694673535,15,381.0
970.0,15,297.0,6.319148936170213,5.416880892753811,8,170.0,0.2576899510942223,7,209.0,0.1734896318890211,15,379.0
975.0,19,302.0,5.921568627450981,5.704712942486437,6,172.0,0.2919782370274743,13,210.0,0.1530848884461195,19,382.0
980.0,18,360.0,7.346938775510204,6.695158013933813,7,187.0,0.4291094755484435,11,241.0,0.31294875789273124,18,428.0
985.0,12,375.0,7.9787234042553195,7.579132337229904,5,199.0,0.5164527151306822,7,235.0,0.4351465423485346,12,434.0
990.0,13,338.0,7.191489361702128,6.686796973040068,4,208.0,0.49597910445025,9,216.0,0.28578963448799755,13,424.0
995.0,13,128.0,2.56,6.445120712730914,3,118.0,0.41422058942610485,10,160.0,0.28714302493273075,13,278.0
1000.0,14,126.0,2.5714285714285716,6.669029321291528,6,57.0,0.47976529682031444,8,157.0,0.2909422194459636,14,214.0
1005.0,15,157.0,3.488888888888889,6.421856148760389,5,53.0,0.5544423401804376,10,180.0,0.2551388823909405,15,233.0
1010.0,16,165.0,3.5106382978723403,6.114341031541524,7,78.0,0.48535033573385183,9,179.0,0.33934153764185826,16,257.0
1015.0,16,184.0,3.7551020408163267,5.751454702205532,7,93.0,0.34548871180918717,9,169.0,0.4307906134132964,16,262.0
1020.0,12,161.0,3.156862745098039,6.698790961218177,6,90.0,0.38177302164778787,6,143.0,0.41388189425840344,12,233.0
1025.0,12,164.0,3.1538461538461537,6.9707251577807945,4,90.0,0.4075858339806106,8,134.0,0.3200474865405005,12,224.0
1030.0,21,166.0,3.2549019607843137,6.1660490361671245,12,112.0,0.32471499162267947,9,98.0,0.31660019267934303,21,210.0
1035.0,20,177.0,3.54,5.504799430595958,10,92.0,0.3256005089295239,10,115.0,0.2984993215335755,20,207.0
1040.0,20,223.0,4.46,5.211657734414933,11,130.0,0.27549148274993124,9,141.0,0.3401502896076566,20,271.0
1045.0,19,201.0,4.02,5.265600663515768,12,160.0,0.22448100026042925,7,116.0,0.3722873435570652,19,276.0
1050.0,15,162.0,3.1153846153846154,5.644412546836495,8,142.0,0.26817097294497894,7,102.0,0.25460610852927545,15,244.0
1055.0,18,192.0,3.6226415094339623,5.636665468933678,7,153.0,0.34609657310369035,11,124.0,0.1012489366148059,18,277.0
1060.0,16,228.0,4.071428571428571,6.970745064147073,8,149.0,0.45599295053074324,8,145.0,0.24518492484671245,16,294.0
1065.0,14,181.0,3.232142857142857,6.911542812872207,7,122.0,0.3957097922996136,7,130.0,0.3736086290000082,14,252.0
1070.0,13,118.0,2.1454545454545455,7.4457745359734275,9,113.0,0.31425540135043806,4,86.0,0.526403986090513,13,199.0
1075.0,15,117.0,2.1272727272727274,6.539073392685248,9,105.0,0.17860027285075297,6,64.0,0.5433868806893762,15,169.0
1080.0,16,146.0,2.7037037037037037,7.006580622240302,8,86.0,0.26756807346344,8,97.0,0.4523725970161764,16,183.0
1085.0,15,148.0,3.020408163265306,6.026033184899969,8,94.0,0.25267841589256823,7,82.0,0.35241357989829036,15,176.0
1090.0,17,205.0,4.456521739130435,6.054495753067486,7,115.0,0.3286169490272468,10,124.0,0.30138099315584715,17,239.0
1095.0,19,162.0,3.6818181818181817,5.2498151751050495,8,102.0,0.3641467819163945,11,140.0,0.2695683675141519,19,242.0
1100.0,15,191.0,4.1521739130434785,6.356814125542466,8,97.0,0.271759409069032,7,128.0,0.4087487213722861,15,225.0
1105.0,17,151.0,3.3555555555555556,5.64494414216961,11,128.0,0.20954000044020882,6,89.0,0.42625876730517565,17,217.0
1110.0,15,191.0,4.1521739130434785,6.598506233953565,10,160.0,0.3060911810042386,5,60.0,0.504063440983938,15,220.0
1115.0,13,119.0,2.6444444444444444,6.190055387395819,8,150.0,0.4134102926070653,5,65.0,0.4147460008281327,13,215.0
1120.0,11,84.0,1.8666666666666667,6.848289542064707,5,82.0,0.43393922174087024,6,61.0,0.4196905167825941,11,143.0
1125.0,14,88.0,1.9130434782608696,6.12314122951288,8,71.0,0.4146072839151686,6,53.0,0.18032627580651317,14,124.0
1130.0,10,107.0,2.3777777777777778,6.963254883467121,7,93.0,0.3971838324435689,3,35.0,0.25287390255684594,10,128.0
1135.0,12,148.0,3.3636363636363638,7.356998916187033,7,109.0,0.317962360984833,5,54.0,0.4110455420579985,12,163.0
1140.0,14,128.0,3.1219512195121952,7.298791688291432,11,130.0,0.30456962804409776,3,35.0,0.57212020785296,14,165.0
1145.0,15,177.0,4.916666666666667,5.927993952141553,12,148.0,0.23801399866657588,3,53.0,0.5277073304388201,15,201.0
1150.0,13,149.0,3.8205128205128207,5.221124716358133,9,166.0,0.2768823040948362,4,45.0,0.4597612971886389,13,211.0
1155.0,14,165.0,3.6666666666666665,6.409515222446411,8,157.0,0.40957635241987866,6,35.0,0.4245717243705734,14,192.0
1160.0,10,139.0,2.9574468085106385,6.821871701441671,7,156.0,0.45203461700255415,3,22.0,0.4716371203275583,10,178.0
1165.0,12,181.0,3.480769230769231,8.310289245296703,9,178.0,0.4034514005287867,3,15.0,0.6604801652602468,12,193.0
1170.0,10,74.0,1.4230769230769231,7.233985297917087,7,120.0,0.2722636474966005,3,18.0,0.5910484080808396,10,138.0
1175.0,16,137.0,2.795918367346939,6.942529083877936,10,111.0,0.34105101431189894,6,44.0,0.4862671464383651,16,155.0
1180.0,17,130.0,2.6,5.485949825615324,8,118.0,0.3215644797334197,9,56.0,0.30613079319564446,17,174.0
1185.0,13,141.0,3.0,6.164632490940884,5,104.0,0.38380097136738783,8,72.0,0.36763547354693343,13,176.0
1190.0,13,148.0,3.148936170212766,5.352322714474368,6,114.0,0.4115024882030315,7,75.0,0.1962019713769083,13,189.0
1195.0,13,173.0,3.760869565217391,6.6981010167312265,7,141.0,0.4656470840301378,6,59.0,0.28918232879266487,13,200.0
1200.0,10,118.0,2.5106382978723403,6.721235385456593,4,119.0,0.4813364103933485,6,58.0,0.2165795843537361,10,177.0
1205.0,14,166.0,3.86046511627907,6.620897202957743,8,119.0,0.33656625944907353,6,70.0,0.3983907137611976,14,189.0
1210.0,18,172.0,4.095238095238095,6.07428107486877,11,141.0,0.3172724042843827,7,77.0,0.40951136370404073,18,218.0
1215.0,19,255.0,5.795454545454546,4.871466349960744,11,172.0,0.19885992317441312,8,109.0,0.3347859913642305,19,281.0
1220.0,18,277.0,5.8936170212765955,4.952871031482061,10,196.0,0.23900879113964377,8,134.0,0.33102710852301015,18,330.0
1225.0,15,283.0,6.0212765957446805,6.469138232261987,5,166.0,0.49382702491821434,10,178.0,0.2934587033075189,15,344.0
1230.0,14,243.0,5.170212765957447,5.745981280819737,6,181.0,0.4318222996327682,8,165.0,0.2636049384978701,14,346.0
1235.0,17,284.0,5.916666666666667,6.003280610855843,9,200.0,0.2764772950416799,8,148.0,0.290802554073535,17,348.0
1240.0,18,325.0,6.63265306122449,5.544154211591835,11,209.0,0.14141399130368398,7,178.0,0.36804924060570693,18,387.0
1245.0,13,363.0,7.5625,6.954527737079321,6,187.0,0.33510994915377595,7,208.0,0.33764010167426384,13,395.0
1250.0,12,363.0,8.25,6.841687189536703,6,201.0,0.3374547724243359,6,217.0,0.37646227781923103,12,418.0
1255.0,14,401.0,8.911111111111111,6.8882755343557,7,223.0,0.3609186614886327,7,206.0,0.4090584572161506,14,429.0
1260.0,15,169.0,4.225,5.190077830260482,7,101.0,0.36635128340249695,8,170.0,0.35283326233113643,15,271.0
1265.0,15,182.0,4.55,6.077931462072492,8,123.0,0.4171056599564467,7,111.0,0.4100300022653527,15,234.0
1270.0,17,199.0,4.326086956521739,4.505696471539599,7,116.0,0.32171141570435047,10,135.0,0.28479612910325763,17,251.0
1275.0,15,200.0,3.7735849056603774,5.634674784600358,7,92.0,0.4578660721081573,8,150.0,0.2561661456601212,15,242.0
1280.0,16,228.0,4.222222222222222,6.916629887170166,5,98.0,0.5592452081629642,11,160.0,0.33610740816842666,16,258.0
1285.0,17,193.0,3.3859649122807016,6.919771957282407,10,131.0,0.4270435164293102,7,129.0,0.4560127242309112,17,260.0
1290.0,18,122.0,2.1403508771929824,6.131445388948576,12,104.0,0.30495279956168625,6,68.0,0.42326483461534675,18,172.0
1295.0,24,183.0,3.1551724137931036,5.140845150252688,18,172.0,0.15081008616983616,6,81.0,0.44566421067119727,24,253.0
1300.0,28,239.0,4.120689655172414,5.413240927818993,18,230.0,0.21888213804097637,10,97.0,0.4103690022661535,28,327.0
1305.0,19,201.0,3.35,5.57619001770226,9,220.0,0.3667789602275536,10,102.0,0.26112245896076813,19,322.0
1310.0,17,159.0,2.7413793103448274,5.871221758584245,9,202.0,0.3214974160962896,8,95.0,0.3306457699258571,17,297.0
1315.0,22,154.0,2.6551724137931036,5.486455325269543,15,196.0,0.20810099579054428,7,89.0,0.3505131733019894,22,285.0
1320.0,23,207.0,3.45,5.685843283340401,16,233.0,0.16212522137441077,7,60.0,0.5087252283771284,23,293.0
1325.0,18,222.0,3.76271186440678,6.016962290775843,11,214.0,0.29160712232835234,7,70.0,0.38227589765057496,18,284.0
1330.0,17,213.0,3.610169491525424,6.571281296914683,11,213.0,0.32668432926219193,6,84.0,0.43310190388790637,17,297.0
1335.0,21,184.0,3.1186440677966103,5.906327268891585,15,206.0,0.23605062363162505,6,68.0,0.38601111535260807,21,274.0
1340.0,25,264.0,4.8,5.6023103720957375,16,266.0,0.2395204058939371,9,99.0,0.343295181379986,25,365.0
1345.0,25,298.0,5.418181818181818,5.428317969458336,16,305.0,0.24859385903366735,9,126.0,0.3496426381566426,25,431.0
1350.0,20,298.0,5.228070175438597,4.753547899688858,12,314.0,0.23826586271701244,8,130.0,0.34235508962384753,20,444.0
1355.0,18,244.0,4.206896551724138,5.953915018320353,11,276.0,0.3293384486318974,7,136.0,0.4449290496173458,18,412.0
1360.0,14,178.0,3.2962962962962963,6.060863898470047,9,222.0,0.29599760526228924,5,112.0,0.4110160476856113,14,334.0
1365.0,18,160.0,2.857142857142857,5.311742999432568,13,229.0,0.12365876922191685,5,57.0,0.3235527235837934,18,286.0
1370.0,26,252.0,4.271186440677966,5.239468308410135,16,271.0,0.15751726343961714,10,98.0,0.22764363071851745,26,369.0
1375.0,17,295.0,5.784313725490196,6.25886076452592,9,274.0,0.3298798298737723,8,132.0,0.3451763322275515,17,406.0
1380.0,17,278.0,6.043478260869565,6.509716573540947,8,228.0,0.3284304594378878,9,150.0,0.41520671745210974,17,378.0
1385.0,12,224.0,4.666666666666667,6.6722454406233425,8,194.0,0.3129566235776207,4,122.0,0.3728352751709889,12,316.0
1390.0,12,189.0,3.857142857142857,7.868992158664897,7,179.0,0.4147630941265219,5,88.0,0.5503757993409476,12,267.0
1395.0,9,73.0,1.553191489361702,8.353538871740195,5,111.0,0.534949462336493,4,61.0,0.5481445842449542,9,172.0
1400.0,11,71.0,1.5106382978723405,7.445117718578407,6,117.0,0.546710359141111,5,39.0,0.4277204211334091,11,156.0
1405.0,14,131.0,2.977272727272727,6.5955021938981,8,146.0,0.4489244457072701,6,64.0,0.45991084464887755,14,210.0
1410.0,16,145.0,2.9591836734693877,4.4777094124302055,12,157.0,0.28928495934985227,4,56.0,0.31803878560324406,16,213.0
1415.0,17,220.0,4.489795918367347,5.682689540472922,12,176.0,0.273906703653293,5,63.0,0.47582920811431983,17,239.0
1420.0,20,217.0,4.09433962264151,5.5658487986843195,14,169.0,0.18444991935350633,6,81.0,0.46623944472650786,20,250.0
1425.0,16,186.0,3.4444444444444446,6.302657531437867,11,168.0,0.22514457744706487,5,79.0,0.4515011458420072,16,247.0
1430.0,17,181.0,3.62,5.982305554446158,9,154.0,0.2820157759583645,8,85.0,0.37681793467705005,17,239.0
1435.0,17,199.0,4.145833333333333,5.925526068154184,11,161.0,0.3145026099970768,6,109.0,0.4302027449343843,17,270.0
1440.0,16,212.0,4.711111111111111,5.106350841618191,10,179.0,0.17415118343447694,6,123.0,0.4787309981865564,16,302.0
1445.0,20,264.0,5.739130434782608,5.133248231371887,13,204.0,0.12235784134556088,7,129.0,0.46577348365338306,20,333.0
1450.0,19,292.0,6.083333333333333,5.137324624990948,11,221.0,0.250476968933976,8,156.0,0.3618209012393925,19,377.0
1455.0,16,236.0,4.916666666666667,6.650918414949508,7,182.0,0.4097340192780435,9,157.0,0.3970669331035113,16,339.0
1460.0,18,219.0,4.055555555555555,6.233035085923097,8,188.0,0.36657109981754077,10,112.0,0.34313974560324334,18,300.0
1465.0,18,192.0,3.6226415094339623,5.467303027415855,7,193.0,0.3709283897038429,11,138.0,0.302053639540267,18,331.0
1470.0,18,149.0,2.8653846153846154,5.993166008043408,10,151.0,0.3075394369290286,8,127.0,0.43670603220521137,18,278.0
1475.0,24,179.0,3.2545454545454544,4.712761377582831,14,198.0,0.19331854419206448,10,116.0,0.29490606433558836,24,314.0
1480.0,25,229.0,3.8813559322033897,5.246836283359357,12,207.0,0.29751279223984983,13,147.0,0.2364412802234284,25,354.0
1485.0,20,254.0,4.163934426229508,5.478458438654781,8,191.0,0.40186552750876586,12,185.0,0.20643300299930242,20,376.0
1490.0,16,261.0,4.35,6.397179081018453,8,174.0,0.3728840240319627,8,193.0,0.29865332854174687,16,367.0
1495.0,18,187.0,3.2241379310344827,6.385874719423264,10,146.0,0.388713934362837,8,171.0,0.2280718257500235,18,317.0
1500.0,22,193.0,3.3275862068965516,5.216551754483127,12,155.0,0.2347395232185869,10,145.0,0.30240818136019654,22,300.0
1505.0,25,239.0,3.9833333333333334,5.242402489725085,17,189.0,0.24610367694597726,8,169.0,0.35126498892241703,25,358.0
1510.0,23,280.0,4.745762711864407,5.675399484884134,14,219.0,0.2931113998302284,9,188.0,0.42399860330232353,23,407.0
1515.0,19,204.0,3.5172413793103448,6.019175639650557,11,209.0,0.3202065113299781,8,139.0,0.4022787867723989,19,348.0
1520.0,22,248.0,4.350877192982456,4.661287357371149,11,222.0,0.2786283366453882,11,152.0,0.18226249269175368,22,374.0
1525.0,27,280.0,4.745762711864407,4.715734652089097,15,271.0,0.23284802343054709,12,154.0,0.2125172394940458,27,425.0
1530.0,23,279.0,5.072727272727272,4.982162483675597,18,317.0,0.19233374042573714,5,108.0,0.3925972426211061,23,425.0
1535.0,23,311.0,5.553571428571429,5.572053282034767,16,350.0,0.28025498078103056,7,112.0,0.3357326650339592,23,462.0
1540.0,26,358.0,5.966666666666667,4.8030834187475255,15,373.0,0.24069104528206317,11,140.0,0.30166463769197993,26,513.0
1545.0,22,359.0,5.885245901639344,5.176697845344977,13,377.0,0.283695993742794,9,147.0,0.3661496986287201,22,524.0
1550.0,16,227.0,3.783333333333333,5.9102067596294505,12,311.0,0.3237416859601205,4,111.0,0.3927781518680718,16,422.0
1555.0,21,234.0,3.8360655737704916,6.305694897826649,16,268.0,0.22335355491475892,5,120.0,0.5080756061981918,21,388.0
1560.0,26,207.0,3.45,5.24289366765846,20,304.0,0.21234923986619794,6,71.0,0.3039402964558681,26,375.0
1565.0,26,313.0,5.396551724137931,5.514036886440912,18,363.0,0.2914019709427897,8,99.0,0.3448878153493287,26,462.0
1570.0,24,303.0,5.315789473684211,4.547874148555858,17,399.0,0.2410339297980223,7,82.0,0.4313767383104992,24,481.0
1575.0,24,282.0,4.622950819672131,4.974874061702263,15,369.0,0.1936703830438414,9,111.0,0.40905222188973117,24,480.0
1580.0,21,205.0,3.360655737704918,5.482275615800713,14,340.0,0.24041649455938724,7,94.0,0.4254393723227453,21,434.0
1585.0,25,299.0,4.82258064516129,5.543877437585581,16,357.0,0.1959691736798291,9,124.0,0.42735466978673947,25,481.0
1590.0,25,319.0,5.406779661016949,4.6309513473644595,17,393.0,0.2193186684193665,8,120.0,0.36339235679170123,25,513.0
1595.0,22,326.0,5.52542372881356,5.305236023135024,16,375.0,0.22407089087611656,6,71.0,0.3651754570849562,22,446.0
1600.0,25,330.0,5.238095238095238,4.47625388983691,17,364.0,0.1290973632771088,8,91.0,0.1759486505802792,25,455.0
1605.0,31,323.0,5.046875,5.069474814966119,18,368.0,0.23729912210940265,13,127.0,0.17692586794046736,31,495.0
1610.0,28,327.0,5.360655737704918,4.901352510214097,17,378.0,0.2698332019333216,11,154.0,0.301930419798324,28,532.0
1615.0,24,312.0,4.9523809523809526,5.7358170533270645,17,376.0,0.2361289963663547,7,146.0,0.4360187386798842,24,522.0
1620.0,23,277.0,4.694915254237288,5.7758227560646915,17,402.0,0.21947183040893842,6,116.0,0.4939800628669292,23,518.0
1625.0,21,275.0,4.661016949152542,6.255849101214908,14,390.0,0.25005186490552034,7,106.0,0.42088545852381687,21,496.0
1630.0,22,243.0,4.339285714285714,4.562585175721627,16,400.0,0.13874946477759872,6,73.0,0.29777925492783663,22,473.0
1635.0,28,340.0,6.181818181818182,5.082296777536101,16,391.0,0.22491104411196713,12,103.0,0.24499694542450617,28,494.0
1640.0,24,274.0,4.892857142857143,4.684711911381293,15,391.0,0.2192462592440683,9,116.0,0.3140602782128399,24,507.0
1645.0,22,319.0,5.316666666666666,5.231832497603211,16,398.0,0.21507812900154655,6,113.0,0.3558125551790073,22,511.0
1650.0,20,305.0,5.169491525423729,5.394539824940871,15,408.0,0.17942798204727956,5,110.0,0.45951317756250565,20,518.0
1655.0,22,367.0,5.919354838709677,6.248253009862567,13,393.0,0.3257927629407906,9,122.0,0.37053854346717224,22,515.0
1660.0,23,320.0,5.161290322580645,5.157646716313283,14,363.0,0.33336830442761856,9,158.0,0.2731698833612592,23,521.0
1665.0,23,334.0,5.475409836065574,5.549363199369659,14,250.0,0.37342011953328275,9,186.0,0.21584820964907428,23,436.0
1670.0,25,267.0,4.238095238095238,5.236721644164461,16,284.0,0.30253591483520065,9,140.0,0.26357678079540103,25,424.0
1675.0,30,318.0,4.892307692307693,4.749247776905106,18,332.0,0.16717170331868608,12,141.0,0.31301604117118503,30,473.0
1680.0,27,281.0,4.257575757575758,4.181592962541397,18,318.0,0.17716229812953432,9,142.0,0.3245215257801218,27,460.0
1685.0,27,294.0,4.523076923076923,4.949186743748002,18,324.0,0.2495466792955884,9,161.0,0.3577032408595701,27,485.0
1690.0,26,325.0,5.0,4.446126286658505,17,377.0,0.22509169338478832,9,176.0,0.33190241184934594,26,553.0
1695.0,30,393.0,5.614285714285714,4.8755574195595885,21,421.0,0.20667736741961634,9,161.0,0.3104780306708401,30,582.0
1700.0,30,371.0,5.3768115942028984,4.375851033587997,20,434.0,0.19221384374699743,10,181.0,0.2793231218379407,30,615.0
1705.0,31,419.0,5.901408450704225,5.365846824857244,15,400.0,0.28928701645895805,16,236.0,0.2748970147359696,31,636.0
1710.0,28,393.0,5.865671641791045,4.77090651193888,15,410.0,0.30109307836355725,13,224.0,0.2361497501006915,28,634.0
1715.0,32,494.0,6.957746478873239,4.9049746934115825,17,416.0,0.28890593589338237,15,268.0,0.26146591173439926,32,684.0
1720.0,33,557.0,7.957142857142857,4.927977822403625,18,484.0,0.32392919326132963,15,305.0,0.33444247113737463,33,789.0
1725.0,29,596.0,8.63768115942029,5.300469438853921,19,533.0,0.27940401537295595,10,284.0,0.3655409622181916,29,817.0
1730.0,29,570.0,7.916666666666667,4.028686679696616,17,562.0,0.05892154963312358,12,257.0,0.3176247691550591,29,819.0
1735.0,33,583.0,8.211267605633802,4.704529160085401,17,582.0,0.16461912966839032,16,229.0,0.3005207082788791,33,811.0
1740.0,34,597.0,8.408450704225352,3.6788687531172406,18,578.0,0.1942304646916318,16,270.0,0.18314330707507165,34,848.0
1745.0,32,407.0,5.652777777777778,4.275727596254825,18,514.0,0.233865475890214,14,309.0,0.22160180401521262,32,823.0
1750.0,30,403.0,5.597222222222222,4.248048342543107,15,464.0,0.2667551043847056,15,350.0,0.21235682955020885,30,814.0
1755.0,37,511.0,7.0,3.7871398075717275,16,510.0,0.23509400255193783,21,396.0,0.1885738030187626,37,906.0
1760.0,34,473.0,6.391891891891892,4.208887084733352,14,516.0,0.29849090251180815,20,405.0,0.2080492396558663,34,921.0
1765.0,33,509.0,6.878378378378378,5.06943822218121,16,534.0,0.3024549039851457,17,380.0,0.3023111377979614,33,914.0
1770.0,37,572.0,7.72972972972973,4.802005948467637,20,561.0,0.2750452882720582,17,402.0,0.2426124484828499,37,963.0
1775.0,41,540.0,7.297297297297297,4.079200868952429,21,561.0,0.16938183619990155,20,414.0,0.2583276794730281,41,975.0
1780.0,40,560.0,7.887323943661972,3.500851309291911,21,551.0,0.17870803328986556,19,427.0,0.1945686288936533,40,978.0
1785.0,37,413.0,5.736111111111111,3.6619835191451955,23,560.0,0.11615817941841211,14,358.0,0.23900945099250476,37,918.0
1790.0,31,415.0,5.684931506849315,4.4932376095449555,19,503.0,0.11225640242135945,12,299.0,0.31978045491995,31,802.0
1795.0,27,381.0,5.366197183098592,5.153691457558205,17,530.0,0.11377191270182903,10,263.0,0.3787290520661227,27,793.0
1800.0,24,313.0,4.6716417910447765,5.257016066574293,12,496.0,0.2187054465798788,12,265.0,0.27996924085460956,24,761.0
1805.0,29,365.0,5.703125,4.610852681393099,11,448.0,0.2353255535121403,18,293.0,0.13175196932890018,29,741.0
1810.0,30,439.0,6.859375,4.711717915014349,12,408.0,0.27981251531618007,18,340.0,0.15708551258076958,30,748.0
1815.0,28,421.0,6.682539682539683,4.629242429216882,12,377.0,0.37117652626002823,16,358.0,0.17970668261403078,28,735.0
1820.0,27,433.0,7.098360655737705,4.989543202510811,15,405.0,0.30805459028514537,12,334.0,0.28230709566923884,27,739.0
1825.0,24,362.0,5.838709677419355,4.446527754676246,14,424.0,0.15774655530789455,10,247.0,0.35882500387204525,24,671.0
1830.0,24,355.0,5.461538461538462,5.216782360372131,12,409.0,0.21917183358516626,12,241.0,0.3461934328702251,24,650.0
1835.0,23,392.0,6.125,4.4135989781433995,9,410.0,0.2959363079559783,14,259.0,0.2071750443354262,23,669.0
1840.0,25,453.0,6.7611940298507465,5.263723765845341,12,426.0,0.2964209455982306,13,258.0,0.24348038220011486,25,684.0
1845.0,28,554.0,8.65625,4.9881578002584614,16,489.0,0.2129754927305031,12,269.0,0.28052853106081554,28,758.0
1850.0,32,655.0,10.076923076923077,4.345747390350516,15,514.0,0.2739885381862393,17,327.0,0.19600382222074733,32,841.0
1855.0,25,694.0,10.35820895522388,4.934529298381737,9,469.0,0.3799249844329585,16,382.0,0.19222150851574768,25,851.0
1860.0,22,598.0,8.794117647058824,5.3034451603605435,12,413.0,0.31715611513856506,10,399.0,0.25827176265482793,22,812.0
1865.0,27,440.0,6.197183098591549,5.088340866895805,16,320.0,0.3042062056245123,11,362.0,0.23314835003461193,27,682.0
1870.0,32,426.0,6.085714285714285,4.757286400405134,18,359.0,0.2115279639263836,14,334.0,0.2825716653957041,32,693.0
1875.0,27,482.0,7.303030303030303,4.530333928769574,16,355.0,0.20436849095566842,11,372.0,0.3335778210785278,27,727.0
1880.0,27,519.0,8.109375,4.401969450878796,15,366.0,0.14305240881400902,12,380.0,0.32834249721302,27,746.0
1885.0,25,278.0,4.483870967741935,4.789410712526266,14,320.0,0.1810792726845899,11,287.0,0.2873289473764035,25,607.0
1890.0,26,342.0,5.34375,4.993043362376069,12,357.0,0.2381300725282394,14,193.0,0.21508292862913564,26,550.0
1895.0,29,368.0,5.935483870967742,5.3511160691757516,15,381.0,0.2974162892050214,14,220.0,0.32118227528920157,29,601.0
1900.0,26,436.0,6.920634920634921,5.412576306166268,13,405.0,0.30949926984183046,13,226.0,0.34604406936870996,26,631.0
1905.0,25,473.0,7.166666666666667,5.135369564264372,10,396.0,0.3036481171776494,15,249.0,0.311889482104086,25,645.0
1910.0,27,468.0,7.2,5.210060912468669,9,356.0,0.38660752326618747,18,271.0,0.24334886353521062,27,627.0
1915.0,26,412.0,6.4375,4.733528350180328,8,280.0,0.3391457775429315,18,309.0,0.2631073902043638,26,589.0
1920.0,21,204.0,3.090909090909091,5.3041891629420705,8,206.0,0.2790622987270865,13,289.0,0.33752155691017705,21,495.0
1925.0,27,213.0,3.227272727272727,5.041787287356417,14,173.0,0.24531794225874226,13,301.0,0.30814268640124826,27,474.0
1930.0,28,263.0,4.046153846153846,4.794236802964031,11,184.0,0.3351721188410695,17,309.0,0.2329489304622219,28,493.0
1935.0,34,387.0,5.863636363636363,4.536676823890374,13,232.0,0.38518890476659307,21,364.0,0.22241503459164674,34,596.0
1940.0,26,400.0,6.153846153846154,4.449547455454229,11,237.0,0.2962754269419036,15,370.0,0.2652688723443065,26,607.0
1945.0,18,310.0,4.5588235294117645,4.893674532777624,5,195.0,0.22847658120721712,13,356.0,0.2994701078056991,18,551.0
1950.0,23,315.0,4.5,5.434874059039127,4,146.0,0.37291687593716333,19,352.0,0.1702680721568978,23,498.0
1955.0,28,411.0,5.956521739130435,5.239980350919633,8,117.0,0.2921905102888577,20,419.0,0.25872891838080997,28,536.0
1960.0,27,474.0,7.074626865671642,5.097932384445003,12,135.0,0.2266270242915538,15,456.0,0.3083815265453654,27,591.0
1965.0,23,439.0,6.859375,4.881998217582227,7,119.0,0.248869494209435,16,454.0,0.2397573632339461,23,573.0
1970.0,21,430.0,6.825396825396825,5.1362832680063875,4,94.0,0.35723081839206394,17,457.0,0.12177252614234091,21,551.0
1975.0,28,355.0,5.725806451612903,4.9594962599209955,10,105.0,0.4139303281991238,18,421.0,0.0992395339105962,28,526.0
1980.0,24,227.0,3.783333333333333,4.669796386528519,9,125.0,0.3337248800594651,15,369.0,0.1995117972604529,24,494.0
1985.0,19,214.0,3.5081967213114753,5.080380647008004,6,108.0,0.348544482396103,13,384.0,0.2036065014277656,19,492.0
1990.0,17,163.0,2.810344827586207,5.108279478515321,6,103.0,0.3227438664539893,11,353.0,0.19347986912833354,17,456.0
1995.0,25,215.0,3.6440677966101696,4.563339745802403,14,130.0,0.13440870507662428,11,367.0,0.23535041694144393,25,497.0
2000.0,29,308.0,5.049180327868853,4.795837811672189,16,165.0,0.19527551419371555,13,391.0,0.23560918459711983,29,556.0
2005.0,19,317.0,5.372881355932203,5.717541364293796,7,167.0,0.3626994867291026,12,378.0,0.26031386547613794,19,545.0
2010.0,18,270.0,4.426229508196721,5.443529157493056,5,124.0,0.38870529718304697,13,317.0,0.23633052803019997,18,441.0
2015.0,20,250.0,4.237288135593221,5.664421193007185,9,108.0,0.38770014328121033,11,326.0,0.29973699388108577,20,434.0
2020.0,19,266.0,4.666666666666667,5.014548314872861,10,129.0,0.21006873332948012,9,285.0,0.35319822149796193,19,414.0
2025.0,18,125.0,2.232142857142857,4.359198009158483,11,131.0,0.13079294581088788,7,202.0,0.300408191977389,18,333.0
2030.0,20,175.0,2.9661016949152543,6.077861797122041,10,150.0,0.32980555078107554,10,149.0,0.24575708407683305,20,299.0
2035.0,19,203.0,3.56140350877193,6.198730690754613,10,175.0,0.36168736574552734,9,165.0,0.31237354556240005,19,340.0
2040.0,18,228.0,4.071428571428571,6.573125143023953,12,194.0,0.2928319455233675,6,171.0,0.44580201858362484,18,365.0
2045.0,20,273.0,5.25,5.354974552613656,13,230.0,0.12186671475585406,7,190.0,0.4453655175449439,20,420.0
2050.0,21,329.0,6.58,5.769909498116906,12,247.0,0.22101742259420412,9,218.0,0.3968756947314158,21,465.0
2055.0,15,226.0,4.708333333333333,5.007886312434599,9,208.0,0.26927798772206224,6,185.0,0.30583302211264124,15,393.0
2060.0,23,325.0,6.770833333333333,5.388798078279085,11,248.0,0.38575497537138204,12,216.0,0.253066896359784,23,464.0
2065.0,21,238.0,4.958333333333333,5.284805720456931,10,208.0,0.36282361516129563,11,187.0,0.33011088770112745,21,395.0
2070.0,26,343.0,7.0,4.64836905229409,14,246.0,0.2532107385728557,12,169.0,0.3170995658545742,26,415.0
2075.0,25,341.0,6.959183673469388,3.6306818072230045,15,272.0,0.24284104791704564,10,189.0,0.19851618446245636,25,461.0
2080.0,21,376.0,7.230769230769231,4.7813459556538795,8,247.0,0.3394047649781373,13,211.0,0.10086345859909501,21,458.0
2085.0,18,227.0,4.203703703703703,5.267265648647877,7,193.0,0.3246458478982631,11,204.0,0.19555938524294897,18,397.0
2090.0,14,126.0,2.210526315789474,6.178707187015318,12,158.0,0.22908156424627169,2,127.0,0.3855875416526671,14,285.0
2095.0,18,177.0,3.2777777777777777,6.496414106337017,15,199.0,0.18528258171537268,3,73.0,0.6178206382891609,18,272.0
2100.0,13,157.0,2.8545454545454545,6.5104809237861225,9,191.0,0.2570625185987532,4,53.0,0.4315689673018139,13,244.0
2105.0,17,113.0,2.0545454545454547,5.850077153375564,9,167.0,0.3108517463052843,8,74.0,0.13901507171980526,17,241.0
2110.0,19,157.0,2.9622641509433962,6.396497144900324,11,158.0,0.3223271603284778,8,73.0,0.26011039357224996,19,231.0
2115.0,15,182.0,3.872340425531915,6.429953221082664,11,186.0,0.20173806594433435,4,53.0,0.5397292401585426,15,239.0
2120.0,11,176.0,3.6666666666666665,6.534807187573556,8,174.0,0.17312266970514995,3,55.0,0.43551368222209397,11,229.0
2125.0,12,111.0,2.466666666666667,7.035675030484147,6,126.0,0.30244132391087414,6,50.0,0.354342867975197,12,176.0
2130.0,15,162.0,3.6818181818181817,6.972718718742616,7,110.0,0.48885040018580805,8,84.0,0.218550859494326,15,194.0
2135.0,12,133.0,3.2439024390243905,6.792130048578811,5,99.0,0.4974448944725676,7,104.0,0.3110484008157514,12,203.0
2140.0,13,172.0,4.095238095238095,6.344171458307681,6,91.0,0.3378993081986368,7,110.0,0.4115895511180157,13,201.0
2145.0,13,141.0,3.6153846153846154,5.494002635988124,7,109.0,0.2316041397870061,6,92.0,0.4202908718397045,13,201.0
2150.0,15,173.0,4.435897435897436,5.7619060699732625,8,132.0,0.19895823011918612,7,84.0,0.44079372170226644,15,216.0
2155.0,14,135.0,3.2142857142857144,5.266071645813974,7,126.0,0.3156926693603413,7,85.0,0.2911207857583243,14,211.0
2160.0,13,146.0,3.106382978723404,7.326824792121449,3,63.0,0.5385556471027854,10,116.0,0.30449692700883363,13,179.0
2165.0,10,109.0,2.3191489361702127,7.7772937710497585,2,30.0,0.6274260887247112,8,105.0,0.3501187112569736,10,135.0
2170.0,13,165.0,3.4375,7.8059017262962485,5,55.0,0.47200824778990935,8,133.0,0.46052883883870405,13,188.0
2175.0,14,118.0,2.36,6.5058427486287975,9,65.0,0.3861075874305803,5,104.0,0.44022372998693593,14,169.0
2180.0,18,158.0,3.3617021276595747,5.497615269989259,11,114.0,0.24089590401398403,7,61.0,0.4631462596667097,18,175.0
2185.0,18,161.0,3.156862745098039,4.731945121973287,11,132.0,0.16895517376982586,7,76.0,0.39435274510685986,18,208.0
2190.0,23,250.0,4.62962962962963,6.115767315255194,13,157.0,0.33469898972986295,10,120.0,0.42581390034243594,23,277.0
2195.0,22,242.0,4.4,5.334831993952183,9,155.0,0.4107922638529861,13,161.0,0.26506170159995796,22,316.0
2200.0,16,238.0,4.327272727272727,6.197007785717275,4,102.0,0.4578859196128608,12,204.0,0.29367646392435776,16,306.0
2205.0,22,203.0,3.690909090909091,4.662307148553845,9,118.0,0.2677680447831939,13,196.0,0.22439050703972768,22,314.0
2210.0,23,255.0,4.636363636363637,5.110446432446184,9,141.0,0.33117072415289256,14,214.0,0.2471783496122065,23,355.0
2215.0,22,244.0,4.4363636363636365,4.924576127079561,8,137.0,0.31903490825307607,14,226.0,0.2596760013275357,22,363.0
2220.0,19,230.0,4.339622641509434,5.99146328372679,8,123.0,0.34551548164977086,11,203.0,0.25987304022030283,19,326.0
2225.0,15,209.0,4.18,5.252698239750906,7,130.0,0.3106070218773156,8,197.0,0.07261775348752246,15,327.0
2230.0,24,291.0,5.596153846153846,5.268737978819384,10,150.0,0.27691969479742484,14,218.0,0.11512961112238436,24,368.0
2235.0,23,287.0,5.519230769230769,5.0385672528186385,11,147.0,0.25290677906266407,12,247.0,0.2942074871842709,23,394.0
2240.0,20,286.0,5.72,6.000707230030873,10,160.0,0.3522943648489252,10,241.0,0.4252831040507337,20,401.0
2245.0,17,239.0,4.509433962264151,5.236795155027778,8,173.0,0.3275589667251796,9,222.0,0.3528440303490385,17,395.0
2250.0,16,236.0,4.214285714285714,5.895054160522979,8,147.0,0.2906598421778772,8,163.0,0.36060132020957547,16,310.0
2255.0,18,199.0,3.5535714285714284,5.980886672544133,10,175.0,0.22257348422063666,8,115.0,0.39824465169409917,18,290.0
2260.0,25,291.0,5.196428571428571,5.976215472285953,11,220.0,0.33729206191204336,14,146.0,0.2813297412398991,25,366.0
2265.0,24,305.0,5.754716981132075,4.283634073018892,9,198.0,0.33179270934374216,15,195.0,0.21633333028142623,24,393.0
2270.0,21,356.0,6.592592592592593,5.156506201800998,10,208.0,0.31375116442161854,11,223.0,0.2778853061965737,21,431.0
2275.0,23,391.0,6.859649122807017,5.044514068540741,12,243.0,0.24819657365091077,11,246.0,0.31222973613329547,23,489.0
2280.0,26,470.0,7.580645161290323,5.947365065794196,12,290.0,0.35731502020532685,14,269.0,0.33611135148081395,26,559.0
2285.0,23,394.0,6.793103448275862,4.885642326079902,10,202.0,0.38873098599964917,13,304.0,0.2796322113405059,23,506.0
2290.0,22,463.0,7.590163934426229,5.6328919953776,13,241.0,0.29805877647465673,9,302.0,0.3240589042300362,22,543.0
2295.0,22,338.0,5.540983606557377,4.592668858547042,11,227.0,0.18922144032921445,11,267.0,0.2798426165757398,22,494.0
2300.0,22,221.0,3.507936507936508,5.488715996398022,6,148.0,0.3024597062429935,16,233.0,0.2423869661152211,22,381.0
2305.0,21,227.0,3.6031746031746033,4.891122817612233,6,124.0,0.336777716139766,15,274.0,0.17729599212915212,21,398.0
2310.0,29,336.0,5.333333333333333,4.859974802953172,11,142.0,0.28660770466141045,18,322.0,0.2340470303315183,29,464.0
2315.0,29,382.0,5.876923076923077,5.280590972826496,12,171.0,0.3915651757230502,17,361.0,0.22514830563039642,29,532.0
2320.0,22,378.0,5.815384615384615,5.365575513119803,12,219.0,0.3577223798910651,10,349.0,0.2460479364960373,22,568.0
2325.0,24,321.0,5.015625,5.094572388659577,13,227.0,0.3494918891490016,11,332.0,0.27019431723287324,24,559.0
2330.0,21,221.0,3.4,5.35991974302036,9,185.0,0.3644668023871582,12,296.0,0.24794988342871221,21,481.0
2335.0,26,278.0,4.34375,4.235206114267992,11,217.0,0.27022627424849216,15,320.0,0.21022580298318935,26,537.0
2340.0,25,348.0,5.117647058823529,5.170805602957725,16,261.0,0.21160095570721124,9,314.0,0.31318790006102976,25,575.0
2345.0,25,422.0,6.59375,5.187769117325276,16,293.0,0.16070391027880646,9,306.0,0.3638456889132252,25,599.0
2350.0,24,477.0,7.571428571428571,5.434935267880091,13,279.0,0.27119468672782365,11,306.0,0.2501555661545298,24,585.0
2355.0,19,417.0,6.619047619047619,5.14872951677149,10,300.0,0.3190863224374012,9,228.0,0.19959034153406963,19,528.0
2360.0,28,527.0,8.783333333333333,5.798617418680505,13,345.0,0.3836059311401415,15,228.0,0.2166580947873275,28,573.0
2365.0,23,414.0,6.571428571428571,5.420271354157361,12,337.0,0.36355681423320696,11,204.0,0.26381244032694334,23,541.0
2370.0,24,473.0,6.955882352941177,5.753393128739485,13,337.0,0.3557829145121232,11,199.0,0.3459912488650139,24,536.0
2375.0,25,441.0,6.211267605633803,5.829700691054712,15,342.0,0.37628619087989185,10,203.0,0.3955947465719479,25,545.0
2380.0,19,465.0,6.642857142857143,6.894224714999433,12,361.0,0.3395964542217176,7,141.0,0.4995030680722366,19,502.0
2385.0,25,318.0,4.818181818181818,4.899740667761826,15,308.0,0.1789782525330983,10,128.0,0.3113457856057153,25,436.0
2390.0,32,291.0,4.476923076923077,4.170586041836608,20,282.0,0.1262074032992073,12,129.0,0.17923573924202468,32,411.0
2395.0,34,343.0,5.622950819672131,3.3891651200810724,20,353.0,0.14686556103188472,14,151.0,0.14747925641164492,34,504.0
2400.0,33,418.0,6.741935483870968,3.9889730655482825,19,405.0,0.2135498971711055,14,200.0,0.23516554513595692,33,605.0
2405.0,28,384.0,6.193548387096774,3.8998804351881025,17,444.0,0.23745394433502817,11,217.0,0.27579175713006465,28,661.0
2410.0,30,421.0,6.682539682539683,4.4487243974780215,21,443.0,0.1183073061205102,9,191.0,0.3891039971296139,30,634.0
2415.0,28,398.0,6.419354838709677,4.370039221275037,21,480.0,0.07193266059367867,7,185.0,0.3999867200534486,28,665.0
2420.0,21,349.0,5.629032258064516,5.908269845806279,13,449.0,0.21237003291516818,8,200.0,0.39982172342991473,21,649.0
2425.0,19,309.0,5.237288135593221,5.991160626085975,11,438.0,0.3651226481957177,8,162.0,0.24986692453464926,19,600.0
2430.0,24,320.0,5.161290322580645,5.466145145861366,12,447.0,0.27613679842978855,12,160.0,0.24740540121752866,24,607.0
2435.0,23,317.0,5.283333333333333,5.101353486826122,13,433.0,0.2717455625032508,10,172.0,0.24446042592079772,23,605.0
2440.0,21,338.0,5.633333333333334,5.32081751979595,14,464.0,0.20971781875222195,7,155.0,0.3836913885947253,21,619.0
2445.0,19,371.0,6.183333333333334,5.712079428766035,11,468.0,0.2527241330600621,8,178.0,0.3263251460922172,19,646.0
2450.0,26,351.0,6.051724137931035,4.9588556938265125,12,418.0,0.282898128261004,14,196.0,0.17994941376832413,26,614.0
2455.0,24,330.0,5.593220338983051,5.452559822182931,14,349.0,0.309707194228877,10,223.0,0.29599603144821257,24,572.0
2460.0,20,375.0,6.696428571428571,5.195566622778914,13,388.0,0.2027118340545657,7,222.0,0.44937199884329476,20,610.0
2465.0,18,348.0,6.105263157894737,5.890384946411812,14,412.0,0.20318002562466864,4,149.0,0.49156938184607424,18,561.0
2470.0,19,290.0,4.915254237288136,6.207159338799366,10,374.0,0.330499490287804,9,130.0,0.3095277641201878,19,504.0
2475.0,21,339.0,5.65,6.124652996032448,12,373.0,0.37213071694292,9,157.0,0.28727736439765866,21,530.0
2480.0,18,384.0,6.7368421052631575,6.076520449168163,12,402.0,0.2873839250570363,6,158.0,0.4723212764022154,18,560.0
2485.0,18,334.0,6.185185185185185,6.682990190697377,12,428.0,0.28606937521815334,6,93.0,0.4965153767004765,18,521.0
2490.0,20,346.0,6.0701754385964914,6.030179625820512,12,383.0,0.23254311665245436,8,82.0,0.349242089090726,20,465.0
2495.0,22,384.0,6.9818181818181815,5.9298902121497905,14,388.0,0.242112550504334,8,93.0,0.37124184753377315,22,481.0
2500.0,22,426.0,8.192307692307692,5.731512829485088,12,410.0,0.3100637905486967,10,132.0,0.3848642973906021,22,542.0
2505.0,18,444.0,8.377358490566039,5.705693156394917,10,402.0,0.2741692405265895,8,150.0,0.38299375599788077,18,552.0
2510.0,18,305.0,5.648148148148148,5.927726216759779,10,295.0,0.2633147641731574,8,142.0,0.394110463903461,18,437.0
2515.0,19,199.0,3.618181818181818,5.469542839256874,10,154.0,0.2758998566973915,9,117.0,0.3083188983634157,19,271.0
2520.0,17,144.0,2.618181818181818,5.543263748612214,8,141.0,0.2998909710415269,9,89.0,0.2898787601352699,17,230.0
2525.0,16,122.0,2.1403508771929824,5.957583670758316,7,91.0,0.4327292308201236,9,116.0,0.158763612624797,16,207.0
2530.0,13,135.0,2.4545454545454546,6.240453252314323,6,90.0,0.4105096126872599,7,129.0,0.19436002641639338,13,219.0
2535.0,15,152.0,2.8679245283018866,6.5486536115739495,9,109.0,0.4269140414681664,6,132.0,0.25418303155047195,15,241.0
2540.0,21,205.0,3.7962962962962963,6.243141993149278,9,132.0,0.39681880563511907,12,147.0,0.2750085942232236,21,279.0
2545.0,15,243.0,4.673076923076923,6.3917056774577565,8,135.0,0.33951514899714746,7,164.0,0.3571054335222784,15,299.0
2550.0,14,196.0,3.769230769230769,6.382286758094352,8,123.0,0.29988977654063903,6,136.0,0.34081693838905425,14,259.0
2555.0,15,161.0,3.22,6.5221386933677135,10,134.0,0.3292084767818273,5,112.0,0.4023341882674077,15,246.0
2560.0,18,177.0,3.4705882352941178,6.155759159782628,7,119.0,0.2678721753725617,11,114.0,0.41460373526973104,18,233.0
2565.0,16,214.0,4.36734693877551,5.736106177542347,7,114.0,0.39718534962480634,9,141.0,0.3650076391057193,16,255.0
2570.0,14,212.0,4.24,6.123320511392332,7,120.0,0.398359109417465,7,135.0,0.3023847788695928,14,255.0
2575.0,15,165.0,3.3,5.756295111914679,8,110.0,0.20676058590518154,7,110.0,0.38251234200344386,15,220.0
2580.0,19,212.0,4.24,5.735945993595094,9,148.0,0.19739981565386322,10,123.0,0.37919806067290995,19,271.0
2585.0,20,264.0,5.176470588235294,4.949895255283979,11,178.0,0.2939916593383298,9,141.0,0.31233492270309143,20,319.0
2590.0,18,284.0,5.461538461538462,5.286683658985087,8,196.0,0.3655482100404177,10,156.0,0.30514922302798375,18,352.0
2595.0,17,313.0,6.019230769230769,5.839048000006565,9,204.0,0.3983658103941836,8,170.0,0.3518613242020235,17,374.0
2600.0,20,263.0,4.962264150943396,5.729882398888786,9,157.0,0.4103311173640586,11,204.0,0.26226269307738787,20,361.0
2605.0,22,314.0,6.038461538461538,5.465279704212638,8,128.0,0.3238239083141791,14,250.0,0.23540359975759012,22,378.0
2610.0,25,354.0,6.555555555555555,4.081525127701515,10,137.0,0.18574326578546427,15,300.0,0.16144317891997953,25,437.0
2615.0,27,380.0,6.785714285714286,4.569652466230283,14,144.0,0.288125144041697,13,304.0,0.20636968256205998,27,448.0
2620.0,18,357.0,6.611111111111111,5.612175848941706,11,179.0,0.3864797243146452,7,277.0,0.33100856003742307,18,456.0
2625.0,20,245.0,4.454545454545454,5.85119451728152,13,196.0,0.2979435937651826,7,192.0,0.46039066986281124,20,388.0
2630.0,21,227.0,4.053571428571429,5.519384293789999,12,223.0,0.2726784645018319,9,135.0,0.40725351545889105,21,358.0
2635.0,20,237.0,4.157894736842105,5.559143015103991,10,200.0,0.33485092826432017,10,147.0,0.2965590801916035,20,347.0
2640.0,20,188.0,3.1864406779661016,5.853089137190837,10,166.0,0.3210499187177302,10,136.0,0.2819540453644858,20,302.0
2645.0,24,267.0,4.377049180327869,5.592042849683642,15,172.0,0.16897081412335438,9,158.0,0.3415051811487672,24,330.0
2650.0,25,334.0,5.661016949152542,5.749354067969664,14,206.0,0.2382757119628783,11,195.0,0.3544616160024589,25,401.0
2655.0,23,302.0,5.11864406779661,5.259484210242343,14,231.0,0.28059045618996675,9,172.0,0.33833278602060984,23,403.0
2660.0,22,334.0,5.566666666666666,5.348433490771083,11,233.0,0.3040446708433509,11,170.0,0.3625132581099187,22,403.0
2665.0,21,291.0,4.770491803278689,5.607605491247189,10,200.0,0.3673403849062763,11,186.0,0.29109935343338306,21,386.0
2670.0,21,233.0,3.7580645161290325,6.093719785814288,7,143.0,0.445063360841672,14,220.0,0.17389284601432206,21,363.0
2675.0,22,226.0,3.5873015873015874,6.009388651099826,9,92.0,0.3970784196515938,13,245.0,0.2636803931497344,22,337.0
2680.0,21,235.0,3.8524590163934427,5.776177785092566,12,130.0,0.31332785994654044,9,195.0,0.38595835144915713,21,325.0
2685.0,20,224.0,3.7333333333333334,6.316194833816946,13,172.0,0.2936905900044696,7,154.0,0.4946410778532027,20,326.0
2690.0,17,192.0,3.310344827586207,6.131346903924875,10,175.0,0.2676052108275964,7,101.0,0.43080608160894507,17,276.0
2695.0,17,175.0,3.1818181818181817,6.6875372949242005,8,162.0,0.33731612696325675,9,127.0,0.3920462271372093,17,289.0
2700.0,16,191.0,3.4727272727272727,5.992108134734168,5,157.0,0.37970014774628247,11,156.0,0.2840965985364659,16,313.0
2705.0,19,231.0,4.052631578947368,6.315910011102502,8,169.0,0.4198925953733654,11,183.0,0.3569306631782417,19,352.0
2710.0,17,253.0,4.288135593220339,6.876840455522624,9,185.0,0.4235783432937455,8,169.0,0.4549607576069018,17,354.0
2715.0,15,225.0,3.8793103448275863,6.936391127219617,10,179.0,0.3782396691845394,5,91.0,0.49444852176424453,15,270.0
2720.0,17,187.0,3.169491525423729,5.958510043915446,8,172.0,0.31694700377924423,9,98.0,0.38766246215303213,17,270.0
2725.0,23,261.0,4.578947368421052,5.185521371067262,13,177.0,0.2531076412202794,10,125.0,0.325647083740337,23,302.0
2730.0,21,242.0,4.481481481481482,5.076597067803704,10,170.0,0.2725601324795311,11,147.0,0.3083338620772568,21,317.0
2735.0,12,137.0,2.4035087719298245,5.22444552407598,4,105.0,0.27916390854182305,8,132.0,0.23923296966610255,12,237.0
2740.0,20,210.0,3.9622641509433962,6.689401453689034,6,91.0,0.4794815637508823,14,136.0,0.266206008548122,20,227.0
2745.0,17,206.0,4.03921568627451,6.266290215671396,4,95.0,0.5197024152455482,13,173.0,0.20012702585319306,17,268.0
2750.0,21,242.0,4.653846153846154,6.358887991002794,6,86.0,0.5580274980118345,15,198.0,0.238186030317047,21,284.0
2755.0,18,195.0,3.75,5.162106767129292,5,42.0,0.44113512315101855,13,223.0,0.28091182893899974,18,265.0
2760.0,15,148.0,2.740740740740741,6.266082612438127,8,53.0,0.39757464185788294,7,193.0,0.43969736308708257,15,246.0
2765.0,18,135.0,2.288135593220339,4.956881373679014,10,86.0,0.30097242393818197,8,192.0,0.3607017338923507,18,278.0
2770.0,21,188.0,2.9375,5.666131379349832,5,91.0,0.41423789234383307,16,214.0,0.3080828506920461,21,305.0
2775.0,23,230.0,3.4328358208955225,5.132664384338868,7,105.0,0.413344374938354,16,242.0,0.26443092188122974,23,347.0
2780.0,26,273.0,4.014705882352941,5.3958790338364535,14,119.0,0.33831253037309095,12,245.0,0.3003844654515789,26,364.0
2785.0,26,260.0,3.8805970149253732,4.779608015270541,16,152.0,0.27301690457645345,10,229.0,0.3268491877160334,26,381.0
2790.0,33,370.0,5.36231884057971,4.218202721681244,17,217.0,0.15389786400262462,16,259.0,0.2530245942324177,33,476.0
2795.0,38,345.0,4.726027397260274,3.769777903761784,18,255.0,0.1886156156913375,20,266.0,0.17127575593055502,38,521.0
2800.0,33,387.0,5.025974025974026,4.961681715222631,14,245.0,0.28221424132881406,19,285.0,0.20930862224631822,33,530.0
2805.0,33,422.0,5.341772151898734,5.32323590262648,13,277.0,0.35374557319498634,20,329.0,0.2079177310884335,33,606.0
2810.0,28,368.0,4.658227848101266,5.423908446674009,16,297.0,0.32129565056482723,12,311.0,0.2891193336626347,28,608.0
2815.0,33,446.0,5.792207792207792,5.138103105657533,22,366.0,0.24822392927162618,11,277.0,0.3590071392929086,33,643.0
2820.0,31,474.0,6.076923076923077,5.42275391168666,21,430.0,0.26532131376100754,10,234.0,0.35142806323862896,31,664.0
2825.0,32,462.0,6.16,4.8651505592228155,20,432.0,0.1995271091314168,12,257.0,0.289799218002944,32,689.0
2830.0,41,497.0,6.808219178082192,4.160861267829567,25,469.0,0.21568717960139983,16,233.0,0.2255158082730107,41,702.0
2835.0,39,540.0,7.297297297297297,3.633351757541592,22,496.0,0.1674906348771325,17,264.0,0.258891141323711,39,760.0
2840.0,31,398.0,5.378378378378378,4.078385627119264,17,443.0,0.22850973362305085,14,284.0,0.24664186863595472,31,727.0
2845.0,24,397.0,5.223684210526316,5.103352589099622,14,407.0,0.27663415736683944,10,259.0,0.25792187374338715,24,666.0
2850.0,23,392.0,5.297297297297297,5.022350612523783,13,375.0,0.22946936386712155,10,284.0,0.23038231601278866,23,659.0
2855.0,24,422.0,5.780821917808219,4.463810367995128,12,353.0,0.18719454127568483,12,327.0,0.18265332151967603,24,680.0
2860.0,34,379.0,5.414285714285715,3.511370609403967,17,341.0,0.14668451010333758,17,356.0,0.1955533353678465,34,697.0
2865.0,29,422.0,6.205882352941177,4.777251935771419,17,312.0,0.15548879461300036,12,346.0,0.2936907612158223,29,658.0
2870.0,29,485.0,7.028985507246377,4.361679147223827,16,337.0,0.09840191750374626,13,380.0,0.32196433890634524,29,717.0
2875.0,24,473.0,6.661971830985915,4.80081450543198,10,304.0,0.2536426812183267,14,408.0,0.22047785822924534,24,712.0
2880.0,28,304.0,4.470588235294118,4.319822126532273,10,282.0,0.3841770965833084,18,340.0,0.17594973583330734,28,622.0
2885.0,33,363.0,5.260869565217392,4.6610661554390145,10,271.0,0.40465094511481775,23,327.0,0.16977367152879622,33,598.0
2890.0,32,332.0,4.811594202898551,4.032229275062695,12,231.0,0.3418993220113523,20,381.0,0.17755270505476625,32,612.0
2895.0,35,348.0,4.9714285714285715,3.7943828065235152,19,270.0,0.18652704363681746,16,373.0,0.2066030895943498,35,643.0
2900.0,32,336.0,5.014925373134329,3.8183519907635843,21,301.0,0.13292907480402766,11,350.0,0.26899564485148814,32,651.0
2905.0,24,357.0,5.409090909090909,5.143870535088575,12,286.0,0.26612668389986677,12,321.0,0.1898893387167359,24,607.0
2910.0,24,399.0,6.540983606557377,5.077124395358863,10,274.0,0.3536131380888037,14,357.0,0.09412933019090867,24,631.0
2915.0,26,439.0,7.440677966101695,5.0671007737908145,10,284.0,0.3558314347007866,16,392.0,0.1263937208274075,26,676.0
2920.0,30,390.0,6.724137931034483,3.9713643111759245,15,265.0,0.25467539729899696,15,420.0,0.1917908274399345,30,685.0
2925.0,29,338.0,5.9298245614035086,3.958708257784292,17,264.0,0.231584034755085,12,390.0,0.27092465212573713,29,654.0
2930.0,29,334.0,5.859649122807017,3.328436296563233,16,298.0,0.1654907215763611,13,379.0,0.27916222828777415,29,677.0
2935.0,19,220.0,3.7288135593220337,4.341997988210121,13,295.0,0.115122147316461,6,301.0,0.30890410923931644,19,596.0
2940.0,17,254.0,4.233333333333333,5.34236278526234,12,311.0,0.06614385556197316,5,237.0,0.4427417165074223,17,548.0
2945.0,19,258.0,4.448275862068965,6.130850602852917,14,307.0,0.08145421193744759,5,193.0,0.44891217678433737,19,500.0
2950.0,23,231.0,4.2,4.631301540643348,16,300.0,0.133770898988827,7,139.0,0.3296236436398952,23,439.0
2955.0,28,321.0,5.732142857142857,4.677469596213813,16,330.0,0.2204025834627392,12,152.0,0.25963650565319557,28,482.0
2960.0,20,341.0,6.433962264150943,5.350784084166216,12,349.0,0.20536468342518133,8,143.0,0.3798056496773582,20,492.0
2965.0,14,285.0,5.377358490566038,6.475016999614555,7,304.0,0.31115630067025746,7,144.0,0.37262322289354033,14,448.0
2970.0,17,317.0,5.763636363636364,6.16430100509636,9,302.0,0.3707410551825254,8,136.0,0.28160324649809865,17,438.0
2975.0,18,265.0,4.732142857142857,6.424356926880308,8,293.0,0.43024095250127065,10,104.0,0.3216328946396247,18,397.0
2980.0,20,342.0,6.452830188679245,6.404853328379942,9,285.0,0.4201878464048977,11,145.0,0.3552049060990129,20,430.0
2985.0,19,307.0,5.482142857142857,5.67770833603994,9,238.0,0.36591501715519076,10,172.0,0.34796599593010397,19,410.0
2990.0,20,292.0,5.214285714285714,5.940599771602623,9,169.0,0.35252048088008386,11,222.0,0.4173699531284853,20,391.0
2995.0,24,256.0,4.571428571428571,4.656672912948083,11,184.0,0.33685304139103894,13,204.0,0.3166656174308035,24,388.0
3000.0,20,259.0,4.4655172413793105,4.830597343252183,5,162.0,0.3217452056786714,15,223.0,0.24391356545132886,20,385.0
3005.0,22,172.0,2.774193548387097,4.6654498836291465,6,160.0,0.3500614351945292,16,223.0,0.17864766193891804,22,383.0
3010.0,24,196.0,3.111111111111111,5.270440505202241,11,185.0,0.20718549214547347,13,183.0,0.31869917218261484,24,368.0
3015.0,25,244.0,4.135593220338983,4.640463090090625,14,218.0,0.11398744802830436,11,212.0,0.34315013376732884,25,430.0
3020.0,20,263.0,4.311475409836065,5.045283268371836,7,217.0,0.22186918132634711,13,236.0,0.2827645932939154,20,453.0
3025.0,21,168.0,3.0,4.801280891670506,6,128.0,0.3002354236706675,15,245.0,0.24090614708125507,21,373.0
3030.0,27,254.0,4.379310344827586,5.692507779531312,8,120.0,0.4056737833241453,19,265.0,0.2629245303734733,27,385.0
3035.0,23,285.0,4.913793103448276,5.267892356279674,8,132.0,0.3848825939205655,15,292.0,0.2659573304849931,23,424.0
3040.0,17,243.0,4.2631578947368425,6.051791579584244,4,112.0,0.4757087461164858,13,261.0,0.21790310108970615,17,373.0
3045.0,12,253.0,4.362068965517241,6.466634595263175,4,113.0,0.46867306405663317,8,280.0,0.23415613908272576,12,393.0
3050.0,19,220.0,3.7288135593220337,5.928213234262076,4,79.0,0.2964215576912817,15,307.0,0.21250503283253105,19,386.0
3055.0,20,270.0,4.909090909090909,6.0136799976579285,7,78.0,0.4176744436291359,13,326.0,0.2744672852768377,20,404.0
3060.0,16,250.0,4.901960784313726,5.676076436666566,6,60.0,0.4473211549286915,10,306.0,0.2388193169524315,16,366.0
3065.0,20,292.0,5.7254901960784315,5.6148189770432735,8,88.0,0.3925760774132001,12,329.0,0.2181269239194623,20,417.0
3070.0,24,319.0,5.907407407407407,5.16739939647323,8,94.0,0.30221770899706196,16,368.0,0.20011729281083476,24,462.0
3075.0,19,350.0,6.862745098039215,5.114966760132937,6,57.0,0.3008679284949548,13,391.0,0.2528178694787697,19,448.0
3080.0,16,368.0,7.510204081632653,6.043141301083639,7,71.0,0.36573597681548126,9,369.0,0.315415881430059,16,440.0
3085.0,13,196.0,4.083333333333333,6.122882843018274,5,72.0,0.42450062635395774,8,265.0,0.27912471147800644,13,337.0
3090.0,17,183.0,3.7346938775510203,5.79309982237684,6,72.0,0.35863818126648117,11,186.0,0.3380128649573764,17,258.0
3095.0,15,132.0,2.75,5.64732113786324,9,101.0,0.3054992898589055,6,146.0,0.42152796217764826,15,247.0
3100.0,20,182.0,3.7916666666666665,5.558995366860028,8,114.0,0.308726192884605,12,136.0,0.376196432081812,20,250.0
3105.0,22,246.0,5.020408163265306,4.968648847170487,10,152.0,0.2854730090255719,12,164.0,0.27080539068544673,22,316.0
3110.0,23,265.0,5.3,4.278549675697619,9,156.0,0.24823402687242743,14,210.0,0.1361493421855176,23,366.0
3115.0,21,237.0,4.9375,4.517562408540472,6,122.0,0.4005365319086636,15,220.0,0.09718121504206378,21,342.0
3120.0,13,217.0,4.428571428571429,7.18125889602214,5,124.0,0.5410927043609195,8,171.0,0.2739547425139016,13,295.0
3125.0,13,142.0,2.730769230769231,6.052477219819364,4,104.0,0.2627145378922378,9,162.0,0.2562670360575427,13,266.0
3130.0,18,180.0,3.5294117647058822,6.412136698738607,7,85.0,0.2672803174952788,11,157.0,0.360179267981409,18,242.0
3135.0,18,185.0,3.8541666666666665,5.6033060698254245,7,107.0,0.2651403807975193,11,182.0,0.38869925473025463,18,289.0
3140.0,18,239.0,5.195652173913044,6.232530421975646,6,110.0,0.48478192832257333,12,200.0,0.33859921994306,18,310.0
3145.0,18,207.0,4.224489795918367,5.511259068312491,5,76.0,0.5038438425035277,13,226.0,0.22916643314471818,18,302.0
3150.0,21,280.0,5.490196078431373,6.356042781099828,7,92.0,0.5015536674915511,14,274.0,0.26067565462405645,21,366.0
3155.0,20,233.0,4.314814814814815,5.158176125358271,7,94.0,0.3524636352138568,13,256.0,0.29070369972106497,20,350.0
3160.0,20,224.0,4.148148148148148,6.269439729576256,10,138.0,0.31205084472558636,10,164.0,0.3666388811939939,20,302.0
3165.0,16,224.0,4.3076923076923075,6.054162537917984,7,144.0,0.3023857867074285,9,174.0,0.35749097696601284,16,318.0
3170.0,15,263.0,4.696428571428571,6.551299825229625,3,117.0,0.4073114125765276,12,211.0,0.22132486794260306,15,328.0
3175.0,17,174.0,3.2830188679245285,6.1531833761542,5,53.0,0.4973654477284548,12,219.0,0.18320276701919105,17,272.0
3180.0,21,242.0,4.566037735849057,6.76350660162529,8,81.0,0.5002204029598097,13,236.0,0.30096156466737833,21,317.0
3185.0,19,225.0,4.326923076923077,5.046808948973719,7,93.0,0.3146108513119504,12,253.0,0.2898828927828399,19,346.0
3190.0,16,233.0,4.314814814814815,5.349484005485134,8,101.0,0.3103922356420965,8,235.0,0.3143282782468411,16,336.0
3195.0,19,131.0,2.425925925925926,5.077360921894096,10,89.0,0.28239618709509096,9,202.0,0.2993761983609155,19,291.0
3200.0,21,143.0,2.69811320754717,5.637202525918255,12,105.0,0.21996974414121037,9,139.0,0.3079891694638569,21,244.0
3205.0,23,197.0,3.7169811320754715,4.3689886569607435,13,145.0,0.09686114153507489,10,158.0,0.28510000260099466,23,303.0
3210.0,17,233.0,4.314814814814815,5.683317046249129,8,156.0,0.3082902297478943,9,177.0,0.3052411181949598,17,333.0
3215.0,18,211.0,3.767857142857143,5.4591608293759615,11,150.0,0.29167647361264776,7,167.0,0.33451906674867044,18,317.0
3220.0,16,245.0,4.375,6.75726793766677,9,148.0,0.40519693635659904,7,160.0,0.3768004989138481,16,308.0
3225.0,18,298.0,5.321428571428571,6.097070916964337,8,169.0,0.3978959237797493,10,187.0,0.28721818690470535,18,356.0
3230.0,25,390.0,6.842105263157895,5.536988098080478,14,231.0,0.3509623894041248,11,228.0,0.2931077683008032,25,459.0
3235.0,28,358.0,6.392857142857143,4.100162211794716,15,250.0,0.3027435752953777,13,232.0,0.23873927809784606,28,482.0
3240.0,23,354.0,6.321428571428571,4.567291487864446,11,228.0,0.32136331683036395,12,216.0,0.24393577872925964,23,444.0
3245.0,22,267.0,4.45,4.5176062682856335,11,204.0,0.32345559568450716,11,242.0,0.20879882232475788,22,446.0
3250.0,23,315.0,5.163934426229508,6.279589625520162,11,177.0,0.379533868043435,12,244.0,0.38416127412516166,23,421.0
3255.0,24,319.0,5.406779661016949,5.267270270377344,15,200.0,0.175729496801011,9,244.0,0.4514449053618779,24,444.0
3260.0,22,348.0,6.0,5.646200297596872,14,223.0,0.1726450976029775,8,238.0,0.5085581553553457,22,461.0
3265.0,22,351.0,6.381818181818182,4.423302093631074,13,245.0,0.23165717363392405,9,241.0,0.3577203458658896,22,486.0
3270.0,21,347.0,6.196428571428571,4.644545104848833,11,221.0,0.3039357841747501,10,254.0,0.2512909789832849,21,475.0
3275.0,21,189.0,3.5,4.481121894629767,11,210.0,0.3257507320297154,10,163.0,0.1915799567838857,21,373.0
3280.0,25,262.0,4.5964912280701755,5.511643809208609,12,207.0,0.34317317593837937,13,155.0,0.3106383016213065,25,362.0
3285.0,23,281.0,4.762711864406779,5.421930984327807,13,231.0,0.37783872862491685,10,176.0,0.33736384759845184,23,407.0
3290.0,22,294.0,5.157894736842105,5.865756097879892,14,243.0,0.36318305071716506,8,163.0,0.4061703096562331,22,406.0
3295.0,20,307.0,5.385964912280702,4.24636113442395,13,266.0,0.21327694446012804,7,170.0,0.2745406851676454,20,436.0
3300.0,26,338.0,5.9298245614035086,3.9941049180245396,12,275.0,0.22634694863174507,14,171.0,0.15712106388206445,26,446.0
3305.0,27,313.0,5.491228070175438,3.812939668468477,14,277.0,0.20166660564399946,13,211.0,0.2088939765410882,27,488.0
3310.0,23,286.0,5.107142857142857,4.959574307343132,14,255.0,0.1990666548861503,9,221.0,0.33346638670286194,23,476.0
3315.0,17,233.0,4.314814814814815,4.972365563563937,11,288.0,0.1632212119108934,6,152.0,0.386622471800059,17,440.0
3320.0,24,287.0,5.035087719298246,5.008113634444776,12,298.0,0.16830808787879117,12,160.0,0.3204042063324792,24,458.0
3325.0,21,218.0,3.892857142857143,4.373180390691246,12,284.0,0.1804188132976538,9,132.0,0.323391632871646,21,416.0
3330.0,23,270.0,4.576271186440678,6.125611748866025,12,289.0,0.27279803235064587,11,155.0,0.4541246882627713,23,444.0
3335.0,24,281.0,4.60655737704918,5.609071596007452,14,309.0,0.2813486316329057,10,161.0,0.41529010914106135,24,470.0
3340.0,19,258.0,4.526315789473684,5.932419588106809,10,291.0,0.34805990778459484,9,132.0,0.3164455953260656,19,423.0
3345.0,21,195.0,3.4210526315789473,4.548860702318726,10,244.0,0.25205024817403515,11,154.0,0.23795906636868544,21,398.0
3350.0,26,272.0,4.689655172413793,4.88026459414459,15,294.0,0.1930401273832041,11,158.0,0.31702198695492567,26,452.0
3355.0,24,291.0,4.932203389830509,4.966680763800369,13,319.0,0.2823982711176612,11,193.0,0.26618527322603097,24,512.0
3360.0,19,318.0,5.482758620689655,6.012290863812963,11,287.0,0.33224431345808025,8,208.0,0.2773582805484742,19,495.0
3365.0,19,317.0,5.56140350877193,5.24529717371452,12,296.0,0.2548535738754498,7,201.0,0.2488261844625137,19,497.0
3370.0,24,343.0,6.125,5.524289641354589,11,282.0,0.3240716508321455,13,230.0,0.26563275079791226,24,512.0
3375.0,23,273.0,5.055555555555555,5.1033138131968805,11,270.0,0.3090660740495164,12,204.0,0.3018270740012333,23,474.0
3380.0,21,230.0,4.2592592592592595,4.822773538263245,11,233.0,0.2892067225003452,10,189.0,0.32003104942633603,21,422.0
3385.0,21,248.0,4.350877192982456,4.811268570204503,12,257.0,0.2636261941925212,9,195.0,0.33161232322470074,21,452.0
3390.0,23,302.0,5.033333333333333,5.809714271968768,16,278.0,0.2780563143911601,7,183.0,0.4224207638954292,23,461.0
3395.0,21,223.0,3.6557377049180326,5.1060737962416445,14,290.0,0.26894517058393724,7,167.0,0.3672450708566648,21,457.0
3400.0,23,236.0,3.6307692307692307,5.4204329258818005,12,261.0,0.26417593201585426,11,141.0,0.3112180975591953,23,402.0
3405.0,21,239.0,3.918032786885246,5.143771269475382,9,252.0,0.3431581789725865,12,173.0,0.21961420200219284,21,425.0
3410.0,21,294.0,4.59375,6.244961818088792,13,261.0,0.30352467919491455,8,184.0,0.3365035678388429,21,445.0
3415.0,21,266.0,4.433333333333334,5.254417535711505,14,255.0,0.17640403674845492,7,180.0,0.33805063018673837,21,435.0
3420.0,26,275.0,4.583333333333333,5.257750326488759,14,232.0,0.24343642157211307,12,183.0,0.32097488682650266,26,415.0
3425.0,23,262.0,4.295081967213115,4.942127255295735,11,276.0,0.33328949328415924,12,156.0,0.2754928685536858,23,432.0
3430.0,30,395.0,6.583333333333333,5.251678614742952,13,338.0,0.36998193130037915,17,203.0,0.30237649006886186,30,541.0
3435.0,28,366.0,5.71875,4.502030023818527,11,333.0,0.27264622307869313,17,240.0,0.2978551646381281,28,573.0
3440.0,20,338.0,5.28125,5.307997169734676,10,272.0,0.2317141172426478,10,222.0,0.31809122747907687,20,494.0
3445.0,21,236.0,3.5757575757575757,5.56898834043849,10,226.0,0.24800737880498638,11,197.0,0.2801698181022854,21,423.0
3450.0,25,246.0,3.6176470588235294,5.558392903665439,12,244.0,0.19150005278679708,13,207.0,0.2843428797979634,25,451.0
3455.0,27,299.0,4.82258064516129,4.921358504624909,13,266.0,0.18471907773805912,14,230.0,0.3512674892842677,27,496.0
3460.0,27,338.0,5.540983606557377,4.582480794884095,10,284.0,0.3084971799967215,17,258.0,0.17635153370360493,27,542.0
3465.0,28,429.0,7.032786885245901,3.9686668985702824,11,297.0,0.26173709756465674,17,311.0,0.14133687736468006,28,608.0
3470.0,32,536.0,8.375,4.953238566611918,14,331.0,0.2802642898514699,18,371.0,0.23683179542270888,32,702.0
3475.0,31,488.0,7.507692307692308,4.737663777366415,14,317.0,0.2431266269634984,17,390.0,0.2853360946684772,31,707.0
3480.0,23,271.0,4.1692307692307695,4.8199235774650875,12,262.0,0.27755317045585565,11,338.0,0.2615710301408792,23,600.0
3485.0,25,291.0,4.343283582089552,4.510950556884933,12,272.0,0.2083281086241559,13,359.0,0.28105187199684917,25,631.0
3490.0,25,322.0,4.472222222222222,4.9120963404047355,9,255.0,0.27204620590980816,16,397.0,0.22363788061234205,25,652.0
3495.0,28,392.0,5.6,4.964801473462607,7,229.0,0.34726887572556997,21,429.0,0.20829646696846618,28,658.0
3500.0,26,441.0,6.3,5.562240467091145,10,182.0,0.35060057640838,16,415.0,0.2385321952425483,26,597.0
3505.0,23,370.0,5.522388059701493,4.747511063008298,10,195.0,0.22528009909478897,13,372.0,0.22539630882423162,23,567.0
3510.0,24,390.0,5.571428571428571,5.779581248122185,8,184.0,0.40205902017402856,16,343.0,0.21574311892816098,24,527.0
3515.0,24,401.0,6.573770491803279,5.208058233484392,6,188.0,0.44548818383419614,18,366.0,0.21639072587941538,24,554.0
3520.0,30,410.0,6.612903225806452,4.884693719149758,9,227.0,0.38790342150426627,21,357.0,0.18424562125405664,30,584.0
3525.0,28,420.0,6.774193548387097,3.7369913393723557,9,224.0,0.2956470629546631,19,406.0,0.1534215321737789,28,630.0
3530.0,27,405.0,6.136363636363637,4.705258970931173,12,231.0,0.30556204219663335,15,404.0,0.23138035633330473,27,635.0
3535.0,23,355.0,5.298507462686567,4.923681521794859,11,252.0,0.2696304881207896,12,392.0,0.3322006163698038,23,644.0
3540.0,20,338.0,5.121212121212121,5.422619662260003,5,230.0,0.3549229745359807,15,389.0,0.2597736999751526,20,619.0
3545.0,28,230.0,3.59375,4.001550587322197,6,84.0,0.33827891701815715,22,430.0,0.129937314179519,28,514.0
3550.0,29,309.0,4.904761904761905,4.547591249455097,12,102.0,0.26912433669481817,17,438.0,0.21373065049809645,29,540.0
3555.0,28,345.0,5.75,4.239723246274713,12,135.0,0.2573714837172835,16,423.0,0.23879326586434846,28,558.0
3560.0,22,298.0,4.885245901639344,5.486976880266571,6,124.0,0.39424133694050145,16,405.0,0.19895293389317945,22,529.0
3565.0,24,236.0,4.140350877192983,4.220780015033503,6,114.0,0.3770580351231063,18,405.0,0.08258013436150476,24,519.0
3570.0,28,312.0,5.571428571428571,4.9966990962373625,8,117.0,0.43963847771454434,20,414.0,0.10504527843702383,28,531.0
3575.0,24,300.0,5.555555555555555,4.539391942481618,6,97.0,0.35446926973214304,18,446.0,0.17089829673854978,24,543.0
3580.0,22,288.0,5.236363636363636,5.234595477141547,10,104.0,0.24864951589915357,12,419.0,0.2973898890214618,22,523.0
3585.0,19,283.0,5.4423076923076925,5.166975339514967,10,115.0,0.27122673606408715,9,366.0,0.3182738806278335,19,481.0
3590.0,17,253.0,4.773584905660377,5.887257455586493,4,92.0,0.4533104546836917,13,340.0,0.20176126309286324,17,432.0
3595.0,16,152.0,2.923076923076923,5.622701057469896,2,53.0,0.4593870765506672,14,290.0,0.1924653815492847,16,343.0
3600.0,23,214.0,4.196078431372549,5.239791519431011,9,87.0,0.27404147277077356,14,274.0,0.28920619587417334,23,361.0
3605.0,19,231.0,4.277777777777778,5.290668529783205,8,106.0,0.31488739552081235,11,276.0,0.2963626772987677,19,382.0
3610.0,15,211.0,4.137254901960785,6.482365861313737,5,89.0,0.45383165443531864,10,241.0,0.29882400488241073,15,330.0
3615.0,12,106.0,2.0784313725490198,5.435840359709214,4,62.0,0.342081732655708,8,202.0,0.23767722232125046,12,264.0
3620.0,19,153.0,2.7818181818181817,6.769466093386656,10,85.0,0.34819533004202635,9,187.0,0.36015502912828873,19,272.0
3625.0,16,205.0,3.9423076923076925,7.199927461954752,8,106.0,0.42677995910907673,8,217.0,0.4507239339040475,16,323.0
3630.0,13,203.0,4.06,7.022424918243875,6,103.0,0.5307009760525195,7,198.0,0.3518625349651449,13,301.0
3635.0,12,206.0,4.790697674418604,5.878339544876143,4,105.0,0.33685217848257853,8,183.0,0.29052711006880694,12,288.0
3640.0,21,265.0,6.0227272727272725,4.6049173594895745,13,133.0,0.09831964198323563,8,217.0,0.394777455907346,21,350.0
3645.0,20,331.0,7.6976744186046515,4.966739699296466,10,165.0,0.1732280368854664,10,246.0,0.37893769868957294,20,411.0
3650.0,15,318.0,7.395348837209302,5.911907458555844,7,168.0,0.3581545990839914,8,246.0,0.293234936119764,15,414.0
3655.0,11,218.0,4.844444444444444,6.783508613459685,4,118.0,0.44797633493833333,7,240.0,0.22497219736348087,11,358.0
3660.0,13,128.0,3.0476190476190474,7.514381814376459,6,81.0,0.5022447545613612,7,177.0,0.3420333040852116,13,258.0
3665.0,16,203.0,4.72093023255814,6.068553103407133,7,118.0,0.3487654584480939,9,138.0,0.3394981375921741,16,256.0
3670.0,12,146.0,3.1739130434782608,5.469408437442526,7,120.0,0.396891453498959,5,124.0,0.3437290265283234,12,244.0
3675.0,10,140.0,2.9166666666666665,7.687954589461424,5,101.0,0.543281739450322,5,77.0,0.45879711329218253,10,178.0
3680.0,8,115.0,2.3,7.941371313829138,4,68.0,0.3952616482678885,4,94.0,0.5356346194172286,8,162.0
3685.0,16,180.0,3.6,6.997493062110603,11,98.0,0.2690869243545674,5,117.0,0.42988290205257634,16,215.0
3690.0,17,217.0,4.520833333333333,6.452900120539813,10,130.0,0.2971877144822212,7,130.0,0.4074004517747501,17,260.0
3695.0,14,255.0,6.071428571428571,6.388566474619675,7,129.0,0.3413242659211314,7,162.0,0.36038052621641153,14,291.0
3700.0,14,213.0,4.953488372093023,5.993729263359878,8,123.0,0.3047140383406634,6,147.0,0.3530201363850086,14,270.0
3705.0,16,274.0,5.956521739130435,6.377113310618862,7,143.0,0.3631361974084304,9,167.0,0.3226712119866549,16,310.0
3710.0,14,180.0,3.8297872340425534,6.086000132034524,7,93.0,0.4444003002284427,7,173.0,0.3026103689520117,14,266.0
3715.0,14,208.0,4.333333333333333,8.010894285165184,7,84.0,0.4861501873370887,7,170.0,0.45825420114062176,14,254.0
3720.0,12,152.0,3.3777777777777778,7.220575519643277,7,106.0,0.2363348928420542,5,128.0,0.5208192418165568,12,234.0
3725.0,13,120.0,2.7906976744186047,6.250667995445156,9,106.0,0.2475050095222551,4,66.0,0.4946250917627697,13,172.0
3730.0,15,106.0,2.5853658536585367,5.4509427539189925,6,80.0,0.4854457833136892,9,69.0,0.17385061406493474,15,149.0
3735.0,19,136.0,3.238095238095238,5.953753534259185,8,77.0,0.41572508414857234,11,99.0,0.1911502386833436,19,176.0
3740.0,14,173.0,4.023255813953488,6.319881235676212,5,77.0,0.46469867709977725,9,127.0,0.3241527165428834,14,204.0
3745.0,15,209.0,4.644444444444445,6.0892682969807845,7,85.0,0.3461189647533396,8,152.0,0.42629775886822946,15,237.0
3750.0,20,206.0,4.5777777777777775,5.402276422263724,12,122.0,0.32155517012582985,8,150.0,0.41199406399253996,20,272.0
3755.0,14,178.0,3.56,5.597217537564712,9,136.0,0.3524647332542319,5,95.0,0.3564114944436523,14,231.0
3760.0,11,156.0,3.12,6.552463116068627,7,138.0,0.3594615059302153,4,60.0,0.3829341438407286,11,198.0
3765.0,17,190.0,3.8,6.640650722784221,8,159.0,0.32658666071374465,9,77.0,0.34212998334230715,17,236.0
3770.0,16,195.0,3.9,6.21576531379403,7,160.0,0.3139699314234757,9,90.0,0.35498170857961303,16,250.0
3775.0,17,167.0,3.4791666666666665,5.74717552115779,7,138.0,0.3364059841588157,10,137.0,0.3738355802676035,17,275.0
3780.0,17,164.0,3.3469387755102042,5.440894166673184,8,101.0,0.3609312735043038,9,138.0,0.36557186252296314,17,239.0
3785.0,17,195.0,3.9,5.497083745643292,10,123.0,0.34766251421505046,7,108.0,0.3537870021563885,17,231.0
3790.0,17,195.0,4.148936170212766,5.982544513636719,11,150.0,0.33772972376521315,6,86.0,0.43641518622135145,17,236.0
3795.0,18,152.0,3.04,5.647149838894392,12,156.0,0.24525779471546325,6,75.0,0.4435923139566632,18,231.0
3800.0,17,174.0,3.2222222222222223,5.765323703580822,10,135.0,0.33281228414339764,7,94.0,0.314153693060551,17,229.0
3805.0,15,184.0,3.4074074074074074,6.477221408970768,8,141.0,0.318595299324126,7,111.0,0.36458679785670245,15,252.0
3810.0,18,212.0,3.925925925925926,6.275556680962151,11,174.0,0.29571834653560264,7,103.0,0.32538598205897545,18,277.0
3815.0,21,276.0,5.0181818181818185,5.880790472613095,10,196.0,0.3278816973363951,11,138.0,0.28749203250682825,21,334.0
3820.0,21,314.0,5.9245283018867925,5.607316724475651,8,207.0,0.3982622471659159,13,154.0,0.20278103843499712,21,361.0
3825.0,18,273.0,5.571428571428571,5.637477084584415,6,181.0,0.3771394894916001,12,173.0,0.3160015801644455,18,354.0
3830.0,18,290.0,5.471698113207547,5.560542760467342,10,161.0,0.317682978382134,8,184.0,0.3914406240712959,18,345.0
3835.0,16,201.0,4.02,6.270483560239207,8,133.0,0.3147391159088951,8,163.0,0.44634048786305336,16,296.0
3840.0,16,134.0,2.7346938775510203,6.304521707356891,9,95.0,0.29451439807541696,7,119.0,0.398461599575193,16,214.0
3845.0,16,144.0,2.88,6.32956431130734,7,105.0,0.3032446170999668,9,95.0,0.40729435584195384,16,200.0
3850.0,12,141.0,3.0,6.803094020489529,5,80.0,0.455456701741777,7,116.0,0.40531790065937856,12,196.0
3855.0,12,146.0,3.0416666666666665,7.102450850037374,4,81.0,0.480446537011938,8,127.0,0.3771550850437785,12,208.0
3860.0,16,156.0,3.183673469387755,6.628356455501979,7,86.0,0.35559084100596133,9,146.0,0.44492647864897705,16,232.0
3865.0,19,203.0,4.142857142857143,5.414490891594296,10,135.0,0.31528667266953203,9,126.0,0.404415058767174,19,261.0
3870.0,19,192.0,3.84,4.314433779535825,10,151.0,0.3196637667042142,9,120.0,0.31345544121642327,19,271.0
3875.0,14,182.0,3.5686274509803924,5.778299912320992,6,142.0,0.3658714379116289,8,115.0,0.321604913228504,14,257.0
3880.0,14,108.0,1.9636363636363636,5.147703289031517,4,90.0,0.2513911147163664,10,139.0,0.2096670789323138,14,229.0
3885.0,25,199.0,3.491228070175439,5.607260066111677,13,110.0,0.29613576872321706,12,170.0,0.20947296703094795,25,280.0
3890.0,25,239.0,4.509433962264151,4.910579822581195,11,136.0,0.3648660023190946,14,206.0,0.21704928734995363,25,342.0
3895.0,21,290.0,5.576923076923077,5.161034175867578,10,164.0,0.364324333020183,11,226.0,0.3443954000043829,21,390.0
3900.0,19,272.0,5.037037037037037,4.8294744992581276,9,163.0,0.30923772654855863,10,236.0,0.37511690968177347,19,399.0
3905.0,18,231.0,4.2,5.736222898158665,7,101.0,0.3114991078030451,11,236.0,0.381179742485634,18,337.0
3910.0,14,144.0,2.5714285714285716,5.458745599178549,5,88.0,0.27492268521197694,9,195.0,0.25715868119761953,14,283.0
3915.0,24,207.0,3.3934426229508197,5.0877668089244565,11,119.0,0.2943483588544288,13,186.0,0.13669339292480392,24,305.0
3920.0,23,280.0,4.827586206896552,5.607628415461485,9,141.0,0.4173525390285999,14,228.0,0.25589086874932565,23,369.0
3925.0,17,316.0,5.543859649122807,6.781683097877588,6,124.0,0.5523357614106766,11,253.0,0.2917444261648309,17,377.0
3930.0,18,287.0,4.864406779661017,5.629620877747332,7,138.0,0.3161980338499718,11,249.0,0.2541071737430023,18,387.0
3935.0,23,363.0,5.950819672131147,5.907760077442672,11,188.0,0.24098768260222003,12,245.0,0.3148571486820105,23,433.0
3940.0,23,295.0,5.086206896551724,5.168477323302031,12,168.0,0.23899223616622775,11,250.0,0.33353814054115966,23,418.0
3945.0,25,274.0,4.807017543859649,5.280690364845817,13,192.0,0.2612582044916792,12,216.0,0.3642755441680033,25,408.0
3950.0,25,261.0,4.423728813559322,4.328740429955939,13,211.0,0.24632232691597775,12,232.0,0.31346734397156695,25,443.0
3955.0,20,243.0,3.9193548387096775,5.333344659349837,9,175.0,0.3337924393744148,11,221.0,0.2871318108735131,20,396.0
3960.0,17,228.0,3.619047619047619,5.437160526534683,7,168.0,0.39466808980065143,10,247.0,0.20828989788927363,17,415.0
3965.0,27,311.0,4.573529411764706,5.919326936357008,12,176.0,0.431410052148525,15,289.0,0.18879984178591444,27,465.0
3970.0,29,301.0,4.426470588235294,5.1174932953082495,13,138.0,0.38126389708494784,16,335.0,0.21937344208629342,29,473.0
3975.0,30,392.0,5.6,5.325350297571487,19,178.0,0.23652921689845466,11,345.0,0.3883331921873251,30,523.0
3980.0,30,397.0,5.753623188405797,5.058077798450137,17,214.0,0.21456398321727288,13,333.0,0.3760938633234403,30,547.0
3985.0,21,306.0,4.5,5.4593751278086655,11,205.0,0.26532161222924117,10,278.0,0.34837296833232434,21,483.0
3990.0,22,177.0,2.6029411764705883,4.311554650615873,7,212.0,0.309132660705092,15,248.0,0.18786710430702383,22,460.0
3995.0,31,300.0,4.411764705882353,4.684287027958354,12,225.0,0.2691815197894692,19,266.0,0.22217227230717534,31,491.0
4000.0,32,366.0,5.304347826086956,4.277361019086288,15,257.0,0.27249539577210286,17,314.0,0.19411848747511887,32,571.0
4005.0,21,348.0,5.1940298507462686,5.187884469403929,10,245.0,0.25027676150464234,11,308.0,0.27497999635664433,21,553.0
4010.0,21,347.0,5.257575757575758,5.059863957014043,10,263.0,0.20682973972718105,11,307.0,0.19102648340002643,21,570.0
4015.0,26,260.0,3.823529411764706,5.199369503807986,12,222.0,0.2248395526165439,14,300.0,0.13351053451289835,26,522.0
4020.0,29,360.0,5.806451612903226,5.343916221387256,16,228.0,0.2724411170632543,13,325.0,0.15271305000654006,29,553.0
4025.0,26,428.0,7.016393442622951,5.517462290046859,16,274.0,0.22715357384914306,10,317.0,0.2781233579835196,26,591.0
4030.0,20,403.0,7.0701754385964914,5.290086090042258,10,273.0,0.297805581833071,10,295.0,0.09669566973301816,20,568.0
4035.0,17,271.0,4.927272727272728,6.083307467502147,8,236.0,0.36383838156289516,9,227.0,0.20492354515616745,17,463.0
4040.0,20,243.0,4.418181818181818,5.835335512616351,12,210.0,0.3319531937779283,8,206.0,0.3692062722828749,20,416.0
4045.0,21,208.0,3.7818181818181817,5.647572407975546,13,197.0,0.32429109372336834,8,209.0,0.4424683879338174,21,406.0
4050.0,21,196.0,3.3220338983050848,5.679133813678257,14,189.0,0.3807459145893447,7,203.0,0.3814043336017606,21,392.0
4055.0,22,216.0,3.4838709677419355,5.119499374217278,13,206.0,0.37310373423657833,9,193.0,0.26311172108942554,22,399.0
4060.0,23,222.0,3.46875,5.122529451653335,11,187.0,0.33192861405718016,12,186.0,0.29144065272314607,23,373.0
4065.0,28,293.0,4.4393939393939394,3.905780475036728,15,228.0,0.2121819775464606,13,204.0,0.21365978581774248,28,432.0
4070.0,31,305.0,4.357142857142857,4.317442697493664,20,271.0,0.2064679065886769,11,190.0,0.2799609327436435,31,461.0
4075.0,29,332.0,4.882352941176471,5.444368824260522,24,348.0,0.19868070012044356,5,134.0,0.46627019458397073,29,482.0
4080.0,21,326.0,4.865671641791045,4.934299302629032,17,386.0,0.17568349182804613,4,109.0,0.3070029943610194,21,495.0
4085.0,26,372.0,5.636363636363637,5.124283028224094,15,405.0,0.20570833681994782,11,119.0,0.2736895688880747,26,524.0
4090.0,27,342.0,5.428571428571429,4.993824090718804,19,417.0,0.1803638308752307,8,122.0,0.3586853456773398,27,539.0
4095.0,24,304.0,4.983606557377049,4.831203200768723,19,432.0,0.15899239111244945,5,102.0,0.4560450705360741,24,534.0
4100.0,30,288.0,4.363636363636363,4.540339686135303,21,441.0,0.1719104596125876,9,122.0,0.34291696735025773,30,563.0
4105.0,30,368.0,5.333333333333333,4.712079542796305,19,495.0,0.24167290732413982,11,170.0,0.2988483885558345,30,665.0
4110.0,28,317.0,4.731343283582089,5.019551905117814,17,495.0,0.28810197078357547,11,149.0,0.33451753349449165,28,644.0
4115.0,27,382.0,5.876923076923077,4.99015501125886,16,506.0,0.2579015980837515,11,154.0,0.340760689173696,27,660.0
4120.0,29,352.0,5.333333333333333,4.319643256377142,18,492.0,0.17625700697845623,11,162.0,0.25385203462192646,29,654.0
4125.0,34,340.0,5.151515151515151,4.418897445904158,20,500.0,0.17998268809421608,14,182.0,0.30501974058173603,34,682.0
4130.0,33,388.0,5.705882352941177,4.466898165825907,21,504.0,0.17521357730501197,12,193.0,0.31477436915794393,33,697.0
4135.0,29,357.0,4.958333333333333,4.939313944023086,21,537.0,0.1895310390747098,8,147.0,0.34638910682924795,29,684.0
4140.0,22,349.0,4.847222222222222,6.126256942597878,15,531.0,0.25588234341067445,7,155.0,0.40857020756124623,22,686.0
4145.0,26,365.0,5.140845070422535,5.708055066273314,14,505.0,0.2999903589199532,12,172.0,0.22427226872202632,26,677.0
4150.0,31,313.0,4.6716417910447765,4.548471887019652,16,453.0,0.25295194581085456,15,196.0,0.1716290504033427,31,649.0
4155.0,29,351.0,5.4,4.317404998734628,17,459.0,0.20860805270718522,12,193.0,0.26205701469480747,29,652.0
4160.0,31,326.0,5.258064516129032,4.086925904129454,20,447.0,0.14373076333768706,11,200.0,0.2973936894027224,31,647.0
4165.0,32,420.0,6.666666666666667,4.802082042483174,21,495.0,0.1535765333904477,11,194.0,0.3401674159888167,32,689.0
4170.0,30,429.0,6.6,4.5255034839231865,22,512.0,0.14525147454672205,8,176.0,0.383625569161608,30,688.0
4175.0,34,586.0,9.301587301587302,4.814024832202381,22,581.0,0.2935309511149176,12,185.0,0.3011525977175138,34,766.0
4180.0,33,557.0,8.703125,3.7190515437204192,22,608.0,0.19358821824428354,11,193.0,0.33234212335727487,33,801.0
4185.0,23,367.0,5.919354838709677,4.577149041113536,17,561.0,0.2146738760920139,6,161.0,0.2779612728097636,23,722.0
4190.0,19,378.0,6.096774193548387,4.817326642888765,14,510.0,0.252912546052718,5,145.0,0.16564690820565872,19,655.0
4195.0,23,454.0,6.878787878787879,5.418390719853658,11,511.0,0.3444948975896887,12,166.0,0.1766759642486245,23,677.0
4200.0,26,539.0,8.555555555555555,4.725519907390386,17,562.0,0.26720541809322457,9,188.0,0.363363428257244,26,750.0
4205.0,24,536.0,8.78688524590164,5.112873061324439,19,563.0,0.1926876683138741,5,170.0,0.5239970248196455,24,733.0
4210.0,23,408.0,6.688524590163935,4.824557322506196,19,547.0,0.14273944597722135,4,117.0,0.4550060370403002,23,664.0
4215.0,31,324.0,5.142857142857143,3.7407477138453693,23,501.0,0.15244179853914214,8,95.0,0.2871897911477152,31,596.0
4220.0,35,419.0,6.758064516129032,3.8800470172847676,25,542.0,0.19442875905729,10,109.0,0.2839713993343855,35,651.0
4225.0,35,458.0,7.046153846153846,4.082216091834156,22,570.0,0.27097163060672536,13,116.0,0.22130627626153734,35,686.0
4230.0,28,294.0,4.260869565217392,4.222231172487584,16,525.0,0.2154715091402746,12,135.0,0.25956888155623553,28,660.0
4235.0,20,212.0,2.9859154929577465,5.149019877214653,15,485.0,0.21403594634678816,5,115.0,0.3813850951592988,20,600.0
4240.0,18,226.0,3.054054054054054,6.145418167034924,15,520.0,0.2511302572564047,3,86.0,0.5278464017235106,18,606.0
4245.0,26,278.0,3.6578947368421053,5.888874315401429,19,564.0,0.19999106774771705,7,70.0,0.4322041209897055,26,634.0
4250.0,31,364.0,4.986301369863014,5.221638418488457,21,582.0,0.22679693125052922,10,111.0,0.39546381134328085,31,693.0
4255.0,27,402.0,5.506849315068493,4.727300102336194,18,546.0,0.23174841863543685,9,142.0,0.33547757814588514,27,688.0
4260.0,24,468.0,6.157894736842105,5.834546814563271,17,551.0,0.25773840308393153,7,127.0,0.44412694926444496,24,678.0
4265.0,26,373.0,4.782051282051282,5.683731706644683,20,509.0,0.24936622545292983,6,86.0,0.3842441809833239,26,595.0
4270.0,29,294.0,3.8181818181818183,5.672509011267443,18,444.0,0.27335947734977417,11,73.0,0.3269550302724957,29,517.0
4275.0,30,351.0,4.743243243243243,4.494283602241949,19,486.0,0.2270952481555195,11,105.0,0.3050197590560728,30,591.0
4280.0,29,422.0,5.861111111111111,4.520917423660529,17,519.0,0.25025373613087937,12,141.0,0.283817650953016,29,660.0
4285.0,28,406.0,5.71830985915493,4.272199048603997,18,526.0,0.25894103888934256,10,154.0,0.2590699294952345,28,680.0
4290.0,31,444.0,6.082191780821918,4.87075885748445,21,545.0,0.12001780523502063,10,155.0,0.44658012380973705,31,700.0
4295.0,33,376.0,5.371428571428571,4.113212034428603,26,561.0,0.02934162834789525,7,130.0,0.4649444444375787,33,691.0
4300.0,35,431.0,6.070422535211268,4.749770620213824,25,609.0,0.12585012875585133,10,140.0,0.4070565185250964,35,749.0
4305.0,38,490.0,7.0,3.6630947466251653,24,646.0,0.13837154522346912,14,171.0,0.2715149893217256,38,817.0
4310.0,37,490.0,7.313432835820896,3.8688060818549443,23,707.0,0.17069668284489045,14,180.0,0.2777252428492552,37,887.0
4315.0,34,426.0,6.358208955223881,3.3685223222814358,20,690.0,0.21177448616025343,14,217.0,0.20417588839592962,34,907.0
4320.0,26,302.0,4.253521126760563,4.1025739426645105,15,661.0,0.15878796577046686,11,214.0,0.25888041475993434,26,875.0
4325.0,25,342.0,4.956521739130435,5.333486070540666,16,639.0,0.2242184569270451,9,205.0,0.28794268726975475,25,844.0
4330.0,27,354.0,5.057142857142857,5.530182934624191,14,628.0,0.23145451148999852,13,209.0,0.2501402267455162,27,837.0
4335.0,35,478.0,7.134328358208955,4.202970646525846,19,618.0,0.18237499019912776,16,267.0,0.2135138768093196,35,885.0
4340.0,35,494.0,7.373134328358209,3.8078798546453156,19,620.0,0.15580339840741503,16,310.0,0.2732771459424756,35,930.0
4345.0,30,531.0,8.045454545454545,4.913266239538925,21,603.0,0.1305992625039769,9,297.0,0.42574393471478017,30,900.0
4350.0,25,473.0,7.166666666666667,4.871550138450888,18,628.0,0.22103662429377466,7,242.0,0.3170710585810932,25,870.0
4355.0,25,480.0,6.76056338028169,5.527846541990143,10,603.0,0.3406251203612343,15,261.0,0.22760848940985492,25,864.0
4360.0,24,484.0,7.0144927536231885,5.417271680433465,10,540.0,0.38513212408336045,14,294.0,0.1364226220249424,24,834.0
4365.0,23,361.0,5.231884057971015,5.972100098012988,12,512.0,0.34726084543875324,11,310.0,0.2700763690364396,23,822.0
4370.0,26,282.0,4.40625,4.465094366937459,17,559.0,0.16573722772366836,9,234.0,0.2816835098873109,26,793.0
4375.0,32,344.0,5.4603174603174605,4.750365655899049,22,628.0,0.10591832853899937,10,194.0,0.3452152970417191,32,822.0
4380.0,32,336.0,5.6,3.7108721042199093,21,680.0,0.10943780643604459,11,195.0,0.3026348181659628,32,875.0
4385.0,27,365.0,5.983606557377049,4.721782344551689,14,645.0,0.1836951694383112,13,205.0,0.29483630788763043,27,850.0
4390.0,25,387.0,6.344262295081967,4.568032689156991,13,605.0,0.16426209815999385,12,224.0,0.26669436202114,25,829.0
4395.0,22,359.0,5.790322580645161,5.568373642688749,13,580.0,0.1278439517828351,9,214.0,0.40938733185970677,22,794.0
4400.0,22,218.0,3.6333333333333333,4.700993545552199,14,570.0,0.06955683509084047,8,194.0,0.3773334082888296,22,764.0
4405.0,30,314.0,5.233333333333333,4.889488170891029,18,548.0,0.16015236989365142,12,204.0,0.3040439225790812,30,752.0
4410.0,26,291.0,4.85,4.91262334978597,14,570.0,0.2517812506511501,12,182.0,0.2814315082887631,26,752.0
4415.0,20,276.0,4.6,5.5572845396076955,7,510.0,0.33685482814795964,13,170.0,0.27052186668194106,20,680.0
4420.0,21,269.0,4.559322033898305,5.553128545031742,8,405.0,0.3842788775704778,13,189.0,0.24822281603208537,21,594.0
4425.0,20,254.0,4.233333333333333,5.896266874175717,9,236.0,0.2690173435945608,11,169.0,0.3027808177932878,20,405.0
4430.0,20,257.0,4.589285714285714,5.50836524483145,13,222.0,0.1771641461586371,7,152.0,0.4162543973977926,20,374.0
4435.0,23,329.0,6.092592592592593,4.993994457545995,11,252.0,0.1562484756861121,12,156.0,0.36440316140561657,23,408.0
4440.0,22,365.0,6.886792452830188,4.892814037846425,9,225.0,0.2922484954406246,13,196.0,0.19443383389542965,22,421.0
4445.0,19,266.0,5.215686274509804,5.47415625112929,5,121.0,0.338909652600918,14,231.0,0.16147715349765804,19,352.0
4450.0,19,266.0,5.215686274509804,5.724783986771443,5,72.0,0.4126311872226512,14,247.0,0.1842644666003098,19,319.0
4455.0,18,223.0,4.288461538461538,6.330982700720915,5,58.0,0.44413803406850855,13,243.0,0.3109829608702986,18,301.0
4460.0,17,166.0,3.1923076923076925,6.2272889116115655,6,85.0,0.45306485651078915,11,202.0,0.34216049401676296,17,287.0
4465.0,14,186.0,3.509433962264151,6.177865282694587,4,65.0,0.4264514691847014,10,179.0,0.34044457164852293,14,244.0
4470.0,16,182.0,3.5,6.063170367291101,4,60.0,0.5352007513711932,12,191.0,0.2603378482056273,16,251.0
4475.0,18,225.0,4.245283018867925,6.846676267788031,6,80.0,0.47193041190078094,12,176.0,0.2864716147189707,18,256.0
4480.0,20,186.0,3.4444444444444446,6.173076192215104,7,67.0,0.338783592251952,13,186.0,0.25052337977781425,20,253.0
4485.0,20,221.0,4.25,5.987877828019208,9,94.0,0.3252677247201962,11,198.0,0.2900442433718515,20,292.0
4490.0,16,193.0,3.938775510204082,5.826509056655128,7,94.0,0.45284785396757815,9,203.0,0.327371629220074,16,297.0
4495.0,19,254.0,5.08,6.1770801775502875,8,119.0,0.44996316776688766,11,197.0,0.34289203340378116,19,316.0
4500.0,19,270.0,5.1923076923076925,5.629350468679726,7,128.0,0.34931992465495243,12,233.0,0.3380064772956212,19,361.0
4505.0,18,312.0,6.117647058823529,5.691997992034779,6,119.0,0.37598346452425074,12,251.0,0.2786120572834815,18,370.0
4510.0,16,211.0,4.395833333333333,5.250239535724423,3,62.0,0.4604228756019841,13,248.0,0.1506504922609032,16,310.0
4515.0,14,249.0,5.297872340425532,6.783669737312929,3,34.0,0.4885416886540586,11,265.0,0.2842284111496326,14,299.0
4520.0,14,138.0,3.2857142857142856,5.730906969495915,4,51.0,0.3669014714207747,10,217.0,0.292816235905134,14,268.0
4525.0,13,139.0,3.2325581395348837,6.872518681043746,4,59.0,0.4647648801780752,9,147.0,0.3563710392793891,13,206.0
4530.0,13,138.0,3.2093023255813953,5.961903903805585,4,47.0,0.5417680105987961,9,157.0,0.22892454571881993,13,204.0
4535.0,11,142.0,3.380952380952381,6.9854322905703885,3,34.0,0.6332039824281323,8,163.0,0.31387469261704254,11,197.0
4540.0,16,208.0,4.7272727272727275,6.300194138767759,6,51.0,0.45076113779872107,10,206.0,0.34348734243269097,16,257.0
4545.0,17,205.0,4.555555555555555,5.7089257929148305,8,82.0,0.4542327568950367,9,200.0,0.2991177414030461,17,282.0
4550.0,17,197.0,4.925,4.539661648495778,8,77.0,0.3375825877743282,9,173.0,0.19927717476236692,17,250.0
4555.0,19,198.0,4.714285714285714,5.044747651141424,11,110.0,0.2663929163331807,8,159.0,0.24661054653007497,19,269.0
4560.0,18,195.0,4.431818181818182,5.488317206981394,11,135.0,0.25531603713738554,7,119.0,0.24543283522071377,18,254.0
4565.0,9,125.0,3.048780487804878,6.758107355221029,4,99.0,0.44537979703165503,5,116.0,0.24872529224541062,9,215.0
4570.0,8,110.0,2.8947368421052633,6.416492418562292,2,70.0,0.44247575204438305,6,109.0,0.1881568865207622,8,179.0
4575.0,14,99.0,2.6052631578947367,6.224713316104252,10,98.0,0.2556606967974094,4,86.0,0.3903552712908743,14,184.0
4580.0,14,104.0,2.6666666666666665,5.953780457457112,11,109.0,0.14561156083318522,3,51.0,0.4856106097606306,14,160.0
4585.0,10,130.0,3.4210526315789473,7.603308596529786,6,98.0,0.2954447075974732,4,51.0,0.5262222813486216,10,149.0
4590.0,7,84.0,2.27027027027027,6.853083226979808,4,86.0,0.38159505791830595,3,39.0,0.4589038037256063,7,125.0
4595.0,9,108.0,2.8421052631578947,7.65214765160537,6,79.0,0.5127925824696393,3,47.0,0.5095470137865724,9,126.0
4600.0,7,72.0,1.8461538461538463,7.101860919472147,5,83.0,0.46885495484402256,2,18.0,0.5828775908644604,7,101.0
4605.0,8,104.0,2.6666666666666665,7.884140974047494,4,84.0,0.5000610819010723,4,25.0,0.5206962713708108,8,109.0
4610.0,10,114.0,2.923076923076923,6.194685825998537,5,97.0,0.33763417767586323,5,36.0,0.2599426677815694,10,133.0
4615.0,15,158.0,3.8536585365853657,6.526198707590842,9,121.0,0.23920561295672607,6,50.0,0.3985452714566225,15,171.0
4620.0,12,87.0,2.3513513513513513,5.927897904787265,7,96.0,0.36377975134455454,5,52.0,0.4337733576846942,12,148.0
4625.0,14,154.0,3.85,6.444898035005529,8,100.0,0.40041284092801366,6,80.0,0.48769499411035017,14,180.0
4630.0,13,118.0,2.6818181818181817,6.079245040175369,7,105.0,0.4050842535557082,6,81.0,0.4586067780312727,13,186.0
4635.0,12,136.0,3.022222222222222,6.76488222398637,5,70.0,0.41480196478725456,7,97.0,0.42933002358449646,12,167.0
4640.0,11,108.0,2.4545454545454546,5.960673669821852,4,70.0,0.40621907072330377,7,86.0,0.24603021481063886,11,156.0
4645.0,15,149.0,3.311111111111111,6.443326891720669,8,101.0,0.31372716692799374,7,79.0,0.2119901651428774,15,180.0
4650.0,12,147.0,3.5,6.3394000345845125,7,116.0,0.35714583032968367,5,69.0,0.31188555392848094,12,185.0
4655.0,10,181.0,4.414634146341464,7.743820094682287,5,111.0,0.460069197835029,5,86.0,0.39105132758020306,10,197.0
4660.0,11,73.0,1.825,7.254250444295105,6,49.0,0.5227533745408453,5,68.0,0.30851142023636563,11,117.0
4665.0,13,131.0,3.1951219512195124,7.118861477995472,7,63.0,0.5208999320533128,6,85.0,0.3115820026618397,13,148.0
4670.0,11,122.0,3.05,6.222830141064079,8,87.0,0.41842583915121656,3,79.0,0.46112409484213807,11,166.0
4675.0,14,159.0,3.4565217391304346,6.225016879434454,9,104.0,0.3584506615910284,5,83.0,0.46465805294218254,14,187.0
4680.0,16,154.0,3.08,5.901328579504829,13,155.0,0.22680475373488024,3,57.0,0.5909358301827655,16,212.0
4685.0,20,235.0,4.351851851851852,6.088462229511911,15,219.0,0.2836471366371639,5,47.0,0.5073530551196767,20,266.0
4690.0,18,218.0,3.963636363636364,5.880527181297128,14,242.0,0.35354955593073895,4,51.0,0.48861510498165184,18,293.0
4695.0,18,214.0,3.962962962962963,5.616720448980123,9,213.0,0.3851855297000248,9,80.0,0.33200314891044536,18,293.0
4700.0,25,243.0,4.189655172413793,4.526590092130857,14,242.0,0.3049364132331924,11,95.0,0.18674089089219334,25,337.0
4705.0,31,329.0,5.061538461538461,4.564533670811969,19,284.0,0.2727579922306189,12,140.0,0.21948766856887006,31,424.0
4710.0,27,252.0,3.8181818181818183,4.990425847420023,17,273.0,0.29162515606431605,10,156.0,0.3709737992032239,27,429.0
4715.0,25,289.0,4.313432835820896,5.854869675180164,18,295.0,0.29101237249995,7,112.0,0.4751877195504388,25,407.0
4720.0,27,305.0,4.295774647887324,5.021542716415238,20,324.0,0.16390616233991795,7,110.0,0.43790246538661465,27,434.0
4725.0,27,298.0,4.197183098591549,5.346138343023406,16,312.0,0.2176727726713428,11,136.0,0.33715671139947095,27,448.0
4730.0,27,339.0,5.059701492537314,4.143505099663096,17,344.0,0.20761337026700755,10,174.0,0.2117267039774483,27,518.0
4735.0,34,418.0,6.147058823529412,4.650138539733405,18,367.0,0.24920545675719472,16,233.0,0.19586550375882772,34,600.0
4740.0,30,378.0,5.7272727272727275,4.063107882245093,17,364.0,0.20507720611068792,13,268.0,0.27204416026070816,30,632.0
4745.0,29,416.0,6.208955223880597,4.893276772709825,19,389.0,0.17602352146886602,10,264.0,0.3737115204555593,29,653.0
4750.0,31,373.0,5.651515151515151,4.124317438339192,23,424.0,0.10893642496503278,8,217.0,0.29289226217052194,31,641.0
4755.0,27,326.0,5.174603174603175,4.603936321651892,16,401.0,0.15428453134221895,11,166.0,0.2812983191135371,27,567.0
4760.0,25,398.0,6.745762711864407,5.240122384083877,15,412.0,0.25786170628509886,10,189.0,0.31079467289518226,25,601.0
4765.0,27,464.0,7.60655737704918,4.817095631692049,14,421.0,0.24736398093256393,13,238.0,0.31299421852345927,27,659.0
4770.0,25,438.0,7.551724137931035,4.957090647878429,14,426.0,0.29882701572710174,11,258.0,0.33237924862893076,25,684.0
4775.0,24,351.0,6.051724137931035,4.496148173566727,14,398.0,0.2243398161259614,10,256.0,0.30667271657474093,24,654.0
4780.0,32,424.0,7.310344827586207,3.9110770877922363,20,371.0,0.1279112846631746,12,267.0,0.27874111631913095,32,638.0
4785.0,30,476.0,7.80327868852459,4.12207140900013,20,424.0,0.15225871817157344,10,289.0,0.2813541134239374,30,713.0
4790.0,22,356.0,6.245614035087719,5.191649056037712,11,414.0,0.2595863901815899,11,269.0,0.3376523193578556,22,683.0
4795.0,22,340.0,6.296296296296297,5.612573762063525,11,394.0,0.3401394629192383,11,210.0,0.2707612196529977,22,604.0
4800.0,20,309.0,5.618181818181818,4.242250951337077,10,372.0,0.26408725158944474,10,234.0,0.14913015399125323,20,606.0
4805.0,26,387.0,7.30188679245283,4.558139134930554,14,354.0,0.19039219873293955,12,265.0,0.2606278374271989,26,619.0
4810.0,26,358.0,6.509090909090909,4.6908280582178,15,396.0,0.15727678040006696,11,251.0,0.3257713937849497,26,647.0
4815.0,18,367.0,6.327586206896552,6.308186362583621,9,387.0,0.26438043047937,9,205.0,0.39566982399126777,18,592.0
4820.0,22,301.0,5.280701754385965,5.3008297140897405,11,361.0,0.20021703969845758,11,198.0,0.3428129381195138,22,559.0
4825.0,26,278.0,4.711864406779661,5.273406853875894,14,285.0,0.2599922027241296,12,210.0,0.27909768585213435,26,495.0
4830.0,22,298.0,5.418181818181818,4.871316352200473,12,312.0,0.3422095830971269,10,194.0,0.30814809572121615,22,506.0
4835.0,20,319.0,5.907407407407407,5.334680468046822,9,306.0,0.36523384278946586,11,180.0,0.26821464922137095,20,486.0
4840.0,23,328.0,5.963636363636364,4.172556153449813,9,297.0,0.24024370392889252,14,231.0,0.18823190243681215,23,528.0
4845.0,28,424.0,7.43859649122807,4.233341294920398,14,315.0,0.16949238443981765,14,282.0,0.24846686375916116,28,597.0
4850.0,27,397.0,7.089285714285714,4.341076482774201,15,363.0,0.21522025898171623,12,272.0,0.29173632037586733,27,635.0
4855.0,19,382.0,6.821428571428571,5.501537512079049,9,374.0,0.3108928168308989,10,220.0,0.2348827091851735,19,594.0
4860.0,20,274.0,4.724137931034483,5.199710197988048,6,276.0,0.28698563142342115,14,253.0,0.11347491169893675,20,529.0
4865.0,26,331.0,5.426229508196721,5.283119907239585,14,291.0,0.24423073603622175,12,280.0,0.21673678403159563,26,571.0
4870.0,26,415.0,6.80327868852459,5.032791134738347,16,337.0,0.3271177116928068,10,306.0,0.2790614207957324,26,643.0
4875.0,15,403.0,6.830508474576271,5.598045740096643,8,328.0,0.4154394281732169,7,292.0,0.31995140836600067,15,620.0
4880.0,18,344.0,5.548387096774194,5.931079185402173,8,222.0,0.39361279099553675,10,308.0,0.25750994029420576,18,530.0
4885.0,28,420.0,6.5625,5.3936675407660095,15,153.0,0.3338680412563242,13,355.0,0.1700306277654983,28,508.0
4890.0,29,492.0,7.935483870967742,4.911936979322474,18,214.0,0.26324134111434616,11,381.0,0.25902745410020633,29,595.0
4895.0,30,526.0,8.62295081967213,4.269073327467219,18,281.0,0.20313881303494521,12,384.0,0.33544081009435983,30,665.0
4900.0,31,562.0,8.920634920634921,3.9747725773925184,17,326.0,0.2244047831512811,14,355.0,0.3299365730164252,31,681.0
4905.0,27,529.0,7.779411764705882,4.64009637768516,15,337.0,0.29075398753839793,12,386.0,0.2899896320909904,27,723.0
4910.0,26,484.0,7.0144927536231885,4.865229557494141,15,307.0,0.2354213645156557,11,394.0,0.29824496343075885,26,701.0
4915.0,27,268.0,3.7222222222222223,4.730850582317546,18,307.0,0.19337585353681366,9,252.0,0.28967252099159463,27,559.0
4920.0,34,385.0,5.133333333333334,5.079245008241252,20,349.0,0.2542666706544809,14,207.0,0.24672979097120595,34,556.0
4925.0,27,422.0,5.702702702702703,5.2569885129539475,13,332.0,0.3564807549633353,14,252.0,0.23118498495724102,27,584.0
4930.0,24,398.0,5.102564102564102,5.497731946330822,14,325.0,0.2870443125786858,10,274.0,0.34839139747572984,24,599.0
4935.0,32,414.0,5.3076923076923075,5.379321222065708,21,341.0,0.24832834816405366,11,252.0,0.36480049185133795,32,593.0
4940.0,33,409.0,5.311688311688312,5.055255230947727,22,382.0,0.2341393777450998,11,260.0,0.34574289483986825,33,642.0
4945.0,36,475.0,6.506849315068493,3.606524891274026,22,418.0,0.21945429804812674,14,314.0,0.2316231350778202,36,732.0
4950.0,42,588.0,7.945945945945946,3.3731685504806266,25,454.0,0.15714472067369828,17,370.0,0.2635155876291547,42,824.0
4955.0,35,562.0,7.493333333333333,3.7509003433990644,20,461.0,0.17656144375938665,15,407.0,0.22392830610067507,35,868.0
4960.0,28,539.0,7.383561643835616,4.171295065524815,17,443.0,0.16131140791795978,11,417.0,0.25463033321983114,28,860.0
4965.0,31,396.0,5.142857142857143,4.126680051804601,21,441.0,0.12991586716426465,10,365.0,0.22487242777629404,31,806.0
4970.0,39,476.0,6.025316455696203,4.438507370412594,25,500.0,0.16616359921381726,14,269.0,0.2545373570287278,39,769.0
4975.0,31,555.0,7.115384615384615,5.185036058135645,17,510.0,0.29201706980514586,14,313.0,0.27797153901458577,31,823.0
4980.0,23,505.0,6.558441558441558,5.380812702908039,16,495.0,0.216353657943076,7,315.0,0.35328670394396905,23,810.0
4985.0,34,512.0,6.564102564102564,4.732607157723308,24,504.0,0.12339226932021652,10,275.0,0.33631992642334746,34,779.0
4990.0,40,484.0,6.1265822784810124,4.43979758172107,25,544.0,0.2001045181411894,15,206.0,0.2608313218637201,40,750.0
4995.0,38,436.0,5.662337662337662,3.717489611336918,23,614.0,0.160307866466525,15,250.0,0.255289287056008,38,864.0
5000.0,35,481.0,6.0886075949367084,3.878379047869374,20,661.0,0.14073074841849031,15,253.0,0.312247385148196,35,914.0
5005.0,29,411.0,4.892857142857143,4.438936570809037,15,645.0,0.13406422572786128,14,268.0,0.3108943384512881,29,913.0
5010.0,32,474.0,5.925,5.101145056682537,16,626.0,0.2390225604253916,16,301.0,0.29186343216523236,32,927.0
5015.0,40,543.0,6.7875,4.235526758874142,18,637.0,0.19661208970360633,22,371.0,0.2084892937715516,40,1008.0
5020.0,38,521.0,6.67948717948718,3.6778640484802088,19,626.0,0.1761033548130502,19,423.0,0.19566980136598286,38,1049.0
5025.0,41,475.0,5.9375,3.332744805125053,20,640.0,0.10847453086643406,21,417.0,0.22790422841384853,41,1057.0
5030.0,40,527.0,6.426829268292683,4.412510334593965,21,609.0,0.14933949036155608,19,420.0,0.3297047120538924,40,1029.0
5035.0,40,519.0,6.034883720930233,4.419881618048797,18,637.0,0.21936591258657423,22,428.0,0.32096793127721,40,1065.0
5040.0,33,413.0,4.8023255813953485,4.426200676864225,11,604.0,0.2468918410302774,22,425.0,0.24405402494481013,33,1029.0
5045.0,35,475.0,5.3977272727272725,4.276302692277005,12,583.0,0.3217648608851495,23,487.0,0.16886501834234663,35,1070.0
5050.0,37,499.0,5.606741573033708,4.700688620963112,18,549.0,0.2232567008734419,19,498.0,0.22276318462871422,37,1047.0
5055.0,46,577.0,6.709302325581396,3.743463601651965,23,608.0,0.13466841783299213,23,537.0,0.17945986338161216,46,1145.0
5060.0,41,624.0,7.703703703703703,3.619697124958813,16,619.0,0.2151051148470736,25,549.0,0.09159293736356833,41,1168.0
5065.0,43,521.0,6.5125,3.3648819162746504,16,572.0,0.26410934921022167,27,611.0,0.03811567660397742,43,1183.0
5070.0,43,605.0,7.5625,4.245765829084746,18,535.0,0.27343960319355004,25,630.0,0.13348921187201995,43,1165.0
5075.0,49,683.0,8.432098765432098,3.4941907124389906,23,537.0,0.2166783233884612,26,684.0,0.17399707519514948,49,1221.0
5080.0,38,564.0,7.139240506329114,3.996574663245939,21,491.0,0.2084628481895998,17,653.0,0.23528564360377308,38,1144.0
5085.0,36,626.0,8.025641025641026,4.013839821936807,22,533.0,0.1963706223096698,14,613.0,0.26818949390956615,36,1146.0
5090.0,38,533.0,6.580246913580247,3.701083114501637,21,516.0,0.1443510766072669,17,566.0,0.2511425449574069,38,1082.0
5095.0,34,454.0,5.675,3.953843038594081,15,483.0,0.209796888803287,19,603.0,0.23201676676017532,34,1086.0
5100.0,32,416.0,5.333333333333333,4.040388463897645,17,481.0,0.1945495077250608,15,583.0,0.17150524801953468,32,1064.0
5105.0,37,471.0,6.038461538461538,3.616738329706993,21,509.0,0.12202770860987591,16,585.0,0.15188503324749406,37,1094.0
5110.0,47,543.0,7.0519480519480515,3.5609634374938746,24,545.0,0.18690810856618573,23,626.0,0.14948057725243719,47,1171.0
5115.0,45,642.0,8.23076923076923,3.784149858056137,22,576.0,0.2651652998794647,23,660.0,0.1647308204947207,45,1236.0
5120.0,39,626.0,7.924050632911392,4.131124746557458,20,599.0,0.22795557673838196,19,642.0,0.27727536494125554,39,1241.0
5125.0,36,577.0,7.2125,3.8742263544243754,16,533.0,0.2523300155393513,20,686.0,0.187658004041791,36,1219.0
5130.0,27,559.0,6.9875,4.174229183171475,13,485.0,0.25112185672527554,14,663.0,0.12285059772030243,27,1148.0
5135.0,27,468.0,6.077922077922078,4.352786735483191,12,420.0,0.2180203470584364,15,655.0,0.15849458745607875,27,1075.0
5140.0,31,246.0,3.28,3.928261922960083,15,366.0,0.16182074180205153,16,585.0,0.190996356940409,31,951.0
5145.0,35,325.0,4.513888888888889,3.1743514618040845,17,397.0,0.15383719284993036,18,625.0,0.18661438164029054,35,1022.0
5150.0,29,350.0,5.223880597014926,3.959946078549789,15,409.0,0.2096908695315249,14,621.0,0.15308905670716383,29,1030.0
5155.0,27,437.0,6.333333333333333,4.648219506155737,13,424.0,0.2735076720109592,14,610.0,0.1442113192861814,27,1034.0
5160.0,30,547.0,8.044117647058824,4.822435411200191,14,463.0,0.23952810254849688,16,560.0,0.15771092782572974,30,1023.0
5165.0,30,470.0,7.230769230769231,3.9138777059710543,14,478.0,0.22266095696283097,16,515.0,0.13911116953087715,30,993.0
5170.0,34,520.0,8.125,4.270999816505621,14,494.0,0.28330127364817626,20,448.0,0.1999006062718906,34,942.0
5175.0,29,435.0,6.590909090909091,4.609054759360658,12,466.0,0.27558282466197087,17,472.0,0.27448370121930227,29,938.0
5180.0,26,409.0,6.104477611940299,5.442999482373936,15,417.0,0.25008364801961946,11,410.0,0.35332357959605015,26,827.0
5185.0,26,390.0,5.909090909090909,4.716044802932762,14,400.0,0.17592554360404034,12,402.0,0.32054478604750486,26,802.0
5190.0,29,367.0,5.5606060606060606,4.469184770346366,13,308.0,0.28845283565970903,16,407.0,0.18900280369780256,29,715.0
5195.0,31,372.0,5.723076923076923,3.670931281484107,12,304.0,0.30527878504783984,19,435.0,0.17322417213150032,31,739.0
5200.0,26,350.0,5.46875,4.06500610039791,10,263.0,0.25748686955404,16,438.0,0.18711558379638796,26,701.0
5205.0,23,229.0,3.3676470588235294,4.273558259492246,8,225.0,0.23294851535504266,15,402.0,0.166438191667133,23,627.0
5210.0,33,345.0,4.662162162162162,4.873512452599678,13,259.0,0.28368498154430954,20,422.0,0.1444838236786651,33,681.0
5215.0,33,423.0,5.565789473684211,5.278124389908538,12,240.0,0.4032247764261987,21,483.0,0.2259610843021756,33,723.0
5220.0,29,506.0,6.837837837837838,5.42472955094783,15,245.0,0.2872355213716015,14,478.0,0.3434925169727777,29,723.0
5225.0,32,516.0,6.7894736842105265,4.444783981049794,16,244.0,0.1446909631610397,16,500.0,0.3085288082371349,32,744.0
5230.0,29,440.0,5.569620253164557,4.920890797734344,9,213.0,0.2177549936393182,20,515.0,0.2956697184080424,29,728.0
5235.0,29,389.0,5.118421052631579,5.216404345374271,7,187.0,0.35121600589252583,22,469.0,0.26857055670172975,29,656.0
5240.0,30,250.0,3.3783783783783785,4.418426053229811,6,134.0,0.29215175118405845,24,472.0,0.17159732309424353,30,606.0
5245.0,40,401.0,5.493150684931507,3.332751434312196,12,160.0,0.19873782707382384,28,566.0,0.1259641124737641,40,726.0
5250.0,41,540.0,7.605633802816901,3.360273998428281,12,186.0,0.26386014855661083,29,659.0,0.13428409579498463,41,845.0
5255.0,32,540.0,7.826086956521739,3.4138336285542605,4,151.0,0.3861914610672156,28,726.0,0.09225072904270801,32,877.0
5260.0,27,354.0,5.057142857142857,4.093240296192803,2,99.0,0.44687720724382646,25,702.0,0.09945395188148042,27,801.0
5265.0,29,317.0,4.342465753424658,4.431931956257439,8,89.0,0.3052404648235969,21,740.0,0.18643819454866595,29,829.0
5270.0,31,307.0,4.385714285714286,4.573939871569266,11,105.0,0.2924440079987873,20,725.0,0.20485861109980075,31,830.0
5275.0,29,319.0,4.6911764705882355,4.450054852846458,5,84.0,0.3794213346105644,24,736.0,0.12285525756145678,29,820.0
5280.0,30,319.0,4.833333333333333,3.8445954271132265,5,69.0,0.3004287702908824,25,740.0,0.11176626448636111,30,809.0
5285.0,36,446.0,6.757575757575758,3.6432785086017985,11,82.0,0.19651901334109134,25,827.0,0.14704289425498215,36,909.0
5290.0,33,562.0,8.78125,4.35671927376336,9,110.0,0.3330175700970664,24,867.0,0.18568338487511216,33,977.0
5295.0,27,559.0,8.343283582089553,4.576145467091042,5,93.0,0.45222280762378175,22,868.0,0.10344786938692868,27,961.0
5300.0,22,350.0,5.223880597014926,5.1581751561842735,3,60.0,0.36009426655307125,19,752.0,0.17007391955452714,22,812.0
5305.0,23,406.0,6.246153846153846,6.008259185741639,10,80.0,0.1987875485715058,13,675.0,0.3137791209959243,23,755.0
5310.0,26,393.0,6.338709677419355,5.208125499908721,9,106.0,0.22404885441339056,17,678.0,0.23748680683108334,26,784.0
5315.0,24,304.0,5.066666666666666,5.061690559049876,5,95.0,0.3541980528896572,19,632.0,0.18654945393381672,24,727.0
5320.0,21,319.0,5.5964912280701755,4.739965494161837,4,51.0,0.4065495845857317,17,644.0,0.15296250728855088,21,695.0
5325.0,22,371.0,6.625,5.893544886167381,8,87.0,0.28127526860841184,14,592.0,0.2768234166561671,22,679.0
5330.0,20,337.0,6.480769230769231,4.497337696510585,8,116.0,0.17441249068664835,12,549.0,0.217093283896753,20,665.0
5335.0,30,437.0,8.092592592592593,4.702095419190549,13,156.0,0.2638952836066386,17,542.0,0.2379634572509244,30,698.0
5340.0,22,341.0,5.879310344827586,4.922199920322063,7,151.0,0.410409863211934,15,484.0,0.24010522456547528,22,635.0
5345.0,16,246.0,4.169491525423729,6.801508193651647,4,103.0,0.5606894680256173,12,390.0,0.2953019431921988,16,493.0
5350.0,14,162.0,2.7457627118644066,6.428914187607866,2,49.0,0.5684623455431205,12,355.0,0.24382747308964517,14,404.0
5355.0,23,176.0,2.983050847457627,5.456687521159564,11,69.0,0.3922218006482244,12,313.0,0.19085363633831678,23,382.0
5360.0,26,172.0,3.017543859649123,4.252578568060617,13,95.0,0.2579899363514059,13,309.0,0.16094817183522578,26,404.0
5365.0,23,198.0,3.473684210526316,5.128528751166908,10,115.0,0.21914889098458298,13,271.0,0.19241716381954715,23,386.0
5370.0,18,193.0,3.641509433962264,5.112887800899559,9,128.0,0.19717477377464107,9,238.0,0.17094510528383797,18,366.0
5375.0,22,217.0,4.254901960784314,5.723261926305146,12,134.0,0.18906605126931694,10,223.0,0.3046898514382203,22,357.0
5380.0,21,212.0,4.1568627450980395,5.819813046135919,12,142.0,0.3023649999256487,9,226.0,0.32182536723100474,21,368.0
5385.0,19,238.0,5.0638297872340425,5.8053548767751115,9,146.0,0.3888904048039245,10,209.0,0.31504057667802865,19,355.0
5390.0,18,203.0,4.511111111111111,4.539864320761796,8,150.0,0.32595000390235007,10,211.0,0.30873911732212267,18,361.0
5395.0,16,211.0,4.688888888888889,5.947546924542148,6,106.0,0.29553618422490535,10,219.0,0.36070548629184906,16,325.0
5400.0,12,160.0,3.5555555555555554,5.789472697046551,5,93.0,0.29453091249479074,7,190.0,0.30707741892378193,12,283.0
5405.0,16,196.0,4.0,6.862692268481136,8,108.0,0.3984937818181835,8,183.0,0.36207779259357303,16,291.0
5410.0,14,166.0,3.4583333333333335,6.672240363242956,5,118.0,0.42604070074600847,9,144.0,0.4527697241316766,14,262.0
5415.0,16,224.0,4.48,7.628671970891519,6,117.0,0.5676830845847265,10,138.0,0.4208221403604209,16,255.0
5420.0,15,208.0,4.333333333333333,5.80970498601087,6,127.0,0.44029465692066755,9,146.0,0.2359316470970009,15,273.0
5425.0,17,253.0,5.06,6.12685896583168,7,149.0,0.35632122514599535,10,142.0,0.32482205159714483,17,291.0
5430.0,16,126.0,2.625,5.678837994473078,8,70.0,0.23499420438492732,8,108.0,0.39397920406181436,16,178.0
5435.0,19,182.0,3.5686274509803924,6.199452573955178,10,116.0,0.251832381805514,9,100.0,0.47114316390992295,19,216.0
5440.0,14,153.0,2.8333333333333335,6.441850663319043,8,126.0,0.34056388232073664,6,108.0,0.475918307330897,14,234.0
5445.0,14,177.0,3.2777777777777777,7.4200307329662545,6,109.0,0.4481763131507367,8,113.0,0.45727112320546487,14,222.0
5450.0,17,111.0,2.0943396226415096,6.066015284936503,6,70.0,0.45861829352237404,11,111.0,0.2801153588651314,17,181.0
5455.0,25,212.0,3.7857142857142856,5.643905381736363,10,95.0,0.41543269719081527,15,168.0,0.17768655259165966,25,263.0
5460.0,22,201.0,3.6545454545454548,5.316819481245084,9,96.0,0.38194308988359077,13,193.0,0.28127836418825214,22,289.0
5465.0,19,231.0,4.052631578947368,6.134943428325245,10,118.0,0.31696326276767506,9,178.0,0.3931353512862458,19,296.0
5470.0,17,192.0,3.4285714285714284,5.973660143569824,10,119.0,0.28855819628630613,7,170.0,0.43595667118893683,17,289.0
5475.0,15,177.0,3.0517241379310347,6.718471577629166,7,99.0,0.38672340241557007,8,158.0,0.39458940258035974,15,257.0
5480.0,16,197.0,3.3389830508474576,5.821655405677469,6,94.0,0.33863067513811035,10,190.0,0.3124779241163659,16,284.0
5485.0,26,306.0,5.368421052631579,6.437330266977619,12,134.0,0.39601907036757006,14,248.0,0.3603346263414014,26,382.0
5490.0,21,342.0,6.0,5.23996860181105,11,154.0,0.3324039738953588,10,272.0,0.33298046334935855,21,426.0
5495.0,19,359.0,6.527272727272727,5.433943839351898,9,144.0,0.3270945033063624,10,264.0,0.23661423732271394,19,408.0
5500.0,20,244.0,4.518518518518518,4.511179107155205,11,161.0,0.20562594873811102,9,200.0,0.17075050094113042,20,361.0
5505.0,26,219.0,3.65,4.868327783225656,14,178.0,0.2088721197310372,12,147.0,0.2333152875571724,26,325.0
5510.0,21,223.0,3.912280701754386,5.105013669565804,14,229.0,0.285287769599858,7,146.0,0.40830549794586574,21,375.0
5515.0,22,288.0,4.9655172413793105,5.95336392397914,13,253.0,0.34685710017524113,9,147.0,0.43792608818532114,22,400.0
5520.0,15,231.0,3.725806451612903,5.4165985618613535,7,236.0,0.36767411945855144,8,176.0,0.24305674420994164,15,412.0
5525.0,25,320.0,5.0,5.990388485089822,13,259.0,0.38052657168911325,12,228.0,0.3079353507614749,25,487.0
5530.0,25,284.0,4.507936507936508,5.202517527260539,14,271.0,0.29340108581432056,11,221.0,0.3126419346938777,25,492.0
5535.0,22,323.0,5.47457627118644,5.101621174091122,15,286.0,0.22619392850861997,7,166.0,0.37945662041501743,22,452.0
5540.0,26,274.0,4.566666666666666,4.318093327630094,18,320.0,0.18670356268093335,8,108.0,0.31457848336830757,26,428.0
5545.0,28,327.0,5.360655737704918,4.915412743634113,19,310.0,0.22181475776037146,9,110.0,0.292520258380701,28,420.0
5550.0,26,369.0,6.15,4.9691167146323085,18,368.0,0.21407219944051822,8,132.0,0.37882551906274775,26,500.0
5555.0,24,467.0,7.532258064516129,6.102860929966885,19,425.0,0.1398507747380215,5,136.0,0.5752258036466141,24,561.0
5560.0,28,467.0,7.532258064516129,5.454296600874561,20,453.0,0.0892690008212831,8,158.0,0.5023586977856284,28,611.0
5565.0,19,267.0,4.171875,6.187295726626223,11,386.0,0.20560280369535255,8,153.0,0.4585094797932864,19,539.0
5570.0,18,263.0,4.4576271186440675,6.170678978077812,8,324.0,0.38604094115304427,10,160.0,0.25722750944549666,18,484.0
5575.0,22,247.0,4.116666666666666,5.4252621839577495,12,347.0,0.3610332598949231,10,129.0,0.2596333918698887,22,476.0
5580.0,25,243.0,4.2631578947368425,5.176664823327801,13,334.0,0.34212985586079936,12,134.0,0.3205682134285192,25,468.0
5585.0,26,220.0,3.6065573770491803,5.161371671149087,17,328.0,0.29831817410945755,9,137.0,0.3986587179266386,26,465.0
5590.0,26,279.0,4.428571428571429,4.295265398820073,14,326.0,0.22873474939428512,12,160.0,0.32182507478963984,26,486.0
5595.0,25,259.0,3.9242424242424243,4.610256438645785,13,268.0,0.2315294482048014,12,197.0,0.29179114290089225,25,465.0
5600.0,23,332.0,4.882352941176471,5.247587305713774,9,212.0,0.27395125643434753,14,213.0,0.2342529884515089,23,425.0
5605.0,18,240.0,3.582089552238806,5.570915984206491,7,212.0,0.30443474018646566,11,205.0,0.2570258403389826,18,417.0
5610.0,18,185.0,2.8461538461538463,5.544849425586815,13,223.0,0.18866340848318397,5,131.0,0.3299190836020634,18,354.0
5615.0,25,268.0,4.32258064516129,5.616643155680736,17,269.0,0.13674690331434455,8,108.0,0.42499034707561106,25,377.0
5620.0,23,312.0,5.114754098360656,5.295705106383839,12,297.0,0.17729835989281922,11,147.0,0.17199216146660518,23,444.0
5625.0,23,398.0,7.107142857142857,5.8789866713660315,9,319.0,0.3994342691501673,14,192.0,0.048029631642688385,23,511.0
5630.0,17,356.0,6.472727272727273,5.5543943292237765,7,275.0,0.3078036187175695,10,213.0,0.19116628475955144,17,488.0
5635.0,19,374.0,7.333333333333333,5.901844690367451,11,229.0,0.21896791272649344,8,217.0,0.33114548396687565,19,446.0
5640.0,20,345.0,7.666666666666667,4.900169878551263,15,268.0,0.14920603758469267,5,181.0,0.35451880609642267,20,449.0
5645.0,15,349.0,7.425531914893617,6.0448000366137125,9,266.0,0.2373448818312729,6,151.0,0.29352121723157293,15,417.0
5650.0,9,68.0,1.446808510638298,5.769158979911351,6,160.0,0.3276067990821433,3,72.0,0.24064243832405485,9,232.0
5655.0,14,111.0,2.176470588235294,6.809612285836777,9,137.0,0.3522731494811381,5,38.0,0.4871941046260246,14,175.0
5660.0,13,129.0,2.4339622641509435,7.365784600813794,10,166.0,0.4049335324217476,3,42.0,0.6172763189212249,13,208.0
5665.0,12,162.0,3.056603773584906,7.687204892572878,7,174.0,0.4236768539472226,5,43.0,0.5936230695111582,12,217.0
5670.0,17,145.0,2.685185185185185,6.156528480054562,9,151.0,0.39477456023058755,8,65.0,0.3017362683405138,17,216.0
5675.0,18,115.0,2.090909090909091,6.1241490036110875,12,126.0,0.34720362433287716,6,67.0,0.3614126052101163,18,193.0
5680.0,16,100.0,2.0,6.273976564680368,11,127.0,0.26198436267354935,5,44.0,0.5309128799551976,16,171.0
5685.0,20,140.0,2.9166666666666665,5.436590271497479,14,168.0,0.20264795185353623,6,48.0,0.4187993950186899,20,216.0
5690.0,21,186.0,3.875,4.745671657727646,13,202.0,0.22524960091895854,8,76.0,0.305339953078285,21,278.0
5695.0,17,133.0,2.8297872340425534,4.780932783463219,9,163.0,0.2834519687659455,8,93.0,0.2577589961005015,17,256.0
5700.0,21,202.0,3.9607843137254903,4.8529294179146305,10,193.0,0.313820249953874,11,120.0,0.13213803036010435,21,313.0
5705.0,20,237.0,4.5576923076923075,5.547937216415225,13,233.0,0.2637704872571504,7,120.0,0.3462362479270795,20,353.0
5710.0,19,259.0,5.285714285714286,5.410873960086056,15,264.0,0.16695325004813,4,91.0,0.49364535326160847,19,355.0
5715.0,13,221.0,4.333333333333333,5.974332340772128,10,245.0,0.12783586090894936,3,80.0,0.540672793685694,13,325.0
5720.0,16,191.0,3.7450980392156863,6.131807383592033,10,244.0,0.19658023098616337,6,53.0,0.362286703693793,16,297.0
5725.0,20,258.0,5.26530612244898,5.884827318467545,14,287.0,0.24441934427732082,6,59.0,0.3821876379117614,20,346.0
5730.0,17,305.0,6.48936170212766,6.004073168630117,11,315.0,0.26323729171627136,6,63.0,0.42403890691817625,17,378.0
5735.0,15,357.0,7.933333333333334,6.219584751813763,8,300.0,0.2732373619287389,7,96.0,0.3772587579228223,15,396.0
5740.0,16,274.0,5.829787234042553,5.728268506810962,9,245.0,0.21430281647762253,7,110.0,0.3022809850265902,16,355.0
5745.0,17,203.0,4.511111111111111,5.6767462796142505,8,169.0,0.23092600221984055,9,142.0,0.32401719379254995,17,311.0
5750.0,19,158.0,3.511111111111111,4.7618819056905215,11,187.0,0.27530724550544605,8,114.0,0.34669631623170694,19,301.0
5755.0,19,223.0,4.74468085106383,6.599882014392054,11,228.0,0.38341128148044634,8,120.0,0.44533476817186357,19,348.0
5760.0,16,234.0,4.875,5.897264481649317,11,213.0,0.3716715441137925,5,113.0,0.39405059471777854,16,326.0
5765.0,23,330.0,6.0,5.56157899302943,14,245.0,0.36427120919665584,9,127.0,0.3511716716903997,23,372.0
5770.0,20,232.0,4.0701754385964914,5.047587932620393,11,238.0,0.27981589207568835,9,120.0,0.42938304804110033,20,358.0
5775.0,14,207.0,3.6315789473684212,6.764749801891572,10,200.0,0.35356318816335974,4,68.0,0.505239703422753,14,268.0
5780.0,21,227.0,3.6031746031746033,4.909727333367634,13,226.0,0.24121323293743607,8,83.0,0.23054394683606175,21,309.0
5785.0,29,315.0,4.846153846153846,5.605576113351843,14,259.0,0.30737100240899334,15,145.0,0.23656301814255432,29,404.0
5790.0,26,250.0,4.237288135593221,4.507877580415795,12,217.0,0.2739689739582017,14,187.0,0.288236742569445,26,404.0
5795.0,25,318.0,5.3,4.545995620550537,16,210.0,0.17540018917557068,9,184.0,0.3317306331427185,25,394.0
5800.0,27,303.0,4.887096774193548,4.567514476074741,18,243.0,0.16623490949191055,9,184.0,0.30881315770854834,27,427.0
5805.0,24,312.0,4.875,5.5183080127704125,12,238.0,0.2794961710441871,12,184.0,0.29189133061636763,24,422.0
5810.0,24,223.0,3.4307692307692306,5.471548514172302,14,241.0,0.3029498871227134,10,163.0,0.22924865012992854,24,404.0
5815.0,29,317.0,4.876923076923077,5.755141013071063,16,276.0,0.33085574363307474,13,146.0,0.22219990111086707,29,422.0
5820.0,26,349.0,5.5396825396825395,4.63283979618621,15,307.0,0.25839320742725164,11,151.0,0.2823583100577904,26,458.0
5825.0,20,319.0,4.984375,5.176169250520376,16,327.0,0.1803886405773546,4,111.0,0.39214379339459937,20,438.0
5830.0,18,333.0,5.203125,5.669085323286839,15,341.0,0.2629377022005068,3,105.0,0.3654479300324688,18,446.0
5835.0,24,254.0,3.8484848484848486,5.057680245979555,15,372.0,0.23505753073785307,9,130.0,0.2726125844615244,24,502.0
5840.0,33,303.0,4.590909090909091,3.8930403948643804,22,344.0,0.14629337683909044,11,143.0,0.31488105539071265,33,487.0
5845.0,28,309.0,4.681818181818182,4.475431615858916,20,391.0,0.1816531475497492,8,128.0,0.4045718842009556,28,519.0
5850.0,28,369.0,5.3478260869565215,4.777450440631548,21,434.0,0.19910386684073778,7,145.0,0.3803173474811847,28,579.0
5855.0,32,427.0,5.77027027027027,4.902513664597141,20,472.0,0.23332535816704214,12,168.0,0.32959504921635563,32,640.0
5860.0,29,407.0,5.732394366197183,5.3272424861431,17,460.0,0.3085747821437509,12,200.0,0.2792089483981873,29,660.0
5865.0,28,376.0,5.222222222222222,4.595847972350243,17,475.0,0.2013953848141541,11,211.0,0.27259156250338235,28,686.0
5870.0,28,350.0,4.929577464788732,4.4013800945989665,21,465.0,0.15340908369169465,7,148.0,0.2649811104778206,28,613.0
5875.0,38,461.0,6.402777777777778,4.482452110435236,25,559.0,0.21598317884382812,13,176.0,0.24623357582828806,38,735.0
5880.0,36,589.0,8.53623188405797,4.408801432321261,22,633.0,0.206059226102625,14,230.0,0.30856873537359997,36,863.0
5885.0,33,636.0,9.352941176470589,3.337317539798874,22,657.0,0.09760885162113812,11,249.0,0.2762707683613439,33,906.0
5890.0,27,596.0,8.764705882352942,3.632422637566156,19,628.0,0.09397725911513637,8,246.0,0.230054147634543,27,874.0
5895.0,33,607.0,8.549295774647888,3.9568236138046116,18,614.0,0.17279147172127926,15,256.0,0.17175284576664837,33,870.0
5900.0,34,511.0,7.097222222222222,4.453089098241122,18,555.0,0.25448786653853117,16,309.0,0.2137897612772681,34,864.0
5905.0,28,452.0,6.457142857142857,4.185937041463896,16,509.0,0.22418149454870492,12,328.0,0.2736925856909404,28,837.0
5910.0,24,485.0,6.830985915492958,4.820813911690261,15,523.0,0.2302017525352722,9,338.0,0.3499321927479933,24,861.0
5915.0,23,457.0,6.260273972602739,5.27906219530744,11,482.0,0.2500323179068867,12,336.0,0.30179882716717066,23,818.0
5920.0,28,526.0,7.408450704225352,4.581058615258594,13,490.0,0.18340115322024123,15,352.0,0.24211898755178188,28,842.0
5925.0,35,629.0,9.530303030303031,3.5911589324202065,18,470.0,0.1030512212745379,17,407.0,0.19977450251070633,35,877.0
5930.0,29,558.0,8.584615384615384,3.7594884891150873,17,442.0,0.11276040371741808,12,431.0,0.2518714832834863,29,873.0
5935.0,30,399.0,6.138461538461539,4.2134520952721175,19,439.0,0.08001457621416701,11,313.0,0.2514518539149615,30,752.0
5940.0,32,455.0,7.0,4.963722871456696,17,481.0,0.17606702577540595,15,241.0,0.2949538353819972,32,722.0
5945.0,28,423.0,6.609375,4.89736684729807,11,445.0,0.2739614266330295,17,284.0,0.2012360534762297,28,729.0
5950.0,28,331.0,5.253968253968254,4.430164781931927,11,385.0,0.27155949260345363,17,301.0,0.1768831397907416,28,686.0
5955.0,30,374.0,6.032258064516129,4.332798699831033,14,384.0,0.27433676304614246,16,336.0,0.189943552809501,30,720.0
5960.0,27,327.0,5.360655737704918,4.3007514802126225,17,394.0,0.19174666568962534,10,299.0,0.2666323330006688,27,693.0
5965.0,25,293.0,4.725806451612903,4.102257021998088,16,362.0,0.14186512089883663,9,307.0,0.2697539849030309,25,669.0
5970.0,32,337.0,5.184615384615385,3.7675499587071077,14,359.0,0.16976725526108838,18,321.0,0.23674474739863235,32,680.0
5975.0,24,293.0,4.507692307692308,4.597172410567174,9,300.0,0.2674924408761981,15,345.0,0.28884230530047117,24,645.0
5980.0,17,329.0,5.222222222222222,5.716197122158111,7,245.0,0.31993469871391256,10,324.0,0.33598641909458843,17,569.0
5985.0,20,317.0,5.112903225806452,5.496724697515276,8,201.0,0.23236479980479935,12,334.0,0.34623304851903713,20,535.0
5990.0,32,367.0,5.825396825396825,4.363648242221273,14,222.0,0.256290340342152,18,347.0,0.23469664637265752,32,569.0
5995.0,32,498.0,8.03225806451613,3.661465308480362,16,299.0,0.2224168503783135,16,399.0,0.24653154439707345,32,698.0
6000.0,31,568.0,9.466666666666667,4.071310836570176,14,314.0,0.2089145963281923,17,432.0,0.250543540951448,31,746.0
6005.0,24,351.0,5.661290322580645,4.492082021537251,8,257.0,0.20131562606880718,16,378.0,0.17484173670184092,24,635.0
6010.0,26,332.0,4.955223880597015,5.275337651429236,9,225.0,0.272197399654254,17,313.0,0.16674703897336748,26,538.0
6015.0,31,376.0,5.7846153846153845,5.600727028202177,13,244.0,0.3951071497851062,18,357.0,0.2007105868567145,31,601.0
6020.0,25,336.0,5.419354838709677,5.1024902031423665,10,246.0,0.35216810586441577,15,360.0,0.2721719674438693,25,606.0
6025.0,23,348.0,5.898305084745763,4.387658311232793,8,204.0,0.2939406523083926,15,386.0,0.2273380666737779,23,590.0
6030.0,27,281.0,4.683333333333334,4.15853512207583,10,187.0,0.2936616571056884,17,407.0,0.1529397723884466,27,594.0
6035.0,30,284.0,4.580645161290323,4.015528699658366,14,173.0,0.28752075772011143,16,432.0,0.1482879337293906,30,605.0
6040.0,27,313.0,5.131147540983607,4.453822263653935,13,203.0,0.24289346781387577,14,404.0,0.2343898167829851,27,607.0
6045.0,21,299.0,5.155172413793103,4.853313387792023,8,206.0,0.2559217155370466,13,374.0,0.2665492111717681,21,580.0
6050.0,21,278.0,4.633333333333334,5.007497005886251,7,177.0,0.30516973482613025,14,400.0,0.1949594556426003,21,577.0
6055.0,28,341.0,5.779661016949152,5.310258638532413,11,170.0,0.33643299963656287,17,423.0,0.17661733529026843,28,593.0
6060.0,27,362.0,6.033333333333333,4.908575627291939,11,198.0,0.30336347959781795,16,387.0,0.24151989178932276,27,585.0
6065.0,23,375.0,6.696428571428571,5.020008880867557,8,192.0,0.3249307650917421,15,400.0,0.30315716036294016,23,592.0
6070.0,24,289.0,5.254545454545455,4.45313721486114,10,190.0,0.3105293718467722,14,357.0,0.23613694348286707,24,547.0
6075.0,23,246.0,4.169491525423729,4.670088980457079,9,169.0,0.36722358726569515,14,370.0,0.19922503988484658,23,539.0
6080.0,21,190.0,3.1666666666666665,5.227509065710859,11,184.0,0.2685736545070251,10,326.0,0.3110966704255322,21,510.0
6085.0,19,235.0,3.7903225806451615,5.925314410163342,8,185.0,0.2844281553795573,11,331.0,0.3389379376403596,19,516.0
6090.0,23,324.0,5.311475409836065,6.270321496836851,9,205.0,0.3111456271702055,14,326.0,0.31116153470425495,23,531.0
6095.0,25,374.0,6.448275862068965,5.399987406159721,9,214.0,0.4024774398743573,16,345.0,0.22712341248701157,25,559.0
6100.0,22,428.0,7.642857142857143,5.221717900379689,7,202.0,0.33287141871622655,15,341.0,0.23088134230525453,22,543.0
6105.0,23,315.0,5.7272727272727275,4.527814792458109,8,164.0,0.16358122518814533,15,337.0,0.26410297674480987,23,501.0
6110.0,23,372.0,6.526315789473684,5.9805952133978995,10,159.0,0.285481773216653,13,340.0,0.410934095246641,23,499.0
6115.0,19,308.0,5.703703703703703,5.818068577147978,7,173.0,0.4448813994195728,12,285.0,0.3434373423385088,19,458.0
6120.0,20,319.0,5.907407407407407,5.88330193556331,6,158.0,0.4759894389603645,14,240.0,0.24465819735199706,20,398.0
6125.0,24,293.0,5.051724137931035,4.471498284041486,6,142.0,0.37484072431233884,18,264.0,0.11781310764718883,24,406.0
6130.0,26,315.0,5.431034482758621,5.438633564281783,8,158.0,0.46688041590613916,18,302.0,0.2057312424980889,26,460.0
6135.0,23,244.0,4.206896551724138,4.931791706024712,7,92.0,0.44297716135244775,16,334.0,0.22438170572478633,23,426.0
6140.0,24,265.0,4.416666666666667,5.244577872046595,12,122.0,0.35367778169133535,12,339.0,0.27108665952002575,24,461.0
6145.0,25,289.0,4.587301587301587,3.9371188491618443,12,150.0,0.27714939706738717,13,351.0,0.18139352046915566,25,501.0
6150.0,24,326.0,4.9393939393939394,4.860863713080349,8,134.0,0.30842339801109087,16,355.0,0.2014623038612064,24,489.0
6155.0,25,383.0,6.17741935483871,5.135656781842161,10,156.0,0.36529278131584114,15,388.0,0.22484339926690658,25,544.0
6160.0,24,433.0,6.661538461538462,5.240440060235511,13,178.0,0.2152967473790605,11,380.0,0.2784142935306337,24,558.0
6165.0,27,381.0,6.145161290322581,4.3521266270705885,15,176.0,0.17393363241490672,12,366.0,0.276439573155093,27,542.0
6170.0,34,455.0,7.0,4.671587675227131,18,239.0,0.23412916606895995,16,363.0,0.21718992915099997,34,602.0
6175.0,33,367.0,5.919354838709677,4.011829976124928,14,268.0,0.27807121775548194,19,331.0,0.18742073006567533,33,599.0
6180.0,28,405.0,6.532258064516129,4.352725578174075,8,245.0,0.35592110799090015,20,355.0,0.1537540392439614,28,600.0
6185.0,25,351.0,5.754098360655738,4.140694382782047,7,208.0,0.29417191919800095,18,398.0,0.12696262023816307,25,606.0
6190.0,26,331.0,5.253968253968254,4.704941017671198,14,202.0,0.15730562407128962,12,382.0,0.21311857664590772,26,584.0
6195.0,26,323.0,5.126984126984127,4.904644310047472,15,230.0,0.12347949494514272,11,364.0,0.2668639867726105,26,594.0
6200.0,18,223.0,3.6557377049180326,6.017870844412099,7,199.0,0.2954956415744698,11,347.0,0.282993801401614,18,546.0
6205.0,19,198.0,3.3559322033898304,5.4070275724453225,9,183.0,0.3577611344530924,10,348.0,0.2035131157614237,19,531.0
6210.0,20,195.0,3.3620689655172415,5.500697054118768,10,158.0,0.26284306918219125,10,320.0,0.2529843053092659,20,478.0
6215.0,25,249.0,4.527272727272727,4.426258271642364,12,179.0,0.12253756611625181,13,329.0,0.2532311167382217,25,508.0
6220.0,20,284.0,5.2592592592592595,5.70553883274823,9,159.0,0.26253119082178306,11,296.0,0.2882507193876855,20,455.0
6225.0,19,271.0,5.018518518518518,4.473708949510202,9,161.0,0.23995694611102705,10,297.0,0.1899017559644938,19,458.0
6230.0,21,332.0,5.824561403508772,6.321607135982576,11,185.0,0.32509565859842526,10,290.0,0.30216676812302146,21,475.0
6235.0,20,367.0,6.796296296296297,5.805736795676157,9,186.0,0.34640208300216657,11,316.0,0.2773145336500242,20,502.0
6240.0,21,438.0,7.821428571428571,6.1088536526203585,12,215.0,0.33538175866647696,9,339.0,0.3592110086015154,21,554.0
6245.0,19,376.0,7.09433962264151,5.171416312818915,10,202.0,0.3365220400281974,9,306.0,0.3489838911049816,19,508.0
6250.0,23,427.0,7.763636363636364,5.3823438289476195,9,168.0,0.3911973224559524,14,355.0,0.3050488643852786,23,523.0
6255.0,23,247.0,4.574074074074074,4.8322709690358705,7,130.0,0.41374531247676155,16,302.0,0.18344577035869927,23,432.0
6260.0,25,262.0,4.440677966101695,5.26871796229534,7,72.0,0.4380356189711258,18,269.0,0.17129140685577374,25,341.0
6265.0,25,281.0,4.60655737704918,5.240903561380292,9,95.0,0.41437268046060194,16,294.0,0.21784267615440675,25,389.0
6270.0,24,272.0,4.459016393442623,5.354286988189531,13,152.0,0.3651326446002678,11,254.0,0.24089077655423985,24,406.0
6275.0,23,275.0,4.661016949152542,4.738828091156934,14,186.0,0.21915496650330424,9,233.0,0.3054621542657683,23,419.0
6280.0,20,240.0,4.137931034482759,4.813390922056369,11,191.0,0.22011996468284495,9,183.0,0.29713954030687245,20,374.0
6285.0,20,219.0,3.65,4.555313068088839,11,186.0,0.22555700326247685,9,209.0,0.2053823403443929,20,395.0
6290.0,29,305.0,5.0,4.847743716183096,16,219.0,0.3257729451237602,13,232.0,0.14200166343975512,29,451.0
6295.0,27,335.0,5.491803278688525,4.744220240332649,14,264.0,0.31913091869275284,13,250.0,0.2015893834011616,27,514.0
6300.0,26,381.0,6.0476190476190474,5.23462487180362,17,306.0,0.2662662310248507,9,220.0,0.3133970522176145,26,526.0
6305.0,22,343.0,5.532258064516129,5.025502107764061,17,344.0,0.23611630091948835,5,181.0,0.3737015699324149,22,525.0
6310.0,25,351.0,5.2388059701492535,5.835895312835354,14,328.0,0.35344410544056526,11,204.0,0.24821075708768184,25,532.0
6315.0,23,306.0,4.636363636363637,5.237391245257085,14,323.0,0.307525296650163,9,221.0,0.28012029771649666,23,544.0
6320.0,26,316.0,4.7164179104477615,5.634675600329891,20,299.0,0.21227634529423017,6,213.0,0.427365866762616,26,512.0
6325.0,30,333.0,5.123076923076923,4.413122320935783,23,349.0,0.11856683886026918,7,158.0,0.3763359522318607,30,507.0
6330.0,22,323.0,5.126984126984127,5.619731692178679,17,378.0,0.19817691115252414,5,90.0,0.4219277393209372,22,468.0
6335.0,27,351.0,5.85,4.827337607831319,18,403.0,0.19827626420487737,9,78.0,0.284080432601242,27,481.0
6340.0,26,289.0,4.661290322580645,4.703294451681614,19,420.0,0.1822936203423281,7,87.0,0.3323206579107002,26,507.0
6345.0,24,306.0,5.1,5.368396314189124,18,443.0,0.21720848915495516,6,84.0,0.47835796766389443,24,527.0
6350.0,22,331.0,5.807017543859649,5.500199053523727,17,481.0,0.21510807913638272,5,96.0,0.5631281338624441,22,577.0
6355.0,21,363.0,6.6,4.298200364141728,12,475.0,0.225647092489853,9,120.0,0.20967962944120136,21,595.0
6360.0,26,274.0,4.724137931034483,3.7214616891701313,17,446.0,0.16699952441582047,9,99.0,0.1113181003587366,26,545.0
6365.0,30,379.0,6.423728813559322,4.460964239714356,19,474.0,0.19347315393908576,11,136.0,0.2959375308798276,30,610.0
6370.0,28,379.0,6.5344827586206895,4.846105368009923,21,522.0,0.23619016903930729,7,140.0,0.37217177527768697,28,662.0
6375.0,22,359.0,6.084745762711864,5.450557989868068,20,528.0,0.24693949787452732,2,102.0,0.4467800771545657,22,630.0
6380.0,21,328.0,5.559322033898305,4.522092511843586,19,570.0,0.12876816986354928,2,57.0,0.4161452983220175,21,627.0
6385.0,25,332.0,5.928571428571429,4.813208299617826,19,580.0,0.11325028058067933,6,53.0,0.38337839660862694,25,633.0
6390.0,21,293.0,5.051724137931035,4.232828024373878,14,559.0,0.18298258980078605,7,64.0,0.23817351992573355,21,623.0
6395.0,16,168.0,2.9473684210526314,5.477446253508023,13,507.0,0.21659275910489,3,47.0,0.36629408638368954,16,554.0
6400.0,19,179.0,3.086206896551724,5.249864347940495,14,541.0,0.2389695081307293,5,61.0,0.3768324593603554,19,602.0
6405.0,26,271.0,4.672413793103448,5.722410464927017,18,593.0,0.21910375785291591,8,100.0,0.4917878186451923,26,693.0
6410.0,23,295.0,5.086206896551724,5.026260777636726,18,625.0,0.25494808577128447,5,108.0,0.4383719054267955,23,733.0
6415.0,17,265.0,4.344262295081967,5.903743009588956,12,591.0,0.2683363833923752,5,81.0,0.4038580735313918,17,672.0
6420.0,18,277.0,4.540983606557377,6.019099858743223,13,565.0,0.18471908885421143,5,85.0,0.42714038490209183,18,650.0
6425.0,22,309.0,4.828125,5.5244578983424635,15,489.0,0.1507765885327268,7,117.0,0.4363180706434623,22,606.0
6430.0,21,222.0,3.46875,5.140637982791501,14,442.0,0.20891911884685813,7,138.0,0.4126228260215171,21,580.0
6435.0,23,303.0,5.05,5.643576394648658,17,435.0,0.18889109888381264,6,142.0,0.494711393092163,23,577.0
6440.0,24,265.0,4.274193548387097,4.813188109285496,17,450.0,0.13849844487822677,7,94.0,0.4033019892953991,24,544.0
6445.0,24,263.0,3.925373134328358,5.757084038512045,16,411.0,0.1667890365048907,8,120.0,0.4240516778014542,24,531.0
6450.0,22,250.0,3.90625,5.690186497794075,14,422.0,0.21958455463092058,8,121.0,0.3960593021708238,22,543.0
6455.0,29,371.0,5.621212121212121,5.448225683121006,15,465.0,0.3288967261778871,14,170.0,0.3354001699810219,29,635.0
6460.0,27,457.0,7.030769230769231,4.978998133118208,14,508.0,0.34678683471404764,13,229.0,0.35893009919803676,27,737.0
6465.0,30,551.0,8.476923076923077,4.791921670739266,15,547.0,0.3403075204827636,15,280.0,0.33356212637108346,30,827.0
6470.0,38,511.0,7.197183098591549,4.082071742271923,19,522.0,0.2300024133002229,19,259.0,0.2907540699429631,38,781.0
6475.0,33,455.0,6.148648648648648,4.444811434730698,16,476.0,0.2481298029201518,17,314.0,0.28814795131371423,33,790.0
6480.0,39,401.0,5.207792207792208,3.7724765493050296,18,460.0,0.23776773639074728,21,332.0,0.24190390729570208,39,792.0
6485.0,30,270.0,3.5526315789473686,4.219780756637841,13,406.0,0.23324170672913877,17,288.0,0.2377127423378214,30,694.0
6490.0,24,286.0,3.6666666666666665,4.400379922334193,13,401.0,0.18064289291506783,11,314.0,0.23083494904063925,24,715.0
6495.0,30,351.0,4.3875,4.851673483835838,11,396.0,0.2773871513587276,19,360.0,0.17263797241944356,30,756.0
6500.0,38,475.0,6.1688311688311686,4.283274642760861,15,429.0,0.26970420884897567,23,420.0,0.1718680846999454,38,849.0
6505.0,33,543.0,7.337837837837838,4.6359382396642355,17,444.0,0.2232939327982882,16,432.0,0.2638006603695462,33,876.0
6510.0,33,573.0,7.743243243243243,4.187920374062005,16,390.0,0.1381893974341292,17,468.0,0.2728997465369393,33,858.0
6515.0,35,587.0,8.04109589041096,4.063502704147123,17,427.0,0.1882576583117414,18,486.0,0.23323990821322996,35,913.0
6520.0,31,593.0,8.013513513513514,4.1290309514809795,10,396.0,0.2872092913520758,21,543.0,0.19964763469570002,31,939.0
6525.0,24,466.0,5.9743589743589745,4.267952956057019,8,315.0,0.27901855905228856,16,556.0,0.15054245031956345,24,871.0
6530.0,30,422.0,5.410256410256411,5.1006661320448385,11,283.0,0.3446537339181926,19,534.0,0.19425073552688674,30,817.0
6535.0,35,376.0,4.7594936708860756,5.022577739312489,13,295.0,0.34210030311404105,22,531.0,0.207713424659738,35,826.0
6540.0,31,414.0,5.52,4.151292444656625,8,261.0,0.3101225665933088,23,589.0,0.15349518352891495,31,850.0
6545.0,32,464.0,6.1866666666666665,4.045189951482668,8,280.0,0.3266268388118121,24,617.0,0.08904632667213276,32,897.0
6550.0,39,475.0,6.506849315068493,3.789948899094299,14,331.0,0.3147910081447331,25,653.0,0.08750393074544663,39,984.0
6555.0,42,563.0,7.712328767123288,3.7645018978118525,16,340.0,0.25385676026362475,26,661.0,0.13662099154503668,42,1001.0
6560.0,42,636.0,8.25974025974026,3.371036771925419,19,396.0,0.20584671664763285,23,697.0,0.16889021964641626,42,1093.0
6565.0,36,511.0,7.0,4.185500229377529,21,437.0,0.19230277386489983,15,649.0,0.3099970927226036,36,1086.0
6570.0,24,420.0,5.7534246575342465,4.152086988468671,12,417.0,0.1793333650272409,12,628.0,0.23224662029921536,24,1045.0
6575.0,24,379.0,5.121621621621622,4.474304816627613,9,406.0,0.26392814460640796,15,567.0,0.11777689376692316,24,973.0
6580.0,29,343.0,4.698630136986301,4.79139942919087,10,322.0,0.29266243908869066,19,577.0,0.13002400316292242,29,899.0
6585.0,27,343.0,4.763888888888889,4.440794534204574,13,257.0,0.19012205081491304,14,513.0,0.23265653521469665,27,770.0
6590.0,29,432.0,5.76,4.545933457683833,16,289.0,0.2097322843062445,13,534.0,0.29639128401296483,29,823.0
6595.0,27,492.0,6.739726027397261,5.305077074695855,10,297.0,0.3648900144993211,17,574.0,0.25883267715640595,27,871.0
6600.0,29,449.0,6.236111111111111,3.9806862705697674,7,250.0,0.4003244672601699,22,601.0,0.07223580444594438,29,851.0
6605.0,30,512.0,7.211267605633803,4.24989654520669,13,208.0,0.24516658303838937,17,617.0,0.19090043488609715,30,825.0
6610.0,30,510.0,7.285714285714286,4.371568755082062,16,244.0,0.0908434408066403,14,613.0,0.31554392484693206,30,857.0
6615.0,31,598.0,9.06060606060606,4.413783063078527,11,255.0,0.21178270999374438,20,633.0,0.17893693454856802,31,888.0
6620.0,31,522.0,8.15625,4.131996828738691,7,203.0,0.35362437676722935,24,658.0,0.06555543072594831,31,861.0
6625.0,35,478.0,7.46875,4.076245489464494,12,188.0,0.32208734737841865,23,607.0,0.16201576326568565,35,795.0
6630.0,32,549.0,8.446153846153846,3.432807151176381,12,232.0,0.2671551844414384,20,662.0,0.19232065998044445,32,894.0
6635.0,25,499.0,8.180327868852459,4.571496932217816,9,227.0,0.35320187707463274,16,654.0,0.19098413378727574,25,881.0
6640.0,21,424.0,6.838709677419355,4.696711606907111,8,240.0,0.28370818726702357,13,595.0,0.21495803920385917,21,835.0
6645.0,26,338.0,5.28125,4.6890795291968725,12,262.0,0.1626457217480162,14,535.0,0.28542549802871975,26,797.0
6650.0,26,216.0,3.540983606557377,4.098328688294918,13,198.0,0.24476161982891217,13,549.0,0.2872562393262939,26,747.0
6655.0,23,278.0,4.483870967741935,4.593020352156378,13,174.0,0.2781437699737018,10,506.0,0.23958757663408817,23,680.0
6660.0,29,313.0,4.742424242424242,4.22692080035893,13,182.0,0.240903337507705,16,523.0,0.20192137613686675,29,705.0
6665.0,25,286.0,4.085714285714285,4.88731561632726,5,145.0,0.3424111647939221,20,516.0,0.14855779103143069,25,661.0
6670.0,23,323.0,4.82089552238806,5.516582969250175,3,81.0,0.4639184295954822,20,560.0,0.2037286722435644,23,641.0
6675.0,30,398.0,5.685714285714286,4.989859877340091,10,98.0,0.38741142162107356,20,606.0,0.2171511102474318,30,704.0
6680.0,22,374.0,5.420289855072464,4.798563737387645,10,135.0,0.3471525409964371,12,585.0,0.22505877804488647,22,720.0
6685.0,29,353.0,5.042857142857143,4.599439173158195,11,160.0,0.31823086847724386,18,572.0,0.1670625127307859,29,732.0
6690.0,35,438.0,5.918918918918919,4.270386867282195,12,156.0,0.34895708181910773,23,630.0,0.1072931582813791,35,786.0
6695.0,28,473.0,6.47945205479452,4.8644145643431225,7,121.0,0.4047723978918785,21,697.0,0.1429454710530663,28,818.0
6700.0,28,528.0,7.232876712328767,5.157582398420463,12,155.0,0.33555235446849097,16,698.0,0.22360193870782166,28,853.0
6705.0,28,574.0,7.972222222222222,5.110390655567922,16,204.0,0.1990497342370386,12,684.0,0.26300573056180404,28,888.0
6710.0,35,564.0,7.621621621621622,4.84455007798418,19,266.0,0.14004573651303778,16,686.0,0.28748981683489166,35,952.0
6715.0,34,472.0,6.647887323943662,4.479644254445876,18,309.0,0.1505934080232386,16,597.0,0.31233558732832933,34,906.0
6720.0,26,300.0,4.166666666666667,4.429147135215669,11,317.0,0.26384442578632883,15,448.0,0.2837579941149456,26,765.0
6725.0,28,300.0,4.0,4.355655550794748,7,247.0,0.3448291534547692,21,493.0,0.20908381557097047,28,740.0
6730.0,33,422.0,5.702702702702703,5.0440948110747446,10,235.0,0.37057616674104865,23,524.0,0.18550636496435371,33,759.0
6735.0,33,453.0,6.205479452054795,4.6168846341217495,11,261.0,0.3280099215525582,22,559.0,0.1560618431530488,33,820.0
6740.0,28,360.0,4.864864864864865,4.456331027551326,11,261.0,0.23867389581265577,17,534.0,0.15503713028523677,28,795.0
6745.0,32,374.0,5.3428571428571425,4.221887448696914,14,300.0,0.20379864535246173,18,556.0,0.1993212812395556,32,856.0
6750.0,32,468.0,6.591549295774648,4.551660385358845,11,325.0,0.2953595848782731,21,607.0,0.1730994900433111,32,932.0
6755.0,34,483.0,6.9,4.029770909182857,10,319.0,0.2893671158551166,24,603.0,0.1337957951566816,34,922.0
6760.0,41,596.0,8.277777777777779,4.08419328122973,18,385.0,0.26840147292938926,23,575.0,0.13001302389408873,41,960.0
6765.0,40,709.0,9.453333333333333,4.082458060195568,17,418.0,0.29444648487229813,23,632.0,0.13029321947782718,40,1050.0
6770.0,38,683.0,9.757142857142858,3.6043861269921824,16,465.0,0.2885559486383949,22,670.0,0.17136404732225308,38,1135.0
6775.0,34,477.0,6.534246575342466,3.0992996310528467,17,395.0,0.18128976976296088,17,663.0,0.2211559903569813,34,1058.0
6780.0,36,403.0,5.10126582278481,4.004130442666222,22,424.0,0.11346903698830477,14,548.0,0.2902478390412579,36,972.0
6785.0,33,421.0,5.397435897435898,4.649267544557142,22,472.0,0.10949938387412439,11,463.0,0.3736107572030089,33,935.0
6790.0,27,313.0,3.962025316455696,5.174814205976431,13,425.0,0.19421299646160384,14,481.0,0.2921724274764611,27,906.0
6795.0,26,321.0,4.397260273972603,4.085888992292483,8,368.0,0.29813212939264006,18,519.0,0.10588464803679055,26,887.0
6800.0,31,387.0,5.375,4.175723459960137,10,313.0,0.3246776576290507,21,517.0,0.0828799103081595,31,830.0
6805.0,29,399.0,5.782608695652174,4.090215868582903,11,309.0,0.20438995817395555,18,529.0,0.15630625769517031,29,838.0
6810.0,35,384.0,5.731343283582089,3.5689845261697397,16,344.0,0.13130505232312556,19,545.0,0.17405611760045356,35,889.0
6815.0,37,435.0,6.304347826086956,3.7481620062629277,17,366.0,0.21412963220601028,20,558.0,0.17486093574521266,37,924.0
6820.0,39,523.0,7.4714285714285715,3.275053938754988,17,376.0,0.21102214689388074,22,626.0,0.20128481075904783,39,1002.0
6825.0,26,486.0,7.043478260869565,4.856755796790128,8,317.0,0.35858250759556526,18,646.0,0.22605326497456227,26,963.0
6830.0,21,314.0,4.361111111111111,4.741667145723288,4,258.0,0.340036148551265,17,593.0,0.192453653091111,21,851.0
6835.0,30,400.0,5.47945205479452,5.0440077540289625,10,279.0,0.2682699225812177,20,590.0,0.2685231832773753,30,869.0
6840.0,39,507.0,7.242857142857143,3.8832712979309014,15,295.0,0.2569592987545138,24,651.0,0.23555965074885893,39,946.0
6845.0,32,580.0,8.169014084507042,3.9114320821820376,9,285.0,0.2590205830230768,23,685.0,0.18172207101409943,32,970.0
6850.0,33,567.0,8.1,3.858427243679612,8,212.0,0.27339716004412545,25,747.0,0.13076250752038526,33,959.0
6855.0,30,560.0,7.5675675675675675,4.435737641056911,12,167.0,0.14128279160494472,18,752.0,0.18639527253480523,30,919.0
6860.0,32,515.0,7.152777777777778,4.110411568682014,14,193.0,0.09612619067962933,18,721.0,0.2506665514418761,32,914.0
6865.0,27,305.0,4.066666666666666,4.696083153291183,9,183.0,0.2684795515740295,18,633.0,0.20903838933968721,27,816.0
6870.0,25,312.0,4.394366197183099,5.425690351902813,6,182.0,0.4933405102812357,19,651.0,0.20259284132540814,25,833.0
6875.0,30,291.0,4.041666666666667,4.828108208526216,7,144.0,0.39875476028858325,23,715.0,0.17662596588586457,30,859.0
6880.0,35,376.0,5.449275362318841,3.60325055962225,11,157.0,0.3120215207987624,24,763.0,0.11765890425633607,35,920.0
6885.0,35,339.0,4.913043478260869,3.7131171119414907,12,171.0,0.22955997214668128,23,758.0,0.16505904053913006,35,929.0
6890.0,33,423.0,6.042857142857143,3.8780168824652255,13,210.0,0.18464056291459632,20,759.0,0.17892938846195452,33,969.0
6895.0,34,433.0,5.697368421052632,4.505820843911718,13,236.0,0.282190506084309,21,696.0,0.20320105033323807,34,932.0
6900.0,26,357.0,4.824324324324325,4.818767528710728,4,183.0,0.4529566161052093,22,747.0,0.19714706196651838,26,930.0
6905.0,32,376.0,5.1506849315068495,4.422773580165466,6,114.0,0.45057591223301513,26,781.0,0.15861874126738656,32,895.0
6910.0,39,391.0,5.144736842105263,4.019912669120737,11,158.0,0.33443609417051423,28,844.0,0.16953378100231195,39,1002.0
6915.0,44,549.0,7.52054794520548,3.566951567558663,13,198.0,0.3087743903788657,31,926.0,0.14293289931277262,44,1124.0
6920.0,42,626.0,8.575342465753424,3.915861789400888,11,214.0,0.35137051101790084,31,979.0,0.12286695821734057,42,1193.0
6925.0,35,489.0,6.791666666666667,3.585989421743617,11,202.0,0.15541264157381587,24,914.0,0.14845718016586498,35,1116.0
6930.0,25,412.0,5.5675675675675675,4.402557144892984,9,151.0,0.1505496789661072,16,843.0,0.1703001873547327,25,994.0
6935.0,23,447.0,6.295774647887324,5.639040329470399,7,142.0,0.38487811812094713,16,801.0,0.19370926690035145,23,943.0
6940.0,25,368.0,5.333333333333333,4.744619059227444,7,144.0,0.36310529038237127,18,732.0,0.14554162314079463,25,876.0
6945.0,33,333.0,4.897058823529412,4.349327810128951,10,165.0,0.36063478689386297,23,748.0,0.15124827074500882,33,913.0
6950.0,31,315.0,4.921875,4.061832388834953,9,120.0,0.3137540958298315,22,754.0,0.19285492394164858,31,874.0
6955.0,35,411.0,6.2272727272727275,3.8945795841196436,12,166.0,0.2458198501455568,23,766.0,0.21587829604929082,35,932.0
6960.0,26,347.0,5.421875,4.275526055006038,10,181.0,0.26727766246168666,16,688.0,0.23929046828134717,26,869.0
6965.0,30,421.0,6.378787878787879,4.367754012116843,14,226.0,0.173092361444102,16,653.0,0.232222106872785,30,879.0
6970.0,29,359.0,5.202898550724638,4.565154878069338,10,219.0,0.3050527967429596,19,604.0,0.1978935448826457,29,823.0
6975.0,27,316.0,4.579710144927536,4.796474966904772,5,137.0,0.4295731016689604,22,618.0,0.1967086516740608,27,755.0
6980.0,23,374.0,5.582089552238806,5.479995854995711,6,88.0,0.47411173016444935,17,580.0,0.19469847261768258,23,668.0
6985.0,22,291.0,4.343283582089552,5.67235345265329,5,83.0,0.4508117312653545,17,552.0,0.19233421609449286,22,635.0
6990.0,30,361.0,5.46969696969697,5.034142826803921,8,119.0,0.3808492003916214,22,536.0,0.11753790169152364,30,655.0
6995.0,31,424.0,7.186440677966102,3.5409629999855734,7,110.0,0.3889341880096836,24,604.0,0.07130429652970281,31,714.0
7000.0,30,510.0,8.225806451612904,4.34469216582789,11,136.0,0.336922782625831,19,633.0,0.1310429942146292,30,769.0
7005.0,26,495.0,8.53448275862069,4.731635332638162,8,105.0,0.40669581233447644,18,632.0,0.14496615772335927,26,737.0
7010.0,25,458.0,8.035087719298245,4.933948040607187,9,118.0,0.3977609173884844,16,581.0,0.15476192009093626,25,699.0
7015.0,26,335.0,6.090909090909091,3.766252417643721,9,105.0,0.29428493982602166,17,577.0,0.14690290621725113,26,682.0
7020.0,22,207.0,3.9056603773584904,4.008044801359043,8,74.0,0.32374349691548854,14,522.0,0.13587900443205567,22,596.0
7025.0,23,192.0,3.764705882352941,3.5220753917299117,7,73.0,0.3608257227999005,16,540.0,0.08717027369261938,23,613.0
7030.0,23,219.0,4.211538461538462,4.751988425192105,10,96.0,0.3330241646293715,13,521.0,0.1829999003997042,23,617.0
7035.0,22,260.0,5.2,4.643443399463251,9,106.0,0.26366018161928395,13,495.0,0.2502953232098904,22,601.0
7040.0,18,267.0,5.34,6.136138863438605,8,128.0,0.41419864506314286,10,458.0,0.25069765875321015,18,586.0
7045.0,17,280.0,5.957446808510638,5.257312248804691,6,126.0,0.39866757786878504,11,441.0,0.15156508647846256,17,567.0
7050.0,21,320.0,6.666666666666667,5.296143498902963,10,171.0,0.3396990573388272,11,405.0,0.22530564033534423,21,576.0
7055.0,20,301.0,6.404255319148936,4.626811885548156,9,145.0,0.31098124926992576,11,410.0,0.25056338897181396,20,555.0
7060.0,20,323.0,7.021739130434782,5.3991034319567754,8,124.0,0.42178758252580717,12,388.0,0.2828745238400845,20,512.0
7065.0,20,270.0,5.625,3.8832597688670845,8,129.0,0.22778731163511645,12,384.0,0.27636167588151256,20,513.0
7070.0,19,297.0,6.456521739130435,5.448526202651843,10,128.0,0.2706749931375626,9,336.0,0.3277661180203825,19,464.0
7075.0,12,176.0,3.6666666666666665,5.285263956449286,6,122.0,0.253974484944686,6,222.0,0.28083416805589934,12,344.0
7080.0,19,229.0,4.673469387755102,5.94529397274195,9,140.0,0.44790653214148896,10,227.0,0.16288975276703574,19,367.0
7085.0,19,227.0,4.54,5.8613448120438685,8,160.0,0.45368882349738265,11,201.0,0.23703424647063787,19,361.0
7090.0,16,248.0,5.061224489795919,6.047548031283752,6,158.0,0.42689762120835484,10,144.0,0.27360841477248904,16,302.0
7095.0,15,127.0,2.6458333333333335,4.939200791825347,7,99.0,0.36389816621817916,8,156.0,0.23124948484604696,15,255.0
7100.0,16,137.0,2.74,6.387667736999744,11,88.0,0.30333795037795114,5,123.0,0.40494718870094604,16,211.0
7105.0,15,110.0,2.2448979591836733,5.282742050205714,11,118.0,0.18128854667242905,4,84.0,0.37712409606213476,15,202.0
7110.0,25,206.0,4.12,5.734099497842878,15,166.0,0.21941024596257958,10,99.0,0.41649660139534417,25,265.0
7115.0,19,211.0,4.137254901960785,5.211398479702315,12,195.0,0.22175275838392028,7,110.0,0.41051647249127504,19,305.0
7120.0,12,160.0,3.076923076923077,6.4565552043175405,6,166.0,0.24462933404699655,6,91.0,0.4663580594393507,12,257.0
7125.0,12,149.0,2.811320754716981,6.3809299597124385,5,156.0,0.2932459995085698,7,112.0,0.31810235315729607,12,268.0
7130.0,22,242.0,4.653846153846154,6.261132061102645,11,185.0,0.26583708118533744,11,158.0,0.31750448091152333,22,343.0
7135.0,17,261.0,5.326530612244898,5.3052565679719885,8,187.0,0.3102392364170307,9,174.0,0.28345091118238946,17,361.0
7140.0,17,292.0,6.3478260869565215,6.479301409014491,7,145.0,0.4011849538714492,10,191.0,0.19577692899133028,17,336.0
7145.0,14,224.0,4.869565217391305,6.322757248286782,7,133.0,0.44047503097987556,7,174.0,0.11968957997071315,14,307.0
7150.0,18,299.0,6.229166666666667,6.857315743866965,9,171.0,0.46428011644225387,9,169.0,0.23094706053269706,18,340.0
7155.0,13,131.0,2.977272727272727,6.006023121261574,8,124.0,0.42469260328636904,5,117.0,0.42077617962784714,13,241.0
7160.0,13,154.0,3.5813953488372094,6.505294943636509,9,110.0,0.3687933785904478,4,74.0,0.5566124037791396,13,184.0
7165.0,18,160.0,3.4782608695652173,5.761678785605057,13,122.0,0.2633295058387387,5,96.0,0.4872003272632829,18,218.0
7170.0,16,182.0,3.872340425531915,5.961945294610713,8,98.0,0.30463647445389663,8,129.0,0.35717497412993476,16,227.0
7175.0,11,114.0,2.375,5.461146200496521,7,105.0,0.3449106786317185,4,105.0,0.2658548241971219,11,210.0
7180.0,15,156.0,3.25,6.401271197699363,12,137.0,0.3265194871446575,3,70.0,0.4438441036024732,15,207.0
7185.0,19,209.0,4.543478260869565,5.590421926163129,15,170.0,0.24440505515190314,4,78.0,0.48754411259943936,19,248.0
7190.0,16,191.0,3.82,6.105867040130812,14,227.0,0.2238762098403194,2,32.0,0.5030509188548273,16,259.0
7195.0,19,206.0,4.03921568627451,5.388079337667805,14,251.0,0.22110818580090952,5,37.0,0.4674787703128004,19,288.0
7200.0,13,158.0,3.2244897959183674,6.245134063063082,10,217.0,0.2960499299523764,3,36.0,0.5029713561357276,13,253.0
