step,system_total_stopped,system_total_waiting_time,system_mean_waiting_time,system_mean_speed,J17_stopped,J17_accumulated_waiting_time,J17_average_speed,J18_stopped,J18_accumulated_waiting_time,J18_average_speed,agents_total_stopped,agents_total_accumulated_waiting_time
5.0,1,0.0,0.0,1.9960240644519216,0,0.0,1.0,1,0.0,0.13440164278116484,1,0.0
10.0,0,0.0,0.0,7.718150279213025,0,0.0,0.56130471325582,0,0.0,0.6971870739951004,0,0.0
15.0,1,0.0,0.0,9.12298768276067,0,0.0,0.7680904746289966,1,0.0,0.6436259915431372,1,0.0
20.0,0,0.0,0.0,10.023586514982355,0,0.0,0.8165786103637386,0,0.0,0.75686359356911,0,0.0
25.0,0,0.0,0.0,8.692392150898776,0,0.0,0.6536443419645073,0,0.0,0.6493901142128399,0,0.0
30.0,5,8.0,0.4,7.378254934155531,4,5.0,0.5326943317841285,1,3.0,0.577299561896966,5,8.0
35.0,6,31.0,1.3478260869565217,7.898912155282177,3,18.0,0.5207406678321106,3,13.0,0.5836087131233998,6,31.0
40.0,6,35.0,1.3461538461538463,6.487568540003247,3,21.0,0.4838484213832801,3,14.0,0.47247030105495524,6,35.0
45.0,10,77.0,2.6551724137931036,6.293779747500986,4,47.0,0.3791471618055002,6,39.0,0.48902703558997124,10,86.0
50.0,9,51.0,1.5454545454545454,6.089153412558552,5,42.0,0.39503343934814894,4,35.0,0.48973973829751666,9,77.0
55.0,11,99.0,3.0,7.257798323439743,4,53.0,0.5150399026301911,7,55.0,0.39493798161543503,11,108.0
60.0,12,129.0,3.7941176470588234,7.055057270160216,4,70.0,0.4954682285664088,8,75.0,0.3156674667899039,12,145.0
65.0,9,123.0,3.324324324324324,6.337097209140817,3,46.0,0.3973144747918793,6,88.0,0.20716916128409668,9,134.0
70.0,13,148.0,4.0,5.403823562661748,5,61.0,0.32255385245441015,8,101.0,0.3282433513292671,13,162.0
75.0,13,149.0,3.8205128205128207,6.714170771101349,4,39.0,0.48002786600302144,9,139.0,0.41444744872716816,13,178.0
80.0,11,106.0,2.5853658536585367,6.712393770108905,6,46.0,0.408454963754811,5,112.0,0.48876371814861314,11,158.0
85.0,15,170.0,3.953488372093023,6.577763637600136,7,77.0,0.37855741221711214,8,105.0,0.4190966817396965,15,182.0
90.0,14,139.0,3.088888888888889,5.833893921701376,5,69.0,0.2870229426438374,9,126.0,0.3673125955982023,14,195.0
95.0,14,152.0,3.3777777777777778,6.727839516256153,4,58.0,0.45435138572765127,10,119.0,0.29271066422276915,14,177.0
100.0,11,89.0,2.0697674418604652,5.536974551037256,3,39.0,0.49785267887494866,8,125.0,0.15654073171372562,11,164.0
105.0,15,151.0,3.511627906976744,6.606924057147189,4,38.0,0.5875225727896486,11,142.0,0.2456006840334816,15,180.0
110.0,11,98.0,2.1777777777777776,6.450577231345176,3,27.0,0.48183663235700996,8,140.0,0.3606129779724454,11,167.0
115.0,15,151.0,3.3555555555555556,7.119700028844737,6,48.0,0.4877696090341124,9,138.0,0.41069749086580093,15,186.0
120.0,13,103.0,2.395348837209302,5.854114558338315,5,48.0,0.41926212134364044,8,133.0,0.36641876312420896,13,181.0
125.0,14,133.0,3.2439024390243905,6.167303527645774,3,44.0,0.43659554261580585,11,120.0,0.21720771094081293,14,164.0
130.0,15,140.0,3.3333333333333335,6.133798140670026,6,59.0,0.19633374388670521,9,123.0,0.23607392709673056,15,182.0
135.0,14,137.0,3.261904761904762,6.817114606793827,6,55.0,0.3529981496776691,8,115.0,0.22169401052496696,14,170.0
140.0,11,149.0,4.027027027027027,7.196192529818513,4,61.0,0.5986111147016248,7,132.0,0.26195358542114106,11,193.0
145.0,13,204.0,5.666666666666667,7.038304419326342,4,84.0,0.5393289843407681,9,152.0,0.2959504009330793,13,236.0
150.0,11,147.0,3.972972972972973,5.945267943819741,6,68.0,0.4460186687942903,5,153.0,0.35879564468692154,11,221.0
155.0,11,202.0,5.05,6.954371496534139,6,76.0,0.4517817584548976,5,153.0,0.39669498163500927,11,229.0
160.0,12,193.0,4.7073170731707314,7.448264103424966,6,59.0,0.36705265092718603,6,183.0,0.522727981392982,12,242.0
165.0,6,154.0,3.5813953488372094,8.553295148604974,3,33.0,0.4957933422916295,3,168.0,0.5495336135514868,6,201.0
170.0,10,168.0,4.2,7.209027597646258,4,43.0,0.4563391000482769,6,133.0,0.26185493742440646,10,176.0
175.0,10,84.0,2.1538461538461537,6.992083970528046,3,52.0,0.5062552140064546,7,106.0,0.3086123101932487,10,158.0
180.0,10,114.0,2.7142857142857144,7.874907547747723,4,66.0,0.513885297099921,6,65.0,0.46902638078935466,10,131.0
185.0,10,100.0,2.5641025641025643,7.058713278396439,5,85.0,0.451873839039497,5,57.0,0.5225447429215992,10,142.0
190.0,10,83.0,2.128205128205128,7.138121524390728,5,62.0,0.40297935910655214,5,31.0,0.528825004339325,10,93.0
195.0,15,141.0,3.6153846153846154,6.504925713386449,8,91.0,0.28273936700004804,7,60.0,0.4768532455181816,15,151.0
200.0,12,149.0,3.6341463414634148,5.92338735791637,5,100.0,0.26675152740725044,7,83.0,0.402972348693217,12,183.0
205.0,14,178.0,5.085714285714285,5.823513687485476,5,93.0,0.43074396264853787,9,99.0,0.31930197588954046,14,192.0
210.0,12,103.0,2.861111111111111,5.274462893196516,3,56.0,0.554986551439216,9,113.0,0.10610899961632508,12,169.0
215.0,13,161.0,4.2368421052631575,6.72273688358039,3,36.0,0.5478634119807374,10,135.0,0.21244143686388683,13,171.0
220.0,12,173.0,4.435897435897436,6.811325960461736,2,30.0,0.6880329895737546,10,170.0,0.26606193923019816,12,200.0
225.0,13,216.0,5.2682926829268295,7.211821424318245,4,28.0,0.5693795211431439,9,198.0,0.38129194136561567,13,226.0
230.0,12,205.0,4.555555555555555,6.006795608416021,5,47.0,0.4988120845956333,7,190.0,0.35687985220638685,12,237.0
235.0,17,252.0,5.142857142857143,6.746004435761285,9,88.0,0.4518225934389171,8,177.0,0.4387540329037053,17,265.0
240.0,16,166.0,3.32,6.108518909828473,11,116.0,0.33508346077861795,5,116.0,0.43286715396530456,16,232.0
245.0,21,251.0,4.648148148148148,6.1487044516161555,15,177.0,0.3046788935597004,6,93.0,0.3482999037492789,21,270.0
250.0,22,217.0,4.018518518518518,5.463378834946581,13,205.0,0.3389102115725181,9,101.0,0.21422005725660825,22,306.0
255.0,14,196.0,3.5636363636363635,6.209508843537076,7,178.0,0.3571418086002248,7,97.0,0.28341979570716486,14,275.0
260.0,16,139.0,2.574074074074074,5.8501401122629195,9,160.0,0.3887364465270045,7,104.0,0.23297312427729133,16,264.0
265.0,24,228.0,3.9310344827586206,5.433237972951392,16,195.0,0.3196322928988847,8,123.0,0.27112663537200726,24,318.0
270.0,24,233.0,3.7580645161290325,5.266373999686219,17,232.0,0.2861340379360781,7,95.0,0.3670399003048864,24,327.0
275.0,16,246.0,3.9047619047619047,6.2251700694368814,11,226.0,0.2840488501981852,5,85.0,0.46186588827583636,16,311.0
280.0,18,233.0,3.5846153846153848,6.144295748963859,12,218.0,0.23548559297274754,6,102.0,0.43595146093224063,18,320.0
285.0,20,224.0,3.4461538461538463,5.787792757475447,15,230.0,0.24628699229409226,5,90.0,0.36388944858163047,20,320.0
290.0,25,294.0,4.666666666666667,5.339535980103776,17,280.0,0.25687749648818853,8,121.0,0.44266632149733565,25,401.0
295.0,20,297.0,4.95,5.448926294534521,13,293.0,0.2886979273683317,7,119.0,0.43631742413498603,20,412.0
300.0,24,319.0,5.406779661016949,5.031182882881183,17,313.0,0.24473882062310026,7,126.0,0.3967066456151879,24,439.0
305.0,26,330.0,5.5,4.736025750670167,19,357.0,0.206990102302968,7,109.0,0.30508154734984655,26,466.0
310.0,31,420.0,7.241379310344827,4.632404970225796,21,412.0,0.24017510842580572,10,107.0,0.354030674847631,31,519.0
315.0,25,400.0,6.666666666666667,4.526949302315505,18,448.0,0.20105066175376704,7,112.0,0.39906607367220565,25,560.0
320.0,22,418.0,6.852459016393443,4.897231630775343,17,486.0,0.1603181163960144,5,71.0,0.4624519866272827,22,557.0
325.0,19,374.0,6.233333333333333,5.979870434694975,15,484.0,0.178106223435395,4,61.0,0.5323913747659349,19,545.0
330.0,19,258.0,4.3,5.643557656292702,13,417.0,0.270106519349068,6,87.0,0.3304877931665141,19,504.0
335.0,22,182.0,3.1379310344827585,5.221281430181826,13,333.0,0.31750732104205576,9,97.0,0.23181976254226827,22,430.0
340.0,24,244.0,4.4363636363636365,5.06452848403821,14,374.0,0.30137618012275397,10,90.0,0.26172607099359685,24,464.0
345.0,18,252.0,4.5,5.238108741847414,12,384.0,0.26485221224255434,6,99.0,0.35042901671530186,18,483.0
350.0,16,277.0,5.036363636363636,5.369633096953008,13,403.0,0.18915347556042564,3,56.0,0.3596315869559084,16,459.0
355.0,23,361.0,6.446428571428571,5.151400651763298,19,458.0,0.15183543133239147,4,63.0,0.3900417524720888,23,521.0
360.0,26,362.0,6.350877192982456,4.766564057193056,19,472.0,0.1342018185667548,7,91.0,0.41886166410754283,26,563.0
365.0,26,423.0,7.293103448275862,5.900886069802447,22,520.0,0.2130418922869553,4,74.0,0.5721054062821944,26,594.0
370.0,23,470.0,8.24561403508772,5.0047353074994,19,571.0,0.2524443641774787,4,86.0,0.4024206471087844,23,657.0
375.0,19,388.0,6.360655737704918,5.262097399928281,13,537.0,0.2574604185129799,6,85.0,0.44663960087962906,19,622.0
380.0,24,360.0,5.454545454545454,5.690814397880123,15,518.0,0.3190640486946513,9,116.0,0.32550314480850456,24,634.0
385.0,23,238.0,3.606060606060606,5.376754991539152,17,433.0,0.2479382538624666,6,131.0,0.3757678521649736,23,564.0
390.0,25,324.0,4.909090909090909,5.502104394257442,17,407.0,0.22404312370876456,8,137.0,0.45620831912615784,25,544.0
395.0,24,272.0,4.184615384615385,5.543434480231169,20,427.0,0.21212302477222694,4,90.0,0.5215951976352795,24,517.0
400.0,18,220.0,3.4375,5.67703374286127,15,388.0,0.21281958748395077,3,27.0,0.4741056153130764,18,415.0
405.0,20,190.0,3.3333333333333335,6.167083866676988,15,371.0,0.2671530265258318,5,45.0,0.5657151731186321,20,416.0
410.0,22,208.0,3.7142857142857144,5.343026111470012,15,357.0,0.2157700695256583,7,75.0,0.4287358715600224,22,432.0
415.0,26,249.0,4.611111111111111,3.7012589437879595,19,401.0,0.19152249860243742,7,81.0,0.27498864474860707,26,482.0
420.0,27,294.0,5.157894736842105,4.30035833304556,21,443.0,0.20441404804782337,6,95.0,0.37018117188657984,27,538.0
425.0,25,323.0,5.383333333333334,4.5820542147511505,20,480.0,0.22144723125779808,5,100.0,0.4718632462501435,25,580.0
430.0,19,278.0,4.633333333333334,5.980496757485592,15,456.0,0.21283102595976877,4,90.0,0.6505665938100099,19,546.0
435.0,17,300.0,4.918032786885246,5.86678888000243,13,468.0,0.17272460500542436,4,107.0,0.44026028423234,17,575.0
440.0,21,312.0,5.288135593220339,4.677097844349486,15,478.0,0.06978609750871254,6,111.0,0.37096972366240455,21,589.0
445.0,28,399.0,6.65,4.824752536034004,21,511.0,0.07575408637841857,7,139.0,0.4958877475872478,28,650.0
450.0,18,337.0,6.017857142857143,5.145957137659083,15,495.0,0.16673886073885277,3,62.0,0.49387903350982093,18,557.0
455.0,17,397.0,7.490566037735849,5.754359912328418,11,482.0,0.3209439804318478,6,77.0,0.35571849580936843,17,559.0
460.0,20,422.0,7.962264150943396,5.144371593328901,13,498.0,0.23899805067678934,7,84.0,0.3998445153687015,20,582.0
465.0,25,316.0,6.076923076923077,4.215337404733291,16,456.0,0.1752345598302913,9,92.0,0.3717875017624809,25,548.0
470.0,28,429.0,8.09433962264151,4.22298583462831,20,453.0,0.1502221485727769,8,131.0,0.40279169620815375,28,584.0
475.0,26,506.0,9.37037037037037,4.773360590017707,16,497.0,0.2044107544939213,10,171.0,0.4247644848051865,26,668.0
480.0,19,395.0,6.9298245614035086,5.141923322854878,9,476.0,0.23543896403877795,10,155.0,0.38408041159757017,19,631.0
485.0,13,312.0,5.571428571428571,5.9842651825659,6,381.0,0.3617591792138168,7,127.0,0.29406265580760443,13,508.0
490.0,14,185.0,3.245614035087719,6.189341819772535,7,254.0,0.259235800675961,7,141.0,0.383313664410676,14,395.0
495.0,21,242.0,4.101694915254237,5.829025985087752,12,272.0,0.26004513628118686,9,162.0,0.4111941622349917,21,434.0
500.0,15,260.0,4.7272727272727275,6.101064245182646,6,235.0,0.37595072500230564,9,197.0,0.36558022843122473,15,432.0
505.0,18,302.0,5.592592592592593,5.607036066500239,8,188.0,0.3606688717299827,10,227.0,0.26247403783949785,18,415.0
510.0,23,232.0,4.0701754385964914,4.860500802786257,13,176.0,0.209526659065912,10,181.0,0.2384964539563344,23,357.0
515.0,23,237.0,4.016949152542373,5.840689341207732,14,201.0,0.26529478358914554,9,123.0,0.38480466879283853,23,324.0
520.0,22,294.0,5.068965517241379,6.276328803336913,14,236.0,0.33655583120953714,8,149.0,0.46533478099331865,22,385.0
525.0,23,321.0,5.35,5.5430337975001445,14,260.0,0.31677429788069444,9,160.0,0.39028101693334943,23,420.0
530.0,18,239.0,4.0508474576271185,5.566922760272124,9,230.0,0.37634771106541043,9,165.0,0.31019182846089205,18,395.0
535.0,19,275.0,4.910714285714286,5.3030813021215275,10,236.0,0.3170487470278998,9,146.0,0.20446488143054553,19,382.0
540.0,21,255.0,4.553571428571429,4.569845758066143,14,269.0,0.10071100495641379,7,97.0,0.31340260241868595,21,366.0
545.0,27,258.0,4.867924528301887,4.679884486560691,19,266.0,0.09525376722066835,8,112.0,0.3830030220861165,27,378.0
550.0,24,322.0,6.313725490196078,4.626932046795471,18,320.0,0.20637561232607732,6,139.0,0.4280863585145863,24,459.0
555.0,22,367.0,7.0576923076923075,5.084157069475082,16,363.0,0.17400605223506563,6,146.0,0.4942072345533433,22,509.0
560.0,15,279.0,5.470588235294118,5.58662425768705,13,338.0,0.13822137074262947,2,117.0,0.5218035321752623,15,455.0
565.0,13,220.0,4.150943396226415,6.231330048193083,9,306.0,0.22880065095316912,4,102.0,0.44948409981757564,13,408.0
570.0,19,169.0,3.188679245283019,6.360626091230657,16,280.0,0.2159941610229734,3,20.0,0.4667816110888084,19,300.0
575.0,20,236.0,4.290909090909091,6.477693691923953,14,312.0,0.2515239391047449,6,45.0,0.5577701037692658,20,357.0
580.0,15,234.0,4.5,6.526489975120646,11,298.0,0.32831341837105726,4,41.0,0.5145327683004303,15,339.0
585.0,15,207.0,4.0588235294117645,6.158280378325712,10,281.0,0.32389142270361654,5,35.0,0.4077909032570473,15,316.0
590.0,18,216.0,4.0754716981132075,5.812582806620448,11,241.0,0.23565321045180726,7,52.0,0.2713278730897309,18,293.0
595.0,26,222.0,3.8947368421052633,5.361590963080393,16,247.0,0.15247671984556724,10,91.0,0.3557406269235583,26,338.0
600.0,19,199.0,3.618181818181818,5.926075988489534,13,230.0,0.23686743924371464,6,89.0,0.44604854642590497,19,319.0
605.0,18,213.0,3.8727272727272726,5.646975734011296,11,247.0,0.2742253882425911,7,96.0,0.4519396637445391,18,343.0
610.0,17,189.0,3.2033898305084745,6.179730433412526,10,201.0,0.39384338973507593,7,98.0,0.35949694628219214,17,299.0
615.0,16,173.0,2.9827586206896552,7.020216087916891,9,204.0,0.41409557059793406,7,90.0,0.38995233481233704,16,294.0
620.0,18,186.0,3.381818181818182,6.289737614561543,11,208.0,0.28890011272596716,7,94.0,0.36949252590874787,18,302.0
625.0,25,240.0,4.285714285714286,5.362504386340937,13,239.0,0.17732869188746642,12,100.0,0.35074348786528625,25,339.0
630.0,27,319.0,6.018867924528302,4.544587709767676,15,261.0,0.1898618629993711,12,142.0,0.3584928297738918,27,403.0
635.0,23,358.0,6.754716981132075,4.773312610157717,12,295.0,0.1891357999015463,11,160.0,0.33725164617282527,23,455.0
640.0,19,317.0,5.763636363636364,5.300018532219321,8,271.0,0.18772353885128304,11,167.0,0.2887112254632794,19,438.0
645.0,17,232.0,4.142857142857143,5.617256786759782,7,173.0,0.2687668309668575,10,170.0,0.2832712479573458,17,343.0
650.0,19,256.0,4.413793103448276,5.691971517482886,9,144.0,0.3786662468483047,10,203.0,0.27221480957232125,19,347.0
655.0,20,239.0,4.192982456140351,5.945394541127769,6,130.0,0.3900844145893468,14,218.0,0.32632104057558686,20,348.0
660.0,23,323.0,5.47457627118644,5.790759185920178,11,141.0,0.27383724182028063,12,262.0,0.3383915523676588,23,403.0
665.0,20,336.0,5.894736842105263,6.016271961868589,11,143.0,0.3165334779647365,9,284.0,0.34899294220433363,20,427.0
670.0,17,239.0,4.345454545454546,5.722480662558832,5,106.0,0.39920590128623246,12,286.0,0.24352613870962658,17,392.0
675.0,17,247.0,4.75,5.969654041511296,4,82.0,0.5251551487808255,13,248.0,0.18675389518972857,17,330.0
680.0,20,265.0,4.818181818181818,5.093595321963318,5,73.0,0.35945756276775587,15,298.0,0.17526062146902802,20,371.0
685.0,22,332.0,6.264150943396227,5.273708383747517,10,75.0,0.36902090163390433,12,334.0,0.23110327588049967,22,409.0
690.0,22,270.0,4.909090909090909,5.374542267659299,9,99.0,0.3949353110447551,13,307.0,0.2792945959710627,22,406.0
695.0,16,245.0,4.1525423728813555,6.100229677757401,4,88.0,0.3641445560645217,12,260.0,0.309654950467461,16,348.0
700.0,17,289.0,4.982758620689655,6.928251986003448,6,90.0,0.45480892287753305,11,276.0,0.33508818854658073,17,366.0
705.0,17,341.0,5.683333333333334,7.284688459997868,6,111.0,0.45603853340006933,11,292.0,0.32322789440283384,17,403.0
710.0,18,296.0,5.192982456140351,5.993603894329209,6,121.0,0.377406435040795,12,295.0,0.22467201264320572,18,416.0
715.0,22,240.0,4.363636363636363,5.039471960109602,11,146.0,0.31410895740833306,11,261.0,0.15169937577273435,22,407.0
720.0,18,226.0,4.264150943396227,5.113097160908601,11,163.0,0.3077477497582924,7,256.0,0.2470390334437664,18,419.0
725.0,22,318.0,5.888888888888889,5.4797894102303015,14,229.0,0.3011579721040989,8,267.0,0.23629694868525367,22,496.0
730.0,24,354.0,6.555555555555555,4.979649995671246,14,262.0,0.32522212013393786,10,271.0,0.1832626597408252,24,533.0
735.0,15,316.0,5.642857142857143,5.8312953276228034,7,240.0,0.30558452648902895,8,239.0,0.24719960053481552,15,479.0
740.0,16,145.0,2.5,5.668690466277626,6,130.0,0.30839800871946366,10,209.0,0.2508727767299733,16,339.0
745.0,20,195.0,3.19672131147541,6.041387076392913,10,136.0,0.291213258703619,10,192.0,0.37209569538036863,20,328.0
750.0,20,239.0,4.345454545454546,5.755342630523661,12,154.0,0.33185732664210355,8,204.0,0.45619702243973403,20,358.0
755.0,17,270.0,4.821428571428571,6.457205036643117,9,146.0,0.32130947159205625,8,198.0,0.45600826137506484,17,344.0
760.0,19,192.0,3.4285714285714284,5.5915784433332325,9,148.0,0.19464220951559272,10,176.0,0.26156981545856045,19,324.0
765.0,25,239.0,4.267857142857143,5.467861556532995,11,152.0,0.19473130993464777,14,157.0,0.22472160750928794,25,309.0
770.0,23,277.0,5.431372549019608,4.424101355262159,11,179.0,0.234449101675764,12,193.0,0.23503117234574072,23,372.0
775.0,24,351.0,7.02,5.238952083698835,10,188.0,0.3183059458982395,14,213.0,0.18301381705155806,24,401.0
780.0,17,261.0,5.019230769230769,5.232354855365006,8,182.0,0.2844120852947799,9,199.0,0.18554274870176254,17,381.0
785.0,23,314.0,5.413793103448276,6.553213085623585,12,176.0,0.3424737216575021,11,193.0,0.36266927383522524,23,369.0
790.0,16,258.0,4.961538461538462,6.401743660353517,9,192.0,0.394967685894938,7,173.0,0.5016585072117282,16,365.0
795.0,16,238.0,4.666666666666667,6.386444033624244,11,200.0,0.42032504087006467,5,90.0,0.43065110402806317,16,290.0
800.0,16,123.0,2.2777777777777777,5.086436856683267,8,170.0,0.2756894316794552,8,91.0,0.2899047200220964,16,261.0
805.0,23,199.0,3.316666666666667,5.570628195406874,12,151.0,0.309633991087113,11,112.0,0.2776503639211023,23,263.0
810.0,22,236.0,3.933333333333333,5.573756255241162,11,167.0,0.3596019411148011,11,130.0,0.351539827870812,22,297.0
815.0,19,304.0,5.066666666666666,6.463287524693498,12,215.0,0.33738744000101173,7,127.0,0.4349381001580694,19,342.0
820.0,20,226.0,3.5873015873015874,5.363608817548612,13,207.0,0.21737634888902532,7,139.0,0.36401284446512167,20,346.0
825.0,21,208.0,3.3548387096774195,5.9359153843492525,8,152.0,0.2870359387833011,13,141.0,0.28205438440108027,21,293.0
830.0,24,264.0,4.631578947368421,4.4850279990950614,8,158.0,0.24753489964835362,16,181.0,0.17663803362480315,24,339.0
835.0,22,316.0,5.543859649122807,4.533024226245651,13,203.0,0.09300885756019422,9,207.0,0.24518438447298319,22,410.0
840.0,24,230.0,4.107142857142857,4.5010682587786475,13,216.0,0.16963248990657406,11,178.0,0.25451545541680076,24,394.0
845.0,26,343.0,6.017543859649122,4.912325297136825,11,246.0,0.3045772442463618,15,194.0,0.26834578040420803,26,440.0
850.0,24,371.0,6.396551724137931,4.898771884937524,9,239.0,0.3544775361463241,15,237.0,0.2880394234342304,24,476.0
855.0,16,365.0,6.293103448275862,6.449739749644439,6,187.0,0.4099623186049659,10,239.0,0.35437985701079744,16,426.0
860.0,11,177.0,3.0,6.413176569338498,3,91.0,0.4096778409630658,8,223.0,0.2950685246395398,11,314.0
865.0,19,243.0,4.189655172413793,6.15586934694843,8,80.0,0.36994853536507055,11,206.0,0.14672665767841217,19,286.0
870.0,24,199.0,3.685185185185185,5.237056123289393,8,95.0,0.3962154412818806,16,180.0,0.08718257207338385,24,275.0
875.0,19,205.0,3.8679245283018866,5.472848127538687,6,89.0,0.3113429909932658,13,207.0,0.19976077014501428,19,296.0
880.0,17,177.0,3.54,4.8536016539434685,5,83.0,0.2706045289629556,12,224.0,0.24890195848339394,17,307.0
885.0,16,164.0,3.215686274509804,6.439743112241518,10,100.0,0.2562280369680122,6,199.0,0.449140892079456,16,299.0
890.0,15,184.0,3.8333333333333335,5.873867770807968,8,119.0,0.22826265139728621,7,174.0,0.40816477146559055,15,293.0
895.0,15,186.0,3.795918367346939,6.061669049792353,4,105.0,0.37365622499107337,11,171.0,0.2934724141506066,15,276.0
900.0,17,132.0,2.75,4.564157434439303,6,45.0,0.38019328814383735,11,175.0,0.15369944328153637,17,220.0
905.0,21,180.0,3.4615384615384617,5.6298137644622885,4,58.0,0.4711554355086871,17,229.0,0.19299509817422178,21,287.0
910.0,17,174.0,3.3461538461538463,5.990869172430188,5,51.0,0.3974004796233955,12,247.0,0.3517596071797081,17,298.0
915.0,10,136.0,2.7755102040816326,7.100733507630863,4,35.0,0.4765341189851149,6,190.0,0.40295732315907634,10,225.0
920.0,15,124.0,2.5306122448979593,5.862613694894749,6,43.0,0.24329577341583825,9,181.0,0.2900375070074387,15,224.0
925.0,20,186.0,3.875,5.7922020265386855,7,54.0,0.31150250661150847,13,209.0,0.24865780327693826,20,263.0
930.0,19,139.0,3.088888888888889,4.4395359705425435,6,71.0,0.3528556943234102,13,186.0,0.2131970004653608,19,257.0
935.0,15,182.0,4.136363636363637,4.989555898298878,4,74.0,0.39395705140376497,11,200.0,0.276407059425591,15,274.0
940.0,16,188.0,4.086956521739131,5.2059059042727105,6,89.0,0.45401808239238006,10,191.0,0.28071659936448534,16,280.0
945.0,10,99.0,1.9411764705882353,6.502326793397533,4,67.0,0.45847745054156114,6,121.0,0.3789959849978101,10,188.0
950.0,13,143.0,2.6481481481481484,7.799495501917766,5,47.0,0.372383685617698,8,117.0,0.4830658574997318,13,164.0
955.0,13,143.0,2.6481481481481484,7.1576803844934025,6,59.0,0.37917545600314767,7,122.0,0.3043914286681121,13,181.0
960.0,18,213.0,4.096153846153846,6.94672386863421,7,77.0,0.42636011936875484,11,156.0,0.24093390608142254,18,233.0
965.0,15,205.0,4.555555555555555,6.157261307571442,4,52.0,0.48518134284919784,11,193.0,0.221411983396546,15,245.0
970.0,16,246.0,6.0,5.785651420397783,7,62.0,0.3353182337728971,9,213.0,0.31009770011532206,16,275.0
975.0,14,182.0,4.232558139534884,5.316476010886287,6,67.0,0.17988787896930633,8,205.0,0.37734621678193453,14,272.0
980.0,12,122.0,2.7111111111111112,6.985814712443054,3,27.0,0.48823204381940455,9,194.0,0.37531408362103325,12,221.0
985.0,15,115.0,2.6136363636363638,6.371351925039781,4,39.0,0.5926405398670227,11,188.0,0.24102739994768824,15,227.0
990.0,15,167.0,3.5531914893617023,6.627042007117151,2,33.0,0.6444527764797606,13,233.0,0.173287545366131,15,266.0
995.0,17,184.0,3.7551020408163267,6.011387200788563,7,57.0,0.444130934008197,10,251.0,0.30873370321976945,17,308.0
1000.0,12,193.0,4.020833333333333,6.550697681472286,6,80.0,0.4432072083458823,6,222.0,0.4094628975708059,12,302.0
1005.0,16,215.0,4.479166666666667,6.468072196747649,8,105.0,0.3659108676661109,8,179.0,0.36815552518208716,16,284.0
1010.0,15,183.0,3.7346938775510203,5.78657926849536,7,98.0,0.2587918203003963,8,159.0,0.30997231572006034,15,257.0
1015.0,22,206.0,4.204081632653061,5.28685546604933,13,141.0,0.28256579587134684,9,147.0,0.2611775280588086,22,288.0
1020.0,19,198.0,4.125,5.721448050382068,9,135.0,0.3942105732843089,10,166.0,0.20949918017200286,19,301.0
1025.0,18,222.0,4.530612244897959,5.884059101181173,10,142.0,0.35843517381129014,8,170.0,0.27079030842950136,18,312.0
1030.0,20,247.0,5.040816326530612,5.639861516195626,10,164.0,0.3386940711483263,10,202.0,0.35885842089319425,20,366.0
1035.0,15,201.0,4.1020408163265305,5.891630214869841,8,136.0,0.3286866862950661,7,183.0,0.3590952222567523,15,319.0
1040.0,12,118.0,2.4081632653061225,6.294350854383694,7,107.0,0.29050042472517834,5,143.0,0.39008006357014513,12,250.0
1045.0,18,109.0,2.2244897959183674,6.097315548196596,11,95.0,0.23801385905818037,7,109.0,0.30290286160644925,18,204.0
1050.0,20,169.0,3.38,5.990530189322632,10,126.0,0.24741055209483354,10,108.0,0.31635790450519563,20,234.0
1055.0,18,209.0,4.26530612244898,5.263246238776491,9,138.0,0.34627798168568247,9,134.0,0.24409716301514026,18,272.0
1060.0,17,213.0,4.26,5.71296368408847,6,125.0,0.4463332157158551,11,164.0,0.2624390804688058,17,289.0
1065.0,15,180.0,3.272727272727273,6.8541641412920935,6,75.0,0.5431796343214386,9,173.0,0.2914510675990331,15,248.0
1070.0,13,195.0,3.5454545454545454,7.20791917481676,5,68.0,0.42987759288687544,8,174.0,0.39736996882065934,13,242.0
1075.0,17,119.0,2.087719298245614,5.9179175517161315,10,91.0,0.1399338235674468,7,124.0,0.4043220449744591,17,215.0
1080.0,20,185.0,3.3035714285714284,6.043180684181918,12,119.0,0.15580259003015276,8,106.0,0.43450809064321805,20,225.0
1085.0,16,178.0,3.2962962962962963,6.277380322548665,10,131.0,0.2832974375077686,6,90.0,0.3582889005160965,16,221.0
1090.0,16,185.0,3.7,6.464225107713622,7,114.0,0.34790916312704384,9,125.0,0.2829849961239462,16,239.0
1095.0,21,175.0,3.5714285714285716,5.638620096617816,10,115.0,0.3052181683156344,11,129.0,0.17422226112963585,21,244.0
1100.0,20,237.0,4.836734693877551,5.561064304667621,10,148.0,0.30433679204190806,10,162.0,0.22807948255818147,20,310.0
1105.0,18,171.0,3.6382978723404253,5.285537133421834,11,154.0,0.2894382590739129,7,149.0,0.3375560850036821,18,303.0
1110.0,11,113.0,2.306122448979592,6.581426906430613,8,161.0,0.30387333818331874,3,74.0,0.5120598019639196,11,235.0
1115.0,12,62.0,1.2916666666666667,6.719114889483599,7,126.0,0.3415107236422634,5,58.0,0.3814079848750853,12,184.0
1120.0,14,87.0,1.8125,5.973956219536564,9,135.0,0.28417640713072123,5,48.0,0.3013095581492618,14,183.0
1125.0,19,130.0,2.8260869565217392,5.46188834522128,13,164.0,0.3174972660030552,6,56.0,0.251516139057422,19,220.0
1130.0,12,157.0,3.6511627906976742,5.903681091312376,9,181.0,0.2982035857654013,3,42.0,0.5109692060974473,12,223.0
1135.0,16,197.0,4.690476190476191,6.196919076441311,11,178.0,0.26894880495744095,5,56.0,0.45977689330536065,16,234.0
1140.0,12,160.0,3.8095238095238093,5.939509739383071,10,175.0,0.24238372246699527,2,29.0,0.3721917849754698,12,204.0
1145.0,19,195.0,4.7560975609756095,5.398392781643738,15,194.0,0.23754174863109692,4,49.0,0.31112358521225475,19,243.0
1150.0,16,209.0,4.976190476190476,5.00841961803931,12,235.0,0.24796043826344685,4,42.0,0.45758615866914476,16,277.0
1155.0,18,255.0,5.425531914893617,6.201297722083757,14,264.0,0.2983213977196796,4,32.0,0.5177142650013404,18,296.0
1160.0,16,238.0,4.666666666666667,6.708410574974064,11,255.0,0.33135445291951193,5,48.0,0.5263173957012399,16,303.0
1165.0,18,271.0,5.018518518518518,6.653092673617719,11,243.0,0.3225076497435014,7,78.0,0.4882090586531546,18,321.0
1170.0,17,145.0,2.6363636363636362,5.7677762086987325,11,202.0,0.2723530233847975,6,58.0,0.47302342246526585,17,260.0
1175.0,19,199.0,3.7547169811320753,6.013624613835981,13,206.0,0.2575548961128761,6,44.0,0.4719127258064619,19,250.0
1180.0,20,189.0,3.3157894736842106,5.012871276833591,13,237.0,0.1806334001322881,7,45.0,0.2920927123970469,20,282.0
1185.0,19,222.0,3.9642857142857144,6.592788079890424,10,246.0,0.324218201757013,9,56.0,0.3121170966272151,19,302.0
1190.0,18,260.0,5.098039215686274,5.791872106448557,9,275.0,0.36404484310795965,9,81.0,0.21678060243803432,18,356.0
1195.0,20,320.0,6.530612244897959,5.497892883580322,13,327.0,0.23526231939810627,7,82.0,0.26942444554066747,20,409.0
1200.0,19,357.0,7.4375,4.787623127882404,12,359.0,0.16216353490768431,7,82.0,0.2984824012513701,19,441.0
1205.0,13,387.0,8.41304347826087,6.7852308716866245,7,367.0,0.34455890086642316,6,88.0,0.41294243094403216,13,455.0
1210.0,13,269.0,5.8478260869565215,6.109538316262135,7,262.0,0.3004221345242405,6,84.0,0.3266126679070384,13,346.0
1215.0,17,221.0,4.804347826086956,6.102951588210017,11,242.0,0.2485785289748276,6,81.0,0.43127336694705665,17,323.0
1220.0,17,226.0,4.808510638297872,5.504172233172804,11,268.0,0.2803274985153703,6,62.0,0.4628134353921005,17,330.0
1225.0,14,269.0,5.723404255319149,7.027451373985037,8,271.0,0.43075084058576824,6,92.0,0.4632845091425511,14,363.0
1230.0,15,276.0,5.63265306122449,5.994877390587318,9,255.0,0.40114948335390915,6,84.0,0.2816583046955958,15,339.0
1235.0,19,339.0,6.918367346938775,6.261499479658629,11,289.0,0.37605888623118405,8,110.0,0.31412652891388504,19,399.0
1240.0,14,308.0,6.553191489361702,5.203556852146768,10,308.0,0.2708080068859682,4,78.0,0.4435254249068267,14,386.0
1245.0,12,317.0,6.34,6.402365259145519,9,316.0,0.27256794451134114,3,56.0,0.3849117148296882,12,372.0
1250.0,14,339.0,6.78,6.4543571581449495,10,350.0,0.18799998665131273,4,48.0,0.46424059800480866,14,398.0
1255.0,18,410.0,8.03921568627451,6.575957261658827,13,392.0,0.2522780411471174,5,72.0,0.5007546221492959,18,464.0
1260.0,16,212.0,4.711111111111111,5.156546419960422,13,277.0,0.23868143279770954,3,72.0,0.46001354094176006,16,349.0
1265.0,17,278.0,6.465116279069767,6.007842994866056,13,238.0,0.2895378835645478,4,80.0,0.5711144627739392,17,318.0
1270.0,18,255.0,5.0,4.794159855033463,13,254.0,0.27791688833388317,5,58.0,0.36674423241615456,18,312.0
1275.0,17,251.0,4.327586206896552,6.916426617945264,9,221.0,0.3836909155031036,8,87.0,0.4610753019191194,17,308.0
1280.0,10,243.0,4.339285714285714,7.330909125050618,5,186.0,0.4447495242528272,5,104.0,0.4009414512300364,10,290.0
1285.0,20,305.0,5.446428571428571,6.731468652098146,12,214.0,0.3206074917017051,8,122.0,0.4102603110355363,20,336.0
1290.0,19,186.0,3.381818181818182,5.436328852663,13,152.0,0.22669507445463696,6,124.0,0.38851470296500273,19,276.0
1295.0,24,286.0,5.39622641509434,5.14063499035565,15,195.0,0.2672613201384481,9,135.0,0.3817243221838317,24,330.0
1300.0,24,286.0,5.296296296296297,4.606354580236851,16,221.0,0.2588732994833316,8,147.0,0.367901705273629,24,368.0
1305.0,20,305.0,5.350877192982456,5.59171113814445,10,200.0,0.3640131675698012,10,162.0,0.2840856191876941,20,362.0
1310.0,18,163.0,2.8596491228070176,5.350248792805481,10,190.0,0.28658022281649975,8,109.0,0.3089488626448254,18,299.0
1315.0,24,213.0,3.610169491525424,5.960593843851066,16,190.0,0.23605397444964116,8,92.0,0.35343928957038634,24,282.0
1320.0,21,228.0,3.864406779661017,5.9038854405002175,14,219.0,0.26139321566316354,7,80.0,0.43631219045112857,21,299.0
1325.0,22,295.0,5.086206896551724,5.794135285570248,12,220.0,0.32149699545888816,10,117.0,0.32718258694505054,22,337.0
1330.0,21,264.0,4.551724137931035,5.501865901389317,11,223.0,0.30463988095058325,10,130.0,0.2883696644696891,21,353.0
1335.0,22,262.0,4.366666666666666,6.311870560502186,14,208.0,0.3089560356425324,8,136.0,0.356952351043069,22,344.0
1340.0,21,278.0,5.148148148148148,4.920884953804017,13,248.0,0.18099952693397814,8,137.0,0.30420651427664247,21,385.0
1345.0,26,329.0,5.875,5.013657038798523,15,286.0,0.24155032025539871,11,161.0,0.30529752214484746,26,447.0
1350.0,24,218.0,3.7586206896551726,4.59145345107617,14,262.0,0.24251180323254712,10,138.0,0.33524053563722556,24,400.0
1355.0,23,303.0,5.135593220338983,6.310148234047003,14,285.0,0.36080022745965173,9,141.0,0.4200530872949377,23,426.0
1360.0,22,258.0,4.607142857142857,5.403511466730182,14,299.0,0.22082625958353186,8,135.0,0.37735631854767293,22,434.0
1365.0,19,222.0,3.7,5.311879654874635,11,254.0,0.15640826973694336,8,88.0,0.22338317818386408,19,342.0
1370.0,15,195.0,3.5454545454545454,6.316488637723545,9,216.0,0.19478515844304778,6,99.0,0.3155609495430643,15,315.0
1375.0,16,222.0,4.188679245283019,6.857466878686816,12,208.0,0.22409329689630672,4,104.0,0.4015206157780894,16,312.0
1380.0,19,249.0,5.1875,6.8699466535992615,11,226.0,0.3286947295815478,8,117.0,0.49623675904721387,19,343.0
1385.0,13,204.0,4.434782608695652,6.592673139338226,9,202.0,0.38177781091531304,4,105.0,0.5155176027615707,13,307.0
1390.0,17,208.0,4.16,5.639061697403395,9,185.0,0.3683376503917708,8,118.0,0.4294662337012167,17,303.0
1395.0,21,307.0,6.019607843137255,6.3534186079485435,11,225.0,0.415275244618625,10,170.0,0.4609175102146194,21,395.0
1400.0,17,238.0,4.407407407407407,5.368568089707973,10,203.0,0.3512879988425799,7,179.0,0.3765460063777935,17,382.0
1405.0,16,233.0,4.480769230769231,5.761722215683895,8,147.0,0.3588221256752884,8,153.0,0.2702316437573163,16,300.0
1410.0,16,251.0,5.122448979591836,5.686095588107862,7,123.0,0.3107391573133578,9,185.0,0.2662234855187322,16,308.0
1415.0,19,304.0,5.96078431372549,6.0748766450847,11,136.0,0.2501765826949096,8,217.0,0.25665933892294474,19,353.0
1420.0,17,298.0,5.96,6.200601680626569,8,124.0,0.3115493412408985,9,235.0,0.348830771006799,17,359.0
1425.0,15,203.0,4.06,6.031112384280155,8,106.0,0.3541630490446599,7,138.0,0.37892673025489426,15,244.0
1430.0,16,238.0,4.958333333333333,6.450780644030033,7,123.0,0.3910547844611348,9,174.0,0.411024383381525,16,297.0
1435.0,18,279.0,5.58,6.138978651974626,11,152.0,0.37676891384292566,7,184.0,0.3611279656479106,18,336.0
1440.0,17,281.0,5.403846153846154,5.0764603108451505,10,157.0,0.13872615720980877,7,188.0,0.35429100266972263,17,345.0
1445.0,17,184.0,3.68,5.9974710763850405,11,159.0,0.21920697522935817,6,110.0,0.3347987911300409,17,269.0
1450.0,17,219.0,4.469387755102041,6.208865080597703,11,187.0,0.2846148087313353,6,68.0,0.27412126248492513,17,255.0
1455.0,12,164.0,3.4893617021276597,6.875497031495473,7,198.0,0.39207344456302823,5,78.0,0.42813339375793846,12,276.0
1460.0,10,140.0,3.1818181818181817,7.105739934611452,5,149.0,0.376408946286431,5,95.0,0.5246214734195795,10,244.0
1465.0,15,178.0,4.045454545454546,6.39581243012345,8,129.0,0.3310762595908398,7,123.0,0.47869952443735725,15,252.0
1470.0,16,210.0,4.375,5.815848392338509,12,147.0,0.29230934670078884,4,122.0,0.5000812049613017,16,269.0
1475.0,20,286.0,5.607843137254902,5.328969049970547,10,157.0,0.33211913671872234,10,163.0,0.365516127882681,20,320.0
1480.0,20,255.0,4.636363636363637,5.2448229368951935,10,152.0,0.3708720838744383,10,175.0,0.3343340075478667,20,327.0
1485.0,16,268.0,4.466666666666667,6.201808099941473,7,128.0,0.41789019444740655,9,192.0,0.29866584031579985,16,320.0
1490.0,18,223.0,3.716666666666667,5.630298891795461,10,93.0,0.35173937957333423,8,200.0,0.26631713652498973,18,293.0
1495.0,29,346.0,5.580645161290323,5.124675911761063,16,164.0,0.3057464322126023,13,243.0,0.18339645447162745,29,407.0
1500.0,29,416.0,6.933333333333334,4.211934137053713,16,213.0,0.23852311097190076,13,290.0,0.24476201268454384,29,503.0
1505.0,29,516.0,8.459016393442623,4.490665110977167,16,248.0,0.29031092592753094,13,327.0,0.19957886541006997,29,575.0
1510.0,26,381.0,6.145161290322581,5.233983423748491,14,259.0,0.3013351262108902,12,270.0,0.2613605502698649,26,529.0
1515.0,28,482.0,7.650793650793651,5.653633734315953,16,288.0,0.2841569625035986,12,243.0,0.3121164816295198,28,531.0
1520.0,28,378.0,6.19672131147541,4.462687685827457,18,298.0,0.239291517709359,10,237.0,0.2750297767570151,28,535.0
1525.0,20,216.0,3.6,5.075796712866799,16,282.0,0.21045687357905205,4,145.0,0.3405696423282083,20,427.0
1530.0,20,241.0,4.155172413793103,5.156462120986958,14,304.0,0.1697328040390494,6,87.0,0.4686793456787368,20,391.0
1535.0,17,255.0,4.473684210526316,6.298104763434513,11,293.0,0.24908216078726483,6,96.0,0.34643105758096876,17,389.0
1540.0,21,223.0,3.716666666666667,5.622009844354908,12,286.0,0.22909164565632303,9,127.0,0.26547009107929653,21,413.0
1545.0,23,249.0,4.220338983050848,6.182578472027081,16,277.0,0.23681742838998113,7,129.0,0.4273970360737328,23,406.0
1550.0,20,264.0,4.8,6.273429125180803,16,293.0,0.26505601104084975,4,119.0,0.6119430167891675,20,412.0
1555.0,19,247.0,4.410714285714286,5.646675004788258,14,261.0,0.2676820152028791,5,92.0,0.512020727491992,19,353.0
1560.0,19,269.0,4.890909090909091,5.527804235103141,12,256.0,0.3556221296200196,7,126.0,0.358229306122895,19,382.0
1565.0,18,255.0,4.396551724137931,5.719625712461733,9,213.0,0.3957501027699248,9,148.0,0.23417734014213473,18,361.0
1570.0,25,348.0,5.8,5.313180542372,15,249.0,0.29859665309801636,10,187.0,0.2578105384600548,25,436.0
1575.0,24,383.0,6.079365079365079,4.66858930686072,16,285.0,0.1881082877958825,8,205.0,0.27357261685468204,24,490.0
1580.0,22,385.0,6.209677419354839,5.511531960782,18,321.0,0.1630273874847017,4,168.0,0.5326154292621111,22,489.0
1585.0,25,339.0,5.745762711864407,5.159321302697081,21,397.0,0.11710602242929326,4,63.0,0.5474141664320556,25,460.0
1590.0,26,391.0,6.516666666666667,5.58582269917706,19,432.0,0.24443741819690987,7,47.0,0.47288862336005105,26,479.0
1595.0,23,368.0,6.456140350877193,4.314573027397589,14,420.0,0.24505675265922905,9,74.0,0.24735736195109514,23,494.0
1600.0,23,298.0,4.966666666666667,4.579863185571043,14,357.0,0.22097507023615048,9,99.0,0.22229949104790178,23,456.0
1605.0,23,221.0,3.622950819672131,4.790859487071967,15,342.0,0.250264056749096,8,92.0,0.20209091297816595,23,434.0
1610.0,29,276.0,4.3125,5.00287771866841,19,387.0,0.2303516004503648,10,111.0,0.3048952897574451,29,498.0
1615.0,26,254.0,3.8484848484848486,5.406923034621236,19,407.0,0.21394393526345096,7,119.0,0.4459412909875986,26,526.0
1620.0,29,321.0,5.095238095238095,5.2743214822630735,20,448.0,0.23238816995263903,9,128.0,0.4355562643738109,29,576.0
1625.0,24,250.0,4.098360655737705,4.63781253679917,14,414.0,0.22616064094884208,10,120.0,0.31514098046495226,24,534.0
1630.0,24,314.0,5.233333333333333,4.4263179581633825,14,409.0,0.1581293666478289,10,148.0,0.32235078895520775,24,557.0
1635.0,30,312.0,5.114754098360656,4.138253304057131,18,404.0,0.19753977467724623,12,147.0,0.21655446993182956,30,551.0
1640.0,25,267.0,4.306451612903226,4.588172888742992,18,423.0,0.1790843836899316,7,104.0,0.3271756139232879,25,527.0
1645.0,25,337.0,5.435483870967742,5.0704450966979575,20,454.0,0.1972120642316495,5,104.0,0.3616440753799262,25,558.0
1650.0,27,399.0,6.234375,5.464585695978866,19,473.0,0.21057562836542237,8,126.0,0.4251439862516746,27,599.0
1655.0,22,352.0,5.5,5.510434370699964,12,426.0,0.33683649204235133,10,121.0,0.28831473817596487,22,547.0
1660.0,30,332.0,5.03030303030303,4.831416175293882,14,385.0,0.3084919731040775,16,172.0,0.1503221325474536,30,557.0
1665.0,28,302.0,4.575757575757576,5.0041365026071905,13,261.0,0.3503644439125865,15,207.0,0.17429209580385596,28,468.0
1670.0,25,312.0,4.588235294117647,5.313614005659511,16,276.0,0.28943496309635086,9,189.0,0.26753347043299075,25,465.0
1675.0,27,317.0,4.731343283582089,5.597330172046432,19,311.0,0.2366762014443447,8,153.0,0.36328222378251646,27,464.0
1680.0,22,309.0,4.544117647058823,5.057552098547509,17,357.0,0.15205975584501066,5,148.0,0.37466057792062535,22,505.0
1685.0,26,363.0,5.5,5.811218505871294,18,395.0,0.2834702823113009,8,141.0,0.3625740989336263,26,536.0
1690.0,27,415.0,6.484375,5.238951083857829,16,408.0,0.24818471855555407,11,190.0,0.39492710359375266,27,598.0
1695.0,30,457.0,7.030769230769231,4.207215931073687,17,420.0,0.2525574042793607,13,210.0,0.27934607905371384,30,630.0
1700.0,30,493.0,7.46969696969697,4.4894268782244175,20,437.0,0.17581182554318991,10,186.0,0.3591070433406069,30,623.0
1705.0,28,354.0,5.2835820895522385,4.989583464172855,18,469.0,0.2257076535200895,10,202.0,0.37271990013033157,28,671.0
1710.0,28,355.0,5.144927536231884,4.390893666144573,16,450.0,0.21303311138767217,12,199.0,0.2895128731643077,28,649.0
1715.0,32,418.0,6.057971014492754,3.327995463661499,16,496.0,0.2192349223548745,16,242.0,0.2375798403087733,32,738.0
1720.0,37,544.0,7.555555555555555,4.299403397628895,17,547.0,0.28147304584462673,20,292.0,0.2575529990104469,37,839.0
1725.0,39,522.0,6.96,3.9718571632178836,21,558.0,0.2241392674108864,18,321.0,0.25424591071256325,39,879.0
1730.0,30,445.0,6.013513513513513,4.317526575247731,16,499.0,0.19046363757008686,14,325.0,0.24411760497209747,30,824.0
1735.0,34,434.0,5.786666666666667,4.322270381483307,20,527.0,0.13228657880248743,14,323.0,0.25801908344635616,34,850.0
1740.0,36,480.0,6.315789473684211,4.262749733040567,18,514.0,0.20548864357103308,18,329.0,0.21982107050164554,36,843.0
1745.0,40,455.0,6.148648648648648,3.7139640208455615,18,481.0,0.2826135242557362,22,385.0,0.16934820166769787,40,866.0
1750.0,32,488.0,6.684931506849315,4.565831407723827,17,442.0,0.3051766237416643,15,387.0,0.26196033962862375,32,829.0
1755.0,34,476.0,6.102564102564102,4.0315394006742995,21,461.0,0.18320529096014715,13,386.0,0.25134160861863936,34,847.0
1760.0,34,536.0,6.871794871794871,4.766059313605074,15,462.0,0.24114168247517942,19,402.0,0.23799641305713015,34,864.0
1765.0,34,511.0,6.551282051282051,4.418191025046348,16,459.0,0.24012585060397731,18,444.0,0.2015829728486415,34,903.0
1770.0,42,646.0,8.5,4.6279464356729445,20,470.0,0.22817558454680137,22,522.0,0.23431837482661785,42,992.0
1775.0,39,747.0,10.094594594594595,3.9670654980010847,21,529.0,0.22516311395292252,18,565.0,0.22757945773625204,39,1094.0
1780.0,31,718.0,10.112676056338028,4.192578064678567,17,562.0,0.1594294068070074,14,554.0,0.23942540686349048,31,1116.0
1785.0,26,560.0,7.887323943661972,3.5146970013481664,16,539.0,0.11813884285802662,10,462.0,0.15800529727339502,26,1001.0
1790.0,31,329.0,4.445945945945946,4.432599754755227,15,470.0,0.15333810793834085,16,372.0,0.21576642465980284,31,842.0
1795.0,29,319.0,4.492957746478873,5.19082094460526,16,451.0,0.22483210825530517,13,392.0,0.32706187013425786,29,843.0
1800.0,29,371.0,5.621212121212121,4.8291707810933024,20,452.0,0.11872097105115552,9,349.0,0.35208668217563976,29,801.0
1805.0,31,382.0,5.876923076923077,3.510603530935597,19,495.0,0.05246480304322045,12,363.0,0.24693377274478992,31,858.0
1810.0,31,411.0,6.044117647058823,4.815043277847952,12,473.0,0.24572051452706228,19,418.0,0.15453122987699594,31,891.0
1815.0,28,457.0,6.720588235294118,5.104566317883114,9,433.0,0.3749073464959249,19,464.0,0.09442077027890367,28,897.0
1820.0,26,484.0,7.333333333333333,5.702304262378938,12,371.0,0.3247830208225705,14,480.0,0.24920312941972994,26,851.0
1825.0,27,516.0,8.19047619047619,4.273665341130486,13,384.0,0.165116571793058,14,450.0,0.277953849764708,27,834.0
1830.0,25,492.0,7.569230769230769,5.327751720675395,12,366.0,0.2606143937452974,13,394.0,0.29074179020157825,25,760.0
1835.0,25,419.0,6.348484848484849,4.789351937452747,13,372.0,0.25084170450984355,12,326.0,0.2828245517584023,25,698.0
1840.0,31,468.0,6.985074626865671,4.977472959917868,15,409.0,0.28227931311340865,16,317.0,0.24355667781081364,31,726.0
1845.0,29,507.0,7.921875,4.03707731577087,14,439.0,0.2821124419083214,15,340.0,0.19587031965805668,29,779.0
1850.0,24,521.0,8.140625,4.821598905269001,12,439.0,0.2795142124983825,12,310.0,0.20114127216856348,24,749.0
1855.0,20,479.0,7.369230769230769,4.414858949803358,10,423.0,0.24469676783638733,10,286.0,0.17503137567145455,20,709.0
1860.0,29,555.0,7.928571428571429,5.476619403608222,15,462.0,0.30171659852634886,14,262.0,0.29781350657436245,29,724.0
1865.0,31,642.0,9.304347826086957,5.179381550808552,16,517.0,0.34521568661085966,15,285.0,0.3072933457513584,31,802.0
1870.0,30,704.0,10.830769230769231,4.923817101732311,15,545.0,0.33752035019225973,15,312.0,0.2529880686225667,30,857.0
1875.0,34,762.0,11.373134328358208,3.7356295347908217,18,607.0,0.2020629495773679,16,335.0,0.19505385943445486,34,942.0
1880.0,31,831.0,12.402985074626866,4.646508530493002,20,685.0,0.13598103728655994,11,327.0,0.3267248800789818,31,1012.0
1885.0,31,911.0,14.234375,4.5480099222062105,19,749.0,0.10787313628433187,12,307.0,0.3383626272137171,31,1056.0
1890.0,30,967.0,14.651515151515152,5.0147350284973635,15,782.0,0.20540904911873561,15,319.0,0.26868212960513493,30,1101.0
1895.0,30,681.0,10.318181818181818,4.3089466125010105,14,690.0,0.2217635333403856,16,256.0,0.19013059914205588,30,946.0
1900.0,30,493.0,7.46969696969697,5.225898208649959,14,528.0,0.303683341606274,16,285.0,0.27108592474180276,30,813.0
1905.0,29,392.0,5.764705882352941,4.6688341518557195,13,506.0,0.3142897265567857,16,299.0,0.27455767207125104,29,805.0
1910.0,28,372.0,5.552238805970149,5.069966865931665,14,456.0,0.2968218123664124,14,293.0,0.34515159493797487,28,749.0
1915.0,35,366.0,5.228571428571429,4.103496381530727,18,499.0,0.18038285206374352,17,306.0,0.3156625193839871,35,805.0
1920.0,27,299.0,4.04054054054054,4.964574963155037,14,505.0,0.1753636242600722,13,267.0,0.3069927219532505,27,772.0
1925.0,23,292.0,4.231884057971015,5.236557474579369,12,399.0,0.2573959247573411,11,292.0,0.2624280741571027,23,691.0
1930.0,26,357.0,5.1,5.740142771591281,8,305.0,0.38707763198945316,18,349.0,0.18260878231052807,26,654.0
1935.0,31,366.0,5.630769230769231,4.323546621857788,11,256.0,0.38193340742880505,20,397.0,0.1991125678291494,31,653.0
1940.0,28,414.0,6.369230769230769,4.872557704400454,14,278.0,0.314706226810928,14,405.0,0.2947092391386046,28,683.0
1945.0,26,366.0,5.462686567164179,4.44896243358971,15,321.0,0.1489394087593246,11,366.0,0.3171577402811368,26,687.0
1950.0,22,360.0,5.217391304347826,5.7676943205244475,9,342.0,0.30604284696364786,13,288.0,0.30034734003345853,22,630.0
1955.0,25,299.0,4.462686567164179,5.11442274420227,8,278.0,0.32510378223299335,17,280.0,0.2188821130208286,25,558.0
1960.0,27,271.0,4.106060606060606,4.916014374086635,12,277.0,0.26052761585195383,15,281.0,0.2500035518026204,27,558.0
1965.0,29,318.0,4.676470588235294,4.322194759308917,15,305.0,0.23560748725648148,14,312.0,0.23243679909662343,29,617.0
1970.0,22,308.0,4.888888888888889,5.401767001767282,7,292.0,0.3257600144812645,15,310.0,0.2152022321313324,22,602.0
1975.0,20,230.0,3.59375,5.191438160695246,8,251.0,0.2754823444408787,12,301.0,0.16865149936066737,20,552.0
1980.0,26,254.0,3.96875,5.613666517477766,13,212.0,0.2772444493336714,13,298.0,0.22055461070555601,26,510.0
1985.0,29,326.0,5.258064516129032,5.169563321313798,14,243.0,0.3248437969999599,15,312.0,0.2500314007019739,29,555.0
1990.0,21,356.0,6.357142857142857,4.999264733968062,8,226.0,0.35794567319032183,13,302.0,0.22262703195894498,21,528.0
1995.0,21,308.0,5.5,4.022443711242183,7,201.0,0.3009940094013241,14,300.0,0.12817743071774357,21,501.0
2000.0,20,318.0,5.482758620689655,4.747604168483295,11,185.0,0.2255291347346142,9,295.0,0.2324659897084817,20,480.0
2005.0,24,256.0,4.413793103448276,4.969672100505424,15,212.0,0.1754926789153083,9,214.0,0.32809047239330696,24,426.0
2010.0,29,341.0,5.5,5.470285774859822,20,284.0,0.23302011868968606,9,161.0,0.3280357958445481,29,445.0
2015.0,24,327.0,5.5423728813559325,5.542478393339687,16,321.0,0.2993472319982353,8,140.0,0.42839668242364665,24,461.0
2020.0,21,261.0,4.5,5.743551083407502,11,297.0,0.31977290237509637,10,133.0,0.3866123044813114,21,430.0
2025.0,18,274.0,4.724137931034483,5.706114287943136,7,254.0,0.443306606536159,11,152.0,0.22769150034898175,18,406.0
2030.0,14,176.0,2.7936507936507935,5.788358105399437,7,166.0,0.3029466784156693,7,144.0,0.22180561993973144,14,310.0
2035.0,18,225.0,3.75,5.396302698984438,13,213.0,0.21407811623000964,5,139.0,0.3535261382426602,18,352.0
2040.0,24,302.0,5.033333333333333,5.2627178723776895,16,248.0,0.19407799093528746,8,158.0,0.37855711559254857,24,406.0
2045.0,16,327.0,5.839285714285714,5.496844151363539,9,247.0,0.25790820765500516,7,177.0,0.3464861215860717,16,424.0
2050.0,20,331.0,6.12962962962963,4.875338535122474,12,268.0,0.18464814395591245,8,170.0,0.32409864972097296,20,438.0
2055.0,23,368.0,6.814814814814815,5.1177789202333805,16,276.0,0.15555670361083745,7,202.0,0.3416050119419766,23,478.0
2060.0,26,463.0,8.418181818181818,4.725542252304422,15,324.0,0.21458437564771646,11,245.0,0.2713027547193924,26,569.0
2065.0,17,443.0,8.86,5.533447594967791,9,319.0,0.33415731853996267,8,247.0,0.3311060861098201,17,566.0
2070.0,18,336.0,6.857142857142857,4.795945067516363,9,251.0,0.3219005508421145,9,268.0,0.21486497625232226,18,519.0
2075.0,25,292.0,5.84,4.689861397368071,13,214.0,0.2577185941288457,12,231.0,0.2066180671176944,25,445.0
2080.0,23,295.0,5.673076923076923,5.044229335408472,12,217.0,0.2921122917982156,11,185.0,0.23988321334147247,23,402.0
2085.0,21,272.0,5.333333333333333,4.840452375423497,13,222.0,0.27582027898590905,8,180.0,0.33479435594075485,21,402.0
2090.0,15,191.0,3.673076923076923,5.6398926277706884,12,231.0,0.210511238639576,3,103.0,0.44463426609605455,15,334.0
2095.0,9,149.0,2.811320754716981,7.583333502814974,6,188.0,0.27744292940420334,3,60.0,0.5466111919898841,9,248.0
2100.0,14,123.0,2.2363636363636363,7.443952135665463,8,155.0,0.254991496549779,6,74.0,0.3697827472830278,14,229.0
2105.0,16,122.0,2.30188679245283,6.623698519286513,12,144.0,0.25133884176693,4,61.0,0.2906293175754461,16,205.0
2110.0,19,178.0,3.869565217391304,5.87829721274507,12,164.0,0.28708534127094004,7,73.0,0.4167952235256736,19,237.0
2115.0,11,185.0,4.3023255813953485,6.86978784319602,7,136.0,0.3491537882991984,4,89.0,0.5623988462567999,11,225.0
2120.0,12,177.0,3.933333333333333,5.962306293114049,8,139.0,0.2791620588007273,4,88.0,0.41635141741037485,12,227.0
2125.0,19,259.0,5.7555555555555555,6.308468039019813,11,176.0,0.28202131762994354,8,124.0,0.38570616533814955,19,300.0
2130.0,16,158.0,3.3617021276595747,5.339264120865729,9,155.0,0.30806745018852544,7,103.0,0.24658514864488892,16,258.0
2135.0,17,231.0,4.914893617021277,5.847598138343421,11,174.0,0.3335228635655533,6,114.0,0.32895545105270546,17,288.0
2140.0,18,170.0,3.6956521739130435,4.931419308455754,11,183.0,0.27223178763938294,7,96.0,0.3663486225950327,18,279.0
2145.0,12,134.0,3.116279069767442,6.205468097584149,5,151.0,0.26706484426845906,7,84.0,0.45754584871718884,12,235.0
2150.0,12,108.0,2.6341463414634148,5.028212661960284,6,105.0,0.20371227748347367,6,88.0,0.23947896950186598,12,193.0
2155.0,21,183.0,4.066666666666666,5.210674511632348,12,133.0,0.20804595361849215,9,119.0,0.28223900605567664,21,252.0
2160.0,18,241.0,5.239130434782608,5.535451479731245,9,153.0,0.3877025774257504,9,150.0,0.3595619628125964,18,303.0
2165.0,15,284.0,6.042553191489362,6.650395586698512,5,126.0,0.5104439569180965,10,186.0,0.39038185750287624,15,312.0
2170.0,12,179.0,3.6530612244897958,6.250691446383905,5,103.0,0.3721350825418625,7,166.0,0.44997547285703987,12,269.0
2175.0,16,201.0,3.6545454545454548,6.874616389709272,8,89.0,0.35750108603765685,8,149.0,0.4267992026303626,16,238.0
2180.0,16,163.0,3.0185185185185186,6.604112763939377,6,91.0,0.34304474454026546,10,141.0,0.48734035999147385,16,232.0
2185.0,16,178.0,3.2363636363636363,6.833905664444101,8,93.0,0.4053873588478956,8,106.0,0.4580093786657193,16,199.0
2190.0,19,161.0,3.0961538461538463,5.278501590618939,7,74.0,0.4692235876231143,12,133.0,0.2311924017017494,19,207.0
2195.0,26,253.0,4.517857142857143,5.082116753925945,8,80.0,0.45923365467956134,18,201.0,0.17978764424268046,26,281.0
2200.0,21,248.0,4.509090909090909,4.674524415551005,7,102.0,0.3843162772384795,14,225.0,0.2541672667427093,21,327.0
2205.0,22,276.0,5.0181818181818185,5.050325643784904,9,109.0,0.30242814256650796,13,222.0,0.34941552226295725,22,331.0
2210.0,20,214.0,3.8214285714285716,4.758246097737148,9,92.0,0.2867628076615005,11,216.0,0.2945903303740349,20,308.0
2215.0,27,275.0,4.824561403508772,5.416593039648633,14,141.0,0.30441124918942297,13,201.0,0.2925299411803253,27,342.0
2220.0,24,290.0,5.087719298245614,4.507206077126024,12,162.0,0.23757070844656414,12,244.0,0.13656323648433913,24,406.0
2225.0,24,312.0,5.777777777777778,4.854423031648527,9,144.0,0.31926785700419297,15,275.0,0.08212991426149815,24,419.0
2230.0,20,252.0,4.846153846153846,4.560333637841902,7,126.0,0.37384410901526427,13,272.0,0.05849696325615339,20,398.0
2235.0,22,259.0,4.709090909090909,5.456372253753503,8,130.0,0.3379854918293668,14,247.0,0.23576042376300785,22,377.0
2240.0,18,189.0,3.375,5.731119102647077,7,120.0,0.3493419770540229,11,238.0,0.3381730279339638,18,358.0
2245.0,17,179.0,3.1964285714285716,6.8655358154014134,9,136.0,0.3398720173772256,8,186.0,0.4594834624567576,17,322.0
2250.0,16,145.0,2.457627118644068,5.678439161453346,8,148.0,0.15495504095020365,8,160.0,0.42404616753234997,16,308.0
2255.0,20,211.0,3.5166666666666666,6.786013680112668,9,155.0,0.3300785626401266,11,182.0,0.41858437890101124,20,337.0
2260.0,21,216.0,4.0,5.5507566824971875,7,155.0,0.4442279771084571,14,199.0,0.21410036958088216,21,354.0
2265.0,26,271.0,4.839285714285714,5.378990511654463,9,150.0,0.4034993710696085,17,226.0,0.18832488535398398,26,376.0
2270.0,32,313.0,5.491228070175438,3.5220692757714724,15,176.0,0.22686226889275743,17,240.0,0.18155764635216015,32,416.0
2275.0,23,273.0,4.875,4.363515372191453,12,215.0,0.24612054369297418,11,240.0,0.30115454693224974,23,455.0
2280.0,22,249.0,4.081967213114754,4.4853604322413565,14,184.0,0.2082880085519613,8,235.0,0.3225843876677845,22,419.0
2285.0,29,373.0,5.920634920634921,4.759411536061107,17,270.0,0.21072800141221612,12,256.0,0.28467942184761225,29,526.0
2290.0,34,358.0,5.507692307692308,4.592473183596158,16,293.0,0.24144273109074693,18,284.0,0.24307547888381073,34,577.0
2295.0,28,313.0,4.815384615384615,4.320884360848149,10,254.0,0.2567792627602588,18,313.0,0.20015421855017282,28,567.0
2300.0,25,322.0,5.03125,4.201593640415408,8,255.0,0.24688455842328372,17,340.0,0.20010170833607138,25,595.0
2305.0,27,283.0,4.161764705882353,4.825135436168408,15,261.0,0.2098697268898533,12,310.0,0.23238503284068607,27,571.0
2310.0,26,305.0,4.357142857142857,4.624163084403172,16,302.0,0.20219188797610782,10,326.0,0.28303193718552033,26,628.0
2315.0,32,431.0,5.986111111111111,5.343615995998549,16,365.0,0.330316452817222,16,363.0,0.2438171632602833,32,728.0
2320.0,32,487.0,6.671232876712328,5.093450330792501,13,366.0,0.37209251748028266,19,406.0,0.21980257901048378,32,772.0
2325.0,20,394.0,5.397260273972603,5.267489997898644,8,286.0,0.36065922924963356,12,379.0,0.18318281963484198,20,665.0
2330.0,18,387.0,5.450704225352113,5.2397277121784365,8,285.0,0.2901277141144956,10,363.0,0.228141854519115,18,648.0
2335.0,28,450.0,6.25,4.936092179791664,15,338.0,0.21103216632536426,13,360.0,0.25443236177949663,28,698.0
2340.0,33,420.0,6.0,4.348285805078918,17,368.0,0.23008525597260174,16,329.0,0.2663072225691298,33,697.0
2345.0,32,482.0,7.1940298507462686,4.779630541397429,13,344.0,0.30059998658195697,19,291.0,0.19346646442093227,32,635.0
2350.0,33,421.0,6.378787878787879,4.120120014911141,14,303.0,0.2886496026400114,19,338.0,0.11741137998843343,33,641.0
2355.0,29,348.0,5.117647058823529,4.090405686699375,16,270.0,0.21196678560824495,13,321.0,0.2041062634488698,29,591.0
2360.0,28,367.0,5.5606060606060606,4.429272071955968,19,330.0,0.1912482802281728,9,284.0,0.3303733962256685,28,614.0
2365.0,29,423.0,5.957746478873239,4.827606139208523,18,375.0,0.28558613707548436,11,284.0,0.27567688135900775,29,659.0
2370.0,28,378.0,5.04,4.374394605229699,15,404.0,0.2880236293565542,13,259.0,0.26521479239961826,28,663.0
2375.0,31,438.0,5.544303797468355,5.614928602000811,15,397.0,0.36543122460176236,16,305.0,0.3066771157775937,31,702.0
2380.0,29,329.0,4.1645569620253164,5.166192104644729,14,374.0,0.2925806590981087,15,334.0,0.3070473355744712,29,708.0
2385.0,37,439.0,5.701298701298701,4.826506993569644,18,329.0,0.22065400572970567,19,403.0,0.2600333368883892,37,732.0
2390.0,42,454.0,6.219178082191781,3.2640295597418056,22,354.0,0.15357364053621167,20,415.0,0.15172004175109885,42,769.0
2395.0,38,412.0,5.885714285714286,3.6126071162750955,25,400.0,0.13092407930653965,13,337.0,0.1481046280139238,38,737.0
2400.0,33,434.0,6.676923076923077,3.556344125586353,25,454.0,0.09322317396886183,8,233.0,0.31122734983830197,33,687.0
2405.0,29,454.0,6.984615384615385,4.454676655964092,20,476.0,0.19097061750929964,9,208.0,0.26452873388117726,29,684.0
2410.0,28,433.0,6.983870967741935,4.139578215955432,16,503.0,0.21090533678722473,12,216.0,0.23080094787670485,28,719.0
2415.0,29,531.0,8.296875,5.265049836254865,15,504.0,0.24665918255126867,14,270.0,0.29480387821899906,29,774.0
2420.0,30,530.0,8.688524590163935,4.283719722441652,18,531.0,0.1420969611791698,12,273.0,0.32251780490268805,30,804.0
2425.0,23,359.0,5.983333333333333,5.335191033539896,15,506.0,0.18611370798830515,8,218.0,0.3848202812477841,23,724.0
2430.0,21,311.0,5.183333333333334,4.690231144982406,12,518.0,0.2187680051685805,9,216.0,0.30093140826621173,21,734.0
2435.0,24,326.0,5.258064516129032,4.587576183141075,11,502.0,0.232444208609698,13,262.0,0.22639199761422507,24,764.0
2440.0,27,377.0,6.080645161290323,4.1571488980912115,12,500.0,0.289072574288445,15,291.0,0.17317326114101517,27,791.0
2445.0,21,416.0,6.603174603174603,5.147704982115852,10,450.0,0.27585192270555703,11,303.0,0.2659785819432562,21,753.0
2450.0,24,397.0,6.301587301587301,4.79016440407098,12,445.0,0.2676256379384929,12,313.0,0.21430575713915206,24,758.0
2455.0,32,521.0,8.015384615384615,5.284947171276616,18,511.0,0.22874143536502792,14,343.0,0.29216632529003395,32,854.0
2460.0,28,582.0,8.953846153846154,4.9917104535389,16,541.0,0.23410275743019965,12,381.0,0.36906274857292,28,922.0
2465.0,20,577.0,9.015625,5.8952537844834945,12,508.0,0.24204278546196922,8,372.0,0.44004729984748503,20,880.0
2470.0,18,428.0,6.584615384615384,5.1472235340896475,10,466.0,0.28530034834526813,8,362.0,0.24270239731295593,18,828.0
2475.0,29,489.0,7.1911764705882355,5.182445654871799,14,424.0,0.2967907412083675,15,361.0,0.1956940380112658,29,785.0
2480.0,31,339.0,5.136363636363637,4.684131827184058,16,442.0,0.27277807831553996,15,267.0,0.2608334298577924,31,709.0
2485.0,26,398.0,6.317460317460317,5.675249222139028,11,411.0,0.36434635790183995,15,203.0,0.2613137577679751,26,614.0
2490.0,25,398.0,6.21875,4.597228427001105,11,424.0,0.2746987323907909,14,232.0,0.18830885194672992,25,656.0
2495.0,24,351.0,5.484375,5.728518985990803,14,439.0,0.20437470384087061,10,215.0,0.36130581844571785,24,654.0
2500.0,21,334.0,5.475409836065574,4.9761770097974605,16,464.0,0.14527542801852542,5,179.0,0.4166418418607075,21,643.0
2505.0,18,377.0,6.180327868852459,5.843202554713729,10,478.0,0.2965852682231008,8,170.0,0.3721556940998442,18,648.0
2510.0,20,317.0,5.19672131147541,5.272425136939199,9,408.0,0.34473414645596173,11,170.0,0.18682670312921212,20,578.0
2515.0,20,256.0,4.0,5.794463461945751,12,255.0,0.32460726270730705,8,165.0,0.21938620572279752,20,420.0
2520.0,18,226.0,3.7666666666666666,5.4111739246828146,10,275.0,0.24772011017539178,8,155.0,0.2779543168045663,18,430.0
2525.0,23,265.0,4.491525423728813,5.75998838790344,12,281.0,0.3481837482229437,11,135.0,0.16605017671783814,23,416.0
2530.0,24,245.0,4.224137931034483,4.856496079764472,11,226.0,0.31082399643633124,13,171.0,0.1168699373101621,24,397.0
2535.0,19,283.0,5.1454545454545455,6.391817330697213,12,256.0,0.3701624543449304,7,167.0,0.3106950967224077,19,423.0
2540.0,18,219.0,4.132075471698113,5.034981761935795,11,228.0,0.2817807613097609,7,166.0,0.3186505847289903,18,394.0
2545.0,23,269.0,4.803571428571429,5.7075601677571965,14,253.0,0.23547943301091182,9,171.0,0.4386225005788201,23,424.0
2550.0,21,243.0,4.2631578947368425,4.98004868111663,12,268.0,0.23470403804192005,9,135.0,0.4150688932806918,21,403.0
2555.0,17,270.0,4.821428571428571,6.927575900282766,12,266.0,0.31912188278846687,5,115.0,0.5429873902955114,17,381.0
2560.0,17,221.0,3.810344827586207,5.675858626621201,11,214.0,0.26783508187288724,6,103.0,0.2983449492815195,17,317.0
2565.0,22,268.0,4.39344262295082,5.791948022591319,10,181.0,0.3586774398961082,12,137.0,0.20652715507491984,22,318.0
2570.0,22,286.0,4.931034482758621,5.5022532239608015,10,192.0,0.4026633583350425,12,177.0,0.21261682907398924,22,369.0
2575.0,17,267.0,4.767857142857143,5.697432441928604,10,183.0,0.2808531107882601,7,182.0,0.4040352931408762,17,365.0
2580.0,17,163.0,2.9107142857142856,5.339228409569482,12,180.0,0.15650151743067797,5,101.0,0.44994204604867283,17,281.0
2585.0,23,250.0,4.237288135593221,5.512895731214897,15,221.0,0.1892749606021739,8,128.0,0.37034116954481067,23,349.0
2590.0,22,305.0,5.169491525423729,5.429701092084839,12,246.0,0.32515456933042886,10,154.0,0.2742227207227711,22,400.0
2595.0,19,334.0,5.661016949152542,6.010897454849589,12,268.0,0.37676870936546436,7,173.0,0.299182927749268,19,441.0
2600.0,17,286.0,5.39622641509434,5.094181732297336,10,258.0,0.29551132430001287,7,179.0,0.3236726535353968,17,437.0
2605.0,22,307.0,5.7924528301886795,5.556545683642629,11,231.0,0.2656004023054221,11,195.0,0.3493188244021865,22,426.0
2610.0,21,248.0,4.592592592592593,4.377503622986931,11,255.0,0.18800619363464546,10,141.0,0.25396161499688547,21,396.0
2615.0,28,330.0,5.7894736842105265,4.967475386424617,15,298.0,0.299317431910887,13,140.0,0.21280400515769776,28,438.0
2620.0,23,342.0,6.0,5.434400509456187,13,320.0,0.34045578223372347,10,155.0,0.3271372405547134,23,475.0
2625.0,27,438.0,7.684210526315789,5.586148773024277,15,337.0,0.312436748736964,12,205.0,0.36923557388065226,27,542.0
2630.0,25,402.0,7.052631578947368,4.821954055314248,14,349.0,0.2319058832449966,11,208.0,0.34662513078281226,25,557.0
2635.0,15,314.0,5.322033898305085,5.413446351504701,11,338.0,0.24976802884033905,4,132.0,0.32990656793526435,15,470.0
2640.0,21,270.0,4.21875,5.023357150691298,12,309.0,0.1556862697570775,9,156.0,0.2632259636110925,21,465.0
2645.0,29,210.0,3.230769230769231,5.670143748164318,13,236.0,0.2723827435129393,16,219.0,0.2856370767218166,29,455.0
2650.0,21,214.0,3.5081967213114753,5.2534074554301355,8,247.0,0.3122922148985923,13,242.0,0.3387269581376999,21,489.0
2655.0,24,309.0,5.065573770491803,5.246139527388281,10,251.0,0.3342913637840515,14,261.0,0.2668093209849977,24,512.0
2660.0,28,350.0,5.833333333333333,4.950626843293772,12,239.0,0.32489587143199383,16,263.0,0.21315734631340896,28,502.0
2665.0,17,289.0,4.737704918032787,6.311751753331086,9,218.0,0.40561149181679407,8,215.0,0.3169177170532175,17,433.0
2670.0,16,135.0,2.25,5.454484820519151,7,187.0,0.3605483315936533,9,191.0,0.2810909736905896,16,378.0
2675.0,25,221.0,3.683333333333333,5.791634145352437,10,145.0,0.39996593810468667,15,229.0,0.27964717587373705,25,374.0
2680.0,24,282.0,4.622950819672131,5.166892087316343,11,181.0,0.3827527248862653,13,246.0,0.2868267759212432,24,427.0
2685.0,23,334.0,5.138461538461539,5.475079961157132,13,219.0,0.27704836098444907,10,213.0,0.36452751032140357,23,432.0
2690.0,22,307.0,4.873015873015873,4.962710088454801,13,239.0,0.1827494638076047,9,205.0,0.3766511149476073,22,444.0
2695.0,26,313.0,4.815384615384615,5.097883782856438,12,252.0,0.25819450523607257,14,190.0,0.24999030062932562,26,442.0
2700.0,28,394.0,5.96969696969697,4.71533294577345,11,294.0,0.2702261910419234,17,226.0,0.22029426178461972,28,520.0
2705.0,24,454.0,7.32258064516129,5.316079851155935,13,326.0,0.32379607691440204,11,255.0,0.23971951601939082,24,581.0
2710.0,27,420.0,6.5625,4.4648480529311145,14,349.0,0.28376761800547806,13,218.0,0.21355454412279687,27,567.0
2715.0,30,517.0,7.7164179104477615,5.234602071343713,14,363.0,0.25738878980841345,16,249.0,0.27256835150347797,30,612.0
2720.0,29,432.0,6.75,4.878583395826393,13,364.0,0.27229456493328674,16,262.0,0.32839586154169237,29,626.0
2725.0,29,513.0,8.015625,5.369973178321852,12,324.0,0.34188132821029316,17,303.0,0.28404039105283546,29,627.0
2730.0,29,353.0,5.603174603174603,4.005855521153089,12,230.0,0.27980198021113944,17,330.0,0.21887831056264248,29,560.0
2735.0,26,338.0,5.28125,4.206021686844825,12,192.0,0.19186365503127906,14,306.0,0.2313782523393777,26,498.0
2740.0,25,250.0,3.8461538461538463,4.287931064617757,13,197.0,0.17803168613078524,12,297.0,0.2568887849231238,25,494.0
2745.0,23,308.0,4.666666666666667,5.41077799367558,8,191.0,0.36347227520924097,15,286.0,0.1972137476521925,23,477.0
2750.0,28,347.0,5.257575757575758,4.40964470583402,10,182.0,0.34038461524429686,18,313.0,0.14153452080923393,28,495.0
2755.0,27,373.0,5.7384615384615385,4.997013459936926,10,176.0,0.382507860726222,17,324.0,0.22327958847629803,27,500.0
2760.0,18,283.0,4.161764705882353,4.960147929083154,8,158.0,0.3076772487916846,10,315.0,0.3147647588794116,18,473.0
2765.0,31,372.0,5.166666666666667,5.301090887721496,16,192.0,0.31638492763174403,15,322.0,0.30695417671467584,31,514.0
2770.0,32,430.0,5.657894736842105,4.722287228664778,14,219.0,0.3112776554858638,18,377.0,0.259352716603361,32,596.0
2775.0,22,429.0,5.571428571428571,5.589797296420991,8,205.0,0.3370411431011682,14,384.0,0.28450247353360686,22,589.0
2780.0,20,279.0,3.72,5.270797085595266,10,193.0,0.3397337955503243,10,318.0,0.2807835616861156,20,511.0
2785.0,31,313.0,4.173333333333333,4.755244634387597,15,217.0,0.30853864623396543,16,285.0,0.1917510570828773,31,502.0
2790.0,38,330.0,4.52054794520548,3.676358096589603,16,256.0,0.24222906533925503,22,315.0,0.18673449318055335,38,571.0
2795.0,41,389.0,4.924050632911392,3.5513914986139166,18,276.0,0.19284929614182145,23,367.0,0.18744222577403732,41,643.0
2800.0,41,441.0,5.378048780487805,3.8667909150972903,19,311.0,0.2412850360406295,22,416.0,0.22732621146106044,41,727.0
2805.0,27,321.0,3.776470588235294,5.051460860669007,12,292.0,0.2831421508776519,15,402.0,0.26667603803710277,27,694.0
2810.0,25,359.0,4.223529411764706,5.41616530973769,13,339.0,0.25771627086916504,12,378.0,0.3125803164348794,25,717.0
2815.0,30,396.0,4.551724137931035,5.046682661468314,18,395.0,0.238519509329564,12,371.0,0.28136504225033954,30,766.0
2820.0,42,521.0,6.2023809523809526,4.022665363936956,23,460.0,0.2414813124036204,19,393.0,0.20104340767026221,42,853.0
2825.0,44,601.0,7.6075949367088604,3.345868561877536,22,495.0,0.20677410330875698,22,444.0,0.18672524070121876,44,939.0
2830.0,50,742.0,9.160493827160494,3.021719849846104,25,540.0,0.16059924209602253,25,514.0,0.17023276081899627,50,1054.0
2835.0,45,755.0,8.988095238095237,3.396430940989239,22,538.0,0.19992379703408783,23,564.0,0.14500867519396482,45,1102.0
2840.0,35,716.0,8.626506024096386,4.247077242843052,17,539.0,0.23285315205683477,18,534.0,0.18753816515915772,35,1073.0
2845.0,27,510.0,6.071428571428571,4.397942037807964,16,512.0,0.1731240978393297,11,473.0,0.2424156998029441,27,985.0
2850.0,36,345.0,4.156626506024097,4.524089339766881,20,473.0,0.18954728136326895,16,358.0,0.22466038829769536,36,831.0
2855.0,44,428.0,5.35,3.994585619742838,22,438.0,0.16958109127996399,22,428.0,0.21027167306307637,44,866.0
2860.0,44,474.0,5.925,3.299110533129201,21,485.0,0.11350918716741859,23,479.0,0.24574843825515394,44,964.0
2865.0,36,453.0,5.883116883116883,3.434139348160221,16,466.0,0.20303110099917926,20,502.0,0.1861725726714854,36,968.0
2870.0,29,382.0,4.961038961038961,3.9802875551847494,12,420.0,0.2518840904444088,17,487.0,0.1888850935131971,29,907.0
2875.0,27,374.0,4.734177215189874,4.478776534151952,13,405.0,0.19786963976764316,14,413.0,0.23503965900314563,27,818.0
2880.0,32,387.0,4.719512195121951,4.473313534265239,17,404.0,0.24143597141378545,15,446.0,0.2275789663129404,32,850.0
2885.0,34,342.0,4.222222222222222,4.3911723515621395,16,365.0,0.2898269660501739,18,490.0,0.20296263680768706,34,855.0
2890.0,36,416.0,5.402597402597403,3.3559316741007916,15,386.0,0.26032372446577323,21,524.0,0.18072214991302823,36,910.0
2895.0,36,418.0,5.358974358974359,3.5536767337617854,14,367.0,0.19581546730725777,22,523.0,0.13706192202671033,36,890.0
2900.0,32,513.0,6.9324324324324325,4.529259036593889,15,357.0,0.20787821238416584,17,537.0,0.1923484537308107,32,894.0
2905.0,30,495.0,6.428571428571429,4.905015518270517,13,375.0,0.22886029943965985,17,522.0,0.18652494526500166,30,897.0
2910.0,32,568.0,8.0,4.5070445720614885,14,372.0,0.30891108089958585,18,535.0,0.13741641863303186,32,907.0
2915.0,38,578.0,8.5,4.199258106915138,15,346.0,0.3159942714147424,23,575.0,0.12529565616822494,38,921.0
2920.0,38,512.0,7.641791044776119,3.4198219677017474,16,301.0,0.24964541442518492,22,583.0,0.14013696904085285,38,884.0
2925.0,42,589.0,8.791044776119403,2.8594236017442123,18,318.0,0.19741271117436632,24,640.0,0.1455297721241414,42,958.0
2930.0,34,529.0,8.015151515151516,3.6175506291954003,18,346.0,0.10538413748049834,16,643.0,0.23386516983436725,34,989.0
2935.0,23,549.0,8.073529411764707,4.700270043849808,13,340.0,0.13764317404610668,10,629.0,0.25176069378088994,23,969.0
2940.0,23,491.0,7.220588235294118,5.094375477174197,12,325.0,0.04769389000968314,11,585.0,0.3177292159973842,23,910.0
2945.0,26,272.0,4.317460317460317,4.592613825089323,14,317.0,0.1356159926055464,12,503.0,0.24056929610770117,26,820.0
2950.0,30,329.0,5.306451612903226,3.8116928554636673,12,347.0,0.2244694368996767,18,513.0,0.19805215972193224,30,860.0
2955.0,32,417.0,6.725806451612903,4.227644876903024,10,348.0,0.3359222872337592,22,536.0,0.15813045654662436,32,884.0
2960.0,31,423.0,7.05,3.8205957362032437,10,340.0,0.32783004270225874,21,571.0,0.1513308719182631,31,911.0
2965.0,25,298.0,4.73015873015873,4.844683181550105,9,292.0,0.3275076600434954,16,551.0,0.22497060414064232,25,843.0
2970.0,22,255.0,4.112903225806452,4.579112941944993,11,293.0,0.23118191050552275,11,489.0,0.3039326905100071,22,782.0
2975.0,30,322.0,5.111111111111111,4.683287943303817,14,326.0,0.3165577801387216,16,400.0,0.24777118831142342,30,726.0
2980.0,33,369.0,5.676923076923077,3.719198610983364,13,317.0,0.27831090756403326,20,459.0,0.18652033503699586,33,776.0
2985.0,37,466.0,6.6571428571428575,3.9650658098347953,12,319.0,0.303453501903064,25,534.0,0.1639650111670501,37,853.0
2990.0,38,506.0,7.027777777777778,4.1637091768417,15,339.0,0.31996278000757433,23,586.0,0.21296277977046713,38,925.0
2995.0,28,414.0,6.088235294117647,4.417086441331641,9,311.0,0.34314696983618864,19,549.0,0.18256051003432497,28,860.0
3000.0,24,293.0,4.3088235294117645,3.96473229087836,8,293.0,0.2593952450865248,16,506.0,0.16872680182169064,24,799.0
3005.0,36,400.0,5.47945205479452,4.013567325776949,16,334.0,0.21957034372300874,20,511.0,0.17255241234343333,36,845.0
3010.0,40,438.0,6.4411764705882355,3.4400256932351105,16,301.0,0.25577649353201753,24,555.0,0.1904665066733724,40,856.0
3015.0,32,540.0,7.9411764705882355,4.597480015159235,16,293.0,0.16207880050333984,16,526.0,0.3168959836958841,32,819.0
3020.0,36,551.0,7.652777777777778,3.8529315468374596,17,307.0,0.03961165447921588,19,511.0,0.2827652062966725,36,818.0
3025.0,30,400.0,5.405405405405405,4.564685637369436,10,269.0,0.21126869051706418,20,548.0,0.21257838867315848,30,817.0
3030.0,31,428.0,5.863013698630137,5.083641042649996,6,219.0,0.3974213061005576,25,597.0,0.15856888394480567,31,816.0
3035.0,31,329.0,4.633802816901408,4.910620043958789,5,127.0,0.4240206976464966,26,649.0,0.1068948270652143,31,776.0
3040.0,32,377.0,5.385714285714286,4.552538687645886,7,113.0,0.3672856246285064,25,693.0,0.1779319413192563,32,806.0
3045.0,24,334.0,4.911764705882353,4.764218742669536,6,115.0,0.3395031915792648,18,664.0,0.24300756332444934,24,779.0
3050.0,18,229.0,3.4696969696969697,4.697329306066594,4,88.0,0.2823258060607943,14,633.0,0.23610632448701097,18,721.0
3055.0,20,259.0,3.8656716417910446,4.96351687564461,2,67.0,0.38534116902977744,18,630.0,0.17364921405341388,20,697.0
3060.0,33,336.0,4.9411764705882355,4.78532270382522,10,92.0,0.41500912541854573,23,667.0,0.09853249392792221,33,759.0
3065.0,28,395.0,6.171875,4.74472971319278,5,104.0,0.4811496030835169,23,692.0,0.09799246327991211,28,796.0
3070.0,27,433.0,6.873015873015873,5.007784349613607,4,80.0,0.4806305356707403,23,733.0,0.12736007473845523,27,813.0
3075.0,19,330.0,5.409836065573771,5.20096491703241,4,35.0,0.3174443134956064,15,690.0,0.2234441867863274,19,725.0
3080.0,22,303.0,4.887096774193548,5.550230165562132,9,65.0,0.31590924726401803,13,660.0,0.2844966489575679,22,725.0
3085.0,24,250.0,4.310344827586207,4.878766709913371,7,95.0,0.385842157972771,17,640.0,0.23311990386875842,24,735.0
3090.0,26,259.0,4.316666666666666,4.363368557302817,6,95.0,0.4240126517298957,20,675.0,0.20908601867899174,26,770.0
3095.0,28,326.0,5.52542372881356,3.91861874145844,5,81.0,0.31589408749740716,23,737.0,0.24557867559148142,28,818.0
3100.0,29,403.0,6.716666666666667,4.4325508746731055,7,102.0,0.3340805917366613,22,768.0,0.26097112513440507,29,870.0
3105.0,23,318.0,5.213114754098361,4.940217155562222,7,108.0,0.3211299006054876,16,716.0,0.21828645263002025,23,824.0
3110.0,21,314.0,5.413793103448276,5.005520052940711,5,66.0,0.2629598809183298,16,638.0,0.14416177265892663,21,704.0
3115.0,22,298.0,5.228070175438597,4.643317825806391,6,69.0,0.3085447606790206,16,559.0,0.1248605574820279,22,628.0
3120.0,29,327.0,5.945454545454545,4.134685899693231,7,85.0,0.39231988580478505,22,575.0,0.16259118772942235,29,660.0
3125.0,26,263.0,4.696428571428571,4.267238103740074,4,96.0,0.4721216734843365,22,529.0,0.21698714762133164,26,625.0
3130.0,22,302.0,5.490909090909091,4.727061431164873,4,93.0,0.525150395702176,18,536.0,0.2421756970897582,22,629.0
3135.0,22,229.0,3.8813559322033897,4.759892384279292,6,70.0,0.2944920812357835,16,500.0,0.2513809375668826,22,570.0
3140.0,27,209.0,3.4262295081967213,4.3520262845846895,9,75.0,0.2216798355922815,18,523.0,0.20504706180893414,27,598.0
3145.0,23,271.0,4.370967741935484,5.350615518402688,4,91.0,0.4495120221846977,19,547.0,0.2573547087951575,23,638.0
3150.0,25,342.0,5.60655737704918,5.179587221956854,4,82.0,0.6127110402204109,21,575.0,0.17523917329285973,25,657.0
3155.0,26,408.0,6.476190476190476,5.086886176203863,6,100.0,0.4675458987961858,20,560.0,0.1879950907921034,26,660.0
3160.0,26,403.0,6.296875,4.749603790109694,5,73.0,0.38133100909795137,21,604.0,0.1645655152687052,26,677.0
3165.0,34,468.0,7.3125,4.739859472632691,10,107.0,0.34985965289857823,24,605.0,0.17894437638346472,34,712.0
3170.0,30,530.0,8.412698412698413,3.7957570973294943,7,133.0,0.37338042777921593,23,681.0,0.14457635327862609,30,814.0
3175.0,30,604.0,9.587301587301587,4.948323434039858,9,152.0,0.4902160093442364,21,707.0,0.13511274905260262,30,859.0
3180.0,28,559.0,8.6,4.881527154284114,6,93.0,0.4978362674865971,22,737.0,0.08832771249864205,28,830.0
3185.0,29,640.0,9.552238805970148,5.564351428802739,9,113.0,0.32214064853714586,20,733.0,0.23866170646809248,29,846.0
3190.0,30,672.0,10.338461538461539,4.592492963349538,10,109.0,0.19724129103114899,20,790.0,0.24777351297460626,30,899.0
3195.0,30,746.0,12.03225806451613,4.872804076493663,12,135.0,0.21131280494938762,18,827.0,0.2808714314228588,30,962.0
3200.0,28,631.0,10.694915254237289,4.049446869642562,8,143.0,0.3085820153509868,20,757.0,0.19594314073453795,28,900.0
3205.0,30,433.0,6.983870967741935,4.36406843338227,8,143.0,0.32084794073166784,22,685.0,0.18875284589192262,30,828.0
3210.0,25,325.0,5.0,4.343081010075058,7,130.0,0.39767773746709345,18,750.0,0.20271185595473934,25,880.0
3215.0,23,356.0,5.313432835820896,5.42703066113307,5,61.0,0.44357482123030173,18,790.0,0.25358668401192874,23,851.0
3220.0,27,345.0,5.0,4.297294463085379,3,62.0,0.4058428920295086,24,822.0,0.13292994560412452,27,884.0
3225.0,28,359.0,4.986111111111111,4.889500891378341,8,79.0,0.43164513009689354,20,836.0,0.1631483421177819,28,915.0
3230.0,28,424.0,5.888888888888889,4.5480959314182705,7,94.0,0.4079576823837942,21,833.0,0.17380572760810023,28,927.0
3235.0,31,448.0,6.309859154929577,4.405086423874955,7,93.0,0.3860323198161357,24,775.0,0.16741845870423377,31,868.0
3240.0,30,487.0,6.763888888888889,4.1059079494989845,7,73.0,0.31825602657901075,23,738.0,0.15054452513696748,30,811.0
3245.0,36,593.0,8.013513513513514,3.7805217879766233,13,109.0,0.3466715094068746,23,795.0,0.1517330779784737,36,904.0
3250.0,30,625.0,8.445945945945946,4.715135875797238,11,139.0,0.33648674409769713,19,797.0,0.2771061463478675,30,936.0
3255.0,29,642.0,9.304347826086957,4.588079202615101,11,147.0,0.24522795448309628,18,771.0,0.2723325941719708,29,918.0
3260.0,28,619.0,8.971014492753623,3.964113019850573,11,173.0,0.20168661815225797,17,766.0,0.1625353950973819,28,939.0
3265.0,43,488.0,6.9714285714285715,3.541173613929953,20,208.0,0.20184768377159332,23,690.0,0.1429454175601393,43,898.0
3270.0,38,499.0,7.231884057971015,3.7089338657819666,15,263.0,0.29174811044052384,23,549.0,0.18018633800325942,38,812.0
3275.0,42,621.0,9.0,3.7528807342990813,18,307.0,0.30190491674045544,24,612.0,0.21446534888609023,42,919.0
3280.0,33,658.0,9.267605633802816,4.176310668553373,15,345.0,0.26603976061838464,18,634.0,0.27579786790115807,33,979.0
3285.0,27,609.0,8.342465753424657,4.347862109695503,10,323.0,0.29450242436471874,17,599.0,0.21083041149823223,27,922.0
3290.0,29,425.0,5.743243243243243,4.156056492669128,10,284.0,0.30473558621276375,19,558.0,0.12407007023171432,29,842.0
3295.0,34,357.0,4.958333333333333,4.426830717354585,12,244.0,0.31371543723311107,22,537.0,0.16921345825941497,34,781.0
3300.0,37,456.0,6.2465753424657535,3.3546926701743205,15,279.0,0.2439193874461822,22,593.0,0.14832371852621498,37,872.0
3305.0,29,454.0,6.485714285714286,3.529322864542304,15,294.0,0.16660965738498937,14,610.0,0.17041676803379463,29,904.0
3310.0,28,399.0,5.619718309859155,4.062100370630152,13,325.0,0.15983842659794562,15,569.0,0.20651305289563784,28,894.0
3315.0,32,421.0,5.847222222222222,4.323546011579289,15,352.0,0.13977522409687043,17,504.0,0.21349250263267786,32,856.0
3320.0,36,383.0,5.319444444444445,3.378307787594528,17,367.0,0.16161697939372974,19,505.0,0.20047008723767032,36,872.0
3325.0,37,451.0,6.094594594594595,4.430574799663375,18,351.0,0.20187751778935661,19,465.0,0.2934393055599358,37,816.0
3330.0,36,485.0,6.381578947368421,4.287254533739862,18,386.0,0.18843700810729558,18,494.0,0.31533682146574593,36,880.0
3335.0,24,350.0,4.666666666666667,4.8965453563992165,11,355.0,0.2334251337923185,13,446.0,0.2800018506545982,24,801.0
3340.0,22,314.0,4.550724637681159,4.968189281307367,8,260.0,0.3785901427433479,14,479.0,0.2028802824249135,22,739.0
3345.0,38,417.0,5.791666666666667,3.979087211853554,16,307.0,0.19916140495826679,22,525.0,0.13652773610551552,38,832.0
3350.0,41,510.0,7.5,3.0626817793238357,18,347.0,0.21390418185532248,23,600.0,0.12035513110417466,41,947.0
3355.0,39,617.0,8.690140845070422,3.9001208445622364,14,346.0,0.30135104811799496,25,700.0,0.15680705498845943,39,1046.0
3360.0,37,668.0,9.277777777777779,3.8101717873277305,15,355.0,0.278198924886538,22,734.0,0.21462956347829168,37,1089.0
3365.0,28,585.0,8.602941176470589,4.273924892559642,12,318.0,0.29623949465178107,16,684.0,0.18639724456230666,28,1002.0
3370.0,25,428.0,6.388059701492537,4.13750726202698,12,308.0,0.23823306578131298,13,645.0,0.19669011575583975,25,953.0
3375.0,28,262.0,3.8529411764705883,3.7447076566004007,15,299.0,0.18782422485023995,13,514.0,0.1549981930093894,28,813.0
3380.0,37,397.0,5.753623188405797,3.178834149117191,17,336.0,0.1761104967325799,20,471.0,0.21568861305695508,37,807.0
3385.0,35,483.0,6.9,4.058903861014733,14,349.0,0.3062090285116967,21,504.0,0.20703988391663425,35,853.0
3390.0,27,450.0,6.164383561643835,4.723246795604955,14,353.0,0.29080079430143485,13,458.0,0.237725018450618,27,811.0
3395.0,26,406.0,5.413333333333333,5.195543007342942,15,400.0,0.26922194049916937,11,366.0,0.2707919711625216,26,766.0
3400.0,30,467.0,6.064935064935065,4.876581772463281,17,429.0,0.24016862595088123,13,352.0,0.26993300526857267,30,781.0
3405.0,36,567.0,7.662162162162162,4.749933870420466,17,451.0,0.31865422782310027,19,388.0,0.2282655921031306,36,839.0
3410.0,39,691.0,9.213333333333333,4.003784124948876,18,510.0,0.2577580642693079,21,439.0,0.20585354616859772,39,949.0
3415.0,43,827.0,11.026666666666667,3.736832646184455,20,591.0,0.2841156633172905,23,480.0,0.14816507708280913,43,1071.0
3420.0,35,762.0,10.16,3.7872189085727026,17,612.0,0.19275947449327363,18,448.0,0.20751899459054451,35,1060.0
3425.0,25,706.0,9.168831168831169,5.165542546921106,12,578.0,0.2761639168240661,13,439.0,0.25418095605844715,25,1017.0
3430.0,26,440.0,5.7894736842105265,5.024721684084879,12,524.0,0.20142469506272023,14,363.0,0.2623898967738046,26,887.0
3435.0,36,322.0,4.2368421052631575,4.370513974999267,17,441.0,0.13846094300357328,19,294.0,0.24188057881397312,36,735.0
3440.0,34,387.0,5.301369863013699,4.2228979134065945,15,477.0,0.26660402165823216,19,333.0,0.236595788460493,34,810.0
3445.0,33,446.0,6.027027027027027,4.940137439026478,13,452.0,0.35847348004789703,20,389.0,0.24792660987288276,33,841.0
3450.0,36,538.0,7.173333333333333,3.6687947608182747,15,440.0,0.1882444304334341,21,449.0,0.19814705757531337,36,889.0
3455.0,40,656.0,8.631578947368421,3.9787264034242,18,428.0,0.19659956391835343,22,505.0,0.2241990542440198,40,933.0
3460.0,43,717.0,9.311688311688311,3.2148486464121206,20,472.0,0.18974693025940098,23,533.0,0.1679609737379327,43,1005.0
3465.0,35,598.0,8.08108108108108,3.4580775363675813,17,498.0,0.1849432883071884,18,463.0,0.16100672241169584,35,961.0
3470.0,28,442.0,5.740259740259741,4.2506046079276265,15,443.0,0.18651622404344692,13,486.0,0.22628771463357283,28,929.0
3475.0,34,385.0,4.8734177215189876,4.869155376576347,17,415.0,0.20301858719707871,17,480.0,0.2298338573535675,34,895.0
3480.0,38,366.0,4.815789473684211,3.8955574680394944,16,406.0,0.24513038093432052,22,528.0,0.16487898726957906,38,934.0
3485.0,44,519.0,6.569620253164557,4.079424169373796,20,414.0,0.22134441225888388,24,593.0,0.22833843833513923,44,1007.0
3490.0,44,593.0,7.2317073170731705,3.6705254297340373,21,460.0,0.2252468537290926,23,607.0,0.2309304895818305,44,1067.0
3495.0,31,483.0,6.0375,4.23701348054835,12,435.0,0.2626391655437723,19,532.0,0.18754807795852937,31,967.0
3500.0,26,508.0,6.430379746835443,4.623854894920105,10,405.0,0.21114257611660595,16,497.0,0.2174379058931179,26,902.0
3505.0,29,450.0,5.555555555555555,4.755459436155593,15,362.0,0.19029141815796016,14,478.0,0.22186923081687174,29,840.0
3510.0,36,535.0,6.772151898734177,4.295385717652634,18,401.0,0.2628155399895479,18,459.0,0.16912626317187254,36,860.0
3515.0,33,613.0,7.961038961038961,4.672070357708621,10,396.0,0.3315825496314347,23,503.0,0.1827104159806764,33,899.0
3520.0,29,590.0,8.194444444444445,4.42896899629479,11,347.0,0.25920848630710946,18,505.0,0.1948808315253306,29,852.0
3525.0,25,346.0,4.675675675675675,4.101313404911782,10,271.0,0.21573402107142206,15,476.0,0.19227849903870664,25,747.0
3530.0,31,306.0,3.923076923076923,4.34713772757823,14,301.0,0.22499645116312852,17,438.0,0.24167323227682375,31,739.0
3535.0,41,373.0,4.973333333333334,3.8645632150699907,18,341.0,0.2076129681105225,23,467.0,0.2639252203589566,41,808.0
3540.0,40,417.0,5.415584415584416,4.0994848839073175,17,387.0,0.24510149103860285,23,486.0,0.20212659275007994,40,873.0
3545.0,36,406.0,5.2727272727272725,3.9737461586346443,12,373.0,0.24045781746752343,24,537.0,0.14265182848421845,36,910.0
3550.0,30,373.0,4.973333333333334,4.5686084141183025,9,355.0,0.2954910768420277,21,532.0,0.1496766741510255,30,887.0
3555.0,27,378.0,5.478260869565218,5.767066585186842,10,313.0,0.33205188996941637,17,522.0,0.2389097002054202,27,835.0
3560.0,20,285.0,4.523809523809524,5.581448031056638,7,221.0,0.2761410450442874,13,465.0,0.27108357456156135,20,686.0
3565.0,25,358.0,6.172413793103448,4.818274352743999,9,198.0,0.30638597526799555,16,466.0,0.23619494197113128,25,664.0
3570.0,30,391.0,7.2407407407407405,4.30069987625287,11,206.0,0.36403815296053393,19,498.0,0.18155297090646572,30,704.0
3575.0,26,445.0,7.946428571428571,4.310921381754675,10,237.0,0.2712455866097542,16,520.0,0.19757081567926751,26,757.0
3580.0,28,455.0,7.583333333333333,3.9418927769191665,12,240.0,0.2487326206976798,16,540.0,0.19339705700739634,28,780.0
3585.0,18,433.0,7.872727272727273,5.1560974496757845,7,205.0,0.3480183462797679,11,504.0,0.20592518872200155,18,709.0
3590.0,20,338.0,5.9298245614035086,4.286903806638094,8,210.0,0.29564906131529933,12,436.0,0.14075446519262444,20,646.0
3595.0,28,300.0,5.172413793103448,4.68758677992121,14,224.0,0.25300773973509405,14,353.0,0.23747871338619955,28,577.0
3600.0,28,361.0,6.446428571428571,3.9234046119527073,14,254.0,0.21644376437123863,14,378.0,0.28856291147867996,28,632.0
3605.0,25,447.0,7.842105263157895,5.324108990919585,10,258.0,0.3901654482516698,15,444.0,0.2762945481811336,25,702.0
3610.0,21,334.0,5.475409836065574,4.904849457693601,8,154.0,0.366095245414288,13,438.0,0.20384342202095665,21,592.0
3615.0,20,247.0,3.9838709677419355,6.104042473574046,11,137.0,0.32595848928335686,9,381.0,0.35166760108705836,20,518.0
3620.0,21,293.0,4.650793650793651,5.117347710117782,11,161.0,0.19430282441487184,10,412.0,0.3252049769323606,21,573.0
3625.0,23,372.0,6.2,6.308375256002391,10,173.0,0.3431876699282005,13,460.0,0.35027036645597487,23,633.0
3630.0,22,371.0,6.625,5.19157061638719,8,166.0,0.3745115835673815,14,472.0,0.24741384525008653,22,638.0
3635.0,21,429.0,8.25,5.583689182983727,10,193.0,0.33005126587501055,11,450.0,0.2756128955021532,21,643.0
3640.0,23,367.0,7.0576923076923075,4.544025022643889,10,168.0,0.13602980514312904,13,413.0,0.25921804984641506,23,581.0
3645.0,23,422.0,8.27450980392157,5.064859968913687,12,199.0,0.18404792368193065,11,368.0,0.2892499694144238,23,567.0
3650.0,21,376.0,6.962962962962963,4.942081899046774,10,190.0,0.3100443653657965,11,391.0,0.2345646148452548,21,581.0
3655.0,25,463.0,8.735849056603774,4.951254743426472,9,171.0,0.344048809159485,16,417.0,0.24903568835840229,25,588.0
3660.0,21,313.0,6.019230769230769,5.25573665594933,7,150.0,0.34708180503600394,14,382.0,0.28648589071381847,21,532.0
3665.0,16,216.0,3.9272727272727272,6.218294223568577,2,73.0,0.4052781985242898,14,264.0,0.2552266051867145,16,337.0
3670.0,14,189.0,3.4363636363636365,6.114687339636949,2,30.0,0.5244008591548983,12,268.0,0.18611263353048013,14,298.0
3675.0,13,159.0,2.890909090909091,7.545996952067899,5,39.0,0.5560197486978785,8,214.0,0.3040734063857408,13,253.0
3680.0,11,98.0,1.849056603773585,7.28093579637851,5,45.0,0.45406802302881555,6,165.0,0.388263745438217,11,210.0
3685.0,16,94.0,1.8431372549019607,6.152572630453383,9,55.0,0.3458919040504561,7,122.0,0.2906643317674353,16,177.0
3690.0,20,125.0,2.5510204081632653,5.234412829870783,8,75.0,0.3990421326273005,12,155.0,0.25681104850947506,20,230.0
3695.0,22,228.0,4.56,5.8912189170571105,10,114.0,0.3879666813092889,12,200.0,0.30260942792790696,22,314.0
3700.0,20,198.0,3.8823529411764706,4.555839617939632,10,132.0,0.2724696377398718,10,195.0,0.2966813279417203,20,327.0
3705.0,16,155.0,2.8181818181818183,5.743881391865015,8,112.0,0.3142210722171539,8,145.0,0.2861772703729009,16,257.0
3710.0,15,170.0,3.207547169811321,6.6227493523399215,7,96.0,0.41643909467957296,8,138.0,0.2816400530906189,15,234.0
3715.0,16,189.0,3.375,6.999303337449963,9,120.0,0.3378514430080314,7,122.0,0.35455672819675427,16,242.0
3720.0,18,249.0,4.98,6.221957898687901,9,138.0,0.3018028731438508,9,155.0,0.4085675931955244,18,293.0
3725.0,19,226.0,4.913043478260869,5.520771278826187,11,155.0,0.28825571445384346,8,122.0,0.35199301468351574,19,277.0
3730.0,17,184.0,4.088888888888889,4.8931923857801145,7,141.0,0.42230244113856175,10,126.0,0.08602643758703507,17,267.0
3735.0,22,224.0,4.869565217391305,5.572907815347022,10,125.0,0.3418812169840116,12,158.0,0.23825491597135867,22,283.0
3740.0,21,262.0,5.574468085106383,5.121941997490441,10,140.0,0.30928726621872693,11,186.0,0.3112119716253936,21,326.0
3745.0,18,241.0,4.918367346938775,5.2436677940529375,11,147.0,0.283021791141129,7,183.0,0.40912781732846887,18,330.0
3750.0,14,141.0,2.877551020408163,5.997745609875437,8,130.0,0.3541494225617583,6,136.0,0.43892474118000424,14,266.0
3755.0,17,134.0,2.5283018867924527,5.662652588933689,10,126.0,0.27395673916567503,7,119.0,0.4014066142662348,17,245.0
3760.0,21,150.0,2.6785714285714284,5.883289774883688,9,134.0,0.3444557355567853,12,145.0,0.3678773169777445,21,279.0
3765.0,18,174.0,3.2830188679245285,6.271803023343578,7,98.0,0.40387291212630366,11,159.0,0.37256059232377703,18,257.0
3770.0,15,172.0,3.3076923076923075,6.034855198665786,8,97.0,0.25685255988313016,7,123.0,0.3214989180584243,15,220.0
3775.0,16,137.0,2.5849056603773586,6.087690875855271,7,85.0,0.2061179997045132,9,120.0,0.32493959966562036,16,205.0
3780.0,17,173.0,3.392156862745098,5.673058832183645,5,81.0,0.3461013632668074,12,164.0,0.3137578768365701,17,245.0
3785.0,19,230.0,4.509803921568627,5.702845642557945,8,108.0,0.4807800926992768,11,195.0,0.2842811639378547,19,303.0
3790.0,17,276.0,5.872340425531915,6.055656071671913,6,118.0,0.47113387871053986,11,211.0,0.3109715589810489,17,329.0
3795.0,17,302.0,5.921568627450981,5.446068238950889,8,118.0,0.320500504010436,9,238.0,0.3408570328150928,17,356.0
3800.0,22,307.0,5.7924528301886795,4.770762989948231,9,131.0,0.29490448816287407,13,267.0,0.2877239563837928,22,398.0
3805.0,23,246.0,4.6415094339622645,4.960339061734457,12,159.0,0.32686214234397754,11,208.0,0.3465195003674633,23,367.0
3810.0,25,262.0,4.763636363636364,4.333291725491908,10,159.0,0.32200216028838574,15,203.0,0.23481924724058936,25,362.0
3815.0,23,258.0,4.372881355932203,4.878651495533991,9,115.0,0.410699527718036,14,234.0,0.16277304756337568,23,349.0
3820.0,17,199.0,3.4310344827586206,6.113548249401416,6,103.0,0.46269948710095393,11,212.0,0.23314260751191415,17,315.0
3825.0,17,167.0,2.783333333333333,5.565146062141152,10,116.0,0.2291241738298988,7,181.0,0.3241388622413495,17,297.0
3830.0,25,249.0,4.081967213114754,5.270321517560473,12,161.0,0.21226606769703416,13,180.0,0.3460756250215855,25,341.0
3835.0,18,251.0,4.4035087719298245,5.853985475018503,7,172.0,0.3493627236103735,11,183.0,0.33935116982416663,18,355.0
3840.0,20,257.0,4.431034482758621,5.551045526882211,7,163.0,0.35315377712574714,13,205.0,0.23232907891860596,20,368.0
3845.0,24,299.0,5.245614035087719,5.327750652529126,11,197.0,0.3069134119142761,13,214.0,0.27840848614046726,24,411.0
3850.0,19,284.0,5.3584905660377355,5.056057046737801,10,224.0,0.20163766053034343,9,167.0,0.40257150420378296,19,391.0
3855.0,14,247.0,4.490909090909091,5.882401458069573,7,211.0,0.25501486104461835,7,131.0,0.3729033471240566,14,342.0
3860.0,17,158.0,3.0384615384615383,6.175969548048187,6,122.0,0.3901813294497358,11,147.0,0.30950476152039996,17,269.0
3865.0,21,194.0,3.5925925925925926,5.723535905130469,9,103.0,0.3610416930823495,12,171.0,0.2843043654456016,21,274.0
3870.0,20,244.0,4.357142857142857,5.873651805078841,6,111.0,0.45158601292987594,14,200.0,0.2747017466846819,20,311.0
3875.0,18,250.0,4.716981132075472,5.990134005338172,3,75.0,0.5091859709673711,15,235.0,0.26734584764577224,18,310.0
3880.0,18,230.0,4.035087719298246,5.485595827860504,4,72.0,0.4434328810698009,14,249.0,0.19801354039373995,18,321.0
3885.0,19,243.0,4.2631578947368425,5.5183073260322235,7,98.0,0.46207761703672395,12,266.0,0.22633142447992785,19,364.0
3890.0,19,182.0,3.4339622641509435,5.3620175871211435,6,103.0,0.40712067880202324,13,237.0,0.30837343756949703,19,340.0
3895.0,15,197.0,3.581818181818182,5.990945763197447,4,88.0,0.42535791295162817,11,271.0,0.32608819164425323,15,359.0
3900.0,17,225.0,4.090909090909091,5.823070328623663,4,95.0,0.3845659487013871,13,292.0,0.2532359699951637,17,387.0
3905.0,25,298.0,5.321428571428571,5.314851925110392,7,116.0,0.3826341566216964,18,340.0,0.23130445574616926,25,456.0
3910.0,24,356.0,6.716981132075472,5.133652803692949,7,154.0,0.4078317932314737,17,366.0,0.265849628690733,24,520.0
3915.0,24,305.0,5.648148148148148,3.4229723036910316,7,92.0,0.37975480993252825,17,395.0,0.17136571868489664,24,487.0
3920.0,21,320.0,5.614035087719298,5.060481482977836,8,114.0,0.44171124144258667,13,364.0,0.2258029514889805,21,478.0
3925.0,18,188.0,3.032258064516129,5.4115489759139335,7,118.0,0.40648320714984665,11,322.0,0.26172057508162094,18,440.0
3930.0,24,222.0,3.46875,5.627589932344997,6,96.0,0.3758627934534287,18,314.0,0.18235786316388727,24,410.0
3935.0,25,275.0,4.365079365079365,5.166356595082718,8,103.0,0.3280907239156284,17,347.0,0.21141978197835717,25,450.0
3940.0,18,312.0,4.9523809523809526,5.910450810111518,8,124.0,0.3480487683175428,10,350.0,0.27503099238706397,18,474.0
3945.0,18,235.0,3.7903225806451615,6.146947705121568,8,114.0,0.29910461838981584,10,314.0,0.3607279959582639,18,428.0
3950.0,26,328.0,5.125,5.564529979096664,13,168.0,0.24719492547265412,13,310.0,0.36507178193882533,26,478.0
3955.0,28,316.0,4.861538461538461,5.06096707556752,10,170.0,0.36326374176744275,18,329.0,0.24624796026017085,28,499.0
3960.0,23,262.0,4.09375,5.540857991671482,6,127.0,0.5299526887041965,17,307.0,0.15232365624374428,23,434.0
3965.0,25,317.0,4.876923076923077,5.801698532122162,6,134.0,0.5649561597597622,19,341.0,0.11332346824917634,25,475.0
3970.0,18,215.0,3.0714285714285716,5.546225768535898,5,90.0,0.4351551123396243,13,318.0,0.15101640563218374,18,408.0
3975.0,26,250.0,3.5714285714285716,5.144517850933707,15,127.0,0.2436351977065206,11,342.0,0.291683690401513,26,469.0
3980.0,33,348.0,4.833333333333333,5.329337562137628,14,186.0,0.28244033482780934,19,366.0,0.2727663422898312,33,552.0
3985.0,24,413.0,6.257575757575758,5.554149718526732,10,201.0,0.37343733666998463,14,395.0,0.30381879490343916,24,596.0
3990.0,22,376.0,5.529411764705882,5.04515115102787,9,183.0,0.29710695142176347,13,374.0,0.2167412276911548,22,557.0
3995.0,23,376.0,5.7846153846153845,5.530208690904902,10,156.0,0.2671321789397506,13,371.0,0.26684701140401174,23,527.0
4000.0,28,371.0,5.537313432835821,4.84391418312851,12,195.0,0.23971670230837283,16,343.0,0.2159480683136617,28,538.0
4005.0,24,275.0,4.508196721311475,5.032459088711102,10,203.0,0.33757031850152636,14,302.0,0.22039225694463144,24,505.0
4010.0,28,273.0,4.55,4.473902121628201,11,169.0,0.21774815122728497,17,308.0,0.15996953955842386,28,477.0
4015.0,30,308.0,5.049180327868853,4.661270566529986,15,188.0,0.25830109184263456,15,342.0,0.24685139312465468,30,530.0
4020.0,26,378.0,6.406779661016949,5.686721637163337,12,229.0,0.3646877371101184,14,337.0,0.31608906042053325,26,566.0
4025.0,21,356.0,6.137931034482759,5.162081294791474,8,222.0,0.3711180591759188,13,334.0,0.2432351311033241,21,556.0
4030.0,16,256.0,4.19672131147541,5.104767734625395,9,200.0,0.3430735641143142,7,263.0,0.10961741372917923,16,463.0
4035.0,21,219.0,3.532258064516129,5.184647217400592,12,177.0,0.2656223078441584,9,255.0,0.2140069067534764,21,432.0
4040.0,29,276.0,4.380952380952381,4.82520572672684,16,239.0,0.22022533488999058,13,200.0,0.2943491326315936,29,439.0
4045.0,31,373.0,5.920634920634921,4.612147059698524,20,297.0,0.23659629056949533,11,209.0,0.3311422706341807,31,506.0
4050.0,26,392.0,5.9393939393939394,5.04730249068907,18,339.0,0.3199281781373651,8,186.0,0.2359773449424373,26,525.0
4055.0,17,279.0,4.359375,5.806536967694494,10,325.0,0.36125424003035883,7,138.0,0.2174903706791553,17,463.0
4060.0,20,246.0,3.7846153846153845,5.833798132553704,10,259.0,0.3419168683055872,10,158.0,0.2412520863096895,20,417.0
4065.0,27,320.0,5.079365079365079,4.870636833731893,20,303.0,0.23515166539855548,7,179.0,0.34314607243247397,27,482.0
4070.0,28,409.0,6.596774193548387,4.453001579018175,21,384.0,0.16111757109146907,7,178.0,0.41627648689616586,28,562.0
4075.0,30,493.0,8.081967213114755,5.192684994560467,25,487.0,0.15113478253067755,5,169.0,0.564957680458479,30,656.0
4080.0,32,566.0,8.984126984126984,4.6955894684154424,25,543.0,0.17527638616051466,7,175.0,0.43260391844161245,32,718.0
4085.0,32,525.0,8.46774193548387,4.21252004751123,24,566.0,0.17746392659512872,8,187.0,0.37591223282892205,32,753.0
4090.0,30,617.0,10.283333333333333,4.5551624028237265,21,602.0,0.23342899763164054,9,216.0,0.41782914567479584,30,818.0
4095.0,27,488.0,7.746031746031746,4.251567037539299,20,606.0,0.16251990978945138,7,174.0,0.47908209101673466,27,780.0
4100.0,28,310.0,4.428571428571429,4.558958978610956,19,542.0,0.20424085303116718,9,96.0,0.3299044501574305,28,638.0
4105.0,25,332.0,4.611111111111111,5.498796317252188,16,503.0,0.3302952789649037,9,100.0,0.2359007614950132,25,603.0
4110.0,21,363.0,5.112676056338028,6.0591915717489915,15,522.0,0.3267492648749803,6,72.0,0.3665017674323964,21,594.0
4115.0,18,364.0,5.6,5.855182392404313,15,517.0,0.22325166088585105,3,54.0,0.5121111541227878,18,571.0
4120.0,27,342.0,5.2615384615384615,5.146034704667268,19,534.0,0.17452441517482778,8,72.0,0.43434589210886365,27,606.0
4125.0,28,427.0,6.569230769230769,5.204073856797465,23,568.0,0.16806251162241245,5,52.0,0.4697170542052308,28,620.0
4130.0,35,518.0,7.969230769230769,3.941987981792587,23,623.0,0.142474155960487,12,88.0,0.34422031430210914,35,711.0
4135.0,25,496.0,7.402985074626866,5.117832546044195,15,598.0,0.27016866064447925,10,107.0,0.3494165629686821,25,705.0
4140.0,25,444.0,6.626865671641791,5.384417614349632,16,588.0,0.2555459577578047,9,98.0,0.3089132342692661,25,686.0
4145.0,26,279.0,4.043478260869565,4.824528917049016,16,528.0,0.19272953009641677,10,115.0,0.27953642253166405,26,643.0
4150.0,31,294.0,4.523076923076923,4.258622328869138,19,549.0,0.21082526914835809,12,130.0,0.2761371324142573,31,679.0
4155.0,32,291.0,4.476923076923077,3.937542766980692,20,552.0,0.21325119817838575,12,154.0,0.2666217496052429,32,706.0
4160.0,31,353.0,5.515625,4.277977274270433,22,587.0,0.19106060910536257,9,159.0,0.3367159023860091,31,746.0
4165.0,25,284.0,4.4375,4.43294835330304,16,574.0,0.1959558418842058,9,158.0,0.25469463737060327,25,732.0
4170.0,23,316.0,4.861538461538461,4.756264820435552,17,530.0,0.1531497635365926,6,125.0,0.27269589392435667,23,655.0
4175.0,21,273.0,4.265625,4.85821877689205,15,492.0,0.20038663652761396,6,102.0,0.24529883209132505,21,594.0
4180.0,30,344.0,5.375,4.87617336544588,20,513.0,0.22300736905810442,10,139.0,0.3555034901897793,30,652.0
4185.0,27,385.0,6.311475409836065,4.356410144431602,21,535.0,0.19415174160953885,6,148.0,0.36559900104880266,27,683.0
4190.0,32,472.0,7.737704918032787,3.981313491858134,24,592.0,0.1998777735155976,8,166.0,0.32380983729448143,32,758.0
4195.0,25,398.0,6.21875,4.471215125524692,17,600.0,0.2651571974900434,8,165.0,0.2620792713073148,25,765.0
4200.0,21,449.0,6.907692307692308,5.167975477478217,16,586.0,0.20897486554435293,5,134.0,0.4139545002063541,21,720.0
4205.0,20,486.0,7.838709677419355,6.678128468157625,15,573.0,0.28584551680614606,5,153.0,0.5352419532330943,20,726.0
4210.0,22,450.0,7.258064516129032,6.159143970195115,19,549.0,0.16571567610074328,3,156.0,0.4895880286652265,22,705.0
4215.0,26,484.0,7.934426229508197,4.779889666508763,21,595.0,0.1516888264579288,5,148.0,0.47362205936190643,26,743.0
4220.0,29,589.0,10.517857142857142,4.963161336398943,23,637.0,0.26986126632616275,6,177.0,0.3529568364256747,29,814.0
4225.0,27,656.0,11.508771929824562,4.494116701154743,19,678.0,0.2785068058376051,8,209.0,0.29205964788457833,27,887.0
4230.0,22,603.0,9.725806451612904,4.741767145457006,16,659.0,0.21445256355051312,6,229.0,0.37726140452302176,22,888.0
4235.0,21,360.0,5.294117647058823,5.548016881376672,15,523.0,0.17959868627453815,6,228.0,0.4622408406617748,21,751.0
4240.0,21,253.0,3.6142857142857143,6.524531624693492,18,452.0,0.21243694541803268,3,147.0,0.5529733225482348,21,599.0
4245.0,29,291.0,4.217391304347826,5.519249456879542,22,488.0,0.18737306201045847,7,62.0,0.4786405306292359,29,550.0
4250.0,28,266.0,4.03030303030303,4.852518607513534,21,490.0,0.24979270223827316,7,60.0,0.4151802359292486,28,550.0
4255.0,27,317.0,4.594202898550725,4.517904818337552,19,509.0,0.18438773573850453,8,91.0,0.43923570520214344,27,600.0
4260.0,24,231.0,3.1216216216216215,5.273259424784306,14,439.0,0.29277217312551124,10,104.0,0.3727277636082755,24,543.0
4265.0,23,268.0,3.4805194805194803,5.818235555438326,17,414.0,0.32137264614215183,6,95.0,0.3649977724585686,23,509.0
4270.0,22,320.0,4.266666666666667,5.388399976544724,14,400.0,0.3310793775236399,8,98.0,0.25994934208484055,22,498.0
4275.0,31,397.0,5.438356164383562,4.467716560447898,15,395.0,0.27777986031119073,16,161.0,0.2044491561996071,31,556.0
4280.0,37,462.0,5.923076923076923,3.744347286315248,21,447.0,0.20238444163558328,16,190.0,0.191137829111687,37,637.0
4285.0,33,572.0,7.626666666666667,4.197314299273565,20,516.0,0.21635520985790652,13,221.0,0.2776949856264756,33,737.0
4290.0,34,573.0,7.5394736842105265,4.731950125629746,19,548.0,0.23997031012207803,15,248.0,0.27782135386407353,34,796.0
4295.0,35,678.0,9.04,4.828068122344189,20,576.0,0.14504123397155919,15,290.0,0.340098638889426,35,866.0
4300.0,36,600.0,8.219178082191782,4.022017437986236,22,596.0,0.11578054100428563,14,291.0,0.2883997970390429,36,887.0
4305.0,32,384.0,5.408450704225352,3.974405533619325,22,585.0,0.13611452210855612,10,222.0,0.28270897517126425,32,807.0
4310.0,32,400.0,5.633802816901408,3.9172026707045497,19,621.0,0.1314694780314237,13,255.0,0.2622239826803118,32,876.0
4315.0,37,444.0,6.166666666666667,3.898869050914906,19,628.0,0.17060517233876837,18,315.0,0.22157732240203273,37,943.0
4320.0,39,500.0,6.8493150684931505,2.77819846010727,19,663.0,0.16165400664254403,20,352.0,0.15906374291918587,39,1015.0
4325.0,28,404.0,5.690140845070423,4.443015080919404,14,642.0,0.24105062312536435,14,348.0,0.2351877717343771,28,990.0
4330.0,25,367.0,5.027397260273973,4.355589428583477,15,635.0,0.18678394551182745,10,334.0,0.20597695796668256,25,969.0
4335.0,30,388.0,5.105263157894737,4.239855672797009,17,653.0,0.12711243279960668,13,296.0,0.22128990244386565,30,949.0
4340.0,38,479.0,6.386666666666667,3.7951426522077503,19,683.0,0.1579745893851954,19,322.0,0.22349276627322553,38,1005.0
4345.0,28,512.0,7.211267605633803,4.814226919037606,16,640.0,0.23188298250671,12,331.0,0.27479078284591213,28,971.0
4350.0,20,346.0,5.0144927536231885,4.856977021950578,12,603.0,0.24924026956863293,8,254.0,0.25617937704067567,20,857.0
4355.0,30,401.0,5.418918918918919,5.084355505505281,16,556.0,0.2901916944202744,14,219.0,0.2090829471983476,30,775.0
4360.0,33,293.0,4.069444444444445,4.55597626428388,18,544.0,0.33201538599149816,15,218.0,0.20017243931326772,33,762.0
4365.0,34,428.0,6.028169014084507,4.887174948569659,18,543.0,0.2987623732148459,16,262.0,0.29251351042214774,34,805.0
4370.0,33,460.0,6.388888888888889,4.487784086711127,20,585.0,0.2320570709005031,13,276.0,0.2472744688618508,33,861.0
4375.0,26,386.0,5.676470588235294,4.502897953152912,18,586.0,0.11128638671575607,8,228.0,0.24314642214488666,26,814.0
4380.0,20,392.0,5.9393939393939394,4.767275105772186,16,628.0,0.08506087526874893,4,196.0,0.3477090534097625,20,824.0
4385.0,32,491.0,7.553846153846154,4.514862760242347,20,664.0,0.10826128515890376,12,230.0,0.2881949888837108,32,894.0
4390.0,32,526.0,8.483870967741936,4.297861426090164,19,713.0,0.12085360144874654,13,247.0,0.358309725466329,32,960.0
4395.0,25,580.0,9.666666666666666,5.615326788901791,12,716.0,0.2534258824735608,13,235.0,0.36916947190912064,25,951.0
4400.0,24,472.0,7.737704918032787,4.517998700115545,11,622.0,0.21101681542141956,13,227.0,0.2515476480058323,24,849.0
4405.0,21,230.0,3.7704918032786887,5.117122698125705,12,470.0,0.16985612889461044,9,168.0,0.32549477659384135,21,638.0
4410.0,19,246.0,4.1,4.5021364655121605,12,493.0,0.1530902993118828,7,173.0,0.3037750571226479,19,666.0
4415.0,26,302.0,4.870967741935484,5.312232922071792,8,474.0,0.3094762699322787,18,215.0,0.218718412457416,26,689.0
4420.0,24,331.0,5.426229508196721,5.008019927169299,8,399.0,0.2591622386408357,16,244.0,0.23266967171061897,24,643.0
4425.0,29,434.0,7.0,5.423857541062828,11,317.0,0.3166227330303551,18,295.0,0.2434182129506655,29,612.0
4430.0,26,327.0,5.637931034482759,4.586618192079018,11,250.0,0.25051234181572246,15,305.0,0.31653246743055646,26,555.0
4435.0,20,297.0,5.2105263157894735,5.535962211807904,12,248.0,0.21498182165092733,8,243.0,0.3880739193015999,20,491.0
4440.0,20,214.0,3.8214285714285716,4.5223133355061185,13,262.0,0.117642977799098,7,214.0,0.31029127200395223,20,476.0
4445.0,22,232.0,4.218181818181818,4.754994625216015,8,225.0,0.3002280241625405,14,206.0,0.12041189851308547,22,431.0
4450.0,24,209.0,3.732142857142857,4.690539090260114,7,168.0,0.36395150132596227,17,234.0,0.1287411436764053,24,402.0
4455.0,17,212.0,3.7857142857142856,6.123884721549552,6,148.0,0.4326822705172044,11,214.0,0.25865775060604773,17,362.0
4460.0,17,201.0,3.6545454545454548,5.598227012085768,8,163.0,0.3050779477097007,9,224.0,0.3504445912663379,17,387.0
4465.0,25,282.0,4.947368421052632,5.802834337727399,12,215.0,0.29351765776764505,13,232.0,0.33513439763719666,25,447.0
4470.0,22,284.0,5.071428571428571,5.014355557556769,7,215.0,0.3607061503121122,15,271.0,0.3052712960173432,22,486.0
4475.0,24,354.0,6.2105263157894735,5.804226821051067,6,203.0,0.4679052637791769,18,320.0,0.26206315028242927,24,523.0
4480.0,26,311.0,5.183333333333334,4.987881423650988,7,98.0,0.44775150603974145,19,348.0,0.188970217706953,26,446.0
4485.0,20,247.0,3.9206349206349205,5.795517117456218,7,85.0,0.4298208158367126,13,310.0,0.24799271864335418,20,395.0
4490.0,20,270.0,4.426229508196721,5.180047525820345,7,92.0,0.31991153039447146,13,328.0,0.2585216882169229,20,420.0
4495.0,20,311.0,5.183333333333334,6.217476049855458,7,105.0,0.4012506910800083,13,355.0,0.2715072462566691,20,460.0
4500.0,19,235.0,3.9166666666666665,5.219749878733284,7,89.0,0.27619939544204625,12,323.0,0.20246053699084604,19,412.0
4505.0,27,254.0,4.456140350877193,5.049293477014327,12,128.0,0.23841136548838707,15,287.0,0.2497855458545249,27,415.0
4510.0,25,278.0,5.148148148148148,4.497339323929508,10,163.0,0.3002872529448119,15,290.0,0.21135143319669228,25,453.0
4515.0,14,235.0,4.351851851851852,5.719168508534421,5,152.0,0.41760413393586737,9,267.0,0.21398739098674954,14,419.0
4520.0,15,197.0,3.8627450980392157,5.276822654575727,3,96.0,0.3899240103008598,12,281.0,0.18927489006158504,15,377.0
4525.0,23,279.0,5.365384615384615,5.668496971343762,8,105.0,0.3342216780738897,15,310.0,0.1843997834219214,23,415.0
4530.0,17,313.0,6.137254901960785,5.132878642445908,5,112.0,0.3808766562668143,12,317.0,0.2151335584613009,17,429.0
4535.0,14,321.0,6.829787234042553,6.440373361711255,4,88.0,0.4376836298621783,10,286.0,0.3119648980293769,14,374.0
4540.0,14,181.0,4.209302325581396,6.378666025463455,3,44.0,0.46648868124378473,11,260.0,0.27327654896828885,14,304.0
4545.0,15,228.0,5.181818181818182,6.549760516738673,2,21.0,0.6092324607104429,13,275.0,0.23602250392490157,15,296.0
4550.0,16,271.0,7.131578947368421,5.554312665773165,2,28.0,0.5900644383213074,14,320.0,0.2257333205411404,16,348.0
4555.0,14,295.0,7.564102564102564,6.344148003753243,3,45.0,0.6008453900427551,11,346.0,0.2820664485697139,14,391.0
4560.0,14,242.0,6.368421052631579,4.932003309870065,4,59.0,0.5667791930127474,10,319.0,0.14735230557965986,14,378.0
4565.0,19,233.0,6.131578947368421,5.264950482709999,6,88.0,0.5500687977330069,13,249.0,0.1316351482131439,19,337.0
4570.0,16,167.0,4.282051282051282,4.197905541546012,6,78.0,0.4128467982150905,10,241.0,0.14547867659329566,16,319.0
4575.0,18,202.0,5.05,4.820188593588428,9,98.0,0.1559506467685561,9,195.0,0.3266042772424826,18,293.0
4580.0,17,160.0,3.8095238095238093,4.856308640735186,9,102.0,0.08168801180490716,8,197.0,0.34493870763262957,17,299.0
4585.0,15,193.0,4.386363636363637,6.515741795065631,6,84.0,0.2499591638030784,9,216.0,0.3709900836093361,15,300.0
4590.0,11,172.0,4.095238095238095,6.171207128981781,4,80.0,0.37334976786309076,7,207.0,0.30322121328135976,11,287.0
4595.0,11,197.0,4.5813953488372094,7.511237318943937,4,72.0,0.5612074571077986,7,197.0,0.3808975203229735,11,269.0
4600.0,10,125.0,3.048780487804878,6.8155762208673405,3,66.0,0.5744631093408039,7,151.0,0.4057756036372864,10,217.0
4605.0,11,132.0,3.2195121951219514,6.665665295419084,6,93.0,0.4811360814547374,5,85.0,0.4181319986282177,11,178.0
4610.0,13,158.0,3.6744186046511627,5.659840801122337,6,92.0,0.4022504552454827,7,108.0,0.36131785308939596,13,200.0
4615.0,14,171.0,3.8,6.00094597753784,3,71.0,0.4678436898144087,11,134.0,0.27051672621410333,14,205.0
4620.0,18,252.0,5.478260869565218,6.218427329029579,5,87.0,0.4747218625175889,13,192.0,0.24029819329880825,18,279.0
4625.0,14,227.0,4.63265306122449,5.976821267285363,5,90.0,0.32375933975890286,9,168.0,0.33598633464763383,14,258.0
4630.0,18,275.0,5.5,6.8840140513347485,9,128.0,0.282473824835534,9,165.0,0.42503680791125087,18,293.0
4635.0,14,198.0,4.5,6.403254212326662,8,149.0,0.28216097205704616,6,122.0,0.38414096293609046,14,271.0
4640.0,10,219.0,5.214285714285714,7.383750046015887,4,151.0,0.5112584979841236,6,90.0,0.24405410569506525,10,241.0
4645.0,12,161.0,3.926829268292683,6.171555211126839,5,75.0,0.49703036168672154,7,112.0,0.0689877503641103,12,187.0
4650.0,15,227.0,5.82051282051282,7.216583158197993,7,104.0,0.5456526857457158,8,144.0,0.17163336234918566,15,248.0
4655.0,11,164.0,4.1,5.783172289496352,5,58.0,0.3232445444626188,6,157.0,0.31738106862800175,11,215.0
4660.0,18,226.0,5.512195121951219,6.087751126376936,13,93.0,0.30531031099975364,5,160.0,0.47804360237327503,18,253.0
4665.0,15,164.0,3.9047619047619047,5.05056499699706,10,120.0,0.37251043352613344,5,131.0,0.33991594677407455,15,251.0
4670.0,13,170.0,3.953488372093023,6.908388811613128,9,124.0,0.4396154824537862,4,78.0,0.48662416774556727,13,202.0
4675.0,12,106.0,2.2083333333333335,5.680737557274244,9,139.0,0.32864100004696134,3,27.0,0.4220221123274003,12,166.0
4680.0,18,93.0,1.7547169811320755,5.659989228757206,14,155.0,0.31916051017685015,4,33.0,0.4387217720250624,18,188.0
4685.0,16,162.0,2.9454545454545453,6.089402937851559,13,181.0,0.3482575987985044,3,44.0,0.5497563039265261,16,225.0
4690.0,18,198.0,3.5357142857142856,5.607253791031401,15,220.0,0.29191349409275674,3,55.0,0.6513399243157086,18,275.0
4695.0,21,235.0,4.196428571428571,4.921245829041168,14,239.0,0.3097542985347267,7,79.0,0.3891420032407009,21,318.0
4700.0,23,259.0,4.389830508474576,3.8856046608195864,14,263.0,0.27065065046843195,9,112.0,0.20393477833221585,23,375.0
4705.0,32,327.0,4.8088235294117645,4.196480487377255,19,286.0,0.23900967376443294,13,164.0,0.2511119802038358,32,450.0
4710.0,33,337.0,4.884057971014493,4.279432537515546,24,361.0,0.2094767948833222,9,143.0,0.3928045999912204,33,504.0
4715.0,30,375.0,5.208333333333333,5.580409314611564,23,431.0,0.24474180971986548,7,103.0,0.4734772376928524,30,534.0
4720.0,29,367.0,4.95945945945946,4.506443134327846,22,452.0,0.1640698360771958,7,132.0,0.3938898934983246,29,584.0
4725.0,37,518.0,6.7272727272727275,4.981199698009817,26,501.0,0.18962013862311777,11,185.0,0.39478569465117,37,686.0
4730.0,38,563.0,7.712328767123288,4.337957595021304,28,558.0,0.1705407189631322,10,208.0,0.4002519055284683,38,766.0
4735.0,31,443.0,6.152777777777778,4.412693240945679,23,545.0,0.13900631688665718,8,205.0,0.3466788210188245,31,750.0
4740.0,30,464.0,6.444444444444445,4.530713677756481,19,532.0,0.15955456410734545,11,211.0,0.19959900923679108,30,743.0
4745.0,32,500.0,6.944444444444445,4.774784002859854,18,539.0,0.17927432474425314,14,203.0,0.20712141950406976,32,742.0
4750.0,32,436.0,6.318840579710145,4.22312829213264,18,557.0,0.20395589035326783,14,207.0,0.1798297595633708,32,764.0
4755.0,33,507.0,7.681818181818182,3.8162869947892304,16,580.0,0.1558416197120885,17,217.0,0.26412046375283676,33,797.0
4760.0,26,534.0,8.476190476190476,4.075494618171869,14,561.0,0.17963991207176824,12,241.0,0.29147550904803504,26,802.0
4765.0,25,479.0,7.257575757575758,4.429355877499791,15,553.0,0.17931237106361503,10,230.0,0.31917261852054984,25,783.0
4770.0,28,327.0,5.030769230769231,4.384747856474915,17,507.0,0.21311456332003756,11,230.0,0.2677567046231201,28,737.0
4775.0,31,321.0,4.863636363636363,4.811434578404624,18,525.0,0.24230304667906025,13,221.0,0.3187227131066361,31,746.0
4780.0,35,448.0,7.111111111111111,3.8400248859006143,22,571.0,0.2197456814901125,13,250.0,0.25554299500870364,35,821.0
4785.0,35,534.0,8.215384615384615,3.510896251124004,21,631.0,0.14837632860089747,14,249.0,0.2562241858320711,35,880.0
4790.0,25,533.0,8.328125,4.954690146415945,14,634.0,0.1914739228454206,11,292.0,0.32529224104441723,25,926.0
4795.0,24,559.0,8.873015873015873,5.123721431258642,12,622.0,0.2510839868617864,12,325.0,0.2649967035666009,24,947.0
4800.0,24,400.0,6.557377049180328,4.248578296525656,12,622.0,0.2243441425467111,12,321.0,0.20165130926794597,24,943.0
4805.0,29,395.0,6.583333333333333,4.204104779539524,16,559.0,0.21416321383609155,13,323.0,0.2593879100915989,29,882.0
4810.0,32,413.0,6.770491803278689,4.028964209346199,20,507.0,0.19822634746363918,12,345.0,0.275976912716671,32,852.0
4815.0,28,447.0,7.095238095238095,4.353699812208329,19,546.0,0.1356531344956541,9,333.0,0.37146115473207625,28,879.0
4820.0,22,287.0,4.555555555555555,4.793397786468956,13,511.0,0.15619232288050075,9,295.0,0.35458298724388854,22,806.0
4825.0,25,231.0,3.609375,5.550554385864892,12,500.0,0.3376042284373705,13,206.0,0.21166052830899765,25,706.0
4830.0,23,277.0,4.396825396825397,5.033961371989066,10,480.0,0.336405100611367,13,223.0,0.14176059487679807,23,703.0
4835.0,27,360.0,6.206896551724138,4.822858228908035,12,495.0,0.3095447991096662,15,273.0,0.21756443512370083,27,768.0
4840.0,27,359.0,6.084745762711864,4.740316069297721,14,470.0,0.29167140544676434,13,288.0,0.26383309332467336,27,758.0
4845.0,26,319.0,5.5964912280701755,4.640891055239888,14,360.0,0.12099344599097277,12,274.0,0.34635550579558916,26,634.0
4850.0,28,351.0,6.157894736842105,4.011169780037597,15,373.0,0.11230385077006537,13,279.0,0.3073001469414439,28,652.0
4855.0,21,300.0,5.172413793103448,4.879585307234977,8,330.0,0.31014365934678634,13,276.0,0.2169864499500006,21,606.0
4860.0,17,320.0,5.423728813559322,4.361919719656094,5,276.0,0.3391758373329223,12,314.0,0.12183246951705806,17,590.0
4865.0,26,393.0,6.338709677419355,4.414358617499215,12,260.0,0.30043161693673964,14,340.0,0.19428399133079208,26,600.0
4870.0,32,431.0,6.338235294117647,3.8712283998317116,16,284.0,0.31374633152630316,16,342.0,0.19656008494696084,32,626.0
4875.0,23,439.0,6.455882352941177,5.164193571628709,8,259.0,0.3632299346638446,15,346.0,0.2698351992557015,23,605.0
4880.0,21,354.0,4.985915492957746,5.246526551880873,6,156.0,0.36628494740709633,15,378.0,0.16439694981443437,21,534.0
4885.0,28,407.0,5.5,5.414871014789466,14,201.0,0.3132848410244712,14,405.0,0.22175740361161086,28,606.0
4890.0,31,477.0,6.71830985915493,5.099132679317487,18,238.0,0.31351021465791185,13,437.0,0.2775959205150331,31,675.0
4895.0,26,493.0,7.46969696969697,4.166459535915479,13,241.0,0.2523149043793001,13,450.0,0.246207666449294,26,691.0
4900.0,23,522.0,7.909090909090909,4.303716763906165,14,276.0,0.22904288351561888,9,443.0,0.24776465692684727,23,719.0
4905.0,31,400.0,5.970149253731344,4.091842281023142,21,346.0,0.16939620214452228,10,321.0,0.23640047510166903,31,667.0
4910.0,38,434.0,6.2898550724637685,4.4574212871387235,22,351.0,0.18404418605410858,16,307.0,0.285169998282875,38,658.0
4915.0,32,481.0,6.871428571428571,4.1700629406399905,19,360.0,0.20203149270311538,13,342.0,0.2845878490522519,32,702.0
4920.0,33,481.0,6.413333333333333,4.718612249417242,19,403.0,0.2576642743339129,14,375.0,0.29357617923913354,33,778.0
4925.0,35,500.0,6.4935064935064934,4.557934034599445,20,426.0,0.3063559948848654,15,374.0,0.28401285536688026,35,800.0
4930.0,39,516.0,6.2926829268292686,4.854469636984053,23,453.0,0.28539897909969003,16,363.0,0.3593511864841417,39,816.0
4935.0,36,361.0,4.1976744186046515,4.812284371326488,17,391.0,0.3284847272200165,19,387.0,0.26801222708235484,36,778.0
4940.0,30,334.0,3.929411764705882,5.026101231072881,16,348.0,0.31128584650533747,14,385.0,0.22005959109086357,30,733.0
4945.0,29,366.0,4.159090909090909,4.883149901150586,15,385.0,0.257870510550512,14,375.0,0.1843386588035618,29,760.0
4950.0,37,498.0,6.0,4.08734756905981,20,459.0,0.1794110133388093,17,430.0,0.22598472411258808,37,889.0
4955.0,44,574.0,7.08641975308642,3.4625009828422764,24,479.0,0.18683943239860146,20,483.0,0.17984510456886124,44,962.0
4960.0,37,640.0,8.533333333333333,3.5234492019506867,24,521.0,0.17204000527532426,13,491.0,0.20336374125483053,37,1012.0
4965.0,38,584.0,7.3924050632911396,3.573659250859429,26,549.0,0.10182837321939422,12,463.0,0.23415342053643942,38,1012.0
4970.0,36,504.0,6.146341463414634,3.9965392033658986,22,587.0,0.1931947506897292,14,461.0,0.21977152236861236,36,1048.0
4975.0,39,557.0,6.8765432098765435,3.453630040426086,19,600.0,0.24735102963469896,20,516.0,0.18978679889854178,39,1116.0
4980.0,30,423.0,5.096385542168675,4.242492685655245,15,516.0,0.2027137378917295,15,553.0,0.25876667860698765,30,1069.0
4985.0,27,390.0,4.642857142857143,4.85808953632481,14,470.0,0.257433363732814,13,553.0,0.23560344929326046,27,1023.0
4990.0,36,512.0,5.752808988764045,4.93833189422557,16,452.0,0.3002821707817742,20,587.0,0.15475023004690439,36,1039.0
4995.0,40,613.0,7.211764705882353,4.253988150548001,16,487.0,0.25481554645656485,24,673.0,0.183194071569678,40,1160.0
5000.0,39,669.0,7.689655172413793,3.839939501730814,19,518.0,0.13302494789916205,20,712.0,0.23257907658002397,39,1230.0
5005.0,38,532.0,6.333333333333333,3.6314298441417376,22,548.0,0.08643957448145237,16,616.0,0.30100586168508014,38,1164.0
5010.0,38,542.0,6.2298850574712645,4.131917633442035,22,587.0,0.14503403539216642,16,566.0,0.31166893184247657,38,1153.0
5015.0,37,500.0,6.024096385542169,4.044891757354006,17,545.0,0.20768496688636442,20,546.0,0.23731285849032013,37,1091.0
5020.0,39,452.0,5.512195121951219,3.459381737370928,13,494.0,0.24570185924252497,26,489.0,0.11784720998250264,39,983.0
5025.0,40,492.0,5.72093023255814,3.540186325791777,13,475.0,0.21655577483463115,27,555.0,0.16993227397867888,40,1030.0
5030.0,35,345.0,4.011627906976744,4.252899882537332,16,435.0,0.17775507982489464,19,558.0,0.27380698207721504,35,993.0
5035.0,38,454.0,5.044444444444444,4.921822610370422,21,441.0,0.11096342846819407,17,570.0,0.3518274763778384,38,1011.0
5040.0,39,555.0,6.235955056179775,4.771330004987393,17,472.0,0.15018041425096473,22,562.0,0.289271836566408,39,1034.0
5045.0,35,541.0,5.945054945054945,4.795053096371628,10,424.0,0.3112284211358783,25,598.0,0.18722200182852106,35,1022.0
5050.0,38,520.0,6.046511627906977,3.9601714504612637,10,418.0,0.31803654816130345,28,660.0,0.1465162126225983,38,1078.0
5055.0,45,604.0,7.105882352941176,3.609211151022033,16,410.0,0.26405361878448935,29,695.0,0.13856884054810423,45,1105.0
5060.0,49,744.0,8.75294117647059,3.208133375829518,17,436.0,0.2681196429894092,32,794.0,0.11656527730277219,49,1230.0
5065.0,39,758.0,9.132530120481928,3.3325958144474868,13,413.0,0.2346982319168145,26,825.0,0.08437499501544012,39,1238.0
5070.0,36,794.0,10.311688311688311,4.304405572913324,9,300.0,0.30574473498644295,27,864.0,0.10956465341392557,36,1164.0
5075.0,39,715.0,8.71951219512195,3.943423539407356,12,197.0,0.21472712728269336,27,879.0,0.09423840442761361,39,1076.0
5080.0,40,544.0,7.064935064935065,4.0303985154806155,17,231.0,0.24690056994906162,23,793.0,0.17161250948444512,40,1024.0
5085.0,39,581.0,7.644736842105263,4.347398379946491,19,280.0,0.30440798093897575,20,823.0,0.24927714480916194,39,1103.0
5090.0,32,532.0,6.82051282051282,4.078630357046578,14,314.0,0.2133683312210489,18,817.0,0.2746117813076309,32,1131.0
5095.0,32,437.0,5.602564102564102,4.185787080456147,13,301.0,0.25568153375655245,19,818.0,0.22627408715260733,32,1119.0
5100.0,38,424.0,5.367088607594937,4.267423936959882,15,306.0,0.29913964543464017,23,776.0,0.13353220067299104,38,1082.0
5105.0,43,426.0,5.532467532467533,3.9021513995842985,15,309.0,0.2985608424660315,28,836.0,0.09797649740967981,43,1145.0
5110.0,37,455.0,5.909090909090909,3.61029860171621,16,332.0,0.21502938430744747,21,843.0,0.1716880161792381,37,1175.0
5115.0,31,493.0,6.1625,4.11247378282385,13,335.0,0.25435844731536517,18,829.0,0.14159233867043378,31,1164.0
5120.0,27,371.0,4.756410256410256,5.239855847493851,10,290.0,0.33400235796854616,17,752.0,0.1911439431071311,27,1042.0
5125.0,33,445.0,5.855263157894737,4.915423571061302,13,253.0,0.29197131717554087,20,715.0,0.23882209480816965,33,968.0
5130.0,38,472.0,6.293333333333333,3.58558459817841,16,262.0,0.2343615631431924,22,757.0,0.16727948811574445,38,1019.0
5135.0,38,581.0,8.3,3.374260080101332,19,317.0,0.11878364730415004,19,763.0,0.24531878707514293,38,1080.0
5140.0,39,612.0,8.869565217391305,3.4499425451365635,22,380.0,0.0455641179890235,17,764.0,0.2932476655330808,39,1144.0
5145.0,30,435.0,6.041666666666667,3.9857734002523597,12,384.0,0.19049770399428306,18,694.0,0.17107121691864335,30,1078.0
5150.0,27,416.0,5.942857142857143,4.506082666923575,8,363.0,0.37976112021638764,19,689.0,0.08266463659189656,27,1052.0
5155.0,32,481.0,7.073529411764706,4.7809644644728495,8,342.0,0.37694868249365737,24,690.0,0.0986578769430067,32,1032.0
5160.0,34,553.0,8.378787878787879,4.350274206870781,11,347.0,0.27110622719810784,23,743.0,0.1536088353693534,34,1090.0
5165.0,29,457.0,7.140625,4.068042051182587,14,337.0,0.17061017604519635,15,725.0,0.21274091944843937,29,1062.0
5170.0,27,426.0,6.553846153846154,4.514851071164366,13,261.0,0.16195300818629493,14,690.0,0.2749745743063808,27,951.0
5175.0,26,409.0,6.104477611940299,4.293468606232697,12,277.0,0.20110589568356027,14,604.0,0.2651451308956555,26,881.0
5180.0,23,401.0,5.985074626865671,4.977876316572593,8,226.0,0.37541237464497423,15,618.0,0.24113095091714556,23,844.0
5185.0,21,439.0,6.753846153846154,4.585895395669211,8,198.0,0.320106679495952,13,591.0,0.16608124219083964,21,789.0
5190.0,28,551.0,8.476923076923077,5.207938666633169,11,229.0,0.2467442432396892,17,610.0,0.2206694394033827,28,839.0
5195.0,27,351.0,5.4,4.628291872779497,11,241.0,0.25513223365717846,16,497.0,0.17631912414470027,27,738.0
5200.0,29,449.0,7.241935483870968,4.645055923689967,10,270.0,0.24635065097142975,19,465.0,0.21745381355001145,29,735.0
5205.0,31,447.0,6.984375,4.304431340667954,11,262.0,0.29528720316602114,20,475.0,0.1725412705442397,31,737.0
5210.0,26,484.0,7.446153846153846,5.168728902255659,7,214.0,0.4492079800116594,19,514.0,0.13740066301149942,26,728.0
5215.0,27,377.0,5.626865671641791,4.5247588740933935,5,109.0,0.4262238536795646,22,529.0,0.13551078799713068,27,638.0
5220.0,29,371.0,5.3,5.063644977969371,9,109.0,0.38978142372753904,20,509.0,0.2852422300040538,29,618.0
5225.0,28,335.0,4.589041095890411,4.066643143368066,14,142.0,0.22337574065481883,14,517.0,0.33431147596442495,28,659.0
5230.0,22,227.0,3.026666666666667,4.90039038467301,9,150.0,0.19387955211138516,13,445.0,0.3669253061897941,22,595.0
5235.0,20,206.0,2.7466666666666666,4.813503168232291,6,144.0,0.25110588640809983,14,448.0,0.2615095312942089,20,592.0
5240.0,34,341.0,4.4868421052631575,4.809282299335893,11,181.0,0.20720709287417563,23,526.0,0.23926427968345515,34,707.0
5245.0,41,443.0,5.986486486486487,3.871529871396673,14,217.0,0.1891625372661801,27,596.0,0.1620167748171534,41,813.0
5250.0,33,511.0,7.626865671641791,3.7105362155462607,6,218.0,0.30054837465870315,27,667.0,0.0905701534795476,33,885.0
5255.0,32,464.0,6.823529411764706,3.7338701087470674,4,150.0,0.4099448398039575,28,719.0,0.050071801314052214,32,869.0
5260.0,36,499.0,7.128571428571429,4.112961533844119,10,138.0,0.3720029619978007,26,776.0,0.1246593991339662,36,914.0
5265.0,31,397.0,5.591549295774648,4.056081257264286,10,124.0,0.3461660348220835,21,773.0,0.15777165042062744,31,897.0
5270.0,30,332.0,4.811594202898551,5.056637794083152,14,165.0,0.32161694023238435,16,700.0,0.25824661155517725,30,865.0
5275.0,30,311.0,4.641791044776119,4.0969830054821745,14,188.0,0.17053536613572445,16,692.0,0.2376039050706463,30,880.0
5280.0,26,275.0,3.9855072463768115,4.8110241919362355,7,156.0,0.207854169232768,19,707.0,0.2286264157784653,26,863.0
5285.0,28,338.0,5.121212121212121,4.468407015704605,8,150.0,0.27371209562161347,20,720.0,0.13475113212947434,28,870.0
5290.0,28,432.0,6.447761194029851,5.283518282332891,11,192.0,0.2646415349929466,17,706.0,0.20250519453348212,28,898.0
5295.0,30,480.0,6.956521739130435,4.551802553354997,11,203.0,0.19986451384613316,19,701.0,0.1579838030311088,30,904.0
5300.0,25,435.0,6.904761904761905,5.160269404098875,6,184.0,0.362798620009618,19,638.0,0.20993574246819346,25,822.0
5305.0,21,351.0,5.754098360655738,4.703805600189283,5,152.0,0.39060492863679264,16,660.0,0.20425616771843838,21,812.0
5310.0,32,467.0,7.655737704918033,4.63069612883913,10,176.0,0.3565629473703589,22,722.0,0.1951863999403259,32,898.0
5315.0,27,510.0,8.225806451612904,4.412943416464369,8,183.0,0.3673160387942418,19,754.0,0.1618181424927066,27,937.0
5320.0,20,494.0,8.233333333333333,6.049792095663187,4,158.0,0.4170584893995565,16,751.0,0.22431227202567286,20,909.0
5325.0,17,394.0,7.433962264150943,5.924647011494353,3,54.0,0.3647766211444097,14,702.0,0.2225400854643653,17,756.0
5330.0,16,373.0,7.037735849056604,5.676685550368347,7,47.0,0.19671131621763965,9,577.0,0.21202605335769095,16,624.0
5335.0,23,258.0,5.0588235294117645,5.080566687896871,11,90.0,0.2906168218573694,12,492.0,0.2775417061396371,23,582.0
5340.0,17,161.0,2.824561403508772,5.225525000059445,7,110.0,0.3774176159137508,10,369.0,0.26810668575157853,17,479.0
5345.0,18,211.0,3.6379310344827585,5.849025832120626,7,126.0,0.5019072112591008,11,333.0,0.3163261339866734,18,459.0
5350.0,21,284.0,4.813559322033898,5.665801415219719,10,166.0,0.4474597806921362,11,323.0,0.3323990003359583,21,489.0
5355.0,25,278.0,4.557377049180328,4.573181668917844,14,171.0,0.3254239212470599,11,267.0,0.29258376009720344,25,438.0
5360.0,26,283.0,4.639344262295082,4.255238575111287,11,139.0,0.26531086916482766,15,290.0,0.18326596452685467,26,429.0
5365.0,30,292.0,4.709677419354839,4.344796976541013,12,154.0,0.32221304200864265,18,281.0,0.07777682602883618,30,435.0
5370.0,20,283.0,4.716666666666667,5.268120828162026,9,166.0,0.2567267629791959,11,253.0,0.20231008667522588,20,419.0
5375.0,23,319.0,5.5964912280701755,5.1882803528269905,14,175.0,0.09080123119622825,9,230.0,0.318297163142645,23,405.0
5380.0,24,353.0,6.303571428571429,5.312221873239422,16,233.0,0.19017262961059803,8,214.0,0.3487970815369762,24,447.0
5385.0,17,284.0,5.68,6.088857512678358,9,246.0,0.3593007438230652,8,157.0,0.3204856834165626,17,403.0
5390.0,14,252.0,5.478260869565218,6.586357307524514,7,213.0,0.42802450885080673,7,162.0,0.3427338681245193,14,375.0
5395.0,17,241.0,5.4772727272727275,5.650745496944759,8,205.0,0.32955116513254135,9,155.0,0.2781381159423722,17,360.0
5400.0,20,157.0,3.3404255319148937,4.798902069975928,7,133.0,0.26182948773610215,13,172.0,0.2396405616546399,20,305.0
5405.0,20,191.0,3.673076923076923,5.749148182767407,10,117.0,0.31874844203645186,10,177.0,0.32248376184468713,20,294.0
5410.0,14,153.0,2.9423076923076925,6.796868750005491,7,113.0,0.2704186560733887,7,158.0,0.5037800670255085,14,271.0
5415.0,9,95.0,1.9791666666666667,7.546452827201783,4,68.0,0.4338132129504325,5,119.0,0.4982801073782495,9,187.0
5420.0,15,110.0,2.2916666666666665,6.433718729574577,6,78.0,0.3635632892467946,9,91.0,0.3047314845170793,15,169.0
5425.0,18,129.0,2.480769230769231,6.155689890589371,7,97.0,0.3868915227172513,11,86.0,0.28335146702464803,18,183.0
5430.0,17,161.0,3.22,6.113000536444932,6,86.0,0.40745310147661123,11,133.0,0.41760807328487387,17,219.0
5435.0,17,180.0,3.3962264150943398,6.022842841446123,9,114.0,0.38680274609487664,8,142.0,0.4292535197012183,17,256.0
5440.0,14,140.0,2.5454545454545454,6.020591535921623,7,97.0,0.2951363680757357,7,103.0,0.4518054463553232,14,200.0
5445.0,11,113.0,2.0545454545454547,6.746835363278437,3,59.0,0.3583857060303631,8,117.0,0.4425959794939471,11,176.0
5450.0,14,146.0,2.607142857142857,6.0940961973765075,2,50.0,0.37184448363681044,12,145.0,0.2707136851022058,14,195.0
5455.0,25,171.0,2.8983050847457625,5.209933475400677,10,75.0,0.3584085384791259,15,159.0,0.17318601503601272,25,234.0
5460.0,24,262.0,4.5964912280701755,5.7301142280991515,7,89.0,0.42951306870995104,17,227.0,0.28968337430311597,24,316.0
5465.0,18,265.0,4.568965517241379,5.653002860460695,5,77.0,0.46213531102870853,13,245.0,0.25778503183149903,18,322.0
5470.0,12,207.0,3.6315789473684212,6.39589831708821,3,52.0,0.4933752283543981,9,221.0,0.2631978400911353,12,273.0
5475.0,18,167.0,2.830508474576271,5.565884987632266,9,75.0,0.274517322304898,9,188.0,0.28644484579162277,18,263.0
5480.0,22,185.0,2.9838709677419355,5.894336121313506,13,138.0,0.3341982562294319,9,129.0,0.3354368920229484,22,267.0
5485.0,24,242.0,4.172413793103448,5.355644041641578,13,178.0,0.3431032698637681,11,148.0,0.34443454024703163,24,326.0
5490.0,18,261.0,4.578947368421052,5.926731295261966,9,212.0,0.3880444083041745,9,150.0,0.2989655253881689,18,362.0
5495.0,23,245.0,4.224137931034483,4.907872603105499,12,196.0,0.2741403598122069,11,155.0,0.13952431044075728,23,351.0
5500.0,24,297.0,5.033898305084746,5.24816325975167,11,218.0,0.29313153292067673,13,195.0,0.1972972908689783,24,413.0
5505.0,25,245.0,4.016393442622951,4.743957777356521,14,208.0,0.32358461163413027,11,202.0,0.2739201297764253,25,410.0
5510.0,25,309.0,5.065573770491803,5.7829992799233425,16,258.0,0.33629675023012584,9,189.0,0.4774575879050667,25,447.0
5515.0,27,292.0,4.634920634920635,4.600155892536083,17,291.0,0.24459077649574526,10,178.0,0.41006630776394437,27,469.0
5520.0,22,306.0,4.707692307692308,5.3223292164113865,12,276.0,0.311231021326465,10,197.0,0.341910551250712,22,473.0
5525.0,23,218.0,3.253731343283582,4.270651736936559,12,281.0,0.2892495877443991,11,186.0,0.144285663204942,23,467.0
5530.0,22,234.0,3.5454545454545454,5.241988352348391,14,292.0,0.2689785044584455,8,127.0,0.33120933970010685,22,419.0
5535.0,26,288.0,4.645161290322581,4.6929293981538835,20,323.0,0.16861440871154446,6,102.0,0.4173204794425552,26,425.0
5540.0,28,361.0,5.640625,4.73765754309204,17,359.0,0.21636305739949452,11,137.0,0.2527226487222748,28,496.0
5545.0,25,345.0,5.390625,4.099752453518448,15,364.0,0.21115364329385589,10,167.0,0.1268229414674634,25,531.0
5550.0,27,357.0,5.666666666666667,5.330408221491539,18,317.0,0.1682732514365391,9,189.0,0.35617484291816187,27,506.0
5555.0,25,311.0,4.859375,5.22712673380019,19,365.0,0.09081194100360701,6,143.0,0.4922847975985363,25,508.0
5560.0,29,426.0,6.65625,5.9603928510449835,21,416.0,0.19239260472959888,8,164.0,0.4998343524771741,29,580.0
5565.0,25,377.0,5.984126984126984,5.406131878346887,19,459.0,0.2767097001186502,6,121.0,0.5095779156610214,25,580.0
5570.0,20,337.0,5.265625,5.10822932039078,10,421.0,0.3371383836850957,10,127.0,0.3229180877074059,20,548.0
5575.0,21,315.0,4.701492537313433,4.797709582931578,8,347.0,0.34783654343412407,13,136.0,0.22587985895752655,21,483.0
5580.0,29,388.0,5.791044776119403,5.50569123091732,13,348.0,0.33851081920436626,16,190.0,0.2804447397061899,29,538.0
5585.0,32,288.0,4.114285714285714,4.1897249678316415,19,326.0,0.19612376819012353,13,211.0,0.28888180125061985,32,537.0
5590.0,28,274.0,4.029411764705882,4.544292008539483,19,313.0,0.17152992995375113,9,182.0,0.3139914624037994,28,495.0
5595.0,30,299.0,4.271428571428571,4.204310308241557,20,339.0,0.10411433739974278,10,200.0,0.33056858140563994,30,539.0
5600.0,26,238.0,3.26027397260274,4.895009389573017,15,319.0,0.20302606758214142,11,183.0,0.27263752417267734,26,502.0
5605.0,22,275.0,3.9855072463768115,5.675547866850162,10,328.0,0.32782170231585,12,198.0,0.2620913223186338,22,526.0
5610.0,19,297.0,4.367647058823529,5.744650066245383,10,330.0,0.2585019141870879,9,192.0,0.2878357270587114,19,522.0
5615.0,25,256.0,3.878787878787879,5.1441990333455925,15,341.0,0.16310440554710368,10,156.0,0.23518249059095483,25,497.0
5620.0,35,323.0,5.126984126984127,4.287762451744653,20,369.0,0.1741442604259714,15,181.0,0.19879969943518602,35,550.0
5625.0,30,402.0,6.7,4.550056939848209,19,388.0,0.25831319057778174,11,217.0,0.24058660982026925,30,605.0
5630.0,27,453.0,7.947368421052632,4.699956340044748,17,413.0,0.20155282131644006,10,223.0,0.3456318809026466,27,636.0
5635.0,19,319.0,5.907407407407407,5.112233393133836,10,360.0,0.20420953271292763,9,195.0,0.34535713932800954,19,555.0
5640.0,19,331.0,6.365384615384615,5.00180554272898,9,314.0,0.3062027985133116,10,175.0,0.05238409265180799,19,489.0
5645.0,21,187.0,3.5283018867924527,4.510406144078891,9,239.0,0.2832274547159003,12,176.0,0.043022252463181115,21,415.0
5650.0,26,245.0,4.375,5.038968297985268,15,257.0,0.28578678628532256,11,164.0,0.3161003560739652,26,421.0
5655.0,20,245.0,4.1525423728813555,5.158699130426115,14,277.0,0.2845229682184881,6,156.0,0.4332345227827344,20,433.0
5660.0,13,214.0,3.689655172413793,7.241980200924387,9,240.0,0.3761569023528671,4,109.0,0.6125210814575066,13,349.0
5665.0,12,170.0,2.8813559322033897,6.399229462480809,6,206.0,0.34874820302964726,6,111.0,0.37910235093051714,12,317.0
5670.0,18,206.0,3.377049180327869,6.310877294901257,10,194.0,0.2779988987296822,8,129.0,0.36255164686323466,18,323.0
5675.0,21,218.0,3.7586206896551726,5.395361779281311,14,222.0,0.2567419123447309,7,114.0,0.37674077864718225,21,336.0
5680.0,22,284.0,5.071428571428571,6.018328415392995,13,247.0,0.36382391047881246,9,157.0,0.3448243787801432,22,404.0
5685.0,17,179.0,3.4423076923076925,5.440515228560534,10,207.0,0.3656128391179027,7,145.0,0.27432780575348703,17,352.0
5690.0,19,187.0,3.6666666666666665,4.5075537661321565,12,190.0,0.18460256658559926,7,127.0,0.264173828626167,19,317.0
5695.0,25,208.0,4.0,3.99998600900084,18,235.0,0.0997747101429072,7,132.0,0.28444635971222054,25,367.0
5700.0,27,292.0,5.407407407407407,4.994066919293141,19,271.0,0.2089606822040774,8,137.0,0.38670493302651027,27,408.0
5705.0,23,251.0,4.921568627450981,5.074989870498611,17,307.0,0.2689323219670235,6,63.0,0.44095080798398795,23,370.0
5710.0,16,184.0,3.5384615384615383,5.281060923432961,9,307.0,0.26421295834795117,7,67.0,0.3526978927206481,16,374.0
5715.0,16,164.0,3.037037037037037,4.700155382209181,10,284.0,0.21701253063574044,6,67.0,0.351456545838162,16,351.0
5720.0,18,178.0,3.2363636363636363,5.357306389805645,14,286.0,0.18958880295584987,4,67.0,0.4405728016883714,18,353.0
5725.0,23,185.0,3.425925925925926,4.697067002674509,17,315.0,0.14253143602791912,6,66.0,0.42044823098040357,23,381.0
5730.0,29,318.0,6.115384615384615,4.291416630948034,21,388.0,0.13213321187484264,8,106.0,0.3946798068395703,29,494.0
5735.0,26,367.0,6.796296296296297,4.275432532804554,17,409.0,0.1713016016894593,9,128.0,0.38904077621491046,26,537.0
5740.0,17,296.0,5.381818181818182,5.864913825787639,9,328.0,0.25460449577780686,8,135.0,0.4711207767999661,17,463.0
5745.0,12,249.0,4.611111111111111,6.688949379961497,8,266.0,0.2938364509443205,4,123.0,0.4097330873042426,12,389.0
5750.0,20,308.0,5.133333333333334,6.026330941445699,11,278.0,0.2688254710622616,9,133.0,0.24899656996853523,20,411.0
5755.0,22,247.0,4.410714285714286,6.079915008388361,15,309.0,0.369084170436034,7,101.0,0.3054642648316417,22,410.0
5760.0,19,302.0,5.592592592592593,5.750028722369698,13,326.0,0.3381466283397306,6,87.0,0.45177805079961836,19,413.0
5765.0,15,266.0,4.666666666666667,5.652991855266123,11,288.0,0.3039487315741971,4,70.0,0.407140109480251,15,358.0
5770.0,17,299.0,4.901639344262295,6.317169920923933,12,319.0,0.24205531174938474,5,41.0,0.5312372479770482,17,360.0
5775.0,19,321.0,5.17741935483871,6.0737957800180675,14,356.0,0.18578767255071738,5,38.0,0.5309145543050685,19,394.0
5780.0,24,395.0,6.171875,5.34699764230894,17,407.0,0.2322725347209617,7,57.0,0.40842911521421044,24,464.0
5785.0,21,421.0,6.682539682539683,6.01554352704958,12,419.0,0.32461443439918275,9,77.0,0.38534712996521886,21,496.0
5790.0,22,284.0,4.813559322033898,5.041732060695914,12,327.0,0.27283344011318206,10,114.0,0.24337404882625732,22,441.0
5795.0,28,352.0,5.67741935483871,4.89339085501228,20,317.0,0.15626738918365737,8,121.0,0.27775397259504775,28,438.0
5800.0,26,454.0,7.442622950819672,4.915369338765292,19,389.0,0.14872334329263887,7,136.0,0.3687951844804291,26,525.0
5805.0,22,441.0,7.229508196721311,5.517854043413864,16,417.0,0.21565768902067764,6,112.0,0.38657996620494095,22,529.0
5810.0,23,339.0,5.467741935483871,5.739305621899129,16,387.0,0.24992184145343813,7,93.0,0.3207057613067865,23,480.0
5815.0,26,376.0,6.163934426229508,5.852085815233497,19,365.0,0.30634974466735937,7,93.0,0.31620872832709995,26,458.0
5820.0,28,435.0,7.25,5.088364502640769,20,421.0,0.27756506430060046,8,98.0,0.3332867144401293,28,519.0
5825.0,24,324.0,5.311475409836065,4.690289529966178,19,426.0,0.2191340949124419,5,104.0,0.48686595848097314,24,530.0
5830.0,23,335.0,5.491803278688525,5.634696169386223,19,449.0,0.2613940100529011,4,63.0,0.5819177316385263,23,512.0
5835.0,22,286.0,4.46875,5.131278012473862,19,481.0,0.21867301368140862,3,31.0,0.46005306245840344,22,512.0
5840.0,29,267.0,3.926470588235294,4.408669227918132,18,475.0,0.19667463037232039,11,53.0,0.31041499102322323,29,528.0
5845.0,27,272.0,3.9420289855072466,4.459220459736835,18,508.0,0.22866958808260063,9,87.0,0.32438847649171454,27,595.0
5850.0,34,348.0,4.833333333333333,4.920764175528422,23,530.0,0.23641862086090695,11,132.0,0.3428599327356757,34,662.0
5855.0,35,407.0,5.5,4.577796125508617,25,594.0,0.22041154731943483,10,146.0,0.3641822439106967,35,740.0
5860.0,31,387.0,5.375,4.852477308054284,24,606.0,0.20905125605420868,7,106.0,0.39599092843774747,31,712.0
5865.0,31,386.0,5.287671232876712,3.71333556253421,24,647.0,0.12351688321908541,7,106.0,0.32179639269286003,31,753.0
5870.0,32,405.0,5.328947368421052,4.096618878515441,19,635.0,0.18184900970813558,13,143.0,0.208940596184095,32,778.0
5875.0,35,326.0,4.233766233766234,3.5176992360654387,20,628.0,0.20100249187625985,15,168.0,0.16853286416011926,35,796.0
5880.0,27,302.0,4.081081081081081,4.441918119876424,21,588.0,0.1632421381361177,6,145.0,0.3398332149656594,27,733.0
5885.0,37,419.0,5.819444444444445,4.27670391547197,28,640.0,0.05198249189788012,9,155.0,0.4249512508484233,37,795.0
5890.0,35,485.0,6.830985915492958,4.102553520639337,31,708.0,0.026713391582217583,4,132.0,0.4155376455124415,35,840.0
5895.0,30,445.0,6.180555555555555,3.8869626837727145,21,735.0,0.13353334418563012,9,151.0,0.3297661574859287,30,886.0
5900.0,35,460.0,6.301369863013699,4.6194104239024485,23,716.0,0.19553419961541818,12,139.0,0.36417292445115923,35,855.0
5905.0,38,499.0,6.653333333333333,3.793856622601768,23,722.0,0.16189684204753413,15,138.0,0.302126704473487,38,860.0
5910.0,36,379.0,5.121621621621622,4.096467447750625,21,651.0,0.2511877467264242,15,180.0,0.19438900612902568,36,831.0
5915.0,30,362.0,4.7631578947368425,4.6612974660586675,18,609.0,0.28390064575823143,12,169.0,0.1625306911896181,30,778.0
5920.0,20,309.0,4.232876712328767,5.60140680037335,13,568.0,0.21105957105449585,7,153.0,0.343645356551612,20,721.0
5925.0,30,362.0,5.171428571428572,5.136316377641878,22,529.0,0.05361700001275316,8,173.0,0.35671233281015524,30,702.0
5930.0,37,478.0,7.242424242424242,4.080873110581671,24,593.0,0.10766621462562145,13,200.0,0.2801496255740659,37,793.0
5935.0,28,551.0,8.609375,4.078058031680888,16,605.0,0.20643857684543,12,226.0,0.17611162391637036,28,831.0
5940.0,21,530.0,8.548387096774194,4.889318489821601,12,579.0,0.22239018510335218,9,231.0,0.2575779690620594,21,810.0
5945.0,22,359.0,5.983333333333333,5.396050631897879,12,507.0,0.2513974762502718,10,224.0,0.2717245320940871,22,731.0
5950.0,24,330.0,5.5,4.701427867770131,11,445.0,0.16948518071173596,13,211.0,0.26966526833347776,24,656.0
5955.0,25,422.0,7.672727272727273,4.241941371359059,14,407.0,0.16690152087981422,11,240.0,0.2782942708998143,25,647.0
5960.0,22,477.0,8.517857142857142,4.959422791795211,11,435.0,0.19309293599531127,11,253.0,0.36908939629627496,22,688.0
5965.0,20,412.0,7.357142857142857,5.27802109827442,11,403.0,0.22201394707216834,9,255.0,0.29852632133609974,20,658.0
5970.0,28,471.0,7.85,5.094571806823274,12,407.0,0.22141662406074758,16,251.0,0.221252136535169,28,658.0
5975.0,27,410.0,6.9491525423728815,4.86136096239937,12,419.0,0.265012342627279,15,204.0,0.25965018837142256,27,623.0
5980.0,23,299.0,4.983333333333333,5.569582080845665,9,319.0,0.3230840411607778,14,203.0,0.3794165584640895,23,522.0
5985.0,26,330.0,5.5,5.118022499664458,12,290.0,0.3081833802020205,14,238.0,0.32224781234115135,26,528.0
5990.0,23,257.0,4.079365079365079,4.937946215106278,11,276.0,0.3266153597334434,12,222.0,0.25278770330992373,23,498.0
5995.0,28,313.0,4.815384615384615,4.625621134751913,15,311.0,0.17854867056859897,13,231.0,0.2600254108502469,28,542.0
6000.0,32,380.0,6.031746031746032,4.50414479647505,13,314.0,0.2938214055090396,19,301.0,0.19960099235757853,32,615.0
6005.0,30,338.0,5.365079365079365,4.4092527033990905,7,230.0,0.35238508098154336,23,371.0,0.143907891679966,30,601.0
6010.0,28,369.0,5.857142857142857,4.763137985193308,7,180.0,0.42087936949982724,21,427.0,0.12512717602123677,28,607.0
6015.0,26,364.0,5.6,4.728801643951381,7,161.0,0.45672528207808366,19,463.0,0.11172307503815293,26,624.0
6020.0,26,331.0,5.253968253968254,5.171688503539993,11,158.0,0.3530502021092892,15,443.0,0.2418808011578808,26,601.0
6025.0,23,336.0,5.793103448275862,4.414706057035128,11,175.0,0.15511289164477265,12,423.0,0.32005158120441235,23,598.0
6030.0,24,256.0,4.571428571428571,4.371821429417198,9,164.0,0.2354256838689369,15,404.0,0.22406694952072323,24,568.0
6035.0,23,266.0,4.586206896551724,3.8624956982101217,8,166.0,0.3127197816087268,15,441.0,0.14217768434810724,23,607.0
6040.0,30,358.0,5.868852459016393,4.616085980324514,11,203.0,0.3684142911925133,19,458.0,0.17443931210324878,30,661.0
6045.0,29,415.0,6.916666666666667,4.039468425392851,9,223.0,0.33303123461954376,20,497.0,0.17539858889656454,29,720.0
6050.0,23,417.0,6.95,5.106308043580982,10,239.0,0.42395626645136386,13,459.0,0.1330117553288977,23,698.0
6055.0,23,374.0,6.448275862068965,4.840206787840122,10,227.0,0.2699038689330208,13,417.0,0.14898979740686627,23,644.0
6060.0,25,318.0,5.129032258064516,5.219427735714786,12,186.0,0.2754719724405346,13,377.0,0.20843214775448754,25,563.0
6065.0,20,274.0,4.724137931034483,4.845275258767447,9,218.0,0.26774166108484787,11,363.0,0.3370664005146181,20,581.0
6070.0,24,337.0,6.017857142857143,5.010306271852914,11,239.0,0.3462983820668992,13,345.0,0.2619969441861023,24,584.0
6075.0,24,331.0,5.807017543859649,4.553343866680402,9,244.0,0.35284994975790945,15,359.0,0.14757104124776743,24,603.0
6080.0,20,362.0,5.934426229508197,6.150176587298867,10,272.0,0.3360983665620633,10,347.0,0.3210176053166333,20,619.0
6085.0,19,367.0,5.919354838709677,6.119134440250687,10,268.0,0.24381521202320183,9,308.0,0.4270288924606595,19,576.0
6090.0,19,366.0,6.1,6.210366859988913,9,262.0,0.2950934839252407,10,278.0,0.42836529439523313,19,540.0
6095.0,20,389.0,6.593220338983051,5.2521051421815415,8,280.0,0.3551485807446443,12,288.0,0.31653571087639143,20,568.0
6100.0,22,452.0,8.071428571428571,5.048317602597879,8,273.0,0.34000727735894143,14,308.0,0.2178723920711078,22,581.0
6105.0,25,487.0,8.854545454545455,4.226878329354006,8,286.0,0.19511676252464932,17,345.0,0.21551002022333135,25,631.0
6110.0,27,597.0,9.95,5.562265511543456,8,296.0,0.32574576590371873,19,401.0,0.2545824466236006,27,697.0
6115.0,21,442.0,7.754385964912281,5.700697033224147,6,162.0,0.44486910870448515,15,468.0,0.3206632924181436,21,630.0
6120.0,23,535.0,9.385964912280702,6.112522132559285,8,121.0,0.39536569324538945,15,510.0,0.31806549436252324,23,631.0
6125.0,23,495.0,8.53448275862069,4.737216660178209,7,87.0,0.25137315998851956,16,502.0,0.21975282561662052,23,589.0
6130.0,27,488.0,8.133333333333333,5.480863580846419,11,137.0,0.3501105353357946,16,510.0,0.21469930640826723,27,647.0
6135.0,24,293.0,5.140350877192983,4.656428805271674,8,135.0,0.3724537243128542,16,429.0,0.19442506885440602,24,564.0
6140.0,20,205.0,3.5344827586206895,5.636670913633434,5,91.0,0.4809189535106447,15,353.0,0.155724614368859,20,444.0
6145.0,25,180.0,2.9508196721311477,4.60165193959574,6,74.0,0.4480134557578872,19,398.0,0.08609981932064414,25,472.0
6150.0,25,181.0,2.873015873015873,5.1976409852371255,11,80.0,0.29164634026109715,14,400.0,0.24650119956164362,25,480.0
6155.0,22,203.0,3.3833333333333333,4.700186970171623,11,114.0,0.2256236262039433,11,397.0,0.28687977106452667,22,511.0
6160.0,20,195.0,3.25,5.345282646599073,9,117.0,0.23790105475564177,11,353.0,0.2919711206861474,20,470.0
6165.0,21,205.0,3.4166666666666665,4.337574312587012,9,124.0,0.21666686826513518,12,343.0,0.19578107440632903,21,467.0
6170.0,31,295.0,4.609375,4.728350730087648,15,170.0,0.2695943499788355,16,338.0,0.2157945264486905,31,508.0
6175.0,27,331.0,5.610169491525424,4.607310216071241,11,201.0,0.3640109973354094,16,359.0,0.23744768214840267,27,560.0
6180.0,20,332.0,5.627118644067797,5.56101915679287,8,196.0,0.3944688793340127,12,323.0,0.24235101807896423,20,519.0
6185.0,21,331.0,5.610169491525424,4.662898548987421,9,198.0,0.14810131897131423,12,317.0,0.19480998008039466,21,515.0
6190.0,28,316.0,5.096774193548387,4.758399686684695,15,196.0,0.14330221985232144,13,313.0,0.18347173848571727,28,509.0
6195.0,22,287.0,4.864406779661017,4.655612407229958,13,241.0,0.23481510798728586,9,265.0,0.3012695507704044,22,506.0
6200.0,23,354.0,6.321428571428571,4.926868566491935,9,260.0,0.33238432337434615,14,305.0,0.2515579153439986,23,565.0
6205.0,24,241.0,4.155172413793103,4.543265414582174,9,208.0,0.2949805190407493,15,317.0,0.16773762040322734,24,525.0
6210.0,24,277.0,4.694915254237288,5.450933810913228,13,201.0,0.20785470395852199,11,278.0,0.2544324430467935,24,479.0
6215.0,24,321.0,5.631578947368421,5.0033584994839035,13,237.0,0.16739121409838642,11,292.0,0.20722755821769231,24,529.0
6220.0,18,324.0,6.0,5.7966119121101904,8,235.0,0.22783365581659593,10,276.0,0.23992982241568261,18,511.0
6225.0,20,294.0,5.547169811320755,4.830245535403167,10,208.0,0.254682732210826,10,283.0,0.19099867411357324,20,491.0
6230.0,17,341.0,6.314814814814815,6.572265655208256,9,222.0,0.3486877536263333,8,273.0,0.3052581011148952,17,495.0
6235.0,19,325.0,6.372549019607843,5.888833528275772,7,193.0,0.3726316382398287,12,281.0,0.2733878565665065,19,474.0
6240.0,16,299.0,5.537037037037037,6.392830141367074,8,140.0,0.37425584252113664,8,286.0,0.35993114892569805,16,426.0
6245.0,14,162.0,3.176470588235294,5.638034863711575,6,128.0,0.35664891840961094,8,226.0,0.38280657193495937,14,354.0
6250.0,20,193.0,3.7115384615384617,5.377741942660393,8,107.0,0.3719245353729236,12,173.0,0.28126933698669254,20,280.0
6255.0,23,245.0,4.622641509433962,5.081571400537142,6,103.0,0.4344999831367097,17,248.0,0.17934654844825332,23,351.0
6260.0,25,288.0,4.9655172413793105,5.488887697257453,8,113.0,0.4676323854249663,17,288.0,0.1987220029293818,25,401.0
6265.0,19,266.0,4.75,5.334227247252618,9,78.0,0.4067856504464125,10,284.0,0.2649959366949104,19,362.0
6270.0,22,306.0,5.464285714285714,5.3440514510756145,10,94.0,0.3627228804746686,12,293.0,0.2672707309865896,22,387.0
6275.0,22,274.0,4.724137931034483,5.03255856513036,10,112.0,0.3299510477995759,12,288.0,0.2614719504054207,22,400.0
6280.0,20,175.0,3.0701754385964914,5.001291861108229,9,108.0,0.2895667853148687,11,237.0,0.27818694298278834,20,345.0
6285.0,28,279.0,4.894736842105263,4.617176763627025,12,154.0,0.3166938390258511,16,252.0,0.21387622267389747,28,406.0
6290.0,31,354.0,5.80327868852459,4.426205052981822,14,202.0,0.33053432867557364,17,296.0,0.14344131937659313,31,498.0
6295.0,21,340.0,5.862068965517241,5.096200323294824,11,235.0,0.3541120663014221,10,282.0,0.26281863044176823,21,517.0
6300.0,25,390.0,6.290322580645161,5.104219688224709,14,240.0,0.29810690417240415,11,276.0,0.2795618040392148,25,516.0
6305.0,26,393.0,6.238095238095238,5.297162427125531,14,261.0,0.3044493449393589,12,252.0,0.32880287020484816,26,513.0
6310.0,24,334.0,5.138461538461539,5.338764316300479,10,246.0,0.3988333115245109,14,242.0,0.21939104201760706,24,488.0
6315.0,28,305.0,4.621212121212121,4.94066921525068,12,237.0,0.34521710132166755,16,232.0,0.1922076092476484,28,469.0
6320.0,29,305.0,4.485294117647059,4.550707351221028,15,206.0,0.234352333935799,14,266.0,0.2604729858037885,29,472.0
6325.0,29,299.0,4.53030303030303,4.5941278618971015,20,262.0,0.17279398930327783,9,231.0,0.37335492942902687,29,493.0
6330.0,25,302.0,4.6461538461538465,4.6591061186398175,19,315.0,0.12417504333980618,6,196.0,0.3744052515185266,25,511.0
6335.0,29,403.0,6.2,4.778635545040924,18,376.0,0.1725125487369217,11,193.0,0.32624293086619355,29,569.0
6340.0,30,349.0,5.287878787878788,3.968479115501369,16,391.0,0.15729207238575457,14,175.0,0.3096464781511597,30,566.0
6345.0,28,333.0,5.203125,4.1989285379876105,12,358.0,0.2554011593830723,16,216.0,0.26486619577059484,28,574.0
6350.0,31,372.0,5.8125,4.178121677605917,15,388.0,0.29556303444360305,16,239.0,0.20764429955013658,31,627.0
6355.0,28,363.0,5.671875,3.963113458086301,17,411.0,0.22425000989842692,11,220.0,0.17680081852191099,28,631.0
6360.0,30,378.0,5.90625,3.362328330473466,23,449.0,0.08069576558931026,7,168.0,0.2920184431282755,30,617.0
6365.0,25,444.0,6.434782608695652,4.458746910913786,15,446.0,0.21038745796781658,10,193.0,0.22609663599442945,25,639.0
6370.0,23,398.0,6.123076923076923,5.074844419984619,12,456.0,0.33666534627049527,11,194.0,0.2119290213344539,23,650.0
6375.0,30,414.0,5.914285714285715,5.226555383972887,14,446.0,0.3193534306562579,16,224.0,0.21127452301137534,30,670.0
6380.0,29,468.0,6.985074626865671,4.019345304985013,14,479.0,0.17539573458212016,15,243.0,0.26564541682696136,29,722.0
6385.0,22,414.0,6.786885245901639,4.415754555681608,17,511.0,0.1095415943877384,5,213.0,0.3583618829082751,22,724.0
6390.0,15,197.0,3.283333333333333,4.100267279904407,13,419.0,0.14943538614890747,2,130.0,0.27716787165275436,15,549.0
6395.0,21,209.0,3.370967741935484,5.484195978035855,12,338.0,0.2549556913991542,9,164.0,0.3527654184927538,21,502.0
6400.0,26,265.0,4.344262295081967,4.77911998955136,15,356.0,0.24287854282610558,11,168.0,0.32290102036861923,26,524.0
6405.0,20,295.0,4.836065573770492,5.665295744024862,16,338.0,0.24780637750592618,4,124.0,0.4035683640712785,20,462.0
6410.0,23,328.0,5.466666666666667,5.28222533396161,16,368.0,0.2394127082861521,7,96.0,0.4088571676169984,23,464.0
6415.0,16,303.0,4.809523809523809,6.46476420343072,10,351.0,0.3419468124143225,6,96.0,0.36719478651118626,16,447.0
6420.0,21,330.0,5.32258064516129,5.717070950329715,11,352.0,0.2846834094403917,10,110.0,0.30149435825604387,21,462.0
6425.0,29,429.0,6.6,5.289419856125694,18,414.0,0.18201198984304193,11,149.0,0.36890158851740734,29,563.0
6430.0,22,284.0,4.369230769230769,6.180725621793612,14,367.0,0.2640405944427492,8,155.0,0.4686460291944365,22,522.0
6435.0,24,273.0,4.333333333333333,5.816834011538713,15,285.0,0.2127885955661317,9,119.0,0.4040339615965785,24,404.0
6440.0,27,331.0,4.867647058823529,5.096175269573053,13,298.0,0.1693861377779838,14,174.0,0.2969280903701968,27,472.0
6445.0,27,325.0,4.7101449275362315,5.265053500647873,12,240.0,0.21408799190196443,15,213.0,0.3257123420990845,27,453.0
6450.0,28,364.0,5.515151515151516,5.415945448247969,12,227.0,0.3438762231000773,16,252.0,0.28364398826157017,28,479.0
6455.0,28,324.0,4.764705882352941,5.237928169479056,9,210.0,0.4353944056102771,19,297.0,0.2654478755093413,28,507.0
6460.0,24,293.0,4.373134328358209,4.883681596477454,9,237.0,0.3085257284460055,15,286.0,0.28343746413190624,24,523.0
6465.0,29,348.0,5.2727272727272725,4.605599726413693,15,273.0,0.21888487180011038,14,310.0,0.32332682034645727,29,583.0
6470.0,32,364.0,5.126760563380282,4.430333662810159,16,302.0,0.17822808359925724,16,336.0,0.28427131226980407,32,638.0
6475.0,36,389.0,5.47887323943662,4.32615728544127,15,332.0,0.2816395079254816,21,323.0,0.2476852256818445,36,655.0
6480.0,36,407.0,5.426666666666667,4.379899220800185,12,310.0,0.2991721349035286,24,391.0,0.24342178739636966,36,701.0
6485.0,32,427.0,5.77027027027027,4.180323199297554,7,269.0,0.38896371304623717,25,470.0,0.19145834940129378,32,739.0
6490.0,35,529.0,6.87012987012987,4.261655521828619,8,280.0,0.3138382153575851,27,561.0,0.18099420491407664,35,841.0
6495.0,41,630.0,8.289473684210526,3.605764157451115,13,331.0,0.25053980794709013,28,632.0,0.15048734724734733,41,963.0
6500.0,38,510.0,6.538461538461538,3.9554693315288976,13,301.0,0.2208978235663114,25,635.0,0.157616486839512,38,936.0
6505.0,36,571.0,7.716216216216216,4.367042087237315,15,249.0,0.15402696149959744,21,632.0,0.23987656176536876,36,881.0
6510.0,33,473.0,6.064102564102564,4.361629673707446,13,245.0,0.1068619996061703,20,608.0,0.24725038423768742,33,853.0
6515.0,23,293.0,4.013698630136986,4.757191245371604,5,181.0,0.32878504013712917,18,540.0,0.21263258393572415,23,721.0
6520.0,31,345.0,4.5394736842105265,4.97617556096935,5,123.0,0.4561130638167182,26,604.0,0.12392102627171693,31,727.0
6525.0,34,377.0,5.026666666666666,5.112924324136386,6,88.0,0.46147003534815245,28,660.0,0.11035427542776004,34,748.0
6530.0,28,444.0,6.0,5.323617881661621,3,77.0,0.5550214691683614,25,723.0,0.09764052806165993,28,800.0
6535.0,33,574.0,8.084507042253522,5.402548146689432,7,100.0,0.5650699191983837,26,779.0,0.1651205136716194,33,879.0
6540.0,36,602.0,8.6,3.873955617282354,9,111.0,0.36607838218964744,27,814.0,0.13580471371998873,36,925.0
6545.0,29,466.0,6.563380281690141,4.406075448205405,8,119.0,0.3531875192971542,21,755.0,0.10117418784255407,29,874.0
6550.0,30,471.0,6.826086956521739,4.3704641035447604,10,149.0,0.33048998810525,20,779.0,0.09616473252781786,30,928.0
6555.0,33,540.0,7.5,4.468328014389732,14,208.0,0.21811564675100792,19,779.0,0.15221829119372543,33,987.0
6560.0,34,640.0,9.014084507042254,3.5856120302650454,15,262.0,0.17939118533061643,19,790.0,0.2090141203992417,34,1052.0
6565.0,26,671.0,10.166666666666666,4.856414501995635,10,278.0,0.25305374629666355,16,717.0,0.2718274656507286,26,995.0
6570.0,22,556.0,8.424242424242424,4.827130099550631,8,269.0,0.24168833923010824,14,677.0,0.20458660639287016,22,946.0
6575.0,27,406.0,5.970588235294118,4.9916079631053805,11,265.0,0.24447347465068744,16,605.0,0.17855649616960526,27,870.0
6580.0,28,446.0,7.193548387096774,4.492775580351783,12,290.0,0.25853856506775263,16,609.0,0.2698001523395279,28,899.0
6585.0,22,490.0,7.313432835820896,5.103481334864767,7,278.0,0.27784026914970644,15,593.0,0.27893104567632077,22,871.0
6590.0,19,261.0,3.7285714285714286,5.423723602018626,5,137.0,0.32071953252200264,14,564.0,0.26348619869699086,19,701.0
6595.0,24,300.0,4.225352112676056,6.417451204621392,7,88.0,0.4974524802134647,17,593.0,0.25562383117254195,24,681.0
6600.0,27,378.0,5.478260869565218,5.5170304653324775,6,97.0,0.5473779593910817,21,657.0,0.17820557744260282,27,754.0
6605.0,22,432.0,6.857142857142857,5.211772795457805,5,86.0,0.4018164616871919,17,709.0,0.18648179644151439,22,795.0
6610.0,22,410.0,6.612903225806452,4.9171969997743386,7,57.0,0.17563874485539713,15,670.0,0.19475559177479848,22,727.0
6615.0,28,407.0,6.672131147540983,4.766827184472751,13,107.0,0.1831746749229118,15,616.0,0.18965861570987516,28,723.0
6620.0,25,367.0,6.553571428571429,4.788115193857363,9,144.0,0.34702727791849347,16,607.0,0.24410169672984497,25,751.0
6625.0,22,285.0,5.277777777777778,4.588980725993249,7,146.0,0.45862504857996306,15,519.0,0.17018660187333837,22,665.0
6630.0,26,278.0,4.964285714285714,3.7019806128700927,7,138.0,0.3495679857343682,19,562.0,0.12044397926794856,26,700.0
6635.0,24,296.0,5.381818181818182,5.263476157045995,9,160.0,0.41518116958338713,15,565.0,0.19780149373819386,24,725.0
6640.0,24,267.0,5.037735849056604,4.585184024545718,9,120.0,0.3220470523968662,15,541.0,0.20689209982010706,24,661.0
6645.0,24,287.0,5.218181818181818,5.049719539452706,10,121.0,0.2711050346955012,14,481.0,0.29348435829205055,24,602.0
6650.0,22,308.0,6.03921568627451,4.357191597367719,8,131.0,0.29221270703443714,14,513.0,0.3082271890735604,22,644.0
6655.0,22,378.0,6.872727272727273,4.61212396039235,9,143.0,0.3465168503261078,13,536.0,0.30347982472953555,22,679.0
6660.0,22,367.0,6.220338983050848,4.797797987887691,8,128.0,0.3652441033625413,14,530.0,0.26516348326651074,22,658.0
6665.0,18,202.0,3.3114754098360657,5.24113979476305,3,83.0,0.44986381807833037,15,474.0,0.208713624848075,18,557.0
6670.0,23,273.0,4.265625,5.432222130743409,3,66.0,0.41502740566051577,20,495.0,0.17118125967070397,23,561.0
6675.0,28,348.0,5.3538461538461535,5.739490510641118,8,93.0,0.427081792128781,20,534.0,0.1936576539597099,28,627.0
6680.0,24,390.0,6.39344262295082,5.4496101320390045,8,135.0,0.46836824739890004,16,536.0,0.18209521634058115,24,671.0
6685.0,23,299.0,4.82258064516129,4.958620925484385,8,120.0,0.4397405174877629,15,490.0,0.18564534700177115,23,610.0
6690.0,23,247.0,3.6865671641791047,5.006680444055712,7,99.0,0.4548855608941146,16,398.0,0.1576110787803313,23,497.0
6695.0,28,219.0,3.3692307692307693,4.460047023149307,11,110.0,0.4038202621577504,17,420.0,0.19318361136414078,28,530.0
6700.0,28,219.0,3.1285714285714286,5.413179563753663,14,149.0,0.3384513812617041,14,394.0,0.3076380231682287,28,543.0
6705.0,31,288.0,4.114285714285714,4.440235233519355,16,184.0,0.1798058137076366,15,414.0,0.27498410499312453,31,598.0
6710.0,29,300.0,4.109589041095891,4.703961196644674,12,190.0,0.20952000300919613,17,416.0,0.24014467278439808,29,606.0
6715.0,31,344.0,4.9855072463768115,4.384321968733374,13,195.0,0.2318547219764755,18,436.0,0.25793694330146577,31,631.0
6720.0,28,331.0,4.661971830985915,5.009990646235392,12,206.0,0.26054460676079366,16,454.0,0.3026430590152104,28,660.0
6725.0,32,451.0,6.178082191780822,4.332785106147534,12,239.0,0.3319006871421341,20,526.0,0.2106276398780254,32,765.0
6730.0,34,485.0,6.928571428571429,4.371880692059666,11,237.0,0.3600596576360091,23,541.0,0.19729302834434484,34,778.0
6735.0,27,379.0,5.191780821917808,4.409948524671446,9,228.0,0.27988486819008696,18,517.0,0.19916201210098086,27,745.0
6740.0,32,453.0,5.9605263157894735,4.299527721776557,15,268.0,0.19359710671069796,17,536.0,0.14381413396982975,32,804.0
6745.0,36,526.0,7.013333333333334,4.402054793297727,17,329.0,0.23371672980615524,19,533.0,0.1567791215330392,36,862.0
6750.0,27,455.0,6.319444444444445,4.5380998104548755,10,354.0,0.26286582793242547,17,512.0,0.19668001624518072,27,866.0
6755.0,27,442.0,6.314285714285714,4.393832695040307,9,352.0,0.30767586264127816,18,444.0,0.16116827449935578,27,796.0
6760.0,32,430.0,6.056338028169014,3.860693746609173,13,362.0,0.25195196638546163,19,462.0,0.13619158232625683,32,824.0
6765.0,30,429.0,5.876712328767123,4.230486330642179,15,402.0,0.21684865905437342,15,388.0,0.20783652267466438,30,790.0
6770.0,24,460.0,6.571428571428571,4.8571023241862346,11,413.0,0.25866230779379634,13,374.0,0.23163778013571762,24,787.0
6775.0,25,283.0,3.9305555555555554,4.800308519566269,11,327.0,0.2324442234988546,14,367.0,0.22403523674660988,25,694.0
6780.0,30,344.0,4.648648648648648,4.392363387221587,16,325.0,0.1497108217577326,14,393.0,0.30027561463401015,30,718.0
6785.0,36,483.0,6.616438356164384,4.234223310991609,19,377.0,0.19442456345373849,17,448.0,0.32153966779326776,36,825.0
6790.0,29,515.0,7.253521126760563,4.55201201707338,10,383.0,0.2785875350702014,19,485.0,0.28923962555958094,29,868.0
6795.0,22,468.0,6.985074626865671,4.626766977487484,7,317.0,0.3262739725321656,15,465.0,0.13614841033306443,22,782.0
6800.0,25,451.0,6.833333333333333,4.84915020724416,8,232.0,0.24052398826335777,17,486.0,0.17484994662271527,25,718.0
6805.0,29,425.0,6.640625,3.941769374110333,12,241.0,0.13656686131691415,17,497.0,0.16547254230699882,29,738.0
6810.0,31,265.0,4.344262295081967,3.790825982743055,15,241.0,0.21535248301821114,16,440.0,0.23265641928123082,31,681.0
6815.0,29,319.0,5.229508196721311,3.866894407794411,11,269.0,0.31846853956976295,18,405.0,0.2189486456705002,29,674.0
6820.0,28,315.0,4.701492537313433,4.670414514675915,8,238.0,0.38732812879932077,20,442.0,0.20671340789173714,28,680.0
6825.0,20,250.0,3.5714285714285716,5.424782097050333,6,226.0,0.3613069138143739,14,415.0,0.22768081092358972,20,641.0
6830.0,26,277.0,3.7945205479452055,5.102317379184666,13,261.0,0.24574054273645116,13,425.0,0.26150875969008297,26,686.0
6835.0,32,329.0,4.768115942028985,4.455104447597594,15,298.0,0.2304221611022978,17,419.0,0.3052353102604231,32,717.0
6840.0,27,358.0,5.343283582089552,4.206094401809367,9,288.0,0.29105599789582787,18,448.0,0.20609675787777063,27,736.0
6845.0,22,326.0,4.72463768115942,4.596640812966327,9,230.0,0.2020698504888303,13,462.0,0.21674645322006342,22,692.0
6850.0,26,336.0,5.090909090909091,4.4315270036675125,12,198.0,0.12108291896630188,14,453.0,0.23343008109818106,26,651.0
6855.0,32,279.0,4.043478260869565,4.011332458626973,15,235.0,0.1228219959170449,17,395.0,0.21585769461338813,32,630.0
6860.0,26,301.0,4.630769230769231,4.550013090127954,7,226.0,0.3095882434908267,19,431.0,0.24541548136325053,26,657.0
6865.0,26,274.0,3.914285714285714,4.531497115436938,5,157.0,0.33608832948162104,21,495.0,0.20703479154339227,26,652.0
6870.0,32,348.0,4.9714285714285715,4.489990945608235,11,159.0,0.3458172899711407,21,548.0,0.18966500657915306,32,707.0
6875.0,29,322.0,4.666666666666667,4.225429805347523,12,178.0,0.2547378667285289,17,552.0,0.21784327368079928,29,730.0
6880.0,26,352.0,5.176470588235294,4.219907289946823,8,159.0,0.20972520133522363,18,571.0,0.1845784118623023,26,730.0
6885.0,26,332.0,4.811594202898551,4.336779322733451,5,126.0,0.36470400861244245,21,539.0,0.1291920270738713,26,665.0
6890.0,30,393.0,5.695652173913044,4.1437030565700885,8,136.0,0.3403058095714802,22,606.0,0.1711229560302095,30,742.0
6895.0,34,506.0,6.931506849315069,4.67530727250436,11,184.0,0.35947246295760144,23,642.0,0.20994174820767955,34,826.0
6900.0,36,611.0,8.48611111111111,4.515819906687633,12,243.0,0.3605405875815227,24,680.0,0.2001727066010545,36,923.0
6905.0,29,552.0,7.45945945945946,4.890882538427682,10,255.0,0.3772866694660139,19,643.0,0.20603383751743137,29,898.0
6910.0,19,315.0,4.256756756756757,5.288818270540818,6,202.0,0.3037290157158007,13,557.0,0.23788035582669106,19,759.0
6915.0,26,264.0,3.7183098591549295,5.041277116292105,8,123.0,0.3152554541408956,18,518.0,0.1689965461590132,26,641.0
6920.0,39,398.0,5.852941176470588,4.219454655074966,15,175.0,0.2713960717779817,24,562.0,0.1396025115486138,39,737.0
6925.0,31,455.0,7.338709677419355,3.813477785864982,13,213.0,0.23121021178380577,18,560.0,0.18362975500533643,31,773.0
6930.0,28,482.0,7.415384615384616,3.700693905852273,13,235.0,0.13828476717822183,15,552.0,0.19084834700192913,28,787.0
6935.0,30,388.0,5.705882352941177,4.422435533382518,12,234.0,0.25311696384381377,18,577.0,0.18968613609894028,30,811.0
6940.0,27,319.0,4.833333333333333,4.522915647642428,6,183.0,0.39104175824543896,21,604.0,0.14808195441672428,27,787.0
6945.0,29,302.0,4.7936507936507935,4.324857699170774,5,90.0,0.43254305794841497,24,615.0,0.13189782183965199,29,705.0
6950.0,33,378.0,6.0,4.486684308801061,11,124.0,0.3631797803572821,22,655.0,0.17913999300869274,33,779.0
6955.0,26,321.0,5.015625,4.620397978401627,11,150.0,0.21624320813267262,15,614.0,0.2645375915735766,26,764.0
6960.0,20,292.0,4.709677419354839,4.603003435870401,7,135.0,0.21630368300618227,13,603.0,0.2018450443567333,20,738.0
6965.0,26,337.0,5.349206349206349,4.8875956792549,7,128.0,0.34616336005958254,19,644.0,0.11957538235544392,26,772.0
6970.0,27,426.0,6.65625,5.363302869693392,7,132.0,0.4434729184497133,20,678.0,0.164498951558597,27,810.0
6975.0,23,421.0,6.682539682539683,5.885584387117536,8,122.0,0.35930994790480314,15,648.0,0.31297884511840385,23,770.0
6980.0,23,397.0,6.403225806451613,5.255501210707561,9,92.0,0.28273627920660566,14,604.0,0.28869428783045825,23,696.0
6985.0,22,259.0,4.245901639344262,5.140453784103223,7,102.0,0.38961852166643884,15,505.0,0.2515519323167246,22,607.0
6990.0,25,249.0,4.368421052631579,4.2268954430295045,7,79.0,0.4395184742661673,18,535.0,0.15618395513811967,25,614.0
6995.0,24,241.0,4.381818181818182,3.817002185690965,4,63.0,0.46575413444726305,20,555.0,0.11730460078489019,24,618.0
7000.0,30,296.0,4.933333333333334,3.75935184724575,9,79.0,0.39912566671872474,21,581.0,0.11823735356077285,30,660.0
7005.0,22,267.0,4.767857142857143,4.75622186978814,6,103.0,0.46974472933010025,16,577.0,0.14845012568454377,22,680.0
7010.0,24,346.0,6.290909090909091,4.749957137603094,8,125.0,0.33843755857362473,16,553.0,0.19352043774114905,24,678.0
7015.0,29,334.0,5.964285714285714,3.8408293674690808,12,141.0,0.2084572584095649,17,490.0,0.16568125124584315,29,631.0
7020.0,26,406.0,7.8076923076923075,3.9332106492820325,9,148.0,0.3229407172324076,17,482.0,0.13526131672310815,26,630.0
7025.0,23,443.0,8.686274509803921,3.9308098702662626,7,158.0,0.38224314315465036,16,508.0,0.0924734911561416,23,666.0
7030.0,22,466.0,8.79245283018868,4.892710221113604,10,172.0,0.29203638743483784,12,473.0,0.19613638747073678,22,645.0
7035.0,20,415.0,8.3,5.2270483564979875,8,94.0,0.33770690718363516,12,484.0,0.2291629166957679,20,578.0
7040.0,21,494.0,10.081632653061224,5.681450336559668,10,122.0,0.3695936043166189,11,481.0,0.27795600600188103,21,603.0
7045.0,22,462.0,9.428571428571429,4.362474891327983,8,134.0,0.36654124809413646,14,475.0,0.13085372538290696,22,609.0
7050.0,20,403.0,8.574468085106384,4.880773173677331,8,126.0,0.3798126105514046,12,442.0,0.20335584908084123,20,568.0
7055.0,16,329.0,6.854166666666667,4.354149158069217,7,89.0,0.3426032525099943,9,447.0,0.17833379988371273,16,536.0
7060.0,17,341.0,7.25531914893617,6.517893101032789,8,75.0,0.36737103283820244,9,428.0,0.3324722429523315,17,503.0
7065.0,14,147.0,3.2666666666666666,5.7593489780261065,8,95.0,0.1403246497582731,6,278.0,0.41593692162165763,14,373.0
7070.0,15,194.0,4.409090909090909,6.930576705766398,8,104.0,0.3022062690033323,7,235.0,0.384077971680719,15,339.0
7075.0,12,157.0,3.6511627906976742,5.98464723858164,6,87.0,0.4227778402511683,6,204.0,0.2335211240909812,12,291.0
7080.0,16,206.0,4.478260869565218,6.866013745610148,8,108.0,0.49753475121083496,8,154.0,0.24935708080799998,16,262.0
7085.0,14,201.0,4.568181818181818,5.852351301952033,8,113.0,0.43785960673029317,6,165.0,0.20733410495499882,14,278.0
7090.0,17,234.0,5.2,5.958673241923946,12,131.0,0.342472180661342,5,157.0,0.3530728917022181,17,288.0
7095.0,19,156.0,3.3191489361702127,4.493056015642389,14,157.0,0.17053045033839334,5,106.0,0.3302221099915927,19,263.0
7100.0,17,154.0,3.142857142857143,5.845738147790355,11,162.0,0.248917247508944,6,52.0,0.43255765512411715,17,214.0
7105.0,12,118.0,2.3137254901960786,5.995259363455678,6,126.0,0.3203714133486705,6,80.0,0.3943351518107536,12,206.0
7110.0,23,198.0,3.96,5.7410728014650445,12,138.0,0.23018181026086657,11,126.0,0.40442097202568567,23,264.0
7115.0,20,203.0,3.9038461538461537,5.254624028520978,12,166.0,0.17509992491085863,8,119.0,0.4425328727420423,20,285.0
7120.0,10,188.0,3.6153846153846154,6.606654051567757,6,149.0,0.2790123938595123,4,91.0,0.43912419826659227,10,240.0
7125.0,10,87.0,1.7058823529411764,7.151703804516095,3,87.0,0.38709506843434593,7,97.0,0.3481434350706828,10,184.0
7130.0,18,130.0,2.549019607843137,6.960362155189305,7,48.0,0.38744513704095096,11,123.0,0.30316678093875454,18,171.0
7135.0,15,161.0,3.659090909090909,5.280332236198316,5,54.0,0.46233389145970005,10,156.0,0.2609768971150828,15,210.0
7140.0,16,211.0,5.023809523809524,6.513432349810436,6,41.0,0.5074297951110054,10,176.0,0.2329112016165011,16,217.0
7145.0,13,203.0,4.613636363636363,6.077884664093511,6,57.0,0.44567734809599835,7,172.0,0.1164692755073841,13,229.0
7150.0,17,237.0,5.1521739130434785,7.0458374441663025,8,91.0,0.44978259267702236,9,177.0,0.2565048874484207,17,268.0
7155.0,11,99.0,2.302325581395349,6.232253326929104,6,81.0,0.38929699932894674,5,122.0,0.44553531440579924,11,203.0
7160.0,13,140.0,3.4146341463414633,6.891902077480645,9,103.0,0.3560178664398839,4,74.0,0.5655822579975703,13,177.0
7165.0,13,149.0,3.5476190476190474,6.5923856361461,8,113.0,0.3005812751685134,5,97.0,0.5245783198589075,13,210.0
7170.0,13,180.0,3.9130434782608696,7.034578089552125,6,93.0,0.42182542642725357,7,126.0,0.3387668590001028,13,219.0
7175.0,12,113.0,2.511111111111111,6.147715624274512,6,95.0,0.3717000227341078,6,105.0,0.2867597968272166,12,200.0
7180.0,14,148.0,3.2888888888888888,6.740971718878129,10,122.0,0.31238486879145866,4,68.0,0.4540170261325286,14,190.0
7185.0,12,95.0,2.111111111111111,6.206893131550113,9,106.0,0.3255431783937045,3,36.0,0.4522509908795473,12,142.0
7190.0,18,167.0,3.4791666666666665,6.414582398487698,11,139.0,0.28578464337747345,7,60.0,0.43276249009616913,18,199.0
7195.0,17,152.0,3.1666666666666665,6.08863858047033,10,147.0,0.30978774522695973,7,70.0,0.45334078734778505,17,217.0
7200.0,15,178.0,3.63265306122449,6.590484578597476,9,125.0,0.34154650521380486,6,93.0,0.44669533586894283,15,218.0
