step,system_total_stopped,system_total_waiting_time,system_mean_waiting_time,system_mean_speed,J17_stopped,J17_accumulated_waiting_time,J17_average_speed,J18_stopped,J18_accumulated_waiting_time,J18_average_speed,agents_total_stopped,agents_total_accumulated_waiting_time
5.0,1,0.0,0.0,1.470992585411295,0,0.0,1.0,1,0.0,0.09045353084224499,1,0.0
10.0,0,0.0,0.0,6.2738490483607166,0,0.0,0.37253722085424784,0,0.0,0.5406163892669865,0,0.0
15.0,1,0.0,0.0,9.083339132736308,0,0.0,0.7245104616743604,1,0.0,0.6198076367367256,1,0.0
20.0,0,0.0,0.0,9.86571318463507,0,0.0,0.794992346248732,0,0.0,0.7207326191584544,0,0.0
25.0,0,0.0,0.0,9.142470812695771,0,0.0,0.6109412632080292,0,0.0,0.744381735898359,0,0.0
30.0,6,10.0,0.5,7.556551940340344,5,9.0,0.46545815320426276,1,1.0,0.6176210480584408,6,10.0
35.0,6,35.0,1.5217391304347827,7.589713120049716,3,24.0,0.5312157528777245,3,11.0,0.5414391959675738,6,35.0
40.0,8,68.0,2.6153846153846154,5.980552416917904,4,42.0,0.33646584566293786,4,26.0,0.4167837398686309,8,68.0
45.0,13,123.0,4.241379310344827,5.737994009308846,6,70.0,0.2615056704093893,7,53.0,0.44329544451124275,13,123.0
50.0,10,120.0,3.6363636363636362,5.439552608951692,7,76.0,0.287914250096598,3,53.0,0.3805751951781589,10,129.0
55.0,12,176.0,5.333333333333333,6.732328013125604,6,109.0,0.4543382092694244,6,70.0,0.3808903209344877,12,179.0
60.0,8,104.0,3.25,6.470704390555186,3,83.0,0.525275441440289,5,52.0,0.3779394724728844,8,135.0
65.0,10,149.0,4.257142857142857,6.95175441632658,5,92.0,0.5435150085807697,5,66.0,0.2714748342050189,10,158.0
70.0,15,215.0,5.657894736842105,5.97726331228589,7,116.0,0.40994219642732144,8,105.0,0.28766369176255363,15,221.0
75.0,15,269.0,6.560975609756097,6.759457446724617,7,149.0,0.42838936840029607,8,135.0,0.3624049829129599,15,284.0
80.0,15,250.0,6.097560975609756,6.2452721327052485,8,134.0,0.3832117716852758,7,161.0,0.4096006362274112,15,295.0
85.0,13,220.0,5.238095238095238,6.321059399847508,7,125.0,0.41639527794590964,6,142.0,0.46109664415018026,13,267.0
90.0,14,212.0,5.0476190476190474,5.829187494811764,8,131.0,0.3560289002167667,6,132.0,0.4417478202305771,14,263.0
95.0,16,161.0,3.659090909090909,6.00464291222636,10,139.0,0.3522990995046977,6,76.0,0.453026773999316,16,215.0
100.0,14,179.0,3.8085106382978724,6.2811924275546165,7,145.0,0.3479828229545165,7,76.0,0.38598171430962297,14,221.0
105.0,13,171.0,3.8863636363636362,6.592844393002317,7,141.0,0.3635069845370519,6,72.0,0.3348501695596263,13,213.0
110.0,13,177.0,3.933333333333333,6.063687360825619,7,144.0,0.31128539425987034,6,70.0,0.34742097250695336,13,214.0
115.0,14,200.0,4.545454545454546,7.130176534805875,8,156.0,0.42637977626830276,6,83.0,0.4526096348960885,14,239.0
120.0,13,154.0,3.7560975609756095,6.86382020634268,6,91.0,0.5112091164331712,7,94.0,0.45026149619854505,13,185.0
125.0,12,170.0,4.25,5.312437429094767,7,107.0,0.3138050741016388,5,103.0,0.42158734777676005,12,210.0
130.0,16,211.0,4.906976744186046,5.630797527640597,8,124.0,0.25364648368900805,8,116.0,0.405586112232148,16,240.0
135.0,13,222.0,5.162790697674419,6.632508154946958,7,117.0,0.3343085002108145,6,134.0,0.41462467095743705,13,251.0
140.0,11,238.0,5.534883720930233,7.28547214127083,5,117.0,0.4315893070935785,6,154.0,0.22873055462348854,11,271.0
145.0,15,272.0,6.8,6.535543561478198,8,141.0,0.4420370011977893,7,174.0,0.23396538270503583,15,315.0
150.0,14,306.0,7.846153846153846,6.468074786248623,7,151.0,0.44237914198664974,7,189.0,0.3354151698759049,14,340.0
155.0,9,305.0,7.625,6.572393351743753,6,147.0,0.4740340484778188,3,188.0,0.34297091175452893,9,335.0
160.0,6,304.0,7.414634146341464,7.337969796076691,3,141.0,0.37196023104180936,3,176.0,0.495663805851653,6,317.0
165.0,8,216.0,5.142857142857143,8.132469616234763,6,155.0,0.41010406981860775,2,125.0,0.5828182893424658,8,280.0
170.0,7,40.0,0.975609756097561,7.863001098240417,6,57.0,0.33635153936064627,1,69.0,0.6126675908147403,7,126.0
175.0,10,86.0,2.324324324324324,7.28106575123123,8,69.0,0.36778250865697404,2,21.0,0.6161037774600405,10,90.0
180.0,11,85.0,2.073170731707317,5.918474351805184,7,77.0,0.3112488474772338,4,34.0,0.46384735376838604,11,111.0
185.0,9,76.0,1.8095238095238095,7.0624985091987105,5,67.0,0.4534317319226197,4,25.0,0.4931943283036831,9,92.0
190.0,7,68.0,1.7894736842105263,7.463425755439315,3,60.0,0.4858980310175672,4,22.0,0.4379354634607103,7,82.0
195.0,12,112.0,2.731707317073171,8.281270507202457,5,68.0,0.418649712271181,7,47.0,0.5314991716971749,12,115.0
200.0,11,139.0,3.475,6.749146552693944,6,92.0,0.27785665058624515,5,61.0,0.4552108986356617,11,153.0
205.0,13,182.0,5.2,6.1743931998055475,7,122.0,0.33977716840034605,6,69.0,0.4604100446205627,13,191.0
210.0,12,211.0,6.393939393939394,4.588051814793494,7,156.0,0.35527537185628016,5,71.0,0.31209011490459126,12,227.0
215.0,15,177.0,4.916666666666667,5.077145385855157,6,130.0,0.41256723460684197,9,97.0,0.28532507353541614,15,227.0
220.0,16,228.0,5.428571428571429,5.8569991268737045,8,112.0,0.4164598292330878,8,133.0,0.35467669790323764,16,245.0
225.0,14,180.0,3.9130434782608696,6.165284100958026,6,88.0,0.48348688454878436,8,154.0,0.3295543721316712,14,242.0
230.0,9,155.0,3.163265306122449,6.310701024862396,2,30.0,0.5379743893758853,7,163.0,0.3332494861749393,9,193.0
235.0,11,191.0,3.7450980392156863,7.8469624529542354,5,39.0,0.5741111186068124,6,158.0,0.4302585331329242,11,197.0
240.0,11,76.0,1.4339622641509433,7.455720685890236,6,44.0,0.4335942004997806,5,92.0,0.4423791603530865,11,136.0
245.0,20,145.0,2.685185185185185,6.558282391752225,12,87.0,0.3463916325381775,8,73.0,0.29802795070249394,20,160.0
250.0,17,178.0,3.4901960784313726,5.865782404953558,10,123.0,0.3821832590427343,7,91.0,0.1944779271972085,17,214.0
255.0,17,231.0,4.3584905660377355,6.55419032368373,9,128.0,0.38373916367022315,8,119.0,0.24443690776028107,17,247.0
260.0,17,154.0,2.9615384615384617,6.105786692210686,10,113.0,0.31764020490793826,7,104.0,0.27927582962163816,17,217.0
265.0,19,187.0,3.462962962962963,6.684002032860304,13,122.0,0.35598364812596306,6,103.0,0.3429176618845964,19,225.0
270.0,19,152.0,2.6206896551724137,5.794719073399915,13,132.0,0.3133108211513644,6,92.0,0.3524529786427331,19,224.0
275.0,17,201.0,3.526315789473684,7.191381916760034,12,175.0,0.3682511547746131,5,74.0,0.5630046835513032,17,249.0
280.0,17,180.0,3.1578947368421053,6.459763800918343,13,193.0,0.3270537776743036,4,75.0,0.517246683460427,17,268.0
285.0,19,229.0,3.8813559322033897,6.444954653142477,12,182.0,0.3432345539458962,7,88.0,0.28197827521277,19,270.0
290.0,17,225.0,3.9473684210526314,5.8803054845797735,12,210.0,0.25214361886312225,5,75.0,0.32835876839778155,17,285.0
295.0,24,258.0,4.526315789473684,5.801535671511155,15,247.0,0.2531199504443618,9,100.0,0.38943723378485934,24,347.0
300.0,20,272.0,5.132075471698113,5.1851213569159995,15,286.0,0.2543483315254155,5,97.0,0.46620723777089046,20,383.0
305.0,21,349.0,6.98,4.958347936231662,17,349.0,0.22879721382280904,4,100.0,0.5137484808961784,21,449.0
310.0,25,341.0,6.5576923076923075,3.8365727608680555,19,396.0,0.21533692591993264,6,62.0,0.35541970526348804,25,458.0
315.0,23,372.0,6.888888888888889,4.447887745895675,13,401.0,0.24602274263881568,10,101.0,0.3184496896964107,23,502.0
320.0,19,268.0,4.701754385964913,4.9603892450324345,12,370.0,0.2506879774234573,7,104.0,0.3026878809903526,19,474.0
325.0,20,248.0,4.203389830508475,6.233804635272221,16,322.0,0.20314056636184197,4,86.0,0.5010573167250044,20,408.0
330.0,28,291.0,5.196428571428571,4.989870148438435,21,351.0,0.13018389103683292,7,105.0,0.481014705960183,28,456.0
335.0,24,290.0,5.087719298245614,5.299980868205558,18,360.0,0.2089516028256608,6,105.0,0.39789330937284295,24,465.0
340.0,25,340.0,6.296296296296297,4.797753623362388,17,394.0,0.2751931626847683,8,133.0,0.2834716267564778,25,527.0
345.0,18,217.0,4.09433962264151,5.1061054911388215,12,360.0,0.27855090946864436,6,116.0,0.4036183510006258,18,476.0
350.0,17,179.0,3.5098039215686274,5.055318890559542,12,353.0,0.2595262526521996,5,63.0,0.3773437505907586,17,416.0
355.0,23,238.0,4.327272727272727,4.66607702328375,18,397.0,0.1998731737680318,5,75.0,0.34973646885873866,23,472.0
360.0,23,288.0,4.9655172413793105,4.5643537034614505,18,435.0,0.1525652076130691,5,65.0,0.43184806405468723,23,500.0
365.0,18,288.0,4.88135593220339,5.77811587747302,15,425.0,0.2464478906280248,3,56.0,0.4952078910547611,18,481.0
370.0,16,281.0,4.844827586206897,5.795935421967636,10,365.0,0.3213394596347461,6,72.0,0.35653526127034707,16,437.0
375.0,20,206.0,3.21875,4.872431328980023,13,379.0,0.20623579437070452,7,78.0,0.38219592537687486,20,457.0
380.0,30,251.0,3.984126984126984,4.619414696957976,21,386.0,0.24738915834398856,9,113.0,0.3971456395762803,30,499.0
385.0,26,244.0,3.753846153846154,5.278765385853596,21,381.0,0.2660689060040859,5,110.0,0.4851676770473631,26,491.0
390.0,27,303.0,4.455882352941177,5.111752071947277,19,412.0,0.22091202464726373,8,100.0,0.46491956640816473,27,512.0
395.0,22,239.0,3.734375,5.211352427010942,16,414.0,0.20022245142076953,6,94.0,0.4589214540565608,22,508.0
400.0,21,270.0,4.029850746268656,5.291021646120667,15,427.0,0.21611408154597625,6,103.0,0.40816445309266197,21,530.0
405.0,23,216.0,3.4285714285714284,5.222524154091271,19,419.0,0.18880761154747303,4,50.0,0.5278005962590666,23,469.0
410.0,26,295.0,4.836065573770492,4.734438628732327,21,476.0,0.1879187181029337,5,60.0,0.4494521372399061,26,536.0
415.0,32,337.0,5.435483870967742,3.8593147345516483,24,538.0,0.18410745860363287,8,68.0,0.3161003850190628,32,606.0
420.0,31,412.0,6.5396825396825395,3.5030123458820914,24,589.0,0.19414226282926894,7,84.0,0.2588991519476389,31,673.0
425.0,27,330.0,5.076923076923077,4.401406546972414,21,561.0,0.18995478668968901,6,87.0,0.39161307544765844,27,648.0
430.0,20,368.0,5.661538461538462,5.587286149025603,16,569.0,0.19878307987685534,4,66.0,0.4781923761786768,20,635.0
435.0,19,338.0,5.121212121212121,5.6474174198801075,16,546.0,0.22670552805172609,3,43.0,0.2782161370531132,19,589.0
440.0,26,360.0,5.714285714285714,4.850876393346317,17,556.0,0.1267811331888004,9,55.0,0.31793012994049746,26,611.0
445.0,28,429.0,7.271186440677966,4.387078043882755,22,605.0,0.15441175353217942,6,69.0,0.46853642743712587,28,674.0
450.0,20,459.0,8.196428571428571,4.904138294970429,16,616.0,0.17267650457435302,4,52.0,0.4582280234768689,20,668.0
455.0,19,270.0,4.821428571428571,5.604789545859309,14,512.0,0.20683970500562573,5,45.0,0.47451635247240326,19,557.0
460.0,25,347.0,6.087719298245614,5.859934707404338,19,499.0,0.1514281266462739,6,52.0,0.5171670307100277,25,551.0
465.0,26,423.0,7.981132075471698,4.440354094922088,20,555.0,0.13950317208977697,6,65.0,0.45294208428508553,26,620.0
470.0,23,481.0,8.907407407407407,5.25384667883989,14,571.0,0.16734611278371433,9,92.0,0.4112112741123984,23,663.0
475.0,17,354.0,7.08,4.815773858870729,11,506.0,0.13929875149487958,6,84.0,0.39939712380311854,17,590.0
480.0,21,302.0,5.592592592592593,5.534273918061876,13,424.0,0.2183476105941421,8,96.0,0.3939026134937045,21,520.0
485.0,21,317.0,5.981132075471698,5.5144917719404285,15,435.0,0.3079140030709627,6,120.0,0.3965606889727949,21,555.0
490.0,22,311.0,5.654545454545454,5.762365595783547,13,394.0,0.3377406451058573,9,152.0,0.44622629665884506,22,546.0
495.0,22,236.0,4.140350877192983,4.760686585626881,15,401.0,0.2773834654457617,7,123.0,0.44481234595509556,22,524.0
500.0,25,216.0,3.789473684210526,5.330451528590951,13,370.0,0.3330464879633638,12,98.0,0.3494753876093609,25,468.0
505.0,21,168.0,2.896551724137931,4.4368772882402565,10,359.0,0.3104086970915864,11,106.0,0.20804060397796706,21,465.0
510.0,23,221.0,3.564516129032258,4.798839044482519,16,398.0,0.2036187844497833,7,109.0,0.3368822959220015,23,507.0
515.0,24,256.0,4.063492063492063,4.3438890614824075,17,440.0,0.17936385545287056,7,109.0,0.376925900728685,24,549.0
520.0,23,306.0,4.636363636363637,6.065583723482984,13,447.0,0.3086767898788221,10,131.0,0.3848402274251649,23,578.0
525.0,22,364.0,5.777777777777778,5.593609056707263,14,458.0,0.3460108926499883,8,148.0,0.2492282710989805,22,606.0
530.0,22,335.0,5.234375,5.766137775527339,14,396.0,0.2728906219017125,8,141.0,0.2827293549954678,22,537.0
535.0,25,277.0,4.694915254237288,4.480975832533833,18,362.0,0.17891779961099497,7,103.0,0.23827887340673645,25,465.0
540.0,30,365.0,6.4035087719298245,4.3491968539347035,22,376.0,0.12340816257120915,8,127.0,0.3948473879925429,30,503.0
545.0,27,375.0,6.944444444444445,4.211156332263322,22,405.0,0.12986461208040143,5,143.0,0.4721084225138335,27,548.0
550.0,27,435.0,7.909090909090909,3.9169970504599205,20,461.0,0.15677766098876314,7,166.0,0.39477832100453086,27,627.0
555.0,21,399.0,7.388888888888889,4.514719374402957,15,449.0,0.15424460533496248,6,180.0,0.41577502468726424,21,629.0
560.0,20,351.0,6.381818181818182,5.450975209968564,16,452.0,0.14825823705001343,4,163.0,0.586395172027711,20,615.0
565.0,23,250.0,4.464285714285714,5.214213955376479,19,433.0,0.08712604750556029,4,65.0,0.5217766454121726,23,498.0
570.0,28,319.0,5.5,4.902102830082134,21,488.0,0.14875054226942386,7,45.0,0.42340570185118204,28,533.0
575.0,22,315.0,5.25,5.540348036653654,17,493.0,0.18729149080059693,5,64.0,0.5803652866092418,22,557.0
580.0,20,341.0,5.683333333333334,5.874328446728279,16,510.0,0.243443358496864,4,71.0,0.61471083017493,20,581.0
585.0,21,300.0,5.0,5.7943041888894715,16,494.0,0.29866032464046666,5,58.0,0.46038978163495775,21,552.0
590.0,25,299.0,4.746031746031746,4.80601380549039,15,479.0,0.21163253035246238,10,95.0,0.3241939595421183,25,574.0
595.0,23,209.0,3.265625,5.256579503115919,12,374.0,0.26384036393661825,11,134.0,0.3112715851027262,23,508.0
600.0,22,255.0,4.25,5.274227632147709,13,374.0,0.2753955749360236,9,153.0,0.34776047912372615,22,527.0
605.0,22,248.0,4.0,4.787652779295987,15,359.0,0.2093009509147748,7,164.0,0.347580010125853,22,523.0
610.0,25,300.0,4.6875,4.54986724398975,13,357.0,0.1930304909841337,12,190.0,0.3368998774711972,25,547.0
615.0,34,318.0,4.818181818181818,4.836118861871099,19,384.0,0.23625176317761515,15,167.0,0.34638732562693497,34,551.0
620.0,30,353.0,5.515625,4.53462948294119,16,380.0,0.24037634354559073,14,174.0,0.3292423967898078,30,554.0
625.0,24,320.0,4.923076923076923,4.331554906264061,11,301.0,0.21707838890822745,13,206.0,0.2869680335351695,24,507.0
630.0,24,280.0,4.375,4.505866657816637,11,300.0,0.18386118390485984,13,206.0,0.26633967907957634,24,506.0
635.0,24,245.0,3.828125,4.798416295409616,11,256.0,0.16001147023762055,13,201.0,0.27515087826424944,24,457.0
640.0,25,284.0,4.507936507936508,5.0666223074598555,12,276.0,0.22760519906078502,13,198.0,0.29181688695667585,25,474.0
645.0,18,311.0,5.016129032258065,5.675223002421989,6,242.0,0.3799246744778977,12,240.0,0.2874345019395384,18,482.0
650.0,20,382.0,6.161290322580645,5.4331356455430075,8,245.0,0.35558818211475857,12,266.0,0.23204760775301106,20,511.0
655.0,25,422.0,6.492307692307692,4.860410831242362,10,255.0,0.2606993187801238,15,295.0,0.20474237544913299,25,550.0
660.0,26,508.0,7.470588235294118,5.7696774820776895,13,292.0,0.29383927973849994,13,338.0,0.30019887596105377,26,630.0
665.0,24,497.0,8.016129032258064,5.25779719261798,12,337.0,0.33242471961982706,12,315.0,0.2981281761739773,24,652.0
670.0,21,520.0,8.96551724137931,4.632201939240013,7,349.0,0.26561059291957073,14,301.0,0.21561068428512267,21,650.0
675.0,21,507.0,8.311475409836065,4.4025148657531314,6,319.0,0.28655781236453565,15,352.0,0.13712102145177021,21,671.0
680.0,26,601.0,9.53968253968254,5.8942372665523735,12,327.0,0.3746897966671901,14,392.0,0.28907766109877353,26,719.0
685.0,28,588.0,9.639344262295081,5.14507120308249,14,365.0,0.37308008460404063,14,394.0,0.30041356474479464,28,759.0
690.0,20,611.0,9.85483870967742,5.400512899915662,7,360.0,0.29782699235450194,13,370.0,0.2922421622060203,20,730.0
695.0,22,384.0,6.193548387096774,5.112364543054306,8,289.0,0.2413418878009934,14,342.0,0.2629107241092077,22,631.0
700.0,25,238.0,3.71875,5.348519622674779,13,155.0,0.2526412886047202,12,258.0,0.299193955917638,25,413.0
705.0,26,303.0,4.809523809523809,4.5629779836405095,16,203.0,0.23623022403923835,10,300.0,0.3542693376351774,26,503.0
710.0,23,348.0,5.523809523809524,5.079828133304469,10,208.0,0.30811328343978267,13,334.0,0.2654219998017366,23,542.0
715.0,21,229.0,3.523076923076923,5.347153945015711,6,153.0,0.33418216538611945,15,342.0,0.14026520119503946,21,495.0
720.0,23,296.0,4.553846153846154,6.274668624247492,10,124.0,0.3870656647634086,13,352.0,0.13823563480795065,23,476.0
725.0,25,237.0,3.95,5.744409913922999,13,144.0,0.35899730226353954,12,318.0,0.16725563935076168,25,462.0
730.0,30,331.0,5.516666666666667,4.8258053777880905,19,198.0,0.24096373642418875,11,304.0,0.1971104030740296,30,502.0
735.0,31,352.0,6.068965517241379,3.7907753444755956,19,245.0,0.22115366203933592,12,278.0,0.24377431991152018,31,523.0
740.0,25,252.0,4.0,4.443809685830811,13,238.0,0.2725690965511268,12,233.0,0.25760727242772924,25,471.0
745.0,19,263.0,3.925373134328358,5.973973344945545,10,216.0,0.3786774670596501,9,251.0,0.3243704355707888,19,467.0
750.0,17,235.0,3.4558823529411766,6.496330353997465,10,237.0,0.28467912223676284,7,233.0,0.4277149998724256,17,470.0
755.0,24,326.0,5.015384615384615,5.3370502294563735,16,293.0,0.1574026006038603,8,233.0,0.3584653540161071,24,526.0
760.0,33,368.0,6.133333333333334,4.39040765134682,19,320.0,0.1869915467941865,14,233.0,0.3112601455071464,33,553.0
765.0,33,432.0,7.578947368421052,3.546848039983391,20,355.0,0.18597998542157462,13,257.0,0.2704917866842228,33,612.0
770.0,34,510.0,8.793103448275861,3.432807630172417,19,395.0,0.13352168932493344,15,294.0,0.2593116707310878,34,689.0
775.0,27,482.0,7.774193548387097,4.4095278253191355,12,367.0,0.23505489294009904,15,311.0,0.13685846088818615,27,678.0
780.0,18,355.0,5.461538461538462,5.497881654263894,8,295.0,0.23668260240593866,10,294.0,0.23978908626477802,18,589.0
785.0,22,220.0,3.283582089552239,5.9438882597700715,15,260.0,0.19712200264559868,7,238.0,0.3573853281805004,22,498.0
790.0,23,232.0,3.6825396825396823,6.820375280069516,13,301.0,0.27927033546986346,10,171.0,0.5194266396697191,23,472.0
795.0,23,317.0,5.19672131147541,6.190988136708941,15,351.0,0.3835767345430648,8,171.0,0.40002221888923783,23,522.0
800.0,23,346.0,5.766666666666667,4.944367475222549,12,371.0,0.3059586203244325,11,152.0,0.24665243466757938,23,523.0
805.0,25,348.0,5.4375,4.607910824576525,17,378.0,0.17787129008614924,8,160.0,0.2643180392626393,25,538.0
810.0,28,333.0,4.897058823529412,5.311355617351332,16,375.0,0.24943222726163794,12,138.0,0.2910659876894091,28,513.0
815.0,20,199.0,3.0615384615384613,6.457794296361579,9,284.0,0.3590243795895712,11,139.0,0.36943922731813833,20,423.0
820.0,19,196.0,3.0625,5.524141852189844,7,211.0,0.32390023145373514,12,160.0,0.29602416914348134,19,371.0
825.0,24,238.0,3.7777777777777777,5.313926858195943,13,227.0,0.1990352536940796,11,182.0,0.33511551766092523,24,409.0
830.0,25,274.0,4.349206349206349,5.552654454688803,15,231.0,0.18841684228558614,10,186.0,0.38913952056416384,25,417.0
835.0,18,225.0,3.6885245901639343,5.417940767992524,9,194.0,0.15475868041366644,9,163.0,0.3075730753399463,18,357.0
840.0,25,268.0,4.39344262295082,5.666613628540123,7,180.0,0.2840825060584198,18,190.0,0.2272358847591425,25,370.0
845.0,26,299.0,4.901639344262295,4.733245708476851,11,204.0,0.32901360677247554,15,217.0,0.14602325218235032,26,421.0
850.0,27,389.0,6.706896551724138,5.108823805441431,9,238.0,0.36697210474485986,18,262.0,0.2720795362670179,27,500.0
855.0,22,406.0,7.381818181818182,5.013007826521059,8,236.0,0.3559759582776738,14,281.0,0.2886818047215046,22,517.0
860.0,17,344.0,5.733333333333333,5.052900567280483,8,221.0,0.29358419656208407,9,237.0,0.27452707963406736,17,458.0
865.0,21,315.0,5.7272727272727275,5.632921245653987,13,268.0,0.2900531391015668,8,174.0,0.3323179978259227,21,442.0
870.0,23,354.0,6.103448275862069,5.520971482283208,12,312.0,0.30034221471595174,11,128.0,0.2556634564093095,23,440.0
875.0,19,362.0,6.464285714285714,5.549464220565627,7,309.0,0.326836709286965,12,151.0,0.2209487881167839,19,460.0
880.0,19,204.0,3.709090909090909,5.3747792336725135,6,193.0,0.29765476847868666,13,184.0,0.25632582219944694,19,377.0
885.0,23,246.0,4.315789473684211,5.490260271046656,13,156.0,0.24499935027948957,10,193.0,0.3181098483651316,23,349.0
890.0,16,232.0,4.377358490566038,5.656789962162439,11,179.0,0.22099116244243408,5,162.0,0.4025419179242598,16,341.0
895.0,12,145.0,2.9,5.982861571474595,6,168.0,0.2064780629473807,6,80.0,0.3427753867140221,12,248.0
900.0,15,117.0,2.2941176470588234,5.569251660377152,7,116.0,0.24497488299234185,8,102.0,0.22279888625431218,15,218.0
905.0,17,159.0,2.9444444444444446,6.135285411939052,8,124.0,0.32015172869809494,9,126.0,0.27635969405811117,17,250.0
910.0,14,186.0,3.6470588235294117,7.065764963043307,8,131.0,0.30443071853908843,6,124.0,0.5143236857351668,14,255.0
915.0,11,152.0,3.1020408163265305,7.021466714110885,6,110.0,0.31214332380283805,5,108.0,0.44430932333408807,11,218.0
920.0,16,200.0,4.081632653061225,6.602238819195004,8,137.0,0.27609792024529817,8,109.0,0.3358270780048476,16,246.0
925.0,17,192.0,4.173913043478261,5.882538657446919,9,178.0,0.39052421979221674,8,74.0,0.238015492258697,17,252.0
930.0,19,271.0,6.159090909090909,5.769657508350298,9,226.0,0.3874144941544318,10,90.0,0.30189358511066366,19,316.0
935.0,16,295.0,6.8604651162790695,5.551857686142093,10,273.0,0.3064320661189995,6,91.0,0.4055776559461287,16,364.0
940.0,15,211.0,4.586956521739131,6.170238722562415,10,213.0,0.2558451191647584,5,56.0,0.43701869633622376,15,269.0
945.0,19,257.0,5.244897959183674,5.824156482543323,13,247.0,0.2150062516632728,6,67.0,0.38296981264728347,19,314.0
950.0,19,263.0,5.1568627450980395,5.604849779368757,12,262.0,0.23517372569867692,7,66.0,0.37864627126481926,19,328.0
955.0,18,220.0,4.489795918367347,5.765612391116316,8,239.0,0.36516263782288527,10,80.0,0.3402855456199106,18,319.0
960.0,19,308.0,6.285714285714286,5.699503293432986,8,257.0,0.3947157468903516,11,111.0,0.1981242601571508,19,368.0
965.0,19,288.0,6.0,5.045527371150706,8,245.0,0.3473536131805861,11,134.0,0.07903188040303159,19,379.0
970.0,17,305.0,6.354166666666667,5.487327108563203,12,277.0,0.27541534863199074,5,126.0,0.2162546514097881,17,403.0
975.0,17,340.0,6.938775510204081,5.180632335854647,11,300.0,0.10842675971946861,6,108.0,0.4196769096560921,17,408.0
980.0,17,370.0,7.551020408163265,6.958424054310975,13,345.0,0.23682794215386402,4,81.0,0.5900400464776246,17,426.0
985.0,15,386.0,7.72,6.919260178035972,11,363.0,0.3489197757295681,4,89.0,0.49565890558798764,15,452.0
990.0,12,378.0,7.714285714285714,6.703042967476769,5,323.0,0.430987585968701,7,119.0,0.3464137562776831,12,442.0
995.0,13,173.0,3.6041666666666665,6.669612751052085,5,219.0,0.45795877310822064,8,116.0,0.3655503583132474,13,335.0
1000.0,16,140.0,2.9166666666666665,6.59137205599955,8,76.0,0.41266486733859103,8,113.0,0.38399305191212213,16,189.0
1005.0,17,145.0,3.0851063829787235,5.419802620698837,9,85.0,0.33124736740247596,8,115.0,0.3594855278888288,17,200.0
1010.0,16,188.0,3.76,5.441961097645057,5,82.0,0.35729637152554283,11,144.0,0.2321447809472421,16,226.0
1015.0,15,142.0,2.730769230769231,5.739555006420842,6,87.0,0.3907278736016413,9,131.0,0.2569165489656156,15,218.0
1020.0,16,161.0,3.0377358490566038,6.630765478092855,11,125.0,0.3085510973296177,5,71.0,0.46102508690217486,16,196.0
1025.0,17,154.0,2.9615384615384617,5.682229170150278,14,165.0,0.2274896319914733,3,49.0,0.4470711326051706,17,214.0
1030.0,25,261.0,5.019230769230769,5.680975008362316,18,238.0,0.27170940031148866,7,63.0,0.41550352842075405,25,301.0
1035.0,23,283.0,5.4423076923076925,4.14933131988049,17,278.0,0.19776838132499852,6,75.0,0.3566519731755235,23,353.0
1040.0,15,225.0,4.326923076923077,5.34855829130069,10,263.0,0.20844955633527223,5,84.0,0.41648764713344516,15,347.0
1045.0,14,258.0,4.867924528301887,5.730420494999667,9,296.0,0.23925927485468731,5,93.0,0.34598201259218875,14,389.0
1050.0,23,350.0,6.25,6.036998772636449,14,343.0,0.2293506836754614,9,132.0,0.32485712676723044,23,475.0
1055.0,21,400.0,7.547169811320755,5.361425000646001,12,358.0,0.285986564578001,9,155.0,0.3139482872481854,21,513.0
1060.0,17,433.0,7.872727272727273,6.732255828059094,10,315.0,0.42618532421566363,7,159.0,0.32327379056674305,17,474.0
1065.0,14,309.0,5.421052631578948,6.100535138831312,8,291.0,0.3697731846483639,6,128.0,0.27317743563579155,14,419.0
1070.0,21,384.0,6.620689655172414,6.318044942943431,10,293.0,0.29428395411517094,11,135.0,0.32586862523578836,21,428.0
1075.0,22,394.0,7.163636363636364,5.520506848729503,14,358.0,0.18209056063292967,8,101.0,0.44071779222174856,22,459.0
1080.0,23,459.0,8.345454545454546,5.424750907478602,14,389.0,0.2010725817562749,9,121.0,0.4436448482951862,23,510.0
1085.0,20,450.0,8.333333333333334,5.3244398997194935,13,392.0,0.20494561217175486,7,118.0,0.3943310924968219,20,510.0
1090.0,17,419.0,8.057692307692308,5.491774554123944,10,377.0,0.2372342759749215,7,82.0,0.3001336367871339,17,459.0
1095.0,21,415.0,7.980769230769231,5.629149678915411,11,394.0,0.25748133129991424,10,77.0,0.17653284127457966,21,471.0
1100.0,23,482.0,9.26923076923077,5.30564838501688,12,438.0,0.21216243734569712,11,111.0,0.23684088419696056,23,549.0
1105.0,22,515.0,10.510204081632653,5.457233307691801,13,459.0,0.29760782146047454,9,121.0,0.313153283879267,22,580.0
1110.0,18,520.0,10.4,5.9499237897384205,10,472.0,0.32539900799555727,8,137.0,0.41527114751374167,18,609.0
1115.0,15,482.0,9.64,5.679736379301541,9,430.0,0.3898290746952704,6,138.0,0.29458628941083076,15,568.0
1120.0,16,165.0,3.5106382978723403,5.816923767559007,11,225.0,0.30047100192839515,5,96.0,0.3617224043469788,16,321.0
1125.0,20,231.0,4.8125,5.870310396284431,15,164.0,0.19987750997593864,5,113.0,0.35530384213541916,20,277.0
1130.0,19,217.0,4.520833333333333,5.687385994917946,15,223.0,0.23565679651052307,4,56.0,0.3120502809444031,19,279.0
1135.0,20,277.0,5.8936170212765955,5.900514463062497,14,259.0,0.25567502603700687,6,83.0,0.40612326776210067,20,342.0
1140.0,19,262.0,6.390243902439025,5.115435728706996,16,283.0,0.27416320125580934,3,74.0,0.44425390838511747,19,357.0
1145.0,20,301.0,7.166666666666667,4.849300421659829,16,302.0,0.21470299477476776,4,64.0,0.4843246231272372,20,366.0
1150.0,16,212.0,4.711111111111111,4.7014057223262515,13,305.0,0.2355645823564959,3,26.0,0.5129858919979008,16,331.0
1155.0,15,133.0,2.7142857142857144,6.2979743685504825,10,245.0,0.3765656733310754,5,30.0,0.46588764261511684,15,275.0
1160.0,13,114.0,2.0727272727272728,5.604203333278728,10,242.0,0.2994927193141323,3,24.0,0.43766014123086244,13,266.0
1165.0,18,177.0,3.0,6.6109371671845345,15,296.0,0.21311860674800248,3,23.0,0.6118659595883696,18,319.0
1170.0,23,237.0,3.95,6.162295106120111,17,319.0,0.18310167969621502,6,38.0,0.5100777803887505,23,357.0
1175.0,16,247.0,4.258620689655173,6.705644176253366,9,288.0,0.2712236619636654,7,56.0,0.40677746455970043,16,344.0
1180.0,16,205.0,3.6607142857142856,6.015124873044081,8,257.0,0.252850617879235,8,81.0,0.29734409879782797,16,338.0
1185.0,18,192.0,3.9183673469387754,5.2888767170045945,12,219.0,0.19850365212004634,6,89.0,0.34298378526517825,18,308.0
1190.0,17,231.0,4.914893617021277,5.678561975300078,13,260.0,0.24622584511463252,4,73.0,0.5102692536461672,17,333.0
1195.0,12,249.0,5.1875,6.136228893186657,8,250.0,0.3361884955698535,4,90.0,0.3610831795319073,12,340.0
1200.0,14,267.0,5.235294117647059,5.616928575787028,6,249.0,0.2954415188445191,8,121.0,0.2766761939016095,14,370.0
1205.0,17,268.0,5.153846153846154,5.528869018885635,11,284.0,0.2164778835942794,6,87.0,0.3608517626269064,17,371.0
1210.0,23,334.0,6.549019607843137,5.079430426611569,15,315.0,0.22061026045296,8,113.0,0.3660982083999791,23,428.0
1215.0,14,279.0,5.58,5.1569365884132665,9,305.0,0.2343508404057618,5,88.0,0.3613836397807108,14,393.0
1220.0,14,170.0,3.269230769230769,6.138384128800409,9,241.0,0.23337967759815637,5,63.0,0.46566552264032496,14,304.0
1225.0,14,113.0,2.1320754716981134,6.399423848787775,10,164.0,0.23803612725743473,4,52.0,0.4916977017096033,14,216.0
1230.0,16,148.0,2.9019607843137254,5.783185790065398,11,190.0,0.2949710502427702,5,48.0,0.4259785267866676,16,238.0
1235.0,12,123.0,2.5625,5.36410207597449,6,177.0,0.28410911273395384,6,46.0,0.36296729012115697,12,223.0
1240.0,15,172.0,3.510204081632653,5.487963961461908,9,204.0,0.2990898334942624,6,69.0,0.3779390896900159,15,273.0
1245.0,18,196.0,3.769230769230769,5.194907849503674,12,230.0,0.2628566029798394,6,81.0,0.27749571216511104,18,311.0
1250.0,20,251.0,4.921568627450981,4.884998733170166,12,255.0,0.22126408359967312,8,86.0,0.4123036691977442,20,341.0
1255.0,13,202.0,3.8846153846153846,5.812336726598224,8,241.0,0.30583438789921397,5,76.0,0.44879364104336716,13,317.0
1260.0,15,175.0,3.4313725490196076,5.753930080865767,9,209.0,0.27024742369958105,6,54.0,0.4006415667442568,15,263.0
1265.0,23,234.0,4.5,5.379605662013991,17,272.0,0.15164023586769507,6,67.0,0.3790214739485055,23,339.0
1270.0,23,283.0,4.964912280701754,4.942605681587221,18,329.0,0.19049640449552696,5,56.0,0.3121896542348338,23,385.0
1275.0,17,269.0,4.637931034482759,6.178142870661922,11,327.0,0.385972964667234,6,56.0,0.3442860209043835,17,383.0
1280.0,15,254.0,4.535714285714286,6.687538888852596,9,311.0,0.43106459372619443,6,68.0,0.42019779762555015,15,379.0
1285.0,20,285.0,5.0,6.168057635367529,13,303.0,0.3339889605302107,7,94.0,0.4433085428697383,20,397.0
1290.0,25,171.0,3.0,4.401396140597749,18,248.0,0.18149687505176496,7,93.0,0.41941026558833167,25,341.0
1295.0,28,252.0,4.344827586206897,4.664472872078456,20,271.0,0.1272571823971222,8,100.0,0.4486199076678026,28,371.0
1300.0,23,279.0,4.65,5.285204120202895,18,296.0,0.16155749640593056,5,113.0,0.47014631421214476,23,409.0
1305.0,22,234.0,3.7142857142857144,6.238100375842481,12,272.0,0.2933256247781789,10,139.0,0.32419240712352626,22,411.0
1310.0,17,172.0,2.774193548387097,5.847320111448133,10,287.0,0.2760670532559787,7,105.0,0.275567484245523,17,392.0
1315.0,22,211.0,3.5166666666666666,6.250123998786785,14,303.0,0.26806088116893967,8,100.0,0.4129964029911091,22,403.0
1320.0,23,247.0,4.116666666666666,4.6937709520382915,19,338.0,0.1628376725848772,4,100.0,0.3960453740761403,23,438.0
1325.0,18,279.0,4.810344827586207,5.750235510064583,13,322.0,0.21744306404723068,5,98.0,0.47708458613757815,18,420.0
1330.0,18,166.0,2.721311475409836,5.748049295999505,13,320.0,0.2263514347584156,5,50.0,0.35810194344672897,18,370.0
1335.0,32,292.0,4.634920634920635,5.612986505505751,22,367.0,0.18380921905266276,10,74.0,0.3377855092782323,32,441.0
1340.0,29,343.0,6.017543859649122,4.674406820457857,20,421.0,0.20151132547249664,9,108.0,0.2986359965383078,29,529.0
1345.0,30,359.0,6.084745762711864,4.250522540698305,19,452.0,0.21331497958404985,11,134.0,0.23431928024816973,30,586.0
1350.0,26,335.0,5.583333333333333,3.911804032885359,16,457.0,0.2234925654897391,10,140.0,0.3188666937392698,26,597.0
1355.0,19,264.0,4.327868852459017,5.624562527849999,14,418.0,0.21352466036548307,5,99.0,0.4946196265732338,19,517.0
1360.0,16,241.0,4.084745762711864,5.492557745895469,13,464.0,0.18309798397725802,3,69.0,0.430225510010084,16,533.0
1365.0,31,354.0,5.709677419354839,4.449180823952663,22,543.0,0.07525187963606761,9,64.0,0.2510749083835253,31,607.0
1370.0,30,443.0,7.262295081967213,4.3609272604357825,23,596.0,0.17076511137013645,7,82.0,0.1968406885488317,30,678.0
1375.0,19,473.0,8.298245614035087,6.277157512687682,14,594.0,0.2698227882913046,5,70.0,0.4134219789617055,19,664.0
1380.0,17,348.0,6.444444444444445,5.810804142843109,11,526.0,0.24267765964183577,6,50.0,0.36412471607320973,17,576.0
1385.0,17,286.0,5.296296296296297,6.735375305363506,10,424.0,0.302951996824429,7,69.0,0.4027125251971923,17,493.0
1390.0,15,246.0,4.730769230769231,6.323871168567212,11,406.0,0.32293227152160253,4,62.0,0.47766474813895116,15,468.0
1395.0,14,148.0,2.9019607843137254,7.319598131916388,8,339.0,0.4387405282240262,6,85.0,0.5444035427256892,14,424.0
1400.0,15,182.0,3.5,4.988413535251739,10,314.0,0.3361799099413904,5,102.0,0.35974962570167945,15,416.0
1405.0,20,270.0,5.1923076923076925,5.267407697721893,13,331.0,0.3291131221061518,7,136.0,0.31874304191980124,20,467.0
1410.0,24,280.0,5.090909090909091,3.9458532706971403,17,347.0,0.20291926595713689,7,116.0,0.2520061167545783,24,463.0
1415.0,21,348.0,6.0,5.6373800496677875,17,344.0,0.2087331197239143,4,86.0,0.46444013341432067,21,430.0
1420.0,24,324.0,5.491525423728813,4.75240087180421,17,370.0,0.16088163832398572,7,60.0,0.39981304997116984,24,430.0
1425.0,31,427.0,6.887096774193548,4.533091912714588,21,420.0,0.1286677477171369,10,107.0,0.4437928551585948,31,527.0
1430.0,31,386.0,6.433333333333334,4.159407560928542,22,438.0,0.15714786569632702,9,129.0,0.36875225175580695,31,567.0
1435.0,18,269.0,4.559322033898305,5.617815509772854,13,372.0,0.24848099943469062,5,122.0,0.3654093283178696,18,494.0
1440.0,17,272.0,4.689655172413793,4.470856626683451,11,333.0,0.1108332550369708,6,141.0,0.302401696725501,17,474.0
1445.0,30,361.0,5.918032786885246,5.085627046905602,14,348.0,0.17043550293722662,16,201.0,0.2525339409750708,30,549.0
1450.0,29,442.0,7.620689655172414,4.485889055017687,16,390.0,0.21347859928491894,13,247.0,0.27693936752595427,29,637.0
1455.0,21,372.0,6.526315789473684,5.220760481213779,12,387.0,0.19237642126428278,9,248.0,0.36942785146197765,21,635.0
1460.0,21,358.0,6.509090909090909,5.012674312108524,13,423.0,0.1626865258893307,8,208.0,0.36033974075393166,21,631.0
1465.0,24,364.0,6.275862068965517,5.731994989321548,13,398.0,0.22113055263590467,11,201.0,0.37256470347661463,24,599.0
1470.0,22,268.0,4.785714285714286,5.522546687485685,11,290.0,0.29737476991004935,11,191.0,0.30775477901199627,22,481.0
1475.0,26,333.0,5.459016393442623,5.4455558209720385,12,315.0,0.3049025073267269,14,161.0,0.240221365728088,26,476.0
1480.0,26,372.0,6.0,5.491614389108654,14,324.0,0.3602964781310093,12,193.0,0.2711497780689599,26,517.0
1485.0,27,436.0,7.147540983606557,5.2529284826725275,13,333.0,0.36189038698605214,14,202.0,0.3014695343369162,27,535.0
1490.0,22,433.0,7.216666666666667,5.228019010392425,11,346.0,0.3665783830795624,11,205.0,0.2390928081563277,22,551.0
1495.0,18,292.0,4.786885245901639,5.243529964285888,13,334.0,0.31444452352571384,5,149.0,0.18209773226576886,18,483.0
1500.0,21,260.0,4.126984126984127,4.700806430461901,15,320.0,0.22169986153895324,6,156.0,0.2670856521232547,21,476.0
1505.0,28,191.0,2.8507462686567164,4.726402548931525,16,257.0,0.26296378459511444,12,186.0,0.2910926076959292,28,443.0
1510.0,32,334.0,5.138461538461539,4.988207413901322,18,284.0,0.2714498531941549,14,254.0,0.3766739530949558,32,538.0
1515.0,30,369.0,5.676923076923077,4.175911369870572,19,335.0,0.20208595999519158,11,254.0,0.33782530469996747,30,589.0
1520.0,21,300.0,4.477611940298507,4.285914890807699,16,346.0,0.18369387614197563,5,181.0,0.20818082254597547,21,527.0
1525.0,23,347.0,5.257575757575758,5.186832423064614,15,360.0,0.188968489522988,8,160.0,0.257989549340322,23,520.0
1530.0,24,334.0,4.985074626865671,5.46628996376324,15,372.0,0.1726858819692643,9,161.0,0.20670086421937053,24,533.0
1535.0,30,386.0,6.126984126984127,4.579973614139114,17,367.0,0.20790239049811146,13,192.0,0.22774136918333832,30,559.0
1540.0,32,399.0,6.435483870967742,4.130920899442592,20,412.0,0.24357872917417372,12,234.0,0.26560579680201263,32,646.0
1545.0,31,452.0,6.953846153846154,4.62784703156737,21,447.0,0.20548104226534525,10,229.0,0.35506295573368396,31,676.0
1550.0,23,314.0,4.984126984126984,5.498541034365223,17,429.0,0.21735977588293948,6,165.0,0.4561574757513977,23,594.0
1555.0,28,306.0,4.707692307692308,4.699434324380779,17,431.0,0.23187343334845056,11,154.0,0.23687946570035764,28,585.0
1560.0,33,406.0,6.34375,4.440304698000198,22,451.0,0.24991175949077504,11,204.0,0.22260265237177074,33,655.0
1565.0,31,509.0,8.209677419354838,4.830722437747855,19,491.0,0.2640187817033203,12,228.0,0.3295843319425362,31,719.0
1570.0,23,505.0,8.278688524590164,5.360444306152452,16,500.0,0.24360910714550704,7,222.0,0.43853816500630755,23,722.0
1575.0,26,479.0,7.484375,5.0426079028922945,17,483.0,0.23027619388448334,9,182.0,0.3202991350284371,26,665.0
1580.0,26,297.0,4.569230769230769,5.403788056686134,18,466.0,0.22045990930782358,8,94.0,0.428244980629257,26,560.0
1585.0,25,291.0,4.693548387096774,5.636008762945497,16,434.0,0.2960412675392955,9,111.0,0.43342992826893656,25,545.0
1590.0,26,246.0,3.967741935483871,4.681135350409729,17,424.0,0.2555403062289452,9,105.0,0.3766359034005545,26,529.0
1595.0,32,306.0,4.857142857142857,3.876113688900677,22,460.0,0.19682737080448906,10,126.0,0.2799973134770652,32,586.0
1600.0,30,299.0,4.53030303030303,4.045695065627768,19,455.0,0.1667130338427221,11,134.0,0.24818695383187894,30,589.0
1605.0,23,249.0,3.716417910447761,5.058308679118489,16,462.0,0.24481841999156745,7,99.0,0.18279955868173148,23,561.0
1610.0,27,322.0,4.535211267605634,5.514857070426824,19,480.0,0.225399982871747,8,109.0,0.2951953511211594,27,589.0
1615.0,31,418.0,5.887323943661972,5.469028343435891,20,513.0,0.2195342996613816,11,160.0,0.38629418780488894,31,673.0
1620.0,27,404.0,6.2153846153846155,5.700524506578728,20,511.0,0.26701686022711757,7,175.0,0.47975101873065923,27,686.0
1625.0,26,419.0,6.650793650793651,4.963707313310235,17,539.0,0.1786282092880068,9,163.0,0.41003507075667484,26,702.0
1630.0,31,354.0,5.709677419354839,3.7752952516991525,22,584.0,0.0411467723146498,9,136.0,0.31426038267742007,31,720.0
1635.0,34,417.0,6.619047619047619,3.8961924802067265,21,632.0,0.1191984745712392,13,135.0,0.24353766655959036,34,767.0
1640.0,26,328.0,5.2063492063492065,4.683148055946435,14,595.0,0.269355172358929,12,171.0,0.22632234727856215,26,766.0
1645.0,21,329.0,4.984848484848484,5.319152063548503,13,550.0,0.26037576031378595,8,178.0,0.2760548090404837,21,728.0
1650.0,21,313.0,4.742424242424242,5.627353949297707,15,495.0,0.20165584031465789,6,184.0,0.407645084297576,21,679.0
1655.0,28,406.0,6.059701492537314,5.503281405658166,17,520.0,0.26561419437188605,11,196.0,0.4044456977469635,28,716.0
1660.0,27,325.0,4.850746268656716,4.774794993433923,18,512.0,0.2920451916554442,9,155.0,0.31786898048365186,27,667.0
1665.0,29,399.0,6.045454545454546,4.692496370860525,15,508.0,0.32140067422866714,14,156.0,0.2545787447366752,29,664.0
1670.0,30,380.0,5.428571428571429,4.552605675318605,16,449.0,0.28209544512054846,14,177.0,0.1616308437230645,30,626.0
1675.0,28,268.0,3.8285714285714287,4.782699814597535,21,440.0,0.18304973211518905,7,152.0,0.27794358760739074,28,592.0
1680.0,25,259.0,3.5972222222222223,5.04223644843054,18,414.0,0.20683374925099782,7,139.0,0.32334458525467935,25,553.0
1685.0,30,278.0,4.028985507246377,4.526529665715214,21,433.0,0.1654357503780532,9,145.0,0.33426868156628553,30,578.0
1690.0,29,329.0,4.838235294117647,4.778090451918363,21,427.0,0.21837817787601704,8,151.0,0.345133160896215,29,578.0
1695.0,29,395.0,5.486111111111111,4.693156741419112,20,496.0,0.1651303365816914,9,127.0,0.34926821216251525,29,623.0
1700.0,30,495.0,7.071428571428571,5.166585352014362,20,558.0,0.20060143702858377,10,154.0,0.38057806443069586,30,712.0
1705.0,34,546.0,7.47945205479452,4.951679141224307,21,566.0,0.21756162795964984,13,198.0,0.3743859773722475,34,764.0
1710.0,29,503.0,7.2898550724637685,4.760525967754704,17,542.0,0.28474418577637844,12,206.0,0.3112158514305886,29,748.0
1715.0,34,614.0,8.771428571428572,4.427105606407598,16,567.0,0.3032920506848944,18,265.0,0.22709294148358858,34,832.0
1720.0,34,666.0,9.123287671232877,4.579327128616969,17,596.0,0.32326280142853686,17,310.0,0.2294710145301968,34,906.0
1725.0,30,619.0,8.842857142857143,4.897720256860113,20,612.0,0.2796035203087946,10,306.0,0.3380851758424196,30,918.0
1730.0,31,390.0,5.571428571428571,3.8914297108459053,19,569.0,0.0917905369673003,12,268.0,0.3411932221818344,31,837.0
1735.0,37,375.0,5.208333333333333,3.9811475172120847,22,622.0,0.1502214643205875,15,244.0,0.31928723100223905,37,866.0
1740.0,36,451.0,6.263888888888889,3.067879134155013,22,645.0,0.19044910206122398,14,269.0,0.2525941728744823,36,914.0
1745.0,41,591.0,7.88,3.6196847864139423,20,702.0,0.24313588390223778,21,325.0,0.23531297298411857,41,1027.0
1750.0,44,606.0,7.769230769230769,3.4067815586718053,23,720.0,0.23105984968283108,21,369.0,0.20382616095067246,44,1089.0
1755.0,36,454.0,5.536585365853658,3.7204013168073464,18,644.0,0.192384070190189,18,353.0,0.15276905485121833,36,997.0
1760.0,32,475.0,5.864197530864198,4.742079302587489,19,631.0,0.2554274259889327,13,363.0,0.2308949734961071,32,994.0
1765.0,30,426.0,5.071428571428571,5.102558304046992,17,600.0,0.21704506045235566,13,349.0,0.2485509394339154,30,949.0
1770.0,41,461.0,5.7625,4.639644985250948,20,574.0,0.22393311643737102,21,345.0,0.22722942146311623,41,919.0
1775.0,40,537.0,7.065789473684211,4.409460725543766,21,592.0,0.21872103764883885,19,358.0,0.26349190834864916,40,950.0
1780.0,37,519.0,7.013513513513513,3.7753397117076513,20,545.0,0.15456067031392934,17,383.0,0.231057262753214,37,928.0
1785.0,33,446.0,6.027027027027027,3.7850783614279875,20,585.0,0.12681147456175934,13,338.0,0.250509117727887,33,923.0
1790.0,25,411.0,5.63013698630137,4.477021914927888,15,576.0,0.11570382073199108,10,306.0,0.2876724760811236,25,882.0
1795.0,27,381.0,5.366197183098592,5.091213603738521,14,547.0,0.2422791727790841,13,331.0,0.2658875444451663,27,878.0
1800.0,31,316.0,4.7164179104477615,4.439687663710584,16,496.0,0.20296220648688898,15,334.0,0.21802398779895776,31,830.0
1805.0,37,418.0,6.2388059701492535,3.7569139263394775,18,496.0,0.12167889023621194,19,364.0,0.25011744838868455,37,860.0
1810.0,36,468.0,6.882352941176471,3.950464877147228,18,453.0,0.24822659420336782,18,387.0,0.20891456908562855,36,840.0
1815.0,27,427.0,6.188405797101449,4.61417713962953,14,464.0,0.30054572672869184,13,328.0,0.21124834437448248,27,792.0
1820.0,20,347.0,4.957142857142857,5.392552343280542,9,444.0,0.29207000644081754,11,291.0,0.2830485491338611,20,735.0
1825.0,23,194.0,2.8115942028985508,5.066855490305171,8,330.0,0.25502810768678036,15,270.0,0.24358360540573656,23,600.0
1830.0,29,293.0,4.126760563380282,4.957587769422953,13,308.0,0.27426849801402153,16,302.0,0.25054921231211935,29,610.0
1835.0,28,355.0,5.298507462686567,4.400728048856684,15,323.0,0.20920559135583186,13,302.0,0.2988642717566235,28,625.0
1840.0,26,326.0,4.865671641791045,4.351544312520058,15,318.0,0.23335509447559502,11,296.0,0.25763366780663094,26,614.0
1845.0,30,389.0,5.63768115942029,4.342553059283145,13,332.0,0.3016075421062185,17,298.0,0.17044531309646083,30,630.0
1850.0,33,373.0,5.328571428571428,4.4616721554936545,10,306.0,0.3987967777551811,23,353.0,0.09702207793244523,33,659.0
1855.0,33,399.0,5.465753424657534,4.298648226351412,12,279.0,0.3082447986015593,21,401.0,0.1150266237575817,33,680.0
1860.0,37,438.0,5.84,4.561989066076914,18,253.0,0.3145171917877246,19,448.0,0.20446308697048912,37,701.0
1865.0,30,403.0,5.373333333333333,4.734068787312439,18,305.0,0.27938524846162094,12,425.0,0.2901681529087191,30,730.0
1870.0,24,329.0,4.569444444444445,4.27492381669473,15,320.0,0.20304238133125582,9,366.0,0.25423840538455544,24,686.0
1875.0,29,293.0,4.069444444444445,4.202289631160924,16,326.0,0.1693180728905687,13,330.0,0.20199643549440816,29,656.0
1880.0,33,344.0,4.777777777777778,4.595137022141604,15,323.0,0.1990981646186449,18,387.0,0.21571429128699565,33,710.0
1885.0,37,445.0,6.544117647058823,3.9964038863193565,17,353.0,0.21527957876188739,20,436.0,0.24448426885631536,37,789.0
1890.0,38,404.0,5.771428571428571,3.6625264026038638,18,388.0,0.22345072667972282,20,461.0,0.21205570671969184,38,849.0
1895.0,32,342.0,4.885714285714286,3.527983973928871,18,432.0,0.14518956347471582,14,392.0,0.23249819436545832,32,824.0
1900.0,24,345.0,5.0,4.453658132353699,15,437.0,0.1855494315800807,9,333.0,0.2656271309738357,24,770.0
1905.0,24,383.0,5.319444444444445,5.081503618035561,13,456.0,0.26879770826815597,11,327.0,0.2527150359363911,24,783.0
1910.0,32,435.0,6.041666666666667,5.2134137342349955,17,442.0,0.3167744003087598,15,365.0,0.31292304505047464,32,807.0
1915.0,34,552.0,7.774647887323944,4.968279273080884,16,491.0,0.3119400789328744,18,414.0,0.33269247917627676,34,905.0
1920.0,31,621.0,8.625,4.144131794149848,13,521.0,0.2592202211426576,18,426.0,0.23915844585272897,31,947.0
1925.0,28,453.0,6.205479452054795,4.548626079036881,12,428.0,0.25215260535561745,16,404.0,0.23112284710061445,28,832.0
1930.0,23,364.0,5.055555555555555,4.950249098586816,12,362.0,0.26531980430660573,11,353.0,0.23961419232540093,23,715.0
1935.0,33,321.0,4.458333333333333,4.559840282163356,17,336.0,0.22714413980334222,16,302.0,0.21521863441884823,33,638.0
1940.0,37,362.0,5.027777777777778,4.47766794376785,19,342.0,0.19642381446267668,18,346.0,0.23556646384406646,37,688.0
1945.0,29,404.0,5.855072463768116,4.126170425332697,16,312.0,0.15427127713181482,13,342.0,0.2694947341024225,29,654.0
1950.0,22,289.0,4.128571428571429,4.82280528403836,9,294.0,0.24477067193639088,13,342.0,0.24536302624669717,22,636.0
1955.0,21,255.0,3.75,5.1251927477361,5,265.0,0.35972577932182376,16,349.0,0.24414669108345521,21,614.0
1960.0,34,366.0,5.304347826086956,4.132487019427971,13,268.0,0.29987656661798956,21,407.0,0.16811774411334493,34,675.0
1965.0,30,427.0,6.188405797101449,4.424425023588082,16,297.0,0.24704674690823877,14,423.0,0.26169963708631294,30,720.0
1970.0,24,363.0,5.417910447761194,4.629622104218495,8,261.0,0.25792956151028723,16,413.0,0.15669604263032982,24,674.0
1975.0,27,364.0,5.27536231884058,4.600199801865324,8,254.0,0.2819245902177006,19,414.0,0.07212529715126982,27,668.0
1980.0,34,457.0,6.720588235294118,4.301554952951568,15,278.0,0.23991855951796465,19,477.0,0.1413785693623284,34,755.0
1985.0,29,438.0,6.9523809523809526,4.452810027569933,15,263.0,0.23637751684845362,14,476.0,0.2415015965297764,29,739.0
1990.0,27,451.0,7.274193548387097,4.6864562344587615,16,268.0,0.19681533738341406,11,470.0,0.27810969418697057,27,738.0
1995.0,31,488.0,7.870967741935484,4.279406311592257,17,283.0,0.19248943874098703,14,485.0,0.2794148790088266,31,768.0
2000.0,23,312.0,4.9523809523809526,4.847920359573402,9,234.0,0.3073898245221118,14,422.0,0.2235165806258074,23,656.0
2005.0,22,255.0,4.180327868852459,5.108016988006357,7,193.0,0.37896844178669914,15,354.0,0.17560510068984705,22,547.0
2010.0,24,257.0,3.893939393939394,5.152805248809254,8,174.0,0.39155344605144315,16,385.0,0.18449816684516746,24,559.0
2015.0,19,232.0,3.7419354838709675,5.458567270542079,10,163.0,0.3275933797945124,9,365.0,0.3129771504727557,19,528.0
2020.0,26,289.0,4.737704918032787,4.0165657645434045,17,191.0,0.1676532808880033,9,349.0,0.2669856592698681,26,540.0
2025.0,26,350.0,5.384615384615385,4.720148331748765,11,198.0,0.23938364047843666,15,350.0,0.22163967857892938,26,548.0
2030.0,25,347.0,5.17910447761194,4.592728333911444,9,171.0,0.24716439149588823,16,384.0,0.16772955296956296,25,555.0
2035.0,19,352.0,5.333333333333333,5.598805859797918,10,179.0,0.24474547647981235,9,383.0,0.29762227137153974,19,562.0
2040.0,23,303.0,4.734375,5.168281895166938,15,215.0,0.17792792291888643,8,319.0,0.388229504125312,23,534.0
2045.0,23,365.0,6.083333333333333,5.291299147308799,10,226.0,0.3042216929860278,13,329.0,0.28646689390850244,23,555.0
2050.0,27,422.0,7.033333333333333,4.265758540647078,12,251.0,0.29339951522213653,15,358.0,0.20824511213154234,27,609.0
2055.0,24,475.0,8.05084745762712,5.109657697248164,16,281.0,0.26252572234708366,8,352.0,0.2873767938547641,24,633.0
2060.0,26,456.0,7.862068965517241,4.418960423494679,17,294.0,0.16412219849177306,9,349.0,0.30597919825544445,26,643.0
2065.0,25,531.0,9.482142857142858,5.187001595846261,18,353.0,0.19513427703904856,7,350.0,0.3706102314879794,25,703.0
2070.0,27,413.0,7.509090909090909,4.326015401058588,17,375.0,0.20278759839167076,10,274.0,0.36554387975853947,27,649.0
2075.0,19,265.0,4.907407407407407,4.803976114486465,8,326.0,0.30622946959093733,11,143.0,0.24395638468293063,19,469.0
2080.0,20,286.0,5.39622641509434,4.944485781128168,8,284.0,0.4286478167544665,12,165.0,0.11975227772647659,20,449.0
2085.0,12,126.0,2.25,5.565864914381658,6,177.0,0.2768284769589858,6,146.0,0.2557573617311761,12,323.0
2090.0,21,171.0,3.0,5.331166036817826,14,179.0,0.17247907080844194,7,149.0,0.2927748848764957,21,328.0
2095.0,23,239.0,4.267857142857143,5.409438163338431,13,213.0,0.2610057534197121,10,169.0,0.264148424389291,23,382.0
2100.0,20,268.0,4.701754385964913,5.687590175657947,8,199.0,0.3238785304900833,12,195.0,0.1843180717415106,20,394.0
2105.0,17,204.0,3.7777777777777777,5.6364714389895125,9,174.0,0.30758481992734943,8,172.0,0.18109156937051346,17,346.0
2110.0,20,197.0,3.6481481481481484,5.986066024887676,11,158.0,0.22558558991355943,9,165.0,0.22157028990627786,20,323.0
2115.0,20,268.0,5.254901960784314,6.194674314377274,10,185.0,0.26725694900618613,10,189.0,0.34374042689632733,20,374.0
2120.0,16,263.0,5.36734693877551,6.4985340266442835,7,172.0,0.3077852495838959,9,179.0,0.36707235527850185,16,351.0
2125.0,15,260.0,5.6521739130434785,6.077979718582618,6,178.0,0.37157631679263486,9,185.0,0.28259275289030733,15,363.0
2130.0,20,346.0,6.92,6.099116287565142,9,200.0,0.4053420910575678,11,223.0,0.21119630749407722,20,423.0
2135.0,15,337.0,7.020833333333333,6.420225624301556,6,205.0,0.46506016109545223,9,220.0,0.317950724007129,15,425.0
2140.0,14,373.0,8.108695652173912,6.324115696424868,6,206.0,0.39585948011700733,8,215.0,0.3353724068010354,14,421.0
2145.0,13,170.0,4.0476190476190474,5.992788246307144,5,146.0,0.38138185375398403,8,169.0,0.31298591348619836,13,315.0
2150.0,14,128.0,2.909090909090909,6.2498486051831526,7,73.0,0.2477537441659862,7,98.0,0.3613565478851851,14,171.0
2155.0,18,110.0,2.4444444444444446,5.137005384810507,11,78.0,0.13931538456402692,7,98.0,0.3796350669216224,18,176.0
2160.0,17,172.0,3.510204081632653,6.693242338170962,9,96.0,0.3331899294838468,8,121.0,0.37667129736866606,17,217.0
2165.0,13,128.0,2.4615384615384617,7.2008532582315885,6,106.0,0.46842140340021127,7,104.0,0.4050546970797923,13,210.0
2170.0,13,142.0,2.8979591836734695,8.057511631592144,5,71.0,0.5064406619335675,8,128.0,0.47573659365168536,13,199.0
2175.0,18,122.0,2.489795918367347,5.946512086934033,8,75.0,0.4177413160341439,10,135.0,0.3505096189097428,18,210.0
2180.0,21,212.0,4.076923076923077,6.238082844620232,10,102.0,0.3621697543244325,11,156.0,0.4169649365096209,21,258.0
2185.0,20,161.0,3.0961538461538463,5.010967148298727,11,116.0,0.30042617699230967,9,128.0,0.39942144135083835,20,244.0
2190.0,19,191.0,3.673076923076923,6.16499814773355,11,131.0,0.35759798050888386,8,100.0,0.4746808522066084,19,231.0
2195.0,21,159.0,2.8392857142857144,4.882023495776001,10,132.0,0.27169122680011715,11,108.0,0.30323587159164705,21,240.0
2200.0,18,182.0,3.1379310344827585,6.241889944992338,6,107.0,0.4095426246433604,12,133.0,0.28994005782635696,18,240.0
2205.0,22,194.0,3.4642857142857144,5.396148969795102,10,130.0,0.28204160245564125,12,160.0,0.2612831348706,22,290.0
2210.0,20,241.0,4.303571428571429,5.830988139193075,8,150.0,0.38255005876708953,12,191.0,0.2696936491191508,20,341.0
2215.0,18,199.0,3.685185185185185,5.1417890657685215,10,152.0,0.33123772764065,8,186.0,0.27718973396768704,18,338.0
2220.0,25,234.0,4.588235294117647,4.674354231931552,14,166.0,0.2619199265349173,11,179.0,0.26652263626847766,25,345.0
2225.0,21,198.0,3.8823529411764706,4.288334966098578,12,182.0,0.21582026929624767,9,187.0,0.25720448639796456,21,369.0
2230.0,24,248.0,4.592592592592593,5.011886604025464,9,162.0,0.30149542373321764,15,206.0,0.1552299555760299,24,368.0
2235.0,22,279.0,4.982142857142857,5.093600827164495,8,171.0,0.3172903255692613,14,242.0,0.20126420905646736,22,413.0
2240.0,24,315.0,5.431034482758621,6.080867750999953,11,174.0,0.3369046446393914,13,258.0,0.34353656824938306,24,432.0
2245.0,20,305.0,5.446428571428571,5.560465184849988,10,201.0,0.3731514597425036,10,260.0,0.369445687414721,20,461.0
2250.0,21,335.0,5.775862068965517,5.554006168194098,12,227.0,0.22479557425969746,9,211.0,0.41531882617056315,21,438.0
2255.0,19,239.0,4.0508474576271185,5.614798706054486,12,239.0,0.21503107315531267,7,148.0,0.43296357094393784,19,387.0
2260.0,16,218.0,3.824561403508772,6.64212555344258,7,211.0,0.43154929705602896,9,103.0,0.3338551284006226,16,314.0
2265.0,21,237.0,4.3090909090909095,4.115254658052651,7,198.0,0.31931904081126905,14,132.0,0.10806963580179252,21,330.0
2270.0,31,326.0,5.52542372881356,4.268639144727356,11,219.0,0.3068526433850322,20,190.0,0.13469869000274826,31,409.0
2275.0,31,379.0,6.316666666666666,4.5205938999941955,13,236.0,0.2963546624746184,18,238.0,0.25239997907699935,31,474.0
2280.0,20,350.0,5.645161290322581,5.444314176451,10,236.0,0.3337352005131624,10,231.0,0.28333280507501946,20,467.0
2285.0,17,318.0,5.129032258064516,5.203924412290914,9,249.0,0.29254413804442,8,237.0,0.2345710290723407,17,486.0
2290.0,24,363.0,5.761904761904762,5.887196483114181,11,271.0,0.3082530635031241,13,243.0,0.2788610360014395,24,514.0
2295.0,25,426.0,6.761904761904762,5.185437895883363,11,307.0,0.24540824763339125,14,262.0,0.27098732582082147,25,569.0
2300.0,22,454.0,7.694915254237288,6.077573684636684,11,322.0,0.278418224625027,11,226.0,0.3001558091272913,22,548.0
2305.0,23,238.0,3.901639344262295,4.924113019610427,12,191.0,0.17850476421871359,11,235.0,0.2235164733173121,23,426.0
2310.0,24,237.0,3.646153846153846,5.58132078166833,10,155.0,0.28593890696013385,14,226.0,0.2130011615441344,24,381.0
2315.0,22,243.0,3.9193548387096775,5.492585289305185,7,150.0,0.4381915622432709,15,259.0,0.26863126506032853,22,409.0
2320.0,26,356.0,5.650793650793651,5.796509453715957,9,172.0,0.5042038087411248,17,304.0,0.21779755109666724,26,476.0
2325.0,27,339.0,5.136363636363637,4.922574793987977,11,171.0,0.43712071708815947,16,336.0,0.15445791451901342,27,507.0
2330.0,16,277.0,4.2615384615384615,6.099360257611778,8,136.0,0.43606934376505246,8,299.0,0.24558151636872608,16,435.0
2335.0,16,280.0,4.516129032258065,6.019099756619501,8,126.0,0.3037002396013916,8,281.0,0.33584921064482226,16,407.0
2340.0,24,336.0,5.090909090909091,5.668922939418009,13,162.0,0.17247887057319317,11,283.0,0.344145988534882,24,445.0
2345.0,24,388.0,6.689655172413793,5.26754979551196,13,204.0,0.29455558778914137,11,295.0,0.3320586596531195,24,499.0
2350.0,20,424.0,7.43859649122807,5.560805221859731,11,226.0,0.32999272999150875,9,285.0,0.25020683001085037,20,511.0
2355.0,18,283.0,4.639344262295082,4.948931340275112,10,243.0,0.21298800144685134,8,195.0,0.25384481109716545,18,438.0
2360.0,23,331.0,5.706896551724138,6.362287127810805,10,227.0,0.3829922161932476,13,175.0,0.2489613703046626,23,402.0
2365.0,24,276.0,4.677966101694915,5.127128279018982,11,183.0,0.38121954770810573,13,205.0,0.17495966845442526,24,388.0
2370.0,25,283.0,4.421875,5.404062115004928,11,158.0,0.3829409919519617,14,239.0,0.2844905453113806,25,397.0
2375.0,26,292.0,4.294117647058823,5.374853861271048,13,175.0,0.3887367168480144,13,263.0,0.37250159775002273,26,438.0
2380.0,20,273.0,4.074626865671642,6.219564242310742,13,200.0,0.37223690593371894,7,230.0,0.4557255909891905,20,430.0
2385.0,23,213.0,3.227272727272727,4.719515069212349,14,233.0,0.19040824557841843,9,182.0,0.36863553539607,23,415.0
2390.0,35,315.0,4.7727272727272725,3.684361453415287,18,275.0,0.11092536778626243,17,209.0,0.21525397727700565,35,484.0
2395.0,36,328.0,5.046153846153846,3.686914929391258,18,303.0,0.15318166718947557,18,251.0,0.14561630994822708,36,554.0
2400.0,33,393.0,6.140625,4.034420471001786,14,294.0,0.21639642209460636,19,319.0,0.08438931982593646,33,613.0
2405.0,30,409.0,6.596774193548387,4.100407755474073,12,288.0,0.2998400107135468,18,343.0,0.10933893731885301,30,631.0
2410.0,26,350.0,5.645161290322581,4.625009839037202,16,299.0,0.1607315366108028,10,306.0,0.2997465134933306,26,605.0
2415.0,22,297.0,5.120689655172414,4.811576879457865,18,343.0,0.11043499492629509,4,208.0,0.45140494829042543,22,551.0
2420.0,23,245.0,4.1525423728813555,4.83991882985398,15,364.0,0.18918415223501847,8,165.0,0.37086039900555196,23,529.0
2425.0,23,279.0,4.728813559322034,4.575486954087926,13,372.0,0.26143641537854045,10,179.0,0.31258916458761477,23,551.0
2430.0,17,253.0,4.147540983606557,5.508181245844882,9,332.0,0.25869149789757806,8,163.0,0.3404021588271989,17,495.0
2435.0,18,133.0,2.180327868852459,5.222301227686265,9,299.0,0.2616065921467734,9,147.0,0.20737243246603781,18,446.0
2440.0,28,240.0,3.75,5.824645526453172,15,329.0,0.2579611332524199,13,157.0,0.2938065740075132,28,486.0
2445.0,25,286.0,4.8474576271186445,5.019849422651757,12,340.0,0.30286604500598174,13,198.0,0.29161646317181855,25,538.0
2450.0,21,300.0,5.084745762711864,5.776137195328283,12,308.0,0.2850107598677237,9,199.0,0.35320212444211035,21,507.0
2455.0,16,269.0,4.559322033898305,5.711954516177691,11,308.0,0.21961462442718888,5,181.0,0.3962712780163462,16,489.0
2460.0,17,205.0,3.5964912280701755,6.522018257090841,9,276.0,0.2766128591320528,8,157.0,0.42655841307814907,17,433.0
2465.0,16,183.0,3.327272727272727,5.791330617112629,8,234.0,0.29358240091950766,8,184.0,0.3604158142002636,16,418.0
2470.0,17,243.0,4.339285714285714,6.255423728781404,9,254.0,0.3034395593777432,8,201.0,0.3598935780752296,17,455.0
2475.0,18,224.0,4.072727272727272,5.8436775061688,10,277.0,0.38235242059146746,8,196.0,0.26922148058455875,18,473.0
2480.0,22,317.0,5.763636363636364,6.164654078981752,12,318.0,0.29608856245721943,10,220.0,0.399839724966121,22,538.0
2485.0,19,326.0,6.037037037037037,5.752020819326741,10,300.0,0.3317736298327332,9,237.0,0.3903830258172578,19,537.0
2490.0,12,302.0,5.490909090909091,6.443478533754688,5,222.0,0.37347002894357756,7,264.0,0.3819577933798283,12,486.0
2495.0,15,311.0,5.553571428571429,6.818412725326882,7,174.0,0.3405346312373135,8,230.0,0.36847872080392086,15,404.0
2500.0,18,338.0,5.728813559322034,6.471856337403748,7,185.0,0.3221272859712417,11,242.0,0.28913042638629455,18,427.0
2505.0,21,248.0,4.428571428571429,6.246779436206659,9,219.0,0.37837157710089014,12,174.0,0.32214762121727436,21,393.0
2510.0,22,326.0,6.52,5.682365596414332,7,241.0,0.4591878732394412,15,177.0,0.287782519013753,22,418.0
2515.0,22,360.0,7.0588235294117645,4.2232724508813675,7,251.0,0.3884642427856619,15,211.0,0.10400870727220352,22,462.0
2520.0,14,199.0,3.9019607843137254,5.6109998388439335,5,153.0,0.40112770166783074,9,198.0,0.1764247158856908,14,351.0
2525.0,19,176.0,3.3846153846153846,5.898519058084791,10,83.0,0.3512342537272793,9,185.0,0.16364497885909593,19,268.0
2530.0,19,171.0,3.1666666666666665,6.143447910398716,8,73.0,0.3781263077580535,11,196.0,0.2439504528912055,19,269.0
2535.0,16,216.0,4.235294117647059,6.30545634562525,9,98.0,0.4399283543203553,7,199.0,0.2825667723208428,16,297.0
2540.0,16,211.0,4.22,6.293107528294254,8,115.0,0.39946980667847926,8,168.0,0.3844830361259991,16,283.0
2545.0,14,144.0,2.769230769230769,6.428093679500463,9,93.0,0.2560302332387897,5,116.0,0.44761579789019534,14,209.0
2550.0,19,136.0,2.4727272727272727,5.340586443447043,8,81.0,0.25250942608231125,11,124.0,0.2419170217746048,19,205.0
2555.0,19,189.0,3.5,6.503751964407535,10,89.0,0.4260917516999203,9,153.0,0.3695984088910688,19,242.0
2560.0,16,238.0,4.576923076923077,6.806005113566521,10,135.0,0.3646173749527815,6,145.0,0.48221986906302555,16,280.0
2565.0,16,207.0,3.980769230769231,6.344092765879167,12,166.0,0.31500975516461155,4,113.0,0.48039382743051734,16,279.0
2570.0,20,265.0,4.907407407407407,5.971570639758026,13,188.0,0.36029131875600084,7,106.0,0.2981151194645998,20,294.0
2575.0,22,218.0,4.113207547169812,5.265234921035783,12,194.0,0.29400749351007116,10,89.0,0.3784583698728331,22,283.0
2580.0,23,292.0,5.615384615384615,5.054427059260603,11,197.0,0.2318166870569006,12,151.0,0.37072761326992004,23,348.0
2585.0,20,228.0,4.0,4.216954034231251,9,175.0,0.23162555047416944,11,175.0,0.2772753770076816,20,350.0
2590.0,17,191.0,3.293103448275862,5.745494316569249,9,141.0,0.33996087822046933,8,160.0,0.2734331007163154,17,301.0
2595.0,14,127.0,2.189655172413793,6.308004884199664,8,151.0,0.3949762296181304,6,115.0,0.3000162420927423,14,266.0
2600.0,19,187.0,3.3392857142857144,6.205989224137779,10,182.0,0.4090234378063053,9,117.0,0.19975393432917365,19,299.0
2605.0,23,223.0,4.372549019607843,4.9278726688674395,10,196.0,0.27612423415666204,13,142.0,0.26282575599248686,23,338.0
2610.0,25,330.0,6.346153846153846,4.876070735912616,11,227.0,0.20444958806260324,14,193.0,0.2278912513655727,25,420.0
2615.0,22,306.0,5.773584905660377,4.678946055099049,12,243.0,0.3041216974548038,10,180.0,0.1668575059401758,22,423.0
2620.0,15,250.0,4.716981132075472,6.697002742394619,10,232.0,0.37972141504788903,5,128.0,0.3598154506243019,15,360.0
2625.0,17,191.0,3.673076923076923,6.066390133276775,13,228.0,0.31288969084921103,4,117.0,0.4210481640484316,17,345.0
2630.0,20,213.0,4.346938775510204,5.461309325378764,12,197.0,0.2908876948187458,8,137.0,0.3810629619997843,20,334.0
2635.0,19,179.0,3.6530612244897958,3.7906527516366757,11,201.0,0.21968118320918179,8,132.0,0.2949205360800602,19,333.0
2640.0,19,222.0,4.036363636363636,5.7631916868514805,12,193.0,0.26623342421629126,7,103.0,0.4463220493263555,19,296.0
2645.0,18,216.0,3.7241379310344827,6.048841722679562,14,220.0,0.21023884996376052,4,63.0,0.5267671976732726,18,283.0
2650.0,20,291.0,4.932203389830509,6.466996191332078,12,265.0,0.30388758929611037,8,84.0,0.4697574593291746,20,349.0
2655.0,22,235.0,3.9166666666666665,5.0683362868235315,12,242.0,0.3081688573092344,10,109.0,0.34011228701116897,22,351.0
2660.0,16,223.0,3.7796610169491527,5.973976283200503,8,169.0,0.36254150907920096,8,126.0,0.3306864914822338,16,295.0
2665.0,18,235.0,3.9166666666666665,5.6027199532292595,9,196.0,0.33308537751261164,9,129.0,0.27202627488405595,18,325.0
2670.0,23,322.0,5.111111111111111,6.092295642294944,12,241.0,0.3416684119699217,11,155.0,0.2543000917594166,23,396.0
2675.0,25,293.0,4.650793650793651,5.509592507966197,13,268.0,0.36033865947577537,12,136.0,0.2655257094024411,25,404.0
2680.0,24,370.0,6.065573770491803,5.782013188390044,12,276.0,0.37593240852575543,12,146.0,0.2549754729979015,24,422.0
2685.0,23,291.0,4.546875,5.297079856871926,12,248.0,0.3225475288810601,11,156.0,0.28608726217585523,23,404.0
2690.0,18,289.0,4.816666666666666,6.4076568872174615,12,252.0,0.2852560242353851,6,119.0,0.4819162349412858,18,371.0
2695.0,19,192.0,3.4909090909090907,5.349170661545441,14,172.0,0.18619445832963186,5,91.0,0.4801345927938999,19,263.0
2700.0,29,299.0,5.155172413793103,5.048495659508702,18,217.0,0.19824914998733245,11,133.0,0.35434373905065897,29,350.0
2705.0,25,301.0,5.016666666666667,4.5197554722907824,15,259.0,0.2675984306092666,10,131.0,0.29208444326004407,25,390.0
2710.0,26,338.0,5.28125,5.679016660973396,12,250.0,0.385121937877202,14,175.0,0.2546121194018592,26,425.0
2715.0,22,251.0,3.984126984126984,5.509764603685377,10,213.0,0.34158118493867967,12,189.0,0.2989563450541837,22,402.0
2720.0,21,306.0,4.707692307692308,6.364669949454465,8,143.0,0.38184193340117867,13,220.0,0.33021071000629343,21,363.0
2725.0,24,240.0,4.067796610169491,4.873232084101103,12,139.0,0.2703767276732182,12,221.0,0.28548952451622395,24,360.0
2730.0,22,164.0,2.6885245901639343,5.148144616792649,13,154.0,0.2052234263883366,9,164.0,0.2856074018161669,22,318.0
2735.0,23,195.0,3.19672131147541,4.718028543938136,14,188.0,0.0969951275783404,9,164.0,0.33313139029537153,23,352.0
2740.0,22,261.0,4.5,5.771206133888104,9,207.0,0.31859981732932185,13,210.0,0.2720642213884201,22,417.0
2745.0,22,284.0,5.071428571428571,4.76110650274944,8,206.0,0.34559434628139984,14,228.0,0.17672193055501437,22,434.0
2750.0,21,330.0,6.0,4.674190076447568,13,224.0,0.2167341183567344,8,207.0,0.2690653720433486,21,431.0
2755.0,22,329.0,5.875,4.665232538124575,13,262.0,0.19785963136912008,9,197.0,0.3525210261545497,22,459.0
2760.0,21,363.0,5.950819672131147,6.226416184164355,9,261.0,0.3872967871051545,12,189.0,0.35119628998617514,21,450.0
2765.0,22,218.0,3.5161290322580645,5.530009411002049,9,198.0,0.40733198028869694,13,169.0,0.25234300440164903,22,367.0
2770.0,29,322.0,4.8059701492537314,5.734965600494919,11,193.0,0.40659513386057716,18,211.0,0.2522979754375799,29,404.0
2775.0,27,369.0,5.271428571428571,4.909039734325461,11,227.0,0.3466478982076323,16,253.0,0.2616304036737034,27,480.0
2780.0,21,358.0,5.042253521126761,6.044265292607923,12,260.0,0.36334500062536024,9,232.0,0.3390141689284566,21,492.0
2785.0,22,242.0,3.408450704225352,5.129413213803677,13,198.0,0.252911704501321,9,209.0,0.2278263681904236,22,407.0
2790.0,30,331.0,4.472972972972973,5.063416504363797,17,216.0,0.17864331061066457,13,233.0,0.23736755094099848,30,449.0
2795.0,37,421.0,5.929577464788732,4.340301704243086,20,277.0,0.1778012581616467,17,263.0,0.27764392030060114,37,540.0
2800.0,29,513.0,7.027397260273973,5.5361748771310415,18,334.0,0.2354154780703262,11,255.0,0.3805943923193921,29,589.0
2805.0,27,405.0,5.472972972972973,5.09216933672809,16,355.0,0.2830151722909743,11,225.0,0.3295531687139898,27,580.0
2810.0,30,376.0,4.82051282051282,5.16977165570245,16,347.0,0.29267271351106794,14,202.0,0.2975507125308295,30,549.0
2815.0,34,399.0,5.115384615384615,4.353208600837888,16,368.0,0.32399718227061736,18,246.0,0.22745887720651808,34,614.0
2820.0,26,350.0,4.430379746835443,5.080470408945031,12,317.0,0.3206802537150568,14,274.0,0.22879623827897738,26,591.0
2825.0,25,303.0,3.986842105263158,4.756537312474564,14,350.0,0.21826313430088048,11,231.0,0.24768557455878465,25,581.0
2830.0,36,411.0,5.269230769230769,4.348655380478516,22,398.0,0.17744139180217025,14,258.0,0.18027367186909055,36,656.0
2835.0,40,408.0,5.368421052631579,3.7594795841264013,22,437.0,0.1833811999631375,18,264.0,0.20488235379078737,40,701.0
2840.0,39,486.0,6.48,4.190155017871768,20,441.0,0.20874719186813917,19,258.0,0.2274745658561165,39,699.0
2845.0,38,539.0,7.0,4.539352745758978,21,467.0,0.24380337113621658,17,300.0,0.31290405778423275,38,767.0
2850.0,23,438.0,6.0,4.774260494010768,15,453.0,0.22448315055760415,8,262.0,0.26562012952963704,23,715.0
2855.0,27,334.0,4.985074626865671,4.238659044773282,16,391.0,0.17194445119454999,11,246.0,0.24426954905926615,27,637.0
2860.0,29,356.0,5.159420289855072,4.210401715208088,17,335.0,0.14238427907067022,12,262.0,0.2637567926886323,29,597.0
2865.0,33,387.0,5.776119402985074,4.634545164260266,17,361.0,0.21014011227019408,16,298.0,0.3510899754735607,33,659.0
2870.0,29,421.0,6.2835820895522385,4.2785822093073635,14,337.0,0.23378908810787563,15,321.0,0.3140550033377864,29,658.0
2875.0,28,415.0,5.845070422535211,3.8486837998083097,15,356.0,0.2145515747728484,13,309.0,0.20844053861496922,28,665.0
2880.0,24,301.0,4.0675675675675675,5.040935870316176,11,332.0,0.3431700301568868,13,258.0,0.22123013855719006,24,590.0
2885.0,27,358.0,4.773333333333333,5.121465597321903,9,346.0,0.32073180151560704,18,274.0,0.2067548433603653,27,620.0
2890.0,36,473.0,6.569444444444445,4.023208211943664,16,380.0,0.24438594378227932,20,331.0,0.16514289100741092,36,711.0
2895.0,33,548.0,7.942028985507246,3.801722967009505,16,418.0,0.19528399000905475,17,342.0,0.19512316226047427,33,760.0
2900.0,29,563.0,8.402985074626866,4.155992259121619,15,432.0,0.17749496871960083,14,357.0,0.20583098987248585,29,789.0
2905.0,33,521.0,7.442857142857143,3.8229107280794405,15,416.0,0.2379936068007928,18,364.0,0.06840123847173644,33,780.0
2910.0,34,366.0,5.304347826086956,4.053795016305125,13,340.0,0.3460473378966012,21,387.0,0.0777426216005851,34,727.0
2915.0,35,448.0,6.892307692307693,4.105770882225098,14,392.0,0.3024852804379878,21,397.0,0.1557537260671151,35,789.0
2920.0,36,512.0,7.876923076923077,3.2549155650646475,18,434.0,0.2122844902275968,18,440.0,0.14675101268368865,36,874.0
2925.0,30,436.0,6.606060606060606,3.5773433250590863,18,472.0,0.15328343600619587,12,411.0,0.21002061560866755,30,883.0
2930.0,24,440.0,6.984126984126984,4.6666720602265634,16,474.0,0.11620526820779778,8,375.0,0.330436747086018,24,849.0
2935.0,21,291.0,4.476923076923077,4.972212979700119,13,417.0,0.11004343812049383,8,337.0,0.29111008261919974,21,754.0
2940.0,28,353.0,5.515625,5.038472832420888,17,421.0,0.09634586815232354,11,290.0,0.3270644690871878,28,711.0
2945.0,28,435.0,7.25,4.609210890094486,15,477.0,0.16871123832699042,13,300.0,0.2843184541607087,28,777.0
2950.0,22,486.0,8.526315789473685,4.849958602584606,13,492.0,0.21911961461323687,9,276.0,0.19997661636943262,22,768.0
2955.0,19,408.0,7.555555555555555,5.6445722993987015,11,458.0,0.21413260750580895,8,199.0,0.3305723592492247,19,657.0
2960.0,17,265.0,4.907407407407407,6.319169423114148,8,363.0,0.2861361664088546,9,135.0,0.3294486445314043,17,498.0
2965.0,19,203.0,3.980392156862745,5.01986004884358,7,306.0,0.33510486796949424,12,167.0,0.2968405822362661,19,473.0
2970.0,22,226.0,4.185185185185185,5.193957994236162,11,268.0,0.348993715337329,11,189.0,0.3366625105844407,22,457.0
2975.0,22,221.0,3.9464285714285716,4.985800950409894,10,274.0,0.3595695556123299,12,210.0,0.35310394700083797,22,484.0
2980.0,18,245.0,4.1525423728813555,5.966927800609855,8,267.0,0.39621159510692117,10,188.0,0.3481542164265115,18,455.0
2985.0,16,170.0,2.6984126984126986,5.948498604528472,8,223.0,0.29902892905203526,8,135.0,0.34046405638570604,16,358.0
2990.0,26,235.0,3.7301587301587302,6.25364525426485,12,170.0,0.34534064237402906,14,162.0,0.29792904189660113,26,332.0
2995.0,25,289.0,4.898305084745763,5.084625344346163,10,197.0,0.32403974090878424,15,209.0,0.2859042164712739,25,406.0
3000.0,24,369.0,6.362068965517241,5.1749762006111855,8,215.0,0.4090910112793566,16,252.0,0.2367904681828161,24,467.0
3005.0,26,326.0,5.344262295081967,4.1604270691340055,9,186.0,0.3170523046357891,17,287.0,0.1459295720165174,26,473.0
3010.0,33,390.0,6.190476190476191,4.94486831130487,13,208.0,0.3106111881304368,20,313.0,0.22434319587985124,33,521.0
3015.0,30,406.0,6.766666666666667,3.7781668368910784,13,254.0,0.18834341665963777,17,333.0,0.25665298743814785,30,587.0
3020.0,25,348.0,5.704918032786885,4.488462794535602,10,270.0,0.2246407554907577,15,288.0,0.21293096495875774,25,558.0
3025.0,21,322.0,5.366666666666666,4.747793869073986,8,208.0,0.18254093418851977,13,311.0,0.22016139356208822,21,519.0
3030.0,27,384.0,6.193548387096774,5.445001725508942,10,214.0,0.2620120426079961,17,347.0,0.24480382219647154,27,561.0
3035.0,26,371.0,6.396551724137931,4.480480536615032,10,151.0,0.33728579866983155,16,363.0,0.21843472566625616,26,514.0
3040.0,23,373.0,6.322033898305085,5.323640022096607,8,144.0,0.39273851923136943,15,359.0,0.2434367428598506,23,503.0
3045.0,19,262.0,4.295081967213115,5.347368084809622,5,118.0,0.29686247543223604,14,340.0,0.2698511457915001,19,458.0
3050.0,21,268.0,4.32258064516129,5.845278890183896,5,89.0,0.40221100199703314,16,314.0,0.2504124360810134,21,403.0
3055.0,23,317.0,5.4655172413793105,5.1361077858491155,5,102.0,0.4262457584564286,18,355.0,0.15326991658685335,23,457.0
3060.0,30,417.0,7.067796610169491,5.270229800551617,9,134.0,0.43077010330158466,21,408.0,0.10946876352771127,30,542.0
3065.0,26,368.0,6.571428571428571,4.635449894096512,7,85.0,0.43844706325204913,19,459.0,0.08578587263361913,26,544.0
3070.0,21,347.0,6.087719298245614,5.715825444193083,10,98.0,0.32047572529909696,11,446.0,0.2858332605590814,21,544.0
3075.0,21,314.0,5.413793103448276,5.0385979929361735,10,115.0,0.1902159326202431,11,452.0,0.3241097032017183,21,567.0
3080.0,22,347.0,5.982758620689655,5.959583350912345,7,84.0,0.35075777353452636,15,445.0,0.2610696233378793,22,529.0
3085.0,21,388.0,7.320754716981132,5.485240494691827,6,80.0,0.46925997142772635,15,470.0,0.1727828502901273,21,550.0
3090.0,16,399.0,7.388888888888889,6.136712097290291,5,74.0,0.43001250582865624,11,437.0,0.2674180253230848,16,511.0
3095.0,18,203.0,3.980392156862745,5.286270432552246,8,66.0,0.12225045727585308,10,310.0,0.36823955019453647,18,376.0
3100.0,20,213.0,4.26,6.043943326195969,9,93.0,0.2727080772147207,11,224.0,0.3850487133389684,20,317.0
3105.0,20,226.0,4.612244897959184,5.203184910951581,8,109.0,0.3087523672950435,12,244.0,0.3092538317123762,20,353.0
3110.0,22,297.0,6.1875,4.847483860744457,7,122.0,0.35392061134656705,15,290.0,0.18243390332680487,22,412.0
3115.0,24,268.0,5.469387755102041,4.167861514562305,8,96.0,0.36176099710113013,16,316.0,0.0918378659375966,24,412.0
3120.0,18,295.0,5.673076923076923,6.617177713363389,7,98.0,0.45401993191873824,11,303.0,0.25153248537861433,18,401.0
3125.0,17,300.0,5.660377358490566,5.338234013143624,6,103.0,0.2008706945441668,11,300.0,0.2420777791138636,17,403.0
3130.0,19,348.0,6.6923076923076925,6.62719314766134,5,106.0,0.3669959090425266,14,303.0,0.29154917771697436,19,409.0
3135.0,19,238.0,4.857142857142857,5.93518104488616,6,82.0,0.3252184343835503,13,283.0,0.31352296049824796,19,365.0
3140.0,16,187.0,3.8958333333333335,5.768733358062114,7,82.0,0.35849121950705115,9,231.0,0.3195577246451992,16,313.0
3145.0,17,218.0,4.448979591836735,5.688496262654564,8,116.0,0.42030028817177284,9,243.0,0.3404433373451512,17,359.0
3150.0,17,238.0,4.857142857142857,5.635677436785248,6,123.0,0.43570862003239547,11,269.0,0.2995678941379727,17,392.0
3155.0,22,299.0,5.4363636363636365,5.3271478821202365,6,110.0,0.428272358219643,16,294.0,0.22677546297567333,22,404.0
3160.0,20,268.0,4.701754385964913,5.745929218897434,5,64.0,0.38242362979914846,15,304.0,0.2403772417502614,20,368.0
3165.0,21,211.0,3.767857142857143,5.839686552703249,8,54.0,0.4271038150995728,13,285.0,0.3012954911240709,21,339.0
3170.0,19,210.0,3.6842105263157894,5.2654777927884115,8,78.0,0.3451206992664307,11,197.0,0.257178041891334,19,275.0
3175.0,28,269.0,4.719298245614035,5.278526646351855,14,123.0,0.3076424177433357,14,221.0,0.23025686205243637,28,344.0
3180.0,24,303.0,5.315789473684211,4.913823749829005,11,153.0,0.3059157275912389,13,256.0,0.2334958075375455,24,409.0
3185.0,17,218.0,3.892857142857143,5.2146285237736105,6,121.0,0.36197603085749885,11,254.0,0.2053132526054299,17,375.0
3190.0,21,241.0,4.381818181818182,4.894234615681637,8,142.0,0.28435932181653023,13,222.0,0.22632055351201358,21,364.0
3195.0,26,347.0,6.196428571428571,5.537110210676308,13,193.0,0.3227134403955574,13,264.0,0.3111701693050989,26,457.0
3200.0,25,333.0,6.166666666666667,4.89170926138335,12,193.0,0.28249075673573865,13,305.0,0.31934892635774126,25,498.0
3205.0,27,373.0,6.907407407407407,4.327250343881515,14,201.0,0.19713739822985854,13,326.0,0.34910764478805334,27,527.0
3210.0,27,340.0,5.762711864406779,3.5900742288378487,13,220.0,0.22621455327376724,14,306.0,0.24384560463505617,27,526.0
3215.0,22,330.0,5.076923076923077,4.5649049919564,8,169.0,0.3270507777281972,14,343.0,0.2429460788714814,22,512.0
3220.0,21,310.0,4.5588235294117645,5.391591452244175,4,140.0,0.40279381256027635,17,381.0,0.22842386140248164,21,521.0
3225.0,26,246.0,3.4166666666666665,5.177926472711856,9,119.0,0.4263200849938539,17,375.0,0.14419871078578492,26,494.0
3230.0,26,179.0,2.557142857142857,5.074003132128106,13,134.0,0.341478775143009,13,336.0,0.24137464410383846,26,470.0
3235.0,23,185.0,2.7205882352941178,4.881518129218205,11,122.0,0.26540159065328406,12,350.0,0.2439361422222749,23,472.0
3240.0,24,267.0,4.045454545454546,5.506586415728762,11,134.0,0.33287884162805587,13,376.0,0.188286548108529,24,510.0
3245.0,30,318.0,4.608695652173913,4.286838390030114,12,162.0,0.26028246043129494,18,393.0,0.12289857804048296,30,555.0
3250.0,30,375.0,5.357142857142857,5.391112702749146,14,204.0,0.32826963036307516,16,403.0,0.30282132410314705,30,607.0
3255.0,28,425.0,6.343283582089552,4.997418444858486,16,251.0,0.286517940967741,12,394.0,0.38480135726007875,28,645.0
3260.0,21,412.0,6.754098360655738,4.893622616260911,12,289.0,0.2408482026832933,9,338.0,0.34295136871467274,21,627.0
3265.0,25,430.0,7.166666666666667,4.3714606012166906,13,263.0,0.23759123137363483,12,360.0,0.20373529654734274,25,623.0
3270.0,23,412.0,6.866666666666666,4.462945977998602,8,249.0,0.3041509176091966,15,395.0,0.1491485971154944,23,644.0
3275.0,26,416.0,7.298245614035087,4.234946780184797,9,240.0,0.3529407449200986,17,427.0,0.19374401607626351,26,667.0
3280.0,23,442.0,7.754385964912281,4.7806980447771075,9,205.0,0.33717262362427364,14,420.0,0.26870839895380716,23,625.0
3285.0,26,332.0,5.533333333333333,4.016271232253498,14,263.0,0.25414457116591616,12,322.0,0.24635549595105394,26,585.0
3290.0,29,394.0,6.566666666666666,4.697107837578164,15,296.0,0.33243183822913475,14,269.0,0.2744805311092572,29,565.0
3295.0,28,470.0,7.704918032786885,4.493879433807485,13,304.0,0.3392218932530189,15,314.0,0.23093207851779607,28,618.0
3300.0,27,416.0,6.709677419354839,4.146995995291629,15,286.0,0.2438244167304422,12,314.0,0.2346203258503746,27,600.0
3305.0,28,381.0,5.953125,4.233309219040461,19,296.0,0.12681490490084343,9,273.0,0.3096264884492895,28,569.0
3310.0,32,401.0,6.1692307692307695,4.6550328883900365,17,319.0,0.15846615620750432,15,264.0,0.31669118747672365,32,583.0
3315.0,24,401.0,6.683333333333334,4.523341195786334,10,263.0,0.3023838167555709,14,309.0,0.2379952807506776,24,572.0
3320.0,23,386.0,5.938461538461539,4.595146805107503,10,245.0,0.21775637198126,13,323.0,0.18341299176158152,23,568.0
3325.0,23,356.0,5.313432835820896,5.225928601692177,13,251.0,0.1331294201329785,10,299.0,0.3527124791646876,23,550.0
3330.0,26,369.0,5.426470588235294,5.839201108545393,13,235.0,0.16589572133285835,13,320.0,0.4115760259297553,26,555.0
3335.0,28,422.0,6.492307692307692,5.3054431726071485,12,201.0,0.30447750820383906,16,370.0,0.3301499779559047,28,571.0
3340.0,22,422.0,6.918032786885246,5.071562370402199,9,199.0,0.3428758436439813,13,385.0,0.24495246896508222,22,584.0
3345.0,22,392.0,6.758620689655173,4.646485554933464,8,126.0,0.31050948578681054,14,410.0,0.18769005374457362,22,536.0
3350.0,24,432.0,7.2,4.4871506518565365,9,130.0,0.2726340536387356,15,429.0,0.13218347545441003,24,559.0
3355.0,28,508.0,8.466666666666667,4.595689641911969,10,139.0,0.34441312207764957,18,486.0,0.1736928048300751,28,625.0
3360.0,20,540.0,9.310344827586206,5.206677173133276,9,148.0,0.32812518784390593,11,512.0,0.290369922015561,20,660.0
3365.0,26,465.0,7.88135593220339,4.869670364536323,12,175.0,0.33552006894863506,14,481.0,0.25240424245269033,26,656.0
3370.0,28,356.0,6.033898305084746,4.710606685170255,13,238.0,0.28888543110443904,15,361.0,0.25031860825350016,28,599.0
3375.0,25,367.0,6.220338983050848,4.190554110469624,10,220.0,0.3116126447304165,15,408.0,0.23382238902535504,25,628.0
3380.0,26,402.0,6.7,4.283017672895708,11,178.0,0.24926303569774783,15,420.0,0.24771869862950613,26,598.0
3385.0,19,287.0,4.948275862068965,5.658429324825279,8,152.0,0.32338737358312364,11,380.0,0.3517137567466088,19,532.0
3390.0,20,274.0,4.491803278688525,6.4654141874547095,7,155.0,0.44630111351193447,13,340.0,0.31029787104717876,20,495.0
3395.0,27,293.0,4.80327868852459,5.529600263256905,8,155.0,0.4960522336380118,19,316.0,0.2258614261497073,27,471.0
3400.0,26,334.0,5.387096774193548,5.012359103547072,10,129.0,0.41205206362510405,16,306.0,0.27089045148518126,26,435.0
3405.0,26,377.0,5.984126984126984,4.222841972379274,10,152.0,0.35657059399220914,16,352.0,0.2520327983117928,26,504.0
3410.0,27,421.0,6.378787878787879,4.435368601162443,15,195.0,0.272937772621844,12,356.0,0.24047729409536103,27,551.0
3415.0,23,296.0,4.2898550724637685,4.640865614855022,14,226.0,0.20595661809454746,9,290.0,0.23081579440115957,23,516.0
3420.0,27,273.0,3.8450704225352115,4.952317919570747,11,218.0,0.27076945162484395,16,264.0,0.15993116933896492,27,482.0
3425.0,27,244.0,3.3424657534246576,5.405363637930557,8,181.0,0.3732209584276052,19,308.0,0.16299573878239493,27,489.0
3430.0,30,300.0,4.411764705882353,5.385320607249049,9,174.0,0.3519349984037745,21,345.0,0.2135589076582856,30,519.0
3435.0,32,354.0,5.057142857142857,4.539137062136561,11,187.0,0.27026191412596223,21,381.0,0.21986947135584045,32,568.0
3440.0,24,316.0,4.861538461538461,4.779711623444926,11,188.0,0.2673966657489715,13,356.0,0.20895033897327567,24,544.0
3445.0,26,334.0,4.985074626865671,5.015673421614504,10,178.0,0.2803471606627392,16,386.0,0.2318267650992749,26,564.0
3450.0,29,392.0,5.681159420289855,4.9925879111506015,11,217.0,0.19432180106337,18,435.0,0.2654283248458124,29,652.0
3455.0,30,400.0,6.25,4.664885792517623,12,220.0,0.21086502385899997,18,488.0,0.3065780027125448,30,708.0
3460.0,31,492.0,7.809523809523809,4.111229146406403,11,229.0,0.3171416185393251,20,549.0,0.19569946737983324,31,778.0
3465.0,35,527.0,8.107692307692307,3.441388290227521,11,230.0,0.2695339798004844,24,593.0,0.17521789221769063,35,823.0
3470.0,27,505.0,7.426470588235294,5.072477449789149,8,200.0,0.354635143179909,19,551.0,0.21663503086701058,27,751.0
3475.0,20,273.0,4.014705882352941,5.232436058514857,7,181.0,0.2693150677735624,13,451.0,0.2417580826697117,20,632.0
3480.0,28,320.0,4.571428571428571,5.130850310259499,9,142.0,0.3491379456327004,19,415.0,0.19856826508788178,28,557.0
3485.0,30,409.0,5.8428571428571425,4.870797468702844,7,151.0,0.37976728283321665,23,481.0,0.21732767369846612,30,632.0
3490.0,25,471.0,6.826086956521739,5.260575644852402,9,156.0,0.38704562836504974,16,496.0,0.25858673697163936,25,652.0
3495.0,19,407.0,6.074626865671642,5.308472265447787,5,162.0,0.4093182722104376,14,480.0,0.22022891631857686,19,642.0
3500.0,22,360.0,5.294117647058823,5.171116152742125,6,182.0,0.3720611896768155,16,401.0,0.1785181328154331,22,583.0
3505.0,28,358.0,5.264705882352941,4.813552017409945,8,164.0,0.37207159978305004,20,447.0,0.16216001980687833,28,611.0
3510.0,27,392.0,5.764705882352941,5.238773299938194,10,126.0,0.3816637813895577,17,463.0,0.22604832345706025,27,589.0
3515.0,25,373.0,5.920634920634921,4.764137258588201,9,129.0,0.2400023499005053,16,479.0,0.2914968888409936,25,608.0
3520.0,28,461.0,7.317460317460317,4.776436334893436,8,125.0,0.3104693812968045,20,523.0,0.19615211560001894,28,648.0
3525.0,30,454.0,7.32258064516129,4.086355179918968,6,133.0,0.3669148913886177,24,559.0,0.0947207647852267,30,692.0
3530.0,28,412.0,6.338461538461538,5.485665002647756,6,145.0,0.5175144102328,22,541.0,0.17998181076047048,28,686.0
3535.0,29,425.0,6.4393939393939394,4.935016412721818,8,154.0,0.3504568725400685,21,560.0,0.25568761171902343,29,714.0
3540.0,31,454.0,6.984615384615385,4.630450962056191,12,181.0,0.3342074104911853,19,539.0,0.25135245360733216,31,720.0
3545.0,32,440.0,6.769230769230769,3.5135558649894505,12,206.0,0.2762253880417465,20,565.0,0.1968011536207576,32,771.0
3550.0,23,290.0,4.3283582089552235,4.70847677801615,6,194.0,0.34157446715156975,17,520.0,0.19403399268982313,23,714.0
3555.0,19,290.0,4.603174603174603,5.747942720712012,5,171.0,0.39815676155478164,14,432.0,0.22052695545779416,19,603.0
3560.0,24,315.0,4.921875,5.599889085993606,10,202.0,0.2763285918545051,14,405.0,0.22486362221685177,24,607.0
3565.0,26,365.0,6.4035087719298245,3.6782885699247534,9,229.0,0.2844037762423798,17,417.0,0.16979024946921287,26,646.0
3570.0,29,428.0,8.075471698113208,4.3752021657276625,8,239.0,0.44673412410708957,21,419.0,0.11329126630663511,29,658.0
3575.0,25,454.0,8.901960784313726,3.8545608132511826,5,222.0,0.4448730437157099,20,442.0,0.06297278602458967,25,664.0
3580.0,20,472.0,9.254901960784315,4.875157715783604,6,230.0,0.3456733635306978,14,415.0,0.18204630284141354,20,645.0
3585.0,16,204.0,4.163265306122449,5.106597518379614,5,77.0,0.3969754994877494,11,370.0,0.25250185076576376,16,447.0
3590.0,23,277.0,5.326923076923077,5.673844587190871,9,88.0,0.40982471218518796,14,349.0,0.2392970335939834,23,437.0
3595.0,22,237.0,4.647058823529412,5.56274414884835,7,75.0,0.4858790941481614,15,341.0,0.22495875349166836,22,416.0
3600.0,23,251.0,4.735849056603773,5.455607304068084,10,97.0,0.29755648102555565,13,320.0,0.29134961482138455,23,417.0
3605.0,21,213.0,3.8727272727272726,5.024888092764578,10,107.0,0.30998937804984866,11,313.0,0.3170067039442936,21,420.0
3610.0,15,171.0,3.109090909090909,6.021589210011954,6,71.0,0.41785939837334213,9,263.0,0.27728187127458775,15,334.0
3615.0,12,151.0,2.849056603773585,5.916832968856089,4,67.0,0.36142279079536743,8,264.0,0.3068534961727743,12,331.0
3620.0,18,217.0,3.7413793103448274,6.627866957547605,7,88.0,0.3563584385708239,11,293.0,0.38727100202767273,18,381.0
3625.0,17,182.0,3.309090909090909,6.756583864119106,7,105.0,0.42029162768291783,10,278.0,0.4385693629005684,17,383.0
3630.0,19,234.0,4.5,6.608007306063598,5,101.0,0.5305764774557874,14,261.0,0.3711007619196816,19,362.0
3635.0,17,168.0,3.2941176470588234,4.732655165582441,4,57.0,0.31532165056173966,13,266.0,0.23410174041572912,17,323.0
3640.0,22,236.0,4.72,5.2346199480430755,10,77.0,0.20218120424422026,12,256.0,0.29226752834061076,22,333.0
3645.0,17,215.0,4.574468085106383,4.750982432310638,8,83.0,0.23469415025424972,9,263.0,0.1930647841404452,17,346.0
3650.0,23,263.0,5.479166666666667,5.287464878851638,11,123.0,0.293586302615879,12,253.0,0.2566225300141027,23,376.0
3655.0,21,188.0,3.9166666666666665,4.728626901973684,7,126.0,0.3701698485214866,14,217.0,0.19254402576444682,21,343.0
3660.0,15,195.0,4.239130434782608,6.664678224474978,1,64.0,0.5678792952081282,14,210.0,0.2580526425609863,15,274.0
3665.0,13,186.0,4.043478260869565,6.0571837820868595,3,32.0,0.5310178018163736,10,225.0,0.2023181771758522,13,257.0
3670.0,17,214.0,4.28,6.830212977564388,4,45.0,0.57181508451745,13,221.0,0.21230527034270277,17,266.0
3675.0,18,196.0,3.769230769230769,6.5481689284449,6,65.0,0.5118764131651872,12,228.0,0.22731518241285467,18,293.0
3680.0,12,176.0,3.450980392156863,7.719364983643433,5,76.0,0.5100898308897265,7,180.0,0.41184503291801255,12,256.0
3685.0,14,187.0,3.816326530612245,6.391314552270013,8,87.0,0.3713081729901812,6,172.0,0.33565534698756616,14,259.0
3690.0,21,223.0,4.46,5.840235707811034,10,94.0,0.33765299516460706,11,201.0,0.2847245557278673,21,295.0
3695.0,20,201.0,4.1875,5.89836283296125,13,140.0,0.28774605559789646,7,152.0,0.39618830835584123,20,292.0
3700.0,18,205.0,4.270833333333333,5.352206712723486,11,153.0,0.2470686692891971,7,125.0,0.4042185672697356,18,278.0
3705.0,20,224.0,4.3076923076923075,5.207165843570693,12,174.0,0.26071418254647577,8,119.0,0.35363246793088815,20,293.0
3710.0,16,186.0,3.4444444444444446,6.102181312245852,10,183.0,0.3962229850286253,6,98.0,0.3257428285617646,16,281.0
3715.0,13,151.0,2.9038461538461537,6.7777898057023025,6,136.0,0.4001545971897576,7,69.0,0.40048022731578126,13,205.0
3720.0,14,110.0,2.2916666666666665,6.333289730619458,5,103.0,0.36792971675493036,9,96.0,0.3764405954602576,14,199.0
3725.0,21,151.0,3.2127659574468086,4.717321799596231,10,90.0,0.3260511434625536,11,126.0,0.2121095155867779,21,216.0
3730.0,20,202.0,4.297872340425532,4.255639901182156,8,106.0,0.34379362812010594,12,146.0,0.20774605915691238,20,252.0
3735.0,20,229.0,4.770833333333333,5.463173510683837,10,114.0,0.3945133692586758,10,167.0,0.2572044631195163,20,281.0
3740.0,12,163.0,3.26,5.948724886308241,6,97.0,0.28713194115418755,6,141.0,0.3273530370195482,12,238.0
3745.0,14,172.0,3.3076923076923075,6.729866668079527,10,103.0,0.2453463733198055,4,139.0,0.4482138811048301,14,242.0
3750.0,22,217.0,4.34,5.955972360962247,12,135.0,0.2724796421176064,10,161.0,0.3904742899424041,22,296.0
3755.0,19,250.0,4.716981132075472,6.073683635953634,8,142.0,0.37142623428294635,11,183.0,0.3374600932935651,19,325.0
3760.0,15,250.0,5.0,5.761209985619335,6,127.0,0.3221061052058863,9,187.0,0.4120076092367626,15,314.0
3765.0,17,167.0,3.34,5.632749449893357,9,102.0,0.2084093207194201,8,158.0,0.39325753670722446,17,260.0
3770.0,18,216.0,4.153846153846154,5.599562847813761,8,125.0,0.2016208810367917,10,117.0,0.346883435789933,18,242.0
3775.0,18,198.0,3.7358490566037736,6.194260997868826,8,129.0,0.3050504752074687,10,113.0,0.35326217663346876,18,242.0
3780.0,16,180.0,3.3962264150943398,6.283396458814593,6,101.0,0.4395778404328425,10,125.0,0.34380264750732276,16,226.0
3785.0,19,197.0,3.7169811320754715,5.766572641233033,9,107.0,0.4615826879391422,10,131.0,0.30303486336617336,19,238.0
3790.0,21,249.0,4.98,5.9047177254037715,8,134.0,0.45076290578007716,13,156.0,0.31991654508259537,21,290.0
3795.0,21,259.0,4.709090909090909,5.200134015947353,9,157.0,0.3211798621414028,12,162.0,0.28931603607089984,21,319.0
3800.0,18,227.0,3.982456140350877,5.517130841623256,11,169.0,0.2521646892278688,7,133.0,0.3633809232553346,18,302.0
3805.0,11,203.0,3.9038461538461537,6.471988738373749,7,169.0,0.3422220512152193,4,108.0,0.4293177432549621,11,277.0
3810.0,16,133.0,2.5576923076923075,6.0625170996933075,5,100.0,0.3816418390556268,11,123.0,0.246139880217013,16,223.0
3815.0,21,196.0,3.5636363636363635,5.513611826861457,9,94.0,0.3679258325030416,12,168.0,0.19816975968973746,21,262.0
3820.0,18,228.0,4.30188679245283,6.334412457664154,7,109.0,0.4000553129619038,11,176.0,0.3591866229176082,18,285.0
3825.0,15,222.0,4.44,6.938091360496753,5,116.0,0.4139202470532126,10,173.0,0.3918188345732195,15,289.0
3830.0,16,200.0,3.7037037037037037,5.896970425340605,5,80.0,0.28642973406183136,11,175.0,0.28255460017920375,16,255.0
3835.0,20,178.0,3.423076923076923,5.487796391389468,9,107.0,0.3527451538175563,11,158.0,0.26360581238302616,20,265.0
3840.0,20,181.0,3.62,5.927709332230832,6,82.0,0.4963528893261698,14,172.0,0.281819645209758,20,254.0
3845.0,20,209.0,4.18,4.91671478311238,8,99.0,0.3701884616197659,12,189.0,0.2512602642327452,20,288.0
3850.0,23,246.0,4.92,4.772785485817992,14,158.0,0.15721068966372995,9,153.0,0.3674264469867961,23,311.0
3855.0,24,252.0,4.846153846153846,4.470279366485067,15,194.0,0.14652636798365787,9,139.0,0.31583233430974383,24,333.0
3860.0,26,337.0,6.607843137254902,5.106080775707599,15,222.0,0.20220341411969717,11,156.0,0.3414337535177567,26,378.0
3865.0,23,268.0,4.962962962962963,4.647948986052709,10,216.0,0.2812119425930577,13,171.0,0.2955863645259296,23,387.0
3870.0,17,160.0,2.807017543859649,5.450752076361831,4,146.0,0.40450683725611336,13,179.0,0.27439699560691505,17,325.0
3875.0,17,182.0,3.192982456140351,5.948871380338119,4,91.0,0.4902444410569619,13,198.0,0.24469951883207336,17,289.0
3880.0,17,202.0,3.3666666666666667,6.648219208043296,5,85.0,0.4536202594081761,12,203.0,0.2335093932749548,17,288.0
3885.0,18,187.0,3.0655737704918034,5.934806074148452,5,87.0,0.3826794684284565,13,208.0,0.1365490724827136,18,295.0
3890.0,23,283.0,5.053571428571429,6.314326147233413,6,113.0,0.49312614770239405,17,264.0,0.20410174400461759,23,377.0
3895.0,19,214.0,4.037735849056604,5.493835273573936,3,69.0,0.4749644365505451,16,313.0,0.24497713685526043,19,382.0
3900.0,17,249.0,4.98,6.1810668046137325,3,40.0,0.5221907661356092,14,336.0,0.3346621439183223,17,376.0
3905.0,22,284.0,5.461538461538462,5.5935059663616755,6,57.0,0.4240479029608701,16,358.0,0.30937307828705,22,415.0
3910.0,25,296.0,5.584905660377358,4.552710620312389,8,97.0,0.3362866616976143,17,366.0,0.24340156300348453,25,463.0
3915.0,26,255.0,4.553571428571429,3.604763492482396,9,107.0,0.4124208464946572,17,381.0,0.16110841586285804,26,488.0
3920.0,16,188.0,3.2413793103448274,5.298874683367957,4,94.0,0.49403868527877404,12,329.0,0.20563470454085264,16,423.0
3925.0,17,179.0,2.8870967741935485,6.253837172642483,4,64.0,0.4703148514532882,13,319.0,0.2573496830331156,17,383.0
3930.0,20,203.0,3.123076923076923,6.466284013463548,7,82.0,0.36607201870138417,13,320.0,0.2616687544188141,20,402.0
3935.0,23,265.0,4.2063492063492065,5.909588441442205,6,103.0,0.2629875353879424,17,336.0,0.28342156675786695,23,439.0
3940.0,22,343.0,5.716666666666667,5.777534209976868,7,123.0,0.370646149099592,15,385.0,0.293258019419748,22,508.0
3945.0,18,362.0,6.241379310344827,6.105701395810647,5,116.0,0.3448055242452998,13,393.0,0.3514092500497363,18,509.0
3950.0,16,295.0,5.0,6.34160433186294,4,84.0,0.4330284986371761,12,369.0,0.29512643694566626,16,453.0
3955.0,23,299.0,5.067796610169491,5.707956738259959,3,39.0,0.5126265709890753,20,408.0,0.13973427794746512,23,447.0
3960.0,23,373.0,6.322033898305085,5.910125997719995,4,49.0,0.5964306897088856,19,487.0,0.2077032698048724,23,536.0
3965.0,22,450.0,7.627118644067797,5.905832196650418,4,46.0,0.6101666106086099,18,556.0,0.19905163203931342,22,602.0
3970.0,25,481.0,7.634920634920635,5.400717850596258,4,47.0,0.5735306386869933,21,588.0,0.15598468448226074,25,635.0
3975.0,23,481.0,7.287878787878788,5.96357231644519,10,73.0,0.3824556856645133,13,577.0,0.23069882478657014,23,650.0
3980.0,20,404.0,6.121212121212121,6.250809329405216,6,68.0,0.3819048523850079,14,553.0,0.2592928455237591,20,621.0
3985.0,23,230.0,3.5384615384615383,6.205375773009702,7,86.0,0.4034567872122152,16,464.0,0.2434314088179489,23,550.0
3990.0,24,222.0,3.5238095238095237,5.317507112230463,7,77.0,0.41373456338674924,17,406.0,0.24172542934882774,24,483.0
3995.0,28,298.0,4.966666666666667,4.877195800273724,11,106.0,0.369156833153855,17,433.0,0.25071259540382357,28,539.0
4000.0,26,286.0,4.612903225806452,4.476782430963623,11,133.0,0.2775238215167562,15,404.0,0.20257363370021922,26,537.0
4005.0,22,285.0,4.75,4.9601986179396835,8,127.0,0.27978212748435377,14,427.0,0.1676878299013674,22,554.0
4010.0,23,261.0,4.578947368421052,5.143786831584105,5,90.0,0.2804248228455387,18,441.0,0.15421434680083493,23,531.0
4015.0,25,351.0,6.157894736842105,4.883365342477384,8,112.0,0.31214291561049196,17,489.0,0.17735844452418517,25,601.0
4020.0,21,338.0,6.1454545454545455,5.99880442995003,6,102.0,0.38493204581779933,15,500.0,0.3057325742836346,21,602.0
4025.0,17,264.0,5.076923076923077,5.613905825442012,5,66.0,0.32241765213259016,12,475.0,0.3118157112743458,17,541.0
4030.0,19,291.0,5.290909090909091,5.5179403399126725,6,83.0,0.43574047089476553,13,455.0,0.17421416655034794,19,538.0
4035.0,20,281.0,5.203703703703703,6.077433182174963,4,72.0,0.6015481223633812,16,433.0,0.14179180309792774,20,505.0
4040.0,21,224.0,4.072727272727272,5.440441315776911,7,88.0,0.4563688396114562,14,435.0,0.1852121693561997,21,523.0
4045.0,25,263.0,4.383333333333334,4.790684835670939,11,113.0,0.3446521533656869,14,458.0,0.1853393488859025,25,571.0
4050.0,23,289.0,4.737704918032787,4.889106847294315,12,145.0,0.3506934242272314,11,448.0,0.18331206980146678,23,593.0
4055.0,20,348.0,5.8,5.66211635878618,8,164.0,0.44177189908888187,12,433.0,0.15310762516000592,20,597.0
4060.0,22,363.0,6.258620689655173,5.533478791002332,9,152.0,0.36935187364751804,13,363.0,0.21168686770758294,22,515.0
4065.0,26,411.0,7.2105263157894735,4.492726570938265,15,181.0,0.25994024262058096,11,390.0,0.26956110309993564,26,571.0
4070.0,29,484.0,8.344827586206897,4.476866715603939,16,220.0,0.25968361150972863,13,437.0,0.30940361902623875,29,657.0
4075.0,26,405.0,6.982758620689655,5.1857186039061745,15,234.0,0.29356138238155033,11,420.0,0.39428322381027053,26,654.0
4080.0,21,319.0,5.145161290322581,4.747002288295735,12,275.0,0.268157074157258,9,334.0,0.3380590207703124,21,609.0
4085.0,27,363.0,5.761904761904762,4.4286245672233,14,285.0,0.2633509709468069,13,321.0,0.2459466068432421,27,606.0
4090.0,32,405.0,6.328125,4.50773766359991,16,301.0,0.21013703683138435,16,361.0,0.22310681853256806,32,662.0
4095.0,31,349.0,5.287878787878788,4.694364454127546,18,317.0,0.18779298221856325,13,341.0,0.3170285814960937,31,658.0
4100.0,30,329.0,4.768115942028985,4.690383001342144,21,378.0,0.21507382877964504,9,243.0,0.3329030075159631,30,621.0
4105.0,28,334.0,4.771428571428571,4.763863833659339,19,416.0,0.2576536402289528,9,245.0,0.3378890975005498,28,661.0
4110.0,32,412.0,5.5675675675675675,4.989700056213132,19,454.0,0.2917609850866898,13,266.0,0.313356292804337,32,720.0
4115.0,30,408.0,5.513513513513513,5.211514107349311,18,460.0,0.31268610916647155,12,289.0,0.34208249462939455,30,749.0
4120.0,26,366.0,5.154929577464789,4.632976814667837,17,479.0,0.19007622661695486,9,273.0,0.3456557289149953,26,752.0
4125.0,23,197.0,2.6986301369863015,4.72131006070378,15,446.0,0.12594030238374265,8,204.0,0.29338623344334286,23,650.0
4130.0,29,193.0,2.643835616438356,4.840247148859336,15,427.0,0.23389290374670416,14,129.0,0.20014171836054118,29,556.0
4135.0,33,303.0,4.094594594594595,4.734336704465348,16,443.0,0.2682466563373957,17,185.0,0.19920684882115802,33,628.0
4140.0,28,364.0,5.126760563380282,4.880913457637453,18,481.0,0.22812518803498677,10,189.0,0.31597313688594286,28,670.0
4145.0,23,404.0,5.611111111111111,5.17800570951157,13,479.0,0.22552408988071318,10,200.0,0.2745113227162035,23,679.0
4150.0,25,425.0,5.985915492957746,5.25891789198862,11,464.0,0.30165069953739304,14,221.0,0.09677130824415113,25,685.0
4155.0,30,367.0,5.242857142857143,4.646969393274418,13,412.0,0.27611891995367455,17,253.0,0.1304081238722117,30,665.0
4160.0,27,443.0,7.031746031746032,4.431999300950918,14,457.0,0.2301092185149433,13,263.0,0.2600038757398822,27,720.0
4165.0,26,460.0,7.931034482758621,4.489151755320629,13,481.0,0.207537733562335,13,271.0,0.26926012842314967,26,752.0
4170.0,24,392.0,6.533333333333333,4.347407309307907,16,465.0,0.14345705748358498,8,217.0,0.2604683565323227,24,682.0
4175.0,25,212.0,3.4193548387096775,4.777113940840413,17,421.0,0.19283449952746198,8,189.0,0.24356637396556483,25,610.0
4180.0,28,311.0,5.098360655737705,4.935727292178144,16,476.0,0.24432943352941344,12,197.0,0.3185742482638269,28,673.0
4185.0,22,327.0,5.839285714285714,4.8687045177622865,13,494.0,0.29348850150518857,9,202.0,0.24485521381049152,22,696.0
4190.0,25,349.0,6.017241379310345,4.612952489812386,16,466.0,0.28283764244625503,9,215.0,0.16267758448009728,25,681.0
4195.0,25,280.0,4.590163934426229,4.638708051657167,16,431.0,0.29062107308133894,9,191.0,0.24800547152785346,25,622.0
4200.0,23,332.0,5.442622950819672,4.673643178848179,17,490.0,0.18153792767823787,6,158.0,0.4554003727001397,23,648.0
4205.0,17,334.0,5.566666666666666,5.9889095693490955,13,504.0,0.1882621060404072,4,152.0,0.5143590954653906,17,656.0
4210.0,21,351.0,5.85,5.500122056755545,16,487.0,0.2031414441303395,5,155.0,0.37737183384578693,21,642.0
4215.0,26,345.0,5.564516129032258,4.682839124527643,18,448.0,0.21022308128248451,8,194.0,0.2623514878461959,26,642.0
4220.0,26,403.0,7.0701754385964914,4.074203018752493,18,505.0,0.27520882153556653,8,216.0,0.28480939730352994,26,721.0
4225.0,19,447.0,7.706896551724138,5.206723046919822,14,519.0,0.28436138155318336,5,219.0,0.3525456199597133,19,738.0
4230.0,18,307.0,5.116666666666666,5.515375299780725,14,476.0,0.21911564427034008,4,146.0,0.4051632227263622,18,622.0
4235.0,24,313.0,4.815384615384615,5.798736211971047,17,490.0,0.17797219723567517,7,87.0,0.4811802687891137,24,577.0
4240.0,26,332.0,5.354838709677419,4.798193540498144,20,526.0,0.2354951470319617,6,75.0,0.465823715726116,26,601.0
4245.0,29,389.0,6.078125,5.244475681972535,19,528.0,0.2640840144897512,10,90.0,0.45998455772289715,29,618.0
4250.0,27,407.0,6.166666666666667,4.376355356178591,19,585.0,0.23393543469191144,8,97.0,0.39320024449733487,27,682.0
4255.0,24,405.0,5.704225352112676,4.780351638434677,18,601.0,0.1560922020830369,6,87.0,0.4188660448852202,24,688.0
4260.0,27,490.0,6.621621621621622,4.6852876345321945,20,637.0,0.18092404516980698,7,105.0,0.3651931956026812,27,742.0
4265.0,35,607.0,7.6835443037974684,5.394295228462641,23,692.0,0.2732507853336644,12,152.0,0.3636443323794315,35,844.0
4270.0,30,651.0,8.346153846153847,4.856808837711356,18,755.0,0.30921651006880296,12,167.0,0.29174585902412764,30,922.0
4275.0,35,778.0,10.103896103896103,4.4757704981491075,21,804.0,0.24671114071547104,14,199.0,0.25591348573984585,35,1003.0
4280.0,39,615.0,7.6875,4.12411816964827,24,724.0,0.21477693567584086,15,244.0,0.183907520995339,39,968.0
4285.0,40,674.0,8.21951219512195,4.444676876312658,24,670.0,0.21303267845577947,16,296.0,0.25574720639946974,40,966.0
4290.0,42,730.0,9.012345679012345,3.6080242195539527,26,766.0,0.09211861179529453,16,300.0,0.31996524976482354,42,1066.0
4295.0,35,734.0,10.054794520547945,4.336998697236535,26,858.0,0.09718417645190572,9,215.0,0.41694082955530215,35,1073.0
4300.0,33,845.0,11.575342465753424,3.9158828158486236,25,940.0,0.04869378705465127,8,190.0,0.3474940921654479,33,1130.0
4305.0,39,987.0,12.818181818181818,3.7815617459962487,27,1028.0,0.06481378750320717,12,226.0,0.2076996183951917,39,1254.0
4310.0,45,1097.0,15.027397260273972,3.6198690404121883,27,1025.0,0.11557859071385058,18,284.0,0.2010221293255736,45,1309.0
4315.0,40,928.0,12.88888888888889,3.5784121683201926,22,1036.0,0.1650469768362217,18,344.0,0.1894932242650928,40,1380.0
4320.0,36,870.0,12.083333333333334,3.5178989607145126,21,971.0,0.17089357321438603,15,364.0,0.19713261210581035,36,1335.0
4325.0,33,676.0,9.38888888888889,3.724453719933102,18,943.0,0.163720109227451,15,372.0,0.26090124876385506,33,1315.0
4330.0,34,577.0,7.797297297297297,4.472991910848863,18,908.0,0.19173996197458015,16,341.0,0.2690418694441645,34,1249.0
4335.0,34,583.0,7.671052631578948,4.1830380139666925,18,921.0,0.15375562454915195,16,391.0,0.2681438770551203,34,1312.0
4340.0,29,506.0,6.837837837837838,4.901115064154622,16,857.0,0.18024115868055798,13,403.0,0.27963181951305266,29,1260.0
4345.0,27,389.0,5.402777777777778,4.9146223369175255,16,827.0,0.2091114414573784,11,331.0,0.2545029224840776,27,1158.0
4350.0,30,406.0,5.8,4.658295007680209,13,731.0,0.31060347418948614,17,292.0,0.199755667130286,30,1023.0
4355.0,32,398.0,5.605633802816901,4.452138598211573,14,724.0,0.3690137787317781,18,307.0,0.17833340127819983,32,1031.0
4360.0,33,446.0,6.28169014084507,4.479567787056119,16,666.0,0.3566558634330739,17,340.0,0.22708124540613547,33,1006.0
4365.0,37,420.0,5.675675675675675,3.8803299525699186,18,650.0,0.2792084291906902,19,377.0,0.20127823904739633,37,1027.0
4370.0,31,427.0,5.77027027027027,4.187695119696028,21,697.0,0.153825425847749,10,362.0,0.27605329439606135,31,1059.0
4375.0,35,478.0,6.732394366197183,3.8439717238918507,25,728.0,0.03586133479076649,10,319.0,0.29243761799477325,35,1047.0
4380.0,37,546.0,7.583333333333333,4.003850458363598,23,695.0,0.0944500191614843,14,306.0,0.2616947122021644,37,1001.0
4385.0,37,585.0,8.602941176470589,3.4865279778945926,21,758.0,0.12482120484336975,16,332.0,0.26817425913947324,37,1090.0
4390.0,41,722.0,10.617647058823529,3.982855151687674,22,792.0,0.11866241236701291,19,374.0,0.2906227284497006,41,1166.0
4395.0,39,694.0,9.774647887323944,3.89856452619483,21,786.0,0.1437707081268837,18,400.0,0.2989743267863491,39,1186.0
4400.0,22,350.0,4.861111111111111,4.762706657328046,12,649.0,0.14608536430024524,10,369.0,0.31143294093029156,22,1018.0
4405.0,18,258.0,3.6338028169014085,4.9736563224782895,7,521.0,0.20082722602514808,11,314.0,0.24752298209426427,18,835.0
4410.0,21,255.0,3.493150684931507,5.436569639233433,7,459.0,0.29715379725983015,14,258.0,0.20868013955880735,21,717.0
4415.0,30,305.0,4.236111111111111,4.612851963613313,11,415.0,0.2608752261544727,19,299.0,0.19352941445553548,30,714.0
4420.0,26,347.0,4.957142857142857,4.635201472973693,14,388.0,0.20249163175470222,12,281.0,0.2654433253809683,26,669.0
4425.0,20,289.0,4.446153846153846,5.187147245225675,9,317.0,0.2376843705867695,11,231.0,0.30883951344895233,20,548.0
4430.0,21,345.0,5.149253731343284,6.054686190593333,9,313.0,0.3209375162076438,12,227.0,0.27725164216301634,21,540.0
4435.0,22,289.0,4.737704918032787,5.44408858509097,7,273.0,0.31120766797743815,15,246.0,0.21310322600717008,22,519.0
4440.0,31,419.0,7.350877192982456,5.009603093938264,12,301.0,0.2705522767531671,19,289.0,0.18685236426437227,31,590.0
4445.0,29,441.0,7.603448275862069,4.186570056506583,12,295.0,0.24138298020152452,17,319.0,0.17901030089980446,29,614.0
4450.0,25,446.0,7.689655172413793,4.977060659177053,12,292.0,0.2711689188211074,13,300.0,0.2762079491753644,25,592.0
4455.0,21,437.0,7.283333333333333,4.790453372981611,10,302.0,0.25665760372525426,11,313.0,0.3090031827700128,21,615.0
4460.0,22,470.0,7.833333333333333,5.512114534795739,6,278.0,0.33868898467269587,16,326.0,0.2748149905442477,22,604.0
4465.0,20,183.0,3.1016949152542375,5.321682755326583,6,109.0,0.39932421847144056,14,299.0,0.251359595705873,20,408.0
4470.0,22,223.0,3.6557377049180326,5.602313454770908,6,68.0,0.44134770048976035,16,319.0,0.2559899975311012,22,387.0
4475.0,21,238.0,3.966666666666667,5.36519615069443,6,83.0,0.37247593045901184,15,325.0,0.31457144997585923,21,408.0
4480.0,19,214.0,3.4516129032258065,6.2970835562658305,7,91.0,0.43993442217777134,12,253.0,0.3050002738952198,19,344.0
4485.0,21,203.0,3.3833333333333333,5.33300098538724,6,99.0,0.3724608535517664,15,259.0,0.20659018254059155,21,358.0
4490.0,27,293.0,4.80327868852459,5.698818531758723,8,139.0,0.4204828234187814,19,279.0,0.16175910303279636,27,418.0
4495.0,25,276.0,5.0181818181818185,4.436002459979412,7,95.0,0.4470554167181306,18,324.0,0.157415042081424,25,419.0
4500.0,23,324.0,5.684210526315789,5.257532683054082,9,119.0,0.3450507329321155,14,365.0,0.2594207840741471,23,484.0
4505.0,21,310.0,5.43859649122807,4.5285494348514606,9,137.0,0.2110495971352872,12,357.0,0.25704031048096776,21,494.0
4510.0,18,290.0,5.087719298245614,5.61300514099887,6,136.0,0.30294203668000136,12,291.0,0.25037840131106043,18,427.0
4515.0,15,196.0,3.6296296296296298,5.0425092325790155,6,148.0,0.2386048610532653,9,244.0,0.17461933636328636,15,392.0
4520.0,23,251.0,4.482142857142857,5.678761425953313,12,178.0,0.27845395424964015,11,200.0,0.19289410380612979,23,378.0
4525.0,22,335.0,6.568627450980392,5.832532444296516,9,205.0,0.3699320063628499,13,252.0,0.227720279282438,22,457.0
4530.0,17,352.0,7.04,5.509010029701833,6,193.0,0.4124078521071688,11,272.0,0.19244576755323908,17,465.0
4535.0,16,290.0,6.170212765957447,6.629550638418452,5,153.0,0.37359281400881195,11,271.0,0.2852326435442756,16,424.0
4540.0,17,269.0,5.8478260869565215,6.425556765111794,7,85.0,0.26605739954732366,10,280.0,0.3154318132706903,17,365.0
4545.0,17,275.0,6.111111111111111,5.962483873926144,8,124.0,0.3175218750500204,9,275.0,0.33408033105145457,17,399.0
4550.0,16,275.0,6.5476190476190474,5.06106196044854,6,134.0,0.37488945592834283,10,300.0,0.251155318484362,16,434.0
4555.0,16,299.0,7.666666666666667,5.966189605058122,5,122.0,0.4862693722040268,11,307.0,0.25356440925730706,16,429.0
4560.0,14,166.0,4.048780487804878,5.0639194725657095,3,81.0,0.4574912472704276,11,264.0,0.1347109180231169,14,345.0
4565.0,16,222.0,5.285714285714286,6.147200099654686,6,107.0,0.524052829947739,10,259.0,0.22856297706190182,16,366.0
4570.0,15,200.0,4.878048780487805,5.536495323546857,7,111.0,0.4015662532167943,8,252.0,0.26905114120467344,15,363.0
4575.0,19,281.0,6.853658536585366,5.678717124365617,10,152.0,0.17039387359358957,9,256.0,0.3207793207859622,19,408.0
4580.0,16,244.0,6.1,4.754226237046931,9,165.0,0.03412847409237499,7,213.0,0.2795387092616442,16,378.0
4585.0,13,224.0,5.6,6.251309111671172,6,151.0,0.28989942108848826,7,137.0,0.3340980219609281,13,288.0
4590.0,11,75.0,1.829268292682927,6.228894811978439,4,71.0,0.43419223327942663,7,117.0,0.34467599573941365,11,188.0
4595.0,11,111.0,2.642857142857143,7.6427833363526805,2,37.0,0.658809600131056,9,130.0,0.3519366150035917,11,167.0
4600.0,10,105.0,2.5609756097560976,7.3877678671401945,3,49.0,0.619735949155299,7,119.0,0.43400678722682445,10,168.0
4605.0,12,146.0,3.5609756097560976,7.370798176260428,5,74.0,0.590685722140885,7,123.0,0.41870522423639334,12,197.0
4610.0,15,128.0,3.0476190476190474,4.627022873105226,7,66.0,0.31807954076092754,8,112.0,0.3325355010739073,15,178.0
4615.0,15,167.0,3.9761904761904763,5.246603696843873,5,62.0,0.3659105219910318,10,119.0,0.29271904437496976,15,181.0
4620.0,16,165.0,3.5869565217391304,5.995520953453003,6,86.0,0.42945049656144435,10,101.0,0.2767505340066244,16,187.0
4625.0,12,188.0,3.6862745098039214,7.1471379473361605,5,87.0,0.3865090958952341,7,105.0,0.39210100937411724,12,192.0
4630.0,16,206.0,4.12,7.046439263020516,8,121.0,0.23774921550670627,8,116.0,0.464938038944473,16,237.0
4635.0,16,236.0,5.130434782608695,6.865878116985995,8,151.0,0.3463760301049976,8,105.0,0.3907913598935351,16,256.0
4640.0,11,215.0,5.657894736842105,6.305959122261954,4,147.0,0.519829330186662,7,88.0,0.23823129194618928,11,235.0
4645.0,12,251.0,6.972222222222222,6.177014988961761,6,175.0,0.5018302667314471,6,86.0,0.07479717525685971,12,261.0
4650.0,12,230.0,6.052631578947368,6.1786813373589995,7,201.0,0.49887106221335614,5,62.0,0.14662451174270985,12,263.0
4655.0,10,262.0,6.717948717948718,7.1917151896267475,7,231.0,0.5076143425682913,3,48.0,0.461952323639357,10,279.0
4660.0,13,320.0,8.205128205128204,6.293630055044996,10,274.0,0.37107034039898795,3,59.0,0.5934415208739618,13,333.0
4665.0,14,227.0,5.044444444444444,5.560840804854856,11,235.0,0.3548159420379993,3,23.0,0.5119234036997059,14,258.0
4670.0,20,309.0,6.717391304347826,6.16065558414275,16,285.0,0.32587022248989467,4,36.0,0.5304046040664482,20,321.0
4675.0,18,298.0,5.622641509433962,5.557757052262312,16,327.0,0.26190026406873773,2,20.0,0.5209643383355947,18,347.0
4680.0,17,275.0,4.741379310344827,5.93491549810851,12,326.0,0.25648435497027977,5,27.0,0.5288488586667016,17,353.0
4685.0,11,93.0,1.631578947368421,5.9808106753618775,9,201.0,0.34217401286023164,2,30.0,0.5302101763370329,11,231.0
4690.0,18,169.0,2.864406779661017,6.633930393372178,16,212.0,0.30104273589856606,2,35.0,0.6008288179246147,18,247.0
4695.0,23,245.0,4.1525423728813555,5.779665863580996,17,257.0,0.26229580489510845,6,52.0,0.4734317502314577,23,309.0
4700.0,18,247.0,4.258620689655173,5.613410111658487,11,251.0,0.2590857694537599,7,49.0,0.37657802428475223,18,300.0
4705.0,22,250.0,4.166666666666667,4.723832930816868,13,253.0,0.2679845316960082,9,68.0,0.27866307312916994,22,321.0
4710.0,28,276.0,4.524590163934426,5.3495122026945445,18,263.0,0.2914662730156078,10,92.0,0.34331244736464106,28,355.0
4715.0,26,273.0,4.333333333333333,5.7670301853920405,17,308.0,0.3277656197140118,9,98.0,0.4087076021805861,26,406.0
4720.0,24,241.0,3.707692307692308,4.684270366634138,15,303.0,0.27296793519217605,9,122.0,0.32392473929883053,24,425.0
4725.0,31,291.0,4.409090909090909,4.5609638812175435,17,331.0,0.24673610926112927,14,146.0,0.3279896119655851,31,477.0
4730.0,27,274.0,4.151515151515151,4.65177230076273,15,315.0,0.23070944652557426,12,171.0,0.2801204317161874,27,486.0
4735.0,27,345.0,5.3076923076923075,4.512864322630641,17,313.0,0.2154220948836299,10,158.0,0.19842440808778633,27,471.0
4740.0,27,360.0,5.538461538461538,4.596002196558048,18,344.0,0.17120237071355102,9,162.0,0.2512681428059598,27,506.0
4745.0,25,333.0,5.123076923076923,5.726288514151866,15,347.0,0.23736330657651863,10,167.0,0.38689400697127607,25,514.0
4750.0,26,343.0,5.622950819672131,4.761317097778386,17,342.0,0.24298467365459187,9,148.0,0.3006332804787864,26,490.0
4755.0,31,402.0,6.483870967741935,4.546709927395929,18,393.0,0.1988493913180872,13,138.0,0.3256136472460565,31,531.0
4760.0,23,397.0,6.728813559322034,4.9954815082118404,14,401.0,0.18359430349890044,9,155.0,0.41617559368932144,23,556.0
4765.0,19,363.0,5.671875,5.271981196162562,12,391.0,0.1819055866566714,7,135.0,0.39282196925678187,19,526.0
4770.0,25,280.0,4.444444444444445,5.112151486976926,15,362.0,0.1957515373078898,10,139.0,0.31070930380256817,25,501.0
4775.0,34,360.0,6.0,4.0419542705920755,19,408.0,0.18852736941818887,15,156.0,0.2654596151903363,34,564.0
4780.0,32,309.0,5.237288135593221,3.4273414939445916,18,426.0,0.1868313980674195,14,176.0,0.24699648910648817,32,602.0
4785.0,28,353.0,5.883333333333334,3.6409636620692583,17,463.0,0.21189287418548897,11,176.0,0.26805349281257335,28,639.0
4790.0,25,273.0,4.475409836065574,4.258959663308573,12,447.0,0.2903740362285311,13,193.0,0.2338951349174337,25,640.0
4795.0,25,325.0,5.327868852459017,4.969382104414072,11,416.0,0.2880494272214554,14,220.0,0.24069125423453488,25,636.0
4800.0,24,282.0,4.622950819672131,4.559734235150471,10,380.0,0.30739543296839356,14,227.0,0.1472416253252257,24,607.0
4805.0,22,264.0,4.4,4.590122920402009,14,363.0,0.1711419324816667,8,173.0,0.28534003387743906,22,536.0
4810.0,23,287.0,4.948275862068965,4.292444213296597,17,409.0,0.1180923847321851,6,141.0,0.37877667780486174,23,550.0
4815.0,19,335.0,5.583333333333333,5.52282019132122,12,435.0,0.18287189098266263,7,121.0,0.38145936259182267,19,556.0
4820.0,21,309.0,5.15,5.50139087942961,12,417.0,0.2127797033182193,9,105.0,0.3784969218004827,21,522.0
4825.0,28,317.0,5.112903225806452,5.179014406476231,16,351.0,0.22484335863249644,12,151.0,0.27297885722945836,28,502.0
4830.0,24,358.0,6.067796610169491,4.674982050202847,15,396.0,0.26441668434200044,9,158.0,0.30443868807786184,24,554.0
4835.0,21,383.0,6.963636363636364,5.403983738142111,11,402.0,0.2770920755822622,10,150.0,0.31045375102732536,21,552.0
4840.0,18,201.0,3.5892857142857144,4.8096917643474795,9,318.0,0.17622486416318456,9,129.0,0.22481720615232012,18,447.0
4845.0,25,273.0,4.706896551724138,5.152057805021681,15,329.0,0.09465832854281704,10,120.0,0.33822434821045483,25,449.0
4850.0,26,250.0,4.464285714285714,4.858230032681176,16,342.0,0.18139822655673143,10,147.0,0.3816646083006301,26,489.0
4855.0,25,314.0,5.9245283018867925,4.681803514710739,16,344.0,0.28296620454688887,9,155.0,0.31074384095536467,25,499.0
4860.0,27,353.0,6.418181818181818,4.025562777681353,13,357.0,0.2902055754033986,14,191.0,0.1768047889122571,27,548.0
4865.0,20,312.0,5.288135593220339,5.151427534537046,8,314.0,0.36583888367692247,12,238.0,0.18717199306365861,20,552.0
4870.0,16,168.0,2.625,4.744571224496639,7,223.0,0.3656565990919532,9,228.0,0.20780929015280195,16,451.0
4875.0,19,193.0,2.9692307692307693,5.452601373239359,10,178.0,0.30390839004406817,9,187.0,0.34463643539085503,19,365.0
4880.0,25,251.0,3.63768115942029,5.309836764349688,15,195.0,0.30293800079565375,10,213.0,0.2832239677133612,25,408.0
4885.0,21,273.0,4.136363636363637,5.473941997878507,13,171.0,0.31868123176536667,8,235.0,0.22914553224396544,21,406.0
4890.0,19,283.0,4.421875,5.029601909492213,10,198.0,0.3437945887751878,9,241.0,0.21124585253407063,19,439.0
4895.0,26,367.0,5.825396825396825,4.859974530519289,15,230.0,0.2007410828625225,11,270.0,0.3126624852402998,26,500.0
4900.0,27,265.0,4.344262295081967,4.478496871202913,19,242.0,0.1560146251025292,8,236.0,0.4182477987333672,27,478.0
4905.0,30,374.0,5.753846153846154,5.1875964701057,21,301.0,0.22860840278897923,9,218.0,0.41554285215742076,30,519.0
4910.0,31,449.0,6.803030303030303,4.527752097615676,19,335.0,0.1947850096744582,12,271.0,0.3513694624025685,31,606.0
4915.0,27,322.0,4.735294117647059,4.705385728252355,13,306.0,0.22968761021972509,14,278.0,0.3127946579210443,27,584.0
4920.0,24,331.0,4.728571428571429,5.1645704745261005,9,284.0,0.3391033268805277,15,278.0,0.19965442666870012,24,562.0
4925.0,33,402.0,5.4324324324324325,4.7880728112517765,15,308.0,0.33280743511669564,18,324.0,0.1869400328090965,33,632.0
4930.0,29,409.0,5.381578947368421,5.332606899619949,18,343.0,0.3023461780388758,11,330.0,0.3509258738419655,29,673.0
4935.0,31,430.0,5.584415584415584,5.370553508220299,19,375.0,0.2812163568689181,12,316.0,0.37984547520673906,31,691.0
4940.0,35,396.0,5.076923076923077,4.803596576063552,19,396.0,0.2460076532020392,16,285.0,0.32488103552247666,35,681.0
4945.0,33,398.0,5.2368421052631575,3.680348357859081,15,343.0,0.21768636620145676,18,335.0,0.22264591084848243,33,678.0
4950.0,30,400.0,5.194805194805195,4.47193692769042,15,326.0,0.21270040776672217,15,364.0,0.2498239839464326,30,690.0
4955.0,34,385.0,5.0,4.034603880807593,20,346.0,0.14403931169719714,14,370.0,0.19804230832528413,34,716.0
4960.0,40,472.0,6.293333333333333,3.7497478490875595,23,396.0,0.17223722124801447,17,369.0,0.15779983666694827,40,765.0
4965.0,32,515.0,6.866666666666666,4.337928493173063,15,381.0,0.265822079458829,17,424.0,0.144639054978653,32,805.0
4970.0,26,502.0,6.876712328767123,4.840270845675615,14,380.0,0.2655284846897419,12,447.0,0.20202143005460851,26,827.0
4975.0,26,338.0,4.3896103896103895,5.179923393791472,14,384.0,0.2495304029846202,12,399.0,0.2743060140149933,26,783.0
4980.0,31,357.0,4.76,4.457943216746838,17,399.0,0.2073449260988785,14,384.0,0.3282367770871071,31,783.0
4985.0,37,469.0,6.171052631578948,4.590630623166308,23,419.0,0.1994093119936779,14,427.0,0.3586965980891262,37,846.0
4990.0,32,525.0,6.6455696202531644,4.68818632172866,22,472.0,0.20800482097871686,10,420.0,0.3197887939217566,32,892.0
4995.0,28,545.0,6.728395061728395,5.609347279593486,15,475.0,0.18846760366152554,13,451.0,0.35587721086853213,28,926.0
5000.0,31,548.0,7.0256410256410255,5.479309070098329,15,471.0,0.1767651628323021,16,413.0,0.3342986500911826,31,884.0
5005.0,28,473.0,6.064102564102564,5.0019351824593805,13,482.0,0.1658115929451419,15,329.0,0.30390411710201226,28,811.0
5010.0,29,442.0,5.972972972972973,4.623271660997216,16,441.0,0.18450001544468234,13,380.0,0.35314560760631375,29,821.0
5015.0,32,443.0,6.23943661971831,4.385257170425138,19,434.0,0.19221235249341212,13,415.0,0.30470379495308036,32,849.0
5020.0,36,406.0,5.413333333333333,3.879747663992607,18,464.0,0.1432159202005602,18,398.0,0.23265902961602483,36,862.0
5025.0,33,386.0,5.078947368421052,4.3623098074184465,11,431.0,0.24317940530520665,22,353.0,0.2170377642651388,33,784.0
5030.0,29,442.0,5.740259740259741,4.990803808109575,10,423.0,0.27346463867231696,19,378.0,0.2460649935405181,29,801.0
5035.0,33,484.0,6.05,4.711368656132388,14,409.0,0.2072138174262338,19,438.0,0.30328249510523414,33,847.0
5040.0,40,567.0,7.269230769230769,3.8114792544797083,19,444.0,0.21707572317227505,21,496.0,0.26099484946077955,40,940.0
5045.0,32,588.0,7.443037974683544,4.837164423915804,11,436.0,0.3315525282529273,21,517.0,0.2360715635468109,32,953.0
5050.0,31,552.0,7.2631578947368425,4.611157555785337,8,374.0,0.292799251797991,23,573.0,0.1916901970417998,31,947.0
5055.0,40,690.0,9.2,4.778166186781161,16,385.0,0.26633045584270065,24,622.0,0.18899583653449958,40,1007.0
5060.0,39,617.0,8.569444444444445,4.135052749668175,15,369.0,0.33032779497684955,24,650.0,0.16419064360539173,39,1019.0
5065.0,34,502.0,7.070422535211268,4.434457201755943,14,304.0,0.30392177267591286,20,609.0,0.1936752819026106,34,913.0
5070.0,34,491.0,6.915492957746479,3.6546448461045724,16,325.0,0.2625152653913873,18,632.0,0.1877228818531093,34,957.0
5075.0,31,410.0,5.466666666666667,4.21743346650283,10,304.0,0.3187576715564274,21,631.0,0.1502555502196072,31,935.0
5080.0,28,326.0,4.346666666666667,4.391274646194603,9,286.0,0.326555557536633,19,658.0,0.144456792193925,28,944.0
5085.0,28,291.0,3.8289473684210527,4.449165177446979,14,244.0,0.24367094572498135,14,632.0,0.20795761206808128,28,876.0
5090.0,30,376.0,5.013333333333334,3.820591431187762,13,270.0,0.12576944915815663,17,626.0,0.2168425532999843,30,896.0
5095.0,30,410.0,5.54054054054054,4.836756910537932,12,281.0,0.22093613871709672,18,594.0,0.27417329859034173,30,875.0
5100.0,28,300.0,4.166666666666667,4.33885381727081,13,271.0,0.26103552358061016,15,585.0,0.1783083426486434,28,856.0
5105.0,38,429.0,6.217391304347826,4.200829038709714,18,306.0,0.24530099574473585,20,587.0,0.17738050257585047,38,893.0
5110.0,39,474.0,6.676056338028169,3.7819241173242806,19,338.0,0.22578693027906477,20,651.0,0.22835267414684518,39,989.0
5115.0,36,585.0,7.8,4.70355212548329,19,361.0,0.28409954777663776,17,659.0,0.25819892890979834,36,1020.0
5120.0,34,638.0,8.394736842105264,4.338420188231462,19,398.0,0.21605520433988942,15,670.0,0.25928733822595657,34,1068.0
5125.0,31,595.0,7.7272727272727275,4.863745427427985,14,384.0,0.25122358714281157,17,643.0,0.20897049099782652,31,1027.0
5130.0,30,577.0,7.797297297297297,4.6724379876669495,11,368.0,0.3106112221529482,19,600.0,0.10916629352185694,30,968.0
5135.0,29,382.0,5.536231884057971,5.070445018385695,10,291.0,0.30828086102013996,19,541.0,0.13075040589022865,29,832.0
5140.0,23,247.0,3.859375,4.563775823797986,11,238.0,0.26358593469622504,12,551.0,0.21764078702603057,23,789.0
5145.0,23,214.0,3.292307692307692,4.062687944772989,14,277.0,0.1287020879192635,9,514.0,0.25811915284011927,23,791.0
5150.0,24,275.0,4.508196721311475,4.221481679300798,11,302.0,0.21226058828615407,13,483.0,0.147680138934586,24,785.0
5155.0,25,274.0,4.349206349206349,4.838443055033022,9,288.0,0.2935098201786022,16,474.0,0.13241316289718216,25,762.0
5160.0,26,332.0,5.442622950819672,4.943344919337602,13,280.0,0.2285305528334476,13,420.0,0.24907319464999508,26,700.0
5165.0,25,335.0,5.87719298245614,4.493817172490097,15,308.0,0.19464361028692423,10,381.0,0.2741335400049188,25,689.0
5170.0,27,317.0,5.372881355932203,4.899592626520681,14,319.0,0.17039333106482157,13,343.0,0.3197287507782142,27,662.0
5175.0,27,351.0,5.754098360655738,5.035335506315958,14,318.0,0.2001543783066576,13,294.0,0.33397995312083584,27,612.0
5180.0,29,411.0,6.629032258064516,5.062872960350859,14,275.0,0.28006793210565806,15,305.0,0.3107054960784218,29,580.0
5185.0,28,373.0,6.016129032258065,3.88661856452135,11,269.0,0.2784067464023454,17,300.0,0.2177380269975896,28,569.0
5190.0,22,263.0,4.311475409836065,4.122005877265609,4,187.0,0.3979119209352323,18,334.0,0.14694177785503096,22,521.0
5195.0,19,203.0,3.2222222222222223,4.751911178506285,5,168.0,0.3762180376837892,14,335.0,0.15800731946799448,19,503.0
5200.0,24,176.0,2.707692307692308,5.01103935500057,10,202.0,0.24397600222467036,14,307.0,0.22655102721364828,24,509.0
5205.0,31,275.0,4.044117647058823,4.676113407859212,12,204.0,0.2350713027343376,19,344.0,0.19755429090289103,31,548.0
5210.0,23,322.0,4.953846153846154,5.0111729013445,6,146.0,0.4083324617371022,17,391.0,0.13645618895241085,23,537.0
5215.0,18,306.0,4.707692307692308,5.99541777094997,4,94.0,0.4731865040965945,14,369.0,0.22235747217377763,18,463.0
5220.0,21,301.0,4.630769230769231,5.64475199718791,9,114.0,0.27579947514672287,12,358.0,0.32119905128362175,21,472.0
5225.0,27,334.0,4.911764705882353,4.900706422699553,12,151.0,0.19337950891881597,15,353.0,0.3342942819761205,27,504.0
5230.0,22,333.0,4.897058823529412,5.2911648874772865,6,159.0,0.3105500557018348,16,364.0,0.3353524970412259,22,523.0
5235.0,22,206.0,3.169230769230769,5.333497071621521,4,105.0,0.37884151740799055,18,339.0,0.31636038915780856,22,444.0
5240.0,22,204.0,3.1384615384615384,4.964631041230143,9,130.0,0.26189347678967556,13,358.0,0.2963264968340916,22,488.0
5245.0,29,211.0,3.246153846153846,4.231584948468869,12,126.0,0.16303059949711735,17,353.0,0.20099451960365453,29,479.0
5250.0,33,322.0,5.278688524590164,4.006217960854524,12,153.0,0.13079435153735103,21,412.0,0.1901902950495238,33,565.0
5255.0,32,387.0,5.863636363636363,4.510394900912656,11,175.0,0.2667512159459489,21,464.0,0.13523599679076403,32,639.0
5260.0,23,281.0,4.532258064516129,5.078946419324136,2,121.0,0.5143123296685783,21,511.0,0.12702690913979944,23,632.0
5265.0,21,277.0,4.396825396825397,5.273460442735621,3,117.0,0.43264132527743904,18,510.0,0.1794557897937142,21,627.0
5270.0,27,322.0,5.278688524590164,5.27246570669971,10,153.0,0.3910520082416579,17,514.0,0.23585562686841655,27,667.0
5275.0,27,291.0,4.85,4.660318506775888,10,155.0,0.30706635001937327,17,486.0,0.20840975149017174,27,641.0
5280.0,17,198.0,3.3,4.388904477141469,4,91.0,0.36504059043689524,13,492.0,0.16711190488839367,17,583.0
5285.0,20,215.0,3.6440677966101696,5.703641258653356,7,71.0,0.34578889729541396,13,471.0,0.21754371834604677,20,542.0
5290.0,18,206.0,3.7454545454545456,5.544470235350446,4,53.0,0.43275073973670963,14,483.0,0.1673155441503769,18,536.0
5295.0,20,229.0,4.017543859649122,6.119910667692136,6,70.0,0.38939493702391653,14,463.0,0.25403097602528224,20,533.0
5300.0,24,300.0,5.769230769230769,5.333144757551732,7,103.0,0.397105465289699,17,472.0,0.25545055679798206,24,575.0
5305.0,20,271.0,5.313725490196078,5.510383908471601,7,78.0,0.44194518980458414,13,424.0,0.28439943673048734,20,502.0
5310.0,24,307.0,6.14,4.217519182796085,10,110.0,0.34462485455918435,14,430.0,0.22388909209854055,24,540.0
5315.0,26,377.0,7.54,3.855207724515027,12,165.0,0.2627028165622474,14,411.0,0.22776909380415183,26,576.0
5320.0,26,402.0,7.730769230769231,3.801565684266272,11,183.0,0.2233602613917768,15,420.0,0.20851266522459466,26,603.0
5325.0,19,407.0,7.679245283018868,5.603899381886796,6,147.0,0.30770275668357694,13,383.0,0.24972784624382235,19,530.0
5330.0,18,254.0,4.884615384615385,5.064205254303472,5,93.0,0.326770173513971,13,343.0,0.1703955055351399,18,436.0
5335.0,25,322.0,5.551724137931035,5.3722668506398366,11,117.0,0.33369276370502915,14,305.0,0.24069644292182335,25,422.0
5340.0,20,372.0,6.0,5.577856686341568,7,119.0,0.42394116487880135,13,351.0,0.24606546010753363,20,470.0
5345.0,18,441.0,7.603448275862069,6.721398094120168,5,109.0,0.5672917367567712,13,396.0,0.29147397657367663,18,505.0
5350.0,17,280.0,4.912280701754386,5.984044614921606,4,95.0,0.5197976666082282,13,349.0,0.22673109909441855,17,444.0
5355.0,24,314.0,5.413793103448276,5.712101805145469,10,81.0,0.4436125371775759,14,280.0,0.2567844013525241,24,361.0
5360.0,24,344.0,6.254545454545455,4.031875053928655,11,93.0,0.2363346807748246,13,330.0,0.23013822249345786,24,423.0
5365.0,30,436.0,7.649122807017544,4.185325834983349,15,143.0,0.2305247069374098,15,361.0,0.24551529292401122,30,504.0
5370.0,27,320.0,5.714285714285714,3.8055505582313987,16,189.0,0.1918619673797103,11,311.0,0.2482736672679037,27,500.0
5375.0,17,210.0,3.888888888888889,5.641533736594564,9,178.0,0.2552288082116514,8,185.0,0.3430098121090434,17,363.0
5380.0,14,148.0,2.8461538461538463,5.696791568479501,9,170.0,0.23965349926202031,5,113.0,0.3987084134806468,14,283.0
5385.0,18,182.0,3.5686274509803924,5.486949699411776,11,185.0,0.24115245490413156,7,99.0,0.2608886276114606,18,284.0
5390.0,19,235.0,5.108695652173913,5.162567635450889,11,201.0,0.2827907067064529,8,121.0,0.35579177782256255,19,322.0
5395.0,15,258.0,5.48936170212766,6.4334866526367795,7,173.0,0.27884108560188864,8,147.0,0.42063693375107547,15,320.0
5400.0,15,222.0,4.826086956521739,5.48031101508982,10,201.0,0.1779742816632904,5,110.0,0.3662880647458867,15,311.0
5405.0,16,264.0,5.387755102040816,6.909810658998628,11,238.0,0.3569627684716694,5,92.0,0.4427338633193251,16,330.0
5410.0,14,238.0,4.958333333333333,6.562095410954748,8,248.0,0.3631450449255107,6,39.0,0.5236392765181684,14,287.0
5415.0,16,291.0,5.938775510204081,7.149033264655572,8,233.0,0.4402232311156673,8,74.0,0.46001012374720884,16,307.0
5420.0,15,245.0,5.212765957446808,5.666114720031323,7,220.0,0.3564241706774409,8,79.0,0.3159894721427507,15,299.0
5425.0,17,300.0,5.882352941176471,5.990059823874224,8,230.0,0.3058378961921125,9,89.0,0.3449636472169769,17,319.0
5430.0,17,126.0,2.5714285714285716,5.573562329074488,11,138.0,0.13188764952980425,6,77.0,0.4596616253318091,17,215.0
5435.0,20,200.0,3.8461538461538463,6.467662302744497,12,141.0,0.2346612931268543,8,77.0,0.4818316322779652,20,218.0
5440.0,13,162.0,3.056603773584906,6.718787874416776,9,153.0,0.32576759613745315,4,74.0,0.5271935229519679,13,227.0
5445.0,14,177.0,3.339622641509434,7.506923678492948,8,133.0,0.38908284917750824,6,66.0,0.5481397707351331,14,199.0
5450.0,13,141.0,2.660377358490566,6.195215957527333,6,141.0,0.41287165277312654,7,46.0,0.30849541398316077,13,187.0
5455.0,22,216.0,3.857142857142857,5.927245162305146,10,152.0,0.4164708444882727,12,95.0,0.2287895095679005,22,247.0
5460.0,20,173.0,3.1454545454545455,5.714455092476314,10,150.0,0.37126990237255614,10,121.0,0.3422487212206124,20,271.0
5465.0,21,213.0,3.8727272727272726,5.976851333919075,13,164.0,0.29373653846949477,8,117.0,0.43990261885182014,21,281.0
5470.0,18,198.0,3.6666666666666665,5.732456188723318,13,194.0,0.2904548787338876,5,116.0,0.43436168871096154,18,310.0
5475.0,19,183.0,3.1551724137931036,5.810781088686099,11,198.0,0.2781985965917236,8,96.0,0.3112455576180533,19,294.0
5480.0,22,245.0,4.224137931034483,5.824165723990216,11,213.0,0.34688458415871853,11,142.0,0.2877718103042927,22,355.0
5485.0,27,344.0,5.733333333333333,6.419411778465213,16,271.0,0.31664364919965443,11,183.0,0.37751371152447816,27,454.0
5490.0,26,388.0,6.807017543859649,4.938571097583153,16,301.0,0.25320768323496173,10,218.0,0.38151381066380075,26,519.0
5495.0,25,365.0,6.4035087719298245,4.670533107554608,17,334.0,0.2829095465515312,8,227.0,0.268953084292771,25,561.0
5500.0,24,384.0,6.620689655172414,4.454590996778039,16,360.0,0.17388943966422782,8,211.0,0.3794388410050583,24,571.0
5505.0,22,238.0,3.838709677419355,5.047974711033055,14,337.0,0.1897267764992491,8,135.0,0.3431220844998236,22,472.0
5510.0,22,219.0,3.5901639344262297,6.045778197410953,15,307.0,0.24537664806974996,7,109.0,0.4567044823863432,22,416.0
5515.0,22,273.0,4.627118644067797,6.092778440734908,15,310.0,0.28432670520689907,7,147.0,0.462088314928035,22,457.0
5520.0,22,252.0,4.344827586206897,4.644173657266133,19,363.0,0.2164250244062281,3,118.0,0.46462504284419653,22,481.0
5525.0,27,322.0,5.4576271186440675,5.0282529721781115,21,405.0,0.2993383419380768,6,97.0,0.4449914542502978,27,502.0
5530.0,26,307.0,5.203389830508475,4.5539775080292015,20,448.0,0.2955791116630951,6,88.0,0.4308440142999204,26,536.0
5535.0,28,383.0,6.491525423728813,4.517950484776101,23,480.0,0.2149377697788564,5,87.0,0.5196693377789751,28,567.0
5540.0,33,423.0,6.714285714285714,4.015933435293481,26,519.0,0.1304254366520768,7,116.0,0.4121744663291699,33,635.0
5545.0,26,273.0,4.136363636363637,4.659570539101391,22,492.0,0.1532706431058386,4,76.0,0.37800792617561924,26,568.0
5550.0,24,323.0,5.126984126984127,5.265448061621539,17,481.0,0.22428028471054096,7,68.0,0.32296181296850957,24,549.0
5555.0,22,301.0,4.703125,5.515438361022075,16,493.0,0.22311987985851886,6,75.0,0.4258012970244592,22,568.0
5560.0,25,350.0,5.384615384615385,5.261722032297362,17,476.0,0.15540830669166666,8,85.0,0.40767860101412684,25,561.0
5565.0,28,329.0,5.140625,4.392627345149632,22,509.0,0.13877364717028326,6,84.0,0.4308745723946368,28,593.0
5570.0,30,388.0,5.969230769230769,5.4169150613587,22,513.0,0.23368211456682247,8,73.0,0.39926898136920613,30,586.0
5575.0,26,333.0,5.045454545454546,5.023722091968063,20,539.0,0.21747807884443898,6,65.0,0.37409622375733387,26,604.0
5580.0,31,416.0,6.4,5.228889498120183,23,531.0,0.18415367674722644,8,78.0,0.48140454809086314,31,609.0
5585.0,33,432.0,6.6461538461538465,4.4199075669214105,25,554.0,0.19886705084987144,8,101.0,0.47428701390312156,33,655.0
5590.0,24,312.0,4.8,4.5866895565425105,16,489.0,0.21875228659854717,8,112.0,0.3654629138489175,24,601.0
5595.0,23,365.0,5.2898550724637685,5.163540120620302,14,427.0,0.24593558538096594,9,133.0,0.32183563486229855,23,560.0
5600.0,18,386.0,5.361111111111111,5.895923400681202,11,407.0,0.26789336872945824,7,135.0,0.3441648681853023,18,542.0
5605.0,22,323.0,4.75,5.534151833415435,15,426.0,0.19807883743325974,7,107.0,0.3470151317478798,22,533.0
5610.0,32,329.0,4.984848484848484,5.119017997554994,21,424.0,0.1595115993524074,11,116.0,0.3717814295646939,32,540.0
5615.0,29,330.0,5.32258064516129,4.498331403864239,21,419.0,0.20368175423279056,8,142.0,0.3063998561053506,29,561.0
5620.0,33,410.0,6.833333333333333,3.662307180881194,22,449.0,0.12352753258473895,11,165.0,0.2808695013112992,33,614.0
5625.0,28,337.0,5.616666666666666,4.616669911719296,16,436.0,0.21482480945193305,12,166.0,0.1993224196781853,28,602.0
5630.0,21,343.0,5.813559322033898,5.822424432676772,10,431.0,0.31137095241705504,11,164.0,0.24695590205715418,21,595.0
5635.0,16,296.0,5.285714285714286,5.265562207696925,9,393.0,0.2953986772507782,7,138.0,0.21178672894702832,16,531.0
5640.0,25,378.0,7.132075471698113,4.675666565747251,16,392.0,0.24116144581813911,9,159.0,0.16556327440561144,25,551.0
5645.0,25,295.0,5.673076923076923,3.7912465441302263,16,357.0,0.17973717378915058,9,167.0,0.23465064828174612,25,524.0
5650.0,29,386.0,7.0181818181818185,4.595347932822845,22,403.0,0.15334370069648073,7,163.0,0.43994063830061186,29,566.0
5655.0,23,327.0,5.5423728813559325,5.807621336895552,19,440.0,0.2166447097511575,4,110.0,0.5538177371510179,23,550.0
5660.0,14,237.0,3.8225806451612905,7.096630869849287,10,390.0,0.3355706721800773,4,72.0,0.5211261589826875,14,462.0
5665.0,17,267.0,4.306451612903226,6.9802169241181735,9,341.0,0.41993947379455704,8,85.0,0.36901937036808824,17,426.0
5670.0,15,232.0,3.7419354838709675,6.225492619978173,8,321.0,0.3657643406879384,7,85.0,0.310964683888976,15,406.0
5675.0,19,274.0,4.566666666666666,5.779257608704067,14,331.0,0.2388036664851201,5,74.0,0.38270518529927633,19,405.0
5680.0,22,217.0,3.807017543859649,5.48930872690268,17,312.0,0.17100184576925456,5,86.0,0.5105521964377813,22,398.0
5685.0,22,239.0,4.425925925925926,5.674578924967833,17,274.0,0.22354419927061717,5,107.0,0.4592236122502686,22,381.0
5690.0,21,235.0,4.607843137254902,4.489986035730396,16,293.0,0.1834228930201053,5,102.0,0.421840572265146,21,395.0
5695.0,20,184.0,3.68,4.47122340831202,12,241.0,0.21323053182206114,8,118.0,0.28395044408830306,20,359.0
5700.0,19,219.0,4.132075471698113,5.3282658350932595,11,215.0,0.38560468761138555,8,126.0,0.14567715507682996,19,341.0
5705.0,16,265.0,4.907407407407407,5.965843544348281,11,237.0,0.2789354397455198,5,133.0,0.33205391975105863,16,370.0
5710.0,20,198.0,3.7358490566037736,5.303350239744505,16,253.0,0.1364558876772317,4,58.0,0.4267735279109676,20,311.0
5715.0,20,243.0,4.764705882352941,5.025085807413211,17,295.0,0.11713170541649,3,34.0,0.5974697210415552,20,329.0
5720.0,18,262.0,5.24,6.030206701273491,13,292.0,0.25726058220900616,5,55.0,0.5389932573853022,18,347.0
5725.0,13,186.0,3.795918367346939,5.499347845445672,10,292.0,0.26976195993674223,3,36.0,0.3417907675555831,13,328.0
5730.0,22,278.0,5.450980392156863,5.358709221341932,15,335.0,0.2221495661307655,7,52.0,0.35659020106538036,22,387.0
5735.0,20,312.0,6.36734693877551,5.106763886831161,15,376.0,0.24817968691407216,5,52.0,0.4240892016474586,20,428.0
5740.0,17,338.0,6.8979591836734695,5.908286901864857,11,362.0,0.2244144659243903,6,54.0,0.5182822431691999,17,416.0
5745.0,12,208.0,4.244897959183674,5.197863090259624,9,323.0,0.2064616302797414,3,52.0,0.3260983537753116,12,375.0
5750.0,23,215.0,3.9814814814814814,5.138567152765453,14,271.0,0.19583728973024295,9,66.0,0.3164478423892575,23,337.0
5755.0,23,226.0,4.431372549019608,5.383279919243137,16,294.0,0.2998516770661641,7,76.0,0.41906267094686334,23,370.0
5760.0,20,254.0,4.884615384615385,5.2190672344011,12,277.0,0.32362549099120175,8,104.0,0.3991323520011953,20,381.0
5765.0,19,213.0,3.736842105263158,4.831736727821837,11,276.0,0.3214795285178783,8,107.0,0.38854492909497146,19,383.0
5770.0,14,164.0,2.7333333333333334,6.21787630887553,8,229.0,0.3233873318188506,6,77.0,0.48701166445888944,14,306.0
5775.0,14,142.0,2.2903225806451615,5.81297370285636,11,251.0,0.22817415909384844,3,49.0,0.4782772745517394,14,300.0
5780.0,24,199.0,2.970149253731343,5.692905580935006,15,279.0,0.24788938914318775,9,50.0,0.3553135404102306,24,329.0
5785.0,21,262.0,4.09375,5.56049176344586,12,293.0,0.36199795429334075,9,80.0,0.33093010862091604,21,373.0
5790.0,22,324.0,5.4,5.613681868414079,11,283.0,0.37515098333748836,11,129.0,0.29563263897255937,22,412.0
5795.0,23,229.0,3.7540983606557377,4.628866739566286,14,264.0,0.20894954238285537,9,145.0,0.2444073509022528,23,409.0
5800.0,27,316.0,4.9375,4.918909902177281,21,296.0,0.12609966590741653,6,133.0,0.28257327514649144,27,429.0
5805.0,28,376.0,5.875,5.306686716282311,23,408.0,0.15440415571082494,5,112.0,0.4154150845802996,28,520.0
5810.0,26,435.0,7.25,5.252600613235834,20,477.0,0.1856886850867297,6,85.0,0.4618091744122255,26,562.0
5815.0,23,470.0,8.10344827586207,4.870989964733737,16,502.0,0.28027317045182304,7,90.0,0.21908331973798442,23,592.0
5820.0,24,492.0,8.065573770491802,4.851819925030624,18,540.0,0.18602108620323538,6,89.0,0.3062511685347394,24,629.0
5825.0,26,397.0,6.107692307692307,5.207001551171033,20,549.0,0.1801210740838439,6,64.0,0.4190579318885751,26,613.0
5830.0,27,454.0,6.984615384615385,5.715933402239073,20,587.0,0.27036090532284374,7,99.0,0.4658980840293958,27,686.0
5835.0,23,370.0,6.065573770491803,4.8955096151437365,19,517.0,0.26630306736900633,4,103.0,0.44999553017141736,23,620.0
5840.0,28,352.0,5.333333333333333,4.504779245062616,22,521.0,0.13562325379914186,6,117.0,0.4323319174255111,28,638.0
5845.0,32,376.0,5.611940298507463,4.6585290383368525,25,563.0,0.1164705726090502,7,127.0,0.4620430717648286,32,690.0
5850.0,27,360.0,5.070422535211268,5.578294280477445,19,559.0,0.2399029748885925,8,151.0,0.3581264084694355,27,710.0
5855.0,27,352.0,4.957746478873239,4.689360830718662,18,596.0,0.21000582833669393,9,111.0,0.3035942453608468,27,707.0
5860.0,35,482.0,6.694444444444445,5.142238354749086,22,627.0,0.2611197333665907,13,131.0,0.32013219140717863,35,758.0
5865.0,34,553.0,7.575342465753424,4.514176927772188,24,677.0,0.23485997720779692,10,154.0,0.32990427393087685,34,831.0
5870.0,29,634.0,8.805555555555555,5.081827030061262,21,684.0,0.2158710548665862,8,143.0,0.39332224707542146,29,827.0
5875.0,26,492.0,6.833333333333333,4.788272299706296,20,684.0,0.20505738051279582,6,103.0,0.27381079024154803,26,787.0
5880.0,30,496.0,6.985915492957746,5.149386167921818,21,684.0,0.17091232757511887,9,96.0,0.3447445204715557,30,780.0
5885.0,38,555.0,8.283582089552239,3.585640375883029,28,717.0,0.1266104161293639,10,101.0,0.2842319274701693,38,818.0
5890.0,32,446.0,6.757575757575758,3.8661399399537384,28,776.0,0.08601738007276855,4,97.0,0.42979680587348357,32,873.0
5895.0,31,431.0,6.338235294117647,4.671070178625313,25,747.0,0.1167338899002372,6,98.0,0.4945127473300181,31,845.0
5900.0,27,442.0,6.405797101449275,5.229552472396754,23,753.0,0.172894435069593,4,73.0,0.507185741991002,27,826.0
5905.0,30,444.0,6.0,4.643319618979716,21,780.0,0.17447307148899954,9,86.0,0.3950814196301718,30,866.0
5910.0,26,340.0,4.927536231884058,4.45487072633743,17,752.0,0.21087689368626777,9,86.0,0.2875632955517697,26,838.0
5915.0,32,381.0,5.602941176470588,4.179877977971764,18,688.0,0.26002578779517455,14,114.0,0.17666724002385295,32,802.0
5920.0,31,389.0,5.720588235294118,4.773022420011897,19,684.0,0.2556648475498749,12,150.0,0.3344122877478999,31,834.0
5925.0,30,403.0,6.396825396825397,4.014140350056813,24,726.0,0.10271072602911809,6,129.0,0.44261216729020236,30,855.0
5930.0,31,448.0,7.0,3.492076534649773,24,722.0,0.07044289604128304,7,157.0,0.3347844900466174,31,879.0
5935.0,31,489.0,7.1911764705882355,3.229322472275646,20,762.0,0.1266385294151971,11,191.0,0.19738255155462972,31,953.0
5940.0,27,498.0,7.217391304347826,4.212160619936134,14,721.0,0.2221448497222781,13,216.0,0.2287367268048968,27,937.0
5945.0,23,328.0,4.96969696969697,4.707164355483971,14,645.0,0.23603436033487749,9,200.0,0.23881485254477405,23,845.0
5950.0,27,288.0,4.235294117647059,5.016618152073608,20,598.0,0.1239368454335216,7,144.0,0.34203080220954535,27,742.0
5955.0,33,396.0,6.092307692307692,4.262747000810585,21,656.0,0.13299236132841857,12,167.0,0.2746837516065232,33,823.0
5960.0,26,451.0,7.158730158730159,5.061519979830637,14,666.0,0.2748176631970051,12,198.0,0.2859434154458609,26,864.0
5965.0,23,471.0,7.721311475409836,4.721395044263183,14,647.0,0.2146121056316604,9,206.0,0.25845340439505843,23,853.0
5970.0,29,382.0,6.063492063492063,4.13950275062274,18,581.0,0.1447366609797365,11,203.0,0.2578143014995865,29,784.0
5975.0,29,439.0,6.651515151515151,4.567065203808184,16,622.0,0.17893138349716806,13,215.0,0.3214783312604024,29,837.0
5980.0,22,475.0,7.3076923076923075,5.2039972769001865,12,614.0,0.25902239150684886,10,241.0,0.36649299240050714,22,855.0
5985.0,20,365.0,5.887096774193548,5.421635534827647,12,510.0,0.21658060888491612,8,246.0,0.418210773268886,20,756.0
5990.0,28,272.0,4.25,4.4767346307400135,17,494.0,0.1794229820180057,11,181.0,0.21329918420107374,28,675.0
5995.0,33,372.0,5.8125,4.312514001922473,19,495.0,0.16095106024740222,14,155.0,0.2663660770681171,33,650.0
6000.0,33,433.0,7.098360655737705,4.6258268806715765,17,448.0,0.24584977183320955,16,218.0,0.27760383264015615,33,666.0
6005.0,28,467.0,7.412698412698413,3.949564173690786,15,468.0,0.21742656265419827,13,256.0,0.28269530865330106,28,724.0
6010.0,26,411.0,6.2272727272727275,4.113192721839538,11,427.0,0.26565534768560023,15,288.0,0.20180668802756915,26,715.0
6015.0,27,322.0,4.878787878787879,4.689768136660455,10,355.0,0.381891831602291,17,308.0,0.17273997267497043,27,663.0
6020.0,28,293.0,4.3088235294117645,4.508778589907007,12,327.0,0.27281382301091567,16,330.0,0.2414076048207106,28,657.0
6025.0,29,299.0,4.6,4.090090412123072,18,337.0,0.13669060777816475,11,288.0,0.3048728256006642,29,625.0
6030.0,34,404.0,6.412698412698413,3.8421657603687005,20,334.0,0.10721922338163375,14,307.0,0.2810730175516064,34,641.0
6035.0,34,484.0,7.446153846153846,3.667262207271058,18,366.0,0.19732254301533123,16,328.0,0.19718466107851987,34,694.0
6040.0,27,400.0,6.349206349206349,4.1566787248830686,11,344.0,0.31561486553205437,16,335.0,0.21531435079967032,27,679.0
6045.0,28,382.0,5.876923076923077,4.175954871206838,10,329.0,0.2985827761161332,18,366.0,0.20429828273279646,28,695.0
6050.0,34,449.0,6.701492537313433,4.404939115492615,17,308.0,0.28146956532326434,17,413.0,0.15021744548002083,34,721.0
6055.0,27,472.0,7.375,4.371113388042488,15,335.0,0.24637896355301547,12,395.0,0.19254861532701834,27,730.0
6060.0,23,490.0,7.424242424242424,5.365731227903847,12,305.0,0.2372203141044154,11,392.0,0.29085986411674647,23,697.0
6065.0,24,554.0,8.935483870967742,5.637972765845233,11,321.0,0.290576012493655,13,399.0,0.25158293980566293,24,720.0
6070.0,29,428.0,7.133333333333334,4.6830693419683325,14,313.0,0.24626461989957218,15,343.0,0.18582313293013178,29,656.0
6075.0,27,357.0,5.95,4.887809980569119,11,283.0,0.33621057077120065,16,285.0,0.17312923778634734,27,568.0
6080.0,25,365.0,6.293103448275862,4.439750766069162,10,300.0,0.2983328480670381,15,300.0,0.25346975001851835,25,600.0
6085.0,26,410.0,6.721311475409836,5.44017903077279,16,353.0,0.2385051105944151,10,273.0,0.4097871510935503,26,626.0
6090.0,27,423.0,6.609375,5.203385033567738,17,394.0,0.16446753538274939,10,245.0,0.4256118738986007,27,639.0
6095.0,28,508.0,7.9375,5.637228540548556,15,429.0,0.2863509156930489,13,269.0,0.3621959479477562,28,698.0
6100.0,29,465.0,7.153846153846154,4.542378895112658,12,437.0,0.2937435685487842,17,275.0,0.25637622312375746,29,712.0
6105.0,26,436.0,6.707692307692308,4.654402940002307,9,375.0,0.24418046596320844,17,322.0,0.2551875434752748,26,697.0
6110.0,21,453.0,6.7611940298507465,4.713889654263337,6,364.0,0.31882712510092054,15,333.0,0.22046373725730745,21,697.0
6115.0,24,458.0,7.046153846153846,5.520639788318839,12,384.0,0.24634417733537572,12,316.0,0.30438312588624833,24,700.0
6120.0,27,237.0,3.8225806451612905,4.699900514158772,16,278.0,0.19502007655500858,11,248.0,0.32293427664443364,27,526.0
6125.0,31,326.0,5.015384615384615,4.324620915841614,17,255.0,0.2294942284184558,14,240.0,0.21351197574035177,31,495.0
6130.0,29,387.0,6.142857142857143,3.906845155658847,13,262.0,0.30882762887905213,16,276.0,0.21031386392783866,29,538.0
6135.0,18,298.0,4.584615384615384,4.9790687256105235,6,200.0,0.33762457086015085,12,283.0,0.22740339077881358,18,483.0
6140.0,18,246.0,3.9047619047619047,4.957933174807448,6,137.0,0.3526442296703412,12,303.0,0.19828831390584714,18,440.0
6145.0,26,279.0,4.102941176470588,5.0147926136812515,10,164.0,0.33775069438814553,16,309.0,0.15359393218988604,26,473.0
6150.0,31,365.0,5.367647058823529,4.19080876793648,14,181.0,0.25436358098867556,17,359.0,0.2111313205219913,31,540.0
6155.0,20,391.0,6.109375,5.546219552363092,10,177.0,0.29290702097598553,10,368.0,0.3089388292064572,20,545.0
6160.0,20,224.0,3.343283582089552,5.154980123903189,11,170.0,0.21885266879988033,9,288.0,0.2439576512519251,20,458.0
6165.0,33,304.0,4.537313432835821,4.784143873868055,16,188.0,0.2150041744225553,17,289.0,0.19645288460600097,33,477.0
6170.0,32,377.0,5.8,4.4230008033728465,16,231.0,0.24167615773741102,16,336.0,0.24994114991674377,32,567.0
6175.0,28,476.0,7.67741935483871,4.591862946127644,17,295.0,0.22580914910314104,11,345.0,0.29984798618715663,28,640.0
6180.0,29,493.0,7.951612903225806,4.068436589604742,18,315.0,0.16167326815512484,11,345.0,0.24508481730064688,29,660.0
6185.0,20,382.0,6.262295081967213,5.1036588388392055,9,296.0,0.22216735183141476,11,329.0,0.27181568032030023,20,625.0
6190.0,24,291.0,4.932203389830509,4.006993774418473,12,303.0,0.20546202614514883,12,298.0,0.16425961765801783,24,601.0
6195.0,28,301.0,4.934426229508197,4.179165945109085,13,315.0,0.224619397796204,15,250.0,0.18433352004560066,28,565.0
6200.0,29,349.0,5.915254237288136,4.081658514841302,14,332.0,0.2394740231386233,15,273.0,0.2935916460400693,29,605.0
6205.0,19,341.0,5.683333333333334,5.169162795447002,10,303.0,0.30745886403696737,9,251.0,0.28713276738543897,19,554.0
6210.0,20,219.0,3.5901639344262297,4.92938577906112,8,238.0,0.20311970091749912,12,262.0,0.23403077438471992,20,500.0
6215.0,29,271.0,4.301587301587301,5.32916346577021,16,233.0,0.19702189004751666,13,249.0,0.21376806475886231,29,482.0
6220.0,26,347.0,6.087719298245614,4.755373859324349,14,265.0,0.19690008956500735,12,278.0,0.2735982186768428,26,543.0
6225.0,27,423.0,7.421052631578948,4.868531325187331,10,259.0,0.2899989045414339,17,341.0,0.19325459436287504,27,600.0
6230.0,21,359.0,6.298245614035087,4.584087340301946,7,220.0,0.32448651422766334,14,356.0,0.15936435674017088,21,576.0
6235.0,24,380.0,6.666666666666667,5.656821916926143,12,226.0,0.29871026652261895,12,325.0,0.2870893586897707,24,551.0
6240.0,25,365.0,6.4035087719298245,5.208808296204155,14,218.0,0.2365956504762853,11,317.0,0.2828366224743927,25,535.0
6245.0,23,349.0,6.017241379310345,5.69378743486153,12,192.0,0.26477266862138904,11,305.0,0.3177924398190061,23,497.0
6250.0,20,183.0,3.1016949152542375,5.034249289683734,10,186.0,0.2733837272977307,10,228.0,0.29682177582171493,20,414.0
6255.0,19,183.0,3.210526315789474,6.090663073645869,7,139.0,0.4673058248490463,12,210.0,0.2622501153809528,19,349.0
6260.0,20,138.0,2.3389830508474576,5.17901520989062,5,103.0,0.41119922509703744,15,224.0,0.12955658109146498,20,327.0
6265.0,19,161.0,2.596774193548387,6.307829775783195,10,101.0,0.4431704419317783,9,222.0,0.25612061105233636,19,323.0
6270.0,18,184.0,3.066666666666667,5.434404104349946,8,101.0,0.3606237356841477,10,222.0,0.26746323750922973,18,323.0
6275.0,19,195.0,3.305084745762712,5.898915095113969,9,117.0,0.36750821761780567,10,197.0,0.31930107269788993,19,314.0
6280.0,25,193.0,3.216666666666667,4.676225667292172,13,135.0,0.2254835277921272,12,203.0,0.268495273336947,25,338.0
6285.0,28,286.0,4.766666666666667,4.657245557798242,14,169.0,0.2125771543159691,14,249.0,0.23495142205531064,28,418.0
6290.0,30,315.0,5.338983050847458,4.193357513634648,15,217.0,0.2806789010994976,15,273.0,0.2162831620738924,30,490.0
6295.0,22,340.0,5.666666666666667,5.692152168585385,14,254.0,0.32610272660030254,8,242.0,0.29299024148084146,22,496.0
6300.0,24,339.0,5.380952380952381,5.382365730326982,14,282.0,0.2611870344476841,10,223.0,0.31844418892124493,24,505.0
6305.0,21,296.0,4.625,5.881302774165193,11,262.0,0.3297641964955302,10,186.0,0.29161958221646095,21,448.0
6310.0,23,277.0,4.396825396825397,4.994603112328265,12,295.0,0.35663687260714405,11,170.0,0.16642739027959305,23,465.0
6315.0,26,351.0,5.318181818181818,5.045233808836853,12,325.0,0.3013055064909874,14,204.0,0.2531475880183371,26,529.0
6320.0,26,280.0,4.17910447761194,4.257493902281668,15,322.0,0.2061692387466476,11,206.0,0.3568437991894108,26,528.0
6325.0,24,219.0,3.3181818181818183,4.841459049197599,18,348.0,0.17585390416832455,6,155.0,0.44309892308676685,24,503.0
6330.0,28,230.0,3.484848484848485,3.9000998885625084,22,384.0,0.08254062955178725,6,135.0,0.34464254113998344,28,519.0
6335.0,28,241.0,3.765625,4.125257554304959,17,397.0,0.15165032521092034,11,131.0,0.1892825218891015,28,528.0
6340.0,30,324.0,4.909090909090909,3.9086885587681497,17,418.0,0.15692180714111967,13,143.0,0.1957593936617645,30,561.0
6345.0,28,373.0,5.651515151515151,4.72803063609832,22,455.0,0.16798537046342019,6,123.0,0.337724956793393,28,578.0
6350.0,27,433.0,6.873015873015873,4.591470054890222,22,527.0,0.14845729831493124,5,100.0,0.3760824100840527,27,627.0
6355.0,29,525.0,8.46774193548387,4.419580117480939,16,546.0,0.19295146671731575,13,140.0,0.2007989299756965,29,686.0
6360.0,29,506.0,8.161290322580646,3.597852413630441,17,519.0,0.12602803405014243,12,174.0,0.13804602750093276,29,693.0
6365.0,27,582.0,9.387096774193548,4.697918143611054,20,548.0,0.1211104362985119,7,167.0,0.34837541211080036,27,715.0
6370.0,26,515.0,8.728813559322035,5.29217883656177,21,585.0,0.20436033536072587,5,133.0,0.4422682034397051,26,718.0
6375.0,25,405.0,6.864406779661017,5.301494038844451,16,561.0,0.29282484691378213,9,123.0,0.35024794666719644,25,684.0
6380.0,24,349.0,5.915254237288136,4.757265792943691,15,537.0,0.23458155024782334,9,141.0,0.37093566903651204,24,678.0
6385.0,23,350.0,5.932203389830509,5.102126068061742,18,547.0,0.13854906541401127,5,139.0,0.5234314094184545,23,686.0
6390.0,19,231.0,3.9827586206896552,4.241365232708203,15,517.0,0.1275870466124346,4,98.0,0.31399457466693576,19,615.0
6395.0,24,222.0,3.7,5.039647124295502,13,529.0,0.23708959039537705,11,98.0,0.25973473123670554,24,627.0
6400.0,25,277.0,4.694915254237288,5.4055593830728235,15,503.0,0.271295305078278,10,130.0,0.2549152416556383,25,633.0
6405.0,20,300.0,5.084745762711864,5.87856410589286,16,519.0,0.20662708341345168,4,114.0,0.45902535556633334,20,633.0
6410.0,22,266.0,4.508474576271187,5.664871494892044,17,472.0,0.2442531095355095,5,85.0,0.37944127052461535,22,557.0
6415.0,24,262.0,4.225806451612903,5.556925281710994,14,485.0,0.2809014680750991,10,109.0,0.398233330986667,24,594.0
6420.0,29,347.0,5.783333333333333,4.806920266125707,18,505.0,0.22900712063689413,11,136.0,0.4276221438506887,29,641.0
6425.0,30,387.0,6.142857142857143,4.318188996089797,19,528.0,0.18122946686265212,11,174.0,0.40208868281789534,30,702.0
6430.0,23,285.0,4.1911764705882355,5.0085233835794805,12,465.0,0.3105645911325979,11,182.0,0.2805700153601758,23,647.0
6435.0,18,239.0,3.621212121212121,5.757040888023682,12,424.0,0.30384434863635246,6,160.0,0.3043834968632333,18,584.0
6440.0,22,154.0,2.2318840579710146,5.065585557938186,15,357.0,0.13363976021288973,7,105.0,0.3623608825054677,22,462.0
6445.0,29,233.0,3.3285714285714287,4.758680116672468,18,377.0,0.1399026638623366,11,133.0,0.4097050694135709,29,510.0
6450.0,25,261.0,3.782608695652174,5.096488041157089,14,346.0,0.23151303710495957,11,151.0,0.35993510913783805,25,497.0
6455.0,33,392.0,5.36986301369863,4.887322995727752,15,397.0,0.28488130219647356,18,211.0,0.24877469599799332,33,608.0
6460.0,34,471.0,6.4520547945205475,4.600507214505059,16,421.0,0.28906550814292425,18,252.0,0.23471302796873755,34,673.0
6465.0,33,398.0,5.527777777777778,4.510005046481228,19,408.0,0.1970946574789979,14,236.0,0.3097191822600543,33,644.0
6470.0,36,456.0,6.162162162162162,4.196674022206829,22,460.0,0.13426962438352608,14,271.0,0.27706418125375165,36,731.0
6475.0,38,489.0,6.52,4.230387534300632,21,487.0,0.20307015494286396,17,287.0,0.24678113785959868,38,774.0
6480.0,38,468.0,6.077922077922078,4.05830223628981,19,494.0,0.27286692579125627,19,320.0,0.24275806228862784,38,814.0
6485.0,40,493.0,6.2405063291139244,4.377609032572531,17,453.0,0.2536059469053419,23,376.0,0.30189505281588785,40,829.0
6490.0,34,390.0,4.936708860759493,3.985152262102545,13,377.0,0.24634489941717294,21,407.0,0.24545963098547785,34,784.0
6495.0,32,393.0,4.851851851851852,4.400427138885153,11,313.0,0.27392079220436705,21,387.0,0.1709821556628112,32,700.0
6500.0,25,305.0,3.8125,4.782293103120564,10,258.0,0.27464218460191764,15,414.0,0.18839703623222417,25,672.0
6505.0,35,405.0,5.0,4.798067982812535,16,267.0,0.21207640407422834,19,430.0,0.1904713998277117,35,697.0
6510.0,39,534.0,6.7594936708860756,4.029529219615038,15,305.0,0.22395914869062333,24,486.0,0.2010934590319922,39,791.0
6515.0,29,594.0,8.027027027027026,4.452575366941195,9,313.0,0.2507621301402188,20,508.0,0.21201664624628477,29,821.0
6520.0,27,510.0,6.8,4.325571377017734,9,270.0,0.22931315058028512,18,512.0,0.19023954484760602,27,782.0
6525.0,35,536.0,6.784810126582278,4.476608103092584,14,306.0,0.24509003544017158,21,535.0,0.22153973899114193,35,841.0
6530.0,38,658.0,8.657894736842104,4.19812719620016,12,340.0,0.3792337198207171,26,611.0,0.16752218118423146,38,951.0
6535.0,29,719.0,9.849315068493151,4.982128333128018,7,334.0,0.4761745128851798,22,655.0,0.1464038491731326,29,989.0
6540.0,28,551.0,7.346666666666667,4.180738710155013,9,240.0,0.29277098337826774,19,646.0,0.1291950594817986,28,886.0
6545.0,32,374.0,4.921052631578948,4.440337665534129,12,175.0,0.2788357734280518,20,606.0,0.13426080072607322,32,781.0
6550.0,32,305.0,4.236111111111111,4.500733785841161,12,209.0,0.3522388439495035,20,622.0,0.1464656469159134,32,831.0
6555.0,33,389.0,5.557142857142857,4.647591234717658,10,220.0,0.3171781895579713,23,616.0,0.14750173919018222,33,836.0
6560.0,33,413.0,5.657534246575342,3.943254058821959,12,228.0,0.25458449450589243,21,666.0,0.14522587419651795,33,894.0
6565.0,29,439.0,6.183098591549296,5.590376700665519,15,253.0,0.2812245204929844,14,658.0,0.308149749515005,29,911.0
6570.0,31,477.0,6.913043478260869,4.648907364041259,16,294.0,0.21540856965012167,15,653.0,0.27691532976525185,31,947.0
6575.0,26,405.0,5.869565217391305,4.815340483261291,9,311.0,0.23498337105730635,17,606.0,0.18577173137881903,26,917.0
6580.0,29,415.0,6.384615384615385,3.860637016137081,11,281.0,0.24357394145479538,18,619.0,0.13458691692385666,29,900.0
6585.0,35,397.0,5.671428571428572,3.6273925942639584,15,286.0,0.20469256112105477,20,583.0,0.17809425735177642,35,869.0
6590.0,34,343.0,4.763888888888889,3.8666791531778824,15,243.0,0.3224346291538151,19,601.0,0.22778757449748036,34,844.0
6595.0,28,341.0,4.736111111111111,5.051221206466043,15,266.0,0.335091170489414,13,565.0,0.3148990518180027,28,831.0
6600.0,28,390.0,5.2,4.381145307426348,14,290.0,0.3000218269230711,14,567.0,0.21221625966115254,28,857.0
6605.0,33,407.0,5.5,4.080475154639835,12,261.0,0.25382888862261477,21,543.0,0.13871254370549158,33,804.0
6610.0,34,505.0,7.112676056338028,4.090270452563656,11,241.0,0.30365718105898803,23,590.0,0.11050690792913108,34,831.0
6615.0,27,469.0,7.0,4.074084064769631,9,181.0,0.2878198999009011,18,608.0,0.09331036673100473,27,789.0
6620.0,25,484.0,7.5625,4.708350921130256,10,172.0,0.2138599124027071,15,590.0,0.24199352500961022,25,762.0
6625.0,28,380.0,5.846153846153846,4.748489416093052,12,163.0,0.2652005591461936,16,531.0,0.23826294962089484,28,694.0
6630.0,29,310.0,4.84375,3.9644527411834596,14,193.0,0.23316129840783537,15,503.0,0.21652878165928244,29,696.0
6635.0,32,346.0,5.40625,3.965960264720653,11,219.0,0.3283191210129633,21,469.0,0.1488703200808066,32,688.0
6640.0,28,340.0,5.151515151515151,4.380026547668459,7,174.0,0.3986236021980813,21,520.0,0.1085003149871559,28,694.0
6645.0,22,282.0,4.338461538461538,5.188458976431122,6,174.0,0.3049803287128078,16,514.0,0.2248108327465579,22,688.0
6650.0,23,309.0,4.611940298507463,5.162822132051313,12,195.0,0.1449842430591508,11,476.0,0.31040832514456607,23,671.0
6655.0,29,330.0,5.0,4.48734224332423,13,221.0,0.26002196459462357,16,428.0,0.22952435110176408,29,649.0
6660.0,23,362.0,5.838709677419355,4.332044290854224,6,207.0,0.3924317564727438,17,428.0,0.1455529867805643,23,635.0
6665.0,20,258.0,3.9692307692307693,4.648629953644548,3,102.0,0.4266203841991523,17,449.0,0.15765939743903906,20,551.0
6670.0,19,250.0,3.7313432835820897,5.705868540214524,8,82.0,0.3475804724621834,11,419.0,0.2684216789119941,19,501.0
6675.0,29,337.0,4.814285714285714,4.915551397345992,17,146.0,0.22266186916826758,12,435.0,0.29724681441032297,29,581.0
6680.0,33,463.0,6.614285714285714,4.289388808887406,18,234.0,0.27424439974915077,15,460.0,0.21000894521971716,33,694.0
6685.0,36,521.0,7.661764705882353,3.0358510307052016,18,276.0,0.2629548204563361,18,482.0,0.11911339988916077,36,758.0
6690.0,31,580.0,8.055555555555555,3.965715821997231,16,304.0,0.2928731937249715,15,468.0,0.11482536114009764,31,772.0
6695.0,28,482.0,6.602739726027397,4.498969913134793,15,305.0,0.24505668729427962,13,445.0,0.21469894526050376,28,750.0
6700.0,30,441.0,5.95945945945946,5.26902060168678,11,246.0,0.33710950383590355,19,499.0,0.20478124897318117,30,745.0
6705.0,35,537.0,7.671428571428572,3.9676516190033126,14,282.0,0.28524676857376197,21,567.0,0.17338272804981666,35,849.0
6710.0,37,606.0,8.301369863013699,3.5984132090446552,17,333.0,0.18174044972971135,20,608.0,0.23116110030196607,37,941.0
6715.0,38,501.0,6.77027027027027,3.5985095957046784,19,377.0,0.14143248932857638,19,581.0,0.3063340241772621,38,958.0
6720.0,41,531.0,6.8076923076923075,3.664701243883137,21,420.0,0.17758156520437404,20,515.0,0.2536122665782341,41,935.0
6725.0,45,565.0,6.890243902439025,3.4362347717152764,22,448.0,0.19720388852566328,23,536.0,0.21992736162975937,45,984.0
6730.0,34,389.0,4.802469135802469,3.8514829226347587,14,395.0,0.17672709066829978,20,497.0,0.20080575977064208,34,892.0
6735.0,29,407.0,4.963414634146342,4.474605477874547,12,355.0,0.18335384624170795,17,527.0,0.19837911908288128,29,882.0
6740.0,28,405.0,5.0,5.152615519615204,10,343.0,0.3090800637083182,18,512.0,0.11072842017552781,28,855.0
6745.0,30,384.0,4.987012987012987,4.423371383083203,9,322.0,0.2923231070556431,21,544.0,0.14036796382747588,30,866.0
6750.0,36,510.0,6.891891891891892,3.9001081472657972,14,358.0,0.2516537749587178,22,565.0,0.18196365793289884,36,923.0
6755.0,32,552.0,7.666666666666667,3.7408977131279215,10,360.0,0.28290561581641815,22,580.0,0.1420188388790577,32,940.0
6760.0,29,525.0,7.094594594594595,4.255497272996618,13,373.0,0.22904665898134297,16,528.0,0.16262484366189758,29,901.0
6765.0,28,451.0,6.094594594594595,4.63545750381667,14,369.0,0.22532244618998473,14,480.0,0.19539539791773863,28,849.0
6770.0,35,544.0,7.351351351351352,4.244199603294618,17,423.0,0.2618077027411336,18,443.0,0.15737382045433856,35,866.0
6775.0,33,594.0,8.027027027027026,4.475494193558558,13,439.0,0.2736280473505888,20,478.0,0.21055576216043054,33,917.0
6780.0,30,381.0,5.0131578947368425,4.6276165837080026,11,329.0,0.26081558245857633,19,481.0,0.23760963288942158,30,810.0
6785.0,31,402.0,5.0886075949367084,5.0151850748852835,15,299.0,0.21051844347881357,16,479.0,0.3295211179845801,31,778.0
6790.0,29,282.0,3.810810810810811,4.604173414243822,17,279.0,0.1824716242173759,12,390.0,0.32990202362277277,29,669.0
6795.0,31,330.0,4.647887323943662,4.328270401846763,18,307.0,0.14764091839743043,13,373.0,0.2333418800757507,31,680.0
6800.0,37,406.0,5.71830985915493,3.6871440040539305,19,346.0,0.09000737527535678,18,404.0,0.2118940802747381,37,750.0
6805.0,28,370.0,5.36231884057971,3.9425991643204905,9,335.0,0.20713920315401332,19,421.0,0.12439171537297646,28,756.0
6810.0,29,430.0,6.515151515151516,4.448484194269508,9,317.0,0.34805013035707827,20,468.0,0.09379378561911686,29,785.0
6815.0,23,462.0,6.695652173913044,5.265772099208539,7,304.0,0.33271465876645945,16,480.0,0.12857349047909908,23,784.0
6820.0,26,452.0,6.647058823529412,5.181400352153093,12,345.0,0.2491586720893921,14,476.0,0.2435363591010798,26,821.0
6825.0,29,345.0,5.390625,4.807729698925191,10,301.0,0.36028397757689135,19,484.0,0.22056921999100937,29,785.0
6830.0,33,410.0,6.212121212121212,4.421808358240731,13,231.0,0.3626892399642334,20,542.0,0.2000520208571826,33,773.0
6835.0,27,448.0,6.787878787878788,4.909657514172446,10,232.0,0.3560475734310949,17,563.0,0.2513971344280529,27,795.0
6840.0,22,336.0,5.014925373134329,4.9384257288001585,6,199.0,0.24934532010770882,16,549.0,0.25279185200899773,22,748.0
6845.0,30,361.0,5.231884057971015,4.759172936421703,9,178.0,0.24657791516765112,21,567.0,0.20631264170936411,30,745.0
6850.0,34,479.0,7.149253731343284,4.604957211808074,12,164.0,0.26677131639066753,22,639.0,0.192984610324478,34,803.0
6855.0,28,539.0,8.044776119402986,4.2026413035238726,10,185.0,0.18674051367169497,18,674.0,0.21987822933952111,28,859.0
6860.0,25,543.0,8.104477611940299,4.622971044897444,5,175.0,0.2282078434884008,20,695.0,0.2265168117862489,25,870.0
6865.0,26,566.0,7.971830985915493,5.057068150148695,6,147.0,0.38841615517338035,20,691.0,0.17461724854034272,26,838.0
6870.0,27,541.0,8.074626865671641,5.7966439263776595,5,156.0,0.5730028664858454,22,671.0,0.19809081602211298,27,827.0
6875.0,30,339.0,5.136363636363637,4.82371857810314,5,141.0,0.512284636057817,25,609.0,0.1335724599266005,30,750.0
6880.0,29,401.0,6.467741935483871,4.173104308271326,6,115.0,0.3732016614476883,23,661.0,0.17245164235303448,29,776.0
6885.0,32,506.0,7.90625,3.6826167820762277,9,155.0,0.32740878140425717,23,654.0,0.1764444574591729,32,809.0
6890.0,30,562.0,8.388059701492537,3.7280582190735134,7,179.0,0.3437997070183172,23,691.0,0.15512394869773832,30,870.0
6895.0,32,556.0,7.722222222222222,4.847139622926373,7,169.0,0.4232571087891124,25,723.0,0.192268669990243,32,892.0
6900.0,23,266.0,3.6944444444444446,5.605803270679606,4,55.0,0.49848316955336797,19,667.0,0.18586719034532911,23,722.0
6905.0,28,293.0,4.013698630136986,5.008962045044157,9,69.0,0.3110878261183651,19,687.0,0.23357017338662692,28,756.0
6910.0,27,280.0,3.888888888888889,4.490747507206368,9,93.0,0.3058418581063405,18,666.0,0.21722265241558794,27,759.0
6915.0,30,370.0,5.606060606060606,4.027805811687704,8,107.0,0.3778301278747728,22,725.0,0.17159605735647995,30,832.0
6920.0,35,420.0,6.363636363636363,3.7607897852473915,6,114.0,0.34446417047731215,29,787.0,0.11509453397008748,35,901.0
6925.0,34,496.0,7.75,3.8788408005342014,6,81.0,0.42205087777166134,28,833.0,0.0778281129365492,34,914.0
6930.0,30,469.0,7.328125,3.8797197947964315,7,91.0,0.2865490487784375,23,776.0,0.1068109924248272,30,867.0
6935.0,23,485.0,7.698412698412699,5.122395711667652,6,104.0,0.3480595959665294,17,752.0,0.21621392104347417,23,856.0
6940.0,22,300.0,4.761904761904762,5.654647363776309,7,58.0,0.3851740257772319,15,694.0,0.26150604627756235,22,752.0
6945.0,27,351.0,5.484375,5.230884500198603,8,88.0,0.4201014592956602,19,625.0,0.1895261978803868,27,713.0
6950.0,30,337.0,5.711864406779661,4.2794232467321764,6,86.0,0.4090523112860555,24,636.0,0.17057108509443314,30,722.0
6955.0,28,324.0,5.491525423728813,4.577609456529533,7,70.0,0.4055002145535244,21,630.0,0.17345713733896906,28,700.0
6960.0,29,392.0,6.758620689655173,4.454274870533433,8,94.0,0.4073436105699863,21,652.0,0.13984961971406062,29,746.0
6965.0,23,305.0,5.169491525423729,4.923786375900555,7,100.0,0.37238512333628104,16,586.0,0.15330058626267415,23,686.0
6970.0,21,334.0,5.566666666666666,5.221833466303158,6,98.0,0.3859746979005914,15,616.0,0.20037764933657765,21,714.0
6975.0,28,416.0,6.603174603174603,5.463953991146176,7,107.0,0.4001449769229815,21,677.0,0.24093240472935668,28,784.0
6980.0,30,458.0,7.508196721311475,5.24612274856234,9,145.0,0.3919233750999918,21,719.0,0.2865486450522182,30,864.0
6985.0,27,372.0,6.2,4.217849242054501,6,135.0,0.4162931950133076,21,697.0,0.19473040026128186,27,832.0
6990.0,33,450.0,7.258064516129032,3.9656126889877537,11,140.0,0.37518817398782883,22,708.0,0.18396283400117713,33,848.0
6995.0,21,338.0,5.451612903225806,4.032600194811441,6,123.0,0.3640672522196933,15,626.0,0.16721418706696217,21,749.0
7000.0,25,292.0,4.492307692307692,4.5358627400534886,8,83.0,0.32396146612684207,17,548.0,0.13528911599217194,25,631.0
7005.0,23,201.0,3.2419354838709675,5.089506308080876,6,60.0,0.47665616345091427,17,505.0,0.08752462874122448,23,565.0
7010.0,28,258.0,4.607142857142857,4.503618097092484,8,97.0,0.46976435197796923,20,533.0,0.06856138734277104,28,630.0
7015.0,29,275.0,5.0,3.096228921101882,10,114.0,0.3047134802538987,19,546.0,0.036404845492289076,29,660.0
7020.0,31,336.0,6.109090909090909,3.063480555729515,12,129.0,0.2632980686527316,19,555.0,0.10244727629706561,31,684.0
7025.0,22,238.0,4.666666666666667,4.564617895317605,10,132.0,0.31986939847649676,12,507.0,0.231219602752091,22,639.0
7030.0,23,299.0,5.75,4.995010122806828,11,137.0,0.2614056569499943,12,472.0,0.274086823560086,23,609.0
7035.0,21,292.0,5.615384615384615,4.256626220042249,11,170.0,0.24437096173928444,10,415.0,0.2339766656008095,21,585.0
7040.0,27,377.0,7.25,4.206698543772844,14,226.0,0.3173427654873654,13,444.0,0.20386464840853327,27,670.0
7045.0,26,346.0,6.784313725490196,4.035718168812498,10,212.0,0.3627623124014044,16,442.0,0.20590678017408803,26,654.0
7050.0,19,275.0,5.288461538461538,4.16712431505309,5,142.0,0.39122826647659004,14,446.0,0.1468036071249011,19,588.0
7055.0,15,206.0,3.7454545454545456,4.855213839732781,5,112.0,0.2729743529944946,10,389.0,0.2362806252028748,15,501.0
7060.0,21,297.0,5.60377358490566,5.817968075125882,12,157.0,0.19961069856455066,9,377.0,0.3712740784448975,21,534.0
7065.0,23,238.0,4.490566037735849,5.022479805820011,15,174.0,0.08469122924205655,8,282.0,0.3389718978928123,23,456.0
7070.0,19,285.0,6.0638297872340425,5.492961560098362,9,153.0,0.28152094833008523,10,322.0,0.32217373403873134,19,475.0
7075.0,15,287.0,6.1063829787234045,5.107455827578776,6,132.0,0.39305716282560005,9,344.0,0.15011703616708197,15,476.0
7080.0,16,329.0,6.714285714285714,6.605824857404515,7,138.0,0.5088840664786399,9,372.0,0.18384845241592546,16,510.0
7085.0,15,213.0,4.4375,6.321115834677141,6,94.0,0.4532285570137892,9,331.0,0.26291966267109135,15,425.0
7090.0,19,197.0,3.94,5.989529171841123,13,115.0,0.2945414485875517,6,217.0,0.34994562585132166,19,332.0
7095.0,16,117.0,2.3877551020408165,5.699063188952598,12,136.0,0.2827541747397006,4,149.0,0.3949815382791936,16,285.0
7100.0,15,95.0,1.9791666666666667,5.738380997352022,7,117.0,0.31992562398018765,8,115.0,0.30374509430414154,15,232.0
7105.0,12,100.0,2.0408163265306123,5.539938114513408,5,118.0,0.33851030886568395,7,87.0,0.29855822945372196,12,205.0
7110.0,25,191.0,3.7450980392156863,5.679093765251931,14,151.0,0.28008119077543,11,119.0,0.39455696395104844,25,270.0
7115.0,21,187.0,3.5961538461538463,5.036538220006474,13,183.0,0.21281260052889753,8,117.0,0.4463273379672787,21,300.0
7120.0,12,142.0,2.730769230769231,5.909993924571897,6,161.0,0.18527193178018897,6,69.0,0.5185251657612392,12,230.0
7125.0,11,115.0,2.169811320754717,6.305370197049588,5,144.0,0.3162886361258092,6,85.0,0.38395119141727974,11,229.0
7130.0,23,203.0,3.690909090909091,6.288017520106817,13,175.0,0.2524281220268009,10,124.0,0.33212300096131014,23,299.0
7135.0,25,258.0,4.961538461538462,5.009942015718632,15,240.0,0.26490490211078827,10,139.0,0.25207048133837945,25,379.0
7140.0,24,308.0,6.285714285714286,4.071324153314602,13,265.0,0.30239449841723987,11,152.0,0.1506687468482424,24,417.0
7145.0,19,256.0,5.224489795918367,4.684366067846373,9,227.0,0.4430853296000406,10,153.0,0.04169958186593078,19,380.0
7150.0,15,280.0,5.833333333333333,6.506590061446044,9,201.0,0.46570832714981686,6,113.0,0.24687672842257866,15,314.0
7155.0,14,206.0,4.291666666666667,6.063913378616024,9,188.0,0.3621765887742428,5,88.0,0.27057482489301754,14,276.0
7160.0,15,243.0,5.170212765957447,7.118466952987723,10,214.0,0.34282932320804144,5,76.0,0.45719458752304315,15,290.0
7165.0,13,120.0,2.6666666666666665,6.128771881450651,11,160.0,0.21528448119651075,2,62.0,0.5884017788586766,13,222.0
7170.0,16,147.0,3.2666666666666666,6.0755485463761465,11,153.0,0.22609919360871356,5,50.0,0.4817015521490713,16,203.0
7175.0,10,117.0,2.659090909090909,6.389397120153094,8,154.0,0.2806852847860925,2,55.0,0.564983513270862,10,209.0
7180.0,12,111.0,2.3617021276595747,7.208426264360479,8,122.0,0.3851621492150532,4,57.0,0.4330709133254036,12,179.0
7185.0,11,86.0,1.8695652173913044,6.5649577771695125,8,142.0,0.41017846910040345,3,26.0,0.4122850658748572,11,168.0
7190.0,18,160.0,3.2,6.286682348459963,12,186.0,0.3238255737399516,6,48.0,0.3819901868385698,18,234.0
7195.0,16,161.0,3.22,5.873620740042988,14,205.0,0.26322824146866686,2,39.0,0.559362044281297,16,244.0
7200.0,14,164.0,3.4166666666666665,6.667228603772398,11,223.0,0.23524321119473182,3,19.0,0.6533612214336817,14,242.0
