step,system_total_stopped,system_total_waiting_time,system_mean_waiting_time,system_mean_speed,J17_stopped,J17_accumulated_waiting_time,J17_average_speed,J18_stopped,J18_accumulated_waiting_time,J18_average_speed,agents_total_stopped,agents_total_accumulated_waiting_time
5.0,1,0.0,0.0,2.010856788000092,0,0.0,1.0,1,0.0,0.13378625554702558,1,0.0
10.0,0,0.0,0.0,7.942792917722535,0,0.0,0.4976722657476178,0,0.0,0.6731849324622146,0,0.0
15.0,1,0.0,0.0,9.740437565195354,0,0.0,0.7703620217201361,1,0.0,0.6654465289909387,1,0.0
20.0,0,0.0,0.0,10.264849152664633,0,0.0,0.8145749616950893,0,0.0,0.7727362241658158,0,0.0
25.0,0,0.0,0.0,8.05496432782702,0,0.0,0.5445728261929773,0,0.0,0.6570595645596272,0,0.0
30.0,6,16.0,0.8,7.517849916526376,5,11.0,0.4839242043365182,1,5.0,0.6312516717822824,6,16.0
35.0,5,39.0,1.6956521739130435,7.122445281876167,3,26.0,0.5126215855871259,2,13.0,0.47698883267475595,5,39.0
40.0,9,75.0,3.0,6.3164698265192145,5,45.0,0.41589507851606355,4,30.0,0.4530649031509785,9,75.0
45.0,8,69.0,2.3793103448275863,5.7753915891115755,3,44.0,0.28510980876015113,5,32.0,0.49249910904068767,8,76.0
50.0,11,112.0,3.393939393939394,6.434010064384415,6,63.0,0.328442172466318,5,52.0,0.3916180143370062,11,115.0
55.0,9,93.0,2.8181818181818183,7.01918795714647,4,56.0,0.5299098802609058,5,45.0,0.3785038167665832,9,101.0
60.0,12,145.0,4.264705882352941,7.805270745312976,4,82.0,0.6038934537750438,8,75.0,0.3156005618044603,12,157.0
65.0,13,163.0,5.09375,5.806930346111267,7,107.0,0.3967662994080301,6,84.0,0.3965315359219949,13,191.0
70.0,13,138.0,3.6315789473684212,5.879027193636666,7,100.0,0.3486700477736389,6,82.0,0.3902582076298938,13,182.0
75.0,13,172.0,4.526315789473684,5.760467149351359,7,102.0,0.3112011682859718,6,102.0,0.47125642850928745,13,204.0
80.0,13,190.0,4.4186046511627906,6.021901540127515,6,110.0,0.39608270852006805,7,114.0,0.43606187624285975,13,224.0
85.0,11,149.0,3.311111111111111,6.715438522809495,4,104.0,0.5082238293812014,7,76.0,0.39288922881636906,11,180.0
90.0,13,100.0,2.127659574468085,7.228528554494188,4,49.0,0.4118452507324033,9,87.0,0.3980918166777881,13,136.0
95.0,12,118.0,2.4583333333333335,6.84372852515735,5,43.0,0.33362154395403004,7,101.0,0.3440430873137102,12,144.0
100.0,16,157.0,3.3404255319148937,6.217806379564927,6,68.0,0.3899877543050837,10,119.0,0.3149471751641925,16,187.0
105.0,15,140.0,3.3333333333333335,6.204247550938556,5,69.0,0.5924443749119351,10,119.0,0.2659409596476502,15,188.0
110.0,10,110.0,2.5,6.859592780481379,3,41.0,0.5474314980735581,7,106.0,0.36982619605223815,10,147.0
115.0,13,114.0,2.533333333333333,7.143049739133259,4,45.0,0.45184994658432287,9,122.0,0.39172728591847106,13,167.0
120.0,19,198.0,4.5,6.092693334571808,9,83.0,0.35817449555941594,10,145.0,0.3474212514141534,19,228.0
125.0,16,168.0,3.9069767441860463,5.014108933774732,7,108.0,0.35636217904996303,9,138.0,0.25290924202497195,16,246.0
130.0,12,160.0,3.902439024390244,5.6222251171908315,4,96.0,0.2956748874677997,8,106.0,0.2725397567132489,12,202.0
135.0,14,168.0,4.0,6.526797724139258,7,109.0,0.3898655705086599,7,102.0,0.19346295385818174,14,211.0
140.0,11,192.0,4.682926829268292,7.9748208209556495,4,111.0,0.49224999699112537,7,120.0,0.19609321401967789,11,231.0
145.0,12,222.0,5.842105263157895,7.302787496034127,5,127.0,0.5374927516223995,7,143.0,0.19737914034928486,12,270.0
150.0,14,283.0,8.085714285714285,6.902146207614261,8,159.0,0.43239705666227,6,157.0,0.3307684808069126,14,316.0
155.0,8,227.0,6.305555555555555,6.370291604098943,6,170.0,0.3981613445872054,2,128.0,0.5450967029697128,8,298.0
160.0,10,264.0,6.769230769230769,7.929220631599002,8,175.0,0.42677028204329553,2,107.0,0.7001149261664841,10,282.0
165.0,9,261.0,6.6923076923076925,6.773127787267311,7,178.0,0.29861953098554395,2,117.0,0.6692160468072358,9,295.0
170.0,9,291.0,7.461538461538462,7.529887251000488,6,179.0,0.3271725095208149,3,128.0,0.5146678411139838,9,307.0
175.0,10,54.0,1.4210526315789473,6.653701275004845,7,71.0,0.2785632852295731,3,76.0,0.4751846346751305,10,147.0
180.0,13,93.0,2.3846153846153846,6.627603854214412,10,90.0,0.24801477205218003,3,17.0,0.5067568405685631,13,107.0
185.0,13,106.0,2.717948717948718,6.743634073941108,8,99.0,0.37665538494456474,5,30.0,0.5430380756208472,13,129.0
190.0,11,147.0,3.675,6.7323583408903405,6,106.0,0.4142647375288135,5,56.0,0.47662076150684235,11,162.0
195.0,17,159.0,3.697674418604651,5.548845796410852,7,101.0,0.3561319082789078,10,90.0,0.41172732568217896,17,191.0
200.0,15,184.0,4.27906976744186,5.451092079961809,5,96.0,0.40169495745300393,10,121.0,0.31989937428269544,15,217.0
205.0,18,241.0,5.738095238095238,5.05771189207024,7,121.0,0.35262378660176,11,151.0,0.24373060051002346,18,272.0
210.0,21,249.0,5.533333333333333,4.805913595270105,10,162.0,0.3543725839732243,11,158.0,0.20191269441369544,21,320.0
215.0,17,274.0,6.2272727272727275,4.997694375176068,7,178.0,0.3107177995611156,10,146.0,0.31165388792384296,17,324.0
220.0,17,312.0,7.428571428571429,5.821045090481008,8,189.0,0.41871836580401967,9,154.0,0.28116342255991716,17,343.0
225.0,14,238.0,5.409090909090909,6.60721977263074,6,141.0,0.4230536469265207,8,170.0,0.3551493274635216,14,311.0
230.0,16,252.0,5.04,6.073176602807503,6,99.0,0.42918846477566003,10,190.0,0.2895381595518215,16,289.0
235.0,16,303.0,5.9411764705882355,6.67152762052523,7,134.0,0.4705569448251402,9,192.0,0.4291621515910355,16,326.0
240.0,13,144.0,2.88,6.6728020240457155,7,79.0,0.47722656925530876,6,136.0,0.5084707776306918,13,215.0
245.0,20,220.0,4.150943396226415,5.805851518819527,12,122.0,0.39438032086939273,8,128.0,0.448483994338931,20,250.0
250.0,21,161.0,2.875,4.81582855717279,12,140.0,0.3693514944116304,9,124.0,0.23779974787543479,21,264.0
255.0,20,211.0,3.5166666666666666,5.422324957143666,11,140.0,0.3180682692255664,9,103.0,0.2590553669047179,20,243.0
260.0,18,153.0,2.55,5.475112622937799,11,128.0,0.28224469429432214,7,100.0,0.2273530925292712,18,228.0
265.0,23,205.0,3.203125,6.015000812173092,15,143.0,0.29250800013740524,8,111.0,0.27322958378332385,23,254.0
270.0,26,248.0,3.875,5.242746989352989,16,202.0,0.2937692307532386,10,127.0,0.34011413308272825,26,329.0
275.0,21,295.0,4.609375,6.37157789397687,13,223.0,0.35971232743853815,8,125.0,0.46308118997114434,21,348.0
280.0,21,307.0,4.873015873015873,5.63953590602122,13,251.0,0.3362121298339295,8,130.0,0.395247884530038,21,381.0
285.0,28,400.0,6.0606060606060606,5.725817578850951,16,281.0,0.3784112825255302,12,172.0,0.19945910054469623,28,453.0
290.0,29,328.0,5.046153846153846,4.5955124638514295,19,280.0,0.28383867236513777,10,166.0,0.26646844067109293,29,446.0
295.0,28,315.0,4.701492537313433,4.886940578726263,21,305.0,0.15335504133104766,7,128.0,0.3819617230348688,28,433.0
300.0,28,345.0,5.149253731343284,4.938307809455944,22,370.0,0.11934396394121738,6,119.0,0.4188006284810514,28,489.0
305.0,24,362.0,5.838709677419355,5.030341957887214,16,397.0,0.18653920970678703,8,131.0,0.3031762706559848,24,528.0
310.0,23,351.0,5.9491525423728815,4.26253172029302,15,403.0,0.24214746003515566,8,135.0,0.12373850254760987,23,538.0
315.0,25,288.0,4.8,4.80704214168575,16,402.0,0.2022857408958403,9,144.0,0.2792750733413424,25,546.0
320.0,21,262.0,4.366666666666666,4.827034071751715,15,443.0,0.14920102788977152,6,96.0,0.4080567356385171,21,539.0
325.0,19,303.0,5.410714285714286,5.836342831895157,13,454.0,0.2322908985624373,6,90.0,0.4649509978016868,19,544.0
330.0,19,217.0,3.807017543859649,4.986353089984218,13,432.0,0.2377828259902799,6,100.0,0.25769031793320385,19,532.0
335.0,24,269.0,4.719298245614035,5.548537880013544,14,392.0,0.32271370310205616,10,110.0,0.2710899096094261,24,502.0
340.0,24,263.0,4.781818181818182,5.1566412449791,16,398.0,0.3182235309461086,8,126.0,0.34165967809791975,24,524.0
345.0,24,335.0,5.87719298245614,5.618658176279051,18,420.0,0.2237297607753743,6,120.0,0.5371195384708843,24,540.0
350.0,20,274.0,4.9818181818181815,4.964222679388845,18,446.0,0.1320857019965187,2,73.0,0.5091361578001962,20,519.0
355.0,17,264.0,4.888888888888889,6.099912688432872,13,448.0,0.2739554157304274,4,43.0,0.5001395586389036,17,491.0
360.0,19,272.0,4.771929824561403,5.3783836697066505,13,435.0,0.3194511451585655,6,66.0,0.27206245314096206,19,501.0
365.0,21,209.0,3.603448275862069,5.728806732126058,16,367.0,0.3349460395586526,5,82.0,0.44443704333303086,21,449.0
370.0,23,271.0,4.672413793103448,4.827729460871273,19,406.0,0.20312068520211352,4,81.0,0.5022964070937272,23,487.0
375.0,21,259.0,4.316666666666666,5.225411419782001,16,418.0,0.17809990047565635,5,68.0,0.513761321199769,21,486.0
380.0,23,321.0,5.35,6.095549642956013,17,390.0,0.2897061196498697,6,69.0,0.4199253962445025,23,459.0
385.0,21,316.0,5.266666666666667,5.45165773923605,17,373.0,0.2623358989826188,4,42.0,0.44162171208232814,21,415.0
390.0,23,254.0,4.233333333333333,5.014213785666218,18,378.0,0.25572034059588755,5,33.0,0.4936281887347021,23,411.0
395.0,25,338.0,5.365079365079365,5.274995351817795,22,388.0,0.2506917087772279,3,46.0,0.5476686126713274,25,434.0
400.0,30,408.0,6.181818181818182,4.851133428076187,25,457.0,0.18919623541213332,5,53.0,0.5155334374120654,30,510.0
405.0,24,397.0,6.403225806451613,5.582710587048249,20,478.0,0.19332588286032926,4,55.0,0.6312174936669848,24,533.0
410.0,22,446.0,7.559322033898305,4.638668000344913,17,525.0,0.1735206157110706,5,78.0,0.4081688258028953,22,603.0
415.0,25,421.0,7.135593220338983,4.110765046776694,20,570.0,0.18539872768750076,5,42.0,0.26638298246857167,25,612.0
420.0,34,457.0,7.745762711864407,3.352985601550989,27,598.0,0.14543355912401482,7,57.0,0.2882780222374061,34,655.0
425.0,30,309.0,5.15,4.275338048647533,26,629.0,0.15457343800931297,4,68.0,0.5309475704659734,30,697.0
430.0,26,303.0,4.967213114754099,4.4116791159818645,23,678.0,0.1674931480732581,3,54.0,0.5041932421544114,26,732.0
435.0,21,209.0,3.3174603174603177,4.8710244248857615,18,655.0,0.19484289812013456,3,45.0,0.4284263063495567,21,700.0
440.0,20,224.0,3.7333333333333334,4.795669460989089,16,646.0,0.10908329422186357,4,28.0,0.4705551961758033,20,674.0
445.0,22,222.0,3.639344262295082,5.314695266120345,17,641.0,0.1615344645783051,5,16.0,0.413859234519711,22,657.0
450.0,24,278.0,4.483870967741935,5.192911905347834,18,647.0,0.14917193904137957,6,45.0,0.40664183344231214,24,692.0
455.0,30,358.0,5.868852459016393,4.834307619420165,24,666.0,0.14288025942979804,6,61.0,0.5042346777947637,30,727.0
460.0,30,397.0,6.964912280701754,4.202769260782264,23,648.0,0.12775554943096226,7,99.0,0.5260241318894556,30,747.0
465.0,28,382.0,6.586206896551724,3.003024579743607,19,681.0,0.11669304180018071,9,109.0,0.35563482378401423,28,790.0
470.0,28,364.0,6.066666666666666,4.183940338190729,16,644.0,0.1424694297701018,12,142.0,0.374706170262334,28,786.0
475.0,28,457.0,7.879310344827586,5.151327003832784,13,618.0,0.28879747083000473,15,204.0,0.26477301282235,28,822.0
480.0,25,296.0,4.852459016393443,4.269662294270859,12,510.0,0.21963034393094596,13,206.0,0.22107925427559888,25,716.0
485.0,24,314.0,5.322033898305085,4.929639866005022,15,528.0,0.229116317029121,9,152.0,0.3049749559740645,24,680.0
490.0,23,309.0,5.065573770491803,5.036336452993987,15,526.0,0.21944967928578332,8,144.0,0.378596114457346,23,670.0
495.0,25,322.0,5.193548387096774,5.358415169334261,14,470.0,0.268361879365884,11,149.0,0.37894064815604006,25,619.0
500.0,28,349.0,5.369230769230769,4.4171500570062445,17,479.0,0.2518784658132256,11,159.0,0.32056604827747587,28,638.0
505.0,23,359.0,5.983333333333333,5.0782207953717196,15,467.0,0.30164124750390264,8,157.0,0.2810561399797742,23,624.0
510.0,20,352.0,5.5,5.282707950180969,11,477.0,0.2822369982857966,9,154.0,0.25510932915431955,20,631.0
515.0,23,268.0,3.9411764705882355,6.023551359173999,11,405.0,0.301867282631914,12,166.0,0.2555763246256173,23,571.0
520.0,24,331.0,5.253968253968254,5.8512292899026495,13,365.0,0.33822177145551013,11,202.0,0.2711872522167837,24,567.0
525.0,21,329.0,5.39344262295082,6.1503614346609305,13,383.0,0.31637818571047904,8,202.0,0.4314722768676098,21,585.0
530.0,23,275.0,4.661016949152542,5.669306372393332,15,394.0,0.2888939097619283,8,168.0,0.4236358553499826,23,562.0
535.0,30,344.0,5.830508474576271,4.690911153352021,18,389.0,0.16762784385444254,12,126.0,0.3110989367297112,30,515.0
540.0,26,315.0,5.526315789473684,4.548204443123807,17,399.0,0.17798558920213037,9,145.0,0.3610967162606255,26,544.0
545.0,24,351.0,6.051724137931035,4.152078804478806,14,421.0,0.18097324094389172,10,167.0,0.2258016109393833,24,588.0
550.0,23,305.0,5.350877192982456,4.551541151478313,13,390.0,0.2275842999844347,10,176.0,0.2357898785789087,23,566.0
555.0,18,294.0,5.345454545454546,5.70824951445234,14,429.0,0.19189320628809944,4,150.0,0.39348322460058294,18,579.0
560.0,17,189.0,3.4363636363636365,5.5387921296926175,14,438.0,0.14891394128383525,3,84.0,0.4101207430362691,17,522.0
565.0,25,258.0,4.6909090909090905,4.869418809101213,14,418.0,0.22715705218984675,11,80.0,0.3116261070601951,25,498.0
570.0,22,271.0,5.018518518518518,4.923840616964652,14,413.0,0.2736326660112391,8,103.0,0.36319578132516156,22,516.0
575.0,16,181.0,3.175438596491228,5.624708255560987,11,395.0,0.2686267375032862,5,80.0,0.4503032412114249,16,475.0
580.0,22,276.0,4.677966101694915,6.146983633939537,16,395.0,0.20795029408597884,6,88.0,0.527853035598239,22,483.0
585.0,22,347.0,5.982758620689655,5.989296425376164,16,435.0,0.2633542368407476,6,100.0,0.4135420022967993,22,535.0
590.0,26,455.0,7.711864406779661,5.463617157501293,14,454.0,0.3028778948652139,12,151.0,0.2614526966029151,26,605.0
595.0,30,358.0,5.966666666666667,4.406826992662286,16,426.0,0.21696227912424,14,153.0,0.3262544375702733,30,579.0
600.0,24,348.0,5.704918032786885,5.426085849137859,12,322.0,0.3004247985599941,12,164.0,0.32891459881212,24,486.0
605.0,23,314.0,4.90625,5.126767387701759,11,290.0,0.27765870070207216,12,197.0,0.3142985448522766,23,487.0
610.0,20,241.0,3.5441176470588234,6.225231563099092,11,235.0,0.2773692435132396,9,191.0,0.352719949359456,20,426.0
615.0,21,199.0,2.970149253731343,5.231610308194965,12,242.0,0.1947651317506955,9,163.0,0.3184726358332572,21,405.0
620.0,24,254.0,4.096774193548387,5.642643460677542,11,239.0,0.2723396845945842,13,130.0,0.3110696489205603,24,369.0
625.0,25,260.0,4.193548387096774,4.393031884640325,11,249.0,0.18656314083697564,14,156.0,0.23966079242177252,25,405.0
630.0,26,310.0,4.920634920634921,5.173085520136856,11,260.0,0.3088108918679536,15,204.0,0.27477909578963994,26,464.0
635.0,27,288.0,4.721311475409836,4.921831524343362,12,248.0,0.3508766035647608,15,233.0,0.28011195092164215,27,481.0
640.0,24,328.0,5.377049180327869,4.780349495068836,14,298.0,0.21810966307718785,10,213.0,0.31154833164636303,24,511.0
645.0,24,344.0,5.4603174603174605,4.446704609689623,14,318.0,0.1159680944745624,10,231.0,0.328252237138621,24,549.0
650.0,22,373.0,5.828125,5.2591690002627836,8,302.0,0.2673114316562367,14,278.0,0.2846926724434286,22,580.0
655.0,21,400.0,6.349206349206349,5.5529742780908435,5,260.0,0.39509844889653906,16,317.0,0.21345626397275796,21,577.0
660.0,23,474.0,7.292307692307692,6.298103542063618,11,274.0,0.27571486904341985,12,332.0,0.34135983790593416,23,606.0
665.0,24,424.0,7.310344827586207,5.562368654302052,11,304.0,0.2684276268004678,13,300.0,0.30797820008901505,24,604.0
670.0,17,428.0,7.379310344827586,6.297680842512338,5,299.0,0.3402306917515519,12,274.0,0.274370381939466,17,573.0
675.0,17,342.0,6.218181818181818,5.355773639893312,4,220.0,0.3731258212116488,13,306.0,0.16467011949808882,17,526.0
680.0,21,341.0,6.314814814814815,5.74124391648679,10,117.0,0.37438016670196134,11,319.0,0.28801446620101573,21,436.0
685.0,23,274.0,5.169811320754717,5.070066051496543,11,128.0,0.38935207307624853,12,311.0,0.3074647103617241,23,439.0
690.0,27,278.0,4.964285714285714,4.641805537176863,13,175.0,0.33117561912149474,14,256.0,0.27866077936984524,27,431.0
695.0,28,308.0,5.133333333333334,3.6691296684703576,16,197.0,0.1910236593388773,12,279.0,0.27465318357149854,28,476.0
700.0,21,312.0,4.9523809523809526,4.77766493957365,8,170.0,0.2828745741945673,13,323.0,0.28787711144441264,21,493.0
705.0,22,393.0,6.140625,5.4233982289022284,7,158.0,0.3340503553989338,15,350.0,0.28588339748575675,22,508.0
710.0,21,435.0,6.796875,5.381532422626954,6,151.0,0.3867478852956733,15,384.0,0.2008427393931476,21,535.0
715.0,29,460.0,6.865671641791045,4.459427790087825,12,179.0,0.2990686522001518,17,411.0,0.15049311761877296,29,590.0
720.0,29,413.0,6.453125,4.185082216355099,14,216.0,0.27116645512096504,15,391.0,0.16149379227063243,29,607.0
725.0,20,386.0,6.327868852459017,4.504130764038655,11,238.0,0.2504321289110153,9,422.0,0.21667178939072612,20,660.0
730.0,21,381.0,6.0476190476190474,4.308091924345909,10,229.0,0.29611877792712615,11,438.0,0.0899976332680212,21,667.0
735.0,26,320.0,5.0,4.571889047890476,13,247.0,0.2696895881239686,13,384.0,0.12112464766498858,26,631.0
740.0,35,373.0,5.567164179104478,4.439346934306693,19,293.0,0.20587621274945708,16,356.0,0.2588783118924101,35,649.0
745.0,24,396.0,5.739130434782608,5.329100395674489,13,308.0,0.2949933150111524,11,343.0,0.35169100237626233,24,651.0
750.0,19,365.0,5.2898550724637685,5.727362159443416,12,342.0,0.27099474213881164,7,291.0,0.3784304673139879,19,633.0
755.0,25,435.0,6.304347826086956,5.901807529346814,18,391.0,0.16511907573762047,7,285.0,0.4512687250493976,25,676.0
760.0,28,511.0,7.861538461538461,4.627175798486484,20,452.0,0.09422866200789025,8,281.0,0.3456765932096543,28,733.0
765.0,28,567.0,9.775862068965518,4.379068795520034,14,467.0,0.17452582228029648,14,322.0,0.2690579807979978,28,789.0
770.0,27,321.0,5.5344827586206895,4.085116885025232,13,354.0,0.1605893276460068,14,325.0,0.1497269399073637,27,679.0
775.0,29,322.0,5.278688524590164,4.910483054886187,15,295.0,0.22014370846722284,14,297.0,0.21909301791111274,29,592.0
780.0,22,339.0,5.557377049180328,4.971239709858107,13,325.0,0.2706873470980095,9,303.0,0.3033525394572772,22,628.0
785.0,24,410.0,6.612903225806452,6.279127841249399,12,302.0,0.4224361631661221,12,331.0,0.3821115986298614,24,633.0
790.0,18,365.0,6.083333333333333,6.30375618521912,9,288.0,0.41025108686546113,9,305.0,0.3705710790757795,18,593.0
795.0,20,279.0,4.5,6.1107475848301975,13,288.0,0.3550961554519027,7,213.0,0.3234751830282463,20,501.0
800.0,22,265.0,4.344262295081967,5.435626490831066,13,292.0,0.2192980161688187,9,161.0,0.3039491625743927,22,453.0
805.0,23,248.0,3.8153846153846156,5.616687654697321,16,265.0,0.21623809337987446,7,159.0,0.30897419606160176,23,424.0
810.0,26,298.0,4.515151515151516,5.513524556901892,14,293.0,0.29074284855389537,12,198.0,0.28122818804953814,26,491.0
815.0,22,281.0,4.532258064516129,6.347825557302834,11,282.0,0.36776748927727887,11,205.0,0.3701199616906879,22,487.0
820.0,20,230.0,3.7704918032786887,5.8399275370676405,9,232.0,0.3093054720806652,11,201.0,0.3252502182238167,20,433.0
825.0,23,244.0,4.135593220338983,6.028114457922495,10,160.0,0.29395543777502503,13,207.0,0.3646579301304876,23,367.0
830.0,17,232.0,4.218181818181818,5.842459273335735,9,154.0,0.24877422826148798,8,184.0,0.424415473060583,17,338.0
835.0,20,197.0,3.517857142857143,5.496269601857846,12,174.0,0.18339680775448391,8,164.0,0.3730445811744862,20,338.0
840.0,28,290.0,5.087719298245614,4.524307807645555,11,206.0,0.23925782832966358,17,182.0,0.2534535800632348,28,388.0
845.0,26,391.0,6.516666666666667,4.616189966492941,11,250.0,0.33383207193180486,15,227.0,0.22294574781007892,26,477.0
850.0,20,371.0,6.183333333333334,5.80910178189743,8,244.0,0.3564809453018392,12,234.0,0.33187780135664,20,478.0
855.0,17,305.0,5.083333333333333,6.138511673668686,7,197.0,0.3211264328199994,10,221.0,0.3323628185724789,17,418.0
860.0,17,202.0,3.3666666666666667,5.316096424665085,4,108.0,0.3732428401754421,13,199.0,0.16359460985860003,17,307.0
865.0,25,281.0,4.844827586206897,5.262936562359168,10,100.0,0.3996414057783252,15,242.0,0.09034861313437142,25,342.0
870.0,20,312.0,5.672727272727273,5.103952568522167,9,130.0,0.3260817841845139,11,249.0,0.15367084039318343,20,379.0
875.0,15,230.0,4.339622641509434,5.509141783332945,6,126.0,0.24718752641294922,9,185.0,0.2122977927917476,15,311.0
880.0,16,174.0,3.411764705882353,5.41484681832809,6,122.0,0.2135750733017065,10,153.0,0.29891038484535326,16,275.0
885.0,17,223.0,4.372549019607843,6.041232464348227,10,145.0,0.33101994908773563,7,173.0,0.3933379453249583,17,318.0
890.0,14,172.0,3.44,6.739631970646206,7,92.0,0.2867467648711066,7,166.0,0.44329452559663035,14,258.0
895.0,19,241.0,5.127659574468085,6.2827058189766065,9,113.0,0.2612090641219912,10,186.0,0.3746343286730687,19,299.0
900.0,18,243.0,4.959183673469388,5.566326549902458,7,117.0,0.2814947457472741,11,196.0,0.27603002814103994,18,313.0
905.0,15,158.0,3.16,6.319722832975327,2,60.0,0.5260518484780062,13,188.0,0.25725124123846627,15,248.0
910.0,17,197.0,3.94,6.416633525915272,4,63.0,0.45778656195813516,13,215.0,0.2864812328679021,17,278.0
915.0,18,225.0,4.326923076923077,5.573399564703572,6,78.0,0.2949042181661288,12,240.0,0.3107832195481954,18,318.0
920.0,15,215.0,4.3,6.00978457787265,8,75.0,0.2690975062208346,7,224.0,0.4161802835237695,15,299.0
925.0,15,120.0,2.5531914893617023,5.992977440822698,5,61.0,0.2945631603508148,10,178.0,0.28431524754567383,15,239.0
930.0,16,132.0,2.75,5.694476287026672,4,68.0,0.30529365674758197,12,148.0,0.16221522431360968,16,216.0
935.0,14,161.0,3.5,5.946395159157684,5,67.0,0.37028547290294045,9,166.0,0.21744478433684486,14,233.0
940.0,14,208.0,4.837209302325581,6.603826707286168,6,87.0,0.4609077431715552,8,159.0,0.35012277241069156,14,246.0
945.0,16,183.0,3.9782608695652173,5.739654467213383,7,86.0,0.27495321864223127,9,160.0,0.3613584593699212,16,246.0
950.0,18,187.0,3.8958333333333335,5.98259137070738,12,137.0,0.2682528811094022,6,131.0,0.46099007254800384,18,268.0
955.0,17,168.0,3.4285714285714284,5.451585451286018,9,145.0,0.36656110702748385,8,130.0,0.3710648611209763,17,275.0
960.0,17,188.0,4.0,5.256682682136425,6,127.0,0.4353667178799652,11,143.0,0.2382337012120434,17,270.0
965.0,19,173.0,3.6808510638297873,4.391315712119455,7,125.0,0.38277113602849716,12,172.0,0.08483264073517645,19,297.0
970.0,18,196.0,4.083333333333333,5.288779076674078,11,131.0,0.3065395356425088,7,155.0,0.21959350405857544,18,286.0
975.0,20,218.0,4.2745098039215685,4.630857713936949,11,157.0,0.16670245615344997,9,148.0,0.2814608290647874,20,305.0
980.0,18,248.0,4.862745098039215,6.265257593151907,7,159.0,0.34881535273350395,11,134.0,0.3470523862085425,18,293.0
985.0,15,195.0,3.9,5.4643661989648455,5,149.0,0.3699038672142949,10,149.0,0.2677592089834502,15,298.0
990.0,20,288.0,5.433962264150943,6.379139293474542,8,156.0,0.4684471456186451,12,199.0,0.26298163993996154,20,355.0
995.0,18,283.0,5.2407407407407405,6.213622233502797,9,180.0,0.4273744116273639,9,202.0,0.37507172779991016,18,382.0
1000.0,12,272.0,5.132075471698113,6.879020571309781,6,177.0,0.44133478544612303,6,154.0,0.42424806166413037,12,331.0
1005.0,10,117.0,2.207547169811321,6.024370902481254,4,80.0,0.32305827034612977,6,143.0,0.3201539758027969,10,223.0
1010.0,21,175.0,3.1818181818181817,5.897001458169637,12,100.0,0.23461006389616826,9,135.0,0.353050171032051,21,235.0
1015.0,23,238.0,4.490566037735849,5.165917842360571,14,147.0,0.2995651610281352,9,154.0,0.2862744427442973,23,301.0
1020.0,16,263.0,5.1568627450980395,5.84722850381291,8,160.0,0.3437669088320409,8,160.0,0.3168130997679914,16,320.0
1025.0,13,186.0,3.6470588235294117,5.2769933511088745,8,134.0,0.2871896898831939,5,148.0,0.3070396575629942,13,282.0
1030.0,23,260.0,4.90566037735849,5.649824894664111,14,157.0,0.2978352096845595,9,170.0,0.3237563282117685,23,327.0
1035.0,18,306.0,5.773584905660377,5.156304493334021,12,185.0,0.2320074470520339,6,200.0,0.4145687142368622,18,385.0
1040.0,16,334.0,6.549019607843137,6.201096774762326,9,173.0,0.30507803495624775,7,214.0,0.40049799247147577,16,387.0
1045.0,18,197.0,3.7884615384615383,5.877578841755541,10,167.0,0.2324007033663129,8,144.0,0.32285469911885095,18,311.0
1050.0,21,277.0,5.431372549019608,6.178670831062152,9,184.0,0.3292361805964283,12,142.0,0.29485736747102953,21,326.0
1055.0,15,234.0,4.588235294117647,5.2016276846751115,6,186.0,0.3099288181072304,9,139.0,0.3008001335264342,15,325.0
1060.0,21,311.0,5.867924528301887,6.188909602884854,11,192.0,0.439995504797733,10,134.0,0.25493064540617777,21,326.0
1065.0,16,247.0,4.410714285714286,6.234521306218965,7,182.0,0.47054259427649764,9,135.0,0.2599919255446049,16,317.0
1070.0,19,324.0,5.890909090909091,6.869084890417969,9,211.0,0.40218104889438366,10,134.0,0.377865657876858,19,345.0
1075.0,18,250.0,4.385964912280702,5.8784846659485925,12,222.0,0.22147833209367945,6,113.0,0.4898582225215755,18,335.0
1080.0,16,274.0,4.892857142857143,6.648713968841197,14,242.0,0.22452559657169738,2,66.0,0.5365206334097494,16,308.0
1085.0,22,310.0,5.43859649122807,5.443506665264478,15,274.0,0.11094938241530422,7,78.0,0.4615328386322439,22,352.0
1090.0,13,259.0,4.625,6.8512856090643846,8,275.0,0.24039435107608945,5,47.0,0.41023394768777377,13,322.0
1095.0,16,288.0,5.538461538461538,6.110682250179877,9,299.0,0.24802514208591603,7,57.0,0.17554020843531631,16,356.0
1100.0,19,300.0,5.882352941176471,5.344635827387817,12,313.0,0.19704670750587192,7,69.0,0.25593931759304434,19,382.0
1105.0,18,357.0,7.595744680851064,5.3294304808879875,11,339.0,0.256045583535405,7,90.0,0.4320297865279089,18,429.0
1110.0,12,323.0,7.511627906976744,6.404057462435316,8,331.0,0.382584501713319,4,78.0,0.5294932119229719,12,409.0
1115.0,16,166.0,3.5319148936170213,5.4611476200543745,10,166.0,0.3412050619687255,6,73.0,0.22031517084962937,16,239.0
1120.0,21,187.0,3.978723404255319,5.466478812394557,16,214.0,0.3139496215752906,5,60.0,0.3234458869395552,21,274.0
1125.0,18,230.0,5.2272727272727275,5.369433691220251,15,254.0,0.23623051128929232,3,37.0,0.39326755890481635,18,291.0
1130.0,14,274.0,6.2272727272727275,5.994384103720648,11,273.0,0.2678511930000908,3,49.0,0.3277057788441563,14,322.0
1135.0,17,294.0,6.681818181818182,5.894823997866395,12,285.0,0.21739126943837392,5,65.0,0.2743166227539838,17,350.0
1140.0,15,247.0,5.744186046511628,6.667987830268403,13,289.0,0.24941806974841602,2,55.0,0.4788174110721419,15,344.0
1145.0,17,191.0,4.897435897435898,4.7739819201163165,14,292.0,0.19028724200008587,3,25.0,0.49852878117674554,17,317.0
1150.0,16,170.0,3.953488372093023,5.5121502635178246,13,296.0,0.2676234295735427,3,38.0,0.5661443151631764,16,334.0
1155.0,16,133.0,2.7708333333333335,5.487391118280541,13,313.0,0.2916470097368847,3,3.0,0.5576637070416687,16,316.0
1160.0,16,159.0,3.0576923076923075,6.4591789533900315,13,309.0,0.3222080117070095,3,13.0,0.5713821103824165,16,322.0
1165.0,16,167.0,3.036363636363636,5.659566276746108,12,323.0,0.23974298303126457,4,17.0,0.5319615469650879,16,340.0
1170.0,22,206.0,3.4915254237288136,6.346541236986672,17,328.0,0.23313043436731362,5,18.0,0.5699231334312332,22,346.0
1175.0,21,269.0,4.719298245614035,5.752846777798,15,373.0,0.19899731396660933,6,34.0,0.5081792832402412,21,407.0
1180.0,20,331.0,5.910714285714286,6.019062542420535,12,413.0,0.31101373148154965,8,65.0,0.4104649592310511,20,478.0
1185.0,16,257.0,4.849056603773585,5.65187970854273,11,370.0,0.2635551169854412,5,77.0,0.35035955611926933,16,447.0
1190.0,19,319.0,6.134615384615385,6.5688903651503905,13,373.0,0.2709586745079416,6,86.0,0.41081390266909146,19,459.0
1195.0,22,284.0,5.795918367346939,4.764150367254123,15,362.0,0.08235621212025532,7,90.0,0.31663932732866507,22,452.0
1200.0,23,237.0,4.647058823529412,5.314869888962607,15,304.0,0.21356684347291524,8,73.0,0.3446388432131277,23,377.0
1205.0,17,221.0,4.702127659574468,5.453979960466401,12,321.0,0.285027768444396,5,72.0,0.511637195059398,17,393.0
1210.0,15,199.0,4.326086956521739,5.724911044415262,8,298.0,0.3470936506909798,7,80.0,0.40003829949783115,15,378.0
1215.0,11,199.0,4.061224489795919,5.299965440662708,5,259.0,0.2672876805680886,6,73.0,0.3197419985256665,11,332.0
1220.0,19,284.0,5.3584905660377355,5.857136592647872,9,254.0,0.2606372902733649,10,123.0,0.35565835355673847,19,377.0
1225.0,20,324.0,6.230769230769231,6.025642982792098,14,317.0,0.33111328113962224,6,123.0,0.4330657420145559,20,440.0
1230.0,18,352.0,6.769230769230769,5.620296921704783,12,332.0,0.30038637522480177,6,105.0,0.40195611004951604,18,437.0
1235.0,13,346.0,6.784313725490196,6.066582462784688,7,313.0,0.2661024876652735,6,117.0,0.36846163486589384,13,430.0
1240.0,18,349.0,6.345454545454546,5.639663447526946,9,307.0,0.23745119046925503,9,153.0,0.27380746704904885,18,460.0
1245.0,21,425.0,7.87037037037037,5.434305837964398,13,338.0,0.25277344842485594,8,188.0,0.23232732972293235,21,526.0
1250.0,20,484.0,9.490196078431373,6.21883959606627,13,379.0,0.254967645468862,7,198.0,0.41922187344550293,20,577.0
1255.0,19,479.0,9.775510204081632,5.635356632013333,14,429.0,0.1755749124093294,5,168.0,0.44521853715076326,19,597.0
1260.0,22,455.0,9.285714285714286,5.288949349376304,14,450.0,0.21386252418688478,8,110.0,0.40008888451616736,22,560.0
1265.0,15,416.0,8.851063829787234,5.919706877903183,7,400.0,0.382709574287143,8,130.0,0.36937551748123015,15,530.0
1270.0,14,183.0,3.519230769230769,5.432856359727359,5,206.0,0.4138247543899966,9,152.0,0.20974480657640818,14,358.0
1275.0,21,217.0,3.6779661016949152,6.2015912147250996,10,108.0,0.4437856437428022,11,181.0,0.2966233127268909,21,289.0
1280.0,19,266.0,4.586206896551724,6.6948222653765646,9,135.0,0.47922584852433003,10,208.0,0.43817394397057224,19,343.0
1285.0,19,291.0,5.105263157894737,5.52031430070397,13,187.0,0.32517034533855865,6,213.0,0.4435994433820407,19,400.0
1290.0,26,313.0,5.305084745762712,4.045147155825213,17,206.0,0.1536617936434277,9,177.0,0.3499399883188619,26,383.0
1295.0,22,306.0,4.857142857142857,4.593151446518231,13,195.0,0.13561961218194477,9,204.0,0.3012354833301486,22,399.0
1300.0,24,404.0,6.516129032258065,6.079583487290445,11,209.0,0.3547729185606648,13,256.0,0.2059213285135158,24,465.0
1305.0,24,266.0,4.092307692307692,5.303938825673041,10,206.0,0.3327339997660246,14,235.0,0.15557554183729852,24,441.0
1310.0,24,332.0,5.354838709677419,5.6538936928989285,14,216.0,0.3050862130301638,10,180.0,0.2662509321819021,24,396.0
1315.0,25,274.0,4.566666666666666,5.550430812641083,16,221.0,0.2611688020908441,9,189.0,0.3958877492649062,25,410.0
1320.0,25,355.0,5.916666666666667,5.572403239632197,18,273.0,0.2083404279882057,7,156.0,0.475302129357776,25,429.0
1325.0,23,280.0,4.666666666666667,4.665727043577964,18,309.0,0.1741410212288277,5,93.0,0.4117175016612794,23,402.0
1330.0,23,287.0,4.555555555555555,5.619497356105286,12,284.0,0.2797506325034437,11,101.0,0.33697459322204115,23,385.0
1335.0,24,242.0,3.78125,5.17121648169492,13,276.0,0.24185215434925636,11,112.0,0.22772017999471647,24,388.0
1340.0,26,272.0,4.317460317460317,5.628286266464769,14,268.0,0.2827798459042388,12,150.0,0.23407583818778313,26,418.0
1345.0,28,273.0,4.55,4.365092521589478,17,306.0,0.2553303884307752,11,174.0,0.2267913506807733,28,480.0
1350.0,21,245.0,4.016393442622951,5.075348036018216,14,330.0,0.23139965359254952,7,151.0,0.37145610756207326,21,481.0
1355.0,21,251.0,4.183333333333334,5.090531670153923,16,338.0,0.17321148399202174,5,147.0,0.48767779832762903,21,485.0
1360.0,21,259.0,4.389830508474576,6.083923086296012,11,306.0,0.24611030482807814,10,181.0,0.4045454649100367,21,487.0
1365.0,20,250.0,4.310344827586207,4.193062092372793,10,307.0,0.17272872342624704,10,197.0,0.20818798381018014,20,504.0
1370.0,26,316.0,5.266666666666667,4.851799263107855,18,331.0,0.1468233544017962,8,190.0,0.19452502545966927,26,521.0
1375.0,22,351.0,6.5,5.003768468068993,15,365.0,0.1971212520386028,7,184.0,0.329885540463429,22,549.0
1380.0,21,398.0,6.982456140350878,6.12484359634924,9,343.0,0.30804436555366876,12,188.0,0.3021980473738112,21,531.0
1385.0,16,387.0,7.4423076923076925,5.815042076005199,8,311.0,0.3634198890211388,8,203.0,0.3310787243993486,16,514.0
1390.0,20,399.0,7.528301886792453,6.047667380854641,10,267.0,0.38646767244252833,10,238.0,0.33129942312809046,20,505.0
1395.0,14,291.0,5.596153846153846,6.110484958106168,7,205.0,0.43257026824247224,7,240.0,0.3997089220227423,14,445.0
1400.0,15,282.0,5.529411764705882,6.852840399860177,7,117.0,0.47627044548577246,8,225.0,0.3870377336370346,15,342.0
1405.0,16,269.0,5.173076923076923,5.926877642278143,7,113.0,0.3713001689112648,9,244.0,0.26360148843602743,16,357.0
1410.0,19,330.0,6.111111111111111,6.106835769365053,12,153.0,0.24335177070163178,7,257.0,0.38409760621034866,19,410.0
1415.0,18,155.0,2.980769230769231,5.344273035863115,12,161.0,0.2781875236132816,6,112.0,0.3432075582055748,18,273.0
1420.0,22,242.0,4.566037735849057,6.233576265661731,11,173.0,0.336003103041113,11,115.0,0.3733084130510615,22,288.0
1425.0,19,229.0,4.017543859649122,5.124528748024232,11,188.0,0.21763760223150086,8,127.0,0.34944513303268243,19,315.0
1430.0,17,256.0,4.654545454545454,5.543297678272554,12,229.0,0.21861127706894617,5,108.0,0.4115193265314011,17,337.0
1435.0,18,178.0,3.2363636363636363,5.537331524755984,11,214.0,0.24868406986635777,7,108.0,0.3790740468694334,18,322.0
1440.0,21,173.0,3.0892857142857144,5.4361199716506805,9,159.0,0.22409280726964875,12,109.0,0.29318885045709964,21,268.0
1445.0,24,201.0,3.6545454545454548,4.9997224773930675,10,169.0,0.2749845141879462,14,151.0,0.236822186021073,24,320.0
1450.0,19,247.0,4.660377358490566,5.3248651944066765,11,193.0,0.26755102226864297,8,154.0,0.2722080901090529,19,347.0
1455.0,16,264.0,5.28,5.430805384653188,9,206.0,0.2032130783490491,7,146.0,0.37050100683050585,16,352.0
1460.0,18,270.0,5.4,5.98226559167561,9,204.0,0.2841802032376893,9,175.0,0.4159048299615172,18,379.0
1465.0,16,170.0,3.3333333333333335,5.181618609133609,7,191.0,0.2985871220726344,9,139.0,0.38357447060569333,16,330.0
1470.0,21,226.0,4.109090909090909,5.9497741260469885,9,172.0,0.37255007660474276,12,133.0,0.31157613604754586,21,305.0
1475.0,21,254.0,4.379310344827586,5.66388100899009,7,184.0,0.4206106489444521,14,162.0,0.202608615957529,21,346.0
1480.0,14,250.0,4.098360655737705,6.984131483521276,7,167.0,0.48996248706262857,7,143.0,0.3275637025355646,14,310.0
1485.0,16,124.0,1.9682539682539681,6.08979194313692,7,89.0,0.4101901845834597,9,146.0,0.3217530600589704,16,235.0
1490.0,25,210.0,3.559322033898305,5.948463938656702,12,116.0,0.35272293363533536,13,156.0,0.3626319239965031,25,272.0
1495.0,23,259.0,4.316666666666666,5.337779539293733,12,156.0,0.37632329507031065,11,183.0,0.2259801357633788,23,339.0
1500.0,20,287.0,4.948275862068965,5.483901235537984,12,168.0,0.29250939485953376,8,174.0,0.26732799860688383,20,342.0
1505.0,20,239.0,3.9833333333333334,4.993295660837957,12,173.0,0.2514237262789401,8,176.0,0.24619551963587738,20,349.0
1510.0,24,279.0,4.428571428571429,6.264659225055029,12,189.0,0.35754585112778364,12,192.0,0.3152352736718691,24,381.0
1515.0,20,293.0,5.051724137931035,5.581365528109024,11,201.0,0.3347453075068916,9,212.0,0.36826233104482553,20,413.0
1520.0,22,344.0,6.142857142857143,5.392863003819556,15,220.0,0.26586083226793517,7,205.0,0.3885435726885506,22,425.0
1525.0,25,219.0,3.9107142857142856,4.163463681634245,17,253.0,0.1707068802239063,8,120.0,0.26007009829774375,25,373.0
1530.0,23,270.0,4.909090909090909,5.513281296700521,13,256.0,0.28987411296942395,10,108.0,0.24811155618358077,23,364.0
1535.0,18,286.0,5.296296296296297,5.193115380699764,10,252.0,0.3199609623114225,8,122.0,0.15787197794901775,18,374.0
1540.0,19,299.0,5.155172413793103,6.385061171422395,12,245.0,0.29742981592235584,7,117.0,0.3319927676655994,19,362.0
1545.0,17,176.0,3.142857142857143,6.1321281937141725,12,221.0,0.27475419079762053,5,102.0,0.4903754871925987,17,323.0
1550.0,16,200.0,3.508771929824561,6.973672066362049,12,182.0,0.2900656356141425,4,92.0,0.6145784671955007,16,274.0
1555.0,22,234.0,4.178571428571429,5.420258969002324,15,199.0,0.2654380519412964,7,112.0,0.48462552737900594,22,311.0
1560.0,19,173.0,3.0892857142857144,5.610934627289159,11,202.0,0.39583176507476947,8,70.0,0.265881078082147,19,272.0
1565.0,25,248.0,4.203389830508475,4.877091269364002,12,231.0,0.33713931765406224,13,116.0,0.08773979355567038,25,347.0
1570.0,26,264.0,4.258064516129032,5.003562299665277,16,257.0,0.28758107688055645,10,133.0,0.2543797272339864,26,390.0
1575.0,22,215.0,3.6440677966101696,4.371469921992784,19,275.0,0.16511618597209451,3,93.0,0.4328983505181795,22,368.0
1580.0,26,277.0,4.540983606557377,4.9727645698205905,24,353.0,0.13863430120287418,2,67.0,0.546072581891557,26,420.0
1585.0,29,329.0,5.306451612903226,4.922467085762688,22,407.0,0.15599307863791856,7,89.0,0.4824223228424831,29,496.0
1590.0,30,434.0,6.888888888888889,4.70908888728659,23,472.0,0.15251799150638412,7,96.0,0.36521776426043834,30,568.0
1595.0,31,437.0,6.936507936507937,3.9127658186101284,24,504.0,0.05008838918618864,7,93.0,0.40031804610145383,31,597.0
1600.0,24,286.0,4.688524590163935,4.734234353981076,17,451.0,0.13665244990255318,7,87.0,0.39412052617305304,24,538.0
1605.0,23,321.0,5.17741935483871,5.604836493520793,13,405.0,0.30762460020092547,10,101.0,0.13699801739544326,23,506.0
1610.0,22,283.0,4.421875,5.891842194363814,11,366.0,0.3675056495457264,11,123.0,0.19164177526898357,22,489.0
1615.0,21,284.0,4.4375,6.145814092970996,11,341.0,0.3531356211953141,10,158.0,0.33882274152641634,21,499.0
1620.0,23,263.0,4.614035087719298,5.4259651745778354,17,364.0,0.28949736803841725,6,159.0,0.48235148327029664,23,523.0
1625.0,26,276.0,4.928571428571429,5.369991725618374,20,383.0,0.1748813353774603,6,105.0,0.5133202997980257,26,488.0
1630.0,27,266.0,4.75,3.743194035613211,23,418.0,0.03797034055262279,4,88.0,0.36005423383569063,27,506.0
1635.0,26,291.0,5.017241379310345,5.004419731563389,15,394.0,0.13473159886033648,11,95.0,0.23475995465130448,26,489.0
1640.0,24,263.0,4.383333333333334,5.2500325263516805,14,385.0,0.16977043950254223,10,130.0,0.250056716694369,24,515.0
1645.0,30,355.0,5.725806451612903,5.623367012365462,18,401.0,0.2283295667271356,12,158.0,0.2646873829608986,30,559.0
1650.0,23,382.0,6.586206896551724,5.330226790873566,14,425.0,0.2727708118722947,9,149.0,0.40245855840162775,23,574.0
1655.0,18,363.0,6.258620689655173,6.353944187595402,13,404.0,0.32856757466680686,5,103.0,0.4551672430391005,18,507.0
1660.0,19,250.0,4.032258064516129,5.8691672297917,13,367.0,0.3220397213317344,6,86.0,0.2754028841960012,19,453.0
1665.0,22,233.0,3.6984126984126986,6.488893429464187,12,237.0,0.36213922274990706,10,119.0,0.25570901655700956,22,356.0
1670.0,25,285.0,4.830508474576271,5.438766691831508,15,288.0,0.3586996590316113,10,122.0,0.2852489294974901,25,410.0
1675.0,22,335.0,5.583333333333333,6.013294080048592,17,344.0,0.2375228773991197,5,81.0,0.39859159118176707,22,425.0
1680.0,24,291.0,4.770491803278689,5.1114911070368185,17,326.0,0.18097007002972473,7,104.0,0.4526401665259006,24,430.0
1685.0,25,284.0,4.580645161290323,5.642134670066619,17,333.0,0.2593896788673478,8,123.0,0.4462847154693799,25,456.0
1690.0,24,302.0,4.950819672131147,4.305621193733506,13,328.0,0.2818714327663763,11,146.0,0.3014411330195473,24,474.0
1695.0,25,355.0,5.634920634920635,4.509896332296812,15,330.0,0.2524596564505107,10,161.0,0.305173650370019,25,491.0
1700.0,30,310.0,4.696969696969697,4.080863756242958,19,332.0,0.18171797979426607,11,174.0,0.2929992668548268,30,506.0
1705.0,28,320.0,4.776119402985074,5.349309580074075,13,306.0,0.3136378366758591,15,205.0,0.303207097336741,28,511.0
1710.0,27,277.0,4.328125,4.308533016234636,14,308.0,0.27271356946325565,13,191.0,0.1977788744999185,27,499.0
1715.0,37,417.0,6.223880597014926,4.779889186390616,18,361.0,0.290926270670738,19,246.0,0.24797276594577314,37,607.0
1720.0,33,462.0,6.794117647058823,4.469679512801343,17,406.0,0.3146422935206542,16,289.0,0.26370927060241756,33,695.0
1725.0,26,454.0,6.485714285714286,4.99844842299903,17,441.0,0.31327660864742496,9,266.0,0.3031084319002594,26,707.0
1730.0,27,410.0,5.694444444444445,4.254238865106026,16,448.0,0.0822563052248311,11,240.0,0.3121374797898175,27,688.0
1735.0,33,493.0,6.7534246575342465,5.0337171177911095,16,458.0,0.15698496192716402,17,251.0,0.3163703237886018,33,709.0
1740.0,33,468.0,6.5,4.083049191246603,17,460.0,0.21765882980861243,16,269.0,0.17568159626171492,33,729.0
1745.0,37,392.0,5.6,4.161342565029971,17,417.0,0.28368798434478354,20,299.0,0.1448170451844812,37,716.0
1750.0,36,444.0,6.166666666666667,4.214761849845788,17,438.0,0.29670989616865484,19,324.0,0.19725052474094196,36,762.0
1755.0,29,393.0,5.383561643835616,4.0733062870788075,18,476.0,0.21495446990579228,11,267.0,0.2558818661812622,29,743.0
1760.0,34,396.0,5.28,4.029726535501091,22,520.0,0.1603721889660369,12,268.0,0.2885417237371383,34,788.0
1765.0,36,453.0,5.883116883116883,4.492631381377639,23,577.0,0.1863608712667283,13,251.0,0.32432903238191574,36,828.0
1770.0,31,448.0,5.973333333333334,4.65748531735777,17,567.0,0.2536305966109862,14,265.0,0.2687043875715751,31,832.0
1775.0,25,362.0,5.098591549295775,4.594474241765183,15,539.0,0.2516871772401124,10,234.0,0.24709350031178387,25,773.0
1780.0,25,333.0,4.897058823529412,4.986881129122213,17,533.0,0.11622422376214915,8,176.0,0.352047418499796,25,709.0
1785.0,33,393.0,5.779411764705882,4.575839370304462,22,542.0,0.1013087982769223,11,175.0,0.3028772296686309,33,717.0
1790.0,30,353.0,5.430769230769231,4.755493542223467,16,473.0,0.22523927913688965,14,211.0,0.31179787290677397,30,684.0
1795.0,28,418.0,6.430769230769231,4.953568600196545,12,485.0,0.24172994794522762,16,250.0,0.3252009238617535,28,735.0
1800.0,24,383.0,6.17741935483871,4.5141918514599055,9,433.0,0.23894624112059798,15,286.0,0.22177607243824177,24,719.0
1805.0,22,384.0,6.193548387096774,4.595151494849586,11,410.0,0.16228466742479777,11,277.0,0.20272147182403866,22,687.0
1810.0,27,324.0,5.0625,4.462033701643713,15,384.0,0.17143863479891672,12,238.0,0.19460773523750655,27,622.0
1815.0,29,383.0,6.17741935483871,4.525906371159307,13,406.0,0.30440327635520387,16,223.0,0.20354310226805367,29,629.0
1820.0,23,423.0,6.82258064516129,5.189568349940795,8,370.0,0.40367039533003635,15,248.0,0.22792735850601556,23,618.0
1825.0,21,318.0,5.129032258064516,5.0451006733248525,10,291.0,0.25333477198331666,11,241.0,0.2850869775872677,21,532.0
1830.0,24,290.0,4.53125,4.850701065596001,14,255.0,0.14654571610177541,10,242.0,0.33497506295818474,24,497.0
1835.0,32,375.0,5.769230769230769,4.758927232639519,17,307.0,0.19236370933531063,15,239.0,0.3077175123831404,32,546.0
1840.0,25,432.0,6.857142857142857,4.789814313062935,11,306.0,0.3128011144350925,14,268.0,0.2122290539786555,25,574.0
1845.0,23,449.0,7.241935483870968,5.471189618577871,12,292.0,0.32757336178356167,11,279.0,0.1806311011213828,23,571.0
1850.0,27,457.0,7.030769230769231,5.085538321884788,13,298.0,0.2673132639745094,14,293.0,0.16373624753314825,27,591.0
1855.0,28,523.0,7.8059701492537314,5.148301951907446,14,336.0,0.26528122949024824,14,299.0,0.253643109918032,28,635.0
1860.0,24,425.0,6.640625,5.135937724287101,13,359.0,0.35250767613831613,11,255.0,0.2735291869613096,24,614.0
1865.0,29,337.0,5.029850746268656,5.436074221246417,14,287.0,0.39355290800873344,15,191.0,0.21682598541359924,29,478.0
1870.0,25,307.0,4.582089552238806,5.474882192099052,12,238.0,0.3222311051116579,13,215.0,0.2795100824014001,25,453.0
1875.0,25,310.0,4.769230769230769,5.142437194475378,15,272.0,0.14567095313292575,10,188.0,0.38997711688351167,25,460.0
1880.0,32,375.0,5.859375,4.155576253967796,22,315.0,0.04642401292031476,10,212.0,0.3444304391990753,32,527.0
1885.0,33,482.0,7.53125,4.068396605781141,21,392.0,0.14329794458392062,12,226.0,0.2709271759484959,33,618.0
1890.0,30,566.0,8.84375,4.621295341521709,17,433.0,0.23594508787319862,13,254.0,0.3332255618065386,30,687.0
1895.0,26,567.0,9.295081967213115,4.628754334247766,15,439.0,0.17624055092478808,11,255.0,0.42309956740661897,26,694.0
1900.0,21,495.0,8.25,5.25569393461633,11,391.0,0.1973849249831422,10,266.0,0.4095940448122733,21,657.0
1905.0,19,410.0,6.612903225806452,5.822542387072379,9,308.0,0.34259203684380696,10,285.0,0.31538223845618457,19,593.0
1910.0,23,308.0,4.888888888888889,5.811055183868101,9,241.0,0.36531256100896264,14,283.0,0.3318721760921906,23,524.0
1915.0,26,247.0,3.9838709677419355,5.327382802518001,12,248.0,0.3630252451482124,14,243.0,0.3585355151307688,26,491.0
1920.0,29,294.0,4.523076923076923,4.3129861095808195,15,289.0,0.19710579076296977,14,255.0,0.3289661841577176,29,544.0
1925.0,35,356.0,5.235294117647059,4.095648691111462,18,315.0,0.21789180810415357,17,286.0,0.308856375633531,35,601.0
1930.0,25,320.0,4.776119402985074,4.835436986665857,8,278.0,0.3647520613251989,17,327.0,0.21573676240923348,25,605.0
1935.0,23,312.0,4.656716417910448,4.4347156432359505,9,272.0,0.2875924138426773,14,310.0,0.153609083039484,23,582.0
1940.0,22,246.0,3.5652173913043477,4.721263321029923,9,207.0,0.2101910907585899,13,307.0,0.22088771926375214,22,514.0
1945.0,32,346.0,4.873239436619718,4.8034721898597885,14,236.0,0.20529499671504,18,304.0,0.23063084588288207,32,540.0
1950.0,36,426.0,6.173913043478261,4.795808429892897,15,281.0,0.27392086813862176,21,350.0,0.23727597472037285,36,631.0
1955.0,27,481.0,7.17910447761194,5.01463149733339,7,282.0,0.32850345153323474,20,404.0,0.21578630331328136,27,686.0
1960.0,26,376.0,5.875,4.400099949072787,7,233.0,0.3309772815126715,19,425.0,0.19242914252479673,26,658.0
1965.0,30,432.0,6.447761194029851,4.7773147235503854,13,214.0,0.3270434641363014,17,409.0,0.2209401310838531,30,623.0
1970.0,31,454.0,6.984615384615385,3.7860424433426627,15,278.0,0.31017037519169327,16,392.0,0.17557396846022982,31,670.0
1975.0,29,394.0,6.15625,3.7545693749269367,18,347.0,0.24166655525136066,11,314.0,0.1896674999854118,29,661.0
1980.0,30,445.0,6.544117647058823,3.756236351700353,20,393.0,0.13872975276194002,10,332.0,0.2510215469742574,30,725.0
1985.0,30,437.0,6.333333333333333,4.725571467166369,15,389.0,0.2839844656199559,15,368.0,0.17579728099235586,30,757.0
1990.0,25,488.0,7.393939393939394,4.975599065875799,9,374.0,0.3864677861682103,16,378.0,0.13322790399059545,25,752.0
1995.0,20,463.0,7.123076923076923,5.2485171196119875,10,363.0,0.2676907818205203,10,319.0,0.1870397655160931,20,682.0
2000.0,23,447.0,6.984375,4.772432157639239,16,395.0,0.16699276022690063,7,269.0,0.27054875957254937,23,664.0
2005.0,29,513.0,7.892307692307693,4.690946074261616,16,445.0,0.19683915139695005,13,246.0,0.24045448468479624,29,691.0
2010.0,24,556.0,8.424242424242424,5.333119545289042,11,443.0,0.34969870011973075,13,277.0,0.2510328442359138,24,720.0
2015.0,14,314.0,4.984126984126984,6.338442505499023,6,303.0,0.4002724421022971,8,257.0,0.33086531387357726,14,560.0
2020.0,21,400.0,6.666666666666667,6.171915036106174,12,249.0,0.21364665186618423,9,261.0,0.39382750851225184,21,510.0
2025.0,23,462.0,7.451612903225806,4.953335115484223,15,281.0,0.10275718191887005,8,280.0,0.3084913331955609,23,561.0
2030.0,22,525.0,8.75,5.445967685668775,10,275.0,0.20936752339477652,12,325.0,0.26125240806645433,22,600.0
2035.0,20,473.0,8.298245614035087,5.110054186328742,9,304.0,0.28885256037975954,11,290.0,0.2180225034347139,20,594.0
2040.0,25,550.0,9.482758620689655,5.953120854544986,13,332.0,0.3461082240693391,12,317.0,0.34019781570124547,25,649.0
2045.0,25,611.0,11.10909090909091,5.320494405897559,16,387.0,0.26474022537330866,9,335.0,0.41369663077433977,25,722.0
2050.0,23,463.0,8.574074074074074,4.502444738624473,15,332.0,0.1407062376564531,8,304.0,0.4142773752839963,23,636.0
2055.0,26,494.0,8.981818181818182,4.773148093751417,17,270.0,0.15732420523795054,9,330.0,0.3433182130151083,26,600.0
2060.0,27,531.0,9.482142857142858,4.57683366661423,14,284.0,0.24631560914450143,13,373.0,0.2308157944776944,27,657.0
2065.0,16,432.0,7.714285714285714,5.509051524528124,4,201.0,0.33592542669596226,12,399.0,0.24161814169052012,16,600.0
2070.0,12,403.0,7.60377358490566,6.030327744981661,4,150.0,0.32867045397012296,8,409.0,0.2924963078656969,12,559.0
2075.0,16,238.0,4.857142857142857,6.1763605980472835,9,163.0,0.2624766102482659,7,325.0,0.35684638216317155,16,488.0
2080.0,20,186.0,3.875,5.807939081596807,9,155.0,0.3341885832904474,11,164.0,0.293083861000984,20,319.0
2085.0,11,184.0,3.9148936170212765,6.363306891631119,2,87.0,0.4560406382416333,9,196.0,0.27941080028954396,11,283.0
2090.0,12,223.0,4.645833333333333,7.753622182942923,5,69.0,0.4429199169842855,7,194.0,0.3697578276111174,12,263.0
2095.0,11,161.0,3.425531914893617,7.653406966999659,6,91.0,0.43379536936977464,5,130.0,0.31058042759685356,11,221.0
2100.0,13,201.0,4.276595744680851,7.017377980922567,5,105.0,0.4111437338696688,8,134.0,0.24911644236903932,13,239.0
2105.0,14,246.0,5.590909090909091,7.03691129274197,8,141.0,0.4909865307021003,6,145.0,0.33905743904581204,14,286.0
2110.0,13,244.0,5.951219512195122,7.0600728133924235,5,124.0,0.5069236484103238,8,157.0,0.34516973838553805,13,281.0
2115.0,13,270.0,6.75,6.058189627521893,8,155.0,0.17980574635506022,5,137.0,0.4629508214232992,13,292.0
2120.0,15,273.0,6.348837209302325,5.518905641719351,10,172.0,0.16998664560205048,5,136.0,0.40427084763140775,15,308.0
2125.0,12,192.0,4.682926829268292,6.8159988432311405,5,162.0,0.42301243902725755,7,109.0,0.40939386581927495,12,271.0
2130.0,12,94.0,2.186046511627907,6.312119984643733,5,106.0,0.4658327119197441,7,82.0,0.2386137248825699,12,188.0
2135.0,9,86.0,2.15,7.510996577340731,4,45.0,0.620451867976558,5,68.0,0.42953545234618434,9,113.0
2140.0,11,138.0,3.45,7.043334957919245,5,71.0,0.47767112819871965,6,91.0,0.4721534231603394,11,162.0
2145.0,17,207.0,5.447368421052632,5.645835625555244,10,110.0,0.35920393739444934,7,121.0,0.45376445125079734,17,231.0
2150.0,20,258.0,6.45,3.5379203222167144,10,135.0,0.1848940670270388,10,161.0,0.26981775813628406,20,296.0
2155.0,19,291.0,6.767441860465116,4.209566550946974,9,143.0,0.2176509643804863,10,181.0,0.2571503113953101,19,324.0
2160.0,18,277.0,5.770833333333333,5.333053175569616,7,95.0,0.3375363267971546,11,215.0,0.216589273967862,18,310.0
2165.0,17,210.0,4.038461538461538,6.768493616081849,8,98.0,0.4550170227918207,9,185.0,0.37047472979426105,17,283.0
2170.0,11,200.0,3.8461538461538463,7.667913426199751,5,107.0,0.4307407184941132,6,125.0,0.5189322999270468,11,232.0
2175.0,13,176.0,3.3846153846153846,6.638972715776479,8,110.0,0.27639633107620215,5,108.0,0.4361240933106948,13,218.0
2180.0,14,188.0,3.6862745098039214,6.35391230843304,5,126.0,0.26034820725073216,9,74.0,0.40721842011950343,14,200.0
2185.0,21,231.0,4.529411764705882,5.991773901568813,10,150.0,0.3187334339820193,11,107.0,0.36871642037434194,21,257.0
2190.0,18,208.0,4.244897959183674,5.973909219283258,6,108.0,0.457268647558682,12,140.0,0.33809475270327005,18,248.0
2195.0,20,229.0,4.490196078431373,5.000897922243934,7,115.0,0.4492873587006578,13,167.0,0.2633117384489952,20,282.0
2200.0,23,238.0,4.490566037735849,5.206538036682137,9,110.0,0.4140634383007197,14,183.0,0.29060261391020437,23,293.0
2205.0,22,209.0,3.8,5.132050528820469,9,110.0,0.3140448594750318,13,200.0,0.33899397088502775,22,310.0
2210.0,17,198.0,3.473684210526316,5.7607488104273825,6,103.0,0.3678181224801432,11,186.0,0.34978582340893105,17,289.0
2215.0,19,210.0,3.8181818181818183,5.635008546682989,7,90.0,0.3109006445737346,12,192.0,0.2733648600401559,19,282.0
2220.0,22,239.0,4.345454545454546,5.307960663783157,9,101.0,0.3165426942952289,13,216.0,0.11126191060712491,22,317.0
2225.0,19,219.0,4.211538461538462,5.07984276372825,7,105.0,0.35213047122230745,12,234.0,0.09993610520455869,19,339.0
2230.0,23,259.0,5.18,4.602663269427843,8,131.0,0.3509336599088782,15,220.0,0.17526585884477514,23,351.0
2235.0,20,286.0,5.39622641509434,5.530926895174838,9,153.0,0.3657049268471701,11,242.0,0.29699019566252494,20,395.0
2240.0,20,356.0,6.592592592592593,6.380351886402459,11,202.0,0.3176290550718161,9,223.0,0.3830085963323124,20,425.0
2245.0,16,244.0,4.357142857142857,6.389610035882888,8,198.0,0.29065267155273394,8,176.0,0.3977685726855299,16,374.0
2250.0,20,281.0,4.844827586206897,6.0845959639302745,10,200.0,0.26218704940335863,10,157.0,0.37758585245112114,20,357.0
2255.0,19,261.0,4.745454545454545,6.060353370569314,9,200.0,0.3342566143000748,10,162.0,0.41122211617403154,19,362.0
2260.0,16,248.0,4.769230769230769,6.929900593723084,7,183.0,0.5166917278056282,9,135.0,0.4089083096949018,16,318.0
2265.0,20,256.0,4.923076923076923,4.102490819338328,10,204.0,0.30957629929882197,10,143.0,0.21588843603813246,20,347.0
2270.0,24,335.0,6.090909090909091,4.946663896255238,13,253.0,0.28108523148487247,11,161.0,0.28310728982797956,24,414.0
2275.0,21,318.0,5.678571428571429,4.562759825090631,12,258.0,0.21635778261940325,9,182.0,0.2882642918834917,21,440.0
2280.0,22,377.0,6.180327868852459,5.786828923320502,9,251.0,0.38788374658149044,13,212.0,0.2677359150700196,22,463.0
2285.0,22,283.0,4.716666666666667,5.655883476111708,9,141.0,0.39794047645730185,13,249.0,0.26120529262000647,22,390.0
2290.0,23,370.0,6.166666666666667,6.440361932698353,13,177.0,0.3070315402679227,10,269.0,0.344892050180057,23,446.0
2295.0,20,348.0,6.105263157894737,5.646830303574222,11,208.0,0.20539937329172606,9,248.0,0.2942903953913593,20,456.0
2300.0,20,350.0,6.363636363636363,6.205080103313395,9,222.0,0.2759384671550793,11,229.0,0.33482651326980206,20,451.0
2305.0,20,314.0,5.9245283018867925,4.837498737388393,10,221.0,0.26940553808210516,10,246.0,0.267233976666464,20,467.0
2310.0,22,382.0,6.701754385964913,5.916465947568595,11,207.0,0.32352070599825533,11,279.0,0.28793214460403366,22,486.0
2315.0,24,400.0,6.896551724137931,6.2709822326192874,12,261.0,0.396949322757494,12,278.0,0.3209259668354155,24,539.0
2320.0,21,390.0,6.5,5.5857796978246315,10,288.0,0.4028818079612114,11,215.0,0.2597573150692752,21,503.0
2325.0,23,391.0,6.516666666666667,5.269975804613976,12,296.0,0.4030700003972527,11,220.0,0.1978151061668627,23,516.0
2330.0,21,375.0,6.3559322033898304,5.416800216505939,13,292.0,0.30651497208052614,8,203.0,0.29219007389970547,21,495.0
2335.0,23,420.0,7.0,5.87453710214922,16,333.0,0.20195372851497806,7,189.0,0.42371709693340487,23,522.0
2340.0,24,413.0,6.770491803278689,5.466912975144854,18,397.0,0.17102147532665835,6,146.0,0.4500090449196258,24,543.0
2345.0,22,502.0,8.807017543859649,6.1103436927413775,15,430.0,0.28809766433915457,7,139.0,0.4802046010801962,22,569.0
2350.0,21,509.0,9.089285714285714,5.000156420987949,14,464.0,0.27699396128357145,7,150.0,0.27519202426160405,21,614.0
2355.0,23,547.0,8.967213114754099,5.703179160708199,13,457.0,0.2921769283057231,10,163.0,0.2190493984799999,23,620.0
2360.0,26,459.0,8.345454545454546,5.444223358148941,16,411.0,0.260952237610005,10,201.0,0.2481118986537974,26,612.0
2365.0,24,360.0,6.0,5.638362007016158,15,292.0,0.28079287801011854,9,232.0,0.2946622288607521,24,524.0
2370.0,21,275.0,4.508196721311475,5.2772869612033295,13,313.0,0.32416384233127843,8,185.0,0.4086562014157816,21,498.0
2375.0,22,327.0,4.954545454545454,6.4395432948313545,14,324.0,0.37408244446476013,8,195.0,0.5025402726923498,22,519.0
2380.0,21,207.0,3.08955223880597,6.0374083364293725,15,318.0,0.31912543686355116,6,132.0,0.4914499066271742,21,450.0
2385.0,26,288.0,4.235294117647059,5.142462573842205,16,351.0,0.20522882886760713,10,113.0,0.3992687096451931,26,464.0
2390.0,32,242.0,3.6666666666666665,3.387683057769564,21,389.0,0.1336830518295769,11,110.0,0.21925110086892907,32,499.0
2395.0,29,290.0,4.53125,5.121708533310543,19,401.0,0.1927122128037607,10,87.0,0.24149008023386298,29,488.0
2400.0,25,325.0,5.241935483870968,4.661255014775124,18,394.0,0.1463489232583232,7,105.0,0.169410903801365,25,499.0
2405.0,27,350.0,5.645161290322581,5.090636310628177,16,346.0,0.1920587560862697,11,140.0,0.2339429083573005,27,486.0
2410.0,30,363.0,6.849056603773585,3.9210710202092702,22,396.0,0.16689509990348403,8,143.0,0.413656456774871,30,539.0
2415.0,25,369.0,6.589285714285714,4.55414206518413,17,423.0,0.20033920724311552,8,158.0,0.43613174746308314,25,581.0
2420.0,21,279.0,4.894736842105263,4.102862954181093,14,437.0,0.20382290738820344,7,137.0,0.37323473123362166,21,574.0
2425.0,30,400.0,6.779661016949152,4.328996418292335,20,473.0,0.18166927040527595,10,159.0,0.34845386378213516,30,632.0
2430.0,31,343.0,5.359375,4.1937781955731275,20,511.0,0.1657146188636492,11,149.0,0.32901840428137963,31,660.0
2435.0,18,220.0,3.3846153846153846,5.035804573494723,13,480.0,0.20251615010877028,5,98.0,0.2662256649463496,18,578.0
2440.0,21,232.0,3.6825396825396823,5.2888351503861735,15,491.0,0.21043466382962753,6,84.0,0.3503312982650733,21,575.0
2445.0,25,276.0,4.181818181818182,5.067194560922005,18,519.0,0.20929779226980752,7,100.0,0.28485544755656317,25,619.0
2450.0,30,308.0,4.888888888888889,4.577155692773022,17,485.0,0.22021255346676388,13,107.0,0.28357154369334325,30,592.0
2455.0,24,269.0,4.338709677419355,5.331413574895798,15,495.0,0.268968671856296,9,135.0,0.3682289942172822,24,630.0
2460.0,22,265.0,4.344262295081967,4.909273267466533,16,498.0,0.1726105281078214,6,130.0,0.3725742031696722,22,628.0
2465.0,17,181.0,2.873015873015873,5.591405534837579,13,442.0,0.18961623964818844,4,112.0,0.38712775226849316,17,554.0
2470.0,18,162.0,2.5714285714285716,6.078967314272956,9,446.0,0.34463655677265137,9,113.0,0.24826501833150058,18,559.0
2475.0,22,228.0,3.6774193548387095,5.693531417584231,12,447.0,0.35463153699133043,10,147.0,0.275494430682335,22,594.0
2480.0,24,278.0,4.557377049180328,5.336532816539597,18,449.0,0.2086912530249799,6,132.0,0.4302887796649701,24,581.0
2485.0,27,342.0,5.896551724137931,5.610842861431153,20,467.0,0.18937614527894975,7,153.0,0.5047532740942381,27,620.0
2490.0,26,343.0,5.813559322033898,4.297323561491132,19,423.0,0.09440963833668106,7,118.0,0.4031009502060268,26,541.0
2495.0,21,311.0,5.362068965517241,4.833082696692144,11,376.0,0.19103975805097953,10,140.0,0.351243295759725,21,516.0
2500.0,21,323.0,5.295081967213115,5.021566904649365,10,397.0,0.2590100467645826,11,168.0,0.30250614204450343,21,565.0
2505.0,29,442.0,7.129032258064516,5.670794857496132,16,423.0,0.27264779526504235,13,227.0,0.3802269733029546,29,650.0
2510.0,27,478.0,7.966666666666667,4.689781802681369,15,431.0,0.25259908347274324,12,248.0,0.3039516514596161,27,679.0
2515.0,17,449.0,7.360655737704918,5.340003984323931,10,376.0,0.2994592179302792,7,220.0,0.24831901424257294,17,596.0
2520.0,14,174.0,3.0526315789473686,5.64477897023066,7,274.0,0.32300905112584594,7,126.0,0.20705308048574395,14,400.0
2525.0,27,261.0,4.423728813559322,5.716519775299171,13,234.0,0.31346238790967473,14,151.0,0.14926817172091003,27,385.0
2530.0,23,228.0,4.0,4.93185976414215,13,187.0,0.2587409686952435,10,172.0,0.24933902327756907,23,359.0
2535.0,23,305.0,5.545454545454546,5.9354660933833046,16,205.0,0.2777754230295028,7,166.0,0.36148033271995156,23,371.0
2540.0,22,286.0,5.2,5.298543067026631,15,222.0,0.24917859198181622,7,151.0,0.3147984597971217,22,373.0
2545.0,20,250.0,4.545454545454546,5.456055263877268,12,196.0,0.2355606123966613,8,144.0,0.3208289108262744,20,340.0
2550.0,20,281.0,4.844827586206897,5.341979577003795,11,225.0,0.23600221443686117,9,166.0,0.2776969143272176,20,391.0
2555.0,18,315.0,5.526315789473684,6.117668731874461,14,252.0,0.2706492691168115,4,178.0,0.3400138325062605,18,430.0
2560.0,16,126.0,2.25,6.160429603139355,11,239.0,0.26902153166159737,5,97.0,0.4320200997797273,16,336.0
2565.0,19,163.0,2.963636363636364,6.310883499754235,12,223.0,0.3314548193809581,7,66.0,0.4735074588337788,19,289.0
2570.0,22,190.0,3.5849056603773586,5.695711417794622,13,216.0,0.3862517350942958,9,86.0,0.36441438797232034,22,302.0
2575.0,17,203.0,3.759259259259259,5.782953154288321,11,207.0,0.2597667222554552,6,93.0,0.45024256006016294,17,300.0
2580.0,17,150.0,2.7777777777777777,5.196034989226661,13,208.0,0.18653323327670276,4,74.0,0.4125492747013373,17,282.0
2585.0,25,220.0,3.8596491228070176,4.542560570951253,16,234.0,0.19861765770638684,9,99.0,0.23038809037776362,25,333.0
2590.0,24,295.0,5.086206896551724,4.799618262683662,12,254.0,0.311309244181069,12,133.0,0.24408427334775146,24,387.0
2595.0,20,362.0,6.350877192982456,6.1594506148036725,12,275.0,0.3651254436037343,8,136.0,0.34837573304008096,20,411.0
2600.0,17,303.0,5.716981132075472,6.478754526239255,11,282.0,0.35346335347612756,6,125.0,0.3919249196784322,17,407.0
2605.0,21,306.0,5.884615384615385,5.733405607694749,13,259.0,0.21276792354662355,8,139.0,0.34274956813007373,21,398.0
2610.0,26,246.0,4.730769230769231,4.0783897832471165,16,277.0,0.12516122797609502,10,143.0,0.3241309689512431,26,420.0
2615.0,22,234.0,4.333333333333333,4.589218898778643,13,263.0,0.2444424158560852,9,112.0,0.3366398079832423,22,375.0
2620.0,25,279.0,5.072727272727272,5.0816589713812235,13,286.0,0.34782006814416083,12,132.0,0.32533592398069194,25,418.0
2625.0,23,315.0,5.526315789473684,5.824977797656005,12,270.0,0.3770883966977911,11,160.0,0.34572996171752457,23,430.0
2630.0,25,382.0,6.945454545454545,4.408072006029723,11,273.0,0.2617594597608866,14,204.0,0.1725289471289532,25,477.0
2635.0,28,395.0,6.810344827586207,4.551214230018249,15,282.0,0.24266806797375132,13,213.0,0.24962526235429483,28,495.0
2640.0,22,348.0,5.704918032786885,5.13002410842075,13,307.0,0.20865610629149203,9,170.0,0.37843180133574905,22,477.0
2645.0,21,330.0,5.238095238095238,5.604231184011651,16,329.0,0.19262168618798503,5,145.0,0.4461323245331718,21,474.0
2650.0,24,383.0,5.984375,5.706614465218446,13,367.0,0.26515595263573244,11,164.0,0.42622030551734,24,531.0
2655.0,21,429.0,6.5,5.998349779389709,10,356.0,0.36652672759764676,11,179.0,0.34268893011460844,21,535.0
2660.0,22,460.0,7.1875,5.583303016804711,11,384.0,0.3289848650754408,11,156.0,0.2713639139731003,22,540.0
2665.0,21,480.0,7.384615384615385,5.332026432000004,13,403.0,0.26960361289507606,8,167.0,0.2722551448646636,21,570.0
2670.0,27,330.0,5.15625,5.638039865490381,15,331.0,0.3357403028490213,12,187.0,0.2978258514747354,27,518.0
2675.0,24,356.0,5.741935483870968,5.147691813917901,13,203.0,0.35191790603391204,11,227.0,0.2794800431206583,24,430.0
2680.0,23,381.0,5.861538461538461,5.309160119759898,13,225.0,0.3116124856596934,10,236.0,0.32425987914838844,23,461.0
2685.0,23,277.0,4.073529411764706,5.651759331156654,14,212.0,0.2619620310983754,9,198.0,0.37411335091724013,23,410.0
2690.0,23,295.0,4.758064516129032,5.977796745524016,13,239.0,0.21768072532123636,10,117.0,0.42850207947930113,23,356.0
2695.0,22,297.0,4.868852459016393,6.219343803106929,15,272.0,0.27242278437280243,7,110.0,0.38529616409855005,22,382.0
2700.0,23,266.0,4.290322580645161,5.443381339922097,14,255.0,0.2805887934945306,9,124.0,0.2918209413204501,23,379.0
2705.0,22,259.0,4.245901639344262,5.962250502439479,13,226.0,0.37766901875846826,9,127.0,0.3509247490953015,22,353.0
2710.0,25,295.0,4.538461538461538,5.694451175576972,15,242.0,0.315200715444509,10,156.0,0.3811876695223219,25,398.0
2715.0,19,237.0,3.703125,5.955686684634353,12,227.0,0.30355906268019717,7,147.0,0.4531653128803065,19,374.0
2720.0,13,200.0,3.278688524590164,5.997249375736474,9,218.0,0.3163560590352993,4,78.0,0.38408310005630625,13,296.0
2725.0,20,227.0,4.053571428571429,5.5066334435739055,14,236.0,0.1917826574836213,6,78.0,0.38958234153479904,20,314.0
2730.0,28,284.0,4.982456140350878,4.688952597251861,16,264.0,0.15823477384553963,12,99.0,0.3091183950825503,28,363.0
2735.0,28,381.0,6.684210526315789,4.42211035035717,16,294.0,0.1852955854679484,12,148.0,0.3352587726027435,28,442.0
2740.0,25,326.0,5.927272727272728,4.744262826125378,13,284.0,0.2784715261463515,12,186.0,0.37629450295715416,25,470.0
2745.0,26,367.0,6.327586206896552,4.34560455556596,14,249.0,0.2899647230502684,12,200.0,0.2672285239971312,26,449.0
2750.0,21,303.0,4.967213114754099,4.581753011849779,13,253.0,0.21944073306064563,8,173.0,0.2990515362731511,21,426.0
2755.0,14,109.0,1.7868852459016393,5.59119263988091,7,196.0,0.2772901658127057,7,142.0,0.36907122292712297,14,338.0
2760.0,17,163.0,2.5873015873015874,6.453279400680324,6,151.0,0.4651012537077318,11,136.0,0.3151104513436449,17,287.0
2765.0,20,227.0,3.546875,6.498384180274155,8,134.0,0.4960641223428321,12,162.0,0.27691126317166526,20,296.0
2770.0,16,191.0,2.893939393939394,6.324233788626982,7,117.0,0.4340213769099943,9,161.0,0.2767428195382525,16,278.0
2775.0,16,147.0,2.130434782608696,6.561616444768157,10,101.0,0.3451076796601481,6,146.0,0.40683465721001694,16,247.0
2780.0,27,212.0,3.212121212121212,5.699870747106804,13,129.0,0.33989862859010317,14,168.0,0.3659379379671105,27,297.0
2785.0,28,321.0,5.17741935483871,5.123663686285016,15,187.0,0.3208691763038288,13,212.0,0.33671668897409696,28,399.0
2790.0,25,339.0,5.2153846153846155,4.355784284265343,13,221.0,0.20560077110992867,12,215.0,0.27354685281683927,25,436.0
2795.0,25,341.0,5.014705882352941,4.834952582562444,15,217.0,0.19297147406950974,10,222.0,0.2818536864338642,25,439.0
2800.0,30,408.0,5.666666666666667,5.29451836574937,15,245.0,0.2756001859331481,15,239.0,0.24002610428257334,30,484.0
2805.0,30,363.0,4.972602739726027,5.484321726634325,13,263.0,0.3511705140383616,17,231.0,0.23894671031356982,30,494.0
2810.0,28,429.0,6.042253521126761,5.353600712398808,12,313.0,0.31195524206545394,16,233.0,0.32205240783776634,28,546.0
2815.0,34,486.0,6.5675675675675675,4.914339972238062,18,356.0,0.31523642800267176,16,260.0,0.285452897170142,34,616.0
2820.0,29,450.0,6.081081081081081,4.5491475726984865,17,390.0,0.2783113903248734,12,234.0,0.2603965902178355,29,624.0
2825.0,27,424.0,5.888888888888889,5.0877156491172055,17,411.0,0.23833067666423752,10,211.0,0.29054212887194697,27,622.0
2830.0,37,391.0,5.507042253521127,4.005556112395078,21,375.0,0.169553974278497,16,218.0,0.14377472909728325,37,593.0
2835.0,35,407.0,5.575342465753424,4.762264400455559,17,333.0,0.20234392476475802,18,263.0,0.20095599132623382,35,596.0
2840.0,29,446.0,6.656716417910448,5.001087891070191,17,370.0,0.20075988728666283,12,258.0,0.3524818764442355,29,628.0
2845.0,27,490.0,7.313432835820896,5.034184242424278,15,392.0,0.18881316109260116,12,280.0,0.3382468051628301,27,672.0
2850.0,27,406.0,6.059701492537314,4.582409503567262,15,389.0,0.21288559480346228,12,292.0,0.22891928021532681,27,681.0
2855.0,27,280.0,4.3076923076923075,4.223470004359492,13,331.0,0.21491151174475892,14,283.0,0.2189220631915288,27,614.0
2860.0,31,350.0,5.303030303030303,4.393363520576766,12,326.0,0.3061273390844067,19,292.0,0.23482815071345473,31,618.0
2865.0,34,431.0,6.734375,4.144293305997315,15,335.0,0.2512234514167525,19,345.0,0.27951582949579284,34,680.0
2870.0,27,293.0,4.3088235294117645,4.135826997551095,13,327.0,0.1386449070586742,14,331.0,0.3050858195530793,27,658.0
2875.0,23,317.0,4.5285714285714285,4.29780392803544,9,266.0,0.21595756532724134,14,352.0,0.22567596376653562,23,618.0
2880.0,25,315.0,4.256756756756757,4.499616067060377,10,265.0,0.3205338762072997,15,354.0,0.17494381076077137,25,619.0
2885.0,32,374.0,5.054054054054054,4.53969374149173,13,253.0,0.35434543909156646,19,393.0,0.19322869347904967,32,646.0
2890.0,29,350.0,5.147058823529412,3.690921255559987,14,247.0,0.2407193711259824,15,372.0,0.22113390427616708,29,619.0
2895.0,31,377.0,5.385714285714286,3.931059764163127,16,274.0,0.1393504922427249,15,385.0,0.22090237203954172,31,659.0
2900.0,30,360.0,5.142857142857143,4.200305998180997,15,301.0,0.14739193278829257,15,397.0,0.22026870526872588,30,698.0
2905.0,31,338.0,4.76056338028169,4.1942977600675695,11,280.0,0.2614448864123978,20,418.0,0.085874032128041,31,698.0
2910.0,36,399.0,5.955223880597015,3.521094213409457,13,294.0,0.30546739573935905,23,483.0,0.020655695762944567,36,777.0
2915.0,37,501.0,7.707692307692308,4.216866243637398,15,298.0,0.32784198725054237,22,512.0,0.09776664664931609,37,810.0
2920.0,31,558.0,8.454545454545455,3.6914146613018457,13,314.0,0.23108519083659396,18,561.0,0.16686002727530683,31,875.0
2925.0,23,506.0,8.031746031746032,4.102594602817132,14,323.0,0.15163881488668943,9,531.0,0.22398776892114064,23,854.0
2930.0,26,455.0,7.711864406779661,4.5730898264506745,17,327.0,0.0938883364809373,9,471.0,0.32986074339560373,26,798.0
2935.0,27,378.0,6.096774193548387,4.378340369593842,19,394.0,0.10046061040027987,8,394.0,0.2618550301195888,27,788.0
2940.0,32,482.0,8.456140350877194,3.829196838731179,19,443.0,0.12989389295242273,13,393.0,0.338472570073949,32,836.0
2945.0,27,516.0,9.214285714285714,3.6899997872679022,15,464.0,0.2002730658290802,12,345.0,0.28099076812073054,27,809.0
2950.0,22,486.0,8.526315789473685,4.073844910144075,14,481.0,0.20276635018773434,8,308.0,0.30111830454890653,22,789.0
2955.0,20,506.0,8.576271186440678,4.9047294852716545,11,476.0,0.26141131557563707,9,286.0,0.27847280241979394,20,762.0
2960.0,24,418.0,6.966666666666667,5.000983437456234,11,390.0,0.23935015871243115,13,301.0,0.22624879818794172,24,691.0
2965.0,27,334.0,5.21875,5.268918303443581,12,308.0,0.3026461160104579,15,330.0,0.25180926111570073,27,638.0
2970.0,20,351.0,5.85,5.068906429412367,12,329.0,0.2589786711484184,8,307.0,0.36470668968755293,20,636.0
2975.0,22,289.0,4.816666666666666,5.50238048822575,11,326.0,0.3241523625449181,11,247.0,0.338343872304971,22,573.0
2980.0,19,189.0,3.0483870967741935,4.926281820667111,9,313.0,0.30514437673468403,10,180.0,0.2557883063336866,19,493.0
2985.0,27,259.0,3.9242424242424243,5.402656107349344,13,276.0,0.3445842161816412,14,185.0,0.3009896062144303,27,461.0
2990.0,26,299.0,4.6,5.252670123009031,12,314.0,0.3558219796765978,14,216.0,0.3099704454237996,26,530.0
2995.0,26,385.0,6.111111111111111,4.8862448540042465,8,321.0,0.38866232395298694,18,264.0,0.20484303896868777,26,585.0
3000.0,27,351.0,5.484375,4.38360958135569,9,268.0,0.34932594843285175,18,299.0,0.14630165633910563,27,567.0
3005.0,27,340.0,5.0,5.408577302773283,16,202.0,0.309551364320356,11,268.0,0.2655883436871427,27,470.0
3010.0,29,405.0,5.955882352941177,4.902161849743862,17,263.0,0.1559624435093113,12,279.0,0.30040006596453167,29,542.0
3015.0,22,395.0,6.076923076923077,5.50415630250188,10,297.0,0.19568549575109112,12,298.0,0.3281577154099274,22,595.0
3020.0,25,256.0,3.9384615384615387,4.23386186634828,10,248.0,0.2280501366132383,15,316.0,0.19253078858937608,25,564.0
3025.0,32,318.0,4.96875,4.2510490908055525,14,233.0,0.20989054342488947,18,354.0,0.22117796547568278,32,587.0
3030.0,33,378.0,6.0,4.157877782974647,13,269.0,0.23338966127153826,20,382.0,0.2552111388067011,33,651.0
3035.0,19,342.0,5.516129032258065,5.215784333414336,7,243.0,0.29876781207350667,12,347.0,0.24922393319734382,19,590.0
3040.0,21,403.0,6.60655737704918,5.474465408082782,6,234.0,0.3907522608368463,15,379.0,0.19451774375595293,21,613.0
3045.0,22,337.0,5.435483870967742,5.6288918376236134,6,199.0,0.3430895449660259,16,387.0,0.19902687244217965,22,586.0
3050.0,26,427.0,7.237288135593221,4.777255324119656,10,214.0,0.3023365729365813,16,433.0,0.2438963314177327,26,647.0
3055.0,21,366.0,6.535714285714286,4.97336314644038,8,180.0,0.3237043916674068,13,423.0,0.2897281511620487,21,603.0
3060.0,29,426.0,7.344827586206897,4.724549865344978,12,119.0,0.2893369004714094,17,467.0,0.17489463709095776,29,586.0
3065.0,27,473.0,8.016949152542374,5.243365106933826,8,130.0,0.37017121658476854,19,502.0,0.1609212040987666,27,632.0
3070.0,24,354.0,6.2105263157894735,5.425608335223551,6,89.0,0.43504724193048777,18,482.0,0.16332668070818673,24,571.0
3075.0,22,298.0,5.228070175438597,5.4863939258248955,6,63.0,0.3505480971240106,16,438.0,0.2304093932945579,22,501.0
3080.0,25,341.0,6.2,5.329002735433473,10,106.0,0.30832884193391463,15,464.0,0.27644443883974623,25,570.0
3085.0,18,307.0,5.581818181818182,5.877964682613381,9,135.0,0.35665402503357063,9,426.0,0.29079256856914293,18,561.0
3090.0,19,228.0,4.30188679245283,5.3876703816221045,7,135.0,0.32244023597901345,12,379.0,0.2991397112466339,19,514.0
3095.0,21,205.0,3.727272727272727,4.731323354648985,9,135.0,0.1786313342716023,12,305.0,0.329499375809294,21,440.0
3100.0,23,264.0,4.888888888888889,5.260801694632812,10,165.0,0.305080538620726,13,311.0,0.34123855740599135,23,476.0
3105.0,23,275.0,5.288461538461538,4.7258354500842135,8,166.0,0.2633407743366136,15,305.0,0.2991841822494933,23,471.0
3110.0,24,282.0,5.320754716981132,4.14444478690337,7,126.0,0.3058431092376285,17,328.0,0.11048988948644273,24,454.0
3115.0,19,254.0,4.7924528301886795,5.254616723607345,6,111.0,0.31987138192694164,13,301.0,0.12461549458582465,19,412.0
3120.0,20,301.0,5.679245283018868,5.928081214579472,8,139.0,0.3325427018756632,12,322.0,0.22010260807010826,20,461.0
3125.0,27,336.0,6.461538461538462,4.461164976962804,9,139.0,0.23145446533257175,18,343.0,0.19168468854098591,27,482.0
3130.0,23,404.0,8.08,4.981913270280392,8,137.0,0.3389559863202789,15,376.0,0.29011631079501765,23,513.0
3135.0,20,417.0,8.34,5.223399155278653,8,122.0,0.23082936950307628,12,375.0,0.37013065326883304,20,497.0
3140.0,17,357.0,6.865384615384615,6.048699877005307,5,100.0,0.34759027541964915,12,374.0,0.3265250363786683,17,474.0
3145.0,16,356.0,6.472727272727273,6.7596340445023815,3,75.0,0.5001891563868991,13,391.0,0.2744850494538076,16,466.0
3150.0,21,294.0,5.345454545454546,6.48964021388402,6,83.0,0.5459827715305351,15,374.0,0.2207226235638403,21,457.0
3155.0,20,166.0,3.018181818181818,5.446653043221866,5,77.0,0.4719809130312768,15,317.0,0.24966997394611662,20,394.0
3160.0,21,214.0,3.8214285714285716,5.242119051498624,9,108.0,0.35148284177508793,12,365.0,0.2686488621728493,21,473.0
3165.0,20,244.0,4.4363636363636365,5.719835476831235,6,87.0,0.4716716523768997,14,397.0,0.2658639662474934,20,484.0
3170.0,18,199.0,3.3728813559322033,5.540054181239648,2,43.0,0.4647217824785339,16,399.0,0.1709215673679544,18,442.0
3175.0,20,223.0,3.912280701754386,6.737796469674917,6,50.0,0.5902564954988985,14,355.0,0.15333275366911334,20,405.0
3180.0,19,250.0,4.385964912280702,6.183745675710164,4,43.0,0.41747507323044486,15,353.0,0.13199715106544072,19,396.0
3185.0,21,270.0,4.821428571428571,6.056228916310578,9,81.0,0.29064313325298535,12,311.0,0.24358307760265505,21,392.0
3190.0,19,262.0,5.038461538461538,5.40262195699595,8,109.0,0.34192052408098306,11,330.0,0.3026194395262096,19,439.0
3195.0,20,255.0,5.1,5.469064309870935,10,128.0,0.3598105705418338,10,311.0,0.31416184965904165,20,439.0
3200.0,20,239.0,4.877551020408164,4.579804334110042,6,103.0,0.34849092938734133,14,346.0,0.22925425450285186,20,449.0
3205.0,24,310.0,6.078431372549019,4.5007631724657156,8,83.0,0.3136152881755485,16,374.0,0.21980409481545313,24,457.0
3210.0,21,313.0,5.589285714285714,4.866300680490634,7,90.0,0.3762459072328712,14,366.0,0.22530450390292042,21,456.0
3215.0,22,320.0,5.517241379310345,4.94032234286143,9,92.0,0.35003420366909466,13,385.0,0.27551865732335407,22,477.0
3220.0,20,288.0,4.8,5.467389437141125,7,95.0,0.3853003152626844,13,354.0,0.2916214554333608,20,449.0
3225.0,16,297.0,4.714285714285714,6.307346186390098,3,63.0,0.5093985778254377,13,376.0,0.2502429790873128,16,439.0
3230.0,18,304.0,4.825396825396825,6.73661658965957,4,64.0,0.589589135212548,14,387.0,0.17164176138455925,18,451.0
3235.0,23,173.0,2.9322033898305087,5.468683293453141,7,52.0,0.4670676162767406,16,346.0,0.1521986691914961,23,398.0
3240.0,27,292.0,5.0344827586206895,5.424836883858082,8,89.0,0.45283954255153613,19,359.0,0.19154989827135924,27,448.0
3245.0,27,318.0,5.578947368421052,4.278024546712726,11,106.0,0.37207701334899973,16,386.0,0.22619500214697882,27,492.0
3250.0,22,312.0,5.379310344827586,5.925614719645633,8,116.0,0.46624595727449597,14,383.0,0.3308687742276593,22,499.0
3255.0,21,271.0,4.593220338983051,5.200209752023077,9,115.0,0.303167340642737,12,369.0,0.33210192902892444,21,484.0
3260.0,22,226.0,3.7666666666666666,5.5886738653421695,9,109.0,0.26611164005718435,13,345.0,0.36367178949674694,22,454.0
3265.0,27,247.0,4.258620689655173,4.038889104761088,13,145.0,0.23030582427778476,14,341.0,0.3083920621354919,27,486.0
3270.0,27,289.0,4.816666666666666,4.386940659523475,11,185.0,0.3434235453259789,16,327.0,0.23800645679576388,27,512.0
3275.0,31,273.0,4.333333333333333,3.3726675812902442,12,185.0,0.25427003663115444,19,353.0,0.16560103074000074,31,538.0
3280.0,23,233.0,3.6984126984126986,4.2920677616272975,8,147.0,0.31289697126566157,15,354.0,0.16080607033984556,23,501.0
3285.0,20,263.0,4.174603174603175,5.370260538958913,7,112.0,0.31348901443305166,13,363.0,0.23923693859850229,20,475.0
3290.0,23,322.0,5.111111111111111,6.01741641181915,11,129.0,0.28785424574456175,12,356.0,0.2972968920444477,23,485.0
3295.0,25,314.0,5.413793103448276,5.163674110877407,11,171.0,0.2890909147260181,14,340.0,0.2595381917362114,25,511.0
3300.0,24,306.0,5.666666666666667,4.263640621231333,10,191.0,0.30608554663591037,14,345.0,0.17982998206470624,24,536.0
3305.0,28,335.0,6.203703703703703,4.5591763388254245,10,184.0,0.3970430577464731,18,362.0,0.10640768271783026,28,546.0
3310.0,21,308.0,5.811320754716981,5.340280495001237,5,168.0,0.3732679109237549,16,409.0,0.23697020706806624,21,577.0
3315.0,14,214.0,4.115384615384615,6.272887510280518,6,138.0,0.3416272273443898,8,382.0,0.3495543375226402,14,520.0
3320.0,17,151.0,2.849056603773585,5.024977513111481,8,130.0,0.11552684927519194,9,314.0,0.3047150484002538,17,444.0
3325.0,26,211.0,3.6379310344827585,4.889109398521309,12,160.0,0.183065709097105,14,277.0,0.31780297821622744,26,437.0
3330.0,20,264.0,4.551724137931035,5.930917725621575,9,159.0,0.3121926674139496,11,303.0,0.4476486971252894,20,462.0
3335.0,16,261.0,4.660714285714286,5.951761634029629,6,157.0,0.35298775312367026,10,300.0,0.45729285698514294,16,457.0
3340.0,19,309.0,6.0588235294117645,5.6610898172987785,7,140.0,0.46843127636946374,12,333.0,0.27856436734373385,19,473.0
3345.0,25,387.0,7.036363636363636,4.496079513537511,9,156.0,0.3360285778594535,16,378.0,0.08909740070565268,25,534.0
3350.0,27,438.0,7.963636363636364,4.593388595894485,9,172.0,0.3574546686911349,18,420.0,0.1471206479711946,27,592.0
3355.0,27,505.0,9.181818181818182,4.683851713944757,9,166.0,0.3464374076700705,18,490.0,0.2332318375233526,27,656.0
3360.0,23,549.0,9.631578947368421,5.06808272006933,9,163.0,0.4160648086944346,14,538.0,0.26686641375390363,23,701.0
3365.0,18,437.0,7.666666666666667,5.389295892875686,7,126.0,0.37973324051510765,11,525.0,0.3229370726519117,18,651.0
3370.0,25,413.0,7.245614035087719,4.247328901890304,13,157.0,0.2552497830859238,12,486.0,0.24596790200257113,25,643.0
3375.0,28,256.0,4.19672131147541,4.122216791407139,14,178.0,0.1922594212313727,14,370.0,0.23836278554493512,28,548.0
3380.0,28,301.0,4.703125,4.342026553141296,14,178.0,0.23269663809958044,14,389.0,0.23447333028849077,28,567.0
3385.0,21,310.0,5.0,5.253966146210647,11,200.0,0.2561946995499648,10,379.0,0.29892328501753473,21,579.0
3390.0,22,361.0,5.82258064516129,5.518130870203971,10,193.0,0.27150754954403344,12,324.0,0.28663602959648005,22,517.0
3395.0,26,410.0,6.612903225806452,4.792778324447038,10,218.0,0.33579642408877514,16,300.0,0.18331006904441363,26,518.0
3400.0,30,435.0,6.796875,4.839213269852559,13,255.0,0.3766721937599888,17,318.0,0.2307530191822341,30,573.0
3405.0,32,535.0,8.492063492063492,4.671885395413856,11,265.0,0.3747576365830993,21,371.0,0.2195495933511032,32,636.0
3410.0,31,554.0,8.393939393939394,4.670658507318018,11,271.0,0.37559188541963545,20,427.0,0.17940073468693518,31,698.0
3415.0,22,539.0,8.166666666666666,4.85638219548832,9,300.0,0.32319802944880316,13,430.0,0.16992334661144334,22,730.0
3420.0,27,443.0,6.712121212121212,5.020876533860022,14,350.0,0.21872691377410033,13,343.0,0.24894065717428224,27,693.0
3425.0,27,354.0,5.363636363636363,4.965274983593047,15,347.0,0.2667824997143281,12,271.0,0.22665891159382512,27,618.0
3430.0,28,382.0,5.96875,5.138138651868717,14,286.0,0.30744312879012664,14,290.0,0.29010625995600103,28,576.0
3435.0,26,373.0,5.7384615384615385,4.758784999781485,13,279.0,0.18082554163823655,13,277.0,0.33713248895438525,26,556.0
3440.0,26,387.0,5.953846153846154,4.733760998753314,14,284.0,0.17390224307414173,12,284.0,0.28928612137248466,26,568.0
3445.0,30,333.0,4.897058823529412,5.1107727938164516,14,296.0,0.24345243503973818,16,269.0,0.321389701491571,30,565.0
3450.0,23,309.0,4.681818181818182,5.280310645588032,9,229.0,0.3196419052828351,14,311.0,0.3022109886450197,23,540.0
3455.0,24,321.0,5.095238095238095,4.448158366744527,9,246.0,0.17703364065756816,15,341.0,0.2860961439721856,24,587.0
3460.0,34,417.0,6.318181818181818,3.9467924342453524,14,278.0,0.24237027677576092,20,378.0,0.18745221792992464,34,656.0
3465.0,33,507.0,7.681818181818182,3.6318105410595045,11,271.0,0.23396961408540315,22,444.0,0.20133127335996134,33,715.0
3470.0,31,530.0,7.91044776119403,4.464686690641402,11,249.0,0.30780762039224924,20,485.0,0.2181861593988682,31,734.0
3475.0,24,389.0,5.557142857142857,5.37668664789121,9,213.0,0.3189340144567343,15,463.0,0.21342335788695016,24,676.0
3480.0,27,437.0,6.154929577464789,5.4840623263519905,12,199.0,0.250711631309694,15,466.0,0.2780197578800746,27,665.0
3485.0,28,426.0,6.173913043478261,5.423311894379512,11,201.0,0.2766708646812964,17,447.0,0.280810050947153,28,648.0
3490.0,31,340.0,4.788732394366197,4.751087301873879,12,192.0,0.30520873181541774,19,395.0,0.23837277990112865,31,587.0
3495.0,31,372.0,5.470588235294118,5.1210630715271375,9,205.0,0.44273413466323674,22,393.0,0.24233263406999253,31,598.0
3500.0,28,384.0,5.408450704225352,5.235307162457035,4,167.0,0.47409492776600776,24,437.0,0.17690324615542774,28,604.0
3505.0,22,366.0,5.462686567164179,5.380159669259214,5,146.0,0.494399029319053,17,424.0,0.1510725905344088,22,570.0
3510.0,23,364.0,5.2,5.742226758496623,7,118.0,0.3252494429631911,16,438.0,0.23861721750350834,23,556.0
3515.0,27,386.0,5.938461538461539,5.125059820019215,11,76.0,0.21569128686673827,16,478.0,0.25838724551315256,27,554.0
3520.0,31,435.0,6.904761904761905,3.8594787858972115,11,118.0,0.1639427895276781,20,498.0,0.2109254261479678,31,616.0
3525.0,29,515.0,8.306451612903226,3.7336582549039594,9,135.0,0.3016739168680256,20,555.0,0.13588389266774378,29,690.0
3530.0,22,510.0,7.96875,4.985930914474058,5,116.0,0.3915106654215968,17,575.0,0.19019324841248722,22,691.0
3535.0,24,452.0,6.848484848484849,5.861696462968349,7,88.0,0.3466025727014883,17,555.0,0.2826082282430901,24,643.0
3540.0,19,319.0,5.063492063492063,5.9590878030725625,6,84.0,0.36454246425951253,13,484.0,0.29221331706441955,19,568.0
3545.0,23,399.0,6.762711864406779,5.906052971922157,7,108.0,0.4322808082989842,16,450.0,0.2463771451365297,23,558.0
3550.0,21,280.0,5.0,4.804746746044917,6,94.0,0.4782868247726609,15,420.0,0.1518353715264217,21,514.0
3555.0,23,316.0,5.745454545454545,5.377307825982139,4,70.0,0.5353088934170072,19,392.0,0.1925785880139403,23,462.0
3560.0,22,299.0,5.537037037037037,5.316263954661611,5,67.0,0.5005739720213168,17,400.0,0.25696384084242224,22,467.0
3565.0,24,356.0,6.592592592592593,4.602783153529882,9,108.0,0.32406540739347145,15,383.0,0.23117393699702482,24,491.0
3570.0,27,318.0,5.781818181818182,3.6571945608034935,10,93.0,0.2940498769602748,17,387.0,0.13876076196696657,27,480.0
3575.0,17,282.0,5.529411764705882,4.9314685840474395,5,88.0,0.2872448359108257,12,334.0,0.1991847117707585,17,422.0
3580.0,18,302.0,6.04,5.164125156254523,7,99.0,0.3017154240839506,11,308.0,0.20849688557647433,18,407.0
3585.0,18,232.0,4.64,5.842123640760739,6,97.0,0.4049896430484211,12,279.0,0.13297753066499973,18,376.0
3590.0,19,231.0,4.529411764705882,6.013170995995208,8,93.0,0.48887333019020335,11,284.0,0.1742966285988637,19,377.0
3595.0,18,208.0,4.425531914893617,6.19642764407316,5,73.0,0.4769409617255698,13,308.0,0.3124179371856936,18,381.0
3600.0,17,228.0,4.75,5.8962889350500305,9,90.0,0.27497097688752103,8,308.0,0.42190421603940875,17,398.0
3605.0,15,193.0,3.86,5.919503004131375,9,97.0,0.296849177210874,6,242.0,0.3892952471818682,15,339.0
3610.0,15,198.0,3.8823529411764706,6.0287000706637555,6,86.0,0.35593522328789406,9,233.0,0.29475944383124786,15,319.0
3615.0,21,240.0,4.528301886792453,5.844065245451445,7,94.0,0.3739369982380203,14,210.0,0.2506650061830925,21,304.0
3620.0,24,306.0,5.884615384615385,5.1734629721363,10,138.0,0.32526783434435314,14,257.0,0.2893082728258143,24,395.0
3625.0,20,318.0,6.235294117647059,5.550781944011458,10,154.0,0.3479244286119483,10,275.0,0.3489968786064173,20,429.0
3630.0,20,331.0,6.365384615384615,5.243246570674031,11,157.0,0.38557647326980043,9,265.0,0.2950674321947112,20,422.0
3635.0,18,299.0,6.1020408163265305,4.927201564147164,9,161.0,0.2725002128248446,9,239.0,0.3081169186270842,18,400.0
3640.0,17,317.0,6.604166666666667,4.8492604775093175,8,137.0,0.13903302860310474,9,256.0,0.3483320451788572,17,393.0
3645.0,15,263.0,5.595744680851064,5.265153375010295,5,108.0,0.24390681705006223,10,267.0,0.26474435123394024,15,375.0
3650.0,21,191.0,4.0638297872340425,5.735474904192367,11,99.0,0.29304357488270566,10,220.0,0.2784077142927155,21,319.0
3655.0,11,127.0,2.760869565217391,6.277529738880295,6,110.0,0.34918033151235145,5,122.0,0.3820832244742616,11,232.0
3660.0,8,144.0,3.2,8.302878720080216,3,89.0,0.5238398444714463,5,108.0,0.5046334484405868,8,197.0
3665.0,12,193.0,4.386363636363637,7.565604897987314,5,97.0,0.5246356773499324,7,110.0,0.30765467307403765,12,207.0
3670.0,10,126.0,2.739130434782609,6.448455440060918,4,52.0,0.4477404334019222,6,109.0,0.2803737353351593,10,161.0
3675.0,12,152.0,3.3043478260869565,7.0837840050714105,6,64.0,0.4491340798338731,6,95.0,0.3917083880348154,12,159.0
3680.0,15,164.0,3.4893617021276597,7.134934943939606,10,102.0,0.39410604738761273,5,78.0,0.4761297213142878,15,180.0
3685.0,14,177.0,3.54,6.3907871675485035,9,124.0,0.30961918061495797,5,82.0,0.41726192111578436,14,206.0
3690.0,16,223.0,4.74468085106383,6.704816292079923,10,129.0,0.37474217204424276,6,102.0,0.4001215380218112,16,231.0
3695.0,11,76.0,1.7272727272727273,6.213585365800508,7,91.0,0.33350101342723937,4,43.0,0.46381594848641966,11,134.0
3700.0,15,134.0,2.9130434782608696,6.725388329836492,10,96.0,0.3516440796980696,5,47.0,0.46056049640518476,15,143.0
3705.0,18,173.0,3.760869565217391,5.267845307688705,12,145.0,0.31644989496500303,6,49.0,0.35653279657429815,18,194.0
3710.0,15,160.0,3.2,6.118909276194506,10,161.0,0.36764590338902026,5,47.0,0.3833165442016682,15,208.0
3715.0,18,208.0,4.078431372549019,6.431984100691119,13,187.0,0.30394637513592393,5,54.0,0.42703379827551174,18,241.0
3720.0,18,211.0,4.395833333333333,5.993824033790498,10,180.0,0.32109299235400474,8,74.0,0.34941211568739894,18,254.0
3725.0,23,269.0,5.604166666666667,5.203965745351026,13,199.0,0.2725438078654776,10,108.0,0.3275736262946792,23,307.0
3730.0,21,268.0,5.702127659574468,4.776418451943275,10,205.0,0.33447546500189296,11,143.0,0.28221091078014565,21,348.0
3735.0,16,174.0,3.5510204081632653,5.982933762688689,8,136.0,0.3812360204472779,8,148.0,0.3491588815309619,16,284.0
3740.0,12,184.0,3.68,6.746838402697093,8,119.0,0.31994266531091625,4,108.0,0.36931732077580637,12,227.0
3745.0,12,135.0,2.6470588235294117,6.236258783769341,10,143.0,0.162743946001017,2,82.0,0.393044286007582,12,225.0
3750.0,19,190.0,3.6538461538461537,6.697156071821498,10,157.0,0.3010346170470758,9,87.0,0.3876018055705417,19,244.0
3755.0,12,173.0,3.5306122448979593,5.739435993597196,7,150.0,0.3595972258065199,5,90.0,0.36323069105730277,12,240.0
3760.0,16,238.0,5.173913043478261,6.719061513919502,10,184.0,0.3942477232947147,6,92.0,0.5044851451646154,16,276.0
3765.0,14,212.0,4.51063829787234,6.67066718858773,9,182.0,0.2500141407638653,5,83.0,0.600003309633815,14,265.0
3770.0,18,285.0,6.0638297872340425,6.375244416123832,11,200.0,0.22116859458319377,7,91.0,0.44701205868740895,18,291.0
3775.0,17,232.0,5.043478260869565,5.5937066042273615,11,217.0,0.2079206176005878,6,59.0,0.3466215158577874,17,276.0
3780.0,15,245.0,5.104166666666667,6.463324220422538,8,217.0,0.3691291626835694,7,59.0,0.3597881426121614,15,276.0
3785.0,13,132.0,2.8085106382978724,6.565435652854894,7,168.0,0.4900467604222379,6,66.0,0.4158341532027686,13,234.0
3790.0,14,145.0,3.152173913043478,6.988000851454924,6,102.0,0.49822538476131634,8,89.0,0.40852039595468775,14,191.0
3795.0,17,187.0,3.8958333333333335,5.515562900539893,10,127.0,0.2533766273165367,7,106.0,0.4132480962359045,17,233.0
3800.0,20,229.0,4.490196078431373,5.8710623535129844,11,157.0,0.2526969883809766,9,107.0,0.4577987901078433,20,264.0
3805.0,19,255.0,5.0,6.158205425542981,10,173.0,0.35961485252974407,9,119.0,0.4002425744336414,19,292.0
3810.0,20,276.0,5.3076923076923075,5.767629244452712,7,173.0,0.3778330667379708,13,143.0,0.351036553259104,20,316.0
3815.0,17,258.0,4.777777777777778,5.873045192923339,6,140.0,0.42563432874004653,11,167.0,0.27469371798005354,17,307.0
3820.0,15,205.0,3.7962962962962963,5.663822620568975,6,111.0,0.39503659416905557,9,146.0,0.24985452035000905,15,257.0
3825.0,18,117.0,2.1666666666666665,5.355444628942626,11,101.0,0.23009192575647006,7,109.0,0.34869415856209374,18,210.0
3830.0,23,179.0,3.1403508771929824,5.416921770473427,12,137.0,0.23327388397125956,11,113.0,0.36226167914713275,23,250.0
3835.0,14,185.0,3.425925925925926,6.030890740111111,6,138.0,0.4286818685065486,8,127.0,0.2777718781261538,14,265.0
3840.0,17,234.0,4.5,6.807381599396583,8,146.0,0.45209385212539194,9,117.0,0.2905357445310227,17,263.0
3845.0,16,218.0,4.1923076923076925,5.909321240765984,8,166.0,0.2759974430204786,8,94.0,0.24072648516498749,16,260.0
3850.0,18,270.0,5.4,6.221577322352038,10,206.0,0.2223890499773713,8,94.0,0.3567647739030135,18,300.0
3855.0,14,273.0,5.6875,6.185117043364801,9,228.0,0.3352868564636279,5,99.0,0.4350907262509424,14,327.0
3860.0,15,308.0,6.695652173913044,7.327899146720776,8,236.0,0.4421418146831852,7,94.0,0.4810960245077395,15,330.0
3865.0,13,237.0,4.836734693877551,5.590324974955127,3,191.0,0.3715257821210294,10,119.0,0.2882861243566767,13,310.0
3870.0,20,309.0,5.9423076923076925,6.142728122983846,7,170.0,0.4664255717126793,13,161.0,0.27596697009688903,20,331.0
3875.0,17,289.0,5.666666666666667,5.847724858022164,4,184.0,0.44542487366645134,13,159.0,0.2995487596102146,17,343.0
3880.0,19,369.0,6.962264150943396,6.352484602604349,5,197.0,0.5048211489534136,14,190.0,0.2725260917790178,19,387.0
3885.0,18,339.0,6.519230769230769,5.745362737975597,4,207.0,0.5089270703494567,14,197.0,0.11843729958841408,18,404.0
3890.0,17,345.0,6.634615384615385,6.662872837008414,6,224.0,0.44843304561910385,11,175.0,0.2925879298134533,17,399.0
3895.0,16,358.0,7.16,5.193176362287813,7,248.0,0.24366578954746243,9,180.0,0.3400739774478476,16,428.0
3900.0,19,393.0,8.020408163265307,6.15897787065256,11,300.0,0.3418533277497593,8,164.0,0.46970636222339684,19,464.0
3905.0,19,381.0,7.775510204081633,5.34812900339252,9,324.0,0.33033019354971477,10,176.0,0.4172779041820919,19,500.0
3910.0,17,399.0,8.142857142857142,5.204663197417125,6,311.0,0.44022925774344945,11,173.0,0.22312377957599555,17,484.0
3915.0,21,157.0,2.8545454545454545,4.8878890646406115,5,150.0,0.43630712385557907,16,196.0,0.10680181024507239,21,346.0
3920.0,15,164.0,2.9285714285714284,6.5775279921191885,5,47.0,0.45144676944544077,10,212.0,0.29487956604943255,15,259.0
3925.0,19,180.0,3.272727272727273,5.964571057041027,7,69.0,0.39381194870161146,12,221.0,0.312155466821338,19,290.0
3930.0,23,258.0,4.607142857142857,5.739760290763792,9,100.0,0.3395164516658525,14,235.0,0.304142395691446,23,335.0
3935.0,22,278.0,5.054545454545455,4.686232298205682,9,112.0,0.32217214639877656,13,270.0,0.2807453650731644,22,382.0
3940.0,18,322.0,5.649122807017544,5.9789729137894,9,102.0,0.3074318817527471,9,272.0,0.3735784139109304,18,374.0
3945.0,17,242.0,4.321428571428571,6.221153360657232,8,131.0,0.2352699697694073,9,215.0,0.4264120394284397,17,346.0
3950.0,24,320.0,5.333333333333333,6.3341544511027115,11,163.0,0.3281936866558841,13,213.0,0.33768446227808313,24,376.0
3955.0,23,320.0,5.333333333333333,5.851266192932195,8,189.0,0.4118112002706092,15,228.0,0.28971538346165515,23,417.0
3960.0,21,340.0,6.071428571428571,6.1934099494816435,8,204.0,0.49538948252403,13,243.0,0.28724502711614774,21,447.0
3965.0,23,274.0,4.566666666666666,4.865496501328783,8,165.0,0.4133643495562307,15,276.0,0.15178563165615835,23,441.0
3970.0,28,354.0,5.619047619047619,4.984775067584414,9,166.0,0.39880453682139805,19,303.0,0.18304260663225522,28,469.0
3975.0,27,244.0,3.753846153846154,4.775125340811005,13,116.0,0.2755203824116189,14,318.0,0.28736130562164097,27,434.0
3980.0,24,225.0,3.3088235294117645,6.073382128974747,14,136.0,0.28640412664311266,10,268.0,0.4239500154166702,24,404.0
3985.0,24,273.0,4.074626865671642,6.267043842275592,15,177.0,0.23149907272558248,9,227.0,0.4752972636583087,24,404.0
3990.0,18,215.0,3.1159420289855073,6.2488020882765465,8,160.0,0.2700267882293467,10,209.0,0.3553214166655652,18,369.0
3995.0,16,121.0,1.7794117647058822,5.69058742681234,5,148.0,0.34093314774039274,11,199.0,0.22531767746056885,16,347.0
4000.0,27,160.0,2.4615384615384617,4.588253959625411,9,132.0,0.33710840768354683,18,239.0,0.15215093244156452,27,371.0
4005.0,28,245.0,3.9516129032258065,5.044328027177198,10,141.0,0.3027101314424044,18,299.0,0.25273239579003187,28,440.0
4010.0,21,252.0,4.271186440677966,5.382986022635074,5,108.0,0.3615883449273303,16,352.0,0.22179825554533042,21,460.0
4015.0,17,241.0,3.9508196721311477,5.0824998524300415,7,125.0,0.266646465987315,10,348.0,0.1350305217908455,17,473.0
4020.0,25,230.0,3.8983050847457625,5.270790476350927,14,180.0,0.20083247072701144,11,326.0,0.24003267723958713,25,506.0
4025.0,27,310.0,5.344827586206897,5.379905307466585,13,213.0,0.32997373498983606,14,328.0,0.25693302817835945,27,541.0
4030.0,18,334.0,6.072727272727272,5.602184891006825,7,195.0,0.49941404826208474,11,345.0,0.1343974091731721,18,540.0
4035.0,17,318.0,6.0,5.685444595473625,8,176.0,0.4240093421505289,9,331.0,0.17659517803069216,17,507.0
4040.0,23,314.0,5.413793103448276,4.7388202353804525,14,182.0,0.19225188148680875,9,311.0,0.27788296506991117,23,493.0
4045.0,24,289.0,4.898305084745763,4.8721436358253385,16,213.0,0.2266774818077145,8,227.0,0.3817548850478471,24,440.0
4050.0,23,345.0,5.655737704918033,5.133602553317984,13,222.0,0.3704125682512082,10,191.0,0.23644668746423328,23,413.0
4055.0,23,349.0,5.721311475409836,5.292428337326891,10,173.0,0.4240828733734479,13,249.0,0.16663370648316192,23,422.0
4060.0,27,426.0,6.761904761904762,5.015361082405195,16,219.0,0.3403255859091603,11,283.0,0.2686146596522854,27,502.0
4065.0,32,487.0,7.73015873015873,4.475965129211334,21,271.0,0.24185916723673234,11,328.0,0.37862809376577455,32,599.0
4070.0,29,458.0,6.9393939393939394,4.453701037401851,22,291.0,0.20094402718386198,7,310.0,0.4047526895419353,29,601.0
4075.0,31,501.0,7.590909090909091,4.867294545794094,24,383.0,0.16347763316006114,7,241.0,0.46576731144948896,31,624.0
4080.0,30,562.0,8.264705882352942,4.760256659290328,23,476.0,0.15839570166069677,7,256.0,0.38531424746382303,30,732.0
4085.0,35,614.0,9.029411764705882,3.857381460329221,23,525.0,0.15217297025281887,12,296.0,0.2729434773605812,35,821.0
4090.0,27,389.0,6.483333333333333,4.197956075638796,18,498.0,0.18523049830830526,9,248.0,0.37241746587815727,27,746.0
4095.0,26,313.0,5.048387096774194,4.184072166384061,19,531.0,0.19316091312470474,7,149.0,0.35149622927315477,26,680.0
4100.0,34,370.0,5.36231884057971,4.026925243166429,23,582.0,0.2142879813000709,11,164.0,0.1990382288201513,34,746.0
4105.0,33,468.0,6.782608695652174,4.729261270319665,23,646.0,0.24943852578134382,10,175.0,0.30956586087352206,33,821.0
4110.0,29,482.0,6.602739726027397,5.119131594719038,21,717.0,0.2315951985362147,8,191.0,0.3882775795546952,29,908.0
4115.0,30,550.0,7.4324324324324325,5.1224076244936985,21,694.0,0.20446014576073426,9,221.0,0.42123754838539645,30,915.0
4120.0,29,487.0,6.957142857142857,4.711609114085289,20,636.0,0.19166332667195451,9,189.0,0.3442208121425811,29,825.0
4125.0,30,432.0,6.171428571428572,4.410465369941539,17,574.0,0.19276032303841423,13,197.0,0.23701630480809996,30,771.0
4130.0,32,352.0,4.957746478873239,4.067712012482881,20,549.0,0.1953203973745614,12,221.0,0.2904135330819637,32,770.0
4135.0,29,419.0,5.586666666666667,4.737251351933776,21,584.0,0.19687120558884597,8,203.0,0.39493119858013787,29,787.0
4140.0,29,389.0,5.328767123287672,4.82127413649466,20,589.0,0.1714920094637426,9,180.0,0.3767126477085703,29,769.0
4145.0,28,440.0,5.866666666666666,5.21985458995443,19,631.0,0.210368365290934,9,142.0,0.25381413989146057,28,773.0
4150.0,25,424.0,5.888888888888889,4.920887472118326,17,617.0,0.25466974192587966,8,153.0,0.13666118825202445,25,770.0
4155.0,33,420.0,6.086956521739131,4.645191647029532,21,584.0,0.21805514432151063,12,188.0,0.18087613401654895,33,772.0
4160.0,27,470.0,7.230769230769231,4.658857551218519,19,661.0,0.20572328268217951,8,188.0,0.3260231286716034,27,849.0
4165.0,27,533.0,9.033898305084746,4.9520111874900925,18,710.0,0.17041402670118275,9,159.0,0.33526963992740677,27,869.0
4170.0,28,565.0,9.576271186440678,4.017063744713415,21,724.0,0.1096491209900804,7,161.0,0.3131487986228382,28,885.0
4175.0,30,539.0,8.983333333333333,4.4411614492263585,22,719.0,0.1770274850723507,8,129.0,0.29635298574602137,30,848.0
4180.0,26,600.0,10.714285714285714,3.6050873700610695,20,741.0,0.19006488307174485,6,149.0,0.3884477463710977,26,890.0
4185.0,28,669.0,11.736842105263158,4.093280510111009,20,749.0,0.2501149626882184,8,181.0,0.4114804843076655,28,930.0
4190.0,29,623.0,10.048387096774194,3.4284562749696934,24,814.0,0.22123125907712296,5,125.0,0.30003282717747914,29,939.0
4195.0,25,625.0,9.328358208955224,4.26573515536054,17,824.0,0.23257140848713692,8,127.0,0.30800349026974344,25,951.0
4200.0,23,325.0,4.642857142857143,4.667941641592986,17,730.0,0.23714642344418405,6,104.0,0.40209496686883645,23,834.0
4205.0,25,274.0,3.971014492753623,5.461969202078926,22,546.0,0.1730064378585524,3,70.0,0.5776556205103908,25,616.0
4210.0,30,382.0,5.701492537313433,4.696342958973887,27,621.0,0.0822216760501611,3,77.0,0.5855602818613207,30,698.0
4215.0,29,461.0,6.984848484848484,4.728906916910658,23,658.0,0.12044768406880155,6,100.0,0.44242470920614135,29,758.0
4220.0,22,436.0,6.920634920634921,4.884406294470662,17,632.0,0.24040115753621655,5,107.0,0.22182648456548879,22,739.0
4225.0,23,376.0,5.968253968253968,5.210856080637439,15,568.0,0.28337049267550235,8,135.0,0.2539134035033244,23,703.0
4230.0,24,323.0,5.126984126984127,4.441378482603872,20,556.0,0.22536017267929354,4,153.0,0.4120081003146359,24,709.0
4235.0,25,323.0,4.969230769230769,5.135891000113034,20,559.0,0.15445598115312914,5,164.0,0.5743467434677298,25,723.0
4240.0,28,320.0,4.63768115942029,5.2026224363844955,25,625.0,0.14526615447276817,3,131.0,0.6023007284893198,28,756.0
4245.0,24,314.0,4.422535211267606,5.779310533847126,18,640.0,0.23744458681342293,6,121.0,0.4792182585677106,24,761.0
4250.0,26,374.0,5.5,4.790988082785149,17,642.0,0.2329412807479985,9,156.0,0.3038828862986759,26,798.0
4255.0,34,426.0,5.68,4.056024828606388,25,630.0,0.1234202891982028,9,187.0,0.35394428779916387,34,817.0
4260.0,34,509.0,6.6103896103896105,5.349131779097167,26,677.0,0.19463934101654062,8,195.0,0.5200067314367101,34,872.0
4265.0,32,475.0,5.9375,4.949144219921788,26,740.0,0.21001089497308104,6,117.0,0.4425338837053892,32,857.0
4270.0,30,511.0,6.3875,5.072001374430576,19,739.0,0.24930395521620596,11,113.0,0.32342388625294477,30,852.0
4275.0,32,471.0,6.038461538461538,3.9937578390408746,19,689.0,0.2247111483941143,13,129.0,0.1894194193053349,32,818.0
4280.0,41,561.0,6.925925925925926,4.099405483777981,25,720.0,0.2089642145549197,16,195.0,0.21408262719265175,41,915.0
4285.0,44,676.0,8.345679012345679,3.7640020794047704,31,768.0,0.1642619163971871,13,225.0,0.26738324918014816,44,993.0
4290.0,44,629.0,7.765432098765432,4.10201656811044,32,846.0,0.08983976087175534,12,240.0,0.3967111697304943,44,1086.0
4295.0,41,545.0,6.8125,3.823307174444281,31,921.0,0.02967220245050415,10,223.0,0.39616117976539417,41,1144.0
4300.0,38,540.0,6.666666666666667,4.104130332512219,22,935.0,0.12778370314683798,16,206.0,0.22766716709700255,38,1141.0
4305.0,34,588.0,7.636363636363637,4.336599352621749,18,919.0,0.24625090437830302,16,258.0,0.188263529584489,34,1177.0
4310.0,34,685.0,9.256756756756756,4.770543170309725,21,936.0,0.20158718956419028,13,285.0,0.24729818264067596,34,1221.0
4315.0,39,651.0,8.68,3.806182309329128,24,954.0,0.0941903856363664,15,309.0,0.2122101715067096,39,1263.0
4320.0,36,484.0,6.285714285714286,4.55293713334561,23,949.0,0.15382802801021123,13,298.0,0.29581519156586844,36,1247.0
4325.0,35,483.0,6.616438356164384,4.1273827431161605,23,1004.0,0.18628248317367327,12,298.0,0.27750148314242273,35,1302.0
4330.0,33,505.0,7.214285714285714,4.06870513188564,18,1000.0,0.19896233510080005,15,281.0,0.21466214105602574,33,1281.0
4335.0,29,563.0,7.929577464788732,3.8313828843576196,16,1016.0,0.1925647459905368,13,301.0,0.19587795840910785,29,1317.0
4340.0,30,608.0,8.106666666666667,4.444174849134813,21,993.0,0.10921819832819954,9,264.0,0.30376563240508336,30,1257.0
4345.0,32,658.0,9.013698630136986,4.66769875684143,25,1051.0,0.10919221085023978,7,227.0,0.41670229431048716,32,1278.0
4350.0,29,740.0,10.422535211267606,4.997386009581995,17,1064.0,0.2469947156746588,12,266.0,0.2594697164206345,29,1330.0
4355.0,31,738.0,10.394366197183098,4.135373319501438,17,1060.0,0.25011340231675677,14,267.0,0.1679697919851278,31,1327.0
4360.0,34,818.0,11.205479452054794,4.604749308638539,21,1134.0,0.2464267963362654,13,237.0,0.22220677566755634,34,1371.0
4365.0,35,785.0,10.753424657534246,4.3278424409260134,24,1106.0,0.24478205865610386,11,249.0,0.2395783177758874,35,1355.0
4370.0,32,522.0,7.457142857142857,4.479649972704997,24,988.0,0.1473981375611293,8,205.0,0.36474679805303345,32,1193.0
4375.0,32,352.0,5.253731343283582,3.670452251135754,22,1032.0,0.08619758777975561,10,215.0,0.3375747774015083,32,1247.0
4380.0,36,460.0,6.764705882352941,3.9846983680929613,22,1087.0,0.10996150397239267,14,234.0,0.30977737744085,36,1321.0
4385.0,36,467.0,6.970149253731344,3.175300726657963,23,1110.0,0.09471992031809277,13,260.0,0.28397620874905916,36,1370.0
4390.0,32,404.0,6.121212121212121,4.351455017966958,16,1067.0,0.19938896963561106,16,318.0,0.28182666976191756,32,1385.0
4395.0,28,401.0,5.897058823529412,4.410151192914313,13,972.0,0.24784287826123114,15,333.0,0.25373316028589626,28,1305.0
4400.0,23,340.0,5.074626865671642,4.56301005592717,14,810.0,0.15418980209024155,9,294.0,0.32630724928191307,23,1104.0
4405.0,26,297.0,4.432835820895522,3.857344803509781,15,801.0,0.08843617310063114,11,232.0,0.3125532274034441,26,1033.0
4410.0,24,315.0,4.632352941176471,4.916904953841248,12,750.0,0.20448732612711934,12,177.0,0.3043461108315132,24,927.0
4415.0,25,379.0,5.492753623188406,4.852129883817277,10,687.0,0.29454563961727,15,208.0,0.2149225025524244,25,895.0
4420.0,25,439.0,6.271428571428571,5.427142211467047,14,532.0,0.2329303559832507,11,210.0,0.32718984629274106,25,742.0
4425.0,28,435.0,6.397058823529412,4.480005607602402,16,548.0,0.1488975021181983,12,197.0,0.30354681484469387,28,745.0
4430.0,26,485.0,7.2388059701492535,4.941057402233548,12,551.0,0.19681686997225425,14,202.0,0.2868145061981173,26,753.0
4435.0,28,474.0,7.645161290322581,4.2556556318276115,12,518.0,0.22950956177079354,16,249.0,0.2145985088237387,28,767.0
4440.0,29,538.0,8.67741935483871,4.868799071503126,17,516.0,0.17526839078200276,12,277.0,0.2510155276094427,29,793.0
4445.0,30,493.0,8.081967213114755,3.9711228224004427,16,480.0,0.1357437459988797,14,265.0,0.18709279640161408,30,745.0
4450.0,32,604.0,9.587301587301587,4.716900307527351,16,512.0,0.2017461589325296,16,265.0,0.23775474656084317,32,777.0
4455.0,30,584.0,9.419354838709678,4.266266230630125,14,491.0,0.2517398317397868,16,259.0,0.2747152004977871,30,750.0
4460.0,25,600.0,9.523809523809524,5.336668744437047,9,448.0,0.3380311885775859,16,287.0,0.28232176536321196,25,735.0
4465.0,24,335.0,5.403225806451613,4.584835511035924,9,286.0,0.3094672770380984,15,309.0,0.24941921299353095,24,595.0
4470.0,20,301.0,4.703125,5.497262441791661,9,166.0,0.29074964824330285,11,280.0,0.3126083816818321,20,446.0
4475.0,24,275.0,4.365079365079365,4.635558976037412,11,181.0,0.1741472884612518,13,266.0,0.30760005155869236,24,447.0
4480.0,27,308.0,4.666666666666667,5.336651831949781,10,192.0,0.2884456347304071,17,270.0,0.2712892381720161,27,462.0
4485.0,28,265.0,3.955223880597015,4.660115043685308,9,151.0,0.32980316581446134,19,310.0,0.15892251463645016,28,461.0
4490.0,32,396.0,6.1875,5.154832825701923,10,169.0,0.40862298917234613,22,356.0,0.2002791988575439,32,525.0
4495.0,32,400.0,6.451612903225806,4.675086683725797,12,177.0,0.4020394673378849,20,391.0,0.17526948114203772,32,568.0
4500.0,28,417.0,6.515625,4.832381949301975,14,201.0,0.2932004879043968,14,400.0,0.25560535269800894,28,601.0
4505.0,32,380.0,5.9375,3.6105555868180805,15,231.0,0.1588547750200367,17,395.0,0.2433547648057194,32,626.0
4510.0,23,320.0,5.079365079365079,4.623539109174168,10,224.0,0.2128939799385701,13,337.0,0.2213090164033558,23,561.0
4515.0,17,170.0,2.6984126984126986,4.813950823098141,5,168.0,0.2565886680615007,12,316.0,0.1490647971261325,17,484.0
4520.0,25,211.0,3.296875,5.198936205670993,9,124.0,0.2559776377563685,16,301.0,0.1759144500139716,25,425.0
4525.0,26,284.0,4.655737704918033,5.260207438837763,11,149.0,0.3157218778826428,15,321.0,0.18677529227810893,26,470.0
4530.0,16,289.0,4.898305084745763,5.906778081024951,5,134.0,0.304043655837257,11,317.0,0.2269253331934651,16,451.0
4535.0,16,258.0,4.607142857142857,5.832001131257817,5,127.0,0.25804782820961,11,296.0,0.2244532159849065,16,423.0
4540.0,27,312.0,5.672727272727273,5.9697698943484765,12,173.0,0.23895843073550516,15,272.0,0.28776969190499174,27,445.0
4545.0,23,367.0,7.0576923076923075,4.561705891556712,8,191.0,0.3548398576426724,15,312.0,0.150430500551895,23,503.0
4550.0,20,378.0,8.042553191489361,5.006222524599665,6,171.0,0.4453353652100848,14,347.0,0.151470450727405,20,518.0
4555.0,18,288.0,6.127659574468085,5.044789730736726,5,141.0,0.49243214533754226,13,324.0,0.14069224019791948,18,465.0
4560.0,24,382.0,7.958333333333333,5.351833346226385,9,178.0,0.42186850193760506,15,346.0,0.19289231635737267,24,524.0
4565.0,20,349.0,7.270833333333333,4.979399118812953,8,192.0,0.3441068839782486,12,342.0,0.19062080236136197,20,534.0
4570.0,22,382.0,8.304347826086957,5.152761346369779,12,234.0,0.2112556836939515,10,269.0,0.2913875646008074,22,503.0
4575.0,20,340.0,7.555555555555555,4.5585566064779455,11,250.0,0.0784669782834152,9,208.0,0.28236934771303646,20,458.0
4580.0,16,327.0,7.604651162790698,5.895616100470728,8,231.0,0.24012262225273853,8,204.0,0.31201145596390517,16,435.0
4585.0,15,149.0,3.5476190476190474,5.0948166591362005,5,79.0,0.26239208176556567,10,195.0,0.27140982575926154,15,274.0
4590.0,12,118.0,2.6818181818181817,7.134700665419687,3,46.0,0.4704960376393075,9,156.0,0.3663559600280032,12,202.0
4595.0,11,123.0,2.9285714285714284,7.686121341823055,3,46.0,0.5926393568452889,8,156.0,0.4593382529573531,11,202.0
4600.0,10,141.0,3.357142857142857,7.6156054905708155,2,39.0,0.6152425683801682,8,173.0,0.4026986799944201,10,212.0
4605.0,15,166.0,3.9523809523809526,5.777668742146451,5,60.0,0.4585259784333818,10,173.0,0.3112710705429095,15,233.0
4610.0,22,244.0,5.545454545454546,4.561537854410795,10,101.0,0.29554049508280616,12,205.0,0.24494943843810402,22,306.0
4615.0,20,187.0,3.978723404255319,4.036070620565836,9,107.0,0.23344631491279427,11,192.0,0.2426408918865195,20,299.0
4620.0,14,193.0,3.938775510204082,5.940401647361221,4,92.0,0.32649982033570135,10,184.0,0.3170639309381168,14,276.0
4625.0,15,207.0,3.980769230769231,6.754519003610777,4,91.0,0.3916415578741308,11,174.0,0.30101673835514137,15,265.0
4630.0,13,178.0,3.358490566037736,7.437532544290671,3,83.0,0.4068336658612332,10,175.0,0.3318826332228969,13,258.0
4635.0,19,215.0,4.479166666666667,6.819879812959759,7,111.0,0.46945648529171063,12,190.0,0.28524573798041614,19,301.0
4640.0,18,284.0,6.926829268292683,4.585521419796305,4,126.0,0.47041516764362173,14,230.0,0.1239077861275792,18,356.0
4645.0,20,300.0,7.317073170731708,3.543267985613019,6,154.0,0.37572206097934296,14,243.0,0.053816002677404315,20,397.0
4650.0,23,388.0,8.622222222222222,5.0620196218060824,9,199.0,0.4494650167258674,14,267.0,0.1510968156273706,23,466.0
4655.0,16,327.0,6.8125,5.552759304768272,6,204.0,0.4807258813591824,10,261.0,0.2775901765582923,16,465.0
4660.0,11,268.0,5.826086956521739,7.076540318094636,6,186.0,0.5338138540137017,5,193.0,0.3863551872627706,11,379.0
4665.0,11,242.0,5.041666666666667,6.041243928087517,6,193.0,0.3507216530883277,5,136.0,0.33579592749495396,11,329.0
4670.0,20,300.0,6.25,5.9114505370889106,13,252.0,0.3248858982245211,7,91.0,0.3694257584007476,20,343.0
4675.0,22,353.0,6.921568627450981,4.623110823313484,17,317.0,0.26089009793107437,5,85.0,0.37952124672368825,22,402.0
4680.0,25,447.0,7.982142857142857,5.013181791458808,21,380.0,0.20926627645363946,4,96.0,0.49242410435680106,25,476.0
4685.0,23,497.0,8.423728813559322,5.438919853055157,18,430.0,0.20791559623050543,5,118.0,0.5205876812729645,23,548.0
4690.0,19,453.0,7.306451612903226,6.120923708735056,14,435.0,0.265178456214788,5,132.0,0.5194240278737801,19,567.0
4695.0,18,261.0,4.278688524590164,5.174103518230686,13,309.0,0.30740534706624595,5,141.0,0.2694995349418303,18,450.0
4700.0,28,249.0,4.081967213114754,4.713449036448887,20,299.0,0.27301032143250537,8,127.0,0.3021939208248192,28,426.0
4705.0,30,357.0,5.3283582089552235,4.417236916872896,19,335.0,0.22525440590622514,11,122.0,0.3300671986750564,30,457.0
4710.0,24,385.0,5.746268656716418,5.6129924777102405,17,327.0,0.29768038710830924,7,120.0,0.4590887053100924,24,447.0
4715.0,26,386.0,5.514285714285714,5.799575548207501,16,343.0,0.3105571958724931,10,146.0,0.3358813988284687,26,489.0
4720.0,27,342.0,4.885714285714286,4.966666912318258,20,338.0,0.17999129077229245,7,134.0,0.36577627508332,27,472.0
4725.0,30,370.0,5.211267605633803,4.966133122572115,23,398.0,0.19397091331847402,7,123.0,0.42674965562075684,30,521.0
4730.0,30,329.0,4.984848484848484,4.651916963259781,23,410.0,0.2247295404641808,7,126.0,0.44740557797421854,30,536.0
4735.0,24,303.0,4.522388059701493,4.983047875391873,20,457.0,0.24489556555477338,4,91.0,0.4336049077270911,24,548.0
4740.0,23,268.0,3.8840579710144927,4.7756881186984605,16,452.0,0.1990029913546921,7,93.0,0.33550377895701805,23,545.0
4745.0,27,271.0,4.044776119402985,3.8726013509213795,17,448.0,0.18011554989098855,10,126.0,0.20324408317267548,27,574.0
4750.0,34,350.0,5.303030303030303,3.649215682063763,22,461.0,0.16700326969425247,12,159.0,0.2351013251786134,34,620.0
4755.0,35,451.0,6.731343283582089,3.928775961583399,23,511.0,0.1265227473438727,12,194.0,0.3647979530714398,35,705.0
4760.0,32,444.0,6.626865671641791,4.268398562084371,25,548.0,0.1386485225273451,7,187.0,0.4358303090702155,32,735.0
4765.0,29,456.0,6.2465753424657535,4.477076104720237,24,600.0,0.12055972892483253,5,141.0,0.4933253719228253,29,741.0
4770.0,24,358.0,5.188405797101449,4.799526287382785,17,586.0,0.1853905178534215,7,110.0,0.387490453090497,24,696.0
4775.0,24,390.0,5.909090909090909,4.99654213542717,13,595.0,0.25473580472979335,11,114.0,0.23254813277026604,24,709.0
4780.0,27,366.0,5.903225806451613,3.6653589312768875,15,567.0,0.2372192578928153,12,142.0,0.10760071583875576,27,709.0
4785.0,28,314.0,4.757575757575758,4.019969910115956,16,518.0,0.17429348449660637,12,165.0,0.19156911271455715,28,683.0
4790.0,29,367.0,5.919354838709677,4.201717105636892,20,564.0,0.11569126325685561,9,180.0,0.34639683341157285,29,744.0
4795.0,22,399.0,6.65,5.369675216149823,15,572.0,0.191648072914342,7,172.0,0.4577730860232201,22,744.0
4800.0,20,392.0,6.87719298245614,5.743821481683339,14,577.0,0.297552377145799,6,151.0,0.3016538169292183,20,728.0
4805.0,20,433.0,7.732142857142857,5.488356851992445,13,568.0,0.2580534867681418,7,116.0,0.24498858034935322,20,684.0
4810.0,26,520.0,9.62962962962963,4.803634651255847,17,562.0,0.2225930418001783,9,155.0,0.30337653265796055,26,717.0
4815.0,30,481.0,8.745454545454546,4.185609624009617,21,584.0,0.1778455958427952,9,144.0,0.3813941163547959,30,728.0
4820.0,25,345.0,6.052631578947368,4.452531454072982,19,543.0,0.17911683253669808,6,111.0,0.4756781174474378,25,654.0
4825.0,27,327.0,5.45,4.073322227173144,20,581.0,0.21956079594756495,7,79.0,0.39433736714754886,27,660.0
4830.0,19,267.0,4.45,5.118269542263828,13,561.0,0.2867893667967941,6,62.0,0.35136774595382936,19,623.0
4835.0,18,183.0,3.05,4.941484585277336,9,484.0,0.24350499399641443,9,94.0,0.20023779575324954,18,578.0
4840.0,28,288.0,4.571428571428571,4.928765952945242,17,514.0,0.14420092059473286,11,137.0,0.30342903918548286,28,651.0
4845.0,29,342.0,5.896551724137931,3.696237123430681,20,561.0,0.10616860623380707,9,136.0,0.33533868891908575,29,697.0
4850.0,22,410.0,7.192982456140351,4.671688018546717,12,553.0,0.19555267677290059,10,166.0,0.37564449062107885,22,719.0
4855.0,20,375.0,6.578947368421052,4.756338474147353,8,505.0,0.3030916697154879,12,220.0,0.2020316781932273,20,725.0
4860.0,22,374.0,6.131147540983607,5.0932674600858885,11,469.0,0.31070324176335995,11,239.0,0.2294176269360489,22,708.0
4865.0,27,356.0,5.650793650793651,4.7736220361865795,17,414.0,0.2320550083769223,10,230.0,0.2601727671391974,27,644.0
4870.0,29,391.0,5.835820895522388,5.188948412723305,19,393.0,0.26806695108140777,10,277.0,0.3024619340399217,29,670.0
4875.0,28,446.0,6.5588235294117645,5.22854530334772,17,432.0,0.30594123403398427,11,314.0,0.3168391486066417,28,746.0
4880.0,20,392.0,5.850746268656716,5.445680408762925,12,408.0,0.34431809738837976,8,333.0,0.32717468631197505,20,741.0
4885.0,23,460.0,7.1875,5.605699138611808,13,393.0,0.3543091585046781,10,364.0,0.20607039633653174,23,757.0
4890.0,22,455.0,6.893939393939394,5.383874574540976,11,421.0,0.2886717126331698,11,372.0,0.1750186047994484,22,793.0
4895.0,29,490.0,7.424242424242424,4.7962637944609465,17,472.0,0.1602471603266994,12,337.0,0.33595099054232863,29,809.0
4900.0,27,310.0,4.920634920634921,4.6361804727622955,20,494.0,0.2214662549404093,7,223.0,0.40857240033810854,27,717.0
4905.0,28,410.0,6.40625,5.121078128510597,20,547.0,0.24974144683811877,8,189.0,0.42056995578237755,28,736.0
4910.0,29,409.0,6.196969696969697,4.709156455000098,21,510.0,0.16299257928119762,8,193.0,0.44082585534724844,29,703.0
4915.0,32,429.0,6.217391304347826,4.5805523840469355,21,464.0,0.19057976475035954,11,180.0,0.3448619929401906,32,644.0
4920.0,30,404.0,5.690140845070423,4.100052009755347,19,480.0,0.24123097523613846,11,196.0,0.2795722278923625,30,676.0
4925.0,26,274.0,3.6533333333333333,5.05190518640335,16,415.0,0.292068245285503,10,187.0,0.29559465131527274,26,602.0
4930.0,22,282.0,3.525,5.936729427550654,15,370.0,0.33109828205439396,7,141.0,0.34106666756120724,22,511.0
4935.0,24,291.0,3.5060240963855422,6.01348553221221,13,335.0,0.33682027100069484,11,129.0,0.3396407889869437,24,464.0
4940.0,28,337.0,4.265822784810126,5.8953494050445405,17,355.0,0.33121052350793806,11,171.0,0.3516990001733497,28,526.0
4945.0,34,418.0,5.648648648648648,4.388820716661588,23,420.0,0.17968895254253775,11,180.0,0.3310716111195893,34,600.0
4950.0,35,420.0,6.0,3.5784254466907193,26,477.0,0.10790997392815994,9,168.0,0.30729503783563933,35,645.0
4955.0,31,460.0,6.47887323943662,3.8968718515093994,23,539.0,0.18590472168802227,8,158.0,0.2711460889359743,31,697.0
4960.0,29,457.0,6.82089552238806,4.160606360926509,19,543.0,0.22056520709357658,10,189.0,0.24391347217599355,29,732.0
4965.0,28,376.0,5.295774647887324,4.187936218254266,19,507.0,0.17523808308064193,9,212.0,0.20219103100972352,28,719.0
4970.0,29,325.0,4.333333333333333,4.9084861299625615,21,482.0,0.16971451624865963,8,180.0,0.27609197183116935,29,662.0
4975.0,40,444.0,6.0,4.840408671165482,26,558.0,0.19955917152484975,14,186.0,0.3109978472465539,40,744.0
4980.0,28,502.0,6.972222222222222,5.028904064991315,18,573.0,0.21892717142639825,10,219.0,0.3787997768147356,28,792.0
4985.0,29,505.0,6.917808219178082,4.571795116364675,22,558.0,0.19199341504864448,7,211.0,0.32061073203024426,29,769.0
4990.0,27,419.0,5.5131578947368425,4.808918747965544,20,541.0,0.20064114432606847,7,159.0,0.3395295243100313,27,700.0
4995.0,37,493.0,6.402597402597403,5.143097137239166,26,609.0,0.20371192581386588,11,178.0,0.3968285851200436,37,787.0
5000.0,35,410.0,5.324675324675325,4.658321701356318,24,626.0,0.1848569808680225,11,174.0,0.4044150831803047,35,800.0
5005.0,37,441.0,5.653846153846154,3.7354940658508835,21,683.0,0.15288249084777938,16,149.0,0.3235402567577678,37,832.0
5010.0,30,391.0,5.012820512820513,4.265542496085729,17,676.0,0.18561035628631373,13,173.0,0.32120639960604963,30,849.0
5015.0,28,452.0,5.947368421052632,5.124868201550338,19,695.0,0.208304925549807,9,165.0,0.3325439635271385,28,860.0
5020.0,28,424.0,5.3,4.525368909777866,17,676.0,0.18856594841381938,11,173.0,0.21683547450022247,28,849.0
5025.0,36,385.0,4.8734177215189876,3.7582168660331514,19,656.0,0.135738533435926,17,198.0,0.20374191443574663,36,854.0
5030.0,42,482.0,6.17948717948718,4.196838569341868,23,670.0,0.170349035248655,19,257.0,0.30988571603308407,42,927.0
5035.0,32,495.0,6.111111111111111,4.588575820021989,21,652.0,0.16619063876092918,11,277.0,0.36466035940061453,32,929.0
5040.0,35,515.0,6.204819277108434,4.116628117737838,22,700.0,0.14091016773530143,13,290.0,0.31954782919432445,35,990.0
5045.0,32,433.0,5.094117647058823,4.568675038056671,14,687.0,0.2371752898863824,18,291.0,0.2644796938840813,32,978.0
5050.0,36,310.0,3.7804878048780486,4.078469034519479,14,608.0,0.28094727918341417,22,336.0,0.17698536510512805,36,944.0
5055.0,42,415.0,5.060975609756097,3.9333040551557357,20,603.0,0.2193900411287674,22,361.0,0.16867601525909903,42,964.0
5060.0,44,535.0,6.445783132530121,3.636668333595728,19,646.0,0.23502643859672967,25,433.0,0.13388909680650338,44,1079.0
5065.0,34,551.0,6.974683544303797,4.120312122643838,15,632.0,0.2090907186789057,19,451.0,0.16630031113262106,34,1083.0
5070.0,30,561.0,7.10126582278481,4.1305710015515835,13,569.0,0.21991819833180098,17,505.0,0.11553129105537159,30,1074.0
5075.0,40,665.0,8.209876543209877,4.226939026577799,16,484.0,0.2254209185889881,24,581.0,0.10957619921305572,40,1065.0
5080.0,41,765.0,10.2,3.8300881546349514,21,499.0,0.24310466779137663,20,638.0,0.18543428510725793,41,1137.0
5085.0,37,759.0,10.12,4.265545113140188,22,463.0,0.22554642001059838,15,637.0,0.26817520632182834,37,1100.0
5090.0,35,702.0,9.116883116883116,3.3397409112389727,21,495.0,0.11274761551341143,14,619.0,0.24547207832314602,35,1114.0
5095.0,32,504.0,6.461538461538462,4.519831562199185,16,490.0,0.2023341359658934,16,580.0,0.24933063084960153,32,1070.0
5100.0,30,481.0,6.328947368421052,4.347542474126345,16,476.0,0.24486893052878775,14,612.0,0.17240271831111487,30,1088.0
5105.0,35,574.0,7.756756756756757,4.306195851190669,20,487.0,0.1609038333575401,15,642.0,0.24317503174076482,35,1129.0
5110.0,40,554.0,7.2894736842105265,3.7255624793305553,24,551.0,0.12276247083400131,16,582.0,0.2302503699950711,40,1133.0
5115.0,30,464.0,6.1866666666666665,4.932458364578161,15,561.0,0.2812612769166852,15,513.0,0.2207650084988487,30,1074.0
5120.0,32,436.0,5.8133333333333335,4.946135543333089,14,547.0,0.29496169672716505,18,523.0,0.17413674824100492,32,1070.0
5125.0,38,504.0,6.904109589041096,4.23946525685138,20,543.0,0.2010385019007434,18,488.0,0.20734644814059167,38,1031.0
5130.0,41,538.0,7.472222222222222,3.1657929120274955,25,542.0,0.15749400098099306,16,527.0,0.18818294870714236,41,1069.0
5135.0,36,437.0,6.333333333333333,3.8687417783771503,22,517.0,0.1638916393541014,14,519.0,0.25144758078507035,36,1036.0
5140.0,34,464.0,6.823529411764706,3.469245380012626,22,562.0,0.09258653079254245,12,495.0,0.2753671753541687,34,1057.0
5145.0,33,397.0,5.671428571428572,3.9347769402804635,17,549.0,0.16226054936680395,16,437.0,0.17169747947893052,33,986.0
5150.0,29,376.0,5.611940298507463,3.8335366076275466,11,534.0,0.26429932000950934,18,451.0,0.06938932428878747,29,985.0
5155.0,34,446.0,6.463768115942029,4.24527974843791,15,534.0,0.2249755019419198,19,473.0,0.1701252993711873,34,1007.0
5160.0,35,529.0,8.138461538461538,3.7514575028565083,20,558.0,0.15421022615135266,15,490.0,0.26933255995400457,35,1048.0
5165.0,33,499.0,7.5606060606060606,3.725860918191473,21,599.0,0.10769486869954718,12,451.0,0.26820411810079164,33,1050.0
5170.0,32,568.0,8.231884057971014,4.228216496595098,20,565.0,0.10189514443018835,12,429.0,0.3376793312335592,32,994.0
5175.0,22,323.0,4.614285714285714,5.210986188300404,13,505.0,0.15645718816898907,9,313.0,0.345677730509045,22,818.0
5180.0,24,269.0,3.9558823529411766,5.029150151554354,9,483.0,0.2957383484187174,15,324.0,0.27786898598773635,24,807.0
5185.0,31,301.0,4.36231884057971,4.8009319718504875,13,427.0,0.25849302688376086,18,377.0,0.2357346653657273,31,804.0
5190.0,27,344.0,5.292307692307692,4.656073385520008,15,426.0,0.20584868261322808,12,383.0,0.25791447053007627,27,809.0
5195.0,31,389.0,5.8059701492537314,4.673643127905097,19,442.0,0.17936696229611956,12,371.0,0.25266014133919473,31,813.0
5200.0,35,429.0,6.402985074626866,3.9081869839063543,19,436.0,0.13272434327465515,16,347.0,0.2463438474320457,35,783.0
5205.0,28,387.0,5.776119402985074,4.200060748340816,11,334.0,0.2701976265120962,17,396.0,0.17278757482887006,28,730.0
5210.0,21,377.0,5.626865671641791,4.793714997928362,7,316.0,0.31778464405665124,14,409.0,0.17347180979576912,21,725.0
5215.0,27,383.0,5.394366197183099,4.454490375495081,11,341.0,0.2618061993438063,16,413.0,0.2085290414071467,27,754.0
5220.0,32,330.0,4.52054794520548,4.890462704983081,15,334.0,0.26043358578249187,17,372.0,0.30478730778339624,32,706.0
5225.0,22,338.0,4.5675675675675675,4.899550963197898,11,249.0,0.2641016387619251,11,396.0,0.30892655846760975,22,645.0
5230.0,23,387.0,5.16,5.578227590740516,8,209.0,0.29176795967647157,15,406.0,0.3232209850316522,23,615.0
5235.0,28,368.0,4.842105263157895,5.504178456681717,7,153.0,0.2507223565409517,21,451.0,0.25031780422890126,28,604.0
5240.0,35,457.0,6.260273972602739,4.74839187969338,12,196.0,0.1576990303401986,23,492.0,0.22363393484682736,35,688.0
5245.0,39,451.0,6.632352941176471,3.2816200674606684,14,241.0,0.19213775699247876,25,502.0,0.14043709377524125,39,743.0
5250.0,29,486.0,7.714285714285714,4.017376976038279,7,242.0,0.4056201465922103,22,520.0,0.14594270505879367,29,762.0
5255.0,27,463.0,7.123076923076923,3.8606897168202146,5,209.0,0.43461398366463333,22,532.0,0.06024081756142053,27,741.0
5260.0,34,484.0,6.914285714285715,4.524230663922992,10,223.0,0.40064798531267515,24,527.0,0.13239445994318177,34,750.0
5265.0,29,397.0,5.591549295774648,4.571550016818027,11,177.0,0.35360174461844923,18,587.0,0.20836669740492067,29,764.0
5270.0,32,531.0,7.8088235294117645,4.938892297335147,14,185.0,0.3280098671276129,18,631.0,0.26075835135773395,32,816.0
5275.0,34,483.0,7.208955223880597,3.9026140031351937,15,213.0,0.237159631632938,19,640.0,0.16748741617999233,34,853.0
5280.0,25,353.0,5.115942028985507,4.483454431266401,10,189.0,0.11125432691646624,15,570.0,0.22548309104705527,25,759.0
5285.0,22,267.0,3.985074626865672,4.736820533289963,7,153.0,0.21158779321043994,15,545.0,0.17511647835417074,22,698.0
5290.0,27,287.0,4.415384615384616,5.076720974727619,8,143.0,0.26285709504734395,19,548.0,0.2259282545558418,27,691.0
5295.0,28,339.0,5.136363636363637,4.606525055296736,10,147.0,0.2758079693294357,18,603.0,0.20978376153604306,28,750.0
5300.0,23,414.0,6.786885245901639,5.3541332299515565,4,113.0,0.32903582569438766,19,648.0,0.24513476838048956,23,761.0
5305.0,21,419.0,6.758064516129032,5.170759244579592,4,99.0,0.36241390561443765,17,653.0,0.20236467955348564,21,752.0
5310.0,23,421.0,7.135593220338983,4.8405059955581935,11,141.0,0.2201736073092703,12,624.0,0.23443954506716055,23,765.0
5315.0,23,408.0,6.915254237288136,3.8657040452951503,13,170.0,0.1649009167697449,10,587.0,0.1761497573558296,23,757.0
5320.0,17,211.0,3.7017543859649122,5.298395862426503,5,159.0,0.3047864480940864,12,479.0,0.19047972971771943,17,638.0
5325.0,20,213.0,4.018867924528302,6.232136901401845,7,131.0,0.37446118445163135,13,397.0,0.2751231686300245,20,528.0
5330.0,20,230.0,4.181818181818182,5.042084532371056,9,107.0,0.29615984666869377,11,396.0,0.1840760371506929,20,503.0
5335.0,25,243.0,4.5,4.579653411165297,12,126.0,0.26511119473429207,13,359.0,0.25553314328637694,25,485.0
5340.0,18,288.0,5.052631578947368,5.559032587982844,6,114.0,0.37645969754238523,12,327.0,0.24728799013009195,18,441.0
5345.0,17,278.0,4.793103448275862,6.517359017793639,7,96.0,0.42708196341969434,10,303.0,0.29733582817810544,17,399.0
5350.0,21,271.0,4.593220338983051,6.597878260910378,13,135.0,0.4087109914732269,8,261.0,0.3066868786215164,21,396.0
5355.0,21,266.0,4.925925925925926,5.1898222399470875,13,168.0,0.32949527510017684,8,228.0,0.27404085470695194,21,396.0
5360.0,19,308.0,6.03921568627451,4.791976143791578,12,184.0,0.2849133099237196,7,247.0,0.2040868148362635,19,431.0
5365.0,25,325.0,6.25,4.542078365933382,14,203.0,0.24591879594494068,11,262.0,0.1532815772800724,25,465.0
5370.0,23,289.0,5.5576923076923075,4.8636059155497255,16,227.0,0.21987347626289247,7,239.0,0.21048927389471542,23,466.0
5375.0,25,322.0,6.44,4.994487504005036,18,258.0,0.21322179744680778,7,216.0,0.43269690854543685,25,474.0
5380.0,22,321.0,6.294117647058823,5.543049712543045,17,268.0,0.22659826623231574,5,213.0,0.5136915611723591,22,481.0
5385.0,20,326.0,6.52,4.359519245196959,14,297.0,0.21926467101352595,6,172.0,0.31330690455121496,20,469.0
5390.0,13,150.0,3.061224489795918,5.59840956340607,10,279.0,0.31796536287930166,3,111.0,0.393412608075896,13,390.0
5395.0,9,169.0,3.5208333333333335,6.383452656716833,7,250.0,0.23822807296975035,2,44.0,0.553944862370294,9,294.0
5400.0,14,204.0,4.163265306122449,6.523784861955483,10,249.0,0.1596580366014416,4,58.0,0.5083870025856546,14,307.0
5405.0,15,257.0,5.03921568627451,6.500235507510634,11,273.0,0.19347241223843556,4,76.0,0.4634749112229095,15,349.0
5410.0,10,235.0,4.607843137254902,7.435248911231625,7,244.0,0.25684069438010565,3,49.0,0.6212528814822188,10,293.0
5415.0,12,232.0,5.2727272727272725,7.247419772488996,9,242.0,0.2883299622118231,3,54.0,0.6376678312061274,12,296.0
5420.0,14,241.0,5.239130434782608,6.761894130481825,11,274.0,0.33398350639516927,3,20.0,0.4729612860885586,14,294.0
5425.0,18,140.0,2.9166666666666665,5.356167574297185,9,201.0,0.3221254191422703,9,49.0,0.38088633248309905,18,250.0
5430.0,18,191.0,3.8979591836734695,5.852206472164923,13,206.0,0.317791231796456,5,66.0,0.5036794268698472,18,272.0
5435.0,18,198.0,3.7358490566037736,6.144961167159989,11,208.0,0.30696288324574506,7,64.0,0.47336993020658835,18,272.0
5440.0,13,190.0,3.2758620689655173,6.289478015049838,7,160.0,0.2837920799022483,6,65.0,0.40184398121700105,13,225.0
5445.0,18,229.0,4.017543859649122,6.455551920831395,7,175.0,0.2605928923229076,11,107.0,0.41842415746127787,18,282.0
5450.0,21,289.0,5.0701754385964914,5.938984430357824,11,204.0,0.31492647068594665,10,132.0,0.32571035929549863,21,336.0
5455.0,23,265.0,4.732142857142857,5.433559648478687,13,167.0,0.3596765031152245,10,169.0,0.30680652240055434,23,336.0
5460.0,23,254.0,4.535714285714286,5.185440239994084,13,153.0,0.31565048953244956,10,160.0,0.3582595504797464,23,313.0
5465.0,24,288.0,4.8,5.242351050921415,13,176.0,0.32713832840142876,11,180.0,0.3516508607786104,24,356.0
5470.0,17,185.0,2.9838709677419355,5.664661581279246,7,137.0,0.4172007004368813,10,181.0,0.2518502975959165,17,318.0
5475.0,15,182.0,2.9836065573770494,5.798802589403389,8,133.0,0.3281746008505981,7,119.0,0.27176897511705433,15,252.0
5480.0,15,173.0,2.6615384615384614,5.536136842203762,9,146.0,0.2411464393966585,6,109.0,0.3053458248847722,15,255.0
5485.0,29,283.0,4.421875,6.019885536115625,16,212.0,0.2711322457180795,13,145.0,0.35254631960595195,29,357.0
5490.0,25,362.0,6.033333333333333,4.989434329826545,14,260.0,0.30281909026550824,11,179.0,0.33980117533326176,25,439.0
5495.0,23,406.0,7.12280701754386,5.3133096250658705,13,265.0,0.3156022969714629,10,176.0,0.22936816545563107,23,441.0
5500.0,22,335.0,5.87719298245614,4.723235939441897,13,247.0,0.1823484935442691,9,182.0,0.21140326427055797,22,429.0
5505.0,26,313.0,5.048387096774194,5.486217123838826,15,252.0,0.22097046968907516,11,184.0,0.286597679990655,26,436.0
5510.0,22,209.0,3.542372881355932,5.453443687058775,13,241.0,0.2943214711349063,9,121.0,0.42026474063533276,22,362.0
5515.0,23,287.0,4.948275862068965,6.301827451659513,15,279.0,0.3453356769996407,8,149.0,0.5196780141544923,23,428.0
5520.0,22,243.0,4.05,4.522311129819408,16,315.0,0.27737056151423195,6,132.0,0.35414804278385476,22,447.0
5525.0,29,361.0,5.640625,4.969689602152998,18,373.0,0.3300364558612047,11,138.0,0.3409721079915723,29,511.0
5530.0,28,305.0,4.765625,4.635820548238214,18,392.0,0.3067084976907194,10,137.0,0.3383440974343138,28,529.0
5535.0,21,280.0,4.444444444444445,4.918114715544789,14,384.0,0.24694933292661883,7,118.0,0.3469284644256909,21,502.0
5540.0,21,259.0,3.9846153846153847,4.345226134704699,14,396.0,0.21093504003995292,7,112.0,0.2132451244411079,21,508.0
5545.0,29,274.0,4.08955223880597,4.514957570382155,18,367.0,0.17543825421095258,11,126.0,0.2088961762899383,29,493.0
5550.0,32,295.0,4.609375,4.557176102068898,22,403.0,0.1809115461986954,10,113.0,0.3550737910470761,32,516.0
5555.0,23,333.0,5.203125,5.386059438174826,15,414.0,0.19939170387907623,8,107.0,0.4440610292618724,23,521.0
5560.0,24,259.0,3.9846153846153847,4.541688248371393,15,426.0,0.1959909709234836,9,105.0,0.3155335894573154,24,531.0
5565.0,25,287.0,4.220588235294118,5.340182051505601,20,436.0,0.16982398075720753,5,72.0,0.4615343351118339,25,508.0
5570.0,28,332.0,4.955223880597015,5.209130958073073,21,488.0,0.21563954086904774,7,64.0,0.4199829042039561,28,552.0
5575.0,21,389.0,5.63768115942029,6.3815641860254315,13,501.0,0.33443800249958905,8,88.0,0.4477452741847651,21,589.0
5580.0,23,376.0,5.875,5.326089406486277,14,448.0,0.32838457527437587,9,119.0,0.3020107070426901,23,567.0
5585.0,28,385.0,5.923076923076923,4.660340469596239,17,416.0,0.2301049004875273,11,160.0,0.31985357108433,28,576.0
5590.0,29,301.0,4.630769230769231,3.9767665959744685,20,407.0,0.17094401821163654,9,157.0,0.320019353501637,29,564.0
5595.0,28,298.0,4.382352941176471,5.090896860581655,20,386.0,0.1477935753666053,8,143.0,0.4430415922727882,28,529.0
5600.0,29,340.0,4.857142857142857,4.791240737727487,21,429.0,0.16158440509876076,8,155.0,0.37196673263548236,29,584.0
5605.0,28,316.0,4.647058823529412,5.2662348365922425,16,419.0,0.20927575216811753,12,180.0,0.3193716274285665,28,599.0
5610.0,24,331.0,5.171875,4.175415299591916,12,427.0,0.22737498428826378,12,209.0,0.18795423555574087,24,636.0
5615.0,24,372.0,6.0,4.643502612812351,15,418.0,0.18361195728147872,9,223.0,0.28752103089085623,24,641.0
5620.0,32,308.0,4.967741935483871,3.632175198424198,22,459.0,0.11875201716598782,10,176.0,0.22516129450559313,32,635.0
5625.0,33,402.0,6.590163934426229,4.283183780638732,24,504.0,0.2019717029027419,9,155.0,0.2494836358213946,33,659.0
5630.0,30,453.0,7.306451612903226,3.953811953175241,21,547.0,0.18296000808347967,9,175.0,0.2928322153157368,30,722.0
5635.0,24,406.0,6.88135593220339,5.188649801176254,16,495.0,0.18893661232395706,8,179.0,0.3827740101035778,24,674.0
5640.0,21,420.0,7.636363636363637,5.109091717224374,13,441.0,0.21825243007573458,8,203.0,0.15735670182411424,21,644.0
5645.0,20,357.0,6.155172413793103,5.252582410319586,9,345.0,0.24801001654722601,11,234.0,0.06223981873139551,20,579.0
5650.0,26,300.0,5.2631578947368425,4.607704627706645,16,357.0,0.22614939620620716,10,186.0,0.28290789297265123,26,543.0
5655.0,23,385.0,6.416666666666667,5.548913220273174,15,378.0,0.2614416294384331,8,171.0,0.43501753917124397,23,549.0
5660.0,15,357.0,5.95,6.581233228158573,11,347.0,0.3476333936576138,4,162.0,0.4973435103229032,15,509.0
5665.0,15,259.0,4.17741935483871,6.007775318937318,8,291.0,0.2832084849877717,7,126.0,0.38635651756215916,15,417.0
5670.0,18,234.0,3.9,5.621621948295553,11,238.0,0.22029112678693008,7,133.0,0.3582813547365296,18,371.0
5675.0,22,290.0,4.833333333333333,5.420733793087659,16,263.0,0.16906503975399564,6,149.0,0.48317622289805123,22,412.0
5680.0,20,212.0,3.719298245614035,6.072411374752566,13,280.0,0.29645871591933054,7,117.0,0.43049189014558276,20,397.0
5685.0,20,192.0,3.4909090909090907,6.265368985734115,11,245.0,0.3244785653639241,9,95.0,0.3208348165026215,20,340.0
5690.0,22,191.0,3.537037037037037,4.1195637429736545,13,234.0,0.16590599523286934,9,110.0,0.19330025916058863,22,344.0
5695.0,27,282.0,5.529411764705882,3.6814252444076176,17,277.0,0.18526299640786859,10,145.0,0.28457924779385446,27,422.0
5700.0,20,266.0,4.925925925925926,4.743439319190299,12,273.0,0.3046428213145029,8,135.0,0.267171104973797,20,408.0
5705.0,17,254.0,4.703703703703703,5.91678898422319,11,250.0,0.29260215721603505,6,120.0,0.359161549703121,17,370.0
5710.0,19,175.0,3.1818181818181817,5.5186175647460285,15,246.0,0.16166773628886952,4,84.0,0.35785941995654963,19,330.0
5715.0,22,243.0,4.339285714285714,5.731305507737277,18,300.0,0.1309668926477995,4,63.0,0.577702095579039,22,363.0
5720.0,16,220.0,4.230769230769231,6.49189801666724,14,317.0,0.26324951718206113,2,50.0,0.5675914781985106,16,367.0
5725.0,17,208.0,4.078431372549019,6.038639138154251,12,331.0,0.2859215136201095,5,41.0,0.35767802158345224,17,372.0
5730.0,25,314.0,6.038461538461538,5.360520378678511,18,383.0,0.23541861383440832,7,76.0,0.3156883818910917,25,459.0
5735.0,20,338.0,6.76,4.5521460759633605,15,428.0,0.18566641359732777,5,73.0,0.44491842967816797,20,501.0
5740.0,17,355.0,7.244897959183674,5.750081920727978,12,422.0,0.21108090040612537,5,57.0,0.5230336832119359,17,479.0
5745.0,14,299.0,6.1020408163265305,5.768677541347717,11,408.0,0.1982613649636642,3,51.0,0.4354825129580748,14,459.0
5750.0,21,238.0,4.407407407407407,5.639084351849652,13,352.0,0.2556951214892059,8,73.0,0.34763039946128765,21,425.0
5755.0,16,273.0,5.46,5.053182837953305,11,382.0,0.3030535118623774,5,80.0,0.39490946742196703,16,462.0
5760.0,18,317.0,6.34,5.838438956252196,11,387.0,0.3004370189510675,7,91.0,0.39926423188011123,18,478.0
5765.0,19,311.0,5.456140350877193,5.473402532540751,14,390.0,0.19711838707248605,5,60.0,0.3629724198350868,19,450.0
5770.0,19,366.0,5.903225806451613,6.745503334755962,12,397.0,0.24389223899576049,7,66.0,0.4616961604738235,19,463.0
5775.0,16,240.0,4.137931034482759,6.340216887385076,10,313.0,0.31168309912271647,6,72.0,0.5098095637599439,16,385.0
5780.0,23,276.0,4.524590163934426,5.538473672038575,13,238.0,0.31736028932776916,10,104.0,0.36948304854736125,23,342.0
5785.0,28,343.0,5.622950819672131,4.760771553175745,15,285.0,0.3332200958617442,13,123.0,0.2966794517090213,28,408.0
5790.0,30,447.0,7.45,4.585272688554218,16,334.0,0.29990915728052514,14,179.0,0.30769535297003564,30,513.0
5795.0,28,374.0,5.936507936507937,3.324143526701861,15,335.0,0.19363762289537034,13,187.0,0.22953416843899835,28,522.0
5800.0,20,338.0,5.121212121212121,4.575266128920842,11,312.0,0.21067138266566962,9,164.0,0.2569623698607903,20,476.0
5805.0,20,252.0,3.7058823529411766,5.309382569993282,13,271.0,0.20499928030278933,7,165.0,0.28378409646720404,20,436.0
5810.0,31,309.0,4.414285714285715,5.245786733106296,20,257.0,0.18424659239079597,11,195.0,0.24739958438073864,31,452.0
5815.0,32,415.0,6.287878787878788,4.580201603284282,20,313.0,0.2517635077449077,12,226.0,0.23498381677978514,32,539.0
5820.0,22,464.0,7.138461538461539,5.156218908500523,13,336.0,0.2198794909892951,9,231.0,0.29849767512981396,22,567.0
5825.0,24,356.0,5.313432835820896,4.804857632979937,16,374.0,0.17910257491365528,8,183.0,0.29830070612454046,24,557.0
5830.0,34,442.0,6.405797101449275,5.514494796607755,21,409.0,0.2460647329354595,13,172.0,0.3239045453495814,34,581.0
5835.0,29,489.0,7.298507462686567,5.062116073149305,21,469.0,0.2548296407970593,8,193.0,0.3378551267308531,29,662.0
5840.0,32,428.0,6.388059701492537,4.221136171233206,24,484.0,0.1295097165517318,8,185.0,0.4325171081736196,32,669.0
5845.0,29,342.0,4.885714285714286,4.538473230640982,22,510.0,0.14632032147027213,7,128.0,0.40841518409986455,29,638.0
5850.0,32,401.0,5.493150684931507,4.900315553541602,21,555.0,0.25932106124201415,11,120.0,0.35904410960861105,32,675.0
5855.0,27,374.0,4.986666666666666,4.931738164921589,15,522.0,0.29218525253246697,12,159.0,0.28327558330564473,27,681.0
5860.0,27,379.0,5.191780821917808,5.015096651072479,16,509.0,0.24015087374542196,11,173.0,0.32169802741753456,27,682.0
5865.0,34,432.0,5.684210526315789,4.272788459238008,24,523.0,0.10697540154684322,10,176.0,0.2867108618291777,34,699.0
5870.0,41,440.0,5.714285714285714,4.9320349929137635,26,569.0,0.18218797483141624,15,209.0,0.3048141969117065,41,778.0
5875.0,35,526.0,7.013333333333334,4.592382886323807,23,565.0,0.2601650555913944,12,243.0,0.23821410954891367,35,808.0
5880.0,33,572.0,8.411764705882353,3.690068829071477,24,611.0,0.12702475653655015,9,257.0,0.3312780924352379,33,868.0
5885.0,34,461.0,6.681159420289855,3.494985863437957,25,609.0,0.07085195755471861,9,194.0,0.2997753150886944,34,803.0
5890.0,36,496.0,6.985915492957746,3.4402763891188206,23,683.0,0.11370448712184437,13,148.0,0.2479393883261864,36,831.0
5895.0,34,504.0,6.8108108108108105,3.2396891302218287,20,678.0,0.16887617757766493,14,199.0,0.23164993048539043,34,877.0
5900.0,23,355.0,4.797297297297297,4.6727508075520765,15,600.0,0.20965716704095375,8,220.0,0.3148603251647518,23,820.0
5905.0,26,276.0,3.5384615384615383,4.567378611350213,16,612.0,0.1785199627581159,10,185.0,0.26967296333298957,26,797.0
5910.0,35,365.0,4.620253164556962,4.414194968823927,23,639.0,0.17427696245505514,12,189.0,0.23319941628694596,35,828.0
5915.0,40,477.0,6.276315789473684,4.148910567912311,23,673.0,0.22616897139407474,17,233.0,0.22210102707322996,40,906.0
5920.0,25,507.0,7.041666666666667,4.343256606058817,15,634.0,0.15774162862079696,10,240.0,0.2517353996828734,25,874.0
5925.0,29,475.0,6.690140845070423,4.2376077335603375,17,638.0,0.10381281121215072,12,233.0,0.21016570676576285,29,871.0
5930.0,32,426.0,5.916666666666667,4.005711261046262,19,607.0,0.12087229591275801,13,227.0,0.16639597119635022,32,834.0
5935.0,35,468.0,6.882352941176471,3.3919181903150784,19,589.0,0.18824230640602738,16,265.0,0.19810728246418943,35,854.0
5940.0,26,496.0,7.402985074626866,4.1683826631393845,16,610.0,0.20791435810474737,10,261.0,0.3019760860135034,26,871.0
5945.0,25,481.0,7.287878787878788,4.2007758931906665,13,599.0,0.16671731047827848,12,273.0,0.267075048054711,25,872.0
5950.0,31,312.0,4.521739130434782,3.874400289131423,13,496.0,0.17554660932052313,18,288.0,0.14783090558562173,31,784.0
5955.0,35,385.0,5.746268656716418,3.9888036783218257,15,395.0,0.1440727493319228,20,349.0,0.18271773165313585,35,744.0
5960.0,30,444.0,6.7272727272727275,4.691207415169026,18,411.0,0.17560754601027814,12,355.0,0.2865212211365308,30,766.0
5965.0,26,420.0,6.461538461538462,5.077941193926299,15,378.0,0.15830772189360076,11,340.0,0.34836055496041135,26,718.0
5970.0,25,368.0,5.492537313432836,4.2469125575783835,12,394.0,0.1679616884450261,13,315.0,0.23966564742121915,25,709.0
5975.0,26,211.0,3.246153846153846,4.433311048905841,9,344.0,0.2810131656152225,17,270.0,0.2412320769202827,26,614.0
5980.0,26,269.0,4.075757575757576,4.904312059385457,8,309.0,0.3466501086730114,18,291.0,0.2612048965729298,26,600.0
5985.0,26,317.0,4.731343283582089,4.778539572287628,8,263.0,0.3358367423204299,18,335.0,0.23698691142036535,26,598.0
5990.0,25,295.0,4.27536231884058,5.098373384532074,11,276.0,0.30168396221112326,14,326.0,0.2692553367554061,25,602.0
5995.0,22,338.0,5.2,4.842650103140936,8,250.0,0.26560070592201224,14,336.0,0.2197197457022187,22,586.0
6000.0,32,344.0,5.375,4.634584922220953,10,203.0,0.2778389283379397,22,416.0,0.15065370814498963,32,619.0
6005.0,35,479.0,7.369230769230769,4.072424860180775,14,222.0,0.2625923726172117,21,486.0,0.15081750440397834,35,708.0
6010.0,28,557.0,8.569230769230769,4.256732505908895,11,238.0,0.2199730377280402,17,516.0,0.20693279033457232,28,754.0
6015.0,26,613.0,9.578125,5.415494940603404,9,238.0,0.35294237824069397,17,533.0,0.20746697530064895,26,771.0
6020.0,20,499.0,7.920634920634921,5.714448422522852,6,187.0,0.35299679547341856,14,552.0,0.20332848992234637,20,739.0
6025.0,22,450.0,8.035714285714286,5.235805200667058,9,172.0,0.2799640026229979,13,528.0,0.2649769818219352,22,700.0
6030.0,24,332.0,6.264150943396227,4.521270469997611,10,212.0,0.26544826192138943,14,457.0,0.2739340672303436,24,669.0
6035.0,22,274.0,4.9818181818181815,4.661580702011872,9,197.0,0.4019781364005187,13,427.0,0.2610976537813459,22,624.0
6040.0,25,315.0,5.526315789473684,4.79664028628143,7,185.0,0.4191415924174542,18,469.0,0.2615226588015354,25,654.0
6045.0,23,278.0,4.711864406779661,4.1885615214646945,6,133.0,0.34771375962619255,17,513.0,0.22286922293583822,23,646.0
6050.0,28,292.0,4.709677419354839,3.9400140657285347,10,133.0,0.3309239278453931,18,548.0,0.13894418818920307,28,681.0
6055.0,26,284.0,4.655737704918033,4.5578029648738525,9,132.0,0.320534820678722,17,560.0,0.20604552821430416,26,692.0
6060.0,19,193.0,3.0634920634920637,5.52467060591724,4,80.0,0.3745593384543032,15,552.0,0.2261937619108691,19,632.0
6065.0,22,262.0,4.295081967213115,4.996201629381347,5,89.0,0.27090723113158655,17,576.0,0.21276090567805214,22,665.0
6070.0,31,345.0,5.75,4.5401343529490585,10,121.0,0.3286561734672736,21,601.0,0.17509825584972177,31,722.0
6075.0,26,376.0,6.163934426229508,4.523796790618595,8,139.0,0.3678883972511809,18,592.0,0.1845863471450594,26,731.0
6080.0,25,384.0,6.508474576271187,4.8159567716258564,6,115.0,0.43325502044567693,19,596.0,0.20216609646127814,25,711.0
6085.0,23,337.0,5.349206349206349,5.108301366541826,5,99.0,0.3845879668618409,18,521.0,0.23750787470717616,23,620.0
6090.0,30,445.0,6.742424242424242,4.993632156946517,10,133.0,0.33191042692165096,20,609.0,0.2773719336674572,30,742.0
6095.0,33,561.0,8.904761904761905,4.661683836519975,8,159.0,0.37860663796882715,25,695.0,0.23195783903057413,33,854.0
6100.0,30,549.0,8.578125,4.243958049092365,5,155.0,0.4094732279778825,25,734.0,0.12047171260188325,30,889.0
6105.0,25,292.0,4.424242424242424,4.802107771951642,4,119.0,0.22633519714056652,21,691.0,0.16766219307633393,25,810.0
6110.0,22,320.0,4.923076923076923,5.8366828337108245,7,106.0,0.23344724406314543,15,612.0,0.3079533448147918,22,718.0
6115.0,19,279.0,4.428571428571429,5.634117842090289,5,121.0,0.3727682687931953,14,570.0,0.2672732491817329,19,691.0
6120.0,24,338.0,5.827586206896552,5.225064995759787,4,111.0,0.5024407378076219,20,611.0,0.18467618648964537,24,722.0
6125.0,28,364.0,5.967213114754099,4.599389417191832,5,123.0,0.5444536424500706,23,585.0,0.0839808296920332,28,708.0
6130.0,29,421.0,7.016666666666667,4.953945147818256,6,146.0,0.5095790400678206,23,584.0,0.1522178189400447,29,730.0
6135.0,27,367.0,6.016393442622951,4.572567129014447,5,67.0,0.5041452478429861,22,601.0,0.14211164895995815,27,668.0
6140.0,24,308.0,4.967741935483871,4.714985697250016,8,79.0,0.3954584240521275,16,520.0,0.17627433923998564,24,599.0
6145.0,24,314.0,4.8307692307692305,4.139731721136869,8,89.0,0.28715984631860586,16,547.0,0.17247356740994707,24,636.0
6150.0,26,357.0,5.25,5.174686448340713,8,102.0,0.33519336974229663,18,550.0,0.20034369454483228,26,652.0
6155.0,26,395.0,6.076923076923077,5.394656126161345,8,82.0,0.3925853203222619,18,575.0,0.1983212214131758,26,657.0
6160.0,25,466.0,7.0606060606060606,5.402385464273484,10,123.0,0.2682527454737277,15,548.0,0.2305037846345275,25,671.0
6165.0,27,462.0,7.451612903225806,4.415924517521249,13,152.0,0.1548319160533412,14,521.0,0.25036538365541466,27,673.0
6170.0,32,508.0,7.815384615384615,4.9292519222518,13,165.0,0.3058159978815924,19,535.0,0.197957145270612,32,700.0
6175.0,31,325.0,5.508474576271187,4.029630319837434,11,175.0,0.31252719585379934,20,499.0,0.22872867532476546,31,674.0
6180.0,35,466.0,7.898305084745763,4.145404024788744,14,211.0,0.3407987410566299,21,456.0,0.20948705921266886,35,667.0
6185.0,33,469.0,7.816666666666666,3.347845287833787,13,227.0,0.2700127122197002,20,478.0,0.1715014685864056,33,705.0
6190.0,24,332.0,5.26984126984127,3.761064583454089,10,207.0,0.13730093713362684,14,460.0,0.18157021898818224,24,667.0
6195.0,20,325.0,5.0,5.401253096782855,7,172.0,0.2928232845996188,13,443.0,0.199086849352698,20,615.0
6200.0,21,207.0,3.08955223880597,5.695084927676393,7,136.0,0.3144895860742254,14,409.0,0.19125683717290587,21,545.0
6205.0,26,258.0,4.03125,5.646895153185547,10,117.0,0.36757097326215254,16,452.0,0.25540334074092846,26,569.0
6210.0,23,299.0,4.983333333333333,4.637992827822137,9,131.0,0.36784949368824177,14,428.0,0.21516954584622452,23,559.0
6215.0,20,285.0,5.089285714285714,5.090619786006591,8,124.0,0.38689000805389895,12,385.0,0.2084217204325451,20,509.0
6220.0,19,278.0,4.793103448275862,4.88616003857088,8,99.0,0.15249510426375662,11,397.0,0.20468638935122335,19,496.0
6225.0,28,366.0,5.809523809523809,5.36090135200725,13,134.0,0.18274963676522155,15,399.0,0.21773871697678562,28,533.0
6230.0,21,421.0,7.135593220338983,5.578058169702897,8,160.0,0.3688713531227826,13,419.0,0.2862150384872817,21,579.0
6235.0,16,439.0,7.701754385964913,6.583847472377423,6,158.0,0.5008769746415878,10,380.0,0.29068492679528307,16,538.0
6240.0,19,431.0,7.431034482758621,5.760163184595344,5,123.0,0.3955911136964596,14,416.0,0.17557449463306746,19,539.0
6245.0,23,507.0,9.053571428571429,5.731920237123619,7,114.0,0.33333847309904885,16,474.0,0.2434427795391056,23,588.0
6250.0,20,326.0,5.821428571428571,5.08295854301356,5,94.0,0.3733457789264467,15,425.0,0.23972945719768252,20,519.0
6255.0,20,381.0,7.326923076923077,5.912582730560707,3,42.0,0.6192368183157105,17,445.0,0.25636904336543964,20,487.0
6260.0,22,410.0,7.454545454545454,5.076834629551803,5,56.0,0.4933949696284439,17,474.0,0.21784408519851625,22,530.0
6265.0,22,406.0,6.88135593220339,4.980633337288189,10,88.0,0.44288640225173387,12,452.0,0.17245589141716391,22,540.0
6270.0,19,229.0,3.7540983606557377,5.240425255323995,8,83.0,0.45004291035078087,11,343.0,0.1993719119138463,19,426.0
6275.0,19,210.0,3.559322033898305,5.67504421064566,8,84.0,0.44928087121476534,11,246.0,0.2265886403537949,19,330.0
6280.0,24,251.0,4.254237288135593,4.661572482416985,10,107.0,0.2642533825518491,14,268.0,0.23189805379248166,24,375.0
6285.0,25,319.0,5.5,4.895640013869987,15,147.0,0.1921396255214105,10,267.0,0.26631225873399467,25,414.0
6290.0,28,385.0,6.637931034482759,4.456519025874947,15,199.0,0.251461589935564,13,300.0,0.2393972460736763,28,499.0
6295.0,28,496.0,8.266666666666667,5.146102673675159,13,234.0,0.33119813112826463,15,338.0,0.22791203059297208,28,572.0
6300.0,28,525.0,8.60655737704918,4.399598404993574,12,256.0,0.3461597014635545,16,376.0,0.2046010929984423,28,632.0
6305.0,20,524.0,8.317460317460318,6.080147482999529,10,221.0,0.35428400685208905,10,388.0,0.325856444553856,20,609.0
6310.0,23,482.0,7.415384615384616,5.732069501090569,11,256.0,0.34361415068198314,12,371.0,0.2256615003142807,23,627.0
6315.0,26,394.0,6.061538461538461,4.997121086485976,14,295.0,0.25875234648734313,12,301.0,0.2642198853325772,26,596.0
6320.0,23,242.0,3.6666666666666665,4.621200802135577,14,284.0,0.19439033719144955,9,263.0,0.3737053705998054,23,547.0
6325.0,27,262.0,4.09375,4.630957366961488,14,297.0,0.2559764259536512,13,255.0,0.35119917107111887,27,552.0
6330.0,31,266.0,4.222222222222222,3.774160624004225,17,316.0,0.2471091893678583,14,278.0,0.25415585891141135,31,594.0
6335.0,26,249.0,3.9523809523809526,4.250408072706036,15,310.0,0.19610204816718654,11,252.0,0.2261036100393621,26,562.0
6340.0,27,315.0,4.7727272727272725,3.8373232954217413,18,333.0,0.10115773098547598,9,221.0,0.2395945579046035,27,554.0
6345.0,32,383.0,5.7164179104477615,4.37946842551983,21,376.0,0.15333284875246675,11,222.0,0.28343077069987227,32,598.0
6350.0,32,487.0,7.609375,4.074844133205176,20,443.0,0.1957013077185234,12,248.0,0.29012585447317274,32,691.0
6355.0,26,524.0,8.88135593220339,4.707889306268761,15,468.0,0.2482005404544356,11,241.0,0.25466088160078737,26,709.0
6360.0,25,546.0,9.254237288135593,4.237563176391294,17,483.0,0.12324212658782104,8,209.0,0.2554312873578613,25,692.0
6365.0,27,471.0,7.721311475409836,4.640988039297665,16,480.0,0.19025790650508262,11,210.0,0.2541520692247995,27,690.0
6370.0,24,384.0,6.7368421052631575,4.739038320503658,13,522.0,0.3110278907814964,11,184.0,0.3129657746049363,24,706.0
6375.0,27,482.0,7.901639344262295,4.428495955904891,15,560.0,0.2798151738819923,12,194.0,0.2901283402854972,27,754.0
6380.0,29,429.0,6.919354838709677,4.378395960615273,17,513.0,0.25689546171926103,12,204.0,0.2916608841314021,29,717.0
6385.0,25,380.0,6.229508196721311,5.042046849450192,19,537.0,0.13843312953480236,6,186.0,0.43906384788945635,25,723.0
6390.0,23,283.0,4.492063492063492,4.208269918188384,19,519.0,0.07038483773435295,4,143.0,0.3981515800341597,23,662.0
6395.0,24,270.0,4.285714285714286,5.022033392557492,13,483.0,0.27316532839561686,11,146.0,0.2220375811313885,24,629.0
6400.0,23,264.0,4.125,5.1100138694994826,9,444.0,0.3108631181419442,14,168.0,0.14270065183527955,23,612.0
6405.0,14,160.0,2.5,5.8895180669332206,8,365.0,0.2669224601174245,6,170.0,0.29908032445494537,14,535.0
6410.0,19,207.0,3.45,5.588200925627819,12,377.0,0.23814864801505442,7,165.0,0.3845777767753471,19,542.0
6415.0,16,233.0,3.819672131147541,6.291943315570717,10,387.0,0.32061499290669343,6,167.0,0.34670759652840694,16,554.0
6420.0,20,245.0,4.1525423728813555,5.561602940594394,9,384.0,0.2813360464926652,11,201.0,0.28911284561235323,20,585.0
6425.0,26,336.0,5.419354838709677,5.498096660354794,17,438.0,0.1941901457567192,9,236.0,0.3830863543561711,26,674.0
6430.0,22,346.0,5.492063492063492,6.043274286561911,14,456.0,0.21694779463821298,8,222.0,0.431546961378515,22,678.0
6435.0,24,315.0,5.338983050847458,6.045367884341435,17,523.0,0.2034992084820768,7,116.0,0.4418219632739066,24,639.0
6440.0,24,375.0,6.048387096774194,4.812330353671645,14,557.0,0.19159210463760878,10,124.0,0.3091419134200275,24,681.0
6445.0,25,378.0,5.90625,5.147256271064301,15,538.0,0.20331520808109832,10,149.0,0.3626822149516901,25,687.0
6450.0,29,417.0,6.619047619047619,5.5440335657949635,15,508.0,0.3148129399132046,14,174.0,0.3418128041218207,29,682.0
6455.0,26,353.0,5.348484848484849,5.490332516045757,11,374.0,0.3800293775760802,15,239.0,0.33586302728210227,26,613.0
6460.0,24,399.0,6.045454545454546,5.602466601967,10,326.0,0.38796869510510834,14,290.0,0.33746481011088447,24,616.0
6465.0,34,400.0,5.882352941176471,4.184265707512569,17,374.0,0.22838607529687238,17,276.0,0.3243635528543038,34,650.0
6470.0,39,534.0,7.416666666666667,3.916111730058505,21,435.0,0.20743668758221998,18,335.0,0.2810807163481346,39,770.0
6475.0,39,511.0,6.8133333333333335,3.3878511692539597,20,467.0,0.23127461028199608,19,347.0,0.22064484372931267,39,814.0
6480.0,29,392.0,5.157894736842105,4.239014095914676,13,448.0,0.23819022887998276,16,306.0,0.23782974440422677,29,754.0
6485.0,24,292.0,3.7435897435897436,4.601085709948719,9,419.0,0.24856024105816577,15,331.0,0.2429217364030668,24,750.0
6490.0,33,367.0,4.6455696202531644,4.19277167162313,15,386.0,0.16168155629699546,18,373.0,0.25454118914408436,33,759.0
6495.0,41,436.0,5.662337662337662,4.043581534662663,19,433.0,0.20158989321618032,22,424.0,0.2595338652680751,41,857.0
6500.0,33,517.0,6.8933333333333335,4.411560750019638,11,430.0,0.27905197618908795,22,464.0,0.21270457494849698,33,894.0
6505.0,39,520.0,6.842105263157895,3.743861762745721,11,369.0,0.2972957446266432,28,555.0,0.11950326632621819,39,924.0
6510.0,42,544.0,6.716049382716049,3.915154101788634,13,282.0,0.2398513554655124,29,634.0,0.16469308747414738,42,916.0
6515.0,42,606.0,7.769230769230769,3.663691289335303,16,314.0,0.22017269714383214,26,673.0,0.22489363540317392,42,987.0
6520.0,31,453.0,5.592592592592593,4.185249705802267,11,316.0,0.20611651815434923,20,601.0,0.19445613176965412,31,917.0
6525.0,28,375.0,4.62962962962963,4.645591307278115,9,277.0,0.2590809546699144,19,598.0,0.20523530069270093,28,875.0
6530.0,33,420.0,5.121951219512195,4.92450791985049,14,258.0,0.2829499326911299,19,586.0,0.18429072505143754,33,844.0
6535.0,33,499.0,6.3164556962025316,4.59594020298248,15,301.0,0.30398643051194074,18,606.0,0.17918767984294298,33,907.0
6540.0,30,459.0,5.884615384615385,4.388194932159029,11,300.0,0.30549961401303083,19,621.0,0.1407125796488077,30,921.0
6545.0,31,452.0,6.026666666666666,4.378848378083978,7,267.0,0.3535377081743736,24,617.0,0.06197538326576122,31,884.0
6550.0,39,543.0,7.438356164383562,4.17987246430075,14,273.0,0.3205405799287696,25,663.0,0.12337874094882434,39,936.0
6555.0,29,545.0,7.785714285714286,4.107979075951158,15,313.0,0.19693397907249716,14,620.0,0.27247374502470256,29,933.0
6560.0,29,493.0,6.847222222222222,3.859872222039559,13,319.0,0.1368765151423553,16,615.0,0.23636756736944542,29,934.0
6565.0,25,317.0,4.5285714285714285,4.246093216438356,11,271.0,0.23402761957556698,14,551.0,0.21860558079937784,25,822.0
6570.0,33,410.0,5.774647887323944,4.035149605120672,14,248.0,0.23268898446196282,19,577.0,0.21291656474820406,33,825.0
6575.0,37,471.0,6.826086956521739,3.018755211498964,19,304.0,0.2007366339451569,18,552.0,0.18551530050893114,37,856.0
6580.0,36,536.0,7.6571428571428575,3.878948863138404,21,365.0,0.17164529886910246,15,490.0,0.2499695639191096,36,855.0
6585.0,33,532.0,7.0,4.322416049274938,19,405.0,0.14501203134960605,14,484.0,0.3181566997636817,33,889.0
6590.0,29,425.0,5.246913580246914,4.752769523061821,12,407.0,0.25037753622293396,17,445.0,0.2726205718853931,29,852.0
6595.0,26,459.0,5.7375,4.453820013740348,7,417.0,0.3562346049977384,19,467.0,0.17130137911739013,26,884.0
6600.0,32,552.0,6.9,4.42887370085665,13,446.0,0.319710115850712,19,477.0,0.15471306657417078,32,923.0
6605.0,34,510.0,6.455696202531645,4.260649304020128,18,397.0,0.09904064582806321,16,515.0,0.2694084461076264,34,912.0
6610.0,38,526.0,6.921052631578948,4.19949069008732,24,383.0,0.038332541522319304,14,505.0,0.2754738003153046,38,888.0
6615.0,36,516.0,7.068493150684931,3.8514251707163627,22,424.0,0.1269964483633337,14,453.0,0.1858464795904417,36,877.0
6620.0,28,300.0,4.166666666666667,4.596905822831176,11,352.0,0.2668074297703366,17,419.0,0.16202301632988825,28,771.0
6625.0,27,299.0,4.397058823529412,5.03160330772445,6,253.0,0.42731322930609367,21,413.0,0.10070816019578879,27,666.0
6630.0,26,304.0,4.537313432835821,4.725417238124467,5,226.0,0.3881349711672112,21,481.0,0.12333428276859838,26,707.0
6635.0,23,284.0,4.2388059701492535,5.2962478691925,9,249.0,0.297424640992961,14,481.0,0.2683717045197176,23,730.0
6640.0,23,305.0,5.0,4.714970806146183,13,250.0,0.16992069387845565,10,426.0,0.3654983283808542,23,676.0
6645.0,17,279.0,4.428571428571429,5.1720874409723665,8,219.0,0.25459090231177806,9,412.0,0.29459256566887965,17,631.0
6650.0,21,352.0,5.966101694915254,5.2457283757243225,6,186.0,0.379049867291076,15,433.0,0.2309448260803576,21,619.0
6655.0,19,346.0,5.672131147540983,5.0263048390424245,4,142.0,0.4547223677948874,15,465.0,0.14082071152372272,19,607.0
6660.0,21,375.0,6.25,5.7973746584482,9,167.0,0.4007622441087757,12,458.0,0.27079554717032045,21,625.0
6665.0,24,284.0,4.580645161290323,5.408541251855618,8,141.0,0.34937099095268515,16,410.0,0.23403259891157593,24,551.0
6670.0,29,353.0,5.603174603174603,5.537846115269516,11,192.0,0.368933885956551,18,369.0,0.24913564742473782,29,561.0
6675.0,28,400.0,6.557377049180328,4.627154523453288,10,193.0,0.3619924527370885,18,423.0,0.23915019031685752,28,616.0
6680.0,21,357.0,5.578125,5.868025051886384,5,156.0,0.49736676586153733,16,470.0,0.2255379852977167,21,626.0
6685.0,22,354.0,5.53125,5.183680724039448,5,162.0,0.44696620379770235,17,485.0,0.14059197196641374,22,647.0
6690.0,25,360.0,5.142857142857143,5.523355752169185,10,178.0,0.3767144365352546,15,449.0,0.18597138553044665,25,627.0
6695.0,24,231.0,3.4477611940298507,5.061219504758275,12,191.0,0.2752895667339222,12,353.0,0.24784106134739267,24,544.0
6700.0,28,295.0,4.402985074626866,5.498103165336946,12,187.0,0.30252344397614367,16,298.0,0.2588904735830113,28,485.0
6705.0,28,353.0,5.430769230769231,5.004397782477196,11,220.0,0.3406219469256995,17,346.0,0.1868889568395806,28,566.0
6710.0,30,420.0,6.176470588235294,5.537305179410321,15,254.0,0.30331821727888586,15,390.0,0.28293427917056685,30,644.0
6715.0,30,441.0,6.7846153846153845,4.576588892641843,15,290.0,0.22390385567136278,15,395.0,0.32604921350122734,30,685.0
6720.0,24,384.0,5.818181818181818,5.0459196547282446,13,317.0,0.2121440568507439,11,353.0,0.3437952687555447,24,670.0
6725.0,27,431.0,6.246376811594203,4.351132765025041,13,334.0,0.21513358627537166,14,350.0,0.25616573922186925,27,684.0
6730.0,27,450.0,6.428571428571429,5.308431778380125,10,320.0,0.25399313181383315,17,355.0,0.25894084268954193,27,675.0
6735.0,25,257.0,3.7246376811594204,4.757769601327814,9,237.0,0.24373859964682854,16,354.0,0.18719504617043375,25,591.0
6740.0,35,348.0,5.043478260869565,4.430144288403593,14,243.0,0.23764506539677907,21,335.0,0.15899725822139846,35,578.0
6745.0,36,399.0,6.138461538461539,3.7689507174358625,17,289.0,0.2582665585220855,19,375.0,0.15960619339254914,36,664.0
6750.0,35,504.0,7.636363636363637,4.350597179934537,16,309.0,0.3197822872622838,19,424.0,0.20608567658293075,35,733.0
6755.0,32,486.0,7.476923076923077,3.5173744133266815,14,322.0,0.24329168982459495,18,434.0,0.1834119642225513,32,756.0
6760.0,24,293.0,4.3088235294117645,4.35664216675975,12,281.0,0.21493759454851216,12,358.0,0.18641641928500474,24,639.0
6765.0,19,222.0,3.217391304347826,5.068790852624038,8,251.0,0.2849809106963412,11,312.0,0.2219572718935264,19,563.0
6770.0,24,193.0,2.643835616438356,5.48050735267873,13,273.0,0.25974022777183214,11,329.0,0.258367985420033,24,602.0
6775.0,29,271.0,3.927536231884058,4.423787891485847,16,294.0,0.21099912891939077,13,306.0,0.288107213691368,29,600.0
6780.0,27,298.0,4.197183098591549,4.039949533012954,12,270.0,0.21337517514650892,15,324.0,0.23157117122321288,27,594.0
6785.0,22,309.0,4.611940298507463,4.942500587594578,11,264.0,0.23044912635236095,11,284.0,0.29860050040876657,22,548.0
6790.0,18,280.0,4.17910447761194,5.646428331581346,8,270.0,0.25965367941573697,10,276.0,0.3168785135688826,18,546.0
6795.0,32,395.0,5.984848484848484,4.416568210212623,15,331.0,0.2086477403596744,17,295.0,0.15820477620026907,32,626.0
6800.0,35,511.0,8.11111111111111,3.4915494213167713,15,374.0,0.22026655542616147,20,361.0,0.1494734529271425,35,735.0
6805.0,26,574.0,9.728813559322035,4.291116865060752,9,370.0,0.22970188988543647,17,396.0,0.1965534827495485,26,766.0
6810.0,24,501.0,8.21311475409836,4.16152507978971,9,319.0,0.19560294161180664,15,407.0,0.1239581993067823,24,726.0
6815.0,30,403.0,6.296875,4.94863214186087,13,250.0,0.28183856752735564,17,397.0,0.1659241461780991,30,647.0
6820.0,26,354.0,5.80327868852459,4.3503026801467035,12,291.0,0.2528424890171816,14,393.0,0.27555665658360545,26,684.0
6825.0,24,413.0,6.555555555555555,5.409379425995291,7,291.0,0.4184419439417577,17,402.0,0.25379393178473664,24,693.0
6830.0,27,350.0,5.384615384615385,4.968779433340075,8,260.0,0.4422345139339433,19,428.0,0.14978103896241154,27,688.0
6835.0,26,340.0,5.074626865671642,5.7841568551073355,12,202.0,0.3493343546941982,14,415.0,0.2774613555995415,26,617.0
6840.0,26,353.0,5.515625,4.902085648442307,12,231.0,0.18597192864478604,14,429.0,0.3110306078648534,26,660.0
6845.0,26,366.0,5.71875,4.992452594770825,11,258.0,0.21092284213382412,15,421.0,0.2671181544673317,26,679.0
6850.0,26,319.0,5.145161290322581,4.378716881625779,8,241.0,0.2627561315510296,18,431.0,0.16861369107964733,26,672.0
6855.0,31,350.0,5.555555555555555,4.224667886430648,13,247.0,0.182117109476987,18,408.0,0.2583308512880397,31,655.0
6860.0,31,323.0,5.126984126984127,3.9812338097952353,13,185.0,0.21416267054191432,18,434.0,0.2869181317883938,31,619.0
6865.0,27,308.0,4.597014925373134,4.398198234274892,14,201.0,0.23366927777912885,13,407.0,0.28456235886656855,27,608.0
6870.0,26,308.0,4.597014925373134,4.599866202216644,12,219.0,0.2740519254521184,14,407.0,0.27334998321028015,26,626.0
6875.0,25,234.0,3.342857142857143,4.891968265229689,6,173.0,0.3239547035820803,19,438.0,0.187104003258465,25,611.0
6880.0,24,302.0,4.575757575757576,4.600122920548073,4,162.0,0.3998024855712421,20,484.0,0.14541737727014814,24,646.0
6885.0,28,370.0,5.4411764705882355,4.687438160596894,10,199.0,0.25723026904097435,18,501.0,0.19246885469850086,28,700.0
6890.0,29,356.0,5.159420289855072,4.436792559770522,11,204.0,0.2019759912694679,18,499.0,0.21599091137047016,29,703.0
6895.0,26,440.0,6.3768115942028984,5.039699162253016,5,172.0,0.4291735002403135,21,568.0,0.16354887139877708,26,740.0
6900.0,27,422.0,6.298507462686567,4.962448080365915,5,81.0,0.4489590536843623,22,636.0,0.1914876768215959,27,717.0
6905.0,28,503.0,7.507462686567164,5.12410242534349,11,93.0,0.3709110107628315,17,666.0,0.2385752485509943,28,759.0
6910.0,26,514.0,7.6716417910447765,4.143548035342844,11,122.0,0.2061816065379358,15,681.0,0.23228279107513192,26,803.0
6915.0,30,564.0,8.545454545454545,5.07166639025523,11,154.0,0.3092208278111123,19,680.0,0.2431623212788995,30,834.0
6920.0,27,600.0,9.523809523809524,4.219188851519269,9,151.0,0.29520272344563453,18,735.0,0.1747647114787915,27,886.0
6925.0,24,624.0,10.064516129032258,4.998584753868275,7,104.0,0.2635640418243798,17,755.0,0.19803751064042052,24,859.0
6930.0,26,580.0,9.508196721311476,4.43621849109722,10,127.0,0.1903294954585899,16,710.0,0.1811109246436762,26,837.0
6935.0,28,375.0,5.9523809523809526,5.29404555982893,9,156.0,0.34598357188443024,19,595.0,0.16844427980216412,28,751.0
6940.0,23,387.0,6.45,5.560028615958694,6,151.0,0.48149721256322736,17,541.0,0.24190041772167434,23,692.0
6945.0,22,441.0,7.7368421052631575,5.095773078381051,6,150.0,0.48667498143710464,16,581.0,0.2044076639995421,22,731.0
6950.0,21,364.0,6.7407407407407405,4.769437006469405,6,112.0,0.37202737440650235,15,578.0,0.18909177586672812,21,690.0
6955.0,27,380.0,6.666666666666667,4.481168004919104,8,103.0,0.22614177309154274,19,574.0,0.19080035948546245,27,677.0
6960.0,24,338.0,6.1454545454545455,5.447797687464402,7,78.0,0.3182572106010347,17,571.0,0.2758828962810216,24,649.0
6965.0,25,275.0,5.0,4.954523021920375,9,106.0,0.3833730646658091,16,548.0,0.2107719267749637,25,654.0
6970.0,26,366.0,6.654545454545454,5.465095553252013,8,149.0,0.43696503363648687,18,530.0,0.23748770200982183,26,679.0
6975.0,27,402.0,6.931034482758621,4.97689467853018,8,166.0,0.39787943690215044,19,513.0,0.24404180428358044,27,679.0
6980.0,25,408.0,6.8,4.910646801350996,9,208.0,0.37218596672846244,16,443.0,0.27893833436649856,25,651.0
6985.0,25,414.0,6.786885245901639,4.680353807843532,7,191.0,0.3593883797500567,18,470.0,0.2561446027279932,25,661.0
6990.0,22,357.0,5.758064516129032,4.453295855700293,6,140.0,0.3951177765954654,16,439.0,0.15947519049752257,22,579.0
6995.0,21,342.0,6.107142857142857,4.43997638578564,6,153.0,0.3680802557614842,15,403.0,0.1439146190871152,21,556.0
7000.0,31,456.0,7.354838709677419,4.009713983058794,14,199.0,0.24558713587571027,17,458.0,0.10460898869404442,31,657.0
7005.0,28,436.0,7.389830508474576,4.363765728453286,11,176.0,0.341486445088961,17,514.0,0.1271179244130291,28,690.0
7010.0,29,439.0,8.12962962962963,4.358168562877754,11,149.0,0.4084851906383553,18,519.0,0.14307933316936708,29,668.0
7015.0,27,349.0,6.462962962962963,3.5006568956527087,10,162.0,0.27627535098657685,17,486.0,0.16150300972032575,27,648.0
7020.0,24,301.0,5.375,4.1109715389698325,10,147.0,0.3105138480579517,14,491.0,0.1366864104476873,24,638.0
7025.0,21,296.0,5.803921568627451,4.546691776456619,8,165.0,0.32259724951778435,13,441.0,0.15441298396316352,21,606.0
7030.0,23,376.0,7.52,4.995899538976271,11,186.0,0.22866581070747694,12,423.0,0.20358092674561612,23,609.0
7035.0,20,388.0,8.083333333333334,5.243224129359256,8,178.0,0.3421579057259388,12,408.0,0.24135480005375212,20,586.0
7040.0,17,395.0,8.777777777777779,5.481803021122858,8,169.0,0.4248981989228232,9,425.0,0.2965167696640075,17,594.0
7045.0,16,381.0,8.466666666666667,5.004255424485033,6,164.0,0.3890299863480185,10,407.0,0.2693930725952733,16,571.0
7050.0,16,154.0,3.2083333333333335,5.027312872531188,7,122.0,0.35437760284628744,9,304.0,0.20888395183520647,16,426.0
7055.0,19,228.0,4.653061224489796,5.174776163953444,7,146.0,0.34999406312711806,12,247.0,0.1868442413085815,19,393.0
7060.0,19,231.0,4.62,5.597820447155194,10,173.0,0.3376327445335011,9,241.0,0.30631099260543226,19,414.0
7065.0,15,242.0,5.041666666666667,5.822810618097336,10,180.0,0.21124495164395152,5,203.0,0.43681992468848174,15,383.0
7070.0,15,237.0,5.266666666666667,5.837133837375757,10,185.0,0.19072583588135067,5,160.0,0.42228130299452604,15,345.0
7075.0,14,163.0,3.5434782608695654,5.837054092844818,6,130.0,0.2906251210896408,8,109.0,0.2720422392385729,14,239.0
7080.0,16,210.0,4.375,6.078302794309651,9,148.0,0.4245026460105226,7,128.0,0.2816214148391012,16,276.0
7085.0,18,267.0,5.933333333333334,5.90297481605904,7,170.0,0.5251819966156511,11,160.0,0.2106261912617196,18,330.0
7090.0,16,281.0,5.9787234042553195,5.419439039965951,8,190.0,0.4365203509141811,8,162.0,0.21356735030655358,16,352.0
7095.0,11,156.0,3.3191489361702127,6.192778902169866,8,139.0,0.33840502265983174,3,124.0,0.40078365564329893,11,263.0
7100.0,16,154.0,3.2083333333333335,5.980729345918387,12,137.0,0.1787699198731855,4,70.0,0.39279443535271813,16,207.0
7105.0,17,211.0,4.3061224489795915,5.727878920861337,12,186.0,0.18493987149190588,5,77.0,0.406214783910209,17,263.0
7110.0,18,258.0,5.608695652173913,6.112647780253552,9,198.0,0.2611432115523215,9,111.0,0.4326019876677122,18,309.0
7115.0,17,235.0,5.340909090909091,4.949600768654549,9,193.0,0.2600979145901878,8,135.0,0.3556951349119949,17,328.0
7120.0,21,318.0,6.76595744680851,5.457537795052528,10,200.0,0.28785773607003334,11,178.0,0.38339494864802687,21,378.0
7125.0,17,307.0,6.26530612244898,6.058973987055673,8,217.0,0.4014121703236682,9,177.0,0.4181589907528169,17,394.0
7130.0,15,325.0,6.770833333333333,6.503013362716982,7,215.0,0.4027794793174543,8,126.0,0.36344289073528935,15,341.0
7135.0,11,252.0,5.142857142857143,5.7528582707187965,5,187.0,0.3416104580987444,6,131.0,0.17471698074933728,11,318.0
7140.0,20,316.0,6.32,6.304918481911941,9,192.0,0.3579121518480156,11,147.0,0.16601292237344673,20,339.0
7145.0,16,143.0,2.9791666666666665,6.028368027040014,7,152.0,0.47079942734129787,9,124.0,0.21491197630613498,16,276.0
7150.0,15,159.0,3.533333333333333,7.269115399341432,6,75.0,0.5586852011195975,9,110.0,0.34989829097784964,15,185.0
7155.0,10,112.0,2.5454545454545454,6.503786334655225,5,68.0,0.47492457952711076,5,97.0,0.398573804440296,10,165.0
7160.0,9,117.0,2.7209302325581395,6.882986024701525,7,88.0,0.3335552950714025,2,52.0,0.5506599672108458,9,140.0
7165.0,12,112.0,2.604651162790698,6.7746719272775096,9,102.0,0.2348389073847184,3,58.0,0.6185937016650731,12,160.0
7170.0,14,142.0,3.0869565217391304,7.098987351692318,8,81.0,0.27264412232457136,6,75.0,0.43587548095141815,14,156.0
7175.0,12,118.0,2.6222222222222222,7.365077202013027,6,70.0,0.3394860971300423,6,62.0,0.3967499519096005,12,132.0
7180.0,12,166.0,3.772727272727273,7.78300146095778,5,58.0,0.47433754165605013,7,98.0,0.3539054650643294,12,156.0
7185.0,12,175.0,4.2682926829268295,7.017424654297777,7,84.0,0.4078811693364863,5,91.0,0.4626030873208887,12,175.0
7190.0,12,183.0,4.255813953488372,6.424904122090352,6,89.0,0.40101973966610044,6,80.0,0.44915892706489163,12,169.0
7195.0,14,243.0,5.5227272727272725,6.491112189829367,8,113.0,0.3880953897220326,6,105.0,0.47340399228670477,14,218.0
7200.0,10,197.0,4.4772727272727275,6.765995164748893,6,121.0,0.5278223750709774,4,89.0,0.4445229107206523,10,210.0
