step,system_total_stopped,system_total_waiting_time,system_mean_waiting_time,system_mean_speed,J17_stopped,J17_accumulated_waiting_time,J17_average_speed,J18_stopped,J18_accumulated_waiting_time,J18_average_speed,agents_total_stopped,agents_total_accumulated_waiting_time
5.0,1,0.0,0.0,1.9826233963947746,0,0.0,1.0,1,0.0,0.13449304206461918,1,0.0
10.0,0,0.0,0.0,7.251130987517538,0,0.0,0.3932363729799067,0,0.0,0.598149119329135,0,0.0
15.0,1,0.0,0.0,10.185687020642538,0,0.0,0.7378034386981447,1,0.0,0.6740092301414212,1,0.0
20.0,0,0.0,0.0,10.321301915189483,0,0.0,0.8350449582491326,0,0.0,0.6779497787978174,0,0.0
25.0,1,1.0,0.06666666666666667,7.757412633373974,1,1.0,0.5014564189562153,0,0.0,0.646904511458012,1,1.0
30.0,6,18.0,0.9,7.5308915554628175,5,14.0,0.506962299767735,1,4.0,0.6329801908046987,6,18.0
35.0,6,42.0,1.826086956521739,7.427672308799746,3,29.0,0.5938169013627888,3,13.0,0.5483966247337466,6,42.0
40.0,9,77.0,2.9615384615384617,6.55225280182734,4,46.0,0.44339019599516966,5,31.0,0.5026843024397716,9,77.0
45.0,10,100.0,3.4482758620689653,6.038621955510865,3,46.0,0.3611802431140075,7,56.0,0.4782725468167867,10,102.0
50.0,10,107.0,3.242424242424242,5.921284296396365,6,63.0,0.31677294982800047,4,52.0,0.38922507004174883,10,115.0
55.0,12,161.0,4.735294117647059,7.16176924438027,6,94.0,0.4487490250695557,6,70.0,0.3605581482654971,12,164.0
60.0,9,157.0,4.90625,6.2186416201568555,6,124.0,0.4013735792081975,3,49.0,0.3364077215206311,9,173.0
65.0,12,187.0,5.5,5.774137814147468,6,138.0,0.3963375002674779,6,62.0,0.30876023980352935,12,200.0
70.0,17,260.0,7.027027027027027,5.365896733106647,10,174.0,0.3972444769234756,7,98.0,0.3315906512264669,17,272.0
75.0,14,197.0,4.925,5.280057678234899,8,147.0,0.29885247064236714,6,99.0,0.48655665601090015,14,246.0
80.0,17,262.0,5.954545454545454,5.801064348844211,13,175.0,0.22843950163581694,4,105.0,0.575835489987648,17,280.0
85.0,16,294.0,6.533333333333333,5.628303223527191,9,199.0,0.34920658815248595,7,132.0,0.45454285201936256,16,331.0
90.0,17,328.0,6.6938775510204085,6.113581182668817,6,184.0,0.38071199493420443,11,179.0,0.3912485533121279,17,363.0
95.0,16,252.0,5.04,5.1164626914615035,5,137.0,0.2845477772647365,11,211.0,0.2662346535748542,16,348.0
100.0,23,298.0,5.8431372549019605,5.2100239380651745,9,91.0,0.3228226778662774,14,269.0,0.19320059883899418,23,360.0
105.0,19,232.0,4.377358490566038,5.138898984953462,7,99.0,0.4103861088216556,12,220.0,0.20866860937150095,19,319.0
110.0,14,229.0,4.58,6.946687041843457,6,83.0,0.4625114013909331,8,205.0,0.37422881868841523,14,288.0
115.0,14,200.0,4.166666666666667,6.850446033478451,5,95.0,0.33915817749739,9,198.0,0.35681188594087,14,293.0
120.0,16,199.0,4.061224489795919,6.173421179741808,5,95.0,0.3597623416430069,11,167.0,0.23774144988428203,16,262.0
125.0,17,250.0,5.555555555555555,5.405105009203924,7,125.0,0.3635779014322033,10,182.0,0.2003708500061468,17,307.0
130.0,18,310.0,7.209302325581396,5.575256325540867,8,163.0,0.2152468300535527,10,191.0,0.2995120633418965,18,354.0
135.0,17,346.0,8.439024390243903,5.375602065354837,8,178.0,0.2475618847060585,9,221.0,0.32746939558272364,17,399.0
140.0,19,431.0,10.512195121951219,6.449468571896481,9,212.0,0.4087270020004252,10,266.0,0.31404309509159234,19,478.0
145.0,16,408.0,10.2,5.061325761874215,5,201.0,0.4575886992776246,11,271.0,0.18147042197272012,16,472.0
150.0,16,423.0,10.071428571428571,6.05842118051913,7,178.0,0.4696237900017729,9,281.0,0.2285463965090643,16,459.0
155.0,15,265.0,6.0227272727272725,5.030688656468409,6,91.0,0.40875830956441417,9,287.0,0.19184406850487365,15,378.0
160.0,15,320.0,6.956521739130435,6.842649937127851,8,67.0,0.371702065543931,7,289.0,0.4010642227505722,15,356.0
165.0,14,364.0,7.74468085106383,6.723999693203954,7,87.0,0.2619718499111749,7,314.0,0.3804034887453075,14,401.0
170.0,14,219.0,4.9772727272727275,6.714158450540197,10,114.0,0.26309321019824056,4,204.0,0.4959174362248503,14,318.0
175.0,10,142.0,3.227272727272727,6.92679615616667,7,123.0,0.3445473587817722,3,88.0,0.5077110316325961,10,211.0
180.0,12,154.0,3.5813953488372094,7.102736677829115,6,87.0,0.3775025111591613,6,112.0,0.48575192120381194,12,199.0
185.0,11,66.0,1.434782608695652,6.330311449493983,5,65.0,0.4355643828858759,6,69.0,0.3316017504077069,11,134.0
190.0,13,104.0,2.3636363636363638,6.60863581174732,5,55.0,0.49324798025574385,8,68.0,0.35962320658798724,13,123.0
195.0,13,92.0,2.090909090909091,6.664998896298325,5,67.0,0.5494873160695457,8,76.0,0.41622495397716713,13,143.0
200.0,11,112.0,2.604651162790698,6.614519687607913,5,77.0,0.3921611635199915,6,64.0,0.4439458516416227,11,141.0
205.0,13,119.0,2.975,5.656924477527626,7,80.0,0.2639368976653565,6,72.0,0.431467255755484,13,152.0
210.0,15,179.0,4.365853658536586,6.148969070385099,5,75.0,0.3776703590334715,10,112.0,0.2685648102651466,15,187.0
215.0,15,161.0,3.926829268292683,5.549537616417444,5,66.0,0.35341632893354336,10,146.0,0.11780697666516081,15,212.0
220.0,14,168.0,3.8181818181818183,6.848697014692205,4,49.0,0.5599409792875587,10,161.0,0.2129214135754357,14,210.0
225.0,10,102.0,2.3181818181818183,6.53907266479271,2,28.0,0.5454494705961657,8,143.0,0.3097312609962649,10,171.0
230.0,15,168.0,3.652173913043478,6.893364382387668,5,53.0,0.609307362032804,10,167.0,0.33398611311617465,15,220.0
235.0,16,143.0,2.75,6.116400925729035,7,65.0,0.39871024944721156,9,161.0,0.4029744274572268,16,226.0
240.0,17,170.0,3.1481481481481484,6.692759264740357,11,113.0,0.3576991311663315,6,115.0,0.4743562472336804,17,228.0
245.0,22,191.0,3.4107142857142856,5.24741018075344,14,130.0,0.21438229330888153,8,125.0,0.3206292248578401,22,255.0
250.0,17,171.0,3.109090909090909,6.077475442532398,8,124.0,0.36516376207022455,9,140.0,0.23076793478664576,17,264.0
255.0,18,199.0,3.491228070175439,5.719339788490537,9,130.0,0.33150165425696954,9,170.0,0.2186520161396174,18,300.0
260.0,23,231.0,4.125,5.468590227879358,13,170.0,0.3219215926100565,10,180.0,0.23896563175451596,23,350.0
265.0,23,239.0,4.120689655172414,5.13671897105578,15,206.0,0.3202028829574342,8,148.0,0.3366988322782837,23,354.0
270.0,27,279.0,4.5,5.061666895194444,19,275.0,0.3079150797563453,8,126.0,0.35918070988913253,27,401.0
275.0,28,332.0,5.1875,5.1997464132216615,18,306.0,0.27598175867727487,10,154.0,0.3942136940404889,28,460.0
280.0,20,306.0,4.567164179104478,5.639374711131535,12,272.0,0.26328422254561035,8,165.0,0.40056157406252607,20,437.0
285.0,24,298.0,4.382352941176471,5.520724579821592,13,261.0,0.3341437949459274,11,183.0,0.21538757910085635,24,444.0
290.0,25,222.0,3.3134328358208953,4.902056062078595,16,283.0,0.2350935906623263,9,161.0,0.3199732016394464,25,444.0
295.0,26,233.0,3.5846153846153848,4.456657366831174,19,337.0,0.13289977868961783,7,104.0,0.4268954412261364,26,441.0
300.0,32,326.0,5.09375,4.921924747732422,26,428.0,0.10893257681034473,6,92.0,0.47294198703958124,32,520.0
305.0,36,423.0,6.609375,4.416732550089925,24,477.0,0.1377196237552568,12,138.0,0.3426327949436868,36,615.0
310.0,27,383.0,6.383333333333334,4.268397243819889,16,447.0,0.21577364785002878,11,174.0,0.22523687777513718,27,621.0
315.0,22,385.0,6.111111111111111,4.29406581502517,12,475.0,0.18248036072336019,10,174.0,0.1820696898259752,22,649.0
320.0,23,378.0,6.19672131147541,4.607669878278713,14,482.0,0.12846116647788156,9,196.0,0.3217495038888937,23,678.0
325.0,25,397.0,6.616666666666666,4.999218913846476,18,505.0,0.1957665364155921,7,170.0,0.4385965785995404,25,675.0
330.0,18,319.0,5.316666666666666,5.237678032985611,11,465.0,0.27748961186407733,7,120.0,0.38198218453041477,18,585.0
335.0,18,226.0,4.035714285714286,5.435626429205773,9,367.0,0.40869266990075775,9,122.0,0.21286782894070524,18,489.0
340.0,22,225.0,3.8135593220338984,5.400354061687994,13,310.0,0.36761951581575475,9,145.0,0.23173238555932793,22,455.0
345.0,23,282.0,4.779661016949152,4.925658240189559,15,322.0,0.18616225652717333,8,138.0,0.4344652666629682,23,460.0
350.0,19,334.0,5.859649122807017,5.465189043332851,13,318.0,0.17811630404621578,6,158.0,0.4219042448979614,19,476.0
355.0,22,418.0,7.206896551724138,5.121368428679498,14,365.0,0.24332472963525784,8,195.0,0.2117390852761183,22,560.0
360.0,24,420.0,7.0,4.488923921178554,17,425.0,0.21196962555710977,7,168.0,0.3591526650388872,24,593.0
365.0,27,383.0,6.491525423728813,5.240974737234379,21,428.0,0.2835224361759412,6,123.0,0.5201513338385987,27,551.0
370.0,29,486.0,8.1,5.2267566120894235,22,450.0,0.24630307453661504,7,157.0,0.4496668157322809,29,607.0
375.0,27,500.0,7.462686567164179,4.7104088065876315,21,509.0,0.15866832502668216,6,155.0,0.45749571160866936,27,664.0
380.0,23,449.0,6.602941176470588,5.716262373879846,16,505.0,0.23007957392841197,7,157.0,0.4562118188579372,23,662.0
385.0,17,258.0,3.8507462686567164,5.877856736062222,12,449.0,0.2883621363628054,5,110.0,0.40932126620777015,17,559.0
390.0,21,146.0,2.1470588235294117,5.644589516051404,14,362.0,0.2588454610967407,7,63.0,0.38808259414435287,21,425.0
395.0,23,207.0,3.1846153846153844,5.036091636233487,16,386.0,0.24856861114601048,7,81.0,0.42955587060393574,23,467.0
400.0,21,207.0,3.1846153846153844,5.0137432945763845,15,366.0,0.24258856376860932,6,81.0,0.4265050522956282,21,447.0
405.0,23,278.0,4.483870967741935,5.322567984123242,16,364.0,0.26492120322580953,7,98.0,0.47003393950247246,23,462.0
410.0,24,291.0,4.693548387096774,4.541459379448879,19,388.0,0.2061175644401414,5,76.0,0.410301842551056,24,464.0
415.0,29,390.0,6.39344262295082,3.6866366665204877,20,446.0,0.21040257441184437,9,101.0,0.2570815438218704,29,547.0
420.0,25,420.0,6.5625,3.585117567860282,17,474.0,0.16502308463671495,8,117.0,0.2136873609053253,25,591.0
425.0,23,346.0,5.323076923076923,4.315976546386621,16,463.0,0.14454555562575677,7,105.0,0.3868448421614843,23,568.0
430.0,24,252.0,3.876923076923077,4.8301834288500265,18,418.0,0.13308423151386725,6,98.0,0.4406006020137782,24,516.0
435.0,28,311.0,4.712121212121212,5.0117598844374935,21,464.0,0.15742408712574668,7,91.0,0.4307057303478511,28,555.0
440.0,30,373.0,5.920634920634921,4.383068972249891,23,505.0,0.12259087820006878,7,104.0,0.3856359453501598,30,609.0
445.0,32,446.0,7.193548387096774,4.192174843502323,25,570.0,0.07204603198917846,7,108.0,0.4603539027889969,32,678.0
450.0,21,315.0,5.080645161290323,4.932712121452963,18,571.0,0.13296977044516936,3,67.0,0.4172176259729303,21,638.0
455.0,20,358.0,5.774193548387097,6.23981882837011,13,580.0,0.27818156633176727,7,54.0,0.4170484359449534,20,634.0
460.0,23,390.0,6.5,5.330687720787326,15,574.0,0.23772196897141715,8,76.0,0.3208120313038943,23,650.0
465.0,26,415.0,7.280701754385965,4.3380241367829555,16,557.0,0.18037491379085982,10,104.0,0.29542320084591456,26,661.0
470.0,29,350.0,6.140350877192983,3.7178836768490964,21,518.0,0.13154020046538792,8,118.0,0.3412157219609736,29,636.0
475.0,30,419.0,7.350877192982456,4.743341126853375,21,528.0,0.2103468186439489,9,158.0,0.42770918022129845,30,686.0
480.0,28,393.0,6.55,4.18978390297264,20,559.0,0.19288445162784817,8,146.0,0.37092190185819124,28,705.0
485.0,19,317.0,5.19672131147541,5.315313610634172,12,511.0,0.219926168665717,7,107.0,0.3780056013908202,19,618.0
490.0,13,164.0,2.6451612903225805,5.4831946351075675,6,431.0,0.3056811861922438,7,85.0,0.27437807891247906,13,516.0
495.0,18,174.0,2.6769230769230767,6.349240151951379,10,354.0,0.3162208012696336,8,81.0,0.38814393060019853,18,435.0
500.0,22,219.0,3.65,4.912786150780761,13,370.0,0.26175977537351036,9,105.0,0.37717839417155874,22,475.0
505.0,25,307.0,5.293103448275862,5.435403488072201,19,452.0,0.22670448996017037,6,104.0,0.4608290631712336,25,556.0
510.0,29,377.0,6.283333333333333,4.799818358774385,19,465.0,0.1916725077771748,10,136.0,0.3691062428164826,29,601.0
515.0,19,332.0,5.354838709677419,5.711688149915459,11,414.0,0.23719143342881027,8,146.0,0.39975279090015203,19,560.0
520.0,15,310.0,4.920634920634921,5.85622774507051,8,423.0,0.341886817431794,7,149.0,0.28330597290297843,15,572.0
525.0,24,326.0,5.174603174603175,5.204383022080285,16,475.0,0.3178997338025481,8,129.0,0.29567580555453904,24,604.0
530.0,30,347.0,5.596774193548387,4.692506068560156,20,479.0,0.25973898828672715,10,159.0,0.319432423249516,30,638.0
535.0,32,376.0,6.482758620689655,3.7430028586459456,22,425.0,0.2070398967762564,10,177.0,0.3228488846979478,32,602.0
540.0,30,427.0,7.116666666666666,3.7523994586580534,21,479.0,0.10279324581591665,9,184.0,0.37004850338587897,30,663.0
545.0,32,458.0,7.633333333333334,3.9978936028453966,26,570.0,0.03177077119813452,6,127.0,0.36367510165047284,32,697.0
550.0,32,495.0,7.983870967741935,4.929585101405502,23,600.0,0.13468729628568218,9,131.0,0.4427706573368268,32,731.0
555.0,20,328.0,5.466666666666667,5.296766312555544,13,506.0,0.24175379683108583,7,141.0,0.3866968395035638,20,647.0
560.0,14,299.0,5.339285714285714,5.313798543139593,9,419.0,0.2275914057818296,5,143.0,0.3622430638007605,14,562.0
565.0,14,188.0,3.357142857142857,5.851588202493413,9,373.0,0.25721654065920946,5,92.0,0.3537913755452928,14,465.0
570.0,17,167.0,2.8793103448275863,5.939547631718155,11,363.0,0.2566226164755993,6,32.0,0.3497753397137876,17,395.0
575.0,23,240.0,4.137931034482759,5.853277946662886,16,385.0,0.22797645743684575,7,49.0,0.4859453212866656,23,434.0
580.0,18,264.0,4.551724137931035,6.038497999054336,14,375.0,0.23436984412421533,4,43.0,0.538431025155681,18,418.0
585.0,15,231.0,4.052631578947368,6.49756883546492,8,301.0,0.35790928220747337,7,52.0,0.4104989670607108,15,353.0
590.0,17,183.0,3.1551724137931036,6.422871023787538,5,235.0,0.3563107628478408,12,101.0,0.28652779211914214,17,336.0
595.0,21,140.0,2.3333333333333335,5.395423794848815,10,163.0,0.25141760592366436,11,135.0,0.29637532495534974,21,298.0
600.0,19,197.0,3.581818181818182,5.657619457949729,10,166.0,0.2686737911199017,9,153.0,0.44181788945103256,19,319.0
605.0,17,179.0,3.1964285714285716,5.5784855626103065,9,150.0,0.22973262689198398,8,152.0,0.3978708873309842,17,302.0
610.0,19,211.0,3.5166666666666666,5.3406325565301085,8,147.0,0.23625026199545335,11,145.0,0.30856901915313456,19,292.0
615.0,27,217.0,3.557377049180328,5.069286139718281,14,169.0,0.31432394707872097,13,137.0,0.27184579982457546,27,306.0
620.0,24,262.0,4.517241379310345,5.143893346308603,11,203.0,0.30317224844279583,13,160.0,0.34342208228669396,24,363.0
625.0,27,323.0,5.568965517241379,4.366123134673987,13,208.0,0.25916912888769256,14,191.0,0.3123693588992749,27,399.0
630.0,28,372.0,6.098360655737705,4.841985603891155,11,225.0,0.3087010066861379,17,244.0,0.3133478589147822,28,469.0
635.0,23,307.0,4.951612903225806,4.79085810533683,7,178.0,0.3868912025792108,16,262.0,0.21530906668853755,23,440.0
640.0,17,176.0,2.8852459016393444,4.968124959000739,6,137.0,0.28658187426215714,11,226.0,0.24538723961276135,17,363.0
645.0,21,219.0,3.4761904761904763,4.907606187277396,11,145.0,0.15868916114775974,10,237.0,0.3134012465809347,21,382.0
650.0,26,291.0,4.476923076923077,4.671348894877408,13,177.0,0.22377417226643806,13,276.0,0.3122774521696558,26,453.0
655.0,21,317.0,5.031746031746032,5.265865101991351,6,158.0,0.3828978162001061,15,310.0,0.2755000779944343,21,468.0
660.0,17,371.0,6.081967213114754,6.558582512859949,5,149.0,0.48711598010337004,12,300.0,0.3278761064678938,17,449.0
665.0,20,367.0,6.116666666666666,6.468289850700917,6,168.0,0.4874499340444168,14,314.0,0.19791864054782493,20,482.0
670.0,25,407.0,7.017241379310345,4.972053684020397,6,184.0,0.2666367430639596,19,313.0,0.14789490396034413,25,497.0
675.0,30,486.0,8.836363636363636,4.153820449251113,12,232.0,0.27540860745004936,18,371.0,0.14510124553759177,30,603.0
680.0,22,434.0,7.75,4.847629290325785,8,206.0,0.33600163112843484,14,389.0,0.25556532586155406,22,595.0
685.0,24,354.0,6.2105263157894735,5.088271831740014,10,181.0,0.3896266218549766,14,342.0,0.2657054337588546,24,523.0
690.0,23,345.0,5.655737704918033,5.6909326263032405,8,189.0,0.39557097829347215,15,307.0,0.3359296532607131,23,496.0
695.0,17,336.0,5.25,5.486898619654397,4,149.0,0.3917849697664536,13,342.0,0.2577681993641584,17,491.0
700.0,24,354.0,5.446153846153846,5.288741814848531,6,90.0,0.3697574556348907,18,396.0,0.22941298274480304,24,486.0
705.0,27,321.0,4.720588235294118,4.538229551660493,11,114.0,0.27727450593352143,16,388.0,0.24142517017507784,27,502.0
710.0,25,261.0,4.015384615384615,5.085880540497059,14,134.0,0.2734714161567613,11,294.0,0.30919743885963147,25,428.0
715.0,16,274.0,4.349206349206349,5.229381069911678,6,125.0,0.30915825179577866,10,294.0,0.2490873571236153,16,419.0
720.0,17,347.0,5.507936507936508,6.763449727046824,5,119.0,0.4211899538801249,12,312.0,0.24416279336132515,17,431.0
725.0,19,245.0,4.016393442622951,6.085946837196638,7,85.0,0.32373921190620225,12,306.0,0.13898054890568626,19,391.0
730.0,24,230.0,3.8333333333333335,5.541543934544609,12,86.0,0.28380478885099164,12,273.0,0.11973472461036506,24,359.0
735.0,20,218.0,3.963636363636364,4.831677909280358,10,114.0,0.2944009892759488,10,282.0,0.1555259238157501,20,396.0
740.0,22,251.0,4.327586206896552,5.945946311412529,8,108.0,0.4356159254474119,14,278.0,0.21492341636974444,22,386.0
745.0,18,220.0,3.7288135593220337,5.973844667102191,9,128.0,0.33642803749601796,9,263.0,0.39043457572361956,18,391.0
750.0,25,282.0,4.779661016949152,6.031870789174707,15,168.0,0.279845208857439,10,237.0,0.425263417098215,25,405.0
755.0,25,379.0,6.649122807017544,5.730243794503573,14,215.0,0.270463282604673,11,288.0,0.4068737740997518,25,503.0
760.0,21,366.0,6.777777777777778,4.953696088250849,11,221.0,0.20769985208241704,10,286.0,0.3220017757017295,21,507.0
765.0,21,315.0,6.0576923076923075,4.260273748005159,12,253.0,0.13613514379016003,9,260.0,0.20733916910896882,21,513.0
770.0,27,334.0,6.30188679245283,4.380228208569011,17,277.0,0.11673378606460752,10,240.0,0.18978905311579333,27,517.0
775.0,26,282.0,5.222222222222222,4.742728858308316,13,257.0,0.20995934437643082,13,195.0,0.23221414810259233,26,452.0
780.0,21,263.0,4.962264150943396,5.173711528102778,13,254.0,0.28480728535370875,8,194.0,0.3380269528472125,21,448.0
785.0,24,302.0,5.298245614035087,5.586822935616793,13,270.0,0.3708652834190211,11,212.0,0.39215874278516905,24,482.0
790.0,19,284.0,4.813559322033898,6.211144382290743,8,216.0,0.41133660349884715,11,211.0,0.39626881501456906,19,427.0
795.0,15,232.0,4.0,6.407593765077487,7,179.0,0.40929203862297453,8,160.0,0.3376352217377819,15,339.0
800.0,23,250.0,4.098360655737705,5.4772820962346715,12,156.0,0.25106254199827155,11,181.0,0.1729455167559657,23,337.0
805.0,28,373.0,6.016129032258065,5.800797212770241,14,226.0,0.30743321790387945,14,223.0,0.23589628278952782,28,449.0
810.0,24,265.0,4.274193548387097,5.538251800185689,12,236.0,0.3408691927632115,12,195.0,0.2901388230377567,24,431.0
815.0,25,360.0,6.0,5.918911613344499,14,257.0,0.33631629102603444,11,186.0,0.3319576713774402,25,443.0
820.0,23,309.0,5.065573770491803,4.796371970306419,12,238.0,0.227287750109542,11,191.0,0.32974281989482807,23,429.0
825.0,22,333.0,5.459016393442623,5.382811865859642,16,251.0,0.18048889136791454,6,157.0,0.40357516335262905,22,408.0
830.0,24,236.0,3.806451612903226,4.716442940105548,17,269.0,0.11126566827526613,7,129.0,0.3523278047306747,24,398.0
835.0,22,187.0,3.0655737704918034,5.770344072255755,9,203.0,0.27638703800656056,13,147.0,0.31853017999077765,22,350.0
840.0,25,197.0,3.2295081967213113,5.144859623088124,10,196.0,0.3438552543752225,15,183.0,0.18964200141731866,25,379.0
845.0,23,256.0,4.338983050847458,4.800980691062664,13,210.0,0.24198967261162577,10,185.0,0.24189827707943543,23,395.0
850.0,22,247.0,4.186440677966102,5.448892656588263,12,211.0,0.1906129484029995,10,177.0,0.3490862339332249,22,388.0
855.0,15,246.0,4.169491525423729,6.691778949048664,6,168.0,0.30540029539148805,9,155.0,0.3773281058679664,15,323.0
860.0,13,249.0,4.611111111111111,6.3159894240066805,4,122.0,0.4548637821444049,9,176.0,0.2648977764016143,13,298.0
865.0,21,334.0,6.423076923076923,6.1276019086039835,10,157.0,0.31591671759142825,11,219.0,0.27075835245309504,21,376.0
870.0,21,193.0,3.938775510204082,4.506053426359581,11,138.0,0.2366667687801308,10,174.0,0.1729702624766566,21,312.0
875.0,22,218.0,4.2745098039215685,4.792765595381793,12,139.0,0.17585352926069567,10,186.0,0.2693710512134838,22,325.0
880.0,19,202.0,4.122448979591836,5.165492818340108,9,151.0,0.26390472418571836,10,190.0,0.3935042924901063,19,341.0
885.0,15,185.0,3.5576923076923075,6.375616295615898,4,115.0,0.4160753133079299,11,224.0,0.37616611684080126,15,339.0
890.0,16,211.0,3.981132075471698,6.706067672020652,4,65.0,0.517118484287891,12,254.0,0.2824487741111948,16,319.0
895.0,16,238.0,4.666666666666667,7.002578474766009,5,58.0,0.3819453593521173,11,257.0,0.2690816433165423,16,315.0
900.0,15,191.0,3.8979591836734695,5.969968196101829,7,85.0,0.24014317131629603,8,184.0,0.1764402395807413,15,269.0
905.0,17,202.0,4.122448979591836,6.8397172285525745,4,66.0,0.418084959930731,13,208.0,0.24351720250424105,17,274.0
910.0,12,179.0,3.891304347826087,7.526665029423804,3,61.0,0.49646865668226836,9,189.0,0.3708309230468604,12,250.0
915.0,10,142.0,3.227272727272727,7.578412283195323,4,73.0,0.4945566070528246,6,136.0,0.42639838724544893,10,209.0
920.0,12,168.0,4.0,6.098173860123955,6,96.0,0.3773820484782139,6,139.0,0.3995646103364699,12,235.0
925.0,17,221.0,5.390243902439025,4.711431738582053,6,116.0,0.3880580975355255,11,182.0,0.2668460580072104,17,298.0
930.0,19,215.0,5.0,4.766211206010319,7,135.0,0.3326665189999805,12,188.0,0.2823306523800924,19,323.0
935.0,13,120.0,2.6666666666666665,5.595683228223199,5,70.0,0.23265551262497602,8,158.0,0.37608365911473174,13,228.0
940.0,16,157.0,3.4130434782608696,5.754733366252717,9,88.0,0.22927963566765594,7,149.0,0.3486759216060643,16,237.0
945.0,17,126.0,2.52,5.492908476442716,8,110.0,0.35833983305961326,9,125.0,0.2575912348124059,17,235.0
950.0,16,126.0,2.52,5.27663894704509,6,94.0,0.39917041400787,10,142.0,0.25869349730219127,16,236.0
955.0,14,130.0,2.6530612244897958,6.275283729661693,5,100.0,0.45601596205838607,9,150.0,0.3137121433930338,14,250.0
960.0,14,140.0,2.8,6.24664821707378,6,90.0,0.3641069101468104,8,168.0,0.2671177997237618,14,258.0
965.0,20,184.0,3.9148936170212765,5.675136503449237,8,111.0,0.38738283919477756,12,168.0,0.24845952294256915,20,279.0
970.0,21,192.0,4.266666666666667,4.4530854433483755,10,148.0,0.30121274219743205,11,171.0,0.23726879946534526,21,319.0
975.0,21,221.0,4.702127659574468,4.354848358480333,8,152.0,0.3224075832885293,13,180.0,0.24413334029051803,21,332.0
980.0,15,196.0,3.92,5.502623594941673,4,110.0,0.44617784035188923,11,203.0,0.2318932547560892,15,313.0
985.0,12,200.0,3.8461538461538463,7.074193117556059,6,98.0,0.5001305053883027,6,161.0,0.2939850429572666,12,259.0
990.0,11,119.0,2.2452830188679247,6.77569768118115,5,79.0,0.4975378703735191,6,125.0,0.21031629303439128,11,204.0
995.0,20,174.0,3.2830188679245285,6.844301157648165,9,56.0,0.37585150643064524,11,154.0,0.35523809330726225,20,210.0
1000.0,16,191.0,3.82,5.825161558978124,8,81.0,0.3740062263190038,8,166.0,0.38554784473750214,16,247.0
1005.0,18,261.0,5.326530612244898,6.252605136546317,11,130.0,0.35871837398230433,7,154.0,0.42795297713012925,18,284.0
1010.0,20,213.0,4.176470588235294,4.851329172686926,11,154.0,0.19485493048835975,9,146.0,0.3360788775293827,20,300.0
1015.0,19,233.0,4.314814814814815,6.132296655948686,8,144.0,0.3262923920067236,11,129.0,0.3191109593412904,19,273.0
1020.0,18,250.0,5.0,5.81348309383586,8,161.0,0.4272441819188794,10,123.0,0.17169120551746445,18,284.0
1025.0,16,271.0,5.313725490196078,6.765643671519101,6,162.0,0.4689324632307586,10,133.0,0.2200345174619765,16,295.0
1030.0,17,290.0,5.918367346938775,6.555017723511498,9,181.0,0.3683180105565012,8,145.0,0.3556998071157295,17,326.0
1035.0,14,279.0,5.58,6.837571167046165,9,187.0,0.3053483126101839,5,121.0,0.4838176498820675,14,308.0
1040.0,15,244.0,4.979591836734694,6.650412412934174,10,225.0,0.24438127950695906,5,77.0,0.4634198404462795,15,302.0
1045.0,15,124.0,2.5306122448979593,7.115848261388913,8,162.0,0.40592133000166497,7,67.0,0.4159164605771172,15,229.0
1050.0,14,158.0,3.2244897959183674,6.785684458038777,9,131.0,0.3925426223169798,5,62.0,0.3814314170150032,14,193.0
1055.0,15,147.0,2.94,5.848760482810579,6,125.0,0.3775349090971043,9,96.0,0.22689086819862128,15,221.0
1060.0,13,109.0,2.056603773584906,6.238488505342387,5,90.0,0.43437258969538894,8,91.0,0.19934842330309502,13,181.0
1065.0,11,74.0,1.3703703703703705,6.743262992509291,7,93.0,0.39856106381800493,4,66.0,0.35000587314386244,11,159.0
1070.0,17,104.0,1.9259259259259258,6.670193676431776,12,115.0,0.2477126641237652,5,63.0,0.42217335738584755,17,178.0
1075.0,21,157.0,2.9622641509433962,6.238710078439511,14,130.0,0.17402972961097932,7,89.0,0.47782651117895575,21,219.0
1080.0,16,188.0,3.836734693877551,6.570405502050423,9,134.0,0.25387197076897555,7,124.0,0.45809480551640824,16,258.0
1085.0,22,213.0,4.346938775510204,4.604394540527493,10,128.0,0.19825374992507167,12,172.0,0.29399653003482734,22,300.0
1090.0,19,190.0,4.042553191489362,4.86992554129593,9,137.0,0.253823249778677,10,182.0,0.29947738154469067,19,319.0
1095.0,18,212.0,4.51063829787234,5.393545040019968,8,148.0,0.2935076839227238,10,148.0,0.3170654541678289,18,296.0
1100.0,12,128.0,2.6666666666666665,5.766224153128724,5,121.0,0.235348091629163,7,103.0,0.2813240411357685,12,224.0
1105.0,18,170.0,3.4693877551020407,6.573295462518441,9,128.0,0.24304808440048328,9,90.0,0.3092120816752181,18,218.0
1110.0,13,159.0,3.3125,7.278824190451561,7,126.0,0.36955077433572336,6,89.0,0.379820865111931,13,215.0
1115.0,14,195.0,4.148936170212766,6.943108883795149,7,129.0,0.37258789656113905,7,97.0,0.3614222091248319,14,226.0
1120.0,16,224.0,5.333333333333333,6.524700057558061,9,148.0,0.40565105023690223,7,112.0,0.31776155772123804,16,260.0
1125.0,17,257.0,5.840909090909091,5.507007916229112,9,181.0,0.34740727585219733,8,101.0,0.1252413541547014,17,282.0
1130.0,13,231.0,5.25,5.7541786369083505,7,198.0,0.408613296753701,6,91.0,0.23568414727614817,13,289.0
1135.0,12,135.0,3.292682926829268,6.742312438943135,8,182.0,0.3565209198970715,4,48.0,0.5013108103352647,12,230.0
1140.0,12,131.0,3.358974358974359,6.885767987081755,9,144.0,0.31618650562765416,3,46.0,0.5398537186773988,12,190.0
1145.0,16,146.0,3.4761904761904763,5.643540308420624,12,153.0,0.1489261341163882,4,63.0,0.4085902289136769,16,216.0
1150.0,21,240.0,5.333333333333333,5.717569024787156,15,209.0,0.15552429299743836,6,87.0,0.43081752636978676,21,296.0
1155.0,19,208.0,4.333333333333333,5.630311162407569,14,233.0,0.20579834439263006,5,67.0,0.49167935140790286,19,300.0
1160.0,14,221.0,4.333333333333333,7.222021209878699,10,215.0,0.3628082056610281,4,86.0,0.5278495242213607,14,301.0
1165.0,14,158.0,3.0980392156862746,6.580696658481993,8,202.0,0.31035417567764184,6,78.0,0.4720612332728842,14,280.0
1170.0,22,203.0,3.830188679245283,5.988536997370867,12,201.0,0.33269119968655464,10,67.0,0.3995047440022667,22,268.0
1175.0,20,209.0,4.098039215686274,5.434234189670835,10,178.0,0.3661799405581141,10,109.0,0.3611241157511565,20,287.0
1180.0,23,271.0,5.313725490196078,5.644284015057693,10,157.0,0.3950234371025084,13,160.0,0.34879659903609556,23,317.0
1185.0,20,241.0,4.634615384615385,4.2731726802562715,10,181.0,0.25757953907795583,10,167.0,0.3023741975387319,20,348.0
1190.0,22,278.0,5.346153846153846,4.60327762598717,14,226.0,0.1416708884865607,8,129.0,0.33027731494958906,22,355.0
1195.0,24,234.0,4.5,4.07149856699563,15,230.0,0.07150699778186606,9,131.0,0.26551583851083094,24,361.0
1200.0,18,175.0,3.1818181818181817,5.330135248069389,6,191.0,0.28947004647684926,12,138.0,0.1906327116923587,18,329.0
1205.0,15,181.0,3.480769230769231,6.6561377559977855,3,145.0,0.5067458337776972,12,165.0,0.19857696882299514,15,310.0
1210.0,18,238.0,4.666666666666667,6.9532677765837905,5,131.0,0.5022112151678109,13,194.0,0.21379095836301482,18,325.0
1215.0,14,208.0,4.078431372549019,6.154885423699572,5,101.0,0.39467035862048894,9,196.0,0.24549515070226074,14,297.0
1220.0,16,223.0,4.46,6.323883762539681,8,138.0,0.3127037461774282,8,158.0,0.41638257692569536,16,296.0
1225.0,14,239.0,4.78,6.133221792433922,7,157.0,0.34939752853909467,7,159.0,0.3724984186943666,14,316.0
1230.0,15,272.0,5.551020408163265,6.777208946827736,5,152.0,0.4860341304714101,10,172.0,0.3690207683904589,15,324.0
1235.0,17,249.0,5.297872340425532,6.346998444795977,6,161.0,0.4633819629778108,11,140.0,0.30298266993555045,17,301.0
1240.0,18,284.0,5.916666666666667,6.019752297259148,7,181.0,0.3894128358452578,11,159.0,0.23315415716297755,18,340.0
1245.0,18,290.0,6.041666666666667,5.57750631639161,8,200.0,0.40333589384403307,10,152.0,0.24546304922982062,18,352.0
1250.0,18,320.0,6.666666666666667,6.086292800376597,9,198.0,0.3718263427225166,9,166.0,0.39560676493620694,18,364.0
1255.0,17,307.0,6.26530612244898,5.846916819500208,10,247.0,0.26802767443498293,7,129.0,0.44646845004894453,17,376.0
1260.0,14,275.0,5.729166666666667,6.2342237099693945,9,266.0,0.2935393019568244,5,74.0,0.42256740973655155,14,340.0
1265.0,13,278.0,5.791666666666667,6.152084250287456,6,263.0,0.3260241752006556,7,94.0,0.30784379418896124,13,357.0
1270.0,19,125.0,2.358490566037736,5.051626699211743,8,121.0,0.29598028000751286,11,120.0,0.12935556331800843,19,241.0
1275.0,20,188.0,3.2982456140350878,6.409789214082585,10,128.0,0.44270732379771316,10,140.0,0.3039656334565128,20,268.0
1280.0,13,198.0,3.6666666666666665,7.738805004695062,6,122.0,0.5421854260241218,7,139.0,0.5134087252212055,13,261.0
1285.0,13,185.0,3.5576923076923075,7.7612949531131425,7,99.0,0.4390594987985911,6,135.0,0.5050589472356625,13,234.0
1290.0,15,134.0,2.4363636363636365,5.780930311793334,8,79.0,0.23282988090367734,7,121.0,0.3293460253650507,15,200.0
1295.0,22,156.0,2.888888888888889,4.9604931630790565,13,97.0,0.2316414577375767,9,104.0,0.30085409870582663,22,201.0
1300.0,19,225.0,4.5,5.203929827756158,9,132.0,0.3178318062751417,10,152.0,0.41947754719546293,19,284.0
1305.0,18,227.0,4.053571428571429,5.982686875268364,10,138.0,0.4206921218035683,8,154.0,0.32828332144327615,18,292.0
1310.0,14,200.0,3.5714285714285716,6.417413629255888,8,131.0,0.3288197748072869,6,143.0,0.35194453936556375,14,274.0
1315.0,20,234.0,4.105263157894737,6.094238814159861,14,154.0,0.18986727344141416,6,126.0,0.39944298881879664,20,280.0
1320.0,24,271.0,4.672413793103448,5.975168142965219,16,190.0,0.22839160843277606,8,139.0,0.4245832217864689,24,329.0
1325.0,22,254.0,4.618181818181818,5.631791941748593,15,224.0,0.26577859833382145,7,89.0,0.4550785099424953,22,313.0
1330.0,21,285.0,5.089285714285714,5.511440029593056,13,252.0,0.3021510358438436,8,89.0,0.3658333251311715,21,341.0
1335.0,21,291.0,5.105263157894737,5.603933598092499,12,239.0,0.30161555695802145,9,106.0,0.2813521284564152,21,345.0
1340.0,22,294.0,5.25,5.765443729159614,11,232.0,0.34240614728060625,11,149.0,0.20802349158750566,22,381.0
1345.0,22,227.0,4.203703703703703,4.567671667912936,13,213.0,0.27937430151477677,9,149.0,0.18883890016195468,22,362.0
1350.0,19,161.0,2.875,5.179834385675761,14,237.0,0.2399241902571071,5,99.0,0.37345627848836,19,336.0
1355.0,19,173.0,3.0350877192982457,6.4014006944328425,16,256.0,0.24957342292796217,3,83.0,0.5228543268649468,19,339.0
1360.0,22,201.0,3.7222222222222223,6.0367559871640895,15,283.0,0.23406686175962224,7,101.0,0.5078345763481094,22,384.0
1365.0,16,188.0,3.4814814814814814,5.475016353786458,11,247.0,0.19681124749537293,5,101.0,0.39789522337267763,16,348.0
1370.0,14,203.0,3.980392156862745,6.379677307841935,10,216.0,0.28595513236671105,4,70.0,0.3209368164225711,14,286.0
1375.0,16,261.0,5.326530612244898,7.492722191763466,10,210.0,0.23680819910510698,6,98.0,0.435312275644769,16,308.0
1380.0,14,164.0,3.4893617021276597,7.09209850085059,7,192.0,0.2592063156923328,7,74.0,0.4516821017867825,14,266.0
1385.0,15,230.0,5.2272727272727275,6.625573433407279,8,177.0,0.3165143361408755,7,103.0,0.427090331203527,15,280.0
1390.0,16,201.0,4.276595744680851,6.077844481713652,7,177.0,0.3640390026879639,9,103.0,0.4182563805717091,16,280.0
1395.0,16,268.0,5.826086956521739,6.670477885017414,8,195.0,0.4268840318482128,8,115.0,0.3835093384132918,16,310.0
1400.0,16,188.0,4.086956521739131,5.707390501314323,8,177.0,0.49740015728109777,8,103.0,0.1535829063293397,16,280.0
1405.0,17,188.0,3.9166666666666665,6.349520457108798,6,120.0,0.551417443503778,11,121.0,0.1535152887247886,17,241.0
1410.0,17,121.0,2.574468085106383,5.359491978434163,9,109.0,0.36822026543502046,8,119.0,0.29721029214635014,17,228.0
1415.0,14,149.0,3.1702127659574466,7.06845561326283,9,130.0,0.37775434353067094,5,80.0,0.48975959978884964,14,210.0
1420.0,16,158.0,3.16,6.111226945450935,10,128.0,0.2078575629497601,6,90.0,0.4566197441923607,16,218.0
1425.0,19,184.0,3.4074074074074074,5.963033332217886,14,164.0,0.176064141928589,5,92.0,0.45639624177704047,19,256.0
1430.0,16,151.0,3.0816326530612246,6.355483322143372,12,204.0,0.30847192881631613,4,61.0,0.5486825842489869,16,265.0
1435.0,15,202.0,4.297872340425532,6.754117857222187,10,208.0,0.41849396018121376,5,45.0,0.4495727718863313,15,253.0
1440.0,18,183.0,3.8125,5.378528675245323,9,178.0,0.3107650288827354,9,64.0,0.3459885653895983,18,242.0
1445.0,20,212.0,4.326530612244898,5.933946236832563,9,146.0,0.34102342514141853,11,114.0,0.33085633803916775,20,260.0
1450.0,19,206.0,4.204081632653061,4.933217988115459,9,159.0,0.26888346807169305,10,126.0,0.2962900209665638,19,285.0
1455.0,15,137.0,2.795918367346939,6.363739250434563,8,174.0,0.2867507277087388,7,104.0,0.44188886379612685,15,278.0
1460.0,15,153.0,3.06,5.437760177773041,7,182.0,0.18133075641186053,8,117.0,0.4178082905415556,15,299.0
1465.0,19,227.0,4.450980392156863,5.991671486101227,9,188.0,0.3000092055724387,10,162.0,0.3552924743471589,19,350.0
1470.0,17,181.0,3.480769230769231,6.015683522902408,9,187.0,0.3142161164473696,8,141.0,0.3475344542134143,17,328.0
1475.0,21,254.0,4.884615384615385,5.586326238202958,8,198.0,0.36840683944257774,13,157.0,0.24568095869881992,21,355.0
1480.0,19,240.0,4.615384615384615,5.822895882489399,7,187.0,0.4613871988510967,12,184.0,0.2987950083518743,19,371.0
1485.0,18,213.0,3.8727272727272726,6.302693231239561,6,141.0,0.488945824785664,12,176.0,0.3361529053647374,18,317.0
1490.0,20,218.0,3.963636363636364,5.437115598860358,9,145.0,0.41688311542913065,11,167.0,0.34477615040604825,20,312.0
1495.0,19,153.0,2.6842105263157894,5.571699079783502,12,110.0,0.40405064950166525,7,131.0,0.31687428368341486,19,241.0
1500.0,25,221.0,3.683333333333333,4.866020921286508,16,178.0,0.23416481191396218,9,153.0,0.33801735954504564,25,331.0
1505.0,30,281.0,4.323076923076923,5.012189116731806,17,220.0,0.31205277124584746,13,186.0,0.2594333003372208,30,406.0
1510.0,22,327.0,5.190476190476191,5.653941123127154,11,227.0,0.3510934654382951,11,216.0,0.29086783193810745,22,443.0
1515.0,16,288.0,4.721311475409836,5.534116594617977,10,223.0,0.2868637803284435,6,194.0,0.3182149672674134,16,417.0
1520.0,21,261.0,4.078125,5.151355941855923,14,231.0,0.21666143223707285,7,182.0,0.23684817215908868,21,413.0
1525.0,29,342.0,5.60655737704918,4.306337642106931,15,278.0,0.2186040065322694,14,185.0,0.21286170320349926,29,463.0
1530.0,26,406.0,7.25,4.5625078840459,14,306.0,0.2780678698016752,12,218.0,0.2371598677027941,26,524.0
1535.0,22,413.0,7.648148148148148,4.250973156586093,14,286.0,0.25495845728427785,8,212.0,0.18065409926455817,22,498.0
1540.0,25,270.0,4.7368421052631575,4.788495247232823,17,320.0,0.2681305444575164,8,144.0,0.23021359136950328,25,464.0
1545.0,27,304.0,5.066666666666666,5.098397423328975,20,353.0,0.20784242524448224,7,97.0,0.42638814099718986,27,450.0
1550.0,24,345.0,5.948275862068965,5.8375394131115375,19,366.0,0.25014436986399197,5,111.0,0.5110755134097512,24,477.0
1555.0,23,313.0,5.305084745762712,5.192335970170993,17,368.0,0.2236479486002707,6,110.0,0.4698375490107683,23,478.0
1560.0,26,327.0,5.360655737704918,5.187150945154984,20,384.0,0.27036370539105314,6,74.0,0.369675820386752,26,458.0
1565.0,29,354.0,5.709677419354839,5.148749889049404,18,406.0,0.3257109216710593,11,110.0,0.32453066189941093,29,516.0
1570.0,19,227.0,3.6031746031746033,5.1816942987119905,12,359.0,0.31405240095553394,7,105.0,0.32366830669278557,19,464.0
1575.0,18,182.0,2.84375,4.7506922046155164,14,326.0,0.21788290688315784,4,72.0,0.34816657619864066,18,398.0
1580.0,19,184.0,2.7058823529411766,5.007853086224395,16,330.0,0.1421037439171989,3,45.0,0.4530770063251524,19,375.0
1585.0,28,280.0,4.242424242424242,4.633771028918862,20,407.0,0.1430756350020674,8,77.0,0.4058107334123339,28,484.0
1590.0,35,415.0,6.484375,4.464689279744807,26,516.0,0.12765172342017056,9,96.0,0.4382501843073845,35,612.0
1595.0,34,462.0,7.21875,3.51253627211655,27,561.0,0.052636580497846676,7,80.0,0.3291126290555425,34,641.0
1600.0,25,388.0,6.158730158730159,4.315584771030083,18,527.0,0.1474326718141703,7,86.0,0.29286350533881456,25,613.0
1605.0,29,363.0,5.584615384615384,4.834526185304355,15,485.0,0.2625552377272405,14,126.0,0.12563524596483344,29,611.0
1610.0,23,274.0,4.151515151515151,5.01497876374426,13,452.0,0.27308048934766876,10,158.0,0.22744148052207153,23,610.0
1615.0,23,271.0,4.044776119402985,5.897776337154111,17,480.0,0.2559218954083153,6,144.0,0.4768188432699533,23,624.0
1620.0,30,264.0,4.190476190476191,5.132744643560004,22,540.0,0.19295437989777567,8,125.0,0.45671308440893277,30,665.0
1625.0,33,347.0,5.421875,4.500071627053585,24,617.0,0.17475197366093165,9,122.0,0.36236598921127844,33,739.0
1630.0,35,424.0,6.73015873015873,3.58838381977791,26,719.0,0.10391269873424529,9,125.0,0.3135713443716922,35,844.0
1635.0,37,497.0,8.016129032258064,3.5705748012580307,24,759.0,0.09326285222158477,13,143.0,0.24161588341680468,37,902.0
1640.0,27,347.0,5.17910447761194,4.624940170050495,17,689.0,0.1492256222509635,10,151.0,0.20935159942000414,27,840.0
1645.0,17,260.0,3.7142857142857144,5.975091537662472,12,617.0,0.22904796368054398,5,98.0,0.30955586755072856,17,715.0
1650.0,16,172.0,2.606060606060606,6.409270312445392,13,514.0,0.21937010081296016,3,72.0,0.47854495326591595,16,586.0
1655.0,24,248.0,3.757575757575758,6.0396220499689885,16,513.0,0.27531765723451285,8,78.0,0.4461567387585721,24,591.0
1660.0,20,287.0,4.348484848484849,5.9718105061403115,14,443.0,0.3524075928308397,6,86.0,0.315747085408173,20,529.0
1665.0,22,347.0,5.783333333333333,6.449823191502739,14,422.0,0.39812875676125253,8,89.0,0.280908999391369,22,511.0
1670.0,24,378.0,6.0,5.633739772748531,16,437.0,0.27037133701159366,8,70.0,0.2393181068101453,24,507.0
1675.0,24,422.0,6.918032786885246,5.242220492796521,19,504.0,0.18013597410087523,5,76.0,0.4538273637130209,24,580.0
1680.0,25,526.0,8.483870967741936,5.469081979157909,20,570.0,0.2053083515125291,5,84.0,0.4697763225575412,25,654.0
1685.0,29,481.0,7.758064516129032,5.147170144430067,21,518.0,0.26849388262167667,8,112.0,0.4179113514791567,29,630.0
1690.0,24,330.0,5.32258064516129,5.088333411711592,17,457.0,0.27335040489263057,7,90.0,0.4597189207323904,24,547.0
1695.0,25,358.0,5.507692307692308,4.744699618571505,18,439.0,0.24592136112651955,7,79.0,0.3785738529785269,25,518.0
1700.0,24,339.0,5.059701492537314,4.429617866687848,17,482.0,0.1818890677370113,7,69.0,0.3996092251585353,24,551.0
1705.0,32,431.0,6.246376811594203,4.911657573240659,20,508.0,0.23233815249939432,12,90.0,0.3936182520019368,32,598.0
1710.0,31,447.0,6.478260869565218,4.063866047205642,21,520.0,0.22943182708765936,10,131.0,0.3229878286466112,31,651.0
1715.0,26,352.0,4.957746478873239,4.76079753248697,15,484.0,0.21674437176864278,11,152.0,0.3589010942406761,26,636.0
1720.0,24,335.0,4.527027027027027,4.884051809874856,14,530.0,0.22478522196510814,10,152.0,0.2530504083231198,24,682.0
1725.0,34,463.0,6.256756756756757,5.33291178917266,21,606.0,0.24931729835011343,13,163.0,0.2861938454720207,34,769.0
1730.0,34,461.0,6.585714285714285,4.437933763288826,21,620.0,0.19629614912558271,13,185.0,0.3155334803744349,34,805.0
1735.0,34,576.0,8.228571428571428,4.8646842434171775,21,664.0,0.21254046678047148,13,226.0,0.3693307290689773,34,890.0
1740.0,35,605.0,8.402777777777779,4.118614191571051,24,688.0,0.1700261681654689,11,246.0,0.31369639069048066,35,934.0
1745.0,25,566.0,7.861111111111111,4.959817598958574,16,628.0,0.23877268173221022,9,226.0,0.25932741471335585,25,854.0
1750.0,23,518.0,7.4,5.3205622936641275,14,615.0,0.29360730310462,9,157.0,0.17977829712400759,23,772.0
1755.0,32,503.0,6.890410958904109,5.00064742204749,17,596.0,0.23206751604624776,15,138.0,0.14491909525537838,32,734.0
1760.0,33,344.0,4.777777777777778,4.907225030859421,19,526.0,0.24080373760623222,14,165.0,0.2762649917027896,33,691.0
1765.0,28,381.0,5.686567164179104,5.44453996867984,17,491.0,0.2825370214322911,11,183.0,0.43007332901802653,28,674.0
1770.0,26,373.0,5.567164179104478,4.632948275391744,18,521.0,0.26120894166915104,8,177.0,0.3632108478662523,26,698.0
1775.0,29,426.0,6.358208955223881,4.835166329335518,22,586.0,0.12031107717012057,7,141.0,0.4741922670465125,29,727.0
1780.0,36,504.0,7.636363636363637,4.561466585069577,26,655.0,0.05802935697240933,10,141.0,0.40123936717463393,36,796.0
1785.0,25,456.0,6.8059701492537314,5.157939799611768,17,647.0,0.09087100140082899,8,167.0,0.3343810008144855,25,814.0
1790.0,27,553.0,8.640625,5.671446300772493,15,633.0,0.25492772750970305,12,190.0,0.24517864829799374,27,823.0
1795.0,24,504.0,8.4,5.6567991521171,12,600.0,0.24132328880572668,12,187.0,0.2802482439418682,24,787.0
1800.0,23,523.0,9.50909090909091,5.497240829742166,11,510.0,0.24888356013201296,12,197.0,0.2965140699824431,23,707.0
1805.0,21,350.0,6.730769230769231,4.452360759946912,11,443.0,0.19718009098265565,10,222.0,0.33084520149941377,21,665.0
1810.0,24,297.0,5.5,5.507760426404666,13,328.0,0.2797653673930105,11,222.0,0.3300741509151786,24,550.0
1815.0,22,214.0,3.8214285714285716,4.799387713179818,11,326.0,0.2825394948443744,11,170.0,0.2218625137901204,22,496.0
1820.0,17,177.0,3.0517241379310347,6.754836196200368,7,291.0,0.4117754156750629,10,177.0,0.3460648177704808,17,468.0
1825.0,20,164.0,2.8771929824561404,5.467977662447983,9,257.0,0.2698082315690167,11,187.0,0.3008524911539069,20,444.0
1830.0,23,232.0,4.0,6.023143380796388,11,266.0,0.3315479655381485,12,214.0,0.30578398945395285,23,480.0
1835.0,24,295.0,5.267857142857143,4.877487626509709,14,268.0,0.2742945119498948,10,233.0,0.2971681230513333,24,501.0
1840.0,22,321.0,5.732142857142857,4.977121344816931,12,287.0,0.2758357496964764,10,228.0,0.32019101123601207,22,515.0
1845.0,18,326.0,5.719298245614035,5.584925556687743,8,270.0,0.31219974457849103,10,214.0,0.26748899953299465,18,484.0
1850.0,23,317.0,5.19672131147541,5.200092754808749,10,246.0,0.2731840654581123,13,180.0,0.16653220175092548,23,426.0
1855.0,27,280.0,4.590163934426229,4.825733938968221,15,219.0,0.3214311921463131,12,183.0,0.19220635791812757,27,402.0
1860.0,26,248.0,3.9365079365079363,5.285727844530137,15,217.0,0.31888539041975317,11,169.0,0.35973043339265404,26,386.0
1865.0,23,269.0,4.26984126984127,5.223794346087276,14,231.0,0.39063933422951924,9,179.0,0.3330560528587051,23,410.0
1870.0,22,230.0,3.7096774193548385,5.029513453438102,14,257.0,0.2566639840205807,8,145.0,0.37959896474430943,22,402.0
1875.0,21,218.0,3.694915254237288,5.43643812780074,13,243.0,0.18377558822549098,8,119.0,0.41708520743374566,21,362.0
1880.0,22,229.0,4.017543859649122,4.677960410098711,15,261.0,0.12492008378693222,7,119.0,0.30635314103101213,22,380.0
1885.0,28,265.0,4.907407407407407,4.115463246784027,18,274.0,0.19674359732878652,10,141.0,0.25675872191294224,28,415.0
1890.0,28,298.0,5.518518518518518,4.1422235394359905,16,324.0,0.23348349268985105,12,148.0,0.3026588733455959,28,472.0
1895.0,23,316.0,5.543859649122807,5.1616125691003925,15,330.0,0.2888692420044692,8,169.0,0.413477474168229,23,499.0
1900.0,26,371.0,6.183333333333334,5.179628850621897,15,356.0,0.27937879588003406,11,208.0,0.4118733129231094,26,564.0
1905.0,19,308.0,4.7384615384615385,5.5539692717983655,10,333.0,0.3500875335979971,9,202.0,0.33935696154475176,19,535.0
1910.0,14,209.0,3.1666666666666665,5.617270074611439,7,264.0,0.25777830055730167,7,152.0,0.331766565414552,14,416.0
1915.0,20,190.0,2.8358208955223883,5.7748029606105336,13,243.0,0.1359247381651944,7,132.0,0.42080108380179815,20,375.0
1920.0,26,256.0,3.8208955223880596,4.896047555601958,17,286.0,0.1409085726024291,9,133.0,0.36968491294043404,26,419.0
1925.0,26,301.0,4.777777777777778,4.897281297209392,14,295.0,0.2643936914278624,12,177.0,0.3434063836912094,26,472.0
1930.0,21,376.0,6.266666666666667,6.096998801273861,9,306.0,0.4444812042076444,12,209.0,0.28374361335755494,21,515.0
1935.0,23,286.0,4.5396825396825395,4.881945748664152,10,246.0,0.27557259553895597,13,203.0,0.12959436223408974,23,449.0
1940.0,30,354.0,5.619047619047619,5.278528070466159,16,283.0,0.16890433039242297,14,188.0,0.24774451176324633,30,471.0
1945.0,25,261.0,4.142857142857143,5.16928180565026,14,243.0,0.2058039489328477,11,200.0,0.3064542860818284,25,443.0
1950.0,25,340.0,5.483870967741935,6.145903664413455,13,224.0,0.3675759950898434,12,214.0,0.373332232253276,25,438.0
1955.0,23,310.0,5.166666666666667,5.731941105644625,11,240.0,0.4051497476278364,12,212.0,0.39606365334881893,23,452.0
1960.0,16,239.0,3.918032786885246,5.259427618896073,4,194.0,0.2897549062652257,12,219.0,0.36204662891240236,16,413.0
1965.0,22,211.0,3.3492063492063493,4.845363830987801,8,148.0,0.33880428422120984,14,216.0,0.19167732865348652,22,364.0
1970.0,17,220.0,3.5483870967741935,6.20456641745437,6,147.0,0.3974739484948623,11,178.0,0.16810494423389777,17,325.0
1975.0,18,170.0,2.8333333333333335,5.621162678000473,7,105.0,0.35627132294304237,11,194.0,0.13747413930393904,18,299.0
1980.0,24,239.0,3.9833333333333334,5.849510345253298,10,108.0,0.2960802687891267,14,231.0,0.23660004496132014,24,339.0
1985.0,23,298.0,5.228070175438597,5.537083147663541,11,151.0,0.35539118560357236,12,247.0,0.28068160139764187,23,398.0
1990.0,14,311.0,6.098039215686274,6.422517901785821,7,165.0,0.3808317883854239,7,229.0,0.3464856963051487,14,394.0
1995.0,13,181.0,3.693877551020408,5.522061540536832,6,138.0,0.25540061817443827,7,178.0,0.2535816350943481,13,316.0
2000.0,19,171.0,3.42,5.7415978424413625,9,102.0,0.2548051902390888,10,162.0,0.2672164733619693,19,264.0
2005.0,14,202.0,4.122448979591836,5.489387697605536,7,121.0,0.3249345871804805,7,179.0,0.3520604810463038,14,300.0
2010.0,14,221.0,4.25,7.003613346441311,7,119.0,0.4388728838032199,7,185.0,0.38682783864911746,14,304.0
2015.0,13,234.0,4.588235294117647,7.287946306385522,6,103.0,0.4782398411570462,7,215.0,0.4180035672163451,13,318.0
2020.0,19,314.0,6.1568627450980395,6.808165141962179,10,141.0,0.3025526623780574,9,259.0,0.40496651583239035,19,400.0
2025.0,20,265.0,5.408163265306122,4.431728266437399,10,142.0,0.14157525948550662,10,234.0,0.31918726805624986,20,376.0
2030.0,22,296.0,6.040816326530612,4.667171542258216,9,140.0,0.2802107302046881,13,196.0,0.2207749400673376,22,336.0
2035.0,21,283.0,5.66,5.067814884877179,8,134.0,0.43229048430740774,13,226.0,0.20341529212594106,21,360.0
2040.0,15,297.0,5.711538461538462,6.5461386457696324,8,108.0,0.38496462328217973,7,220.0,0.3953215747672931,15,328.0
2045.0,15,207.0,4.14,6.211132400685251,10,155.0,0.20654084317805077,5,118.0,0.466518248086339,15,273.0
2050.0,23,242.0,4.745098039215686,5.603660174464978,14,190.0,0.2413561789158402,9,91.0,0.372841830466705,23,281.0
2055.0,21,262.0,5.458333333333333,5.437105825303195,12,201.0,0.35214973767164637,9,109.0,0.3685075493532525,21,310.0
2060.0,17,231.0,4.714285714285714,5.071664433709773,9,195.0,0.3687540050922939,8,102.0,0.3208183072537955,17,297.0
2065.0,12,198.0,4.040816326530612,5.738959861738155,6,161.0,0.33790656389965357,6,99.0,0.3425754106969442,12,260.0
2070.0,10,61.0,1.326086956521739,5.81075559247518,6,99.0,0.26929699536391843,4,64.0,0.3171285311516354,10,163.0
2075.0,12,92.0,2.0,6.9284943058414115,7,63.0,0.24319370966760367,5,75.0,0.46924469878752906,12,138.0
2080.0,13,104.0,2.311111111111111,6.659182047022128,7,80.0,0.27327546219200666,6,77.0,0.37457477057458066,13,157.0
2085.0,11,102.0,2.3181818181818183,6.284351987728699,5,76.0,0.2895225261418782,6,69.0,0.37260138872299614,11,145.0
2090.0,15,149.0,3.239130434782609,6.771750473461163,7,87.0,0.38916423725836996,8,87.0,0.30054160480017766,15,174.0
2095.0,15,205.0,4.767441860465116,7.1991568436173745,6,103.0,0.5235277958460213,9,130.0,0.3007361512769624,15,233.0
2100.0,15,211.0,4.795454545454546,6.403674593436673,8,134.0,0.4407095156002775,7,136.0,0.26986083981268716,15,270.0
2105.0,9,152.0,3.619047619047619,5.841519542067797,6,119.0,0.4004246324421222,3,98.0,0.25088801204328876,9,217.0
2110.0,17,214.0,5.095238095238095,6.413573682064918,9,122.0,0.2631890092590843,8,106.0,0.3332035470824544,17,228.0
2115.0,12,189.0,4.395348837209302,6.913892362703536,7,144.0,0.2302510802843216,5,79.0,0.49951984358294793,12,223.0
2120.0,10,197.0,4.690476190476191,6.922816204995376,7,144.0,0.24233995752286125,3,78.0,0.513399305259657,10,222.0
2125.0,12,152.0,4.222222222222222,6.532324558910076,5,101.0,0.42406680612231046,7,98.0,0.3647904233168144,12,199.0
2130.0,11,119.0,2.975,6.590179451382175,4,56.0,0.5552927977253976,7,88.0,0.29567273578871217,11,144.0
2135.0,10,159.0,4.184210526315789,8.172806062386732,5,81.0,0.6505218229234102,5,80.0,0.4665432661354554,10,161.0
2140.0,7,85.0,2.361111111111111,6.118730166961961,2,52.0,0.45302185734299033,5,60.0,0.45646797918480336,7,112.0
2145.0,13,129.0,3.6857142857142855,5.766676276786499,6,49.0,0.40555134382356905,7,90.0,0.31529087398177424,13,139.0
2150.0,15,141.0,3.810810810810811,5.3971981686655095,6,53.0,0.35618446440523144,9,107.0,0.2783892213834897,15,160.0
2155.0,17,209.0,4.976190476190476,5.776614508778967,7,68.0,0.28679463836610625,10,154.0,0.29293665238176303,17,222.0
2160.0,12,125.0,2.840909090909091,5.62197770308503,4,74.0,0.4070919852421998,8,127.0,0.29245118710213247,12,201.0
2165.0,9,124.0,2.6382978723404253,8.123444586664169,3,56.0,0.6067852393640127,6,79.0,0.41751528509870733,9,135.0
2170.0,8,76.0,1.6170212765957446,7.63691372216667,4,47.0,0.4275771149321867,4,74.0,0.4578093499189127,8,121.0
2175.0,15,132.0,2.5384615384615383,7.254586942952186,10,59.0,0.3448851817339918,5,90.0,0.43614228977815755,15,149.0
2180.0,13,94.0,1.9183673469387754,6.770501234974779,7,74.0,0.41247323370642497,6,82.0,0.48001534633629905,13,156.0
2185.0,15,142.0,2.9583333333333335,7.3141540242467515,9,90.0,0.4107120002323864,6,77.0,0.5773791375923851,15,167.0
2190.0,16,134.0,2.7346938775510203,5.505996795994943,8,84.0,0.36392584618718304,8,90.0,0.37834447364871376,16,174.0
2195.0,17,183.0,3.452830188679245,5.880462042319789,6,82.0,0.5121830024735591,11,122.0,0.22104261024459948,17,204.0
2200.0,19,212.0,3.925925925925926,5.387666531172862,7,94.0,0.3832968600279352,12,162.0,0.2029336670435235,19,256.0
2205.0,23,285.0,5.377358490566038,5.430113811231365,9,103.0,0.33693636535872357,14,216.0,0.2807530895275875,23,319.0
2210.0,19,198.0,3.8076923076923075,4.776620874647668,8,108.0,0.33206229006223653,11,210.0,0.28700089690386266,19,318.0
2215.0,21,208.0,4.0,5.256169799833122,12,116.0,0.2590789215392332,9,163.0,0.3771010430137204,21,279.0
2220.0,19,193.0,3.784313725490196,4.950297424879774,12,146.0,0.21269218791954012,7,146.0,0.36133685816849453,19,292.0
2225.0,17,243.0,4.86,5.7337954830263405,8,137.0,0.33752201368845264,9,163.0,0.18510599740962788,17,300.0
2230.0,20,226.0,4.612244897959184,4.862625378546104,6,121.0,0.35744644695752664,14,188.0,0.04646665418861217,20,309.0
2235.0,19,191.0,3.673076923076923,6.056075057607027,8,125.0,0.40795280242126997,11,186.0,0.27572769093350696,19,311.0
2240.0,16,188.0,3.6862745098039214,5.60749213337864,7,147.0,0.3340924129438968,9,179.0,0.37793898975410395,16,326.0
2245.0,15,209.0,4.019230769230769,6.810746531544756,10,185.0,0.34198181038119685,5,142.0,0.49642353555221774,15,327.0
2250.0,19,230.0,4.181818181818182,5.9308613501345535,11,198.0,0.1477253973337994,8,144.0,0.50013559141011,19,342.0
2255.0,17,281.0,4.9298245614035086,6.868495129121278,8,189.0,0.26186497080086546,9,184.0,0.47029296099883616,17,373.0
2260.0,18,292.0,5.615384615384615,6.345672923957338,7,189.0,0.33093819488397064,11,189.0,0.30860159764340317,18,378.0
2265.0,21,323.0,6.09433962264151,5.719929490308663,8,179.0,0.36549740343745923,13,194.0,0.2014242669034854,21,373.0
2270.0,21,274.0,5.372549019607843,4.228043010708526,8,194.0,0.3163067765686244,13,186.0,0.20148523238875884,21,380.0
2275.0,20,311.0,6.22,5.54241164869763,8,218.0,0.42101244834302554,12,176.0,0.3520447713399087,20,394.0
2280.0,19,175.0,3.1818181818181817,5.016356808832606,8,115.0,0.4075733568950809,11,190.0,0.30766722536245406,19,305.0
2285.0,20,229.0,4.017543859649122,6.045672143622223,12,151.0,0.3428352451286715,8,158.0,0.3920345979917494,20,309.0
2290.0,21,202.0,3.3666666666666667,5.3320217574932975,12,166.0,0.22848584749754364,9,173.0,0.33312435244692296,21,339.0
2295.0,21,233.0,3.819672131147541,5.779578275698187,8,146.0,0.2906331610783158,13,178.0,0.28427740981800576,21,324.0
2300.0,24,240.0,4.0,4.927329459596934,9,156.0,0.25570240300744035,15,207.0,0.2039306972056142,24,363.0
2305.0,28,324.0,5.4,5.4133361961036535,13,171.0,0.23877775045738703,15,230.0,0.2759534711665971,28,401.0
2310.0,25,348.0,5.704918032786885,5.24238346458469,11,200.0,0.33411843031589855,14,259.0,0.2823391913588436,25,459.0
2315.0,20,357.0,5.666666666666667,6.402488022668291,11,235.0,0.396146095560105,9,245.0,0.3777838534865156,20,480.0
2320.0,20,384.0,6.295081967213115,5.525472419863357,10,241.0,0.32700716075453695,10,250.0,0.34816174249062826,20,491.0
2325.0,18,338.0,5.365079365079365,6.038634744267222,7,194.0,0.39075494371251807,11,276.0,0.26876845159040197,18,470.0
2330.0,18,390.0,6.39344262295082,5.904984873853463,5,191.0,0.4053786487270618,13,289.0,0.21631753736853884,18,480.0
2335.0,26,359.0,5.698412698412699,6.162242252175375,12,231.0,0.3660723961171058,14,264.0,0.2735962469328233,26,495.0
2340.0,30,458.0,7.633333333333334,5.3969339328297306,15,303.0,0.28357763875258174,15,220.0,0.3091157479095487,30,523.0
2345.0,27,390.0,6.610169491525424,4.84435463224141,15,295.0,0.2514942534524104,12,243.0,0.28473672269543615,27,538.0
2350.0,26,386.0,6.771929824561403,4.72848828586348,16,274.0,0.2560942427345039,10,232.0,0.24138537810966126,26,506.0
2355.0,24,276.0,4.758620689655173,4.035450004449059,15,290.0,0.1671119507263697,9,184.0,0.28049923323598647,24,474.0
2360.0,23,299.0,5.155172413793103,5.7992637675565195,12,264.0,0.3008677559828929,11,164.0,0.33319701005196567,23,428.0
2365.0,20,191.0,3.0806451612903225,5.1792250613939945,11,250.0,0.3324677210370658,9,157.0,0.21542698491017753,20,407.0
2370.0,24,252.0,3.652173913043478,5.912613015979167,15,246.0,0.34494291481392286,9,152.0,0.3051338113864829,24,398.0
2375.0,26,244.0,3.436619718309859,5.7326454647101,18,272.0,0.3338438724870067,8,149.0,0.41156426011634695,26,421.0
2380.0,23,296.0,4.352941176470588,6.434838929471034,17,317.0,0.3187980526396818,6,127.0,0.5151913676810648,23,444.0
2385.0,25,247.0,3.8,4.714251011659275,18,341.0,0.17904166515192982,7,95.0,0.42121611167237744,25,436.0
2390.0,27,283.0,4.492063492063492,4.027551361536284,17,329.0,0.12805773769511683,10,100.0,0.23184216800425378,27,429.0
2395.0,29,301.0,5.101694915254237,3.4283574867569873,18,339.0,0.17230308468082273,11,136.0,0.06904798847350158,29,475.0
2400.0,32,390.0,6.39344262295082,4.149230718912133,21,353.0,0.1570875246837424,11,164.0,0.16107547477368905,32,517.0
2405.0,29,365.0,6.083333333333333,4.018921785689952,21,404.0,0.11895754584607082,8,154.0,0.30130922270707994,29,558.0
2410.0,30,430.0,7.049180327868853,5.562238820179207,21,411.0,0.1681712610288031,9,152.0,0.44011368175745025,30,563.0
2415.0,26,397.0,6.728813559322034,4.900397836476609,20,441.0,0.165436314966311,6,125.0,0.4450950077663208,26,566.0
2420.0,22,377.0,6.389830508474576,5.595746261879854,13,420.0,0.21634484004889012,9,105.0,0.40327010105895406,22,525.0
2425.0,16,323.0,5.767857142857143,5.459540492125963,9,408.0,0.28108924102932537,7,111.0,0.28860304460672576,16,519.0
2430.0,16,196.0,3.3793103448275863,5.628804095751226,11,410.0,0.17994815766505518,5,101.0,0.410337187238952,16,511.0
2435.0,20,238.0,4.175438596491228,4.894537729819815,15,443.0,0.19573557915098638,5,109.0,0.2972366192274579,20,552.0
2440.0,25,307.0,5.385964912280702,5.315686833888447,17,468.0,0.2544555330270458,8,122.0,0.33083842788039586,25,590.0
2445.0,18,338.0,5.9298245614035086,4.985892543320959,11,475.0,0.3143941661487602,7,144.0,0.2620087266402099,18,619.0
2450.0,21,385.0,6.875,5.738650650766987,13,440.0,0.2980742202147748,8,157.0,0.3188580088515904,21,597.0
2455.0,19,344.0,6.035087719298246,5.1129141909875075,12,433.0,0.17003452563135144,7,174.0,0.38461965489692895,19,607.0
2460.0,26,449.0,7.483333333333333,5.631551220424317,19,449.0,0.1955181187173152,7,195.0,0.46731033728488647,26,644.0
2465.0,25,411.0,6.85,5.441544135114961,17,428.0,0.21447452557172458,8,201.0,0.4901336475568172,25,629.0
2470.0,29,490.0,8.166666666666666,5.0583891615447385,16,423.0,0.27831887208173695,13,253.0,0.3119431545643978,29,676.0
2475.0,29,471.0,7.721311475409836,4.055325187543134,17,430.0,0.2282870431648208,12,283.0,0.2629437865284474,29,713.0
2480.0,20,354.0,5.709677419354839,5.0438023910700425,10,370.0,0.26165111567251514,10,281.0,0.2573983810130105,20,651.0
2485.0,15,232.0,3.80327868852459,6.441995345013792,9,313.0,0.37450686465258404,6,220.0,0.3042892603549727,15,533.0
2490.0,21,240.0,3.870967741935484,4.987618598464179,11,333.0,0.21475269460801433,10,130.0,0.20488186046779602,21,463.0
2495.0,26,283.0,4.639344262295082,5.616089018045668,13,356.0,0.2816579640221834,13,167.0,0.29654166828587514,26,523.0
2500.0,25,375.0,6.3559322033898304,5.746883727488338,11,363.0,0.30126916211925586,14,211.0,0.3842912777689219,25,574.0
2505.0,19,385.0,6.52542372881356,5.483206631048348,8,347.0,0.34263385228373255,11,232.0,0.2931201907638777,19,579.0
2510.0,15,254.0,4.305084745762712,5.8811526212220695,7,266.0,0.3371374733892615,8,198.0,0.2472715781599632,15,464.0
2515.0,19,265.0,4.274193548387097,6.052477642236523,12,154.0,0.21423369904611048,7,182.0,0.3247054754444328,19,336.0
2520.0,21,244.0,4.206896551724138,5.683388473855991,13,187.0,0.261803040956098,8,163.0,0.2712715658065589,21,350.0
2525.0,22,268.0,4.962962962962963,5.7813357513485775,10,197.0,0.3592409248842384,12,143.0,0.2146378051794765,22,340.0
2530.0,19,214.0,3.890909090909091,4.862910782405809,9,138.0,0.31442777257451093,10,162.0,0.1335596902103986,19,300.0
2535.0,17,250.0,4.716981132075472,6.389697487330668,10,156.0,0.3482547531255084,7,155.0,0.3250435555027162,17,311.0
2540.0,16,241.0,4.634615384615385,5.88865360845935,10,181.0,0.25966416106583373,6,131.0,0.35003918358300506,16,312.0
2545.0,17,281.0,5.403846153846154,6.64361510826006,12,192.0,0.20907189786459604,5,118.0,0.46477302462333936,17,310.0
2550.0,23,272.0,5.333333333333333,4.947639051145913,14,240.0,0.20011962902212496,9,101.0,0.28275019105699384,23,341.0
2555.0,23,366.0,7.038461538461538,6.05204708719019,14,288.0,0.30874339667538425,9,106.0,0.3407787879338754,23,394.0
2560.0,21,257.0,5.14,4.826546581770731,12,255.0,0.20456612946502578,9,116.0,0.37304316714598523,21,371.0
2565.0,18,257.0,4.9423076923076925,6.250304074725199,11,207.0,0.2982947653067518,7,113.0,0.4705626669217935,18,320.0
2570.0,15,166.0,3.32,5.831486833487255,10,186.0,0.3317085743844367,5,82.0,0.3932875832656127,15,268.0
2575.0,15,180.0,3.5294117647058822,6.656546859786616,8,172.0,0.28687269556501815,7,76.0,0.5236361431361264,15,248.0
2580.0,17,178.0,3.423076923076923,5.586415424071595,10,180.0,0.266354161924587,7,66.0,0.42994490897422744,17,246.0
2585.0,25,273.0,4.963636363636364,4.9792437199505795,13,225.0,0.2777446409094614,12,107.0,0.29169824663165483,25,332.0
2590.0,23,319.0,5.696428571428571,5.066640833925017,10,255.0,0.35185415771429196,13,136.0,0.2368374657470851,23,391.0
2595.0,18,342.0,5.796610169491525,5.957290440138061,11,279.0,0.36009610625912486,7,134.0,0.2856835897616897,18,413.0
2600.0,15,220.0,4.074074074074074,5.977791905965606,12,239.0,0.2974331545221486,3,109.0,0.41260595905643466,15,348.0
2605.0,17,257.0,4.7592592592592595,5.9697423068351485,8,212.0,0.24199149277204968,9,120.0,0.32720203737224407,17,332.0
2610.0,24,250.0,4.716981132075472,3.8128020144789514,11,209.0,0.13442464254382497,13,167.0,0.1769149930972374,24,376.0
2615.0,30,314.0,5.413793103448276,4.998875092402574,14,192.0,0.27036189174605807,16,229.0,0.20282779486067712,30,421.0
2620.0,23,323.0,5.767857142857143,5.053909955015589,11,223.0,0.30217091099712123,12,249.0,0.30795609657457695,23,472.0
2625.0,21,343.0,6.236363636363636,5.685249703271313,15,250.0,0.2664813255443772,6,233.0,0.45282874776872184,21,483.0
2630.0,19,271.0,5.113207547169812,5.144201496274606,13,264.0,0.20874984343660694,6,182.0,0.4117576298014241,19,446.0
2635.0,22,257.0,4.672727272727273,5.8070422325432824,11,237.0,0.28823251075810924,11,131.0,0.3105776993053087,22,368.0
2640.0,26,183.0,3.1551724137931036,4.87226960852365,12,199.0,0.2212615281187878,14,138.0,0.214537586917931,26,337.0
2645.0,30,313.0,5.216666666666667,5.474714855736578,15,211.0,0.2868650398717965,15,196.0,0.28858724049914497,30,407.0
2650.0,23,307.0,5.293103448275862,5.46702360640563,12,203.0,0.351432052350579,11,211.0,0.3213942526411966,23,414.0
2655.0,19,261.0,4.278688524590164,5.76785739627053,11,201.0,0.2928134925529435,8,172.0,0.34568715129891076,19,373.0
2660.0,20,215.0,3.5833333333333335,5.125336307577779,12,203.0,0.2161838329161328,8,142.0,0.38275552809184116,20,345.0
2665.0,21,264.0,4.190476190476191,6.005561906836114,10,200.0,0.3228561801930948,11,164.0,0.31903691406923035,21,364.0
2670.0,20,200.0,3.225806451612903,5.807773289446839,9,178.0,0.3818038056890016,11,176.0,0.24435912357935222,20,354.0
2675.0,22,261.0,4.142857142857143,6.625735866612942,12,142.0,0.410307643085776,10,185.0,0.3135978183129985,22,327.0
2680.0,22,209.0,3.4833333333333334,5.597062538089284,14,159.0,0.26627612801124745,8,167.0,0.37559391441512,22,326.0
2685.0,25,264.0,4.125,6.055654711928565,15,191.0,0.22059881559460678,10,151.0,0.485653541539177,25,342.0
2690.0,19,211.0,3.459016393442623,5.379535887489118,14,218.0,0.20169609434788835,5,116.0,0.4626489753573953,19,334.0
2695.0,20,218.0,3.6333333333333333,5.665876832644347,11,200.0,0.28367722490761144,9,126.0,0.34234673715657726,20,326.0
2700.0,25,225.0,3.629032258064516,4.093584345187243,11,226.0,0.2594437953882637,14,126.0,0.15472495013050966,25,352.0
2705.0,29,338.0,5.2,5.314762606717477,15,258.0,0.32343826719486857,14,164.0,0.23002981221122565,29,422.0
2710.0,29,302.0,4.575757575757576,5.0720320362491265,17,283.0,0.26082444042042197,12,176.0,0.34474888111093377,29,459.0
2715.0,22,279.0,4.043478260869565,6.110474002405565,16,280.0,0.25794673672715596,6,142.0,0.4324024916630507,22,422.0
2720.0,22,285.0,4.318181818181818,5.516044380509789,16,302.0,0.17575275038153768,6,129.0,0.4530128222040645,22,431.0
2725.0,22,274.0,4.491803278688525,5.498831686805285,11,274.0,0.25178062498490345,11,163.0,0.3471552382318363,22,437.0
2730.0,21,218.0,3.6333333333333333,3.9967014109300796,8,231.0,0.28509006048731733,13,180.0,0.16525553350952527,21,411.0
2735.0,26,293.0,4.966101694915254,4.063192176824736,14,219.0,0.14526511662219552,12,193.0,0.24974948425235194,26,412.0
2740.0,26,298.0,5.0508474576271185,4.5200111294603955,15,240.0,0.15833350762439416,11,189.0,0.3017021934626088,26,429.0
2745.0,21,342.0,5.7,5.359499166277133,8,239.0,0.29636867560696384,13,190.0,0.22775254177515322,21,429.0
2750.0,24,264.0,4.47457627118644,4.48896325208296,7,186.0,0.3263725197637982,17,210.0,0.12974069070996905,24,396.0
2755.0,28,332.0,5.354838709677419,5.17880287407518,10,179.0,0.3520600370503609,18,251.0,0.2246837665550364,28,430.0
2760.0,24,361.0,5.46969696969697,4.986777963545677,10,202.0,0.3628658824296166,14,285.0,0.27713010698333496,24,487.0
2765.0,17,308.0,4.7384615384615385,6.476194226556537,10,200.0,0.4325643376015503,7,246.0,0.34679460296624576,17,446.0
2770.0,17,262.0,3.8529411764705883,5.976457642676515,10,219.0,0.3259505388707872,7,177.0,0.3545119545529431,17,396.0
2775.0,26,325.0,4.513888888888889,5.4745909861703375,15,264.0,0.29447344658187813,11,151.0,0.29427295452599916,26,415.0
2780.0,30,405.0,5.955882352941177,5.209553955775505,17,318.0,0.32277781009202083,13,170.0,0.3606407098753688,30,488.0
2785.0,27,502.0,7.382352941176471,5.300292100074203,19,398.0,0.2577602449069611,8,160.0,0.3604458479937269,27,558.0
2790.0,27,523.0,7.579710144927536,4.559222988481536,20,462.0,0.13181520386125078,7,156.0,0.34897306228168695,27,618.0
2795.0,30,549.0,7.625,5.038119097836246,16,474.0,0.20649353036994,14,181.0,0.27678454560076443,30,655.0
2800.0,31,653.0,8.945205479452055,4.775780390366135,18,546.0,0.2007405034806244,13,227.0,0.2774704342818731,31,773.0
2805.0,30,763.0,10.173333333333334,5.519878764592102,21,621.0,0.2615574381020392,9,242.0,0.33236662103371084,30,863.0
2810.0,29,444.0,6.082191780821918,5.04526936094596,21,549.0,0.2168004025602419,8,184.0,0.3727722492313521,29,733.0
2815.0,32,418.0,5.573333333333333,5.297929672152872,20,429.0,0.29396665340964206,12,144.0,0.32068935883058836,32,573.0
2820.0,34,426.0,5.605263157894737,4.479141802196913,20,461.0,0.2772954255402907,14,162.0,0.2621404999044129,34,623.0
2825.0,31,465.0,6.36986301369863,4.5072827162421465,15,441.0,0.25505935726634266,16,197.0,0.25536651696242896,31,638.0
2830.0,35,421.0,5.613333333333333,3.9093781379488526,19,420.0,0.21259896080474905,16,241.0,0.14747070716826247,35,661.0
2835.0,31,324.0,4.207792207792208,4.715295623075325,20,390.0,0.14704709308138697,11,238.0,0.2678308719020248,31,628.0
2840.0,34,369.0,4.92,4.562360368018977,20,442.0,0.13513558166266554,14,258.0,0.2981198452013949,34,700.0
2845.0,34,433.0,5.773333333333333,4.957971667895691,21,491.0,0.223924018038841,13,293.0,0.29108842216099856,34,784.0
2850.0,34,456.0,6.514285714285714,4.081114108212154,19,487.0,0.23267748819228548,15,317.0,0.2303414294025569,34,804.0
2855.0,32,525.0,7.608695652173913,4.417676608340888,20,503.0,0.156628861366922,12,319.0,0.28563313730328593,32,822.0
2860.0,33,548.0,7.71830985915493,3.786545210469489,21,515.0,0.06303737303650725,12,330.0,0.29919102115268253,33,845.0
2865.0,27,468.0,6.882352941176471,4.900095624707248,12,448.0,0.1862400608834941,15,356.0,0.3171685154096246,27,804.0
2870.0,24,297.0,4.367647058823529,4.419595586946322,9,405.0,0.28632736984971124,15,315.0,0.24897585509896,24,720.0
2875.0,32,409.0,5.680555555555555,4.63305319962011,10,387.0,0.37922433685228457,22,286.0,0.16724045109934957,32,673.0
2880.0,37,438.0,6.0,4.393671222986658,15,366.0,0.34562729996871644,22,351.0,0.18537666789548576,37,717.0
2885.0,30,318.0,4.416666666666667,4.522403418903803,14,301.0,0.2900198253660487,16,351.0,0.22636056719863984,30,652.0
2890.0,29,334.0,4.575342465753424,4.190589400226111,17,326.0,0.18634349182850296,12,374.0,0.2605198849152239,29,700.0
2895.0,27,324.0,4.628571428571429,4.05755640656155,12,313.0,0.22072332500976807,15,393.0,0.18084919379617911,27,706.0
2900.0,35,384.0,5.565217391304348,3.177506087918885,15,336.0,0.2333658395501933,20,429.0,0.10775935188718672,35,765.0
2905.0,31,446.0,6.194444444444445,4.047046373807316,16,373.0,0.258333547726354,15,429.0,0.1423083542923364,31,802.0
2910.0,31,433.0,6.367647058823529,4.322075968800511,19,394.0,0.23185043671583622,12,384.0,0.24096144660127708,31,778.0
2915.0,31,429.0,6.6,4.691687145781078,19,393.0,0.22513089966800645,12,340.0,0.280060970908999,31,733.0
2920.0,34,407.0,6.359375,3.294016809480712,22,443.0,0.1722736068289169,12,342.0,0.21815949907350474,34,785.0
2925.0,29,402.0,6.28125,4.026583107815804,14,424.0,0.2268014138331337,15,339.0,0.21736431525797806,29,763.0
2930.0,26,445.0,7.17741935483871,4.499209266360753,13,429.0,0.22539528980182366,13,368.0,0.23959926683877225,26,797.0
2935.0,23,438.0,6.7384615384615385,4.788435268849897,16,451.0,0.14325817241632213,7,343.0,0.26754238087508087,23,794.0
2940.0,26,299.0,4.82258064516129,4.541232303338169,20,418.0,0.021314259537898464,6,305.0,0.39248042551449946,26,723.0
2945.0,28,338.0,5.728813559322034,5.009578074707073,20,436.0,0.09745428701884455,8,230.0,0.40324904368754844,28,666.0
2950.0,28,352.0,6.068965517241379,4.456476503425432,18,452.0,0.15971118590771685,10,212.0,0.32646133684395406,28,664.0
2955.0,21,296.0,5.192982456140351,4.949541242707343,8,388.0,0.27414408526247375,13,198.0,0.26056398577120204,21,586.0
2960.0,21,253.0,4.43859649122807,4.538710802641737,8,370.0,0.28463416549988163,13,199.0,0.19716139805281388,21,569.0
2965.0,19,159.0,2.789473684210526,4.798904807067314,11,319.0,0.2078079302852593,8,172.0,0.3405626088487334,19,491.0
2970.0,23,201.0,3.35,4.447459731011478,14,321.0,0.19842048065056386,9,187.0,0.3493393605578039,23,508.0
2975.0,25,258.0,4.161290322580645,5.050138067195405,10,279.0,0.3105521326040711,15,224.0,0.2884301207860264,25,503.0
2980.0,24,339.0,5.467741935483871,5.075266124877954,9,286.0,0.37362287547004414,15,262.0,0.21588085479736913,24,548.0
2985.0,20,311.0,4.7846153846153845,5.530028380177406,8,253.0,0.3517786594978943,12,256.0,0.26436890794573936,20,509.0
2990.0,26,293.0,4.507692307692308,5.251328700196023,14,220.0,0.26877999406917275,12,211.0,0.28918769600428135,26,431.0
2995.0,28,303.0,4.734375,5.207078119270797,15,241.0,0.2598537005757442,13,212.0,0.30827895163044366,28,453.0
3000.0,34,421.0,6.790322580645161,4.413255507708995,17,304.0,0.25065783483433424,17,266.0,0.25165820948835305,34,570.0
3005.0,34,502.0,7.84375,3.59662075394318,16,351.0,0.24632863300612012,18,322.0,0.20587158136644274,34,673.0
3010.0,27,364.0,5.6875,4.492205922077641,9,332.0,0.3145064078874536,18,326.0,0.22740765624900464,27,658.0
3015.0,22,289.0,4.587301587301587,5.056447642281913,6,250.0,0.3367507897937997,16,302.0,0.24039567238601872,22,552.0
3020.0,31,384.0,5.647058823529412,4.5623786809389015,11,189.0,0.249614138298587,20,379.0,0.2172817934590019,31,568.0
3025.0,36,510.0,7.7272727272727275,4.033219644600417,15,212.0,0.20226696301219008,21,463.0,0.26796340540715213,36,675.0
3030.0,28,444.0,6.7272727272727275,4.439364408347208,8,175.0,0.3067365698564894,20,477.0,0.22005447635441333,28,652.0
3035.0,19,310.0,4.626865671641791,5.3348723017724735,6,150.0,0.33816412033483506,13,397.0,0.19270614057321195,19,547.0
3040.0,19,273.0,4.136363636363637,6.180535080628363,5,142.0,0.4158367002191876,14,387.0,0.19088328915970196,19,529.0
3045.0,25,347.0,5.338461538461538,6.373373645637227,7,171.0,0.4547719765121655,18,379.0,0.17783369698435497,25,550.0
3050.0,23,288.0,4.88135593220339,4.856417847098971,4,142.0,0.3456448717468001,19,422.0,0.17393999284149236,23,564.0
3055.0,26,393.0,7.017857142857143,5.549358281021324,8,150.0,0.42309995595586436,18,460.0,0.24921237382841774,26,610.0
3060.0,24,337.0,6.017857142857143,4.508176096335701,7,102.0,0.38683981349084495,17,456.0,0.12422698374388023,24,558.0
3065.0,19,279.0,4.894736842105263,5.704879738071689,9,121.0,0.377466328642304,10,366.0,0.2329245095615179,19,487.0
3070.0,19,189.0,3.2586206896551726,5.089392715365409,9,133.0,0.20986121279063083,10,346.0,0.2752863326905681,19,479.0
3075.0,20,195.0,3.3620689655172415,5.443400705217374,8,121.0,0.23162417093929527,12,296.0,0.2863714398008585,20,417.0
3080.0,22,188.0,3.357142857142857,5.610214043388575,8,95.0,0.351931870126054,14,277.0,0.26824120882447583,22,372.0
3085.0,14,201.0,3.6545454545454548,6.423425697264626,8,119.0,0.4589620961924248,6,188.0,0.2730131873928067,14,307.0
3090.0,17,214.0,3.962962962962963,6.012436490306101,9,160.0,0.3261597630480467,8,160.0,0.3422650936527727,17,320.0
3095.0,22,248.0,4.592592592592593,5.574028108455714,10,176.0,0.2203971637633324,12,199.0,0.3935227585277218,22,375.0
3100.0,20,241.0,4.634615384615385,5.135141331427505,10,191.0,0.30157679002654675,10,205.0,0.32451133533895155,20,396.0
3105.0,17,246.0,5.125,5.167024738878802,8,167.0,0.2681446732980196,9,189.0,0.36253777295250766,17,356.0
3110.0,21,253.0,5.163265306122449,4.080419590046631,11,200.0,0.15063407134658932,10,179.0,0.20016442672203522,21,379.0
3115.0,26,228.0,4.384615384615385,4.458624567624576,10,197.0,0.24641595094915178,16,195.0,0.16219709098834031,26,392.0
3120.0,20,243.0,4.673076923076923,5.448978492626821,4,138.0,0.47890745848126703,16,242.0,0.15898195152282446,20,380.0
3125.0,17,278.0,5.673469387755102,6.26285305332536,5,132.0,0.41456563791060597,12,255.0,0.2737974696337363,17,387.0
3130.0,15,274.0,5.591836734693878,6.386149255096469,5,154.0,0.267932412231774,10,240.0,0.27630716630860847,15,394.0
3135.0,19,299.0,5.98,6.293816653696524,8,187.0,0.21259980803263315,11,236.0,0.3136759493851659,19,423.0
3140.0,15,195.0,4.239130434782608,5.353089787170161,5,169.0,0.436901338401027,10,221.0,0.2633259782358226,15,390.0
3145.0,15,236.0,5.130434782608695,6.504067997631402,4,187.0,0.5881917830446219,11,192.0,0.3220743121966838,15,379.0
3150.0,15,206.0,4.5777777777777775,5.9983486914746225,3,131.0,0.6030811978590425,12,218.0,0.2793816376982716,15,349.0
3155.0,18,198.0,3.8076923076923075,6.100955057217707,4,44.0,0.5131726979187362,14,256.0,0.3101909809568518,18,300.0
3160.0,19,253.0,4.865384615384615,5.680884138268332,7,41.0,0.47095411808775967,12,298.0,0.31928809030113153,19,339.0
3165.0,21,322.0,6.1923076923076925,5.847543078481393,9,77.0,0.4096160841257154,12,316.0,0.33849892858757796,21,393.0
3170.0,26,318.0,5.678571428571429,4.246392156324809,13,130.0,0.30186424650263693,13,290.0,0.18597109711600654,26,420.0
3175.0,24,308.0,5.4035087719298245,5.283319521347076,12,151.0,0.3401724942268558,12,259.0,0.2155795419402902,24,410.0
3180.0,21,234.0,4.0344827586206895,5.4876353222765255,5,111.0,0.36752344637982504,16,244.0,0.14363763958138362,21,355.0
3185.0,22,228.0,3.864406779661017,5.59690806270962,9,128.0,0.27697485928788673,13,235.0,0.19161997382000084,22,363.0
3190.0,25,308.0,5.220338983050848,5.243473787563996,15,193.0,0.2549109030770232,10,254.0,0.2786782619442981,25,447.0
3195.0,25,329.0,6.2075471698113205,4.540391908048241,13,206.0,0.17351955445079945,12,273.0,0.32701501989845705,25,479.0
3200.0,28,441.0,8.320754716981131,4.538194757145885,15,239.0,0.1434341822049488,13,312.0,0.3230050876972875,28,551.0
3205.0,25,470.0,8.703703703703704,4.487231851824334,13,253.0,0.18341078912885647,12,345.0,0.30279463829602227,25,598.0
3210.0,19,370.0,6.607142857142857,5.218154415431544,7,213.0,0.2961250286883471,12,348.0,0.28577269256356136,19,561.0
3215.0,22,306.0,5.186440677966102,5.483095894226021,8,170.0,0.350103091603408,14,323.0,0.2846431712731862,22,493.0
3220.0,24,255.0,4.25,4.933979132764065,10,162.0,0.35273397208563617,14,299.0,0.24637892310037465,24,461.0
3225.0,27,306.0,5.016393442622951,5.420389637029862,9,174.0,0.4627995862793292,18,285.0,0.254543737639965,27,459.0
3230.0,21,303.0,4.734375,5.5160602236124054,6,127.0,0.49971622959029605,15,325.0,0.17333407370907278,21,452.0
3235.0,23,240.0,3.6923076923076925,5.322032529198233,11,96.0,0.3375269759850083,12,313.0,0.20178003311510945,23,409.0
3240.0,26,265.0,3.955223880597015,4.8887824171433785,15,113.0,0.19188559382832765,11,315.0,0.2374959659331509,26,428.0
3245.0,31,240.0,3.4782608695652173,4.577288412936829,19,185.0,0.2019088287815794,12,332.0,0.2607701266520133,31,517.0
3250.0,32,315.0,4.7727272727272725,4.947867122955072,20,258.0,0.26888962219792995,12,347.0,0.36687761639922944,32,605.0
3255.0,34,350.0,5.147058823529412,4.656633524339428,19,302.0,0.22336188529192572,15,346.0,0.3888168693486297,34,648.0
3260.0,24,261.0,4.015384615384615,4.312501671215784,11,287.0,0.24539382472258447,13,356.0,0.28845719078422555,24,643.0
3265.0,26,238.0,3.606060606060606,3.8820198884342383,14,306.0,0.18432804108785078,12,318.0,0.1863792603604631,26,624.0
3270.0,31,334.0,4.771428571428571,3.7869568452797533,17,330.0,0.16236992872794423,14,360.0,0.1629472485956633,31,690.0
3275.0,39,449.0,6.701492537313433,3.3804128174085237,21,373.0,0.1700423535123676,18,414.0,0.21031871608846645,39,787.0
3280.0,30,532.0,7.940298507462686,4.137814618889266,13,350.0,0.3143746807866886,17,470.0,0.17587489649497612,30,820.0
3285.0,26,506.0,7.666666666666667,4.2951693606958825,12,316.0,0.28222566409169647,14,495.0,0.13575527197706638,26,811.0
3290.0,23,416.0,6.4,4.957412226043565,10,279.0,0.29246860892534365,13,463.0,0.19895337352581713,23,742.0
3295.0,27,267.0,4.306451612903226,4.312670768028181,12,263.0,0.2323562425417324,15,396.0,0.22366571590950673,27,659.0
3300.0,32,295.0,4.758064516129032,4.08168617747466,18,284.0,0.25180614296894566,14,405.0,0.23660507337444164,32,689.0
3305.0,34,379.0,5.921875,4.620551715989455,18,327.0,0.25211412157666874,16,411.0,0.3098818827355474,34,738.0
3310.0,27,389.0,6.377049180327869,4.457369793741594,13,330.0,0.2622475312560642,14,433.0,0.24405474454049403,27,763.0
3315.0,19,337.0,5.810344827586207,4.58041864403509,11,343.0,0.2246342302464797,8,403.0,0.2621847364615974,19,746.0
3320.0,26,346.0,5.492063492063492,4.454137632679666,13,344.0,0.11246161218132956,13,448.0,0.2726386564938849,26,792.0
3325.0,31,404.0,6.2153846153846155,4.194760949261526,13,332.0,0.1620628944759828,18,520.0,0.2939109638359923,31,852.0
3330.0,31,449.0,6.907692307692308,4.712129016722059,15,286.0,0.16738192900084098,16,564.0,0.36194319341239056,31,850.0
3335.0,26,513.0,7.7727272727272725,4.775833470782025,14,322.0,0.19180214550167068,12,568.0,0.3565103053696117,26,890.0
3340.0,25,533.0,8.46031746031746,4.859154298624564,13,331.0,0.2700790801690129,12,499.0,0.2877740194522285,25,830.0
3345.0,26,405.0,6.230769230769231,4.428860924281737,12,310.0,0.2668443171677639,14,383.0,0.24105501107275543,26,693.0
3350.0,27,382.0,6.161290322580645,4.420995951939511,9,216.0,0.35397099191312753,18,400.0,0.1644222974052884,27,616.0
3355.0,28,443.0,6.921875,4.11656001519564,9,198.0,0.33712070932379085,19,463.0,0.12577513925380251,28,661.0
3360.0,24,468.0,7.2,5.055019138520419,11,200.0,0.30842388153283296,13,481.0,0.23524174483114552,24,681.0
3365.0,24,378.0,5.90625,4.841751761762748,12,232.0,0.2671150219985851,12,449.0,0.25557945961439554,24,681.0
3370.0,29,331.0,5.338709677419355,4.671592374724759,14,265.0,0.29299236167382486,15,341.0,0.23617877879819235,29,606.0
3375.0,32,328.0,5.377049180327869,3.041455691116794,13,258.0,0.2353269794993379,19,370.0,0.19026447318903936,32,628.0
3380.0,37,414.0,6.369230769230769,3.6613155724328146,16,232.0,0.2454291550786952,21,407.0,0.21603944944384584,37,639.0
3385.0,31,452.0,6.647058823529412,4.290105749232872,13,268.0,0.29281224825781643,18,444.0,0.25426051973511715,31,712.0
3390.0,24,415.0,6.0144927536231885,5.129176041734123,13,277.0,0.3211491684646526,11,414.0,0.2524708360455918,24,691.0
3395.0,24,289.0,4.25,4.945923485953831,14,256.0,0.2552904144379988,10,371.0,0.2773234448453624,24,627.0
3400.0,26,290.0,4.027777777777778,5.300233408901878,15,241.0,0.28368198167371633,11,320.0,0.2990996862006557,26,561.0
3405.0,30,302.0,4.3768115942028984,5.000713802484815,13,250.0,0.3462478910012852,17,318.0,0.2808688604267343,30,568.0
3410.0,31,282.0,4.0285714285714285,4.7510397723349875,12,243.0,0.3328125811024493,19,320.0,0.21258429615966656,31,563.0
3415.0,29,328.0,4.685714285714286,3.803354873915369,11,257.0,0.29697626659735793,18,340.0,0.13581061252405083,29,597.0
3420.0,32,346.0,4.805555555555555,4.628756209634066,16,318.0,0.2657828915062898,16,329.0,0.20250348965823578,32,647.0
3425.0,26,370.0,5.285714285714286,4.761366916111413,15,343.0,0.19277574230760233,11,315.0,0.33658459507210137,26,658.0
3430.0,29,421.0,5.847222222222222,5.334520044509166,16,359.0,0.2114700937838056,13,304.0,0.31286280466380045,29,663.0
3435.0,30,449.0,6.236111111111111,4.592317116328464,14,374.0,0.16315349837166987,16,323.0,0.2605695437483328,30,697.0
3440.0,30,452.0,6.457142857142857,4.765513137536761,12,338.0,0.28222393960319164,18,355.0,0.20443872460050552,30,693.0
3445.0,32,393.0,5.695652173913044,4.331005242146125,11,280.0,0.3156274875444746,21,388.0,0.2016183906284266,32,668.0
3450.0,33,417.0,5.873239436619718,4.118858190512212,12,229.0,0.24302927886047787,21,433.0,0.2331851625742218,33,662.0
3455.0,28,397.0,5.753623188405797,4.149836074295715,12,238.0,0.16715904024418293,16,410.0,0.2940889754276248,28,648.0
3460.0,26,443.0,6.328571428571428,4.325008269167291,10,213.0,0.23792045679784946,16,448.0,0.19371832977872255,26,661.0
3465.0,32,453.0,6.291666666666667,4.2558711216382195,12,212.0,0.1922061259127687,20,488.0,0.1334518560425493,32,700.0
3470.0,37,540.0,7.297297297297297,4.629566352890381,14,229.0,0.23039271119329285,23,562.0,0.19023567158368818,37,791.0
3475.0,34,635.0,8.819444444444445,4.80771563136103,12,268.0,0.2894211506815926,22,625.0,0.26442759506183944,34,893.0
3480.0,33,516.0,7.267605633802817,4.550665851330105,11,278.0,0.40553706282079466,22,588.0,0.16515809238920867,33,866.0
3485.0,34,524.0,7.277777777777778,4.861578210878274,9,265.0,0.4004844228928227,25,567.0,0.17542266917212226,34,832.0
3490.0,38,564.0,7.421052631578948,4.723746889497153,13,244.0,0.3561897028442953,25,589.0,0.1888563707116603,38,833.0
3495.0,30,400.0,5.47945205479452,5.062187841881472,13,262.0,0.3142513638392873,17,516.0,0.2690388018560868,30,778.0
3500.0,29,374.0,5.123287671232877,4.4644806969081845,14,230.0,0.18866439187434855,15,427.0,0.2603091333202849,29,657.0
3505.0,27,356.0,4.8108108108108105,4.579374015596084,13,259.0,0.22339932311177452,14,399.0,0.28993817708564784,27,658.0
3510.0,24,283.0,3.8767123287671232,4.739714402046851,8,243.0,0.3115849714681869,16,394.0,0.21911210322479588,24,637.0
3515.0,26,359.0,4.986111111111111,4.491343814890556,9,224.0,0.29608511659778336,17,424.0,0.19928473212402537,26,648.0
3520.0,28,438.0,6.4411764705882355,4.2214014555949175,14,234.0,0.2173679709096434,14,440.0,0.20828075556659592,28,674.0
3525.0,32,463.0,6.614285714285714,3.7832971746919934,14,269.0,0.16993759379655862,18,453.0,0.21325624052237568,32,722.0
3530.0,29,460.0,6.571428571428571,4.671722258049962,9,251.0,0.3041603939249197,20,446.0,0.2078523575104453,29,697.0
3535.0,31,343.0,4.9,4.825548702872633,8,212.0,0.3750696807459249,23,463.0,0.21469281758860315,31,675.0
3540.0,32,411.0,5.871428571428571,4.939506734337567,10,180.0,0.39203702640854216,22,455.0,0.18792783832659954,32,635.0
3545.0,36,477.0,6.913043478260869,4.061946843777527,12,198.0,0.31969983186280176,24,516.0,0.16101224171606965,36,714.0
3550.0,23,423.0,6.220588235294118,4.640482951834264,7,198.0,0.36260511445303084,16,510.0,0.16232268990874724,23,708.0
3555.0,23,365.0,5.615384615384615,4.910414865494623,8,197.0,0.3634758301635004,15,474.0,0.17850400095961244,23,671.0
3560.0,26,382.0,5.96875,4.951558458942715,10,213.0,0.28995528713685637,16,455.0,0.22556802344119237,26,668.0
3565.0,30,410.0,6.507936507936508,4.271204336967403,12,236.0,0.29286594609299355,18,458.0,0.15959995539580962,30,694.0
3570.0,31,462.0,7.9655172413793105,4.242776195649364,13,298.0,0.3088003968093909,18,466.0,0.13972966461444655,31,764.0
3575.0,29,475.0,8.189655172413794,3.5378852870375113,12,322.0,0.22900756686729712,17,474.0,0.16266592679280528,29,796.0
3580.0,20,393.0,6.661016949152542,4.911479833116619,7,294.0,0.2667199981514966,13,401.0,0.2052902393628462,20,695.0
3585.0,13,305.0,5.865384615384615,5.66704803300965,4,259.0,0.365910317661109,9,328.0,0.24772287604699267,13,587.0
3590.0,21,389.0,7.203703703703703,5.537143719928901,10,294.0,0.3319944788139274,11,315.0,0.18414912778525552,21,609.0
3595.0,23,224.0,4.3076923076923075,5.216208955147001,10,145.0,0.35315106570497623,13,331.0,0.26068340460110984,23,476.0
3600.0,23,294.0,5.653846153846154,5.555712795324978,12,149.0,0.2934226564798791,11,301.0,0.3711898483506966,23,450.0
3605.0,21,275.0,5.092592592592593,4.999438468737416,12,152.0,0.2760563266262687,9,300.0,0.3730904522352032,21,452.0
3610.0,16,227.0,4.053571428571429,6.342135352516215,7,118.0,0.328716891877105,9,252.0,0.3474324719691176,16,370.0
3615.0,11,239.0,4.509433962264151,6.368502913804276,5,120.0,0.3156519131020386,6,249.0,0.34844678043417726,11,369.0
3620.0,19,315.0,5.625,6.7331642935180325,12,169.0,0.220378769436204,7,272.0,0.43719333073026223,19,441.0
3625.0,20,271.0,5.42,5.74286025309604,13,200.0,0.3200955495328534,7,208.0,0.4315523097956889,20,408.0
3630.0,15,233.0,4.755102040816326,6.030856450247203,8,202.0,0.3709876423869989,7,106.0,0.3894848885802083,15,308.0
3635.0,15,236.0,5.2444444444444445,5.057947758602587,6,185.0,0.31091234522276573,9,130.0,0.3225932215281881,15,315.0
3640.0,22,283.0,5.895833333333333,4.95159884822849,14,205.0,0.2503157462771018,8,153.0,0.36468517276002016,22,358.0
3645.0,18,331.0,7.042553191489362,5.38407149237136,11,228.0,0.2753880186155097,7,150.0,0.394541873025685,18,378.0
3650.0,15,355.0,7.1,6.223923173092596,7,227.0,0.30932326979234437,8,172.0,0.34107835622629057,15,399.0
3655.0,12,261.0,5.117647058823529,6.63066872019289,4,168.0,0.3769725353655564,8,191.0,0.2052111844872577,12,359.0
3660.0,15,189.0,4.0212765957446805,7.066076289343866,7,81.0,0.388140850946431,8,149.0,0.3193479664178848,15,230.0
3665.0,17,244.0,5.083333333333333,5.7259267113169265,8,99.0,0.2998799682359124,9,190.0,0.2917598720417559,17,289.0
3670.0,10,151.0,3.02,6.197749222693743,5,96.0,0.35803276284595453,5,158.0,0.39838745444289714,10,254.0
3675.0,9,108.0,2.1176470588235294,7.1114522418545105,5,81.0,0.41016959549117776,4,65.0,0.4388935386898543,9,146.0
3680.0,14,162.0,3.306122448979592,6.886189603721155,10,109.0,0.27948685040350285,4,71.0,0.5339211425060228,14,180.0
3685.0,15,144.0,2.938775510204082,6.413767817083145,12,119.0,0.2625230809148929,3,81.0,0.5389449610466058,15,200.0
3690.0,18,220.0,4.680851063829787,6.286666979726292,14,162.0,0.307853833004914,4,89.0,0.44532561077440425,18,251.0
3695.0,13,134.0,2.9130434782608696,5.757718583020502,11,178.0,0.27859945052662016,2,24.0,0.42339016117390804,13,202.0
3700.0,16,121.0,2.630434782608696,6.254483037679534,10,148.0,0.31840761317539573,6,32.0,0.3824877844288689,16,180.0
3705.0,13,128.0,2.8444444444444446,5.822790274155756,7,150.0,0.33971551040895354,6,56.0,0.40497195608862574,13,206.0
3710.0,20,187.0,3.816326530612245,5.976990938164815,10,161.0,0.418257918465708,10,86.0,0.2517771797108972,20,247.0
3715.0,16,122.0,2.5416666666666665,5.648607762029094,10,138.0,0.3974816316711131,6,85.0,0.38006399001098173,16,223.0
3720.0,17,164.0,3.5652173913043477,6.387073826865293,12,173.0,0.2630973183043589,5,69.0,0.5080188342903507,17,242.0
3725.0,19,161.0,3.425531914893617,5.291206903287913,14,184.0,0.14314995181390516,5,79.0,0.4606200318101321,19,263.0
3730.0,15,155.0,3.2291666666666665,6.30274980448565,7,143.0,0.3294033937016868,8,96.0,0.30226840278084316,15,239.0
3735.0,17,133.0,2.9555555555555557,5.517484088693139,10,146.0,0.3092395724586474,7,110.0,0.25711290782093216,17,256.0
3740.0,20,213.0,4.4375,5.9355076754891485,10,167.0,0.3167233976551107,10,135.0,0.31580981462778696,20,302.0
3745.0,19,204.0,4.25,4.818168663243657,12,189.0,0.16512188605981856,7,131.0,0.4369964044675177,19,320.0
3750.0,21,247.0,5.145833333333333,5.725662228360021,15,228.0,0.18571087174081963,6,118.0,0.5348892652327513,21,346.0
3755.0,17,200.0,4.0,5.595751341127187,11,232.0,0.2639032347245752,6,106.0,0.40512455299940253,17,338.0
3760.0,17,210.0,3.9622641509433962,6.801212248789416,7,171.0,0.43206754178793605,10,103.0,0.32015024191424557,17,274.0
3765.0,18,186.0,3.72,6.12909984302684,8,157.0,0.3451199985270872,10,128.0,0.30100903217515507,18,285.0
3770.0,18,238.0,4.76,6.386577224400337,9,147.0,0.29585166713362665,9,122.0,0.33392141308682327,18,269.0
3775.0,17,190.0,4.042553191489362,5.364349230604279,9,146.0,0.17833283093646393,8,115.0,0.3607862245747344,17,261.0
3780.0,16,177.0,3.54,6.180662746217239,7,126.0,0.33609200582394083,9,143.0,0.3555785527573317,16,269.0
3785.0,18,228.0,4.75,5.885911575925879,7,116.0,0.4846131849298982,11,178.0,0.3413318703410441,18,294.0
3790.0,21,313.0,6.387755102040816,5.922220144057186,7,138.0,0.4772993291786549,14,218.0,0.3233399996376793,21,356.0
3795.0,23,363.0,7.117647058823529,4.735290334903336,11,183.0,0.37927763829745714,12,245.0,0.2890150059419931,23,428.0
3800.0,18,388.0,6.928571428571429,4.78493729733602,10,205.0,0.25996701404574685,8,237.0,0.31089772149258194,18,442.0
3805.0,21,317.0,5.56140350877193,5.374046047632825,13,253.0,0.24981912377441767,8,178.0,0.3547857911192582,21,431.0
3810.0,25,316.0,5.266666666666667,5.22621597432946,11,244.0,0.2672357364133265,14,157.0,0.318342545118756,25,401.0
3815.0,22,298.0,4.885245901639344,4.912337298196777,7,183.0,0.40365848861415055,15,206.0,0.13736199486411976,22,389.0
3820.0,18,345.0,5.948275862068965,6.6502296043945845,7,166.0,0.5237073286491791,11,225.0,0.23215772265568138,18,391.0
3825.0,11,161.0,2.9272727272727272,6.995883776641053,4,121.0,0.400751282244894,7,175.0,0.36776087298576154,11,296.0
3830.0,19,175.0,3.1818181818181817,5.798555331187119,11,101.0,0.20190079416083676,8,126.0,0.38108861620062484,19,227.0
3835.0,18,188.0,3.6153846153846154,5.648005259684718,10,144.0,0.3299933814699579,8,112.0,0.33625261907319454,18,256.0
3840.0,16,240.0,4.615384615384615,6.656530557546413,6,148.0,0.440484581733656,10,155.0,0.3189881855089348,16,303.0
3845.0,17,152.0,2.923076923076923,5.02907419413062,5,98.0,0.3697473167558613,12,173.0,0.1825465242193092,17,271.0
3850.0,21,207.0,3.9056603773584904,5.781446385927724,10,101.0,0.2247823633827821,11,164.0,0.29856525736035333,21,265.0
3855.0,20,242.0,4.745098039215686,5.273289813637156,10,124.0,0.22634296263256654,10,175.0,0.29296706627900493,20,299.0
3860.0,14,244.0,4.784313725490196,6.4047114870656126,7,135.0,0.313086787800085,7,167.0,0.35328425258531954,14,302.0
3865.0,12,139.0,2.7254901960784315,5.879618657813418,4,118.0,0.405704168512263,8,135.0,0.25856892430156575,12,253.0
3870.0,19,222.0,4.269230769230769,6.646085758377966,6,113.0,0.49309028689775986,13,170.0,0.3256034960664808,19,283.0
3875.0,16,219.0,4.38,6.287264480874909,5,121.0,0.45172187058904,11,178.0,0.4058927000252562,16,299.0
3880.0,18,276.0,5.2075471698113205,6.358232864993535,5,131.0,0.4990280855373099,13,201.0,0.30656501700590616,18,332.0
3885.0,15,155.0,2.8703703703703702,5.393115374493142,3,62.0,0.42277926120205855,12,202.0,0.16958274670819395,15,264.0
3890.0,19,200.0,3.7735849056603774,6.30982054680202,8,49.0,0.413615736481342,11,198.0,0.22992218498211509,19,247.0
3895.0,22,203.0,3.830188679245283,4.667015410347101,8,56.0,0.21383464908813477,14,214.0,0.2063166298860217,22,270.0
3900.0,22,196.0,3.69811320754717,5.340529590405525,11,92.0,0.27202025181412054,11,215.0,0.3335374766317233,22,307.0
3905.0,21,244.0,4.784313725490196,5.671628735044311,10,112.0,0.34185478355258736,11,216.0,0.45606061329523506,21,328.0
3910.0,17,237.0,4.5576923076923075,5.134436523678322,6,98.0,0.39956596468818184,11,231.0,0.296610159205477,17,329.0
3915.0,19,256.0,4.654545454545454,5.184996726081845,8,103.0,0.38614564981876714,11,230.0,0.19655329494681292,19,333.0
3920.0,21,274.0,4.724137931034483,5.666648143635371,7,112.0,0.4120036233521834,14,256.0,0.19917314097990446,21,368.0
3925.0,25,345.0,6.160714285714286,5.784187221137971,9,135.0,0.423564852328402,16,265.0,0.2696312532132409,25,400.0
3930.0,24,430.0,8.11320754716981,4.942929094699624,10,184.0,0.40043073584410394,14,311.0,0.29351916253909943,24,495.0
3935.0,20,448.0,8.0,4.969381408857311,8,188.0,0.3158932399450764,12,331.0,0.304662280185672,20,519.0
3940.0,23,352.0,5.866666666666666,5.480930580219839,9,169.0,0.26447817703809134,14,292.0,0.31119387394788495,23,461.0
3945.0,23,307.0,4.951612903225806,5.976757108400702,7,120.0,0.3260271150696717,16,281.0,0.302714573911076,23,401.0
3950.0,26,355.0,5.546875,5.611534893957893,10,95.0,0.3498531617390756,16,314.0,0.2948300751840116,26,409.0
3955.0,28,436.0,6.606060606060606,5.40497948824228,10,114.0,0.41036623952969004,18,379.0,0.27116578324863094,28,493.0
3960.0,28,492.0,7.569230769230769,4.831377060779848,11,143.0,0.42472184901971327,17,425.0,0.20860150422350401,28,568.0
3965.0,23,443.0,6.611940298507463,4.9314715888352225,10,154.0,0.3953282278614316,13,438.0,0.1768025564567765,23,592.0
3970.0,24,403.0,5.676056338028169,5.462592947327333,7,135.0,0.4050451071468595,17,410.0,0.16574678332328624,24,545.0
3975.0,25,184.0,2.591549295774648,5.172601170518318,9,95.0,0.28957943545913384,16,358.0,0.21490040476517858,25,453.0
3980.0,28,263.0,3.757142857142857,4.658483557970795,15,108.0,0.236084468762392,13,388.0,0.29018680882844766,28,496.0
3985.0,26,322.0,4.666666666666667,4.777835059938334,15,166.0,0.23068977545491007,11,373.0,0.37581756301098024,26,539.0
3990.0,25,376.0,5.222222222222222,4.983028017387897,9,190.0,0.31042361115159467,16,374.0,0.2676534657449316,25,564.0
3995.0,25,396.0,5.5,5.139102669003127,7,179.0,0.3553951590682333,18,374.0,0.22674182004621343,25,553.0
4000.0,32,389.0,5.328767123287672,4.369017975871998,9,160.0,0.36670959714343204,23,407.0,0.12164309984317771,32,567.0
4005.0,34,400.0,5.797101449275362,4.686753486826808,12,149.0,0.27678218689594564,22,444.0,0.22367095850158739,34,593.0
4010.0,37,407.0,6.074626865671642,3.876667525461215,17,195.0,0.16949538553108712,20,432.0,0.15499324005853649,37,627.0
4015.0,37,500.0,7.246376811594203,4.068587931885915,16,239.0,0.1923600027635572,21,443.0,0.16778841777492393,37,682.0
4020.0,31,434.0,6.477611940298507,4.729498495359722,10,213.0,0.3447496922700505,21,473.0,0.1109928492973287,31,686.0
4025.0,20,293.0,4.578125,5.537269638748297,7,194.0,0.37616586629585735,13,429.0,0.14969836238442974,20,623.0
4030.0,18,235.0,3.6153846153846154,5.287975210772576,7,183.0,0.3334801897227737,11,431.0,0.10230552391468618,18,614.0
4035.0,28,302.0,4.7936507936507935,4.969605228253074,12,206.0,0.32318362554017854,16,425.0,0.20480677515721069,28,631.0
4040.0,32,390.0,6.190476190476191,4.053150745567266,16,242.0,0.2292543125273577,16,438.0,0.2698034420214419,32,680.0
4045.0,20,411.0,6.523809523809524,5.455469736814797,11,243.0,0.3077014685656781,9,358.0,0.3144535711918058,20,601.0
4050.0,18,257.0,3.953846153846154,5.822776796036837,10,189.0,0.411741976038887,8,291.0,0.1877316328357929,18,480.0
4055.0,23,220.0,3.283582089552239,5.859465320089923,9,154.0,0.39922188255756,14,265.0,0.20030711294760026,23,419.0
4060.0,24,194.0,3.0793650793650795,4.7849373010429295,12,176.0,0.3205312753936842,12,251.0,0.28848230401365493,24,427.0
4065.0,26,308.0,4.888888888888889,5.364673503710787,14,237.0,0.30792906394794367,12,268.0,0.3693147692522278,26,505.0
4070.0,29,312.0,4.7272727272727275,4.1301268924972785,19,274.0,0.20906463733467226,10,244.0,0.31686643820401283,29,518.0
4075.0,23,292.0,4.424242424242424,5.586868715912468,16,276.0,0.23922114884927673,7,185.0,0.4008072835360829,23,461.0
4080.0,24,353.0,5.268656716417911,4.807387743393166,16,302.0,0.187277000537218,8,207.0,0.21749851138169904,24,509.0
4085.0,36,425.0,6.159420289855072,4.798283718009346,19,333.0,0.17415996859549915,17,271.0,0.2397675412787751,36,604.0
4090.0,29,434.0,6.676923076923077,4.635396401518018,17,357.0,0.17974575970168105,12,287.0,0.324712648975998,29,644.0
4095.0,26,436.0,7.032258064516129,5.031523221519439,18,366.0,0.1770267164889062,8,290.0,0.4550557031214957,26,656.0
4100.0,30,354.0,5.205882352941177,4.2967285121444805,21,413.0,0.1619796792952839,9,231.0,0.3304489272852928,30,644.0
4105.0,34,465.0,6.739130434782608,5.1104455071322095,20,458.0,0.27878183156288533,14,220.0,0.3106907925759897,34,678.0
4110.0,32,386.0,5.361111111111111,4.824419056507162,19,485.0,0.28493541407503703,13,189.0,0.30374357407655483,32,674.0
4115.0,27,359.0,4.986111111111111,5.508087441240007,14,445.0,0.28723028374271586,13,162.0,0.3414572921264294,27,607.0
4120.0,26,360.0,5.217391304347826,4.3895777438451145,14,427.0,0.24390001446532814,12,193.0,0.20102866797341087,26,620.0
4125.0,36,387.0,5.375,4.706001613238006,19,410.0,0.22048400074979918,17,252.0,0.23015661388938619,36,662.0
4130.0,32,412.0,5.802816901408451,4.27186855204596,18,456.0,0.18468385471825682,14,259.0,0.30564403465465995,32,715.0
4135.0,23,313.0,4.347222222222222,5.000726327324752,17,476.0,0.2310851595176616,6,198.0,0.2898129228296245,23,674.0
4140.0,23,388.0,5.705882352941177,6.062727030733295,17,524.0,0.308101351757188,6,192.0,0.3431281863097688,23,716.0
4145.0,29,453.0,6.661764705882353,5.001321042159789,17,551.0,0.2526867321477681,12,199.0,0.18949426509051576,29,750.0
4150.0,30,530.0,8.412698412698413,4.201551731136386,17,554.0,0.24185952006232792,13,207.0,0.19692907459502154,30,761.0
4155.0,29,612.0,9.870967741935484,4.1007243992121625,18,624.0,0.1964181821796259,11,170.0,0.24035628963698424,29,794.0
4160.0,26,657.0,10.95,5.042113306726476,18,675.0,0.21268818396296774,8,181.0,0.2849215912564055,26,856.0
4165.0,28,605.0,10.431034482758621,4.724068987769509,16,672.0,0.1607792711218721,12,177.0,0.18530377215779553,28,849.0
4170.0,28,635.0,11.339285714285714,4.448565967187806,20,678.0,0.17174721512794697,8,168.0,0.31196935137975335,28,846.0
4175.0,28,730.0,12.807017543859649,5.314093086554732,18,721.0,0.2937134864873642,10,175.0,0.3265342951635346,28,896.0
4180.0,23,745.0,13.303571428571429,5.014742248693509,16,744.0,0.24016911757103412,7,170.0,0.4367111117168279,23,914.0
4185.0,25,662.0,11.614035087719298,5.1214068492914295,20,732.0,0.223812912902275,5,133.0,0.4236437054012911,25,865.0
4190.0,27,371.0,6.288135593220339,4.624032795920691,21,627.0,0.17573344512026332,6,140.0,0.3549706917355731,27,767.0
4195.0,28,390.0,6.09375,4.408282591917358,20,574.0,0.20988440800969937,8,157.0,0.2824110626543225,28,731.0
4200.0,26,308.0,4.8125,4.51184110124633,18,602.0,0.24338895955594453,8,136.0,0.39708285689276934,26,738.0
4205.0,21,237.0,3.761904761904762,4.524026456330508,12,554.0,0.20112640169282278,9,135.0,0.3910988149708112,21,689.0
4210.0,20,221.0,3.4,4.0294060736067285,12,525.0,0.1985088310178345,8,124.0,0.25438495211230816,20,649.0
4215.0,22,262.0,3.742857142857143,4.189055021481895,17,483.0,0.15328106994701357,5,99.0,0.2173293518027813,22,582.0
4220.0,26,282.0,4.208955223880597,4.605598272537373,20,520.0,0.18543431631713034,6,87.0,0.33296778244293496,26,607.0
4225.0,23,301.0,4.5606060606060606,5.246930916118241,16,516.0,0.2885063751542803,7,67.0,0.2192100769418199,23,583.0
4230.0,23,356.0,5.313432835820896,4.175987040211837,17,541.0,0.2054883975856421,6,84.0,0.3050323195261532,23,625.0
4235.0,26,424.0,6.235294117647059,4.933771552071541,21,575.0,0.20934396667398195,5,81.0,0.4504608120800363,26,656.0
4240.0,28,504.0,7.098591549295775,4.749033101444632,24,628.0,0.1505235411587267,4,78.0,0.5139207383835053,28,706.0
4245.0,30,581.0,8.183098591549296,5.101619716955199,20,644.0,0.21821613237234588,10,118.0,0.3303611518596216,30,762.0
4250.0,31,482.0,6.694444444444445,3.961739192424923,18,587.0,0.22100725543188632,13,174.0,0.22210315238145398,31,761.0
4255.0,36,424.0,5.435897435897436,3.8703945788338796,23,476.0,0.1407746672301141,13,218.0,0.27833968206605564,36,694.0
4260.0,34,462.0,5.848101265822785,4.800209770543439,24,545.0,0.15506735229711688,10,212.0,0.43981293804739513,34,757.0
4265.0,33,467.0,5.626506024096385,5.252574615357115,25,606.0,0.20440161678599436,8,197.0,0.4003049434264791,33,803.0
4270.0,38,417.0,5.085365853658536,4.606746739755932,24,610.0,0.24100699037709594,14,192.0,0.27581420624329706,38,802.0
4275.0,44,554.0,6.7560975609756095,4.1598469915745175,28,647.0,0.2104019035605456,16,245.0,0.2713851748687049,44,892.0
4280.0,49,668.0,7.9523809523809526,3.603773641197741,29,712.0,0.19751814713709454,20,313.0,0.16678507999889258,49,1025.0
4285.0,42,573.0,6.662790697674419,4.073795856220632,24,688.0,0.20290618932719248,18,362.0,0.23144326749275176,42,1050.0
4290.0,33,594.0,6.988235294117647,4.475374710429057,21,660.0,0.13599094756405786,12,348.0,0.29500462423557583,33,1008.0
4295.0,30,519.0,6.407407407407407,4.890562867346263,21,661.0,0.1278460231525805,9,275.0,0.33884677277550995,30,936.0
4300.0,36,527.0,6.5875,4.291746100145389,22,699.0,0.08750200939985542,14,276.0,0.282930580984703,36,975.0
4305.0,41,608.0,7.794871794871795,3.4128929132985877,25,775.0,0.1338745673191719,16,313.0,0.2171651949682286,41,1088.0
4310.0,40,739.0,9.986486486486486,3.5479885194840812,27,855.0,0.11447565877637975,13,308.0,0.2400862215913064,40,1163.0
4315.0,38,764.0,10.052631578947368,3.6107507026765155,25,907.0,0.08323718470987915,13,319.0,0.24144294307997916,38,1226.0
4320.0,36,721.0,9.126582278481013,4.574448160153854,19,890.0,0.17946977189300528,17,302.0,0.20400330321057344,36,1192.0
4325.0,35,671.0,9.067567567567568,4.095474739927093,16,832.0,0.24204386854398163,19,342.0,0.15383564713952458,35,1174.0
4330.0,29,483.0,6.708333333333333,4.336708025782368,16,751.0,0.18701564236107093,13,353.0,0.23412693660814768,29,1104.0
4335.0,26,369.0,5.271428571428571,4.117001115964193,16,767.0,0.10159848290689356,10,324.0,0.3432207692048002,26,1091.0
4340.0,25,345.0,4.726027397260274,4.449270973117047,13,737.0,0.16395126771723048,12,290.0,0.2541149684787228,25,1027.0
4345.0,31,262.0,3.6901408450704225,4.640595713441537,16,714.0,0.23101514570776469,15,291.0,0.28163823831636714,31,1005.0
4350.0,36,369.0,5.125,4.823359521719799,18,666.0,0.30051265358272017,18,347.0,0.20306325975810072,36,1013.0
4355.0,37,462.0,6.328767123287672,4.1798318639396586,20,676.0,0.2564044912653672,17,394.0,0.20098431554216895,37,1070.0
4360.0,31,452.0,6.277777777777778,4.902602633373141,18,615.0,0.2673781152815244,13,385.0,0.2662547252145474,31,1000.0
4365.0,30,472.0,6.555555555555555,4.277482616647891,20,651.0,0.20627514720990958,10,377.0,0.2766030178802559,30,1028.0
4370.0,39,604.0,8.507042253521126,3.8708988455808373,25,738.0,0.1357920966071865,14,372.0,0.2720432765092198,39,1110.0
4375.0,42,548.0,7.71830985915493,3.8444330132525164,26,769.0,0.12327012923778538,16,318.0,0.27055019234276456,42,1087.0
4380.0,34,405.0,5.785714285714286,4.0658062421144265,17,718.0,0.1592775436157057,17,301.0,0.22221411166194607,34,1019.0
4385.0,28,354.0,5.2835820895522385,3.7919193849192725,11,706.0,0.2086179249948828,17,330.0,0.18481714150512785,28,1036.0
4390.0,25,313.0,4.536231884057971,5.035797195875993,14,690.0,0.12344311483879443,11,296.0,0.31525773777744653,25,986.0
4395.0,26,300.0,4.411764705882353,4.957524471108611,17,701.0,0.07434170560942009,9,275.0,0.35956966089660003,26,976.0
4400.0,24,356.0,5.313432835820896,5.400330873103556,10,640.0,0.2049069766479345,14,286.0,0.3334711492010572,24,926.0
4405.0,25,331.0,5.015151515151516,4.886472596004223,7,547.0,0.3248147804432067,18,303.0,0.19921836806761026,25,850.0
4410.0,27,303.0,4.661538461538462,4.980161115649559,9,481.0,0.3098780085426455,18,380.0,0.20946571630835753,27,861.0
4415.0,31,353.0,5.1911764705882355,4.658976278365137,13,483.0,0.24038707236175363,18,402.0,0.22408335508617683,31,885.0
4420.0,18,280.0,4.375,5.087343919009584,8,447.0,0.26603333060898365,10,339.0,0.23902592451818716,18,786.0
4425.0,18,218.0,3.353846153846154,5.122641482807878,9,373.0,0.19477299771937726,9,276.0,0.26719474859457687,18,649.0
4430.0,25,239.0,3.6769230769230767,5.070291878625011,14,281.0,0.19805358315434596,11,239.0,0.2697929394931467,25,520.0
4435.0,27,302.0,5.033333333333333,4.694597037791005,12,257.0,0.25130394287654223,15,251.0,0.2891607954575141,27,508.0
4440.0,20,310.0,5.636363636363637,4.88797909464383,9,255.0,0.29495140790046437,11,221.0,0.25150830315981076,20,476.0
4445.0,22,373.0,6.543859649122807,4.081707385763948,10,249.0,0.16601844553394463,12,231.0,0.15169567495686195,22,480.0
4450.0,33,493.0,8.216666666666667,4.390353809097823,16,313.0,0.20282743095852082,17,274.0,0.18087331234655962,33,587.0
4455.0,26,443.0,7.508474576271187,4.16181800109494,13,282.0,0.28847797959866567,13,290.0,0.21900864923234586,26,572.0
4460.0,23,486.0,8.23728813559322,5.291014419276998,12,271.0,0.2614138720159182,11,284.0,0.3509797994151551,23,555.0
4465.0,26,363.0,5.854838709677419,4.6385215468027745,16,274.0,0.1634289934426247,10,225.0,0.3209836893358945,26,499.0
4470.0,19,349.0,5.369230769230769,5.981185541618596,7,213.0,0.28158072150047936,12,200.0,0.32525261284731133,19,413.0
4475.0,19,179.0,2.9833333333333334,5.697298369209671,5,122.0,0.40677834992133866,14,213.0,0.24542833068003644,19,335.0
4480.0,22,194.0,3.129032258064516,6.1901011607001735,8,92.0,0.3916498436457885,14,217.0,0.29423779426564467,22,309.0
4485.0,26,223.0,3.6557377049180326,4.4858984662146195,12,127.0,0.29772860979728416,14,228.0,0.23582543319352278,26,355.0
4490.0,27,310.0,5.166666666666667,4.92995144658765,13,181.0,0.32762425636386416,14,240.0,0.25875723135527656,27,421.0
4495.0,28,363.0,6.1525423728813555,4.216819374463259,12,198.0,0.23360681008676007,16,296.0,0.2683096145336367,28,494.0
4500.0,22,393.0,6.55,5.08081514369969,8,176.0,0.28907600221413854,14,333.0,0.24818705411154163,22,509.0
4505.0,23,305.0,4.919354838709677,4.951096686568823,8,154.0,0.25814717940520976,15,331.0,0.205834130460931,23,485.0
4510.0,27,353.0,6.086206896551724,5.071542165261663,12,184.0,0.24255963316688614,15,301.0,0.21521558901168691,27,485.0
4515.0,25,303.0,5.224137931034483,4.555335198148412,11,214.0,0.2655893039749123,14,295.0,0.18227597418371386,25,509.0
4520.0,19,345.0,6.052631578947368,5.554077895084226,5,194.0,0.361468566822586,14,271.0,0.22236049403956556,19,465.0
4525.0,17,192.0,3.4909090909090907,5.840840160831106,5,146.0,0.4334384473295161,12,266.0,0.20045431976026473,17,412.0
4530.0,18,180.0,3.2142857142857144,5.948681941800193,9,92.0,0.30374543908854473,9,215.0,0.2759046330406401,18,307.0
4535.0,21,204.0,3.709090909090909,5.071749037567114,9,103.0,0.1236198172967314,12,227.0,0.29443183268881506,21,330.0
4540.0,16,204.0,3.849056603773585,6.450704813315385,6,95.0,0.29817251502548847,10,240.0,0.33637794622339345,16,335.0
4545.0,14,193.0,4.195652173913044,5.860356337191326,3,87.0,0.5517083698199851,11,246.0,0.19950807630735784,14,333.0
4550.0,18,164.0,3.5652173913043477,4.538991697934409,4,52.0,0.38476376869022816,14,223.0,0.12526480047649893,18,275.0
4555.0,21,192.0,4.173913043478261,4.566891943730704,9,85.0,0.3590029476310043,12,228.0,0.19844331853702513,21,313.0
4560.0,17,208.0,4.521739130434782,5.5408932702232825,7,102.0,0.3174873696529445,10,202.0,0.26387709426415806,17,304.0
4565.0,12,188.0,4.2727272727272725,7.00760469419022,3,74.0,0.47273802733106435,9,186.0,0.2405823418239963,12,260.0
4570.0,11,186.0,4.428571428571429,7.943995301642644,5,73.0,0.5180520197141267,6,165.0,0.2779012501812765,11,238.0
4575.0,10,152.0,4.3428571428571425,6.9053300634035155,4,92.0,0.41499879086166686,6,140.0,0.27314343603728963,10,232.0
4580.0,11,171.0,5.029411764705882,6.810572353547103,5,103.0,0.3019596576777311,6,122.0,0.4232776947499936,11,225.0
4585.0,7,53.0,1.4722222222222223,7.177153154944916,2,45.0,0.4302130754594018,5,107.0,0.4631664845233442,7,152.0
4590.0,9,74.0,2.0,7.929629531541888,3,20.0,0.5229105652393261,6,98.0,0.5158233731389045,9,118.0
4595.0,7,77.0,2.026315789473684,7.543494400008278,3,32.0,0.5837725383393948,4,87.0,0.41842644113387273,7,119.0
4600.0,11,106.0,2.65,7.009412587440465,3,29.0,0.6123394958351136,8,83.0,0.30300685174112996,11,112.0
4605.0,14,130.0,3.3333333333333335,5.685742256767767,5,51.0,0.4756279118071408,9,102.0,0.30252795189633713,14,153.0
4610.0,16,163.0,3.975609756097561,4.855138905291243,5,60.0,0.38028431679945773,11,138.0,0.2839995692633044,16,198.0
4615.0,11,106.0,2.5238095238095237,5.5165670484973575,3,36.0,0.4339528853092371,8,125.0,0.26367683117173063,11,161.0
4620.0,12,130.0,2.888888888888889,7.065620626367062,4,41.0,0.5157608164615625,8,96.0,0.3264936430643055,12,137.0
4625.0,9,126.0,2.739130434782609,7.703878434786512,4,58.0,0.35041520872308035,5,83.0,0.3987821476320852,9,141.0
4630.0,11,159.0,3.382978723404255,8.203713932067194,4,64.0,0.3950358792640645,7,102.0,0.429347655987493,11,166.0
4635.0,12,161.0,4.025,7.621031867610552,6,88.0,0.5032925212722866,6,112.0,0.3344534002505809,12,200.0
4640.0,11,171.0,4.885714285714286,6.502140231653144,4,101.0,0.537188173206399,7,88.0,0.23605379953334046,11,189.0
4645.0,13,165.0,4.583333333333333,5.0012959179086955,6,114.0,0.43486581708703187,7,82.0,0.07285980454752705,13,196.0
4650.0,14,214.0,5.944444444444445,5.71047432637874,6,143.0,0.4754292710604934,8,89.0,0.09506177224971088,14,232.0
4655.0,8,191.0,4.897435897435898,7.050784335904239,4,115.0,0.5288284003720782,4,84.0,0.3696131770260244,8,199.0
4660.0,11,224.0,5.894736842105263,7.797804450950152,8,141.0,0.4839458469054885,3,54.0,0.6153111644238735,11,195.0
4665.0,10,153.0,3.731707317073171,5.9374189566039,7,80.0,0.34989303218668333,3,66.0,0.44663648847931087,10,146.0
4670.0,16,179.0,4.162790697674419,5.9485626348995035,13,112.0,0.29649853783488817,3,60.0,0.4773059876348682,16,172.0
4675.0,18,218.0,4.739130434782608,5.728692319955359,12,152.0,0.353273493452197,6,63.0,0.4456988364906472,18,215.0
4680.0,15,186.0,3.576923076923077,5.614589881712869,10,145.0,0.3182885990789956,5,48.0,0.4064736233955309,15,193.0
4685.0,18,227.0,4.127272727272727,5.830983557285972,12,180.0,0.30321192558738486,6,61.0,0.40384628653176513,18,241.0
4690.0,20,253.0,4.288135593220339,6.039085593162813,14,214.0,0.35478971786666375,6,67.0,0.37276584705689486,20,281.0
4695.0,22,298.0,5.228070175438597,5.837082488077561,16,262.0,0.3025217342194418,6,62.0,0.4626929395472195,22,324.0
4700.0,25,348.0,6.105263157894737,4.8687357167666585,18,317.0,0.21242804880370947,7,60.0,0.3302039577333222,25,377.0
4705.0,31,281.0,4.257575757575758,4.468688314082356,21,318.0,0.1857290785253516,10,81.0,0.31014427403651856,31,399.0
4710.0,29,352.0,5.253731343283582,5.697121610919955,19,326.0,0.2920234513680943,10,116.0,0.4134915486077288,29,442.0
4715.0,28,339.0,5.136363636363637,5.429062222817325,17,345.0,0.314793653068088,11,132.0,0.47898127831901927,28,477.0
4720.0,23,254.0,3.735294117647059,4.665511404512523,14,295.0,0.2842817433395524,9,135.0,0.3544143853038943,23,430.0
4725.0,23,230.0,3.2857142857142856,4.334080940925137,15,302.0,0.23813197392535188,8,113.0,0.2606434110952949,23,415.0
4730.0,25,197.0,2.8142857142857145,4.553891481377837,17,304.0,0.2294850980977097,8,129.0,0.25450690805284776,25,433.0
4735.0,31,297.0,4.125,5.009882712759173,17,333.0,0.2329162846278442,14,167.0,0.25930482604641913,31,500.0
4740.0,28,362.0,5.484848484848484,4.570139579389594,15,312.0,0.19585178800320494,13,221.0,0.2583092999768675,28,533.0
4745.0,28,449.0,6.907692307692308,4.6583685559657155,17,349.0,0.18990710246330744,11,244.0,0.2642521861509744,28,593.0
4750.0,28,463.0,7.123076923076923,4.345147531434807,17,409.0,0.16759332763551113,11,224.0,0.19207094192230245,28,633.0
4755.0,30,461.0,7.317460317460317,4.259871600334919,18,420.0,0.12637954262859108,12,220.0,0.3246728467607669,30,640.0
4760.0,31,482.0,7.774193548387097,4.699087937563693,22,447.0,0.10267006738226848,9,190.0,0.42824151964018714,31,637.0
4765.0,30,530.0,8.153846153846153,4.574835626432319,20,502.0,0.1604532650774482,10,158.0,0.40893608342006554,30,660.0
4770.0,21,419.0,6.650793650793651,5.278216638632328,11,485.0,0.2791471629623356,10,158.0,0.3412249935861087,21,643.0
4775.0,21,381.0,6.145161290322581,5.131391343227005,9,443.0,0.31562524690364024,12,175.0,0.23114776030251635,21,618.0
4780.0,28,266.0,4.222222222222222,4.0558260876495,14,378.0,0.26967555857712955,14,192.0,0.12192972243792609,28,570.0
4785.0,27,309.0,5.065573770491803,3.1732366249687516,16,408.0,0.12251797451380647,11,175.0,0.24989980596281827,27,583.0
4790.0,25,347.0,5.88135593220339,4.535853437986858,14,406.0,0.1926127145697103,11,208.0,0.3093906529023982,25,614.0
4795.0,22,407.0,6.898305084745763,5.271952312586901,11,424.0,0.2581091450221597,11,226.0,0.27756424025032866,22,650.0
4800.0,21,426.0,7.220338983050848,4.926574568721787,11,413.0,0.2828430938187579,10,249.0,0.17705057691694479,21,662.0
4805.0,29,534.0,9.535714285714286,4.202256036094599,17,423.0,0.21325953291300934,12,276.0,0.23989082555715965,29,699.0
4810.0,29,572.0,9.694915254237289,4.349550397971282,18,480.0,0.17181163868161764,11,279.0,0.3096931000727261,29,759.0
4815.0,17,553.0,9.53448275862069,5.931145005316404,10,491.0,0.19487441808875644,7,235.0,0.4236327704471886,17,726.0
4820.0,16,394.0,6.912280701754386,6.13436047750216,9,453.0,0.23814335986492133,7,191.0,0.36903167939992887,16,644.0
4825.0,25,186.0,3.263157894736842,5.191138941588673,14,362.0,0.2464208735365398,11,135.0,0.2624573210321888,25,497.0
4830.0,23,224.0,4.392156862745098,4.118662317523404,13,399.0,0.2919404050683177,10,140.0,0.26705103002369435,23,539.0
4835.0,25,317.0,5.981132075471698,4.678718364635501,15,457.0,0.25946174842789416,10,169.0,0.3428307402133376,25,626.0
4840.0,25,307.0,5.581818181818182,4.197436895617107,15,483.0,0.25502160984507777,10,168.0,0.2907962960561201,25,651.0
4845.0,18,273.0,4.7894736842105265,4.9290286355478985,8,440.0,0.14198253454714707,10,146.0,0.31824811813883247,18,586.0
4850.0,18,277.0,4.775862068965517,5.201453163008884,7,379.0,0.1934563179528677,11,160.0,0.2202300213754273,18,539.0
4855.0,23,324.0,5.491525423728813,5.317650662532738,12,286.0,0.23863560596713754,11,173.0,0.20973554455783677,23,459.0
4860.0,23,368.0,6.6909090909090905,4.543468554715287,13,294.0,0.2943738626823069,10,198.0,0.2540943206543502,23,492.0
4865.0,16,355.0,6.228070175438597,4.803787116966353,6,271.0,0.3326957595045817,10,200.0,0.23901114202420504,16,471.0
4870.0,20,225.0,3.629032258064516,5.217829996582242,7,130.0,0.4294495662571503,13,242.0,0.1709792308790756,20,372.0
4875.0,20,292.0,4.5625,5.589147496301295,8,122.0,0.36952289124857063,12,295.0,0.28615208890437854,20,417.0
4880.0,25,294.0,4.388059701492537,5.041966165364414,16,186.0,0.336253893664202,9,284.0,0.2901276639810209,25,470.0
4885.0,27,347.0,5.338461538461538,4.524129760861664,17,237.0,0.26972444819092,10,245.0,0.24708001749158923,27,482.0
4890.0,27,385.0,6.015625,4.910472110024784,14,243.0,0.2527331042956615,13,273.0,0.22998370899057485,27,516.0
4895.0,24,334.0,5.138461538461539,4.915305721956362,12,211.0,0.22751673609837536,12,292.0,0.21133011884062247,24,503.0
4900.0,24,353.0,5.603174603174603,5.27026654398373,13,241.0,0.3189884671392443,11,301.0,0.26614845985172136,24,542.0
4905.0,28,388.0,6.0625,4.528970469213018,15,243.0,0.26262652673377374,13,326.0,0.2923371107896726,28,569.0
4910.0,32,450.0,6.818181818181818,4.728954648728709,18,286.0,0.2701501528616369,14,365.0,0.3117935191174269,32,651.0
4915.0,30,467.0,6.970149253731344,4.192646525629182,18,323.0,0.18314591068630146,12,363.0,0.3395761813301901,30,686.0
4920.0,30,382.0,5.305555555555555,4.6103710140333725,19,348.0,0.2318034923418754,11,307.0,0.2957657201025271,30,655.0
4925.0,36,434.0,5.7105263157894735,4.645402868287733,19,379.0,0.2824851255185957,17,282.0,0.3087948432069889,36,661.0
4930.0,30,395.0,4.9375,5.087622490221927,15,336.0,0.2977229225573889,15,328.0,0.3480963889694403,30,664.0
4935.0,25,462.0,5.566265060240964,5.629679509720721,14,311.0,0.3269408444164659,11,352.0,0.31579570961128745,25,663.0
4940.0,29,445.0,5.426829268292683,5.2718381899077436,16,321.0,0.296205988787554,13,328.0,0.24964567536860632,29,649.0
4945.0,43,446.0,5.575,4.040522713128484,23,381.0,0.17456047533061464,20,306.0,0.19902384702483694,43,687.0
4950.0,39,486.0,6.394736842105263,3.138660172068999,21,393.0,0.18458974574254566,18,360.0,0.1739253590465531,39,753.0
4955.0,38,559.0,7.355263157894737,3.7825017511086947,24,437.0,0.1509309407830057,14,391.0,0.2302607324991344,38,828.0
4960.0,37,563.0,7.608108108108108,3.7264498195136846,26,499.0,0.10814963605970761,11,405.0,0.2602852583282432,37,904.0
4965.0,42,640.0,8.10126582278481,4.239260472966251,26,534.0,0.1595178488368629,16,413.0,0.2270859689575865,42,947.0
4970.0,42,544.0,6.9743589743589745,3.801609089708451,23,565.0,0.22339647423195153,19,391.0,0.21406875027723726,42,956.0
4975.0,37,467.0,5.8375,4.628075911767451,16,510.0,0.2943001521607344,21,379.0,0.22424733517833864,37,889.0
4980.0,32,455.0,5.617283950617284,4.261912963072,13,513.0,0.24633244969000023,19,429.0,0.2159804644876723,32,942.0
4985.0,30,355.0,4.226190476190476,4.588713861602994,18,512.0,0.16952230791192013,12,425.0,0.3004681297200226,30,937.0
4990.0,32,444.0,5.285714285714286,4.90851624894859,22,542.0,0.171902908280406,10,407.0,0.36900178930756294,32,949.0
4995.0,33,461.0,5.554216867469879,4.664213150017026,20,520.0,0.17378699125234293,13,363.0,0.2598780890742639,33,883.0
5000.0,34,492.0,5.788235294117647,4.918178350932054,16,520.0,0.23427765563384567,18,304.0,0.2612332799492149,34,824.0
5005.0,35,592.0,7.219512195121951,4.655585048896663,17,535.0,0.22443026145619935,18,341.0,0.2695616409538388,35,876.0
5010.0,32,662.0,8.275,4.948718265903898,20,557.0,0.16381648288365352,12,344.0,0.34213135599290856,32,901.0
5015.0,30,558.0,7.342105263157895,4.367229470744888,20,565.0,0.12000539957754862,10,318.0,0.3195826103023027,30,883.0
5020.0,43,732.0,9.265822784810126,3.865088810771991,24,587.0,0.14562999426464385,19,344.0,0.229094733576304,43,931.0
5025.0,45,858.0,10.860759493670885,3.4188886395825677,21,650.0,0.15891933279142906,24,421.0,0.24316456638050749,45,1071.0
5030.0,30,858.0,11.0,4.717780929809733,12,643.0,0.22503052100073542,18,479.0,0.28436197058805984,30,1122.0
5035.0,28,628.0,7.476190476190476,4.621233809830717,11,528.0,0.18695209154899045,17,466.0,0.2786930298375585,28,994.0
5040.0,34,434.0,5.046511627906977,4.600719303846778,13,444.0,0.2286313172049651,21,474.0,0.20644905929598717,34,918.0
5045.0,38,528.0,6.1395348837209305,4.4760261549873075,15,469.0,0.2695978667148146,23,550.0,0.22804090770988128,38,1019.0
5050.0,37,649.0,7.914634146341464,4.387550898874724,9,430.0,0.31887628410944663,28,643.0,0.17347941218189109,37,1073.0
5055.0,45,675.0,8.544303797468354,3.6697325018027462,13,403.0,0.3184150478168917,32,675.0,0.10666447590088128,45,1078.0
5060.0,45,674.0,8.21951219512195,3.8709445131707563,16,350.0,0.29619355498156763,29,674.0,0.09116053684464542,45,1024.0
5065.0,41,625.0,7.8125,3.390755980565487,19,391.0,0.2322963765802446,22,732.0,0.13483813045968623,41,1123.0
5070.0,41,635.0,8.246753246753247,3.5938350796512157,23,443.0,0.17877832615907469,18,708.0,0.19150529791482462,41,1151.0
5075.0,39,619.0,7.935897435897436,3.415013560974189,21,493.0,0.16296401426067064,18,682.0,0.2163942317301925,39,1175.0
5080.0,33,529.0,6.69620253164557,4.281683005848468,15,517.0,0.2493495932150191,18,642.0,0.17303171755625427,33,1159.0
5085.0,37,502.0,6.435897435897436,3.7160692538726594,15,499.0,0.2913328457874438,22,696.0,0.11031828835163865,37,1195.0
5090.0,36,460.0,5.822784810126582,3.653594515926283,17,501.0,0.16121269471840077,19,718.0,0.20245947572780126,36,1219.0
5095.0,41,481.0,6.246753246753247,3.2703198200364243,21,542.0,0.1297165379775043,20,726.0,0.21883962806260596,41,1268.0
5100.0,43,544.0,6.9743589743589745,3.566477414307961,24,621.0,0.13195503863420818,19,680.0,0.21632313866434372,43,1301.0
5105.0,42,602.0,7.921052631578948,3.5800818616563883,23,666.0,0.15393528724471045,19,729.0,0.20913651964837082,42,1395.0
5110.0,36,566.0,7.1645569620253164,3.841476117262137,15,619.0,0.21797078265557393,21,738.0,0.15011221129573155,36,1357.0
5115.0,35,457.0,5.6419753086419755,3.4840081165582166,12,578.0,0.285035492532367,23,728.0,0.06804782277795565,35,1306.0
5120.0,40,502.0,6.197530864197531,3.909024334534284,14,522.0,0.26509020430911806,26,716.0,0.15366700582994042,40,1238.0
5125.0,39,553.0,6.7439024390243905,3.593767623861185,17,520.0,0.22547161006385258,22,747.0,0.19369661320217862,39,1267.0
5130.0,33,443.0,5.402439024390244,3.418943357698556,17,455.0,0.15477580587879963,16,671.0,0.13793072289748864,33,1126.0
5135.0,31,496.0,6.2784810126582276,4.152646452671223,16,455.0,0.1782002795071551,15,668.0,0.15252747265464803,31,1123.0
5140.0,29,328.0,4.205128205128205,4.630977503717061,13,413.0,0.21515464804675105,16,598.0,0.17226888508842642,29,1011.0
5145.0,32,394.0,5.324324324324325,4.468353042223979,13,358.0,0.251451494396714,19,617.0,0.17369557407897254,32,975.0
5150.0,36,472.0,6.9411764705882355,3.1729670028089183,17,378.0,0.18348836489978218,19,633.0,0.2077207129131969,36,1011.0
5155.0,35,481.0,6.774647887323944,3.4501899279126573,20,413.0,0.15111273354122942,15,561.0,0.2033512018270157,35,974.0
5160.0,33,419.0,5.985714285714286,2.8918988286377902,21,468.0,0.06477990495929989,12,530.0,0.20759919619292913,33,998.0
5165.0,32,376.0,5.222222222222222,4.352048077586776,15,478.0,0.18771285326625473,17,447.0,0.17809685933872998,32,925.0
5170.0,30,359.0,4.851351351351352,4.281523127422158,11,473.0,0.23813266844537356,19,463.0,0.1412802277929302,30,936.0
5175.0,28,393.0,5.3108108108108105,5.022903203991664,15,470.0,0.2062703236034535,13,450.0,0.26890261067477883,28,920.0
5180.0,29,420.0,6.0,4.713505759667219,18,504.0,0.14442442188400656,11,408.0,0.3365006902255387,29,912.0
5185.0,24,339.0,4.774647887323944,5.086825547578073,11,468.0,0.24845537613918767,13,400.0,0.25172722061887187,24,868.0
5190.0,29,373.0,5.485294117647059,4.07972752938947,10,431.0,0.301246252795542,19,441.0,0.1060018508158894,29,872.0
5195.0,29,398.0,5.852941176470588,4.4804474645340795,14,364.0,0.25004924321164274,15,456.0,0.17195793933896272,29,820.0
5200.0,29,378.0,5.7272727272727275,4.643579447555029,15,378.0,0.2246493869396917,14,426.0,0.2562968464961279,29,804.0
5205.0,29,462.0,7.0,4.798748083250762,11,347.0,0.26813887016001714,18,458.0,0.18428986225854938,29,805.0
5210.0,29,510.0,7.846153846153846,4.3794807854270985,9,330.0,0.3965399164148864,20,476.0,0.08754708568630731,29,806.0
5215.0,31,560.0,8.0,4.816965608618057,12,362.0,0.3536929057299391,19,454.0,0.20560103373037036,31,816.0
5220.0,26,391.0,5.585714285714285,4.751303892788403,13,274.0,0.34050843963083566,13,471.0,0.3141146703357011,26,745.0
5225.0,29,393.0,5.24,4.984740317671002,18,218.0,0.17834092655363243,11,430.0,0.37473571543047235,29,648.0
5230.0,33,344.0,4.467532467532467,4.578674489519972,18,270.0,0.08362491649896303,15,401.0,0.3608385507087217,33,671.0
5235.0,30,287.0,3.727272727272727,5.020906393338836,11,280.0,0.18576541422615353,19,395.0,0.3031437738320235,30,675.0
5240.0,32,392.0,5.36986301369863,4.907745354712518,8,270.0,0.3686877845214188,24,444.0,0.18826855289470038,32,714.0
5245.0,35,332.0,4.5479452054794525,4.192895997168417,7,177.0,0.29433507991852487,28,475.0,0.10816336131928601,35,652.0
5250.0,36,403.0,5.757142857142857,3.778034628759966,11,161.0,0.25257794285128715,25,533.0,0.1263586709683567,36,694.0
5255.0,28,399.0,5.7,4.252272856857711,10,182.0,0.2978906366095346,18,530.0,0.15187124010882358,28,712.0
5260.0,26,391.0,5.507042253521127,5.20977539726545,6,170.0,0.4192388904856197,20,554.0,0.14361419893186317,26,724.0
5265.0,23,293.0,4.126760563380282,5.752944747600628,3,119.0,0.39475020297044616,20,557.0,0.1435821897440578,23,676.0
5270.0,30,356.0,5.393939393939394,5.668924699659486,9,104.0,0.3996132769540789,21,594.0,0.18223877194900795,30,698.0
5275.0,31,344.0,5.548387096774194,4.7943890069408015,8,84.0,0.37613208433115497,23,618.0,0.16609778699116434,31,702.0
5280.0,30,459.0,7.403225806451613,4.193818195165532,8,94.0,0.29360332550499213,22,700.0,0.19256026969753337,30,794.0
5285.0,32,532.0,8.866666666666667,4.295869912154668,10,92.0,0.24533366822532898,22,753.0,0.21152131584901887,32,845.0
5290.0,25,539.0,8.836065573770492,4.878608152233529,5,73.0,0.4034030260836842,20,778.0,0.14187712973052605,25,851.0
5295.0,21,420.0,6.5625,5.193018609488664,5,48.0,0.3916276704773577,16,709.0,0.13414661784687645,21,757.0
5300.0,24,404.0,6.622950819672131,5.360256826456516,9,72.0,0.26582387403305074,15,660.0,0.25734481414489996,24,732.0
5305.0,22,256.0,4.19672131147541,5.132744455733619,8,100.0,0.29712526128458083,14,592.0,0.2576124741694355,22,692.0
5310.0,21,256.0,4.571428571428571,5.271411210592839,4,88.0,0.4906425035945426,17,601.0,0.2167977436309819,21,689.0
5315.0,20,274.0,4.9818181818181815,5.246546020067734,5,73.0,0.4281459877562098,15,587.0,0.1659619289517995,20,660.0
5320.0,23,358.0,6.392857142857143,4.74961775656804,7,102.0,0.20885016883027022,16,599.0,0.1967363827393508,23,701.0
5325.0,23,416.0,7.703703703703703,5.234947286409403,8,122.0,0.257687199548919,15,531.0,0.2588702418530317,23,653.0
5330.0,20,373.0,7.46,4.307859782282663,6,129.0,0.35729502960473913,14,494.0,0.14423816038625012,20,623.0
5335.0,26,341.0,6.089285714285714,4.914286261900449,7,75.0,0.4308707312472662,19,462.0,0.12622979317226776,26,537.0
5340.0,23,436.0,6.920634920634921,5.50323627213083,5,87.0,0.5003470717922993,18,489.0,0.17862450758066123,23,576.0
5345.0,22,470.0,8.10344827586207,6.234802731423098,5,89.0,0.5975140866775688,17,492.0,0.27641164930273404,22,581.0
5350.0,21,439.0,7.440677966101695,5.274306756668011,7,76.0,0.4883087451631385,14,496.0,0.2781224460856972,21,572.0
5355.0,26,451.0,7.6440677966101696,4.660757052278891,12,113.0,0.3628458572632832,14,431.0,0.2582210091756948,26,544.0
5360.0,27,555.0,9.568965517241379,4.540855936553092,14,175.0,0.2670166702262755,13,452.0,0.26110676436306596,27,627.0
5365.0,33,609.0,9.98360655737705,4.017614110568922,15,204.0,0.16099887974788374,18,499.0,0.19077543617965864,33,703.0
5370.0,25,594.0,10.241379310344827,4.857623517234396,8,185.0,0.324203370448027,17,540.0,0.16255930836546925,25,725.0
5375.0,23,607.0,11.036363636363637,4.887228192821149,6,169.0,0.31795742137759864,17,568.0,0.14884044968653964,23,737.0
5380.0,26,386.0,7.148148148148148,3.8119075151975315,11,178.0,0.2895472492583566,15,476.0,0.12486117957230652,26,654.0
5385.0,24,279.0,5.072727272727272,4.867949956939418,10,154.0,0.3677130514258863,14,292.0,0.212399058200929,24,446.0
5390.0,22,286.0,5.39622641509434,4.652930474509221,12,181.0,0.2911999643803745,10,276.0,0.25737731400270536,22,457.0
5395.0,18,196.0,3.69811320754717,4.65610416465035,11,186.0,0.15415473847640024,7,208.0,0.3898982766480707,18,394.0
5400.0,15,175.0,3.125,6.130573128683127,8,140.0,0.1985655488477898,7,169.0,0.4512354588875492,15,309.0
5405.0,9,147.0,2.672727272727273,6.494199999991053,4,127.0,0.31251717873430623,5,164.0,0.3721557964508614,9,291.0
5410.0,20,209.0,3.6666666666666665,6.56620212183328,10,135.0,0.3263513080404035,10,175.0,0.3611094383607872,20,310.0
5415.0,18,246.0,4.555555555555555,6.3109826853089634,8,135.0,0.38902080804371425,10,204.0,0.3872949927513343,18,339.0
5420.0,13,260.0,5.416666666666667,6.980014751236525,6,107.0,0.45097613522928376,7,213.0,0.3543312360708657,13,320.0
5425.0,16,164.0,3.28,4.953367214364181,6,80.0,0.21899390060050783,10,189.0,0.24561561176249433,16,269.0
5430.0,22,216.0,4.0754716981132075,5.618421455058633,9,79.0,0.2591901739471685,13,213.0,0.3089093781614554,22,292.0
5435.0,19,154.0,2.9056603773584904,5.467498483725541,7,92.0,0.3554899979715213,12,143.0,0.37170369909179163,19,235.0
5440.0,20,233.0,4.160714285714286,6.463645425236393,7,96.0,0.4506355296049122,13,176.0,0.37144114721705457,20,272.0
5445.0,20,242.0,4.245614035087719,6.047373523444239,7,108.0,0.41069167095722575,13,209.0,0.31260391932397713,20,317.0
5450.0,19,310.0,5.344827586206897,6.5474830599364475,7,134.0,0.43332451715566467,12,219.0,0.3091425555390022,19,353.0
5455.0,24,224.0,4.0,5.052778237825888,10,132.0,0.4292131964207844,14,220.0,0.23649819102425063,24,352.0
5460.0,21,213.0,3.8035714285714284,5.848916980216961,9,111.0,0.3800596405814518,12,173.0,0.32534387549598875,21,284.0
5465.0,23,240.0,4.137931034482759,4.272245441194996,12,136.0,0.22396788537800819,11,208.0,0.278900319027041,23,344.0
5470.0,23,300.0,5.0,5.866539101007152,8,152.0,0.39843700404621374,15,250.0,0.25167322280342685,23,402.0
5475.0,24,311.0,5.098360655737705,4.763330691793191,8,115.0,0.36316851795601446,16,285.0,0.16938620247691147,24,400.0
5480.0,24,381.0,5.861538461538461,5.732374887644412,13,156.0,0.25660560081115164,11,294.0,0.31112615326809656,24,450.0
5485.0,24,260.0,4.0625,5.3925118671384515,14,176.0,0.23099299271330812,10,246.0,0.3360013043610985,24,422.0
5490.0,27,321.0,5.015625,5.406778480660006,12,210.0,0.3169206118001713,15,204.0,0.2770745944642286,27,414.0
5495.0,27,267.0,4.377049180327869,4.525931599991398,11,216.0,0.31800971757717317,16,210.0,0.21595868099775647,27,426.0
5500.0,25,272.0,4.387096774193548,5.130253251453004,11,185.0,0.30724318188638367,14,220.0,0.22591057531260275,25,405.0
5505.0,26,299.0,4.6,5.0081267321787015,11,202.0,0.2978212898472812,15,237.0,0.20413773877616662,26,439.0
5510.0,25,317.0,4.803030303030303,6.147185727911218,16,236.0,0.3076417077026275,9,202.0,0.36433993193005104,25,438.0
5515.0,21,289.0,4.515625,5.468665317349614,14,269.0,0.21715262157252663,7,165.0,0.42016386714276754,21,434.0
5520.0,23,370.0,6.065573770491803,5.5574315335702815,13,309.0,0.33236166959352675,10,150.0,0.31559069113856336,23,459.0
5525.0,24,367.0,5.825396825396825,4.769459693672477,14,327.0,0.3384903596170908,10,175.0,0.1560396214756283,24,502.0
5530.0,26,455.0,7.222222222222222,5.653064501945807,13,346.0,0.3845375666917086,13,209.0,0.2716586789499674,26,555.0
5535.0,27,351.0,5.571428571428571,4.7929962446457015,17,291.0,0.2732342100911447,10,209.0,0.30153235398203365,27,500.0
5540.0,27,321.0,5.262295081967213,4.555274378431134,20,301.0,0.19185568013273163,7,178.0,0.36004962278789443,27,479.0
5545.0,28,309.0,4.983870967741935,3.555038499481492,23,389.0,0.13705661648790188,5,129.0,0.3027916960659637,28,518.0
5550.0,37,457.0,7.253968253968254,4.318899726016793,27,496.0,0.13665246186900173,10,93.0,0.40844560211300807,37,589.0
5555.0,30,480.0,7.5,4.671011792082964,23,559.0,0.1834728913226709,7,99.0,0.4816531629891183,30,658.0
5560.0,19,342.0,5.029411764705882,5.272555049429694,16,537.0,0.16105981019101864,3,68.0,0.4423113002065977,19,605.0
5565.0,20,221.0,3.2028985507246377,5.298575107001904,13,487.0,0.21961672448130187,7,60.0,0.333339138194532,20,547.0
5570.0,28,213.0,3.0,5.5361301671028675,13,411.0,0.28060379665599144,15,113.0,0.243517924152901,28,524.0
5575.0,27,295.0,4.214285714285714,5.238819644377775,15,429.0,0.28825507725072635,12,149.0,0.2823755916759503,27,578.0
5580.0,24,334.0,5.21875,5.394884620986067,14,390.0,0.23443427242298515,10,156.0,0.3236767037821616,24,546.0
5585.0,23,251.0,3.6911764705882355,5.05715682009123,15,368.0,0.17416504615697675,8,147.0,0.2966638101064327,23,515.0
5590.0,28,283.0,4.101449275362318,5.230623441733474,18,348.0,0.20526227099010505,10,138.0,0.24245683115450797,28,486.0
5595.0,28,346.0,5.40625,4.713267188281176,18,389.0,0.2434915311088062,10,167.0,0.38792241262892696,28,556.0
5600.0,22,395.0,6.171875,5.295366188710282,13,388.0,0.3095167595260977,9,183.0,0.34122564039940906,22,571.0
5605.0,24,317.0,4.953125,4.641600311417545,13,365.0,0.2667184884407922,11,169.0,0.23509324642010979,24,534.0
5610.0,29,379.0,5.8307692307692305,5.001980757148534,16,350.0,0.21440239851312612,13,194.0,0.31239862684876163,29,544.0
5615.0,28,384.0,6.095238095238095,3.9732732874055596,19,410.0,0.18353050645472002,9,190.0,0.2794764812580214,28,600.0
5620.0,25,367.0,6.220338983050848,4.484752744585766,16,431.0,0.1803443705526004,9,134.0,0.2853017260405516,25,565.0
5625.0,18,323.0,5.47457627118644,4.477657262022457,11,429.0,0.2518473347982464,7,114.0,0.1284578727324438,18,543.0
5630.0,26,371.0,6.396551724137931,4.626827294551481,15,419.0,0.18385922920391912,11,136.0,0.25404733596782997,26,555.0
5635.0,28,455.0,8.272727272727273,4.031639028870193,21,478.0,0.15896659160752197,7,154.0,0.38341935063550087,28,632.0
5640.0,22,506.0,9.73076923076923,4.186897546390177,16,508.0,0.16148151721660545,6,149.0,0.2593942648123059,22,657.0
5645.0,22,439.0,8.283018867924529,3.8808429211271767,14,496.0,0.15870980001565305,8,131.0,0.07778302516233887,22,627.0
5650.0,24,480.0,8.0,4.744788838895601,17,490.0,0.16563004715056864,7,131.0,0.27713752320847146,24,621.0
5655.0,21,203.0,3.3833333333333333,5.067467926471674,17,414.0,0.23966348540832066,4,69.0,0.4902665653962386,21,483.0
5660.0,23,274.0,4.566666666666666,6.481812216017394,19,375.0,0.331641947125899,4,66.0,0.644927669434189,23,441.0
5665.0,26,305.0,4.919354838709677,5.051706655104509,19,409.0,0.24272594461147112,7,74.0,0.5403405922703413,26,483.0
5670.0,24,255.0,3.984375,4.687559303002431,15,377.0,0.21893749856040182,9,101.0,0.39649445997444005,24,478.0
5675.0,21,182.0,2.716417910447761,4.027941521041745,12,389.0,0.22582619714589264,9,87.0,0.2513370386122222,21,476.0
5680.0,23,210.0,3.088235294117647,5.356601166981097,17,400.0,0.20843183715826843,6,67.0,0.3783767299820888,23,467.0
5685.0,26,280.0,4.375,4.6785061218103685,19,431.0,0.1385519209012882,7,85.0,0.3621542960893266,26,516.0
5690.0,26,338.0,5.2,4.754739709394453,15,402.0,0.16480106590813187,11,123.0,0.20934231550434834,26,525.0
5695.0,24,373.0,6.114754098360656,5.005656852706844,15,408.0,0.2604845771445471,9,133.0,0.13155275596724458,24,541.0
5700.0,27,342.0,5.428571428571429,4.996467299698531,13,345.0,0.30362222199540223,14,169.0,0.1096248541511021,27,514.0
5705.0,23,258.0,4.3,5.3307748527893475,14,311.0,0.3165824060571809,9,176.0,0.29277093954073174,23,487.0
5710.0,19,269.0,4.890909090909091,5.16754148974008,14,356.0,0.1926891465701237,5,121.0,0.4545055402688839,19,477.0
5715.0,20,253.0,4.43859649122807,4.846453875460471,13,367.0,0.12032465663664921,7,121.0,0.37355985370175626,20,488.0
5720.0,23,223.0,3.912280701754386,5.441027299218172,14,339.0,0.17531188068328699,9,111.0,0.33608575477176783,23,450.0
5725.0,27,281.0,5.109090909090909,5.194029880589055,19,376.0,0.2159282640242173,8,115.0,0.3122257799190836,27,491.0
5730.0,25,376.0,6.962962962962963,5.039242330226705,16,431.0,0.25113747625108507,9,139.0,0.3629929895767201,25,570.0
5735.0,18,356.0,6.716981132075472,5.2761719508336204,12,435.0,0.29342296154472414,6,115.0,0.3208621656200311,18,550.0
5740.0,18,357.0,6.375,5.8092826374426165,12,423.0,0.19238610119541355,6,69.0,0.37612986349816036,18,492.0
5745.0,20,359.0,6.648148148148148,5.3886040613903665,13,380.0,0.1752737526329242,7,90.0,0.31303212684696347,20,470.0
5750.0,24,291.0,5.196428571428571,4.848709242690226,15,355.0,0.18743453348711547,9,129.0,0.31311686879871115,24,484.0
5755.0,23,282.0,5.423076923076923,5.0736830011919105,16,306.0,0.2352845256020641,7,147.0,0.42891630153124743,23,453.0
5760.0,23,334.0,6.30188679245283,5.124894733811634,15,337.0,0.23636357186056878,8,162.0,0.4180854790514344,23,499.0
5765.0,22,282.0,4.862068965517241,5.222669028721564,13,322.0,0.21759869278257965,9,151.0,0.34121966771901446,22,473.0
5770.0,25,342.0,5.516129032258065,5.883962826656112,14,323.0,0.28477377356887357,11,160.0,0.3837966220594323,25,483.0
5775.0,20,257.0,4.145161290322581,6.206046255837498,10,311.0,0.3317843891363833,10,120.0,0.41743687945361646,20,431.0
5780.0,21,200.0,3.125,5.3407330304011165,9,270.0,0.3499714761219128,12,140.0,0.3077495140327953,21,410.0
5785.0,23,237.0,3.646153846153846,4.945956442245871,12,269.0,0.30983833608362243,11,169.0,0.30174342680197064,23,438.0
5790.0,31,325.0,5.327868852459017,4.532097032153223,18,320.0,0.2120315695482287,13,171.0,0.32562353323230053,31,491.0
5795.0,31,416.0,6.603174603174603,3.7570974400797934,17,363.0,0.14681185008392436,14,210.0,0.245449613245976,31,573.0
5800.0,32,440.0,6.666666666666667,3.6366693213356953,15,356.0,0.17951050157361184,17,265.0,0.18221652713668282,32,621.0
5805.0,25,327.0,4.8088235294117645,4.901065641773403,10,306.0,0.2789858176297118,15,261.0,0.27636009259299665,25,567.0
5810.0,27,406.0,5.970588235294118,5.266839657219581,13,339.0,0.31020572063871693,14,248.0,0.231193500040488,27,587.0
5815.0,31,416.0,5.942857142857143,5.058499768877887,16,380.0,0.3260729029957396,15,264.0,0.17334450937316773,31,644.0
5820.0,32,391.0,5.507042253521127,4.224897317856259,18,332.0,0.250566610115175,14,246.0,0.24425849633878213,32,578.0
5825.0,33,359.0,4.986111111111111,4.153106744062451,22,366.0,0.19992986491635306,11,249.0,0.34482036746339856,33,615.0
5830.0,29,260.0,3.5135135135135136,4.595374593623588,26,420.0,0.18118438582319,3,167.0,0.4206134912456113,29,587.0
5835.0,24,240.0,3.2432432432432434,5.9246820206326705,20,432.0,0.21059840881241865,4,97.0,0.47968468792495694,24,529.0
5840.0,28,306.0,3.923076923076923,5.740157722784216,21,450.0,0.16172268651137833,7,65.0,0.3910987665120733,28,515.0
5845.0,26,310.0,3.9743589743589745,5.245075344589332,20,482.0,0.15564988928801232,6,79.0,0.2951449834440357,26,561.0
5850.0,33,423.0,5.64,5.6789820917150555,23,526.0,0.22983048593829183,10,115.0,0.4163460101705473,33,641.0
5855.0,31,482.0,6.694444444444445,4.995971812804862,23,577.0,0.24484447343390564,8,146.0,0.4280894673480843,31,723.0
5860.0,30,570.0,8.142857142857142,5.115752125903768,22,598.0,0.25894034307184466,8,164.0,0.38314754058719047,30,762.0
5865.0,34,571.0,7.821917808219178,4.187152348840404,24,648.0,0.15367424378061964,10,147.0,0.33500252211173887,34,795.0
5870.0,31,589.0,8.068493150684931,4.748731984988483,19,642.0,0.1974120710560145,12,151.0,0.3331219666251918,31,793.0
5875.0,30,558.0,7.54054054054054,4.244009201318841,20,669.0,0.25335510915913734,10,160.0,0.19719531543683846,30,829.0
5880.0,29,413.0,5.9,4.558880213577584,20,637.0,0.15581622394922662,9,184.0,0.3331182464221193,29,821.0
5885.0,31,351.0,5.161764705882353,3.5625852906511453,23,631.0,0.08645445351609267,8,138.0,0.30420661504802826,31,769.0
5890.0,32,384.0,5.565217391304348,3.6082117119605432,19,691.0,0.1574380766836147,13,169.0,0.2880410197245916,32,860.0
5895.0,33,476.0,6.704225352112676,3.731454123636944,21,728.0,0.1982589770502903,12,211.0,0.32127242846380194,33,939.0
5900.0,27,468.0,6.410958904109589,4.51394127135797,21,730.0,0.16602262860369704,6,208.0,0.45332931693073564,27,938.0
5905.0,25,405.0,5.259740259740259,4.946286840271951,18,675.0,0.1571208265100433,7,202.0,0.38808734289149355,25,877.0
5910.0,24,339.0,4.4605263157894735,5.531991436366648,18,669.0,0.1989477589958004,6,144.0,0.3493720838396711,24,813.0
5915.0,25,328.0,4.555555555555555,4.887783769213136,18,633.0,0.224603339669173,7,85.0,0.23353168946768205,25,718.0
5920.0,29,414.0,6.17910447761194,4.964725762182812,17,620.0,0.2606480997833301,12,130.0,0.3314320391611674,29,750.0
5925.0,29,476.0,7.555555555555555,3.831796274928188,18,643.0,0.2095516069315698,11,163.0,0.30411522243857997,29,806.0
5930.0,27,494.0,7.841269841269841,4.000246636234886,18,628.0,0.12402758231135831,9,156.0,0.32096435907524157,27,784.0
5935.0,23,337.0,5.184615384615385,4.540558556821136,15,558.0,0.13911664654781233,8,171.0,0.27740864864888565,23,729.0
5940.0,27,379.0,5.573529411764706,5.574545378121092,18,485.0,0.1475482242586097,9,206.0,0.3522231966721589,27,691.0
5945.0,29,467.0,7.296875,5.328005689242175,20,539.0,0.1473121562289119,9,221.0,0.41428526736341953,29,760.0
5950.0,24,436.0,7.266666666666667,5.015279634325338,14,547.0,0.21992832406689142,10,212.0,0.325305241001023,24,759.0
5955.0,23,449.0,8.017857142857142,5.112328887988136,12,528.0,0.28301802194572817,11,185.0,0.2497739460222317,23,713.0
5960.0,22,312.0,5.473684210526316,4.587705494253336,11,522.0,0.2067842131980065,11,151.0,0.3038160919996285,22,673.0
5965.0,26,246.0,4.472727272727273,4.254664221176418,16,473.0,0.20817329317469052,10,160.0,0.32962759111972767,26,633.0
5970.0,29,290.0,4.915254237288136,4.206231599890541,19,519.0,0.17965317691047455,10,151.0,0.3301279302126562,29,670.0
5975.0,26,313.0,5.305084745762712,4.855492773984003,19,562.0,0.15134346363137588,7,111.0,0.4598850728813013,26,673.0
5980.0,20,211.0,3.403225806451613,5.379751050004627,13,527.0,0.18104358403516102,7,86.0,0.435483758789764,20,613.0
5985.0,17,229.0,3.7540983606557377,6.484364954833689,8,474.0,0.3271332565402603,9,93.0,0.3898252192124298,17,567.0
5990.0,20,201.0,3.35,5.114185694301766,7,380.0,0.3186496320506018,13,132.0,0.23212323570642063,20,512.0
5995.0,30,338.0,5.827586206896552,4.53061922179282,13,341.0,0.27140982563318616,17,203.0,0.27029090494716185,30,544.0
6000.0,31,425.0,7.589285714285714,3.938027297888218,16,363.0,0.21989618509898143,15,238.0,0.287946263414769,31,601.0
6005.0,28,444.0,7.4,3.9600167776314117,16,376.0,0.169727968170155,12,222.0,0.3123750080623895,28,598.0
6010.0,22,374.0,5.753846153846154,4.665858630509711,10,324.0,0.1971320543433925,12,230.0,0.26289114898499216,22,554.0
6015.0,19,223.0,3.328358208955224,5.480405373227219,8,257.0,0.34500562688953557,11,228.0,0.23392130532261926,19,485.0
6020.0,24,222.0,3.3134328358208953,5.2325961237495004,10,219.0,0.28937539906210785,14,263.0,0.2775594345946855,24,482.0
6025.0,30,231.0,3.6666666666666665,4.22994100123409,15,267.0,0.21666841756501906,15,274.0,0.26328724137214926,30,541.0
6030.0,33,326.0,5.258064516129032,3.7825670989469256,18,327.0,0.19301896030582102,15,303.0,0.2245609579508416,33,630.0
6035.0,27,314.0,4.984126984126984,4.199640955513049,15,337.0,0.2497695735007327,12,299.0,0.1797520732015403,27,636.0
6040.0,24,269.0,4.138461538461539,5.027353461623083,9,270.0,0.22630202506843258,15,317.0,0.25049079169831856,24,587.0
6045.0,19,214.0,3.3968253968253967,4.7531704741352785,5,252.0,0.26737694863006256,14,345.0,0.21077721450066111,19,597.0
6050.0,30,268.0,4.32258064516129,4.251456843054729,14,275.0,0.2836418469119124,16,374.0,0.16120215168608784,30,649.0
6055.0,34,388.0,6.576271186440678,3.566675588490203,13,286.0,0.25625746322927295,21,433.0,0.1292920636879855,34,719.0
6060.0,27,408.0,6.688524590163935,4.298988452954245,8,236.0,0.3527719607209549,19,471.0,0.12105537049468464,27,707.0
6065.0,21,318.0,5.482758620689655,5.197752050334221,10,204.0,0.24510222953321106,11,445.0,0.28067373822475933,21,649.0
6070.0,21,265.0,4.568965517241379,4.986966135878837,13,176.0,0.19029621874898472,8,420.0,0.3138864976540097,21,596.0
6075.0,23,247.0,4.186440677966102,4.56843990515863,13,199.0,0.22140637841094285,10,378.0,0.2692346860210177,23,577.0
6080.0,31,286.0,4.931034482758621,4.311313566164918,16,249.0,0.25427976255538853,15,373.0,0.29298883809137305,31,622.0
6085.0,29,313.0,4.968253968253968,4.833862775432537,13,271.0,0.2500310299052266,16,328.0,0.390189464928535,29,599.0
6090.0,25,293.0,4.578125,4.6258217738005465,8,229.0,0.30128362004078946,17,398.0,0.30073103772439763,25,627.0
6095.0,27,348.0,5.4375,4.300488406644325,6,195.0,0.37488166443886456,21,467.0,0.1711550361034737,27,662.0
6100.0,31,340.0,5.0,4.226912232074208,8,161.0,0.2445195095419111,23,495.0,0.18820866944313444,31,656.0
6105.0,25,252.0,3.652173913043478,4.824995964678299,9,157.0,0.17722875220119,16,430.0,0.2482428263829177,25,587.0
6110.0,20,228.0,3.4029850746268657,5.2632913344022025,6,127.0,0.20667821995111518,14,419.0,0.27906674125103276,20,546.0
6115.0,19,209.0,3.2153846153846155,5.381928486109239,5,112.0,0.37741608436467083,14,402.0,0.2177289860579433,19,514.0
6120.0,28,273.0,4.265625,4.643648688971279,11,127.0,0.3225361683382183,17,410.0,0.18974138844291302,28,537.0
6125.0,25,314.0,4.8307692307692305,4.698083843193827,10,144.0,0.3177772716912251,15,372.0,0.2188486796267598,25,516.0
6130.0,23,389.0,6.377049180327869,5.989300287473266,7,129.0,0.38942513248483407,16,390.0,0.262434428646652,23,519.0
6135.0,21,365.0,5.7936507936507935,5.515830073254867,6,72.0,0.3616699674920659,15,428.0,0.18616750949585514,21,500.0
6140.0,27,440.0,7.213114754098361,5.507831288699531,10,98.0,0.35217865365943724,17,450.0,0.16314917980418991,27,548.0
6145.0,29,396.0,6.6,4.277721876427205,9,123.0,0.35128203913515343,20,436.0,0.11704248013649825,29,559.0
6150.0,26,435.0,6.904761904761905,5.530338470027839,8,140.0,0.4078747615588881,18,441.0,0.20638616150072867,26,581.0
6155.0,27,428.0,7.379310344827586,4.811693147889962,9,126.0,0.39201219835920414,18,474.0,0.19803347888416484,27,600.0
6160.0,21,397.0,6.508196721311475,5.320741716595434,9,131.0,0.304084910514225,12,455.0,0.26614654533585347,21,586.0
6165.0,27,403.0,6.716666666666667,4.443163329873816,13,125.0,0.18946211375522196,14,482.0,0.2641640675156306,27,607.0
6170.0,30,476.0,7.67741935483871,4.704942356558856,15,157.0,0.2713977258227523,15,496.0,0.27077094014048303,30,653.0
6175.0,26,286.0,4.766666666666667,4.176553094455672,12,186.0,0.3291615908223768,14,432.0,0.22209929468528877,26,618.0
6180.0,27,347.0,5.783333333333333,4.884891346057781,8,190.0,0.4431617643532362,19,373.0,0.15728064573162867,27,563.0
6185.0,27,372.0,6.2,4.191562388275896,9,198.0,0.2862720216633991,18,401.0,0.11838831614084747,27,599.0
6190.0,27,365.0,5.7936507936507935,4.72872745246528,15,210.0,0.1586920472681842,12,370.0,0.22707234716924593,27,580.0
6195.0,28,418.0,6.852459016393443,4.244450846037831,16,254.0,0.11806803437145198,12,379.0,0.2648355300610355,28,633.0
6200.0,22,424.0,6.950819672131147,5.6010858310006215,9,266.0,0.28836656219118895,13,382.0,0.27917840543519423,22,648.0
6205.0,21,431.0,7.431034482758621,4.841956626145911,9,255.0,0.35682452380731844,12,397.0,0.18672806820186608,21,652.0
6210.0,24,498.0,8.440677966101696,5.31289406512769,12,290.0,0.29372866683778953,12,379.0,0.24876092912332723,24,669.0
6215.0,23,397.0,7.089285714285714,4.377141598737304,11,233.0,0.1513794134610886,12,402.0,0.2546163817834014,23,635.0
6220.0,26,500.0,8.771929824561404,5.367339518055493,13,215.0,0.16721856720377926,13,417.0,0.3183359105830156,26,632.0
6225.0,25,346.0,5.9655172413793105,4.88795165480536,11,227.0,0.24630524922049699,14,317.0,0.2458274818482681,25,544.0
6230.0,21,331.0,5.706896551724138,5.972690172149139,7,182.0,0.43296182680060064,14,246.0,0.24825015517915128,21,428.0
6235.0,21,270.0,4.7368421052631575,5.853773992875406,5,149.0,0.5143977854613901,16,265.0,0.1621654845208854,21,414.0
6240.0,18,246.0,4.392857142857143,6.572660492341926,8,106.0,0.43060699174285033,10,240.0,0.3118649683464045,18,346.0
6245.0,19,212.0,3.925925925925926,5.260357478492443,8,128.0,0.21104686130985365,11,210.0,0.30593011555265376,19,338.0
6250.0,26,331.0,5.807017543859649,5.551948881604542,11,187.0,0.3250660595993312,15,261.0,0.2964132885734127,26,448.0
6255.0,23,356.0,6.472727272727273,5.432981688905577,8,191.0,0.4283645214224201,15,290.0,0.2733937881246759,23,481.0
6260.0,15,364.0,6.5,5.893010645898842,6,156.0,0.41684208167799425,9,289.0,0.275590715258923,15,445.0
6265.0,16,256.0,4.338983050847458,5.458984504527463,7,93.0,0.38942244342682164,9,274.0,0.13997595339482344,16,367.0
6270.0,21,189.0,3.15,5.909719674386462,9,115.0,0.4590445833906474,12,258.0,0.18870208811998057,21,373.0
6275.0,22,150.0,2.586206896551724,5.247493121680038,11,109.0,0.3552522191341135,11,230.0,0.2932044666655544,22,339.0
6280.0,25,227.0,3.982456140350877,4.776735352610623,14,142.0,0.2707890165210765,11,265.0,0.29503652795774643,25,407.0
6285.0,25,225.0,3.8135593220338984,4.392186567211198,15,165.0,0.2104285092719472,10,283.0,0.34047090882928516,25,448.0
6290.0,19,162.0,2.6129032258064515,5.766207270845196,10,147.0,0.32432067417688437,9,250.0,0.26981315520370014,19,397.0
6295.0,14,138.0,2.3793103448275863,5.694211777410544,7,154.0,0.3271884669645863,7,196.0,0.24361170852632308,14,350.0
6300.0,23,142.0,2.253968253968254,5.73967336666907,15,156.0,0.3097350889590755,8,132.0,0.2433486810095106,23,288.0
6305.0,25,207.0,3.5084745762711864,5.071634035248515,14,179.0,0.3045956700115287,11,156.0,0.3120258490962585,25,335.0
6310.0,25,285.0,4.75,5.242079805970259,10,173.0,0.3703733303886342,15,220.0,0.23671009196761617,25,393.0
6315.0,25,287.0,4.555555555555555,4.559249787333392,12,189.0,0.3310281095984887,13,247.0,0.1906313201871738,25,436.0
6320.0,24,284.0,4.303030303030303,4.845221955829819,15,208.0,0.13922662207879472,9,233.0,0.35541358080169466,24,441.0
6325.0,24,311.0,4.7846153846153845,5.161019223794674,13,243.0,0.17570138479437908,11,218.0,0.37030936922310187,24,461.0
6330.0,22,361.0,5.640625,5.490770301472493,11,260.0,0.22820993628112365,11,207.0,0.2764237275855742,22,467.0
6335.0,23,230.0,3.9655172413793105,4.2664427859172465,12,231.0,0.2195712046841515,11,186.0,0.14317858511019046,23,417.0
6340.0,30,325.0,5.508474576271187,5.029035366997263,15,236.0,0.2691084301431844,15,192.0,0.23333593587218077,30,428.0
6345.0,28,333.0,5.55,4.548614829230989,16,238.0,0.25671185138926517,12,204.0,0.2749940118721717,28,442.0
6350.0,23,332.0,5.724137931034483,5.557482209697032,16,301.0,0.27041152746358255,7,178.0,0.4099948846400412,23,479.0
6355.0,23,344.0,6.254545454545455,5.167955541414455,17,338.0,0.16916363291989014,6,142.0,0.40241337200452615,23,480.0
6360.0,23,300.0,5.172413793103448,4.866797444824392,16,333.0,0.15375483791065142,7,133.0,0.3316725431072516,23,466.0
6365.0,18,152.0,2.5762711864406778,4.6483932484063875,11,347.0,0.2461779147770837,7,92.0,0.27887067995177645,18,439.0
6370.0,16,152.0,2.6666666666666665,6.287861533341159,7,329.0,0.4024402560882517,9,104.0,0.2878803602891041,16,433.0
6375.0,15,128.0,2.327272727272727,6.240777624228837,9,311.0,0.3751034332497707,6,107.0,0.3050090218817847,15,418.0
6380.0,17,136.0,2.3859649122807016,6.175847723122934,13,322.0,0.18984644627582137,4,62.0,0.3434807328234171,17,384.0
6385.0,21,157.0,2.9622641509433962,5.179198630226697,18,352.0,0.05352945160151626,3,40.0,0.4683487235370808,21,392.0
6390.0,20,173.0,3.0892857142857144,5.403818092633478,14,333.0,0.14860669091663545,6,69.0,0.41343667035651327,20,402.0
6395.0,18,179.0,3.4423076923076925,5.1493578267547555,11,367.0,0.25471499050177215,7,75.0,0.40939699254172,18,442.0
6400.0,18,232.0,4.549019607843137,5.873324936203511,14,414.0,0.257739989261665,4,58.0,0.4440611220857787,18,472.0
6405.0,17,223.0,4.2075471698113205,5.960934642841015,13,423.0,0.21470611096463954,4,64.0,0.53123549131363,17,487.0
6410.0,14,146.0,2.607142857142857,6.067029750394257,9,380.0,0.3296367226856026,5,75.0,0.27334215159211483,14,455.0
6415.0,21,163.0,2.810344827586207,6.020204230748518,10,356.0,0.3568339310203746,11,106.0,0.23469379902723367,21,462.0
6420.0,20,170.0,2.9310344827586206,5.948083066554277,10,287.0,0.3053318178559037,10,139.0,0.326679756046198,20,426.0
6425.0,13,160.0,2.909090909090909,5.556206773400384,9,283.0,0.21751206710574542,4,127.0,0.4876366624887844,13,410.0
6430.0,15,130.0,2.2413793103448274,5.899285733003433,9,243.0,0.2716392540010124,6,82.0,0.3931397720027611,15,325.0
6435.0,22,208.0,3.6491228070175437,5.727055984761314,11,228.0,0.26453592590579006,11,122.0,0.30731773204121754,22,350.0
6440.0,22,252.0,4.2,4.994621480450462,10,229.0,0.24032269857401195,12,161.0,0.2740071831263763,22,390.0
6445.0,24,271.0,4.370967741935484,5.441913904974924,10,229.0,0.31267953478346516,14,199.0,0.3720867626595826,24,428.0
6450.0,25,366.0,6.0,5.534820372113964,11,242.0,0.3307551208729508,14,263.0,0.39178510185121995,25,505.0
6455.0,27,387.0,5.953846153846154,5.625394845431487,10,226.0,0.40012391763147953,17,312.0,0.34325144736984325,27,538.0
6460.0,25,382.0,5.617647058823529,4.937317244787678,10,245.0,0.29024770325099664,15,320.0,0.2959917685068332,25,565.0
6465.0,28,275.0,3.9855072463768115,4.770864355336011,13,218.0,0.2691817392833422,15,277.0,0.27558133584119326,28,495.0
6470.0,23,234.0,3.342857142857143,4.805141190433422,10,174.0,0.2865017741581567,13,242.0,0.2482379598527674,23,416.0
6475.0,28,300.0,4.109589041095891,4.413074164639822,9,204.0,0.26018267774081344,19,290.0,0.17638193619073436,28,494.0
6480.0,40,442.0,6.054794520547945,3.797653239263656,15,273.0,0.279768463965598,25,346.0,0.15386732639764628,40,619.0
6485.0,29,499.0,6.930555555555555,4.4289218901701135,12,313.0,0.27225132125911566,17,359.0,0.23639552016143808,29,672.0
6490.0,26,491.0,6.726027397260274,4.621614287443803,11,323.0,0.22436068815256066,15,375.0,0.2516184992955619,26,698.0
6495.0,32,466.0,6.297297297297297,4.544195127572962,10,283.0,0.22162511281630137,22,427.0,0.18830717184792864,32,710.0
6500.0,39,408.0,5.666666666666667,4.151590673718741,12,228.0,0.2931509595291442,27,478.0,0.15680504117879104,39,706.0
6505.0,35,397.0,5.513888888888889,3.9429774105512467,10,212.0,0.26573340912931986,25,511.0,0.19830672171232797,35,723.0
6510.0,40,510.0,7.183098591549296,3.3576584048084976,14,237.0,0.23130723538432374,26,584.0,0.218012026240842,40,821.0
6515.0,35,468.0,6.410958904109589,3.9877707298319476,12,262.0,0.22809526850179124,23,597.0,0.22820381993260558,35,859.0
6520.0,29,506.0,6.571428571428571,4.6155082099575395,9,238.0,0.2517409592850849,20,620.0,0.20141169552285568,29,858.0
6525.0,28,539.0,7.0,4.250085899957393,6,187.0,0.2776440552257823,22,665.0,0.13821914906199775,28,852.0
6530.0,41,611.0,7.833333333333333,4.657543091941439,12,191.0,0.440029059743556,29,727.0,0.097588203109864,41,918.0
6535.0,33,586.0,7.8133333333333335,5.129707683445513,8,218.0,0.48496071560135523,25,731.0,0.1557799081301389,33,949.0
6540.0,31,572.0,7.626666666666667,4.534063251523914,10,220.0,0.3999626793617027,21,761.0,0.10352972628659333,31,981.0
6545.0,24,388.0,5.315068493150685,4.24239213577026,8,155.0,0.2989960223126955,16,711.0,0.09316087603945235,24,866.0
6550.0,33,403.0,5.676056338028169,4.472856311122009,15,152.0,0.2539190815827855,18,699.0,0.13891142931673225,33,851.0
6555.0,34,294.0,4.140845070422535,3.99410818421701,15,176.0,0.17785038751917132,19,663.0,0.1767794524825671,34,839.0
6560.0,35,380.0,5.428571428571429,3.808227164515036,17,188.0,0.21308385892123033,18,695.0,0.25521109614062865,35,883.0
6565.0,32,393.0,5.779411764705882,4.227332499533065,14,218.0,0.24572410573705858,18,674.0,0.30133904397456884,32,892.0
6570.0,28,346.0,4.942857142857143,4.197955800199414,8,197.0,0.33826190498194186,20,687.0,0.18570064638640515,28,884.0
6575.0,28,314.0,4.361111111111111,3.832432684048873,9,208.0,0.25592149251489515,19,650.0,0.10622914539742125,28,858.0
6580.0,32,416.0,5.698630136986301,4.223790899760202,14,250.0,0.1707112225082047,18,673.0,0.1817769390605203,32,923.0
6585.0,37,441.0,5.88,3.7127309017067787,17,296.0,0.16353414077120704,20,655.0,0.21497100577850806,37,951.0
6590.0,38,582.0,7.864864864864865,3.904167006615694,19,342.0,0.22767045845967973,19,688.0,0.2780852127124208,38,1030.0
6595.0,32,624.0,8.32,4.573781624117319,15,350.0,0.2872011493566158,17,681.0,0.29342457674138,32,1031.0
6600.0,26,382.0,5.026315789473684,4.573173641314301,8,277.0,0.39310464584541804,18,634.0,0.15702218329738854,26,911.0
6605.0,29,408.0,5.44,5.1280266601495255,7,215.0,0.433337293279974,22,578.0,0.12336002671923137,29,793.0
6610.0,33,419.0,5.901408450704225,4.152636307333137,8,176.0,0.3483081750079659,25,654.0,0.10253677539514157,33,830.0
6615.0,31,497.0,7.202898550724638,4.1260932306649565,13,168.0,0.2170148773460093,18,699.0,0.14395123855537284,31,867.0
6620.0,30,536.0,8.0,4.427493434179603,14,198.0,0.1761574253706818,16,689.0,0.22383807522050864,30,887.0
6625.0,23,487.0,7.609375,4.487593971360397,8,198.0,0.2856245819707891,15,656.0,0.16043594590153967,23,854.0
6630.0,25,348.0,5.612903225806452,3.8693596471157052,6,154.0,0.31232929732390974,19,645.0,0.13817749595049703,25,799.0
6635.0,32,301.0,4.703125,4.275461708792063,13,156.0,0.3278012072759259,19,552.0,0.14860994205774042,32,708.0
6640.0,32,359.0,5.609375,3.8026452806449997,12,191.0,0.2990016990486773,20,593.0,0.1695748986497083,32,784.0
6645.0,21,310.0,4.84375,5.248056675254804,7,169.0,0.29527420395783155,14,581.0,0.25835573393775774,21,750.0
6650.0,19,251.0,4.048387096774194,5.226376006762882,5,115.0,0.2735732401009929,14,560.0,0.2214787858650842,19,675.0
6655.0,25,242.0,3.903225806451613,5.235686491053521,9,74.0,0.3037525533454676,16,556.0,0.23416618776343198,25,630.0
6660.0,25,279.0,4.728813559322034,4.555427775111032,9,90.0,0.37280793893945213,16,528.0,0.27695099214369967,25,618.0
6665.0,23,319.0,5.229508196721311,4.502868422321934,5,76.0,0.40479202491497934,18,495.0,0.2197984559838999,23,571.0
6670.0,25,234.0,3.7142857142857144,4.305817255890755,4,68.0,0.4469578217367028,21,471.0,0.16205318944879343,25,539.0
6675.0,35,362.0,5.323529411764706,5.087864306988401,9,95.0,0.44774421430590067,26,505.0,0.16103286613979642,35,600.0
6680.0,31,422.0,6.205882352941177,5.214753462006432,9,136.0,0.4692584294552394,22,545.0,0.17702545583292567,31,681.0
6685.0,29,362.0,5.098591549295775,4.766762930242057,11,159.0,0.3753635282140015,18,496.0,0.15280775478876923,29,655.0
6690.0,26,335.0,4.652777777777778,4.5970395922730445,10,162.0,0.32978198245063656,16,484.0,0.16899201393889887,26,646.0
6695.0,25,289.0,3.9054054054054053,5.255790539528583,10,191.0,0.32515101679968456,15,446.0,0.2010585925870358,25,637.0
6700.0,31,345.0,4.6,5.319552892213579,14,234.0,0.3286345809217249,17,450.0,0.24169970691669118,31,684.0
6705.0,29,319.0,4.430555555555555,4.792826764235814,14,208.0,0.3031223433989701,15,446.0,0.28149253862915335,29,654.0
6710.0,28,309.0,4.175675675675675,4.32831197232135,17,228.0,0.1679006010958789,11,395.0,0.29528946637762815,28,623.0
6715.0,31,348.0,4.64,4.638786501739154,17,261.0,0.12506861289581572,14,410.0,0.34313192499730477,31,671.0
6720.0,27,360.0,4.615384615384615,5.460918601907876,11,232.0,0.26393278240905205,16,417.0,0.25472365363175037,27,649.0
6725.0,32,358.0,4.589743589743589,4.901595341045096,11,259.0,0.2666254763847726,21,447.0,0.18432879236882385,32,706.0
6730.0,38,443.0,5.906666666666666,4.571741893109826,14,286.0,0.24642746313022193,24,469.0,0.20156879887068413,38,755.0
6735.0,39,497.0,6.808219178082192,3.622783896638258,15,304.0,0.21172819370932555,24,520.0,0.1896768317599191,39,824.0
6740.0,35,602.0,8.72463768115942,3.8755556645082834,10,298.0,0.2910860879780242,25,595.0,0.14782697393282201,35,893.0
6745.0,35,638.0,9.114285714285714,3.673081224544068,11,323.0,0.3350932620879531,24,611.0,0.07060986968031882,35,934.0
6750.0,32,526.0,7.205479452054795,4.257142550823734,16,364.0,0.20156841024147773,16,555.0,0.18514199837706533,32,919.0
6755.0,31,507.0,7.242857142857143,3.6318270727792648,18,411.0,0.12195677188879162,13,530.0,0.23150742865058546,31,941.0
6760.0,30,458.0,6.273972602739726,4.423439660369926,15,427.0,0.22486238200039071,15,517.0,0.18270938927137853,30,944.0
6765.0,21,335.0,4.527027027027027,4.281954895188883,7,364.0,0.29665779554477506,14,503.0,0.147620771141877,21,867.0
6770.0,24,373.0,4.973333333333334,4.864343512596298,13,351.0,0.25300137853170185,11,412.0,0.23249241184720607,24,763.0
6775.0,27,437.0,5.905405405405405,4.524289416004118,17,393.0,0.14905474756749357,10,411.0,0.3121700611601823,27,804.0
6780.0,24,471.0,6.197368421052632,4.314218375512465,12,404.0,0.17855940691146407,12,365.0,0.23089386299001638,24,769.0
6785.0,24,283.0,3.824324324324324,4.340397503483275,9,285.0,0.25638779685140384,15,348.0,0.2701961265947628,24,633.0
6790.0,24,322.0,4.472222222222222,4.564174810836267,12,229.0,0.18636043401965308,12,327.0,0.2838712329034542,24,556.0
6795.0,29,418.0,5.9714285714285715,4.391457210490707,15,264.0,0.12453065634507689,14,357.0,0.2502506016207364,29,621.0
6800.0,30,390.0,5.492957746478873,4.592676858706987,10,245.0,0.1861887912491711,20,376.0,0.15754448453804543,30,621.0
6805.0,28,470.0,7.014925373134329,4.822759612888915,7,237.0,0.3330143850786958,21,405.0,0.1033695620667411,28,642.0
6810.0,33,498.0,7.78125,3.9139887487025753,10,239.0,0.28781853786742995,23,453.0,0.07279941961850568,33,692.0
6815.0,34,532.0,8.444444444444445,4.3629985986210515,11,229.0,0.3683241129318192,23,487.0,0.13995742501239486,34,716.0
6820.0,31,615.0,9.761904761904763,3.702965857976744,10,250.0,0.28354382052512717,21,574.0,0.2106555293265722,31,824.0
6825.0,38,769.0,11.830769230769231,4.2690789839693455,14,304.0,0.3214356575141748,24,652.0,0.23788462615921319,38,956.0
6830.0,39,766.0,10.788732394366198,3.5046324532876687,13,320.0,0.3406431815662166,26,696.0,0.1741719689351995,39,1016.0
6835.0,24,587.0,8.04109589041096,4.512301304535831,5,280.0,0.3651475422827759,19,664.0,0.1725545022914099,24,944.0
6840.0,21,415.0,5.608108108108108,5.242839561270954,6,176.0,0.23119594317655456,15,615.0,0.25490900735738775,21,791.0
6845.0,25,458.0,6.1066666666666665,5.212915327537103,12,107.0,0.10930394112950244,13,594.0,0.26541823856298435,25,701.0
6850.0,30,480.0,6.857142857142857,4.507460076608355,12,136.0,0.12196977784369396,18,575.0,0.2421846583293796,30,711.0
6855.0,28,549.0,8.073529411764707,4.101243234210861,8,114.0,0.2872209345797174,20,627.0,0.1580848056776234,28,741.0
6860.0,26,603.0,9.136363636363637,5.158205837966118,6,115.0,0.40464780150182583,20,645.0,0.18281125901482478,26,760.0
6865.0,23,560.0,8.0,5.311673760611385,4,86.0,0.32562600599302827,19,679.0,0.209407173713742,23,765.0
6870.0,29,638.0,9.522388059701493,5.398509440915801,8,104.0,0.4080064529568089,21,727.0,0.1802721789441857,29,831.0
6875.0,31,392.0,6.125,4.1111362192389365,8,122.0,0.38740516021623483,23,657.0,0.14792946261374185,31,779.0
6880.0,29,381.0,6.0476190476190474,5.1646587311728664,5,117.0,0.4939428446306857,24,507.0,0.16073849835625242,29,624.0
6885.0,30,394.0,6.253968253968254,4.2573703795499975,5,96.0,0.42755285513303554,25,568.0,0.11815539586195359,30,664.0
6890.0,27,382.0,5.787878787878788,5.1453223460761786,8,109.0,0.35996110188693164,19,576.0,0.19863092788981437,27,685.0
6895.0,25,405.0,5.869565217391305,4.98352505144288,9,118.0,0.2686776167801317,16,609.0,0.26323332696691976,25,727.0
6900.0,23,464.0,6.72463768115942,6.059150751574668,4,114.0,0.4911329502786616,19,631.0,0.24644721461581898,23,745.0
6905.0,24,539.0,8.292307692307693,5.044341834829563,4,122.0,0.5203312985848336,20,671.0,0.16271506622007115,24,793.0
6910.0,25,608.0,9.353846153846154,5.976340784291443,7,147.0,0.41959129701186054,18,674.0,0.23771070778844836,25,821.0
6915.0,24,527.0,8.5,4.90781684815028,7,75.0,0.27901483085866025,17,687.0,0.21475716855076496,24,762.0
6920.0,33,651.0,10.672131147540984,4.9079560647339555,10,113.0,0.27069888201132764,23,741.0,0.2060454753978351,33,854.0
6925.0,28,715.0,12.767857142857142,4.066900007717137,7,122.0,0.23356514866680525,21,795.0,0.18289261499424417,28,917.0
6930.0,24,780.0,13.68421052631579,4.65079808278304,8,116.0,0.32101296511671046,16,823.0,0.13980747428440513,24,939.0
6935.0,21,673.0,11.60344827586207,5.315261612250248,5,112.0,0.3171230439776117,16,763.0,0.16865221728132226,21,875.0
6940.0,22,408.0,7.157894736842105,5.798789521828028,6,121.0,0.4567290011075864,16,632.0,0.20939326956024584,22,753.0
6945.0,21,267.0,4.944444444444445,4.997977759693369,7,137.0,0.460887529564166,14,622.0,0.251417104779833,21,759.0
6950.0,21,287.0,5.415094339622642,4.956500720516441,8,178.0,0.4089841585577995,13,577.0,0.2730723596659754,21,755.0
6955.0,23,277.0,5.036363636363636,4.386018080447465,8,184.0,0.36586220812281783,15,599.0,0.2354869003178623,23,783.0
6960.0,20,300.0,5.454545454545454,5.663118117491467,6,175.0,0.4060205980579144,14,588.0,0.20748600968075756,20,763.0
6965.0,21,213.0,3.8727272727272726,5.216780812878137,6,71.0,0.3207004980830711,15,543.0,0.12784520692657425,21,614.0
6970.0,21,218.0,3.824561403508772,6.012570680982773,6,60.0,0.40413000052041687,15,445.0,0.2187776593911618,21,505.0
6975.0,21,271.0,4.839285714285714,6.025397175994265,6,61.0,0.4096041154967143,15,365.0,0.32581617121150697,21,426.0
6980.0,18,318.0,5.781818181818182,5.993415816646236,5,82.0,0.4781627522234069,13,393.0,0.34193986806890897,18,475.0
6985.0,26,392.0,7.127272727272727,4.741125639502865,8,118.0,0.41833903022083413,18,410.0,0.22285290824433981,26,528.0
6990.0,29,315.0,5.431034482758621,3.549927068205508,10,118.0,0.3027931315837477,19,416.0,0.18402675578812622,29,534.0
6995.0,28,400.0,7.142857142857143,4.341035942160391,7,127.0,0.445610358679227,21,419.0,0.0971167694257555,28,546.0
7000.0,31,457.0,7.616666666666666,4.29661351114165,9,125.0,0.4005344482143162,22,458.0,0.05494138235528155,31,583.0
7005.0,29,519.0,8.65,5.311824448722019,10,157.0,0.4655246211677231,19,483.0,0.12237735775862837,29,640.0
7010.0,25,367.0,6.672727272727273,4.523628024541094,10,123.0,0.40746130806756004,15,469.0,0.18970531031831708,25,592.0
7015.0,22,241.0,4.634615384615385,4.018403907456392,12,122.0,0.2165063052589982,10,371.0,0.20054084095460753,22,493.0
7020.0,23,277.0,5.326923076923077,3.954018154934067,12,149.0,0.1049820350078092,11,362.0,0.2478379093246882,23,511.0
7025.0,19,276.0,5.52,5.08216608885236,7,131.0,0.31694629747929703,12,371.0,0.14746523724336208,19,502.0
7030.0,21,253.0,5.270833333333333,3.788872599189533,6,110.0,0.28607490189639934,15,391.0,0.09157388412454862,21,501.0
7035.0,26,248.0,4.96,4.5167922536711504,10,132.0,0.3378236668432347,16,393.0,0.15459625292021076,26,525.0
7040.0,25,271.0,5.645833333333333,4.54222598512091,11,153.0,0.43643054774832696,14,382.0,0.18969922875159012,25,535.0
7045.0,19,237.0,4.9375,4.888464422816085,11,174.0,0.32849294503742327,8,306.0,0.28245931315766093,19,480.0
7050.0,19,208.0,4.244897959183674,4.370454488216036,13,177.0,0.18915177378384448,6,270.0,0.31635168703129635,19,447.0
7055.0,18,197.0,3.94,5.233582113489792,7,141.0,0.2895365798524457,11,259.0,0.25389690410661553,18,400.0
7060.0,18,187.0,3.816326530612245,5.11449645592845,8,95.0,0.31562204514137654,10,267.0,0.25434697757350494,18,362.0
7065.0,18,238.0,5.0638297872340425,5.488012775005021,12,134.0,0.19395589722994835,6,245.0,0.4077160182702465,18,379.0
7070.0,19,236.0,5.0212765957446805,4.726822459374449,13,163.0,0.12714519652881678,6,195.0,0.3532179871060892,19,358.0
7075.0,17,275.0,5.851063829787234,5.918067956979658,8,160.0,0.3350542729739647,9,146.0,0.2556403159513116,17,306.0
7080.0,13,222.0,4.625,5.93233011845021,5,129.0,0.4648237063212056,8,165.0,0.1725020521628162,13,294.0
7085.0,11,234.0,5.086956521739131,8.071841801305382,5,95.0,0.595464023692586,6,164.0,0.3359717628116584,11,259.0
7090.0,9,53.0,1.2045454545454546,6.847324608531618,5,57.0,0.435714960881653,4,71.0,0.3544635548260082,9,128.0
7095.0,15,115.0,2.5,7.394432210449887,12,106.0,0.32086357616499345,3,37.0,0.5483949555261252,15,143.0
7100.0,16,113.0,2.627906976744186,6.027783682716852,12,122.0,0.3457918077188171,4,37.0,0.4503221945364611,16,159.0
7105.0,10,118.0,2.6222222222222222,6.433862631527298,5,111.0,0.38356332788331293,5,58.0,0.44718529623645437,10,169.0
7110.0,13,124.0,2.9523809523809526,6.149609898963785,4,84.0,0.35224934367708555,9,90.0,0.4210285057260301,13,174.0
7115.0,15,119.0,2.5319148936170213,6.14387266158899,9,88.0,0.24918027998301642,6,95.0,0.4563565701273724,15,183.0
7120.0,10,127.0,2.6458333333333335,6.366329952982384,7,109.0,0.2114944502294519,3,64.0,0.5147901284935376,10,173.0
7125.0,9,146.0,3.106382978723404,8.04628092597442,4,98.0,0.43285584024866125,5,84.0,0.5065087597897558,9,182.0
7130.0,12,157.0,3.4130434782608696,7.392362820141725,5,79.0,0.34329315839761787,7,113.0,0.38200527211094387,12,192.0
7135.0,18,169.0,3.7555555555555555,5.588133003400669,9,114.0,0.3110197110512615,9,104.0,0.18974112285506242,18,218.0
7140.0,17,220.0,5.238095238095238,5.590960153873564,7,131.0,0.4227964895183621,10,142.0,0.1741496161300135,17,273.0
7145.0,14,234.0,5.7073170731707314,6.422885549291166,7,135.0,0.5071405100714358,7,145.0,0.17797629588590202,14,280.0
7150.0,10,162.0,4.05,7.5973331634969075,5,81.0,0.5703695852663881,5,126.0,0.24490168995883654,10,207.0
7155.0,10,183.0,4.463414634146342,7.8645878698447405,6,53.0,0.401595692448266,4,136.0,0.4363330308063638,10,189.0
7160.0,5,52.0,1.368421052631579,8.299278141434755,4,36.0,0.3915194801712524,1,71.0,0.676835665843567,5,107.0
7165.0,9,68.0,1.837837837837838,8.381517437122008,7,47.0,0.43281411961143407,2,46.0,0.6444546859361114,9,93.0
7170.0,8,65.0,1.7567567567567568,6.801541882292211,5,48.0,0.4179928566447984,3,49.0,0.5082431854226164,8,97.0
7175.0,10,110.0,2.8947368421052633,7.7126093221436,6,63.0,0.48118228262878593,4,66.0,0.47832680283825496,10,129.0
7180.0,7,96.0,2.341463414634146,6.763428580140405,4,62.0,0.5089723454952224,3,67.0,0.27270419906796667,7,129.0
7185.0,11,138.0,3.2857142857142856,7.488696472732461,8,83.0,0.39720436318741087,3,71.0,0.49738747928995936,11,154.0
7190.0,10,59.0,1.4390243902439024,5.569727295473988,7,68.0,0.2651143661365843,3,16.0,0.4593856969209586,10,84.0
7195.0,14,118.0,2.5652173913043477,7.0153863769952745,12,97.0,0.2589894425495506,2,20.0,0.6209197423274647,14,117.0
7200.0,10,128.0,2.909090909090909,7.283410830100664,9,135.0,0.27162696945639,1,18.0,0.7262758373877779,10,153.0
