step,system_total_stopped,system_total_waiting_time,system_mean_waiting_time,system_mean_speed,J17_stopped,J17_accumulated_waiting_time,J17_average_speed,J18_stopped,J18_accumulated_waiting_time,J18_average_speed,agents_total_stopped,agents_total_accumulated_waiting_time
5.0,1,0.0,0.0,2.1742622588179072,0,0.0,1.0,1,0.0,0.17167620079633517,1,0.0
10.0,0,0.0,0.0,7.401106210314707,0,0.0,0.4366859486378803,0,0.0,0.6274564108520543,0,0.0
15.0,1,0.0,0.0,9.892700990959135,0,0.0,0.7844292121864589,1,0.0,0.6404138363970868,1,0.0
20.0,0,0.0,0.0,11.07414982993397,0,0.0,0.8233945340887427,0,0.0,0.7612050727343537,0,0.0
25.0,1,0.0,0.0,7.240919011129246,1,0.0,0.460994860260643,0,0.0,0.5749790004824697,1,0.0
30.0,6,16.0,0.8,7.342216208043121,5,12.0,0.4377629522677191,1,4.0,0.5864518653997733,6,16.0
35.0,3,29.0,1.2608695652173914,8.814065182155272,2,20.0,0.6197783334328648,1,9.0,0.6210041842658209,3,29.0
40.0,6,49.0,1.8846153846153846,7.689776785639274,3,33.0,0.5775118457382876,3,17.0,0.4549452059213837,6,50.0
45.0,9,65.0,2.2413793103448274,6.793137848315903,4,36.0,0.37543872698535896,5,34.0,0.5168159161424974,9,70.0
50.0,12,114.0,3.4545454545454546,6.025746999205205,7,58.0,0.27804174718038704,5,60.0,0.399524170990317,12,118.0
55.0,15,171.0,5.181818181818182,5.724193679808093,8,95.0,0.2965184580963415,7,84.0,0.3629870228664847,15,179.0
60.0,13,212.0,6.424242424242424,5.138434199988967,6,110.0,0.28434549551178584,7,113.0,0.30057779325601885,13,223.0
65.0,16,288.0,8.727272727272727,4.844127728118554,7,137.0,0.33858058053935075,9,151.0,0.19103461443868336,16,288.0
70.0,16,295.0,7.564102564102564,5.1789935755055305,5,107.0,0.3360042507767963,11,201.0,0.2142697287182388,16,308.0
75.0,13,228.0,5.846153846153846,6.316950178559201,6,120.0,0.294209749910962,7,170.0,0.4041958553711785,13,290.0
80.0,14,245.0,5.975609756097561,6.786147869616645,9,157.0,0.292981821609445,5,118.0,0.4900888596248748,14,275.0
85.0,14,298.0,6.930232558139535,6.732923646057309,6,181.0,0.4033235307599779,8,130.0,0.4456654202547415,14,311.0
90.0,19,381.0,8.659090909090908,6.189200971158228,8,208.0,0.4379638420026031,11,176.0,0.3308293132881829,19,384.0
95.0,15,163.0,3.6222222222222222,5.228288028872517,5,142.0,0.40514373342624277,10,150.0,0.2194795662698875,15,292.0
100.0,15,202.0,4.208333333333333,6.532783685807758,6,79.0,0.4418467484739951,9,145.0,0.24366545628850156,15,224.0
105.0,22,295.0,6.020408163265306,6.38220480719257,10,120.0,0.4213287728766361,12,184.0,0.3091531370520495,22,304.0
110.0,21,290.0,5.576923076923077,5.452140740105286,13,178.0,0.2708724159719152,8,168.0,0.36988095842357294,21,346.0
115.0,20,294.0,5.88,4.724069331359213,12,217.0,0.2017691316568865,8,139.0,0.3878397939028966,20,356.0
120.0,18,334.0,6.958333333333333,5.349132507865645,7,210.0,0.35144943547074,11,169.0,0.27272485679050085,18,379.0
125.0,21,404.0,8.244897959183673,4.839897532302315,8,218.0,0.3166010752903774,13,219.0,0.16725163855568,21,437.0
130.0,28,523.0,10.46,4.099718432536212,15,278.0,0.17695306947314082,13,284.0,0.24596236936862853,28,562.0
135.0,25,476.0,9.714285714285714,3.843923550338902,16,333.0,0.232502156045362,9,251.0,0.20756139083484154,25,584.0
140.0,13,357.0,7.760869565217392,5.7987268568734605,8,339.0,0.3348441735646502,5,148.0,0.2593225852078168,13,487.0
145.0,14,424.0,9.422222222222222,7.442048898772132,9,356.0,0.36889421097025615,5,82.0,0.25822684268904805,14,438.0
150.0,20,507.0,11.021739130434783,6.4667616866726405,14,406.0,0.14595613955734002,6,109.0,0.2778331276593728,20,515.0
155.0,21,609.0,14.162790697674419,4.936181613453812,15,479.0,0.18220186636160332,6,139.0,0.22939442247295616,21,618.0
160.0,20,421.0,10.525,4.433531960841874,13,397.0,0.2076920218360783,7,174.0,0.2888131989313324,20,571.0
165.0,14,288.0,7.2,5.113296864251746,8,211.0,0.2874440988868863,6,184.0,0.3901776010633695,14,395.0
170.0,16,361.0,8.804878048780488,5.82478369613144,10,189.0,0.29939378157559504,6,214.0,0.43699523884794267,16,403.0
175.0,15,260.0,5.909090909090909,6.030704105157332,11,213.0,0.22542170079524843,4,146.0,0.545888088879009,15,359.0
180.0,19,304.0,6.608695652173913,5.231127466710419,14,283.0,0.21797853121450306,5,36.0,0.4691964943640981,19,319.0
185.0,20,289.0,5.8979591836734695,4.9682247484463185,12,285.0,0.3265698325458556,8,65.0,0.38866569642744264,20,350.0
190.0,21,332.0,6.384615384615385,5.263070440625961,9,246.0,0.3566266413886173,12,124.0,0.3732043493891886,21,370.0
195.0,27,389.0,6.946428571428571,4.583357339159271,14,298.0,0.19137414317541274,13,150.0,0.4137218774386092,27,448.0
200.0,26,475.0,8.482142857142858,4.268366577960025,17,369.0,0.15350306527469004,9,156.0,0.3257593327555306,26,525.0
205.0,29,558.0,9.964285714285714,3.775775605985173,16,433.0,0.18009262012768187,13,189.0,0.17231713041612232,29,622.0
210.0,35,691.0,11.913793103448276,3.744191562498332,18,504.0,0.17291942857819606,17,241.0,0.20367869611870326,35,745.0
215.0,35,833.0,14.362068965517242,3.0487387735610962,18,593.0,0.22053156210734118,17,304.0,0.1573487101042184,35,897.0
220.0,31,683.0,11.576271186440678,3.522958090590891,17,537.0,0.2337472766736724,14,328.0,0.18527274338470354,31,865.0
225.0,24,466.0,7.898305084745763,4.619217733923731,12,384.0,0.26786156573286946,12,326.0,0.18198764188770444,24,710.0
230.0,23,547.0,8.287878787878787,5.099551000846379,7,409.0,0.33872247013842804,16,400.0,0.18531042886067745,23,809.0
235.0,29,641.0,9.567164179104477,5.12010572246607,14,463.0,0.30389160690599787,15,454.0,0.3162242189359292,29,917.0
240.0,32,731.0,11.246153846153845,4.688081337467346,17,468.0,0.25939283910197913,15,481.0,0.34795590690394557,32,949.0
245.0,30,812.0,11.941176470588236,4.212111925850528,14,393.0,0.3003727828486889,16,548.0,0.19297341143775926,30,941.0
250.0,31,940.0,14.242424242424242,4.274096221279641,11,373.0,0.3398794364578954,20,638.0,0.10076886395633317,31,1011.0
255.0,34,818.0,11.36111111111111,4.129028696076863,16,438.0,0.2575397815556537,18,582.0,0.12289724741746692,34,1020.0
260.0,32,664.0,9.623188405797102,4.391662687500245,19,504.0,0.2559864748467086,13,406.0,0.24021371783965187,32,910.0
265.0,27,742.0,10.164383561643836,5.401143871825252,16,540.0,0.3102313177584697,11,350.0,0.2820247345106148,27,890.0
270.0,30,621.0,8.28,4.525198816658043,16,474.0,0.2757350678933895,14,344.0,0.1914762107341877,30,818.0
275.0,37,542.0,6.860759493670886,4.880371131728041,21,355.0,0.22200336460365028,16,393.0,0.3130461931561058,37,748.0
280.0,38,697.0,8.935897435897436,4.664043411692871,22,360.0,0.2523112669911148,16,473.0,0.3212351504413855,38,833.0
285.0,42,846.0,10.708860759493671,4.082748660664589,22,405.0,0.2768778538145249,20,523.0,0.23650337180478118,42,928.0
290.0,45,992.0,12.246913580246913,3.306671729171115,24,471.0,0.21290966958025176,21,624.0,0.25313217693670353,45,1095.0
295.0,45,932.0,11.228915662650602,3.0104517208102863,21,496.0,0.1702341137230887,24,654.0,0.18247321896524044,45,1150.0
300.0,38,992.0,11.80952380952381,3.4864803406089275,18,553.0,0.18813001471686397,20,654.0,0.165357119571182,38,1207.0
305.0,42,1162.0,13.833333333333334,3.3991063074123544,19,616.0,0.1859864823258901,23,757.0,0.15566045268935946,42,1373.0
310.0,54,1336.0,15.904761904761905,2.5957860130080284,27,675.0,0.11954095931213626,27,884.0,0.10676206396337602,54,1559.0
315.0,64,1620.0,19.518072289156628,1.803891282048775,35,821.0,0.0769017878176942,29,1020.0,0.11930674316382554,64,1841.0
320.0,64,1924.0,22.372093023255815,2.4189154317138257,34,979.0,0.13606354567519954,30,1161.0,0.14794295995553094,64,2140.0
325.0,65,2196.0,25.24137931034483,2.3557853467008676,35,1123.0,0.10073507002574908,30,1272.0,0.18309893667771476,65,2395.0
330.0,66,2446.0,27.48314606741573,2.244829766389317,38,1303.0,0.11090073288342114,28,1351.0,0.15530020881908288,66,2654.0
335.0,64,2371.0,25.77173913043478,2.336563307761327,37,1488.0,0.16154600361632168,27,1278.0,0.1009789755592581,64,2766.0
340.0,59,1904.0,20.923076923076923,2.048301561774162,35,1561.0,0.08687101369947337,24,1070.0,0.1099467442901887,59,2631.0
345.0,48,1426.0,15.333333333333334,3.310302879754136,32,1532.0,0.0733700149883493,16,861.0,0.20459726430977065,48,2393.0
350.0,32,1200.0,13.186813186813186,4.766636450672468,24,1507.0,0.15556115059994685,8,696.0,0.27522832749613185,32,2203.0
355.0,29,1276.0,13.869565217391305,5.909825931807695,20,1425.0,0.21193536787801898,9,542.0,0.36557700652792047,29,1967.0
360.0,28,1354.0,15.213483146067416,6.2078408914307035,20,1363.0,0.2543808789455656,8,426.0,0.33490743070002693,28,1789.0
365.0,33,1472.0,17.734939759036145,6.106692966973151,22,1377.0,0.3028729156225383,11,396.0,0.25898194951146764,33,1773.0
370.0,36,1617.0,20.73076923076923,5.490950657003231,23,1435.0,0.2690904770252658,13,368.0,0.2537610664223611,36,1803.0
375.0,33,1751.0,23.986301369863014,5.063521882133491,23,1534.0,0.18823732642465935,10,324.0,0.2992309544252559,33,1858.0
380.0,38,1875.0,25.33783783783784,4.832317721812986,26,1627.0,0.19133896660873506,12,325.0,0.2825834582776258,38,1952.0
385.0,42,2063.0,28.65277777777778,4.37221792139718,27,1721.0,0.20638851888433649,15,355.0,0.25043221509018404,42,2076.0
390.0,43,1726.0,23.643835616438356,3.810261051329132,25,1556.0,0.19921484193430747,18,432.0,0.22159731648839148,43,1988.0
395.0,36,887.0,11.826666666666666,4.573277999143178,18,1164.0,0.21251594769579724,18,515.0,0.25494023205195876,36,1679.0
400.0,33,796.0,10.337662337662337,4.801110315487898,17,800.0,0.23968169991791366,16,538.0,0.24358106762416584,33,1338.0
405.0,36,947.0,12.460526315789474,5.647925115048704,20,557.0,0.25734686152579617,16,560.0,0.3624388023467463,36,1117.0
410.0,37,952.0,12.526315789473685,5.001209994299469,22,498.0,0.20479051917456334,15,534.0,0.33359444822418877,37,1032.0
415.0,38,1053.0,14.22972972972973,4.123843281790751,24,618.0,0.21735500112765668,14,509.0,0.18642172847686897,38,1127.0
420.0,43,1209.0,16.12,3.018748141767202,26,741.0,0.16778823620060018,17,521.0,0.10084037530846665,43,1262.0
425.0,42,1257.0,16.986486486486488,3.6238588253312356,27,796.0,0.1309925188566752,15,572.0,0.24258843506107097,42,1368.0
430.0,33,1267.0,18.36231884057971,3.9368358260194807,20,839.0,0.13843229258521397,13,602.0,0.2550030483344395,33,1441.0
435.0,33,1409.0,20.720588235294116,4.640176192298727,21,937.0,0.19111222471936212,12,623.0,0.2258039350228582,33,1560.0
440.0,40,1584.0,24.0,3.6247008947356694,26,1057.0,0.08675198277451567,14,683.0,0.24370924096796112,40,1740.0
445.0,42,1491.0,23.666666666666668,3.167660457439045,27,1024.0,0.07750125179551462,15,750.0,0.2918353930226085,42,1774.0
450.0,36,1318.0,20.276923076923076,3.5424631537060836,22,916.0,0.11219209591156182,14,813.0,0.28676505857467516,36,1729.0
455.0,33,1196.0,18.12121212121212,4.363357926008354,18,901.0,0.18923942879412803,15,868.0,0.3254668046790992,33,1769.0
460.0,31,1061.0,16.075757575757574,4.348831093871003,18,831.0,0.1634575342262451,13,846.0,0.33591876389487435,31,1677.0
465.0,36,1141.0,17.029850746268657,3.6224403861231615,22,931.0,0.09445870639565614,14,829.0,0.29996276052656323,36,1760.0
470.0,42,1315.0,19.33823529411765,3.3813282722583815,28,1055.0,0.10948957083152781,14,882.0,0.29398283669406294,42,1937.0
475.0,43,1506.0,22.47761194029851,3.588125480145417,25,1128.0,0.10820472781073612,18,954.0,0.2934621246083409,43,2082.0
480.0,43,1673.0,24.246376811594203,3.2223997875290724,25,1170.0,0.06676428801697191,18,1018.0,0.251559726539775,43,2188.0
485.0,44,1703.0,23.328767123287673,3.8162013076452155,24,1167.0,0.16037657906638697,20,1113.0,0.21796818675786706,44,2280.0
490.0,35,1490.0,20.410958904109588,4.318609330821578,15,1024.0,0.2521913012610146,20,1172.0,0.24011229560846745,35,2196.0
495.0,31,1473.0,20.17808219178082,4.671263037990011,11,906.0,0.3346824671993016,20,1206.0,0.21018905580340086,31,2112.0
500.0,33,1558.0,21.63888888888889,4.231947285156934,11,864.0,0.3383757185885772,22,1274.0,0.13927505736381138,33,2138.0
505.0,34,1691.0,24.507246376811594,4.660614989143556,15,830.0,0.30694335067921713,19,1318.0,0.15859059401956538,34,2148.0
510.0,35,1811.0,25.87142857142857,4.499628638348867,14,834.0,0.27205427464929843,21,1407.0,0.1074916982807965,35,2241.0
515.0,33,1273.0,17.2027027027027,4.970574907469509,16,884.0,0.1946053466247559,17,1146.0,0.26114739169794865,33,2030.0
520.0,28,703.0,9.901408450704226,5.205787278966674,19,939.0,0.2792697283372613,9,596.0,0.3689452987652114,28,1535.0
525.0,27,785.0,11.376811594202898,6.1078946923482595,18,969.0,0.3745988812642644,9,350.0,0.4289257153650702,27,1319.0
530.0,26,679.0,10.134328358208956,5.658079208467249,15,841.0,0.4157555521970232,11,249.0,0.17435107057687935,26,1090.0
535.0,31,493.0,7.144927536231884,4.490219859398734,16,615.0,0.2826085161671757,15,316.0,0.15707366067620065,31,931.0
540.0,35,585.0,8.73134328358209,4.0854735246517375,20,470.0,0.19613134795216253,15,389.0,0.27643445533078376,35,859.0
545.0,40,761.0,11.707692307692307,3.49387170229774,24,450.0,0.16463746029181403,16,464.0,0.291716043860286,40,914.0
550.0,43,930.0,13.880597014925373,3.1897816306517357,29,520.0,0.1061176198107828,14,515.0,0.3486642737635479,43,1035.0
555.0,42,1119.0,16.217391304347824,3.5755289677745368,29,644.0,0.0845062111305834,13,546.0,0.34840951328815195,42,1190.0
560.0,39,1217.0,17.140845070422536,4.09316101325784,26,725.0,0.0486916408432864,13,603.0,0.3850309639751205,39,1328.0
565.0,33,1176.0,16.333333333333332,4.507548738522394,18,716.0,0.1170374908580103,15,677.0,0.27284010434757017,33,1393.0
570.0,35,1266.0,17.830985915492956,4.345266870398837,15,735.0,0.23439837552095255,20,769.0,0.1840239895330952,35,1504.0
575.0,40,1196.0,16.383561643835616,3.9249183940763186,20,818.0,0.15880477840787544,20,720.0,0.270635038224498,40,1538.0
580.0,44,1213.0,16.616438356164384,3.613086899814207,23,828.0,0.20155571864654573,21,697.0,0.24794310017066856,44,1525.0
585.0,46,1385.0,18.972602739726028,3.9446597615266974,24,805.0,0.28297258651893653,22,801.0,0.20332324179619385,46,1606.0
590.0,41,1450.0,19.07894736842105,3.889551734412287,21,836.0,0.25057006811243343,20,867.0,0.22526090871849158,41,1703.0
595.0,33,1406.0,18.025641025641026,4.411815283008602,16,781.0,0.16918060786374642,17,873.0,0.2854407853698028,33,1654.0
600.0,32,1487.0,19.56578947368421,4.424945658006412,16,756.0,0.1789894981631864,16,911.0,0.2201842722273526,32,1667.0
605.0,42,1669.0,21.675324675324674,4.496442740733499,20,844.0,0.18486920995820358,22,996.0,0.2508711231594882,42,1840.0
610.0,38,1799.0,22.772151898734176,3.970210746353698,19,869.0,0.20450519320040575,19,1063.0,0.26789190348254593,38,1932.0
615.0,35,1917.0,24.576923076923077,4.931155898728244,17,890.0,0.2649878632282582,18,1107.0,0.2812409080512147,35,1997.0
620.0,33,2015.0,26.866666666666667,5.135436804073027,14,928.0,0.22455776937712854,19,1188.0,0.2783536711410559,33,2116.0
625.0,39,2180.0,28.68421052631579,4.690601522678321,19,953.0,0.062379088642208716,20,1286.0,0.22805434945398775,39,2239.0
630.0,41,2354.0,32.69444444444444,4.263724617193054,18,1026.0,0.16083155050579073,23,1388.0,0.2400822822725354,41,2414.0
635.0,36,2423.0,35.11594202898551,4.779740776364341,15,1058.0,0.2641784606633118,21,1431.0,0.23344810546009825,36,2489.0
640.0,34,2138.0,32.39393939393939,4.049856933040199,12,838.0,0.1894316675619052,22,1509.0,0.20883212462164324,34,2347.0
645.0,31,1129.0,16.850746268656717,4.385322460255496,9,511.0,0.25506917250918615,22,1333.0,0.19342633361110484,31,1844.0
650.0,23,302.0,4.4411764705882355,5.136426755962507,9,292.0,0.3248215905741543,14,898.0,0.2897297754108383,23,1190.0
655.0,22,289.0,4.013888888888889,5.633793613370312,10,193.0,0.32060383166265033,12,546.0,0.3421223690522763,22,739.0
660.0,28,413.0,5.657534246575342,5.734184736834655,12,204.0,0.3670757318773756,16,370.0,0.3326361965560685,28,574.0
665.0,37,579.0,8.271428571428572,4.761546741011901,16,272.0,0.3191537859410997,21,373.0,0.2795419474261844,37,645.0
670.0,43,781.0,11.0,3.340801192075824,19,362.0,0.2003454295202019,24,456.0,0.20876880268435913,43,818.0
675.0,43,764.0,10.465753424657533,2.4304758760697527,20,400.0,0.18404621954683273,23,505.0,0.13400671890546778,43,905.0
680.0,30,600.0,8.0,3.5265522139276437,13,371.0,0.2563986089601373,17,505.0,0.158331689508429,30,876.0
685.0,27,476.0,6.2631578947368425,4.350473081796305,11,340.0,0.31860004170440376,16,483.0,0.1715864200071859,27,823.0
690.0,24,346.0,4.379746835443038,5.6590738056609435,8,312.0,0.36612622217937385,16,390.0,0.1740026265182812,24,702.0
695.0,23,394.0,4.864197530864198,6.18777945948508,11,319.0,0.3519545258779623,12,377.0,0.23530579528840387,23,696.0
700.0,25,436.0,5.589743589743589,5.951111065726682,10,338.0,0.3149065306588522,15,352.0,0.2772885095605234,25,690.0
705.0,32,546.0,7.378378378378378,4.630172380472372,16,398.0,0.23829269590425103,16,361.0,0.1956076764949566,32,759.0
710.0,29,611.0,8.728571428571428,4.707022779791234,18,462.0,0.23147895967699658,11,316.0,0.22907719786624717,29,778.0
715.0,24,645.0,9.347826086956522,4.754339353861562,12,492.0,0.21723123794566837,12,307.0,0.1770569392579074,24,799.0
720.0,29,700.0,10.447761194029852,4.758094031303143,12,512.0,0.32425149974941025,17,377.0,0.06749289300510079,29,889.0
725.0,37,866.0,13.53125,3.997752238249272,18,561.0,0.25405126738335476,19,472.0,0.145783972395706,37,1033.0
730.0,38,973.0,14.96923076923077,2.9903078973656463,23,623.0,0.15686159491463358,15,509.0,0.17796005536614845,38,1132.0
735.0,29,1030.0,16.09375,3.7095004720913094,16,653.0,0.17412663216529403,13,517.0,0.19599461998293605,29,1170.0
740.0,25,957.0,14.073529411764707,4.5806720348400045,14,675.0,0.23571631537672813,11,480.0,0.22753858398867174,25,1155.0
745.0,28,986.0,13.694444444444445,5.367502573626161,17,720.0,0.264614288045714,11,407.0,0.31989616092762524,28,1127.0
750.0,27,690.0,10.0,5.12036792022977,18,584.0,0.2819366831135708,9,433.0,0.3827427610009187,27,1017.0
755.0,25,581.0,8.671641791044776,5.758418672871106,14,311.0,0.249977612743798,11,455.0,0.4648268056527303,25,766.0
760.0,30,702.0,10.636363636363637,4.999264702551779,19,328.0,0.1497097910111664,11,475.0,0.4069898757828487,30,803.0
765.0,36,779.0,11.803030303030303,4.51708605160637,21,366.0,0.15313747415058337,15,531.0,0.30361091248147193,36,897.0
770.0,28,722.0,11.28125,4.100534451981714,13,325.0,0.2618591678992707,15,577.0,0.14818229215553672,28,902.0
775.0,28,803.0,12.353846153846154,4.713143958920215,10,327.0,0.2727051608265168,18,617.0,0.051503234522042994,28,944.0
780.0,35,959.0,14.530303030303031,4.354774476480121,15,378.0,0.20923583561980785,20,717.0,0.18412511588809075,35,1095.0
785.0,34,1026.0,14.657142857142857,4.626323977880323,18,412.0,0.1794278515343042,16,755.0,0.30987187880179795,34,1167.0
790.0,21,1025.0,16.015625,5.409235339694051,12,430.0,0.2489920049452496,9,745.0,0.38807059630203017,21,1175.0
795.0,22,1060.0,16.5625,5.286991667016451,10,413.0,0.26429495962573374,12,761.0,0.2518845535115573,22,1174.0
800.0,31,1158.0,17.28358208955224,4.888643958243107,15,425.0,0.21101915129232526,16,812.0,0.1528685532838588,31,1237.0
805.0,36,1291.0,18.71014492753623,4.619307121406836,16,472.0,0.258251472642971,20,895.0,0.1856337837541988,36,1367.0
810.0,32,1108.0,16.53731343283582,5.064951408612721,15,547.0,0.3359248413418957,17,789.0,0.2617913641747172,32,1336.0
815.0,23,493.0,7.825396825396825,5.487078438786393,12,480.0,0.3470088124584849,11,573.0,0.4032913540542118,23,1053.0
820.0,19,250.0,3.676470588235294,5.314313140941654,10,338.0,0.30740000761372605,9,600.0,0.34246351283525256,19,938.0
825.0,30,359.0,5.202898550724638,5.254941281631697,15,261.0,0.24318016535571713,15,624.0,0.31134045438001495,30,885.0
830.0,39,435.0,6.214285714285714,4.036152702160886,18,346.0,0.1774184041714252,21,646.0,0.2091010689273146,39,992.0
835.0,32,452.0,6.550724637681159,3.83758720242276,18,400.0,0.0827076682995508,14,644.0,0.22088849250699535,32,1044.0
840.0,33,547.0,7.927536231884058,4.117529796718198,18,461.0,0.13663411602236,15,572.0,0.21453642751692809,33,1033.0
845.0,31,576.0,8.228571428571428,4.136516734995098,15,516.0,0.22758074225636094,16,408.0,0.21634038099026281,31,924.0
850.0,34,642.0,9.17142857142857,3.9579608212119246,16,583.0,0.23004021719851095,18,456.0,0.2413182010348072,34,1039.0
855.0,37,598.0,8.422535211267606,3.5627704480989055,15,528.0,0.22500005543325788,22,529.0,0.20344237466411064,37,1057.0
860.0,34,341.0,4.736111111111111,3.7386930006590955,8,343.0,0.3166521116894756,26,590.0,0.08413864890780856,34,933.0
865.0,26,280.0,4.057971014492754,4.744232433319267,5,219.0,0.3800385916037174,21,597.0,0.08335505458584355,26,816.0
870.0,20,310.0,4.366197183098592,5.885971480995305,5,122.0,0.41106687268077247,15,591.0,0.13984880532140676,20,713.0
875.0,21,356.0,5.235294117647059,6.424037850028465,7,90.0,0.32038935136280916,14,551.0,0.19940491449049624,21,641.0
880.0,23,348.0,5.523809523809524,5.541275252585455,8,126.0,0.2717106226628848,15,473.0,0.2099732649285845,23,599.0
885.0,24,389.0,6.274193548387097,5.627287311657811,9,170.0,0.3727309890449866,15,525.0,0.2320282505599095,24,695.0
890.0,30,526.0,9.228070175438596,4.8601683260720385,9,215.0,0.36641264504700954,21,594.0,0.19317885677568922,30,809.0
895.0,33,613.0,11.145454545454545,4.0749275119563775,10,261.0,0.30781262342877513,23,646.0,0.1418539698714491,33,907.0
900.0,23,522.0,9.157894736842104,4.052978546762062,9,229.0,0.2696670706995369,14,619.0,0.13002811131070002,23,848.0
905.0,21,411.0,7.472727272727273,4.820658693057628,8,258.0,0.222101788723062,13,476.0,0.27975711075896137,21,734.0
910.0,22,311.0,5.362068965517241,5.542738856365275,7,209.0,0.27992490361004063,15,432.0,0.29846885451084215,22,641.0
915.0,22,320.0,5.614035087719298,5.59612714627684,8,139.0,0.2887660664960854,14,422.0,0.34579837207235015,22,561.0
920.0,20,241.0,4.303571428571429,5.475620924399687,7,140.0,0.3250471686897806,13,364.0,0.3148076573878976,20,504.0
925.0,21,315.0,5.833333333333333,5.282345586169632,7,162.0,0.4103763696849577,14,382.0,0.23318347054364605,21,544.0
930.0,27,374.0,6.8,4.083544265476202,8,200.0,0.34821621069045094,19,417.0,0.11662137440823563,27,617.0
935.0,29,503.0,9.49056603773585,4.067884342051448,10,245.0,0.28371279962537804,19,487.0,0.15385282242510956,29,732.0
940.0,31,635.0,11.981132075471699,4.086674270314512,12,299.0,0.31975092645627284,19,527.0,0.15497515441816703,31,826.0
945.0,26,602.0,10.75,4.174581401681108,10,262.0,0.34492757756866166,16,530.0,0.1259668124894336,26,792.0
950.0,21,447.0,7.706896551724138,5.0137822655642905,6,229.0,0.3894296438336804,15,493.0,0.2611658499094893,21,722.0
955.0,16,243.0,4.2631578947368425,6.06969330290736,7,213.0,0.45248518731453435,9,369.0,0.34228674612418947,16,582.0
960.0,19,176.0,3.0344827586206895,4.764959840922431,9,200.0,0.2745236112529558,10,353.0,0.2815100140435364,19,553.0
965.0,30,258.0,4.526315789473684,4.024082907354917,12,162.0,0.2761986582763757,18,431.0,0.1557933079856763,30,593.0
970.0,32,356.0,6.245614035087719,2.93630338718421,12,204.0,0.22214220303342894,20,447.0,0.0984401539927282,32,651.0
975.0,27,439.0,7.316666666666666,3.871530458093187,14,258.0,0.1353174761403893,13,393.0,0.22909810341436396,27,651.0
980.0,24,455.0,7.338709677419355,5.642600040130411,12,270.0,0.23957109007719302,12,386.0,0.3492108888174399,24,656.0
985.0,17,461.0,7.435483870967742,7.202376271366621,6,215.0,0.3769157010921987,11,417.0,0.3564746070357065,17,632.0
990.0,17,471.0,7.476190476190476,5.931249929499734,5,196.0,0.29749562249800215,12,454.0,0.18372385378250308,17,650.0
995.0,27,504.0,8.542372881355933,5.96459428063662,10,152.0,0.380258704439626,17,532.0,0.2717784271301429,27,684.0
1000.0,24,505.0,8.859649122807017,5.269843589656677,8,161.0,0.3555403616332881,16,547.0,0.31606521625956135,24,708.0
1005.0,21,379.0,6.649122807017544,5.089703729048072,8,137.0,0.3981671511245387,13,489.0,0.25120216633961573,21,626.0
1010.0,19,271.0,4.672413793103448,4.590211626383455,6,130.0,0.30409099095593994,13,422.0,0.20028776088221759,19,552.0
1015.0,30,312.0,5.032258064516129,5.055514508072504,12,135.0,0.3319498292515318,18,393.0,0.18146532019963377,30,528.0
1020.0,30,353.0,5.786885245901639,4.8638306728317895,14,203.0,0.35706697611415816,16,416.0,0.2185443469116901,30,619.0
1025.0,23,338.0,5.540983606557377,4.917159872999303,13,237.0,0.2445848804565108,10,378.0,0.30252306637600707,23,615.0
1030.0,19,315.0,5.431034482758621,4.761106821785686,10,233.0,0.22340438555043127,9,374.0,0.26062920971984094,19,607.0
1035.0,27,337.0,5.435483870967742,4.630628130756109,11,234.0,0.2331010870541209,16,419.0,0.19138468187782523,27,653.0
1040.0,29,392.0,6.6440677966101696,4.969879265773887,12,226.0,0.288763155908487,17,417.0,0.23824082321375598,29,643.0
1045.0,27,346.0,5.864406779661017,4.822231493724816,11,188.0,0.31850162080392996,16,348.0,0.24056239577929553,27,536.0
1050.0,31,418.0,7.084745762711864,4.39466463862726,15,229.0,0.26888813331873745,16,371.0,0.25712753587997833,31,600.0
1055.0,30,461.0,7.435483870967742,4.33754572316758,14,249.0,0.2846697420654907,16,379.0,0.19698042442616534,30,628.0
1060.0,25,405.0,6.230769230769231,4.885141857246765,10,224.0,0.3918454397931926,15,372.0,0.13449522669816416,25,596.0
1065.0,19,266.0,3.911764705882353,5.77870429797256,12,247.0,0.3855959464064461,7,283.0,0.24292797629067578,19,530.0
1070.0,21,253.0,3.6666666666666665,5.665837496920898,15,261.0,0.20242015105712838,6,267.0,0.3532174785390261,21,528.0
1075.0,29,341.0,4.802816901408451,5.406805908870936,18,308.0,0.17829512565688962,11,279.0,0.38412123430084255,29,587.0
1080.0,24,342.0,5.2615384615384615,5.301889733172736,13,328.0,0.2536964829658241,11,235.0,0.37426892416165974,24,563.0
1085.0,24,270.0,4.090909090909091,4.936820796257871,10,275.0,0.2637844804896232,14,276.0,0.26104110451450174,24,551.0
1090.0,23,208.0,3.25,5.078967584553899,11,218.0,0.2049852566499292,12,246.0,0.27045222146772746,23,464.0
1095.0,22,157.0,2.492063492063492,5.259672003697755,13,249.0,0.22699200310513357,9,150.0,0.25384618315582475,22,399.0
1100.0,16,190.0,3.064516129032258,5.445335273701834,7,248.0,0.16894817048226718,9,135.0,0.2806125646181375,16,383.0
1105.0,22,267.0,4.45,5.7266300381965145,12,263.0,0.19325964998313416,10,149.0,0.28878118857563495,22,412.0
1110.0,21,274.0,4.6440677966101696,5.818951127048904,14,271.0,0.20469830305302775,7,155.0,0.3568634290774734,21,426.0
1115.0,23,305.0,5.258620689655173,5.791500405129255,15,294.0,0.22090566353292296,8,165.0,0.3555826798550782,23,459.0
1120.0,22,356.0,6.716981132075472,5.587186934415519,15,288.0,0.2757248489685373,7,197.0,0.43817990857828887,22,485.0
1125.0,25,396.0,7.92,4.7038126229563115,17,310.0,0.2249292371017369,8,231.0,0.39244457644575925,25,541.0
1130.0,20,386.0,8.041666666666666,4.592768278218197,11,270.0,0.23061669323007927,9,270.0,0.25034947906162935,20,540.0
1135.0,18,298.0,6.081632653061225,4.703038355279198,11,261.0,0.2316709839853091,7,203.0,0.23884885906288342,18,464.0
1140.0,17,193.0,4.1063829787234045,5.699953381727176,13,266.0,0.27419203569745826,4,144.0,0.36263076623520685,17,410.0
1145.0,21,223.0,4.645833333333333,5.196451109842152,15,286.0,0.2658279491366638,6,111.0,0.4216872586594839,21,397.0
1150.0,25,329.0,6.326923076923077,4.673317102211308,18,354.0,0.24306495354466415,7,129.0,0.3979215036767406,25,483.0
1155.0,27,387.0,6.910714285714286,4.71012916501317,19,374.0,0.270350129613899,8,161.0,0.3896038112850117,27,535.0
1160.0,21,402.0,6.813559322033898,5.130651663239839,12,348.0,0.24409501863241967,9,202.0,0.4049971646667615,21,550.0
1165.0,26,465.0,7.622950819672131,4.397853070200139,12,352.0,0.20702062680748196,14,255.0,0.3182633403517003,26,607.0
1170.0,30,456.0,7.015384615384615,4.0854040034710115,16,349.0,0.17009981905013946,14,266.0,0.28962673551417784,30,615.0
1175.0,28,518.0,8.35483870967742,4.703413547819866,17,385.0,0.1947826624949801,11,264.0,0.35210170481414826,28,649.0
1180.0,23,454.0,7.32258064516129,4.53473292407053,11,391.0,0.23329769605948011,12,226.0,0.24708130995626462,23,617.0
1185.0,23,366.0,5.903225806451613,5.067439109141421,12,351.0,0.18194561676544635,11,213.0,0.2642276641075908,23,564.0
1190.0,29,241.0,4.016666666666667,4.563928451062534,16,304.0,0.2373510931348443,13,174.0,0.23844003629100038,29,478.0
1195.0,30,286.0,4.766666666666667,3.9211403694473934,17,352.0,0.21770068688620453,13,188.0,0.21484453362081865,30,540.0
1200.0,35,428.0,7.016393442622951,3.4011147110638125,18,413.0,0.21397337866401944,17,258.0,0.1965305315259,35,671.0
1205.0,36,538.0,8.819672131147541,3.6317465384794194,17,454.0,0.23561503188648816,19,348.0,0.17603607595404244,36,802.0
1210.0,30,458.0,7.046153846153846,3.8723187744498704,12,423.0,0.2272971284811218,18,378.0,0.15015156274558789,30,801.0
1215.0,18,292.0,4.424242424242424,4.89000379968318,5,332.0,0.24578885668879033,13,332.0,0.21344837057334232,18,664.0
1220.0,25,247.0,3.6323529411764706,5.116970431751849,12,278.0,0.16233510174383034,13,329.0,0.3032880564166732,25,607.0
1225.0,28,214.0,3.1470588235294117,5.293027409102947,16,275.0,0.23171860092542743,12,286.0,0.3332161159069315,28,561.0
1230.0,29,281.0,4.257575757575758,5.043319862917243,15,291.0,0.32593494840908294,14,310.0,0.24323393268361812,29,601.0
1235.0,33,327.0,5.190476190476191,3.361269275722978,14,305.0,0.19462630044424306,19,326.0,0.21508265967966017,33,631.0
1240.0,29,267.0,4.107692307692307,3.4241422921336198,12,250.0,0.21239444479912495,17,340.0,0.15765046628957247,29,590.0
1245.0,20,224.0,3.393939393939394,4.275776597856799,8,273.0,0.21818227065431942,12,298.0,0.20054624667322266,20,571.0
1250.0,20,233.0,3.426470588235294,5.251449375048461,10,296.0,0.20056503926332667,10,277.0,0.30519547208951797,20,573.0
1255.0,25,255.0,3.6956521739130435,5.384687473609102,14,300.0,0.17367839183309,11,229.0,0.3635285610595322,25,529.0
1260.0,21,283.0,4.492063492063492,5.226209010833761,11,257.0,0.26205083638096394,10,243.0,0.2723175617263625,21,500.0
1265.0,21,327.0,5.274193548387097,5.5657710901005775,7,274.0,0.28601136263965066,14,257.0,0.18459552377549976,21,531.0
1270.0,27,411.0,6.134328358208955,4.400474795955191,14,327.0,0.1709758020785394,13,283.0,0.1356860761307825,27,610.0
1275.0,32,500.0,7.462686567164179,5.074001708630651,18,358.0,0.27814939693489915,14,312.0,0.2753061380640747,32,670.0
1280.0,20,490.0,7.65625,5.962309993923961,8,326.0,0.4223566817295747,12,319.0,0.3290563448899108,20,645.0
1285.0,20,539.0,8.555555555555555,5.504121532900027,10,373.0,0.3627508328233531,10,316.0,0.321502006298317,20,689.0
1290.0,29,536.0,8.121212121212121,3.895815218163139,17,449.0,0.19567015918799366,12,303.0,0.23510306861033245,29,752.0
1295.0,35,595.0,8.75,3.9896977659582595,21,502.0,0.14499171165585123,14,238.0,0.3032483066917998,35,740.0
1300.0,28,573.0,8.304347826086957,4.941405826594018,17,518.0,0.24630487476136526,11,232.0,0.2833028919681953,28,750.0
1305.0,22,459.0,6.6521739130434785,5.429601616143002,13,481.0,0.2716367721295575,9,175.0,0.24552751887165436,22,656.0
1310.0,21,386.0,5.676470588235294,5.16465133700949,12,457.0,0.18294795213446755,9,153.0,0.2840275738606928,21,610.0
1315.0,28,280.0,4.17910447761194,5.05511212327085,17,357.0,0.18435464063724205,11,203.0,0.33987917807087,28,560.0
1320.0,29,277.0,4.134328358208955,4.5996307652307635,21,340.0,0.1770012283626082,8,189.0,0.3912888518366208,29,529.0
1325.0,30,328.0,4.96969696969697,4.844576428580508,20,377.0,0.19810089727949912,10,155.0,0.42782821015112865,30,532.0
1330.0,24,244.0,3.6417910447761193,5.522163861560597,13,363.0,0.28839208012788975,11,164.0,0.36006140419051275,24,527.0
1335.0,23,276.0,4.0,4.9650529438157855,13,408.0,0.25653496491498584,10,179.0,0.25100875673331147,23,587.0
1340.0,29,270.0,3.9130434782608696,4.769720633158262,16,449.0,0.2954341893028163,13,173.0,0.16830829920255402,29,622.0
1345.0,29,280.0,4.117647058823529,4.005603048983617,21,484.0,0.15753009848787228,8,137.0,0.2902169859991595,29,621.0
1350.0,25,351.0,5.086956521739131,5.081340588259729,17,465.0,0.1585823253477161,8,135.0,0.37335185739756366,25,600.0
1355.0,21,355.0,5.144927536231884,6.2258398954614655,13,443.0,0.20774050676181796,8,147.0,0.45296279732326106,21,590.0
1360.0,22,229.0,3.523076923076923,5.890363381067373,15,400.0,0.17885655972205905,7,137.0,0.4027137512305532,22,537.0
1365.0,28,266.0,4.15625,4.69289659221135,19,436.0,0.07290880485154191,9,139.0,0.3485047383414284,28,575.0
1370.0,31,370.0,6.065573770491803,4.291384988031651,23,497.0,0.1648963420455334,8,156.0,0.22740907879023556,31,653.0
1375.0,29,490.0,8.305084745762711,5.058376371031261,21,539.0,0.1899097615610343,8,176.0,0.353542508870113,29,715.0
1380.0,29,534.0,8.9,5.180825867031316,21,555.0,0.13102727965012917,8,170.0,0.40561309492223313,29,725.0
1385.0,26,508.0,8.193548387096774,5.308590832505216,19,568.0,0.2154877717512896,7,120.0,0.4106121877214843,26,688.0
1390.0,21,375.0,6.048387096774194,5.93996858977417,12,479.0,0.33661271069620297,9,149.0,0.4060829267926091,21,628.0
1395.0,22,454.0,7.694915254237288,6.364815072792474,10,379.0,0.42848583042358046,12,203.0,0.2957029867803656,22,582.0
1400.0,22,506.0,8.576271186440678,5.992094869679645,12,351.0,0.3961384676446435,10,230.0,0.13621945626724286,22,581.0
1405.0,22,474.0,9.294117647058824,5.648864811469795,12,330.0,0.3518297587649601,10,229.0,0.1433368677433827,22,559.0
1410.0,17,295.0,5.784313725490196,5.309748946434256,11,262.0,0.21554204277414243,6,192.0,0.29945112616694275,17,454.0
1415.0,19,295.0,5.784313725490196,5.737927929104862,14,266.0,0.24489973090757564,5,156.0,0.4915996966575341,19,422.0
1420.0,19,234.0,4.68,5.935249446775052,15,291.0,0.2825091660692664,4,56.0,0.5157828105906453,19,347.0
1425.0,20,221.0,4.092592592592593,5.160163442106316,16,294.0,0.21038767780680165,4,72.0,0.5004365217696094,20,366.0
1430.0,25,239.0,4.345454545454546,5.455790891661932,19,320.0,0.21657905596495408,6,80.0,0.5152799251223775,25,400.0
1435.0,25,285.0,5.181818181818182,4.792958340520045,17,341.0,0.2470729122760833,8,64.0,0.4136056066355287,25,405.0
1440.0,22,306.0,5.464285714285714,4.3585778221342775,15,327.0,0.19424631841839812,7,89.0,0.37072041794093225,22,416.0
1445.0,21,244.0,4.135593220338983,5.094800947400355,15,337.0,0.17926857067103763,6,65.0,0.3953751694437104,21,402.0
1450.0,18,190.0,3.1666666666666665,5.71686132271763,11,285.0,0.2560545368081465,7,68.0,0.2971975998825264,18,353.0
1455.0,22,234.0,3.9,5.334432242584476,10,289.0,0.26554065679554456,12,114.0,0.24013676300583917,22,403.0
1460.0,24,228.0,3.9310344827586206,5.150223367961991,11,307.0,0.269146101121834,13,153.0,0.3223926175534828,24,460.0
1465.0,18,251.0,4.4035087719298245,5.523220610402572,10,286.0,0.30808166304479184,8,154.0,0.364195972371277,18,440.0
1470.0,18,225.0,4.090909090909091,5.87800393784642,13,289.0,0.2296846575678117,5,104.0,0.41879733709196887,18,393.0
1475.0,20,294.0,5.068965517241379,5.597932720012102,12,317.0,0.2667561826984634,8,99.0,0.30302583631148694,20,416.0
1480.0,21,342.0,5.7,5.715693706728744,11,325.0,0.3652048174441329,10,131.0,0.2935450020042794,21,456.0
1485.0,25,330.0,5.32258064516129,5.7383550225319215,11,275.0,0.37832321208556163,14,159.0,0.3045961404539268,25,434.0
1490.0,24,388.0,6.466666666666667,5.4560971665869955,14,312.0,0.32139434072469997,10,176.0,0.3669874737082317,24,488.0
1495.0,21,331.0,5.706896551724138,5.25790692518738,16,319.0,0.3011475505392813,5,139.0,0.3089364054020086,21,458.0
1500.0,25,312.0,5.114754098360656,5.326410523412124,17,282.0,0.21569617369151536,8,149.0,0.353300391693072,25,431.0
1505.0,23,243.0,3.796875,5.038112690535986,16,291.0,0.21173508509646233,7,147.0,0.3566758178101202,23,438.0
1510.0,19,259.0,4.245901639344262,6.146504248295834,12,279.0,0.29579288949402605,7,152.0,0.5135023840754345,19,431.0
1515.0,21,327.0,5.5423728813559325,5.425141419188763,14,296.0,0.308854310125912,7,179.0,0.35173649790059575,21,475.0
1520.0,27,422.0,6.918032786885246,4.451944034206172,16,315.0,0.2587641046399707,11,232.0,0.17688291507210563,27,547.0
1525.0,29,325.0,5.327868852459017,4.308805939880267,18,359.0,0.2121498917586105,11,170.0,0.24840493028462124,29,529.0
1530.0,32,466.0,7.766666666666667,4.751973269338462,23,434.0,0.18887886130720646,9,163.0,0.4155010708275266,32,597.0
1535.0,28,450.0,7.377049180327869,4.426243694040159,21,483.0,0.2207752656645988,7,150.0,0.27162999915878494,28,633.0
1540.0,19,364.0,5.6,5.543616230957486,15,476.0,0.24359185561983304,4,79.0,0.32190494843080014,19,555.0
1545.0,20,439.0,6.753846153846154,6.6900300141586495,15,476.0,0.2711731961290347,5,71.0,0.46585055889836235,20,547.0
1550.0,19,391.0,6.2063492063492065,6.652705294815287,16,478.0,0.230037511824592,3,24.0,0.5462445598570006,19,502.0
1555.0,21,405.0,6.864406779661017,6.141950031368966,17,469.0,0.2450400782376642,4,45.0,0.4736809437041843,21,514.0
1560.0,19,253.0,4.517857142857143,5.325683651726689,16,410.0,0.2791947559648289,3,45.0,0.39197738008431343,19,455.0
1565.0,21,230.0,4.107142857142857,5.287109510113013,15,338.0,0.2897837878424344,6,52.0,0.38110246978942186,21,390.0
1570.0,23,263.0,4.614035087719298,4.871432617662169,18,376.0,0.2654506077577416,5,68.0,0.4517363896659789,23,444.0
1575.0,23,286.0,4.688524590163935,5.0677538496913135,15,361.0,0.2170471468050764,8,98.0,0.3743667287392252,23,459.0
1580.0,25,306.0,5.016393442622951,5.088072338488464,21,404.0,0.198115661735327,4,74.0,0.47098155155822874,25,478.0
1585.0,26,378.0,6.406779661016949,5.364199840353201,23,484.0,0.17778871134621846,3,37.0,0.5453814216532515,26,521.0
1590.0,27,354.0,6.103448275862069,4.3535279822700055,22,504.0,0.09939331542471787,5,50.0,0.4506511634034051,27,554.0
1595.0,30,405.0,6.982758620689655,4.369201713601856,25,517.0,0.07251093432031701,5,45.0,0.4697345577991573,30,562.0
1600.0,30,447.0,7.576271186440678,4.948476680534803,24,549.0,0.17237217996037332,6,68.0,0.5275620888525961,30,617.0
1605.0,25,370.0,6.271186440677966,5.4040373882313615,20,546.0,0.2711570984877177,5,73.0,0.4585810901142132,25,619.0
1610.0,26,335.0,5.403225806451613,4.602960507496824,19,541.0,0.264199650320119,7,86.0,0.3307154035144617,26,627.0
1615.0,23,210.0,3.28125,5.036590387704591,15,483.0,0.2753983571335502,8,97.0,0.36828052305193726,23,580.0
1620.0,24,279.0,4.359375,5.689784276398543,16,512.0,0.23815066362564902,8,92.0,0.44833113846394185,24,604.0
1625.0,26,305.0,4.841269841269841,4.698289272109843,18,502.0,0.13133176792482926,8,97.0,0.34049663603453656,26,599.0
1630.0,26,295.0,4.758064516129032,4.905147774825387,21,546.0,0.02802406233754365,5,62.0,0.46709093381214806,26,608.0
1635.0,30,383.0,6.491525423728813,5.360043921874845,22,564.0,0.09298938339542809,8,77.0,0.44188334756234343,30,641.0
1640.0,25,375.0,6.25,5.575770405163652,19,582.0,0.1268166314816155,6,101.0,0.4619516339114179,25,683.0
1645.0,25,376.0,6.163934426229508,5.275433299469417,19,594.0,0.17940884434576237,6,91.0,0.3788335915689265,25,685.0
1650.0,25,386.0,6.433333333333334,5.50408766495025,17,573.0,0.23005082604417731,8,87.0,0.4760522812572995,25,660.0
1655.0,18,245.0,3.888888888888889,5.965549103341801,10,448.0,0.359859758963484,8,100.0,0.39640921367878035,18,548.0
1660.0,23,349.0,5.5396825396825395,6.231324661501366,12,378.0,0.4459328791277142,11,148.0,0.22498345686897894,23,526.0
1665.0,26,409.0,6.390625,6.00901246483051,14,386.0,0.41574336879775703,12,172.0,0.1576363526581523,26,558.0
1670.0,23,413.0,6.3538461538461535,5.860223526768644,14,399.0,0.2974396818893381,9,160.0,0.24198967145370653,23,559.0
1675.0,27,494.0,7.841269841269841,5.496316762546007,19,458.0,0.17459712860769624,8,165.0,0.32044258399275655,27,623.0
1680.0,28,484.0,7.5625,5.049757986637595,18,426.0,0.15735272181517154,10,214.0,0.38709128457514735,28,640.0
1685.0,25,478.0,8.241379310344827,5.38695085087834,16,353.0,0.27479211859578845,9,250.0,0.41306624029893113,25,603.0
1690.0,23,473.0,8.016949152542374,4.443048453202573,15,371.0,0.2095773723215821,8,261.0,0.3699292840172268,23,632.0
1695.0,30,292.0,4.5625,4.239872382706663,19,367.0,0.26520264984291597,11,190.0,0.29092856148751467,30,557.0
1700.0,25,271.0,4.1692307692307695,4.012284070522668,14,385.0,0.25217121655380453,11,190.0,0.28630959889135793,25,575.0
1705.0,25,266.0,4.03030303030303,4.685845608484726,13,365.0,0.28366668196428396,12,199.0,0.29702906081761504,25,564.0
1710.0,28,326.0,4.865671641791045,5.025718810404376,20,438.0,0.20974453658895237,8,142.0,0.3013130513885794,28,580.0
1715.0,28,354.0,5.057142857142857,4.511144717819974,19,469.0,0.1547339558392678,9,164.0,0.21327300578008204,28,633.0
1720.0,32,410.0,5.774647887323944,5.662704282302598,14,470.0,0.33092538985238246,18,214.0,0.24028240469538795,32,684.0
1725.0,30,439.0,6.455882352941177,5.141418244787841,16,473.0,0.2731141521896921,14,232.0,0.30733278664860425,30,705.0
1730.0,29,469.0,7.328125,4.482060391175366,14,449.0,0.2105686520661107,15,267.0,0.3196045205674954,29,716.0
1735.0,30,363.0,5.584615384615384,4.107627405473428,14,408.0,0.2241333753994909,16,291.0,0.29361043469138437,30,699.0
1740.0,31,371.0,5.537313432835821,4.2505992313251,15,360.0,0.24685074025436485,16,304.0,0.2948449429853034,31,664.0
1745.0,37,367.0,5.318840579710145,4.225054182508525,19,377.0,0.2830400981849704,18,309.0,0.23670006526686288,37,686.0
1750.0,26,268.0,3.7746478873239435,5.012037788549125,15,387.0,0.33372095582656075,11,255.0,0.21476843268087098,26,642.0
1755.0,28,344.0,4.712328767123288,4.961226536350187,16,401.0,0.1720119143088016,12,215.0,0.3083660392120339,28,616.0
1760.0,30,344.0,4.712328767123288,4.824403992582783,18,398.0,0.18335807944011076,12,222.0,0.33016284332260126,30,620.0
1765.0,31,363.0,4.972602739726027,4.8239590594486215,17,424.0,0.23997784579272252,14,244.0,0.32252849670130773,31,668.0
1770.0,32,388.0,5.6231884057971016,4.696923014426786,16,421.0,0.29451949030712404,16,289.0,0.2596470525410269,32,710.0
1775.0,28,444.0,6.434782608695652,4.303602639293155,17,455.0,0.18516022018973058,11,291.0,0.22837190302435964,28,746.0
1780.0,32,563.0,8.159420289855072,4.5741657006728,20,506.0,0.08597831813454329,12,319.0,0.29888545134367683,32,825.0
1785.0,35,449.0,6.507246376811594,3.931468789074344,23,535.0,0.05171914744316662,12,266.0,0.22631648030657903,35,801.0
1790.0,36,576.0,8.470588235294118,4.734605136793033,21,533.0,0.14143309947532723,15,272.0,0.3112429626507537,36,805.0
1795.0,31,544.0,8.5,4.901901949873212,17,558.0,0.21109741306719002,14,252.0,0.34281007400747404,31,810.0
1800.0,26,522.0,8.419354838709678,5.598043131364808,12,516.0,0.30399559704326573,14,230.0,0.28499290520452997,26,746.0
1805.0,31,589.0,9.816666666666666,4.058075806477968,14,510.0,0.2442294821753123,17,260.0,0.11990100203009522,31,770.0
1810.0,25,568.0,9.015873015873016,5.0208436587601915,12,498.0,0.25973065771815784,13,266.0,0.14915006632537484,25,764.0
1815.0,21,520.0,8.524590163934427,5.687202420555596,9,457.0,0.37443449880719826,12,250.0,0.16502114666981155,21,707.0
1820.0,28,580.0,9.206349206349206,6.104281943309844,13,506.0,0.30934106342084255,15,211.0,0.2918821817013655,28,717.0
1825.0,25,612.0,10.032786885245901,5.306367715791902,12,551.0,0.27001120333740664,13,232.0,0.3138346013594147,25,783.0
1830.0,30,716.0,11.933333333333334,5.040360756608581,14,603.0,0.31938915014378605,16,249.0,0.24872740946560318,30,852.0
1835.0,26,562.0,9.064516129032258,5.196337294434886,12,501.0,0.29349315545886034,14,264.0,0.252370885679635,26,765.0
1840.0,20,298.0,4.966666666666667,6.172173403093656,10,369.0,0.3408779325628202,10,223.0,0.3118979239120237,20,592.0
1845.0,18,245.0,4.375,5.082147630908536,10,389.0,0.2501117912889574,8,206.0,0.30946402607640494,18,595.0
1850.0,28,294.0,4.983050847457627,4.4839037352198785,16,439.0,0.2328103089092916,12,179.0,0.2285029649289209,28,618.0
1855.0,26,296.0,4.852459016393443,4.586361007839248,16,446.0,0.30116595622011766,10,206.0,0.2779562162967077,26,652.0
1860.0,24,382.0,5.96875,5.902897921279904,15,479.0,0.32274345663503884,9,223.0,0.41471672751026323,24,702.0
1865.0,24,405.0,6.328125,6.232341411774016,14,502.0,0.3095677626236567,10,249.0,0.42063476441234154,24,751.0
1870.0,20,287.0,4.484375,6.232257391890706,12,465.0,0.2549396016583599,8,195.0,0.3403997663265191,20,660.0
1875.0,28,347.0,5.688524590163935,4.766463102404196,15,406.0,0.16649242129920794,13,208.0,0.22606881082058047,28,614.0
1880.0,29,330.0,5.689655172413793,4.260480474207369,16,300.0,0.1780117198994043,13,239.0,0.2309718216887253,29,539.0
1885.0,27,376.0,6.372881355932203,4.51537002949796,14,340.0,0.2524601220272588,13,254.0,0.27664404092381545,27,594.0
1890.0,28,365.0,6.186440677966102,4.370284235804937,15,356.0,0.2801532689436217,13,264.0,0.30150927928918203,28,620.0
1895.0,27,335.0,5.583333333333333,4.673252740051249,15,371.0,0.2649827777032367,12,249.0,0.37971105719095666,27,620.0
1900.0,21,302.0,4.870967741935484,5.05663851639654,11,360.0,0.3217505540475613,10,250.0,0.2971266435937633,21,610.0
1905.0,21,326.0,5.015384615384615,5.10384166123676,11,340.0,0.2929682822485307,10,208.0,0.24272246283158652,21,548.0
1910.0,20,306.0,4.857142857142857,5.932465597508571,11,301.0,0.23292501945072522,9,208.0,0.39624764122272915,20,509.0
1915.0,27,242.0,3.8412698412698414,5.580745755726876,14,277.0,0.29636008213546733,13,215.0,0.36287835836164956,27,492.0
1920.0,29,326.0,5.258064516129032,5.072367252107442,15,279.0,0.3112086036698305,14,244.0,0.3394889109077256,29,523.0
1925.0,31,418.0,6.430769230769231,4.9059960133147325,14,315.0,0.2934943176286483,17,288.0,0.3176915084256265,31,603.0
1930.0,25,412.0,6.5396825396825395,4.40963025289364,10,303.0,0.3305759349582998,15,333.0,0.18780204026402947,25,636.0
1935.0,24,443.0,6.611940298507463,5.434825075462063,10,310.0,0.3236843115369824,14,332.0,0.22123775866212445,24,642.0
1940.0,23,477.0,7.571428571428571,5.247837215572263,11,341.0,0.24603437011112345,12,307.0,0.20961304479367565,23,648.0
1945.0,24,396.0,6.092307692307692,5.085806707690839,11,349.0,0.23405902493081146,13,270.0,0.22374055467635376,24,619.0
1950.0,27,483.0,7.546875,5.210895388503328,15,366.0,0.2829111181174011,12,292.0,0.28726946573287865,27,658.0
1955.0,25,373.0,6.114754098360656,5.494582130666252,12,291.0,0.28021487036345255,13,311.0,0.3661942168165286,25,602.0
1960.0,26,286.0,4.8474576271186445,4.67741056065174,13,178.0,0.17432476452989715,13,307.0,0.3207160511058734,26,485.0
1965.0,27,304.0,4.903225806451613,5.4197394236428895,15,204.0,0.2873773459974113,12,291.0,0.3307194745659556,27,495.0
1970.0,26,378.0,6.3,5.40525649316209,12,250.0,0.42098898946768903,14,301.0,0.223875420566713,26,551.0
1975.0,22,323.0,5.295081967213115,4.423765777864281,10,253.0,0.34446799424467034,12,304.0,0.1996071975723682,22,557.0
1980.0,24,253.0,4.080645161290323,4.6060494672473276,8,188.0,0.3091242043572239,16,293.0,0.18796134865746425,24,481.0
1985.0,21,324.0,5.311475409836065,5.742358970712067,7,144.0,0.3817310324610629,14,323.0,0.20027616076522453,21,467.0
1990.0,15,300.0,5.0,5.72350402822279,5,130.0,0.32235465132897967,10,337.0,0.13304823584045425,15,467.0
1995.0,27,390.0,6.610169491525424,4.879720735681052,13,157.0,0.1666876186535491,14,376.0,0.22081912107320578,27,533.0
2000.0,24,288.0,4.88135593220339,5.17580771374329,13,206.0,0.27682627818559435,11,307.0,0.23361543052061923,24,513.0
2005.0,19,312.0,5.672727272727273,6.235908848126161,7,215.0,0.4345934827831482,12,256.0,0.24534283102673396,19,471.0
2010.0,23,354.0,6.103448275862069,5.455100665948974,10,244.0,0.38090179307966376,13,260.0,0.21692102532442772,23,504.0
2015.0,25,416.0,6.933333333333334,5.719242025774105,13,303.0,0.3526356668809612,12,226.0,0.2876965756108985,25,529.0
2020.0,28,398.0,7.37037037037037,3.69808720795399,17,352.0,0.27340031767135986,11,190.0,0.269166163875422,28,542.0
2025.0,17,362.0,6.464285714285714,4.662542615246546,10,378.0,0.16151771750950306,7,123.0,0.3764364481075349,17,501.0
2030.0,19,298.0,5.0508474576271185,5.2797264143100655,11,325.0,0.2129407129923135,8,116.0,0.3042978794601891,19,441.0
2035.0,22,267.0,4.45,6.329768002985092,14,292.0,0.22654884635573538,8,107.0,0.3301702236364944,22,399.0
2040.0,23,353.0,6.192982456140351,5.926017383864268,15,343.0,0.25303639167065317,8,142.0,0.42505982301722334,23,485.0
2045.0,14,303.0,5.716981132075472,5.36850673259284,10,355.0,0.25423083533249685,4,121.0,0.3620908758334019,14,476.0
2050.0,21,332.0,6.384615384615385,5.175957430135138,13,386.0,0.19284109435056496,8,103.0,0.408438284567466,21,489.0
2055.0,23,344.0,6.37037037037037,4.960789188918362,15,403.0,0.19806660498521644,8,86.0,0.339211783538858,23,489.0
2060.0,25,259.0,4.796296296296297,4.475841266661135,13,299.0,0.2622691703314437,12,134.0,0.258381486234775,25,433.0
2065.0,24,276.0,5.411764705882353,4.730472092345678,14,289.0,0.2665227430710106,10,143.0,0.3484570138713031,24,432.0
2070.0,23,288.0,5.76,4.650933869789775,15,307.0,0.1445703477594658,8,128.0,0.44124735087089967,23,435.0
2075.0,13,198.0,3.96,5.731467883577263,7,261.0,0.29355691909691306,6,131.0,0.36286251109131396,13,392.0
2080.0,17,165.0,3.173076923076923,5.142518271071745,7,189.0,0.33150142153403833,10,120.0,0.15001325794444612,17,309.0
2085.0,25,249.0,4.69811320754717,4.910931874035703,13,238.0,0.25925379627051215,12,163.0,0.21218663381162614,25,401.0
2090.0,16,265.0,5.0,5.735317659261876,11,249.0,0.27214713269383944,5,161.0,0.3556732090371366,16,410.0
2095.0,14,303.0,5.826923076923077,7.312446463631654,9,222.0,0.30871460398832073,5,153.0,0.46378911306784615,14,375.0
2100.0,17,304.0,5.735849056603773,6.67629553473579,9,199.0,0.24847034991387837,8,176.0,0.2938697793683965,17,375.0
2105.0,16,215.0,4.056603773584905,6.386375287880188,12,194.0,0.2600577933964469,4,95.0,0.2377485716316879,16,289.0
2110.0,16,153.0,3.25531914893617,6.620948256512302,10,181.0,0.3216149100997007,6,56.0,0.4392334127066991,16,237.0
2115.0,15,197.0,4.690476190476191,6.485365064503959,10,152.0,0.33556332796639404,5,81.0,0.546440036950232,15,233.0
2120.0,14,154.0,3.422222222222222,4.949806471645655,10,153.0,0.20294789393634013,4,65.0,0.4316961119291091,14,218.0
2125.0,14,178.0,4.238095238095238,6.196568224073815,7,124.0,0.3222542982015295,7,74.0,0.46850743338101086,14,198.0
2130.0,10,131.0,2.847826086956522,6.101370837678685,4,93.0,0.4044879965786782,6,95.0,0.3033226001182524,10,188.0
2135.0,15,186.0,3.9574468085106385,7.146118424754016,7,75.0,0.48639282207430085,8,122.0,0.26568340161155163,15,197.0
2140.0,15,212.0,4.608695652173913,6.362941295993956,6,83.0,0.31996742727439603,9,148.0,0.32604359354173856,15,231.0
2145.0,17,275.0,6.395348837209302,6.268110716059079,7,86.0,0.2040589743642784,10,193.0,0.30495842501102716,17,279.0
2150.0,15,219.0,5.341463414634147,5.559331873968203,9,117.0,0.10521329589836073,6,166.0,0.27534126180093876,15,283.0
2155.0,17,218.0,4.954545454545454,5.940550140423107,13,173.0,0.20058491398388364,4,90.0,0.35898609570310064,17,263.0
2160.0,14,198.0,4.4,5.913011036437922,9,175.0,0.40228102326204923,5,86.0,0.31532380897733653,14,261.0
2165.0,16,243.0,5.282608695652174,7.089176590293919,7,176.0,0.4908810285361905,9,119.0,0.4268577560208313,16,295.0
2170.0,14,204.0,4.25,6.204992171204366,8,153.0,0.28617218644115694,6,134.0,0.467102388493561,14,287.0
2175.0,22,272.0,5.230769230769231,5.8881942469519695,14,159.0,0.29107844810512057,8,174.0,0.42751089799530617,22,333.0
2180.0,19,272.0,5.333333333333333,5.325316617093446,11,199.0,0.27961336559033384,8,167.0,0.4997471847265629,19,366.0
2185.0,23,354.0,6.4363636363636365,5.514865552889575,13,242.0,0.2673133850220847,10,172.0,0.4808973627475229,23,414.0
2190.0,24,280.0,4.912280701754386,5.088803054154286,13,228.0,0.306155219985536,11,176.0,0.3586875676583778,24,404.0
2195.0,21,194.0,3.2333333333333334,5.096548996517933,6,150.0,0.42446809056131624,15,173.0,0.21536933836921543,21,323.0
2200.0,22,253.0,4.216666666666667,4.670275086066147,8,145.0,0.3465081115929201,14,205.0,0.18807154367463,22,350.0
2205.0,25,255.0,4.112903225806452,4.978217968281148,11,161.0,0.3151548790140891,14,223.0,0.2616647398745664,25,384.0
2210.0,19,270.0,4.5,4.456647087004588,8,170.0,0.25386415681338487,11,217.0,0.28939931889309234,19,387.0
2215.0,24,347.0,5.982758620689655,5.082496414969941,9,163.0,0.2973602849656108,15,244.0,0.20585656102040786,24,407.0
2220.0,24,360.0,6.101694915254237,5.224774635669711,11,195.0,0.26272836327915006,13,254.0,0.09674515425327311,24,449.0
2225.0,21,399.0,6.879310344827586,5.924256718414616,8,215.0,0.2707478313662275,13,244.0,0.09223967237842151,21,459.0
2230.0,22,369.0,7.096153846153846,5.509704620279493,9,228.0,0.3148045095018935,13,255.0,0.12090472453414983,22,483.0
2235.0,20,396.0,7.92,5.172971077721461,8,208.0,0.32129754196580773,12,263.0,0.30717747334741563,20,471.0
2240.0,18,312.0,6.24,6.395202537459735,8,187.0,0.38147587396669386,10,276.0,0.4518031012905248,18,463.0
2245.0,16,236.0,4.452830188679245,5.601964399326422,9,206.0,0.4030458937597065,7,230.0,0.3448360795348825,16,436.0
2250.0,23,331.0,5.706896551724138,5.545795822010176,12,238.0,0.32519048311959364,11,210.0,0.38012316933054924,23,448.0
2255.0,22,260.0,4.482758620689655,4.945442807992572,10,253.0,0.33797624926324454,12,196.0,0.37113585594438575,22,449.0
2260.0,18,297.0,5.120689655172414,5.830245840828042,9,245.0,0.3493552615732666,9,181.0,0.3584756249359105,18,426.0
2265.0,21,331.0,5.516666666666667,4.429931023408854,11,236.0,0.1770471573641378,10,192.0,0.18627621660860988,21,428.0
2270.0,28,380.0,5.9375,4.414220394151026,13,244.0,0.209379640204017,15,245.0,0.14313172205840635,28,489.0
2275.0,29,365.0,5.7936507936507935,4.403943490509182,10,278.0,0.314172054852587,19,259.0,0.20360941878584443,29,537.0
2280.0,27,415.0,6.80327868852459,4.789296588991885,12,303.0,0.3699299299902892,15,247.0,0.24588834546147506,27,550.0
2285.0,25,401.0,6.365079365079365,5.197508938507944,12,308.0,0.3765886340165362,13,272.0,0.27554925675690184,25,580.0
2290.0,24,410.0,6.119402985074627,5.362434301316887,16,356.0,0.2599856398369427,8,241.0,0.30612684493777675,24,597.0
2295.0,25,462.0,6.895522388059701,4.600541266319591,16,386.0,0.1566862640258261,9,256.0,0.30475018940059345,25,642.0
2300.0,31,522.0,7.909090909090909,4.942099064129515,16,410.0,0.18215647216412886,15,285.0,0.2804302141431491,31,695.0
2305.0,32,353.0,5.268656716417911,4.07891732445574,15,298.0,0.14953785574770934,17,322.0,0.23994399342666345,32,620.0
2310.0,32,402.0,5.742857142857143,4.7470457233920555,15,305.0,0.2795923698274089,17,330.0,0.21352071320895938,32,635.0
2315.0,32,377.0,5.385714285714286,4.728105876479815,14,290.0,0.35419360575366915,18,344.0,0.2435965854458866,32,634.0
2320.0,18,191.0,2.6901408450704225,5.38082428401291,6,233.0,0.4302737724460918,12,290.0,0.18192211683486847,18,523.0
2325.0,18,217.0,3.056338028169014,5.919348511956646,7,223.0,0.35749597756177987,11,264.0,0.22672941929550539,18,487.0
2330.0,21,264.0,3.6666666666666665,6.242444261700019,12,195.0,0.27761311766491087,9,255.0,0.32596253843510575,21,450.0
2335.0,30,325.0,4.850746268656716,4.8665321313474745,17,227.0,0.1928379057836444,13,271.0,0.3174549016515482,30,498.0
2340.0,34,452.0,6.848484848484849,4.40463285563073,20,298.0,0.19863867865861892,14,317.0,0.3618972542564913,34,615.0
2345.0,26,497.0,7.765625,5.231513903667912,16,309.0,0.2383055898703739,10,334.0,0.37518189463788143,26,643.0
2350.0,21,463.0,7.349206349206349,4.98768339547035,11,246.0,0.23178731439949085,10,354.0,0.2566270098956352,21,600.0
2355.0,21,494.0,7.484848484848484,5.333318185291946,7,222.0,0.33142424352559635,14,398.0,0.12452103812986288,21,620.0
2360.0,24,373.0,5.828125,5.86707424420278,9,207.0,0.37313551665642525,15,342.0,0.21947794071130494,24,549.0
2365.0,27,412.0,6.338461538461538,5.397394015459412,13,229.0,0.3195051490291769,14,333.0,0.26514755974116705,27,562.0
2370.0,28,446.0,6.371428571428571,5.094066050306336,16,227.0,0.30774511304057517,12,363.0,0.3039732564514101,28,590.0
2375.0,26,468.0,6.410958904109589,5.820886151788074,17,242.0,0.31370863237906926,9,339.0,0.45035038558577306,26,581.0
2380.0,20,244.0,3.436619718309859,5.958482016837447,12,218.0,0.30770205983341226,8,238.0,0.4184460981393526,20,456.0
2385.0,27,231.0,3.347826086956522,4.881535014781581,16,231.0,0.20888418500050007,11,115.0,0.31902184741026157,27,346.0
2390.0,36,285.0,4.130434782608695,3.8127799471504105,22,281.0,0.1549712906521039,14,149.0,0.18347687827545142,36,430.0
2395.0,29,306.0,5.016393442622951,3.960321775205037,17,321.0,0.17114071349486493,12,169.0,0.25699391299567775,29,490.0
2400.0,29,364.0,5.967213114754099,4.021531362891915,17,332.0,0.1240824538910639,12,188.0,0.24174905137996844,29,520.0
2405.0,32,433.0,7.098360655737705,4.428223306516424,20,370.0,0.151335439388701,12,227.0,0.29687689509737425,32,597.0
2410.0,25,357.0,5.95,4.996879025968868,14,352.0,0.169369234537619,11,216.0,0.332095736025627,25,568.0
2415.0,25,403.0,6.5,5.25898247741741,13,378.0,0.1959313185559883,12,208.0,0.2696363919211271,25,586.0
2420.0,26,340.0,5.762711864406779,5.148347373253852,14,383.0,0.24235395653043476,12,203.0,0.28617191142485,26,586.0
2425.0,24,362.0,6.241379310344827,4.9674363051809545,12,411.0,0.2799884430181053,12,188.0,0.3237827719490031,24,599.0
2430.0,23,337.0,5.912280701754386,4.628381102127469,12,390.0,0.28189309609617025,11,190.0,0.2899853750315263,23,580.0
2435.0,18,249.0,4.220338983050848,5.329044836732726,10,384.0,0.28035720729794,8,148.0,0.3096504340821204,18,532.0
2440.0,25,269.0,4.26984126984127,4.923824957397453,17,356.0,0.2055114704629168,8,167.0,0.258723945332583,25,523.0
2445.0,31,288.0,4.5,4.807389457807622,17,363.0,0.22015715663727992,14,205.0,0.3004072906356076,31,568.0
2450.0,32,377.0,6.180327868852459,4.798036809661925,18,377.0,0.24010914885832513,14,246.0,0.2988608696142638,32,623.0
2455.0,29,418.0,6.741935483870968,4.372234187405193,16,410.0,0.24929247611566724,13,256.0,0.27291690367972427,29,666.0
2460.0,26,378.0,5.90625,4.448379672847956,13,390.0,0.2663934322428161,13,258.0,0.24819500333166022,26,648.0
2465.0,19,342.0,5.428571428571429,5.193915687485948,12,416.0,0.2539599618912774,7,228.0,0.3115863166310583,19,644.0
2470.0,25,437.0,6.828125,5.833808360285764,18,488.0,0.21554325288090934,7,200.0,0.4173843634176603,25,688.0
2475.0,23,357.0,5.492307692307692,5.3939319623889865,16,472.0,0.23316927779566085,7,195.0,0.2823401880051659,23,667.0
2480.0,29,359.0,5.790322580645161,5.102847487892511,17,390.0,0.25898198123569527,12,247.0,0.2522481111305161,29,637.0
2485.0,27,386.0,6.5423728813559325,4.5317656433060804,15,424.0,0.26590515847179186,12,259.0,0.28011263683526016,27,683.0
2490.0,27,490.0,8.032786885245901,5.2143738061990295,14,443.0,0.2623079836784184,13,316.0,0.3760406771799221,27,759.0
2495.0,27,444.0,7.161290322580645,4.468037189575073,15,443.0,0.1916363732398794,12,332.0,0.39612876988437906,27,775.0
2500.0,19,267.0,4.238095238095238,5.277184892119097,10,354.0,0.2288298969010514,9,303.0,0.34871527666577484,19,657.0
2505.0,16,331.0,5.092307692307692,6.2017220525218155,8,271.0,0.2808380028670538,8,301.0,0.3257182328268313,16,572.0
2510.0,15,160.0,2.4242424242424243,5.98284657439055,7,211.0,0.2922524651573299,8,195.0,0.18605755759119888,15,406.0
2515.0,30,258.0,4.095238095238095,4.975441319361566,14,193.0,0.2564005366819348,16,177.0,0.14584703983497563,30,370.0
2520.0,26,337.0,5.711864406779661,5.233812177410348,12,209.0,0.30436332325849785,14,220.0,0.23057562969847936,26,429.0
2525.0,19,346.0,6.178571428571429,6.3474976449320115,10,194.0,0.34538062215338056,9,216.0,0.23689327423304501,19,410.0
2530.0,18,332.0,5.928571428571429,5.942880486577011,11,217.0,0.2920011372567332,7,173.0,0.2076094787066527,18,390.0
2535.0,19,242.0,4.321428571428571,6.825248735954243,11,192.0,0.36244922229235127,8,160.0,0.22035305079237663,19,352.0
2540.0,19,208.0,4.0,6.890507235059332,10,171.0,0.4366240601738859,9,130.0,0.30724163412769245,19,301.0
2545.0,18,184.0,3.7551020408163267,5.87453304820472,9,139.0,0.30393011201248676,9,148.0,0.4621984360181724,18,287.0
2550.0,16,150.0,2.830188679245283,5.252682860834893,9,126.0,0.3034304157960607,7,138.0,0.3773577581237224,16,264.0
2555.0,13,114.0,2.111111111111111,6.403554190544224,10,138.0,0.3065064365638144,3,92.0,0.5060494352540418,13,230.0
2560.0,15,168.0,3.0545454545454547,6.805631832767502,9,150.0,0.2735499900714045,6,99.0,0.4471712639279482,15,249.0
2565.0,18,238.0,4.25,7.016899697767244,12,193.0,0.2640076594740987,6,97.0,0.3767455605620608,18,290.0
2570.0,18,179.0,3.314814814814815,6.605429214818319,11,202.0,0.31810032491764156,7,71.0,0.19092783796276436,18,273.0
2575.0,16,240.0,4.705882352941177,7.045052630788663,10,224.0,0.3022796026820312,6,63.0,0.43207334825984317,16,287.0
2580.0,12,182.0,4.136363636363637,6.033546566615271,9,191.0,0.21467741761334774,3,47.0,0.5269296385608013,12,238.0
2585.0,15,200.0,4.25531914893617,6.624484645350457,11,184.0,0.31378560952019485,4,62.0,0.5095180629587273,15,246.0
2590.0,14,175.0,3.6458333333333335,6.37637746956469,10,180.0,0.3301652993276584,4,60.0,0.4959309935566054,14,240.0
2595.0,14,147.0,2.8823529411764706,7.008294407483756,8,150.0,0.47032109323871807,6,86.0,0.4120796946776822,14,236.0
2600.0,13,138.0,2.76,5.79140638539069,10,184.0,0.3853623785771027,3,81.0,0.36653313846858937,13,265.0
2605.0,17,190.0,3.9583333333333335,6.215904508959352,14,241.0,0.26865419690758435,3,44.0,0.5272431941903231,17,285.0
2610.0,19,227.0,4.729166666666667,4.533988277193466,14,282.0,0.07094374902794733,5,42.0,0.4934910269379954,19,324.0
2615.0,18,274.0,5.169811320754717,6.218113983068358,12,303.0,0.23251835399432588,6,52.0,0.46795353673470136,18,355.0
2620.0,16,228.0,4.470588235294118,6.647027825355522,9,269.0,0.3078004779259323,7,80.0,0.3313932563423808,16,349.0
2625.0,15,207.0,4.0588235294117645,7.703356324528916,11,222.0,0.33602185694566933,4,82.0,0.4737946671762926,15,304.0
2630.0,14,230.0,5.111111111111111,6.656827678095616,10,238.0,0.24428363369705644,4,85.0,0.5396421380172682,14,323.0
2635.0,15,258.0,5.733333333333333,6.374312613202747,12,290.0,0.2839527026406321,3,61.0,0.515458321181715,15,351.0
2640.0,17,253.0,5.5,5.981570435234437,9,272.0,0.30824985482515393,8,85.0,0.4848793572998528,17,357.0
2645.0,11,126.0,2.5714285714285716,6.990545027372818,8,199.0,0.3598667730118888,3,47.0,0.6111048349844007,11,246.0
2650.0,10,90.0,1.8,6.678840349444285,6,177.0,0.42096565381154805,4,44.0,0.508547629992153,10,221.0
2655.0,13,120.0,2.3076923076923075,6.226103805885038,7,159.0,0.46112829933046956,6,59.0,0.3652450651500626,13,218.0
2660.0,17,165.0,3.0,6.2505993550778784,9,153.0,0.36183709829452365,8,82.0,0.34607979844844117,17,235.0
2665.0,16,161.0,2.824561403508772,6.188440423838014,9,146.0,0.31417116862793365,7,83.0,0.33528342797148314,16,229.0
2670.0,18,229.0,4.163636363636364,7.031663520048451,12,190.0,0.37394322535719804,6,78.0,0.45540660608403855,18,268.0
2675.0,17,201.0,3.7222222222222223,6.140033512037145,12,219.0,0.36162775090232374,5,52.0,0.43176577602186006,17,271.0
2680.0,17,242.0,4.481481481481482,6.421887052474111,10,219.0,0.38168491793723425,7,76.0,0.3934608806369592,17,295.0
2685.0,19,279.0,4.810344827586207,5.506330665391243,13,257.0,0.24901843087463127,6,74.0,0.38572492969351385,19,331.0
2690.0,22,367.0,6.327586206896552,6.094096537250679,14,305.0,0.2826744110251643,8,111.0,0.414704040917877,22,416.0
2695.0,20,309.0,5.517857142857143,5.603855458205502,14,308.0,0.2769454635373732,6,97.0,0.39517839947154054,20,405.0
2700.0,18,335.0,6.203703703703703,5.994920156611592,13,320.0,0.28665900144010814,5,79.0,0.4759752340204254,18,399.0
2705.0,21,365.0,6.7592592592592595,5.603933335010985,13,341.0,0.26907519878263886,8,98.0,0.46283640034064194,21,439.0
2710.0,15,311.0,5.456140350877193,6.5532316063347595,10,330.0,0.3413151709022852,5,65.0,0.44441589317834607,15,395.0
2715.0,14,153.0,2.6842105263157894,6.5986619330281435,8,169.0,0.35514191323761984,6,59.0,0.3957236631589705,14,228.0
2720.0,17,151.0,2.6964285714285716,6.851317100945189,8,104.0,0.4128063091502163,9,85.0,0.3749853340351479,17,189.0
2725.0,20,180.0,3.673469387755102,5.700566902176297,8,94.0,0.385930474601736,12,120.0,0.330721708342273,20,214.0
2730.0,22,237.0,4.647058823529412,4.909783571589409,11,123.0,0.27546936671156175,11,142.0,0.3039665908749913,22,265.0
2735.0,21,288.0,5.433962264150943,5.230491556171843,10,152.0,0.2642730535208339,11,175.0,0.3537220588724362,21,327.0
2740.0,16,256.0,5.12,5.866718611080056,7,155.0,0.39502573265326296,9,175.0,0.3447882848939457,16,330.0
2745.0,13,233.0,4.66,5.906880387499071,8,174.0,0.3388645925945949,5,107.0,0.28847914340402064,13,281.0
2750.0,21,319.0,6.254901960784314,5.387848510251642,14,229.0,0.1608088059270643,7,113.0,0.3769831969797932,21,342.0
2755.0,19,200.0,3.9215686274509802,5.267093890738286,14,205.0,0.20024915025481782,5,84.0,0.3747243350013218,19,289.0
2760.0,19,215.0,4.056603773584905,6.230747810646527,12,169.0,0.3369501212249857,7,76.0,0.4443400013973184,19,245.0
2765.0,18,202.0,3.607142857142857,6.3991318449045105,10,181.0,0.3791353167347789,8,90.0,0.4823879280457761,18,271.0
2770.0,16,205.0,3.4166666666666665,6.625172637781988,5,137.0,0.42030439883269827,11,128.0,0.4291858283996498,16,265.0
2775.0,19,219.0,3.3692307692307693,6.197183925890338,8,130.0,0.46171726310236233,11,136.0,0.3157317802905033,19,266.0
2780.0,27,337.0,5.106060606060606,6.394514369679353,11,172.0,0.43502914119553565,16,182.0,0.2801265864051266,27,354.0
2785.0,27,292.0,4.5625,5.453065873783385,11,174.0,0.362531956124344,16,211.0,0.1962554330784117,27,385.0
2790.0,19,203.0,3.2222222222222223,5.409730703103383,9,159.0,0.287632889092206,10,195.0,0.3060319054203772,19,354.0
2795.0,21,169.0,2.5606060606060606,4.821942225821644,13,173.0,0.19317627624301825,8,195.0,0.3273788479115634,21,368.0
2800.0,27,243.0,3.573529411764706,5.100242951547758,13,210.0,0.29120273914355516,14,210.0,0.2803353145837843,27,420.0
2805.0,27,260.0,3.6619718309859155,5.264540532457351,12,211.0,0.3513616344003548,15,243.0,0.2625574394084114,27,454.0
2810.0,24,313.0,4.408450704225352,5.944688540289374,15,241.0,0.2953990664681498,9,217.0,0.3848786234497533,24,458.0
2815.0,24,321.0,4.397260273972603,5.421774173492773,16,295.0,0.2657365059044606,8,171.0,0.35216017912383674,24,466.0
2820.0,31,423.0,5.794520547945205,4.9414355770439276,16,361.0,0.3083579905155857,15,216.0,0.2345063466257171,31,577.0
2825.0,36,368.0,5.411764705882353,4.019886764609908,18,381.0,0.2757308501054992,18,243.0,0.22154273852762338,36,624.0
2830.0,37,464.0,6.628571428571429,3.973853067227509,16,369.0,0.27468813355433813,21,288.0,0.10672980437650727,37,657.0
2835.0,37,465.0,6.739130434782608,3.760344715159456,15,338.0,0.24902555592949532,22,336.0,0.13087708886544458,37,674.0
2840.0,23,305.0,4.485294117647059,5.441630877753076,11,288.0,0.27018130026597725,12,322.0,0.2751081958009658,23,610.0
2845.0,20,303.0,4.661538461538462,5.651029563419774,10,289.0,0.24164896763088206,10,289.0,0.37211378040228327,20,578.0
2850.0,19,225.0,3.6885245901639343,5.951581680850494,10,260.0,0.25269362787450816,9,249.0,0.3502252096668701,19,509.0
2855.0,25,273.0,4.7894736842105265,4.602780576753074,9,266.0,0.29943287810806735,16,243.0,0.22038342140242792,25,509.0
2860.0,31,343.0,5.813559322033898,4.132921485963926,12,309.0,0.24365783413664788,19,297.0,0.2471847257862452,31,606.0
2865.0,27,337.0,5.810344827586207,4.681175661271927,11,311.0,0.330057607943913,16,319.0,0.27741698371760104,27,630.0
2870.0,23,313.0,5.048387096774194,4.007965505743889,9,258.0,0.2656555630908244,14,338.0,0.2593495535693336,23,596.0
2875.0,20,202.0,3.014925373134328,4.53571858095511,9,237.0,0.27658811848777803,11,297.0,0.26736066268679837,20,534.0
2880.0,23,258.0,3.739130434782609,5.830904146041627,9,188.0,0.3838867556360565,14,298.0,0.27672699170344167,23,486.0
2885.0,21,249.0,3.557142857142857,5.562168193831812,7,160.0,0.3395766698961629,14,310.0,0.21305570012297828,21,470.0
2890.0,26,277.0,4.134328358208955,4.900180420285082,10,152.0,0.30793004044123995,16,319.0,0.16447773199263793,26,471.0
2895.0,28,315.0,4.921875,4.201739646271465,10,180.0,0.28123683035372815,18,356.0,0.2013260706377031,28,536.0
2900.0,32,429.0,6.919354838709677,4.560866180644848,11,189.0,0.3008290368994074,21,425.0,0.14955054146845623,32,614.0
2905.0,32,465.0,7.265625,4.4432484480773144,11,183.0,0.3810786600523967,21,474.0,0.02988518350650309,32,657.0
2910.0,22,394.0,6.253968253968254,5.897466297203852,9,149.0,0.44308397203211775,13,474.0,0.1432416216650306,22,623.0
2915.0,22,451.0,8.053571428571429,5.339041406737194,11,169.0,0.23882327278338836,11,461.0,0.31216757522157573,22,630.0
2920.0,23,460.0,8.363636363636363,4.496772558248136,13,193.0,0.18332728123211003,10,457.0,0.23359014856317015,23,650.0
2925.0,25,450.0,8.333333333333334,3.675211544113219,13,205.0,0.16655156796266776,12,421.0,0.2145848597871444,25,626.0
2930.0,29,437.0,8.403846153846153,3.8216382321755855,15,263.0,0.18680659122891155,14,408.0,0.25060018250000676,29,671.0
2935.0,29,324.0,5.684210526315789,3.6911876530989955,13,288.0,0.19593860436171018,16,350.0,0.22712667468214376,29,638.0
2940.0,23,300.0,5.2631578947368425,4.682959182430415,10,258.0,0.23891943891125828,13,361.0,0.3035718214697024,23,619.0
2945.0,19,282.0,5.222222222222222,5.266611443582899,11,305.0,0.21112647006389723,8,317.0,0.30173762213667965,19,622.0
2950.0,24,391.0,7.377358490566038,4.772178835458088,15,373.0,0.11451831838367672,9,303.0,0.2771391133428612,24,676.0
2955.0,24,453.0,8.547169811320755,4.405716535986686,13,394.0,0.1174130379823849,11,260.0,0.19831207751461907,24,654.0
2960.0,20,495.0,9.9,5.832927380584651,9,415.0,0.30100158322868265,11,244.0,0.2888554158208,20,659.0
2965.0,20,493.0,9.48076923076923,5.708488864743638,10,448.0,0.36315994313787225,10,215.0,0.23086733319747946,20,663.0
2970.0,22,469.0,8.685185185185185,5.591019093919592,11,429.0,0.3530108423942422,11,201.0,0.2508343149403837,22,630.0
2975.0,22,420.0,7.777777777777778,5.697896903819747,9,353.0,0.4117495986051866,13,247.0,0.29711810462746435,22,600.0
2980.0,21,396.0,7.071428571428571,5.369649403701716,8,316.0,0.3198981386912831,13,278.0,0.38771865953235535,21,594.0
2985.0,19,239.0,4.120689655172414,4.628215159990481,9,232.0,0.31520939205468645,10,233.0,0.334473219271854,19,465.0
2990.0,24,300.0,5.0,5.721779597783761,10,250.0,0.40771591107964245,14,265.0,0.34385090814727476,24,515.0
2995.0,23,351.0,5.661290322580645,5.250517133596418,7,247.0,0.38131691494187964,16,309.0,0.23412106651505996,23,556.0
3000.0,28,402.0,6.380952380952381,4.207493906250464,8,223.0,0.2784274082165976,20,353.0,0.13797386819377855,28,576.0
3005.0,33,368.0,5.575757575757576,4.025789786965646,15,221.0,0.26228167016378756,18,354.0,0.18231791448752993,33,575.0
3010.0,29,326.0,5.174603174603175,4.55089926721809,16,280.0,0.19947277362727334,13,269.0,0.32575767364001307,29,549.0
3015.0,21,313.0,5.048387096774194,4.793721460863677,8,302.0,0.16949098671613008,13,296.0,0.31363648825656454,21,598.0
3020.0,25,294.0,4.666666666666667,4.427968779245043,8,245.0,0.2051688211444763,17,310.0,0.18865552716484785,25,555.0
3025.0,30,358.0,5.682539682539683,4.276947012282102,12,213.0,0.21386777281875538,18,344.0,0.22275337217298458,30,557.0
3030.0,23,284.0,4.655737704918033,4.894720388786939,10,193.0,0.2901145657735424,13,342.0,0.29513768243649524,23,535.0
3035.0,23,253.0,4.216666666666667,4.654010962523848,12,169.0,0.21906185915163934,11,312.0,0.2863784537267524,23,481.0
3040.0,29,304.0,4.75,4.965590010269079,11,189.0,0.2997402471375997,18,313.0,0.2627284935065185,29,502.0
3045.0,22,327.0,5.030769230769231,5.394707917415809,4,135.0,0.3963201852861067,18,368.0,0.19665823300421054,22,503.0
3050.0,16,351.0,5.754098360655738,6.037131180064774,3,98.0,0.38905272558388804,13,381.0,0.23077451960258985,16,479.0
3055.0,19,365.0,5.887096774193548,5.967398954905578,6,120.0,0.27269755217547414,13,386.0,0.25158815850825683,19,506.0
3060.0,29,380.0,6.333333333333333,5.298699674632553,12,173.0,0.3218444904409391,17,378.0,0.17329747359962663,29,551.0
3065.0,24,436.0,7.927272727272728,4.684621658153735,8,195.0,0.4259577615605008,16,423.0,0.10367830959870143,24,618.0
3070.0,18,446.0,8.415094339622641,5.618024532202368,6,176.0,0.4347440350783828,12,426.0,0.1819164189286799,18,602.0
3075.0,18,440.0,8.30188679245283,5.081380855543164,7,193.0,0.218392513743373,11,438.0,0.23650534875214696,18,631.0
3080.0,25,540.0,10.0,6.048623785683419,10,228.0,0.30673739569877534,15,462.0,0.31192312986362786,25,690.0
3085.0,20,358.0,7.16,5.478747502758639,8,202.0,0.4422578622239978,12,380.0,0.2783332240957157,20,582.0
3090.0,22,419.0,8.057692307692308,5.473991441936696,8,238.0,0.4064440995690343,14,331.0,0.30342520210813917,22,569.0
3095.0,17,265.0,4.818181818181818,4.883915537570709,6,125.0,0.30467777576736554,11,334.0,0.30244343937515894,17,459.0
3100.0,24,290.0,5.2727272727272725,4.876938693984844,8,101.0,0.3415040701977674,16,300.0,0.26629947086693984,24,401.0
3105.0,22,231.0,4.277777777777778,4.2214014153846655,7,103.0,0.3194443271666394,15,309.0,0.24196928816003513,22,412.0
3110.0,17,159.0,3.0,4.844878332416603,5,82.0,0.3333414372516589,12,240.0,0.19826211761638793,17,322.0
3115.0,17,178.0,3.2363636363636363,5.449079294110612,6,86.0,0.33596438178843724,11,260.0,0.17040293422738317,17,346.0
3120.0,21,225.0,4.017857142857143,5.9053663749533785,4,92.0,0.3974772341509416,17,296.0,0.18131965113889034,21,388.0
3125.0,27,278.0,5.148148148148148,4.997575820757046,7,104.0,0.40166429615255506,20,346.0,0.21133477490364858,27,450.0
3130.0,28,373.0,7.173076923076923,5.1004143965716064,8,144.0,0.3846999387672536,20,374.0,0.27297873889158053,28,518.0
3135.0,25,371.0,7.0,4.39212459685484,8,131.0,0.28957525938782275,17,404.0,0.28871696056830104,25,535.0
3140.0,28,415.0,7.545454545454546,4.330565514937533,10,147.0,0.30351244686213974,18,432.0,0.2755272265324205,28,579.0
3145.0,27,361.0,6.224137931034483,4.046679043827362,7,136.0,0.35069967631057136,20,438.0,0.24541108425977337,27,574.0
3150.0,18,201.0,3.4655172413793105,5.525458223183862,3,85.0,0.5489878023188688,15,355.0,0.19793750620750858,18,440.0
3155.0,18,197.0,3.126984126984127,5.686115163586331,4,74.0,0.40150478050561766,14,349.0,0.23025932844641545,18,423.0
3160.0,20,219.0,3.4761904761904763,6.045900708823735,6,97.0,0.37221145878064554,14,349.0,0.21899846331771597,20,446.0
3165.0,25,283.0,4.796610169491525,5.7403871766918,7,128.0,0.47103792832538643,18,376.0,0.19054677123930522,25,504.0
3170.0,24,314.0,5.233333333333333,5.334827250099919,5,115.0,0.47158479200244086,19,409.0,0.13894889203767935,24,524.0
3175.0,27,376.0,6.714285714285714,4.27203810416348,9,148.0,0.46432731564665564,18,416.0,0.12395067239292061,27,564.0
3180.0,24,294.0,5.068965517241379,5.104338150020895,8,98.0,0.4397784715003962,16,362.0,0.18583334343939467,24,460.0
3185.0,23,338.0,5.728813559322034,5.060893774038643,10,126.0,0.2345154579415584,13,341.0,0.2832203836781459,23,467.0
3190.0,23,320.0,5.423728813559322,5.429363197409315,10,136.0,0.25833161645540637,13,320.0,0.3630508428701677,23,456.0
3195.0,21,262.0,4.440677966101695,6.140071576546088,7,97.0,0.4165199931342718,14,338.0,0.3594743990420708,21,435.0
3200.0,21,197.0,3.456140350877193,4.813178282578841,8,104.0,0.35537896274483494,13,348.0,0.18680431095834854,21,452.0
3205.0,25,244.0,4.135593220338983,4.246801632460515,11,127.0,0.23474846052126133,14,341.0,0.19135454122620446,25,468.0
3210.0,27,298.0,4.73015873015873,4.4487596437057775,11,155.0,0.25851624487684893,16,347.0,0.264912921969895,27,502.0
3215.0,24,292.0,4.634920634920635,4.99396508111973,8,143.0,0.3555023614657975,16,353.0,0.28784739817119853,24,496.0
3220.0,15,195.0,3.0952380952380953,5.254949898852817,4,109.0,0.4151816810887732,11,313.0,0.21906181766521862,15,422.0
3225.0,20,247.0,3.6865671641791047,5.979129823302162,7,105.0,0.3653089992045487,13,310.0,0.2508370216301498,20,415.0
3230.0,28,280.0,4.0,5.054725383045701,13,138.0,0.3001453600309607,15,308.0,0.1693470341554483,28,446.0
3235.0,23,259.0,3.9846153846153847,5.64267802428744,10,161.0,0.3433259127054554,13,293.0,0.20883874400834546,23,454.0
3240.0,24,289.0,4.587301587301587,4.731300109316248,12,184.0,0.2418563383827814,12,322.0,0.2410391113933623,24,506.0
3245.0,34,383.0,5.803030303030303,4.561947818762557,17,220.0,0.281048841511889,17,346.0,0.2101954820798053,34,566.0
3250.0,29,349.0,5.453125,4.070061695159335,14,220.0,0.2852350332058245,15,378.0,0.2816040129784943,29,598.0
3255.0,31,414.0,6.67741935483871,4.8176001355206655,17,241.0,0.2607987545821838,14,381.0,0.3700049872444443,31,622.0
3260.0,30,444.0,7.0476190476190474,4.143882943958624,17,281.0,0.11928822375426969,13,380.0,0.40895527617552563,30,661.0
3265.0,31,426.0,6.553846153846154,4.384501531476314,16,271.0,0.17661219335580458,15,367.0,0.2999664686646922,31,638.0
3270.0,29,466.0,7.28125,3.6310255390569273,12,275.0,0.3082541280511667,17,407.0,0.1034189595043679,29,682.0
3275.0,32,522.0,8.15625,4.565910945245375,12,288.0,0.356732675838245,20,470.0,0.16355588981663205,32,758.0
3280.0,29,360.0,5.806451612903226,4.018686883700399,11,286.0,0.3415309449376508,18,412.0,0.16849679505060097,29,698.0
3285.0,31,428.0,6.6875,4.214797213746726,14,251.0,0.35218614885700306,17,403.0,0.18223987125939106,31,654.0
3290.0,29,352.0,5.415384615384616,4.186753177443492,12,243.0,0.3537002300165478,17,414.0,0.1936369175558226,29,657.0
3295.0,27,309.0,4.753846153846154,4.584905148556775,17,242.0,0.24396252481398478,10,381.0,0.29318355870542806,27,623.0
3300.0,33,379.0,5.742424242424242,4.280604240302701,21,281.0,0.14285033301202343,12,355.0,0.33224113306086434,33,636.0
3305.0,28,456.0,7.015384615384615,5.180078203999702,16,310.0,0.14266165062637773,12,372.0,0.33203341223259747,28,682.0
3310.0,25,407.0,6.359375,4.6207527809616495,15,353.0,0.13356273766922735,10,317.0,0.2599261762982015,25,670.0
3315.0,29,426.0,6.761904761904762,5.0353704423294,18,398.0,0.1479502270162883,11,231.0,0.30061706886287337,29,629.0
3320.0,30,408.0,6.476190476190476,4.197917428121993,16,416.0,0.17105110941623283,14,249.0,0.27790805720664263,30,665.0
3325.0,32,394.0,6.15625,4.632967309918753,16,385.0,0.19659506422892553,16,237.0,0.3686767272652573,32,622.0
3330.0,26,352.0,5.415384615384616,4.303574078834964,14,406.0,0.20304368325072025,12,224.0,0.38433303404358216,26,630.0
3335.0,27,370.0,5.4411764705882355,5.3059567098165275,11,364.0,0.3167407905721536,16,246.0,0.3193071455502709,27,610.0
3340.0,27,359.0,5.609375,4.653169461250594,10,339.0,0.35674137323330224,17,275.0,0.1809298668322006,27,614.0
3345.0,24,302.0,4.71875,4.635844543992199,9,305.0,0.28128616101713666,15,246.0,0.17578444513484479,24,551.0
3350.0,22,282.0,4.779661016949152,4.383553786594464,11,280.0,0.19277410702424283,11,214.0,0.2864617283177636,22,494.0
3355.0,25,279.0,4.573770491803279,4.5606230825335015,15,262.0,0.23428537025425203,10,183.0,0.27476982265646926,25,445.0
3360.0,25,228.0,3.737704918032787,4.42014095791957,12,214.0,0.27960444377338634,13,209.0,0.2714272285762116,25,423.0
3365.0,23,309.0,4.904761904761905,5.778743175203815,14,231.0,0.3222285836041643,9,217.0,0.3182825926466787,23,448.0
3370.0,26,397.0,6.616666666666666,5.615621729320511,14,268.0,0.22274657317050095,12,245.0,0.3431943302976947,26,513.0
3375.0,27,379.0,6.213114754098361,5.033403210838263,17,299.0,0.12349337583813556,10,236.0,0.308928027995273,27,535.0
3380.0,29,440.0,7.213114754098361,4.503163443775977,18,357.0,0.20134096066355464,11,224.0,0.2896808444433941,29,581.0
3385.0,25,454.0,7.694915254237288,5.3879281158046,14,380.0,0.3168325983443504,11,207.0,0.4126661409352544,25,587.0
3390.0,23,525.0,8.333333333333334,5.325703751935097,12,429.0,0.3369762413111122,11,205.0,0.3705832687402672,23,634.0
3395.0,27,589.0,9.061538461538461,5.204404353222788,16,489.0,0.32369458336185997,11,226.0,0.3255526166156638,27,715.0
3400.0,26,480.0,6.956521739130435,4.817781261639135,18,443.0,0.20289791250563183,8,216.0,0.3070355401974685,26,659.0
3405.0,20,357.0,5.409090909090909,5.979129204727254,11,327.0,0.25988729408657407,9,250.0,0.3724387639260371,20,577.0
3410.0,21,403.0,6.014925373134329,6.3591940408897765,12,257.0,0.29955490588981265,9,281.0,0.28811238543003437,21,538.0
3415.0,24,449.0,7.015625,5.311955194832641,11,248.0,0.2268771395208036,13,321.0,0.16940710830192857,24,569.0
3420.0,29,417.0,6.515625,5.471913621218067,15,272.0,0.2523325753084063,14,315.0,0.23888090924885183,29,587.0
3425.0,26,347.0,5.507936507936508,5.259369227468024,15,311.0,0.29898366741672544,11,238.0,0.3105958721811081,26,549.0
3430.0,24,370.0,6.271186440677966,5.099381845735115,13,332.0,0.3102471753539677,11,255.0,0.3417358510498498,24,587.0
3435.0,26,377.0,6.080645161290323,5.089671453931029,14,343.0,0.21551310697703557,12,245.0,0.38538204622997124,26,588.0
3440.0,24,403.0,6.396825396825397,5.351380351420433,12,301.0,0.22014844826604316,12,285.0,0.2751130122483559,24,586.0
3445.0,27,350.0,5.384615384615385,5.229282237274382,10,245.0,0.2681854982489139,17,331.0,0.2625708294837158,27,576.0
3450.0,30,392.0,6.030769230769231,4.96606045312343,12,197.0,0.22779873043741136,18,355.0,0.27284646257449535,30,552.0
3455.0,25,429.0,7.271186440677966,4.791577997352207,10,216.0,0.2713448943231489,15,395.0,0.3453484104781715,25,611.0
3460.0,26,344.0,5.639344262295082,4.240745226922956,11,220.0,0.2972486394710597,15,310.0,0.1980487571059814,26,530.0
3465.0,34,472.0,7.612903225806452,4.173951225436115,12,259.0,0.3447984907747006,22,342.0,0.12390204905225417,34,601.0
3470.0,34,560.0,8.484848484848484,4.421985432170772,13,279.0,0.30242492671801297,21,414.0,0.20283784881112632,34,693.0
3475.0,31,595.0,9.153846153846153,4.509970202037284,12,265.0,0.3003681524253948,19,467.0,0.2894410018406376,31,732.0
3480.0,34,590.0,8.55072463768116,4.301252970300577,17,294.0,0.24372135412076779,17,467.0,0.26662261696752976,34,761.0
3485.0,28,456.0,6.422535211267606,4.532767725846374,15,327.0,0.19938895627235007,13,399.0,0.2688539100058405,28,726.0
3490.0,24,505.0,6.917808219178082,5.273035427338949,11,321.0,0.21660570205944485,13,329.0,0.2721659945757513,24,650.0
3495.0,19,351.0,5.161764705882353,6.287033052927237,7,258.0,0.3141769804554238,12,297.0,0.2994838399795753,19,555.0
3500.0,21,208.0,3.25,6.076700385449189,6,135.0,0.43061194769101724,15,273.0,0.20201639898055992,21,408.0
3505.0,25,233.0,3.819672131147541,4.6766358912625545,7,145.0,0.36101656088061407,18,308.0,0.19503603807402795,25,453.0
3510.0,28,344.0,5.4603174603174605,5.396422071817535,8,158.0,0.5127748430215835,20,366.0,0.17386131632096657,28,524.0
3515.0,27,390.0,6.5,5.128771297810473,6,140.0,0.48220946324831476,21,433.0,0.2069601389185413,27,573.0
3520.0,20,390.0,6.39344262295082,5.699227627584354,6,151.0,0.38723155545302657,14,443.0,0.24404305336217652,20,594.0
3525.0,22,336.0,5.419354838709677,4.595798375998989,8,176.0,0.23131209028840788,14,417.0,0.2022924907559808,22,593.0
3530.0,22,364.0,5.777777777777778,5.702046228067078,6,194.0,0.37860237810164055,16,399.0,0.2195820116783395,22,593.0
3535.0,26,294.0,4.741935483870968,4.965803005259448,7,158.0,0.33799218720629687,19,402.0,0.21006657325690126,26,560.0
3540.0,25,246.0,3.967741935483871,5.796537513232432,9,106.0,0.3772429572353027,16,382.0,0.2843228437563752,25,488.0
3545.0,24,250.0,4.098360655737705,4.711840419264056,9,130.0,0.325622499864727,15,386.0,0.24964256686461223,24,516.0
3550.0,18,200.0,3.389830508474576,5.351851918959657,6,140.0,0.3917555054841294,12,337.0,0.21288445721188637,18,477.0
3555.0,20,211.0,3.8363636363636364,5.1636088780279845,6,135.0,0.32571768927458983,14,319.0,0.218813161378775,20,454.0
3560.0,24,313.0,5.491228070175438,5.5522765912345715,9,169.0,0.3050035113610506,15,343.0,0.23099505473883794,24,512.0
3565.0,29,370.0,7.115384615384615,4.3193757319418165,11,166.0,0.30721157169667834,18,371.0,0.173961872148821,29,537.0
3570.0,25,400.0,7.8431372549019605,4.656440462825444,10,182.0,0.3618379210542081,15,375.0,0.17420009406876083,25,557.0
3575.0,23,391.0,7.666666666666667,3.665328886615575,9,186.0,0.26556560095956716,14,389.0,0.19598051794880933,23,575.0
3580.0,19,378.0,7.714285714285714,4.771796809268489,8,148.0,0.29245070370045856,11,360.0,0.249862368726229,19,508.0
3585.0,15,231.0,4.914893617021277,5.223764806709706,7,140.0,0.3634348910071905,8,261.0,0.191758784870017,15,401.0
3590.0,21,253.0,5.06,6.0575759034849765,10,179.0,0.42993316032686185,11,178.0,0.19289886571523027,21,357.0
3595.0,23,278.0,5.914893617021277,5.188534753800505,11,192.0,0.3256365442472369,12,189.0,0.24008925334871078,23,381.0
3600.0,22,347.0,7.081632653061225,5.440550502816661,13,234.0,0.25364034567345906,9,167.0,0.3466863927845216,22,401.0
3605.0,21,233.0,4.66,4.9833659531253245,12,188.0,0.2968282498472323,9,169.0,0.3616787863262674,21,357.0
3610.0,20,269.0,5.2745098039215685,5.7748031473751125,12,180.0,0.31665727392195936,8,145.0,0.3757190853929084,20,325.0
3615.0,18,205.0,3.8679245283018866,5.25096734126785,11,184.0,0.26894970165551435,7,147.0,0.3531410220000735,18,331.0
3620.0,12,145.0,2.543859649122807,6.937034885836522,4,117.0,0.3678577234735087,8,141.0,0.4231935970617704,12,258.0
3625.0,14,208.0,3.9245283018867925,7.63087517558762,6,101.0,0.5354028442405018,8,170.0,0.4066991112438255,14,271.0
3630.0,18,207.0,3.8333333333333335,7.892903398170654,8,124.0,0.552889730365833,10,150.0,0.33761156940702075,18,274.0
3635.0,18,282.0,5.875,6.196431260122284,7,144.0,0.3829133966255316,11,183.0,0.29060515048094243,18,327.0
3640.0,24,302.0,6.163265306122449,4.307214216802039,14,196.0,0.17412124553856406,10,179.0,0.23335729019014514,24,375.0
3645.0,21,256.0,5.953488372093023,4.4276371279025355,12,204.0,0.19102329392599443,9,143.0,0.2706152267302691,21,347.0
3650.0,21,300.0,6.818181818181818,4.628450354525387,14,218.0,0.15340476462931651,7,140.0,0.3289660914299994,21,358.0
3655.0,19,334.0,7.260869565217392,5.432402420094198,10,248.0,0.2596313074954032,9,153.0,0.3309463425453057,19,401.0
3660.0,8,263.0,5.9772727272727275,7.3624437866608305,4,221.0,0.3837354394603325,4,151.0,0.4873524416150046,8,372.0
3665.0,8,136.0,2.893617021276596,7.033190687962421,4,157.0,0.3397366740398374,4,127.0,0.36683429478086604,8,284.0
3670.0,11,63.0,1.3125,7.124910310973314,6,93.0,0.3977707503697975,5,55.0,0.3633791066047678,11,148.0
3675.0,13,89.0,1.934782608695652,6.967966058518372,7,90.0,0.45071241373982146,6,77.0,0.45277343277951526,13,167.0
3680.0,7,46.0,0.9583333333333334,7.581121943103075,5,45.0,0.5030569528253459,2,44.0,0.5005795285653656,7,89.0
3685.0,9,41.0,0.8723404255319149,7.925380393682365,7,56.0,0.3922400145641842,2,21.0,0.6195034856588758,9,77.0
3690.0,15,93.0,1.9787234042553192,7.993376153618312,11,87.0,0.3822540932001338,4,18.0,0.5695448776541565,15,105.0
3695.0,13,139.0,3.159090909090909,6.768004374361942,9,116.0,0.20542394673182546,4,34.0,0.5866559049387294,13,150.0
3700.0,15,191.0,4.5476190476190474,5.905037055500982,11,147.0,0.14844381304758367,4,54.0,0.45781337354231233,15,201.0
3705.0,15,161.0,3.577777777777778,5.839145293388549,8,133.0,0.206395003587032,7,74.0,0.3668586830249187,15,207.0
3710.0,18,225.0,4.787234042553192,6.860417518618894,9,126.0,0.37834421883759195,9,106.0,0.28261021671036773,18,232.0
3715.0,13,164.0,3.727272727272727,6.531118945994206,7,105.0,0.3867859857097819,6,90.0,0.40350078256867056,13,195.0
3720.0,12,201.0,5.025,7.576174207971221,6,109.0,0.4138726063784102,6,108.0,0.564304862708564,12,217.0
3725.0,14,239.0,6.128205128205129,5.7478753466521555,10,148.0,0.30537154197375993,4,120.0,0.44949519774602714,14,268.0
3730.0,16,302.0,7.190476190476191,5.738584972331544,7,185.0,0.40527571773349014,9,141.0,0.28593597641836627,16,326.0
3735.0,20,266.0,6.186046511627907,5.085579442245708,11,222.0,0.3490325309675508,9,98.0,0.2403366072952424,20,320.0
3740.0,16,221.0,5.0227272727272725,6.041762808464456,7,181.0,0.43926743051170875,9,93.0,0.37203427752669965,16,274.0
3745.0,14,215.0,4.574468085106383,5.2657651651244395,9,177.0,0.2803941387114795,5,101.0,0.4147242215246619,14,278.0
3750.0,14,99.0,2.106382978723404,5.872854428113054,9,139.0,0.31898431113392295,5,69.0,0.4522832117435755,14,208.0
3755.0,11,116.0,2.2745098039215685,6.9147784624084405,5,77.0,0.3758858271383619,6,67.0,0.3878986492610983,11,144.0
3760.0,12,153.0,3.122448979591837,7.8341183976913875,6,91.0,0.430772293340115,6,72.0,0.375125240945181,12,163.0
3765.0,18,227.0,4.729166666666667,7.697179836069686,9,133.0,0.29792366040450613,9,107.0,0.4014650278956724,18,240.0
3770.0,15,194.0,4.511627906976744,5.457982991122916,8,146.0,0.2102437029403026,7,98.0,0.3196594343424998,15,244.0
3775.0,14,220.0,5.116279069767442,6.3334915558080045,7,135.0,0.32215178852075727,7,109.0,0.3832766769186855,14,244.0
3780.0,12,163.0,3.7906976744186047,5.4399086251982816,6,130.0,0.3787262797608221,6,85.0,0.3664938015023312,12,215.0
3785.0,17,239.0,5.311111111111111,7.244135024975372,8,166.0,0.5577559784759668,9,106.0,0.4236959028986981,17,272.0
3790.0,14,265.0,5.888888888888889,6.123421689457853,6,181.0,0.502126646470198,8,131.0,0.3515948136057146,14,312.0
3795.0,20,323.0,6.591836734693878,5.421088401538654,10,209.0,0.37849918864209725,10,146.0,0.3307210693783451,20,355.0
3800.0,24,234.0,4.415094339622642,4.459824967815917,14,146.0,0.2777923342817515,10,169.0,0.32079002905817605,24,315.0
3805.0,26,332.0,6.036363636363636,5.136593713879108,14,156.0,0.28914219292072213,12,216.0,0.3915417631003633,26,372.0
3810.0,26,247.0,4.333333333333333,4.722010938210716,14,183.0,0.3121796197749478,12,185.0,0.31624238027098445,26,368.0
3815.0,15,129.0,2.1864406779661016,4.5622973651806396,9,159.0,0.2565655531498895,6,154.0,0.21064935510972618,15,313.0
3820.0,15,185.0,3.0833333333333335,6.413291006843986,7,150.0,0.33582567860318047,8,101.0,0.34630452917527854,15,251.0
3825.0,15,213.0,3.736842105263158,6.9173423941304915,8,172.0,0.40829530266499403,7,89.0,0.33205408854050106,15,261.0
3830.0,20,221.0,3.810344827586207,6.404966210737877,9,143.0,0.25328647024934303,11,123.0,0.3286743927511667,20,266.0
3835.0,21,289.0,5.5576923076923075,5.699568873791847,12,188.0,0.291294205007841,9,145.0,0.33842829357566556,21,333.0
3840.0,18,301.0,6.270833333333333,5.860590451408189,10,198.0,0.3147717091273896,8,133.0,0.37996935922839087,18,331.0
3845.0,17,276.0,6.0,5.590404270236569,10,235.0,0.30012070393337237,7,105.0,0.37571986273423497,17,340.0
3850.0,16,298.0,6.081632653061225,5.774459970079923,8,246.0,0.2515160875980283,8,91.0,0.43636259259376003,16,337.0
3855.0,17,321.0,6.173076923076923,6.580522928614347,8,236.0,0.4211697715629486,9,120.0,0.38404632371098907,17,356.0
3860.0,17,193.0,3.784313725490196,6.110878819247668,6,152.0,0.42508219977426814,11,151.0,0.32861380038521953,17,303.0
3865.0,20,184.0,3.3454545454545452,5.446097815372369,7,66.0,0.37249502133242973,13,172.0,0.25806169543917984,20,238.0
3870.0,22,223.0,4.054545454545455,5.396762335326746,7,92.0,0.4309857925883322,15,186.0,0.26926176928719125,22,278.0
3875.0,23,242.0,4.321428571428571,5.059678753064774,10,125.0,0.31364296240114614,13,197.0,0.29075492784326384,23,322.0
3880.0,20,222.0,4.036363636363636,4.93830558336614,9,142.0,0.3122466673657325,11,179.0,0.2565732721486817,20,321.0
3885.0,23,326.0,6.037037037037037,5.0976983740298,11,186.0,0.2660320073194113,12,199.0,0.28957991701143054,23,385.0
3890.0,23,266.0,4.836363636363636,4.998170823270376,11,182.0,0.2728254518596512,12,211.0,0.312291732675327,23,393.0
3895.0,16,214.0,3.8214285714285716,5.609305985388472,2,108.0,0.404518673029364,14,243.0,0.2812915005964375,16,351.0
3900.0,18,216.0,3.857142857142857,5.870163457770291,4,97.0,0.43174336163796917,14,281.0,0.22248736291436946,18,378.0
3905.0,23,247.0,4.333333333333333,5.511864969394286,10,126.0,0.3258815665731312,13,283.0,0.2611715868434312,23,409.0
3910.0,24,269.0,5.0754716981132075,4.612900069754929,7,115.0,0.3508479992123214,17,320.0,0.2281946386985189,24,435.0
3915.0,21,250.0,4.464285714285714,5.124298315967338,6,83.0,0.4432147748663566,15,323.0,0.20115438662323942,21,406.0
3920.0,22,229.0,3.9482758620689653,4.857948222688542,5,68.0,0.45656801943094566,17,349.0,0.13156214444940958,22,417.0
3925.0,23,188.0,3.032258064516129,5.797745073735733,11,108.0,0.4226170177445218,12,329.0,0.26165647307401324,23,437.0
3930.0,23,245.0,4.016393442622951,5.489329362835451,13,142.0,0.2312002422235948,10,296.0,0.3295763837051563,23,438.0
3935.0,25,337.0,5.616666666666666,5.541985384520489,13,193.0,0.20939038432709436,12,317.0,0.3675892926007161,25,510.0
3940.0,25,331.0,5.426229508196721,5.2754746040976555,13,210.0,0.12290702963752428,12,324.0,0.3557864499175754,25,534.0
3945.0,22,279.0,4.810344827586207,5.8412592990867225,9,177.0,0.2886803691082763,13,306.0,0.33941884737217115,22,483.0
3950.0,23,275.0,4.661016949152542,4.816003146206747,9,192.0,0.2751132136877539,14,291.0,0.2327600267962164,23,483.0
3955.0,25,322.0,5.193548387096774,5.420255459055848,11,209.0,0.36534779900284825,14,265.0,0.23934621051516178,25,474.0
3960.0,23,301.0,4.777777777777778,5.081923937982265,12,214.0,0.37485566543913623,11,261.0,0.271539089372042,23,475.0
3965.0,24,398.0,6.123076923076923,5.897293096812728,9,210.0,0.47658846657433107,15,297.0,0.18953762264644816,24,507.0
3970.0,26,396.0,5.739130434782608,5.073304774816128,7,174.0,0.4251530481297135,19,339.0,0.14364491815509736,26,513.0
3975.0,30,504.0,7.2,4.78205671132795,15,218.0,0.2758521877263211,15,361.0,0.24928299763735776,30,579.0
3980.0,33,373.0,5.253521126760563,4.179989468543447,18,194.0,0.2101925535254848,15,351.0,0.2730389011050527,33,545.0
3985.0,31,360.0,5.070422535211268,4.588031388809802,21,237.0,0.1907385992535697,10,308.0,0.3488942400443562,31,545.0
3990.0,34,455.0,6.319444444444445,4.860281951518186,21,310.0,0.1997040556795144,13,262.0,0.3784707579398231,34,572.0
3995.0,25,339.0,4.6438356164383565,5.2873648815076955,13,318.0,0.21529063909010981,12,246.0,0.33647959109230785,25,564.0
4000.0,17,172.0,2.356164383561644,5.30644755023238,5,278.0,0.34037143099722894,12,225.0,0.1506913651477531,17,503.0
4005.0,24,172.0,2.5671641791044775,5.227288511740772,10,233.0,0.30162222143848416,14,259.0,0.20700907833477183,24,492.0
4010.0,25,215.0,3.359375,4.889056753181699,13,245.0,0.16059410528010504,12,271.0,0.294036929464905,25,516.0
4015.0,21,212.0,3.3125,4.515495418538385,10,213.0,0.16514501515496396,11,283.0,0.1713083487954668,21,496.0
4020.0,25,308.0,4.888888888888889,5.252550607863735,9,228.0,0.32764629636475207,16,335.0,0.10716948284027834,25,563.0
4025.0,28,376.0,6.163934426229508,4.760273481269985,13,249.0,0.32472990947660807,15,353.0,0.15505688036070672,28,602.0
4030.0,26,433.0,7.338983050847458,4.748486823267948,14,272.0,0.3456828335904303,12,350.0,0.19911911802739596,26,622.0
4035.0,21,423.0,7.169491525423729,4.822931260329326,10,243.0,0.37336773994598244,11,360.0,0.14292123554024966,21,603.0
4040.0,18,332.0,5.442622950819672,4.770846996274833,10,219.0,0.23756521442097234,8,315.0,0.2845571287526494,18,534.0
4045.0,25,417.0,6.515625,5.50680040475361,17,231.0,0.19841556789282713,8,325.0,0.4145251848966408,25,556.0
4050.0,28,515.0,7.923076923076923,5.092884917628047,18,273.0,0.2536725847884521,10,365.0,0.29425789899992,28,638.0
4055.0,20,421.0,6.578125,6.2079163209933155,11,284.0,0.35804274337268305,9,334.0,0.3650507642862158,20,618.0
4060.0,20,267.0,4.45,5.342322134936944,12,213.0,0.35459098317515714,8,220.0,0.2507076733250285,20,433.0
4065.0,28,310.0,5.081967213114754,4.458769249505809,18,250.0,0.22971265325345147,10,213.0,0.2816247635178404,28,463.0
4070.0,31,364.0,5.870967741935484,4.149304574968142,19,321.0,0.23052903214104836,12,195.0,0.315962840706969,31,516.0
4075.0,33,419.0,6.758064516129032,4.674317291181032,23,386.0,0.2399665823099969,10,199.0,0.3858119233154,33,585.0
4080.0,30,497.0,7.6461538461538465,4.065791193576613,21,453.0,0.18082084052716796,9,203.0,0.35536118593548927,30,656.0
4085.0,31,495.0,7.388059701492537,4.124025056516126,17,459.0,0.2420689599878263,14,185.0,0.2139331524910765,31,644.0
4090.0,35,610.0,9.104477611940299,4.383124886380732,19,529.0,0.20746254630170508,16,225.0,0.24321494123664242,35,754.0
4095.0,35,621.0,8.871428571428572,3.9989136255370736,23,594.0,0.1498342838557497,12,237.0,0.27495282116506825,35,831.0
4100.0,37,564.0,7.726027397260274,4.0466370386239845,27,619.0,0.15691050816928045,10,187.0,0.30999733357029124,37,806.0
4105.0,30,419.0,5.819444444444445,4.593103372449357,23,614.0,0.19843031721399895,7,180.0,0.35491532260972564,30,794.0
4110.0,31,464.0,6.025974025974026,5.578448226668789,21,623.0,0.30311849050277845,10,182.0,0.3496127321892795,31,805.0
4115.0,32,526.0,6.921052631578948,4.7622901766136785,20,656.0,0.253254201980326,12,232.0,0.3712426769529374,32,888.0
4120.0,42,690.0,9.324324324324325,3.693588678049618,27,724.0,0.12623711999959566,15,305.0,0.3322815574350131,42,1029.0
4125.0,49,808.0,10.631578947368421,2.6248568169515485,33,836.0,0.06362799215582071,16,325.0,0.2556852737307724,49,1161.0
4130.0,45,926.0,11.721518987341772,3.6926667219316633,33,960.0,0.11882020784920733,12,324.0,0.3147019447954126,45,1284.0
4135.0,42,882.0,10.75609756097561,3.7280941057936676,31,1037.0,0.12453465349372758,11,247.0,0.30943445821561066,42,1284.0
4140.0,46,964.0,11.614457831325302,3.9475421571751,30,1071.0,0.1569945512005655,16,185.0,0.28378810857878395,46,1256.0
4145.0,45,946.0,11.261904761904763,3.432993898626079,27,1072.0,0.159576767920624,18,232.0,0.24459331210899743,45,1304.0
4150.0,37,583.0,7.379746835443038,3.9795094920027343,24,953.0,0.1844751543708285,13,236.0,0.2007521544252535,37,1189.0
4155.0,33,411.0,5.1375,3.781407028341326,19,847.0,0.19067778121638426,14,248.0,0.11894641731141987,33,1095.0
4160.0,30,437.0,5.675324675324675,5.613415608644364,15,692.0,0.3010658656442042,15,257.0,0.1647370171876772,30,949.0
4165.0,34,489.0,6.791666666666667,5.29909324790703,16,634.0,0.2956255575841672,18,277.0,0.12919226034799566,34,911.0
4170.0,32,600.0,8.955223880597014,4.82353000390562,17,586.0,0.2214379794028207,15,278.0,0.15688752369404096,32,864.0
4175.0,28,603.0,9.276923076923078,4.865672498726598,14,547.0,0.27129909386798395,14,298.0,0.15893139530361572,28,845.0
4180.0,29,625.0,9.920634920634921,4.685100735848932,13,485.0,0.26691970195150594,16,367.0,0.21382525570508332,29,852.0
4185.0,25,632.0,10.031746031746032,4.391188864621349,13,529.0,0.2513294566576739,12,359.0,0.24859270525950322,25,888.0
4190.0,24,570.0,9.047619047619047,5.347434813495696,17,578.0,0.2752403662019679,7,260.0,0.2581492310401649,24,838.0
4195.0,25,672.0,10.338461538461539,5.671598468275867,15,596.0,0.24754418589699392,10,212.0,0.25775841196174587,25,808.0
4200.0,26,651.0,10.171875,5.429567690161876,18,637.0,0.1835944970673626,8,177.0,0.32662973045083177,26,814.0
4205.0,28,466.0,7.396825396825397,5.639787427053546,19,589.0,0.24190923052544838,9,132.0,0.4374768335337186,28,721.0
4210.0,28,550.0,9.649122807017545,4.573081590180849,22,544.0,0.25849912120110147,6,151.0,0.379974297796873,28,695.0
4215.0,32,685.0,11.416666666666666,4.282131799881602,23,657.0,0.24121409449101228,9,160.0,0.36990889961021245,32,817.0
4220.0,31,679.0,10.777777777777779,3.9932278661905194,22,721.0,0.24309709662373594,9,142.0,0.2710050886299024,31,863.0
4225.0,22,678.0,10.59375,4.940340442299022,17,729.0,0.2785273241510255,5,113.0,0.2053273811285786,22,842.0
4230.0,24,782.0,11.848484848484848,6.122489186069945,19,765.0,0.2234042276229361,5,124.0,0.4331728825904835,24,889.0
4235.0,23,798.0,11.23943661971831,6.399573791939161,17,771.0,0.17509385025778818,6,149.0,0.4887304506100083,23,920.0
4240.0,26,851.0,12.701492537313433,5.851970176065626,21,758.0,0.17591543231181972,5,177.0,0.4986618300494451,26,935.0
4245.0,28,678.0,10.59375,4.974078416755907,21,700.0,0.1529606214049664,7,182.0,0.4690714792659626,28,882.0
4250.0,30,438.0,7.064516129032258,4.705524634549812,21,597.0,0.17560489602656632,9,199.0,0.43091717907211324,30,796.0
4255.0,27,322.0,4.735294117647059,4.137053199744444,18,639.0,0.15845848908399304,9,192.0,0.3950360408855114,27,831.0
4260.0,23,327.0,4.671428571428572,5.7530710890387775,13,628.0,0.32382669093979904,10,213.0,0.4529858527979911,23,841.0
4265.0,24,260.0,3.5616438356164384,5.2851784544923746,16,578.0,0.3478734554067274,8,139.0,0.34854918955852426,24,717.0
4270.0,29,356.0,4.684210526315789,5.1896283721845835,15,497.0,0.33677929206361495,14,147.0,0.28896560832805873,29,644.0
4275.0,30,403.0,5.302631578947368,4.409687143686216,19,478.0,0.2650950535146781,11,163.0,0.27474889796621643,30,641.0
4280.0,40,490.0,6.2025316455696204,4.235568389348997,26,551.0,0.21479549738573797,14,148.0,0.28005411267697866,40,699.0
4285.0,33,525.0,6.5625,4.257385616688184,22,606.0,0.15074070559451652,11,165.0,0.2783434868535078,33,771.0
4290.0,38,647.0,7.987654320987654,4.6655497736581975,24,674.0,0.11488101111151128,14,180.0,0.31824822189066737,38,854.0
4295.0,39,709.0,9.08974358974359,4.117629396578919,26,739.0,0.0828055565434568,13,192.0,0.3360736179269734,39,931.0
4300.0,44,740.0,10.0,3.4149487497771496,26,755.0,0.12266669692989621,18,238.0,0.26998643343477374,44,993.0
4305.0,42,795.0,10.6,3.3208056552654,26,762.0,0.18025817538616778,16,287.0,0.2066731735893748,42,1049.0
4310.0,40,829.0,11.053333333333333,3.653251948566036,27,845.0,0.11461830578709059,13,292.0,0.26516881884404225,40,1137.0
4315.0,33,805.0,10.320512820512821,4.199258772685229,20,871.0,0.1217689986140502,13,303.0,0.23454265722434178,33,1174.0
4320.0,33,688.0,8.708860759493671,4.426424233416375,17,792.0,0.20167149872042292,16,296.0,0.1644061131252122,33,1088.0
4325.0,34,436.0,5.662337662337662,4.580557287650289,16,718.0,0.22065809798388134,18,325.0,0.18835410764739446,34,1043.0
4330.0,37,390.0,5.492957746478873,3.840547894715653,17,740.0,0.2079475951219864,20,341.0,0.21239865577652758,37,1081.0
4335.0,37,439.0,6.097222222222222,3.5990686153002027,20,744.0,0.19149406168135,17,371.0,0.21147318922437172,37,1115.0
4340.0,34,390.0,5.131578947368421,4.070610981448723,21,781.0,0.10306483374691729,13,325.0,0.3098029268965055,34,1106.0
4345.0,26,391.0,5.144736842105263,5.752675919110793,18,781.0,0.16382883072020069,8,288.0,0.39662404697302234,26,1069.0
4350.0,22,416.0,5.777777777777778,5.860839761461784,14,746.0,0.27490399857379205,8,254.0,0.29132376239879715,22,1000.0
4355.0,28,433.0,5.851351351351352,4.99074414685408,15,665.0,0.26892223615624106,13,235.0,0.2049141938178489,28,900.0
4360.0,34,383.0,5.4714285714285715,4.384403126777915,18,624.0,0.30037880351805174,16,274.0,0.21895117085526292,34,898.0
4365.0,29,454.0,6.676470588235294,4.872282960203658,18,583.0,0.2605319409246101,11,281.0,0.3076445273483834,29,864.0
4370.0,31,376.0,5.449275362318841,4.173069241172869,22,617.0,0.13819396004148607,9,215.0,0.2774722386034366,31,832.0
4375.0,30,395.0,5.895522388059701,4.976377614653418,19,609.0,0.14626319242643812,11,185.0,0.3126752581859753,30,794.0
4380.0,27,364.0,5.870967741935484,4.346508969049351,14,586.0,0.1934405271124289,13,199.0,0.21610649619093988,27,785.0
4385.0,30,440.0,6.984126984126984,4.757042760059749,14,576.0,0.18586859426444782,16,256.0,0.2397726400193726,30,832.0
4390.0,31,428.0,7.133333333333334,3.908144084699597,17,560.0,0.10555628104020458,14,275.0,0.31960216811046416,31,835.0
4395.0,30,453.0,7.190476190476191,4.840227819481936,16,554.0,0.17455153335060203,14,268.0,0.3565603276530253,30,822.0
4400.0,26,421.0,6.901639344262295,3.916050795174373,16,562.0,0.15428526716708213,10,264.0,0.3228718653106623,26,826.0
4405.0,20,300.0,4.761904761904762,4.848224128029619,10,541.0,0.19014529467614158,10,197.0,0.291838335457361,20,738.0
4410.0,17,277.0,4.396825396825397,4.942186260212137,10,486.0,0.18845572194783977,7,162.0,0.26979372151337155,17,648.0
4415.0,28,362.0,5.569230769230769,5.1945551555978025,14,429.0,0.2656433544554724,14,178.0,0.25247981826835786,28,607.0
4420.0,30,422.0,6.59375,4.457280415673453,16,455.0,0.2570355075407815,14,223.0,0.22962764186216056,30,678.0
4425.0,30,519.0,8.370967741935484,4.697760504905371,10,429.0,0.2515569713740518,20,282.0,0.2357227773718813,30,711.0
4430.0,24,494.0,7.967741935483871,4.744100769555742,8,404.0,0.25638975687983145,16,308.0,0.24571235667729607,24,712.0
4435.0,24,458.0,7.508196721311475,5.396316822248932,13,394.0,0.1783381936497902,11,257.0,0.311543411162448,24,651.0
4440.0,24,287.0,4.948275862068965,5.151516554692603,14,313.0,0.11182484079377719,10,236.0,0.3496711110456151,24,549.0
4445.0,21,259.0,4.625,5.572376241116941,11,208.0,0.19448981107582786,10,193.0,0.29176268652380094,21,401.0
4450.0,19,241.0,4.303571428571429,5.463106009711569,8,186.0,0.30123279164437394,11,169.0,0.2373164741148067,19,355.0
4455.0,22,278.0,4.711864406779661,5.774424663050039,10,220.0,0.3449860871859852,12,176.0,0.27916919084021213,22,396.0
4460.0,22,284.0,4.896551724137931,5.631334625158017,7,201.0,0.39541821393301796,15,230.0,0.30608105806776237,22,431.0
4465.0,19,230.0,4.181818181818182,5.170068139080411,5,105.0,0.4248643252460413,14,271.0,0.23459607118592313,19,376.0
4470.0,23,312.0,5.571428571428571,5.828575821055317,6,94.0,0.48451186722148415,17,296.0,0.23469909784457338,23,390.0
4475.0,22,323.0,5.666666666666667,5.580947119050318,7,123.0,0.43187805355141873,15,310.0,0.24162509453911624,22,433.0
4480.0,19,197.0,3.396551724137931,5.691714143219915,8,90.0,0.38500400811690616,11,261.0,0.2743260251545193,19,351.0
4485.0,25,250.0,4.310344827586207,5.279031697807065,10,104.0,0.30716863205367045,15,281.0,0.24706727518785274,25,385.0
4490.0,25,255.0,4.396551724137931,5.84448568800301,8,105.0,0.41965516621379223,17,286.0,0.24827918350866235,25,391.0
4495.0,23,301.0,5.375,5.529723486949863,8,104.0,0.47620924641825135,15,339.0,0.2322663547044431,23,443.0
4500.0,20,289.0,5.254545454545455,5.309331694395094,6,110.0,0.3016507607643134,14,368.0,0.2857713578468252,20,478.0
4505.0,18,292.0,5.214285714285714,5.834563000245289,4,81.0,0.3398501315924896,14,361.0,0.25969135320894143,18,442.0
4510.0,17,262.0,5.038461538461538,6.165339650033503,4,71.0,0.35048832348035813,13,338.0,0.19314970032857684,17,409.0
4515.0,19,166.0,3.1923076923076925,5.504838688270805,7,57.0,0.21373169741876505,12,314.0,0.18833880760231167,19,371.0
4520.0,19,219.0,4.5625,5.6092217346637945,5,72.0,0.41884259130695073,14,279.0,0.25815406392348117,19,351.0
4525.0,17,209.0,4.75,6.499520582940369,4,60.0,0.6583812988172093,13,273.0,0.26720051167342757,17,333.0
4530.0,16,247.0,5.25531914893617,5.846640916973209,5,83.0,0.5522163943205153,11,280.0,0.18912724310198867,16,363.0
4535.0,16,254.0,5.291666666666667,5.796660232754487,5,101.0,0.46406619552246886,11,271.0,0.22508874203120707,16,372.0
4540.0,17,268.0,6.090909090909091,6.543266008554127,8,130.0,0.4021784010478883,9,241.0,0.33130307623978084,17,371.0
4545.0,16,328.0,7.627906976744186,6.1832624773344085,6,157.0,0.4400845557294582,10,265.0,0.19199448729678206,16,422.0
4550.0,14,316.0,7.7073170731707314,5.903355507016396,4,133.0,0.39790648317967137,10,292.0,0.21459497680892037,14,425.0
4555.0,14,286.0,7.15,6.04004237076703,5,140.0,0.4999901883703125,9,273.0,0.26251166476025534,14,413.0
4560.0,12,162.0,4.2631578947368425,5.932123736065581,3,53.0,0.5697647903551843,9,194.0,0.1827408030864349,12,247.0
4565.0,17,224.0,5.743589743589744,5.357144274936153,8,83.0,0.45334784088118907,9,231.0,0.20470407730424936,17,314.0
4570.0,16,240.0,6.0,5.548255082951483,5,82.0,0.5078475190552058,11,262.0,0.20851298837734678,16,344.0
4575.0,11,193.0,4.948717948717949,5.710703791116337,4,63.0,0.3983734297326732,7,232.0,0.3229080068038586,11,295.0
4580.0,11,179.0,4.589743589743589,6.304456680653393,6,49.0,0.267996210508388,5,176.0,0.3662309274697947,11,225.0
4585.0,17,246.0,5.72093023255814,6.272029887988067,8,80.0,0.18646877677339196,9,206.0,0.30405584821755605,17,286.0
4590.0,14,166.0,3.86046511627907,6.29230375942411,7,89.0,0.2681337719896931,7,173.0,0.3752040062092218,14,262.0
4595.0,11,178.0,4.1395348837209305,8.07293314117838,7,113.0,0.4318179488232961,4,121.0,0.5304525342756494,11,234.0
4600.0,10,179.0,4.475,7.795023284362367,5,108.0,0.48626311532560457,5,128.0,0.4521147044057838,10,236.0
4605.0,15,172.0,4.3,6.814748032507635,9,129.0,0.3600934534467321,6,103.0,0.4895250794356738,15,232.0
4610.0,15,186.0,4.65,4.885232985383567,10,170.0,0.22970862146690604,5,81.0,0.40301795026962367,15,251.0
4615.0,20,248.0,6.048780487804878,4.686815066398175,12,216.0,0.21874708760298592,8,106.0,0.35914042772870447,20,322.0
4620.0,18,197.0,4.4772727272727275,4.9282107615384305,9,204.0,0.27988387701118334,9,115.0,0.3476740214691528,18,319.0
4625.0,10,110.0,2.2916666666666665,5.844843024789463,3,126.0,0.3854003598189153,7,140.0,0.3857465133944435,10,266.0
4630.0,12,148.0,3.020408163265306,7.0523900775795445,3,105.0,0.410334527038989,9,165.0,0.4119923608058403,12,270.0
4635.0,13,156.0,3.25,7.416473651699444,5,86.0,0.48046565545866265,8,149.0,0.3415948392489233,13,235.0
4640.0,10,164.0,3.6444444444444444,6.843386297985373,3,74.0,0.3742730147604355,7,132.0,0.26956580254917306,10,206.0
4645.0,13,131.0,3.358974358974359,5.862984650213649,6,101.0,0.43867826211429434,7,102.0,0.1241630198244475,13,203.0
4650.0,12,145.0,3.717948717948718,6.528520261515507,5,100.0,0.501473427612607,7,86.0,0.23860527576322613,12,186.0
4655.0,9,179.0,4.7105263157894735,7.681223919835763,4,110.0,0.6004620506750364,5,102.0,0.3976671859848038,9,212.0
4660.0,12,218.0,5.45,7.551518239842923,7,138.0,0.5669197713174962,5,104.0,0.3682806938243997,12,242.0
4665.0,10,93.0,2.1136363636363638,6.493219975190953,5,68.0,0.4828242361158424,5,77.0,0.31935042329049884,10,145.0
4670.0,14,156.0,3.627906976744186,6.749612767042499,9,86.0,0.4385834204381286,5,85.0,0.43796159805847684,14,171.0
4675.0,14,113.0,2.3541666666666665,5.665069221558359,12,124.0,0.3709180141959257,2,40.0,0.45110051373597904,14,164.0
4680.0,18,149.0,2.8653846153846154,5.8081937821260965,16,158.0,0.27927705139180714,2,22.0,0.6188004409937419,18,180.0
4685.0,16,169.0,3.1296296296296298,5.94734917797956,13,193.0,0.23954407168157063,3,29.0,0.632248572251104,16,222.0
4690.0,16,172.0,3.017543859649123,6.497203516328614,13,202.0,0.2855340276572909,3,44.0,0.5503349789303639,16,246.0
4695.0,18,212.0,3.925925925925926,5.862173463397356,11,212.0,0.3442707238160088,7,67.0,0.3030342358159846,18,279.0
4700.0,23,246.0,4.472727272727273,5.062387145451605,15,238.0,0.22624328124668816,8,76.0,0.25723638577319746,23,314.0
4705.0,27,324.0,5.491525423728813,4.365575146306166,18,291.0,0.18088980494731025,9,101.0,0.33275944416042874,27,392.0
4710.0,25,355.0,6.016949152542373,5.554021676036868,17,334.0,0.2885736852246264,8,123.0,0.4516129383195001,25,457.0
4715.0,19,234.0,3.774193548387097,5.818715358264709,13,303.0,0.36524893913272893,6,107.0,0.42294432078303,19,410.0
4720.0,25,254.0,3.96875,4.903855636928643,17,287.0,0.29640633877057976,8,121.0,0.40945749501987894,25,408.0
4725.0,32,362.0,5.484848484848484,4.474322075468805,20,349.0,0.22825009108430766,12,142.0,0.36169706275444374,32,491.0
4730.0,33,475.0,7.08955223880597,4.2747378974532415,19,408.0,0.2104437285592568,14,185.0,0.3346969754553688,33,593.0
4735.0,33,476.0,6.8,3.85033194188065,18,408.0,0.21494461886389832,15,212.0,0.23437397506582006,33,620.0
4740.0,31,364.0,5.2,3.7263131010880874,14,340.0,0.20668108618149153,17,240.0,0.1789788455224364,31,580.0
4745.0,27,413.0,5.9855072463768115,4.914271077807837,16,324.0,0.23970671899965884,11,229.0,0.2410206756606266,27,553.0
4750.0,23,380.0,5.6716417910447765,4.623787332572284,14,366.0,0.22776662950333354,9,213.0,0.15453652090093928,23,579.0
4755.0,25,398.0,5.940298507462686,4.853183491501448,13,399.0,0.18187750086669435,12,179.0,0.26264415866759083,25,578.0
4760.0,31,436.0,6.920634920634921,5.006342369350534,18,419.0,0.2211451871847096,13,224.0,0.3469784819886555,31,643.0
4765.0,29,426.0,6.454545454545454,4.808144854611,19,414.0,0.25286944236069997,10,234.0,0.3971849585603518,29,648.0
4770.0,27,436.0,6.920634920634921,4.314311219199969,19,462.0,0.1758609920724214,8,187.0,0.3933768805986925,27,649.0
4775.0,25,464.0,7.483870967741935,4.8084429437441045,14,470.0,0.20206660290841147,11,194.0,0.2993527699014378,25,664.0
4780.0,24,551.0,9.032786885245901,5.400251267084569,14,479.0,0.21203803218429304,10,231.0,0.18299772945453277,24,710.0
4785.0,24,621.0,10.35,5.624019288256604,13,496.0,0.27440196518071625,11,274.0,0.07784588872302779,24,770.0
4790.0,23,573.0,10.61111111111111,5.40558564865734,13,519.0,0.2490934190780531,10,274.0,0.2507887614533665,23,793.0
4795.0,22,375.0,7.653061224489796,4.60870088032455,14,446.0,0.22016338538150995,8,227.0,0.3842449650039419,22,673.0
4800.0,22,317.0,6.34,4.742658006144406,16,353.0,0.24204317677438902,6,178.0,0.4269837210301497,22,531.0
4805.0,22,256.0,4.923076923076923,5.016998117631341,16,355.0,0.23333523667949338,6,132.0,0.47716012878934455,22,487.0
4810.0,21,271.0,4.927272727272728,5.34070292849423,16,346.0,0.25553529292614874,5,121.0,0.4401729127514867,21,467.0
4815.0,21,261.0,4.578947368421052,4.778309925625936,13,358.0,0.14235334469039118,8,130.0,0.4203747869837142,21,488.0
4820.0,19,198.0,3.413793103448276,5.253205104014464,11,309.0,0.1972012550631729,8,130.0,0.38196817813662015,19,439.0
4825.0,21,252.0,4.131147540983607,5.932891305356407,9,281.0,0.36803301250328474,12,134.0,0.2311228206566824,21,415.0
4830.0,20,263.0,4.311475409836065,5.614074535290805,8,289.0,0.38964083976194686,12,154.0,0.15294695068670489,20,443.0
4835.0,26,357.0,6.375,5.555822982479505,12,330.0,0.3669490547327759,14,177.0,0.2122975384590663,26,507.0
4840.0,24,372.0,6.763636363636364,4.356527361512604,11,347.0,0.2149434189347368,13,201.0,0.2432835720506497,24,548.0
4845.0,18,355.0,6.454545454545454,4.972119735667272,9,326.0,0.1464991649594734,9,173.0,0.2967776994006745,18,499.0
4850.0,18,406.0,7.660377358490566,5.541115043358187,7,338.0,0.293350023355669,11,204.0,0.23436963157138072,18,542.0
4855.0,19,312.0,5.571428571428571,6.074856295195157,8,264.0,0.3033128891799065,11,223.0,0.2685423013004934,19,487.0
4860.0,23,324.0,6.0,5.185163822676092,10,156.0,0.3535590266162537,13,262.0,0.1673390022703753,23,418.0
4865.0,19,359.0,6.903846153846154,4.620751294724352,8,181.0,0.3564527681195753,11,294.0,0.2674747445195761,19,475.0
4870.0,18,411.0,7.472727272727273,5.890567061656939,8,169.0,0.45271751023774937,10,335.0,0.3501159479964233,18,504.0
4875.0,18,430.0,7.413793103448276,5.197710516432761,6,158.0,0.4362046711276111,12,364.0,0.23451710532137268,18,522.0
4880.0,26,531.0,8.564516129032258,5.21573278479153,10,205.0,0.4009357453991553,16,398.0,0.21648774368387616,26,603.0
4885.0,28,385.0,6.311475409836065,4.214547387945312,13,130.0,0.3716312862103172,15,392.0,0.18827927384284474,28,522.0
4890.0,27,471.0,7.596774193548387,4.833059345801827,15,173.0,0.2916232445237835,12,350.0,0.2903143185898072,27,523.0
4895.0,28,474.0,7.40625,4.024920058407081,17,211.0,0.1275583460549266,11,348.0,0.3083563372748749,28,559.0
4900.0,23,412.0,6.4375,5.013534693392037,14,224.0,0.23109784951191362,9,369.0,0.3335471383085572,23,593.0
4905.0,25,156.0,2.3636363636363638,4.369191701228559,12,213.0,0.287690776791572,13,258.0,0.19754023852094169,25,471.0
4910.0,34,292.0,4.424242424242424,4.859856920148683,16,252.0,0.2669997186492617,18,252.0,0.2716995646079158,34,504.0
4915.0,31,322.0,4.666666666666667,4.187290473657633,16,281.0,0.20547053324085465,15,297.0,0.2679290001595794,31,578.0
4920.0,29,370.0,5.285714285714286,5.043977094294131,18,322.0,0.25141377845835755,11,292.0,0.3228734478725798,29,614.0
4925.0,29,343.0,4.763888888888889,4.66812053754702,16,352.0,0.271987167212082,13,287.0,0.3146068997509791,29,639.0
4930.0,34,408.0,5.230769230769231,5.156062250683168,18,368.0,0.30602466814420565,16,277.0,0.3091389359893264,34,645.0
4935.0,36,426.0,5.195121951219512,4.522206084662314,18,374.0,0.2964800245926051,18,311.0,0.2599400441093462,36,685.0
4940.0,25,328.0,4.049382716049383,5.09609161038634,12,307.0,0.30103737620492005,13,328.0,0.282560930985046,25,635.0
4945.0,31,305.0,3.765432098765432,4.290068567802314,17,326.0,0.26334316683258874,14,344.0,0.1883317062870982,31,670.0
4950.0,34,401.0,4.890243902439025,4.503065242007894,19,391.0,0.24077304111922834,15,381.0,0.17593590073611223,34,772.0
4955.0,43,486.0,6.0,3.7609909854647237,20,445.0,0.1975415748342767,23,426.0,0.11764060569191967,43,871.0
4960.0,49,668.0,9.027027027027026,3.1420767441826376,24,497.0,0.1621478810045903,25,486.0,0.17156008631302222,49,983.0
4965.0,50,759.0,9.986842105263158,2.6744144213568446,26,522.0,0.15345512791229513,24,551.0,0.17911284580059156,50,1073.0
4970.0,34,631.0,7.987341772151899,3.981804336867516,18,456.0,0.233312797755445,16,548.0,0.17371959518090213,34,1004.0
4975.0,27,647.0,7.7023809523809526,5.375519359629204,13,413.0,0.30114280001841454,14,547.0,0.2555480543271792,27,960.0
4980.0,20,357.0,4.151162790697675,5.629325676249476,11,379.0,0.2478978071747802,9,461.0,0.2944891087380513,20,840.0
4985.0,30,334.0,4.024096385542169,4.780136445054635,19,362.0,0.195046533015841,11,301.0,0.27023820589567155,30,663.0
4990.0,34,434.0,5.105882352941176,4.727857786519333,19,410.0,0.26886856826221983,15,322.0,0.23822316714411887,34,732.0
4995.0,29,469.0,5.790123456790123,4.8557720654700605,14,407.0,0.20986562751196441,15,307.0,0.2739631846994035,29,714.0
5000.0,29,553.0,6.9125,5.385148037823422,14,376.0,0.21886462235636858,15,315.0,0.3168440461174879,29,691.0
5005.0,30,460.0,5.679012345679013,4.805184818871986,13,373.0,0.14506278728528538,17,350.0,0.2882282490240219,30,723.0
5010.0,35,523.0,6.620253164556962,4.617087624818182,17,426.0,0.17821298043503248,18,405.0,0.2727602785710699,35,831.0
5015.0,40,529.0,7.2465753424657535,3.6673625171590802,19,468.0,0.19332410333047753,21,427.0,0.2168255782214035,40,895.0
5020.0,44,626.0,8.346666666666666,3.308464893624813,19,531.0,0.22885413240663463,25,414.0,0.1918196520939796,44,945.0
5025.0,40,614.0,7.974025974025974,3.1385207966637005,13,536.0,0.22869937666420068,27,455.0,0.14006339210963825,40,991.0
5030.0,37,670.0,8.481012658227849,4.035206617139615,11,525.0,0.23024697477426173,26,501.0,0.20746831265628574,37,1026.0
5035.0,37,661.0,7.776470588235294,4.364917260071172,14,522.0,0.23422711069759616,23,548.0,0.2734488409858183,37,1070.0
5040.0,34,360.0,4.235294117647059,4.405582704193703,16,418.0,0.21466551462790825,18,509.0,0.2718560537302118,34,927.0
5045.0,38,373.0,4.3882352941176475,4.068819656445955,20,371.0,0.2033736167730363,18,556.0,0.23714805077980336,38,927.0
5050.0,41,463.0,5.383720930232558,4.254620209300668,18,413.0,0.25839866024502267,23,602.0,0.2114377663368324,41,1015.0
5055.0,40,414.0,4.928571428571429,3.8460109029409217,11,370.0,0.29000500252927097,29,672.0,0.1153692612566116,40,1042.0
5060.0,41,488.0,5.951219512195122,4.352543420572991,11,353.0,0.3760194809157856,30,715.0,0.08743651274530473,41,1068.0
5065.0,44,624.0,7.703703703703703,4.447393555574447,13,351.0,0.4005893187470456,31,772.0,0.04383616167020746,44,1123.0
5070.0,34,556.0,6.864197530864198,4.593126222893547,11,317.0,0.2956292852053209,23,729.0,0.09338323806913144,34,1046.0
5075.0,36,657.0,8.532467532467532,4.477948879536315,16,366.0,0.15989241915143268,20,687.0,0.1913163864967575,36,1053.0
5080.0,35,649.0,8.89041095890411,4.397583194130249,18,409.0,0.19720718305179397,17,662.0,0.23898745648126496,35,1071.0
5085.0,36,620.0,8.493150684931507,4.693474278384156,19,461.0,0.2629635187933929,17,639.0,0.26732384472549475,36,1100.0
5090.0,33,524.0,7.178082191780822,4.277071053420115,17,454.0,0.227726762470107,16,644.0,0.31006213573641417,33,1098.0
5095.0,30,465.0,6.549295774647887,4.819796980944615,14,380.0,0.2947877044929355,16,631.0,0.33039213701279596,30,1011.0
5100.0,33,416.0,5.777777777777778,3.780223113675725,12,374.0,0.2970899722300454,21,646.0,0.19775402096967998,33,1020.0
5105.0,23,320.0,4.571428571428571,4.0618412434750795,8,298.0,0.290051782577101,15,614.0,0.15288856342224372,23,912.0
5110.0,31,416.0,5.777777777777778,3.8716123039597283,13,271.0,0.2626957340233181,18,639.0,0.09876852923945686,31,910.0
5115.0,30,460.0,6.052631578947368,4.567155686439193,11,273.0,0.3034466399812902,19,619.0,0.11572871331947386,30,892.0
5120.0,31,449.0,6.1506849315068495,4.3778526950055525,12,272.0,0.3150676927303771,19,623.0,0.18486205607984424,31,895.0
5125.0,35,393.0,5.458333333333333,3.9704484112241047,15,304.0,0.23696784137768787,20,577.0,0.22392320730743448,35,881.0
5130.0,40,500.0,6.944444444444445,3.4827384759981843,19,384.0,0.24908109214695964,21,609.0,0.18052040532886396,40,993.0
5135.0,37,496.0,6.985915492957746,3.8585332121060643,20,442.0,0.18013553504389787,17,575.0,0.21346808385855803,37,1017.0
5140.0,28,484.0,7.117647058823529,4.578584281947097,13,447.0,0.10669187396349923,15,594.0,0.24668747301103416,28,1041.0
5145.0,26,543.0,7.985294117647059,5.246531969639623,12,456.0,0.2081346660155829,14,565.0,0.19264679610935997,26,1021.0
5150.0,26,387.0,6.046875,4.947617462601228,11,393.0,0.26622617981564206,15,528.0,0.09945394420454366,26,921.0
5155.0,29,424.0,6.73015873015873,4.672447420919813,13,334.0,0.290608102725566,16,506.0,0.14207700916899554,29,840.0
5160.0,31,527.0,9.410714285714286,4.559117531647611,13,390.0,0.29639109001706715,18,491.0,0.22577756032153457,31,881.0
5165.0,29,559.0,9.807017543859649,4.131041996367702,12,415.0,0.2863249317624364,17,525.0,0.24111950933444395,29,940.0
5170.0,24,564.0,9.4,4.998182835579148,9,404.0,0.3322810133719933,15,495.0,0.21624110525791881,24,899.0
5175.0,21,551.0,8.887096774193548,5.765172664575844,10,369.0,0.22243701975739028,11,490.0,0.3168001627631627,21,859.0
5180.0,21,440.0,6.875,5.920544685969026,10,260.0,0.24087240289051523,11,486.0,0.3200680618812618,21,746.0
5185.0,25,407.0,6.783333333333333,5.142657373303527,10,231.0,0.2708086552707645,15,472.0,0.2898309080889718,25,703.0
5190.0,28,500.0,9.25925925925926,4.314022865482223,11,282.0,0.3439002160157815,17,496.0,0.24979475380925867,28,778.0
5195.0,29,552.0,9.68421052631579,4.1447877805785485,10,289.0,0.3991448377617215,19,555.0,0.15506593788512807,29,844.0
5200.0,31,400.0,6.896551724137931,4.086949472062364,11,312.0,0.34094341777143145,20,456.0,0.19802907246410595,31,768.0
5205.0,28,369.0,5.951612903225806,4.3726724312990815,11,313.0,0.3039568091054849,17,396.0,0.25493507715098174,28,709.0
5210.0,23,339.0,5.2153846153846155,4.6757756437778,7,260.0,0.38484349755936337,16,402.0,0.15727840664870366,23,662.0
5215.0,20,289.0,4.25,6.1873269787138625,7,281.0,0.4875031885378347,13,339.0,0.23403636898272412,20,620.0
5220.0,17,217.0,3.1911764705882355,6.0780521254034,6,194.0,0.3727704522790436,11,328.0,0.30739622616639656,17,522.0
5225.0,23,197.0,2.8970588235294117,5.3060200664980925,11,66.0,0.21167681123957224,12,310.0,0.34048506345387747,23,376.0
5230.0,28,240.0,3.4285714285714284,4.714696214708625,13,114.0,0.17899393169147917,15,338.0,0.34638860429181123,28,452.0
5235.0,26,296.0,4.352941176470588,5.3700382391650505,8,134.0,0.2818645851461066,18,371.0,0.3410540180426882,26,505.0
5240.0,28,351.0,5.4,4.7886548183842645,8,155.0,0.35252876224574503,20,393.0,0.21420738215255603,28,548.0
5245.0,31,383.0,5.803030303030303,4.18927699942985,9,138.0,0.2952075165129316,22,457.0,0.16796867459831494,31,595.0
5250.0,35,434.0,6.78125,3.4406504700402354,12,160.0,0.23811859622458878,23,468.0,0.12378305867608211,35,628.0
5255.0,30,345.0,5.073529411764706,4.286326042068989,12,166.0,0.23407361660525486,18,414.0,0.17334204971751527,30,580.0
5260.0,32,396.0,5.739130434782608,4.772024532327963,14,190.0,0.2781494796544539,18,431.0,0.19664089259769776,32,621.0
5265.0,30,349.0,5.057971014492754,4.962706101149033,10,205.0,0.34988615875597423,20,424.0,0.19697171959431148,30,629.0
5270.0,22,282.0,4.476190476190476,5.31749548953773,6,152.0,0.418538476693614,16,472.0,0.2097678922309216,22,624.0
5275.0,23,311.0,5.098360655737705,5.0655027499517224,6,122.0,0.40863273573679126,17,510.0,0.1310492760747849,23,632.0
5280.0,33,385.0,6.111111111111111,3.9225384658281386,13,165.0,0.1545440320489639,20,533.0,0.16952648598584039,33,698.0
5285.0,27,377.0,6.180327868852459,4.55507703632889,14,189.0,0.1655667779006125,13,481.0,0.2589956124378448,27,670.0
5290.0,20,447.0,7.706896551724138,5.699778774572177,7,161.0,0.2671090715843347,13,471.0,0.2612900079760493,20,632.0
5295.0,24,507.0,8.45,4.840962027369725,10,199.0,0.2139770718593704,14,471.0,0.16606808757198335,24,670.0
5300.0,32,588.0,9.639344262295081,4.6798912646606405,15,267.0,0.2156126082783372,17,452.0,0.20509963657293478,32,719.0
5305.0,28,412.0,7.490909090909091,3.8857970878100936,14,270.0,0.27441943049428846,14,412.0,0.20254184260849126,28,682.0
5310.0,28,451.0,8.351851851851851,4.440871897942146,12,243.0,0.30476082586650094,16,358.0,0.2379328894496931,28,601.0
5315.0,26,398.0,6.862068965517241,4.524177040223121,11,253.0,0.3175244233334719,15,356.0,0.24771217863516573,26,609.0
5320.0,21,366.0,6.1,5.55238167723162,7,207.0,0.34315779133076857,14,327.0,0.25077789959388047,21,534.0
5325.0,22,419.0,7.7592592592592595,5.946146658090928,7,194.0,0.428891114842233,15,339.0,0.2110407658564241,22,533.0
5330.0,21,498.0,8.892857142857142,5.9138235564096435,8,220.0,0.3430828058575266,13,339.0,0.15934435630750715,21,559.0
5335.0,23,282.0,5.127272727272727,5.611795325470836,9,127.0,0.346411776945123,14,313.0,0.1602677200530604,23,440.0
5340.0,15,180.0,3.272727272727273,6.263853461475879,6,102.0,0.3804096870482959,9,208.0,0.31541836539581974,15,310.0
5345.0,18,207.0,3.7636363636363637,7.493676823875354,8,112.0,0.4559890845702782,10,174.0,0.43711406259858476,18,286.0
5350.0,17,272.0,5.132075471698113,7.157162112620902,7,105.0,0.4835786950448298,10,211.0,0.41694420580843927,17,316.0
5355.0,20,271.0,5.313725490196078,5.4090715311453526,12,94.0,0.32690356396562226,8,227.0,0.3724876292900171,20,321.0
5360.0,23,346.0,7.061224489795919,4.630379169496548,13,159.0,0.20285702368461675,10,226.0,0.3042886671868369,23,385.0
5365.0,28,352.0,6.901960784313726,3.7905826144451145,15,215.0,0.21857642589414938,13,216.0,0.15182337737898893,28,431.0
5370.0,24,378.0,7.269230769230769,4.974102739367742,13,261.0,0.2533779595115763,11,207.0,0.2504232806904455,24,468.0
5375.0,24,310.0,6.326530612244898,3.990570949184019,13,255.0,0.20208151363145202,11,235.0,0.2625842826017725,24,490.0
5380.0,17,248.0,5.061224489795919,5.989804728882378,8,178.0,0.316790084213544,9,228.0,0.3278123835313169,17,406.0
5385.0,15,265.0,5.520833333333333,5.700830784763308,6,151.0,0.2731259790030254,9,262.0,0.3048872346727877,15,413.0
5390.0,16,163.0,3.3958333333333335,5.9956554020762995,9,149.0,0.2345152615483281,7,211.0,0.34513966556802406,16,360.0
5395.0,17,187.0,4.065217391304348,5.723750713839769,8,142.0,0.252494360043107,9,207.0,0.34419057854422697,17,349.0
5400.0,14,194.0,4.127659574468085,6.357716212631133,6,108.0,0.3991607729825695,8,227.0,0.3226398435235105,14,335.0
5405.0,12,223.0,4.955555555555556,7.063283853342613,5,87.0,0.4610261238938779,7,245.0,0.3686772105732433,12,332.0
5410.0,14,183.0,3.9782608695652173,7.124793863849125,7,79.0,0.22417547764240656,7,224.0,0.5198372846199721,14,303.0
5415.0,11,204.0,4.857142857142857,7.265053413798562,5,74.0,0.4038987776572537,6,198.0,0.5254242491060088,11,272.0
5420.0,10,118.0,2.744186046511628,6.77802056500797,5,58.0,0.48862293811110497,5,116.0,0.36880129178906884,10,174.0
5425.0,16,187.0,4.065217391304348,6.0753666862992945,5,83.0,0.39590114599003423,11,90.0,0.24062456568545607,16,173.0
5430.0,22,288.0,5.877551020408164,6.344448908735868,8,119.0,0.4472815188387967,14,155.0,0.26266483094828313,22,274.0
5435.0,18,278.0,5.346153846153846,5.69484816344776,7,127.0,0.37823030431617605,11,179.0,0.3053520438492412,18,306.0
5440.0,21,319.0,6.254901960784314,5.019851778372552,10,129.0,0.31511200301673414,11,195.0,0.37496686283173825,21,324.0
5445.0,19,330.0,6.346153846153846,5.7742489529952845,8,162.0,0.3515671798763636,11,214.0,0.43455315534766825,19,376.0
5450.0,18,392.0,7.127272727272727,6.531703327329218,7,171.0,0.47976414118089517,11,230.0,0.3370287741488438,18,401.0
5455.0,21,322.0,5.551724137931035,5.487684582278144,9,180.0,0.4003831275735104,12,211.0,0.1616428950104475,21,391.0
5460.0,20,320.0,5.517241379310345,6.712005129747235,10,205.0,0.38557875013303894,10,135.0,0.33505359408416224,20,340.0
5465.0,20,286.0,5.107142857142857,6.26161868894133,9,179.0,0.2812796882735264,11,159.0,0.4271661238519492,20,338.0
5470.0,21,334.0,6.072727272727272,5.926856546530844,12,192.0,0.31403692758286644,9,175.0,0.3324784881926248,21,367.0
5475.0,24,336.0,5.894736842105263,5.588934117151243,11,196.0,0.3164861805151287,13,211.0,0.33118246332591644,24,407.0
5480.0,23,296.0,5.016949152542373,5.477201772923201,11,180.0,0.32509707818993383,12,198.0,0.3359899746164658,23,378.0
5485.0,21,226.0,3.896551724137931,5.598508542046742,9,184.0,0.39745111401673583,12,136.0,0.3611483913264895,21,320.0
5490.0,18,179.0,2.9833333333333334,5.926269547761018,7,144.0,0.48379212705951796,11,155.0,0.3008643360669261,18,299.0
5495.0,21,169.0,2.816666666666667,5.714136298814954,10,150.0,0.3352792580215759,11,150.0,0.24567192359455864,21,300.0
5500.0,24,166.0,2.721311475409836,4.83117206982577,14,170.0,0.19164677285716597,10,167.0,0.23900686358878226,24,337.0
5505.0,28,252.0,3.9375,4.500992477329547,13,206.0,0.20012989232207382,15,194.0,0.22611911695642373,28,400.0
5510.0,24,268.0,4.39344262295082,5.546981339651371,13,188.0,0.32748534866367224,11,219.0,0.36934643719602334,24,407.0
5515.0,25,332.0,5.354838709677419,6.10381713961682,14,228.0,0.38866311197303544,11,198.0,0.3442780245214221,25,426.0
5520.0,22,336.0,5.25,5.569440475952604,14,275.0,0.3865158514332516,8,203.0,0.29469767109860523,22,478.0
5525.0,26,294.0,4.741935483870968,4.495017821207398,17,293.0,0.27328958236982054,9,164.0,0.31415452462877075,26,457.0
5530.0,23,269.0,4.559322033898305,4.897207773547119,17,303.0,0.23312010116748738,6,113.0,0.4701584055709122,23,416.0
5535.0,24,275.0,4.583333333333333,5.013627878444836,20,351.0,0.1950410878704976,4,65.0,0.5190002135818095,24,416.0
5540.0,21,264.0,4.327868852459017,5.362387026871982,16,380.0,0.26283784884806916,5,72.0,0.3974192419865643,21,452.0
5545.0,21,252.0,4.2,5.108250816386152,14,362.0,0.24479551435497204,7,89.0,0.27124713638014514,21,451.0
5550.0,19,220.0,3.6666666666666665,5.3869416017337075,13,298.0,0.19415597267966306,6,106.0,0.38601832087988713,19,404.0
5555.0,21,238.0,3.966666666666667,5.8967976949074234,17,334.0,0.12910368311574608,4,106.0,0.60109936442447,21,440.0
5560.0,23,263.0,4.383333333333334,5.756091445938472,20,359.0,0.1002186694420483,3,70.0,0.6001844739974065,23,429.0
5565.0,23,310.0,5.0,5.493880196833211,19,409.0,0.19418982831480128,4,81.0,0.5103143470357074,23,490.0
5570.0,19,255.0,4.25,5.976554132025566,13,381.0,0.37810750072670485,6,65.0,0.3893541076336614,19,446.0
5575.0,19,225.0,3.75,5.792903468576805,11,347.0,0.42433715879515993,8,66.0,0.2848621898542062,19,413.0
5580.0,21,251.0,4.183333333333334,5.537330029057427,12,311.0,0.32498073248631776,9,93.0,0.3217279410098934,21,404.0
5585.0,25,331.0,5.426229508196721,4.79045953281703,17,348.0,0.15031271835395082,8,111.0,0.45025511316251526,25,459.0
5590.0,23,398.0,6.633333333333334,4.813757852860323,16,364.0,0.18207918470072432,7,130.0,0.2856884585008899,23,494.0
5595.0,24,468.0,7.428571428571429,5.427001152764907,15,423.0,0.20292610019802065,9,141.0,0.3176840380906458,24,564.0
5600.0,27,485.0,7.578125,5.362960964038906,19,491.0,0.20258101544760573,8,128.0,0.3430745928850037,27,619.0
5605.0,28,591.0,9.85,5.175298806878049,18,563.0,0.22573427760746528,10,135.0,0.40756362304199456,28,698.0
5610.0,23,636.0,11.357142857142858,5.374056700778687,14,592.0,0.27248272925186123,9,158.0,0.3799128969547047,23,750.0
5615.0,20,478.0,8.535714285714286,4.9714522336134435,11,490.0,0.24945571418126583,9,159.0,0.22440463536210503,20,649.0
5620.0,22,305.0,5.350877192982456,4.843841065926238,12,352.0,0.19078266607067834,10,170.0,0.1823572717618382,22,522.0
5625.0,23,246.0,4.392857142857143,5.09746154853727,13,319.0,0.24983536025176828,10,180.0,0.24753154945569442,23,499.0
5630.0,25,326.0,6.037037037037037,5.622097294385713,17,350.0,0.28522842947432636,8,199.0,0.41191590221654695,25,549.0
5635.0,23,379.0,7.58,4.399033212494583,14,386.0,0.20916586948655208,9,225.0,0.4350758778734252,23,611.0
5640.0,17,324.0,6.48,4.657394252456361,10,370.0,0.2501369620384592,7,231.0,0.2927140160571207,17,601.0
5645.0,17,343.0,6.7254901960784315,4.864778493832435,9,304.0,0.21003248492430027,8,240.0,0.14681321640638118,17,544.0
5650.0,20,161.0,2.824561403508772,5.591910479683745,12,230.0,0.21175499866882308,8,146.0,0.24176407929324764,20,376.0
5655.0,18,194.0,3.4035087719298245,6.546171623229641,11,238.0,0.31528596010086457,7,79.0,0.46347907241435593,18,317.0
5660.0,12,190.0,3.392857142857143,7.544801015758231,7,214.0,0.4556383517874549,5,94.0,0.5090956512647492,12,308.0
5665.0,17,237.0,4.157894736842105,6.742673973510884,8,216.0,0.4391269754570666,9,109.0,0.35192678034150915,17,325.0
5670.0,19,234.0,4.105263157894737,5.849615147021703,11,226.0,0.35239733070816476,8,111.0,0.2925227876107234,19,337.0
5675.0,19,265.0,4.649122807017544,5.574830173172743,13,253.0,0.21949841416496624,6,86.0,0.4405847254821673,19,339.0
5680.0,19,329.0,6.092592592592593,6.170476462952883,11,267.0,0.24577085878070523,8,113.0,0.4188600641756804,19,380.0
5685.0,15,236.0,4.627450980392157,6.0740897627459765,9,215.0,0.2533314223611208,6,120.0,0.35563349851972875,15,335.0
5690.0,20,267.0,5.5625,5.2658829466256165,12,206.0,0.2520889153394529,8,154.0,0.29205592859357765,20,360.0
5695.0,20,248.0,5.166666666666667,4.544086742845182,13,229.0,0.2439862265305932,7,150.0,0.28339992168190353,20,379.0
5700.0,19,292.0,5.959183673469388,5.670598221181402,12,243.0,0.3469506473436632,7,127.0,0.3040709469303368,19,370.0
5705.0,16,215.0,4.387755102040816,6.116103112870833,12,266.0,0.32940841193260795,4,60.0,0.32902613162580147,16,326.0
5710.0,20,254.0,5.08,5.854973959505007,15,284.0,0.25483899107751207,5,57.0,0.39066258657603303,20,341.0
5715.0,23,320.0,6.530612244897959,4.734473293372486,18,332.0,0.15799997616012398,5,82.0,0.5158956268324623,23,414.0
5720.0,20,383.0,8.148936170212766,5.5796484886227695,14,359.0,0.2541858966449711,6,111.0,0.4964787884793834,20,470.0
5725.0,20,337.0,7.020833333333333,5.003764435267185,13,380.0,0.26558684777964736,7,80.0,0.31730075902367844,20,460.0
5730.0,18,309.0,6.18,5.127907919446216,14,369.0,0.2023623833508406,4,58.0,0.3669379990470368,18,427.0
5735.0,20,171.0,3.489795918367347,4.614885994519905,17,307.0,0.17937944962676394,3,51.0,0.38529260849710834,20,358.0
5740.0,23,243.0,4.764705882352941,5.620683800409747,16,290.0,0.1530306840597935,7,73.0,0.5125303690724439,23,363.0
5745.0,25,345.0,6.764705882352941,5.161147801100718,17,339.0,0.15151859163543183,8,99.0,0.4591021369325978,25,438.0
5750.0,26,432.0,8.307692307692308,4.474096694011599,17,391.0,0.1708783425929465,9,139.0,0.38542665466326037,26,530.0
5755.0,26,398.0,7.509433962264151,3.962389127380803,16,406.0,0.22710021302833255,10,142.0,0.32126707742988775,26,548.0
5760.0,14,250.0,4.464285714285714,5.557971322645342,7,329.0,0.3192344283584989,7,116.0,0.3411372165395202,14,445.0
5765.0,14,226.0,3.6451612903225805,5.657229311202296,8,324.0,0.2506915812071344,6,95.0,0.3198422083948396,14,419.0
5770.0,25,320.0,4.776119402985074,6.118197005083364,13,380.0,0.2998243027282978,12,104.0,0.32756502549677263,25,484.0
5775.0,20,373.0,5.920634920634921,6.286499688000503,11,371.0,0.3238735292401605,9,129.0,0.4341260149351764,20,500.0
5780.0,21,405.0,6.428571428571429,6.415552405842264,13,336.0,0.36790552740434224,8,123.0,0.3469458210834541,21,459.0
5785.0,20,241.0,3.765625,5.109358484998551,10,241.0,0.2766660036175509,10,132.0,0.19701805737802983,20,373.0
5790.0,31,357.0,5.578125,5.785161732340588,15,239.0,0.2805943442917806,16,170.0,0.2509638609362611,31,409.0
5795.0,27,269.0,4.409836065573771,4.606174348810277,16,240.0,0.21514065206478822,11,171.0,0.2698177534233453,27,411.0
5800.0,28,400.0,6.666666666666667,4.722307777989908,16,258.0,0.2645545467071714,12,197.0,0.2656347694873679,28,455.0
5805.0,28,404.0,6.622950819672131,4.518568946355154,16,296.0,0.2822550791293221,12,212.0,0.28513064793705195,28,508.0
5810.0,19,408.0,6.276923076923077,6.123619565407577,12,290.0,0.3043254125302425,7,172.0,0.3556326602473735,19,462.0
5815.0,19,311.0,4.859375,5.416791720115356,13,306.0,0.2892034019970503,6,143.0,0.1711148066943622,19,449.0
5820.0,26,218.0,3.303030303030303,5.143502169198944,16,302.0,0.2464823324582985,10,110.0,0.24426735399501226,26,412.0
5825.0,21,221.0,3.4,4.880065280099246,12,350.0,0.2695638403360428,9,133.0,0.38043543189806683,21,483.0
5830.0,15,219.0,3.532258064516129,6.165498535961149,11,360.0,0.31644752138154153,4,110.0,0.4898397979261577,15,470.0
5835.0,17,144.0,2.2153846153846155,5.721705119528549,13,382.0,0.2663622678385303,4,59.0,0.3275168274629012,17,441.0
5840.0,36,235.0,3.4558823529411766,4.459920373383828,24,416.0,0.14392087810495213,12,92.0,0.3027656042450616,36,508.0
5845.0,31,302.0,4.575757575757576,4.152014666660817,23,486.0,0.18694231175417947,8,127.0,0.36705359739398064,31,613.0
5850.0,33,454.0,6.776119402985074,4.896061344144622,23,569.0,0.2673612266915991,10,168.0,0.4083863641146548,33,737.0
5855.0,31,512.0,7.211267605633803,4.397243313323001,21,638.0,0.25828155339847264,10,169.0,0.32516861052408336,31,807.0
5860.0,32,590.0,8.082191780821917,4.799014061430247,26,749.0,0.19773601501810034,6,126.0,0.364772074093434,32,875.0
5865.0,35,646.0,8.849315068493151,4.5649717541611805,26,808.0,0.11723547950512524,9,124.0,0.43433577393992095,35,932.0
5870.0,28,611.0,8.146666666666667,5.804637262744557,20,795.0,0.1858090185498949,8,142.0,0.4244744339949211,28,937.0
5875.0,24,535.0,7.328767123287672,5.257387367563041,18,771.0,0.206870212204176,6,118.0,0.2980835981054642,24,889.0
5880.0,30,439.0,6.552238805970149,4.538980356065091,19,694.0,0.1620941401315584,11,150.0,0.2898469460870534,30,844.0
5885.0,28,331.0,4.940298507462686,4.059202566218175,17,750.0,0.16782477643874696,11,185.0,0.26140277162587705,28,935.0
5890.0,24,340.0,5.396825396825397,4.084610928701349,18,785.0,0.12291160588635049,6,201.0,0.3920363438416134,24,986.0
5895.0,28,359.0,5.4393939393939394,4.2792186099009974,21,795.0,0.10247244815406695,7,145.0,0.41711701142225677,28,940.0
5900.0,33,488.0,7.176470588235294,4.329591227436134,22,747.0,0.16043502557034267,11,197.0,0.3510367251475815,33,944.0
5905.0,33,492.0,6.929577464788732,3.3245235674018447,18,731.0,0.1555463550600393,15,235.0,0.2491374090136763,33,966.0
5910.0,21,377.0,5.8,4.539689030097865,12,636.0,0.2184205302556621,9,260.0,0.32119917914168017,21,896.0
5915.0,25,414.0,6.17910447761194,4.007720822822225,12,633.0,0.20331032858232728,13,307.0,0.2155096726239725,25,940.0
5920.0,32,527.0,7.63768115942029,3.798806750305471,17,654.0,0.1639622673333195,15,383.0,0.17267876683853306,32,1037.0
5925.0,35,620.0,9.6875,3.091397183418877,18,661.0,0.10481958597865537,17,447.0,0.2295028320158123,35,1108.0
5930.0,30,682.0,10.492307692307692,3.6174568409296564,16,625.0,0.10764524032573489,14,467.0,0.17943884777980615,30,1092.0
5935.0,31,713.0,10.803030303030303,3.5579603005683547,17,633.0,0.10744548648316143,14,493.0,0.10925257978177993,31,1126.0
5940.0,35,797.0,11.55072463768116,4.535338525337273,18,611.0,0.12552770969545604,17,506.0,0.2549974195744274,35,1117.0
5945.0,30,658.0,10.123076923076923,4.208717696274558,14,643.0,0.17214705816182702,16,427.0,0.2789219964474423,30,1070.0
5950.0,26,530.0,8.412698412698413,4.2865205068344725,13,617.0,0.23009077566291136,13,335.0,0.20795366402845133,26,952.0
5955.0,22,305.0,4.841269841269841,4.374219939110502,11,534.0,0.20999047144561958,11,344.0,0.23253318319156036,22,878.0
5960.0,27,332.0,5.107692307692307,5.3476564914094755,17,495.0,0.22060395852933531,10,305.0,0.27341760633139855,27,800.0
5965.0,32,415.0,6.693548387096774,4.21119598509961,19,518.0,0.1207799156142517,13,306.0,0.2559092505054178,32,824.0
5970.0,30,449.0,7.015625,4.301694360895782,17,511.0,0.17371545148429354,13,281.0,0.27232982088029417,30,792.0
5975.0,27,457.0,7.030769230769231,4.385161330036577,15,520.0,0.2521438804540654,12,311.0,0.2968652296531929,27,831.0
5980.0,23,479.0,7.369230769230769,5.132516752971668,11,474.0,0.23809580544535927,12,329.0,0.3417012508117087,23,803.0
5985.0,27,501.0,7.590909090909091,4.740945330235277,13,482.0,0.18678679319166716,14,348.0,0.2565319881126854,27,830.0
5990.0,34,583.0,8.44927536231884,4.688783344799884,15,517.0,0.25770340092414235,19,375.0,0.202386534128379,34,892.0
5995.0,34,438.0,6.636363636363637,3.3076705691774135,14,405.0,0.20654213126176235,20,415.0,0.1917019234678172,34,820.0
6000.0,36,493.0,7.825396825396825,4.071131099300365,16,359.0,0.2689516704028931,20,419.0,0.25173825377643,36,778.0
6005.0,30,393.0,5.865671641791045,3.5701238362227805,16,371.0,0.20387718664093252,14,380.0,0.25242977537431854,30,751.0
6010.0,31,422.0,5.943661971830986,4.375304432109118,12,342.0,0.33877234595598177,19,401.0,0.1545757511938973,31,743.0
6015.0,33,380.0,5.352112676056338,4.486989913844246,10,299.0,0.4117172974553239,23,450.0,0.13340612184000603,33,749.0
6020.0,30,405.0,5.704225352112676,4.899960808865463,14,319.0,0.2642085463258884,16,448.0,0.25938241457591465,30,767.0
6025.0,35,447.0,6.6716417910447765,3.6787016823834935,19,338.0,0.1040094431644589,16,471.0,0.2610298065158136,35,809.0
6030.0,37,429.0,6.402985074626866,3.7825707449522215,20,324.0,0.14194988638511197,17,502.0,0.22547012245936734,37,826.0
6035.0,35,467.0,6.970149253731344,3.0210259151254726,17,356.0,0.2183875555132682,18,518.0,0.16019234383400946,35,874.0
6040.0,31,368.0,5.333333333333333,3.7497134831695944,11,352.0,0.26856055475477725,20,524.0,0.15714347491204683,31,876.0
6045.0,32,396.0,5.577464788732394,3.9178204238606704,11,383.0,0.27504129354175094,21,552.0,0.17305329330734076,32,935.0
6050.0,34,450.0,6.164383561643835,4.084857534065695,19,441.0,0.21182952856570872,15,547.0,0.18852950019438844,34,988.0
6055.0,34,376.0,5.222222222222222,3.7461483651044367,19,457.0,0.18332225408589634,15,550.0,0.206501438577355,34,1007.0
6060.0,43,498.0,6.72972972972973,3.793469532207505,21,436.0,0.21903417214677265,22,593.0,0.13614239041316156,43,1029.0
6065.0,42,572.0,7.626666666666667,4.096562385539371,20,470.0,0.1576541529008596,22,638.0,0.22497681429543512,42,1108.0
6070.0,33,482.0,6.788732394366197,4.5124116310946,14,425.0,0.22933741234387445,19,628.0,0.19661411963314018,33,1053.0
6075.0,28,529.0,7.666666666666667,4.419009928366992,10,393.0,0.362968356510396,18,648.0,0.09953010582963519,28,1041.0
6080.0,25,451.0,6.731343283582089,4.562650399887454,10,408.0,0.2709308756500958,15,612.0,0.17797296987243535,25,1020.0
6085.0,28,540.0,7.9411764705882355,4.944692390105658,15,444.0,0.16800322427769987,13,613.0,0.3374460014952131,28,1057.0
6090.0,33,609.0,9.08955223880597,4.570607468809248,16,478.0,0.20928345813150961,17,621.0,0.32344699422449275,33,1099.0
6095.0,33,722.0,10.93939393939394,4.680839868652716,15,513.0,0.3063174555479778,18,698.0,0.29476493177148805,33,1211.0
6100.0,34,805.0,12.196969696969697,4.177525848631052,13,522.0,0.3340696983510695,21,763.0,0.2332402022186658,34,1285.0
6105.0,32,787.0,11.084507042253522,3.9478334453225843,8,462.0,0.2833020392699691,24,805.0,0.1575015716807539,32,1267.0
6110.0,26,813.0,11.450704225352112,5.15845709572013,9,433.0,0.3334032928693026,17,763.0,0.2136621943163385,26,1196.0
6115.0,23,646.0,9.228571428571428,5.0726780779402825,8,269.0,0.2733746829109836,15,803.0,0.1952083539539176,23,1072.0
6120.0,26,624.0,9.313432835820896,4.9280375422380365,8,123.0,0.3283107082586508,18,857.0,0.1723140732879152,26,980.0
6125.0,34,491.0,7.553846153846154,3.5981371209333566,9,104.0,0.2917935948956413,25,820.0,0.14208062827985843,34,924.0
6130.0,33,323.0,4.75,4.455065103398366,9,107.0,0.3918680016143814,24,702.0,0.17627235183813636,33,809.0
6135.0,30,379.0,5.492753623188406,4.9111238286730226,7,118.0,0.4579600706636645,23,591.0,0.20902456028432723,30,709.0
6140.0,26,404.0,5.771428571428571,5.181277423241879,5,104.0,0.5368206065181164,21,551.0,0.14150481493904035,26,655.0
6145.0,28,318.0,4.542857142857143,4.931659783975392,7,128.0,0.4550557082662768,21,506.0,0.10528154713226151,28,634.0
6150.0,26,317.0,4.283783783783784,4.986379621353269,9,162.0,0.275416023370914,17,538.0,0.20164080344652924,26,700.0
6155.0,34,443.0,6.152777777777778,4.730335923237775,15,216.0,0.2591049332856828,19,627.0,0.21730737056146285,34,843.0
6160.0,40,546.0,7.913043478260869,2.8825029518804373,17,254.0,0.1953455586743646,23,667.0,0.17586794140070475,40,921.0
6165.0,36,652.0,9.44927536231884,3.185044087572423,17,307.0,0.18340900912284852,19,646.0,0.1785292340656562,36,953.0
6170.0,35,633.0,8.791666666666666,4.220989789441486,17,281.0,0.18720823562118546,18,647.0,0.26552499632604465,35,928.0
6175.0,32,599.0,8.205479452054794,4.571746264770989,15,277.0,0.19521624629999568,17,632.0,0.22585547675375098,32,909.0
6180.0,33,485.0,6.928571428571429,4.248060339233389,15,299.0,0.23944574926689646,18,565.0,0.149776406159065,33,864.0
6185.0,24,293.0,4.4393939393939394,4.194270300012474,5,231.0,0.28785578406600465,19,549.0,0.10962588450458263,24,780.0
6190.0,31,342.0,5.181818181818182,4.665741712670731,10,183.0,0.33105006069602705,21,546.0,0.09766978936036512,31,729.0
6195.0,32,384.0,5.818181818181818,4.217830803209445,8,195.0,0.3098565931147381,24,591.0,0.09698929689740764,32,786.0
6200.0,29,364.0,5.6875,5.262949892945681,14,246.0,0.25896488302407794,15,570.0,0.2521711832193642,29,816.0
6205.0,26,401.0,6.467741935483871,4.503741886194946,13,269.0,0.2171790585605939,13,569.0,0.22769363400332257,26,838.0
6210.0,23,406.0,6.444444444444445,5.038719917321208,8,251.0,0.3220989535463324,15,556.0,0.16717787977203183,23,807.0
6215.0,28,385.0,6.52542372881356,4.049936945940632,10,243.0,0.30293055600240076,18,575.0,0.11312771133416179,28,818.0
6220.0,22,361.0,6.11864406779661,5.061235590170123,9,205.0,0.280142882466234,13,519.0,0.21780467828455147,22,724.0
6225.0,26,408.0,6.8,4.352410524082559,11,241.0,0.15502161705007367,15,528.0,0.2332917997840376,26,769.0
6230.0,28,503.0,8.383333333333333,4.853641653295527,13,294.0,0.27992452318700395,15,525.0,0.26235099828234604,28,819.0
6235.0,26,425.0,7.083333333333333,4.462033734014764,10,242.0,0.41662368725462406,16,510.0,0.20523760609457636,26,752.0
6240.0,30,525.0,8.60655737704918,4.275942921145279,11,254.0,0.36807665513137783,19,531.0,0.23793355841342934,30,785.0
6245.0,31,489.0,8.01639344262295,4.044738877733149,10,239.0,0.3458125208952711,21,543.0,0.1962579545346419,31,782.0
6250.0,26,446.0,6.96875,4.605098013236887,9,171.0,0.3010745737471797,17,508.0,0.16204656642073073,26,679.0
6255.0,20,210.0,3.3333333333333335,4.8407671452003616,7,140.0,0.28730901171647066,13,415.0,0.20810679031492038,20,555.0
6260.0,26,265.0,3.8970588235294117,5.565033413019134,10,117.0,0.30144502706965065,16,348.0,0.19971205572367404,26,465.0
6265.0,28,321.0,4.863636363636363,5.115739861914093,11,134.0,0.4405889310521941,17,384.0,0.1844615500804689,28,518.0
6270.0,24,370.0,5.6923076923076925,5.79991217350607,11,157.0,0.4621273667776862,13,385.0,0.29767318946613824,24,542.0
6275.0,27,393.0,6.238095238095238,4.652848296301604,15,197.0,0.2715825077485403,12,359.0,0.3072674082775137,27,556.0
6280.0,32,326.0,5.015384615384615,3.9994590047760967,21,267.0,0.14790407781717785,11,312.0,0.3249971510048985,32,579.0
6285.0,33,328.0,5.046153846153846,3.5359550254828713,21,294.0,0.17622741542309864,12,353.0,0.2815859459993594,33,647.0
6290.0,33,322.0,4.8059701492537314,3.8370330679347866,14,277.0,0.28561609565188584,19,394.0,0.12530720121189698,33,671.0
6295.0,33,333.0,4.826086956521739,3.8830563583108972,13,294.0,0.30243678866205675,20,440.0,0.07909918385808166,33,734.0
6300.0,28,308.0,4.219178082191781,4.9997756864805805,16,312.0,0.29251261509365517,12,435.0,0.21725502944673128,28,747.0
6305.0,27,269.0,3.736111111111111,4.321241068443945,18,341.0,0.21483209373329207,9,424.0,0.29361148381254193,27,765.0
6310.0,37,385.0,5.202702702702703,4.729068402867327,22,355.0,0.27812412222832,15,470.0,0.24333739577366015,37,825.0
6315.0,39,441.0,5.95945945945946,3.9359309793806614,22,389.0,0.24237807718024298,17,476.0,0.2507595312477849,39,865.0
6320.0,31,335.0,4.294871794871795,4.394525689725755,18,391.0,0.2081884232083909,13,413.0,0.29102772049015796,31,804.0
6325.0,32,381.0,5.0131578947368425,4.461342652589478,19,355.0,0.251053258241601,13,409.0,0.23738780502694504,32,764.0
6330.0,25,321.0,4.397260273972603,4.592743378322691,17,386.0,0.1872867167141638,8,337.0,0.22876419514980836,25,723.0
6335.0,31,325.0,4.577464788732394,3.9095076831056663,20,427.0,0.10317263998626539,11,310.0,0.22363871416214237,31,737.0
6340.0,31,358.0,4.972222222222222,4.13939900129254,20,499.0,0.13640652974857304,11,263.0,0.27604443236748627,31,762.0
6345.0,26,408.0,5.913043478260869,4.35735959240002,14,519.0,0.2232650235510066,12,262.0,0.23818186199991456,26,781.0
6350.0,25,327.0,4.880597014925373,4.9778203796573965,16,490.0,0.20760682150219825,9,221.0,0.2867921343129841,25,711.0
6355.0,30,367.0,5.6461538461538465,4.238341606870917,20,490.0,0.16402996345735166,10,228.0,0.183815816648179,30,718.0
6360.0,40,382.0,5.617647058823529,3.368859637509657,23,517.0,0.11343643968093807,17,261.0,0.17017038901564902,40,778.0
6365.0,41,540.0,8.059701492537313,3.009755860984822,24,570.0,0.16161732578205595,17,298.0,0.21728626090060718,41,868.0
6370.0,29,571.0,8.522388059701493,4.72467394471428,21,617.0,0.2559601672989244,8,277.0,0.32465298779628254,29,894.0
6375.0,24,576.0,8.112676056338028,5.14330484281857,15,604.0,0.2727507207105855,9,296.0,0.28325431614328256,24,900.0
6380.0,32,676.0,9.52112676056338,4.393980648781404,16,622.0,0.21321519815173826,16,359.0,0.17296560431930424,32,981.0
6385.0,38,654.0,9.478260869565217,4.049472537785535,20,663.0,0.08945787163743635,18,330.0,0.23299154988795107,38,993.0
6390.0,39,685.0,10.223880597014926,3.4791470881941784,20,661.0,0.1302712613229115,19,328.0,0.2155746386353608,39,989.0
6395.0,34,564.0,8.417910447761194,4.164633002617531,18,618.0,0.2434506194837938,16,363.0,0.19477606737656689,34,981.0
6400.0,23,343.0,5.196969696969697,4.691065362036932,12,624.0,0.2657723542480353,11,321.0,0.2662484641430822,23,945.0
6405.0,15,139.0,2.1384615384615384,4.725159700942189,11,580.0,0.2454537305252418,4,243.0,0.2795146875211846,15,823.0
6410.0,22,169.0,2.5223880597014925,4.753350336736035,14,566.0,0.2724825768312254,8,176.0,0.19954737044996096,22,742.0
6415.0,30,230.0,3.2857142857142856,4.680393657198204,16,496.0,0.2521832375424943,14,182.0,0.20788576267851744,30,678.0
6420.0,21,148.0,2.1449275362318843,5.135975306301941,14,493.0,0.17591100915265842,7,132.0,0.3986516608589257,21,625.0
6425.0,23,208.0,2.888888888888889,5.280075001008792,19,500.0,0.13394894832349655,4,136.0,0.4468992295995772,23,636.0
6430.0,29,255.0,3.445945945945946,5.156484686092394,19,540.0,0.2218710346619499,10,155.0,0.3562747108917372,29,695.0
6435.0,26,211.0,2.8904109589041096,5.658836182962285,13,512.0,0.3556422655220503,13,158.0,0.2809094678018355,26,670.0
6440.0,24,229.0,3.0945945945945947,4.6051463211775285,13,489.0,0.1995714500729193,11,140.0,0.2275708075177934,24,629.0
6445.0,27,246.0,3.28,4.955975488564154,19,403.0,0.10890538446700007,8,138.0,0.3997012070461401,27,541.0
6450.0,30,299.0,4.095890410958904,5.634212106696131,21,426.0,0.16413429962981635,9,134.0,0.4766184854829215,30,560.0
6455.0,32,307.0,4.205479452054795,4.916752160704205,20,450.0,0.16427136249741872,12,145.0,0.3760608958027054,32,595.0
6460.0,32,395.0,5.410958904109589,4.297465164146302,20,520.0,0.220635016488029,12,172.0,0.28619315964747943,32,692.0
6465.0,43,494.0,6.5,3.888071562056838,20,528.0,0.21482947180771875,23,245.0,0.2587007994156728,43,773.0
6470.0,35,449.0,5.907894736842105,4.203401804106544,13,438.0,0.2928056937362223,22,313.0,0.21403176802762255,35,751.0
6475.0,35,549.0,7.038461538461538,4.072665810428437,11,428.0,0.28052494616432866,24,400.0,0.1531511000313576,35,828.0
6480.0,43,604.0,7.27710843373494,4.160217362306315,17,433.0,0.2672449048536974,26,461.0,0.16403622852475716,43,894.0
6485.0,38,404.0,5.17948717948718,4.15223804775176,19,423.0,0.19470147545242947,19,446.0,0.26522375708957663,38,869.0
6490.0,38,496.0,6.2784810126582276,3.9583477658473707,21,397.0,0.08689426529652607,17,416.0,0.30426579857284314,38,813.0
6495.0,39,516.0,6.37037037037037,4.1534677014586565,21,419.0,0.12463514188897513,18,431.0,0.3115121873795054,39,850.0
6500.0,31,405.0,4.939024390243903,4.609464479410511,11,365.0,0.24662398679819905,20,423.0,0.2245132213034168,31,788.0
6505.0,32,420.0,5.3164556962025316,4.719479345646966,10,349.0,0.363338526976313,22,465.0,0.13873613375311084,32,814.0
6510.0,35,427.0,5.271604938271605,4.204874263783351,9,315.0,0.2753579238183778,26,524.0,0.1450417357989712,35,839.0
6515.0,43,514.0,6.589743589743589,3.999508814228244,14,296.0,0.2726089944472443,29,628.0,0.1569257880755381,43,924.0
6520.0,44,613.0,7.7594936708860756,3.8073880508459323,16,326.0,0.2365745378680224,28,704.0,0.19371526081289572,44,1030.0
6525.0,34,619.0,7.548780487804878,3.7671622574942663,10,293.0,0.27576404889116524,24,737.0,0.1424139217314536,34,1030.0
6530.0,33,527.0,6.8441558441558445,4.6482712221152935,10,309.0,0.4122837526012994,23,699.0,0.1029321417863658,33,1008.0
6535.0,26,422.0,5.275,6.007072565457726,7,238.0,0.42505301219473984,19,687.0,0.18180782781668217,26,925.0
6540.0,34,506.0,6.325,5.0358021819200705,12,220.0,0.2290509394565744,22,702.0,0.1815702124006921,34,922.0
6545.0,37,411.0,5.554054054054054,3.7758035891639894,16,198.0,0.2304126803202684,21,692.0,0.11571661172164852,37,890.0
6550.0,36,471.0,6.728571428571429,3.920036033202663,15,207.0,0.32221565880891173,21,733.0,0.15930984012745597,36,940.0
6555.0,34,488.0,6.9714285714285715,3.801232935158045,14,243.0,0.2717004434319065,20,746.0,0.19841057410746277,34,989.0
6560.0,33,496.0,6.702702702702703,4.016465170131582,12,237.0,0.2696115200641657,21,766.0,0.20280478045922928,33,1003.0
6565.0,29,523.0,7.579710144927536,5.110319167849401,12,251.0,0.31546394875140066,17,703.0,0.22695041714314343,29,954.0
6570.0,25,341.0,4.802816901408451,4.638337720800337,10,197.0,0.2304496388959464,15,663.0,0.17467909072464372,25,860.0
6575.0,34,406.0,5.8,4.483222826655774,14,210.0,0.25753411315836333,20,624.0,0.15158542907533215,34,834.0
6580.0,35,422.0,6.698412698412699,3.8081828458326497,14,225.0,0.3314830963532424,21,646.0,0.16956602954599628,35,871.0
6585.0,30,414.0,6.0,4.730893940297126,12,221.0,0.3336025154038379,18,606.0,0.2891535056759607,30,827.0
6590.0,33,412.0,5.722222222222222,4.0951339312608015,15,241.0,0.23239683367684486,18,637.0,0.30133834558847516,33,878.0
6595.0,31,465.0,6.2,4.7361975480602885,8,228.0,0.3463729119042572,23,636.0,0.21848272753270898,31,864.0
6600.0,33,402.0,5.2894736842105265,3.8070046457632443,6,203.0,0.4292170607325967,27,643.0,0.05039002069892792,33,846.0
6605.0,33,318.0,4.12987012987013,4.0903028064383244,12,170.0,0.22512195472870586,21,575.0,0.16628498325396066,33,745.0
6610.0,32,373.0,4.907894736842105,4.320699055415515,18,213.0,0.08883961602605525,14,532.0,0.28254996859326814,32,745.0
6615.0,28,439.0,5.9324324324324325,5.013110927661586,14,233.0,0.13197215468320475,14,515.0,0.2287175828175861,28,748.0
6620.0,18,359.0,5.4393939393939394,5.832605241439364,5,175.0,0.32157449031805035,13,493.0,0.2028626064514334,18,668.0
6625.0,26,465.0,7.380952380952381,5.306579942012847,9,184.0,0.30440530041148073,17,537.0,0.1627953340779955,26,721.0
6630.0,27,381.0,6.35,4.3824738358421405,10,150.0,0.2673024429212964,17,514.0,0.17626259297430696,27,664.0
6635.0,26,317.0,5.4655172413793105,5.046352434638,10,153.0,0.3885250506882632,16,466.0,0.24973436159409768,26,619.0
6640.0,20,239.0,4.0508474576271185,4.425629456438996,10,164.0,0.28699128556440595,10,467.0,0.3110985554017101,20,631.0
6645.0,13,174.0,3.0,5.472787436418409,6,138.0,0.2785372385035709,7,424.0,0.34606419123839727,13,562.0
6650.0,16,237.0,4.086206896551724,6.217931007304518,5,122.0,0.3363097925391223,11,428.0,0.33267413525808903,16,550.0
6655.0,16,230.0,3.7704918032786887,5.833139005349856,4,101.0,0.389499568852702,12,408.0,0.1646005121444656,16,509.0
6660.0,26,289.0,4.661290322580645,5.524052153331749,10,119.0,0.34488909038353466,16,416.0,0.20294625584526488,26,535.0
6665.0,21,335.0,5.775862068965517,4.9667331664403385,7,131.0,0.3632779329501383,14,390.0,0.25834921597609417,21,521.0
6670.0,16,387.0,6.910714285714286,5.885202286543178,5,113.0,0.4610543431476162,11,371.0,0.32715450410145736,16,484.0
6675.0,20,434.0,7.114754098360656,5.771177130296356,6,104.0,0.46842122099011113,14,406.0,0.2771716499270754,20,510.0
6680.0,21,444.0,7.161290322580645,5.390311073480777,6,119.0,0.47229403296260203,15,437.0,0.17296559710108833,21,556.0
6685.0,25,484.0,7.5625,5.1051164586689435,8,131.0,0.3698186464218151,17,431.0,0.184197216073695,25,562.0
6690.0,27,556.0,8.298507462686567,5.203199158602435,10,144.0,0.3427654453991282,17,489.0,0.1618239704048863,27,633.0
6695.0,27,628.0,9.515151515151516,5.636560530521774,12,185.0,0.32466706724764555,15,529.0,0.21154723120667715,27,714.0
6700.0,28,552.0,8.238805970149254,5.376464314996951,11,221.0,0.3414851080988691,17,500.0,0.22925829827782193,28,721.0
6705.0,28,549.0,8.714285714285714,4.7824263447624356,11,253.0,0.3300495357104748,17,450.0,0.28185971015824035,28,703.0
6710.0,35,464.0,6.925373134328358,3.6537714691425323,17,287.0,0.21884131046659136,18,397.0,0.2636460039333256,35,684.0
6715.0,33,524.0,7.594202898550725,4.5150472481408634,16,327.0,0.26617717200648405,17,364.0,0.3300516322414088,33,691.0
6720.0,30,587.0,8.385714285714286,4.930372704931756,12,331.0,0.3738737067385558,18,409.0,0.2649734586308123,30,740.0
6725.0,31,684.0,9.633802816901408,5.220877295395958,12,382.0,0.4241618593368195,19,436.0,0.2186253997996882,31,818.0
6730.0,32,637.0,8.971830985915492,4.073175199423467,13,413.0,0.25338888901407486,19,436.0,0.16131566022164193,32,849.0
6735.0,29,484.0,6.722222222222222,4.679970377054418,15,425.0,0.18270984696463113,14,383.0,0.26847684890039963,29,808.0
6740.0,28,313.0,4.536231884057971,4.263663640264935,15,303.0,0.15520088931291748,13,394.0,0.2810661284588889,28,697.0
6745.0,38,423.0,6.220588235294118,4.395139945118792,20,276.0,0.1997352405795157,18,437.0,0.26804998133311075,38,713.0
6750.0,35,503.0,7.397058823529412,3.8672470567221695,18,323.0,0.22638790885682852,17,463.0,0.2516779147064178,35,786.0
6755.0,25,469.0,6.7,4.606618834836902,10,310.0,0.22391942435375875,15,424.0,0.25562477612500734,25,734.0
6760.0,25,418.0,6.057971014492754,4.904989678030705,12,308.0,0.22446302059960951,13,410.0,0.25030445494184045,25,718.0
6765.0,29,479.0,6.746478873239437,4.891007920925437,12,290.0,0.2996193591269702,17,419.0,0.15551117647038223,29,709.0
6770.0,34,568.0,8.114285714285714,4.282072119601022,14,303.0,0.32445494672367753,20,490.0,0.16851915518407015,34,793.0
6775.0,26,610.0,9.104477611940299,4.800194616212515,10,271.0,0.30807114630204685,16,555.0,0.2573241744474934,26,826.0
6780.0,31,539.0,7.486111111111111,4.06569332689105,11,216.0,0.24937555389723945,20,598.0,0.23987517629196417,31,814.0
6785.0,27,512.0,7.013698630136986,4.631386877295613,15,219.0,0.1666987809201577,12,595.0,0.3100632887180161,27,814.0
6790.0,31,334.0,4.704225352112676,4.537877269135536,17,272.0,0.14960156833768282,14,487.0,0.32414785091068765,31,759.0
6795.0,35,368.0,5.257142857142857,4.032930833160664,20,365.0,0.17667712932663124,15,337.0,0.19717023797011135,35,702.0
6800.0,40,453.0,6.863636363636363,2.9987810089877414,20,406.0,0.17853778170271262,20,379.0,0.14566112369992576,40,785.0
6805.0,27,398.0,6.03030303030303,4.269302225160357,10,387.0,0.19774636366293666,17,386.0,0.18515987641114043,27,773.0
6810.0,29,491.0,7.553846153846154,4.718962908450008,10,359.0,0.3038171288622515,19,416.0,0.10551650756036866,29,775.0
6815.0,27,500.0,7.352941176470588,4.979535136112828,8,308.0,0.32766074473483026,19,473.0,0.10639985462492443,27,781.0
6820.0,31,515.0,7.923076923076923,4.563934510470062,13,257.0,0.2774427439455092,18,505.0,0.1896193509682425,31,762.0
6825.0,32,640.0,9.846153846153847,4.633791504575362,12,284.0,0.3391571807511414,20,577.0,0.2103699699802471,32,861.0
6830.0,28,668.0,9.970149253731343,4.789775380211411,8,249.0,0.43256439071180525,20,615.0,0.16985412518609416,28,864.0
6835.0,22,603.0,9.0,5.093030566831069,7,222.0,0.34401005476435537,15,592.0,0.2435180924579468,22,814.0
6840.0,29,639.0,9.537313432835822,4.677022486225134,14,174.0,0.14888671217742003,15,625.0,0.28723755384498817,29,799.0
6845.0,36,645.0,9.347826086956522,4.320144524033902,18,181.0,0.1063541464643265,18,662.0,0.2852462556807663,36,843.0
6850.0,35,777.0,12.140625,4.2044274683146075,18,210.0,0.15467687408248373,17,703.0,0.3026320577504101,35,913.0
6855.0,29,822.0,12.646153846153846,3.7325222296444482,14,249.0,0.09720663453816471,15,722.0,0.2958165935796228,29,971.0
6860.0,20,534.0,7.970149253731344,5.0297157827212144,7,220.0,0.18647364011191572,13,621.0,0.30728994828320794,20,841.0
6865.0,21,243.0,3.4225352112676055,5.45919743358274,6,178.0,0.37376717459440717,15,568.0,0.21452379495137086,21,746.0
6870.0,20,232.0,3.462686567164179,5.923861915432953,5,143.0,0.5400162906091133,15,613.0,0.19414000233774573,20,756.0
6875.0,26,308.0,4.7384615384615385,5.600767456479493,7,161.0,0.47286444639000635,19,665.0,0.17925336813314452,26,826.0
6880.0,25,277.0,4.2615384615384615,5.0056394265512365,5,138.0,0.4176442359210587,20,719.0,0.14762225947087304,25,857.0
6885.0,23,248.0,3.9365079365079363,5.2576839582780694,6,106.0,0.4091372361838775,17,738.0,0.1990136029261812,23,844.0
6890.0,27,328.0,5.2063492063492065,4.633169730504236,8,142.0,0.23508908602074866,19,707.0,0.22527846279577604,27,849.0
6895.0,25,332.0,4.955223880597015,4.999612920115404,6,154.0,0.3631903467735138,19,601.0,0.23677506903306886,25,755.0
6900.0,24,388.0,6.158730158730159,5.545302086174304,5,150.0,0.5464980023658431,19,608.0,0.2492913618501192,24,758.0
6905.0,27,328.0,5.290322580645161,4.636200618152182,3,35.0,0.6556029155215777,24,664.0,0.16600715610067618,27,699.0
6910.0,25,348.0,5.704918032786885,4.6770862816053675,6,36.0,0.45363198148205597,19,656.0,0.20984321667937011,25,692.0
6915.0,25,396.0,6.711864406779661,4.06561123212019,5,41.0,0.30672310742869785,20,653.0,0.20703282335605844,25,694.0
6920.0,26,470.0,7.833333333333333,4.113155914710442,5,48.0,0.35007816173960893,21,648.0,0.14485111574412105,26,696.0
6925.0,26,410.0,6.9491525423728815,4.274963397800375,3,47.0,0.4194579362371486,23,675.0,0.16676933631775515,26,722.0
6930.0,30,441.0,7.229508196721311,4.044899645396367,7,57.0,0.3654949766699635,23,677.0,0.17625765276657795,30,734.0
6935.0,29,371.0,5.888888888888889,4.136285763615926,5,73.0,0.45437261147706587,24,685.0,0.14071530474207403,29,758.0
6940.0,32,467.0,7.296875,4.963308084509279,6,97.0,0.5342711475985924,26,670.0,0.16125446412328678,32,767.0
6945.0,33,504.0,7.875,4.49438332016001,3,70.0,0.5568496997783478,30,754.0,0.13264685530327286,33,824.0
6950.0,29,559.0,9.016129032258064,4.508172839583204,3,22.0,0.4787602423124273,26,797.0,0.14626997207014872,29,819.0
6955.0,34,543.0,8.619047619047619,3.3453601129798716,9,39.0,0.291293538458332,25,802.0,0.12700893456050064,34,841.0
6960.0,29,337.0,5.349206349206349,4.201366193303976,11,82.0,0.26069744721428223,18,712.0,0.1982271569089737,29,794.0
6965.0,26,316.0,4.9375,4.847247226945754,11,114.0,0.234010474693085,15,623.0,0.24650221362856167,26,737.0
6970.0,27,408.0,6.375,5.07992981715764,11,152.0,0.2774073833604249,16,611.0,0.2276950691359986,27,763.0
6975.0,28,428.0,6.294117647058823,5.039563353333596,9,163.0,0.2837437775886837,19,632.0,0.22702399465632012,28,795.0
6980.0,24,431.0,6.841269841269841,5.210613508541898,4,104.0,0.4665830838180686,20,641.0,0.2225584651073338,24,745.0
6985.0,22,495.0,7.983870967741935,5.584086260613328,6,73.0,0.4975570050767005,16,592.0,0.19346953555802124,22,665.0
6990.0,23,468.0,7.428571428571429,5.411624054048665,8,104.0,0.34050392632687876,15,570.0,0.1436199087073697,23,674.0
6995.0,25,516.0,8.6,5.332355631650566,5,117.0,0.34599417235399105,20,562.0,0.09030024094202777,25,679.0
7000.0,31,528.0,8.8,5.134827151838289,10,141.0,0.42253459323666726,21,582.0,0.11380485706274424,31,723.0
7005.0,23,345.0,6.2727272727272725,5.363579779594563,5,102.0,0.5545453239514521,18,518.0,0.14335945099211767,23,620.0
7010.0,19,357.0,7.285714285714286,5.463082840967394,4,85.0,0.5760799795467038,15,478.0,0.19729726633167782,19,563.0
7015.0,19,355.0,7.244897959183674,3.88024216559542,6,101.0,0.3785591622173605,13,472.0,0.16018096341069535,19,573.0
7020.0,23,382.0,7.490196078431373,4.523865444259576,11,143.0,0.22038582582728225,12,418.0,0.24773492871540279,23,561.0
7025.0,20,304.0,6.333333333333333,4.449607464164054,9,101.0,0.22886701497137438,11,396.0,0.23602793378280074,20,497.0
7030.0,22,234.0,4.588235294117647,5.035897726210078,12,136.0,0.2654232293437799,10,355.0,0.24589485927198343,22,491.0
7035.0,19,229.0,4.673469387755102,4.609027141099642,8,145.0,0.3560899928012763,11,357.0,0.23357178922188251,19,502.0
7040.0,18,217.0,4.717391304347826,4.938205466766418,6,116.0,0.43155529623231076,12,342.0,0.17298169810674097,18,458.0
7045.0,16,167.0,3.630434782608696,4.455823864231838,3,70.0,0.4615397022001908,13,365.0,0.0800219554705007,16,435.0
7050.0,16,161.0,3.577777777777778,5.769106942726523,7,51.0,0.36838104898268287,9,352.0,0.2551421325602383,16,403.0
7055.0,16,163.0,3.4680851063829787,4.9269203706260845,8,68.0,0.19039523016805776,8,318.0,0.3160287629621243,16,386.0
7060.0,15,185.0,4.204545454545454,6.474232598396805,6,81.0,0.3675688130768723,9,259.0,0.3438311029725085,15,340.0
7065.0,14,176.0,4.093023255813954,5.725709827141215,6,66.0,0.33735703161422365,8,249.0,0.30996258488435763,14,315.0
7070.0,24,247.0,5.744186046511628,4.871572264837109,12,95.0,0.26189788140367015,12,239.0,0.2708201663465317,24,334.0
7075.0,20,253.0,5.75,4.687434393816459,10,122.0,0.3470047338454578,10,232.0,0.21729272313126505,20,354.0
7080.0,17,293.0,6.23404255319149,5.952876566829714,12,176.0,0.37732658313209966,5,195.0,0.2551744195845572,17,371.0
7085.0,15,169.0,3.840909090909091,4.951991220437088,10,174.0,0.3596053201856373,5,127.0,0.15107267262424637,15,301.0
7090.0,24,232.0,4.9361702127659575,4.782534450621264,15,194.0,0.302892727614901,9,131.0,0.21141094499735488,24,325.0
7095.0,21,203.0,4.229166666666667,4.489685344324713,15,217.0,0.2533638616579854,6,109.0,0.35729329560233924,21,326.0
7100.0,18,171.0,3.5625,5.08309980910471,11,182.0,0.28959665645609356,7,125.0,0.3831486858044263,18,307.0
7105.0,13,160.0,3.2,5.881007167985474,9,168.0,0.32430140272994407,4,104.0,0.4468985684120878,13,272.0
7110.0,10,138.0,2.76,6.9036234365962255,6,154.0,0.26292249011082286,4,49.0,0.5221681149049714,10,203.0
7115.0,15,180.0,3.5294117647058822,6.144944722445102,12,182.0,0.13896090019199614,3,55.0,0.44184084138401064,15,237.0
7120.0,18,166.0,3.074074074074074,6.461910886851028,11,188.0,0.20923668717099875,7,82.0,0.4629460996594075,18,270.0
7125.0,18,230.0,4.6938775510204085,6.879049623239849,11,185.0,0.3773508026760011,7,111.0,0.5106044227645982,18,296.0
7130.0,17,244.0,5.191489361702128,5.780183703493846,8,190.0,0.36397584549129613,9,142.0,0.3482506239309914,17,332.0
7135.0,15,163.0,3.326530612244898,4.822458590827781,5,138.0,0.34919400771737735,10,145.0,0.10856831156673186,15,283.0
7140.0,14,206.0,4.12,6.802869624367072,7,115.0,0.46386428566296817,7,130.0,0.12865863529012816,14,245.0
7145.0,10,83.0,1.5961538461538463,6.306396537912666,5,70.0,0.4173727320146362,5,85.0,0.05948999119484071,10,155.0
7150.0,19,134.0,2.576923076923077,6.984929942268755,10,72.0,0.4367744259646095,9,68.0,0.22230923211973644,19,140.0
7155.0,17,182.0,3.9565217391304346,5.971550450942383,9,87.0,0.3439179532797438,8,108.0,0.37262270712042983,17,195.0
7160.0,14,201.0,4.568181818181818,6.344727087767304,10,121.0,0.3188073214742321,4,112.0,0.48111892932258465,14,233.0
7165.0,13,171.0,4.071428571428571,6.077322446204953,10,138.0,0.18451009268385488,3,62.0,0.6139921753880905,13,200.0
7170.0,14,174.0,4.046511627906977,6.712356147738972,8,116.0,0.25380163979264825,6,74.0,0.44450888616277234,14,190.0
7175.0,10,175.0,4.069767441860465,7.010344476786146,7,115.0,0.31673457097387825,3,79.0,0.40693716021027265,10,194.0
7180.0,10,205.0,4.659090909090909,7.556742045519592,5,113.0,0.4417873959759005,5,90.0,0.3539246853181924,10,203.0
7185.0,13,182.0,4.439024390243903,6.306526451967874,7,76.0,0.4438105230173243,6,118.0,0.38238587077268854,13,194.0
7190.0,14,177.0,3.933333333333333,6.199165237826564,8,96.0,0.38967857866471906,6,93.0,0.41825373006472405,14,189.0
7195.0,15,212.0,4.51063829787234,6.230748000703666,10,115.0,0.28534464343321003,5,107.0,0.5059755607185645,15,222.0
7200.0,17,280.0,5.833333333333333,6.584007638750996,11,161.0,0.2802209211797892,6,131.0,0.5376680977530198,17,292.0
