step,system_total_stopped,system_total_waiting_time,system_mean_waiting_time,system_mean_speed,J17_stopped,J17_accumulated_waiting_time,J17_average_speed,J18_stopped,J18_accumulated_waiting_time,J18_average_speed,agents_total_stopped,agents_total_accumulated_waiting_time
5.0,0,0.0,0.0,13.466142535657253,0,0.0,1.0,0,0.0,0.9896754150929515,0,0.0
10.0,0,0.0,0.0,13.6527510488659,0,0.0,0.9547504337857823,0,0.0,0.9524628485213039,0,0.0
15.0,0,0.0,0.0,13.457195813402897,0,0.0,0.9532403416478841,0,0.0,0.974003425982288,0,0.0
20.0,1,1.0,0.09090909090909091,10.033000885669777,0,0.0,0.7712943404141788,1,1.0,0.7037785753780851,1,1.0
25.0,4,9.0,0.6,7.270278373286542,3,7.0,0.4237794946959365,1,2.0,0.6816702537781648,4,9.0
30.0,5,32.0,1.6,9.26470523380815,3,25.0,0.6590634435813605,2,10.0,0.684961635449073,5,35.0
35.0,4,49.0,2.130434782608696,8.166181070923988,3,40.0,0.5368700266068356,1,12.0,0.6844219022234072,4,52.0
40.0,8,84.0,3.230769230769231,7.308953306100501,4,64.0,0.4539545058262884,4,27.0,0.5791227121751029,8,91.0
45.0,7,92.0,3.1724137931034484,6.388845884973308,3,60.0,0.4076756340712807,4,42.0,0.47890011601123916,7,102.0
50.0,12,141.0,4.40625,7.246433351082572,6,76.0,0.40323585297416953,6,69.0,0.4524395640408688,12,145.0
55.0,9,87.0,2.71875,7.053145948071313,4,66.0,0.483363371781606,5,57.0,0.2872467186653832,9,123.0
60.0,10,133.0,4.03030303030303,7.736655066058305,5,78.0,0.46261593898464787,5,62.0,0.35119117131832495,10,140.0
65.0,8,100.0,3.125,6.823639003752625,3,48.0,0.491189914793873,5,65.0,0.4181580216296787,8,113.0
70.0,12,148.0,4.111111111111111,7.025405867419478,7,68.0,0.39133635193495536,5,93.0,0.5335918686854556,12,161.0
75.0,13,147.0,3.8684210526315788,6.483261126859704,7,75.0,0.3512841301429945,6,101.0,0.5124870570925532,13,176.0
80.0,16,219.0,5.341463414634147,6.954800035895906,9,102.0,0.3889127469742497,7,136.0,0.5421205181910194,16,238.0
85.0,18,188.0,4.372093023255814,5.309840796394663,7,100.0,0.3959046358408431,11,159.0,0.38496176239931285,18,259.0
90.0,15,217.0,4.717391304347826,5.659838067344269,3,62.0,0.4717412818955481,12,191.0,0.2845732744443762,15,253.0
95.0,17,113.0,2.3541666666666665,4.953227532931176,4,48.0,0.37534373642120583,13,157.0,0.18968995500897132,17,205.0
100.0,19,150.0,3.0,6.176363679758931,9,73.0,0.3486221111017954,10,139.0,0.28758628452556206,19,212.0
105.0,18,169.0,3.3137254901960786,5.0232790007878405,9,86.0,0.18812535100247862,9,165.0,0.30076633127059244,18,251.0
110.0,16,210.0,4.285714285714286,6.570331455374506,5,75.0,0.3963719523523978,11,196.0,0.3936337719193794,16,271.0
115.0,13,159.0,3.533333333333333,5.958247532220778,5,86.0,0.3768829009707362,8,177.0,0.3342590654615212,13,263.0
120.0,20,231.0,5.133333333333334,6.001822782280824,9,134.0,0.4569448087769572,11,160.0,0.2832239390568495,20,294.0
125.0,19,237.0,5.386363636363637,4.545772810370654,7,159.0,0.4064928860747853,12,161.0,0.16928712079298394,19,320.0
130.0,18,273.0,6.348837209302325,5.164497751389545,10,202.0,0.23930925297818575,8,122.0,0.3331591247984838,18,324.0
135.0,22,240.0,5.333333333333333,5.028952781198917,12,212.0,0.21096863521024792,10,109.0,0.29965387911073127,22,321.0
140.0,12,231.0,5.5,7.483381646404267,4,182.0,0.46490949241495483,8,120.0,0.3480075032029956,12,302.0
145.0,9,68.0,1.7,5.685222280458941,3,92.0,0.4670954780486548,6,118.0,0.18754665629140754,9,210.0
150.0,16,121.0,3.025,6.774507471919563,8,77.0,0.4548179999212451,8,114.0,0.3070029993533878,16,191.0
155.0,12,97.0,2.3658536585365852,6.468550375132535,6,86.0,0.46237044415476614,6,96.0,0.40613356529216577,12,182.0
160.0,11,122.0,2.772727272727273,7.906542292583532,8,115.0,0.4617597719147117,3,63.0,0.5537248341627841,11,178.0
165.0,10,109.0,2.5348837209302326,7.159741647951329,7,106.0,0.30779396696635003,3,72.0,0.6441950972056393,10,178.0
170.0,6,46.0,1.0454545454545454,7.34980441471911,4,63.0,0.3577410076576688,2,30.0,0.46499531245285275,6,93.0
175.0,10,92.0,2.1904761904761907,7.791649710613261,5,72.0,0.4456342432563244,5,28.0,0.38811920735856986,10,100.0
180.0,9,100.0,2.5,7.668418707373481,5,81.0,0.4274826145890459,4,40.0,0.5427910616967624,9,121.0
185.0,12,151.0,3.682926829268293,8.10581275080227,6,106.0,0.4679001769981165,6,62.0,0.5713367069075885,12,168.0
190.0,13,138.0,3.5384615384615383,6.63628696281344,6,95.0,0.43539438600235947,7,86.0,0.49619510172254305,13,181.0
195.0,15,187.0,4.560975609756097,6.862054839171033,7,78.0,0.45701242135992515,8,132.0,0.4645521779296368,15,210.0
200.0,16,118.0,2.744186046511628,5.205033712438021,7,80.0,0.402545741885522,9,121.0,0.35266558294385264,16,201.0
205.0,13,152.0,3.8,6.181574841966605,5,69.0,0.4795908110528071,8,100.0,0.27428797684009654,13,169.0
210.0,13,116.0,2.8292682926829267,5.394789142950818,5,53.0,0.30053797493632367,8,111.0,0.21926928074495533,13,164.0
215.0,16,109.0,2.422222222222222,5.996424535840438,8,52.0,0.37536394906604253,8,105.0,0.2158042276375613,16,157.0
220.0,12,87.0,1.9772727272727273,6.4124535761715045,5,68.0,0.5060195391646022,7,108.0,0.3563352931399435,12,176.0
225.0,12,119.0,2.6444444444444444,7.903582845655512,4,55.0,0.6070436603832849,8,110.0,0.41043535455514435,12,165.0
230.0,14,145.0,2.9,7.414770793715736,5,56.0,0.5655331715380194,9,128.0,0.34726035668845895,14,184.0
235.0,19,210.0,3.888888888888889,7.311072088653532,9,92.0,0.4767215372291612,10,142.0,0.40288374431791707,19,234.0
240.0,16,187.0,3.5961538461538463,5.482212419442562,9,123.0,0.35684458629849974,7,136.0,0.3459719818193592,16,259.0
245.0,15,166.0,3.1320754716981134,6.464816163428101,8,135.0,0.44764924317387744,7,86.0,0.3255510968633924,15,221.0
250.0,15,162.0,3.1153846153846154,5.509695466955366,8,125.0,0.31564660858684923,7,106.0,0.20041420728328327,15,231.0
255.0,19,232.0,4.142857142857143,6.156299265850298,11,147.0,0.3256179665429675,8,135.0,0.23563455368687633,19,282.0
260.0,20,256.0,4.654545454545454,6.317176613070298,11,168.0,0.3491141054498339,9,160.0,0.36359107753260855,20,328.0
265.0,23,344.0,6.37037037037037,6.479135815889953,15,221.0,0.43347255683723207,8,173.0,0.39085937174744084,23,394.0
270.0,22,282.0,4.862068965517241,5.095678049553973,15,216.0,0.31832246919789964,7,164.0,0.37890078234747354,22,380.0
275.0,21,313.0,4.968253968253968,6.286548102231443,16,228.0,0.28537245101005654,5,143.0,0.5562683704634825,21,371.0
280.0,22,198.0,3.09375,5.473032105180247,19,260.0,0.1849513960320089,3,77.0,0.47758259455665514,22,337.0
285.0,19,168.0,2.5454545454545454,6.925658966349822,13,238.0,0.2957883412506911,6,66.0,0.4656022990512307,19,304.0
290.0,21,182.0,2.8,5.966588499827657,13,261.0,0.29877295485183275,8,73.0,0.33164848617265796,21,334.0
295.0,21,174.0,2.806451612903226,5.926778275493233,15,292.0,0.2701032735848584,6,78.0,0.418854201383128,21,370.0
300.0,23,170.0,2.8333333333333335,4.322228594143676,19,335.0,0.1377971378691332,4,60.0,0.39927020119444695,23,395.0
305.0,30,268.0,4.620689655172414,4.523786026374709,22,398.0,0.14235436171248664,8,72.0,0.4134054145398079,30,470.0
310.0,29,321.0,5.5344827586206895,3.9282892795105084,22,438.0,0.17928332180455092,7,90.0,0.3113696640361852,29,528.0
315.0,20,266.0,4.666666666666667,5.119645818690273,12,391.0,0.24017010280334788,8,98.0,0.39130236698412835,20,489.0
320.0,16,218.0,3.7586206896551726,5.349397163260982,10,395.0,0.20028010045551006,6,82.0,0.3795057708511806,16,477.0
325.0,23,265.0,4.491525423728813,6.0010434577097405,14,387.0,0.2255880911996518,9,110.0,0.3856870802434326,23,497.0
330.0,25,311.0,5.362068965517241,4.696255991962175,17,402.0,0.16984503857983513,8,115.0,0.35410527709000883,25,517.0
335.0,22,377.0,6.981481481481482,5.070217041885844,12,375.0,0.29725642702319444,10,161.0,0.241094909452512,22,536.0
340.0,17,250.0,4.901960784313726,5.209912321642911,9,282.0,0.4196373870338221,8,179.0,0.17850621638072883,17,461.0
345.0,18,276.0,5.111111111111111,5.41402949916192,11,262.0,0.23938102342848325,7,163.0,0.38654008588122424,18,425.0
350.0,21,244.0,4.88,4.746360208728371,17,294.0,0.13106952894257973,4,118.0,0.4141825418943059,21,412.0
355.0,14,250.0,4.716981132075472,7.217028205689424,11,314.0,0.2923398153339528,3,48.0,0.6154868700375051,14,362.0
360.0,13,159.0,2.9444444444444446,6.6818555720932915,10,280.0,0.3155662725285479,3,35.0,0.5480271256927299,13,315.0
365.0,20,226.0,4.109090909090909,6.7770324285456764,14,288.0,0.34943905343998083,6,63.0,0.5146967660783607,20,351.0
370.0,21,209.0,4.098039215686274,5.084957677442866,15,290.0,0.2781923462377517,6,56.0,0.4193245834020117,21,346.0
375.0,21,270.0,4.7368421052631575,5.530000824769458,14,278.0,0.24998579688801034,7,80.0,0.5350041962044361,21,358.0
380.0,20,275.0,4.508196721311475,5.766977048342912,16,304.0,0.3023575763527545,4,81.0,0.526699836652562,20,385.0
385.0,21,264.0,4.4,5.39832371663877,13,281.0,0.3173160788687641,8,109.0,0.3916309332127704,21,390.0
390.0,19,187.0,3.0161290322580645,5.055185880890974,11,245.0,0.3335977947567151,8,93.0,0.28988694762565026,19,338.0
395.0,16,181.0,2.9193548387096775,5.995358659614604,12,226.0,0.31460499383137525,4,68.0,0.40766995386692256,16,294.0
400.0,21,239.0,3.7936507936507935,5.655282751404635,15,270.0,0.21277206217463593,6,82.0,0.5319417236617527,21,352.0
405.0,27,251.0,4.114754098360656,5.130308231011026,22,325.0,0.15716771107152283,5,83.0,0.5224799343328138,27,408.0
410.0,30,338.0,5.728813559322034,3.6870190031604784,23,386.0,0.13464112591426378,7,98.0,0.34985846627015776,30,484.0
415.0,26,264.0,4.47457627118644,4.089681904586673,16,394.0,0.2377566502713524,10,75.0,0.17536010884737596,26,469.0
420.0,23,307.0,4.951612903225806,4.952306817365697,12,407.0,0.27227775312278096,11,115.0,0.2589379089242408,23,522.0
425.0,24,317.0,5.112903225806452,4.834030698742703,15,426.0,0.20507071620560244,9,137.0,0.33701463496481276,24,563.0
430.0,24,383.0,6.603448275862069,4.672057103692715,18,460.0,0.13177662287710312,6,125.0,0.4896627680168567,24,585.0
435.0,19,362.0,6.241379310344827,5.2088080673606045,15,461.0,0.1780179550631978,4,100.0,0.36193649399121275,19,561.0
440.0,24,420.0,7.241379310344827,5.241472315768029,14,487.0,0.15800972314942122,10,88.0,0.3013046635296627,24,575.0
445.0,28,512.0,8.982456140350877,4.535695202362049,19,546.0,0.17972316751887632,9,126.0,0.34569249969791493,28,672.0
450.0,28,513.0,9.160714285714286,4.48587839494615,20,559.0,0.15865578912253817,8,126.0,0.40611983104739785,28,685.0
455.0,27,471.0,8.263157894736842,4.8075919084899095,19,551.0,0.137998382800058,8,93.0,0.4359245909210848,27,644.0
460.0,28,518.0,8.931034482758621,4.966025605166398,19,582.0,0.13173533553058087,9,104.0,0.467141352052226,28,686.0
465.0,21,455.0,7.982456140350878,5.1258018880533776,12,559.0,0.2009747917714798,9,116.0,0.39545400115063073,21,675.0
470.0,19,256.0,4.830188679245283,5.287041888282668,8,358.0,0.2967362720218756,11,144.0,0.24955525238144394,19,502.0
475.0,20,243.0,4.5,6.1340797624222665,9,249.0,0.3046518204173686,11,160.0,0.3482810450495297,20,409.0
480.0,24,349.0,6.232142857142857,6.248267183261954,12,296.0,0.3618462531797806,12,192.0,0.3980129026488124,24,488.0
485.0,22,331.0,6.0181818181818185,4.835256652440459,10,314.0,0.32560490026881533,12,183.0,0.3071642602667078,22,497.0
490.0,14,317.0,5.87037037037037,6.465908821361513,7,300.0,0.45886312387123435,7,144.0,0.3439643844763571,14,444.0
495.0,17,350.0,6.0344827586206895,5.551622853907174,10,331.0,0.3016494222198015,7,158.0,0.28827635796878104,17,489.0
500.0,26,456.0,7.6,5.7354808857673145,15,396.0,0.2553562015563475,11,194.0,0.33718425514465833,26,590.0
505.0,25,425.0,7.589285714285714,4.917477160432007,14,357.0,0.32617727503986366,11,215.0,0.27899682429053396,25,572.0
510.0,25,499.0,8.75438596491228,5.444919811350493,16,355.0,0.27927101666308185,9,209.0,0.34998975395983806,25,564.0
515.0,22,397.0,6.616666666666666,4.857044122852427,15,385.0,0.2413808768964556,7,149.0,0.3496030170932645,22,534.0
520.0,19,372.0,5.904761904761905,6.335639580251437,8,368.0,0.3670322306687456,11,135.0,0.36768617871754755,19,503.0
525.0,17,277.0,4.694915254237288,6.0774624576869805,9,295.0,0.42033133818170504,8,161.0,0.2649714065894109,17,456.0
530.0,19,260.0,4.482758620689655,6.3647885133722175,11,179.0,0.37696772327922135,8,166.0,0.2757926192588549,19,345.0
535.0,24,279.0,5.166666666666667,5.23530611603948,14,234.0,0.2524229501123851,10,128.0,0.33286831873850337,24,362.0
540.0,26,316.0,5.962264150943396,4.596996556003218,16,256.0,0.13245860986192487,10,161.0,0.3977113224620872,26,417.0
545.0,25,330.0,6.346153846153846,4.422254649932996,18,315.0,0.15826657994020796,7,143.0,0.32804049314845257,25,458.0
550.0,25,356.0,6.716981132075472,4.996308796404662,16,366.0,0.23838425574687072,9,104.0,0.41658317180043447,25,470.0
555.0,21,335.0,6.203703703703703,5.223938274991119,14,378.0,0.2437255434027156,7,106.0,0.4277653049208597,21,484.0
560.0,15,252.0,4.754716981132075,5.124371372578972,13,371.0,0.18056300841825323,2,47.0,0.47910670811070877,15,418.0
565.0,13,158.0,3.0384615384615383,6.138289118617265,9,276.0,0.21356164367542047,4,34.0,0.5240935247604468,13,310.0
570.0,11,145.0,2.685185185185185,7.8510352657659785,6,243.0,0.3505128235098394,5,50.0,0.5646571946843304,11,293.0
575.0,12,112.0,2.074074074074074,7.794287250936628,8,210.0,0.28070460141181736,4,58.0,0.6164230596932031,12,268.0
580.0,18,153.0,2.8867924528301887,7.211199572387269,11,220.0,0.4101647977630396,7,88.0,0.46372228386088643,18,308.0
585.0,18,196.0,3.843137254901961,6.344289192209316,10,217.0,0.4069450720102473,8,116.0,0.3830805169272482,18,333.0
590.0,18,218.0,4.448979591836735,5.77196001878552,9,192.0,0.33751852757979856,9,153.0,0.3863135169361624,18,345.0
595.0,17,129.0,2.480769230769231,5.6931932015155455,8,129.0,0.3275460732784742,9,138.0,0.32806992309223176,17,267.0
600.0,22,192.0,3.5555555555555554,5.525954924161666,9,164.0,0.3412107052411161,13,137.0,0.25421712800573304,22,301.0
605.0,23,210.0,3.6206896551724137,5.790407743315661,11,196.0,0.2980449518206274,12,153.0,0.33222578352261006,23,349.0
610.0,18,221.0,3.7457627118644066,6.482488708930896,11,202.0,0.2980042813289916,7,130.0,0.4589653678202203,18,332.0
615.0,15,199.0,3.491228070175439,5.883524299076263,8,200.0,0.3026331770852887,7,123.0,0.31885972967682463,15,323.0
620.0,20,210.0,3.6206896551724137,5.9770659172397345,8,151.0,0.3014526790627655,12,144.0,0.32159655340198096,20,295.0
625.0,26,286.0,5.017543859649122,5.102333808080385,13,181.0,0.27764108008623367,13,179.0,0.30546870251959446,26,360.0
630.0,20,322.0,6.0754716981132075,5.367888298327351,10,217.0,0.30249914655314647,10,176.0,0.35110164214114836,20,393.0
635.0,20,336.0,6.222222222222222,5.005086454768855,8,215.0,0.2196752177162779,12,187.0,0.2733401901363955,20,402.0
640.0,21,313.0,5.491228070175438,4.961157868593983,5,190.0,0.20197770361325304,16,207.0,0.2386735574228291,21,397.0
645.0,26,380.0,6.440677966101695,6.021945159055958,10,195.0,0.33538756061682307,16,262.0,0.3167664522188904,26,457.0
650.0,20,434.0,7.75,6.02105999823847,6,225.0,0.4879143809327458,14,293.0,0.3179952298527789,20,518.0
655.0,18,451.0,8.053571428571429,6.379559512990179,5,225.0,0.5824677235219057,13,310.0,0.27931033796433996,18,535.0
660.0,19,477.0,8.672727272727272,6.533049482974318,6,252.0,0.470356209897172,13,276.0,0.2465007494242291,19,528.0
665.0,18,496.0,9.358490566037736,5.6945546897421515,7,262.0,0.22269686529860228,11,312.0,0.22671165018326064,18,574.0
670.0,23,576.0,11.076923076923077,5.301114396502384,12,293.0,0.27821347133100166,11,332.0,0.2038635998965149,23,625.0
675.0,19,457.0,8.96078431372549,4.9946155200739,9,328.0,0.3557287075820873,10,268.0,0.2743067795068006,19,596.0
680.0,17,434.0,8.346153846153847,7.169419043289077,7,322.0,0.5496842660239446,10,201.0,0.3666580143967854,17,523.0
685.0,12,434.0,8.509803921568627,6.388280912438492,5,315.0,0.4881339608171763,7,222.0,0.2161409835924463,12,537.0
690.0,23,531.0,9.654545454545454,6.293918175196561,11,353.0,0.32876074407746736,12,266.0,0.42419185606958637,23,619.0
695.0,24,397.0,7.351851851851852,4.9605104409201095,13,311.0,0.27320171230958484,11,283.0,0.39914260309382454,24,594.0
700.0,23,356.0,6.472727272727273,5.04750289167778,14,179.0,0.2296639811227639,9,283.0,0.43310831568595004,23,462.0
705.0,25,292.0,4.9491525423728815,4.004183952918944,14,207.0,0.1876813378481385,11,263.0,0.2892455699318731,25,470.0
710.0,22,236.0,3.933333333333333,4.785699384804346,7,192.0,0.30446492565265654,15,242.0,0.2260535911063284,22,434.0
715.0,19,150.0,2.459016393442623,4.690382748440825,4,135.0,0.43466831256325295,15,240.0,0.061718584849359194,19,375.0
720.0,29,254.0,4.096774193548387,5.124871838846675,9,134.0,0.3974571573840934,20,274.0,0.07964716478466001,29,408.0
725.0,29,304.0,4.983606557377049,4.606197316862834,12,161.0,0.33678591281342074,17,319.0,0.13419611643088886,29,480.0
730.0,17,249.0,4.016129032258065,5.246632950214526,8,152.0,0.26680419509843695,9,294.0,0.18219604894884253,17,446.0
735.0,16,162.0,2.7,5.94635984116413,9,140.0,0.2867394012348275,7,257.0,0.31565959390418774,16,397.0
740.0,22,214.0,3.34375,6.285774617524531,13,152.0,0.2886391063553791,9,226.0,0.4229360649510921,22,378.0
745.0,24,253.0,4.216666666666667,5.552276856014904,15,201.0,0.25533709808218485,9,230.0,0.4882087044501243,24,431.0
750.0,21,271.0,4.672413793103448,5.937309574732108,12,213.0,0.3204645912197923,9,192.0,0.43051481046251433,21,405.0
755.0,23,265.0,4.568965517241379,4.273511665285199,11,203.0,0.25766429035236266,12,206.0,0.1988012938542952,23,409.0
760.0,31,383.0,6.603448275862069,5.164989391596388,17,251.0,0.24268305342514773,14,270.0,0.2284285133664457,31,521.0
765.0,34,496.0,9.018181818181818,3.5429825231498904,17,298.0,0.10963397452354523,17,347.0,0.19214184153186623,34,645.0
770.0,30,516.0,9.052631578947368,3.5653114580575145,18,352.0,0.08706258944703511,12,341.0,0.1799731047001408,30,693.0
775.0,27,373.0,6.660714285714286,4.290857913646048,17,350.0,0.14923421599190906,10,268.0,0.2750311784107107,27,618.0
780.0,24,441.0,7.7368421052631575,5.711586616119258,15,353.0,0.22922603731628577,9,273.0,0.38253439530270705,24,626.0
785.0,18,330.0,5.238095238095238,5.8501377630218006,13,357.0,0.16820815444857998,5,215.0,0.4746819821738732,18,572.0
790.0,19,262.0,4.225806451612903,6.773444311227477,9,290.0,0.4072870747761245,10,210.0,0.4227701962921506,19,500.0
795.0,18,260.0,4.406779661016949,5.42938263111301,7,268.0,0.43514942634426795,11,227.0,0.16319490983343174,18,495.0
800.0,27,350.0,5.737704918032787,5.650831182890281,14,307.0,0.3485854350654474,13,239.0,0.23113314115099026,27,546.0
805.0,25,253.0,4.015873015873016,4.8375973776454915,14,321.0,0.20500769893791157,11,187.0,0.26214318252065694,25,508.0
810.0,28,320.0,5.0,5.733480910296821,18,350.0,0.23599841130426674,10,149.0,0.4088409334008032,28,499.0
815.0,23,275.0,4.365079365079365,5.624664547626732,15,372.0,0.25760054681947997,8,132.0,0.37724633995764384,23,504.0
820.0,26,373.0,5.651515151515151,6.023369075921419,14,387.0,0.3210910294277613,12,150.0,0.3457239514245783,26,537.0
825.0,29,336.0,5.25,4.516476862342625,16,347.0,0.18495507405248712,13,167.0,0.28359502171416195,29,514.0
830.0,18,218.0,3.4603174603174605,5.619888434994531,10,241.0,0.17380859046722097,8,157.0,0.36113518790622195,18,398.0
835.0,15,155.0,2.5833333333333335,5.671351676163456,6,202.0,0.23808330087737378,9,155.0,0.2596413569175587,15,357.0
840.0,22,228.0,3.8,5.536246918609073,8,185.0,0.20503736010869647,14,198.0,0.2751625470804338,22,383.0
845.0,23,269.0,4.483333333333333,5.619707136951416,11,182.0,0.34994891385332816,12,232.0,0.29980099340143657,23,414.0
850.0,19,333.0,5.741379310344827,6.4531111177814875,5,132.0,0.4470916830056419,14,280.0,0.34200520419978214,19,412.0
855.0,19,360.0,6.315789473684211,6.562528113777596,6,127.0,0.5728599633004475,13,308.0,0.21802509990662863,19,435.0
860.0,15,357.0,6.155172413793103,6.294333322621194,5,141.0,0.4630325730096357,10,275.0,0.11575847957947324,15,416.0
865.0,17,245.0,4.537037037037037,5.938066589711711,8,176.0,0.30713426501493934,9,201.0,0.22424481445762093,17,377.0
870.0,22,208.0,4.078431372549019,4.855512845713742,10,160.0,0.25679582563655834,12,163.0,0.1490026458663213,22,323.0
875.0,25,297.0,5.94,5.110242475124849,12,171.0,0.3274973816243966,13,191.0,0.2579922975246346,25,362.0
880.0,15,283.0,6.0212765957446805,5.921896096552573,9,193.0,0.28025139216163725,6,174.0,0.44728349524714583,15,367.0
885.0,11,213.0,4.4375,6.373347804085799,5,153.0,0.278776698281115,6,166.0,0.48003398076995135,11,319.0
890.0,14,218.0,4.448979591836735,5.2458447421438565,5,164.0,0.2902284606473048,9,149.0,0.25633619244763445,14,313.0
895.0,22,289.0,5.8979591836734695,4.699044847602843,10,205.0,0.3020654095868024,12,183.0,0.20421637823893066,22,388.0
900.0,16,306.0,6.244897959183674,6.004309151434108,7,208.0,0.3560897780644635,9,176.0,0.34420520842989616,16,384.0
905.0,12,314.0,6.28,6.58037254507274,5,198.0,0.37231021367847855,7,187.0,0.3815824572149608,12,385.0
910.0,19,394.0,7.576923076923077,6.621708870544775,7,229.0,0.39752820218290097,12,216.0,0.3184177899747306,19,445.0
915.0,18,212.0,4.326530612244898,6.118927025492808,5,108.0,0.4647366101324233,13,214.0,0.2701832636880438,18,322.0
920.0,20,291.0,6.326086956521739,5.661012137906104,5,124.0,0.46322730838772364,15,224.0,0.2171548945056154,20,348.0
925.0,19,320.0,6.808510638297872,5.312954573734384,7,152.0,0.4056070384537818,12,244.0,0.24707070142441204,19,396.0
930.0,18,350.0,7.446808510638298,6.130229446741905,7,187.0,0.4490377995379318,11,218.0,0.3135511523425574,18,405.0
935.0,19,330.0,7.0212765957446805,5.124494908579972,9,223.0,0.21879796542135896,10,183.0,0.2929459646816466,19,406.0
940.0,17,202.0,4.208333333333333,5.350428596376065,7,151.0,0.34078628303882946,10,167.0,0.26024502973829616,17,318.0
945.0,21,238.0,4.76,5.268198882281569,11,171.0,0.3280903067155661,10,190.0,0.3273026642534774,21,361.0
950.0,22,239.0,4.78,5.463430795879126,9,173.0,0.40262851293494417,13,209.0,0.3076517402591256,22,382.0
955.0,22,285.0,5.480769230769231,4.962459150556238,10,178.0,0.34716012123442413,12,230.0,0.2829317080247004,22,408.0
960.0,17,205.0,3.9423076923076925,4.846589436734175,10,172.0,0.31922770161828673,7,200.0,0.25919855599126007,17,372.0
965.0,14,172.0,3.44,5.0841332783639075,6,143.0,0.27626899859176446,8,188.0,0.18389732260396363,14,331.0
970.0,17,171.0,3.2884615384615383,5.007594944297714,6,155.0,0.27185749063092385,11,162.0,0.07800831752782653,17,317.0
975.0,24,229.0,4.163636363636364,5.540982630757982,11,182.0,0.3305452217119158,13,189.0,0.23549629680311568,24,371.0
980.0,24,247.0,4.94,5.604107376833636,10,171.0,0.39463403109751344,14,249.0,0.3338143753436301,24,420.0
985.0,21,278.0,5.346153846153846,5.440577186577686,11,173.0,0.3943226112809166,10,258.0,0.32773658928735544,21,431.0
990.0,20,260.0,4.642857142857143,5.52333610730728,13,214.0,0.2776971629075908,7,203.0,0.4086790868451498,20,417.0
995.0,26,334.0,5.758620689655173,5.045673643040254,18,290.0,0.21021408088755,8,206.0,0.3315832196908636,26,496.0
1000.0,29,355.0,5.819672131147541,4.554131186290944,15,297.0,0.2217202467562736,14,226.0,0.266633096881199,29,523.0
1005.0,22,213.0,3.4918032786885247,4.994963418923584,7,218.0,0.3676723932057362,15,257.0,0.19601019368278844,22,475.0
1010.0,23,293.0,4.80327868852459,5.690782548563168,6,166.0,0.42739829890177594,17,283.0,0.16898386531050544,23,449.0
1015.0,24,337.0,5.435483870967742,5.847807080736668,8,148.0,0.42974524857946367,16,287.0,0.1431007914443574,24,435.0
1020.0,14,270.0,4.426229508196721,5.953754783857432,6,141.0,0.40097341413329385,8,234.0,0.19560761602263707,14,375.0
1025.0,17,226.0,4.035714285714286,6.2947706973050686,12,180.0,0.3284709237087834,5,186.0,0.3398005198984999,17,366.0
1030.0,21,277.0,4.859649122807017,6.219590624049867,12,228.0,0.3282647952417017,9,149.0,0.34075665333415844,21,377.0
1035.0,19,316.0,5.745454545454545,6.087919896148442,11,242.0,0.3216673151243527,8,151.0,0.3695982304769198,19,393.0
1040.0,16,305.0,5.865384615384615,6.448952870623373,9,237.0,0.3415865614471259,7,119.0,0.36031062525906454,16,356.0
1045.0,14,346.0,6.784313725490196,6.787136975461676,7,243.0,0.3188918832865319,7,147.0,0.33761054858180894,14,390.0
1050.0,17,237.0,4.9375,6.336670316928585,7,151.0,0.3651779459439106,10,185.0,0.33536089375453565,17,336.0
1055.0,19,190.0,3.6538461538461537,6.194147032615275,10,103.0,0.35529046114364116,9,174.0,0.3192723806678264,19,277.0
1060.0,16,246.0,4.730769230769231,7.13188614038548,8,131.0,0.5290638640626829,8,159.0,0.3632017513059849,16,290.0
1065.0,16,260.0,4.90566037735849,6.587046862706753,9,156.0,0.390776958855156,7,144.0,0.4091545153541139,16,300.0
1070.0,16,234.0,4.333333333333333,6.666830308505765,11,162.0,0.26573768586048874,5,122.0,0.5106835261044071,16,284.0
1075.0,17,192.0,3.4909090909090907,5.938689493584913,14,201.0,0.08644057558383707,3,59.0,0.5243620901292417,17,260.0
1080.0,20,157.0,2.8545454545454545,5.964038348834484,11,195.0,0.19807640520922445,9,76.0,0.4182388427229301,20,271.0
1085.0,14,104.0,1.9622641509433962,6.244415818476019,6,125.0,0.31717707411899193,8,94.0,0.3693010255075173,14,219.0
1090.0,12,134.0,2.851063829787234,6.277153552863798,5,122.0,0.31195149605652234,7,90.0,0.30160998632235697,12,212.0
1095.0,16,129.0,2.6875,5.990357713085118,9,132.0,0.2339921863974833,7,87.0,0.2603481027382707,16,219.0
1100.0,18,187.0,4.155555555555556,5.0100132700678435,8,139.0,0.22873353206670421,10,112.0,0.2827727220878351,18,251.0
1105.0,13,166.0,3.772727272727273,6.617789896650995,6,114.0,0.45184604832228353,7,104.0,0.36282146860541414,13,218.0
1110.0,10,184.0,4.088888888888889,7.5653306533214275,4,121.0,0.495115661526876,6,105.0,0.3917296190434508,10,226.0
1115.0,12,168.0,3.5,6.729754513064041,7,134.0,0.45014149165129974,5,103.0,0.28482660514185315,12,237.0
1120.0,14,126.0,2.9302325581395348,6.781126661816413,10,139.0,0.3540698974487889,4,67.0,0.4230671681455802,14,206.0
1125.0,17,178.0,4.45,5.725757316436877,12,133.0,0.21360678248002896,5,88.0,0.4443869144626542,17,221.0
1130.0,17,178.0,4.045454545454546,4.822617206606845,12,155.0,0.19357886893136833,5,91.0,0.348067613607973,17,246.0
1135.0,16,206.0,4.904761904761905,5.645439122978112,9,155.0,0.319684242239137,7,102.0,0.3662900198491661,16,257.0
1140.0,14,194.0,4.85,5.336295876406276,9,170.0,0.3591933896443138,5,92.0,0.2841209838736615,14,262.0
1145.0,19,262.0,6.093023255813954,5.03119735535278,12,193.0,0.3153752342012486,7,129.0,0.26220128277662974,19,322.0
1150.0,15,253.0,5.270833333333333,6.077615991135741,11,219.0,0.270247915155247,4,122.0,0.5600921948744727,15,341.0
1155.0,13,274.0,5.169811320754717,8.336867548334398,11,223.0,0.2956219950815951,2,83.0,0.8005257901715007,13,306.0
1160.0,12,139.0,2.482142857142857,6.987185784246961,9,185.0,0.22311941695451035,3,22.0,0.5676619100855035,12,207.0
1165.0,22,229.0,4.017543859649122,6.668858096350694,14,211.0,0.24869727416004378,8,56.0,0.4708210827023307,22,267.0
1170.0,21,212.0,3.8545454545454545,5.53642504098234,11,207.0,0.3530186222753395,10,89.0,0.28921591757135223,21,296.0
1175.0,21,258.0,5.26530612244898,5.278405788683101,11,186.0,0.25479488705859826,10,114.0,0.30681333784334625,21,300.0
1180.0,23,241.0,4.918367346938775,4.196567959022762,12,200.0,0.13246406820998455,11,132.0,0.25548277479721554,23,332.0
1185.0,13,195.0,4.0625,6.733892780650081,8,170.0,0.3149144210685302,5,116.0,0.4536722383676378,13,286.0
1190.0,14,123.0,2.6739130434782608,5.4295716276642425,6,132.0,0.35322011469014053,8,127.0,0.2558088203145349,14,259.0
1195.0,21,202.0,4.297872340425532,5.387571534056905,11,154.0,0.3647428462776766,10,145.0,0.2583958348366029,21,299.0
1200.0,24,284.0,5.68,4.791696178813367,13,213.0,0.2947618715009358,11,163.0,0.289191344356323,24,376.0
1205.0,22,334.0,6.958333333333333,4.99795406101582,14,234.0,0.31076822304401974,8,177.0,0.34337956452783963,22,411.0
1210.0,15,266.0,5.428571428571429,5.486183079987987,8,210.0,0.3193419791358856,7,160.0,0.31141621762538696,15,370.0
1215.0,15,283.0,5.339622641509434,6.115239488935596,7,203.0,0.2858510889117472,8,153.0,0.3462031722038199,15,356.0
1220.0,14,224.0,4.072727272727272,6.58772476751202,7,154.0,0.26466836305822516,7,175.0,0.3784068311984174,14,329.0
1225.0,21,306.0,5.773584905660377,6.973944215484872,12,161.0,0.36635580157694375,9,214.0,0.3864265974330875,21,375.0
1230.0,19,178.0,3.56,5.828097571764915,11,149.0,0.3576947939523467,8,137.0,0.30668620234213456,19,286.0
1235.0,18,203.0,4.319148936170213,5.452327376806826,9,166.0,0.27862103409832645,9,134.0,0.3326472206287601,18,300.0
1240.0,18,185.0,3.8541666666666665,4.8270874242987505,10,174.0,0.3245805849102507,8,137.0,0.31388573718704804,18,311.0
1245.0,14,158.0,3.16,6.688073329333547,5,126.0,0.35369046643324387,9,143.0,0.39248274439828745,14,269.0
1250.0,10,148.0,3.020408163265306,6.645284205069854,5,126.0,0.27273558277803994,5,148.0,0.3833476159921055,10,274.0
1255.0,15,185.0,3.627450980392157,7.182613796773585,10,141.0,0.18105998847206417,5,141.0,0.5232107097309658,15,282.0
1260.0,14,141.0,3.0,6.919662937602579,9,154.0,0.3471221311066027,5,120.0,0.4496846233681204,14,274.0
1265.0,11,160.0,3.8095238095238093,6.83656961650149,5,116.0,0.4938731948595539,6,102.0,0.34586157054219235,11,218.0
1270.0,14,204.0,4.163265306122449,5.978304933756889,6,121.0,0.4317143329650659,8,126.0,0.19635411761400134,14,247.0
1275.0,18,261.0,4.833333333333333,7.0471966341797945,7,141.0,0.5033513975796505,11,160.0,0.28162640135050104,18,301.0
1280.0,18,321.0,6.294117647058823,7.808897396357285,9,166.0,0.5342341615298766,9,192.0,0.43064366133115806,18,358.0
1285.0,14,293.0,5.86,6.87089259818733,6,137.0,0.4523891016515842,8,207.0,0.4411482528640911,14,344.0
1290.0,18,262.0,5.137254901960785,5.048903252449158,10,158.0,0.23564289892816057,8,184.0,0.37434504052612466,18,342.0
1295.0,20,315.0,5.943396226415095,5.668437767657896,11,195.0,0.3044041974237636,9,176.0,0.4070345700725507,20,371.0
1300.0,16,251.0,4.648148148148148,6.798711210700964,8,189.0,0.42834217160952526,8,150.0,0.36823363143940596,16,339.0
1305.0,12,124.0,2.175438596491228,6.317402431383203,7,106.0,0.39815499074096,5,81.0,0.26798596188657925,12,187.0
1310.0,17,122.0,2.1403508771929824,6.609406019399758,11,114.0,0.3375429327405118,6,69.0,0.39926754621217764,17,183.0
1315.0,21,177.0,3.1607142857142856,6.258993349782588,11,148.0,0.24260025663897025,10,94.0,0.43695580906093473,21,242.0
1320.0,21,220.0,4.074074074074074,5.586994506738314,14,168.0,0.26494263415868846,7,114.0,0.4374190397037541,21,282.0
1325.0,21,260.0,4.56140350877193,5.386242101464328,15,212.0,0.23310522992679095,6,99.0,0.4032276968492643,21,311.0
1330.0,21,341.0,6.314814814814815,6.342090126316922,14,261.0,0.2880780580935564,7,130.0,0.4720266202952863,21,391.0
1335.0,20,260.0,4.642857142857143,5.642317632732286,12,256.0,0.26025793150318527,8,110.0,0.3649338299633008,20,366.0
1340.0,17,189.0,3.5,5.548256057376016,7,192.0,0.32684671424153167,10,135.0,0.23051101353170408,17,327.0
1345.0,24,229.0,4.163636363636364,4.287337849229357,11,208.0,0.2740336598620088,13,173.0,0.13033007621702636,24,381.0
1350.0,23,322.0,5.551724137931035,5.772019274634506,14,268.0,0.23725433191528936,9,190.0,0.3018140743089957,23,458.0
1355.0,22,265.0,4.649122807017544,5.674701171290703,15,316.0,0.19341671238122798,7,142.0,0.4020867295309486,22,458.0
1360.0,22,309.0,5.517857142857143,6.46127544108964,15,348.0,0.25391604826043923,7,106.0,0.4728953666006606,22,454.0
1365.0,18,305.0,5.865384615384615,4.513383867319491,13,331.0,0.16591946017860884,5,116.0,0.34126834421419416,18,447.0
1370.0,16,273.0,5.25,6.015331456911474,8,261.0,0.27599426115708414,8,127.0,0.38031213688814736,16,388.0
1375.0,14,181.0,3.290909090909091,7.063774920879965,8,207.0,0.28383849150538104,6,151.0,0.47073169624042766,14,358.0
1380.0,21,245.0,4.454545454545454,7.348655087363879,12,182.0,0.34445751582011713,9,179.0,0.45870657954375205,21,361.0
1385.0,17,222.0,4.188679245283019,6.526978501734457,8,187.0,0.36764327011228415,9,179.0,0.4243107844128154,17,366.0
1390.0,18,246.0,4.92,6.981941248195228,8,141.0,0.49288459137257434,10,156.0,0.3361287583667556,18,297.0
1395.0,14,228.0,4.75,5.382259869286631,6,135.0,0.4675180052423691,8,162.0,0.12491117661039469,14,297.0
1400.0,16,273.0,6.348837209302325,6.010565616552142,7,158.0,0.5191629263696165,9,157.0,0.2059570079897908,16,315.0
1405.0,16,309.0,7.186046511627907,5.599651046744557,5,166.0,0.41644684612182675,11,198.0,0.25067288613126937,16,364.0
1410.0,13,353.0,8.022727272727273,6.633688431850749,6,190.0,0.34635282104640924,7,227.0,0.3940399652255442,13,417.0
1415.0,15,193.0,4.386363636363637,5.786463230560272,6,149.0,0.4155517992546234,9,142.0,0.40503236485576394,15,291.0
1420.0,18,214.0,4.7555555555555555,6.057934851925839,4,81.0,0.5235180760547276,14,201.0,0.2890123394157387,18,282.0
1425.0,15,241.0,4.918367346938775,5.73052170967087,5,95.0,0.4573890625791084,10,216.0,0.3385516310214668,15,311.0
1430.0,12,253.0,4.96078431372549,6.218311083772347,6,114.0,0.38424434960484527,6,207.0,0.4022167499055099,12,321.0
1435.0,20,337.0,6.74,5.8498195921219915,11,153.0,0.252463579913051,9,247.0,0.4143832946363601,20,400.0
1440.0,24,360.0,6.923076923076923,4.657735742208807,10,129.0,0.15395086524884297,14,308.0,0.3198663800106027,24,437.0
1445.0,23,419.0,8.38,4.324229890283477,9,125.0,0.2630325824545901,14,361.0,0.20503748627383797,23,486.0
1450.0,20,468.0,8.830188679245284,5.298561265474933,8,158.0,0.25555236281317323,12,376.0,0.277179900984407,20,534.0
1455.0,18,345.0,6.634615384615385,5.988467403396789,8,174.0,0.22314703158256624,10,289.0,0.3446320485862569,18,463.0
1460.0,16,298.0,5.418181818181818,6.816651193269869,5,156.0,0.36342675179021583,11,239.0,0.43120734494899887,16,395.0
1465.0,17,287.0,5.627450980392157,6.819311784337205,5,138.0,0.5443237621256148,12,248.0,0.379962780460331,17,386.0
1470.0,18,201.0,3.792452830188679,5.948787226028292,2,71.0,0.568394599809028,16,210.0,0.24960706908358765,18,281.0
1475.0,24,246.0,4.392857142857143,5.333038719439396,6,81.0,0.45768497315750656,18,263.0,0.23055819918120574,24,344.0
1480.0,19,222.0,3.9642857142857144,5.410436688696135,6,53.0,0.4731365233174387,13,273.0,0.23902587420668334,19,326.0
1485.0,15,235.0,3.9166666666666665,6.56330530841986,5,47.0,0.5293835120411675,10,283.0,0.2744721861178584,15,330.0
1490.0,19,287.0,4.864406779661017,6.015658832283388,5,54.0,0.46482618741728227,14,328.0,0.1859910513112954,19,382.0
1495.0,23,254.0,4.379310344827586,5.260215871790889,9,80.0,0.3974668771366241,14,335.0,0.16831089780988467,23,415.0
1500.0,25,237.0,3.8852459016393444,5.130094450292753,12,113.0,0.3533701442583865,13,287.0,0.2279151328582639,25,400.0
1505.0,21,273.0,4.403225806451613,5.340058783865505,10,141.0,0.36017148679066757,11,303.0,0.2699102625928139,21,444.0
1510.0,15,170.0,2.7868852459016393,6.467623846056957,8,115.0,0.3908163232113733,7,259.0,0.38639327610230023,15,374.0
1515.0,21,223.0,3.596774193548387,6.014308595098516,12,118.0,0.27560130029056756,9,256.0,0.30918676747786705,21,374.0
1520.0,28,299.0,4.983333333333333,4.644771620694115,14,167.0,0.22664147089475747,14,274.0,0.22324900797956487,28,441.0
1525.0,30,416.0,7.0508474576271185,4.765300165821549,16,225.0,0.2882428809091718,14,289.0,0.24119375831579787,30,514.0
1530.0,24,434.0,8.037037037037036,4.348536416381597,15,265.0,0.21873219151290862,9,264.0,0.32332128163814966,24,529.0
1535.0,16,290.0,5.2727272727272725,5.027015630309518,10,255.0,0.2505275305454312,6,178.0,0.24881576484620824,16,433.0
1540.0,20,216.0,3.6610169491525424,5.720043656500842,7,200.0,0.3076638507398422,13,163.0,0.28364143263275254,20,363.0
1545.0,21,259.0,4.17741935483871,6.918963107704031,11,158.0,0.4034348291649855,10,193.0,0.4292592235145387,21,351.0
1550.0,17,297.0,4.95,6.596505341439551,11,170.0,0.3172420245579618,6,185.0,0.4888228202299089,17,355.0
1555.0,18,303.0,5.224137931034483,5.853834570640069,10,157.0,0.2908956645575844,8,190.0,0.323680213312896,18,347.0
1560.0,22,306.0,5.1,5.440401512941705,12,158.0,0.3201213616143366,10,202.0,0.13022737058638234,22,360.0
1565.0,24,368.0,6.133333333333334,6.121557841943443,13,187.0,0.38308508400414426,11,241.0,0.23476633469921887,24,428.0
1570.0,21,365.0,6.636363636363637,5.871537163367175,14,180.0,0.30934962800802696,7,244.0,0.40073362006457985,21,424.0
1575.0,23,233.0,4.017241379310345,5.317386118266471,17,227.0,0.1718296455351422,6,147.0,0.484543733749783,23,374.0
1580.0,25,268.0,4.5423728813559325,5.637515393263132,18,268.0,0.1955162782733502,7,86.0,0.5337531482678161,25,354.0
1585.0,18,227.0,3.913793103448276,5.701218994341333,13,262.0,0.3031607634666352,5,72.0,0.3924933095274433,18,334.0
1590.0,23,218.0,3.892857142857143,5.484040322199403,13,241.0,0.3084808541566677,10,95.0,0.25274678994984007,23,336.0
1595.0,27,250.0,4.464285714285714,4.92542634628957,16,245.0,0.2129110599559313,11,107.0,0.2650155726901734,27,352.0
1600.0,25,257.0,4.508771929824562,6.006429468156222,18,274.0,0.24193265548183582,7,97.0,0.45949628768741857,25,371.0
1605.0,19,256.0,4.830188679245283,6.03105285281445,15,283.0,0.27870470510241074,4,81.0,0.4483382849511732,19,364.0
1610.0,20,284.0,4.896551724137931,6.709137941871976,14,305.0,0.39461969714358547,6,96.0,0.5102794684280729,20,401.0
1615.0,15,192.0,3.310344827586207,6.4516753865524565,10,277.0,0.3656909139681539,5,78.0,0.5152568567586748,15,355.0
1620.0,18,192.0,3.4909090909090907,5.840450234155988,11,268.0,0.3123158380710728,7,71.0,0.4213605881209955,18,339.0
1625.0,24,212.0,3.719298245614035,5.109231157016725,16,252.0,0.18799257978480113,8,88.0,0.3575766768407539,24,340.0
1630.0,24,261.0,4.660714285714286,5.01588894133566,17,295.0,0.052512880338397475,7,87.0,0.42905222966466805,24,382.0
1635.0,22,275.0,5.288461538461538,5.49458739822648,17,295.0,0.12668184246811945,5,73.0,0.43180874541074477,22,368.0
1640.0,21,307.0,5.482142857142857,5.76321775380264,14,319.0,0.2152558623325652,7,79.0,0.2915001117921175,21,398.0
1645.0,17,261.0,4.660714285714286,6.360546535934559,8,268.0,0.3099312780933079,9,92.0,0.3717930378579426,17,360.0
1650.0,17,197.0,3.6481481481481484,6.638720264095262,7,197.0,0.3709332626273349,10,112.0,0.3851607991721929,17,309.0
1655.0,16,183.0,3.267857142857143,6.965648354825229,8,145.0,0.559666091466176,8,121.0,0.33094521723072856,16,266.0
1660.0,17,205.0,3.6607142857142856,6.770619477465992,9,186.0,0.4608886103764619,8,104.0,0.3281400739476951,17,290.0
1665.0,17,165.0,3.1132075471698113,6.390058298281491,10,196.0,0.37037169012790705,7,90.0,0.34172290118242865,17,286.0
1670.0,18,175.0,3.125,5.9047732593273725,12,198.0,0.25529982847219473,6,94.0,0.40434425958440007,18,292.0
1675.0,20,223.0,4.12962962962963,5.538469776369403,14,257.0,0.20833065351678184,6,105.0,0.510686062456041,20,362.0
1680.0,27,345.0,6.160714285714286,5.521146991583714,17,328.0,0.2944251016719606,10,155.0,0.440194762487782,27,483.0
1685.0,28,443.0,7.910714285714286,4.7194577180360415,17,385.0,0.2878554076872555,11,190.0,0.39563449050108457,28,575.0
1690.0,27,537.0,9.101694915254237,4.0651235643243595,15,436.0,0.2677159557764863,12,223.0,0.31514516249367647,27,659.0
1695.0,33,459.0,7.061538461538461,3.628563495996455,18,418.0,0.25960778764142717,15,237.0,0.2552076849832284,33,655.0
1700.0,23,394.0,5.794117647058823,4.7867402240486845,13,365.0,0.24993281360164257,10,202.0,0.2942668884133382,23,567.0
1705.0,21,230.0,3.3333333333333335,5.3200785103342545,13,293.0,0.2685733931522449,8,169.0,0.27965966692159505,21,462.0
1710.0,27,215.0,2.986111111111111,5.167544592077682,12,212.0,0.2567398550620767,15,212.0,0.19864649566146972,27,424.0
1715.0,29,303.0,4.391304347826087,4.79766565306026,13,226.0,0.3109675516387133,16,255.0,0.28544996591357463,29,481.0
1720.0,24,341.0,5.014705882352941,5.954890377781981,15,246.0,0.36096224191884246,9,237.0,0.34172156847921875,24,483.0
1725.0,20,335.0,5.234375,5.835046313375844,12,256.0,0.22335080051290343,8,213.0,0.4141554558240545,20,469.0
1730.0,24,380.0,5.846153846153846,5.788038319262833,13,266.0,0.20207725684841413,11,213.0,0.31888308492201634,24,479.0
1735.0,26,320.0,5.161290322580645,5.02586447973595,12,270.0,0.20808848928223203,14,195.0,0.3260295088182824,26,465.0
1740.0,27,409.0,6.596774193548387,5.586634061238609,15,327.0,0.29323808137706114,12,191.0,0.32039947825534176,27,518.0
1745.0,28,387.0,6.142857142857143,4.945637161931892,14,344.0,0.3536611183433461,14,206.0,0.17968025319548372,28,550.0
1750.0,23,305.0,4.6923076923076925,5.3784699944952195,13,310.0,0.2970445386680469,10,182.0,0.3003217214383494,23,492.0
1755.0,20,231.0,3.609375,4.8252684960325,13,324.0,0.2404065382564515,7,159.0,0.31934640122476854,20,483.0
1760.0,24,253.0,3.8333333333333335,5.98543424285393,14,296.0,0.273396950698036,10,145.0,0.40236747661858013,24,441.0
1765.0,23,329.0,5.061538461538461,5.576485382099943,14,313.0,0.28118420009916556,9,167.0,0.3486060690303761,23,480.0
1770.0,24,402.0,6.590163934426229,5.555944795732443,17,332.0,0.24051159029698005,7,172.0,0.38608056722169215,24,504.0
1775.0,30,466.0,7.766666666666667,4.208148690761557,20,420.0,0.09692758988826176,10,163.0,0.31605829295884524,30,583.0
1780.0,35,454.0,7.694915254237288,3.7297934254825313,21,426.0,0.12157644783189603,14,176.0,0.2447483148493422,35,602.0
1785.0,30,407.0,7.017241379310345,3.992259286494939,16,385.0,0.1950896362961287,14,196.0,0.2728016783515644,30,581.0
1790.0,27,437.0,7.163934426229508,4.722594504754823,14,400.0,0.21428432103455192,13,206.0,0.34779542204961417,27,606.0
1795.0,23,344.0,5.733333333333333,5.575291564767649,10,350.0,0.3149224153127525,13,223.0,0.33080921654892825,23,573.0
1800.0,17,231.0,3.9827586206896552,5.433707638871764,7,285.0,0.22865811767895203,10,197.0,0.29071360569204724,17,482.0
1805.0,24,216.0,3.6610169491525424,4.6275994098613085,13,275.0,0.11943337311287086,11,192.0,0.2225230152794826,24,467.0
1810.0,27,282.0,4.622950819672131,5.441928433003229,13,297.0,0.30912018627677096,14,158.0,0.25607437808104,27,455.0
1815.0,17,315.0,5.338983050847458,5.742383734499633,7,272.0,0.44575890262028006,10,184.0,0.18393427396716167,17,456.0
1820.0,15,278.0,4.87719298245614,6.512999749025185,5,214.0,0.4612156095023332,10,186.0,0.2963052657559134,15,400.0
1825.0,19,326.0,5.719298245614035,5.928880636413251,11,217.0,0.2035665680117215,8,217.0,0.37728437390780956,19,434.0
1830.0,22,360.0,6.428571428571429,5.527977728642033,13,211.0,0.26975530741769915,9,254.0,0.3450244197423937,22,465.0
1835.0,23,323.0,5.872727272727273,5.270065893393153,13,176.0,0.316211442693796,10,244.0,0.35979505741253154,23,420.0
1840.0,23,327.0,5.945454545454545,4.797063853512353,12,198.0,0.3197776341955964,11,221.0,0.32104527384309817,23,419.0
1845.0,22,273.0,4.875,5.273848644596314,9,169.0,0.40353254639351205,13,230.0,0.19690259932567283,22,399.0
1850.0,23,268.0,4.39344262295082,5.321668471196398,9,192.0,0.4015513800246136,14,203.0,0.1418750656031174,23,395.0
1855.0,25,292.0,4.424242424242424,5.369529957340448,15,229.0,0.37271016059684065,10,212.0,0.24805544287729153,25,441.0
1860.0,20,251.0,3.921875,5.845051983954466,14,267.0,0.31577270530366064,6,155.0,0.4416101791289163,20,422.0
1865.0,18,289.0,4.661290322580645,6.042665034627385,12,280.0,0.31376008547633616,6,162.0,0.3808018640573071,18,442.0
1870.0,24,351.0,5.85,4.600751085272894,11,322.0,0.1953556106403581,13,186.0,0.22838385668391048,24,508.0
1875.0,29,449.0,7.741379310344827,4.232800802478674,17,376.0,0.1581611106130193,12,207.0,0.3505676754701031,29,583.0
1880.0,26,405.0,7.363636363636363,4.429451414950769,17,372.0,0.1591240684392221,9,175.0,0.41712352240576656,26,547.0
1885.0,25,348.0,6.214285714285714,5.242017759196648,15,355.0,0.21478886158776717,10,174.0,0.37307947205784503,25,529.0
1890.0,27,357.0,5.95,4.871005567775744,14,384.0,0.21240326798054376,13,172.0,0.29576167633439854,27,556.0
1895.0,23,352.0,5.866666666666666,5.108416838136472,10,362.0,0.31818356186875946,13,200.0,0.24476869467667223,23,562.0
1900.0,25,310.0,5.081967213114754,5.095661720441991,9,310.0,0.324852316905497,16,238.0,0.24514864182832397,25,548.0
1905.0,25,308.0,4.666666666666667,5.636062654972437,10,259.0,0.31605518212875244,15,276.0,0.32828569005660785,25,535.0
1910.0,21,318.0,5.0476190476190474,6.065976707858205,11,272.0,0.2760282306884496,10,265.0,0.39944754618624984,21,537.0
1915.0,19,253.0,4.216666666666667,5.397742584077215,9,280.0,0.18752323850205865,10,219.0,0.3199985277696901,19,499.0
1920.0,20,214.0,3.5081967213114753,5.850912892758303,7,243.0,0.3010624967697715,13,179.0,0.2988018496630419,20,422.0
1925.0,26,256.0,4.129032258064516,5.683220252413179,13,285.0,0.40182321652740266,13,195.0,0.28955560553841225,26,480.0
1930.0,22,338.0,5.633333333333334,5.946609733198084,8,320.0,0.4874010419943315,14,195.0,0.3087949847027692,22,515.0
1935.0,21,366.0,6.203389830508475,4.969460038657915,7,315.0,0.3392001242645809,14,217.0,0.23866833028227102,21,532.0
1940.0,19,273.0,4.627118644067797,5.5218332106963555,8,224.0,0.3112603172663697,11,208.0,0.28229649426317066,19,432.0
1945.0,22,273.0,4.475409836065574,4.994693371122079,11,158.0,0.1790812315728259,11,210.0,0.24057223274587752,22,368.0
1950.0,24,350.0,5.737704918032787,6.322989447238106,12,203.0,0.32362554472371696,12,228.0,0.3804251830690876,24,431.0
1955.0,15,275.0,4.661016949152542,7.110622876390776,4,201.0,0.5763395591570473,11,214.0,0.3706785400346802,15,415.0
1960.0,15,170.0,2.9310344827586206,5.43978784612368,5,152.0,0.38834614365331976,10,176.0,0.24047048899886447,15,328.0
1965.0,24,190.0,3.1147540983606556,4.757886805075812,12,126.0,0.2682621972136908,12,198.0,0.217411758195995,24,324.0
1970.0,26,231.0,4.052631578947368,5.035438841098823,14,167.0,0.237030378999697,12,182.0,0.2893573155177024,26,349.0
1975.0,18,230.0,4.107142857142857,5.030400385183415,8,161.0,0.2801820422193615,10,194.0,0.18561022073014485,18,355.0
1980.0,17,241.0,4.303571428571429,6.15215026163036,6,148.0,0.3629566851925549,11,218.0,0.2144923058119784,17,366.0
1985.0,21,229.0,4.163636363636364,6.296696331791387,9,140.0,0.41423785941696123,12,219.0,0.2425643919861432,21,359.0
1990.0,19,277.0,5.326923076923077,4.93988569292332,7,154.0,0.27915270675432746,12,228.0,0.24529415696796575,19,382.0
1995.0,21,307.0,6.14,5.047751070113109,9,155.0,0.2851487577410164,12,238.0,0.2735641442853884,21,393.0
2000.0,18,288.0,5.538461538461538,5.36834977595151,6,144.0,0.36691589915384937,12,248.0,0.27156482015687866,18,392.0
2005.0,23,286.0,5.2,5.4459308171395095,11,160.0,0.3598541344257154,12,217.0,0.2556314878239742,23,377.0
2010.0,16,240.0,4.137931034482759,6.593921921387426,11,200.0,0.3691901080428447,5,152.0,0.40092174585606283,16,352.0
2015.0,12,266.0,4.75,7.391895960457617,6,201.0,0.3276760311163689,6,122.0,0.530055507573935,12,323.0
2020.0,15,280.0,5.283018867924528,6.377171025557768,8,208.0,0.21533337192937765,7,140.0,0.40013339560010736,15,348.0
2025.0,20,310.0,5.7407407407407405,5.78992888366946,15,214.0,0.11529897245540376,5,148.0,0.395935639385511,20,362.0
2030.0,23,396.0,7.92,5.704187115870268,17,287.0,0.14514264869615418,6,166.0,0.4805612403356879,23,453.0
2035.0,18,342.0,6.979591836734694,6.1420162488449135,14,337.0,0.24158153935720802,4,95.0,0.5398675226049211,18,432.0
2040.0,17,354.0,7.224489795918367,6.666921784169652,12,361.0,0.34352986049662626,5,81.0,0.5965647028955544,17,442.0
2045.0,14,301.0,6.404255319148936,6.160551636113295,7,314.0,0.4073284361326671,7,107.0,0.38763749567858974,14,421.0
2050.0,18,178.0,3.4901960784313726,5.136514839764906,7,185.0,0.271743140946456,11,152.0,0.29189280046066346,18,337.0
2055.0,22,199.0,3.826923076923077,5.33115259964384,12,193.0,0.28461423987587564,10,159.0,0.2748513764791649,22,352.0
2060.0,18,215.0,4.3,5.720739571880793,12,205.0,0.24617827964609676,6,134.0,0.4216535127849263,18,339.0
2065.0,11,193.0,4.1063829787234045,6.356374849918562,6,164.0,0.24020308005956384,5,115.0,0.4006922850376873,11,279.0
2070.0,15,246.0,5.23404255319149,5.934908022512655,5,188.0,0.34780047543847314,10,154.0,0.2388672715178956,15,342.0
2075.0,22,305.0,6.777777777777778,5.205430773650473,14,234.0,0.28406510974947236,8,173.0,0.20481329284032282,22,407.0
2080.0,21,385.0,8.953488372093023,4.573914559593731,10,266.0,0.3037870751636058,11,217.0,0.19611781287623317,21,483.0
2085.0,14,364.0,8.088888888888889,5.339829650562872,6,242.0,0.29521553786767835,8,225.0,0.2633740122861629,14,467.0
2090.0,12,275.0,5.851063829787234,6.7940415885061185,8,225.0,0.3057269458083061,4,183.0,0.41255347638288675,12,408.0
2095.0,17,174.0,3.702127659574468,6.626438334508073,11,178.0,0.27212335089179945,6,115.0,0.3809023124824606,17,293.0
2100.0,19,231.0,4.914893617021277,6.041190688044872,11,196.0,0.27149306005778356,8,113.0,0.46313760221704614,19,309.0
2105.0,15,215.0,4.574468085106383,6.17397328056651,9,187.0,0.4015327521228015,6,100.0,0.30150621485577533,15,287.0
2110.0,17,164.0,3.6444444444444444,6.015002933005116,8,132.0,0.3935002606615793,9,117.0,0.26088011550037726,17,249.0
2115.0,17,227.0,4.934782608695652,6.441632834105534,9,140.0,0.3550037016889909,8,149.0,0.3215461078779455,17,289.0
2120.0,19,244.0,5.304347826086956,6.039387911434785,10,133.0,0.2608286416191033,9,184.0,0.3807316129804406,19,317.0
2125.0,19,232.0,5.155555555555556,5.885259744050398,13,172.0,0.2640549831934885,6,143.0,0.4453790834811087,19,315.0
2130.0,15,189.0,3.857142857142857,5.797670458939743,9,179.0,0.30070523096479257,6,84.0,0.36367881582119643,15,263.0
2135.0,9,122.0,2.772727272727273,7.185924369921418,4,141.0,0.4105904327151314,5,77.0,0.3946279512332484,9,218.0
2140.0,12,92.0,2.090909090909091,6.950322583913476,6,102.0,0.34199667759881847,6,84.0,0.3693390262612944,12,186.0
2145.0,16,129.0,3.1463414634146343,6.171800047399723,10,102.0,0.29172846332794466,6,98.0,0.41911979649423153,16,200.0
2150.0,16,183.0,4.6923076923076925,5.054678770974887,8,125.0,0.2713841574995153,8,121.0,0.3542904848252392,16,246.0
2155.0,15,210.0,5.121951219512195,5.533948741634388,7,123.0,0.3716974417827145,8,131.0,0.28822400209587695,15,254.0
2160.0,13,192.0,4.173913043478261,6.586900328067842,6,120.0,0.4149794430825246,7,112.0,0.3571720245058883,13,232.0
2165.0,12,165.0,3.36734693877551,7.4820296064293075,7,125.0,0.43980970909566136,5,89.0,0.456668266554791,12,214.0
2170.0,13,125.0,2.5510204081632653,7.963734836301695,8,114.0,0.34018603542589115,5,73.0,0.6257043072988677,13,187.0
2175.0,17,202.0,3.8846153846153846,7.810540465505602,10,121.0,0.39463713323505517,7,104.0,0.557921399883609,17,225.0
2180.0,14,173.0,3.46,6.111826079966709,8,126.0,0.27577133427522516,6,103.0,0.49297292060953524,14,229.0
2185.0,18,221.0,4.333333333333333,6.486799430604881,8,100.0,0.39816294761169274,10,141.0,0.39738185203491994,18,241.0
2190.0,20,213.0,4.26,4.9476475679476195,7,99.0,0.3998146646902655,13,174.0,0.1289088064897897,20,273.0
2195.0,20,279.0,5.264150943396227,5.893654179501267,7,117.0,0.48084590111720554,13,211.0,0.20772747127858526,20,328.0
2200.0,17,185.0,3.627450980392157,4.780585488124708,7,99.0,0.32866617470776804,10,198.0,0.3443922095188337,17,297.0
2205.0,23,214.0,4.115384615384615,5.0706062962556055,13,124.0,0.23145294647225934,10,157.0,0.39792362744449106,23,281.0
2210.0,22,239.0,4.345454545454546,5.011759399289015,14,177.0,0.2126900358114622,8,162.0,0.28851507640793417,22,339.0
2215.0,23,303.0,5.509090909090909,5.480657165749284,11,220.0,0.29173965534367285,12,167.0,0.2435351262005152,23,387.0
2220.0,26,284.0,5.461538461538462,4.473701862489073,11,220.0,0.3146730940700237,15,209.0,0.19267123716489842,26,429.0
2225.0,20,238.0,4.666666666666667,5.103273751346919,7,174.0,0.34480703204219554,13,232.0,0.16134390292738818,20,406.0
2230.0,19,254.0,5.08,4.780541753522042,7,181.0,0.39429481848431186,12,232.0,0.11064344298847795,19,413.0
2235.0,21,290.0,5.471698113207547,5.81226946764504,11,200.0,0.2449187385333427,10,215.0,0.3226322982318103,21,415.0
2240.0,17,167.0,3.150943396226415,5.743848482471932,10,189.0,0.22921643974587264,7,187.0,0.41041160151432804,17,376.0
2245.0,19,228.0,4.222222222222222,6.334075450368319,9,173.0,0.31143058393165135,10,197.0,0.41856137571389124,19,370.0
2250.0,18,231.0,4.125,6.1091388006450495,6,156.0,0.3291043646983087,12,213.0,0.4469194709452348,18,369.0
2255.0,16,244.0,4.357142857142857,6.0631368499941845,6,94.0,0.3659426825036367,10,243.0,0.33062991660255797,16,337.0
2260.0,18,220.0,4.0,5.267624715130077,7,109.0,0.29482567285462924,11,242.0,0.18289197467464782,18,351.0
2265.0,24,301.0,5.472727272727273,5.420170753116219,10,135.0,0.386470885910602,14,263.0,0.18932075100848222,24,398.0
2270.0,24,367.0,6.672727272727273,5.064758308696843,9,154.0,0.3821713382165107,15,321.0,0.24197768397953068,24,475.0
2275.0,21,412.0,7.62962962962963,5.9920308072813455,9,169.0,0.37249795036949973,12,350.0,0.35847702748245325,21,519.0
2280.0,21,481.0,8.293103448275861,5.03661184283186,11,213.0,0.25322915283381536,10,386.0,0.30240183386993574,21,599.0
2285.0,27,592.0,9.704918032786885,5.734671134691633,12,258.0,0.30265933620013585,15,442.0,0.33219731204994496,27,700.0
2290.0,27,590.0,9.672131147540984,4.914089314897641,11,250.0,0.2304983851175503,16,495.0,0.28673225277070824,27,745.0
2295.0,18,584.0,9.733333333333333,5.752545377291484,6,187.0,0.21584853908628127,12,520.0,0.2944829094029375,18,707.0
2300.0,20,474.0,8.464285714285714,5.200910493182521,8,110.0,0.12815009000505465,12,537.0,0.26218853653694335,20,647.0
2305.0,21,504.0,8.542372881355933,6.354332797254808,8,114.0,0.3484742222642915,13,533.0,0.2912693891858407,21,647.0
2310.0,23,423.0,7.421052631578948,5.597242942189464,6,106.0,0.5133122005910612,17,515.0,0.2727016471556232,23,621.0
2315.0,17,205.0,3.5344827586206895,6.877906672822577,3,70.0,0.6610581975148658,14,405.0,0.2874006323276977,17,475.0
2320.0,19,222.0,3.7,6.368895953641042,5,76.0,0.6807646232364781,14,439.0,0.13573798277319876,19,515.0
2325.0,21,268.0,4.32258064516129,6.024243526579576,7,106.0,0.4727566060111367,14,437.0,0.2095754173714313,21,543.0
2330.0,20,179.0,3.086206896551724,5.326779823818152,10,84.0,0.3045591475194161,10,434.0,0.3202351090247822,20,518.0
2335.0,23,239.0,4.192982456140351,5.357365907563725,11,103.0,0.21960158003143357,12,416.0,0.3370266228401932,23,519.0
2340.0,24,271.0,4.442622950819672,5.4632010475556685,10,122.0,0.25616128432735913,14,399.0,0.3427870964060081,24,521.0
2345.0,26,332.0,5.824561403508772,5.532446141870915,12,134.0,0.3929639383107071,14,300.0,0.18947275378431347,26,434.0
2350.0,24,370.0,6.7272727272727275,4.909311146791716,10,160.0,0.40889624378295825,14,332.0,0.1453900753524529,24,492.0
2355.0,19,399.0,6.879310344827586,6.212794393446416,8,166.0,0.4120024915468189,11,333.0,0.26648406514288503,19,499.0
2360.0,16,300.0,5.454545454545454,6.461925247650757,6,157.0,0.38153475747467197,10,274.0,0.29237394614800294,16,431.0
2365.0,17,236.0,4.068965517241379,6.7957886774408545,11,182.0,0.3943345961863717,6,205.0,0.36607206499621925,17,387.0
2370.0,18,267.0,4.238095238095238,6.5029291835505285,11,231.0,0.41487601563257964,7,179.0,0.4116119834956866,18,410.0
2375.0,23,365.0,5.703125,7.20056054819136,12,274.0,0.4812479729315994,11,213.0,0.49268682955557896,23,487.0
2380.0,25,377.0,5.984126984126984,5.631570769122052,13,285.0,0.3534409129546485,12,217.0,0.437225862599977,25,502.0
2385.0,26,457.0,7.616666666666666,4.165446241060185,14,285.0,0.22244511153640656,12,215.0,0.29234788897506453,26,500.0
2390.0,28,464.0,7.733333333333333,3.487239828743426,16,337.0,0.22983372592617904,12,226.0,0.12066208040671578,28,563.0
2395.0,29,553.0,9.216666666666667,4.646655927939864,16,380.0,0.175785382943501,13,225.0,0.16541262870555817,29,605.0
2400.0,29,397.0,6.616666666666666,4.427463882479892,17,360.0,0.16795524344738696,12,196.0,0.211304525883402,29,556.0
2405.0,27,355.0,5.916666666666667,5.612183545084318,16,297.0,0.20706444518975578,11,193.0,0.40050325359528527,27,490.0
2410.0,24,383.0,6.839285714285714,5.161914417120433,15,347.0,0.2114767569599632,9,187.0,0.4295497293603012,24,534.0
2415.0,23,406.0,7.12280701754386,5.750227276380554,11,369.0,0.22954021387436735,12,203.0,0.36549245588937135,23,572.0
2420.0,22,333.0,5.946428571428571,4.826173536408281,10,378.0,0.283006831644193,12,204.0,0.20288170426010413,22,582.0
2425.0,27,278.0,4.87719298245614,4.492991992048645,9,353.0,0.2546358019114016,18,218.0,0.18374345723151506,27,571.0
2430.0,28,284.0,4.896551724137931,4.203718462972907,13,372.0,0.27302090035494236,15,238.0,0.2659149818725604,28,610.0
2435.0,18,243.0,4.11864406779661,5.215571426142554,10,372.0,0.2880310105955443,8,200.0,0.295795020049109,18,572.0
2440.0,19,271.0,4.370967741935484,5.483746555575543,9,372.0,0.33851505222422923,10,224.0,0.25001810662376905,19,596.0
2445.0,25,333.0,5.285714285714286,5.31895343028063,12,332.0,0.2957223352158637,13,248.0,0.17236557510384848,25,580.0
2450.0,26,357.0,5.852459016393443,5.212824672184178,13,319.0,0.3328992302944747,13,273.0,0.25705450154676723,26,592.0
2455.0,21,381.0,6.568965517241379,5.684358844950434,13,265.0,0.23534429571369195,8,243.0,0.4026830384483186,21,508.0
2460.0,20,282.0,4.862068965517241,4.877784090226893,14,283.0,0.10908288817648809,6,178.0,0.406862221187187,20,461.0
2465.0,18,242.0,3.903225806451613,6.004996360729206,9,262.0,0.3174068413713906,9,114.0,0.30890563486500683,18,376.0
2470.0,20,158.0,2.7241379310344827,5.06489964505697,8,205.0,0.38482401836130165,12,139.0,0.15166610534491431,20,344.0
2475.0,18,174.0,2.806451612903226,6.9518042775028315,9,176.0,0.45681127102945945,9,150.0,0.2883075450187646,18,326.0
2480.0,18,197.0,3.3389830508474576,6.091367618762421,10,177.0,0.212965767520416,8,156.0,0.41889817583506267,18,333.0
2485.0,17,252.0,4.421052631578948,6.9453645317953585,8,144.0,0.30860668408201924,9,184.0,0.40464894764467507,17,328.0
2490.0,19,248.0,4.428571428571429,5.2723290605220186,8,158.0,0.2492188529068505,11,170.0,0.20096613212093037,19,328.0
2495.0,24,344.0,6.142857142857143,6.252703839291574,10,186.0,0.3144630927231398,14,218.0,0.3445563693486584,24,404.0
2500.0,23,339.0,6.053571428571429,5.7406188869580745,10,177.0,0.3879611263203228,13,243.0,0.358887905708088,23,420.0
2505.0,20,369.0,6.709090909090909,6.131900752597731,11,232.0,0.31892748520246833,9,219.0,0.40670424780858305,20,451.0
2510.0,17,345.0,6.388888888888889,5.1028781289866805,10,240.0,0.22157905381978232,7,209.0,0.31218504622079324,17,449.0
2515.0,19,345.0,5.8474576271186445,6.020442267700583,5,205.0,0.39749439881323057,14,242.0,0.15492126313124766,19,447.0
2520.0,21,149.0,2.811320754716981,5.533331160850016,5,126.0,0.42644893875649453,16,190.0,0.10180896341917078,21,316.0
2525.0,25,243.0,4.584905660377358,5.32783403001086,8,98.0,0.3993323561241223,17,244.0,0.11832023801740939,25,342.0
2530.0,23,259.0,4.796296296296297,4.814963124710662,9,96.0,0.323840418318123,14,265.0,0.20146810828530265,23,361.0
2535.0,14,189.0,3.6346153846153846,6.3437012128370505,7,85.0,0.4077626179082067,7,225.0,0.23777470918176202,14,310.0
2540.0,12,131.0,2.4716981132075473,5.935677953094336,7,107.0,0.20905076287502994,5,158.0,0.3011295850591289,12,265.0
2545.0,20,204.0,3.709090909090909,6.225102013340743,11,140.0,0.24180734913259544,9,170.0,0.3338661717310923,20,310.0
2550.0,17,186.0,3.509433962264151,5.917988081524685,10,134.0,0.34741672557342257,7,170.0,0.40458591493053886,17,304.0
2555.0,13,213.0,4.176470588235294,7.0255029934781685,9,136.0,0.3967489188442805,4,125.0,0.5278113593041364,13,261.0
2560.0,14,125.0,2.358490566037736,6.605899726565132,9,145.0,0.3807308738462224,5,80.0,0.45382846109121516,14,225.0
2565.0,19,199.0,3.4310344827586206,6.659291230342381,10,180.0,0.3999632013235269,9,73.0,0.3553733847298284,19,253.0
2570.0,22,183.0,3.388888888888889,5.784116056775802,9,163.0,0.4253898574869587,13,103.0,0.2877806772613567,22,266.0
2575.0,15,158.0,2.981132075471698,6.31323297613802,9,134.0,0.2917800012388034,6,107.0,0.4223206323043068,15,241.0
2580.0,15,156.0,2.943396226415094,5.215011392610843,10,173.0,0.17528691601214957,5,81.0,0.28170335152707404,15,254.0
2585.0,24,252.0,4.5,5.625067252096914,13,218.0,0.2825590475910779,11,116.0,0.22655077958540035,24,334.0
2590.0,25,267.0,4.8545454545454545,5.3403258231505895,12,243.0,0.395721512132001,13,145.0,0.21022084889298234,25,388.0
2595.0,17,258.0,4.961538461538462,6.085293698956324,11,227.0,0.4251238763305326,6,137.0,0.3194631901619334,17,364.0
2600.0,17,200.0,3.9215686274509802,4.566976630279074,11,232.0,0.23518238149466322,6,120.0,0.34885260154292347,17,352.0
2605.0,21,263.0,5.26,5.324644407530209,11,212.0,0.18904576323307118,10,137.0,0.3684435088567614,21,349.0
2610.0,20,228.0,4.384615384615385,3.779160919663993,11,207.0,0.13794246045663075,9,148.0,0.17805491661026074,20,355.0
2615.0,21,235.0,4.2727272727272725,5.699056566017356,14,192.0,0.27732116537882,7,119.0,0.2937790024255841,21,311.0
2620.0,22,237.0,4.388888888888889,5.6663289559338885,12,217.0,0.31127273173235,10,129.0,0.32538775502207185,22,346.0
2625.0,25,338.0,6.1454545454545455,6.3538123169255405,14,233.0,0.32740430314407687,11,190.0,0.4607830248911394,25,423.0
2630.0,19,277.0,5.431372549019608,5.181002748211076,11,249.0,0.24904476981708112,8,160.0,0.4298677497864926,19,409.0
2635.0,25,340.0,6.415094339622642,5.058225723539093,13,251.0,0.22034681281670448,12,155.0,0.3918035707112735,25,406.0
2640.0,26,286.0,4.766666666666667,5.044512917464924,12,249.0,0.2261327490495271,14,164.0,0.3798572551787845,26,413.0
2645.0,23,293.0,4.725806451612903,6.063157204368731,9,184.0,0.36161694146737,14,214.0,0.3357033021110146,23,398.0
2650.0,19,224.0,3.6721311475409837,5.89627004416996,6,167.0,0.3995400610651508,13,219.0,0.2778968976151146,19,386.0
2655.0,20,188.0,3.032258064516129,5.93848668208629,12,182.0,0.30165473697952394,8,169.0,0.29869344076885684,20,351.0
2660.0,20,245.0,4.224137931034483,5.441664459832648,13,203.0,0.21690609145070847,7,159.0,0.38659465777473556,20,362.0
2665.0,22,307.0,5.203389830508475,6.280259070226421,10,228.0,0.43870426294910736,12,193.0,0.2896074136803488,22,421.0
2670.0,20,263.0,4.383333333333334,5.733674744036543,8,223.0,0.4703020018608123,12,202.0,0.17483520202688435,20,425.0
2675.0,26,325.0,5.241935483870968,6.315319338303644,10,218.0,0.4535592964042462,16,236.0,0.23462045588858918,26,454.0
2680.0,26,372.0,6.098360655737705,4.982895311962303,13,243.0,0.30298395704338504,13,235.0,0.3016077655101081,26,478.0
2685.0,24,360.0,5.714285714285714,5.050331995391302,16,283.0,0.14647740238669166,8,180.0,0.44034535720395046,24,463.0
2690.0,21,359.0,5.983333333333333,5.637556228064578,15,321.0,0.1729065405981037,6,142.0,0.44160408623305575,21,463.0
2695.0,21,402.0,7.052631578947368,5.378007222232365,10,355.0,0.27659009653440925,11,153.0,0.20192697880893298,21,508.0
2700.0,26,485.0,8.220338983050848,5.564504757976815,12,387.0,0.3711184440757131,14,173.0,0.22111306163798952,26,560.0
2705.0,18,407.0,7.140350877192983,6.522804771252321,9,361.0,0.39793425510604,9,165.0,0.35193698353169084,18,526.0
2710.0,18,339.0,5.65,6.586806484505953,8,298.0,0.39821202431427155,10,142.0,0.4153911318411743,18,440.0
2715.0,20,182.0,3.0847457627118646,5.9239935514431865,9,155.0,0.26911265541415863,11,149.0,0.4474624138978461,20,304.0
2720.0,24,211.0,3.5166666666666666,5.60572238975867,11,107.0,0.376429133667726,13,177.0,0.33995762096293797,24,284.0
2725.0,26,278.0,4.793103448275862,5.222424394406153,10,116.0,0.33281355722707495,16,233.0,0.2971189227338503,26,349.0
2730.0,26,307.0,5.293103448275862,4.088571557938236,8,135.0,0.3157960053306621,18,266.0,0.12861194235726606,26,401.0
2735.0,20,236.0,4.068965517241379,4.88285255816486,7,121.0,0.2474823205907614,13,262.0,0.2056379744088153,20,383.0
2740.0,19,209.0,3.732142857142857,5.4240141423778985,9,122.0,0.22989543894062256,10,248.0,0.30187680894717656,19,370.0
2745.0,22,205.0,3.6607142857142856,5.640538968240422,9,119.0,0.3852726345718027,13,239.0,0.28017533969053343,22,358.0
2750.0,26,247.0,4.333333333333333,4.856067510866668,9,123.0,0.4047758923973907,17,275.0,0.2360039621816679,26,398.0
2755.0,28,314.0,5.064516129032258,4.954582437958789,7,125.0,0.42022002115113555,21,346.0,0.2707832452640716,28,471.0
2760.0,25,328.0,4.96969696969697,5.443706864342512,6,89.0,0.43379939534274486,19,381.0,0.2699445405395773,25,470.0
2765.0,20,269.0,3.9558823529411766,5.547244421720422,6,102.0,0.44033626045893975,14,348.0,0.21036720660087255,20,450.0
2770.0,23,303.0,4.328571428571428,6.2662762341995,13,131.0,0.37442646725460754,10,329.0,0.352763501486143,23,460.0
2775.0,25,199.0,2.763888888888889,5.2120019009778735,15,150.0,0.28096350244852814,10,285.0,0.3462659007159786,25,435.0
2780.0,30,288.0,4.114285714285714,4.8466139649784745,15,193.0,0.35381651689112137,15,260.0,0.24296651647591258,30,453.0
2785.0,33,347.0,4.957142857142857,4.344884621457424,14,215.0,0.30771843973885105,19,302.0,0.21012022356791216,33,517.0
2790.0,26,334.0,4.575342465753424,5.1007410278691445,11,202.0,0.27811338048718076,15,300.0,0.1993319695226899,26,502.0
2795.0,27,425.0,5.821917808219178,5.265795055489414,13,239.0,0.21525066686225683,14,316.0,0.25037468465811885,27,555.0
2800.0,26,450.0,6.0,6.032881921068876,15,295.0,0.2691855136743009,11,298.0,0.3183425845939151,26,593.0
2805.0,28,482.0,6.694444444444445,5.423375873881723,15,334.0,0.34025858944943804,13,275.0,0.3308957880479635,28,609.0
2810.0,32,459.0,6.464788732394366,5.453333350487759,17,373.0,0.3429560962360061,15,251.0,0.3478253798612213,32,624.0
2815.0,33,384.0,5.1891891891891895,4.746868379030228,16,360.0,0.3281727507284895,17,238.0,0.3019864513608446,33,598.0
2820.0,39,471.0,6.116883116883117,4.567923171930696,21,344.0,0.28093085883656804,18,286.0,0.288381729731696,39,630.0
2825.0,34,505.0,6.824324324324325,4.104993943118499,20,411.0,0.17483316099865523,14,299.0,0.3055325436636556,34,710.0
2830.0,36,633.0,8.115384615384615,3.900146764384649,22,470.0,0.12320677524007885,14,341.0,0.2426771950044551,36,811.0
2835.0,39,650.0,8.125,3.937666861345092,22,485.0,0.12921966136938187,17,403.0,0.23852592046088095,39,888.0
2840.0,34,392.0,4.9,4.123181001246168,14,400.0,0.25405877741779126,20,408.0,0.181071349430938,34,808.0
2845.0,37,502.0,6.3544303797468356,4.274576358173163,11,437.0,0.31181360807371833,26,424.0,0.13690659806284092,37,861.0
2850.0,41,619.0,8.03896103896104,4.026759483368732,15,483.0,0.244402087533276,26,496.0,0.15347898361690687,41,979.0
2855.0,36,615.0,8.2,3.827907605916164,17,488.0,0.13455130502542872,19,489.0,0.17799065726305993,36,977.0
2860.0,28,643.0,8.808219178082192,4.689019897333255,14,435.0,0.12244542955486355,14,483.0,0.27294307432741644,28,918.0
2865.0,24,385.0,5.5,5.098647625100456,10,350.0,0.19488022672461489,14,452.0,0.24325099697642225,24,802.0
2870.0,30,449.0,6.323943661971831,4.946774623202186,11,281.0,0.28634889638541006,19,433.0,0.2368599138733662,30,714.0
2875.0,33,378.0,5.323943661971831,4.851654441593007,12,259.0,0.3597335915545032,21,465.0,0.23682569565461525,33,724.0
2880.0,33,388.0,5.388888888888889,5.433789154951123,14,275.0,0.4114930997767551,19,492.0,0.26545653332413255,33,767.0
2885.0,33,387.0,5.22972972972973,4.60936854004007,13,282.0,0.33789288276873436,20,516.0,0.23543428650892229,33,798.0
2890.0,25,267.0,3.869565217391304,3.738574923336152,10,240.0,0.19016906339103806,15,457.0,0.15443548444969707,25,697.0
2895.0,25,279.0,4.164179104477612,4.596440914991232,11,228.0,0.20777065415639115,14,411.0,0.23335599423368145,25,639.0
2900.0,27,304.0,4.405797101449275,4.606824350029956,13,231.0,0.2103493956358226,14,459.0,0.19925244614143287,27,690.0
2905.0,35,407.0,6.074626865671642,4.375038992862718,15,262.0,0.3029365299571232,20,523.0,0.12663382517541216,35,785.0
2910.0,35,510.0,8.095238095238095,4.12575066383095,16,282.0,0.3425609006559544,19,577.0,0.14052227675846296,35,859.0
2915.0,30,527.0,8.639344262295081,3.586511413494393,18,308.0,0.16049382920992644,12,573.0,0.2169794072153696,30,881.0
2920.0,24,472.0,7.612903225806452,4.146657590765147,14,290.0,0.1517236083844219,10,538.0,0.1951727190836745,24,828.0
2925.0,23,363.0,5.854838709677419,4.331360999256241,12,292.0,0.17103199114918785,11,460.0,0.22698906299730354,23,752.0
2930.0,33,369.0,6.049180327868853,4.190764258531125,19,354.0,0.16066852307089036,14,460.0,0.214611507101766,33,814.0
2935.0,33,406.0,6.766666666666667,3.7081304175062426,16,395.0,0.16490513301647314,17,415.0,0.23426952987047692,33,810.0
2940.0,29,442.0,7.366666666666666,4.399729182430578,12,401.0,0.22646108013705152,17,434.0,0.24972078629865138,29,835.0
2945.0,19,312.0,5.571428571428571,4.633863350124648,10,355.0,0.18249707947468163,9,404.0,0.2394540774943242,19,759.0
2950.0,20,216.0,3.789473684210526,4.913498237321523,12,317.0,0.13223894208826034,8,322.0,0.3077274544525388,20,639.0
2955.0,22,251.0,4.4035087719298245,4.839923195066317,12,342.0,0.23134521681789388,10,289.0,0.30445063812412976,22,631.0
2960.0,20,283.0,5.053571428571429,5.844951718958916,8,339.0,0.3809265864292436,12,247.0,0.28711993866928825,20,586.0
2965.0,23,260.0,4.482758620689655,5.5047260465846986,9,321.0,0.39310085164987585,14,279.0,0.21945760101739278,23,600.0
2970.0,28,249.0,4.081967213114754,4.875740176957777,12,329.0,0.3652129363876802,16,301.0,0.21270836394363937,28,630.0
2975.0,21,214.0,3.689655172413793,5.27178077143488,12,321.0,0.3408158440757804,9,252.0,0.3351682139729793,21,573.0
2980.0,24,260.0,4.406779661016949,5.001139683212786,15,281.0,0.20822006789333566,9,224.0,0.39575291201953605,24,505.0
2985.0,27,295.0,4.758064516129032,4.942723546127478,14,305.0,0.24849959666989416,13,243.0,0.34807437686456916,27,548.0
2990.0,26,290.0,4.67741935483871,4.675933608444519,9,284.0,0.30671871834583775,17,289.0,0.24694733731999288,26,573.0
2995.0,26,293.0,4.650793650793651,4.298520753641428,6,252.0,0.3810054944189375,20,334.0,0.1163577527577739,26,586.0
3000.0,33,331.0,5.253968253968254,3.8241442496971256,13,282.0,0.2536379812806378,20,367.0,0.1772715431890322,33,649.0
3005.0,35,444.0,6.626865671641791,4.3130174408154645,16,319.0,0.2924843998692795,19,404.0,0.25696485757068865,35,723.0
3010.0,30,440.0,6.470588235294118,4.633679732749368,11,314.0,0.32693674138715767,19,409.0,0.23009085574917612,30,723.0
3015.0,19,342.0,5.104477611940299,5.304816420264775,8,312.0,0.29992723382599856,11,341.0,0.23832035884239552,19,653.0
3020.0,18,268.0,3.7746478873239435,5.5993608236565375,7,244.0,0.22208986797997607,11,354.0,0.2779882087866231,18,598.0
3025.0,27,299.0,4.271428571428571,5.606004027535099,12,184.0,0.2108140494092418,15,373.0,0.24695279305145376,27,557.0
3030.0,29,384.0,6.0,4.986246937147801,13,229.0,0.2939868448885839,16,386.0,0.28811109191738166,29,615.0
3035.0,18,389.0,6.593220338983051,5.316053892626826,6,220.0,0.4022204510078985,12,325.0,0.2225892696713199,18,545.0
3040.0,19,269.0,4.559322033898305,4.716636280612101,6,167.0,0.305664750963907,13,317.0,0.1513772675696948,19,484.0
3045.0,29,318.0,5.129032258064516,4.830369144893227,10,134.0,0.2621945723953553,19,306.0,0.2000872535064174,29,440.0
3050.0,29,396.0,6.491803278688525,4.8578739921807195,9,168.0,0.36106162391905355,20,360.0,0.25617792236568193,29,528.0
3055.0,22,432.0,7.714285714285714,5.162321466400664,5,158.0,0.46923403855530604,17,394.0,0.21569514899009395,22,552.0
3060.0,24,372.0,6.413793103448276,4.235768664316384,5,97.0,0.43216933836574023,19,429.0,0.06445714159624832,24,526.0
3065.0,24,367.0,6.016393442622951,4.989263711652239,12,115.0,0.3159192660568083,12,411.0,0.16800381844586015,24,526.0
3070.0,24,288.0,4.721311475409836,4.986384672097288,13,156.0,0.2305019280627265,11,360.0,0.2617405526704025,24,516.0
3075.0,25,277.0,4.328125,5.416668406715845,13,214.0,0.2391333563246931,12,297.0,0.3275916679328735,25,511.0
3080.0,24,300.0,4.838709677419355,5.044084629953216,13,233.0,0.26965216139790665,11,309.0,0.31622425881018806,24,542.0
3085.0,18,261.0,4.35,5.902112361841544,8,198.0,0.3731550076885042,10,276.0,0.2763997138142804,18,474.0
3090.0,16,229.0,4.017543859649122,5.708839426665529,7,131.0,0.20588669921916092,9,255.0,0.30907937939097535,16,386.0
3095.0,22,303.0,5.135593220338983,5.925096710136893,10,143.0,0.19739704907630287,12,264.0,0.33839677765343096,22,407.0
3100.0,24,324.0,6.230769230769231,5.259264213503174,10,165.0,0.2692801180010149,14,284.0,0.35447552475153354,24,449.0
3105.0,24,419.0,8.551020408163266,4.319827173126883,11,212.0,0.24770028220169296,13,336.0,0.2609804947870258,24,548.0
3110.0,29,351.0,7.02,3.2338338884331987,11,216.0,0.21255911807597458,18,311.0,0.14265756341658276,29,527.0
3115.0,23,357.0,7.14,4.890252826916784,6,186.0,0.4119931959594276,17,288.0,0.118525749207316,23,474.0
3120.0,21,287.0,5.74,5.174421382317303,5,168.0,0.44549037369881905,16,313.0,0.20893623054452415,21,481.0
3125.0,18,219.0,4.132075471698113,5.737101560936268,7,112.0,0.338808668631555,11,260.0,0.3298602506952545,18,372.0
3130.0,17,154.0,2.9615384615384617,5.009905262922429,9,126.0,0.13270189339564423,8,244.0,0.37128684294590336,17,370.0
3135.0,23,255.0,4.722222222222222,6.534024233178832,11,151.0,0.321783080117864,12,257.0,0.44235190216060666,23,408.0
3140.0,18,254.0,4.703703703703703,5.393912948244126,7,148.0,0.3842681524448756,11,284.0,0.2971993646221091,18,432.0
3145.0,18,228.0,4.071428571428571,5.948518565409363,3,98.0,0.5079607675975916,15,302.0,0.268803713567156,18,400.0
3150.0,19,163.0,2.963636363636364,4.717794644848146,1,65.0,0.47244746752219247,18,298.0,0.1429317091981152,19,363.0
3155.0,27,262.0,4.295081967213115,6.2156050239950815,7,73.0,0.517203752438661,20,336.0,0.2647356206134058,27,409.0
3160.0,23,258.0,4.3,5.397956917388532,6,69.0,0.4099698721274014,17,352.0,0.2560465586600197,23,421.0
3165.0,18,232.0,4.0,5.971535424081051,4,44.0,0.42806203120399644,14,299.0,0.24624578380489495,18,343.0
3170.0,24,217.0,3.6166666666666667,4.901461977329404,7,51.0,0.3008233632853113,17,328.0,0.11920488468478217,24,379.0
3175.0,27,270.0,4.285714285714286,6.312503659899828,12,103.0,0.3725768229027837,15,316.0,0.18647562622851946,27,419.0
3180.0,25,333.0,5.741379310344827,5.495200097539261,9,137.0,0.43359039552289025,16,365.0,0.19057079634199867,25,502.0
3185.0,22,388.0,6.689655172413793,5.031507670798114,7,139.0,0.35572868581711414,15,411.0,0.23762755195281615,22,550.0
3190.0,25,356.0,5.933333333333334,4.669173411308805,9,133.0,0.2855463713069789,16,433.0,0.229547376681491,25,566.0
3195.0,28,391.0,6.741379310344827,5.044219817765221,13,165.0,0.27628427695375474,15,421.0,0.3293424371838216,28,586.0
3200.0,25,315.0,5.526315789473684,4.292828046655589,11,178.0,0.2739828550917865,14,400.0,0.2512928153313453,25,578.0
3205.0,27,335.0,6.090909090909091,4.589704376044134,12,176.0,0.24450642273593515,15,322.0,0.24530970384059178,27,498.0
3210.0,25,344.0,5.830508474576271,4.87719773162619,11,185.0,0.18685721365112104,14,354.0,0.29774121387104263,25,539.0
3215.0,16,319.0,5.145161290322581,6.819974332162209,5,153.0,0.4233380433210547,11,366.0,0.37878142490596545,16,519.0
3220.0,23,307.0,5.032786885245901,5.776240671661354,7,144.0,0.46068504494554313,16,384.0,0.23463932967053489,23,528.0
3225.0,30,367.0,5.825396825396825,5.225517512995,10,122.0,0.45275611552982875,20,411.0,0.1861505203535088,30,533.0
3230.0,29,416.0,6.5,4.496919496184323,12,135.0,0.4162436282725056,17,456.0,0.21324273402673288,29,591.0
3235.0,24,431.0,6.951612903225806,5.336980981507196,10,124.0,0.33655591430066184,14,449.0,0.3095877045465719,24,573.0
3240.0,24,448.0,7.593220338983051,5.36954686048333,11,135.0,0.35037722133913857,13,469.0,0.21478922264381606,24,604.0
3245.0,25,486.0,7.363636363636363,5.16404233759339,11,136.0,0.2558151968982484,14,484.0,0.2318622227668237,25,620.0
3250.0,26,502.0,8.229508196721312,5.046820208635758,10,145.0,0.3770386749774638,16,523.0,0.27802494592554816,26,668.0
3255.0,26,586.0,9.451612903225806,6.1503284269646645,12,152.0,0.3899044615791596,14,567.0,0.44888608043544603,26,719.0
3260.0,26,633.0,10.37704918032787,4.278107972348431,13,198.0,0.278772393763469,13,583.0,0.3301232215236451,26,781.0
3265.0,29,704.0,11.540983606557377,4.20638451440246,15,241.0,0.23386632680928204,14,563.0,0.3201549907853077,29,804.0
3270.0,27,434.0,6.888888888888889,3.7348628062258205,14,265.0,0.22164002535765318,13,425.0,0.25102358757942145,27,690.0
3275.0,24,319.0,5.063492063492063,4.730518679117347,10,238.0,0.31975506512981655,14,210.0,0.21067623095821805,24,448.0
3280.0,26,325.0,5.158730158730159,4.752890731154532,10,224.0,0.44335777289609196,16,264.0,0.10637918274863221,26,488.0
3285.0,21,357.0,5.758064516129032,5.123965563133053,9,181.0,0.37745984296971835,12,299.0,0.2064286607849183,21,480.0
3290.0,26,449.0,7.241935483870968,4.425980978138034,15,240.0,0.24885637526165,11,324.0,0.26298690707612254,26,564.0
3295.0,31,476.0,8.067796610169491,4.066624933428408,16,263.0,0.22569198659649506,15,361.0,0.274356413688924,31,624.0
3300.0,35,554.0,9.081967213114755,3.9320347014266774,19,290.0,0.1866051922005047,16,400.0,0.27477274266115653,35,690.0
3305.0,34,596.0,9.46031746031746,3.8065488231212745,19,376.0,0.15878702072422599,15,397.0,0.30131884316863317,34,773.0
3310.0,34,682.0,10.825396825396826,3.8917843149083717,19,452.0,0.19030986183246051,15,436.0,0.2957375807075783,34,888.0
3315.0,27,612.0,9.415384615384616,4.062358864457896,17,470.0,0.1496669304157826,10,412.0,0.30489891594730956,27,882.0
3320.0,24,521.0,7.661764705882353,4.949570562050648,12,395.0,0.11433251299325103,12,410.0,0.35419818279507476,24,805.0
3325.0,17,250.0,3.6231884057971016,5.543439010166097,8,359.0,0.14934172567489487,9,296.0,0.37627773638027917,17,655.0
3330.0,23,198.0,2.869565217391304,5.994789879254354,11,289.0,0.2276582963078143,12,224.0,0.38097923520518734,23,513.0
3335.0,26,255.0,3.6956521739130435,5.874868648046704,13,276.0,0.33700256592473377,13,265.0,0.3466530748581805,26,541.0
3340.0,20,282.0,4.862068965517241,5.653585742761946,7,204.0,0.4244228903452559,13,281.0,0.21024313119771104,20,485.0
3345.0,24,308.0,5.310344827586207,3.819393663985486,10,193.0,0.21294688948967738,14,326.0,0.11280924959615056,24,519.0
3350.0,28,405.0,6.982758620689655,4.425734440328287,11,216.0,0.2909008371750396,17,369.0,0.14369258747770355,28,585.0
3355.0,29,389.0,6.377049180327869,4.737758882829989,13,229.0,0.3152638917031963,16,375.0,0.23725216857043147,29,604.0
3360.0,26,468.0,7.932203389830509,5.46665875858657,12,238.0,0.38320406716477734,14,372.0,0.2972730986782388,26,610.0
3365.0,25,418.0,6.966666666666667,4.729461238152536,10,239.0,0.3883308600480988,15,353.0,0.26094981798912326,25,592.0
3370.0,27,451.0,7.6440677966101696,4.418760388269524,12,226.0,0.35139382077151454,15,316.0,0.1861615108548281,27,542.0
3375.0,29,461.0,7.203125,3.6105388571439105,12,266.0,0.2549814111971314,17,336.0,0.15127132005717175,29,602.0
3380.0,26,394.0,5.794117647058823,5.333407466487547,16,318.0,0.22626093279580392,10,279.0,0.3195147615571,26,597.0
3385.0,22,257.0,3.953846153846154,5.61491893136069,16,283.0,0.180646168509675,6,242.0,0.4209833357726047,22,525.0
3390.0,26,344.0,5.292307692307692,5.649027742528242,15,295.0,0.30346364579004,11,256.0,0.34326340439786973,26,551.0
3395.0,31,379.0,6.015873015873016,4.63282642309467,15,320.0,0.30285310078490413,16,282.0,0.28750687399212754,31,602.0
3400.0,29,383.0,5.892307692307693,4.295693291185458,11,307.0,0.31255920941110077,18,323.0,0.1828402169564179,29,630.0
3405.0,29,434.0,6.477611940298507,4.028526075191091,10,320.0,0.2993869860935319,19,356.0,0.1552117199425618,29,676.0
3410.0,25,425.0,6.343283582089552,5.178411349853882,14,337.0,0.2937996209277315,11,321.0,0.28647551799162063,25,658.0
3415.0,26,342.0,4.956521739130435,4.5570480077060544,18,369.0,0.15798377515528456,8,276.0,0.30028046807051695,26,645.0
3420.0,26,389.0,5.557142857142857,5.1693804433585475,14,370.0,0.253283548762937,12,227.0,0.22036268956606642,26,597.0
3425.0,26,404.0,5.9411764705882355,4.830830930490107,13,371.0,0.2928865693218771,13,232.0,0.21208185020292641,26,603.0
3430.0,25,450.0,6.617647058823529,5.896050499477419,17,409.0,0.1948473712015926,8,203.0,0.38432682141240243,25,612.0
3435.0,29,387.0,5.776119402985074,4.331368233549728,17,388.0,0.0962756642491438,12,240.0,0.32665431341763795,29,628.0
3440.0,31,418.0,6.147058823529412,4.9328411815023046,17,327.0,0.2062511587390451,14,289.0,0.31858613490260745,31,616.0
3445.0,33,401.0,5.897058823529412,3.8829296971570075,14,344.0,0.2541497896679901,19,336.0,0.24537458124242179,33,680.0
3450.0,35,494.0,7.373134328358209,4.344498812878882,16,336.0,0.22688904528756193,19,380.0,0.30607781696357783,35,716.0
3455.0,34,479.0,7.044117647058823,3.613229423685101,14,335.0,0.18112155439472705,20,411.0,0.23605174451424052,34,746.0
3460.0,26,337.0,4.955882352941177,4.067086233966939,9,259.0,0.2607145609758625,17,369.0,0.13973990505735187,26,628.0
3465.0,22,259.0,3.7,4.36769575061531,8,257.0,0.21984026489754754,14,339.0,0.17238387836723548,22,596.0
3470.0,33,347.0,4.7534246575342465,4.792068915884682,13,277.0,0.2890896131434296,20,403.0,0.19899164685480059,33,680.0
3475.0,34,386.0,5.594202898550725,4.256687694819969,12,272.0,0.30113613208000856,22,454.0,0.259768615748251,34,726.0
3480.0,31,436.0,6.318840579710145,4.632229731121013,9,248.0,0.2841745273916652,22,457.0,0.2462977616047906,31,705.0
3485.0,30,410.0,5.774647887323944,4.1787090703191,7,217.0,0.28746225430462213,23,491.0,0.15613282971165143,30,708.0
3490.0,28,370.0,4.6835443037974684,5.464200942009254,10,188.0,0.31809765063090123,18,471.0,0.23432576837276514,28,659.0
3495.0,25,425.0,5.821917808219178,5.632595963601742,13,222.0,0.27426740527049914,12,436.0,0.3098993573238471,25,658.0
3500.0,19,369.0,4.92,5.501545765158232,6,227.0,0.2698412985694967,13,389.0,0.22067269525023436,19,616.0
3505.0,23,301.0,4.3,5.535319793365289,6,194.0,0.4225400685956268,17,370.0,0.15151123303165212,23,564.0
3510.0,27,357.0,5.173913043478261,5.162759541471006,6,140.0,0.4298677181185685,21,423.0,0.17626659608673023,27,563.0
3515.0,24,394.0,6.354838709677419,5.006477511691809,8,158.0,0.2923785083259712,16,433.0,0.2811995986709093,24,591.0
3520.0,23,389.0,6.377049180327869,4.680711529009711,9,187.0,0.23698163389777258,14,422.0,0.24383827524940727,23,609.0
3525.0,29,467.0,7.296875,4.90387021223602,7,209.0,0.3691472226566941,22,445.0,0.18574652545037307,29,654.0
3530.0,26,440.0,6.769230769230769,5.92636740198421,5,205.0,0.5504611520230553,21,456.0,0.21738274366017082,26,661.0
3535.0,25,468.0,7.428571428571429,6.245858427334278,5,231.0,0.5655252941574445,20,448.0,0.2383722647205609,25,679.0
3540.0,25,476.0,7.4375,5.018861795087453,6,229.0,0.41487717273676933,19,465.0,0.16468923954589684,25,694.0
3545.0,32,523.0,8.171875,4.649476253111318,12,241.0,0.30433288707758205,20,475.0,0.1843666295148469,32,716.0
3550.0,28,524.0,8.1875,4.701697231598461,10,275.0,0.3933817725949872,18,485.0,0.21205877060814868,28,760.0
3555.0,20,364.0,6.275862068965517,5.050556011390457,6,280.0,0.34117255106716976,14,423.0,0.20988037968174875,20,703.0
3560.0,18,407.0,7.4,5.406647651591911,5,281.0,0.26626118099601953,13,380.0,0.26535842155656136,18,661.0
3565.0,23,491.0,9.092592592592593,5.663534526396278,11,322.0,0.2070247943759357,12,341.0,0.21866215419400664,23,663.0
3570.0,21,532.0,11.319148936170214,5.115793164437403,10,359.0,0.32154763106269046,11,343.0,0.21415234915952666,21,702.0
3575.0,20,547.0,11.638297872340425,5.378599276866721,10,395.0,0.3374672837649855,10,350.0,0.29460042893804583,20,745.0
3580.0,21,590.0,12.291666666666666,5.045608862778483,8,408.0,0.35391438314822465,13,370.0,0.30020643635653843,21,778.0
3585.0,19,538.0,11.695652173913043,5.9696802342641515,6,366.0,0.5060517296414321,13,331.0,0.22604034052545705,19,697.0
3590.0,17,215.0,4.3,5.527446355557589,4,141.0,0.42854457669694757,13,285.0,0.26528523495766604,17,426.0
3595.0,20,184.0,3.68,5.625764742492366,9,60.0,0.3448253444483293,11,281.0,0.35333432534137743,20,341.0
3600.0,15,168.0,3.2941176470588234,6.398693938165308,8,87.0,0.2904004972696849,7,218.0,0.48252856239661346,15,305.0
3605.0,12,176.0,3.3846153846153846,6.713069139386106,6,80.0,0.31966623774032066,6,206.0,0.4339020846347158,12,286.0
3610.0,13,214.0,4.196078431372549,6.943690428760116,5,88.0,0.46754605644628405,8,226.0,0.32909932363264555,13,314.0
3615.0,15,286.0,5.72,8.285363372500036,6,117.0,0.6010569852705213,9,271.0,0.39897709593983616,15,388.0
3620.0,14,294.0,6.125,7.591160489728161,4,103.0,0.602410046560794,10,321.0,0.38426775738112806,14,424.0
3625.0,16,260.0,5.6521739130434785,5.42524766514228,7,90.0,0.3672147042552411,9,300.0,0.347560211902154,16,390.0
3630.0,23,243.0,5.0625,4.631477573544546,10,79.0,0.22947886356864444,13,241.0,0.3278029706031305,23,320.0
3635.0,24,267.0,5.804347826086956,4.557209179695911,14,131.0,0.2080889986020835,10,239.0,0.3008106901402958,24,370.0
3640.0,18,232.0,5.043478260869565,4.669914897811701,11,152.0,0.1648785728548185,7,177.0,0.3246621728582914,18,329.0
3645.0,13,125.0,2.840909090909091,5.793649626953457,5,118.0,0.2432371166693871,8,128.0,0.25011047063328956,13,246.0
3650.0,8,101.0,2.2954545454545454,6.718829973413409,3,116.0,0.3673751142958576,5,111.0,0.2829798331753359,8,227.0
3655.0,16,159.0,3.533333333333333,6.7900348744335615,10,149.0,0.40589462252154174,6,134.0,0.355219706560272,16,283.0
3660.0,17,218.0,5.190476190476191,5.618705976307291,8,155.0,0.3164109717892828,9,177.0,0.33767803653415157,17,332.0
3665.0,14,248.0,5.904761904761905,5.708235154213322,4,109.0,0.4155178358660241,10,223.0,0.23055926316598865,14,332.0
3670.0,11,201.0,4.276595744680851,5.490508411371068,3,61.0,0.3612086084480424,8,245.0,0.23507904397758725,11,306.0
3675.0,19,264.0,5.28,6.557784108207295,9,80.0,0.496303871636429,10,248.0,0.29903264673365426,19,328.0
3680.0,15,227.0,4.63265306122449,6.175006006652676,9,83.0,0.40122017562659346,6,233.0,0.4634337425747368,15,316.0
3685.0,12,220.0,4.4,7.301186539479058,6,68.0,0.4185700118571481,6,173.0,0.5437252338248956,12,241.0
3690.0,12,230.0,4.6,6.914445419689474,5,55.0,0.3329828104605352,7,197.0,0.45962353488193053,12,252.0
3695.0,17,125.0,2.450980392156863,7.0207459696858905,13,88.0,0.2204401555666878,4,94.0,0.37224461473476345,17,182.0
3700.0,19,172.0,3.510204081632653,6.018671797772367,12,128.0,0.1642277036710362,7,67.0,0.37203694581134006,19,195.0
3705.0,14,163.0,3.4680851063829787,6.14845299866795,9,139.0,0.34240143270307444,5,49.0,0.3390008157674403,14,188.0
3710.0,14,155.0,3.369565217391304,7.305140119698296,8,126.0,0.4867782595216925,6,55.0,0.4701574865486199,14,181.0
3715.0,15,205.0,4.361702127659575,7.286593690793621,9,151.0,0.4597692323940498,6,81.0,0.4964583065221614,15,232.0
3720.0,16,175.0,3.888888888888889,5.674118815364803,9,143.0,0.30167457736713016,7,107.0,0.42566659763190984,16,250.0
3725.0,20,198.0,4.304347826086956,4.557227166934536,12,141.0,0.2619236861020647,8,112.0,0.2405008029227547,20,253.0
3730.0,17,189.0,4.0212765957446805,4.455829674189601,10,157.0,0.16926550363508522,7,81.0,0.2922234659874632,17,238.0
3735.0,16,164.0,3.4166666666666665,5.9653590072989156,9,138.0,0.25301338470795603,7,90.0,0.3169327500037077,16,228.0
3740.0,19,193.0,3.86,6.0611144350964095,10,143.0,0.13329452065341063,9,108.0,0.369065003755755,19,251.0
3745.0,20,209.0,4.098039215686274,5.563168195878082,10,178.0,0.23298615766481484,10,132.0,0.2936441989040859,20,310.0
3750.0,19,236.0,5.130434782608695,5.535705653224436,8,166.0,0.34036324760614045,11,165.0,0.4168882066220535,19,331.0
3755.0,19,256.0,5.12,6.024945714139652,11,174.0,0.41923494679617496,8,180.0,0.44856510919116527,19,354.0
3760.0,18,299.0,6.1020408163265305,6.316808085797819,10,207.0,0.3828462135702588,8,169.0,0.4822958629754202,18,376.0
3765.0,16,243.0,4.86,5.841840622665505,9,223.0,0.2367020451759485,7,132.0,0.43631856477153796,16,355.0
3770.0,21,214.0,3.962962962962963,4.783902093214343,10,198.0,0.16038937248548293,11,125.0,0.32395149020169883,21,323.0
3775.0,19,233.0,4.236363636363636,5.696234789731541,9,132.0,0.279231727714867,10,153.0,0.2914839897748869,19,285.0
3780.0,17,224.0,4.148148148148148,6.577193387407752,7,98.0,0.38125757743709876,10,171.0,0.29764776277896704,17,269.0
3785.0,18,249.0,4.788461538461538,7.353813574112489,7,99.0,0.47408417978059114,11,184.0,0.3017682536051303,18,283.0
3790.0,17,267.0,5.804347826086956,6.757267029624716,6,90.0,0.36032296684798604,11,208.0,0.3711727009583413,17,298.0
3795.0,14,183.0,3.8125,6.049222341975191,7,83.0,0.39645539149242137,7,164.0,0.345518724415557,14,247.0
3800.0,19,228.0,4.851063829787234,6.034208153671801,8,88.0,0.43478645666672683,11,161.0,0.3832716370100196,19,249.0
3805.0,20,253.0,5.06,6.2427651474384565,11,138.0,0.4145349911998569,9,168.0,0.4432778750256573,20,306.0
3810.0,20,273.0,5.352941176470588,4.792249804559766,11,180.0,0.32296086530025625,9,154.0,0.26995530585420796,20,334.0
3815.0,28,311.0,5.553571428571429,4.487186757840876,16,244.0,0.27247249939011176,12,163.0,0.24262996697118536,28,407.0
3820.0,25,257.0,4.431034482758621,4.852028929015732,18,259.0,0.17812473723184036,7,128.0,0.3914828468264611,25,387.0
3825.0,20,250.0,4.545454545454546,6.067750736988943,11,243.0,0.22833196233959588,9,135.0,0.3996049873527609,20,378.0
3830.0,17,273.0,4.875,6.372857688380405,10,242.0,0.2778349136227874,7,135.0,0.3636566429191044,17,377.0
3835.0,18,307.0,5.581818181818182,5.588478453552202,8,250.0,0.27266380576825283,10,172.0,0.18321779484799813,18,422.0
3840.0,22,368.0,7.076923076923077,5.574477335476505,12,297.0,0.25612312705371115,10,184.0,0.36409245154338044,22,481.0
3845.0,20,278.0,5.56,5.179759086495936,12,260.0,0.24361343815553768,8,176.0,0.4625402007285761,20,436.0
3850.0,21,246.0,4.823529411764706,5.220484888717631,15,260.0,0.23746379324423533,6,125.0,0.47720793376954007,21,385.0
3855.0,19,237.0,4.471698113207547,5.50605096091617,13,272.0,0.2363783173217517,6,112.0,0.4744400257098445,19,384.0
3860.0,18,214.0,4.037735849056604,5.42875731571802,8,223.0,0.3403237229399023,10,128.0,0.2749519635505945,18,351.0
3865.0,17,242.0,4.245614035087719,6.44364217640268,6,199.0,0.44418318804246537,11,151.0,0.29833392472113035,17,350.0
3870.0,15,202.0,3.543859649122807,6.206903708770346,5,190.0,0.45737477206726346,10,160.0,0.2747776185008354,15,350.0
3875.0,20,249.0,4.527272727272727,6.5376696249798165,9,229.0,0.34890650817360996,11,156.0,0.41092057880832344,20,385.0
3880.0,18,265.0,4.818181818181818,5.459971520198539,9,240.0,0.30875411377424866,9,165.0,0.30258905463186775,18,405.0
3885.0,20,326.0,5.927272727272728,5.920895185432899,8,221.0,0.4177169898246999,12,205.0,0.28094065111945044,20,426.0
3890.0,19,307.0,5.903846153846154,5.248987045435318,7,201.0,0.4231139853774109,12,219.0,0.1426619537928681,19,420.0
3895.0,22,334.0,6.30188679245283,5.625834452006207,10,237.0,0.39678057525258625,12,224.0,0.2373094283002001,22,461.0
3900.0,19,243.0,4.584905660377358,5.134698837616649,9,145.0,0.33925697176668723,10,234.0,0.3048819328510799,19,379.0
3905.0,23,328.0,6.3076923076923075,5.706639166166833,13,195.0,0.2456272382634786,10,226.0,0.4092663208047986,23,421.0
3910.0,23,310.0,5.849056603773585,4.851723518325213,12,206.0,0.24198966746482073,11,237.0,0.2820992138357468,23,443.0
3915.0,22,264.0,4.551724137931035,5.609616308289135,10,180.0,0.3862941222875781,12,217.0,0.1781127760393516,22,397.0
3920.0,18,196.0,3.43859649122807,5.616941828870863,6,134.0,0.4164642149913357,12,232.0,0.20013338944935083,18,366.0
3925.0,26,276.0,4.842105263157895,6.000963127995736,13,151.0,0.36548822050305824,13,240.0,0.3504246490027412,26,391.0
3930.0,24,250.0,4.237288135593221,4.772267997590036,12,162.0,0.2987194761216687,12,269.0,0.3029017859467207,24,431.0
3935.0,23,275.0,4.583333333333333,5.865174554945662,12,170.0,0.24852987722781708,11,259.0,0.42374451567314786,23,429.0
3940.0,24,242.0,3.903225806451613,5.129360955685825,12,185.0,0.11629132049930589,12,250.0,0.36390978901387017,24,435.0
3945.0,24,292.0,4.492307692307692,5.526434216744803,9,171.0,0.26869515117989934,15,305.0,0.26147320462443313,24,476.0
3950.0,25,334.0,5.0606060606060606,4.896007377924639,8,174.0,0.36332972810694253,17,342.0,0.19693147041402254,25,516.0
3955.0,29,449.0,6.602941176470588,5.894644980084085,10,191.0,0.4830082593308596,19,404.0,0.20890084930790115,29,595.0
3960.0,28,488.0,7.2835820895522385,5.166788912779388,11,214.0,0.41501005043664774,17,438.0,0.21608787824534928,28,652.0
3965.0,22,485.0,7.2388059701492535,5.488064421055549,8,223.0,0.36671979955141565,14,436.0,0.20092206909689905,22,659.0
3970.0,26,363.0,5.260869565217392,4.817474406600433,11,177.0,0.2669884514902565,15,411.0,0.20645400441749295,26,588.0
3975.0,30,314.0,4.361111111111111,5.08641308928673,16,188.0,0.1938928661358255,14,351.0,0.29772819123346145,30,539.0
3980.0,28,315.0,4.375,5.225997825967336,17,207.0,0.25739797988443874,11,375.0,0.37224145436279915,28,582.0
3985.0,29,430.0,6.142857142857143,5.320203887644368,18,263.0,0.2389112755154301,11,367.0,0.34514591227509606,29,630.0
3990.0,34,496.0,6.985915492957746,4.61293526419231,18,299.0,0.1593108834779649,16,382.0,0.29807928946347845,34,681.0
3995.0,35,596.0,8.514285714285714,4.540067539250961,18,335.0,0.25407402341039337,17,381.0,0.22615858126225427,35,716.0
4000.0,38,543.0,7.647887323943662,3.728590703081569,16,348.0,0.2498883553235179,22,407.0,0.16618629818842556,38,755.0
4005.0,32,418.0,6.057971014492754,4.140680997306588,10,293.0,0.2272540076553235,22,436.0,0.17097415062381682,32,729.0
4010.0,30,327.0,4.954545454545454,4.4611868915090085,9,235.0,0.3155981342530416,21,418.0,0.11146336319903492,30,653.0
4015.0,29,436.0,6.318840579710145,5.677918855297861,9,200.0,0.41048945619252225,20,423.0,0.13596409006510515,29,623.0
4020.0,27,421.0,6.2835820895522385,5.031079986072058,8,187.0,0.3509825061499303,19,456.0,0.09274690349087739,27,643.0
4025.0,23,319.0,4.984375,5.377136326236238,13,230.0,0.2855435160114235,10,422.0,0.2517178858817874,23,652.0
4030.0,27,306.0,4.857142857142857,4.60725663444829,15,236.0,0.24808981742125336,12,426.0,0.206443052477887,27,662.0
4035.0,33,375.0,5.859375,4.513274647985675,17,259.0,0.2605817599040597,16,413.0,0.2223941810328476,33,672.0
4040.0,31,429.0,6.6,4.335424697155279,14,287.0,0.29571665760523935,17,422.0,0.24936945804280444,31,709.0
4045.0,20,364.0,5.515151515151516,5.128544316772424,11,256.0,0.33274899843984834,9,354.0,0.2236642354466004,20,610.0
4050.0,18,325.0,4.577464788732394,5.552513081146088,10,281.0,0.35770716763720234,8,286.0,0.2550238901212643,18,567.0
4055.0,28,366.0,5.083333333333333,4.9387006474361375,16,338.0,0.2732625954249663,12,253.0,0.22203880397782927,28,591.0
4060.0,36,304.0,4.470588235294118,4.368756018538527,23,331.0,0.2644570501321408,13,237.0,0.33228123646902913,36,568.0
4065.0,35,452.0,6.647058823529412,4.0578233841715186,23,425.0,0.21074919576225395,12,256.0,0.3328304267310624,35,681.0
4070.0,40,459.0,6.375,3.6700727929064385,27,495.0,0.18861424096357385,13,241.0,0.3078861436610087,40,736.0
4075.0,34,494.0,6.861111111111111,4.84603248805528,27,537.0,0.16636800232239182,7,198.0,0.3962142864036312,34,735.0
4080.0,37,564.0,7.621621621621622,4.710367613714836,28,595.0,0.12478079359443439,9,193.0,0.34650271911361324,37,788.0
4085.0,30,446.0,6.109589041095891,5.35362482240609,22,554.0,0.11004023344958794,8,209.0,0.40551450581720216,30,763.0
4090.0,28,505.0,7.651515151515151,5.836478124596529,18,525.0,0.25753246387887696,10,243.0,0.3397045352455444,28,768.0
4095.0,29,502.0,7.84375,4.656370659855099,19,521.0,0.19948924449054214,10,224.0,0.24732967004545767,29,745.0
4100.0,31,493.0,7.25,4.422654020811697,20,584.0,0.21744967887584649,11,227.0,0.15852629926452677,31,811.0
4105.0,29,458.0,6.735294117647059,5.094303415798013,20,628.0,0.285603018536433,9,169.0,0.3447737741066263,29,797.0
4110.0,24,508.0,7.257142857142857,5.787872173090851,16,614.0,0.3120703045111152,8,135.0,0.4249154081468992,24,749.0
4115.0,25,411.0,6.134328358208955,4.420376703084643,19,624.0,0.2177755580217392,6,122.0,0.38781143440528937,25,746.0
4120.0,30,483.0,7.0,4.892252837481109,24,622.0,0.13319453111903218,6,79.0,0.440383964460102,30,701.0
4125.0,34,509.0,7.169014084507042,4.376832166095896,28,690.0,0.06315866768026326,6,66.0,0.43091628254023906,34,756.0
4130.0,33,607.0,8.315068493150685,5.82277721158074,25,720.0,0.19847166676457664,8,75.0,0.5194062245454913,33,795.0
4135.0,32,669.0,9.291666666666666,5.223884513800881,24,764.0,0.23199553890268873,8,102.0,0.4169061993048695,32,866.0
4140.0,26,621.0,8.746478873239436,4.687424173393206,18,758.0,0.19895533837812837,8,115.0,0.349227037203491,26,873.0
4145.0,25,458.0,6.63768115942029,4.530399802165071,15,632.0,0.25475369474955656,10,120.0,0.19271736453236546,25,752.0
4150.0,23,279.0,4.164179104477612,5.323025682679802,14,545.0,0.24825624658217235,9,118.0,0.28698109526266197,23,663.0
4155.0,23,264.0,3.9402985074626864,4.06249320832849,16,560.0,0.15242024777119767,7,135.0,0.2661459474366773,23,695.0
4160.0,27,332.0,5.1875,4.88457845082542,19,563.0,0.18803479335739431,8,145.0,0.41863564045233725,27,708.0
4165.0,28,336.0,5.419354838709677,4.614330118699676,23,631.0,0.15096789688786727,5,118.0,0.44624770680155,28,749.0
4170.0,28,350.0,5.555555555555555,4.397282813217071,20,643.0,0.1479253708197342,8,118.0,0.30401168440811477,28,761.0
4175.0,23,398.0,6.317460317460317,5.518776601803636,16,658.0,0.31699605934682273,7,112.0,0.23267021202718075,23,770.0
4180.0,19,432.0,7.2,6.743746967867227,14,593.0,0.3746344129304647,5,99.0,0.3505731167204677,19,692.0
4185.0,18,354.0,6.321428571428571,5.5357913278989255,14,529.0,0.24443284278963695,4,70.0,0.3653187648298391,18,599.0
4190.0,27,442.0,8.339622641509434,4.445170572859965,19,509.0,0.2416704745411571,8,72.0,0.3469762675454928,27,581.0
4195.0,28,485.0,8.362068965517242,4.592359717762539,23,584.0,0.1767519441996638,5,68.0,0.5518813436290367,28,652.0
4200.0,22,528.0,9.6,5.595794996040245,17,634.0,0.2521810276794063,5,59.0,0.6241533691368543,22,693.0
4205.0,20,571.0,10.196428571428571,5.322305117462676,16,667.0,0.2617917215308734,4,66.0,0.4645745943568556,20,733.0
4210.0,24,641.0,11.051724137931034,4.854744915841178,19,700.0,0.22655531410711294,5,68.0,0.3240969100055364,24,768.0
4215.0,30,592.0,10.033898305084746,3.5641764297160274,22,715.0,0.18650074412358605,8,70.0,0.28601401575103397,30,785.0
4220.0,25,550.0,9.166666666666666,5.258035233541008,22,706.0,0.26229932158157265,3,41.0,0.45497089196986373,25,747.0
4225.0,26,609.0,9.515625,5.841338080442776,22,763.0,0.222574631872819,4,46.0,0.5813128953870431,26,809.0
4230.0,20,562.0,8.264705882352942,6.202735229797379,17,767.0,0.15180113502334946,3,50.0,0.6111171419644331,20,817.0
4235.0,19,247.0,3.742424242424242,6.13012621858255,14,613.0,0.2289459495797988,5,67.0,0.5416482917220347,19,680.0
4240.0,29,247.0,3.6865671641791047,5.503105641709008,18,448.0,0.23951615546640295,11,78.0,0.39502043993194486,29,526.0
4245.0,36,357.0,5.578125,4.30666456114016,22,511.0,0.20858042941919505,14,142.0,0.38580795886527997,36,653.0
4250.0,35,406.0,5.970588235294118,3.8272327923588145,21,546.0,0.1501114629386546,14,175.0,0.3493523386020213,35,721.0
4255.0,29,403.0,5.597222222222222,4.5328339549831895,18,560.0,0.1463698622806878,11,173.0,0.431539867538533,29,733.0
4260.0,21,287.0,3.8266666666666667,5.372910337345463,14,511.0,0.24265932581970995,7,143.0,0.40484339210459486,21,654.0
4265.0,31,366.0,4.575,5.287526072485638,16,565.0,0.3085602140053064,15,140.0,0.2506874600664663,31,705.0
4270.0,37,464.0,5.948717948717949,4.925583432228689,18,618.0,0.3840664674048515,19,190.0,0.17216930339874706,37,808.0
4275.0,38,615.0,7.987012987012987,4.4196712420524085,20,652.0,0.26951964967628156,18,271.0,0.2501522985397918,38,923.0
4280.0,36,678.0,8.805194805194805,3.933912834640662,21,650.0,0.19408750913062559,15,305.0,0.2250452829741213,36,955.0
4285.0,31,614.0,7.772151898734177,4.141225415075138,21,665.0,0.14606351738716805,10,235.0,0.28713255318937275,31,900.0
4290.0,32,626.0,7.728395061728395,4.591734984711034,24,717.0,0.0635797077306563,8,247.0,0.3606744427148963,32,964.0
4295.0,42,784.0,10.181818181818182,4.004603052064149,29,801.0,0.05347400214189655,13,258.0,0.3359629587556369,42,1059.0
4300.0,36,881.0,11.905405405405405,4.1607360824570785,20,872.0,0.16726596073462424,16,283.0,0.23935597140159887,36,1155.0
4305.0,31,951.0,13.585714285714285,4.025172710483848,19,922.0,0.18881234481778927,12,276.0,0.16885524667238083,31,1198.0
4310.0,35,926.0,13.82089552238806,3.8500130562983084,22,954.0,0.14312364875834008,13,260.0,0.1836736915486169,35,1214.0
4315.0,40,894.0,13.147058823529411,3.69245394570544,24,908.0,0.14919442223371202,16,250.0,0.21053978429329712,40,1158.0
4320.0,35,572.0,8.289855072463768,4.152173791666214,20,794.0,0.24357900539135133,15,276.0,0.27949566839047096,35,1070.0
4325.0,32,506.0,7.4411764705882355,4.982116636738365,16,718.0,0.32964754491860476,16,285.0,0.3075000422733921,32,1003.0
4330.0,31,504.0,7.2,3.7954059982616504,16,736.0,0.22680838580077628,15,312.0,0.26683326719440204,31,1048.0
4335.0,22,393.0,5.458333333333333,4.595031084541274,14,707.0,0.18154919072774764,8,277.0,0.33025326047190734,22,984.0
4340.0,23,233.0,3.1066666666666665,4.949553138892097,14,679.0,0.16249470279752162,9,224.0,0.33437864752234603,23,903.0
4345.0,32,284.0,3.736842105263158,5.0277660463052625,21,702.0,0.1708249895915734,11,194.0,0.31773107596350764,32,896.0
4350.0,35,333.0,4.44,4.626638195832638,21,728.0,0.2556065720564901,14,212.0,0.23089237681082328,35,940.0
4355.0,30,426.0,6.0,4.687346097130162,21,795.0,0.27584117628445876,9,209.0,0.25684047466675575,30,1004.0
4360.0,33,458.0,6.273972602739726,4.340772315301617,24,804.0,0.2039131868145535,9,195.0,0.29066317156459404,33,999.0
4365.0,35,492.0,6.56,4.831084004797484,22,751.0,0.23596057591174832,13,235.0,0.3040169536698468,35,986.0
4370.0,35,526.0,7.205479452054795,3.786364649171662,20,754.0,0.13526724423353167,15,273.0,0.3014673131502534,35,1027.0
4375.0,25,366.0,5.304347826086956,4.1432189672035165,16,685.0,0.09616559685059119,9,268.0,0.29787574467826655,25,953.0
4380.0,23,337.0,5.029850746268656,4.800088622084174,16,637.0,0.15496423379966906,7,213.0,0.27394065819168084,23,850.0
4385.0,26,411.0,6.323076923076923,4.583543513260087,15,606.0,0.1394552308848956,11,205.0,0.21887042502636544,26,811.0
4390.0,32,414.0,6.571428571428571,4.718990207025548,18,523.0,0.1619243771541118,14,226.0,0.31705669398076797,32,749.0
4395.0,30,510.0,8.5,4.340049357650934,17,540.0,0.17509811841595543,13,210.0,0.34468962320946306,30,750.0
4400.0,29,541.0,8.868852459016393,4.4210431192053985,13,513.0,0.21893696922741365,16,232.0,0.29442811753731035,29,745.0
4405.0,19,375.0,5.859375,5.144479890351844,9,477.0,0.1864639704768739,10,205.0,0.30718352944552174,19,682.0
4410.0,24,344.0,5.375,4.752485449161773,14,413.0,0.14412749944049744,10,188.0,0.27502968228474256,24,601.0
4415.0,29,286.0,4.333333333333333,5.452718446736558,14,402.0,0.3265208668148346,15,202.0,0.2762041449466538,29,604.0
4420.0,28,357.0,5.492307692307692,5.553817827641093,13,338.0,0.33728347263404534,15,227.0,0.2781268044778759,28,565.0
4425.0,19,361.0,5.918032786885246,5.380232960760929,9,327.0,0.21628395465145864,10,210.0,0.34482532123834003,19,537.0
4430.0,13,233.0,3.7580645161290325,6.140205020961733,6,288.0,0.23267256572910242,7,194.0,0.3582199737058009,13,482.0
4435.0,20,239.0,4.192982456140351,5.14287470919856,6,198.0,0.1919111768481045,14,195.0,0.22763765892092358,20,393.0
4440.0,27,217.0,3.875,4.387253983234787,11,140.0,0.2591176696748405,16,213.0,0.12986600375514792,27,353.0
4445.0,24,269.0,4.981481481481482,4.7756523676176865,7,136.0,0.29413163572307144,17,233.0,0.2224012418631489,24,369.0
4450.0,20,289.0,5.5576923076923075,5.057466702543512,6,112.0,0.5008809650197606,14,253.0,0.16202918151464926,20,365.0
4455.0,14,169.0,3.017857142857143,6.0091522602404,7,100.0,0.432878835250123,7,212.0,0.2787961429387104,14,312.0
4460.0,18,214.0,3.689655172413793,6.013857286098804,10,141.0,0.3023802896361452,8,228.0,0.3413680734866831,18,369.0
4465.0,25,222.0,3.76271186440678,5.672302349094061,8,118.0,0.2761443985293935,17,275.0,0.29889397529521367,25,393.0
4470.0,25,266.0,4.586206896551724,5.311730297785749,10,133.0,0.3229901595197202,15,294.0,0.27894522722789356,25,427.0
4475.0,23,303.0,5.315789473684211,5.281847078750935,8,145.0,0.31783625088079226,15,322.0,0.28820133164699097,23,467.0
4480.0,24,317.0,5.56140350877193,5.383680394254048,6,106.0,0.5187061829634223,18,359.0,0.18117383407476575,24,465.0
4485.0,26,353.0,6.086206896551724,4.700205251144683,8,110.0,0.44796849220640306,18,393.0,0.15875462334397375,26,503.0
4490.0,28,444.0,7.52542372881356,4.674677638256953,10,141.0,0.41113889246700697,18,462.0,0.20621467677249095,28,603.0
4495.0,26,493.0,8.5,4.480246934332801,10,166.0,0.3532970551803571,16,511.0,0.20638049615234177,26,677.0
4500.0,21,427.0,7.237288135593221,5.167108681208981,9,183.0,0.29071877364277265,12,470.0,0.2787904912492683,21,653.0
4505.0,19,218.0,3.694915254237288,5.220513717530029,9,161.0,0.23125609188954063,10,315.0,0.25280039353005174,19,476.0
4510.0,23,227.0,4.053571428571429,4.640922053704382,13,154.0,0.15561319753219488,10,313.0,0.261605273784143,23,467.0
4515.0,28,324.0,5.684210526315789,4.649533270900429,14,204.0,0.21032127482787233,14,350.0,0.24496075897330324,28,554.0
4520.0,21,352.0,6.769230769230769,4.549111921865727,7,206.0,0.3683730298771614,14,336.0,0.2031657095525946,21,542.0
4525.0,16,277.0,5.431372549019608,5.154610873218041,6,159.0,0.2932647735413204,10,297.0,0.2502814733246292,16,456.0
4530.0,19,226.0,4.109090909090909,5.493806839964497,11,162.0,0.1857618976108638,8,222.0,0.3019640855326925,19,384.0
4535.0,23,295.0,5.566037735849057,5.60754551569175,11,194.0,0.29960531519693406,12,216.0,0.2935203188817731,23,410.0
4540.0,19,316.0,6.448979591836735,6.05434551077766,6,164.0,0.4418830544011458,13,264.0,0.2677517933426616,19,428.0
4545.0,15,265.0,5.638297872340425,6.264127363981697,5,108.0,0.5191686494761772,10,288.0,0.224420871578137,15,396.0
4550.0,20,258.0,5.26530612244898,5.547851847058523,8,105.0,0.43498891605712214,12,280.0,0.15872182857158354,20,385.0
4555.0,17,215.0,4.3,5.770822149353282,6,88.0,0.42784720260093134,11,222.0,0.18293917725503173,17,310.0
4560.0,18,199.0,4.326086956521739,5.21609547599925,10,113.0,0.374250209447782,8,212.0,0.18775019635715967,18,325.0
4565.0,16,152.0,3.3777777777777778,5.574950826009674,8,119.0,0.30873816533512216,8,150.0,0.2486124079370804,16,269.0
4570.0,14,150.0,3.658536585365854,6.259461922228441,5,64.0,0.27826631974627547,9,164.0,0.25421612364742074,14,228.0
4575.0,10,123.0,3.075,6.212400739506759,5,74.0,0.12299258926809738,5,146.0,0.389875039259275,10,220.0
4580.0,16,159.0,4.184210526315789,6.635023811065058,10,101.0,0.19176865240458782,6,126.0,0.4421000551119957,16,227.0
4585.0,11,129.0,3.225,6.8739906581284345,6,101.0,0.3908055561371724,5,113.0,0.49411853880997636,11,214.0
4590.0,9,145.0,3.625,8.430969724946028,3,66.0,0.584321488625143,6,111.0,0.5215318891055246,9,177.0
4595.0,9,74.0,1.8048780487804879,6.903363633856696,2,44.0,0.5961144989063338,7,91.0,0.30362287683023287,9,135.0
4600.0,15,117.0,2.8536585365853657,6.312943120244911,6,54.0,0.45006148756950665,9,86.0,0.3470240436431059,15,140.0
4605.0,13,97.0,2.425,5.293345222230122,6,54.0,0.43433762767675727,7,89.0,0.2723782439212352,13,143.0
4610.0,17,168.0,4.0,5.4902880425884995,8,84.0,0.3052838793700227,9,104.0,0.30909819452137616,17,188.0
4615.0,16,179.0,4.162790697674419,6.423955024255087,8,93.0,0.2511149752213342,8,122.0,0.49366319818806087,16,215.0
4620.0,11,192.0,4.266666666666667,7.72380400378671,3,66.0,0.3943772610092107,8,162.0,0.49269894920900204,11,228.0
4625.0,8,156.0,3.627906976744186,7.87396253298963,3,51.0,0.4925583501268426,5,141.0,0.45170471190528655,8,192.0
4630.0,11,203.0,4.951219512195122,7.955761287161715,4,74.0,0.5604090160123403,7,141.0,0.3744311235834852,11,215.0
4635.0,12,185.0,5.0,7.30583689197634,5,97.0,0.6141574954745957,7,138.0,0.25829264731331847,12,235.0
4640.0,15,185.0,5.138888888888889,5.778467672602231,6,128.0,0.47901024615084536,9,105.0,0.1763097472618558,15,233.0
4645.0,20,243.0,6.5675675675675675,4.022481068071503,10,170.0,0.3573508248046765,10,133.0,0.11695094764918326,20,303.0
4650.0,18,284.0,7.282051282051282,4.0717520523288,9,186.0,0.33460030668835533,9,165.0,0.21099991373889312,18,351.0
4655.0,11,239.0,5.558139534883721,6.284208938450158,6,182.0,0.4424433670892829,5,153.0,0.3540332264738202,11,335.0
4660.0,10,182.0,4.044444444444444,7.594473557042609,5,111.0,0.4885939610097297,5,136.0,0.3961712322441323,10,247.0
4665.0,14,209.0,4.354166666666667,7.081364325330877,10,134.0,0.34058671595454326,4,111.0,0.39755317704282445,14,245.0
4670.0,18,268.0,5.702127659574468,6.29233324013374,14,189.0,0.28266387649072283,4,112.0,0.4826085399998503,18,301.0
4675.0,15,206.0,4.382978723404255,5.830026970823818,14,234.0,0.30749956367868087,1,55.0,0.6070347697994187,15,289.0
4680.0,17,224.0,4.666666666666667,5.8882735198601095,14,275.0,0.35153501563398615,3,13.0,0.6439651401253058,17,288.0
4685.0,16,227.0,4.450980392156863,6.744909318609814,12,264.0,0.37382167608332023,4,28.0,0.6606553507846155,16,292.0
4690.0,17,252.0,4.5,5.541076546615427,12,289.0,0.33322711126359256,5,40.0,0.4354954399159899,17,329.0
4695.0,23,316.0,5.3559322033898304,5.332374239210103,15,327.0,0.3054280778376894,8,66.0,0.35805434578856016,23,393.0
4700.0,30,364.0,6.066666666666666,4.250789539613074,24,404.0,0.25429582567203185,6,64.0,0.38503328819502086,30,468.0
4705.0,31,464.0,6.823529411764706,5.074475984927576,23,478.0,0.23279536642464,8,69.0,0.5161783450926571,31,547.0
4710.0,30,351.0,5.161764705882353,5.200815903128122,24,448.0,0.21443797429642214,6,84.0,0.49474251976869166,30,532.0
4715.0,31,438.0,6.169014084507042,5.642422669245393,24,441.0,0.1810564096065863,7,106.0,0.546317800168021,31,547.0
4720.0,34,526.0,7.305555555555555,4.450420923379549,26,533.0,0.17748125197593878,8,120.0,0.41331453174846794,34,653.0
4725.0,36,655.0,9.225352112676056,4.509621080134273,26,632.0,0.1855823987841743,10,136.0,0.4341181989126439,36,768.0
4730.0,34,633.0,8.791666666666666,3.854933842133851,24,657.0,0.1950434745848464,10,163.0,0.2758988429780146,34,820.0
4735.0,30,436.0,6.055555555555555,3.992838604421363,21,609.0,0.1461331807044428,9,176.0,0.2443452627621142,30,785.0
4740.0,28,432.0,6.0,4.897664711813316,19,559.0,0.19478752433286486,9,166.0,0.22400946068695315,28,725.0
4745.0,29,462.0,6.507042253521127,5.4837152885028,15,520.0,0.2517295088618346,14,148.0,0.18648616231358825,29,668.0
4750.0,32,551.0,7.9855072463768115,4.67060278364964,18,537.0,0.20768456533018123,14,184.0,0.20596454008683185,32,721.0
4755.0,31,511.0,8.37704918032787,4.4757352295309785,21,521.0,0.09971476696614057,10,190.0,0.42879245128426857,31,711.0
4760.0,31,408.0,6.580645161290323,4.651060887261314,22,509.0,0.04917850841887233,9,176.0,0.45961551485501007,31,685.0
4765.0,31,475.0,7.196969696969697,4.80691958120769,21,557.0,0.14882098290286183,10,154.0,0.4340541355529041,31,711.0
4770.0,27,501.0,7.9523809523809526,5.5443432165782705,14,538.0,0.34383287282831365,13,215.0,0.30842387075485583,27,753.0
4775.0,24,553.0,9.065573770491802,5.156711611477011,12,537.0,0.4115830584515486,12,236.0,0.11859092149601756,24,773.0
4780.0,25,516.0,8.745762711864407,5.033495144880828,12,499.0,0.33403481794850964,13,271.0,0.13567077110204476,25,770.0
4785.0,24,338.0,5.633333333333334,4.4606719018612555,13,452.0,0.28109642132846785,11,272.0,0.1650548876298889,24,724.0
4790.0,23,362.0,6.241379310344827,4.771548131531632,15,496.0,0.17053596099546042,8,234.0,0.42812624919753595,23,730.0
4795.0,20,295.0,5.462962962962963,5.026793683325866,14,513.0,0.14500889904679704,6,194.0,0.40744766044451286,20,707.0
4800.0,20,254.0,4.7924528301886795,5.243410244888557,13,503.0,0.2048448372916338,7,121.0,0.3561000877613342,20,624.0
4805.0,24,293.0,5.86,4.4038080835536135,16,450.0,0.22713423724100423,8,148.0,0.3022420645806532,24,598.0
4810.0,24,370.0,7.254901960784314,4.342500645614307,17,498.0,0.19618407850856381,7,166.0,0.4893015543549699,24,664.0
4815.0,20,403.0,7.327272727272727,5.079557648176016,13,514.0,0.20629986071423456,7,185.0,0.4692421019192075,20,699.0
4820.0,16,383.0,6.719298245614035,5.577598723574631,10,533.0,0.21690912648663221,6,154.0,0.4582558680550375,16,687.0
4825.0,23,463.0,7.467741935483871,5.475434667576525,15,572.0,0.27206859361167285,8,144.0,0.26181218278165846,23,716.0
4830.0,23,429.0,7.396551724137931,5.243142429242556,16,622.0,0.29785271505607924,7,83.0,0.3290638276655433,23,705.0
4835.0,22,476.0,8.814814814814815,4.829674159324697,12,625.0,0.19234116238942975,10,95.0,0.3429138806093298,22,720.0
4840.0,20,526.0,9.74074074074074,5.09289229457283,12,646.0,0.16135810187257052,8,107.0,0.3149951981238292,20,753.0
4845.0,23,441.0,7.7368421052631575,5.387339873116591,12,578.0,0.1702752386375408,11,140.0,0.30302601881086094,23,718.0
4850.0,24,479.0,8.87037037037037,5.354686453455939,16,577.0,0.2398283144153619,8,142.0,0.3714201040531115,24,719.0
4855.0,23,431.0,8.288461538461538,5.203376004158722,14,524.0,0.2771517211127521,9,125.0,0.33750649784888365,23,649.0
4860.0,22,301.0,5.472727272727273,5.673941942351215,13,365.0,0.3722621540412934,9,145.0,0.33843106039593285,22,510.0
4865.0,18,243.0,4.05,5.926009631070831,12,386.0,0.3736173231961043,6,126.0,0.39763697580682444,18,512.0
4870.0,17,192.0,3.2,6.036266016575989,9,354.0,0.4466022747239888,8,147.0,0.33156059568659174,17,501.0
4875.0,16,92.0,1.5333333333333334,5.60399320217553,9,303.0,0.37241621458376234,7,156.0,0.32362711796484045,16,459.0
4880.0,22,165.0,2.661290322580645,5.207440767312052,16,323.0,0.3420924798687505,6,174.0,0.2149860383045479,22,497.0
4885.0,26,222.0,3.5238095238095237,5.1030929391049975,18,389.0,0.26378278407093586,8,182.0,0.23898764788728893,26,571.0
4890.0,29,310.0,5.081967213114754,5.081613260035928,20,441.0,0.1540933146541534,9,206.0,0.4043157546364693,29,647.0
4895.0,28,341.0,5.590163934426229,4.633207021726881,21,414.0,0.11606526460067053,7,197.0,0.49119709517856114,28,611.0
4900.0,28,375.0,6.147540983606557,5.134008168053505,20,383.0,0.28080972402129284,8,166.0,0.4515408883386273,28,549.0
4905.0,27,372.0,5.8125,4.729562147668496,16,390.0,0.2686820700730018,11,130.0,0.41163382525746306,27,520.0
4910.0,23,257.0,4.015625,4.968465919697268,12,335.0,0.3017586248043519,11,145.0,0.35107223417361505,23,480.0
4915.0,22,209.0,3.073529411764706,4.785780698752383,13,347.0,0.2757409383864332,9,140.0,0.2760700834617521,22,487.0
4920.0,27,253.0,3.4657534246575343,4.872937923664144,16,352.0,0.26779415364037895,11,149.0,0.2208439012408264,27,501.0
4925.0,34,352.0,4.693333333333333,5.25740115095623,19,418.0,0.31047603911860167,15,168.0,0.3121654696782879,34,586.0
4930.0,36,485.0,6.139240506329114,5.093986552849162,24,491.0,0.2744987676145936,12,211.0,0.3730140964912391,36,702.0
4935.0,35,549.0,7.223684210526316,4.616728538082188,24,527.0,0.23121433512167278,11,222.0,0.42455880035177207,35,749.0
4940.0,33,450.0,5.8441558441558445,4.00396898692004,21,493.0,0.20445197015918426,12,208.0,0.26738380064733624,33,701.0
4945.0,32,352.0,4.455696202531645,4.2360330473056065,18,501.0,0.2497937502159806,14,220.0,0.22650662011243514,32,721.0
4950.0,34,295.0,3.782051282051282,3.974015361311755,20,472.0,0.21742576910389966,14,218.0,0.19893355859086836,34,690.0
4955.0,43,425.0,5.51948051948052,3.3449107227676165,26,512.0,0.12158890967539689,17,203.0,0.2554511259323858,43,715.0
4960.0,37,481.0,6.413333333333333,3.533343338551288,23,514.0,0.16969199992524392,14,219.0,0.16867959363438423,37,733.0
4965.0,24,448.0,5.894736842105263,4.856396232304349,19,531.0,0.2227323429294826,5,179.0,0.22515437213588307,24,710.0
4970.0,21,497.0,6.371794871794871,6.21559748750127,15,535.0,0.2732248186080701,6,153.0,0.3713224619761707,21,688.0
4975.0,27,562.0,7.205128205128205,5.323275188736479,21,571.0,0.19831003861202387,6,146.0,0.3526694197747199,27,717.0
4980.0,36,556.0,7.413333333333333,4.680794812538758,25,597.0,0.13529102008938546,11,159.0,0.3927684432448226,36,756.0
4985.0,36,603.0,7.8311688311688314,5.115456470889516,26,601.0,0.1803925945975466,10,185.0,0.44601869150225937,36,786.0
4990.0,30,585.0,7.597402597402597,4.908069410020234,24,631.0,0.16825273929763793,6,167.0,0.4435917478276971,30,798.0
4995.0,32,467.0,5.987179487179487,4.9734154595586455,24,646.0,0.09847134136483922,8,164.0,0.467486794211355,32,810.0
5000.0,33,482.0,6.10126582278481,4.353580467858371,22,696.0,0.11948369057041917,11,174.0,0.3865944886333883,33,870.0
5005.0,32,377.0,4.772151898734177,4.61047327935093,15,651.0,0.2028351151614419,17,227.0,0.32264096960928934,32,878.0
5010.0,28,402.0,5.2894736842105265,4.800330948248706,16,607.0,0.2177598340550074,12,257.0,0.2976666905008132,28,864.0
5015.0,25,341.0,4.608108108108108,4.792556082259412,13,568.0,0.22985022216787154,12,233.0,0.24730806373097877,25,801.0
5020.0,29,346.0,4.552631578947368,4.31521064573158,14,522.0,0.1695932895386859,15,239.0,0.2254128671706838,29,761.0
5025.0,35,454.0,6.053333333333334,3.8032462180163367,18,546.0,0.16853345819288548,17,296.0,0.2749200456394752,35,842.0
5030.0,26,503.0,6.797297297297297,5.189655171892238,12,514.0,0.17182758804347986,14,329.0,0.3824974759591354,26,843.0
5035.0,24,503.0,6.618421052631579,5.147893623463899,12,518.0,0.1861605074024877,12,329.0,0.33106788717251573,24,847.0
5040.0,36,603.0,7.8311688311688314,4.75159732501034,17,562.0,0.2568873333529178,19,328.0,0.22539771026679684,36,890.0
5045.0,40,590.0,7.662337662337662,4.186621157144652,18,570.0,0.30699185996307243,22,385.0,0.21719582655192707,40,955.0
5050.0,40,722.0,9.626666666666667,4.443928529529915,20,617.0,0.25732251698254127,20,426.0,0.26661775778327834,40,1043.0
5055.0,39,819.0,10.636363636363637,3.664543114937649,19,652.0,0.19942200199129925,20,511.0,0.21927195113376172,39,1163.0
5060.0,36,893.0,11.448717948717949,4.597363486914994,12,631.0,0.32633608326225916,24,596.0,0.16589981311172056,36,1227.0
5065.0,35,791.0,10.835616438356164,4.021554385956025,11,535.0,0.3822166993396406,24,649.0,0.04679009194791113,35,1184.0
5070.0,29,576.0,7.783783783783784,4.667231086159714,13,426.0,0.28611478142495705,16,630.0,0.18495288323949272,29,1056.0
5075.0,31,544.0,7.4520547945205475,3.6358839076851917,16,443.0,0.15120102953932624,15,572.0,0.2102737811603961,31,1015.0
5080.0,36,429.0,5.797297297297297,4.538507333566103,22,467.0,0.21793279464558477,14,504.0,0.30029108094456175,36,971.0
5085.0,32,422.0,5.702702702702703,4.538683679690302,20,507.0,0.26719812000495347,12,442.0,0.3012045754776311,32,949.0
5090.0,28,376.0,5.013333333333334,4.528412879056816,16,498.0,0.2248165482156652,12,465.0,0.3326753338213681,28,963.0
5095.0,26,339.0,4.52,4.190038107276174,14,503.0,0.18111179079394174,12,450.0,0.23145315691675097,26,953.0
5100.0,33,461.0,6.1466666666666665,4.16182659357639,19,556.0,0.12818278893691096,14,461.0,0.2544048343075535,33,1017.0
5105.0,38,538.0,7.27027027027027,3.664476609410984,23,557.0,0.12519061960086234,15,440.0,0.2440166520244538,38,997.0
5110.0,38,552.0,7.2631578947368425,4.160606797084486,23,511.0,0.23874517596286177,15,442.0,0.22888706281702553,38,953.0
5115.0,36,517.0,6.986486486486487,3.545966191731455,20,553.0,0.23006840113040625,16,395.0,0.205307480929892,36,948.0
5120.0,32,463.0,6.173333333333333,3.9831217987909335,17,544.0,0.19325036128441694,15,430.0,0.2760925661478068,32,974.0
5125.0,25,475.0,6.25,5.033564177929761,14,476.0,0.22988306441644524,11,423.0,0.23943620255987305,25,899.0
5130.0,28,453.0,5.883116883116883,4.377721134251372,14,448.0,0.20897713585681088,14,424.0,0.12966680750138784,28,872.0
5135.0,35,438.0,5.918918918918919,4.185368304677328,17,436.0,0.1733095913373552,18,429.0,0.1839643483368398,35,865.0
5140.0,37,530.0,7.681159420289855,3.4266723090029556,22,485.0,0.1192338305133494,15,429.0,0.22589963468421523,37,914.0
5145.0,35,602.0,9.261538461538462,3.5808575747291367,17,494.0,0.20797558202641525,18,429.0,0.1854689599424454,35,923.0
5150.0,33,720.0,11.076923076923077,4.146597675478648,14,514.0,0.3165398824618016,19,479.0,0.06015247010432603,33,993.0
5155.0,29,720.0,10.909090909090908,5.054684925314577,10,468.0,0.35589753611915753,19,552.0,0.10758077069799729,29,1020.0
5160.0,31,715.0,11.721311475409836,4.380009207037827,16,433.0,0.21112937158573963,15,563.0,0.258486087352775,31,996.0
5165.0,26,568.0,9.311475409836065,4.858429623215084,18,445.0,0.17315025583742133,8,468.0,0.3716542482209703,26,913.0
5170.0,27,568.0,9.015873015873016,5.350461501613837,17,421.0,0.11471098079842085,10,414.0,0.4041223626963273,27,835.0
5175.0,20,313.0,4.742424242424242,6.075960199852706,14,453.0,0.1880544116287884,6,243.0,0.4426265327813321,20,696.0
5180.0,20,259.0,3.9846153846153847,6.409189175774642,9,428.0,0.32154103553131125,11,152.0,0.3356217708062923,20,580.0
5185.0,22,240.0,3.8095238095238093,5.966898951842464,8,376.0,0.3986384806553466,14,184.0,0.22426833239194244,22,560.0
5190.0,22,219.0,3.711864406779661,5.6323376590187815,13,290.0,0.3179996691625208,9,203.0,0.2073043679683257,22,493.0
5195.0,24,229.0,3.8813559322033897,4.634802181734806,15,297.0,0.18790644429781878,9,175.0,0.24837793570453595,24,472.0
5200.0,27,309.0,5.327586206896552,5.442865168914931,15,300.0,0.243172266720086,12,200.0,0.34306682893067664,27,500.0
5205.0,27,284.0,4.896551724137931,4.6892271970088215,14,301.0,0.29235070313263656,13,216.0,0.32650075564434466,27,517.0
5210.0,22,242.0,4.033333333333333,4.715728699749223,9,234.0,0.33662217941594025,13,219.0,0.26993795889594985,22,453.0
5215.0,19,268.0,4.1875,5.47666260005683,7,197.0,0.418374068367019,12,237.0,0.2723439753923377,19,434.0
5220.0,16,264.0,4.0,6.551420287656737,7,197.0,0.3514410885843871,9,199.0,0.4299861033539821,16,396.0
5225.0,26,272.0,3.9420289855072466,5.718209036629541,15,242.0,0.21613072801153987,11,180.0,0.3990757112734939,26,422.0
5230.0,30,387.0,5.6911764705882355,5.607880873214535,16,298.0,0.21953742664819179,14,218.0,0.43552286913061367,30,516.0
5235.0,26,424.0,6.625,5.104651569510722,10,317.0,0.29210925102874835,16,262.0,0.3040293669709368,26,579.0
5240.0,25,372.0,6.0,4.498196011068287,7,245.0,0.29070955533166637,18,306.0,0.13337477586121788,25,551.0
5245.0,31,442.0,6.90625,4.707315648704755,11,272.0,0.25394475100199704,20,354.0,0.16216922022907732,31,626.0
5250.0,27,359.0,5.983333333333333,4.792400969061087,10,201.0,0.2680448052456498,17,359.0,0.2242217063931968,27,560.0
5255.0,29,434.0,7.114754098360656,4.698417792404871,13,189.0,0.28399237360472107,16,406.0,0.20752123292969607,29,595.0
5260.0,29,479.0,7.603174603174603,5.398423646965402,11,201.0,0.3344634360761101,18,441.0,0.259169133344378,29,642.0
5265.0,21,312.0,5.032258064516129,5.665499096959012,4,145.0,0.4357287196494786,17,429.0,0.194005366831948,21,574.0
5270.0,22,259.0,4.389830508474576,5.18437795006727,7,166.0,0.32694799568352945,15,376.0,0.16105950627638038,22,542.0
5275.0,29,320.0,5.517241379310345,4.5860905034917065,12,209.0,0.23727731337525,17,409.0,0.16403223850953644,29,618.0
5280.0,25,346.0,6.0701754385964914,4.5412445774458625,13,224.0,0.11936695054537233,12,399.0,0.26551217548755524,25,623.0
5285.0,19,354.0,6.8076923076923075,5.267305639831037,8,188.0,0.25907148256092455,11,415.0,0.2462951427024669,19,603.0
5290.0,21,394.0,7.576923076923077,5.046240872077421,6,183.0,0.3073713366342031,15,452.0,0.14397649649012492,21,635.0
5295.0,25,420.0,7.9245283018867925,5.4178802460172095,11,220.0,0.3169965275962255,14,467.0,0.24544563605369393,25,687.0
5300.0,23,379.0,7.288461538461538,5.205638193596187,10,237.0,0.3057314184205589,13,414.0,0.3481745815279475,23,651.0
5305.0,18,366.0,7.038461538461538,5.568195022859423,6,218.0,0.3783175313319982,12,400.0,0.30165499056254436,18,618.0
5310.0,19,258.0,4.961538461538462,4.876623462229539,5,140.0,0.3340049096192723,14,352.0,0.1746684336760211,19,492.0
5315.0,27,260.0,4.7272727272727275,4.441622897933185,12,123.0,0.31048334005667777,15,352.0,0.16291733190609026,27,475.0
5320.0,21,235.0,4.433962264150943,5.24935939497624,10,151.0,0.2506708036172601,11,281.0,0.3428548024115198,21,432.0
5325.0,14,217.0,4.34,5.945770615146426,6,141.0,0.2715939532613644,8,225.0,0.36977195562181764,14,366.0
5330.0,12,163.0,3.196078431372549,6.4401778235198135,4,86.0,0.35799807723524374,8,183.0,0.29160662958758854,12,269.0
5335.0,20,249.0,4.98,6.902684875375104,8,101.0,0.47619475199630945,12,222.0,0.3208257928631536,20,323.0
5340.0,18,258.0,4.6909090909090905,6.709910327528972,6,108.0,0.5253908594453595,12,247.0,0.32155603937576027,18,355.0
5345.0,18,312.0,5.571428571428571,6.643173595688329,7,107.0,0.519066401045621,11,283.0,0.36764558361687727,18,390.0
5350.0,20,272.0,5.037037037037037,4.893833346966217,9,108.0,0.41130036490111516,11,272.0,0.3237364726777869,20,380.0
5355.0,18,270.0,5.09433962264151,5.679879043022977,8,94.0,0.3884941243530384,10,242.0,0.31089016778778755,18,336.0
5360.0,18,255.0,5.1,4.836878319548151,9,71.0,0.20839381522497832,9,242.0,0.22621922630870364,18,313.0
5365.0,21,327.0,6.288461538461538,4.9850381839657825,11,97.0,0.20036710268082078,10,264.0,0.11340065351888531,21,361.0
5370.0,20,187.0,3.8958333333333335,5.435812875477563,12,126.0,0.28714098260679677,8,180.0,0.31554007973345743,20,306.0
5375.0,19,257.0,5.468085106382978,6.388342905154022,12,161.0,0.33972326388135293,7,144.0,0.44420094468681626,19,305.0
5380.0,18,203.0,4.06,5.642053827853665,12,178.0,0.34475860996232444,6,118.0,0.37787294120712134,18,296.0
5385.0,14,199.0,4.145833333333333,5.925441984184254,5,143.0,0.34489311657171706,9,125.0,0.3649133475850922,14,268.0
5390.0,13,93.0,1.9787234042553192,5.348032469353311,6,107.0,0.2377488312559638,7,112.0,0.34890946062808753,13,219.0
5395.0,17,123.0,2.6739130434782608,4.9738144309677725,14,144.0,0.12543100538782637,3,60.0,0.3526451974857416,17,204.0
5400.0,15,153.0,3.3260869565217392,6.1746192441228285,11,179.0,0.20891015003389088,4,53.0,0.5398932280696396,15,232.0
5405.0,15,167.0,3.5531914893617023,7.3450052560809,13,210.0,0.19178760697586314,2,33.0,0.6836713036266235,15,243.0
5410.0,13,169.0,3.595744680851064,7.538597936544484,10,207.0,0.31037391662287184,3,26.0,0.6657180705441968,13,233.0
5415.0,12,114.0,2.375,7.564961402315938,5,151.0,0.42297152721310155,7,51.0,0.4757948911556519,12,202.0
5420.0,14,84.0,1.9534883720930232,5.600932890838423,5,108.0,0.39450533441298463,9,63.0,0.23035903154310544,14,171.0
5425.0,18,142.0,2.9583333333333335,5.476610312190199,8,115.0,0.28523456225494354,10,106.0,0.26811219905441186,18,221.0
5430.0,17,137.0,2.9148936170212765,5.632515665391362,8,115.0,0.29902177854849166,9,119.0,0.41698242650591183,17,234.0
5435.0,12,136.0,2.7755102040816326,7.844627262300907,4,71.0,0.4108888541210938,8,94.0,0.5484102729977365,12,165.0
5440.0,11,115.0,2.2549019607843137,6.995772609952492,6,78.0,0.3103414610715963,5,95.0,0.4779012435305327,11,173.0
5445.0,16,169.0,3.25,7.58994501467367,9,112.0,0.3955608895507572,7,85.0,0.46203656770497376,16,197.0
5450.0,17,225.0,4.6875,6.588384980837827,7,126.0,0.4801245439699418,10,126.0,0.31455429113904065,17,252.0
5455.0,15,199.0,4.061224489795919,6.620130303014509,7,135.0,0.4734647047269064,8,103.0,0.36933011730811055,15,238.0
5460.0,16,183.0,3.452830188679245,6.753495318747078,7,110.0,0.4356883154078981,9,122.0,0.39673772757024856,16,232.0
5465.0,18,179.0,3.3773584905660377,5.965722583651455,11,120.0,0.36465104941458404,7,118.0,0.3369997965083976,18,238.0
5470.0,23,260.0,4.814814814814815,5.90616021622236,12,161.0,0.380434524617267,11,129.0,0.3652501317454503,23,290.0
5475.0,17,230.0,4.107142857142857,5.497636205083485,9,173.0,0.3178027004433383,8,125.0,0.337268177992928,17,298.0
5480.0,16,168.0,2.847457627118644,5.757482904841378,10,149.0,0.21541945953896216,6,88.0,0.4328225753838539,16,237.0
5485.0,23,246.0,4.169491525423729,5.930687199039737,16,198.0,0.2444292430197453,7,101.0,0.4137041972745984,23,299.0
5490.0,26,261.0,4.35,5.693107926416949,14,211.0,0.29437794949064444,12,131.0,0.3069700682880157,26,342.0
5495.0,23,238.0,4.175438596491228,5.484764430585818,12,225.0,0.34239530341763574,11,155.0,0.26420721395974506,23,380.0
5500.0,23,250.0,4.385964912280702,5.01795681114078,12,244.0,0.3136811111617171,11,155.0,0.2974055741047524,23,399.0
5505.0,22,201.0,3.35,5.477664658677717,12,218.0,0.3826426790515663,10,154.0,0.2780315025401037,22,372.0
5510.0,17,195.0,3.3620689655172415,6.140845090329391,12,242.0,0.3836787162109283,5,110.0,0.37255593691411265,17,352.0
5515.0,23,263.0,4.383333333333334,5.424291182644776,17,305.0,0.19340695651149425,6,123.0,0.41855422572466344,23,428.0
5520.0,30,358.0,5.966666666666667,4.9849604964337875,20,367.0,0.18919487956245243,10,150.0,0.4133551834579289,30,517.0
5525.0,29,417.0,6.619047619047619,5.106166195576645,21,402.0,0.2930084990248612,8,158.0,0.3155981600967875,29,560.0
5530.0,26,464.0,8.0,4.808757267887686,19,433.0,0.22585352171703693,7,146.0,0.37559204105165633,26,579.0
5535.0,20,359.0,6.189655172413793,4.93585005044691,13,430.0,0.22108337624083457,7,105.0,0.33757806038615557,20,535.0
5540.0,23,397.0,6.616666666666666,4.8517248357341405,14,451.0,0.20449784185558975,9,122.0,0.243821647326583,23,573.0
5545.0,25,467.0,7.915254237288136,5.3095624100023295,18,490.0,0.20579745278005063,7,144.0,0.4235507155114642,25,634.0
5550.0,22,508.0,8.610169491525424,6.2456642493525,18,523.0,0.18669960491749607,4,139.0,0.6123491154806389,22,662.0
5555.0,19,479.0,8.11864406779661,6.30615424737651,16,531.0,0.1564029110557779,3,70.0,0.6228717876719245,19,601.0
5560.0,25,436.0,7.266666666666667,5.667092092993841,17,536.0,0.18950554536471254,8,75.0,0.4738762301148302,25,611.0
5565.0,24,317.0,5.031746031746032,6.197530219550515,15,480.0,0.38002465823262643,9,83.0,0.3985984604831354,24,563.0
5570.0,24,328.0,5.2063492063492065,4.961155100686299,11,461.0,0.3540335079979426,13,139.0,0.27310727876712126,24,600.0
5575.0,20,202.0,3.15625,4.9224825941955865,9,357.0,0.3227996961436729,11,160.0,0.2822494569372958,20,517.0
5580.0,16,224.0,3.5555555555555554,5.47025641202531,9,313.0,0.25123505400849344,7,145.0,0.36291925712057843,16,458.0
5585.0,22,283.0,4.223880597014926,5.138135031004187,14,279.0,0.17700421414670356,8,178.0,0.32060193362319495,22,457.0
5590.0,31,338.0,5.2,4.577944385889058,19,309.0,0.14612382613443553,12,223.0,0.314262663859139,31,532.0
5595.0,32,348.0,5.3538461538461535,4.474643484700569,23,367.0,0.17140710186845584,9,204.0,0.3605019112581461,32,571.0
5600.0,35,448.0,6.787878787878788,4.252626450211738,23,397.0,0.1914361675901034,12,211.0,0.3333345858969142,35,608.0
5605.0,27,382.0,6.063492063492063,4.121406038136081,15,376.0,0.18409665975320694,12,225.0,0.3182090974045259,27,601.0
5610.0,19,357.0,5.758064516129032,5.31512641446611,11,366.0,0.2170861438739901,8,184.0,0.27369973868602127,19,550.0
5615.0,18,257.0,4.213114754098361,5.588325319599232,11,359.0,0.23952830951834503,7,109.0,0.22434763277294217,18,468.0
5620.0,29,335.0,5.583333333333333,5.031989079830768,17,382.0,0.22591796742545395,12,123.0,0.1659023929510578,29,505.0
5625.0,27,404.0,7.345454545454546,4.269910520080328,18,423.0,0.2654172824971582,9,152.0,0.21728660768850439,27,575.0
5630.0,19,431.0,8.132075471698114,5.220844698398055,10,407.0,0.2620374367356231,9,168.0,0.2858956573841806,19,575.0
5635.0,17,254.0,4.884615384615385,4.657444007286077,10,328.0,0.23846409858716064,7,161.0,0.28848178314077255,17,489.0
5640.0,20,309.0,5.830188679245283,5.3569891197964905,16,313.0,0.16904512828527274,4,124.0,0.4425258508082747,20,437.0
5645.0,24,386.0,7.423076923076923,5.248576698995776,18,351.0,0.15520708297620336,6,145.0,0.45199517187299276,24,496.0
5650.0,18,426.0,7.888888888888889,6.259176286792212,12,351.0,0.19676293417503993,6,175.0,0.5659585305506775,18,526.0
5655.0,13,280.0,4.912280701754386,6.216340664612028,8,292.0,0.26933210909422955,5,189.0,0.5099551330743483,13,481.0
5660.0,17,313.0,5.491228070175438,6.875206485501384,10,224.0,0.3786108706877734,7,214.0,0.4743754432656465,17,438.0
5665.0,20,333.0,5.946428571428571,6.291373631805196,11,233.0,0.37227343696067416,9,215.0,0.4222005048112201,20,448.0
5670.0,18,388.0,6.807017543859649,6.180948903689331,8,224.0,0.342590914474851,10,262.0,0.3550845567768723,18,486.0
5675.0,22,197.0,3.456140350877193,4.670060902627453,11,201.0,0.2573161788933715,11,172.0,0.2589970769369894,22,373.0
5680.0,28,301.0,5.189655172413793,4.792709998359033,16,222.0,0.2687381511913028,12,178.0,0.27179596511611476,28,400.0
5685.0,26,317.0,5.763636363636364,4.026151391414143,15,243.0,0.23265113092151324,11,213.0,0.26390258942800787,26,456.0
5690.0,29,422.0,7.535714285714286,3.762300252397643,17,283.0,0.156365171812858,12,244.0,0.28091100958557336,29,527.0
5695.0,36,514.0,9.178571428571429,3.3525852467460058,21,328.0,0.17792499228573522,15,310.0,0.22073960752200825,36,638.0
5700.0,24,356.0,5.836065573770492,4.89265203919164,12,303.0,0.27004731706719726,12,294.0,0.2448536716108089,24,597.0
5705.0,15,255.0,4.396551724137931,5.645781715017186,9,324.0,0.25211420006804763,6,186.0,0.30169527894673165,15,510.0
5710.0,20,303.0,5.224137931034483,5.960556271651115,14,335.0,0.13168957446929327,6,156.0,0.416068920852032,20,491.0
5715.0,22,301.0,5.375,4.807984414003294,17,355.0,0.08946074082706282,5,118.0,0.4301905750673848,22,473.0
5720.0,20,346.0,6.407407407407407,6.009459716153921,12,336.0,0.24904840947937482,8,131.0,0.4212210320665657,20,467.0
5725.0,17,186.0,3.576923076923077,5.425212469458056,8,264.0,0.289022213257835,9,84.0,0.25542604893087334,17,348.0
5730.0,23,277.0,5.431372549019608,5.62461200088646,12,261.0,0.3286096784629842,11,138.0,0.2438201762835051,23,399.0
5735.0,21,311.0,6.098039215686274,5.373160525762917,13,282.0,0.3271071579335976,8,148.0,0.393576835880673,21,430.0
5740.0,15,327.0,6.169811320754717,6.6706108256156424,9,256.0,0.3170718871982234,6,135.0,0.5411520639518598,15,391.0
5745.0,15,253.0,4.865384615384615,5.807282541434745,10,257.0,0.2484534380375298,5,99.0,0.30763264586762556,15,356.0
5750.0,24,337.0,6.017857142857143,5.823717640469211,13,282.0,0.3019189904746613,11,110.0,0.22400778646108432,24,392.0
5755.0,23,427.0,8.211538461538462,6.000244801205802,17,356.0,0.2757186844765345,6,121.0,0.38340591890067205,23,477.0
5760.0,18,471.0,9.235294117647058,5.926746746839733,12,391.0,0.19821156461122882,6,130.0,0.5112758088034466,18,521.0
5765.0,15,418.0,7.464285714285714,6.818629154951296,11,383.0,0.18155953187449037,4,116.0,0.5965758672625313,15,499.0
5770.0,16,450.0,7.627118644067797,7.194513259145378,11,426.0,0.2462507901195732,5,99.0,0.5462069356647815,16,525.0
5775.0,21,471.0,8.120689655172415,6.431279281323521,14,475.0,0.3354330589841961,7,49.0,0.4135489109493614,21,524.0
5780.0,22,350.0,5.932203389830509,6.148868150315876,12,397.0,0.409645516578071,10,89.0,0.35306883816036566,22,486.0
5785.0,23,380.0,6.666666666666667,5.688473075579604,13,303.0,0.39805881587095276,10,134.0,0.3314083572106318,23,437.0
5790.0,26,330.0,5.689655172413793,4.713979082563657,13,268.0,0.27727177518403295,13,181.0,0.2946225477500324,26,449.0
5795.0,28,371.0,6.183333333333334,4.0612140999569455,17,266.0,0.23487702368597968,11,206.0,0.2693171382508969,28,472.0
5800.0,27,349.0,5.721311475409836,4.588844964659742,19,281.0,0.19049674829511173,8,186.0,0.34310250015906774,27,467.0
5805.0,18,204.0,3.1875,5.511231519929501,11,237.0,0.2134524714607068,7,150.0,0.341736125422888,18,387.0
5810.0,22,237.0,3.590909090909091,5.6539430442854535,11,261.0,0.27677200001925506,11,135.0,0.22403368818290273,22,396.0
5815.0,25,258.0,4.095238095238095,5.373664981787695,13,279.0,0.3362133556108525,12,169.0,0.19474242703007769,25,448.0
5820.0,22,303.0,4.734375,4.950468186884147,15,303.0,0.18369215658218874,7,163.0,0.3967764772287169,22,466.0
5825.0,20,235.0,3.7301587301587302,4.941145542627463,15,299.0,0.19606556489401658,5,119.0,0.3857799905224174,20,418.0
5830.0,22,275.0,4.230769230769231,5.801342875238023,13,338.0,0.33357592015631055,9,106.0,0.2871207961923628,22,444.0
5835.0,28,363.0,5.5,5.420456817859734,18,398.0,0.2925158002761737,10,131.0,0.3259286359241983,28,529.0
5840.0,28,380.0,5.757575757575758,4.960238744571677,21,450.0,0.17437716357237779,7,132.0,0.4728302466689827,28,582.0
5845.0,26,311.0,4.712121212121212,5.137452884309047,24,462.0,0.13239456936823374,2,97.0,0.5177947701546403,26,559.0
5850.0,27,368.0,5.111111111111111,5.759531883529621,20,508.0,0.2656831646474936,7,93.0,0.4199716583719155,27,601.0
5855.0,24,313.0,4.287671232876712,5.642338096960669,13,484.0,0.307553261016552,11,113.0,0.3151412587376962,24,597.0
5860.0,22,379.0,5.492753623188406,4.976222681846391,13,486.0,0.2616819847660497,9,132.0,0.2527424794450494,22,618.0
5865.0,28,396.0,5.577464788732394,4.784176172731305,20,517.0,0.13764156712224432,8,115.0,0.3184719036728968,28,632.0
5870.0,37,454.0,6.394366197183099,4.734398427885668,24,569.0,0.1813947032725432,13,117.0,0.3065327583127601,37,686.0
5875.0,30,364.0,5.2,4.2600401713626646,21,554.0,0.22529726274320075,9,150.0,0.23736377892646124,30,704.0
5880.0,24,330.0,5.0,4.164089787146388,16,567.0,0.1908095135947019,8,146.0,0.31030377003250453,24,713.0
5885.0,17,242.0,3.78125,5.232119219359712,12,503.0,0.13941281179074316,5,120.0,0.4338417697096994,17,623.0
5890.0,22,220.0,3.3333333333333335,4.873163351067446,13,500.0,0.16659312785601993,9,135.0,0.2920256424655886,22,635.0
5895.0,32,224.0,3.4461538461538463,4.49329661583614,20,508.0,0.1998922966800972,12,140.0,0.3331408297650409,32,648.0
5900.0,34,346.0,5.492063492063492,4.395070476859489,20,544.0,0.22740862620627253,14,152.0,0.39004447261588654,34,696.0
5905.0,29,381.0,5.686567164179104,4.012729343347982,17,534.0,0.2543814879187698,12,178.0,0.21292048963621252,29,712.0
5910.0,22,322.0,4.8059701492537314,5.0673214160679585,15,518.0,0.2798915341708102,7,153.0,0.22563866733154422,22,671.0
5915.0,22,291.0,4.343283582089552,5.445058317772546,13,452.0,0.24476716660527864,9,129.0,0.33170416946360826,22,581.0
5920.0,22,265.0,4.076923076923077,5.169363652544592,15,466.0,0.17161272274963862,7,138.0,0.3293140178126331,22,604.0
5925.0,28,334.0,5.661016949152542,4.449778257424988,16,455.0,0.1184209781302042,12,144.0,0.35500572356624466,28,599.0
5930.0,25,351.0,5.85,3.7843433970108706,11,457.0,0.12069279793191852,14,187.0,0.17977565133046972,25,644.0
5935.0,27,299.0,4.746031746031746,4.3374819029924945,12,413.0,0.18204047155322584,15,221.0,0.2112267928338353,27,634.0
5940.0,31,364.0,5.870967741935484,5.1748049130567235,18,434.0,0.2523721972108537,13,248.0,0.2786630543943255,31,682.0
5945.0,24,362.0,6.241379310344827,4.8075557081092,16,457.0,0.18410380872685464,8,209.0,0.3351965471666989,24,666.0
5950.0,25,303.0,5.135593220338983,3.979720756983415,16,436.0,0.10797734005973303,9,171.0,0.2470199880653443,25,607.0
5955.0,27,344.0,5.639344262295082,4.600905306258967,13,457.0,0.20280086736634076,14,207.0,0.2499889442320685,27,664.0
5960.0,21,324.0,5.4,5.240140840509681,7,396.0,0.3298579596954991,14,237.0,0.26809099354507454,21,633.0
5965.0,16,211.0,3.767857142857143,5.37760223351203,8,282.0,0.2940191060453567,8,213.0,0.28591575633700267,16,495.0
5970.0,20,218.0,3.824561403508772,5.936760254119464,12,288.0,0.24428085806508376,8,182.0,0.3579446422252334,20,470.0
5975.0,24,236.0,3.933333333333333,5.872972184623761,14,294.0,0.16473584559784904,10,158.0,0.3881516323596916,24,452.0
5980.0,20,259.0,4.316666666666666,5.974189605446332,11,247.0,0.31635781478764796,9,192.0,0.40176665425081304,20,439.0
5985.0,18,271.0,4.754385964912281,5.693957963231423,9,241.0,0.27987318049364984,9,199.0,0.3847101636653146,18,440.0
5990.0,19,168.0,2.896551724137931,5.347838492798084,5,190.0,0.33983543655009635,14,160.0,0.2377373545964301,19,350.0
5995.0,28,255.0,4.25,4.929113990311066,9,186.0,0.22836586928269348,19,215.0,0.17497090628055417,28,401.0
6000.0,32,334.0,5.859649122807017,4.957045329887918,13,186.0,0.3171854894860156,19,280.0,0.2047142006204586,32,466.0
6005.0,26,350.0,6.140350877192983,4.406435261468761,10,179.0,0.36540558490660585,16,319.0,0.19809246182295887,26,498.0
6010.0,28,403.0,6.830508474576271,4.025702467512288,12,213.0,0.32704172784454427,16,356.0,0.1927449194519011,28,569.0
6015.0,26,396.0,6.6,4.6774835459529145,12,215.0,0.285736438258959,14,354.0,0.26927165157199107,26,569.0
6020.0,20,321.0,5.17741935483871,4.841902784037352,6,154.0,0.26092519356751687,14,357.0,0.2574932081260344,20,511.0
6025.0,19,181.0,3.0677966101694913,5.207544624424461,4,100.0,0.3287106537103918,15,354.0,0.16956795294507648,19,454.0
6030.0,24,254.0,4.379310344827586,5.013588159103822,8,98.0,0.3289077751491637,16,388.0,0.16889361165226763,24,486.0
6035.0,22,273.0,4.875,5.665136241317088,7,107.0,0.4433392449153976,15,416.0,0.22291970610562048,22,523.0
6040.0,25,377.0,6.981481481481482,5.33743733042686,8,129.0,0.28227340893481506,17,447.0,0.2668691480690796,25,576.0
6045.0,24,417.0,7.722222222222222,5.489691303117799,8,133.0,0.3785094432429455,16,430.0,0.2653004626680666,24,563.0
6050.0,21,360.0,7.0588235294117645,4.895198263085022,4,91.0,0.5474483873179892,17,422.0,0.06657855585764852,21,513.0
6055.0,26,386.0,7.423076923076923,5.08695359689142,7,80.0,0.4732571502309128,19,456.0,0.05388640299048628,26,536.0
6060.0,26,392.0,7.127272727272727,4.745987421493435,8,71.0,0.29761981521959857,18,481.0,0.20183504554262122,26,552.0
6065.0,21,300.0,5.555555555555555,5.347464034335839,8,91.0,0.29775457086250906,13,434.0,0.35774127900980957,21,525.0
6070.0,24,274.0,5.169811320754717,5.295060285850676,13,139.0,0.3431809737151376,11,437.0,0.3670486879491026,24,576.0
6075.0,19,180.0,3.2142857142857144,5.202387217338001,11,154.0,0.26374327590006896,8,373.0,0.35412144992083533,19,527.0
6080.0,16,155.0,2.6271186440677967,6.043859734108699,6,115.0,0.25523244595971184,10,359.0,0.3562424229674685,16,474.0
6085.0,18,160.0,2.5806451612903225,5.852522804727399,5,118.0,0.24308044457816658,13,315.0,0.3554286896397961,18,433.0
6090.0,28,270.0,4.5,6.011928404097233,11,123.0,0.3487331823774352,17,353.0,0.32894272639512095,28,476.0
6095.0,23,320.0,5.614035087719298,4.613987355093076,8,127.0,0.36191307410411816,15,391.0,0.24051800711972599,23,518.0
6100.0,19,315.0,5.625,4.896714423094063,4,82.0,0.36829872443524697,15,371.0,0.1899308964347543,19,453.0
6105.0,20,271.0,4.672413793103448,5.244075223918506,5,50.0,0.3150060930559687,15,403.0,0.2270757248111376,20,453.0
6110.0,27,352.0,5.770491803278689,5.799686360885352,9,74.0,0.3107337620593034,18,410.0,0.28460041645401873,27,484.0
6115.0,24,378.0,6.75,5.2688523837108985,8,89.0,0.4285029881086908,16,462.0,0.24087459292187757,24,551.0
6120.0,27,459.0,8.196428571428571,5.189719397366732,8,109.0,0.44931406686349734,19,517.0,0.18489193350351635,27,626.0
6125.0,27,457.0,7.616666666666666,4.1862753310721,9,111.0,0.3312269059851796,18,535.0,0.1874229937119826,27,646.0
6130.0,18,398.0,6.745762711864407,6.224213376384063,5,83.0,0.4789139588576692,13,499.0,0.26069545701174107,18,582.0
6135.0,19,262.0,4.5964912280701755,5.826010726214012,7,75.0,0.46019910260928854,12,380.0,0.19096321281129666,19,455.0
6140.0,18,174.0,2.9491525423728815,6.139459127123327,4,80.0,0.42628132001619046,14,298.0,0.1695482014430149,18,378.0
6145.0,22,221.0,3.810344827586207,5.075648675108378,9,102.0,0.40167395830019537,13,331.0,0.17496385585672705,22,433.0
6150.0,26,283.0,4.639344262295082,5.042383921907606,11,112.0,0.32889570045505717,15,348.0,0.26948851380072125,26,460.0
6155.0,27,348.0,6.105263157894737,5.059686548001368,14,178.0,0.29939968448051074,13,360.0,0.3868915296680183,27,538.0
6160.0,24,312.0,5.114754098360656,4.784020273145333,16,195.0,0.21000433458235537,8,300.0,0.3575500449641116,24,495.0
6165.0,26,374.0,6.032258064516129,4.557419339205464,17,246.0,0.2101823230620511,9,267.0,0.2634548481489036,26,513.0
6170.0,31,380.0,5.9375,4.525967483407371,17,282.0,0.23866068139830204,14,255.0,0.21956684542306107,31,537.0
6175.0,23,303.0,5.05,5.001937552349712,8,233.0,0.31909066341865805,15,287.0,0.23238379298264775,23,520.0
6180.0,17,344.0,5.830508474576271,5.4136970840454826,7,187.0,0.2809047069964684,10,293.0,0.21902345910323745,17,480.0
6185.0,21,320.0,5.423728813559322,4.78324315701246,10,198.0,0.1220416771936025,11,310.0,0.15712623890588323,21,508.0
6190.0,29,364.0,6.169491525423729,4.80782883824885,16,213.0,0.14039173439412644,13,339.0,0.22567469831015544,29,552.0
6195.0,23,272.0,4.857142857142857,4.375518085931908,13,239.0,0.2187743252619315,10,258.0,0.2757747623484003,23,497.0
6200.0,21,315.0,6.0576923076923075,5.769861384669775,8,218.0,0.38697590341577287,13,258.0,0.30225983955764096,21,476.0
6205.0,19,252.0,4.666666666666667,5.5574185275912065,8,182.0,0.4002868745422269,11,266.0,0.21848379111853794,19,448.0
6210.0,23,304.0,5.428571428571429,5.731743875968261,14,226.0,0.23992766504411525,9,222.0,0.2842910736538368,23,448.0
6215.0,24,270.0,5.1923076923076925,4.693033142660635,16,229.0,0.10506541103429831,8,222.0,0.3125787368752542,24,451.0
6220.0,23,336.0,6.461538461538462,5.557554494830748,14,263.0,0.15707810952800275,9,211.0,0.3856908978383277,23,474.0
6225.0,20,276.0,5.3076923076923075,5.116616229161437,12,273.0,0.2790206350032098,8,171.0,0.3327565593838575,20,444.0
6230.0,18,251.0,4.648148148148148,6.544892723128043,6,217.0,0.4959393194041273,12,163.0,0.32131733822706615,18,380.0
6235.0,16,170.0,3.1481481481481484,5.652816750488143,4,172.0,0.46907783631874567,12,178.0,0.2269083462811997,16,350.0
6240.0,17,165.0,3.0,6.180952348930054,9,133.0,0.34638421285426624,8,149.0,0.3434154541523866,17,282.0
6245.0,20,195.0,3.611111111111111,5.160438668933575,10,139.0,0.17509836450334615,10,155.0,0.3599886492667097,20,294.0
6250.0,19,200.0,3.5714285714285716,6.056200936522038,9,122.0,0.30474180618976243,10,170.0,0.35717286378177937,19,292.0
6255.0,19,150.0,2.727272727272727,5.118991605099798,6,117.0,0.38460263335443035,13,159.0,0.21341837754636256,19,276.0
6260.0,25,245.0,4.1525423728813555,6.142091038709407,10,130.0,0.5480019356921593,15,213.0,0.21347281271384044,25,343.0
6265.0,22,272.0,4.610169491525424,5.271242087301428,9,156.0,0.5051891605746403,13,233.0,0.18539644267070904,22,389.0
6270.0,16,261.0,4.660714285714286,6.183686403048649,8,172.0,0.4896490175464521,8,207.0,0.3110142500311839,16,379.0
6275.0,16,211.0,3.767857142857143,5.0319873907869335,10,158.0,0.15413931805874298,6,185.0,0.4009328746556887,16,343.0
6280.0,27,293.0,5.051724137931035,5.4129666928720335,16,195.0,0.16316272064810397,11,215.0,0.3569408071846148,27,410.0
6285.0,27,339.0,6.053571428571429,4.346486777427354,15,257.0,0.2293652517475825,12,228.0,0.23790427464750774,27,485.0
6290.0,24,390.0,6.842105263157895,5.272334031704581,14,306.0,0.3948128118473435,10,199.0,0.23344220027074833,24,505.0
6295.0,23,371.0,6.625,4.754764702560984,12,331.0,0.37822077084819933,11,194.0,0.27622434488380787,23,525.0
6300.0,15,297.0,4.95,6.048584194068255,9,303.0,0.38330148884342574,6,140.0,0.3334393600424334,15,443.0
6305.0,19,344.0,5.639344262295082,6.520981751318831,13,334.0,0.3174738871596928,6,136.0,0.43158554669494026,19,470.0
6310.0,21,345.0,5.2272727272727275,6.306453886015539,15,371.0,0.2715501365041752,6,125.0,0.34903765658093366,21,496.0
6315.0,25,304.0,4.75,5.5125137320174,16,354.0,0.23691078058004328,9,149.0,0.42578961468425436,25,503.0
6320.0,26,240.0,3.8095238095238093,5.037262937393027,18,312.0,0.19570845913756357,8,135.0,0.44986165411465334,26,447.0
6325.0,26,266.0,4.360655737704918,4.746032608005151,17,338.0,0.2114418151655765,9,119.0,0.45232487242034297,26,457.0
6330.0,24,222.0,3.76271186440678,3.962268045831336,15,331.0,0.22074132939980037,9,118.0,0.2632058805178695,24,449.0
6335.0,21,216.0,3.6610169491525424,4.5062136838778,15,345.0,0.22505698256812917,6,85.0,0.17398240637083204,21,430.0
6340.0,23,310.0,5.254237288135593,5.354637933161283,18,412.0,0.12455981846915914,5,82.0,0.43405510902600186,23,494.0
6345.0,26,392.0,6.6440677966101696,5.378616686273126,20,443.0,0.1435090724219768,6,93.0,0.47288830013061406,26,536.0
6350.0,24,455.0,8.125,5.299513669972527,18,469.0,0.23882305877129,6,115.0,0.438555813554533,24,584.0
6355.0,20,488.0,9.037037037037036,4.51749501404707,15,501.0,0.18704380406393678,5,112.0,0.3621641481516278,20,613.0
6360.0,18,445.0,8.090909090909092,5.066794445814044,13,477.0,0.2506296010995193,5,65.0,0.30739360264646676,18,542.0
6365.0,21,441.0,7.47457627118644,5.897870311376118,12,466.0,0.29763797889966664,9,88.0,0.29357263085193336,21,554.0
6370.0,20,282.0,4.862068965517241,6.383729795790411,12,418.0,0.3341036484312119,8,113.0,0.3322013978769175,20,531.0
6375.0,13,189.0,3.2586206896551726,6.973479024830424,10,376.0,0.3350231476093627,3,100.0,0.516720133437579,13,476.0
6380.0,16,145.0,2.7884615384615383,5.137887411211112,13,402.0,0.15427246728676836,3,63.0,0.5086347901902796,16,465.0
6385.0,18,194.0,3.803921568627451,5.36950310727121,12,426.0,0.1535871302670298,6,57.0,0.4489535850400235,18,483.0
6390.0,27,298.0,5.518518518518518,4.7665215588737455,16,447.0,0.1795817340105364,11,102.0,0.3535582544040706,27,549.0
6395.0,23,344.0,6.490566037735849,4.8213152103946975,15,416.0,0.25059413255678736,8,123.0,0.29147681326102126,23,539.0
6400.0,19,276.0,5.3076923076923075,4.869818309725774,13,407.0,0.20437908581678066,6,112.0,0.4229676871234414,19,519.0
6405.0,22,321.0,6.056603773584905,5.293930287186187,17,371.0,0.2277103860603127,5,119.0,0.4023629430514664,22,490.0
6410.0,22,369.0,6.254237288135593,6.455974608635658,14,401.0,0.2943910904291234,8,150.0,0.4635700142430873,22,551.0
6415.0,18,292.0,5.0344827586206895,6.447964357763816,11,393.0,0.3340717353449474,7,124.0,0.399716914369042,18,517.0
6420.0,19,231.0,3.9827586206896552,6.143207167935815,9,363.0,0.251716798252624,10,137.0,0.38921606083188903,19,500.0
6425.0,23,253.0,4.147540983606557,6.017903337827015,13,328.0,0.21177608218006533,10,146.0,0.4244771905075387,23,474.0
6430.0,19,214.0,3.8214285714285716,6.81628708337375,13,288.0,0.3067589777109231,6,117.0,0.5396253676661099,19,405.0
6435.0,15,199.0,3.491228070175439,5.6688458981708685,9,221.0,0.28319021783829373,6,150.0,0.39013229375161373,15,371.0
6440.0,24,304.0,5.066666666666666,5.296123196717096,11,230.0,0.2705493986805994,13,206.0,0.3694532223785251,24,436.0
6445.0,25,261.0,4.142857142857143,4.469784608014241,11,222.0,0.23958958199075908,14,234.0,0.348578185114623,25,456.0
6450.0,30,339.0,5.380952380952381,5.300586881486177,11,160.0,0.4580988699195396,19,257.0,0.26869144944335605,30,417.0
6455.0,28,352.0,5.176470588235294,4.895385023490314,7,164.0,0.48538213950845766,21,304.0,0.18618656639557238,28,468.0
6460.0,26,352.0,5.176470588235294,5.894749906308136,10,181.0,0.46302870472350754,16,320.0,0.29881072417008003,26,501.0
6465.0,23,330.0,4.714285714285714,5.301018346584648,10,188.0,0.22038802327073678,13,361.0,0.34301884254044457,23,549.0
6470.0,31,380.0,5.352112676056338,4.9410071672373075,13,199.0,0.28531394133515736,18,383.0,0.2655024165789504,31,582.0
6475.0,34,348.0,4.833333333333333,4.264538256666319,11,230.0,0.3289371456782437,23,368.0,0.20434797302756175,34,598.0
6480.0,34,388.0,5.105263157894737,4.822040531317758,7,219.0,0.40926099413477646,27,450.0,0.18305824830613718,34,669.0
6485.0,34,396.0,5.28,4.535759707507086,6,170.0,0.4279256007801165,28,547.0,0.15718324859183838,34,717.0
6490.0,39,512.0,6.918918918918919,4.351522702409287,9,119.0,0.34465191599234674,30,652.0,0.1743745139406842,39,771.0
6495.0,40,584.0,7.786666666666667,3.8255564777217215,10,148.0,0.32518546207169996,30,718.0,0.16801995010860615,40,866.0
6500.0,33,484.0,6.54054054054054,4.2219016988270495,8,156.0,0.3250713962603155,25,684.0,0.16100234011380948,33,840.0
6505.0,29,395.0,5.337837837837838,4.259662051751448,9,134.0,0.1575922731557525,20,633.0,0.20566326885378214,29,767.0
6510.0,29,471.0,6.197368421052632,5.517549177654533,11,133.0,0.19706053573826884,18,620.0,0.31328552325818815,29,753.0
6515.0,29,530.0,7.361111111111111,5.17934313988971,11,167.0,0.18459279241562698,18,641.0,0.29287733909228336,29,808.0
6520.0,25,522.0,7.457142857142857,5.339548215836972,6,169.0,0.43400395238385037,19,650.0,0.19947379649304414,25,819.0
6525.0,27,478.0,6.828571428571428,4.600175583046504,5,117.0,0.4686067302898048,22,688.0,0.11275701396381879,27,805.0
6530.0,33,614.0,8.771428571428572,5.84854391670981,6,149.0,0.6325757860964674,27,763.0,0.13827053080131232,33,912.0
6535.0,32,617.0,9.073529411764707,4.969466407423944,6,112.0,0.51739110602088,26,826.0,0.16777556802619342,32,938.0
6540.0,28,619.0,8.842857142857143,4.822384671498773,10,128.0,0.357699729230916,18,791.0,0.18992452634046134,28,919.0
6545.0,29,662.0,9.594202898550725,3.7698280118924266,12,155.0,0.24886438921689738,17,820.0,0.11320791362331117,29,975.0
6550.0,31,674.0,9.911764705882353,4.165841118470921,10,162.0,0.2800647299990029,21,825.0,0.06617399015967008,31,987.0
6555.0,31,557.0,8.43939393939394,3.7991389213794347,9,182.0,0.26885623116049645,22,763.0,0.10232342889842795,31,945.0
6560.0,34,402.0,5.826086956521739,4.6716793382339095,14,222.0,0.2686660740313573,20,720.0,0.2457021513114028,34,942.0
6565.0,26,387.0,5.953846153846154,5.020379913092648,12,261.0,0.30434766105470185,14,713.0,0.34348803343347006,26,974.0
6570.0,19,311.0,4.712121212121212,5.247919422710148,8,253.0,0.37004032770284256,11,624.0,0.21728774430368009,19,877.0
6575.0,21,257.0,3.8358208955223883,4.9538930473210945,7,174.0,0.27714699731112535,14,572.0,0.1450992459537695,21,746.0
6580.0,29,296.0,4.352941176470588,5.1595831785871,12,160.0,0.255433552589876,17,515.0,0.17048519950066304,29,675.0
6585.0,30,355.0,5.220588235294118,4.238483014965472,13,192.0,0.19018259626173323,17,535.0,0.2693534093901436,30,727.0
6590.0,27,432.0,6.260869565217392,5.486097454389889,14,219.0,0.27052777101332487,13,515.0,0.37617858325118814,27,734.0
6595.0,27,486.0,7.043478260869565,5.171149828400571,12,241.0,0.34709289862622056,15,540.0,0.2831869569020844,27,781.0
6600.0,22,456.0,6.514285714285714,5.020910410559966,3,198.0,0.4397323709684872,19,560.0,0.12627181417101266,22,758.0
6605.0,26,493.0,7.46969696969697,4.4784133666392005,6,148.0,0.36408133699757633,20,631.0,0.12483498602089771,26,779.0
6610.0,27,552.0,8.625,4.678228199004115,13,198.0,0.1983604987067285,14,669.0,0.2541721092506046,27,867.0
6615.0,30,548.0,9.133333333333333,3.993711403414601,13,216.0,0.1488910085265927,17,645.0,0.23315760149103557,30,861.0
6620.0,21,462.0,8.105263157894736,4.787028431078682,6,186.0,0.29991274068677914,15,552.0,0.19323007063956912,21,738.0
6625.0,20,236.0,4.214285714285714,3.9680562284427086,4,113.0,0.4085919319307615,16,496.0,0.11446620591008691,20,609.0
6630.0,28,311.0,5.362068965517241,5.362771279923368,10,118.0,0.43685234640170295,18,426.0,0.20123452181345358,28,544.0
6635.0,29,369.0,6.362068965517241,4.465189126712728,9,143.0,0.37796249261353154,20,463.0,0.1719998053184597,29,606.0
6640.0,23,360.0,6.101694915254237,4.5998547615552665,7,143.0,0.3743958970083263,16,474.0,0.1581746288488956,23,617.0
6645.0,20,307.0,5.116666666666666,4.763335186436096,5,138.0,0.33407343244261756,15,492.0,0.23458941757747573,20,630.0
6650.0,22,256.0,4.063492063492063,5.376671932426396,13,160.0,0.2771295794200891,9,434.0,0.3180807071412108,22,594.0
6655.0,25,199.0,3.262295081967213,5.102124238791206,13,131.0,0.29150780523815956,12,357.0,0.29857025030282625,25,488.0
6660.0,33,317.0,4.876923076923077,5.118218859025989,14,177.0,0.32002546482133803,19,339.0,0.25205674301022607,33,516.0
6665.0,34,374.0,5.582089552238806,4.33484309730106,13,200.0,0.35015081272155546,21,391.0,0.2006705173294666,34,591.0
6670.0,25,289.0,4.313432835820896,4.84600510155851,7,190.0,0.3686521318886684,18,405.0,0.25190638393609566,25,595.0
6675.0,22,232.0,3.411764705882353,4.910575673218555,8,151.0,0.4156325187221887,14,408.0,0.22975380986265198,22,559.0
6680.0,17,169.0,2.485294117647059,5.265959826245023,7,157.0,0.33597468447827444,10,348.0,0.21937807644001184,17,505.0
6685.0,28,268.0,3.9411764705882355,4.969899972098823,12,194.0,0.2594380797637332,16,382.0,0.2274951074026727,28,576.0
6690.0,30,331.0,4.661971830985915,4.736596953587102,13,205.0,0.3066917762623816,17,410.0,0.19046732306988742,30,615.0
6695.0,25,338.0,5.2,4.506096267062598,8,144.0,0.4034668058935926,17,444.0,0.18332661206694226,25,588.0
6700.0,24,386.0,5.594202898550725,5.18572236798648,11,173.0,0.323078092271011,13,436.0,0.2908490554066076,24,609.0
6705.0,28,295.0,4.27536231884058,5.004044969517422,15,213.0,0.24067097068092955,13,377.0,0.33007863212903193,28,590.0
6710.0,36,355.0,5.0,4.32505343039384,17,256.0,0.15841908140306832,19,358.0,0.2871364065833323,36,614.0
6715.0,37,466.0,6.6571428571428575,4.317634955665866,19,289.0,0.24452543068321633,18,402.0,0.302873014048564,37,691.0
6720.0,31,498.0,7.014084507042254,4.705141349275458,15,306.0,0.2923590844764717,16,414.0,0.30069399376645123,31,720.0
6725.0,26,420.0,5.526315789473684,4.754170974492551,10,250.0,0.2823339815774059,16,436.0,0.2487718132545299,26,686.0
6730.0,22,400.0,5.405405405405405,5.579629703854543,8,216.0,0.322425879548862,14,413.0,0.21243708738379918,22,629.0
6735.0,23,363.0,4.972602739726027,5.814393084528911,9,227.0,0.3737311507630528,14,402.0,0.14845435147864033,23,629.0
6740.0,32,387.0,5.5285714285714285,4.770900202001762,11,242.0,0.2540446379913804,21,374.0,0.0855034639603285,32,616.0
6745.0,35,413.0,6.555555555555555,4.13604146853747,13,240.0,0.33684107202132413,22,438.0,0.14271446452903253,35,678.0
6750.0,34,536.0,8.507936507936508,4.405733266796931,12,286.0,0.34380101733147195,22,509.0,0.20718277729224077,34,795.0
6755.0,27,566.0,8.984126984126984,4.3841427635708,8,290.0,0.3583438246927841,19,530.0,0.1742362829341403,27,820.0
6760.0,22,404.0,6.2153846153846155,4.918070413873005,8,199.0,0.3520698102927573,14,477.0,0.14294026687236133,22,676.0
6765.0,26,412.0,6.338461538461538,5.0285003395528785,15,208.0,0.24844622061274207,11,427.0,0.2613229911559173,26,635.0
6770.0,25,291.0,4.343283582089552,5.102064899345556,15,227.0,0.27617321431071157,10,417.0,0.269917334934585,25,644.0
6775.0,27,334.0,5.387096774193548,4.95608916348448,16,285.0,0.293329955170919,11,384.0,0.3446808650665069,27,669.0
6780.0,27,357.0,5.25,4.308681046669523,16,316.0,0.16613249423747053,11,388.0,0.37532828592857004,27,704.0
6785.0,20,284.0,4.2388059701492535,5.08143255976563,11,305.0,0.24005860625434094,9,356.0,0.3646712071858578,20,661.0
6790.0,20,317.0,4.876923076923077,4.679845170428869,8,318.0,0.23712265514832173,12,353.0,0.21791556071009208,20,671.0
6795.0,32,416.0,6.4,4.042445402155802,15,376.0,0.1579123932133645,17,348.0,0.16661831064119687,32,724.0
6800.0,32,432.0,6.75,4.081455587682713,16,379.0,0.2273700497477431,16,399.0,0.19823179522098963,32,778.0
6805.0,28,459.0,7.65,4.2684831271249255,14,344.0,0.1723236255316143,14,417.0,0.26451421174899614,28,761.0
6810.0,32,411.0,6.737704918032787,3.956794269252063,14,350.0,0.17129975348015924,18,426.0,0.2205775603628022,32,776.0
6815.0,24,297.0,4.714285714285714,4.972353883989229,7,273.0,0.30698710547289165,17,407.0,0.19803821078270714,24,680.0
6820.0,24,345.0,5.476190476190476,5.348356956885886,6,204.0,0.42315292313743325,18,437.0,0.17560303155686297,24,641.0
6825.0,26,355.0,5.461538461538462,5.485843764360291,6,203.0,0.48816277716571216,20,441.0,0.18512411540255463,26,644.0
6830.0,25,410.0,6.119402985074627,5.382509553246774,8,220.0,0.46260958592041934,17,492.0,0.24255911235117034,25,712.0
6835.0,25,336.0,5.1692307692307695,4.743546467849943,10,215.0,0.28082769973309646,15,490.0,0.2827113770374704,25,705.0
6840.0,34,435.0,6.796875,4.163803090969236,16,230.0,0.1358623525233645,18,519.0,0.2866041078608671,34,749.0
6845.0,35,491.0,7.3283582089552235,4.049646524807,16,266.0,0.12148232324979699,19,524.0,0.2609643135847001,35,790.0
6850.0,25,493.0,7.584615384615384,4.628139265712038,6,241.0,0.2628232803866051,19,578.0,0.22501725628763983,25,819.0
6855.0,21,552.0,8.363636363636363,5.521089778056241,5,216.0,0.40981717805268225,16,597.0,0.19811960406468226,21,813.0
6860.0,18,301.0,4.630769230769231,6.200757979755242,2,80.0,0.3911621229645123,16,536.0,0.2537781648728941,18,616.0
6865.0,23,341.0,5.166666666666667,6.847960646212609,2,42.0,0.5932449411268276,21,484.0,0.2747287421255975,23,526.0
6870.0,27,434.0,7.3559322033898304,5.711738058396459,5,61.0,0.5731368793416032,22,554.0,0.25668815666415085,27,615.0
6875.0,23,471.0,8.120689655172415,5.129521334895914,3,63.0,0.5586224042566188,20,613.0,0.22695738857651018,23,676.0
6880.0,23,434.0,7.482758620689655,4.441641979288125,2,52.0,0.49612348029346365,21,588.0,0.12261656839846055,23,640.0
6885.0,29,365.0,5.703125,5.329649310539871,4,64.0,0.6238155030416488,25,568.0,0.10443361419245292,29,632.0
6890.0,24,346.0,5.323076923076923,5.5990955752758405,3,72.0,0.6216113717327016,21,603.0,0.1662664586625434,24,675.0
6895.0,18,271.0,4.1692307692307695,6.460100679905518,4,86.0,0.604453712417981,14,571.0,0.23797481298561904,18,657.0
6900.0,22,273.0,4.333333333333333,6.009659354425669,6,111.0,0.5066819453998611,16,590.0,0.2545637198650591,22,701.0
6905.0,24,340.0,5.483870967741935,5.891802062273297,6,144.0,0.5252247905426232,18,605.0,0.23680732691169093,24,749.0
6910.0,30,348.0,6.0,4.247915703015803,6,78.0,0.43415302304380693,24,631.0,0.19997747572488192,30,709.0
6915.0,31,421.0,7.258620689655173,4.132426043924987,7,112.0,0.4166796240779263,24,640.0,0.19451279447146375,31,752.0
6920.0,28,339.0,6.053571428571429,3.3311561664815876,5,100.0,0.37823072805613595,23,671.0,0.1533034578598793,28,771.0
6925.0,32,467.0,8.49090909090909,3.7583941770565135,5,88.0,0.41786331478382416,27,717.0,0.08665091631945177,32,805.0
6930.0,32,525.0,9.051724137931034,4.409109980860036,6,114.0,0.5062089430013734,26,753.0,0.10416979108059579,32,867.0
6935.0,22,376.0,6.266666666666667,5.580578541017311,3,104.0,0.5858873147564838,19,688.0,0.1545133897528044,22,792.0
6940.0,17,374.0,6.338983050847458,6.266556905430515,4,110.0,0.4091303104742921,13,624.0,0.3250616719395642,17,734.0
6945.0,19,331.0,5.516666666666667,5.713324992227189,7,125.0,0.3460899410053865,12,609.0,0.2799620416975626,19,734.0
6950.0,26,369.0,6.589285714285714,5.188133447201817,9,165.0,0.34668601000461313,17,579.0,0.2104078347184379,26,744.0
6955.0,28,310.0,5.7407407407407405,4.462891840296343,7,91.0,0.3628571796290562,21,594.0,0.2100973206581069,28,685.0
6960.0,24,290.0,5.471698113207547,4.688005326266746,6,107.0,0.40772671134268784,18,563.0,0.21448113035553032,24,670.0
6965.0,24,346.0,6.290909090909091,4.316357422033041,8,146.0,0.4145296423329192,16,554.0,0.21330745350088445,24,700.0
6970.0,18,220.0,3.793103448275862,5.152999071439439,6,126.0,0.465621926265134,12,462.0,0.2340527097393126,18,588.0
6975.0,15,190.0,3.2758620689655173,5.893108469023574,4,73.0,0.45028463334173263,11,437.0,0.2691790138391541,15,510.0
6980.0,20,215.0,3.5245901639344264,5.423645210915825,4,61.0,0.4288475955884793,16,454.0,0.21618307484305155,20,515.0
6985.0,29,318.0,5.3,5.189370594333129,9,93.0,0.44608999445851644,20,489.0,0.1645894748069631,29,582.0
6990.0,24,358.0,6.280701754385965,3.996179585727133,6,117.0,0.3626765362711608,18,484.0,0.14869344443418975,24,601.0
6995.0,29,421.0,7.258620689655173,3.701234384232075,12,158.0,0.2867559732257543,17,487.0,0.15026765404869905,29,645.0
7000.0,23,366.0,6.203389830508475,4.5537669019894595,10,157.0,0.38460141039806056,13,436.0,0.17581023143493632,23,593.0
7005.0,26,369.0,6.589285714285714,4.816869596816687,10,178.0,0.3708515877035549,16,419.0,0.2120880785443767,26,597.0
7010.0,24,225.0,4.090909090909091,4.124935201193746,10,169.0,0.27679175027277775,14,372.0,0.19948941969125644,24,541.0
7015.0,19,180.0,3.3962264150943398,4.297876839157856,6,104.0,0.3821414674260131,13,390.0,0.13473295982083458,19,494.0
7020.0,19,223.0,4.46,4.429538324673846,6,85.0,0.289276482661997,13,391.0,0.14106404516659923,19,476.0
7025.0,20,301.0,6.404255319148936,4.981230493950702,8,103.0,0.3080583738514219,12,399.0,0.17140881675416145,20,502.0
7030.0,17,323.0,6.872340425531915,4.917994295693048,6,102.0,0.2854556174199172,11,401.0,0.26087103907189213,17,503.0
7035.0,19,342.0,7.6,5.740020221793192,9,133.0,0.481930027008625,10,388.0,0.289504030201055,19,521.0
7040.0,14,196.0,4.355555555555555,5.189517831527083,8,122.0,0.4024995241911714,6,326.0,0.3017165075038209,14,448.0
7045.0,14,222.0,5.045454545454546,5.765127063022555,4,83.0,0.49240401310185894,10,281.0,0.2375833730962146,14,364.0
7050.0,18,301.0,6.543478260869565,5.713219018658319,7,89.0,0.4301743557403145,11,300.0,0.21257983538443592,18,389.0
7055.0,17,295.0,6.413043478260869,6.160262955479639,8,109.0,0.4526898204159665,9,273.0,0.26579055473121016,17,382.0
7060.0,14,335.0,7.790697674418604,7.18412093738466,8,144.0,0.41506655840607404,6,253.0,0.42693970564367023,14,397.0
7065.0,13,297.0,7.2439024390243905,6.019660715391697,7,143.0,0.2623325459404537,6,232.0,0.41191547178767624,13,375.0
7070.0,18,356.0,8.682926829268293,5.743679822726003,11,181.0,0.17859016291230817,7,195.0,0.38591689624980424,18,376.0
7075.0,13,211.0,4.906976744186046,5.858809606124817,8,204.0,0.42005864415192784,5,78.0,0.256791307211611,13,282.0
7080.0,13,242.0,5.761904761904762,7.26581188413189,5,192.0,0.601507616075898,8,78.0,0.17102606663853087,13,270.0
7085.0,9,78.0,1.9024390243902438,6.648068840441478,4,91.0,0.594010909876084,5,65.0,0.1118919306815948,9,156.0
7090.0,11,96.0,2.1818181818181817,7.544291299674369,9,83.0,0.40564674244338483,2,36.0,0.6057761429955839,11,119.0
7095.0,12,127.0,2.760869565217391,6.9487650226308295,10,114.0,0.2109887918773,2,36.0,0.6518856331762605,12,150.0
7100.0,10,155.0,3.522727272727273,7.312049205816742,7,125.0,0.20956336532168654,3,50.0,0.6430282523066648,10,175.0
7105.0,9,132.0,3.0,6.556108247382866,6,123.0,0.19848496819562406,3,40.0,0.49061431710762854,9,163.0
7110.0,18,201.0,4.902439024390244,6.566739466609899,11,155.0,0.19565105710293412,7,72.0,0.45424209427736834,18,227.0
7115.0,15,252.0,6.146341463414634,6.233965484793381,7,175.0,0.21599305572530855,8,112.0,0.5258271002734681,15,287.0
7120.0,11,243.0,5.5227272727272725,6.830259489103053,5,159.0,0.3961101349122266,6,124.0,0.47309568291803733,11,283.0
7125.0,11,241.0,5.604651162790698,7.422330008666404,5,140.0,0.4934049400646035,6,116.0,0.40765997940715754,11,256.0
7130.0,15,252.0,5.7272727272727275,6.209627610513146,7,172.0,0.4567071264925877,8,122.0,0.17605557519816115,15,294.0
7135.0,19,190.0,4.318181818181818,6.44546419268073,8,148.0,0.4651226112693305,11,132.0,0.14698870411381437,19,280.0
7140.0,15,163.0,4.2894736842105265,5.063772149852826,7,97.0,0.45440946436179885,8,117.0,0.16798340446761173,15,214.0
7145.0,15,166.0,3.9523809523809526,5.793750668015411,7,95.0,0.4544642750431444,8,127.0,0.27362601743883097,15,222.0
7150.0,10,133.0,3.2439024390243905,6.520920781453281,5,70.0,0.40472277827584235,5,110.0,0.41809214381616244,10,180.0
7155.0,12,162.0,3.7674418604651163,6.797722254069673,6,76.0,0.4479139517812827,6,119.0,0.33485564050382727,12,195.0
7160.0,14,115.0,2.6136363636363638,6.724350972674473,10,101.0,0.3304932467766766,4,93.0,0.5171403312947748,14,194.0
7165.0,11,101.0,2.4634146341463414,5.725584283668447,9,120.0,0.18898731356011214,2,23.0,0.5722173134567499,11,143.0
7170.0,15,156.0,3.5454545454545454,6.389172194526956,12,166.0,0.20547158396818857,3,29.0,0.5850736004362803,15,195.0
7175.0,12,154.0,3.422222222222222,6.977636707772215,10,177.0,0.3655871626997297,2,29.0,0.48630795416019923,12,206.0
7180.0,10,133.0,2.8297872340425534,7.976224470677751,5,155.0,0.5030838905386796,5,45.0,0.4965255837393865,10,200.0
7185.0,14,101.0,2.1956521739130435,6.9253109685007495,6,90.0,0.45883082402240627,8,77.0,0.32915154615253456,14,167.0
7190.0,13,108.0,2.16,6.446543727729226,8,109.0,0.1744433025281183,5,79.0,0.5371813054564102,13,188.0
7195.0,13,101.0,2.02,6.576478604848519,11,122.0,0.19033861926445886,2,29.0,0.5541288381667729,13,151.0
7200.0,12,136.0,3.090909090909091,7.052732546213888,10,129.0,0.2345929423529191,2,21.0,0.5823219145242333,12,150.0
