step,system_total_stopped,system_total_waiting_time,system_mean_waiting_time,system_mean_speed,J17_stopped,J17_accumulated_waiting_time,J17_average_speed,J18_stopped,J18_accumulated_waiting_time,J18_average_speed,agents_total_stopped,agents_total_accumulated_waiting_time
5.0,0,0.0,0.0,12.959631408552927,0,0.0,1.0,0,0.0,0.9933128061982679,0,0.0
10.0,0,0.0,0.0,13.189293872332229,0,0.0,0.9774035634331991,0,0.0,0.9634344418649535,0,0.0
15.0,0,0.0,0.0,13.375678367764696,0,0.0,0.9623124734199331,0,0.0,0.9426730367516993,0,0.0
20.0,0,0.0,0.0,12.194185011455,0,0.0,0.8806739468255929,0,0.0,0.9177314975708141,0,0.0
25.0,3,6.0,0.4,7.829745912739832,2,5.0,0.4798815842888647,1,1.0,0.6454266869424139,3,6.0
30.0,6,29.0,1.45,8.681106352878029,3,20.0,0.6548261550846861,3,9.0,0.6205195837666716,6,29.0
35.0,5,48.0,2.0869565217391304,7.631826277040015,3,35.0,0.5239460766016266,2,13.0,0.5837868665589326,5,48.0
40.0,9,84.0,3.230769230769231,8.012995422258571,5,59.0,0.4333789108805587,4,28.0,0.624362479944213,9,87.0
45.0,7,94.0,3.2413793103448274,7.743626503301405,3,55.0,0.48251466888384087,4,48.0,0.5307220195000105,7,103.0
50.0,10,100.0,3.125,6.928558987027795,6,69.0,0.337846059874702,4,31.0,0.44778992385276606,10,100.0
55.0,9,110.0,3.4375,7.920949001119775,3,59.0,0.6421835668106377,6,57.0,0.32792733171357563,9,116.0
60.0,9,128.0,4.129032258064516,7.306864384628178,4,78.0,0.5167093539242283,5,69.0,0.32606600503021466,9,147.0
65.0,10,161.0,5.03125,7.264919431634214,5,103.0,0.4386513550949838,5,71.0,0.466897329911471,10,174.0
70.0,13,126.0,3.6,5.819007816297304,8,87.0,0.2813016346820023,5,86.0,0.526709261436766,13,173.0
75.0,12,176.0,4.888888888888889,6.409158505786702,7,99.0,0.43482634141391496,5,96.0,0.490653548735109,12,195.0
80.0,11,175.0,4.375,6.353138236115009,4,98.0,0.4746629816860369,7,118.0,0.48297124942267766,11,216.0
85.0,11,216.0,5.023255813953488,7.918543330488953,4,82.0,0.6222994488332346,7,147.0,0.5111663093307646,11,229.0
90.0,10,153.0,3.3260869565217392,7.575560735506851,4,99.0,0.6004187256629446,6,90.0,0.40843597005201177,10,189.0
95.0,12,188.0,4.177777777777778,7.3790513309609675,6,126.0,0.4507214284315253,6,72.0,0.31492508817185066,12,198.0
100.0,13,93.0,2.066666666666667,6.197141507245306,6,103.0,0.3479266289299789,7,65.0,0.23230124401474153,13,168.0
105.0,12,131.0,2.847826086956522,7.330267511611428,6,82.0,0.415198231546879,6,62.0,0.37192115044489854,12,144.0
110.0,11,90.0,2.0930232558139537,6.507998329141763,6,61.0,0.35858006983924356,5,74.0,0.4817017054940377,11,135.0
115.0,15,162.0,3.951219512195122,7.1818802631424274,7,83.0,0.43840096330775835,8,98.0,0.48418747733801826,15,181.0
120.0,12,120.0,2.926829268292683,6.3806635014837605,4,73.0,0.42804754402390544,8,94.0,0.4308164722370817,12,167.0
125.0,15,164.0,4.1,6.302345707939808,3,41.0,0.4973679740997925,12,140.0,0.1985394558718744,15,181.0
130.0,13,139.0,3.5641025641025643,6.461765499260071,5,61.0,0.5619326418526651,8,134.0,0.22373643888682573,13,195.0
135.0,9,122.0,3.210526315789474,7.134387500113914,3,60.0,0.49261014259870534,6,99.0,0.2868256365102492,9,159.0
140.0,11,174.0,4.9714285714285715,7.481692462670815,5,75.0,0.43648543182254396,6,112.0,0.3261519433586032,11,187.0
145.0,16,242.0,6.54054054054054,6.787364621930795,9,112.0,0.265712686700249,7,143.0,0.3884465399995136,16,255.0
150.0,14,223.0,6.194444444444445,6.646034530233234,9,135.0,0.3240704367403632,5,148.0,0.4334556028709722,14,283.0
155.0,12,266.0,7.823529411764706,6.060998751861434,8,145.0,0.36637224706182725,4,140.0,0.4055809548820089,12,285.0
160.0,11,158.0,4.514285714285714,5.897904853586748,6,143.0,0.43481051017591016,5,115.0,0.43235674427505266,11,258.0
165.0,13,195.0,5.416666666666667,6.488811597275717,6,136.0,0.5181746711530383,7,98.0,0.4081183452787333,13,234.0
170.0,13,231.0,6.078947368421052,6.215936740458325,4,120.0,0.4753953022373683,9,138.0,0.3621179448446645,13,258.0
175.0,18,311.0,7.404761904761905,6.059227419310408,6,133.0,0.39764151711858,12,197.0,0.3573540701361709,18,330.0
180.0,18,298.0,6.7727272727272725,5.001872211393759,7,147.0,0.2235562115054905,11,212.0,0.3861923833005854,18,359.0
185.0,18,331.0,7.195652173913044,5.372703602433304,10,186.0,0.2508484987021625,8,179.0,0.39202699100152516,18,365.0
190.0,15,319.0,7.088888888888889,5.825698941518831,8,200.0,0.24901570734416878,7,178.0,0.4552258080588105,15,378.0
195.0,14,360.0,8.372093023255815,6.958209098464313,5,197.0,0.4195630466545196,9,196.0,0.3861965718108143,14,393.0
200.0,14,233.0,5.295454545454546,6.0023821907952,4,73.0,0.45580194915293765,10,226.0,0.27642346853580624,14,299.0
205.0,16,273.0,6.825,5.8841897949686555,4,64.0,0.4957587630938922,12,254.0,0.24090480652734814,16,318.0
210.0,15,168.0,4.2,4.294899338933461,6,90.0,0.4116271567460765,9,160.0,0.20710030354358905,15,250.0
215.0,20,232.0,5.395348837209302,5.529059681560076,8,128.0,0.45279474255875163,12,158.0,0.3020191316680305,20,286.0
220.0,20,264.0,5.617021276595745,5.744625918972748,10,169.0,0.45611816377762276,10,162.0,0.3470677127163196,20,331.0
225.0,17,256.0,4.830188679245283,6.068701406377635,8,169.0,0.440713051550811,9,147.0,0.30622171766692824,17,316.0
230.0,13,182.0,3.1379310344827585,6.38455447874008,6,133.0,0.3409709795592988,7,136.0,0.35240200891319784,13,269.0
235.0,16,230.0,3.8333333333333335,7.761541264289349,6,140.0,0.45058086490494825,10,112.0,0.3673452534845809,16,252.0
240.0,18,153.0,2.732142857142857,6.951699591299556,10,83.0,0.3704400597760464,8,118.0,0.3971419598510202,18,201.0
245.0,22,207.0,3.6315789473684212,6.002672834165332,14,139.0,0.36615805138917934,8,102.0,0.28369110771798955,22,241.0
250.0,24,247.0,4.574074074074074,4.873363138400756,14,179.0,0.30943712977248794,10,122.0,0.29380991010358887,24,301.0
255.0,29,383.0,6.603448275862069,4.7726542724235514,17,240.0,0.2892173156894252,12,180.0,0.21852370327535334,29,420.0
260.0,30,352.0,5.966101694915254,4.216464302289144,19,290.0,0.212177708722201,11,186.0,0.2694788926121234,30,476.0
265.0,20,327.0,4.954545454545454,5.871840926017543,12,294.0,0.31253074182769064,8,148.0,0.2977268480977957,20,442.0
270.0,19,234.0,3.5454545454545454,5.350011715399556,12,269.0,0.24570142091899785,7,152.0,0.33023161358217773,19,421.0
275.0,25,279.0,4.043478260869565,6.081384931275528,16,233.0,0.2343218020155065,9,160.0,0.43948891037312776,25,393.0
280.0,23,271.0,3.985294117647059,5.611285428934038,16,271.0,0.24440405131562248,7,134.0,0.4705561443428368,23,405.0
285.0,23,303.0,4.734375,5.6436653123722955,13,262.0,0.33141792751619914,10,115.0,0.3180881911294221,23,377.0
290.0,29,295.0,4.46969696969697,4.419803521598904,19,285.0,0.2266421711801737,10,139.0,0.22832027148740386,29,424.0
295.0,34,376.0,5.611940298507463,4.968080923854565,19,272.0,0.2557187966337058,15,202.0,0.23496891772248477,34,474.0
300.0,36,421.0,6.476923076923077,4.176010002889434,23,337.0,0.1962552884117665,13,224.0,0.26278180807726176,36,561.0
305.0,29,409.0,6.292307692307692,4.414450570447146,21,411.0,0.1331638225394999,8,191.0,0.2568891604004337,29,602.0
310.0,33,411.0,6.523809523809524,3.6468826564059027,23,462.0,0.10937317932550611,10,181.0,0.20587635975137877,33,643.0
315.0,28,351.0,5.4,5.004760490813847,18,468.0,0.17149043090308083,10,191.0,0.3077612954043468,28,659.0
320.0,23,354.0,5.619047619047619,4.690961447780997,13,484.0,0.24440809044032707,10,231.0,0.26735435472157526,23,715.0
325.0,32,472.0,7.492063492063492,5.002553789278619,18,498.0,0.2642554065617365,14,290.0,0.3444633649766214,32,788.0
330.0,28,526.0,8.34920634920635,4.310566271461209,17,538.0,0.25146194598928157,11,287.0,0.3863818359316297,28,825.0
335.0,22,536.0,8.507936507936508,4.872385823579106,14,520.0,0.2766527204608556,8,219.0,0.306457342761881,22,739.0
340.0,20,508.0,7.815384615384615,4.561281739499864,11,513.0,0.21536162091027206,9,216.0,0.15011052435144856,20,729.0
345.0,30,559.0,8.469696969696969,4.763475475267736,16,496.0,0.188417518498793,14,222.0,0.23284314711031667,30,718.0
350.0,31,431.0,7.065573770491803,3.892229412003424,21,449.0,0.169244646505334,10,251.0,0.3079500816659469,31,700.0
355.0,27,429.0,6.919354838709677,4.847997201433197,20,395.0,0.18482048717529262,7,245.0,0.43240275722753696,27,640.0
360.0,23,289.0,4.661290322580645,5.010992265475656,18,414.0,0.16585210851438492,5,146.0,0.49767429705157185,23,560.0
365.0,21,248.0,4.133333333333334,6.052993345390287,15,391.0,0.27824300377024064,6,91.0,0.493453720413434,21,482.0
370.0,17,236.0,4.068965517241379,5.885546382432914,12,382.0,0.3668340260467725,5,65.0,0.35438091270156474,17,447.0
375.0,24,290.0,4.53125,5.524022418881435,16,400.0,0.3208778855480927,8,90.0,0.38369258006464674,24,490.0
380.0,26,364.0,5.515151515151516,5.0156955086525095,19,447.0,0.30731943814529017,7,116.0,0.35899109121957895,26,563.0
385.0,32,454.0,6.776119402985074,4.551740354069574,23,503.0,0.19523014766528063,9,130.0,0.4568023583616946,32,633.0
390.0,34,448.0,6.309859154929577,4.3477313133996125,26,546.0,0.13954796617588425,8,106.0,0.4392336906680901,34,652.0
395.0,32,515.0,7.357142857142857,4.610612757124879,26,614.0,0.18413289112061948,6,83.0,0.43512580688720937,32,697.0
400.0,27,427.0,6.188405797101449,4.991724748401354,21,604.0,0.22749169214175508,6,67.0,0.429327341220137,27,671.0
405.0,28,493.0,7.144927536231884,5.414587817490633,19,608.0,0.24150167180653118,9,74.0,0.39377529627919,28,682.0
410.0,28,520.0,7.428571428571429,4.5988483778679905,20,654.0,0.1916485349009802,8,90.0,0.2588317623666936,28,744.0
415.0,28,562.0,8.388059701492537,4.354422357225164,22,710.0,0.16913073525893368,6,93.0,0.18591520687307356,28,803.0
420.0,34,412.0,6.0588235294117645,3.962746059067043,27,686.0,0.09031605619237262,7,115.0,0.3620593553155318,34,801.0
425.0,37,521.0,7.776119402985074,4.960568550765311,30,651.0,0.10921316914007874,7,133.0,0.5284006423114856,37,784.0
430.0,33,508.0,7.9375,4.43671249804998,28,705.0,0.14951377808700117,5,93.0,0.4605906693286685,33,798.0
435.0,33,534.0,8.215384615384615,4.694256879118911,24,728.0,0.18822880084194404,9,136.0,0.37143110368667237,33,864.0
440.0,34,530.0,8.28125,3.4852526022621237,23,752.0,0.10814946933637881,11,148.0,0.3480909141306947,34,900.0
445.0,24,352.0,5.587301587301587,4.280841009290795,19,682.0,0.08442089247742966,5,136.0,0.416492130028132,24,818.0
450.0,20,216.0,3.4285714285714284,5.474871660584408,13,619.0,0.2043700625417068,7,88.0,0.38541132579360415,20,707.0
455.0,19,277.0,4.467741935483871,6.491585115952279,12,545.0,0.32083947964049586,7,71.0,0.34869933056536895,19,616.0
460.0,20,304.0,5.333333333333333,5.33684722796234,12,528.0,0.27374288471784797,8,92.0,0.3147527222544728,20,620.0
465.0,26,351.0,6.267857142857143,4.648540736724846,14,496.0,0.1958807287617789,12,133.0,0.32290901983682146,26,629.0
470.0,29,438.0,7.821428571428571,4.182237101604792,17,519.0,0.147048072805342,12,173.0,0.34371313960836586,29,692.0
475.0,22,511.0,9.641509433962264,5.193242492931542,11,517.0,0.20675433120523554,11,219.0,0.39186169150565825,22,736.0
480.0,21,382.0,6.945454545454545,4.5508568770006885,10,450.0,0.3041654682071521,11,212.0,0.20866056148560322,21,662.0
485.0,23,319.0,5.5964912280701755,5.912288274144294,13,358.0,0.28136867546537586,10,145.0,0.32008826696330606,23,503.0
490.0,22,330.0,5.7894736842105265,5.201997584534774,14,401.0,0.20896543325638503,8,134.0,0.3937759900367447,22,535.0
495.0,22,382.0,6.366666666666666,5.652692917783365,10,420.0,0.26938692376605766,12,132.0,0.32418652970680184,22,552.0
500.0,25,284.0,4.813559322033898,5.12563799697168,11,332.0,0.3460889874593377,14,171.0,0.19457414584566374,25,503.0
505.0,22,335.0,5.677966101694915,6.170087822315123,11,309.0,0.40360876888898495,11,187.0,0.22955992601432693,22,496.0
510.0,20,303.0,5.135593220338983,4.90139076703145,12,338.0,0.21594172477086393,8,172.0,0.28822103539920624,20,510.0
515.0,19,316.0,5.096774193548387,6.784636479164662,11,365.0,0.3431288535488087,8,139.0,0.4514786284725617,19,504.0
520.0,21,290.0,4.915254237288136,6.308267080170427,10,327.0,0.39112497630181753,11,133.0,0.2775482372557816,21,460.0
525.0,23,391.0,6.741379310344827,6.435308973738778,10,345.0,0.4173901293004491,13,199.0,0.2575220940612547,23,544.0
530.0,24,321.0,5.732142857142857,5.583836548874871,12,309.0,0.39641720409916775,12,220.0,0.2880035620738423,24,529.0
535.0,22,307.0,5.7924528301886795,5.100758952221728,11,209.0,0.2826160030278606,11,222.0,0.30373216326719854,22,431.0
540.0,19,260.0,5.0,4.592713626442786,12,199.0,0.10140177300757691,7,206.0,0.38210953760235766,19,405.0
545.0,22,275.0,5.092592592592593,5.857100788596365,14,223.0,0.15714930613827033,8,179.0,0.46509300250636926,22,402.0
550.0,23,353.0,6.537037037037037,5.308196378497133,15,272.0,0.22826679234880806,8,195.0,0.43803820731395754,23,467.0
555.0,20,421.0,8.42,5.58451458659966,13,313.0,0.26190736388146324,7,208.0,0.4529532533541521,20,521.0
560.0,18,258.0,5.16,4.488648502816096,12,311.0,0.14586330982881707,6,131.0,0.4080959137142209,18,442.0
565.0,23,318.0,6.235294117647059,5.453441655562483,11,272.0,0.27517021552339593,12,139.0,0.3497698710004424,23,411.0
570.0,23,326.0,5.821428571428571,4.761284443092227,12,288.0,0.21060630886996437,11,181.0,0.29011950231843864,23,469.0
575.0,18,304.0,5.1525423728813555,6.062802645121644,10,265.0,0.19618733465841337,8,195.0,0.4426922437034793,18,460.0
580.0,17,257.0,4.508771929824562,5.694626868742535,10,280.0,0.31083532347251563,7,167.0,0.39856326076618304,17,447.0
585.0,26,366.0,6.203389830508475,5.774737962564971,12,314.0,0.4012154521950228,14,184.0,0.3011210847078201,26,498.0
590.0,26,334.0,5.859649122807017,5.032794154249351,11,319.0,0.31254201712619123,15,155.0,0.3227483400577664,26,474.0
595.0,26,428.0,7.016393442622951,5.72005169444504,12,344.0,0.3650218982888533,14,178.0,0.3602192599574161,26,522.0
600.0,22,342.0,5.516129032258065,4.907440550563886,10,276.0,0.35965216468663364,12,204.0,0.32734259544102273,22,480.0
605.0,20,358.0,5.59375,6.07730993123268,11,242.0,0.343528563959067,9,203.0,0.42042724687665645,20,445.0
610.0,25,211.0,3.196969696969697,5.363712901976185,14,228.0,0.2583227388100873,11,197.0,0.37606001544174894,25,425.0
615.0,21,206.0,2.9855072463768115,5.054519163076444,7,152.0,0.32788693627966353,14,178.0,0.19980693943646563,21,330.0
620.0,27,278.0,4.149253731343284,4.742769648273494,7,169.0,0.283474778216916,20,237.0,0.22225321863523895,27,406.0
625.0,24,333.0,5.045454545454546,4.9670071955982085,12,203.0,0.12017232583226611,12,253.0,0.3032862921306488,24,456.0
630.0,28,334.0,5.301587301587301,4.376467123861192,15,240.0,0.08595738326076574,13,251.0,0.24534285691233262,28,491.0
635.0,23,364.0,5.870967741935484,5.62999882987801,7,240.0,0.3699192720094369,16,249.0,0.19370361289002683,23,489.0
640.0,22,355.0,6.016949152542373,5.552975178807258,5,184.0,0.3930580802422496,17,325.0,0.24234916915011623,22,509.0
645.0,25,431.0,6.841269841269841,5.977496351888079,10,199.0,0.43518289639850344,15,366.0,0.29776356238834867,25,565.0
650.0,20,439.0,6.859375,5.4024681557165035,9,211.0,0.2743430089466941,11,343.0,0.33319451244859843,20,554.0
655.0,21,370.0,5.78125,4.8460610541530595,6,185.0,0.24144082164195588,15,317.0,0.21792763449421126,21,502.0
660.0,22,400.0,6.349206349206349,6.128313625269107,6,203.0,0.37852615705553555,16,303.0,0.2451452585446241,22,506.0
665.0,20,391.0,6.741379310344827,5.391626107225256,4,168.0,0.4168554952393289,16,362.0,0.18884222653115088,20,530.0
670.0,26,466.0,8.175438596491228,4.556940158192669,11,204.0,0.2721170058626869,15,391.0,0.23104465083833195,26,595.0
675.0,26,500.0,8.474576271186441,4.558748563269734,12,250.0,0.3110902027182563,14,396.0,0.2475955087617868,26,646.0
680.0,20,515.0,8.879310344827585,6.163271411871886,6,251.0,0.39079113796759374,14,371.0,0.32235081375756686,20,622.0
685.0,21,323.0,5.568965517241379,5.35204494386489,6,196.0,0.3653084191247217,15,376.0,0.20987402518923184,21,572.0
690.0,30,332.0,5.442622950819672,4.599685167205785,14,167.0,0.23679277483043323,16,330.0,0.19959963865710023,30,497.0
695.0,28,305.0,5.083333333333333,4.177398037088249,15,176.0,0.23535487904440108,13,349.0,0.32983093768216115,28,525.0
700.0,29,420.0,7.0,5.31393807845015,14,209.0,0.3286317143793129,15,365.0,0.35058681746747244,29,574.0
705.0,27,423.0,6.507692307692308,5.023851755873723,12,225.0,0.3727301986546524,15,393.0,0.28009207850048995,27,618.0
710.0,18,343.0,5.359375,5.268806696130872,4,170.0,0.4205253934212644,14,405.0,0.1729089733597054,18,575.0
715.0,20,396.0,5.91044776119403,5.355022546113236,4,114.0,0.44652872401738825,16,427.0,0.07647475775187357,20,541.0
720.0,24,459.0,7.061538461538461,5.920338035126938,5,101.0,0.5156623622252133,19,460.0,0.0833613107374159,24,561.0
725.0,24,324.0,5.311475409836065,5.23530056822687,6,81.0,0.46164838499000344,18,417.0,0.0935926810417149,24,498.0
730.0,28,354.0,5.9,5.1114110966570845,12,129.0,0.34741996018864396,16,340.0,0.19067226280819516,28,469.0
735.0,29,358.0,5.774193548387097,4.686168388855154,13,169.0,0.2911163765613995,16,371.0,0.27115377835343646,29,540.0
740.0,30,484.0,7.5625,5.4916313389570846,15,225.0,0.33238609749033327,15,383.0,0.3644463418835188,30,608.0
745.0,28,447.0,6.6716417910447765,4.812759154313426,14,263.0,0.2555548608423791,14,383.0,0.3425865359681877,28,646.0
750.0,19,281.0,4.257575757575758,5.298060082124454,9,251.0,0.26569292034715836,10,309.0,0.28881544844821105,19,560.0
755.0,17,181.0,2.7846153846153845,5.010028700097489,7,166.0,0.23910339364304137,10,308.0,0.22531171834602587,17,474.0
760.0,28,244.0,3.8125,5.012999507240616,13,186.0,0.18822592795306547,15,320.0,0.23969040343620043,28,506.0
765.0,30,333.0,5.55,4.473981473897246,14,216.0,0.16826973339611842,16,340.0,0.22974804003564947,30,556.0
770.0,19,358.0,6.172413793103448,5.570270610702566,9,197.0,0.26242136855471165,10,307.0,0.2234334991017987,19,504.0
775.0,20,262.0,4.5964912280701755,4.996940494874984,8,170.0,0.2650073497106315,12,280.0,0.09721595288734936,20,450.0
780.0,24,266.0,4.508474576271187,5.967235693024463,10,179.0,0.2941923564106758,14,233.0,0.24403172660023878,24,412.0
785.0,23,289.0,4.982758620689655,6.103207360805861,11,193.0,0.3132749544107664,12,253.0,0.3905861293722206,23,446.0
790.0,18,330.0,5.7894736842105265,6.9731524294743785,10,201.0,0.35571910688908426,8,247.0,0.4790787116979424,18,448.0
795.0,17,333.0,5.946428571428571,5.6390419608197675,7,200.0,0.3807301154520772,10,270.0,0.2995784022190962,17,470.0
800.0,31,458.0,7.896551724137931,4.97072661428468,11,207.0,0.33305308513397397,20,343.0,0.21135598426984856,31,550.0
805.0,24,290.0,4.754098360655738,5.027296957463965,9,192.0,0.4068371835463815,15,319.0,0.23281123199604004,24,511.0
810.0,22,322.0,5.193548387096774,6.273708090676413,7,123.0,0.5434426690230063,15,292.0,0.2789907683403839,22,415.0
815.0,22,290.0,4.754098360655738,5.743350364573542,6,94.0,0.5056604411342785,16,319.0,0.26043098025938294,22,413.0
820.0,21,277.0,4.2615384615384615,5.564496799603395,12,115.0,0.3231590186018337,9,296.0,0.279837415245769,21,411.0
825.0,22,186.0,2.8181818181818183,4.513805066089213,14,156.0,0.11140181591502252,8,220.0,0.2282015475445561,22,376.0
830.0,30,255.0,3.923076923076923,4.912084031923976,18,221.0,0.16560341293541117,12,211.0,0.2543990259206772,30,432.0
835.0,30,304.0,4.903225806451613,4.3902146577693495,17,244.0,0.20026053595197066,13,234.0,0.25721615729704894,30,478.0
840.0,20,258.0,4.161290322580645,5.72929353044601,8,226.0,0.28476236868741955,12,201.0,0.3073076724656547,20,427.0
845.0,11,138.0,2.262295081967213,6.048816766920644,3,182.0,0.35150280614281726,8,174.0,0.29330726573822785,11,356.0
850.0,23,205.0,3.203125,6.471168387086789,10,164.0,0.30109728818714626,13,216.0,0.36511632568034136,23,380.0
855.0,25,250.0,4.098360655737705,5.535372972581177,12,177.0,0.29119506583273463,13,224.0,0.36225597139939547,25,401.0
860.0,19,273.0,4.7894736842105265,5.681399996292741,4,140.0,0.4602737719356673,15,250.0,0.19204043667281162,19,390.0
865.0,21,308.0,5.6,5.291954551532306,5,108.0,0.42329411259304184,16,281.0,0.06747381746107482,21,389.0
870.0,13,276.0,4.928571428571429,5.843696607092805,5,113.0,0.3367182844282427,8,261.0,0.13378264456535033,13,374.0
875.0,22,330.0,5.892857142857143,5.317550681371578,13,152.0,0.14881924535509236,9,292.0,0.276970077254915,22,444.0
880.0,24,409.0,7.4363636363636365,5.311576178883292,10,189.0,0.15967019257608386,14,334.0,0.3431341510103934,24,523.0
885.0,15,253.0,4.865384615384615,6.400052901383538,6,191.0,0.3759428488949922,9,261.0,0.41475532179463737,15,452.0
890.0,17,327.0,6.288461538461538,6.692069822158205,5,199.0,0.4829117968137361,12,233.0,0.2864254165004683,17,432.0
895.0,18,223.0,4.372549019607843,5.825450391999664,5,108.0,0.37054670624689107,13,233.0,0.18680345869613119,18,341.0
900.0,15,183.0,3.7346938775510203,6.283277522696498,10,146.0,0.35446428749394576,5,167.0,0.26625309895068033,15,313.0
905.0,14,144.0,2.88,6.793254560204928,8,111.0,0.18943848595692736,6,124.0,0.5171521995332553,14,235.0
910.0,14,164.0,3.3469387755102042,7.51088607695821,9,107.0,0.26573396543374556,5,113.0,0.5466635101137813,14,220.0
915.0,15,189.0,4.0212765957446805,6.602811833734345,7,114.0,0.26124115112328955,8,148.0,0.46152921545442077,15,262.0
920.0,12,113.0,2.511111111111111,5.734311464527627,5,85.0,0.3758429949318958,7,114.0,0.23722091821883712,12,199.0
925.0,16,158.0,3.590909090909091,5.831174245232211,6,98.0,0.4523117613873105,10,133.0,0.1244879026840034,16,231.0
930.0,18,170.0,3.7777777777777777,5.794370677154207,6,111.0,0.37792146599735527,12,129.0,0.18577845752059172,18,240.0
935.0,21,267.0,6.068181818181818,6.415597582553772,9,148.0,0.4320641250790955,12,189.0,0.3174941766252521,21,337.0
940.0,16,222.0,5.162790697674419,4.982270715816099,7,145.0,0.3220885096774592,9,180.0,0.3465037548044827,16,325.0
945.0,13,197.0,4.191489361702128,6.5580885299413705,7,126.0,0.3052659492400834,6,125.0,0.4435552511885791,13,251.0
950.0,12,238.0,4.857142857142857,7.831232563906767,5,144.0,0.3036324939586582,7,123.0,0.490049627720925,12,267.0
955.0,11,226.0,4.52,8.47719987802572,6,157.0,0.42421826207357477,5,123.0,0.4034780408773924,11,280.0
960.0,15,234.0,5.441860465116279,6.989664538191484,5,139.0,0.48581498087257285,10,123.0,0.3007508772146794,15,262.0
965.0,13,198.0,5.351351351351352,6.139229549809684,5,158.0,0.4399048133343287,8,106.0,0.3462130500413253,13,264.0
970.0,15,151.0,4.081081081081081,4.85783785153133,6,129.0,0.3981259014446447,9,101.0,0.1999376466539202,15,230.0
975.0,16,189.0,4.395348837209302,5.921303642328445,8,111.0,0.3819939958300876,8,109.0,0.3461785942926112,16,220.0
980.0,17,196.0,4.454545454545454,6.844922908147627,7,110.0,0.48530840420692245,10,151.0,0.41551869098830685,17,261.0
985.0,12,138.0,3.0,6.226287239786902,4,65.0,0.473378772607718,8,146.0,0.3013501278833483,12,211.0
990.0,6,59.0,1.2040816326530612,6.798184414104689,3,51.0,0.4040906076872565,3,84.0,0.3632121966458907,6,135.0
995.0,17,87.0,1.7058823529411764,6.629841624535784,12,86.0,0.2589774184801803,5,81.0,0.40027732045834064,17,167.0
1000.0,19,148.0,2.9019607843137254,6.003150645755204,9,117.0,0.30035561973449487,10,114.0,0.3355231415094225,19,231.0
1005.0,13,146.0,2.979591836734694,6.3691700213784594,5,113.0,0.45587273669573275,8,136.0,0.32357650972986207,13,249.0
1010.0,18,160.0,3.2653061224489797,5.728400161248149,7,97.0,0.4120507847441106,11,166.0,0.22641871176050227,18,263.0
1015.0,22,182.0,3.5,5.784357962401272,11,130.0,0.37424467452492655,11,158.0,0.22841831227982448,22,288.0
1020.0,15,161.0,3.0377358490566038,6.253724387335017,11,161.0,0.31892724956057433,4,124.0,0.4204303186506158,15,285.0
1025.0,19,238.0,4.76,6.525744643718215,14,187.0,0.21245761373642824,5,100.0,0.5212212251659043,19,287.0
1030.0,15,176.0,3.3846153846153846,6.773008576650289,13,205.0,0.23582028583720877,2,57.0,0.5181908781256838,15,262.0
1035.0,13,95.0,1.7924528301886793,6.977482965518654,6,155.0,0.2723673674938648,7,49.0,0.4579273633623972,13,204.0
1040.0,12,112.0,2.3333333333333335,6.64952893151542,7,150.0,0.37036279341519596,5,73.0,0.38323497994393846,12,223.0
1045.0,20,195.0,4.148936170212766,6.423894892769703,12,190.0,0.3237268996608351,8,109.0,0.3841643720876588,20,299.0
1050.0,15,187.0,3.978723404255319,5.549350780050517,10,218.0,0.32458147227060147,5,105.0,0.3015912253546096,15,323.0
1055.0,16,225.0,4.591836734693878,6.698158079902278,11,244.0,0.3854670193629747,5,81.0,0.3773896673741369,16,325.0
1060.0,15,168.0,3.230769230769231,6.37531498926453,11,232.0,0.3202309441813107,4,43.0,0.38456330346927114,15,275.0
1065.0,11,135.0,2.547169811320755,8.009594154122968,6,149.0,0.4148300404967602,5,62.0,0.5337526221502112,11,211.0
1070.0,12,114.0,2.326530612244898,6.2190972063503684,6,137.0,0.27211303491421124,6,41.0,0.4475685121147873,12,178.0
1075.0,16,173.0,3.6041666666666665,6.321524741356833,9,159.0,0.17075472134104624,7,74.0,0.5102666169586535,16,233.0
1080.0,17,175.0,3.8043478260869565,4.603501069361373,10,187.0,0.13432808158283394,7,87.0,0.37455381352910144,17,274.0
1085.0,21,245.0,5.0,5.498544190943976,14,228.0,0.1337196753567969,7,78.0,0.4379922536766793,21,306.0
1090.0,16,258.0,5.608695652173913,5.796888535651327,10,239.0,0.21832812594734546,6,96.0,0.4090065785823187,16,335.0
1095.0,15,256.0,5.565217391304348,7.044064851538848,5,183.0,0.4519052658419192,10,136.0,0.28323775464137135,15,319.0
1100.0,13,197.0,4.377777777777778,5.557936614405838,5,172.0,0.3729888708839211,8,117.0,0.15291731624468866,13,289.0
1105.0,16,237.0,5.1521739130434785,6.925673015970713,6,165.0,0.4503027286979964,10,133.0,0.30628440877906005,16,298.0
1110.0,12,232.0,5.2727272727272725,6.999655651020615,6,156.0,0.4958897369826832,6,145.0,0.4032933105995306,12,301.0
1115.0,11,254.0,5.7727272727272725,7.106201066127219,5,149.0,0.45563434387748636,6,124.0,0.3435292631510153,11,273.0
1120.0,13,301.0,7.0,7.320583680664129,7,165.0,0.38988332548963256,6,151.0,0.30100497609586624,13,316.0
1125.0,14,364.0,8.666666666666666,7.519806537834584,7,185.0,0.3653976537585024,7,187.0,0.25751947061355346,14,372.0
1130.0,13,257.0,6.589743589743589,6.362492505869608,9,203.0,0.3297260306941634,4,115.0,0.4215524139123806,13,318.0
1135.0,18,315.0,8.289473684210526,5.887356415447654,12,224.0,0.26055493344861863,6,99.0,0.47278027228688246,18,323.0
1140.0,12,161.0,4.6,5.773586245387014,9,150.0,0.3714867045294347,3,83.0,0.4216274549843048,12,233.0
1145.0,16,207.0,5.3076923076923075,5.8518375926956745,10,149.0,0.25442448103607584,6,72.0,0.448065727499379,16,221.0
1150.0,13,127.0,2.8863636363636362,5.674801689744786,8,147.0,0.3207421338714683,5,41.0,0.4347599887072362,13,188.0
1155.0,16,180.0,3.4615384615384617,7.677123284980075,9,127.0,0.4776382209574954,7,69.0,0.5307856345856965,16,196.0
1160.0,12,97.0,1.8653846153846154,7.4404117985788805,6,106.0,0.4709366020057266,6,70.0,0.530325852356561,12,176.0
1165.0,10,100.0,1.8181818181818181,7.45693695868157,8,85.0,0.3159435244745749,2,45.0,0.571408393437162,10,130.0
1170.0,17,144.0,2.618181818181818,5.905920724872274,11,125.0,0.2750942667649695,6,58.0,0.4001447422727608,17,183.0
1175.0,27,262.0,4.943396226415095,5.107234746946854,14,188.0,0.28308098556368066,13,107.0,0.2371012258185394,27,295.0
1180.0,26,290.0,5.686274509803922,3.40604975633763,11,213.0,0.24892040377144095,15,159.0,0.14134509674471293,26,372.0
1185.0,18,269.0,5.489795918367347,5.083994618102399,7,196.0,0.31446846083668034,11,173.0,0.2910149683460567,18,369.0
1190.0,16,283.0,5.549019607843137,5.889520957250905,7,176.0,0.3598749749100294,9,178.0,0.2275433922211384,16,354.0
1195.0,12,161.0,3.22,6.386707817885872,6,113.0,0.3156626162965069,6,137.0,0.21946199482281725,12,250.0
1200.0,19,218.0,4.2745098039215685,6.272291062914808,9,123.0,0.278769044965215,10,149.0,0.27555059779998337,19,272.0
1205.0,18,289.0,6.568181818181818,5.596421608287544,8,156.0,0.3196527059569078,10,196.0,0.3193634871054621,18,352.0
1210.0,13,279.0,6.340909090909091,6.119100451908569,5,161.0,0.4072100863261683,8,197.0,0.33721280343502924,13,358.0
1215.0,15,272.0,5.666666666666667,5.810817252380088,6,158.0,0.30859333441632986,9,214.0,0.3177040725704217,15,372.0
1220.0,19,289.0,5.666666666666667,6.605894906008922,12,170.0,0.3386987191751559,7,191.0,0.38028326773109905,19,361.0
1225.0,18,333.0,6.66,6.461390140033651,11,209.0,0.33922179934819546,7,162.0,0.3781193205566209,18,371.0
1230.0,17,258.0,5.0588235294117645,6.376291298914259,11,246.0,0.29162322900041615,6,82.0,0.32522174745362753,17,328.0
1235.0,19,244.0,4.979591836734694,5.954804971130446,13,267.0,0.17177949418124772,6,62.0,0.4472964548477639,19,329.0
1240.0,11,203.0,4.319148936170213,5.960703835330457,7,225.0,0.3365792044870695,4,71.0,0.33380711797953166,11,296.0
1245.0,13,235.0,5.0,6.122165384596706,7,236.0,0.29798795097192,6,95.0,0.38907954371497533,13,331.0
1250.0,19,302.0,6.163265306122449,6.312436477651326,12,277.0,0.28682864583609974,7,117.0,0.391641636491819,19,394.0
1255.0,19,368.0,7.36,6.4952871334855535,11,292.0,0.28689287353819437,8,140.0,0.5186164729321129,19,432.0
1260.0,14,315.0,7.159090909090909,5.55017001932663,7,267.0,0.34766418451045755,7,124.0,0.3324666635220954,14,391.0
1265.0,14,166.0,3.86046511627907,6.142927605385448,5,112.0,0.32505555333829284,9,115.0,0.25771619077592745,14,227.0
1270.0,21,181.0,3.62,5.93574678695984,11,124.0,0.306690513160824,10,115.0,0.24789374625608618,21,239.0
1275.0,17,218.0,4.037037037037037,6.986980567404629,8,146.0,0.40055578023233196,9,122.0,0.44776241051558163,17,268.0
1280.0,13,186.0,3.576923076923077,7.625450780856013,7,137.0,0.5289484193347544,6,115.0,0.4819721282666176,13,252.0
1285.0,15,210.0,4.285714285714286,6.971328342651116,7,165.0,0.5032676523017316,8,83.0,0.3540155318909866,15,248.0
1290.0,20,240.0,4.615384615384615,5.9895811382301645,10,203.0,0.3514402050772658,10,91.0,0.27274070412247553,20,294.0
1295.0,20,225.0,4.5,6.17104836460635,11,159.0,0.2445346280527691,9,105.0,0.43489028919618966,20,264.0
1300.0,18,271.0,5.42,6.522071350948144,13,202.0,0.27882745527020486,5,123.0,0.5124691065671962,18,325.0
1305.0,20,254.0,4.884615384615385,6.3641832661867985,12,189.0,0.35764963526698074,8,134.0,0.3942562362064958,20,323.0
1310.0,17,200.0,3.9215686274509802,6.373485006902151,10,190.0,0.3199566181719545,7,117.0,0.4507305956824301,17,307.0
1315.0,16,163.0,3.0185185185185186,6.170742583918351,9,190.0,0.26677628151330707,7,65.0,0.42633941143421283,16,255.0
1320.0,14,94.0,1.709090909090909,6.768997018128686,9,146.0,0.3723825557006416,5,71.0,0.4232148230516653,14,217.0
1325.0,15,123.0,2.1206896551724137,6.07325125286694,10,180.0,0.2885780637150946,5,55.0,0.352636970514008,15,235.0
1330.0,20,180.0,3.103448275862069,6.22592237901414,13,220.0,0.2583658784590965,7,80.0,0.346041757060915,20,300.0
1335.0,24,255.0,4.553571428571429,6.01538575044277,15,265.0,0.26958448049832656,9,111.0,0.39627777048671275,24,376.0
1340.0,23,305.0,5.865384615384615,4.708537964767573,14,286.0,0.29799333919815313,9,135.0,0.25107737090200716,23,421.0
1345.0,23,329.0,6.326923076923077,4.588364714353378,15,290.0,0.2332807990851533,8,139.0,0.343442033583163,23,429.0
1350.0,15,191.0,3.4107142857142856,5.661838925419834,9,232.0,0.2399224210301463,6,92.0,0.3921994702812998,15,324.0
1355.0,16,148.0,2.5964912280701755,6.733916601948327,9,195.0,0.3045525190607733,7,72.0,0.5156383827745187,16,267.0
1360.0,20,191.0,3.4727272727272727,6.520744888937869,13,223.0,0.26923828540760747,7,89.0,0.36204802134905384,20,312.0
1365.0,16,223.0,4.288461538461538,5.66142627050697,12,237.0,0.11601480179689724,4,73.0,0.3662625155959242,16,310.0
1370.0,13,236.0,4.627450980392157,6.773074748319172,8,212.0,0.28509072288511034,5,85.0,0.34672156832841067,13,297.0
1375.0,15,229.0,4.770833333333333,7.440940454641471,7,194.0,0.4045172080125827,8,114.0,0.406861672139117,15,308.0
1380.0,13,213.0,4.531914893617022,7.200803535410797,8,155.0,0.39951328951126636,5,136.0,0.501775977696219,13,291.0
1385.0,12,182.0,4.044444444444444,6.404074908699334,7,126.0,0.36481609410761157,5,138.0,0.475808605066266,12,264.0
1390.0,18,189.0,4.0212765957446805,6.052353346443092,12,137.0,0.2881939377919902,6,126.0,0.4543397425415262,18,263.0
1395.0,12,187.0,3.816326530612245,6.609120444669557,8,148.0,0.4112739135898942,4,117.0,0.3272838523987174,12,265.0
1400.0,16,235.0,5.0,7.270053591635465,8,124.0,0.46899926284738297,8,145.0,0.27065080653247847,16,269.0
1405.0,19,156.0,3.627906976744186,5.364178391754154,8,113.0,0.45633952428909386,11,81.0,0.052021929988034024,19,194.0
1410.0,19,238.0,5.666666666666667,4.899766042550652,9,134.0,0.36598516125241054,10,137.0,0.2197554372386869,19,271.0
1415.0,18,199.0,4.5227272727272725,5.392364393980402,12,129.0,0.28231031545706176,6,146.0,0.4711322464918421,18,275.0
1420.0,17,248.0,5.511111111111111,6.454625466266925,11,131.0,0.26633377066845965,6,134.0,0.5094043306849916,17,265.0
1425.0,16,155.0,3.163265306122449,5.472215396630781,13,142.0,0.18661661073289867,3,79.0,0.4858494477262896,16,221.0
1430.0,18,202.0,3.9607843137254903,6.579042060700239,10,159.0,0.3272386306516229,8,86.0,0.4912533144876371,18,245.0
1435.0,14,182.0,3.64,5.782312957614237,8,162.0,0.3083387767720097,6,113.0,0.45594244098885733,14,275.0
1440.0,14,196.0,4.083333333333333,6.025094413728444,9,138.0,0.21876302984636328,5,107.0,0.4503475109431863,14,245.0
1445.0,14,171.0,3.6382978723404253,5.4836972199190255,10,155.0,0.1569282543467213,4,103.0,0.3695009836745435,14,258.0
1450.0,21,257.0,5.14,6.526826546668176,11,174.0,0.2505354791865216,10,129.0,0.36707358695022785,21,303.0
1455.0,18,223.0,4.551020408163265,6.2411057094412445,9,193.0,0.37438837095316585,9,130.0,0.3812650733584959,18,323.0
1460.0,18,245.0,4.9,6.682994807433158,8,193.0,0.3753755085889867,10,119.0,0.4868272040256019,18,312.0
1465.0,14,189.0,3.78,5.582534034095342,5,175.0,0.4606673499115671,9,133.0,0.3684170157270604,14,308.0
1470.0,17,233.0,4.66,5.822839829757925,9,168.0,0.4070217522917436,8,112.0,0.2739298860195607,17,280.0
1475.0,16,289.0,5.351851851851852,6.607847472507173,7,181.0,0.3922778210844458,9,139.0,0.31886148640745854,16,320.0
1480.0,15,303.0,5.315789473684211,6.617273398057415,8,186.0,0.39696522741750034,7,154.0,0.25143497895377925,15,340.0
1485.0,20,253.0,4.517857142857143,6.632913771546018,8,118.0,0.47413298212447935,12,174.0,0.3287787025826341,20,292.0
1490.0,19,221.0,3.9464285714285716,5.974853681483485,9,133.0,0.41620733522576864,10,152.0,0.3555930704803293,19,285.0
1495.0,19,218.0,3.963636363636364,5.8660571900839145,10,150.0,0.42256959685894324,9,116.0,0.2809313592954223,19,266.0
1500.0,19,219.0,3.8421052631578947,5.493499097285277,12,151.0,0.36910410272108957,7,122.0,0.21400756100024723,19,273.0
1505.0,19,169.0,2.816666666666667,5.519202543539941,12,144.0,0.2894631329016081,7,91.0,0.2671600232899517,19,235.0
1510.0,16,148.0,2.466666666666667,6.466878241935919,12,154.0,0.26668505820879124,4,69.0,0.45016382554624823,16,223.0
1515.0,21,213.0,3.736842105263158,6.368133423944715,13,200.0,0.28616197407429056,8,96.0,0.46790413811864395,21,296.0
1520.0,22,274.0,5.074074074074074,5.407799069521683,17,269.0,0.2589479099536308,5,93.0,0.40158984654208146,22,362.0
1525.0,26,321.0,5.944444444444445,4.990954322918975,16,315.0,0.2334002152538323,10,109.0,0.3104563377403681,26,424.0
1530.0,20,288.0,5.538461538461538,5.507141868936884,12,309.0,0.32204424934770304,8,110.0,0.2528437257029534,20,419.0
1535.0,15,268.0,5.254901960784314,6.0511427250573835,10,290.0,0.31525631582975294,5,88.0,0.2895148650303239,15,378.0
1540.0,15,233.0,4.236363636363636,6.335993469129984,9,260.0,0.2879652546088009,6,76.0,0.3467472290894293,15,336.0
1545.0,18,155.0,2.767857142857143,6.7977432955703705,12,221.0,0.3012856390795622,6,79.0,0.5748210264849604,18,300.0
1550.0,20,225.0,4.166666666666667,6.777416331942931,13,206.0,0.3943488298573903,7,112.0,0.49718456079704226,20,318.0
1555.0,19,217.0,4.09433962264151,5.466298342784381,12,218.0,0.3593845796091098,7,116.0,0.4082945291210953,19,334.0
1560.0,15,203.0,3.759259259259259,5.959052816681837,10,187.0,0.3764312462314292,5,99.0,0.29356204724355334,15,286.0
1565.0,16,127.0,2.4423076923076925,6.189241691912258,10,183.0,0.4135145760589805,6,42.0,0.23640183678204457,16,225.0
1570.0,23,223.0,4.2075471698113205,6.39779737109998,14,223.0,0.2940918919861253,9,77.0,0.4058929403540384,23,300.0
1575.0,22,281.0,5.203703703703703,5.178041225354489,15,283.0,0.18207362904950591,7,99.0,0.5003345142790548,22,382.0
1580.0,25,386.0,7.148148148148148,5.589456925975178,16,350.0,0.28428368505935275,9,134.0,0.5329762367163725,25,484.0
1585.0,24,385.0,7.12962962962963,3.862020342790618,16,385.0,0.2510870176953104,8,143.0,0.348624914569019,24,528.0
1590.0,21,421.0,7.654545454545454,4.847730247957001,14,383.0,0.27369736771340775,7,116.0,0.27105814333857636,21,499.0
1595.0,25,340.0,5.862068965517241,4.780794661803478,15,370.0,0.22050772087385245,10,90.0,0.1383914571559215,25,460.0
1600.0,28,285.0,4.596774193548387,5.479088575556933,16,339.0,0.20237303817854801,12,134.0,0.2124852897508848,28,473.0
1605.0,20,319.0,5.5,5.258556479313614,12,371.0,0.33593043228316843,8,160.0,0.2781658939609503,20,531.0
1610.0,20,378.0,6.631578947368421,6.3514597179419265,12,393.0,0.39272323343013055,8,160.0,0.41197378402989404,20,553.0
1615.0,23,368.0,6.344827586206897,5.4533771673122144,17,413.0,0.2760912363278836,6,123.0,0.3603508870968549,23,536.0
1620.0,25,431.0,7.431034482758621,5.888959769780339,17,401.0,0.24203629454062067,8,106.0,0.41064221737796214,25,507.0
1625.0,23,378.0,6.631578947368421,5.265735763150857,16,423.0,0.06309839288785303,7,82.0,0.4980891262872502,23,505.0
1630.0,24,433.0,8.018518518518519,5.547381465239581,19,429.0,0.10561193079586774,5,86.0,0.52385902765772,24,515.0
1635.0,23,298.0,5.8431372549019605,4.370595656115203,16,402.0,0.22387077657690832,7,81.0,0.31748309296910565,23,483.0
1640.0,20,301.0,5.472727272727273,5.63126666927319,13,328.0,0.28116637221779467,7,95.0,0.3408359470072688,20,423.0
1645.0,20,304.0,5.241379310344827,5.4808217709880855,12,332.0,0.20356046927562432,8,111.0,0.42852233510506016,20,443.0
1650.0,25,383.0,6.17741935483871,6.755934095649201,14,300.0,0.32359539097956563,11,153.0,0.5001303178136438,25,453.0
1655.0,24,432.0,6.75,5.647378510849489,14,345.0,0.3981795507036299,10,185.0,0.33544258688020995,24,530.0
1660.0,22,501.0,7.9523809523809526,5.798981172941281,13,381.0,0.388408218644719,9,200.0,0.33801130241562877,22,581.0
1665.0,21,435.0,7.131147540983607,5.236094239639135,13,398.0,0.3102365915143614,8,165.0,0.32781918522641346,21,563.0
1670.0,24,520.0,8.253968253968255,5.2927261411058595,16,408.0,0.21923152221326248,8,152.0,0.319991208757955,24,560.0
1675.0,24,295.0,4.609375,5.261401542502,19,371.0,0.20814315508268155,5,85.0,0.39099961628023633,24,456.0
1680.0,25,226.0,3.4242424242424243,5.354828790019183,14,238.0,0.2700589438894916,11,123.0,0.25614443321141184,25,361.0
1685.0,25,252.0,4.0,5.211545768947466,12,267.0,0.33075257725453433,13,160.0,0.2567201005197591,25,427.0
1690.0,21,277.0,4.328125,5.910355209979903,13,276.0,0.2941853575603653,8,157.0,0.3123594397718937,21,433.0
1695.0,26,311.0,4.7846153846153845,4.86241829358413,18,324.0,0.23803127931756393,8,177.0,0.27784025807109436,26,501.0
1700.0,28,334.0,4.985074626865671,5.660715659790048,16,354.0,0.3038824861661628,12,195.0,0.3688149029547229,28,549.0
1705.0,28,321.0,4.863636363636363,4.6135154213862695,16,368.0,0.24990566107772502,12,181.0,0.35328827462477247,28,549.0
1710.0,29,373.0,5.920634920634921,4.380054468222559,14,327.0,0.30375623231346516,15,226.0,0.22706027790365224,29,553.0
1715.0,31,413.0,6.164179104477612,4.22654968396678,16,378.0,0.28709337822345443,15,253.0,0.19767133543910817,31,631.0
1720.0,26,444.0,6.3428571428571425,5.933528670538839,19,432.0,0.27520902279493675,7,217.0,0.4000042290063401,26,649.0
1725.0,26,315.0,4.565217391304348,5.1791744635213215,19,432.0,0.12463638170695891,7,189.0,0.42478808674950724,26,621.0
1730.0,32,368.0,5.257142857142857,5.214371142010633,21,450.0,0.1146375045013214,11,193.0,0.4049620548667798,32,643.0
1735.0,31,425.0,6.343283582089552,4.613241041931522,19,476.0,0.20395098779605716,12,222.0,0.3340652294887114,31,698.0
1740.0,21,381.0,5.7727272727272725,5.150050894875382,10,404.0,0.2417435546717629,11,220.0,0.29515985779043924,21,624.0
1745.0,24,416.0,6.819672131147541,5.223677077812926,14,404.0,0.31794774900279604,10,195.0,0.2123100459644597,24,599.0
1750.0,25,440.0,6.875,5.025199556991143,12,395.0,0.26059965265412327,13,168.0,0.1592788317769115,25,563.0
1755.0,30,490.0,7.424242424242424,5.209688962454532,17,445.0,0.3225425125752678,13,194.0,0.19752324449397374,30,639.0
1760.0,28,509.0,8.209677419354838,5.9388444821914455,16,454.0,0.35067527198684556,12,193.0,0.399828450400296,28,647.0
1765.0,21,373.0,5.920634920634921,6.228406821710356,13,403.0,0.3248289717789153,8,215.0,0.5034194616399584,21,618.0
1770.0,21,349.0,5.453125,5.313899662891544,14,420.0,0.2344371701682997,7,173.0,0.39974923388017575,21,593.0
1775.0,23,343.0,5.532258064516129,4.796539491749099,14,433.0,0.1345615516172906,9,164.0,0.3214983369741771,23,597.0
1780.0,29,310.0,5.166666666666667,4.143097625179684,14,425.0,0.16260890311103526,15,173.0,0.13787161981305046,29,598.0
1785.0,29,309.0,4.983870967741935,4.343804680167618,14,382.0,0.18529610177303654,15,234.0,0.1817598629348741,29,616.0
1790.0,28,385.0,6.52542372881356,4.879598866849179,11,368.0,0.3165530972947967,17,288.0,0.2973430046466511,28,656.0
1795.0,25,393.0,6.775862068965517,5.183841497637631,12,301.0,0.26379309194142275,13,316.0,0.3556374321116006,25,617.0
1800.0,18,328.0,5.963636363636364,5.226483948057069,11,315.0,0.15217580019509933,7,279.0,0.40230160839608264,18,594.0
1805.0,19,235.0,4.2727272727272725,4.710321834798769,10,292.0,0.14348959561828967,9,211.0,0.25702652502414075,19,503.0
1810.0,21,212.0,3.6551724137931036,5.274503241833539,9,280.0,0.300203264901225,12,174.0,0.15023161856333955,21,454.0
1815.0,27,281.0,4.844827586206897,5.869709076100464,11,272.0,0.4542548723083306,16,226.0,0.163697790268484,27,498.0
1820.0,26,366.0,6.310344827586207,5.560576800528501,10,283.0,0.36055198378452125,16,283.0,0.32930648701080245,26,566.0
1825.0,28,422.0,7.4035087719298245,4.5281929966428685,15,291.0,0.2630027994057916,13,298.0,0.36983363134598984,28,589.0
1830.0,24,401.0,6.796610169491525,4.267099300809532,15,312.0,0.20228027292155842,9,267.0,0.3382259562902692,24,579.0
1835.0,20,387.0,6.241935483870968,4.931692275279876,10,297.0,0.23913386688517416,10,266.0,0.32591531297786014,20,563.0
1840.0,24,279.0,4.292307692307692,4.422441195351056,10,210.0,0.2711194444510204,14,258.0,0.1392661881964646,24,468.0
1845.0,32,371.0,5.707692307692308,4.904164635857715,14,205.0,0.3874993069332675,18,291.0,0.1679404996796309,32,496.0
1850.0,25,417.0,6.318181818181818,5.66961777798111,13,229.0,0.3977756493068413,12,302.0,0.24651004678420185,25,531.0
1855.0,19,431.0,6.432835820895522,6.031678386335661,10,206.0,0.3939343591133904,9,314.0,0.26760255434649705,19,520.0
1860.0,27,524.0,7.594202898550725,5.407462262392886,13,256.0,0.29400238470257656,14,355.0,0.21581659742707543,27,611.0
1865.0,29,437.0,6.426470588235294,5.690457316338535,16,318.0,0.3209193987450072,13,314.0,0.33606397855975884,29,632.0
1870.0,28,492.0,7.809523809523809,4.9398388846904355,15,363.0,0.26556377888918775,13,225.0,0.3672297080130766,28,588.0
1875.0,28,535.0,8.629032258064516,4.651268675937531,16,386.0,0.18079639097432593,12,242.0,0.37687104191877585,28,628.0
1880.0,23,426.0,6.870967741935484,4.853567820323302,15,372.0,0.19239041829582126,8,193.0,0.28935328911410013,23,565.0
1885.0,27,371.0,5.888888888888889,4.807502178099715,16,355.0,0.15335047752203484,11,199.0,0.2532798428692186,27,554.0
1890.0,31,397.0,6.301587301587301,4.627977654944046,16,404.0,0.20069801630397244,15,206.0,0.25977165471481284,31,610.0
1895.0,32,501.0,8.21311475409836,4.294628952879088,18,449.0,0.24827240071946136,14,227.0,0.284280646826225,32,676.0
1900.0,28,541.0,8.868852459016393,4.66782900911616,17,470.0,0.2027558159964055,11,231.0,0.39770768115223915,28,701.0
1905.0,21,448.0,6.892307692307693,5.286607276955902,11,454.0,0.2479203606399266,10,218.0,0.36750881317345974,21,672.0
1910.0,23,315.0,5.080645161290323,5.385179499301431,8,344.0,0.33374553376202964,15,210.0,0.27540120758503095,23,554.0
1915.0,27,255.0,3.923076923076923,5.358156972318786,12,265.0,0.30496458814778143,15,239.0,0.2678089523788588,27,504.0
1920.0,28,292.0,4.5625,5.517095023203893,11,241.0,0.3568080544058729,17,255.0,0.32188374338783593,28,496.0
1925.0,32,363.0,5.584615384615384,4.639801968538871,16,247.0,0.36478196306084704,16,293.0,0.27743514839427996,32,540.0
1930.0,25,326.0,5.09375,4.587505399952725,12,267.0,0.3705324061802767,13,284.0,0.22528954812144805,25,551.0
1935.0,20,251.0,3.921875,4.5752114337559435,7,225.0,0.23454885456866184,13,279.0,0.25390188227565397,20,504.0
1940.0,23,231.0,3.4477611940298507,4.839820074656877,6,208.0,0.3148668558785011,17,255.0,0.18643041813375227,23,463.0
1945.0,32,296.0,4.352941176470588,4.376990637635642,13,204.0,0.25537081189829813,19,318.0,0.22080485886321458,32,522.0
1950.0,34,380.0,5.588235294117647,4.456285317143447,15,246.0,0.25006514545695424,19,357.0,0.27951042668156034,34,603.0
1955.0,27,373.0,5.7384615384615385,4.383366625355285,9,242.0,0.29958886546855207,18,392.0,0.24726044954125534,27,634.0
1960.0,25,452.0,6.848484848484849,5.1208172827508145,8,259.0,0.3938703752664669,17,414.0,0.23393579431338052,25,673.0
1965.0,28,387.0,5.776119402985074,4.58622739161186,9,213.0,0.40290675844586255,19,419.0,0.12456870386501738,28,632.0
1970.0,25,255.0,4.0476190476190474,5.051465329059489,12,176.0,0.36246166423924775,13,346.0,0.18014604353892785,25,522.0
1975.0,24,268.0,4.0606060606060606,5.11452764296345,12,172.0,0.18083727799718666,12,292.0,0.3322440391065225,24,464.0
1980.0,27,342.0,5.2615384615384615,5.669954314768922,17,203.0,0.17806972430727425,10,264.0,0.36686856825545094,27,467.0
1985.0,29,355.0,5.725806451612903,4.825724208465513,16,242.0,0.20259705464290134,13,276.0,0.24976731382299652,29,518.0
1990.0,20,307.0,5.385964912280702,5.1463699676048185,7,212.0,0.3070696016094949,13,278.0,0.23380305014541183,20,490.0
1995.0,23,294.0,5.068965517241379,5.3818484978950005,9,183.0,0.37576026312682875,14,294.0,0.11978450586267977,23,477.0
2000.0,21,335.0,5.87719298245614,5.567866191320074,7,158.0,0.4089915629050839,14,316.0,0.10797825817387362,21,474.0
2005.0,22,355.0,6.120689655172414,5.792791551110138,11,179.0,0.4099022759481288,11,330.0,0.23760415021505343,22,509.0
2010.0,21,345.0,5.8474576271186445,6.367793888836989,13,199.0,0.3937848697061935,8,279.0,0.3912149715123496,21,478.0
2015.0,21,239.0,4.120689655172414,5.709008231000196,15,224.0,0.2619649341728581,6,194.0,0.4513483559860502,21,418.0
2020.0,22,235.0,4.12280701754386,5.144978030513454,15,259.0,0.15405084029939417,7,116.0,0.48997150819223495,22,375.0
2025.0,16,172.0,3.0714285714285716,4.717768816478643,10,228.0,0.22856928270416033,6,112.0,0.255949396242849,16,340.0
2030.0,16,208.0,3.6491228070175437,6.2456540548783845,10,200.0,0.3419482146634906,6,106.0,0.26307548848706486,16,306.0
2035.0,16,233.0,4.160714285714286,6.256865561539366,7,201.0,0.359126090088203,9,130.0,0.2523159539776095,16,331.0
2040.0,20,273.0,4.875,6.324470333451068,10,210.0,0.21730918032973243,10,170.0,0.4115399620164826,20,380.0
2045.0,20,324.0,6.48,4.8017373773279015,12,240.0,0.2082863303447223,8,194.0,0.3786359108334559,20,434.0
2050.0,17,358.0,7.3061224489795915,6.05192575000283,10,233.0,0.29008575934402964,7,191.0,0.398167641756973,17,424.0
2055.0,12,200.0,4.3478260869565215,5.783296952290388,7,180.0,0.2688688959978604,5,129.0,0.28856614448985207,12,309.0
2060.0,19,271.0,5.76595744680851,6.38002863140656,10,212.0,0.351424027743773,9,123.0,0.3231201708901486,19,335.0
2065.0,16,287.0,6.377777777777778,6.019528677229616,8,235.0,0.39154372092552525,8,144.0,0.383198096250573,16,379.0
2070.0,15,350.0,7.954545454545454,7.067562892593961,8,261.0,0.4618149757656565,7,148.0,0.4390495735179023,15,409.0
2075.0,12,314.0,7.136363636363637,6.087626688128242,6,250.0,0.4507094247029089,6,146.0,0.19355201844392445,12,396.0
2080.0,14,320.0,6.808510638297872,6.462520909636393,11,226.0,0.31422199693783787,3,138.0,0.28581339971069836,14,364.0
2085.0,14,225.0,4.891304347826087,6.644949896474773,9,144.0,0.25797099302666876,5,145.0,0.48855510021868376,14,289.0
2090.0,18,307.0,6.531914893617022,7.2256804725610655,13,148.0,0.22108007435267032,5,171.0,0.5441935351283465,18,319.0
2095.0,13,175.0,3.8043478260869565,6.596250910203723,9,152.0,0.260297786485293,4,95.0,0.4454425336461943,13,247.0
2100.0,17,243.0,5.4,5.957427836008265,9,165.0,0.3495937045076127,8,93.0,0.2930911385778406,17,258.0
2105.0,13,163.0,3.7906976744186047,6.1040633107667785,7,157.0,0.41931004262506755,6,90.0,0.37094912244968453,13,247.0
2110.0,14,149.0,3.3863636363636362,7.379384039996069,4,82.0,0.5581198053666264,10,107.0,0.32101724779021346,14,189.0
2115.0,10,147.0,3.5,6.806054743254552,5,76.0,0.4237072461542607,5,108.0,0.32329732178536147,10,184.0
2120.0,13,188.0,4.476190476190476,7.321663112893594,8,106.0,0.2873750159619894,5,87.0,0.40268928000905413,13,193.0
2125.0,13,192.0,4.923076923076923,7.059023182132046,6,102.0,0.33092877531453685,7,117.0,0.3307171677636453,13,219.0
2130.0,15,216.0,5.2682926829268295,6.307605486067029,8,114.0,0.440652219268608,7,128.0,0.2893764417085804,15,242.0
2135.0,10,179.0,4.7105263157894735,7.589931654188383,4,91.0,0.5410375438242506,6,137.0,0.457564044514171,10,228.0
2140.0,8,111.0,3.0833333333333335,7.504579476515389,4,63.0,0.4686353053661137,4,90.0,0.5350023884666026,8,153.0
2145.0,12,123.0,3.4166666666666665,6.832156730648776,9,98.0,0.3361125266740185,3,47.0,0.4724488568616196,12,145.0
2150.0,13,147.0,3.972972972972973,5.563613121001384,7,106.0,0.31826432509956226,6,56.0,0.3600686614066912,13,162.0
2155.0,13,161.0,4.025,6.290991354263714,9,128.0,0.4405643602586288,4,46.0,0.3760908281893955,13,174.0
2160.0,12,120.0,2.7906976744186047,6.875993563540544,7,115.0,0.4045860674631581,5,54.0,0.4992144490543097,12,169.0
2165.0,7,99.0,2.106382978723404,8.191095774124284,3,73.0,0.49332898016549454,4,54.0,0.5996090610928697,7,127.0
2170.0,10,136.0,2.8333333333333335,8.009433339104755,7,85.0,0.4445531451136628,3,57.0,0.5556388223496102,10,142.0
2175.0,13,168.0,3.4285714285714284,7.311895398918047,6,98.0,0.39081814319547686,7,83.0,0.5096066058766086,13,181.0
2180.0,17,235.0,4.895833333333333,7.046675811872153,9,117.0,0.3742620759746051,8,128.0,0.5297747127149907,17,245.0
2185.0,16,263.0,5.26,5.299613257114894,8,148.0,0.29243735983625774,8,152.0,0.40923326207762845,16,300.0
2190.0,17,332.0,6.775510204081633,6.261035070825077,8,164.0,0.4277187681967362,9,178.0,0.37661525871332024,17,342.0
2195.0,18,175.0,3.3653846153846154,5.403628457506835,7,151.0,0.4297747896752879,11,139.0,0.1420128665597597,18,290.0
2200.0,14,161.0,2.9814814814814814,6.813058464224022,6,117.0,0.34618965739291924,8,97.0,0.39880225367156913,14,214.0
2205.0,17,186.0,3.6470588235294117,5.770704968505408,9,130.0,0.23168993339387164,8,106.0,0.4135198343975409,17,236.0
2210.0,16,155.0,3.1,6.019816805008862,10,139.0,0.2648445128323723,6,102.0,0.474675731081025,16,241.0
2215.0,20,199.0,4.061224489795919,4.859936992519809,13,151.0,0.32571718713992753,7,107.0,0.28665453252185297,20,258.0
2220.0,23,230.0,4.791666666666667,4.5436742553142855,11,168.0,0.3567570384203345,12,156.0,0.23704166611532243,23,324.0
2225.0,19,234.0,4.875,4.900454451808618,8,139.0,0.4245086486814645,11,172.0,0.08841014869425126,19,311.0
2230.0,16,236.0,4.916666666666667,5.925608265197911,8,127.0,0.34139369698098204,8,172.0,0.20167928132886356,16,299.0
2235.0,19,227.0,4.365384615384615,6.0626894196673655,10,129.0,0.21633825201086143,9,186.0,0.33942268061604397,19,315.0
2240.0,19,251.0,4.921568627450981,6.009883019984329,9,159.0,0.2821644841404815,10,180.0,0.428437635616592,19,339.0
2245.0,17,218.0,4.2745098039215685,6.0821381359952085,9,185.0,0.3846582176746992,8,141.0,0.4355677122865227,17,326.0
2250.0,16,259.0,4.886792452830188,6.249615689769266,7,195.0,0.3875963241064854,9,133.0,0.478973462744928,16,328.0
2255.0,18,275.0,4.910714285714286,5.934527669237999,8,210.0,0.40278805847369353,10,141.0,0.38843018813969515,18,351.0
2260.0,19,308.0,5.703703703703703,5.684315010997337,10,245.0,0.34991697653890913,9,117.0,0.31307032547692354,19,362.0
2265.0,23,411.0,7.472727272727273,5.36061247533631,12,292.0,0.28583024375870064,11,154.0,0.27184896688951754,23,446.0
2270.0,22,354.0,6.321428571428571,4.023131309569436,10,277.0,0.1630442212177746,12,183.0,0.24062232876943118,22,460.0
2275.0,22,359.0,6.189655172413793,5.921453168541899,7,217.0,0.3849874348196408,15,218.0,0.28769072793709705,22,435.0
2280.0,20,269.0,4.559322033898305,5.583556959665782,7,106.0,0.4514787811471605,13,270.0,0.20652772760581656,20,376.0
2285.0,20,327.0,5.360655737704918,6.804563090353566,10,138.0,0.4719530316814263,10,277.0,0.2970938440304182,20,415.0
2290.0,21,296.0,5.016949152542373,5.3824866144395065,11,160.0,0.23381993883714394,10,264.0,0.28329540957406096,21,424.0
2295.0,28,334.0,5.566666666666666,5.393527946024112,13,197.0,0.14392669887425832,15,251.0,0.31910408610848545,28,448.0
2300.0,26,326.0,5.927272727272728,4.294901593505429,11,198.0,0.2770588348351925,15,290.0,0.25865696830481333,26,488.0
2305.0,25,331.0,5.706896551724138,4.596131608733839,7,171.0,0.32410695175809207,18,300.0,0.23891874389670442,25,471.0
2310.0,24,300.0,4.761904761904762,4.65215990700774,4,162.0,0.492284337291119,20,339.0,0.137537538038347,24,501.0
2315.0,27,396.0,6.0,5.93944380707823,8,169.0,0.5003963462259479,19,373.0,0.24131178082417717,27,542.0
2320.0,24,382.0,5.536231884057971,5.528381032210057,8,172.0,0.45366486521426547,16,392.0,0.24103799030114975,24,564.0
2325.0,16,264.0,3.9402985074626864,5.7037734300038165,6,165.0,0.4494024726892609,10,330.0,0.17530156861642995,16,495.0
2330.0,21,190.0,2.8358208955223883,5.2801056896090826,12,142.0,0.27894194155542196,9,316.0,0.2348485358422188,21,458.0
2335.0,30,269.0,4.138461538461539,4.229134620326924,17,145.0,0.1258591138817768,13,328.0,0.2643589958245835,30,473.0
2340.0,32,340.0,5.074626865671642,4.051677084821434,18,206.0,0.15538374251793008,14,346.0,0.30232042892930366,32,552.0
2345.0,23,384.0,6.193548387096774,5.028245696054524,14,234.0,0.27189552685447693,9,316.0,0.3054722514375228,23,550.0
2350.0,25,415.0,6.587301587301587,4.606374783311952,15,255.0,0.1797315005479456,10,325.0,0.29460594166611914,25,580.0
2355.0,25,454.0,6.878787878787879,5.061542207331901,11,234.0,0.34223262861495907,14,375.0,0.20520281999157458,25,609.0
2360.0,26,307.0,4.873015873015873,5.200245800619074,10,213.0,0.379461373957744,16,316.0,0.19884445896181688,26,529.0
2365.0,29,427.0,6.569230769230769,5.551975977710367,13,217.0,0.41936276852091053,16,315.0,0.24086475193772253,29,532.0
2370.0,29,341.0,4.671232876712328,5.346160453232948,15,237.0,0.3338205008406496,14,290.0,0.32965998179241757,29,527.0
2375.0,27,410.0,5.466666666666667,6.8123538649136774,14,237.0,0.44492330531991137,13,276.0,0.47512409155169083,27,513.0
2380.0,26,366.0,4.88,5.8358514969701,13,248.0,0.34789845248262746,13,277.0,0.388186580588351,26,525.0
2385.0,25,264.0,3.8260869565217392,4.53068586755757,16,247.0,0.1547102488098007,9,202.0,0.2492343637337309,25,449.0
2390.0,30,334.0,5.21875,4.010667011769462,18,295.0,0.09352617410402679,12,151.0,0.20069234597976926,30,446.0
2395.0,32,421.0,6.790322580645161,3.9329550996348934,19,334.0,0.09482762333552308,13,192.0,0.081506196039956,32,526.0
2400.0,35,549.0,9.305084745762711,3.5664019196851697,18,407.0,0.16818045606978785,17,249.0,0.1581130297204228,35,656.0
2405.0,28,635.0,10.583333333333334,5.188912202318529,14,447.0,0.27703860683596115,14,288.0,0.25454206644149835,28,735.0
2410.0,24,544.0,9.220338983050848,5.550501716708256,14,402.0,0.18041504869433597,10,283.0,0.35099507823561127,24,685.0
2415.0,23,425.0,7.327586206896552,4.775083685871191,13,350.0,0.09152082600180292,10,251.0,0.3067327154254703,23,601.0
2420.0,26,440.0,7.586206896551724,5.046406055723201,14,373.0,0.17450777891247993,12,225.0,0.320200115920862,26,598.0
2425.0,21,260.0,4.7272727272727275,5.020965004597041,11,358.0,0.31418874001998937,10,207.0,0.301348841571488,21,565.0
2430.0,22,248.0,4.275862068965517,5.172577733051309,9,359.0,0.3514770537410375,13,170.0,0.2941392403790803,22,529.0
2435.0,22,243.0,4.2631578947368425,5.289562287588239,10,340.0,0.3549337676645798,12,181.0,0.23826569521800747,22,521.0
2440.0,18,247.0,4.049180327868853,5.567578103908861,11,345.0,0.25563591445623496,7,150.0,0.2806003276977772,18,495.0
2445.0,18,280.0,4.745762711864407,6.01173607605507,12,309.0,0.2645152064480989,6,158.0,0.3318491305778486,18,467.0
2450.0,25,254.0,4.456140350877193,5.622571677129452,14,287.0,0.2769699112245485,11,167.0,0.36609496357582855,25,454.0
2455.0,24,331.0,5.807017543859649,5.761781318893706,14,320.0,0.3584138096136884,10,193.0,0.3695337418715931,24,513.0
2460.0,20,339.0,6.163636363636364,5.384183468849806,13,336.0,0.19856120579602976,7,191.0,0.43313635665135797,20,527.0
2465.0,14,283.0,4.879310344827586,6.246044536512564,10,327.0,0.29088333266932404,4,166.0,0.3909737617708288,14,493.0
2470.0,19,238.0,4.175438596491228,6.023704970438205,9,277.0,0.34936022742420425,10,187.0,0.26419518462685226,19,464.0
2475.0,22,285.0,5.0,5.720637831698496,12,222.0,0.4150371948287981,10,224.0,0.23471410159385023,22,446.0
2480.0,21,309.0,5.327586206896552,5.7987281426904485,13,247.0,0.2630223267539867,8,223.0,0.37510079686391046,21,470.0
2485.0,19,346.0,6.290909090909091,5.979254196409984,11,283.0,0.23395030168030173,8,213.0,0.444132113223823,19,496.0
2490.0,23,373.0,6.543859649122807,5.506685713432525,13,288.0,0.18534023986237338,10,242.0,0.4257740238676267,23,530.0
2495.0,17,355.0,6.339285714285714,6.089318934869897,7,243.0,0.3649198046325296,10,269.0,0.3766972453704267,17,512.0
2500.0,15,413.0,7.375,6.726832920270163,8,238.0,0.38338541697218753,7,270.0,0.31137331172419136,15,508.0
2505.0,14,164.0,2.8771929824561404,6.32017021382974,5,153.0,0.39436377458516064,9,169.0,0.22051482639682402,14,322.0
2510.0,22,250.0,4.545454545454546,6.325675013399064,7,120.0,0.4351179008211111,15,169.0,0.17118834164713004,22,289.0
2515.0,20,244.0,4.60377358490566,6.160333060241812,6,143.0,0.49822193102158363,14,181.0,0.21138569728085813,20,324.0
2520.0,19,314.0,6.28,6.556675638422291,7,161.0,0.4592735008332832,12,192.0,0.2314823692148541,19,353.0
2525.0,18,246.0,5.020408163265306,5.662091928646767,7,109.0,0.42730945478690374,11,205.0,0.09995270980996962,18,314.0
2530.0,14,205.0,4.183673469387755,6.273330478990079,9,128.0,0.3585076545563698,5,159.0,0.2807160881094917,14,287.0
2535.0,14,79.0,1.6458333333333333,6.40580963280807,10,90.0,0.33007312518936627,4,99.0,0.3925485404344862,14,189.0
2540.0,18,155.0,3.297872340425532,6.825030666427069,10,107.0,0.32882069635143696,8,119.0,0.4746197092628329,18,226.0
2545.0,15,146.0,2.979591836734694,5.715539824076093,9,119.0,0.27897223051351966,6,110.0,0.47854423407939545,15,229.0
2550.0,14,174.0,3.3461538461538463,6.780841110429931,10,109.0,0.3698140479844023,4,96.0,0.4483183984398149,14,205.0
2555.0,14,191.0,3.6037735849056602,7.7332658593899275,7,110.0,0.37368339409277995,7,109.0,0.4436777560137896,14,219.0
2560.0,15,145.0,2.5892857142857144,7.188519513328155,9,117.0,0.313422862007354,6,81.0,0.3322912259544162,15,198.0
2565.0,17,142.0,2.730769230769231,6.343804354680269,8,117.0,0.38481434669081593,9,76.0,0.32554484277099466,17,193.0
2570.0,15,178.0,3.869565217391304,6.501635725787022,8,122.0,0.452277319618608,7,102.0,0.40908246879132737,15,224.0
2575.0,13,166.0,3.5319148936170213,7.00518368387199,7,106.0,0.3285456271949292,6,105.0,0.5342357426933492,13,211.0
2580.0,16,142.0,2.9583333333333335,6.045923451175832,12,130.0,0.18524988586056124,4,76.0,0.423354004492322,16,206.0
2585.0,16,157.0,3.14,6.262495909168568,10,156.0,0.3339723176606541,6,67.0,0.3511534638885993,16,223.0
2590.0,16,196.0,3.92,6.9690250761525805,9,160.0,0.5157126112262865,7,76.0,0.2988144374896615,16,236.0
2595.0,17,233.0,4.755102040816326,6.968043742799338,7,169.0,0.549716115300991,10,114.0,0.28372295973856465,17,283.0
2600.0,16,244.0,4.979591836734694,5.4702216340688885,8,168.0,0.33871243166233017,8,131.0,0.284917157017713,16,299.0
2605.0,19,219.0,4.866666666666666,5.68268205009503,14,181.0,0.1496667434693672,5,100.0,0.5616590774399908,19,281.0
2610.0,22,216.0,4.695652173913044,4.159022799110206,15,182.0,0.07600623771536306,7,109.0,0.3731324478840565,22,291.0
2615.0,21,237.0,4.647058823529412,4.967011999202524,13,217.0,0.24476151085456752,8,113.0,0.3510521762211808,21,330.0
2620.0,22,243.0,4.86,5.9299714531138,12,228.0,0.4260818893210335,10,112.0,0.3836053653833622,22,340.0
2625.0,18,242.0,4.653846153846154,5.519211126140841,9,232.0,0.3087069321477361,9,131.0,0.4468129251321811,18,363.0
2630.0,19,188.0,3.6153846153846154,5.261840961356636,9,182.0,0.3287740099063782,10,131.0,0.2836710446840766,19,313.0
2635.0,18,188.0,3.418181818181818,5.42053771151798,12,185.0,0.1896418316425192,6,109.0,0.32566363569499146,18,294.0
2640.0,20,204.0,3.457627118644068,5.669025376123356,13,221.0,0.17656994017708383,7,94.0,0.3681132243816083,20,315.0
2645.0,23,265.0,4.649122807017544,5.911528119003478,11,243.0,0.2926748417004733,12,133.0,0.42589136820369694,23,376.0
2650.0,24,333.0,5.946428571428571,5.4842808786055945,13,265.0,0.32454012462452725,11,156.0,0.3676102694252495,24,421.0
2655.0,22,344.0,6.035087719298246,5.342774219329719,10,251.0,0.34069909703959805,12,162.0,0.26659096503150886,22,413.0
2660.0,18,319.0,5.5,5.791032283099831,8,216.0,0.31175993090604853,10,170.0,0.3110864971935372,18,386.0
2665.0,20,343.0,5.716666666666667,6.107604797518958,9,224.0,0.36772364754088555,11,177.0,0.25204985195460144,20,401.0
2670.0,21,321.0,5.17741935483871,6.98182350737106,9,234.0,0.523273379243387,12,184.0,0.2824593812921346,21,418.0
2675.0,20,204.0,3.5172413793103448,6.316370687822855,8,144.0,0.42209883636093204,12,162.0,0.30033458020312576,20,306.0
2680.0,24,248.0,4.133333333333334,5.418698886605296,14,146.0,0.31667682866779917,10,180.0,0.3026928025090795,24,326.0
2685.0,23,247.0,4.049180327868853,5.713524328739159,15,177.0,0.18392751481799813,8,149.0,0.47292997337149173,23,326.0
2690.0,17,239.0,4.267857142857143,6.006968082848489,12,188.0,0.2255809548038554,5,119.0,0.46197925679359825,17,307.0
2695.0,15,197.0,3.7169811320754715,6.236842771147818,7,165.0,0.3174480982157865,8,125.0,0.36170057965776287,15,290.0
2700.0,20,183.0,3.452830188679245,5.725735482776678,8,149.0,0.4424021566594075,12,117.0,0.24950491716307666,20,266.0
2705.0,20,192.0,3.4285714285714284,6.731009733914619,8,138.0,0.4607156358993156,12,146.0,0.3803159327467384,20,284.0
2710.0,16,152.0,2.6206896551724137,7.147535785637444,7,91.0,0.5710446088315662,9,153.0,0.42192456273766454,16,244.0
2715.0,10,118.0,2.0,6.4483163741170495,5,93.0,0.3598915092290038,5,118.0,0.43832538241200675,10,211.0
2720.0,15,150.0,2.5,6.615191745038599,9,112.0,0.34714377006979946,6,86.0,0.39693880766269335,15,198.0
2725.0,20,186.0,3.381818181818182,5.80830220213194,8,122.0,0.2766068910078523,12,126.0,0.20484992900366408,20,248.0
2730.0,23,272.0,5.037037037037037,5.380982633830013,10,156.0,0.23174471606619482,13,169.0,0.19521415163911127,23,325.0
2735.0,19,323.0,6.46,6.062408435673066,9,196.0,0.291395288262127,10,186.0,0.36472855956055045,19,382.0
2740.0,16,293.0,6.23404255319149,6.508462774453433,8,215.0,0.3333837169481294,8,160.0,0.3980482543357054,16,375.0
2745.0,16,257.0,5.354166666666667,6.106485777327227,6,168.0,0.4681681030898655,10,142.0,0.20517923259463466,16,310.0
2750.0,17,224.0,4.571428571428571,5.676139849132592,4,161.0,0.4260394003476713,13,157.0,0.24035284412621707,17,318.0
2755.0,18,191.0,3.673076923076923,6.028859870454889,5,104.0,0.4974058323517285,13,194.0,0.31664875499762385,18,298.0
2760.0,18,209.0,3.8703703703703702,6.630799048124333,8,98.0,0.5618014290057458,10,208.0,0.35016705344335536,18,306.0
2765.0,14,186.0,3.152542372881356,7.184929026858888,6,99.0,0.5449186302109345,8,180.0,0.3770247368538319,14,279.0
2770.0,11,134.0,2.09375,7.036925052491732,6,94.0,0.4240568399123758,5,139.0,0.4261328230319481,11,233.0
2775.0,21,147.0,2.296875,5.943247286908776,9,109.0,0.3399178976566211,12,111.0,0.35892636056771493,21,220.0
2780.0,26,192.0,3.0,5.424383862150048,12,129.0,0.330675109955184,14,138.0,0.295828252360181,26,267.0
2785.0,30,288.0,4.645161290322581,4.631819510442391,12,169.0,0.32893166431563253,18,184.0,0.14083883058582675,30,353.0
2790.0,30,380.0,5.6716417910447765,4.886386272267521,13,218.0,0.33834383624595826,17,240.0,0.19621844647671113,30,458.0
2795.0,32,474.0,6.970588235294118,5.057850702623152,15,254.0,0.34783818769814573,17,293.0,0.2652072405310462,32,547.0
2800.0,32,479.0,6.8428571428571425,4.918398216847777,16,286.0,0.3078017385378174,16,327.0,0.2762608008354296,32,613.0
2805.0,26,342.0,4.684931506849315,5.280645751016599,16,332.0,0.31292250855703435,10,267.0,0.34184370269857767,26,599.0
2810.0,19,349.0,4.847222222222222,5.82027594741113,12,340.0,0.274009040343995,7,207.0,0.353883514630987,19,547.0
2815.0,17,171.0,2.408450704225352,6.347410848955056,12,300.0,0.34011077780779686,5,132.0,0.43831953887636277,17,432.0
2820.0,30,260.0,3.5616438356164384,5.878172464632731,18,257.0,0.29819876406528856,12,145.0,0.305077526251435,30,402.0
2825.0,32,362.0,5.323529411764706,5.033740358563292,17,312.0,0.23846024279926292,15,182.0,0.28875048217099897,32,494.0
2830.0,29,448.0,6.892307692307693,4.490341236327649,19,346.0,0.13783070000616157,10,192.0,0.2927888813131122,29,538.0
2835.0,28,433.0,6.983870967741935,4.5432192508470095,18,360.0,0.11700647957891451,10,195.0,0.2717867940043973,28,555.0
2840.0,26,443.0,6.921875,5.3198722549535065,15,332.0,0.23973251111876615,11,220.0,0.2645863142645688,26,552.0
2845.0,24,287.0,4.783333333333333,4.625456285268895,13,317.0,0.2982170438198024,11,215.0,0.27921651266365444,24,532.0
2850.0,23,235.0,4.051724137931035,4.800717567040243,7,221.0,0.4144449255346938,16,227.0,0.22221828994738682,23,448.0
2855.0,26,293.0,5.051724137931035,4.6197701257527335,7,178.0,0.3844937754297545,19,274.0,0.24675838444274198,26,452.0
2860.0,21,292.0,4.709677419354839,5.290367383663586,10,203.0,0.2986483810109058,11,261.0,0.30816407162849296,21,464.0
2865.0,18,232.0,3.7419354838709675,5.318273980829674,8,186.0,0.09560928359344159,10,245.0,0.35419871371275385,18,431.0
2870.0,23,263.0,3.984848484848485,5.794464548459305,12,211.0,0.32768880548954243,11,249.0,0.2971669810408236,23,460.0
2875.0,25,264.0,3.8823529411764706,4.9693257354679465,8,214.0,0.42658156361553395,17,275.0,0.19768877162379084,25,489.0
2880.0,19,275.0,4.166666666666667,6.003225507499196,5,183.0,0.5656891052014172,14,282.0,0.2193071883676385,19,465.0
2885.0,21,286.0,4.4,6.06443491577993,7,152.0,0.33726494529531825,14,319.0,0.2717931372932067,21,471.0
2890.0,25,258.0,4.03125,5.66365726525536,11,108.0,0.2106294124161695,14,332.0,0.24778140397284745,25,440.0
2895.0,27,306.0,5.016393442622951,4.840382531848534,11,142.0,0.26361298796995136,16,354.0,0.21439223444532798,27,496.0
2900.0,29,329.0,5.875,4.294064335157415,11,170.0,0.3614495471403888,18,386.0,0.21364975405344447,29,556.0
2905.0,27,384.0,6.7368421052631575,4.468246347892933,8,173.0,0.4259799981982588,19,414.0,0.13004499770564362,27,587.0
2910.0,28,431.0,7.305084745762712,4.562891214205363,9,165.0,0.43111540910452567,19,477.0,0.06482654433592214,28,642.0
2915.0,22,404.0,7.087719298245614,5.295974505430732,10,147.0,0.3630624166105527,12,481.0,0.13306122893409106,22,628.0
2920.0,22,362.0,6.830188679245283,4.912289621770382,13,165.0,0.20234580145622744,9,404.0,0.22815156514495713,22,569.0
2925.0,20,246.0,4.730769230769231,4.717995793393129,14,208.0,0.15700479444270746,6,380.0,0.34505813004601776,20,588.0
2930.0,24,283.0,5.66,4.37096847105283,14,242.0,0.17291758310272978,10,382.0,0.3262883250884391,24,624.0
2935.0,26,336.0,6.339622641509434,4.486986613035308,12,257.0,0.20257531920244592,14,414.0,0.3486304989824911,26,671.0
2940.0,23,341.0,6.433962264150943,4.947492827354692,9,237.0,0.2787340454529773,14,436.0,0.3266688941207182,23,673.0
2945.0,18,356.0,7.12,5.103727794663042,9,256.0,0.276143582145179,9,407.0,0.2017912657140717,18,663.0
2950.0,14,233.0,4.480769230769231,5.29399022772343,6,174.0,0.26946145028416396,8,366.0,0.16415755500823437,14,540.0
2955.0,19,210.0,4.038461538461538,5.585325298471771,5,133.0,0.3754731904900886,14,267.0,0.19366108424193737,19,400.0
2960.0,19,214.0,4.36734693877551,5.314882167820091,6,131.0,0.398379625689418,13,295.0,0.23950715815264226,19,426.0
2965.0,14,205.0,4.019607843137255,6.437753638867999,6,97.0,0.44291486850831635,8,283.0,0.33580468007329767,14,380.0
2970.0,15,192.0,3.6923076923076925,6.0316082638038235,5,81.0,0.36504275907432143,10,300.0,0.3508628192445678,15,381.0
2975.0,22,273.0,5.150943396226415,6.282635976152842,7,113.0,0.500832644972505,15,333.0,0.3290815703232506,22,446.0
2980.0,22,268.0,4.872727272727273,4.8589203632372095,5,94.0,0.41655580651690705,17,340.0,0.2953855729732809,22,434.0
2985.0,22,312.0,5.473684210526316,5.544012652633332,4,71.0,0.5976785753320338,18,371.0,0.22695389813972064,22,442.0
2990.0,24,253.0,4.288135593220339,4.682853817804531,5,49.0,0.38932441277553265,19,358.0,0.21123758947256407,24,407.0
2995.0,31,364.0,5.870967741935484,4.698203043665803,9,68.0,0.3881355930093592,22,416.0,0.15584941168501018,31,484.0
3000.0,30,374.0,6.131147540983607,4.155276756817295,8,90.0,0.3731657890131821,22,448.0,0.15516145715218566,30,538.0
3005.0,18,256.0,4.129032258064516,5.7290631150170315,3,80.0,0.40836175401299235,15,391.0,0.2619896187467194,18,471.0
3010.0,19,251.0,4.114754098360656,6.115856227785407,5,79.0,0.397653046368321,14,397.0,0.28536126001660195,19,476.0
3015.0,18,255.0,4.25,5.635977892482489,4,83.0,0.2611967754389198,14,413.0,0.234684402069613,18,496.0
3020.0,28,317.0,5.4655172413793105,4.492889934197276,11,122.0,0.22503256552895268,17,441.0,0.22358586216800438,28,563.0
3025.0,28,335.0,5.982142857142857,4.6555628544921115,8,152.0,0.3191338061413436,20,453.0,0.25756292473007264,28,605.0
3030.0,24,426.0,7.888888888888889,4.708982719502665,5,142.0,0.4888245243647057,19,527.0,0.1778106728650118,24,669.0
3035.0,23,411.0,7.611111111111111,4.903227388009413,2,65.0,0.6035814071718241,21,593.0,0.0913024082797637,23,658.0
3040.0,25,418.0,7.6,5.144231951368348,5,67.0,0.4879744151778007,20,625.0,0.17985625741245348,25,692.0
3045.0,27,533.0,9.517857142857142,4.917317814216856,7,105.0,0.4061921275887335,20,673.0,0.21950162355125655,27,778.0
3050.0,28,442.0,7.620689655172414,4.567941294126553,8,78.0,0.41702813684883194,20,650.0,0.17692759713989484,28,728.0
3055.0,22,267.0,4.52542372881356,5.295310460571837,10,116.0,0.30809348537677644,12,514.0,0.23524774190024886,22,630.0
3060.0,19,231.0,3.85,6.025783052904993,9,125.0,0.3662393835771958,10,391.0,0.29973866482124,19,516.0
3065.0,16,218.0,3.7586206896551726,6.175395221749474,3,79.0,0.38504556859661665,13,356.0,0.21936786958521168,16,435.0
3070.0,16,213.0,4.018867924528302,5.847363227244965,5,59.0,0.3372968661648734,11,361.0,0.1834027534689802,16,420.0
3075.0,19,252.0,4.581818181818182,6.1226533130989385,5,74.0,0.29072128237777894,14,354.0,0.3032582067088171,19,428.0
3080.0,19,259.0,4.980769230769231,5.981411211781159,8,106.0,0.4199364591252808,11,367.0,0.31607304231520955,19,473.0
3085.0,17,304.0,6.204081632653061,6.059680078413288,5,94.0,0.5253054389630596,12,377.0,0.3371623785973901,17,471.0
3090.0,17,322.0,6.571428571428571,6.655157780903353,5,81.0,0.527714113617232,12,379.0,0.3890880726984162,17,460.0
3095.0,15,335.0,6.7,6.886843190873366,7,113.0,0.38047274504830836,8,330.0,0.39959153688630367,15,443.0
3100.0,15,236.0,5.0212765957446805,4.942315579455931,6,116.0,0.19564301112989205,9,272.0,0.2871948928821994,15,388.0
3105.0,25,240.0,5.217391304347826,4.230977691573348,10,156.0,0.1830872262095224,15,238.0,0.1697566339240267,25,394.0
3110.0,22,295.0,6.276595744680851,3.8190365205454144,8,179.0,0.2691989926910658,14,295.0,0.11095429639163507,22,474.0
3115.0,24,391.0,8.5,4.811434804012942,7,194.0,0.4646168092205563,17,354.0,0.09956991847914576,24,548.0
3120.0,18,279.0,5.9361702127659575,6.130656421429335,4,118.0,0.5818507492191787,14,376.0,0.2541302349717193,18,494.0
3125.0,14,216.0,4.235294117647059,7.37342289161841,4,60.0,0.5288153320060848,10,336.0,0.3671097013859361,14,396.0
3130.0,16,230.0,4.791666666666667,6.762946357303659,7,60.0,0.2223853074325252,9,282.0,0.46382514444912404,16,342.0
3135.0,17,235.0,4.7,7.25003049482643,6,72.0,0.3455839170148268,11,255.0,0.488060412223021,17,327.0
3140.0,18,199.0,4.326086956521739,5.961826583969979,4,62.0,0.4983487535304232,14,250.0,0.30558174885226413,18,312.0
3145.0,19,177.0,3.6122448979591835,5.023135293922117,5,77.0,0.5064729063041099,14,245.0,0.16744690701987458,19,322.0
3150.0,20,219.0,4.294117647058823,4.797199280931467,6,104.0,0.41053541606940935,14,284.0,0.1681432547685122,20,388.0
3155.0,19,208.0,3.8518518518518516,5.99192417768708,6,85.0,0.5206302240532112,13,304.0,0.2962928298633975,19,389.0
3160.0,21,211.0,3.8363636363636364,6.0176410269016225,7,86.0,0.46871513530069725,14,294.0,0.31187530706727623,21,380.0
3165.0,19,209.0,3.943396226415094,5.863058311835606,7,90.0,0.42346655083270984,12,286.0,0.28421739845533245,19,376.0
3170.0,19,204.0,3.709090909090909,5.443677763512905,3,42.0,0.4177702759365464,16,296.0,0.15508173331794162,19,338.0
3175.0,17,213.0,3.8035714285714284,5.656795031806617,4,42.0,0.43802096210347763,13,307.0,0.14253373117849585,17,349.0
3180.0,25,267.0,4.8545454545454545,5.88969869114791,11,80.0,0.4196616189494039,14,320.0,0.2836542944242087,25,400.0
3185.0,20,249.0,4.611111111111111,5.1710035045378016,7,99.0,0.33682872018804233,13,299.0,0.3663437521868672,20,398.0
3190.0,21,311.0,5.654545454545454,4.967686575564268,8,90.0,0.33555308077443,13,344.0,0.3233091825299437,21,434.0
3195.0,23,344.0,6.254545454545455,4.788499507702386,8,103.0,0.31758693962048984,15,389.0,0.23276015177319773,23,492.0
3200.0,26,316.0,5.642857142857143,4.194981524869399,11,120.0,0.2569275422260996,15,389.0,0.1637371813837415,26,509.0
3205.0,30,314.0,5.413793103448276,4.378383385966266,11,125.0,0.30173470573079514,19,366.0,0.1824953908841119,30,491.0
3210.0,26,322.0,5.366666666666666,4.928236504419286,9,136.0,0.4057576079015954,17,371.0,0.2632073043425796,26,507.0
3215.0,20,283.0,4.492063492063492,5.426553958807119,8,138.0,0.33249747845854893,12,350.0,0.3575632155115672,20,488.0
3220.0,16,293.0,4.507692307692308,6.937897286504269,3,93.0,0.5047384534680702,13,366.0,0.33922265332815876,16,459.0
3225.0,15,263.0,4.174603174603175,7.308389025611165,4,57.0,0.5212531644780557,11,375.0,0.2576145559492983,15,432.0
3230.0,19,282.0,4.476190476190476,6.413017178214318,9,99.0,0.4019897043087046,10,376.0,0.24161260951831257,19,475.0
3235.0,25,286.0,4.8474576271186445,4.8977619561506005,12,120.0,0.3149181983720952,13,365.0,0.28206237776183146,25,485.0
3240.0,21,217.0,3.875,5.090665673347102,10,136.0,0.3520259329772743,11,301.0,0.2691942050081783,21,437.0
3245.0,19,242.0,4.101694915254237,4.708650509838059,9,129.0,0.3489854610666181,10,319.0,0.21398093577553234,19,448.0
3250.0,24,316.0,5.180327868852459,5.619777075315918,10,143.0,0.3918980432029262,14,336.0,0.2629603693149272,24,479.0
3255.0,26,316.0,5.180327868852459,5.072736118342922,12,168.0,0.3264020071683957,14,363.0,0.31794542840936585,26,531.0
3260.0,28,403.0,6.948275862068965,4.988871424459403,15,216.0,0.20416442612595562,13,360.0,0.38259925308827725,28,576.0
3265.0,27,440.0,7.586206896551724,4.376773860487841,14,261.0,0.13036194463902037,13,350.0,0.33152494878396455,27,611.0
3270.0,22,397.0,6.616666666666666,5.536942327035809,9,258.0,0.32080689285944874,13,322.0,0.26481219643681414,22,580.0
3275.0,23,226.0,3.896551724137931,4.61301531011358,12,258.0,0.26995463407767223,11,233.0,0.22137500932825263,23,491.0
3280.0,27,287.0,4.783333333333333,5.209356066003752,14,248.0,0.36969362450716886,13,217.0,0.2135634380740396,27,465.0
3285.0,26,303.0,5.05,4.675000958575704,13,272.0,0.3851302830274609,13,245.0,0.21163565709342855,26,517.0
3290.0,26,309.0,5.15,5.005365009861687,16,282.0,0.30675236792740457,10,247.0,0.3256462944232267,26,529.0
3295.0,27,329.0,5.672413793103448,3.9294287094168197,18,305.0,0.1616607876413026,9,245.0,0.316922607077171,27,550.0
3300.0,28,291.0,4.932203389830509,4.353820803228811,15,285.0,0.2113865529918559,13,224.0,0.23912550060024956,28,509.0
3305.0,23,271.0,4.754385964912281,4.411978075724615,13,309.0,0.284984638705011,10,195.0,0.22364302789488474,23,504.0
3310.0,29,336.0,5.894736842105263,4.803460105231529,15,342.0,0.2313049123932508,14,246.0,0.31164639272786987,29,588.0
3315.0,29,360.0,6.315789473684211,4.5303627166098,18,364.0,0.16644927351799318,11,265.0,0.41067473692779166,29,629.0
3320.0,28,412.0,6.866666666666666,4.696159683472496,18,409.0,0.11958738377289917,10,241.0,0.371213042147853,28,650.0
3325.0,30,453.0,6.969230769230769,4.331898640596719,19,446.0,0.06627046002834246,11,242.0,0.35535089798232194,30,688.0
3330.0,27,462.0,7.333333333333333,5.321781629446857,11,430.0,0.22715673999203298,16,229.0,0.35688245935579366,27,659.0
3335.0,26,420.0,6.774193548387097,4.5603567691260105,11,425.0,0.30546011110973986,15,217.0,0.2544602017150789,26,642.0
3340.0,32,512.0,8.677966101694915,4.61373136062599,13,421.0,0.36427839053785277,19,246.0,0.16826016778637298,32,667.0
3345.0,31,359.0,5.885245901639344,3.79940042922888,13,339.0,0.2772940181752944,18,287.0,0.17975483872821274,31,626.0
3350.0,29,393.0,6.338709677419355,4.907936193474126,17,302.0,0.23308900367974958,12,292.0,0.29804508113463385,29,594.0
3355.0,24,341.0,5.246153846153846,4.670471414124469,14,313.0,0.22690882882971344,10,289.0,0.3028850267259421,24,602.0
3360.0,23,282.0,4.2727272727272725,5.638373044888899,10,261.0,0.31749784961322286,13,229.0,0.26209026534468016,23,490.0
3365.0,25,279.0,4.292307692307692,5.408028394098898,11,254.0,0.33712727928085306,14,236.0,0.20834969591882152,25,490.0
3370.0,22,286.0,4.5396825396825395,5.7000621158029,12,243.0,0.2702620191606795,10,216.0,0.25365574398363205,22,459.0
3375.0,25,299.0,4.901639344262295,4.452939369602315,13,273.0,0.1021549239619882,12,224.0,0.314831469380287,25,497.0
3380.0,29,387.0,6.241935483870968,5.163235632729214,14,280.0,0.17798977374756905,15,245.0,0.33389541858950894,29,525.0
3385.0,29,337.0,5.435483870967742,4.592628883691588,14,294.0,0.27913664745488853,15,258.0,0.1990978675462122,29,552.0
3390.0,32,360.0,5.714285714285714,4.9295678015246995,12,283.0,0.4093527022616596,20,275.0,0.14820517790703053,32,558.0
3395.0,28,351.0,5.571428571428571,4.751448528826345,11,286.0,0.43840016635823054,17,320.0,0.2156825437840158,28,606.0
3400.0,22,341.0,5.246153846153846,5.076391694750894,13,301.0,0.3040097851255949,9,304.0,0.2907863929065115,22,605.0
3405.0,21,259.0,3.9242424242424243,5.093389351573225,15,307.0,0.2312071128446361,6,265.0,0.3722391975009385,21,572.0
3410.0,27,275.0,3.9855072463768115,5.206853000496617,16,305.0,0.23744445616924817,11,205.0,0.31469220902501405,27,510.0
3415.0,31,302.0,4.507462686567164,4.1454334965212825,16,323.0,0.21074565602194806,15,231.0,0.25367687866474903,31,554.0
3420.0,23,251.0,3.746268656716418,5.229507914313811,13,304.0,0.29280367681889313,10,213.0,0.2335901572238847,23,517.0
3425.0,22,299.0,4.6,4.928762564403112,12,334.0,0.22049406027768076,10,209.0,0.3062548326585049,22,543.0
3430.0,26,391.0,5.835820895522388,5.558746268628203,16,384.0,0.16711644673808887,10,223.0,0.32886830676887274,26,607.0
3435.0,30,473.0,7.166666666666667,4.895819985123733,16,427.0,0.1511760014684588,14,262.0,0.32092481648253907,30,689.0
3440.0,27,540.0,8.4375,5.4620136862967765,13,416.0,0.3071911781376007,14,304.0,0.30865665506159023,27,720.0
3445.0,26,503.0,7.859375,5.068726927237726,13,364.0,0.26822455645888027,13,315.0,0.2607033678068171,26,679.0
3450.0,25,454.0,6.984615384615385,5.430413542245259,10,317.0,0.2193405167492158,15,323.0,0.32462556311017404,25,640.0
3455.0,30,376.0,5.875,4.84415224258726,13,278.0,0.14909557632197218,17,294.0,0.30040198970965354,30,572.0
3460.0,29,353.0,5.883333333333334,4.2505088319775295,13,264.0,0.30618485179125765,16,338.0,0.2101132423293964,29,602.0
3465.0,26,368.0,5.841269841269841,4.716204740349008,8,238.0,0.34155537002897446,18,371.0,0.21518031534754264,26,609.0
3470.0,28,409.0,6.390625,4.878951690850181,10,235.0,0.30420975585285265,18,414.0,0.23351705838045989,28,649.0
3475.0,25,401.0,6.075757575757576,5.467403486350253,12,260.0,0.3047487424026699,13,405.0,0.2569278795862954,25,665.0
3480.0,28,443.0,6.420289855072464,5.468686017713194,12,260.0,0.2763914570435895,16,439.0,0.260159042886997,28,699.0
3485.0,30,478.0,6.927536231884058,4.473267051581677,12,259.0,0.208813543058292,18,453.0,0.26814967698765285,30,712.0
3490.0,33,394.0,5.794117647058823,4.214146141860574,14,259.0,0.31509506508002544,19,403.0,0.2565966947463257,33,662.0
3495.0,33,443.0,6.514705882352941,4.815080813025372,11,282.0,0.38037967352606133,22,395.0,0.25503578702963764,33,677.0
3500.0,30,458.0,6.542857142857143,4.558055775520366,6,257.0,0.4436377247732031,24,444.0,0.12390220353209394,30,701.0
3505.0,25,297.0,4.242857142857143,4.998307199957624,7,174.0,0.3948251682015572,18,438.0,0.1665879987024118,25,612.0
3510.0,30,407.0,5.732394366197183,4.925564447678676,14,180.0,0.2015881396375623,16,453.0,0.2725416412536997,30,633.0
3515.0,31,411.0,6.2272727272727275,4.429511174864676,17,230.0,0.0809238798474712,14,415.0,0.29226910150697166,31,645.0
3520.0,26,412.0,6.4375,5.099551563806862,11,255.0,0.24159485581011927,15,397.0,0.22922681694388977,26,652.0
3525.0,22,381.0,6.145161290322581,4.5754018043488776,8,250.0,0.32692298431593786,14,392.0,0.15677867176751914,22,642.0
3530.0,28,387.0,6.046875,5.115492471696916,12,257.0,0.34348958762283593,16,376.0,0.22798329338157078,28,633.0
3535.0,24,383.0,5.892307692307693,5.342695677436533,11,285.0,0.2918170180131412,13,368.0,0.33706077268897866,24,653.0
3540.0,20,416.0,6.603174603174603,6.068983323558998,6,281.0,0.446363522524666,14,362.0,0.2800328176380793,20,643.0
3545.0,23,320.0,5.333333333333333,4.958683942040854,8,215.0,0.409648107484979,15,377.0,0.16997938877061314,23,592.0
3550.0,22,245.0,4.1525423728813555,5.4768564184492154,7,133.0,0.3483222519371445,15,336.0,0.2399928267661496,22,469.0
3555.0,22,260.0,4.56140350877193,5.478787608335452,8,108.0,0.3144487687968303,14,330.0,0.2748488352457968,22,438.0
3560.0,24,298.0,5.418181818181818,5.23188235302836,11,134.0,0.2871717163973126,13,303.0,0.3118860640936875,24,437.0
3565.0,28,348.0,6.444444444444445,4.53021345382631,14,191.0,0.2749332517068992,14,288.0,0.21580509097858513,28,479.0
3570.0,23,305.0,5.754716981132075,4.81228151075167,10,212.0,0.3446121102179666,13,271.0,0.20928307930004297,23,483.0
3575.0,18,238.0,4.666666666666667,5.005747535975796,6,169.0,0.3897894687054228,12,289.0,0.16559890517328452,18,458.0
3580.0,23,291.0,5.490566037735849,4.887945127179866,6,151.0,0.36375956372016544,17,326.0,0.13341349659724924,23,477.0
3585.0,25,319.0,5.907407407407407,5.34373948753906,10,169.0,0.38210365766256427,15,331.0,0.1813042614250721,25,500.0
3590.0,20,189.0,3.4363636363636365,5.696847466566628,12,139.0,0.24676313048965678,8,289.0,0.39240408404272914,20,428.0
3595.0,22,257.0,4.9423076923076925,5.6306686107794865,14,181.0,0.1657674903065609,8,269.0,0.4194756655943377,22,450.0
3600.0,23,263.0,4.696428571428571,5.7061042651084986,12,187.0,0.231006335364571,11,231.0,0.42237054309967526,23,418.0
3605.0,17,205.0,3.6607142857142856,5.581518948586131,5,150.0,0.4157190319898302,12,261.0,0.2798944522791691,17,411.0
3610.0,20,242.0,4.321428571428571,5.362433439103112,6,153.0,0.4543677544849452,14,312.0,0.23282012717231645,20,465.0
3615.0,23,280.0,4.827586206896552,5.052106706860077,10,170.0,0.3981700368186414,13,314.0,0.21230320582853057,23,484.0
3620.0,22,278.0,4.793103448275862,5.044618733995588,11,183.0,0.2530355684315834,11,268.0,0.3229734067344774,22,451.0
3625.0,15,291.0,5.290909090909091,5.5962044588341575,7,142.0,0.23864596765667295,8,251.0,0.3040424191343618,15,393.0
3630.0,12,267.0,5.235294117647059,6.567992101114774,5,130.0,0.334955118252553,7,246.0,0.3740561020875273,12,376.0
3635.0,20,212.0,4.416666666666667,5.793901276227726,13,154.0,0.2469855614275885,7,201.0,0.3270122941448926,20,355.0
3640.0,17,240.0,5.217391304347826,5.083505156934116,11,193.0,0.20471230155608997,6,136.0,0.4117137192912286,17,329.0
3645.0,14,279.0,6.2,6.530931083510807,7,185.0,0.3425597157651362,7,161.0,0.3986540708444378,14,346.0
3650.0,12,154.0,3.276595744680851,5.425430110307567,4,106.0,0.368508396441589,8,162.0,0.23064773929379623,12,268.0
3655.0,19,236.0,4.916666666666667,6.32231219408396,8,93.0,0.3931119829809394,11,198.0,0.2581134620409054,19,291.0
3660.0,16,220.0,4.888888888888889,5.159646570130099,9,121.0,0.2265789414024141,7,187.0,0.31657619524860897,16,308.0
3665.0,10,225.0,5.0,6.966583791752912,5,122.0,0.33453437999663416,5,151.0,0.4343905575526006,10,273.0
3670.0,13,151.0,2.9607843137254903,6.6619248598866525,7,81.0,0.3391823952874397,6,145.0,0.36199864743039994,13,226.0
3675.0,18,213.0,4.096153846153846,7.515433548161421,10,108.0,0.45484539202635926,8,163.0,0.37783152973718637,18,271.0
3680.0,15,130.0,2.7083333333333335,6.264659947328512,10,133.0,0.3491302168060706,5,68.0,0.476998952497323,15,201.0
3685.0,12,153.0,3.122448979591837,6.733115723159573,8,130.0,0.35438905297239137,4,54.0,0.460545707881586,12,184.0
3690.0,18,181.0,3.693877551020408,6.11112669339542,9,134.0,0.38161610534645973,9,88.0,0.2718063911544021,18,222.0
3695.0,18,193.0,3.938775510204082,6.738146834472832,12,168.0,0.3490372371937117,6,79.0,0.34042505199048545,18,247.0
3700.0,14,186.0,4.043478260869565,5.616927496233344,11,192.0,0.1417947403554314,3,46.0,0.5022845373395819,14,238.0
3705.0,17,259.0,5.285714285714286,6.123447816475724,14,234.0,0.1998868936233155,3,63.0,0.5037096092304256,17,297.0
3710.0,20,233.0,4.66,6.799088424511348,13,201.0,0.34313955172447597,7,93.0,0.5056629719225528,20,294.0
3715.0,17,232.0,4.64,7.031121360974259,11,217.0,0.4218901401773072,6,66.0,0.45446630620669964,17,283.0
3720.0,16,208.0,4.622222222222222,5.244852382003416,9,208.0,0.303956790287947,7,81.0,0.4219247068764053,16,289.0
3725.0,15,117.0,2.4893617021276597,5.369979142274411,8,153.0,0.30553342371200976,7,92.0,0.27256430993477104,15,245.0
3730.0,15,131.0,2.7872340425531914,5.607993161461188,9,165.0,0.2123963092119851,6,78.0,0.31022473278348095,15,243.0
3735.0,20,151.0,3.282608695652174,5.865801410597609,15,204.0,0.2098420427248661,5,76.0,0.3304820315631061,20,280.0
3740.0,18,173.0,3.760869565217391,5.356969624191936,11,224.0,0.18854803042289064,7,75.0,0.44907091543374217,18,299.0
3745.0,19,211.0,4.586956521739131,5.91670239693249,13,259.0,0.3259264265016809,6,73.0,0.47616863359425365,19,332.0
3750.0,19,236.0,5.0212765957446805,5.595336484097765,10,244.0,0.38890464838258987,9,92.0,0.36431367798439757,19,336.0
3755.0,14,185.0,3.5576923076923075,6.253342680296774,6,167.0,0.44434465459801054,8,98.0,0.3387154768811106,14,265.0
3760.0,16,191.0,3.673076923076923,6.610900953895865,10,188.0,0.3333810695950966,6,74.0,0.41625426457236436,16,262.0
3765.0,14,192.0,3.84,5.988991622510741,9,196.0,0.16982318748191189,5,69.0,0.4350873488996288,14,265.0
3770.0,21,193.0,3.784313725490196,6.081621171747402,12,206.0,0.23595875825863485,9,109.0,0.4260021293102799,21,315.0
3775.0,20,248.0,4.862745098039215,5.813885219535189,12,198.0,0.2543500019173605,8,132.0,0.44232785583484613,20,330.0
3780.0,21,345.0,6.634615384615385,5.7097299164981115,13,260.0,0.327164470303611,8,157.0,0.389524855023649,21,417.0
3785.0,20,306.0,5.666666666666667,4.817767922968933,12,239.0,0.3320463397222522,8,166.0,0.3182544294815386,20,405.0
3790.0,16,275.0,5.5,5.889914841354112,7,180.0,0.33612323885288675,9,181.0,0.3327966762841049,16,361.0
3795.0,16,156.0,3.0,5.221233109649261,10,161.0,0.25760151123984826,6,121.0,0.28965860074189653,16,282.0
3800.0,21,216.0,4.0,5.796587815711714,10,161.0,0.30321905439112007,11,115.0,0.2605989907693612,21,276.0
3805.0,19,264.0,5.176470588235294,5.977754691551712,10,176.0,0.4012686553616743,9,152.0,0.42670765998659277,19,328.0
3810.0,14,303.0,5.826923076923077,6.86097126493254,7,167.0,0.4189690890741741,7,161.0,0.43351990868337986,14,328.0
3815.0,12,204.0,3.849056603773585,6.440534435498121,6,126.0,0.3425080411510812,6,139.0,0.3016707261455108,12,265.0
3820.0,20,286.0,5.2,6.208875617314113,12,169.0,0.2437182198489026,8,149.0,0.39009269792856177,20,318.0
3825.0,19,248.0,4.769230769230769,6.2071317653844424,12,212.0,0.3165863013163007,7,78.0,0.457707879284011,19,290.0
3830.0,15,263.0,5.0576923076923075,6.9531902327153965,8,221.0,0.3672122894374357,7,81.0,0.5080298192534557,15,302.0
3835.0,14,230.0,4.509803921568627,5.290944148369799,8,220.0,0.2908783642005795,6,73.0,0.23686444135760412,14,293.0
3840.0,24,324.0,6.230769230769231,5.89783627310221,13,237.0,0.3014219190568942,11,118.0,0.29963100266006115,24,355.0
3845.0,22,216.0,4.235294117647059,5.009937010916287,13,191.0,0.21673589168786095,9,119.0,0.3861327084064623,22,310.0
3850.0,23,282.0,5.875,5.384958569690901,14,179.0,0.17127544133596156,9,131.0,0.43011858237532097,23,310.0
3855.0,21,269.0,5.489795918367347,4.958946813548247,12,203.0,0.1974200446811306,9,146.0,0.36072873777482356,21,349.0
3860.0,21,328.0,6.431372549019608,6.032021399858565,12,223.0,0.30016013049455476,9,145.0,0.37347948761177757,21,368.0
3865.0,18,226.0,4.431372549019608,5.49538558591141,8,210.0,0.37241408714840984,10,133.0,0.37808004653832644,18,343.0
3870.0,14,111.0,2.0555555555555554,6.211932748444063,3,122.0,0.480052022343176,11,126.0,0.31848867445712464,14,248.0
3875.0,17,156.0,2.8363636363636364,6.787998944162018,4,56.0,0.6058977018312399,13,160.0,0.21846227203349627,17,216.0
3880.0,25,235.0,3.983050847457627,6.207894293102342,6,41.0,0.558281277508296,19,237.0,0.11423810459376259,25,278.0
3885.0,25,270.0,4.7368421052631575,5.612886428824343,8,75.0,0.46947206973259237,17,286.0,0.15085235752255943,25,361.0
3890.0,19,223.0,4.2075471698113205,5.392715813511762,7,81.0,0.3440605656013902,12,262.0,0.24259799414207361,19,343.0
3895.0,24,255.0,4.811320754716981,4.8619213874820115,12,94.0,0.15232266946630285,12,292.0,0.3194384576889435,24,386.0
3900.0,21,231.0,4.2,5.333744696668361,10,120.0,0.2758213227540343,11,292.0,0.34871016173200065,21,412.0
3905.0,20,216.0,4.0754716981132075,5.130337678752794,7,101.0,0.3593776294673828,13,316.0,0.2893403776154916,20,417.0
3910.0,23,200.0,3.6363636363636362,5.058024284126356,5,107.0,0.4248785612981839,18,308.0,0.14548100170509554,23,415.0
3915.0,24,238.0,3.966666666666667,5.487816719898043,7,114.0,0.4703528620816321,17,334.0,0.1699783623272554,24,448.0
3920.0,20,181.0,3.232142857142857,5.72467919465077,8,106.0,0.45267630532339886,12,300.0,0.2851489701162941,20,406.0
3925.0,23,242.0,4.101694915254237,4.905755576026078,12,154.0,0.28623571324431124,11,313.0,0.2760933339510934,23,467.0
3930.0,27,296.0,4.933333333333334,4.6503480750885045,12,206.0,0.30099087281135556,15,319.0,0.26052640890138995,27,525.0
3935.0,29,389.0,6.274193548387097,4.044535614656257,13,249.0,0.20003448207870592,16,356.0,0.2741026683432396,29,605.0
3940.0,24,364.0,5.777777777777778,4.557924105678543,10,242.0,0.19964120277623132,14,342.0,0.282663117791599,24,584.0
3945.0,16,263.0,3.925373134328358,5.552916894175016,5,159.0,0.33147043324621794,11,332.0,0.2573809013027962,16,491.0
3950.0,21,316.0,4.388888888888889,6.178052991519708,6,127.0,0.46465335135823266,15,311.0,0.2050774767568919,21,438.0
3955.0,24,375.0,5.434782608695652,5.468675946311913,5,132.0,0.44616834096657687,19,361.0,0.14448038021003598,24,493.0
3960.0,22,433.0,6.5606060606060606,6.018912726356698,9,160.0,0.4801502221550697,13,380.0,0.2215111634904352,22,540.0
3965.0,22,268.0,4.123076923076923,4.6614463185796104,9,121.0,0.2783057493965018,13,334.0,0.2160230448710429,22,455.0
3970.0,32,371.0,5.621212121212121,4.350756182793296,15,173.0,0.22380245977400384,17,363.0,0.2456398283088377,32,536.0
3975.0,32,448.0,6.492753623188406,4.778142062149288,14,194.0,0.30298840544733613,18,423.0,0.29422842465049576,32,617.0
3980.0,23,460.0,6.388888888888889,5.537515654711815,9,189.0,0.349142433540376,14,446.0,0.2832944847404033,23,635.0
3985.0,22,387.0,5.5285714285714285,5.307216530499088,7,136.0,0.3453998038276635,15,457.0,0.2093786892230699,22,593.0
3990.0,32,456.0,6.162162162162162,5.3099116838050895,14,161.0,0.2339650789554982,18,489.0,0.23626553835602532,32,650.0
3995.0,31,490.0,7.313432835820896,4.5999277376982795,13,183.0,0.3189009965364435,18,515.0,0.15660195667347815,31,698.0
4000.0,34,620.0,9.117647058823529,4.530874905319907,13,183.0,0.33421348181041505,21,612.0,0.14495683904904158,34,795.0
4005.0,33,655.0,10.396825396825397,3.713074814419193,13,204.0,0.24816026021238005,20,664.0,0.19939963866630706,33,868.0
4010.0,23,557.0,8.703125,4.8989548815220605,9,165.0,0.2734524226128691,14,658.0,0.21046764115849198,23,823.0
4015.0,20,549.0,8.318181818181818,4.549644854037484,8,166.0,0.22965211933720625,12,667.0,0.12689347988512462,20,833.0
4020.0,31,649.0,9.984615384615385,4.991059791477741,14,206.0,0.19111369069282524,17,698.0,0.21258354608192448,31,904.0
4025.0,32,605.0,9.758064516129032,4.80272927633533,14,236.0,0.3249170866073523,18,678.0,0.22469580802867536,32,914.0
4030.0,24,329.0,5.576271186440678,4.399290903405537,8,207.0,0.4099892779210406,16,561.0,0.08091773471838802,24,768.0
4035.0,25,281.0,4.60655737704918,4.215508317664968,10,188.0,0.3721067468709859,15,570.0,0.11392623933579714,25,758.0
4040.0,23,265.0,4.015151515151516,5.288704317498157,14,200.0,0.27250238298800267,9,502.0,0.26549512460089475,23,702.0
4045.0,26,339.0,5.059701492537314,5.0081076979775565,16,237.0,0.25108503889932504,10,457.0,0.31213342628240953,26,694.0
4050.0,26,389.0,5.63768115942029,5.329656078664027,11,244.0,0.3842663223952677,15,372.0,0.20179456502627754,26,616.0
4055.0,26,302.0,4.575757575757576,4.667381337937954,12,203.0,0.38315056784475576,14,359.0,0.14978085961251042,26,562.0
4060.0,36,442.0,6.597014925373134,4.707820472562797,20,270.0,0.30212501901338273,16,408.0,0.2741871089155686,36,678.0
4065.0,36,455.0,6.6911764705882355,3.668439242833646,24,326.0,0.18358317157580945,12,409.0,0.31557351996234845,36,735.0
4070.0,34,473.0,6.661971830985915,4.3885446905858565,25,358.0,0.1645905371534006,9,354.0,0.37272376844188443,34,712.0
4075.0,36,536.0,7.768115942028985,4.156954858670248,26,434.0,0.13569856263777336,10,307.0,0.3373293534601856,36,741.0
4080.0,31,543.0,7.438356164383562,4.846433680235192,18,446.0,0.20436417163298723,13,308.0,0.2635706296076559,31,754.0
4085.0,33,507.0,7.140845070422535,3.993062886533751,18,483.0,0.19553416484495667,15,291.0,0.1566650405723377,33,774.0
4090.0,37,555.0,8.043478260869565,4.650633437616732,23,553.0,0.18848643196571974,14,251.0,0.3121356481421623,37,804.0
4095.0,37,582.0,8.434782608695652,3.463995969744624,25,599.0,0.16564969444970107,12,265.0,0.24779856132764913,37,864.0
4100.0,37,542.0,7.324324324324325,3.9828172440390275,23,673.0,0.24678716389893854,14,284.0,0.2219200076327841,37,957.0
4105.0,32,455.0,5.9868421052631575,4.4800613863671535,20,709.0,0.2960538121180936,12,266.0,0.2719456162877011,32,975.0
4110.0,23,343.0,4.341772151898734,5.604930143862971,16,668.0,0.26746867425394527,7,195.0,0.3848737637875468,23,863.0
4115.0,22,230.0,2.987012987012987,4.969530327868561,17,646.0,0.16250582671807953,5,152.0,0.4256793919451774,22,798.0
4120.0,32,299.0,3.883116883116883,4.597177490357412,21,599.0,0.12937452873190478,11,164.0,0.29558574924169656,32,763.0
4125.0,40,410.0,5.466666666666667,4.204036828219855,27,660.0,0.1335946583777988,13,192.0,0.375106511735847,40,852.0
4130.0,35,539.0,7.1866666666666665,4.58597983629321,21,683.0,0.19812331639773736,14,252.0,0.35863240525991613,35,935.0
4135.0,31,515.0,6.95945945945946,4.480866641371422,18,663.0,0.26245895297822164,13,260.0,0.2898747455555027,31,923.0
4140.0,26,422.0,5.702702702702703,4.6310005362235,18,661.0,0.1767667441513116,8,210.0,0.2983664226721942,26,871.0
4145.0,30,394.0,5.324324324324325,4.166865252904846,20,649.0,0.19098974813019542,10,191.0,0.22401468981456546,30,840.0
4150.0,30,425.0,5.821917808219178,4.712968683745055,16,678.0,0.22490283009897413,14,207.0,0.19576352358068055,30,885.0
4155.0,32,519.0,7.414285714285715,4.160861774374894,19,729.0,0.24667186913497613,13,251.0,0.11932617594457783,32,980.0
4160.0,33,626.0,9.205882352941176,4.773475543679513,19,735.0,0.2471347661740251,14,272.0,0.16729030915837426,33,1007.0
4165.0,33,657.0,10.265625,4.241302661428932,21,692.0,0.1954004581578398,12,275.0,0.25129268958828405,33,967.0
4170.0,25,681.0,10.164179104477611,4.902154380323041,19,759.0,0.17548871406306807,6,188.0,0.4116458334428275,25,947.0
4175.0,25,727.0,11.359375,5.183044105801059,17,798.0,0.21480528564076656,8,180.0,0.3259689516140311,25,978.0
4180.0,26,630.0,10.0,5.13759958279925,16,776.0,0.26906352414585366,10,167.0,0.24253874401449044,26,943.0
4185.0,31,640.0,10.32258064516129,4.883744815435012,22,740.0,0.25534653118363415,9,135.0,0.27412949225738964,31,875.0
4190.0,35,773.0,12.46774193548387,4.281030580612994,25,795.0,0.20663537718155478,10,161.0,0.29045773258267393,35,956.0
4195.0,32,800.0,12.307692307692308,4.55587270707035,25,814.0,0.1672826929157952,7,170.0,0.48505089776472576,32,984.0
4200.0,33,886.0,13.424242424242424,4.463061548775268,25,902.0,0.20489007992614694,8,176.0,0.44049556471516643,33,1078.0
4205.0,27,794.0,12.030303030303031,4.4955271990246155,20,930.0,0.22319873450200392,7,139.0,0.39399012141966927,27,1069.0
4210.0,21,808.0,12.430769230769231,4.80260762502981,19,962.0,0.21827349850474567,2,68.0,0.27364158995536875,21,1030.0
4215.0,22,663.0,9.471428571428572,5.370394986751989,17,888.0,0.1608517755477139,5,35.0,0.30494116074643024,22,923.0
4220.0,26,369.0,5.3478260869565215,6.262220649578102,21,775.0,0.2221124282008988,5,61.0,0.4099778876906893,26,836.0
4225.0,25,300.0,4.545454545454546,5.854993759860846,22,685.0,0.20118139509700733,3,41.0,0.5315507425065312,25,726.0
4230.0,25,420.0,6.5625,6.356659314417873,23,670.0,0.2295852163090086,2,38.0,0.7884937673832574,25,708.0
4235.0,27,530.0,8.688524590163935,6.2799839657532095,26,675.0,0.22024601827747872,1,21.0,0.8585892583604644,27,696.0
4240.0,29,671.0,10.65079365079365,5.930145518891069,27,788.0,0.22086893812845262,2,27.0,0.7197240573455685,29,815.0
4245.0,32,675.0,10.074626865671641,4.770003000986998,26,814.0,0.2380073001310782,6,46.0,0.46127602287483394,32,860.0
4250.0,31,637.0,8.971830985915492,4.222921668693903,24,768.0,0.20477007682338483,7,73.0,0.3960067845232652,31,841.0
4255.0,31,606.0,7.973684210526316,4.216914688603744,25,792.0,0.13110963130585201,6,79.0,0.45985892068521583,31,871.0
4260.0,27,415.0,5.1875,5.473424836530396,22,730.0,0.16323758701856342,5,97.0,0.5277329792762554,27,827.0
4265.0,27,388.0,4.7317073170731705,5.8664884653877225,19,688.0,0.292511157219478,8,66.0,0.3256562059125119,27,754.0
4270.0,30,313.0,3.962025316455696,5.790225575857169,15,605.0,0.3655305103693866,15,119.0,0.22139583098982737,30,724.0
4275.0,33,395.0,5.337837837837838,4.097830492017378,20,604.0,0.2326679920494302,13,147.0,0.22034012077165638,33,751.0
4280.0,39,472.0,6.2105263157894735,3.9421211694131926,27,670.0,0.18949619962639158,12,186.0,0.2858235138613895,39,856.0
4285.0,43,589.0,7.551282051282051,4.453896011209349,30,741.0,0.1773448027000353,13,252.0,0.3768041079253801,43,993.0
4290.0,43,645.0,8.164556962025317,3.808599406125388,31,807.0,0.11929335919389542,12,266.0,0.3934429282958308,43,1073.0
4295.0,33,586.0,7.417721518987341,4.206242931425564,27,778.0,0.061542298638723375,6,233.0,0.3789505162651467,33,1011.0
4300.0,28,630.0,8.4,4.658992412350938,20,795.0,0.13050626855713351,8,242.0,0.28559862135156056,28,1037.0
4305.0,33,692.0,9.105263157894736,4.5911074939133725,17,826.0,0.21283538534169213,16,278.0,0.16331367186286022,33,1104.0
4310.0,41,697.0,10.101449275362318,3.7900655856157863,22,867.0,0.1902933184453657,19,275.0,0.1769087177509593,41,1142.0
4315.0,40,856.0,12.588235294117647,3.784057159823562,23,936.0,0.1971565699024973,17,273.0,0.22372406125732858,40,1209.0
4320.0,33,912.0,12.666666666666666,4.098096918671605,18,959.0,0.25103228766381935,15,285.0,0.18853764940189172,33,1244.0
4325.0,24,829.0,11.67605633802817,4.6518081934148094,16,969.0,0.236531897218007,8,234.0,0.23832627846609442,24,1203.0
4330.0,28,927.0,13.434782608695652,5.170610546802067,20,967.0,0.1294607615761907,8,203.0,0.37011998141035735,28,1170.0
4335.0,32,773.0,11.042857142857143,4.898921300061306,24,904.0,0.09749847910123928,8,164.0,0.3908254763113548,32,1068.0
4340.0,30,554.0,8.147058823529411,5.325226255887819,21,808.0,0.14473836857570202,9,155.0,0.4571206114689714,30,963.0
4345.0,29,363.0,5.5,4.9941016946826995,20,737.0,0.21711491449165107,9,145.0,0.39441531990348105,29,882.0
4350.0,30,411.0,6.044117647058823,4.908367834730259,18,755.0,0.279274440431718,12,163.0,0.33761475843665956,30,918.0
4355.0,26,270.0,4.029850746268656,4.100296738042089,13,728.0,0.3052286590329803,13,182.0,0.16237218317296234,26,910.0
4360.0,22,281.0,4.132352941176471,5.403534832562601,14,672.0,0.3276031017813092,8,158.0,0.24858158807133818,22,830.0
4365.0,21,209.0,3.028985507246377,5.134447439245453,15,675.0,0.2414255072034928,6,128.0,0.2883448525464437,21,803.0
4370.0,32,314.0,4.617647058823529,4.869129846389236,21,729.0,0.12529465130958117,11,144.0,0.3297950130578594,32,873.0
4375.0,34,386.0,6.126984126984127,4.611419513464136,25,731.0,0.12204394166670245,9,162.0,0.3941500103892579,34,893.0
4380.0,26,403.0,6.5,5.125408030419601,21,666.0,0.08273290242324312,5,131.0,0.493790623559606,26,797.0
4385.0,26,344.0,5.733333333333333,4.429345834140333,20,708.0,0.04441689823725027,6,98.0,0.4349858269000476,26,806.0
4390.0,32,444.0,7.52542372881356,4.617324511159078,20,722.0,0.06548524599509939,12,149.0,0.39084492920711983,32,871.0
4395.0,30,555.0,9.40677966101695,4.368012900531747,20,729.0,0.06620078851869439,10,182.0,0.42714396205227345,30,911.0
4400.0,28,642.0,10.524590163934427,4.960580915373407,18,641.0,0.09049450204252513,10,194.0,0.4131679510689178,28,835.0
4405.0,26,504.0,8.129032258064516,4.755426901136498,15,604.0,0.07683492399346789,11,175.0,0.3837903573243205,26,779.0
4410.0,18,257.0,4.213114754098361,5.754125848888236,7,444.0,0.2866794373214697,11,178.0,0.3247729662564216,18,622.0
4415.0,17,204.0,3.3442622950819674,6.005330479780848,4,310.0,0.5127774721847722,13,180.0,0.19309376508785017,17,490.0
4420.0,23,292.0,4.786885245901639,6.6103396457647365,5,201.0,0.5631940162026223,18,213.0,0.17670841122350278,23,414.0
4425.0,23,340.0,5.762711864406779,6.711121268333902,7,190.0,0.5007230037506838,16,258.0,0.2301963859257433,23,448.0
4430.0,17,322.0,6.1923076923076925,6.267340982039571,9,225.0,0.3157842691394682,8,230.0,0.3404839633388531,17,455.0
4435.0,14,209.0,4.354166666666667,5.228701007854602,7,189.0,0.12905070530881044,7,202.0,0.3279562855922587,14,391.0
4440.0,22,271.0,5.76595744680851,4.888082260250562,10,209.0,0.2089174232156104,12,186.0,0.19757195316884513,22,395.0
4445.0,19,255.0,5.425531914893617,5.004685294494948,6,182.0,0.31314749455236046,13,211.0,0.23851297922851653,19,393.0
4450.0,18,303.0,6.3125,6.498502225809211,6,145.0,0.47851224131651915,12,193.0,0.29787676958864484,18,338.0
4455.0,12,162.0,3.1153846153846154,6.853921583971043,4,78.0,0.46070568794882977,8,183.0,0.4082613331506171,12,261.0
4460.0,18,173.0,3.2641509433962264,6.95170236330257,7,87.0,0.4175370121533265,11,160.0,0.43118628767280215,18,247.0
4465.0,18,144.0,2.6666666666666665,5.397660954973791,6,63.0,0.37496803201461093,12,186.0,0.323886542615339,18,249.0
4470.0,19,195.0,3.6792452830188678,6.294683091493896,3,50.0,0.5538045605320686,16,220.0,0.2963641205698426,19,270.0
4475.0,23,227.0,4.283018867924528,5.443446809421036,5,70.0,0.4692229002822142,18,260.0,0.20321744677205822,23,330.0
4480.0,21,306.0,5.666666666666667,6.144156912130393,6,101.0,0.47619715996471984,15,296.0,0.2296288555853314,21,397.0
4485.0,20,286.0,5.2,5.246768372982217,7,118.0,0.4030646360763308,13,299.0,0.18687493638688887,20,417.0
4490.0,22,289.0,5.351851851851852,5.986408885267624,9,150.0,0.42968358929917433,13,262.0,0.2421565824786808,22,412.0
4495.0,21,312.0,5.777777777777778,4.997916536727228,10,185.0,0.2527978734931249,11,271.0,0.2770490277166317,21,456.0
4500.0,21,372.0,7.294117647058823,5.653843670570605,9,220.0,0.23140433025726154,12,255.0,0.3444470393738786,21,475.0
4505.0,19,285.0,5.588235294117647,5.393500403596739,8,161.0,0.24944546488230737,11,280.0,0.24317755883935066,19,441.0
4510.0,20,314.0,6.408163265306122,6.206649031890845,7,143.0,0.44156589017464165,13,296.0,0.2077122408353597,20,439.0
4515.0,17,247.0,5.145833333333333,5.9370516054554585,5,84.0,0.4519067097184095,12,312.0,0.2373689419899047,17,396.0
4520.0,17,267.0,5.5625,6.691608738858359,6,65.0,0.48127304886604516,11,296.0,0.2595883055787387,17,361.0
4525.0,15,138.0,3.066666666666667,5.779646834166591,4,57.0,0.32510507596218613,11,248.0,0.24291781534927037,15,305.0
4530.0,13,166.0,3.608695652173913,7.223251401340978,2,43.0,0.45837300786560026,11,221.0,0.3359061004875974,13,264.0
4535.0,16,148.0,3.6097560975609757,6.184433330372926,4,25.0,0.5320528184706426,12,238.0,0.28962419588372423,16,263.0
4540.0,14,161.0,3.926829268292683,6.844433951950931,5,52.0,0.5971082792234944,9,242.0,0.30703144864898607,14,294.0
4545.0,14,176.0,4.190476190476191,4.978873582932203,6,79.0,0.43646033448705224,8,236.0,0.22949915701261583,14,315.0
4550.0,19,221.0,5.1395348837209305,5.120752628753374,6,95.0,0.46646389864593624,13,241.0,0.21510151821395126,19,336.0
4555.0,15,256.0,5.953488372093023,5.391448683686884,4,81.0,0.5033829210300285,11,269.0,0.16253128461352032,15,350.0
4560.0,13,230.0,5.476190476190476,6.014115317070535,3,35.0,0.5272907527572566,10,280.0,0.12037495856811802,13,315.0
4565.0,18,262.0,6.093023255813954,5.634204017644804,7,50.0,0.42105445740968983,11,297.0,0.19146974525969906,18,347.0
4570.0,19,315.0,7.325581395348837,4.847085732773053,9,74.0,0.191135879383493,10,320.0,0.29469426016769423,19,394.0
4575.0,15,204.0,5.1,5.276623513949505,7,82.0,0.15011678187770983,8,260.0,0.3243970818699316,15,342.0
4580.0,12,142.0,3.641025641025641,6.430678925119384,6,87.0,0.043795058734476366,6,109.0,0.4151065680678187,12,196.0
4585.0,14,194.0,4.85,7.382428501014923,7,96.0,0.22345073447798477,7,126.0,0.5056020001023681,14,222.0
4590.0,11,110.0,2.619047619047619,7.717345329762658,4,58.0,0.4408615724063621,7,112.0,0.48451368056494876,11,170.0
4595.0,12,167.0,4.073170731707317,9.004225401276454,4,64.0,0.6530433257577293,8,117.0,0.4884514967605096,12,181.0
4600.0,11,173.0,4.552631578947368,5.839021437719351,4,84.0,0.48428509850039714,7,116.0,0.23425915026379546,11,200.0
4605.0,19,252.0,6.461538461538462,5.878745671838304,7,120.0,0.4339714558663646,12,146.0,0.24904260966622507,19,266.0
4610.0,16,244.0,5.951219512195122,5.095096128369867,6,118.0,0.3871258487641296,10,178.0,0.3781828174762142,16,296.0
4615.0,14,262.0,6.093023255813954,6.7652094416066575,5,82.0,0.4163800123426816,9,196.0,0.41373016929757656,14,278.0
4620.0,12,211.0,4.795454545454546,7.318680384255589,5,99.0,0.4096561684678969,7,154.0,0.3994904087904494,12,253.0
4625.0,11,202.0,4.208333333333333,7.693116281799573,6,103.0,0.2724980923327608,5,109.0,0.541941214418846,11,212.0
4630.0,15,216.0,5.023255813953488,6.767012918961736,10,148.0,0.34832494154292126,5,105.0,0.45365419785134603,15,253.0
4635.0,15,201.0,5.025,6.232927835755705,7,164.0,0.47082408050844016,8,80.0,0.3288107198546254,15,244.0
4640.0,18,263.0,6.921052631578948,4.865704302310856,8,193.0,0.4315906299373726,10,110.0,0.1829286492348564,18,303.0
4645.0,18,280.0,7.0,4.47442459586914,7,193.0,0.3968962510189342,11,138.0,0.12726036984171957,18,331.0
4650.0,13,227.0,5.27906976744186,5.6864010576449395,6,170.0,0.4620255944507449,7,138.0,0.159919354448976,13,308.0
4655.0,12,143.0,3.4047619047619047,6.611805726255942,5,74.0,0.5045562917541239,7,136.0,0.2629766984863094,12,210.0
4660.0,13,124.0,2.7555555555555555,7.2457395314838875,9,105.0,0.531710140569269,4,117.0,0.3896030577763952,13,222.0
4665.0,16,162.0,3.5217391304347827,6.563916188011113,12,142.0,0.3870080287892418,4,94.0,0.41777067840413207,16,236.0
4670.0,20,223.0,4.955555555555556,5.373941086410944,14,181.0,0.24837057323216863,6,119.0,0.39094615277082473,20,300.0
4675.0,20,186.0,3.72,4.582842790463442,17,201.0,0.16062419817292642,3,79.0,0.49258621601391855,20,280.0
4680.0,14,152.0,2.923076923076923,6.221331140509897,11,190.0,0.28517010712591867,3,54.0,0.5826513232019682,14,244.0
4685.0,14,157.0,3.019230769230769,6.646636252739672,10,164.0,0.3861216724156715,4,72.0,0.5136240509391007,14,236.0
4690.0,19,204.0,3.457627118644068,6.033834227265733,12,189.0,0.3813579218690299,7,102.0,0.35906086584336516,19,291.0
4695.0,20,227.0,3.847457627118644,5.647094717959124,15,229.0,0.3526037867738012,5,105.0,0.4652373860080472,20,334.0
4700.0,25,291.0,4.932203389830509,4.660968445521334,19,276.0,0.24748109899886733,6,122.0,0.4384142199546579,25,398.0
4705.0,29,359.0,5.279411764705882,4.640466481304201,21,323.0,0.21073975762666466,8,150.0,0.41521074835965777,29,473.0
4710.0,25,326.0,4.72463768115942,5.231402848205402,19,340.0,0.21881625784939535,6,116.0,0.44426117981054725,25,456.0
4715.0,29,340.0,4.927536231884058,4.453835796369874,19,379.0,0.1898150599126251,10,142.0,0.298007460345433,29,521.0
4720.0,37,383.0,5.319444444444445,4.298154415826641,26,423.0,0.1671933167693461,11,140.0,0.3241395790938127,37,563.0
4725.0,35,478.0,6.732394366197183,5.129423903641313,26,512.0,0.23575669574495003,9,140.0,0.4785846092630791,35,652.0
4730.0,29,460.0,6.571428571428571,5.004084166555539,21,530.0,0.23995889950466884,8,155.0,0.4499004727935793,29,685.0
4735.0,27,486.0,6.845070422535211,4.868442914808638,20,577.0,0.20898176836533758,7,151.0,0.40359037317263297,27,728.0
4740.0,24,404.0,5.855072463768116,4.3009152827604975,17,561.0,0.12175173403445466,7,128.0,0.3027700128570127,24,689.0
4745.0,29,347.0,5.102941176470588,4.173531944372232,19,550.0,0.17436164297208528,10,98.0,0.18992367203498597,29,648.0
4750.0,31,287.0,4.220588235294118,4.122048982283855,20,540.0,0.17895729384506584,11,129.0,0.2477174355915247,31,669.0
4755.0,33,372.0,5.723076923076923,4.290726293616827,23,585.0,0.16558941109865002,10,150.0,0.4184177171848777,33,735.0
4760.0,33,389.0,5.893939393939394,4.466440634001838,26,626.0,0.14512294380359184,7,161.0,0.49695221501887077,33,787.0
4765.0,30,438.0,6.083333333333333,4.470052753087562,24,677.0,0.12301244073314951,6,124.0,0.47481237773322055,30,801.0
4770.0,28,342.0,4.956521739130435,4.894924642031956,20,661.0,0.17762410208133894,8,116.0,0.349500048651098,28,777.0
4775.0,26,383.0,5.632352941176471,4.962010690273329,14,663.0,0.25553055596385316,12,120.0,0.16118182159429167,26,783.0
4780.0,30,447.0,7.209677419354839,4.639413500454922,16,657.0,0.28391964017283305,14,132.0,0.12211081060026097,30,789.0
4785.0,27,495.0,8.389830508474576,4.493644118149123,16,656.0,0.2820378450962799,11,154.0,0.13707561442418917,27,810.0
4790.0,25,485.0,8.220338983050848,4.699189547546408,16,618.0,0.2124243435591666,9,173.0,0.302375430107316,25,791.0
4795.0,27,367.0,6.327586206896552,4.614318409267386,19,585.0,0.19762939829243023,8,149.0,0.37966618920369183,27,734.0
4800.0,29,475.0,8.482142857142858,4.508211996647755,23,579.0,0.15714415788140731,6,170.0,0.44159171293473176,29,749.0
4805.0,31,562.0,9.525423728813559,4.640846227807462,21,642.0,0.16576267390035584,10,197.0,0.41756315408619926,31,839.0
4810.0,22,416.0,6.819672131147541,4.7968866434070785,13,623.0,0.19649839744185177,9,173.0,0.3531402263551915,22,796.0
4815.0,15,397.0,6.616666666666666,6.205668995128307,11,596.0,0.2546545338938607,4,93.0,0.4472002282115087,15,689.0
4820.0,16,427.0,7.116666666666666,6.208854201298434,11,581.0,0.22308286707352487,5,93.0,0.4760279812865118,16,674.0
4825.0,23,436.0,7.032258064516129,5.379790328748529,16,598.0,0.2610818365206622,7,88.0,0.24291523493058098,23,686.0
4830.0,26,515.0,8.879310344827585,5.231071726075858,15,637.0,0.2738050587886101,11,104.0,0.30648295422182203,26,741.0
4835.0,19,532.0,9.851851851851851,5.728513301296757,9,613.0,0.31020027798203814,10,141.0,0.35416022022108895,19,754.0
4840.0,17,439.0,8.283018867924529,5.508719435118185,8,540.0,0.2576990490050054,9,160.0,0.3476506535270495,17,700.0
4845.0,19,175.0,3.1818181818181817,4.69787477077999,11,380.0,0.19303628317959398,8,166.0,0.32247813183536456,19,546.0
4850.0,21,239.0,4.509433962264151,5.193508109958022,12,395.0,0.23545189374866735,9,166.0,0.4235006084393837,21,561.0
4855.0,19,261.0,4.9245283018867925,5.444733408359032,8,387.0,0.2836083924069812,11,188.0,0.24163658232514668,19,575.0
4860.0,17,305.0,5.446428571428571,6.067756199516483,7,316.0,0.41040934086627057,10,218.0,0.1894136776331157,17,534.0
4865.0,23,394.0,6.677966101694915,6.219183824353572,12,209.0,0.4416685405360314,11,268.0,0.2405795504533354,23,477.0
4870.0,20,436.0,7.517241379310345,5.670904513443306,11,241.0,0.4465420605751667,9,289.0,0.32278059385082575,20,530.0
4875.0,21,496.0,8.266666666666667,5.915329588929231,9,236.0,0.32918264898861854,12,324.0,0.360487229663102,21,560.0
4880.0,20,436.0,7.517241379310345,5.310817852284331,9,173.0,0.2948382266123218,11,368.0,0.23582079079861698,20,541.0
4885.0,22,501.0,8.637931034482758,5.7607691874082665,13,166.0,0.32828163301760604,9,397.0,0.20660454822163676,22,563.0
4890.0,22,408.0,7.69811320754717,4.892078692619597,12,145.0,0.2908758624543263,10,391.0,0.2885462827274072,22,536.0
4895.0,23,380.0,7.037037037037037,5.3784265229221715,11,136.0,0.3031220839474296,12,354.0,0.3961067404993739,23,490.0
4900.0,26,208.0,3.6491228070175437,4.669105585240267,15,164.0,0.3136873059425321,11,242.0,0.3617042070382845,26,406.0
4905.0,28,337.0,5.524590163934426,5.199053847567426,16,225.0,0.2928471718967689,12,225.0,0.39458725013002877,28,450.0
4910.0,27,328.0,5.2063492063492065,4.498525095888278,15,256.0,0.24698520893093362,12,245.0,0.3337170953599056,27,501.0
4915.0,20,317.0,4.661764705882353,5.8537686863960205,11,243.0,0.308103143866188,9,235.0,0.3232148345396542,20,478.0
4920.0,23,332.0,4.742857142857143,5.8720185068000506,11,251.0,0.3239183343778075,12,275.0,0.2365486146363737,23,526.0
4925.0,26,365.0,4.866666666666666,6.326994169993505,14,245.0,0.35487464501792304,12,267.0,0.278775788601093,26,512.0
4930.0,30,374.0,4.986666666666666,5.715228308671592,16,250.0,0.2569730880781243,14,284.0,0.3590656984219309,30,534.0
4935.0,29,460.0,6.133333333333334,5.832841617007683,17,253.0,0.2965062597841543,12,336.0,0.41337210464973473,29,589.0
4940.0,32,535.0,7.328767123287672,5.078640304616965,19,296.0,0.2752958215837564,13,358.0,0.3577706456312433,32,654.0
4945.0,33,587.0,8.04109589041096,4.335396098511499,20,372.0,0.17835002455047055,13,377.0,0.32284194197408544,33,749.0
4950.0,34,608.0,8.216216216216216,4.2323017982983595,21,404.0,0.1805857468845481,13,390.0,0.2799696605956956,34,794.0
4955.0,31,569.0,7.902777777777778,3.902177823307428,17,358.0,0.21514304349490895,14,442.0,0.12108320076216346,31,800.0
4960.0,25,612.0,9.134328358208956,4.243177916484065,14,391.0,0.20710408817931183,11,478.0,0.15986123504991373,25,869.0
4965.0,29,512.0,7.111111111111111,4.686537527127758,19,410.0,0.1720271454013515,10,396.0,0.24955845334018953,29,806.0
4970.0,33,376.0,5.295774647887324,4.921239506062952,20,449.0,0.1953478046400837,13,296.0,0.34234561606296837,33,745.0
4975.0,31,415.0,5.763888888888889,4.959439604211803,21,469.0,0.2852464631106454,10,304.0,0.3299322201577968,31,773.0
4980.0,30,449.0,5.986666666666666,4.4831479397674805,20,510.0,0.18217038374928354,10,313.0,0.34725400101438086,30,823.0
4985.0,35,445.0,5.779220779220779,4.767567442851031,25,555.0,0.17512906505510298,10,281.0,0.36940517283670393,35,836.0
4990.0,38,500.0,6.25,4.633640064961836,23,569.0,0.1985484251041211,15,315.0,0.33378964463980265,38,884.0
4995.0,34,382.0,4.897435897435898,4.1910730407328405,17,499.0,0.18580486667868712,17,366.0,0.25490451141002174,34,865.0
5000.0,30,405.0,5.1265822784810124,4.506310635803566,15,446.0,0.1561403771918369,15,401.0,0.25259858596692014,30,847.0
5005.0,28,426.0,5.325,4.982440188488923,13,410.0,0.22448012542690984,15,358.0,0.2631510740461423,28,768.0
5010.0,31,424.0,5.435897435897436,4.9447140507375975,16,434.0,0.2215081258627153,15,326.0,0.29254819292923534,31,760.0
5015.0,35,363.0,4.776315789473684,3.946369017733504,17,451.0,0.16265984201062852,18,311.0,0.2604148232545404,35,762.0
5020.0,40,480.0,6.315789473684211,3.849744299600537,20,476.0,0.2167739223524596,20,330.0,0.22181869458846915,40,806.0
5025.0,45,558.0,6.888888888888889,3.558738792430532,22,500.0,0.17509225438767145,23,385.0,0.2275482941168701,45,885.0
5030.0,31,459.0,5.7375,4.89617466452983,14,468.0,0.16648072247556217,17,390.0,0.3214383132797109,31,858.0
5035.0,23,459.0,5.810126582278481,5.072138836596512,9,439.0,0.23952674854679973,14,398.0,0.29046631742814133,23,837.0
5040.0,28,363.0,4.5375,4.874874666860823,7,339.0,0.3854061199352681,21,426.0,0.149716107297645,28,765.0
5045.0,37,453.0,5.734177215189874,4.385302858732907,12,329.0,0.34601903419762,25,513.0,0.21560057135149635,37,842.0
5050.0,38,585.0,7.597402597402597,4.390908339505233,13,349.0,0.3019894792578839,25,584.0,0.24241933191835977,38,933.0
5055.0,39,663.0,8.61038961038961,3.744982387453161,11,333.0,0.254417955246634,28,646.0,0.12426558494667753,39,979.0
5060.0,33,605.0,7.5625,4.194381824342579,11,303.0,0.24824367927058444,22,644.0,0.09903500555169698,33,947.0
5065.0,34,571.0,7.716216216216216,4.398494691279371,15,293.0,0.20880509137632805,19,593.0,0.1489024374102962,34,886.0
5070.0,35,472.0,6.293333333333333,5.003245532440088,18,338.0,0.2633597918046736,17,509.0,0.19082802097830245,35,847.0
5075.0,27,477.0,6.534246575342466,4.526584924329596,10,337.0,0.2895932415870851,17,536.0,0.15375666074232594,27,873.0
5080.0,29,374.0,5.267605633802817,4.650239410880553,13,331.0,0.32764558254124165,16,531.0,0.14243643906432207,29,862.0
5085.0,32,373.0,5.109589041095891,4.572654111926642,15,287.0,0.2922850834007321,17,554.0,0.21360829551197266,32,841.0
5090.0,31,326.0,4.465753424657534,4.645858155270614,16,296.0,0.19422263304056284,15,531.0,0.3269194520647713,31,827.0
5095.0,36,436.0,6.318840579710145,4.7476395300086,19,300.0,0.15177556433955536,17,545.0,0.36929724412841386,36,845.0
5100.0,37,486.0,6.942857142857143,3.9782917919131577,20,347.0,0.13278436799949261,17,513.0,0.28616597959356954,37,860.0
5105.0,27,348.0,4.901408450704225,4.430676924123596,11,328.0,0.2623549751712261,16,494.0,0.19644454142157394,27,822.0
5110.0,33,422.0,5.943661971830986,4.14631207176326,12,337.0,0.33745134654339437,21,482.0,0.06209387600998789,33,819.0
5115.0,36,473.0,6.306666666666667,4.5950659972775645,14,343.0,0.3540743883702965,22,537.0,0.13741844713062376,36,880.0
5120.0,31,520.0,7.123287671232877,4.57538789334222,18,366.0,0.2415172253417713,13,537.0,0.3118458881205493,31,903.0
5125.0,30,495.0,6.875,4.366102233165047,16,362.0,0.1872061076529785,14,500.0,0.2574308038751909,30,862.0
5130.0,30,482.0,6.602739726027397,5.118872278038978,14,395.0,0.278398464991815,16,448.0,0.18130732139614988,30,843.0
5135.0,27,346.0,5.088235294117647,4.955631889337593,11,336.0,0.2905249698479445,16,433.0,0.1599402104384552,27,769.0
5140.0,27,350.0,5.645161290322581,4.487525514050993,12,281.0,0.21983358003470227,15,394.0,0.1975840427980727,27,675.0
5145.0,31,313.0,4.968253968253968,3.9530175156303686,16,277.0,0.21523536268344445,15,417.0,0.17052103382745562,31,694.0
5150.0,28,295.0,4.916666666666667,4.9163526534174435,18,295.0,0.1997670921794549,10,375.0,0.3130599934989065,28,670.0
5155.0,26,320.0,5.079365079365079,4.815480076684814,15,339.0,0.199732631416935,11,334.0,0.3029206240251012,26,673.0
5160.0,22,262.0,4.295081967213115,5.288511009111669,10,325.0,0.21808768647581084,12,288.0,0.2838401868715602,22,613.0
5165.0,21,286.0,4.766666666666667,4.661735842312834,8,340.0,0.3114934015579356,13,296.0,0.16714791252422656,21,636.0
5170.0,25,329.0,5.306451612903226,5.156610487084269,13,367.0,0.19793347525095817,12,270.0,0.306656210582407,25,637.0
5175.0,22,312.0,5.2,5.536845429273537,14,359.0,0.19064246660540532,8,274.0,0.41674576117479906,22,633.0
5180.0,27,351.0,5.661290322580645,5.650187839559931,14,311.0,0.2965707285228661,13,291.0,0.3435711924553297,27,602.0
5185.0,27,382.0,6.161290322580645,5.264576782960301,11,264.0,0.397664771669708,16,333.0,0.26961482854887164,27,597.0
5190.0,17,306.0,5.464285714285714,5.01854624467795,5,169.0,0.3752771331634617,12,346.0,0.1680631315316878,17,515.0
5195.0,19,303.0,5.135593220338983,5.843755262084254,6,108.0,0.435457002481499,13,327.0,0.15275556671219828,19,435.0
5200.0,24,363.0,6.1525423728813555,6.215023633620544,8,117.0,0.3819845635879872,16,309.0,0.17737989933582454,24,426.0
5205.0,22,292.0,4.786885245901639,5.890679944242195,8,121.0,0.39653397164158954,14,266.0,0.1690122797822484,22,387.0
5210.0,26,377.0,6.283333333333333,5.5545893476521595,11,168.0,0.3271879748488359,15,261.0,0.2387074753308552,26,429.0
5215.0,22,406.0,6.766666666666667,5.798681220035579,10,211.0,0.3928620282938207,12,284.0,0.3325879538275426,22,495.0
5220.0,17,413.0,6.770491803278689,6.979520933966564,7,226.0,0.3817834014634843,10,244.0,0.4430298654680904,17,470.0
5225.0,18,295.0,4.836065573770492,6.970562513016621,6,174.0,0.3704628970901669,12,252.0,0.4082354788763843,18,426.0
5230.0,21,301.0,5.016666666666667,6.234257792110172,8,148.0,0.26132001624688267,13,249.0,0.3813613132185548,21,397.0
5235.0,21,183.0,3.210526315789474,5.798615640625256,8,94.0,0.2927684334499405,13,268.0,0.3871971089680703,21,362.0
5240.0,23,218.0,3.963636363636364,5.468635726777061,7,86.0,0.395838121166103,16,275.0,0.2707879016603692,23,361.0
5245.0,25,221.0,3.9464285714285716,4.059640817226799,6,88.0,0.35059320505536407,19,336.0,0.17912137863659713,25,424.0
5250.0,24,268.0,4.872727272727273,5.2042933856494225,3,61.0,0.515691976369319,21,379.0,0.1465114040111877,24,440.0
5255.0,23,250.0,4.62962962962963,5.1144218064671465,3,41.0,0.6512623191461162,20,390.0,0.07498276637704851,23,431.0
5260.0,22,294.0,5.157894736842105,6.091329947305223,6,65.0,0.4747657171485032,16,403.0,0.23952288230849614,22,468.0
5265.0,22,303.0,5.315789473684211,5.33556114104296,6,76.0,0.4122366900545649,16,413.0,0.20873079118394472,22,489.0
5270.0,24,304.0,5.735849056603773,4.874907371761144,9,119.0,0.3294124365130805,15,414.0,0.2295415598933832,24,533.0
5275.0,24,285.0,5.377358490566038,4.763334367889296,6,125.0,0.4003022245804653,18,415.0,0.19873731413835594,24,540.0
5280.0,25,328.0,6.3076923076923075,4.944452631295319,6,107.0,0.3696488970227684,19,437.0,0.1903147796989356,25,544.0
5285.0,26,370.0,6.981132075471698,4.98776514250411,7,137.0,0.4715479166927504,19,474.0,0.11903041305209418,26,611.0
5290.0,23,344.0,6.37037037037037,5.863441317107409,6,84.0,0.5362976829264358,17,466.0,0.1567183433657406,23,550.0
5295.0,22,328.0,6.074074074074074,5.593901795332382,6,100.0,0.5059127938279521,16,473.0,0.16243668744556033,22,573.0
5300.0,16,188.0,3.547169811320755,6.376826352619825,6,71.0,0.36589158059397975,10,401.0,0.3388441506287028,16,472.0
5305.0,18,216.0,4.235294117647059,5.64463852560632,8,92.0,0.2556607781696335,10,389.0,0.3260147807486061,18,481.0
5310.0,22,210.0,4.2,5.487256532613467,7,111.0,0.31159889363887455,15,332.0,0.2558651245422695,22,443.0
5315.0,18,243.0,4.86,5.49499104380659,5,88.0,0.46150605869524974,13,340.0,0.16934628201038848,18,428.0
5320.0,17,240.0,5.1063829787234045,6.453335640241515,5,55.0,0.4485676636198988,12,307.0,0.23508043572810122,17,362.0
5325.0,15,218.0,5.190476190476191,6.965854051140827,5,74.0,0.3745344813835868,10,286.0,0.3476812709241807,15,360.0
5330.0,16,241.0,5.604651162790698,5.832736804240498,4,86.0,0.31341862496328804,12,263.0,0.25671170928317305,16,349.0
5335.0,14,260.0,6.046511627906977,6.477854244897103,5,95.0,0.5499719749297626,9,243.0,0.3382801160682808,14,338.0
5340.0,12,247.0,4.94,7.8141866967139775,3,79.0,0.6703896511328563,9,248.0,0.41259889807964245,12,327.0
5345.0,14,158.0,3.0980392156862746,7.440744856208636,5,81.0,0.6295922436023731,9,161.0,0.4270629650410045,14,242.0
5350.0,16,170.0,3.269230769230769,6.670706969109056,7,107.0,0.5308339308124094,9,136.0,0.3605566242967879,16,243.0
5355.0,21,181.0,3.480769230769231,4.592829026856,14,158.0,0.3014349224135043,7,122.0,0.2965423017684043,21,280.0
5360.0,24,189.0,3.78,4.331633064486641,15,153.0,0.16838577253087791,9,116.0,0.3292071150182864,24,269.0
5365.0,15,151.0,3.1458333333333335,4.306402651069936,8,149.0,0.18822256153294628,7,125.0,0.21005534440529136,15,274.0
5370.0,17,171.0,3.5625,5.284762712220223,6,161.0,0.30972639115197853,11,133.0,0.22140403601453307,17,294.0
5375.0,21,208.0,4.333333333333333,5.722289019058869,11,165.0,0.30644448881462966,10,147.0,0.28795480267285034,21,312.0
5380.0,19,257.0,5.14,5.648034264858222,10,188.0,0.3854742991894225,9,137.0,0.2928173536041196,19,325.0
5385.0,13,234.0,4.875,6.66773636946731,5,161.0,0.4641631776052912,8,144.0,0.3958239143630949,13,305.0
5390.0,9,116.0,2.6363636363636362,6.745187805925499,4,85.0,0.28076430058401736,5,113.0,0.4625920637156466,9,198.0
5395.0,16,91.0,2.022222222222222,6.2372637057647,11,84.0,0.20067621392787607,5,73.0,0.3228801941303378,16,157.0
5400.0,18,112.0,2.382978723404255,6.401187082752391,10,114.0,0.3118872807306162,8,64.0,0.364561965419444,18,178.0
5405.0,15,154.0,3.276595744680851,7.212355918619142,9,133.0,0.39546296886597765,6,72.0,0.5260128352404229,15,205.0
5410.0,10,118.0,2.4583333333333335,7.328268721529358,7,125.0,0.3252691313464663,3,54.0,0.6247371135292487,10,179.0
5415.0,5,63.0,1.3695652173913044,7.726836323235104,3,75.0,0.37260403215666693,2,37.0,0.6068374191414027,5,112.0
5420.0,11,105.0,2.3333333333333335,7.48734204095679,5,63.0,0.47710291336201077,6,52.0,0.2642275353737719,11,115.0
5425.0,13,74.0,1.574468085106383,6.883638020844,6,57.0,0.4345599719664294,7,46.0,0.2920390417413029,13,103.0
5430.0,15,132.0,2.869565217391304,7.056098460746669,6,62.0,0.405418610897202,9,88.0,0.40111755978288643,15,150.0
5435.0,12,146.0,3.2444444444444445,6.611574080252894,6,77.0,0.28791499319563374,6,109.0,0.5715063362019286,12,186.0
5440.0,12,191.0,3.82,7.959305181256866,5,89.0,0.4670603270125188,7,116.0,0.538872917337156,12,205.0
5445.0,12,93.0,1.8979591836734695,6.61014324060626,5,65.0,0.48136053886501673,7,106.0,0.3092295076418142,12,171.0
5450.0,15,129.0,2.63265306122449,7.199385962982587,6,79.0,0.5332675007225406,9,70.0,0.27719498275925225,15,149.0
5455.0,16,125.0,2.6041666666666665,5.868840004023681,5,68.0,0.36914193970539044,11,98.0,0.32900185729134285,16,166.0
5460.0,18,184.0,3.7551020408163267,6.659705553462735,7,76.0,0.34075895457389416,11,128.0,0.39839374973269354,18,204.0
5465.0,14,169.0,3.38,6.767732305797735,5,83.0,0.47559635706059117,9,143.0,0.4290834880583719,14,226.0
5470.0,15,214.0,4.115384615384615,7.047116155383392,5,91.0,0.5536735829469189,10,149.0,0.34436152498835254,15,240.0
5475.0,15,149.0,2.811320754716981,5.676845798354101,4,49.0,0.4586178057048913,11,166.0,0.23651761347792633,15,215.0
5480.0,14,184.0,3.3454545454545452,7.342821336095698,6,57.0,0.4567663813110903,8,164.0,0.40101828916984283,14,221.0
5485.0,15,119.0,2.2452830188679247,6.067811579487141,8,79.0,0.39674405400830753,7,127.0,0.3057965902336006,15,206.0
5490.0,17,127.0,2.3518518518518516,6.94161123094742,6,93.0,0.4509315610126504,11,117.0,0.36956052919774335,17,210.0
5495.0,16,109.0,2.1372549019607843,5.238043265830659,6,90.0,0.3487855108267451,10,145.0,0.2533202299901466,16,235.0
5500.0,23,192.0,3.764705882352941,5.411180695722771,9,100.0,0.4116052487386685,14,176.0,0.2008868259943738,23,276.0
5505.0,22,209.0,3.732142857142857,5.87615502138236,10,130.0,0.4675950167928257,12,191.0,0.27264680469702574,22,321.0
5510.0,17,213.0,3.8035714285714284,7.098437949045431,12,178.0,0.4565456532081789,5,149.0,0.4790570752020103,17,327.0
5515.0,17,263.0,4.614035087719298,6.5821442395121625,13,240.0,0.303959710054561,4,130.0,0.44320575442139826,17,370.0
5520.0,25,287.0,5.035087719298246,5.381127893220575,15,272.0,0.248679436934181,10,124.0,0.3869720174832822,25,396.0
5525.0,27,299.0,5.155172413793103,5.078306898152816,16,299.0,0.3324782863740576,11,140.0,0.26195771018182956,27,439.0
5530.0,25,341.0,5.879310344827586,4.981494864826493,15,338.0,0.31824775839748676,10,156.0,0.2575755271348696,25,494.0
5535.0,21,283.0,4.879310344827586,4.975994461505882,11,329.0,0.3056595077481964,10,155.0,0.23493560564789742,21,484.0
5540.0,13,170.0,3.090909090909091,5.129175138718487,10,293.0,0.25382371335557824,3,91.0,0.22845600875246727,13,384.0
5545.0,16,152.0,2.6666666666666665,6.044408588571677,12,228.0,0.18970470071722356,4,66.0,0.4136185594409449,16,294.0
5550.0,18,168.0,3.0545454545454547,6.288686932571699,14,252.0,0.1448781207794793,4,79.0,0.5490224079387122,18,331.0
5555.0,24,280.0,5.185185185185185,6.340130761688526,19,324.0,0.14665164127671382,5,107.0,0.6202763954245358,24,431.0
5560.0,20,262.0,4.851851851851852,5.582678638754818,17,364.0,0.144713151309654,3,66.0,0.6219842106990371,20,430.0
5565.0,17,257.0,4.672727272727273,6.121288970856141,11,332.0,0.3710625396952381,6,86.0,0.4254737020298683,17,418.0
5570.0,18,239.0,4.0508474576271185,5.631913146071578,11,311.0,0.4508876608622169,7,81.0,0.19481346236771419,18,392.0
5575.0,20,284.0,4.655737704918033,6.6824388394804135,12,318.0,0.4105499414146261,8,99.0,0.3417676657740841,20,417.0
5580.0,22,206.0,3.4915254237288136,5.1992637233130985,15,292.0,0.1989075295736128,7,87.0,0.4476043008184218,22,379.0
5585.0,22,228.0,3.619047619047619,6.0472013078341735,17,278.0,0.2185752869770404,5,91.0,0.5282774092665524,22,369.0
5590.0,22,212.0,3.533333333333333,5.136029018097558,17,299.0,0.20367388752461288,5,81.0,0.4209396942503001,22,380.0
5595.0,23,206.0,3.4915254237288136,5.461409676256436,13,278.0,0.2297660020030837,10,98.0,0.387930420656222,23,376.0
5600.0,21,244.0,4.066666666666666,5.091596825827676,11,263.0,0.3194253848577598,10,119.0,0.2149681171734701,21,382.0
5605.0,17,263.0,4.4576271186440675,6.094671265126698,10,277.0,0.2795595126597828,7,111.0,0.3559558797432852,17,388.0
5610.0,20,295.0,5.267857142857143,5.307118365534412,15,297.0,0.14244015387965994,5,98.0,0.32892758644273457,20,395.0
5615.0,28,394.0,7.433962264150943,5.4588432396802045,20,396.0,0.2099052365705144,8,84.0,0.4127586879044871,28,480.0
5620.0,23,424.0,8.313725490196079,4.297298935179464,17,428.0,0.24416444760490852,6,106.0,0.29996073730180484,23,534.0
5625.0,27,486.0,9.346153846153847,4.356646802054421,18,451.0,0.2809297138207615,9,133.0,0.23851151245519245,27,584.0
5630.0,25,442.0,8.5,4.093575269556996,18,475.0,0.22275051201487497,7,108.0,0.3676058617167485,25,583.0
5635.0,20,359.0,6.903846153846154,4.8850794360890255,12,440.0,0.2134145385705707,8,130.0,0.36309186780705704,20,570.0
5640.0,18,347.0,6.94,5.133492293251617,10,398.0,0.31764048852559584,8,121.0,0.1355645748672242,18,519.0
5645.0,14,153.0,2.9423076923076925,6.42661106247615,10,279.0,0.27155321971575974,4,83.0,0.28021820869028163,14,362.0
5650.0,17,188.0,3.4814814814814814,6.250427712046878,14,233.0,0.17590548212342605,3,97.0,0.5183117425058279,17,330.0
5655.0,20,248.0,4.509090909090909,6.677983345599328,15,260.0,0.2840384355874063,5,113.0,0.6553011447273783,20,373.0
5660.0,13,248.0,4.592592592592593,7.630615002457909,11,256.0,0.38070373007443165,2,109.0,0.6814120132987611,13,365.0
5665.0,10,189.0,3.4363636363636365,6.776323546022289,7,225.0,0.3529119208295092,3,106.0,0.49593025497652793,10,331.0
5670.0,15,231.0,4.2,5.479921565520762,11,224.0,0.20614465323505698,4,124.0,0.30257048760063315,15,348.0
5675.0,22,243.0,4.418181818181818,5.650199740653345,15,223.0,0.1878629549862314,7,146.0,0.47080037588729756,22,369.0
5680.0,18,297.0,5.60377358490566,7.122961091293326,14,242.0,0.34233529309302047,4,164.0,0.6201438084018429,18,406.0
5685.0,17,309.0,6.3061224489795915,5.545760310797833,12,257.0,0.29437041203038206,5,180.0,0.4464460970287245,17,437.0
5690.0,16,146.0,3.106382978723404,4.058357365833151,9,211.0,0.20428121573261093,7,131.0,0.2528370906304341,16,342.0
5695.0,22,236.0,4.816326530612245,4.813570162578505,12,203.0,0.26442186206109236,10,101.0,0.11055001804776682,22,304.0
5700.0,21,230.0,4.339622641509434,5.236423805906972,13,239.0,0.2879562906737509,8,95.0,0.23173200567429264,21,334.0
5705.0,19,260.0,5.098039215686274,6.3380463378271,15,271.0,0.3038049538486043,4,59.0,0.4284112113944853,19,330.0
5710.0,19,282.0,5.64,5.694737922203145,16,306.0,0.16396352864020483,3,42.0,0.5193406904247387,19,348.0
5715.0,16,314.0,6.1568627450980395,6.040812980090299,11,327.0,0.20138550333539182,5,60.0,0.4447375251475742,16,387.0
5720.0,17,238.0,4.857142857142857,6.343802650247081,11,264.0,0.27623068022169456,6,69.0,0.37518597970074313,17,333.0
5725.0,21,321.0,6.829787234042553,6.5597637433213105,13,276.0,0.33391746776038017,8,107.0,0.40044377573737905,21,383.0
5730.0,16,337.0,7.488888888888889,4.90589509918745,10,312.0,0.2673886260830712,6,105.0,0.37810620168406345,16,417.0
5735.0,17,392.0,8.340425531914894,6.767170117611071,10,324.0,0.31001442167206106,7,93.0,0.5168074352287221,17,417.0
5740.0,12,192.0,3.9183673469387754,6.695789778106279,8,249.0,0.24529932616994576,4,57.0,0.4274572575780948,12,306.0
5745.0,16,156.0,3.12,7.147321026782516,11,173.0,0.26913375804620304,5,40.0,0.3950486822282394,16,213.0
5750.0,20,170.0,3.5416666666666665,6.320152140728702,11,179.0,0.3765585299764798,9,73.0,0.3237386604928613,20,252.0
5755.0,15,190.0,4.222222222222222,6.0781672734937295,9,176.0,0.4043692982366765,6,88.0,0.35534994598347375,15,264.0
5760.0,16,204.0,4.434782608695652,5.7407939789591085,8,173.0,0.33030550725339664,8,105.0,0.4933811885231436,16,278.0
5765.0,20,229.0,4.403846153846154,5.7675744451923965,13,208.0,0.2739399755955739,7,104.0,0.5252005598924655,20,312.0
5770.0,17,221.0,4.0181818181818185,6.772579709357165,11,215.0,0.3368623995229818,6,96.0,0.571278481282654,17,311.0
5775.0,14,131.0,2.2586206896551726,6.432255302296938,8,174.0,0.3263338746446544,6,76.0,0.3816766473629842,14,250.0
5780.0,21,165.0,2.619047619047619,5.79077519118558,9,177.0,0.36995800195029505,12,76.0,0.16741795080913607,21,253.0
5785.0,22,195.0,3.19672131147541,6.080468984637669,10,192.0,0.42497166335714953,12,124.0,0.2318218562473496,22,316.0
5790.0,19,253.0,4.362068965517241,6.111260561429644,7,190.0,0.3877584227558878,12,172.0,0.32412916438353145,19,362.0
5795.0,20,255.0,4.553571428571429,5.0311508161935405,10,186.0,0.2494259012930588,10,186.0,0.27351087758324183,20,372.0
5800.0,21,212.0,3.719298245614035,5.514401719734297,14,148.0,0.2335247341471458,7,152.0,0.2995860215885686,21,300.0
5805.0,21,209.0,3.542372881355932,5.581074077296273,15,199.0,0.18699104793824245,6,131.0,0.3468276708833409,21,330.0
5810.0,26,271.0,4.593220338983051,5.364668639601072,17,250.0,0.21508950768826834,9,111.0,0.3659545463908712,26,361.0
5815.0,22,271.0,4.927272727272728,5.52362398301672,15,270.0,0.34866072380352026,7,114.0,0.3506474269360006,22,384.0
5820.0,17,260.0,4.482758620689655,5.7673974697107555,11,293.0,0.29150063022037903,6,101.0,0.47046194084347953,17,394.0
5825.0,17,198.0,3.3559322033898304,5.646350880548047,11,278.0,0.22975412765835013,6,62.0,0.47577215703183895,17,340.0
5830.0,21,204.0,3.2903225806451615,5.597749403377966,12,262.0,0.2969936430842202,9,102.0,0.3175112100636073,21,364.0
5835.0,24,287.0,4.704918032786885,5.457389411927482,17,317.0,0.2729630582202226,7,135.0,0.3860377804605159,24,452.0
5840.0,25,357.0,5.666666666666667,4.917803253466458,18,362.0,0.11153463452300887,7,140.0,0.4536032271479401,25,502.0
5845.0,23,426.0,6.983606557377049,5.660597007776273,17,394.0,0.19644467934022727,6,164.0,0.44725144405682354,23,558.0
5850.0,25,451.0,6.731343283582089,5.823061772758137,15,422.0,0.28056299200998386,10,199.0,0.33399225322875364,25,621.0
5855.0,25,397.0,5.925373134328358,5.827942831832337,14,407.0,0.3615562467322969,11,162.0,0.3011603637507961,25,569.0
5860.0,29,446.0,6.96875,5.708150287607271,15,415.0,0.3437653332466825,14,191.0,0.33626586432524247,29,606.0
5865.0,26,351.0,5.484375,4.020711908473059,15,433.0,0.26026674311658576,11,221.0,0.26473392624638586,26,654.0
5870.0,25,356.0,5.476923076923077,4.121643438764018,16,411.0,0.21634421354639902,9,209.0,0.30731501393544886,25,620.0
5875.0,23,291.0,4.217391304347826,4.580649336623185,15,448.0,0.19448268665562565,8,162.0,0.3457046741235119,23,610.0
5880.0,31,382.0,5.617647058823529,4.4987693452456865,19,502.0,0.17802933495098813,12,142.0,0.32191226815781016,31,644.0
5885.0,35,385.0,5.661764705882353,3.6859723096552797,20,521.0,0.12951293146240875,15,181.0,0.28815824446613464,35,702.0
5890.0,26,340.0,5.230769230769231,4.004442578467601,16,502.0,0.1638434359180295,10,204.0,0.25306961879656,26,706.0
5895.0,22,342.0,4.885714285714286,5.490444930550192,14,501.0,0.22032421300718297,8,218.0,0.3415958675493313,22,719.0
5900.0,26,348.0,5.043478260869565,6.068653215371215,20,554.0,0.1923900749831953,6,174.0,0.4305199171883132,26,728.0
5905.0,28,404.0,5.9411764705882355,5.123384736827113,20,584.0,0.21650544871807695,8,138.0,0.3253226851505346,28,722.0
5910.0,28,330.0,5.15625,4.559209294269522,18,558.0,0.2755116762629937,10,118.0,0.3042332915612538,28,676.0
5915.0,31,345.0,5.390625,3.983413083286199,16,545.0,0.2550345430111748,15,140.0,0.25671707645779923,31,685.0
5920.0,30,340.0,5.3125,4.017772004017941,16,538.0,0.21469151924487992,14,179.0,0.3088385338046095,30,717.0
5925.0,20,204.0,3.2903225806451615,4.059000369974284,11,493.0,0.1208277582054631,9,174.0,0.2606398075701326,20,667.0
5930.0,19,242.0,3.9672131147540983,4.4496849018284825,12,438.0,0.17662774647207374,7,181.0,0.22860768539008197,19,619.0
5935.0,26,300.0,4.545454545454546,4.385710784039972,15,461.0,0.1911718472612571,11,193.0,0.1925654101006818,26,654.0
5940.0,29,361.0,5.82258064516129,4.398948012358006,18,446.0,0.22187224911564038,11,222.0,0.2883884624217692,29,668.0
5945.0,23,398.0,6.745762711864407,4.189174129081486,15,467.0,0.15162451021971135,8,211.0,0.3628755915990793,23,678.0
5950.0,22,347.0,5.982758620689655,4.317330811117042,13,451.0,0.15457658113139772,9,168.0,0.27327550599419714,22,619.0
5955.0,23,299.0,5.067796610169491,4.880056469841061,10,389.0,0.23667483718911034,13,202.0,0.21270843435312564,23,591.0
5960.0,28,390.0,6.610169491525424,4.706897308143533,16,426.0,0.24268358838911464,12,235.0,0.26503268489939963,28,661.0
5965.0,26,472.0,8.581818181818182,4.723953702435958,15,475.0,0.27102982693882244,11,247.0,0.32617270741519666,26,722.0
5970.0,22,490.0,8.448275862068966,4.582426840713932,13,491.0,0.2552816416608726,9,238.0,0.26587301024175036,22,729.0
5975.0,18,358.0,5.868852459016393,5.805371037051121,11,425.0,0.2500766123535026,7,207.0,0.39095971642987803,18,632.0
5980.0,21,288.0,4.645161290322581,5.830378725645463,15,413.0,0.1377517345368849,6,136.0,0.4575197019209699,21,549.0
5985.0,28,335.0,5.403225806451613,5.96750735620493,18,419.0,0.2253131651634763,10,116.0,0.4329381202381483,28,535.0
5990.0,24,266.0,4.508474576271187,5.380933973400417,13,350.0,0.3281548513102516,11,145.0,0.3129231796177562,24,495.0
5995.0,21,272.0,4.533333333333333,4.53136602474611,10,361.0,0.2676893144565038,11,171.0,0.2952802502727843,21,532.0
6000.0,26,247.0,4.410714285714286,4.40969721140683,11,334.0,0.29129355391283285,15,212.0,0.2463949645739124,26,546.0
6005.0,27,256.0,4.338983050847458,3.7239915076034036,11,319.0,0.26328993632961845,16,258.0,0.14498041587007865,27,577.0
6010.0,34,303.0,4.661538461538462,3.9108987350075965,16,373.0,0.25239825553863804,18,281.0,0.17873984549573602,34,654.0
6015.0,29,338.0,5.365079365079365,4.410369282041973,16,412.0,0.2678841877881057,13,258.0,0.24361703072982296,29,670.0
6020.0,23,392.0,6.222222222222222,4.993350139219815,9,401.0,0.2731493081633371,14,303.0,0.2571474327310894,23,704.0
6025.0,28,392.0,6.222222222222222,4.0496064895800385,13,392.0,0.1440839534721576,15,335.0,0.18750277687948624,28,727.0
6030.0,34,458.0,7.508196721311475,3.786860441018894,17,442.0,0.2298403572479562,17,366.0,0.15663109633642872,34,808.0
6035.0,33,471.0,7.596774193548387,4.086854454520896,15,406.0,0.2785730864298567,18,375.0,0.20052077701560564,33,781.0
6040.0,30,377.0,6.080645161290323,4.485237295018861,13,312.0,0.30955708654324965,17,383.0,0.26093683855305705,30,695.0
6045.0,31,428.0,6.584615384615384,4.27185343037081,13,328.0,0.2985778968388322,18,414.0,0.23359262387450297,31,742.0
6050.0,28,381.0,5.7727272727272725,4.699779145641737,9,292.0,0.3773041720921623,19,424.0,0.12874822891755336,28,716.0
6055.0,20,232.0,3.80327868852459,4.597485767310528,8,258.0,0.3626261025838446,12,366.0,0.11046319463810374,20,624.0
6060.0,20,243.0,3.7384615384615385,5.2067157951225695,12,263.0,0.18347807851421785,8,330.0,0.28017178115184793,20,593.0
6065.0,27,237.0,3.8225806451612905,5.292731694834863,16,311.0,0.19948522258268886,11,305.0,0.36780427287249623,27,616.0
6070.0,30,323.0,5.383333333333334,4.556595596123485,15,354.0,0.31540928749688163,15,304.0,0.2472235757348615,30,658.0
6075.0,25,339.0,5.65,4.434216649860654,13,370.0,0.23569585230488113,12,309.0,0.2951874429401438,25,679.0
6080.0,21,338.0,5.728813559322034,5.215917432045299,9,345.0,0.2311731638939841,12,310.0,0.3021760901644196,21,655.0
6085.0,17,332.0,5.1875,6.094660819750798,8,365.0,0.20178236586313605,9,287.0,0.43456634494239643,17,652.0
6090.0,28,432.0,6.967741935483871,5.881522192248456,15,416.0,0.2812256420661065,13,320.0,0.34905446226793263,28,736.0
6095.0,26,465.0,8.017241379310345,4.825825170746445,11,431.0,0.3240421033337248,15,322.0,0.24524326375138383,26,753.0
6100.0,21,502.0,8.655172413793103,5.532658729661968,7,393.0,0.38716380515977067,14,324.0,0.22428247091411493,21,717.0
6105.0,20,419.0,6.983333333333333,4.873928594517807,9,307.0,0.24877230064269665,11,344.0,0.24873386606897321,20,651.0
6110.0,26,442.0,7.366666666666666,5.807061340269604,13,195.0,0.2923460837451877,13,339.0,0.330777259722494,26,534.0
6115.0,26,293.0,5.140350877192983,4.913250329204171,11,179.0,0.21491934935545642,15,290.0,0.3404648846193224,26,469.0
6120.0,29,338.0,5.827586206896552,4.722148875064397,13,179.0,0.2773544135039376,16,251.0,0.2576521051736155,29,430.0
6125.0,27,316.0,5.266666666666667,4.160230350077939,11,185.0,0.36617524456515566,16,272.0,0.18156928701940325,27,457.0
6130.0,28,370.0,6.065573770491803,5.215686712700431,8,159.0,0.46945039983338743,20,311.0,0.13578430992168566,28,470.0
6135.0,28,337.0,5.349206349206349,4.894432941268549,8,138.0,0.4252284359122035,20,368.0,0.12453043343000315,28,506.0
6140.0,23,337.0,5.349206349206349,5.6322059375084,10,129.0,0.376055761946502,13,371.0,0.21435271609980408,23,500.0
6145.0,23,318.0,5.0476190476190474,4.461084866170298,12,145.0,0.22793114125891098,11,357.0,0.2454975623871602,23,502.0
6150.0,20,238.0,3.606060606060606,6.06505528652787,9,154.0,0.29286506767422504,11,322.0,0.3627194778089167,20,476.0
6155.0,22,289.0,4.515625,6.0492079601665685,9,160.0,0.3377918800609119,13,303.0,0.3419149558072029,22,463.0
6160.0,28,349.0,5.369230769230769,4.775900205333837,15,198.0,0.2804591601265239,13,320.0,0.24309020262526163,28,518.0
6165.0,25,387.0,6.046875,4.912151289642133,16,247.0,0.23348840254091233,9,296.0,0.3299787624299243,25,543.0
6170.0,21,355.0,5.634920634920635,5.002297325905431,10,261.0,0.2322019976748938,11,265.0,0.24023607915031417,21,526.0
6175.0,22,242.0,3.8412698412698414,4.947956372015417,7,212.0,0.29230751173568137,15,243.0,0.12452242440991412,22,455.0
6180.0,30,324.0,5.311475409836065,4.689605532968406,14,213.0,0.2787857754266176,16,281.0,0.15943109288070081,30,494.0
6185.0,28,373.0,6.543859649122807,4.286391720451858,15,260.0,0.19367795549779168,13,310.0,0.22776275783699065,28,570.0
6190.0,21,368.0,6.456140350877193,4.663102014096924,11,265.0,0.22945533615123798,10,308.0,0.20680691396284392,21,573.0
6195.0,20,280.0,4.827586206896552,5.033714457894999,11,266.0,0.22411824515994064,9,253.0,0.2013911663040968,20,519.0
6200.0,20,256.0,4.413793103448276,5.314926876591323,11,219.0,0.20171986196598182,9,281.0,0.2503692617837271,20,500.0
6205.0,25,275.0,4.741379310344827,5.563836889795226,13,231.0,0.24503010473285564,12,288.0,0.34271377141959614,25,519.0
6210.0,27,374.0,6.8,4.658120396925758,17,287.0,0.24957785172379732,10,292.0,0.295587401188962,27,579.0
6215.0,23,400.0,7.407407407407407,4.720255685647385,13,299.0,0.17685242032098833,10,288.0,0.36365543660024086,23,587.0
6220.0,19,228.0,4.1454545454545455,4.939397702957,10,262.0,0.12183010865870839,9,223.0,0.27190658311028265,19,485.0
6225.0,23,284.0,4.896551724137931,5.532793260420127,9,248.0,0.18913061155718058,14,243.0,0.26304832403246536,23,491.0
6230.0,24,317.0,5.4655172413793105,5.66045245986246,11,225.0,0.3183014202685357,13,279.0,0.23858348753474015,24,504.0
6235.0,21,369.0,6.589285714285714,6.015740751146952,10,226.0,0.4273491552192264,11,300.0,0.32506340249610916,21,526.0
6240.0,18,359.0,6.773584905660377,5.481066982690836,9,182.0,0.32559059958467246,9,313.0,0.36592268805385925,18,495.0
6245.0,19,289.0,5.452830188679245,5.315485922017986,9,154.0,0.2786042906113052,10,277.0,0.2732735336964528,19,431.0
6250.0,20,247.0,4.410714285714286,5.639135671596613,11,178.0,0.22722757871121843,9,215.0,0.2909118918430784,20,393.0
6255.0,24,260.0,4.56140350877193,5.863135291098908,11,187.0,0.32807504824113165,13,163.0,0.33654421161519515,24,350.0
6260.0,22,347.0,5.88135593220339,6.401500857750408,12,215.0,0.4724654167122691,10,197.0,0.327071777890421,22,412.0
6265.0,17,322.0,5.75,6.0543644043839935,9,178.0,0.46026881926519325,8,207.0,0.2909775027939807,17,385.0
6270.0,22,359.0,6.189655172413793,5.094785733023793,11,206.0,0.34629678186787705,11,223.0,0.2643100401277652,22,429.0
6275.0,25,294.0,5.068965517241379,3.9188768417696633,14,200.0,0.1071409185843463,11,211.0,0.3594113408749183,25,411.0
6280.0,24,279.0,4.810344827586207,4.284959278932981,12,158.0,0.20863028002033765,12,253.0,0.2909017225531456,24,411.0
6285.0,21,308.0,5.4035087719298245,4.555543414676858,11,178.0,0.20624013726449708,10,275.0,0.2443197495379587,21,453.0
6290.0,25,333.0,5.55,4.878764942924421,13,195.0,0.29575517055689376,12,298.0,0.1376754457611203,25,493.0
6295.0,28,412.0,6.754098360655738,5.349037393012201,12,220.0,0.324854646686556,16,325.0,0.20314345525885766,28,545.0
6300.0,21,300.0,4.918032786885246,5.730085556365619,8,201.0,0.41257615529120484,13,280.0,0.263238944694909,21,481.0
6305.0,23,298.0,4.885245901639344,5.767742782953931,11,192.0,0.41066507448388534,12,258.0,0.20227936459697296,23,450.0
6310.0,22,274.0,4.2153846153846155,5.833236260342546,11,186.0,0.4181508617086762,11,274.0,0.25638481229748816,22,460.0
6315.0,20,245.0,3.769230769230769,5.220725795354517,14,201.0,0.23869874552930648,6,230.0,0.41456157018783624,20,431.0
6320.0,28,272.0,4.121212121212121,4.455956691946732,20,278.0,0.10026766880759637,8,193.0,0.44821016033095606,28,471.0
6325.0,32,281.0,4.257575757575758,4.394769089138091,23,336.0,0.1626109153950029,9,135.0,0.3889899112669902,32,471.0
6330.0,28,279.0,4.292307692307692,4.088275478407325,17,356.0,0.189450692780892,11,147.0,0.22666558019886365,28,503.0
6335.0,25,259.0,4.111111111111111,4.244859540281875,16,358.0,0.19400133900663308,9,138.0,0.19637690566082533,25,496.0
6340.0,30,375.0,5.769230769230769,4.728748242003076,23,427.0,0.05838179511833424,7,128.0,0.40002170436290885,30,555.0
6345.0,30,471.0,7.136363636363637,4.988398112338736,22,504.0,0.12788384091918778,8,112.0,0.4034249631619051,30,616.0
6350.0,23,522.0,8.7,5.563945043082584,15,512.0,0.2715251611921604,8,133.0,0.37439147366960507,23,645.0
6355.0,21,497.0,8.875,4.916457160724277,13,483.0,0.23241292307004718,8,140.0,0.2099616346859683,21,623.0
6360.0,23,334.0,5.964285714285714,4.638396984068083,15,455.0,0.21638758549114268,8,105.0,0.19285765586554832,23,560.0
6365.0,24,315.0,5.625,5.264276742777954,14,448.0,0.26905984089020335,10,135.0,0.3218264843527582,24,583.0
6370.0,21,252.0,4.421052631578948,6.030024734241897,14,466.0,0.3422577551141318,7,119.0,0.4313569093356568,21,585.0
6375.0,24,321.0,5.440677966101695,5.478184834699456,16,477.0,0.2780113952870249,8,143.0,0.4000748820687694,24,620.0
6380.0,27,295.0,5.0,4.627815798691179,20,498.0,0.14395802335811295,7,144.0,0.4496494465154556,27,642.0
6385.0,18,218.0,3.824561403508772,4.962205630005397,15,466.0,0.12888542392648974,3,103.0,0.3807454177304356,18,569.0
6390.0,19,291.0,5.105263157894737,5.563010162079327,13,469.0,0.2016486804508625,6,106.0,0.3244626139095237,19,575.0
6395.0,16,317.0,5.660714285714286,6.202646580379934,12,465.0,0.2333260966880652,4,126.0,0.29659610102535494,16,591.0
6400.0,20,290.0,5.37037037037037,6.015667422742339,10,401.0,0.2790405843803801,10,162.0,0.3360713694562413,20,563.0
6405.0,18,266.0,5.115384615384615,5.285482333758919,11,398.0,0.3162880327223808,7,189.0,0.35238906849279406,18,587.0
6410.0,20,343.0,6.236363636363636,6.4043624190496,14,416.0,0.33203162781069884,6,198.0,0.5102194381453449,20,614.0
6415.0,20,412.0,7.357142857142857,6.490404730256708,15,422.0,0.2338716916589163,5,211.0,0.5825170509816243,20,633.0
6420.0,21,489.0,8.732142857142858,6.341578391776086,14,372.0,0.20468251199899265,7,245.0,0.5672056673717765,21,617.0
6425.0,19,302.0,5.298245614035087,5.286585644064798,14,376.0,0.22239163179632787,5,126.0,0.5057619862797751,19,502.0
6430.0,22,257.0,4.3559322033898304,5.780523489030505,10,332.0,0.3109543990553943,12,111.0,0.3936285662970279,22,443.0
6435.0,21,310.0,5.081967213114754,5.463155216782965,12,344.0,0.28363017531103774,9,137.0,0.33426691840123696,21,481.0
6440.0,23,354.0,5.446153846153846,5.95269386086603,12,375.0,0.22777679469174836,11,141.0,0.39272874555940296,23,516.0
6445.0,22,224.0,3.5,4.6912572526190655,13,305.0,0.11960436120493588,9,158.0,0.4000252811204113,22,463.0
6450.0,28,337.0,5.349206349206349,5.489537243322909,15,320.0,0.3178969259151202,13,177.0,0.3687956327894571,28,497.0
6455.0,26,338.0,4.970588235294118,5.121355748074251,14,343.0,0.34444062942062836,12,213.0,0.32339471238860323,26,556.0
6460.0,27,412.0,6.149253731343284,5.7725831365986995,13,360.0,0.3704903497663458,14,244.0,0.3868792619890813,27,604.0
6465.0,32,345.0,4.928571428571429,4.176297168513017,14,335.0,0.23436560295463707,18,228.0,0.30294505568757013,32,563.0
6470.0,30,361.0,4.945205479452055,4.573293350050292,10,221.0,0.2953360477267649,20,304.0,0.24870600554738553,30,525.0
6475.0,33,480.0,6.4,4.632031373770212,10,227.0,0.38535649795719706,23,393.0,0.14672676264552195,33,620.0
6480.0,39,577.0,7.397435897435898,4.558894893450906,11,226.0,0.30037603173030614,28,505.0,0.17687497678208564,39,731.0
6485.0,43,687.0,9.039473684210526,3.652809763007088,16,219.0,0.18902957789289848,27,587.0,0.18762819027767313,43,806.0
6490.0,46,780.0,10.12987012987013,3.80444943722505,19,262.0,0.2062034089992279,27,668.0,0.22341213275226118,46,930.0
6495.0,44,781.0,10.276315789473685,3.21074861653598,18,304.0,0.23109999454545957,26,693.0,0.15854216031975624,44,997.0
6500.0,38,568.0,7.189873417721519,3.7200216340383627,16,341.0,0.19986430348114417,22,629.0,0.21289477951718608,38,970.0
6505.0,29,416.0,5.265822784810126,4.636634909050037,12,314.0,0.13310782463588866,17,579.0,0.26467740496860503,29,893.0
6510.0,25,317.0,4.064102564102564,4.615967362353017,7,271.0,0.20556974180664372,18,586.0,0.23005969613853963,25,857.0
6515.0,30,350.0,4.487179487179487,4.80765124118561,12,275.0,0.19517270059922948,18,604.0,0.25978652411615466,30,879.0
6520.0,34,375.0,5.0,4.23988115300389,13,291.0,0.2954316361643682,21,639.0,0.22189035133507215,34,930.0
6525.0,33,425.0,5.51948051948052,4.2101083144963365,6,238.0,0.4066114399904795,27,665.0,0.07635837661270246,33,903.0
6530.0,37,522.0,6.6923076923076925,4.309694138007263,7,266.0,0.41823325428878994,30,712.0,0.06344264172328809,37,978.0
6535.0,35,539.0,6.822784810126582,4.963147729687997,14,314.0,0.28517999280883893,21,659.0,0.19455267860990907,35,973.0
6540.0,33,609.0,7.8076923076923075,4.695174372373127,15,334.0,0.20296700129407796,18,600.0,0.2740273464922536,33,934.0
6545.0,28,622.0,8.18421052631579,5.007915563314008,13,341.0,0.2804028584720305,15,601.0,0.17300613341874746,28,942.0
6550.0,26,529.0,7.557142857142857,4.709003123817716,9,300.0,0.3120183907825473,17,578.0,0.10170829023045447,26,878.0
6555.0,32,533.0,7.72463768115942,3.9944497271864585,12,283.0,0.21601140868796237,20,606.0,0.16050717514224025,32,889.0
6560.0,35,500.0,7.042253521126761,3.9059337849069395,16,329.0,0.18191369482829298,19,575.0,0.23851228014394465,35,904.0
6565.0,26,527.0,8.107692307692307,4.596474169233896,11,340.0,0.3405838462877436,15,588.0,0.24440686023958183,26,928.0
6570.0,21,298.0,4.447761194029851,4.468196687073231,9,247.0,0.25120576583762666,12,534.0,0.196831428178808,21,781.0
6575.0,31,386.0,5.514285714285714,3.9533681206993054,14,208.0,0.16669488406503927,17,570.0,0.14748472873386023,31,778.0
6580.0,38,427.0,6.188405797101449,4.4577843847495755,17,238.0,0.21833176060901413,21,591.0,0.21280601968797938,38,829.0
6585.0,36,430.0,6.056338028169014,4.093626913991699,16,254.0,0.18774944358479445,20,579.0,0.26693112016392556,36,833.0
6590.0,36,512.0,7.111111111111111,4.683961487139903,15,289.0,0.3312563960223369,21,594.0,0.29677738824569244,36,883.0
6595.0,28,455.0,6.066666666666666,5.2232201231909565,8,254.0,0.4857054028358549,20,619.0,0.19234819624743169,28,873.0
6600.0,23,443.0,5.906666666666666,4.785946273886561,5,194.0,0.4198177317550342,18,592.0,0.08594883817633354,23,786.0
6605.0,22,331.0,4.413333333333333,5.106808185618812,9,186.0,0.24867092841849778,13,523.0,0.19464598016726836,22,709.0
6610.0,27,279.0,3.875,4.861573746021975,14,220.0,0.14367652856439894,13,424.0,0.21095746278859548,27,644.0
6615.0,28,321.0,4.863636363636363,4.308936472504211,16,267.0,0.23270629651128238,12,409.0,0.1672745563901517,28,676.0
6620.0,17,315.0,5.080645161290323,5.183316350970868,8,265.0,0.27029349963830673,9,397.0,0.16362476432043868,17,662.0
6625.0,17,219.0,3.532258064516129,4.866993942461308,6,208.0,0.2567346827776847,11,379.0,0.1738240529788479,17,587.0
6630.0,25,277.0,4.467741935483871,5.20637873580345,12,152.0,0.28370053230869813,13,345.0,0.21683014702631045,25,497.0
6635.0,26,348.0,6.105263157894737,4.387953204765424,13,187.0,0.2998442328359494,13,374.0,0.2560682019252066,26,561.0
6640.0,18,362.0,6.464285714285714,5.056699145048327,7,168.0,0.2740838780599562,11,366.0,0.26769753239704086,18,534.0
6645.0,16,328.0,5.963636363636364,5.6824151108388605,4,111.0,0.26440194234011727,12,389.0,0.3283165899326366,16,500.0
6650.0,19,353.0,6.303571428571429,5.981775319063404,7,79.0,0.33334354166534197,12,401.0,0.3148369845588474,19,480.0
6655.0,18,290.0,5.37037037037037,5.807136198386598,7,91.0,0.4846369537227181,11,364.0,0.3525919583131625,18,455.0
6660.0,18,352.0,6.285714285714286,5.9890286856835875,3,76.0,0.5697555341609236,15,385.0,0.2648693182988394,18,461.0
6665.0,22,375.0,6.25,5.001491624483566,4,79.0,0.5175027527064268,18,425.0,0.13569688153090037,22,504.0
6670.0,20,427.0,6.777777777777778,6.25924918418057,7,107.0,0.4408796224222755,13,435.0,0.2500430033533877,20,542.0
6675.0,22,485.0,7.698412698412699,5.737293582547499,10,154.0,0.39016693156201465,12,452.0,0.2593703884749671,22,606.0
6680.0,22,477.0,7.453125,5.425069118493008,8,175.0,0.30956052721731236,14,471.0,0.2871897131950345,22,646.0
6685.0,19,484.0,8.066666666666666,4.989287558123439,7,158.0,0.41509844129065226,12,505.0,0.20256872542763923,19,663.0
6690.0,23,438.0,6.7384615384615385,5.227597003704831,9,103.0,0.36110941800676366,14,523.0,0.16170689935229074,23,626.0
6695.0,25,322.0,4.953846153846154,5.6324179450030325,10,112.0,0.3317197469465012,15,452.0,0.2149269428919317,25,564.0
6700.0,28,248.0,3.757575757575758,5.681245820757146,11,142.0,0.3072414767302636,17,337.0,0.32552044500313176,28,479.0
6705.0,28,307.0,4.951612903225806,4.748483715487789,12,167.0,0.304423921722635,16,372.0,0.3042125982922662,28,539.0
6710.0,26,299.0,4.671875,4.520585839782294,10,176.0,0.2770182364956232,16,380.0,0.3045778023424542,26,556.0
6715.0,28,313.0,4.742424242424242,4.6657722557974575,12,156.0,0.26895729572968047,16,412.0,0.28756338808739124,28,568.0
6720.0,23,283.0,4.042857142857143,5.128824767327248,10,164.0,0.344524730947108,13,403.0,0.20747179409174224,23,567.0
6725.0,30,380.0,5.135135135135135,5.219549419502047,13,195.0,0.2805388882103869,17,423.0,0.21988275259266815,30,618.0
6730.0,38,498.0,7.114285714285714,4.308363453320522,16,239.0,0.11786370104803208,22,434.0,0.23881852925718738,38,673.0
6735.0,38,586.0,8.746268656716419,3.4446320839829685,16,283.0,0.2317599421436826,22,482.0,0.15625838557369326,38,765.0
6740.0,34,606.0,9.323076923076924,3.4461990810874084,14,307.0,0.23040134274282398,20,476.0,0.1724472715630394,34,783.0
6745.0,23,438.0,6.636363636363637,4.861902456715528,7,285.0,0.36319274103331817,16,432.0,0.21762786016410507,23,717.0
6750.0,28,487.0,7.161764705882353,5.742388917381651,9,271.0,0.45791039186224514,19,428.0,0.1449953999066577,28,699.0
6755.0,28,346.0,5.242424242424242,5.0808124318998455,8,172.0,0.485876466439709,20,450.0,0.09127535606601966,28,622.0
6760.0,29,302.0,4.6461538461538465,4.946948860824099,13,179.0,0.3083352366293732,16,398.0,0.20200857456910934,29,577.0
6765.0,24,335.0,5.234375,4.817553164729257,14,224.0,0.27676076280445316,10,373.0,0.2805533616300283,24,597.0
6770.0,20,329.0,5.061538461538461,5.097657612423672,9,247.0,0.2807180081570681,11,350.0,0.21474143265807846,20,597.0
6775.0,23,292.0,4.709677419354839,4.916561691956159,11,223.0,0.2705846512757768,12,369.0,0.2650378274838953,23,592.0
6780.0,22,337.0,5.029850746268656,5.404172035199006,15,252.0,0.12887495004957553,7,336.0,0.3791062273336047,22,588.0
6785.0,28,259.0,3.9846153846153847,4.633567229510366,16,235.0,0.10576779449120775,12,332.0,0.3487387823162366,28,567.0
6790.0,33,346.0,5.323076923076923,5.1414735599337575,16,244.0,0.2147415901509263,17,365.0,0.31811854213043184,33,609.0
6795.0,33,398.0,6.317460317460317,3.64603411506526,14,278.0,0.26160182774786134,19,410.0,0.15177934959911726,33,688.0
6800.0,28,360.0,6.0,4.044327690661576,7,244.0,0.37566125616996454,21,447.0,0.10369658561437181,28,691.0
6805.0,24,303.0,5.05,4.121257027836786,6,215.0,0.3380003589241375,18,476.0,0.14941677440037193,24,691.0
6810.0,24,325.0,5.241935483870968,4.879520161052227,11,221.0,0.2886844727043485,13,442.0,0.2108188897901775,24,663.0
6815.0,23,252.0,4.0,4.386740439355445,11,228.0,0.16477824853389061,12,379.0,0.24997056213732882,23,607.0
6820.0,23,292.0,4.492307692307692,5.857777071945211,6,201.0,0.3731006848112545,17,384.0,0.25828145493878374,23,585.0
6825.0,24,375.0,5.769230769230769,6.369393395022897,6,184.0,0.5279219053115405,18,424.0,0.19668811729628782,24,608.0
6830.0,22,432.0,6.545454545454546,6.67567346096818,6,203.0,0.5347446796164984,16,427.0,0.17206083330272529,22,630.0
6835.0,20,353.0,5.693548387096774,6.192996962921549,7,182.0,0.3684982507724559,13,442.0,0.22897334806990477,20,624.0
6840.0,29,398.0,6.633333333333334,5.980686989018338,13,183.0,0.2468572067198934,16,440.0,0.312397121865315,29,623.0
6845.0,26,363.0,6.482142857142857,4.674234293807077,11,141.0,0.19306102818373508,15,438.0,0.3355199006559697,26,579.0
6850.0,26,320.0,6.037735849056604,4.126032013618697,12,180.0,0.22074698097746326,14,378.0,0.2523140214404383,26,558.0
6855.0,25,313.0,5.589285714285714,3.9540192389041744,10,204.0,0.27861088127094813,15,410.0,0.2507818397770075,25,614.0
6860.0,16,252.0,4.271186440677966,5.352671033709716,4,165.0,0.32959804123518044,12,388.0,0.2765548648731809,16,553.0
6865.0,19,171.0,2.7142857142857144,5.29989760224536,5,96.0,0.36003272259615055,14,394.0,0.27921218725336405,19,490.0
6870.0,26,227.0,3.546875,5.480549136295586,10,114.0,0.325119229086764,16,428.0,0.28546080631321946,26,542.0
6875.0,29,292.0,4.492307692307692,4.827437147256022,8,118.0,0.34241987864948076,21,452.0,0.22435724565129964,29,570.0
6880.0,24,293.0,5.051724137931035,4.306048541493061,3,88.0,0.4876044678577882,21,430.0,0.12845552753828718,24,518.0
6885.0,25,297.0,4.714285714285714,4.450893544275027,4,70.0,0.4872410401778492,21,457.0,0.12611169619245416,25,527.0
6890.0,24,298.0,4.65625,5.329884616057358,8,103.0,0.4508966230881696,16,459.0,0.2035271430509142,24,562.0
6895.0,19,292.0,4.424242424242424,5.545675224546491,6,117.0,0.33698952271485155,13,463.0,0.30179656951936124,19,580.0
6900.0,24,343.0,5.044117647058823,5.963760759631374,7,101.0,0.3622098058864454,17,460.0,0.27770426354117567,24,561.0
6905.0,25,287.0,4.484375,4.717146178256449,7,118.0,0.38169164631134445,18,452.0,0.15352225670636122,25,570.0
6910.0,30,423.0,6.609375,5.496639282843514,6,137.0,0.5087346254954952,24,508.0,0.17783864500407723,30,645.0
6915.0,28,464.0,7.864406779661017,4.8190859684601515,6,153.0,0.4734999460302519,22,556.0,0.19008420030449524,28,709.0
6920.0,24,450.0,7.758620689655173,4.3257529500468515,9,184.0,0.24652449267229692,15,538.0,0.2022140041154309,24,722.0
6925.0,26,420.0,7.11864406779661,3.7001525943848197,11,200.0,0.05736883634527691,15,522.0,0.17099831503075485,26,722.0
6930.0,22,359.0,6.189655172413793,4.838347998760009,8,215.0,0.34200334192771426,14,481.0,0.14838004651154074,22,696.0
6935.0,25,343.0,6.017543859649122,4.887064424663044,7,218.0,0.43679263866398765,18,503.0,0.15096954215812436,25,721.0
6940.0,26,409.0,7.051724137931035,5.694683726563589,8,219.0,0.49009275014942427,18,515.0,0.18861777966409696,26,734.0
6945.0,26,451.0,7.6440677966101696,4.941908932834322,9,256.0,0.3856613015805973,17,524.0,0.22585171964040554,26,780.0
6950.0,24,427.0,7.625,4.9381628018484225,12,311.0,0.22113327474949282,12,445.0,0.2820588561076521,24,756.0
6955.0,23,443.0,7.637931034482759,4.436838453497426,10,325.0,0.17786948221520207,13,438.0,0.24215309919307046,23,763.0
6960.0,21,444.0,7.7894736842105265,5.508661398686072,7,305.0,0.3384995389660627,14,393.0,0.1939664868845283,21,698.0
6965.0,22,248.0,4.509090909090909,4.98358214879279,5,131.0,0.44702386871509586,17,407.0,0.14948965289992538,22,538.0
6970.0,17,267.0,4.767857142857143,6.425091364991601,4,52.0,0.5599236282215491,13,363.0,0.2409567600354164,17,415.0
6975.0,16,201.0,3.4655172413793105,6.177336635593071,4,57.0,0.3061939647003689,12,336.0,0.3027917682240944,16,393.0
6980.0,24,275.0,4.661016949152542,6.537512977954247,8,94.0,0.3518737719229914,16,335.0,0.3544591103703755,24,429.0
6985.0,21,306.0,5.5636363636363635,5.284876424782976,6,89.0,0.48409358387377516,15,366.0,0.18122942126320044,21,455.0
6990.0,19,372.0,6.888888888888889,5.625964729784935,5,86.0,0.45548804200307325,14,383.0,0.15534555082910953,19,469.0
6995.0,19,377.0,8.02127659574468,4.958594713495097,4,85.0,0.3532322184010026,15,384.0,0.10415590237467945,19,469.0
7000.0,21,375.0,7.352941176470588,5.889461529042601,7,105.0,0.484156177504851,14,375.0,0.1658481078892426,21,480.0
7005.0,15,246.0,5.3478260869565215,6.011438116285029,3,52.0,0.6009670652456239,12,357.0,0.21404216289714478,15,409.0
7010.0,14,121.0,2.880952380952381,5.499462998480588,4,36.0,0.5230967313087009,10,293.0,0.21811204980684357,14,329.0
7015.0,17,173.0,4.119047619047619,4.63107030875225,5,53.0,0.40002362294656285,12,289.0,0.21574408977307707,17,342.0
7020.0,21,245.0,5.6976744186046515,4.355739871180625,9,82.0,0.35237239251185015,12,316.0,0.2382006823898714,21,398.0
7025.0,18,282.0,6.714285714285714,4.4273719983298125,6,101.0,0.41097698692847184,12,312.0,0.22599536356107217,18,413.0
7030.0,18,262.0,5.822222222222222,4.665777864378426,7,119.0,0.41888927598512626,11,313.0,0.2335090498892616,18,432.0
7035.0,17,216.0,5.023255813953488,5.483804478625606,8,119.0,0.4652262924361266,9,264.0,0.27663018199726597,17,383.0
7040.0,11,194.0,4.619047619047619,6.011175718872468,4,87.0,0.5010539869897099,7,259.0,0.2368166269125526,11,346.0
7045.0,16,217.0,5.2926829268292686,4.995534679776912,4,69.0,0.47458805241541824,12,271.0,0.09290916659857008,16,340.0
7050.0,20,280.0,6.363636363636363,4.817142891725765,10,105.0,0.30470171465172463,10,307.0,0.22865150148299776,20,412.0
7055.0,14,302.0,7.023255813953488,6.447810059242075,8,113.0,0.32015027238587385,6,302.0,0.48751668547385657,14,415.0
7060.0,13,274.0,6.682926829268292,6.400064615850857,7,93.0,0.28847074791336336,6,275.0,0.4149566678351225,13,368.0
7065.0,11,227.0,5.536585365853658,6.811992870621583,4,82.0,0.36300344312663757,7,192.0,0.35858224043033476,11,274.0
7070.0,14,139.0,3.3902439024390243,6.565389002649899,8,105.0,0.447240527349509,6,83.0,0.2472704509583397,14,188.0
7075.0,12,110.0,2.75,7.310455691426538,4,85.0,0.6412985126254425,8,107.0,0.1882120514106257,12,192.0
7080.0,9,81.0,1.9285714285714286,7.625249726915347,3,43.0,0.6825566083040132,6,101.0,0.2982164681756531,9,144.0
7085.0,9,56.0,1.3658536585365855,6.925003608743753,5,41.0,0.4432048098545752,4,79.0,0.5108865957197498,9,120.0
7090.0,8,43.0,0.9772727272727273,7.267897249647731,6,41.0,0.32769038248436394,2,42.0,0.6086742490010505,8,83.0
7095.0,10,64.0,1.391304347826087,6.893915649463227,6,57.0,0.26955848251826864,4,46.0,0.46365681619701743,10,103.0
7100.0,17,130.0,2.888888888888889,6.466235777390727,12,96.0,0.2210066961695088,5,72.0,0.42936174105261515,17,168.0
7105.0,18,189.0,4.5,6.04411512528474,10,135.0,0.26732714870308616,8,109.0,0.5029516629692344,18,244.0
7110.0,10,169.0,4.121951219512195,6.571091241359128,6,135.0,0.39031451419771535,4,101.0,0.43812238539303433,10,236.0
7115.0,7,90.0,2.0930232558139537,7.6298195163412945,4,98.0,0.34936544668624947,3,60.0,0.526601339743864,7,158.0
7120.0,12,71.0,1.5434782608695652,7.5415583857176065,7,78.0,0.28459211962292924,5,34.0,0.4716866122929057,12,112.0
7125.0,11,101.0,2.1956521739130435,7.791800791273071,4,92.0,0.46500718100684807,7,51.0,0.4660121585237724,11,143.0
7130.0,9,109.0,2.5348837209302326,7.3198902861042905,4,86.0,0.5069391529573165,5,51.0,0.348829038293141,9,137.0
7135.0,12,147.0,3.675,7.196100569454219,4,86.0,0.47394771778973066,8,70.0,0.18678602661510746,12,156.0
7140.0,12,175.0,4.605263157894737,7.583229391915591,5,111.0,0.5277539744893096,7,81.0,0.17079115645556128,12,192.0
7145.0,9,132.0,3.7714285714285714,7.935233532490019,2,58.0,0.6727336966706922,7,101.0,0.2546888136956368,9,159.0
7150.0,7,103.0,3.0294117647058822,8.575842320957024,2,29.0,0.628489850961546,5,80.0,0.4823453582615897,7,109.0
7155.0,12,154.0,4.4,8.097754092828627,5,56.0,0.556214301952833,7,110.0,0.46578302977720615,12,166.0
7160.0,9,133.0,3.8,6.456832044772026,6,80.0,0.3814983479827624,3,97.0,0.500738322758276,9,177.0
7165.0,10,163.0,5.09375,6.67394447005289,6,94.0,0.3933587183449342,4,81.0,0.4954455919210132,10,175.0
7170.0,12,175.0,4.861111111111111,6.237169487679153,5,91.0,0.3049830660437725,7,109.0,0.4658295393278705,12,200.0
7175.0,9,195.0,5.131578947368421,7.899723392517531,6,96.0,0.48701850264755797,3,111.0,0.4960811688613061,9,207.0
7180.0,8,151.0,3.775,8.47688511400203,3,54.0,0.6244658805339192,5,111.0,0.40329023545246573,8,165.0
7185.0,8,78.0,1.95,8.111090313986614,4,65.0,0.5673962307082336,4,80.0,0.47530860220906607,8,145.0
7190.0,7,55.0,1.3095238095238095,8.019259851217107,3,44.0,0.5020418968089105,4,42.0,0.5806625765211024,7,86.0
7195.0,8,41.0,0.9534883720930233,7.681693568702218,4,35.0,0.46625777943429314,4,38.0,0.5843502361888518,8,73.0
7200.0,10,64.0,1.5238095238095237,7.445169786285112,6,45.0,0.3037665068732699,4,30.0,0.6226098574214007,10,75.0
