step,system_total_stopped,system_total_waiting_time,system_mean_waiting_time,system_mean_speed,J17_stopped,J17_accumulated_waiting_time,J17_average_speed,J18_stopped,J18_accumulated_waiting_time,J18_average_speed,agents_total_stopped,agents_total_accumulated_waiting_time
5.0,0,0.0,0.0,13.185571387652395,0,0.0,1.0,0,0.0,0.9365933718547894,0,0.0
10.0,0,0.0,0.0,13.137447323803487,0,0.0,0.9710196317131032,0,0.0,0.9486970182931186,0,0.0
15.0,0,0.0,0.0,13.130875386758614,0,0.0,0.9572344073301893,0,0.0,0.954715936618814,0,0.0
20.0,0,0.0,0.0,12.06511298099481,0,0.0,0.9115791051840773,0,0.0,0.9401089516847744,0,0.0
25.0,2,4.0,0.26666666666666666,8.284960927945809,1,2.0,0.48941696291116693,1,2.0,0.7044348290530908,2,4.0
30.0,5,25.0,1.25,9.207263245754627,3,17.0,0.6527341982813257,2,8.0,0.644618844328303,5,25.0
35.0,5,42.0,1.826086956521739,7.604487817647406,3,32.0,0.49704468445802813,2,10.0,0.5366412358940501,5,42.0
40.0,9,80.0,3.076923076923077,7.929053754743551,5,57.0,0.3850066586357075,4,26.0,0.641965060301184,9,83.0
45.0,11,128.0,4.413793103448276,7.156484891035832,6,84.0,0.28777009099160716,5,47.0,0.5612019208910192,11,131.0
50.0,12,159.0,5.129032258064516,5.785189161140487,6,89.0,0.33779594037367566,6,73.0,0.39128572771370285,12,162.0
55.0,13,176.0,5.67741935483871,5.4973863360261905,6,116.0,0.3366416247890963,7,69.0,0.3665265822248752,13,185.0
60.0,13,193.0,6.225806451612903,5.5336733228361865,6,120.0,0.41890457186079405,7,101.0,0.31821517113078823,13,221.0
65.0,14,209.0,6.147058823529412,5.771548443931211,7,138.0,0.4185644073205578,7,101.0,0.3587396708931999,14,239.0
70.0,13,125.0,3.2051282051282053,6.061467951378154,6,98.0,0.3137662637354113,7,101.0,0.4486114781980625,13,199.0
75.0,8,74.0,1.7619047619047619,7.603860927793399,3,50.0,0.48765420768372475,5,68.0,0.47178976635808934,8,118.0
80.0,11,124.0,2.883720930232558,8.449487820083124,4,57.0,0.6040047178409085,7,79.0,0.4015607779992353,11,136.0
85.0,10,106.0,2.3043478260869565,8.204735171263446,2,34.0,0.6278995098046197,8,94.0,0.3355145258998513,10,128.0
90.0,13,158.0,3.6744186046511627,7.6501650706550555,5,58.0,0.46454383255184684,8,124.0,0.42257960729434074,13,182.0
95.0,13,146.0,3.7435897435897436,6.775730616667847,5,65.0,0.5703223706366353,8,134.0,0.3535981354466625,13,199.0
100.0,15,195.0,4.875,6.301846638926393,7,95.0,0.5192259104678842,8,133.0,0.3327740412583773,15,228.0
105.0,18,131.0,2.977272727272727,4.665652916399166,8,82.0,0.3190247270869039,10,122.0,0.3039263641149603,18,204.0
110.0,19,192.0,4.0,5.651021416474575,11,110.0,0.24249116608860666,8,115.0,0.46839639288265,19,225.0
115.0,18,173.0,3.760869565217391,5.1662177699476715,9,114.0,0.3057304628569386,9,127.0,0.3893390597507515,18,241.0
120.0,15,196.0,4.170212765957447,6.212306539350427,3,80.0,0.4091504741440724,12,185.0,0.30940372484932144,15,265.0
125.0,17,165.0,3.5869565217391304,5.244973853092392,4,66.0,0.4307076569104407,13,180.0,0.1286206893041049,17,246.0
130.0,13,148.0,3.3636363636363638,6.538881683160792,4,41.0,0.3764798746710334,9,152.0,0.2142553654203595,13,193.0
135.0,16,151.0,3.5952380952380953,6.246594839289765,6,53.0,0.3496661647443945,10,149.0,0.20639643187219203,16,202.0
140.0,14,151.0,3.871794871794872,7.280310925978559,4,49.0,0.5227178619939783,10,164.0,0.3471054902181694,14,213.0
145.0,11,154.0,4.162162162162162,6.14778870766643,4,58.0,0.5414073736293881,7,174.0,0.2710257107847587,11,232.0
150.0,17,230.0,6.052631578947368,6.33928666219083,6,87.0,0.5662769427865425,11,200.0,0.27744526570779676,17,287.0
155.0,13,152.0,3.707317073170732,5.496350620098613,4,66.0,0.513960833570353,9,200.0,0.27549165597219655,13,266.0
160.0,10,167.0,3.9761904761904763,6.829074451320062,5,39.0,0.5148749329153929,5,170.0,0.29554435392218265,10,209.0
165.0,7,99.0,2.4146341463414633,6.959664570965088,3,50.0,0.4382294494876303,4,134.0,0.34710090306877966,7,184.0
170.0,15,159.0,3.7857142857142856,7.284429790656319,7,74.0,0.4001553645973365,8,117.0,0.4077577382255837,15,191.0
175.0,12,160.0,3.902439024390244,6.897188164277271,6,80.0,0.4515732858795135,6,135.0,0.4464411879199347,12,215.0
180.0,13,194.0,4.85,7.032246106426266,8,84.0,0.3451487924625715,5,131.0,0.5028827238893931,13,215.0
185.0,9,97.0,2.3658536585365852,7.106020558574651,5,84.0,0.409382933174918,4,71.0,0.4860720122768625,9,155.0
190.0,10,129.0,3.3076923076923075,8.381479089050648,5,86.0,0.5084607900039467,5,51.0,0.5394970281066461,10,137.0
195.0,9,142.0,3.736842105263158,6.666908928650422,5,111.0,0.46824496889156314,4,57.0,0.40432579956541304,9,168.0
200.0,13,110.0,2.75,6.644245238057882,5,67.0,0.5056874915732943,8,64.0,0.3362398385290203,13,131.0
205.0,13,155.0,4.1891891891891895,5.777728071592954,5,75.0,0.49525387131721865,8,100.0,0.22661710339663169,13,175.0
210.0,15,218.0,5.891891891891892,5.295809641373196,7,109.0,0.3708024449426493,8,123.0,0.31098490953784436,15,232.0
215.0,15,208.0,5.2,5.169613137293696,7,138.0,0.393400842080707,8,116.0,0.3186594419849599,15,254.0
220.0,20,301.0,7.0,5.5317734732860036,11,188.0,0.44689029910104366,9,135.0,0.2560055409759838,20,323.0
225.0,19,292.0,6.083333333333333,5.401354716852073,9,202.0,0.4677880476114224,10,150.0,0.20001330927647637,19,352.0
230.0,15,319.0,6.134615384615385,6.156115618169148,5,180.0,0.4340956016197879,10,175.0,0.3091770015036063,15,355.0
235.0,15,133.0,2.375,5.810945445436827,7,123.0,0.3676756417790583,8,149.0,0.368985309249415,15,272.0
240.0,20,168.0,2.9473684210526314,6.295297640804934,15,121.0,0.26078125650601996,5,98.0,0.5478062015313421,20,219.0
245.0,22,191.0,3.23728813559322,5.667855758085894,17,182.0,0.27432917364317644,5,92.0,0.38536062175115565,22,274.0
250.0,19,201.0,3.4655172413793105,5.8664218523843275,11,200.0,0.32982513470418734,8,78.0,0.2852009981505377,19,278.0
255.0,20,197.0,3.283333333333333,5.1879257965096,11,215.0,0.3517707652321509,9,98.0,0.16365082415814264,20,313.0
260.0,28,296.0,5.016949152542373,5.348113777205629,17,252.0,0.2917089723375185,11,136.0,0.26344758368738735,28,388.0
265.0,25,344.0,5.375,5.000536943969447,18,310.0,0.26505696819780816,7,138.0,0.3933863730744227,25,448.0
270.0,21,389.0,5.893939393939394,5.885807851340649,14,320.0,0.2971767681626579,7,133.0,0.43577401992491005,21,453.0
275.0,19,335.0,5.0,5.667274682306565,15,361.0,0.2520213086440172,4,90.0,0.4144378146003666,19,451.0
280.0,30,440.0,6.3768115942028984,5.491414612468185,22,410.0,0.1695001660392533,8,97.0,0.40476742712074965,30,507.0
285.0,29,316.0,4.7164179104477615,5.176099445039779,23,414.0,0.25858527324021163,6,90.0,0.2942281123452222,29,504.0
290.0,27,291.0,4.343283582089552,5.488517386477854,20,379.0,0.22704707756983347,7,73.0,0.3926187890988058,27,452.0
295.0,25,264.0,4.061538461538461,5.111006066922102,19,414.0,0.21075077635797348,6,81.0,0.462774380221059,25,495.0
300.0,19,197.0,3.0307692307692307,5.649244340428104,14,393.0,0.16640381450119285,5,68.0,0.5331492401414252,19,461.0
305.0,17,199.0,3.3728813559322033,5.014865216316932,12,386.0,0.24125058054965534,5,80.0,0.17395032559704443,17,466.0
310.0,27,310.0,5.166666666666667,5.030255119853466,17,440.0,0.19525101241068624,10,114.0,0.3040463677703015,27,554.0
315.0,29,396.0,6.711864406779661,4.636493412153066,22,494.0,0.18328118423550194,7,132.0,0.4023378923557501,29,626.0
320.0,26,449.0,8.163636363636364,4.869727570461948,18,520.0,0.19435176667029297,8,141.0,0.4526911814726567,26,661.0
325.0,23,337.0,6.017857142857143,5.293421400077394,18,514.0,0.19517391460542366,5,122.0,0.5536242598494368,23,636.0
330.0,27,420.0,7.241379310344827,5.301158709345701,20,520.0,0.25735613943963587,7,134.0,0.41116822901998906,27,654.0
335.0,26,351.0,6.051724137931035,4.746947328241799,19,536.0,0.28963619373217653,7,104.0,0.35341235030977325,26,640.0
340.0,23,259.0,4.543859649122807,4.362234566336671,13,481.0,0.24243305034001816,10,115.0,0.23382743569960654,23,596.0
345.0,20,281.0,4.683333333333334,5.099951534065266,12,426.0,0.28840839994265605,8,138.0,0.24947665037479164,20,564.0
350.0,21,364.0,6.385964912280702,6.44001700466995,14,407.0,0.292840878953645,7,133.0,0.30302934288914557,21,540.0
355.0,19,352.0,5.866666666666666,5.7762687383714715,12,411.0,0.19756542747574019,7,135.0,0.3469519660859305,19,546.0
360.0,27,469.0,8.086206896551724,5.575680088258982,19,477.0,0.2360195980762804,8,180.0,0.373988534966903,27,657.0
365.0,21,412.0,7.228070175438597,6.084675313787448,16,533.0,0.3200959666443021,5,129.0,0.49936556441462254,21,662.0
370.0,16,430.0,7.962962962962963,6.226429968614896,12,555.0,0.3072599352398786,4,50.0,0.5499895250812746,16,605.0
375.0,20,420.0,7.241379310344827,5.560130117165608,13,524.0,0.28798233199862155,7,80.0,0.3725598891686567,20,604.0
380.0,20,289.0,4.661290322580645,6.444783816964316,15,442.0,0.3705244670212717,5,96.0,0.4297066164628583,20,538.0
385.0,21,361.0,5.73015873015873,6.218322878810503,14,376.0,0.32249376155344883,7,114.0,0.4684880420819965,21,490.0
390.0,24,365.0,5.887096774193548,4.357959476734959,19,442.0,0.2283063285695937,5,78.0,0.4205838690878271,24,520.0
395.0,32,502.0,8.096774193548388,4.544295304361931,27,561.0,0.16905523956796292,5,66.0,0.524478463322791,32,627.0
400.0,32,493.0,7.825396825396825,3.990743890764779,28,625.0,0.12796350011966537,4,70.0,0.48398073877514075,32,695.0
405.0,33,482.0,7.774193548387097,4.396807528478537,27,638.0,0.14750308992117553,6,87.0,0.5326381893720209,33,725.0
410.0,30,544.0,8.774193548387096,3.8607965580641497,25,685.0,0.1883584435682844,5,85.0,0.4319743616642831,30,770.0
415.0,31,609.0,9.82258064516129,4.017824453726613,24,741.0,0.20773455598279394,7,118.0,0.3491967583494761,31,859.0
420.0,33,505.0,7.651515151515151,3.963702770272108,27,775.0,0.1559473128761364,6,77.0,0.44461065131272276,33,852.0
425.0,31,328.0,5.046153846153846,4.272134974470352,24,730.0,0.16226165566897693,7,91.0,0.418644796265218,31,821.0
430.0,25,295.0,4.609375,4.29860171963848,19,696.0,0.19699114247139332,6,97.0,0.2910852829413173,25,793.0
435.0,20,367.0,5.5606060606060606,5.588822512967908,17,693.0,0.22639894045710893,3,78.0,0.3795735029468877,20,771.0
440.0,21,344.0,5.639344262295082,4.744042926646397,18,663.0,0.1351784067242357,3,44.0,0.29544483063797716,21,707.0
445.0,28,418.0,6.634920634920635,5.238311540349593,21,677.0,0.1226531520853394,7,53.0,0.4606518929345518,28,730.0
450.0,24,487.0,8.254237288135593,5.193493883482292,20,728.0,0.21214765345837655,4,60.0,0.5391577609508543,24,788.0
455.0,21,535.0,9.553571428571429,6.138511672299664,16,734.0,0.2287180061073559,5,57.0,0.6111824484175795,21,791.0
460.0,21,462.0,8.25,4.633133313751238,16,661.0,0.11846437145641726,5,60.0,0.4153403322153451,21,721.0
465.0,27,334.0,5.661016949152542,4.66192813858096,17,599.0,0.1256396238214999,10,79.0,0.3168952949273954,27,678.0
470.0,22,319.0,5.696428571428571,4.424233202888565,15,640.0,0.20181534043370225,7,87.0,0.39647630709336357,22,727.0
475.0,19,376.0,7.372549019607843,5.621632734961282,11,625.0,0.31185602187446915,8,116.0,0.416037072958409,19,741.0
480.0,19,224.0,4.226415094339623,5.088983291311233,11,549.0,0.3373597721616162,8,110.0,0.35279383572812084,19,659.0
485.0,24,312.0,5.571428571428571,5.925317509975001,14,556.0,0.3184754275210495,10,120.0,0.3793481900019432,24,676.0
490.0,22,246.0,4.392857142857143,5.521232911488839,14,535.0,0.3421675027584187,8,111.0,0.37634376257915225,22,646.0
495.0,22,273.0,4.627118644067797,5.963286137786125,16,509.0,0.28529956342594237,6,88.0,0.4321262989989334,22,597.0
500.0,23,297.0,5.033898305084746,5.248270645390632,17,552.0,0.20194093248443462,6,92.0,0.46065920380861625,23,644.0
505.0,24,326.0,5.52542372881356,5.331257573437827,13,563.0,0.29053179402625257,11,112.0,0.23502352500783255,24,675.0
510.0,20,358.0,5.966666666666667,5.023953038438239,10,589.0,0.3425629184415842,10,141.0,0.19188846868529463,20,730.0
515.0,22,434.0,6.888888888888889,5.92255704927158,15,641.0,0.27867674801807873,7,146.0,0.45516309952088624,22,787.0
520.0,28,451.0,7.274193548387097,5.391675030764022,20,623.0,0.2595247699359374,8,170.0,0.43850208181414685,28,793.0
525.0,28,403.0,6.296875,4.789737559726345,18,524.0,0.2332522706155929,10,215.0,0.3328884635936975,28,739.0
530.0,28,365.0,5.887096774193548,3.9811302594778737,17,557.0,0.2735092495732774,11,191.0,0.26464540757583377,28,748.0
535.0,29,391.0,6.409836065573771,4.066321389043315,14,541.0,0.27009829229857557,15,222.0,0.19734208264983075,29,763.0
540.0,29,357.0,5.95,3.6122639830342353,17,516.0,0.18385651213591295,12,243.0,0.1722388163322635,29,759.0
545.0,26,362.0,6.135593220338983,4.358964694101021,20,555.0,0.09000396455221128,6,209.0,0.34623376299176106,26,764.0
550.0,27,314.0,5.233333333333333,4.297257137863422,22,540.0,0.06567876409538236,5,133.0,0.4368845489876766,27,673.0
555.0,29,350.0,5.833333333333333,5.048855980387346,19,458.0,0.1957877661871978,10,124.0,0.40947432127411987,29,582.0
560.0,26,369.0,6.15,4.2529187819316006,16,481.0,0.26229440487178757,10,143.0,0.3144274049342437,26,624.0
565.0,18,333.0,5.459016393442623,5.517018368664222,13,443.0,0.2453728996805252,5,116.0,0.43847269620586765,18,559.0
570.0,20,409.0,6.704918032786885,6.379479040361727,14,439.0,0.20282034862381415,6,116.0,0.5233209383748862,20,555.0
575.0,18,364.0,5.6875,6.505657784183697,14,458.0,0.19634350911393095,4,84.0,0.4927068250920593,18,542.0
580.0,23,261.0,4.35,6.234790137999334,15,428.0,0.2657453497886425,8,48.0,0.4704194820742805,23,476.0
585.0,25,301.0,5.101694915254237,5.626609622245337,16,359.0,0.34229079380614325,9,76.0,0.2731743686443382,25,435.0
590.0,22,316.0,5.543859649122807,5.7708475996524005,12,360.0,0.2499868850662807,10,97.0,0.37586081289214157,22,457.0
595.0,23,294.0,4.9,5.133543220191165,14,328.0,0.15815885406468616,9,117.0,0.4054082992811716,23,445.0
600.0,23,294.0,4.741935483870968,5.602797651854131,13,322.0,0.2597046065872948,10,136.0,0.41962256104844753,23,458.0
605.0,24,216.0,3.4838709677419355,5.9380139607472975,12,264.0,0.3583177701273616,12,134.0,0.37038471370884324,24,398.0
610.0,20,205.0,3.253968253968254,5.7779859438635555,9,243.0,0.39692242597629374,11,133.0,0.29483176812797623,20,376.0
615.0,26,245.0,3.769230769230769,5.70452436333038,13,246.0,0.40141813697119555,13,157.0,0.2912922361304209,26,403.0
620.0,23,262.0,4.09375,5.396206950929757,13,265.0,0.18329036386639974,10,147.0,0.40772541832736775,23,412.0
625.0,21,336.0,5.6,4.926966599021276,13,300.0,0.0836704820673229,8,156.0,0.3926259516263004,21,456.0
630.0,23,332.0,5.533333333333333,5.127647729451409,11,313.0,0.24953975346977197,12,190.0,0.2408711739135531,23,503.0
635.0,23,308.0,5.133333333333334,5.474121922901076,10,266.0,0.3775231795075797,13,210.0,0.27089297139801977,23,476.0
640.0,25,321.0,5.35,5.350428023430253,10,248.0,0.34337103978676625,15,224.0,0.32277066313246777,25,472.0
645.0,26,306.0,4.857142857142857,5.027410929092201,13,200.0,0.28292974687782835,13,250.0,0.3516039077455805,26,450.0
650.0,24,284.0,4.4375,4.798768814916098,16,236.0,0.2121005402010825,8,211.0,0.37133643100183583,24,447.0
655.0,19,269.0,4.26984126984127,4.692231421854402,8,223.0,0.22687877057400882,11,231.0,0.2841700264437848,19,454.0
660.0,20,313.0,4.968253968253968,6.51504901803338,8,219.0,0.37558726265516124,12,246.0,0.3083876556810992,20,465.0
665.0,22,331.0,5.426229508196721,5.394562413224117,9,220.0,0.3079476009542567,13,270.0,0.19053918888276272,22,490.0
670.0,26,408.0,7.0344827586206895,4.8525163453475235,14,238.0,0.17929369730968714,12,299.0,0.22870732114613485,26,537.0
675.0,27,479.0,8.11864406779661,4.371071712527202,15,281.0,0.1308037550548456,12,330.0,0.26614673368495045,27,611.0
680.0,19,514.0,8.711864406779661,6.500734631196632,8,290.0,0.38345193089504565,11,359.0,0.3280153671583272,19,649.0
685.0,19,327.0,5.945454545454545,5.93491906475356,7,236.0,0.4569540422865876,12,344.0,0.20150987385535257,19,580.0
690.0,20,282.0,5.035714285714286,5.640989926320939,10,188.0,0.3091941846696828,10,267.0,0.3598232959108438,20,455.0
695.0,20,231.0,3.9827586206896552,5.561776879257214,13,221.0,0.26139834752837793,7,229.0,0.46962824582549434,20,450.0
700.0,15,238.0,4.103448275862069,6.083637668539169,7,216.0,0.3084272195400672,8,187.0,0.45304022195332977,15,403.0
705.0,18,247.0,3.9838709677419355,5.010412432641491,6,207.0,0.32938354737956377,12,200.0,0.23997804827783828,18,407.0
710.0,29,342.0,5.2615384615384615,5.223484052297408,12,232.0,0.35810778500737894,17,239.0,0.1707282067822282,29,471.0
715.0,30,408.0,6.181818181818182,4.360034649486495,15,267.0,0.3693892112931337,15,279.0,0.07398845321439883,30,546.0
720.0,27,477.0,7.693548387096774,4.4549945289492845,9,273.0,0.36148640147541783,18,341.0,0.052549978522814164,27,614.0
725.0,23,326.0,5.344262295081967,4.423869935844195,9,181.0,0.33523821723372094,14,348.0,0.11655139359970049,23,529.0
730.0,21,192.0,3.0476190476190474,4.9276393241551855,15,172.0,0.21900294137040083,6,260.0,0.3096495874950698,21,432.0
735.0,24,237.0,3.646153846153846,5.357377487075005,19,220.0,0.15302842510653436,5,189.0,0.4705584792103729,24,409.0
740.0,21,279.0,4.164179104477612,6.2193317718811265,16,243.0,0.18061183058961028,5,166.0,0.5637713868519875,21,409.0
745.0,18,269.0,4.138461538461539,6.744665422505179,13,260.0,0.26621652603448526,5,150.0,0.476434094585297,18,410.0
750.0,21,258.0,4.095238095238095,6.144838175119107,12,271.0,0.26202319805082463,9,153.0,0.329774889652205,21,424.0
755.0,25,267.0,4.52542372881356,5.2342664863657316,16,264.0,0.21639901603832684,9,156.0,0.2892167615740907,25,420.0
760.0,29,330.0,6.0,4.7557981455681455,19,323.0,0.16484047471478508,10,140.0,0.3889727007379228,29,463.0
765.0,27,380.0,7.037037037037037,4.535809110421026,20,371.0,0.20273159360418322,7,138.0,0.3602866869951477,27,509.0
770.0,25,386.0,7.0181818181818185,4.359374094163997,18,414.0,0.11938812880697237,7,118.0,0.3640440242428938,25,532.0
775.0,18,293.0,5.425925925925926,5.059329340983239,12,394.0,0.22605522433322756,6,98.0,0.259639733489039,18,492.0
780.0,18,219.0,3.711864406779661,5.966793238066998,11,346.0,0.2839362873126663,7,105.0,0.29593716974058154,18,451.0
785.0,22,243.0,4.05,6.402572776199079,16,329.0,0.2781984510006344,6,119.0,0.5258399436555066,22,448.0
790.0,20,284.0,4.813559322033898,6.479129260456234,16,375.0,0.2550409071235147,4,108.0,0.632556126342557,20,483.0
795.0,24,327.0,5.637931034482759,5.85635411669156,18,416.0,0.21589061490182354,6,108.0,0.5086687451530004,24,524.0
800.0,29,380.0,6.440677966101695,4.696177972942575,18,427.0,0.2188023142130839,11,124.0,0.29334921165266226,29,551.0
805.0,19,256.0,4.19672131147541,5.297998865297782,10,350.0,0.3306312732703018,9,86.0,0.25534824327963496,19,436.0
810.0,21,216.0,3.4285714285714284,6.021256744697903,10,331.0,0.37547334568259133,11,116.0,0.3335037650646139,21,447.0
815.0,25,234.0,3.7142857142857144,5.989983273603236,15,295.0,0.2685530287181515,10,138.0,0.412135984035825,25,433.0
820.0,23,263.0,4.241935483870968,5.3528550756367075,18,313.0,0.13291807624315216,5,108.0,0.4661401603536072,23,421.0
825.0,20,245.0,4.083333333333333,5.343259372144817,14,299.0,0.1590975813101877,6,90.0,0.36295028212444735,20,389.0
830.0,26,231.0,3.85,4.420000683032124,13,266.0,0.18232297772413109,13,112.0,0.22215596151621464,26,378.0
835.0,26,270.0,4.576271186440678,5.196280190543176,14,249.0,0.3025612803347824,12,141.0,0.28431872010862463,26,390.0
840.0,27,329.0,5.771929824561403,5.3677929834854,14,282.0,0.3101581465686842,13,171.0,0.38476499728815056,27,453.0
845.0,25,371.0,6.081967213114754,5.356282155958019,16,316.0,0.2830563696799097,9,183.0,0.37211518440816577,25,499.0
850.0,19,340.0,5.3125,5.27159166735049,13,325.0,0.1601380649966395,6,138.0,0.42685399503676213,19,463.0
855.0,16,324.0,5.142857142857143,6.391117958704244,9,280.0,0.21905011153989676,7,138.0,0.44612800309843453,16,418.0
860.0,15,287.0,5.035087719298246,6.917586145152939,8,259.0,0.39626516745031676,7,96.0,0.3054535293565176,15,355.0
865.0,16,271.0,4.927272727272728,6.214450562479817,8,247.0,0.3782385353197526,8,83.0,0.1435370501138535,16,330.0
870.0,20,343.0,6.7254901960784315,5.191853031600976,11,276.0,0.2841671464211678,9,119.0,0.23638037988762559,20,395.0
875.0,18,386.0,7.877551020408164,5.086009661806582,11,304.0,0.18519160797191556,7,143.0,0.39022406969110895,18,447.0
880.0,16,410.0,8.03921568627451,5.872934841820447,8,296.0,0.2057177800072904,8,167.0,0.41526940536597506,16,463.0
885.0,12,207.0,4.0588235294117645,6.923538299132936,5,162.0,0.30989008149718483,7,184.0,0.47346469815152453,12,346.0
890.0,19,199.0,3.9019607843137254,6.307210904942744,11,108.0,0.2907338768990632,8,136.0,0.3545054559272095,19,244.0
895.0,23,307.0,6.531914893617022,5.293927551423022,14,170.0,0.22340416229603838,9,179.0,0.322931726936481,23,349.0
900.0,19,323.0,6.729166666666667,4.999693797309788,13,200.0,0.2673827872534585,6,188.0,0.26849394539311405,19,388.0
905.0,14,314.0,6.1568627450980395,6.637881407739728,8,181.0,0.26401599592919284,6,180.0,0.4704376317584554,14,361.0
910.0,13,138.0,2.6538461538461537,7.283932341829135,8,153.0,0.270282699973487,5,100.0,0.4815849995173322,13,253.0
915.0,14,162.0,3.4468085106382977,6.6787610612416906,8,159.0,0.2584113434207712,6,71.0,0.4640863235686696,14,230.0
920.0,17,176.0,3.911111111111111,5.712458900448242,11,197.0,0.2546751204544445,6,61.0,0.4438403397756078,17,258.0
925.0,17,240.0,5.454545454545454,5.8644988135934675,11,246.0,0.33964701057757124,6,77.0,0.3878908199970174,17,323.0
930.0,18,254.0,5.521739130434782,4.541514656732073,10,250.0,0.2756167111779608,8,106.0,0.3043010289992797,18,356.0
935.0,18,278.0,5.914893617021277,5.525265804753226,9,236.0,0.3039314517412737,9,132.0,0.32084245446766557,18,368.0
940.0,16,254.0,5.291666666666667,5.320587911009665,9,269.0,0.330994256533008,7,109.0,0.20745592869348092,16,378.0
945.0,14,269.0,5.0754716981132075,6.912417956600482,10,299.0,0.3158786999442375,4,75.0,0.43282912717420363,14,374.0
950.0,15,318.0,6.235294117647059,6.88347063021886,10,323.0,0.22354081467334358,5,75.0,0.5716757185785821,15,398.0
955.0,13,320.0,6.2745098039215685,7.794256343964856,9,321.0,0.3490470971160452,4,70.0,0.5397627968612951,13,391.0
960.0,14,169.0,3.595744680851064,6.033647303270635,8,209.0,0.3291572302090233,6,58.0,0.1742647163165563,14,267.0
965.0,17,201.0,4.785714285714286,5.8552742584641395,9,191.0,0.3698675677518318,8,68.0,0.23481780850511558,17,259.0
970.0,20,259.0,6.166666666666667,5.220504340200999,10,221.0,0.3150862754409507,10,107.0,0.2611355999721174,20,328.0
975.0,16,287.0,6.377777777777778,5.246524576122564,10,244.0,0.276625361254123,6,122.0,0.40421449202757853,16,366.0
980.0,15,271.0,6.022222222222222,6.173998915881292,10,255.0,0.3210247611879168,5,90.0,0.4807421301481306,15,345.0
985.0,9,209.0,4.446808510638298,7.527789342851498,5,226.0,0.45156778172026835,4,47.0,0.5146176963271959,9,273.0
990.0,13,96.0,1.8461538461538463,7.307418341473867,4,140.0,0.44826471658513206,9,61.0,0.32960180467202915,13,201.0
995.0,16,139.0,2.78,7.270676885310805,10,107.0,0.43836613448285067,6,80.0,0.4437266672631337,16,187.0
1000.0,12,161.0,3.22,7.163832522024609,9,133.0,0.3240931164473882,3,64.0,0.5728590065810971,12,197.0
1005.0,12,189.0,3.857142857142857,6.801911291498175,6,122.0,0.2925028345605067,6,82.0,0.45087098796965597,12,204.0
1010.0,11,80.0,1.6326530612244898,6.63916500893487,5,75.0,0.2706776112620335,6,70.0,0.41716762429784243,11,145.0
1015.0,20,154.0,3.142857142857143,6.0765387483041815,11,82.0,0.3321202810301932,9,87.0,0.2450456087157625,20,169.0
1020.0,18,179.0,3.6530612244897958,5.6946695024880505,8,112.0,0.4120588656627394,10,97.0,0.2146332281007622,18,209.0
1025.0,15,231.0,5.25,6.816179575632805,6,118.0,0.45281661641686455,9,130.0,0.3483250306715696,15,248.0
1030.0,12,164.0,3.727272727272727,6.137042384989067,6,93.0,0.3768725151720408,6,142.0,0.3572875823324358,12,235.0
1035.0,11,176.0,3.6666666666666665,7.225243799530252,8,91.0,0.3033772577085877,3,110.0,0.516953180702136,11,201.0
1040.0,15,74.0,1.574468085106383,6.942639173122109,10,88.0,0.23379499420869482,5,60.0,0.5097212159353585,15,148.0
1045.0,11,109.0,2.3191489361702127,8.412763085393083,7,110.0,0.4581382325650535,4,40.0,0.5312389604485693,11,150.0
1050.0,13,149.0,3.3863636363636362,7.477468591752298,7,140.0,0.4924734601884739,6,40.0,0.3544821976529729,13,180.0
1055.0,10,114.0,2.425531914893617,8.069257417004097,4,117.0,0.4919048232091348,6,55.0,0.4170634681359021,10,172.0
1060.0,10,104.0,2.122448979591837,8.02064853780671,3,61.0,0.5282786456880433,7,84.0,0.31241651421093913,10,145.0
1065.0,11,94.0,1.9583333333333333,7.476737729644029,5,44.0,0.4331894754628858,6,75.0,0.32644153698841016,11,119.0
1070.0,16,127.0,2.760869565217391,7.246033610930151,7,42.0,0.2877942846504248,9,91.0,0.3928617470052483,16,133.0
1075.0,12,136.0,3.090909090909091,7.368925239085308,7,59.0,0.2195452545025599,5,94.0,0.5301696993649953,12,153.0
1080.0,14,158.0,3.761904761904762,6.720844612951184,6,64.0,0.32507190683127096,8,123.0,0.4671050124230197,14,187.0
1085.0,14,150.0,3.488372093023256,6.80352556974584,7,78.0,0.42391002882826284,7,101.0,0.4488616198129994,14,179.0
1090.0,14,157.0,3.8292682926829267,5.889128167305431,3,73.0,0.4038415672036197,11,130.0,0.3284006750671123,14,203.0
1095.0,13,121.0,2.813953488372093,6.588214158330435,3,62.0,0.5471730118947308,10,127.0,0.19417309572272046,13,189.0
1100.0,11,154.0,3.7560975609756095,6.809768937942601,4,79.0,0.3661524306885619,7,97.0,0.2081974043381712,11,176.0
1105.0,10,132.0,3.2195121951219514,7.21496680977871,4,70.0,0.39189847552293366,6,107.0,0.28258503040688,10,177.0
1110.0,12,145.0,3.8157894736842106,7.706423501095289,3,33.0,0.5761119322671456,9,139.0,0.34220555023740573,12,172.0
1115.0,11,113.0,3.054054054054054,7.222753018747872,4,34.0,0.5894495947671341,7,118.0,0.39702581614631893,11,152.0
1120.0,11,116.0,3.2222222222222223,7.274600626357819,5,55.0,0.5518011618428468,6,94.0,0.4423020044689151,11,149.0
1125.0,11,78.0,2.108108108108108,5.3532008089077205,4,61.0,0.46320448580278506,7,92.0,0.2667326339550027,11,153.0
1130.0,10,102.0,2.6842105263157894,6.403922245741553,6,70.0,0.45704647077686633,4,69.0,0.33000146452787,10,139.0
1135.0,15,165.0,4.125,6.589095735999012,9,109.0,0.3367161087974277,6,81.0,0.4380728271749094,15,190.0
1140.0,15,155.0,3.875,6.164914065410912,10,117.0,0.27451895866980464,5,70.0,0.39266857254761106,15,187.0
1145.0,20,240.0,5.853658536585366,5.262319555418612,12,171.0,0.207825534147581,8,103.0,0.33618497319883517,20,274.0
1150.0,15,220.0,5.0,6.374643355078177,10,181.0,0.33844427377865693,5,119.0,0.5221939092939825,15,300.0
1155.0,14,227.0,4.450980392156863,8.193676300962752,9,158.0,0.3893901667183903,5,125.0,0.660469015751832,14,283.0
1160.0,9,114.0,2.326530612244898,7.720848048435902,5,130.0,0.34325669964836564,4,95.0,0.563501633874068,9,225.0
1165.0,15,108.0,2.076923076923077,7.33390502347001,11,114.0,0.3222595909418157,4,49.0,0.5068669905636086,15,163.0
1170.0,14,133.0,2.66,5.89943401879158,8,135.0,0.40286406379700124,6,62.0,0.37012841695638043,14,197.0
1175.0,14,174.0,3.782608695652174,6.427526923014829,6,122.0,0.4792053552964057,8,87.0,0.4081515885465756,14,209.0
1180.0,16,220.0,4.4,5.938427360043505,8,151.0,0.49028919586333003,8,106.0,0.1898171473621494,16,257.0
1185.0,19,237.0,4.836734693877551,5.71856222567009,7,157.0,0.4291849615311271,12,137.0,0.18868063580074643,19,294.0
1190.0,20,311.0,6.346938775510204,5.153928725209827,9,168.0,0.2512656639656423,11,184.0,0.27163163333324747,20,352.0
1195.0,21,381.0,8.106382978723405,4.893677901571056,10,207.0,0.2371995571738151,11,221.0,0.2369074568934845,21,428.0
1200.0,17,321.0,6.551020408163265,5.7897261059366985,6,215.0,0.331369758330736,11,207.0,0.2378420070378306,17,422.0
1205.0,9,149.0,3.311111111111111,7.4999934946949045,3,115.0,0.4671113107402309,6,140.0,0.34267329323251006,9,255.0
1210.0,11,128.0,2.909090909090909,6.75564638768633,7,101.0,0.30827504580547144,4,90.0,0.33502325337903827,11,191.0
1215.0,20,213.0,4.630434782608695,6.407708804363871,11,154.0,0.29701842451330784,9,113.0,0.4208739744462144,20,267.0
1220.0,14,220.0,4.782608695652174,6.477070385878979,8,174.0,0.3611247152980192,6,124.0,0.48793078010302304,14,298.0
1225.0,12,241.0,5.355555555555555,7.040032331272337,5,154.0,0.5311962418856382,7,152.0,0.3706736890164191,12,306.0
1230.0,12,227.0,4.934782608695652,6.202302039186572,5,166.0,0.46459585342082316,7,132.0,0.2435733251283424,12,298.0
1235.0,16,287.0,6.5227272727272725,6.030870088014878,9,193.0,0.2781296921256601,7,125.0,0.33210799258909623,16,318.0
1240.0,18,264.0,5.739130434782608,5.354367098813289,10,217.0,0.1925114153804443,8,112.0,0.3087748366298279,18,329.0
1245.0,15,295.0,6.413043478260869,6.707213073687228,6,216.0,0.3644623526987398,9,98.0,0.3928012982905194,15,314.0
1250.0,12,159.0,3.697674418604651,6.317475368751377,5,95.0,0.4204795931763138,7,107.0,0.36696928490020075,12,202.0
1255.0,15,217.0,4.717391304347826,7.399601337744621,7,121.0,0.42866874652147413,8,114.0,0.42432494004231375,15,235.0
1260.0,11,197.0,4.4772727272727275,7.273979143562596,6,132.0,0.471803759825556,5,112.0,0.4504356390102843,11,244.0
1265.0,14,255.0,5.930232558139535,7.4076401251941375,7,152.0,0.5203041206864969,7,118.0,0.3554281885669921,14,270.0
1270.0,14,256.0,5.688888888888889,5.49304673042733,5,141.0,0.34399175791854164,9,151.0,0.32391373151448405,14,292.0
1275.0,14,312.0,6.0,7.433101914209997,6,149.0,0.5379780122209197,8,175.0,0.41159527507843047,14,324.0
1280.0,13,191.0,3.82,7.597209172137402,6,62.0,0.532719878455693,7,186.0,0.46368358277828786,13,248.0
1285.0,15,230.0,4.6938775510204085,7.002273521925527,9,78.0,0.4441001917394429,6,183.0,0.4369928491410636,15,261.0
1290.0,13,145.0,2.843137254901961,6.048546104271617,9,105.0,0.26914383671834374,4,147.0,0.4640005021427958,13,252.0
1295.0,21,237.0,4.74,5.935667625004012,14,157.0,0.2368325937930605,7,117.0,0.4791061023707073,21,274.0
1300.0,19,173.0,3.326923076923077,5.8718645831832665,12,187.0,0.32448911760666105,7,93.0,0.3695613532075262,19,280.0
1305.0,14,165.0,3.0555555555555554,6.780565147381889,7,164.0,0.3636656332355116,7,65.0,0.3229149616318091,14,229.0
1310.0,14,143.0,2.75,6.01566833355427,8,166.0,0.24962284014110156,6,86.0,0.34903924391735786,14,252.0
1315.0,20,166.0,3.1923076923076925,5.8818201887271195,11,158.0,0.22907496132718205,9,119.0,0.3492742860605171,20,277.0
1320.0,18,212.0,3.925925925925926,5.571683598074407,12,179.0,0.25389594405314203,6,144.0,0.4062334519639449,18,323.0
1325.0,17,259.0,4.709090909090909,6.611718130148318,10,182.0,0.3523933720585173,7,154.0,0.40938513096739804,17,336.0
1330.0,20,217.0,3.9454545454545453,6.48624282628144,12,170.0,0.3147053918757362,8,147.0,0.36857783184703474,20,317.0
1335.0,25,334.0,5.758620689655173,6.329381675191035,14,222.0,0.27688252109271955,11,195.0,0.2953524406878334,25,417.0
1340.0,25,379.0,7.431372549019608,4.386020379926182,14,263.0,0.24842362155325626,11,236.0,0.14964841573058196,25,499.0
1345.0,25,413.0,7.9423076923076925,4.187332319709939,12,282.0,0.23460159874616673,13,271.0,0.20152639080976917,25,553.0
1350.0,24,404.0,7.481481481481482,4.450401318218401,13,291.0,0.2540852411639051,11,294.0,0.33188722689075667,24,585.0
1355.0,22,434.0,7.890909090909091,6.089179044577268,14,280.0,0.28051622521589975,8,281.0,0.4936126492048469,22,561.0
1360.0,19,241.0,4.634615384615385,5.302768344350805,12,277.0,0.15480910461703165,7,178.0,0.5000289761215385,19,455.0
1365.0,19,237.0,4.3090909090909095,4.915078257541409,11,234.0,0.16450809404243258,8,123.0,0.27512370463801855,19,357.0
1370.0,18,172.0,3.372549019607843,5.188996492016701,8,208.0,0.3612460196117511,10,127.0,0.1968386027786035,18,335.0
1375.0,20,250.0,4.8076923076923075,7.344110012771509,9,213.0,0.4673114357892764,11,126.0,0.3814092743812386,20,339.0
1380.0,17,224.0,4.392156862745098,6.456095203294358,9,206.0,0.3646132702638339,8,138.0,0.42323408068472884,17,344.0
1385.0,13,183.0,3.388888888888889,7.042017660825223,8,173.0,0.4098522332977664,5,118.0,0.4519419481859453,13,291.0
1390.0,16,115.0,2.2115384615384617,5.268949045032548,10,149.0,0.2580798737645791,6,92.0,0.35683996827597037,16,241.0
1395.0,19,193.0,3.641509433962264,6.9672500594376245,12,167.0,0.41079346966353647,7,102.0,0.3692965018664658,19,269.0
1400.0,16,183.0,3.519230769230769,5.685212532034096,10,177.0,0.3989377742062409,6,107.0,0.20561875501466936,16,284.0
1405.0,18,236.0,4.452830188679245,6.452592329905186,10,160.0,0.3282558811617007,8,132.0,0.2856043457505694,18,292.0
1410.0,16,180.0,3.673469387755102,5.76044299351976,9,155.0,0.23720198198712195,7,118.0,0.24331243681832984,16,273.0
1415.0,19,249.0,4.98,6.873633851721151,12,183.0,0.2833918088397903,7,119.0,0.49912871736854847,19,302.0
1420.0,16,229.0,4.770833333333333,6.562475028393526,10,180.0,0.3151896436279699,6,129.0,0.4946989253330549,16,309.0
1425.0,14,216.0,4.408163265306122,6.655683012255038,9,162.0,0.36633427511733646,5,122.0,0.49640253302540766,14,284.0
1430.0,14,169.0,3.4489795918367347,5.765966375531293,8,146.0,0.3707602753139088,6,128.0,0.3825625864735729,14,274.0
1435.0,15,184.0,3.7551020408163267,6.531896107655507,8,137.0,0.27561718920633227,7,144.0,0.514330054647971,15,281.0
1440.0,16,104.0,2.122448979591837,5.224195886352413,9,138.0,0.1412898823555016,7,103.0,0.48229329882922956,16,241.0
1445.0,16,149.0,3.0408163265306123,6.931565368973293,10,142.0,0.24934462670713942,6,104.0,0.48515304474732474,16,246.0
1450.0,13,121.0,2.5208333333333335,6.170914030831239,8,145.0,0.3066320926074416,5,96.0,0.31051580516252514,13,241.0
1455.0,17,182.0,3.7916666666666665,6.719863426910581,8,140.0,0.39079305923465396,9,93.0,0.382401263432279,17,233.0
1460.0,16,195.0,3.979591836734694,6.436870204522073,8,143.0,0.38432216037216205,8,112.0,0.48051687009783317,16,255.0
1465.0,15,210.0,4.375,6.542326559441261,7,129.0,0.4378110670300824,8,133.0,0.4184037369805203,15,262.0
1470.0,11,183.0,3.7346938775510203,5.822359675914906,4,115.0,0.32758162005177516,7,151.0,0.3817049168841626,11,266.0
1475.0,17,245.0,4.622641509433962,6.231672912160686,7,123.0,0.37602391905514243,10,164.0,0.2785333231609156,17,287.0
1480.0,20,177.0,3.2181818181818183,5.709711486384867,8,144.0,0.42700091967395976,12,136.0,0.18713717605746372,20,280.0
1485.0,21,254.0,4.456140350877193,7.02639025745362,9,184.0,0.5269695874287108,12,120.0,0.27896749961136696,21,304.0
1490.0,16,238.0,4.175438596491228,6.4967161984316135,8,187.0,0.45450860367777335,8,135.0,0.36625946178037144,16,322.0
1495.0,19,227.0,3.982456140350877,6.486386412673277,12,187.0,0.30250817780268063,7,96.0,0.41365958491272353,19,283.0
1500.0,21,235.0,4.196428571428571,5.232235816278639,16,221.0,0.15111188419752017,5,99.0,0.43628238396832386,21,320.0
1505.0,19,268.0,4.32258064516129,5.8841003354829216,10,233.0,0.27395082535999976,9,115.0,0.2684286498243963,19,348.0
1510.0,17,194.0,3.4035087719298245,6.367494774955038,8,153.0,0.3506002524075771,9,126.0,0.38766562028901197,17,279.0
1515.0,17,242.0,4.4,6.666958975793835,12,165.0,0.27140894655889286,5,137.0,0.46884471309606074,17,302.0
1520.0,17,188.0,3.76,5.605320661360959,12,195.0,0.2449012032445692,5,98.0,0.45094537215386166,17,293.0
1525.0,21,265.0,5.196078431372549,5.946118137980586,13,211.0,0.3061124359096026,8,121.0,0.4114979754390657,21,332.0
1530.0,19,272.0,5.44,4.95315634035908,13,222.0,0.27303523483940756,6,137.0,0.29679872188174367,19,359.0
1535.0,15,259.0,5.285714285714286,6.2963146348524495,9,193.0,0.29774246770658125,6,140.0,0.3091366166481194,15,333.0
1540.0,16,232.0,4.549019607843137,6.711096121806971,9,198.0,0.3844482166390312,7,114.0,0.32587314075755613,16,312.0
1545.0,14,230.0,4.181818181818182,7.139698875539315,7,205.0,0.35648231992332546,7,91.0,0.4538202841525756,14,296.0
1550.0,17,282.0,5.529411764705882,6.298228446517904,12,237.0,0.39259765468520313,5,106.0,0.38912491972862256,17,343.0
1555.0,16,243.0,4.86,6.492921815107419,10,229.0,0.42096768735681445,6,108.0,0.34549897795283646,16,337.0
1560.0,18,263.0,5.1568627450980395,5.957220949703745,13,187.0,0.321018332210274,5,123.0,0.35152836528711984,18,310.0
1565.0,19,290.0,5.686274509803922,6.188720907031286,13,207.0,0.3159035490677439,6,136.0,0.46247725222848424,19,343.0
1570.0,17,223.0,4.288461538461538,6.450530147340919,11,197.0,0.33835589174992314,6,68.0,0.4326809178360629,17,265.0
1575.0,16,156.0,2.943396226415094,6.208844313103479,10,168.0,0.28029189924998155,6,69.0,0.4558160002619905,16,237.0
1580.0,18,197.0,3.6481481481481484,6.798718935820784,12,147.0,0.3472332912040252,6,85.0,0.5293309853503623,18,232.0
1585.0,18,234.0,4.588235294117647,6.5186318868382465,13,188.0,0.27891607528758655,5,80.0,0.611027878099415,18,268.0
1590.0,20,195.0,3.823529411764706,4.982146139663925,14,217.0,0.18867228464335037,6,47.0,0.39637354665109115,20,264.0
1595.0,24,242.0,4.481481481481482,4.647930824518424,16,256.0,0.1415758406710055,8,56.0,0.3253015240328687,24,312.0
1600.0,22,285.0,5.480769230769231,4.987563776460349,13,273.0,0.22926253174868863,9,78.0,0.25910151589346275,22,351.0
1605.0,24,281.0,5.109090909090909,5.721977057316219,13,264.0,0.32327877490992385,11,123.0,0.19632315129542516,24,387.0
1610.0,19,238.0,4.103448275862069,6.224932637992318,10,230.0,0.38380167810862775,9,144.0,0.2875413691596892,19,374.0
1615.0,15,194.0,3.4642857142857144,6.452847666106247,10,229.0,0.325785302634134,5,125.0,0.494575482164476,15,354.0
1620.0,20,195.0,3.6792452830188678,5.9839137859312235,15,257.0,0.22342496498290404,5,92.0,0.49790517643761073,20,349.0
1625.0,19,209.0,3.8703703703703702,5.623988123379004,15,288.0,0.14283158690450867,4,73.0,0.5100089273745572,19,361.0
1630.0,23,270.0,5.0,5.542476550176308,15,296.0,0.24249195886223382,8,100.0,0.3253317764328869,23,396.0
1635.0,21,287.0,5.519230769230769,5.294586093738183,13,316.0,0.29345713385921773,8,107.0,0.2047651134048853,21,423.0
1640.0,17,314.0,5.814814814814815,6.784961990865999,12,272.0,0.32650561238262443,5,109.0,0.3829928400573562,17,381.0
1645.0,14,151.0,2.6491228070175437,6.232183010746983,11,233.0,0.2176765100935527,3,61.0,0.4487465589269083,14,294.0
1650.0,17,182.0,3.192982456140351,7.313345322769781,11,186.0,0.30703934741208105,6,57.0,0.5544778926713226,17,243.0
1655.0,12,169.0,3.0727272727272728,6.872588274719979,8,179.0,0.38268261225627126,4,66.0,0.4809113444985561,12,245.0
1660.0,14,175.0,3.240740740740741,7.530477518721415,9,172.0,0.4244672061194636,5,71.0,0.4138745491209175,14,243.0
1665.0,15,93.0,1.8235294117647058,5.301044543997523,9,139.0,0.30887480659712413,6,49.0,0.1895911442361841,15,188.0
1670.0,17,148.0,2.792452830188679,5.870148419412324,12,173.0,0.2874319847372778,5,57.0,0.2795986209815818,17,230.0
1675.0,24,218.0,4.113207547169812,5.620742346223725,16,206.0,0.22167580560782815,8,90.0,0.4596071903149693,24,296.0
1680.0,20,224.0,3.8620689655172415,6.26639877064175,14,237.0,0.33893111851342295,6,96.0,0.5178746058222093,20,333.0
1685.0,17,213.0,3.8035714285714284,5.676154892394371,12,239.0,0.2711210233921305,5,84.0,0.5186280227981371,17,323.0
1690.0,22,223.0,4.054545454545455,5.342479430059414,15,243.0,0.288662401423279,7,63.0,0.40622795954507285,22,306.0
1695.0,28,338.0,5.540983606557377,5.15582412823608,18,308.0,0.2303935454029893,10,111.0,0.36730977798841297,28,419.0
1700.0,28,436.0,6.920634920634921,5.164420275131205,18,361.0,0.27476202069349703,10,153.0,0.3660132896423598,28,514.0
1705.0,28,454.0,7.566666666666666,4.654752536645307,18,381.0,0.20557021420491595,10,180.0,0.3994527322980957,28,561.0
1710.0,24,389.0,6.593220338983051,4.743475043121279,14,327.0,0.18699617286073472,10,183.0,0.34728527534333536,24,510.0
1715.0,24,314.0,5.064516129032258,5.341526136189749,14,301.0,0.2202384898811476,10,174.0,0.3249102849270541,24,475.0
1720.0,26,332.0,5.354838709677419,5.476361721253631,16,271.0,0.3110534009424908,10,200.0,0.3310134380632182,26,471.0
1725.0,27,377.0,6.283333333333333,5.192686498870726,14,292.0,0.34243340143217965,13,235.0,0.39578576910084445,27,527.0
1730.0,25,367.0,5.919354838709677,4.682293643638178,13,291.0,0.25860106737156796,12,271.0,0.3647207218380718,25,562.0
1735.0,28,415.0,6.587301587301587,4.921144558749934,15,316.0,0.19087639952971724,13,268.0,0.38808242603322984,28,584.0
1740.0,26,352.0,5.415384615384616,4.6709709760595866,14,304.0,0.20102176415182346,12,228.0,0.27055358122369355,26,532.0
1745.0,28,403.0,6.2,4.607784678772965,12,317.0,0.2691045340902352,16,222.0,0.11901070143779306,28,539.0
1750.0,32,507.0,7.8,4.9713883236581555,13,332.0,0.3654612225273952,19,287.0,0.14317155844184992,32,619.0
1755.0,34,562.0,8.646153846153846,5.033247887156141,15,348.0,0.36344481211687035,19,365.0,0.22824131656711252,34,713.0
1760.0,29,525.0,7.835820895522388,5.172314093591961,14,318.0,0.3438468596493159,15,410.0,0.3305053252464194,29,728.0
1765.0,25,491.0,7.220588235294118,4.993960150430687,15,352.0,0.25488386027275606,10,390.0,0.3842857479015736,25,742.0
1770.0,25,392.0,5.850746268656716,4.470709707990714,15,373.0,0.16000869312090965,10,325.0,0.273186201712625,25,698.0
1775.0,26,255.0,3.75,4.884122648572154,14,342.0,0.16716003581226568,12,238.0,0.2667378886509886,26,580.0
1780.0,32,310.0,4.84375,4.6033353475360235,16,287.0,0.20910795872478516,16,264.0,0.16972884347978526,32,551.0
1785.0,27,337.0,5.349206349206349,5.018424315774089,15,288.0,0.16151846540661258,12,268.0,0.3228112268526679,27,556.0
1790.0,28,347.0,5.596774193548387,4.935808642390031,14,278.0,0.15039486177552502,14,277.0,0.328875298784446,28,555.0
1795.0,28,386.0,6.433333333333334,5.097032807027664,13,298.0,0.19792992374994797,15,286.0,0.3476976734056591,28,584.0
1800.0,24,333.0,5.842105263157895,4.9029029622031,8,260.0,0.3553687444043236,16,305.0,0.21097440653380808,24,565.0
1805.0,27,308.0,5.4035087719298245,4.294014356150024,8,217.0,0.303971225603109,19,320.0,0.12329723792018725,27,537.0
1810.0,30,356.0,6.033898305084746,4.53587759698285,12,205.0,0.31984285331053713,18,358.0,0.1447650623311806,30,563.0
1815.0,21,330.0,5.32258064516129,5.806540681401357,9,214.0,0.3450000504612351,12,333.0,0.2601500076606629,21,547.0
1820.0,17,323.0,5.383333333333334,6.505508459967888,6,202.0,0.4007464015391271,11,312.0,0.3489529062660444,17,514.0
1825.0,21,250.0,4.166666666666667,5.634886844899204,7,148.0,0.2610764445459781,14,283.0,0.32770861173505356,21,431.0
1830.0,26,344.0,5.639344262295082,5.627863125682999,12,182.0,0.3315135782016376,14,316.0,0.30665293471284505,26,498.0
1835.0,23,330.0,5.7894736842105265,5.1971995929291035,10,147.0,0.32085998871696375,13,307.0,0.2934956274138131,23,454.0
1840.0,21,317.0,5.56140350877193,4.998976616840836,10,154.0,0.2927957631071462,11,291.0,0.24363185219232603,21,445.0
1845.0,24,310.0,5.254237288135593,5.31521290615794,9,158.0,0.3788343844564627,15,273.0,0.21119017625219236,24,431.0
1850.0,24,315.0,5.080645161290323,5.590033760464098,6,118.0,0.5116739780610582,18,303.0,0.14767969612536702,24,421.0
1855.0,22,383.0,5.984375,5.911630355860638,7,145.0,0.46930619501390514,15,325.0,0.18971022939128748,22,470.0
1860.0,26,443.0,6.815384615384615,6.021440221195206,12,198.0,0.41522223683605197,14,366.0,0.29568719864913273,26,564.0
1865.0,21,434.0,7.0,5.4795150341690935,11,228.0,0.3531488197601556,10,348.0,0.3684721528601692,21,576.0
1870.0,20,484.0,8.066666666666666,4.756375175422826,9,219.0,0.1882193788308494,11,379.0,0.30776361211398356,20,598.0
1875.0,30,545.0,8.790322580645162,4.275975479131223,14,241.0,0.1299616363587299,16,427.0,0.20514977255944677,30,668.0
1880.0,33,401.0,6.573770491803279,4.382145416735958,16,261.0,0.20392375743656582,17,381.0,0.24993807345730779,33,642.0
1885.0,28,511.0,8.516666666666667,4.870302001569959,12,312.0,0.31231981461192926,16,330.0,0.2783316333792884,28,642.0
1890.0,26,561.0,9.35,4.9335985145873185,11,331.0,0.38452717792006935,15,341.0,0.2261021311830082,26,672.0
1895.0,18,400.0,6.666666666666667,5.371173395427932,8,281.0,0.3461408205361617,10,296.0,0.23428332326225468,18,577.0
1900.0,21,352.0,5.67741935483871,5.919618033971764,10,227.0,0.26496172152748926,11,279.0,0.353391079244699,21,506.0
1905.0,22,223.0,3.6557377049180326,5.469307013524473,8,204.0,0.287200985550234,14,256.0,0.3627313167505873,22,460.0
1910.0,25,257.0,4.589285714285714,5.484435095649665,10,155.0,0.36139543078694264,15,299.0,0.36859090535695355,25,454.0
1915.0,27,353.0,6.192982456140351,5.175380754504318,9,185.0,0.45263423118666735,18,356.0,0.2835235465363827,27,541.0
1920.0,25,367.0,6.016393442622951,5.348703991487569,6,184.0,0.5043754882433885,19,385.0,0.28140975080762315,25,569.0
1925.0,20,304.0,4.983606557377049,5.581328988521713,7,133.0,0.4786596895230344,13,367.0,0.2471976841492411,20,500.0
1930.0,23,283.0,4.639344262295082,5.021437100134965,9,158.0,0.36003203244935095,14,355.0,0.2182748907347011,23,513.0
1935.0,27,329.0,5.306451612903226,4.528800089967753,9,184.0,0.27941437726780594,18,367.0,0.2007485784977224,27,551.0
1940.0,24,328.0,5.377049180327869,4.373536926304086,7,194.0,0.32395795891985213,17,373.0,0.18145089951472354,24,567.0
1945.0,24,280.0,4.444444444444445,5.352400615861016,5,133.0,0.39728532766486413,19,338.0,0.20718418278076278,24,471.0
1950.0,27,339.0,5.296875,5.826058802404671,9,133.0,0.4427160525473493,18,365.0,0.2529239322076165,27,498.0
1955.0,18,296.0,4.698412698412699,5.903676320451119,7,154.0,0.2716512285949097,11,331.0,0.3826910743098453,18,485.0
1960.0,19,266.0,4.508474576271187,5.3962324975694385,8,154.0,0.31024648853401227,11,319.0,0.2715545762435973,19,473.0
1965.0,25,303.0,5.135593220338983,5.0332034691348015,9,157.0,0.3555061520899466,16,331.0,0.1755332536728352,25,488.0
1970.0,28,387.0,6.672413793103448,5.138391185757089,10,190.0,0.47871902209906864,18,364.0,0.07728274272069502,28,554.0
1975.0,19,410.0,7.192982456140351,5.611996330462782,7,209.0,0.4122604112313383,12,336.0,0.2502549893233296,19,545.0
1980.0,18,410.0,7.192982456140351,5.608673054151254,7,212.0,0.30904379013196415,11,315.0,0.24450608658907494,18,527.0
1985.0,23,370.0,6.379310344827586,4.991078450114521,8,224.0,0.294600790679756,15,281.0,0.15418051682980372,23,505.0
1990.0,25,440.0,7.586206896551724,5.1269710965549855,13,270.0,0.3075209433113261,12,319.0,0.1711826960801234,25,589.0
1995.0,27,534.0,10.075471698113208,5.021865488077782,12,302.0,0.34913560480202754,15,361.0,0.21809030052234468,27,663.0
2000.0,25,579.0,10.722222222222221,4.582264320321518,14,343.0,0.32855726094726384,11,382.0,0.25351140117392634,25,725.0
2005.0,22,555.0,9.910714285714286,5.413735506958893,14,374.0,0.30032574957950675,8,342.0,0.42082905202665927,22,716.0
2010.0,13,395.0,6.810344827586207,6.633761263445416,7,344.0,0.3615248216231496,6,245.0,0.46265263149948854,13,589.0
2015.0,13,132.0,2.2758620689655173,6.742947203742239,6,195.0,0.3943283944947986,7,179.0,0.38283372717288816,13,374.0
2020.0,19,194.0,3.4035087719298245,5.816210036833172,12,146.0,0.2551697550515963,7,188.0,0.3912750518993345,19,334.0
2025.0,22,254.0,4.703703703703703,4.908402257402496,16,182.0,0.13034121817632538,6,193.0,0.41983243132527653,22,375.0
2030.0,15,208.0,3.9245283018867925,5.871826384225855,10,183.0,0.22528990661911316,5,140.0,0.4225547491724692,15,323.0
2035.0,13,156.0,2.943396226415094,7.341051134047931,6,154.0,0.40864195596634384,7,68.0,0.37248299086554665,13,222.0
2040.0,17,186.0,3.509433962264151,7.071976414479958,7,147.0,0.37264422928063023,10,119.0,0.4025005993231435,17,266.0
2045.0,22,251.0,5.229166666666667,4.947431450067698,12,173.0,0.18476074899960399,10,147.0,0.3387534156058751,22,320.0
2050.0,23,309.0,6.18,4.298582764770972,13,196.0,0.15534513057676338,10,172.0,0.3601300550542975,23,368.0
2055.0,17,270.0,5.4,4.931935828655131,8,172.0,0.32524242203293907,9,179.0,0.2645504330917744,17,351.0
2060.0,16,272.0,5.44,5.867333489566894,5,159.0,0.4232857388891581,11,151.0,0.20957993159399213,16,310.0
2065.0,19,328.0,6.6938775510204085,5.224726898563358,8,188.0,0.26603109814972226,11,188.0,0.24740632880418306,19,376.0
2070.0,21,287.0,5.627450980392157,5.8346653725522915,9,127.0,0.2577566241578659,12,222.0,0.3002182434684517,21,349.0
2075.0,21,354.0,7.531914893617022,5.61599114868035,11,150.0,0.34392662250926936,10,251.0,0.22433997281656903,21,401.0
2080.0,14,342.0,7.125,6.328583807651667,7,150.0,0.3261664217411278,7,255.0,0.2841676628327032,14,405.0
2085.0,9,119.0,2.4791666666666665,6.892150187134777,3,92.0,0.43074841604630476,6,162.0,0.24991427922652837,9,254.0
2090.0,15,139.0,2.836734693877551,7.156397165113482,7,107.0,0.3736723433007586,8,108.0,0.3227209925767694,15,215.0
2095.0,14,177.0,3.6875,7.607134911691901,8,127.0,0.5154939252674555,6,116.0,0.3399700933300798,14,243.0
2100.0,11,178.0,4.045454545454546,7.2743860718939635,7,120.0,0.4116567761233588,4,91.0,0.4850140379865554,11,211.0
2105.0,10,214.0,4.7555555555555555,7.1339904562126115,6,114.0,0.3831228427182869,4,108.0,0.30929918127909845,10,222.0
2110.0,14,140.0,2.978723404255319,6.633958618481468,8,92.0,0.2204111304744811,6,83.0,0.26685163834541237,14,175.0
2115.0,16,191.0,4.441860465116279,6.286342621460746,11,105.0,0.15343876169593318,5,104.0,0.47519142841582046,16,209.0
2120.0,17,211.0,5.275,6.07095576748708,11,120.0,0.2855348649930084,6,130.0,0.5394697901200257,17,250.0
2125.0,14,215.0,5.512820512820513,6.041075490611577,9,137.0,0.303638186450647,5,108.0,0.4472820472715759,14,245.0
2130.0,11,189.0,4.295454545454546,6.319933069509521,5,132.0,0.4110675440234216,6,115.0,0.31426202185478214,11,247.0
2135.0,10,98.0,2.3333333333333335,7.652458184927047,3,74.0,0.5460251123434625,7,71.0,0.3475449759837605,10,145.0
2140.0,12,99.0,2.475,6.723999882397203,4,43.0,0.4513822089903004,8,98.0,0.3385533822052319,12,141.0
2145.0,16,143.0,3.6666666666666665,5.894200587427141,9,77.0,0.22904199889505034,7,121.0,0.41329286077895677,16,198.0
2150.0,17,192.0,4.8,5.813483698986625,7,89.0,0.3278160775439286,10,150.0,0.32895406564657387,17,239.0
2155.0,10,217.0,5.166666666666667,6.393912192130419,3,77.0,0.4714261814761635,7,185.0,0.2429533813941178,10,262.0
2160.0,15,283.0,6.5813953488372094,7.54919379923039,4,76.0,0.6202850217488604,11,226.0,0.29366518073888104,15,302.0
2165.0,9,157.0,3.4130434782608696,7.770379984284003,2,64.0,0.579009712182476,7,192.0,0.3967098178136008,9,256.0
2170.0,13,192.0,4.173913043478261,7.825243811221793,7,64.0,0.39465543045375173,6,141.0,0.5639468598106859,13,205.0
2175.0,12,142.0,3.0869565217391304,6.871265923550107,6,78.0,0.30734759029471853,6,120.0,0.5429092920307322,12,198.0
2180.0,14,168.0,3.5,6.7690823687320885,7,95.0,0.2723190487273953,7,117.0,0.5314216875476233,14,212.0
2185.0,16,134.0,2.7346938775510203,5.406911814938185,7,84.0,0.3264263785327794,9,133.0,0.3609169178955342,16,217.0
2190.0,21,210.0,4.285714285714286,5.575813277174276,7,99.0,0.42825240913703877,14,163.0,0.3368287417664809,21,262.0
2195.0,20,225.0,4.245283018867925,5.095694158951455,7,129.0,0.48293750339056524,13,186.0,0.2311309070528166,20,315.0
2200.0,20,271.0,5.018518518518518,5.458212969475825,7,143.0,0.41086402536384387,13,210.0,0.32483299673123583,20,353.0
2205.0,22,204.0,3.709090909090909,4.903665182719418,7,117.0,0.3696331699815752,15,248.0,0.2850384138702836,22,365.0
2210.0,17,211.0,3.767857142857143,5.69993763305783,6,62.0,0.3952431911888146,11,251.0,0.24624947109816345,17,313.0
2215.0,20,217.0,4.09433962264151,5.013980869587091,7,81.0,0.31804599211243445,13,245.0,0.13818200496330227,20,326.0
2220.0,25,247.0,4.490909090909091,5.714644322990066,9,106.0,0.32941885329785725,16,258.0,0.14319834299263595,25,364.0
2225.0,23,313.0,6.26,4.71111031760974,9,130.0,0.32195629636028694,14,298.0,0.16740373405653813,23,428.0
2230.0,20,372.0,7.75,5.489359039909064,8,129.0,0.3634021523506984,12,323.0,0.20534717486467718,20,452.0
2235.0,17,335.0,6.4423076923076925,5.7050140570035115,6,126.0,0.24035773498363508,11,338.0,0.322125545364282,17,464.0
2240.0,18,282.0,5.222222222222222,7.280185199113032,8,148.0,0.40834340958823956,10,313.0,0.43113975889510975,18,461.0
2245.0,15,223.0,4.288461538461538,6.304478027872971,7,158.0,0.4377169004970937,8,271.0,0.40428105641520273,15,429.0
2250.0,20,278.0,5.245283018867925,6.295221256592745,8,171.0,0.472967319424214,12,262.0,0.4072750683158321,20,433.0
2255.0,20,308.0,5.811320754716981,5.72040098814522,7,164.0,0.4256726341180326,13,283.0,0.3886418799451781,20,447.0
2260.0,19,346.0,6.528301886792453,5.967619214605384,5,152.0,0.5756697190056783,14,267.0,0.23113197866354623,19,419.0
2265.0,22,430.0,7.678571428571429,4.47217905772807,6,175.0,0.4154751456169094,16,335.0,0.07203419730541476,22,510.0
2270.0,29,512.0,8.827586206896552,4.7551830071200465,8,195.0,0.41781527348214614,21,417.0,0.11285615561283419,29,612.0
2275.0,24,525.0,9.375,5.257327914260496,7,206.0,0.4170212987165223,17,450.0,0.2461694695347836,24,656.0
2280.0,16,280.0,4.745762711864407,6.126927518719531,8,103.0,0.3994884889745033,8,400.0,0.3752885243448467,16,503.0
2285.0,22,265.0,4.416666666666667,5.47611960664272,13,149.0,0.2761748948786068,9,357.0,0.31722605965398304,22,506.0
2290.0,25,288.0,4.88135593220339,4.751945679002763,12,198.0,0.22886899968980412,13,328.0,0.2767383433613421,25,526.0
2295.0,28,383.0,6.278688524590164,4.868544711126904,13,242.0,0.26341237377334487,15,340.0,0.29605481007548545,28,582.0
2300.0,22,352.0,5.966101694915254,4.791848385428647,10,248.0,0.25684957063531183,12,286.0,0.2888648581546087,22,534.0
2305.0,21,343.0,5.444444444444445,5.0558992531309785,7,186.0,0.26043019813806206,14,319.0,0.2342247755567981,21,505.0
2310.0,21,375.0,5.514705882352941,5.408159749348185,4,181.0,0.41857430936198986,17,354.0,0.16251188378828685,21,535.0
2315.0,30,423.0,6.313432835820896,5.9861303619202335,10,196.0,0.5266139357911007,20,409.0,0.2423383681467739,30,605.0
2320.0,27,501.0,7.260869565217392,5.2611892646786895,8,189.0,0.4801622239842342,19,438.0,0.18179852400358973,27,627.0
2325.0,29,535.0,7.985074626865671,4.46403610835909,8,174.0,0.43036930573307736,21,480.0,0.1027382488369487,29,654.0
2330.0,26,493.0,7.25,5.020828860238812,12,212.0,0.3322284239149657,14,464.0,0.1984747566837468,26,676.0
2335.0,24,593.0,8.720588235294118,5.960625575196716,14,261.0,0.17684120221041394,10,452.0,0.39482921382395836,24,713.0
2340.0,25,501.0,7.367647058823529,5.057029649677676,16,304.0,0.1545522961916496,9,373.0,0.3021913739302248,25,677.0
2345.0,28,487.0,7.854838709677419,5.445513832481849,13,327.0,0.29301066781063023,15,279.0,0.2422081928335373,28,606.0
2350.0,30,383.0,6.491525423728813,4.327701471214055,13,294.0,0.2970888404378174,17,316.0,0.13537215114216486,30,610.0
2355.0,28,382.0,6.161290322580645,5.302446031143644,12,240.0,0.36803626208762125,16,336.0,0.20876454771973,28,576.0
2360.0,26,332.0,5.533333333333333,4.765657939522212,12,244.0,0.3532076216436017,14,351.0,0.2338843535934783,26,595.0
2365.0,26,361.0,5.73015873015873,5.216043017942308,15,255.0,0.3092803353032616,11,316.0,0.3014971838092492,26,571.0
2370.0,23,326.0,4.72463768115942,5.49070880840446,15,276.0,0.2546867653990253,8,245.0,0.43793565730986983,23,521.0
2375.0,28,397.0,5.364864864864865,6.599602939603157,15,267.0,0.3632695547765985,13,277.0,0.4504033842649566,28,544.0
2380.0,27,282.0,3.863013698630137,5.483436145697863,14,285.0,0.3212376859119679,13,232.0,0.36445640654814937,27,517.0
2385.0,30,338.0,4.970588235294118,4.527027478323597,14,262.0,0.21879104325155743,16,238.0,0.22062534716479762,30,500.0
2390.0,37,379.0,5.656716417910448,3.38541835079027,18,277.0,0.165180183206834,19,277.0,0.06401998282302784,37,554.0
2395.0,31,418.0,6.852459016393443,4.0750263500574935,18,282.0,0.13822515168057325,13,294.0,0.14357451256993595,31,576.0
2400.0,31,375.0,6.4655172413793105,2.855760171222747,18,317.0,0.12063405741346611,13,294.0,0.16790351799654277,31,611.0
2405.0,32,403.0,6.60655737704918,4.606316760445725,18,326.0,0.18858895276806095,14,264.0,0.25711940532601757,32,590.0
2410.0,32,469.0,7.816666666666666,4.749365458920489,19,373.0,0.19786009732026769,13,290.0,0.3341826041478042,32,663.0
2415.0,23,426.0,6.983606557377049,5.271953924020662,14,391.0,0.16644071116128942,9,274.0,0.38522763132880306,23,665.0
2420.0,20,365.0,6.186440677966102,4.691891924851065,12,400.0,0.15140298904781727,8,251.0,0.3484825241232769,20,651.0
2425.0,25,309.0,5.065573770491803,5.395033758533037,9,369.0,0.311594707645781,16,249.0,0.24475600140407525,25,618.0
2430.0,26,287.0,4.704918032786885,5.514746964780788,10,357.0,0.39642704071941604,16,257.0,0.1898249028279342,26,614.0
2435.0,26,338.0,5.451612903225806,5.928099269484549,9,364.0,0.4000407949334522,17,282.0,0.1958778241529695,26,646.0
2440.0,29,410.0,6.612903225806452,5.138658809684444,13,381.0,0.35077913233304453,16,318.0,0.18002530442177186,29,699.0
2445.0,22,372.0,5.904761904761905,5.461183956460233,14,395.0,0.2691216128811453,8,300.0,0.35907469962764865,22,695.0
2450.0,24,348.0,5.704918032786885,5.610695439476727,14,366.0,0.24638284948938735,10,282.0,0.3297579088226701,24,648.0
2455.0,24,296.0,4.698412698412699,5.3485252793854965,13,390.0,0.241018197813345,11,238.0,0.31270592870489905,24,628.0
2460.0,24,291.0,4.770491803278689,4.891340235911432,10,342.0,0.27906322469127937,14,256.0,0.238977858614802,24,598.0
2465.0,17,195.0,3.25,5.724975597090363,9,253.0,0.3319917435327954,8,228.0,0.2661247972114982,17,481.0
2470.0,18,203.0,3.440677966101695,5.950279388122244,8,208.0,0.3229105318461344,10,228.0,0.27615138113930465,18,436.0
2475.0,28,309.0,5.327586206896552,5.61344760745371,13,261.0,0.3190472585787894,15,247.0,0.347297468024274,28,508.0
2480.0,22,292.0,5.0344827586206895,5.087629871271323,10,270.0,0.3266354236660827,12,218.0,0.33521291067645764,22,488.0
2485.0,22,341.0,5.879310344827586,5.916990278633057,7,244.0,0.41339091269510786,15,232.0,0.27347393847990464,22,476.0
2490.0,24,290.0,4.833333333333333,4.914970924941879,9,220.0,0.3263307429695577,15,255.0,0.17432456835160792,24,475.0
2495.0,21,289.0,4.737704918032787,6.425797113358655,13,246.0,0.2990141313009428,8,230.0,0.3792976169297928,21,476.0
2500.0,21,316.0,5.3559322033898304,5.081487208746268,13,283.0,0.161143830728136,8,248.0,0.3300175749935738,21,531.0
2505.0,23,383.0,6.491525423728813,5.459045816170376,9,288.0,0.3517505099873396,14,288.0,0.18419339130459386,23,576.0
2510.0,26,479.0,8.709090909090909,5.4948716546544665,10,317.0,0.4014301081559506,16,323.0,0.15616901967191216,26,640.0
2515.0,17,418.0,7.206896551724138,6.161683309266671,6,297.0,0.41030054419301637,11,301.0,0.1566005724772572,17,598.0
2520.0,19,425.0,8.018867924528301,6.67459042034732,9,278.0,0.38899474838028986,10,284.0,0.3203217236691748,19,562.0
2525.0,19,309.0,5.9423076923076925,6.662987158649666,7,175.0,0.43575578370368173,12,303.0,0.3515152760361612,19,478.0
2530.0,17,335.0,6.320754716981132,6.195172405374547,8,79.0,0.4172270141508111,9,319.0,0.3225837150548052,17,398.0
2535.0,17,366.0,7.469387755102041,5.506370378239281,8,98.0,0.39440896460721003,9,325.0,0.2934987509448448,17,423.0
2540.0,17,220.0,4.150943396226415,5.760073828008179,9,105.0,0.2961221409502819,8,204.0,0.35082193929917466,17,309.0
2545.0,21,205.0,3.727272727272727,5.584407507787065,8,107.0,0.29304117162523974,13,184.0,0.32415530319622116,21,291.0
2550.0,21,263.0,4.696428571428571,5.825059796224774,9,91.0,0.3343055796583292,12,225.0,0.30285381117670984,21,316.0
2555.0,15,243.0,4.584905660377358,6.382799449255939,6,96.0,0.36732125944116695,9,229.0,0.262724514661202,15,325.0
2560.0,19,227.0,4.203703703703703,6.271485660390174,11,112.0,0.27075187377109305,8,208.0,0.338644137462345,19,320.0
2565.0,18,231.0,4.2,5.954591851487306,7,119.0,0.4222764345433463,11,194.0,0.23588674656065461,18,313.0
2570.0,19,193.0,3.86,5.428463399729207,7,119.0,0.46917836560381154,12,184.0,0.27131267026742417,19,303.0
2575.0,20,211.0,4.0576923076923075,5.565664637236195,6,120.0,0.38619900873040774,14,180.0,0.3416944857082506,20,300.0
2580.0,19,190.0,3.5185185185185186,5.00518744792697,8,103.0,0.3355208286506465,11,201.0,0.30814014495721626,19,304.0
2585.0,18,148.0,2.5964912280701755,5.1450265485786195,10,135.0,0.31583810164418463,8,158.0,0.3193301889047902,18,293.0
2590.0,20,196.0,3.2666666666666666,5.609896952640647,13,167.0,0.34760660025595547,7,169.0,0.308567707440075,20,336.0
2595.0,28,271.0,4.370967741935484,5.334413670424249,15,202.0,0.32907927021432576,13,218.0,0.22006074610625434,28,420.0
2600.0,29,364.0,6.066666666666666,4.806776813287599,15,240.0,0.28652290348060455,14,247.0,0.21610787628696812,29,487.0
2605.0,26,408.0,7.418181818181818,3.9715674298764703,18,286.0,0.07425719482900515,8,227.0,0.3467498373618727,26,513.0
2610.0,28,441.0,7.7368421052631575,4.270801420876504,20,343.0,0.0745412012857626,8,201.0,0.3721912947710269,28,544.0
2615.0,26,358.0,5.966666666666667,4.3653524526233785,17,354.0,0.21603062431649553,9,162.0,0.31274752236415515,26,516.0
2620.0,21,247.0,4.049180327868853,5.539700970229302,8,291.0,0.4356815093300685,13,185.0,0.24567759799369848,21,476.0
2625.0,15,208.0,3.586206896551724,5.789449081071048,6,252.0,0.37247169850768475,9,206.0,0.29948609042621055,15,458.0
2630.0,21,176.0,2.983050847457627,5.242824515712879,12,228.0,0.17217545413031926,9,185.0,0.3437043115125476,21,413.0
2635.0,27,254.0,4.233333333333333,5.157037323786025,13,225.0,0.18416434453032304,14,192.0,0.3726115924604246,27,417.0
2640.0,21,307.0,4.951612903225806,5.990142440991631,10,191.0,0.228555804677936,11,226.0,0.41737110096327396,21,417.0
2645.0,17,314.0,5.064516129032258,6.877224134421672,9,202.0,0.3369661079862412,8,213.0,0.4374335504536714,17,415.0
2650.0,16,263.0,4.311475409836065,6.77394117837412,11,215.0,0.335443377061938,5,162.0,0.35856975538898367,16,377.0
2655.0,23,339.0,5.844827586206897,5.272512017170791,10,237.0,0.2930515748454879,13,173.0,0.2701654323306291,23,410.0
2660.0,21,327.0,5.637931034482759,5.917559432987399,10,247.0,0.3817404042094306,11,141.0,0.29096342503301464,21,388.0
2665.0,21,325.0,5.508474576271187,6.473540277214014,9,245.0,0.4234743705890794,12,138.0,0.25431069986331245,21,383.0
2670.0,18,349.0,5.816666666666666,6.999818904394543,8,250.0,0.5514079617954919,10,163.0,0.31445249191306324,18,413.0
2675.0,19,374.0,6.233333333333333,6.801616579250362,10,272.0,0.47372354730910615,9,159.0,0.4169313909222215,19,431.0
2680.0,17,341.0,5.683333333333334,6.316178111481879,9,281.0,0.3821762998349895,8,153.0,0.4413119533141463,17,434.0
2685.0,18,128.0,2.098360655737705,5.803765701391373,14,182.0,0.22399269132544788,4,81.0,0.5023699155297089,18,263.0
2690.0,24,193.0,3.2711864406779663,5.0904976963108926,19,186.0,0.15223616040258167,5,75.0,0.4040892305969291,24,261.0
2695.0,26,235.0,3.983050847457627,4.684620142639407,17,224.0,0.20742454742130711,9,98.0,0.31084072497929727,26,322.0
2700.0,21,214.0,3.5081967213114753,4.695131877240421,9,207.0,0.31258554656655096,12,129.0,0.24470307062295046,21,336.0
2705.0,17,210.0,3.559322033898305,6.013618221174848,8,174.0,0.4377819839845239,9,143.0,0.24435436713615583,17,317.0
2710.0,21,235.0,3.7903225806451615,6.501696404406976,11,189.0,0.35360033676449715,10,139.0,0.4022426836830187,21,328.0
2715.0,21,209.0,3.265625,6.155775407552838,11,199.0,0.2756869453823684,10,148.0,0.4346198452700243,21,347.0
2720.0,20,179.0,3.0338983050847457,5.558688737958455,11,157.0,0.2569983740569771,9,137.0,0.44527090694194665,20,294.0
2725.0,25,231.0,4.052631578947368,4.894427100000938,12,167.0,0.2668672541914017,13,150.0,0.3051753329869031,25,317.0
2730.0,21,211.0,3.6379310344827585,4.599677911978519,6,129.0,0.2629088623841815,15,175.0,0.1883497014686499,21,304.0
2735.0,19,250.0,4.385964912280702,5.810287068584097,9,135.0,0.30884317361630415,10,156.0,0.2588404665880488,19,291.0
2740.0,16,209.0,3.8703703703703702,5.616549541136307,8,140.0,0.2526601941732717,8,135.0,0.2610461240315584,16,275.0
2745.0,24,278.0,5.148148148148148,6.105720862806668,12,190.0,0.33008614206504794,12,141.0,0.25887984740136566,24,331.0
2750.0,23,310.0,5.961538461538462,5.5988427399978615,11,201.0,0.35349141121906547,12,176.0,0.348729504844036,23,377.0
2755.0,18,349.0,6.345454545454546,6.169699757233509,10,217.0,0.3882620078552241,8,181.0,0.36434139859474907,18,398.0
2760.0,16,213.0,3.6724137931034484,6.0949654709595,9,163.0,0.3454692937375734,7,151.0,0.40810574080934137,16,314.0
2765.0,25,304.0,4.903225806451613,6.171917921007224,14,183.0,0.3702151605130924,11,163.0,0.3987672953601513,25,346.0
2770.0,25,241.0,3.6515151515151514,5.967908325214022,12,176.0,0.37309802681115484,13,175.0,0.368679204835272,25,351.0
2775.0,24,241.0,3.5970149253731343,5.9863988693174095,10,153.0,0.36863797738704684,14,188.0,0.3533596987191191,24,341.0
2780.0,25,257.0,3.953846153846154,4.518670936231209,11,180.0,0.30494309984266466,14,219.0,0.22393302287720818,25,399.0
2785.0,25,268.0,4.123076923076923,4.928848592386974,15,214.0,0.2595605301296375,10,216.0,0.25719050186497344,25,430.0
2790.0,28,329.0,4.838235294117647,4.027441656530944,18,272.0,0.10921646851870485,10,252.0,0.3000031599135053,28,524.0
2795.0,34,462.0,6.794117647058823,4.8105533144628465,20,342.0,0.2280745677922022,14,292.0,0.3208427712922774,34,634.0
2800.0,33,394.0,5.549295774647887,4.85407184045498,18,369.0,0.27351200811102483,15,265.0,0.31876174845916216,33,634.0
2805.0,26,383.0,5.1066666666666665,5.761449507124672,12,344.0,0.387111155968516,14,233.0,0.29742845669788787,26,577.0
2810.0,26,284.0,3.736842105263158,5.0961979212586535,11,312.0,0.3381334651980651,15,244.0,0.21653662300299267,26,556.0
2815.0,26,272.0,3.4,6.144292567246177,17,297.0,0.32906145976399664,9,208.0,0.34718347084448503,26,505.0
2820.0,29,360.0,4.7368421052631575,5.330061211878522,19,338.0,0.19662848781996722,10,177.0,0.3896213812257316,29,515.0
2825.0,28,430.0,5.890410958904109,5.312884827556184,17,343.0,0.19458717941323897,11,191.0,0.3351701165184492,28,534.0
2830.0,34,494.0,6.861111111111111,3.728995062858505,16,359.0,0.1452981520189199,18,265.0,0.1295123685356989,34,624.0
2835.0,35,564.0,8.057142857142857,4.234488874838667,16,352.0,0.1958194264436458,19,330.0,0.22150460909656267,35,682.0
2840.0,30,526.0,7.514285714285714,4.85361166838772,17,349.0,0.16888941917963562,13,344.0,0.3433119002481761,30,693.0
2845.0,28,419.0,6.253731343283582,4.833606736044618,16,312.0,0.19101237956246161,12,339.0,0.31145213837426483,28,651.0
2850.0,30,408.0,6.181818181818182,4.453443981645048,14,351.0,0.20575639469858392,16,329.0,0.25142698658853074,30,680.0
2855.0,31,512.0,7.876923076923077,4.482240211388097,15,395.0,0.2224838257240445,16,355.0,0.232852152241549,31,750.0
2860.0,28,365.0,5.615384615384615,4.036477021058994,14,397.0,0.21544696492977222,14,334.0,0.24770596874730233,28,731.0
2865.0,30,407.0,6.4603174603174605,4.883281186394883,11,342.0,0.3341122992870062,19,324.0,0.2577738155145493,30,666.0
2870.0,27,343.0,5.119402985074627,4.8797299784138115,8,291.0,0.38762170936662604,19,365.0,0.2199436512205503,27,656.0
2875.0,27,310.0,4.492753623188406,5.454474096315143,13,299.0,0.33538517013966435,14,350.0,0.2855138238049608,27,649.0
2880.0,26,346.0,5.0144927536231885,5.257010749121468,14,297.0,0.30212472854923217,12,352.0,0.30331897809516906,26,649.0
2885.0,30,340.0,5.0,4.681441848230473,15,271.0,0.29874868134830707,15,383.0,0.27013002581759926,30,654.0
2890.0,37,348.0,5.1940298507462686,3.012441251789892,15,284.0,0.20974051389878637,22,425.0,0.1706636836495186,37,709.0
2895.0,38,381.0,5.861538461538461,3.025845395091128,13,280.0,0.23509362148346483,25,485.0,0.12182786296357638,38,765.0
2900.0,36,423.0,6.220588235294118,3.0747294558458367,12,294.0,0.2765561466145488,24,579.0,0.07521109655392576,36,873.0
2905.0,40,516.0,7.371428571428571,3.819618680032362,14,302.0,0.3453013407072769,26,657.0,0.05162014687196308,40,959.0
2910.0,37,573.0,8.070422535211268,3.836468602765517,14,328.0,0.3029252229159176,23,694.0,0.10888644854253486,37,1022.0
2915.0,26,435.0,6.304347826086956,4.346169729189666,12,318.0,0.23889356925572702,14,649.0,0.13714220865563356,26,967.0
2920.0,24,410.0,6.029411764705882,4.556860569085202,15,306.0,0.1302206223975017,9,574.0,0.2088130527803851,24,880.0
2925.0,26,404.0,5.9411764705882355,5.546510673630784,17,303.0,0.09381425203722273,9,485.0,0.3393414794748964,26,788.0
2930.0,26,325.0,5.508474576271187,4.765454004541023,19,352.0,0.12057192574191586,7,384.0,0.37707559719019795,26,736.0
2935.0,26,358.0,6.067796610169491,4.176579990708136,17,374.0,0.16808057123857856,9,387.0,0.30115121465069633,26,761.0
2940.0,22,366.0,6.421052631578948,4.251926620049978,14,403.0,0.11657596502125948,8,352.0,0.40625213840009333,22,755.0
2945.0,18,371.0,7.0,5.06676484613071,12,388.0,0.12007962248379737,6,298.0,0.4023479895508626,18,686.0
2950.0,20,294.0,5.345454545454546,5.379792061470553,11,334.0,0.2167815091058572,9,222.0,0.32275331031293986,20,556.0
2955.0,26,341.0,5.982456140350878,5.588197633262086,13,317.0,0.3088174449727464,13,253.0,0.23766953534714821,26,570.0
2960.0,22,373.0,7.037735849056604,5.921320129609057,13,325.0,0.22078095924876356,9,275.0,0.3505129282937216,22,600.0
2965.0,22,295.0,5.462962962962963,4.825671596701888,12,323.0,0.17901578382653122,10,241.0,0.28130631355650104,22,564.0
2970.0,25,251.0,4.482142857142857,5.513757473127126,13,337.0,0.30341597369659984,12,198.0,0.3660692375552778,25,535.0
2975.0,20,298.0,5.418181818181818,6.589803553298211,7,279.0,0.5095679908339757,13,216.0,0.3634426897867465,20,495.0
2980.0,21,261.0,4.278688524590164,5.412774894097918,6,231.0,0.4262802056843497,15,230.0,0.21572187081034616,21,461.0
2985.0,28,307.0,4.796875,5.3072899686341275,10,220.0,0.3307326727643468,18,278.0,0.26226516418800655,28,498.0
2990.0,29,326.0,5.174603174603175,4.300119963498193,14,249.0,0.2453459626931855,15,306.0,0.29876075214866443,29,555.0
2995.0,22,294.0,4.9,4.545177084065461,8,252.0,0.3092527950842666,14,266.0,0.19351252081831588,22,518.0
3000.0,23,225.0,3.629032258064516,4.3220668513618214,8,233.0,0.25695268788775155,15,269.0,0.15016111572120713,23,502.0
3005.0,29,318.0,4.818181818181818,5.331257771364306,13,265.0,0.27311877016097347,16,282.0,0.26325772258821534,29,547.0
3010.0,30,379.0,6.112903225806452,4.624409714314755,15,313.0,0.27547263498244834,15,315.0,0.28116156862614106,30,628.0
3015.0,22,360.0,5.901639344262295,4.7617345980064805,9,319.0,0.2728296042440559,13,327.0,0.25465003086911575,22,646.0
3020.0,19,295.0,4.609375,4.518810486205915,7,264.0,0.24193585464669767,12,324.0,0.2368890567354587,19,588.0
3025.0,25,317.0,4.953125,5.429450263003094,14,288.0,0.19420766062212766,11,301.0,0.32507510789330096,25,589.0
3030.0,26,403.0,6.60655737704918,4.381646923376693,13,326.0,0.1602840157656358,13,297.0,0.27200740613624236,26,623.0
3035.0,22,436.0,7.147540983606557,5.392517773928374,7,324.0,0.3062326217695812,15,317.0,0.24146210429955398,22,641.0
3040.0,19,362.0,6.241379310344827,5.058668831694154,4,227.0,0.4367521167776971,15,342.0,0.15913052049637486,19,569.0
3045.0,25,382.0,6.262295081967213,5.422288909122095,7,139.0,0.34594471603199073,18,395.0,0.23216910175863953,25,534.0
3050.0,25,419.0,6.758064516129032,5.357215966971843,8,157.0,0.315646336587294,17,424.0,0.2632713459324207,25,581.0
3055.0,15,397.0,6.844827586206897,5.946390024689087,4,145.0,0.4044029933231225,11,402.0,0.22774442737220624,15,547.0
3060.0,17,207.0,3.5689655172413794,5.397610656579196,4,73.0,0.38987646701209305,13,355.0,0.12312407406313507,17,428.0
3065.0,30,248.0,4.275862068965517,4.861754559880811,11,99.0,0.29104751168131754,19,299.0,0.1698631123662421,30,398.0
3070.0,27,304.0,5.428571428571429,4.73373494701198,10,113.0,0.3516618882331796,17,351.0,0.23085976460493993,27,464.0
3075.0,25,409.0,7.303571428571429,5.2447050307858785,8,150.0,0.3967101555045809,17,405.0,0.30878756120533296,25,555.0
3080.0,24,387.0,6.672413793103448,5.092633985295955,9,150.0,0.35379722554569487,15,427.0,0.3199517964933585,24,577.0
3085.0,20,337.0,5.912280701754386,4.89432724324168,9,108.0,0.35327621177438984,11,372.0,0.19268043640354465,20,480.0
3090.0,19,266.0,4.586206896551724,4.78111225021417,8,125.0,0.19017149186351567,11,338.0,0.2453885357534775,19,463.0
3095.0,29,243.0,3.9836065573770494,5.329559892715663,13,144.0,0.1983390482850257,16,278.0,0.308016706199056,29,422.0
3100.0,26,263.0,4.614035087719298,4.963594952561564,12,148.0,0.24256322063304278,14,300.0,0.3276418946291615,26,448.0
3105.0,23,316.0,6.076923076923077,4.863727250785756,11,168.0,0.25118796690262174,12,290.0,0.27501351165738525,23,458.0
3110.0,26,311.0,5.867924528301887,3.9924899870785096,10,184.0,0.20157333549432285,16,315.0,0.21547159222978896,26,499.0
3115.0,26,348.0,6.327272727272727,5.128848715040862,7,153.0,0.4009563890972963,19,352.0,0.1777967774088991,26,505.0
3120.0,22,264.0,5.076923076923077,4.995204614654968,4,103.0,0.4661393196265596,18,379.0,0.1804649781705165,22,482.0
3125.0,24,305.0,5.545454545454546,6.1546332814090885,6,85.0,0.5102304630598945,18,387.0,0.2510445406320747,24,472.0
3130.0,20,295.0,5.462962962962963,5.865765610621607,5,76.0,0.4448176156441999,15,414.0,0.308991648865451,20,490.0
3135.0,20,277.0,5.036363636363636,6.3609679166213215,9,84.0,0.37319508398720824,11,393.0,0.3597721296111089,20,477.0
3140.0,21,254.0,4.618181818181818,5.572340919743212,8,91.0,0.29929408783031,13,352.0,0.2763111139284759,21,443.0
3145.0,19,199.0,3.685185185185185,5.6123850494390375,4,84.0,0.4920120518162221,15,323.0,0.21644958517321117,19,407.0
3150.0,14,142.0,2.6792452830188678,5.445836895128525,1,28.0,0.5649623671069508,13,347.0,0.17222087305075837,14,375.0
3155.0,19,181.0,3.1206896551724137,6.16062689904335,5,35.0,0.49253822441719847,14,367.0,0.2784440912637307,19,402.0
3160.0,22,241.0,4.155172413793103,6.056477245294298,5,46.0,0.5058398066273124,17,398.0,0.2995510300875725,22,444.0
3165.0,22,326.0,5.927272727272728,5.470921009864518,7,72.0,0.504092954236251,15,410.0,0.22906850775963122,22,482.0
3170.0,24,320.0,5.614035087719298,4.499263433434421,6,75.0,0.4704015234579651,18,421.0,0.1688533084883602,24,496.0
3175.0,23,351.0,6.051724137931035,5.2941499765922,4,56.0,0.5394762392485883,19,455.0,0.1537550539800819,23,511.0
3180.0,24,356.0,6.137931034482759,4.686386309985484,6,49.0,0.4960611099019395,18,492.0,0.13987341156972924,24,541.0
3185.0,29,456.0,7.238095238095238,5.014429220333623,10,87.0,0.32237623311348174,19,520.0,0.26593322248168005,29,607.0
3190.0,28,391.0,6.2063492063492065,5.006314581455417,11,123.0,0.3203743290510181,17,494.0,0.3219352779286353,28,617.0
3195.0,20,265.0,4.344262295081967,5.385604853783859,8,122.0,0.3340223295825761,12,351.0,0.24596373578411498,20,473.0
3200.0,21,241.0,4.084745762711864,4.701112566239348,8,116.0,0.21705835406861826,13,360.0,0.19856977498929093,21,476.0
3205.0,26,285.0,4.596774193548387,4.531994133808295,12,123.0,0.14277707887124078,14,403.0,0.14247540296262812,26,526.0
3210.0,24,348.0,5.8,4.8680991169382315,11,153.0,0.34517391076054843,13,382.0,0.2425047984338014,24,535.0
3215.0,16,354.0,5.53125,6.8747133206661015,5,138.0,0.4738429826440722,11,363.0,0.36886247570978453,16,501.0
3220.0,16,243.0,3.9193548387096775,6.829130371666803,4,90.0,0.5243225382853665,12,351.0,0.28063815864786634,16,441.0
3225.0,21,154.0,2.4444444444444446,6.010894580770366,6,64.0,0.48222009170508073,15,306.0,0.16239883697955002,21,370.0
3230.0,24,213.0,3.380952380952381,4.9196714949776235,7,71.0,0.42236861328279807,17,362.0,0.1838181465927852,24,433.0
3235.0,24,267.0,4.684210526315789,5.4172438487764305,10,70.0,0.36074630628835674,14,391.0,0.2792703790083796,24,461.0
3240.0,21,292.0,5.407407407407407,4.757773865535099,9,101.0,0.2707800584616969,12,398.0,0.2162839534237245,21,499.0
3245.0,23,284.0,4.733333333333333,5.653800443469536,12,137.0,0.31075361513901456,11,386.0,0.2934541125631578,23,523.0
3250.0,24,328.0,5.655172413793103,5.719522752555833,12,167.0,0.40169972949401933,12,377.0,0.3627089962392049,24,544.0
3255.0,20,318.0,5.389830508474576,5.955443430991275,10,185.0,0.34066298182367305,10,342.0,0.4327354805456417,20,527.0
3260.0,23,362.0,6.241379310344827,4.352852322702642,11,203.0,0.24357541527797896,12,358.0,0.3348899357374481,23,561.0
3265.0,25,396.0,6.711864406779661,4.643851077475458,11,201.0,0.35143440427710915,14,376.0,0.20901819249172698,25,577.0
3270.0,24,466.0,7.898305084745763,4.45588884934638,11,224.0,0.2901857593280662,13,385.0,0.15876165085190927,24,609.0
3275.0,25,375.0,6.3559322033898304,4.410604789800501,12,257.0,0.18137852480377867,13,295.0,0.23024710482824257,25,552.0
3280.0,26,393.0,6.55,4.90230997704623,13,273.0,0.26380137234089046,13,278.0,0.2733598206299332,26,551.0
3285.0,26,442.0,7.366666666666666,5.489189737357711,16,298.0,0.3735229144300392,10,271.0,0.3312498650835543,26,569.0
3290.0,30,404.0,6.8474576271186445,5.092899147405384,17,324.0,0.3349756110358889,13,216.0,0.3349676414195331,30,540.0
3295.0,28,397.0,6.616666666666666,3.6340432400342535,17,300.0,0.21568752314459258,11,247.0,0.2542255089917059,28,547.0
3300.0,26,374.0,5.936507936507937,3.861328277868684,16,326.0,0.1803909373797247,10,238.0,0.26365337951874607,26,564.0
3305.0,20,252.0,4.0,4.711740644986391,11,284.0,0.1578165796284311,9,241.0,0.30890249478372295,20,525.0
3310.0,25,272.0,4.387096774193548,5.165510576357287,12,286.0,0.25400745070610753,13,224.0,0.25412960485514186,25,510.0
3315.0,25,339.0,5.65,4.303326535989668,11,308.0,0.2161608184358781,14,261.0,0.2873291720593284,25,569.0
3320.0,24,315.0,5.338983050847458,4.311176825373677,14,310.0,0.13477415387745545,10,270.0,0.37741805108921994,24,580.0
3325.0,27,318.0,5.0476190476190474,5.06694794284702,18,315.0,0.14493048219629137,9,221.0,0.41972334631757274,27,536.0
3330.0,28,371.0,5.621212121212121,5.690821138927896,17,337.0,0.16643793752100933,11,238.0,0.44483039246968364,28,575.0
3335.0,22,256.0,4.063492063492063,5.627371760497169,10,289.0,0.33948660400194214,12,209.0,0.29669707717864313,22,498.0
3340.0,27,316.0,5.3559322033898304,4.98312330410628,8,275.0,0.3712056633446925,19,234.0,0.10125523693161205,27,509.0
3345.0,29,347.0,5.688524590163935,4.1282977514276835,10,270.0,0.30447480196851506,19,288.0,0.12173535873047989,29,558.0
3350.0,21,336.0,5.793103448275862,4.797222041403729,11,286.0,0.2976931936870711,10,280.0,0.27013801308956237,21,566.0
3355.0,20,341.0,5.683333333333334,5.0131958170507085,12,289.0,0.28411600634896195,8,284.0,0.2767408905938999,20,573.0
3360.0,25,272.0,4.533333333333333,5.271964139885703,11,222.0,0.2677294936058906,14,286.0,0.22263495943986003,25,508.0
3365.0,27,363.0,6.05,6.050731163967098,14,240.0,0.34775016447445256,13,311.0,0.32206373747053446,27,551.0
3370.0,24,399.0,7.125,5.81162408358053,15,275.0,0.24482141484172734,9,277.0,0.3719272259424673,24,552.0
3375.0,21,377.0,6.981481481481482,5.313649622330437,14,301.0,0.15497705244491683,7,236.0,0.425051664538153,21,537.0
3380.0,23,370.0,6.379310344827586,5.264682261509809,15,309.0,0.16978556027580416,8,234.0,0.4070149550246833,23,543.0
3385.0,21,276.0,4.928571428571429,5.958890459015281,12,290.0,0.37669267330918355,9,184.0,0.3988293250282158,21,474.0
3390.0,20,204.0,3.457627118644068,5.962940660634868,9,273.0,0.4463706600701084,11,134.0,0.3252032675613769,20,407.0
3395.0,21,200.0,3.3333333333333335,5.440459852606747,9,226.0,0.4343628494667123,12,156.0,0.22633558207027438,21,382.0
3400.0,16,153.0,2.467741935483871,4.947951892347079,8,225.0,0.3018209950749312,8,156.0,0.2262194977194074,16,381.0
3405.0,19,165.0,2.7049180327868854,5.350791428529461,14,251.0,0.21265096022208613,5,139.0,0.3766562115308151,19,390.0
3410.0,28,246.0,3.9047619047619047,5.486643323907494,17,290.0,0.276887662957424,11,154.0,0.34645218024879304,28,444.0
3415.0,27,331.0,5.171875,5.4417383955136245,15,295.0,0.27871704752869764,12,183.0,0.3357577678426884,27,478.0
3420.0,23,343.0,5.622950819672131,4.814846970937228,16,313.0,0.20743977638823868,7,176.0,0.30727646435750294,23,489.0
3425.0,19,279.0,4.5,5.423042035667409,10,313.0,0.2553637307352142,9,170.0,0.29204935752494693,19,483.0
3430.0,25,290.0,4.67741935483871,5.160970800071083,12,338.0,0.2339298817977089,13,162.0,0.2922597319510357,25,500.0
3435.0,32,401.0,6.467741935483871,4.3392453264686734,15,378.0,0.2044544540775859,17,228.0,0.2401630960725198,32,606.0
3440.0,30,364.0,5.870967741935484,4.823714885100784,15,347.0,0.28362009457398174,15,280.0,0.29116108950472963,30,627.0
3445.0,28,397.0,6.203125,4.867467454279257,13,317.0,0.2686537505363238,15,312.0,0.33836840169231386,28,629.0
3450.0,23,352.0,5.5,4.702833440417447,10,302.0,0.1769479322230145,13,294.0,0.3620331953869278,23,596.0
3455.0,22,339.0,5.2153846153846155,4.832775092839204,8,210.0,0.1679306071775872,14,312.0,0.2725630582500525,22,522.0
3460.0,30,411.0,6.323076923076923,4.367512693503573,10,248.0,0.24691413613353116,20,363.0,0.12200489858493338,30,611.0
3465.0,33,483.0,7.318181818181818,4.363990991534561,12,267.0,0.2900200123663965,21,423.0,0.15710285447224898,33,690.0
3470.0,31,569.0,8.621212121212121,5.452849255288255,11,289.0,0.38167192920048326,20,451.0,0.2765601135001215,31,740.0
3475.0,27,613.0,9.578125,5.074639285541171,10,290.0,0.36414973037521814,17,471.0,0.24454090653322086,27,761.0
3480.0,25,472.0,6.840579710144928,5.131600589838441,11,270.0,0.2815808773882264,14,440.0,0.21708147749351991,25,710.0
3485.0,25,259.0,3.7,5.461191047238832,12,202.0,0.24969419084483108,13,365.0,0.26124858239643167,25,567.0
3490.0,27,312.0,4.333333333333333,5.521256227345804,11,241.0,0.33135083296358425,16,345.0,0.27917179245163154,27,586.0
3495.0,27,371.0,5.537313432835821,5.54612549322236,7,239.0,0.4881367956924149,20,387.0,0.21241902398903667,27,626.0
3500.0,20,398.0,6.419354838709677,5.709244169787524,5,196.0,0.46984475390533736,15,377.0,0.19268439056899517,20,573.0
3505.0,22,415.0,6.587301587301587,5.308207191424843,10,207.0,0.265567118566434,12,363.0,0.2328859689553135,22,570.0
3510.0,26,478.0,7.836065573770492,5.15359795970601,11,250.0,0.2902427245253836,15,375.0,0.2784502967477716,26,625.0
3515.0,24,473.0,8.016949152542374,5.577710971840965,7,257.0,0.38597611036410645,17,391.0,0.2882797728068411,24,648.0
3520.0,27,367.0,6.220338983050848,4.780994242956403,10,237.0,0.3119075946449084,17,359.0,0.21728936931725912,27,596.0
3525.0,31,409.0,6.704918032786885,4.439315755679875,10,217.0,0.36777548757355133,21,396.0,0.1775181512653589,31,613.0
3530.0,23,390.0,6.09375,5.048638323684951,10,237.0,0.27658435840119155,13,381.0,0.3115230808815548,23,618.0
3535.0,27,496.0,7.873015873015873,5.493160583342208,14,287.0,0.2909176523308438,13,373.0,0.32114558976140606,27,660.0
3540.0,27,539.0,8.292307692307693,5.2968985479834885,13,314.0,0.2806702420705548,14,380.0,0.2679874766863672,27,694.0
3545.0,25,436.0,7.266666666666667,4.169534917559159,8,296.0,0.33789542403146505,17,359.0,0.13782048374866726,25,655.0
3550.0,28,316.0,5.266666666666667,4.136948597883924,7,159.0,0.38105295518113363,21,355.0,0.12460184575290215,28,514.0
3555.0,31,403.0,6.60655737704918,4.444832750231018,13,177.0,0.3627613640519326,18,404.0,0.16683968900652418,31,581.0
3560.0,28,398.0,6.745762711864407,4.3379841638681365,15,206.0,0.21141240127856892,13,383.0,0.2547779173096445,28,589.0
3565.0,31,366.0,6.310344827586207,3.7199871517452627,19,253.0,0.12156510554277652,12,323.0,0.23787829397072058,31,576.0
3570.0,30,366.0,6.535714285714286,3.9313905061937953,18,299.0,0.20555768130224109,12,262.0,0.23197858846607622,30,561.0
3575.0,21,284.0,5.3584905660377355,4.612673313453418,9,266.0,0.2989630870625793,12,280.0,0.2036490182386097,21,546.0
3580.0,18,199.0,3.618181818181818,4.883390116738691,7,221.0,0.319152782947942,11,274.0,0.22245165138715398,18,495.0
3585.0,21,200.0,3.6363636363636362,5.241541585682689,10,204.0,0.3826675371280055,11,284.0,0.20755331809270816,21,488.0
3590.0,26,296.0,5.103448275862069,5.596931696383198,12,216.0,0.30648800791791286,14,319.0,0.377570535712539,26,535.0
3595.0,16,251.0,4.4035087719298245,5.775637435487838,7,178.0,0.286776474961365,9,305.0,0.3750076408647596,16,483.0
3600.0,15,221.0,4.0181818181818185,6.228237791527624,10,178.0,0.26509113971440496,5,210.0,0.44704942533491393,15,388.0
3605.0,13,205.0,3.5344827586206895,5.35857215487603,8,157.0,0.2453422550085542,5,228.0,0.2990460611016527,13,385.0
3610.0,26,298.0,5.0508474576271185,6.473972793356752,15,197.0,0.3016026190629288,11,271.0,0.3936326779274574,26,468.0
3615.0,21,289.0,5.254545454545455,5.45406971063091,12,197.0,0.34026669609551263,9,264.0,0.3226791040777092,21,461.0
3620.0,23,356.0,6.472727272727273,5.709899143526747,13,202.0,0.29041753711360135,10,260.0,0.36207831924522316,23,462.0
3625.0,22,372.0,7.294117647058823,4.512155696881276,16,230.0,0.14061466594829095,6,286.0,0.42258060155055,22,516.0
3630.0,14,331.0,6.245283018867925,6.323150619817416,8,199.0,0.24489026026089342,6,295.0,0.5098795116977963,14,494.0
3635.0,14,278.0,5.914893617021277,7.380235095497897,8,177.0,0.3539351496178957,6,242.0,0.4956982804272571,14,419.0
3640.0,12,231.0,5.021739130434782,6.6383443129350255,8,163.0,0.2680480158026261,4,166.0,0.41704294754407517,12,329.0
3645.0,16,297.0,7.071428571428571,6.188461888068529,11,172.0,0.2942960348482594,5,191.0,0.3699146689759297,16,363.0
3650.0,15,345.0,8.214285714285714,5.904112422074396,9,193.0,0.3797041894922181,6,221.0,0.40793978505193856,15,414.0
3655.0,13,397.0,9.682926829268293,6.890729129569784,6,186.0,0.46851909674552417,7,251.0,0.4071504045495215,13,437.0
3660.0,10,181.0,4.525,6.241050154471198,6,140.0,0.38782301411052744,4,167.0,0.368791854953195,10,307.0
3665.0,16,230.0,5.2272727272727275,6.796799935228199,10,124.0,0.42105832446199626,6,120.0,0.35964593829028835,16,244.0
3670.0,13,199.0,4.23404255319149,6.0730704912545725,10,153.0,0.32178381059772176,3,103.0,0.5111523887278006,13,256.0
3675.0,12,217.0,4.520833333333333,7.965966591572283,8,160.0,0.44488859800509173,4,72.0,0.5936257731386567,12,232.0
3680.0,9,215.0,4.673913043478261,7.560978787867634,6,146.0,0.34233735224779427,3,84.0,0.5352584610382055,9,230.0
3685.0,17,273.0,5.808510638297872,6.9731580486874405,14,189.0,0.23691023626903854,3,92.0,0.41943992342333464,17,281.0
3690.0,16,201.0,4.466666666666667,6.837965949842578,10,131.0,0.2910655085410453,6,118.0,0.4458204139386622,16,249.0
3695.0,12,138.0,3.2857142857142856,7.103485295287607,10,128.0,0.3030385467703696,2,41.0,0.5738634002335907,12,169.0
3700.0,14,136.0,3.1627906976744184,5.877732791307048,10,142.0,0.24318982321014582,4,38.0,0.46273846359509585,14,180.0
3705.0,12,124.0,2.6382978723404253,6.770772924943241,8,114.0,0.38321819682994224,4,28.0,0.40783902806172223,12,142.0
3710.0,12,103.0,2.1458333333333335,7.72722767128957,7,93.0,0.4764497846068993,5,29.0,0.4651367565126884,12,122.0
3715.0,14,145.0,3.0208333333333335,7.6287840897000265,9,112.0,0.3574274246986378,5,50.0,0.4750252532088664,14,162.0
3720.0,17,151.0,3.4318181818181817,6.02132572794913,10,116.0,0.22974267309493687,7,79.0,0.4272763451166407,17,195.0
3725.0,22,251.0,5.837209302325581,5.431543520665865,12,144.0,0.2964237570834153,10,125.0,0.29698482040538215,22,269.0
3730.0,19,233.0,5.4186046511627906,4.486370968598918,10,154.0,0.2866099731628038,9,143.0,0.25461844993253613,19,297.0
3735.0,13,241.0,5.4772727272727275,7.22665346353967,7,122.0,0.3890453071757692,6,143.0,0.4084222803589446,13,265.0
3740.0,14,181.0,4.022222222222222,6.190078299066214,9,121.0,0.1429643699721862,5,132.0,0.35337861659604874,14,253.0
3745.0,16,204.0,4.25,7.183666775830457,8,129.0,0.3351945159010909,8,126.0,0.388231193190917,16,255.0
3750.0,15,193.0,4.386363636363637,6.552041412298873,8,152.0,0.4279380850014498,7,116.0,0.4139955604207293,15,268.0
3755.0,14,164.0,3.6444444444444444,6.028749649850002,6,125.0,0.42535327482315805,8,110.0,0.4147812331645387,14,235.0
3760.0,17,193.0,4.020833333333333,6.478676732216651,11,136.0,0.39280788139828476,6,114.0,0.4940616209241421,17,250.0
3765.0,15,226.0,4.612244897959184,6.563265359938103,10,175.0,0.25420145966124874,5,92.0,0.5466721876674744,15,267.0
3770.0,17,259.0,5.285714285714286,5.778060272477762,12,212.0,0.16374558457891764,5,77.0,0.4628231382566102,17,289.0
3775.0,22,221.0,4.42,5.102533700074753,14,197.0,0.1731494878165731,8,109.0,0.420965469944807,22,306.0
3780.0,14,132.0,2.64,6.5573562735474376,6,132.0,0.4770953385337493,8,79.0,0.33820241438789767,14,211.0
3785.0,8,85.0,1.7346938775510203,7.693378890650988,3,80.0,0.5972702279720561,5,76.0,0.33574153140056273,8,156.0
3790.0,16,107.0,2.183673469387755,6.666930807422019,8,99.0,0.41153666705800146,8,82.0,0.31209501880044477,16,181.0
3795.0,15,131.0,2.5686274509803924,6.813787244226766,9,111.0,0.29083824340942205,6,83.0,0.45507131003166235,15,194.0
3800.0,14,169.0,3.4489795918367347,6.963642508977781,7,116.0,0.3295628830843343,7,88.0,0.3806885365772147,14,204.0
3805.0,15,184.0,3.9148936170212765,6.799643825390199,6,118.0,0.37740147841860544,9,98.0,0.3644490705608952,15,216.0
3810.0,17,191.0,4.0638297872340425,6.659546636959042,8,125.0,0.46299812536101226,9,89.0,0.2661035335037166,17,214.0
3815.0,15,230.0,4.8936170212765955,6.556535669912143,6,141.0,0.3862762461952557,9,121.0,0.41625411694811437,15,262.0
3820.0,12,220.0,4.680851063829787,7.339084547989592,6,145.0,0.46596051105462866,6,110.0,0.4505294600294292,12,255.0
3825.0,13,163.0,3.5434782608695654,6.628641028246966,4,111.0,0.3914319978441745,9,133.0,0.38651391691710607,13,244.0
3830.0,17,145.0,3.0208333333333335,6.599279204859581,9,91.0,0.3765013239979591,8,125.0,0.45368453694458294,17,216.0
3835.0,10,132.0,2.933333333333333,6.702869331563294,5,110.0,0.4360954622130652,5,76.0,0.40390993519426077,10,186.0
3840.0,11,141.0,3.1333333333333333,6.627037744657817,4,102.0,0.33657968619718354,7,92.0,0.4059089879528247,11,194.0
3845.0,15,187.0,3.978723404255319,6.642884271477499,5,124.0,0.3694264196172616,10,94.0,0.31084704166226357,15,218.0
3850.0,14,150.0,3.488372093023256,6.563938602906766,5,99.0,0.3772558040383842,9,126.0,0.3595914231212568,14,225.0
3855.0,15,204.0,4.636363636363637,7.129512030817421,6,97.0,0.5155726110720429,9,144.0,0.4165450249964199,15,241.0
3860.0,10,167.0,4.073170731707317,6.256237750902545,3,87.0,0.5077992466726077,7,143.0,0.41469168835241027,10,230.0
3865.0,18,245.0,5.568181818181818,6.436080725308647,6,109.0,0.5954559738003696,12,185.0,0.3543537112341472,18,294.0
3870.0,17,268.0,5.826086956521739,5.850872687202908,7,140.0,0.4615651542742807,10,195.0,0.4008594850146112,17,335.0
3875.0,15,253.0,5.382978723404255,5.60535322712544,6,150.0,0.3546353050199144,9,172.0,0.37596484886630965,15,322.0
3880.0,16,265.0,5.196078431372549,5.6013854631965945,6,152.0,0.3791453871936404,10,183.0,0.25547960685783866,16,335.0
3885.0,21,253.0,4.773584905660377,5.320761210304014,7,154.0,0.37142011867722446,14,190.0,0.12883149515728504,21,344.0
3890.0,24,320.0,6.153846153846154,5.524827081177337,10,196.0,0.448384549889452,14,238.0,0.16844651878071226,24,434.0
3895.0,19,333.0,6.403846153846154,4.889745645745744,7,214.0,0.3798076687508523,12,253.0,0.2693027364709192,19,467.0
3900.0,23,374.0,7.333333333333333,4.863972365051168,11,235.0,0.3019290915543368,12,263.0,0.3983672101005937,23,498.0
3905.0,20,279.0,5.365384615384615,5.558547497906899,9,138.0,0.35137418074441146,11,237.0,0.44135327271171765,20,375.0
3910.0,22,278.0,5.054545454545455,5.792631482721579,11,167.0,0.3635210856858269,11,227.0,0.3765810210813392,22,394.0
3915.0,25,362.0,6.033333333333333,5.779119618419659,10,195.0,0.3915731201100456,15,252.0,0.24116097536748596,25,447.0
3920.0,27,457.0,7.491803278688525,5.611215901917355,11,238.0,0.4327606585452735,16,316.0,0.21689618214903722,27,554.0
3925.0,19,393.0,6.338709677419355,5.758002396954125,8,201.0,0.34897653249207533,11,343.0,0.330414172852675,19,544.0
3930.0,16,274.0,4.419354838709677,5.596571616352046,5,103.0,0.2567167526697074,11,346.0,0.3108058025681242,16,449.0
3935.0,22,331.0,5.338709677419355,5.9736862272855324,7,104.0,0.2653577090587569,15,346.0,0.31439598010569736,22,450.0
3940.0,25,406.0,6.548387096774194,5.79000283172511,10,130.0,0.2900383923562402,15,397.0,0.2594264786844282,25,527.0
3945.0,17,438.0,7.3,6.038330491394462,8,136.0,0.29781055023815817,9,412.0,0.3481223346870471,17,548.0
3950.0,20,384.0,6.0,5.710076456088183,7,126.0,0.3780654188689935,13,388.0,0.23714496001236132,20,514.0
3955.0,22,242.0,3.8412698412698414,5.931024506262684,6,143.0,0.5387479896051283,16,325.0,0.14473466618365483,22,468.0
3960.0,20,200.0,3.225806451612903,6.11344377486951,5,102.0,0.577172692548137,15,381.0,0.18571375001931484,20,483.0
3965.0,23,295.0,4.758064516129032,5.986703290740694,7,101.0,0.509157083429792,16,433.0,0.17372404314030826,23,534.0
3970.0,26,324.0,5.225806451612903,4.666731600858437,7,128.0,0.36654748595648184,19,470.0,0.22437467343459483,26,598.0
3975.0,23,348.0,5.523809523809524,6.371890711675851,10,155.0,0.42201008040530136,13,453.0,0.33927662283127225,23,608.0
3980.0,19,268.0,4.1875,5.926712414683785,7,152.0,0.37980185343242656,12,435.0,0.2790153949417705,19,587.0
3985.0,27,378.0,5.90625,5.329282124099762,10,174.0,0.3154919863903277,17,472.0,0.20742539360393297,27,646.0
3990.0,29,355.0,5.725806451612903,4.888434731452076,11,137.0,0.3067212586898069,18,517.0,0.26454181788372116,29,654.0
3995.0,27,445.0,7.295081967213115,5.485910006527178,13,136.0,0.27358687615390653,14,531.0,0.32692188249213805,27,667.0
4000.0,27,456.0,7.354838709677419,4.5474889920354915,12,163.0,0.23616229263169766,15,564.0,0.24464350243262387,27,727.0
4005.0,26,482.0,7.901639344262295,5.480471895402062,7,142.0,0.3064147049902763,19,608.0,0.227751259494492,26,750.0
4010.0,27,519.0,9.105263157894736,4.553808873964662,8,134.0,0.3047529291622663,19,677.0,0.12976937370743238,27,811.0
4015.0,28,644.0,10.733333333333333,5.581021862006777,9,148.0,0.42996467853689185,19,756.0,0.1523581576576221,28,904.0
4020.0,26,691.0,12.339285714285714,5.124532301066931,8,156.0,0.4368270983551527,18,807.0,0.20123850512228036,26,963.0
4025.0,18,685.0,12.454545454545455,5.781926424006106,7,175.0,0.40491229730111117,11,793.0,0.24569545700524653,18,968.0
4030.0,21,575.0,10.849056603773585,4.868617112010826,6,156.0,0.35661372495153626,15,732.0,0.0653135430399688,21,888.0
4035.0,20,341.0,6.2,6.233404831371935,6,165.0,0.4692322813985314,14,575.0,0.2262218010434555,20,740.0
4040.0,15,159.0,3.0576923076923075,5.74304589465133,6,87.0,0.4037384678655176,9,578.0,0.3722657564661826,15,665.0
4045.0,18,210.0,3.8181818181818183,6.8382091904788425,10,102.0,0.4825397761219441,8,536.0,0.3696637092518286,18,638.0
4050.0,24,257.0,4.283333333333333,5.257239028881245,11,123.0,0.3942862945649302,13,472.0,0.1979794414482619,24,595.0
4055.0,25,321.0,5.262295081967213,5.879169213801332,14,164.0,0.3678391314210053,11,385.0,0.3236696618684088,25,549.0
4060.0,27,364.0,6.275862068965517,4.913267899152663,14,192.0,0.33326767451154854,13,300.0,0.36169988776908407,27,492.0
4065.0,30,455.0,7.711864406779661,3.762203892563591,15,193.0,0.22698374493541718,15,340.0,0.2712126483351021,30,533.0
4070.0,30,447.0,6.984375,4.022047529310769,16,217.0,0.2657498618616604,14,370.0,0.20452185521010313,30,587.0
4075.0,33,552.0,8.492307692307692,5.089442564649241,17,245.0,0.2888059269754637,16,418.0,0.24160286718621352,33,663.0
4080.0,33,548.0,8.303030303030303,4.271964830566955,18,291.0,0.23987712709963796,15,431.0,0.2582038741987671,33,722.0
4085.0,30,553.0,8.132352941176471,4.716344850604462,20,351.0,0.1585075761466514,10,380.0,0.34485120306521,30,731.0
4090.0,33,478.0,7.134328358208955,4.500914306927758,22,410.0,0.10621015049654166,11,324.0,0.34585197343202484,33,734.0
4095.0,27,426.0,6.173913043478261,4.855564958666684,15,415.0,0.19645974058428115,12,248.0,0.23595470986914158,27,663.0
4100.0,30,414.0,5.75,4.325119247010519,15,411.0,0.28133010112165896,15,286.0,0.09890402425329366,30,697.0
4105.0,29,405.0,5.5479452054794525,5.738300995727301,14,409.0,0.37810872956268327,15,342.0,0.2187676092353383,29,751.0
4110.0,28,370.0,5.0,5.891578279724616,14,410.0,0.376092513948922,14,344.0,0.3563745429481633,28,754.0
4115.0,26,373.0,5.180555555555555,5.87398347737663,20,402.0,0.22828210153927872,6,291.0,0.46218006321955374,26,693.0
4120.0,26,300.0,4.411764705882353,4.614189466610105,21,444.0,0.08522530590793707,5,200.0,0.4070178958702887,26,644.0
4125.0,29,337.0,4.814285714285714,4.674366952790899,17,451.0,0.1533927809073122,12,203.0,0.30763916634540894,29,654.0
4130.0,31,362.0,4.958904109589041,4.718939689699329,17,467.0,0.2576878648230436,14,235.0,0.2375451554908565,31,702.0
4135.0,29,389.0,5.402777777777778,5.378963717286943,18,471.0,0.2773062341934456,11,243.0,0.3173341681355946,29,714.0
4140.0,32,489.0,6.791666666666667,4.0351597611323475,20,515.0,0.14356941348875688,12,290.0,0.25090840945265447,32,805.0
4145.0,35,591.0,8.208333333333334,4.400327597853126,18,543.0,0.20487581366885896,17,349.0,0.18644156268777953,35,892.0
4150.0,28,538.0,7.911764705882353,4.163950173802559,14,509.0,0.2597743107524468,14,372.0,0.13749061105771976,28,881.0
4155.0,30,486.0,6.942857142857143,4.7368493067813,17,435.0,0.2291332879935375,13,392.0,0.1915518295469386,30,827.0
4160.0,31,539.0,8.044776119402986,4.317431268929388,18,481.0,0.18553008944051008,13,414.0,0.2517823458740908,31,895.0
4165.0,28,566.0,9.129032258064516,4.641713942190983,17,509.0,0.1321493610076735,11,385.0,0.2812316846249314,28,894.0
4170.0,21,439.0,7.316666666666666,4.2411129781997206,15,505.0,0.1464476174376392,6,234.0,0.20826347045366425,21,739.0
4175.0,25,427.0,7.0,5.236066753134919,17,540.0,0.22265510732431534,8,126.0,0.34384287110103284,25,666.0
4180.0,25,485.0,8.220338983050848,5.032472673325563,19,602.0,0.301024778624464,6,115.0,0.33652590092932083,25,717.0
4185.0,22,540.0,9.473684210526315,5.4462157198814305,16,631.0,0.32115424165197576,6,124.0,0.3410430314037647,22,755.0
4190.0,24,521.0,8.830508474576272,4.442241355197741,18,646.0,0.28301185102534304,6,120.0,0.15815200991168965,24,766.0
4195.0,28,502.0,8.229508196721312,3.859249481158992,19,617.0,0.18129594703217022,9,166.0,0.35708181275777134,28,783.0
4200.0,30,529.0,8.396825396825397,3.907378640497342,25,693.0,0.14443077225090342,5,149.0,0.5036864484417864,30,842.0
4205.0,25,588.0,9.333333333333334,5.089133064158094,20,747.0,0.1587138051165366,5,127.0,0.5971165894135244,25,874.0
4210.0,23,624.0,9.904761904761905,5.630730224736827,19,810.0,0.22449549164751822,4,82.0,0.3558015381940153,23,892.0
4215.0,24,376.0,5.875,5.346172098159223,17,693.0,0.21036512341627847,7,61.0,0.21044744510189672,24,754.0
4220.0,27,469.0,7.9491525423728815,5.391447562336878,19,605.0,0.2967862302151823,8,85.0,0.20220154781361255,27,690.0
4225.0,24,418.0,6.741935483870968,5.680893225351107,19,591.0,0.28867713761035796,5,95.0,0.5114663854785428,24,686.0
4230.0,22,348.0,5.612903225806452,5.9119138124467225,19,536.0,0.20639839753187844,3,84.0,0.6611916309854622,22,620.0
4235.0,24,330.0,5.076923076923077,5.247383568746386,21,562.0,0.12992493380978987,3,60.0,0.6317362675137743,24,622.0
4240.0,30,320.0,4.571428571428571,5.353404169737935,22,545.0,0.22652799386938424,8,69.0,0.47952233070984357,30,614.0
4245.0,30,432.0,6.352941176470588,4.947378729563511,23,580.0,0.2634435701060826,7,91.0,0.44241559099560485,30,671.0
4250.0,31,526.0,7.408450704225352,4.488205885272122,26,634.0,0.13881212323089645,5,90.0,0.4802111779873141,31,724.0
4255.0,31,622.0,8.18421052631579,4.230208320999594,25,670.0,0.08632497937844437,6,115.0,0.4290659815055786,31,785.0
4260.0,40,778.0,9.725,4.638794346553152,27,759.0,0.2144357465442424,13,162.0,0.39066110693825684,40,921.0
4265.0,42,908.0,11.073170731707316,4.057545382677331,26,845.0,0.2859000962804271,16,210.0,0.2526903502579764,42,1055.0
4270.0,41,854.0,10.289156626506024,3.8043514586736924,28,862.0,0.20925799489400781,13,241.0,0.27660730786081095,41,1103.0
4275.0,38,515.0,6.130952380952381,3.676975609523982,25,779.0,0.162002472323286,13,246.0,0.21672140548445476,38,1025.0
4280.0,36,544.0,6.252873563218391,4.434377605942118,21,669.0,0.23599163690805683,15,256.0,0.1601939062409476,36,925.0
4285.0,36,428.0,4.863636363636363,4.593107438669782,19,651.0,0.2566867200222901,17,241.0,0.183434585283031,36,892.0
4290.0,38,490.0,5.764705882352941,4.458446727212367,20,656.0,0.15937995098349847,18,291.0,0.3108234768629967,38,947.0
4295.0,45,558.0,6.975,3.190527033981735,28,727.0,0.08768991456014696,17,322.0,0.2818681266472539,45,1049.0
4300.0,43,574.0,7.175,3.714003527563473,32,814.0,0.06826636307832232,11,300.0,0.32796987640974296,43,1114.0
4305.0,42,658.0,8.024390243902438,3.1037530430594695,31,862.0,0.04875964930889866,11,322.0,0.22814443309596075,42,1184.0
4310.0,38,685.0,8.5625,3.984601541057599,22,809.0,0.1465992155267579,16,347.0,0.19445581923819116,38,1156.0
4315.0,38,764.0,10.052631578947368,4.149206424515511,17,787.0,0.2656981496859048,21,386.0,0.1320444170241492,38,1173.0
4320.0,31,722.0,9.626666666666667,4.152152091668994,16,694.0,0.22374688814678803,15,375.0,0.15975965966300915,31,1069.0
4325.0,27,524.0,7.178082191780822,4.611475487452142,15,634.0,0.22911777527414037,12,382.0,0.24190724344644676,27,1016.0
4330.0,29,399.0,5.465753424657534,4.623061338168062,14,625.0,0.2477046745423654,15,374.0,0.267365941730581,29,999.0
4335.0,36,496.0,6.888888888888889,4.015471503646303,19,624.0,0.19280777015619652,17,412.0,0.26758855507811596,36,1036.0
4340.0,32,541.0,7.513888888888889,4.367632861885718,19,649.0,0.16067686848526666,13,421.0,0.3123284334682923,32,1070.0
4345.0,23,348.0,4.767123287671233,5.287465303491924,14,623.0,0.22961504136354124,9,320.0,0.31035774276222994,23,943.0
4350.0,24,278.0,3.808219178082192,5.243538963909553,9,562.0,0.38428523091982714,15,261.0,0.13596757571025897,24,823.0
4355.0,32,368.0,5.183098591549296,5.168738596867208,13,532.0,0.41158938165095726,19,318.0,0.1641341778728946,32,850.0
4360.0,28,406.0,5.71830985915493,5.6870216658368475,15,517.0,0.3632021337444325,13,340.0,0.2908746219267921,28,857.0
4365.0,26,351.0,5.086956521739131,4.767831908965072,15,437.0,0.24820299590788095,11,320.0,0.2766395828173432,26,757.0
4370.0,33,411.0,5.956521739130435,3.842396285538898,18,470.0,0.14495590270601616,15,319.0,0.24790691175405125,33,789.0
4375.0,30,414.0,6.17910447761194,4.268697312493626,14,459.0,0.19392168087258485,16,347.0,0.23211576980141385,30,806.0
4380.0,30,472.0,7.151515151515151,4.1163885869351535,12,482.0,0.17686771535036722,18,406.0,0.19026565591746802,30,888.0
4385.0,34,559.0,8.469696969696969,4.342356415022547,17,504.0,0.14839071098562776,17,448.0,0.2533309800901103,34,952.0
4390.0,27,509.0,7.953125,4.86043304728479,17,536.0,0.09078343311468402,10,418.0,0.3543217180123422,27,954.0
4395.0,26,380.0,6.031746031746032,4.7996205252630535,17,537.0,0.05451961024740533,9,321.0,0.35072538882839854,26,858.0
4400.0,27,347.0,5.507936507936508,5.522932212713296,14,549.0,0.18796892966657314,13,237.0,0.37659527114997277,27,786.0
4405.0,20,304.0,4.983606557377049,5.520782225417529,5,474.0,0.3577278922594693,15,260.0,0.2730406016087408,20,734.0
4410.0,19,284.0,4.733333333333333,5.592256613918766,7,389.0,0.3552483064281838,12,251.0,0.2422859945161167,19,640.0
4415.0,20,166.0,2.7666666666666666,5.163594885434161,7,215.0,0.24905033594919304,13,232.0,0.2796802250124925,20,447.0
4420.0,26,223.0,3.716666666666667,4.527806331910961,10,208.0,0.30120628211530637,16,248.0,0.21789745727741788,26,456.0
4425.0,24,263.0,4.5344827586206895,4.871049066667168,6,152.0,0.36549062588675835,18,298.0,0.22479931344725135,24,450.0
4430.0,16,299.0,5.067796610169491,5.896009064357976,5,126.0,0.30078450966174364,11,326.0,0.3010850891527574,16,452.0
4435.0,19,313.0,5.396551724137931,6.048988952361131,9,119.0,0.22870823378459415,10,294.0,0.3148388513315251,19,413.0
4440.0,21,321.0,5.732142857142857,5.073340167008126,6,120.0,0.26873280136462435,15,296.0,0.1938853319581098,21,416.0
4445.0,20,240.0,4.705882352941177,5.312977445895587,5,108.0,0.4028199157127262,15,275.0,0.18107954260421127,20,383.0
4450.0,19,195.0,3.611111111111111,6.026749197069695,2,72.0,0.6076324559269431,17,243.0,0.16432251087252503,19,315.0
4455.0,16,215.0,4.134615384615385,6.647136240415874,2,51.0,0.731947635273552,14,282.0,0.23359719030574203,16,333.0
4460.0,13,152.0,2.8679245283018866,7.309202027588569,2,7.0,0.5908924606000183,11,260.0,0.3989457498356086,13,267.0
4465.0,12,142.0,2.581818181818182,7.16170546139912,3,21.0,0.4831134885568207,9,268.0,0.36710165649813,12,289.0
4470.0,20,207.0,3.8333333333333335,6.353439166278728,5,46.0,0.4449453448636182,15,280.0,0.31725749447681967,20,326.0
4475.0,22,256.0,4.923076923076923,5.480656805215533,6,76.0,0.5032818870421345,16,309.0,0.25465235811772513,22,385.0
4480.0,26,310.0,5.961538461538462,4.195439979888016,6,109.0,0.49053234547679986,20,326.0,0.179860895719893,26,435.0
4485.0,28,276.0,4.928571428571429,3.4946691122308704,7,94.0,0.43337113675990235,21,379.0,0.11418761189404088,28,473.0
4490.0,25,333.0,5.946428571428571,4.933364924531927,3,51.0,0.5486191434608748,22,402.0,0.12380687004316661,25,453.0
4495.0,26,397.0,6.844827586206897,5.299504203684156,5,64.0,0.5647473414791302,21,478.0,0.15361197850613342,26,542.0
4500.0,24,449.0,7.741379310344827,6.015148622111295,7,97.0,0.47730742044462443,17,513.0,0.21904674490556525,24,610.0
4505.0,20,357.0,6.0508474576271185,5.167315248193112,5,88.0,0.3044153418905869,15,485.0,0.18656530321105483,20,573.0
4510.0,20,247.0,4.410714285714286,5.7250718520410775,9,117.0,0.27750971475338226,11,373.0,0.20908043859002703,20,490.0
4515.0,19,239.0,4.686274509803922,4.986726744407187,8,146.0,0.2180212605884554,11,323.0,0.2153629854650023,19,469.0
4520.0,19,263.0,4.962264150943396,6.334397145885459,5,141.0,0.3907146987823801,14,320.0,0.2057342737003247,19,461.0
4525.0,15,200.0,4.25531914893617,5.558114403832422,4,81.0,0.39585285602300735,11,321.0,0.20343292158013773,15,402.0
4530.0,14,242.0,4.84,6.6557570281777565,4,62.0,0.29981953111162846,10,274.0,0.30552312369381734,14,336.0
4535.0,16,272.0,5.787234042553192,6.768025010648217,5,51.0,0.3532488838221882,11,309.0,0.30756203063490617,16,360.0
4540.0,18,333.0,7.239130434782608,7.102741376563976,8,82.0,0.3915559797266449,10,346.0,0.3533876317729069,18,428.0
4545.0,13,270.0,6.585365853658536,5.301756099580286,3,55.0,0.5596343496386088,10,339.0,0.18811892775347666,13,394.0
4550.0,16,252.0,6.631578947368421,6.143002106101242,3,18.0,0.6526243115844422,13,290.0,0.1550837271594854,16,308.0
4555.0,12,120.0,3.1578947368421053,6.309646220944463,1,9.0,0.7373571767297734,11,236.0,0.16044395394037927,12,245.0
4560.0,14,172.0,4.410256410256411,6.487641435112194,3,25.0,0.5875500783320121,11,193.0,0.17520729367805313,14,218.0
4565.0,17,198.0,5.351351351351352,5.124593999542423,8,55.0,0.4123977110861495,9,201.0,0.18537460402918823,17,256.0
4570.0,15,209.0,5.358974358974359,5.288472420818622,7,79.0,0.3169423961903621,8,200.0,0.2740324057485884,15,279.0
4575.0,14,251.0,7.171428571428572,5.665466520851847,7,83.0,0.3458596272778171,7,228.0,0.2927184371898644,14,311.0
4580.0,14,288.0,8.228571428571428,6.038603372138051,5,89.0,0.37678930488028994,9,260.0,0.3226647213857498,14,349.0
4585.0,11,171.0,4.275,7.39506519771562,6,90.0,0.3973636837693233,5,196.0,0.524745574189764,11,286.0
4590.0,12,204.0,5.230769230769231,7.584236195975243,6,108.0,0.4358494399682805,6,133.0,0.5554473000031405,12,241.0
4595.0,14,195.0,4.642857142857143,7.49725906992994,8,143.0,0.4282492526756146,6,116.0,0.505936571624665,14,259.0
4600.0,15,239.0,5.690476190476191,6.309089968179279,9,187.0,0.3707009517231403,6,90.0,0.34181408254655665,15,277.0
4605.0,15,225.0,5.487804878048781,5.399791195653251,6,192.0,0.3500532700064502,9,106.0,0.32856173587872817,15,298.0
4610.0,18,262.0,6.093023255813954,5.781001654688499,9,180.0,0.39883322746567773,9,137.0,0.3194300210527375,18,317.0
4615.0,14,128.0,2.9767441860465116,5.727228326622983,5,95.0,0.4534070127538995,9,130.0,0.23689576990921832,14,225.0
4620.0,14,156.0,3.466666666666667,7.605003273348086,6,86.0,0.5206099339707442,8,142.0,0.4533971549620149,14,228.0
4625.0,12,108.0,2.297872340425532,6.45873498798269,6,82.0,0.3922266900524556,6,130.0,0.46016292670715897,12,212.0
4630.0,18,177.0,3.847826086956522,6.7217907956904615,10,128.0,0.3159665901831761,8,121.0,0.4867603596698481,18,249.0
4635.0,16,144.0,3.3488372093023258,5.921036269995784,9,138.0,0.30002859298919354,7,99.0,0.32047914411742323,16,237.0
4640.0,12,135.0,3.0681818181818183,6.9485963740003145,3,100.0,0.46268272618560996,9,115.0,0.18779719171285852,12,215.0
4645.0,14,159.0,3.975,5.8604503346345975,5,90.0,0.46447596227544535,9,139.0,0.03531123675106467,14,229.0
4650.0,15,219.0,5.475,6.0557701640676775,5,115.0,0.4791783619504979,10,165.0,0.10345155711189419,15,280.0
4655.0,12,229.0,5.725,6.619985302864518,6,136.0,0.5123487729260858,6,179.0,0.359752546216981,12,315.0
4660.0,14,292.0,7.121951219512195,7.13533322840911,8,169.0,0.4670560458554569,6,180.0,0.5207111876917236,14,349.0
4665.0,13,251.0,5.976190476190476,6.081206036566455,8,180.0,0.3681931334391305,5,155.0,0.4803093664342904,13,335.0
4670.0,13,277.0,6.295454545454546,6.494356500060567,8,196.0,0.4293967936197957,5,103.0,0.3491232057811239,13,299.0
4675.0,17,194.0,4.041666666666667,5.76062716138464,9,113.0,0.37935415367088193,8,136.0,0.27817156621084194,17,249.0
4680.0,16,235.0,4.351851851851852,7.081972679945528,10,116.0,0.3997958255554833,6,163.0,0.5044188914566755,16,279.0
4685.0,12,261.0,4.745454545454545,7.032815334279953,8,144.0,0.36345823524903326,4,160.0,0.5394484520147723,12,304.0
4690.0,16,241.0,4.228070175438597,6.716915978271657,11,172.0,0.3588803333109609,5,131.0,0.4041870456113715,16,303.0
4695.0,18,199.0,3.491228070175439,6.501861223862567,10,153.0,0.38238445358493994,8,71.0,0.29029221188922033,18,224.0
4700.0,23,280.0,4.827586206896552,6.486310530118112,15,205.0,0.3595559953450166,8,106.0,0.37939939572008385,23,311.0
4705.0,20,273.0,4.627118644067797,5.952360727930283,14,241.0,0.3390405869376837,6,112.0,0.5033953873696341,20,353.0
4710.0,18,227.0,3.847457627118644,6.008745381052049,13,247.0,0.3560332875126203,5,88.0,0.48859674228611116,18,335.0
4715.0,21,250.0,4.098360655737705,5.384736688628463,13,265.0,0.30356592631725177,8,100.0,0.42858649005156646,21,365.0
4720.0,22,237.0,3.646153846153846,5.400945657691535,14,269.0,0.33323607469509847,8,110.0,0.3564424357255336,22,379.0
4725.0,23,239.0,3.621212121212121,5.319121792629964,16,288.0,0.21808127978219913,7,126.0,0.49047178210018955,23,414.0
4730.0,24,243.0,3.9193548387096775,4.754599889989522,17,284.0,0.2163078378954652,7,123.0,0.30229539452660537,24,407.0
4735.0,28,295.0,4.758064516129032,4.554708260633313,17,301.0,0.2512873110635955,11,118.0,0.20805685449541622,28,419.0
4740.0,31,293.0,4.80327868852459,3.8637256021368835,18,338.0,0.17748361213420383,13,149.0,0.21813220158680457,31,487.0
4745.0,29,365.0,6.083333333333333,4.347085865406811,17,396.0,0.2276421750452388,12,165.0,0.32609197275946816,29,561.0
4750.0,28,379.0,6.316666666666666,3.8533735669388656,16,431.0,0.21512364549666593,12,179.0,0.22900717150636687,28,610.0
4755.0,21,313.0,5.491228070175438,5.1657474502273235,12,422.0,0.18751008305835118,9,154.0,0.38771110489676897,21,576.0
4760.0,24,321.0,5.35,5.198797587436655,17,440.0,0.025679585452372318,7,139.0,0.4538111665833271,24,579.0
4765.0,29,361.0,5.82258064516129,5.248007538099138,20,477.0,0.14554822199357204,9,113.0,0.45674300710969534,29,590.0
4770.0,29,397.0,6.728813559322034,5.377981278816369,18,471.0,0.30725891965366475,11,168.0,0.37082020112743114,29,639.0
4775.0,28,422.0,7.033333333333333,4.4046873213850315,16,517.0,0.3025896686730355,12,184.0,0.24360647364301405,28,701.0
4780.0,29,441.0,7.7368421052631575,4.031697070849603,16,522.0,0.24679806590252668,13,223.0,0.19101152342534022,29,745.0
4785.0,25,449.0,7.483333333333333,4.568935017206072,12,541.0,0.34031461544470754,13,225.0,0.11518934594133652,25,766.0
4790.0,22,412.0,6.754098360655738,5.389886790654836,14,541.0,0.21611886325778104,8,210.0,0.2907099014474063,22,751.0
4795.0,25,237.0,4.016949152542373,4.536400713976853,15,491.0,0.1353390098716974,10,209.0,0.27501245275949077,25,700.0
4800.0,28,309.0,5.327586206896552,4.335812841246145,15,533.0,0.1665003213470843,13,214.0,0.2754449162065317,28,747.0
4805.0,23,343.0,6.125,4.215625599382517,11,529.0,0.21980936123547415,12,233.0,0.23366167269902033,23,762.0
4810.0,19,317.0,5.763636363636364,5.57171549604318,11,473.0,0.22180145401010828,8,209.0,0.4115348136770168,19,682.0
4815.0,20,276.0,4.758620689655173,5.9184553674950875,13,429.0,0.18705826752472654,7,184.0,0.41758378962309645,20,613.0
4820.0,24,359.0,6.773584905660377,5.723583479797303,16,435.0,0.20435574648392393,8,190.0,0.47653398003901637,24,625.0
4825.0,23,294.0,5.25,4.881462221594611,16,372.0,0.28367095230719724,7,140.0,0.34887962808674616,23,512.0
4830.0,26,323.0,5.981481481481482,4.317437194356994,15,396.0,0.26722535940933484,11,118.0,0.31291790263046937,26,514.0
4835.0,22,276.0,5.111111111111111,5.113845280254867,11,364.0,0.2478075734506903,11,132.0,0.3250483109906887,22,496.0
4840.0,21,308.0,5.4035087719298245,4.793153191989536,9,362.0,0.16446665160042118,12,154.0,0.26694644831683106,21,516.0
4845.0,22,337.0,5.912280701754386,4.701095945818085,12,376.0,0.15918289998376028,10,178.0,0.3312559183602943,22,554.0
4850.0,22,375.0,6.696428571428571,5.543824562185989,14,392.0,0.18835845169907325,8,146.0,0.3710286666127185,22,538.0
4855.0,18,359.0,6.527272727272727,5.866197949113896,7,367.0,0.2773401898600484,11,164.0,0.19052922921241924,18,531.0
4860.0,16,183.0,3.388888888888889,5.898995501964686,5,260.0,0.3905922993533268,11,156.0,0.159624333281782,16,416.0
4865.0,26,256.0,4.413793103448276,5.868712979784029,14,269.0,0.41063055771486484,12,200.0,0.2456124278930798,26,469.0
4870.0,22,282.0,5.035714285714286,5.529635554212004,14,314.0,0.3916808758755235,8,218.0,0.3642665175334045,22,532.0
4875.0,13,248.0,4.133333333333334,5.9971191274084195,8,300.0,0.38991810650578385,5,203.0,0.38814627671332463,13,503.0
4880.0,18,174.0,2.806451612903226,5.131066351834532,10,203.0,0.29389639552493185,8,204.0,0.18514680951982412,18,407.0
4885.0,30,272.0,4.25,5.176480694081976,19,172.0,0.243062912885693,11,233.0,0.18469358652533024,30,405.0
4890.0,26,335.0,5.403225806451613,5.156861559522191,19,247.0,0.17788767683866466,7,239.0,0.3584242746749656,26,486.0
4895.0,27,428.0,7.133333333333334,5.425686190989482,19,297.0,0.19157673692441912,8,256.0,0.4989252637802686,27,553.0
4900.0,26,464.0,7.864406779661017,5.161164787429956,19,355.0,0.2637852351867179,7,277.0,0.4806597270501453,26,632.0
4905.0,29,547.0,8.967213114754099,5.7318122031370375,20,393.0,0.24865186569749834,9,300.0,0.4903877012095238,29,693.0
4910.0,28,485.0,7.578125,5.016197408689409,19,411.0,0.18834673205883737,9,275.0,0.4096588409097199,28,686.0
4915.0,24,317.0,4.953125,4.989749636013832,13,358.0,0.29405937414482247,11,211.0,0.24975868927217232,24,569.0
4920.0,24,272.0,4.0,5.491992656695373,10,307.0,0.4521739297122662,14,159.0,0.12695927493272968,24,466.0
4925.0,27,333.0,4.690140845070423,5.534299087879727,10,307.0,0.41373877414573923,17,225.0,0.23095395780610373,27,532.0
4930.0,29,399.0,5.391891891891892,4.995646461935685,17,357.0,0.3019901121091104,12,262.0,0.34257263850952746,29,619.0
4935.0,28,418.0,5.5,5.4211455037816245,21,383.0,0.23066121677383195,7,240.0,0.5173919206267054,28,623.0
4940.0,26,427.0,5.545454545454546,5.386632044579288,17,375.0,0.21903090286222526,9,232.0,0.4175288658263068,26,607.0
4945.0,32,416.0,5.333333333333333,4.706778979978826,17,377.0,0.20937590146101007,15,254.0,0.21956345786256456,32,631.0
4950.0,34,460.0,5.974025974025974,4.02710615035272,18,378.0,0.1897669479778806,16,321.0,0.13492869035570187,34,699.0
4955.0,41,537.0,7.458333333333333,4.0963178245776515,22,410.0,0.23595342597234148,19,386.0,0.19260919340758906,41,796.0
4960.0,39,582.0,8.314285714285715,3.734959688693895,24,446.0,0.19713223570063668,15,412.0,0.20316251851748224,39,858.0
4965.0,35,560.0,7.887323943661972,3.70723687653608,27,514.0,0.10786859113614301,8,360.0,0.31848485100201573,35,874.0
4970.0,27,333.0,4.44,5.212481778223273,21,537.0,0.20955000102625412,6,252.0,0.33804656599879995,27,789.0
4975.0,25,356.0,4.876712328767123,5.869685238239389,15,527.0,0.3070560061523667,10,193.0,0.28850179063897974,25,720.0
4980.0,29,313.0,4.347222222222222,4.3895386819407225,17,531.0,0.22040868526700852,12,200.0,0.21428677027778362,29,731.0
4985.0,29,341.0,4.546666666666667,5.39394929603367,22,503.0,0.2201373174054709,7,171.0,0.42419103679076514,29,674.0
4990.0,29,446.0,5.868421052631579,5.404377576252624,22,567.0,0.2004228911875924,7,140.0,0.45992159436040647,29,707.0
4995.0,29,492.0,6.3896103896103895,5.1047975246954325,19,579.0,0.11437228757145045,10,157.0,0.3487520318264671,29,736.0
5000.0,29,511.0,6.636363636363637,5.542782839565695,16,568.0,0.22158033004961297,13,183.0,0.2943325227050578,29,751.0
5005.0,33,428.0,5.783783783783784,4.706345527788156,15,524.0,0.20875693172053486,18,234.0,0.27205882680111565,33,758.0
5010.0,27,471.0,6.541666666666667,5.445094116370161,16,493.0,0.2681472741092496,11,251.0,0.3743031574639874,27,744.0
5015.0,25,484.0,6.914285714285715,4.527876998008675,15,531.0,0.17925139920160818,10,232.0,0.3127396358354406,25,763.0
5020.0,29,516.0,7.068493150684931,4.826346632826719,13,547.0,0.21215486849496307,16,243.0,0.27105119914936304,29,790.0
5025.0,32,430.0,5.8108108108108105,4.772396826020482,13,519.0,0.2319452809611304,19,239.0,0.24977937516881418,32,758.0
5030.0,34,381.0,5.148648648648648,5.750063510015396,14,469.0,0.3090120041449102,20,295.0,0.36774895910692573,34,764.0
5035.0,36,452.0,6.191780821917808,4.123725502940973,17,489.0,0.19519994073864913,19,345.0,0.33903562624077294,36,834.0
5040.0,32,434.0,5.636363636363637,4.237748185555635,18,483.0,0.2149036851146909,14,340.0,0.2713271232913687,32,823.0
5045.0,34,453.0,5.734177215189874,4.252712124122149,18,530.0,0.22384906537684138,16,369.0,0.2515556509299117,34,899.0
5050.0,33,443.0,5.67948717948718,4.819900366340192,13,522.0,0.2837222097351463,20,381.0,0.2180295981743402,33,903.0
5055.0,39,384.0,5.052631578947368,3.5425599395847946,16,497.0,0.2305361964291756,23,446.0,0.11793277517812673,39,943.0
5060.0,44,552.0,7.1688311688311686,4.047091854847794,16,496.0,0.32559791464614396,28,517.0,0.10674471453705492,44,1013.0
5065.0,42,613.0,8.283783783783784,3.766831799993152,17,479.0,0.32798431710671183,25,583.0,0.15385827890403098,42,1062.0
5070.0,36,611.0,8.256756756756756,4.511601665153214,20,417.0,0.2892609011504422,16,560.0,0.22390568918641504,36,977.0
5075.0,36,595.0,7.933333333333334,3.7480158741166165,20,444.0,0.16796157336262768,16,524.0,0.2134846923390164,36,968.0
5080.0,30,426.0,5.756756756756757,4.258925642088458,16,443.0,0.26419117959123906,14,489.0,0.16916264710722156,30,932.0
5085.0,32,415.0,5.4605263157894735,4.21657951271802,15,438.0,0.24349783046007845,17,468.0,0.1853744076190311,32,906.0
5090.0,38,444.0,5.6923076923076925,3.999212113602216,21,422.0,0.2038194710398821,17,500.0,0.2228660032760928,38,922.0
5095.0,34,496.0,6.526315789473684,4.200317842069985,21,457.0,0.157125053942351,13,486.0,0.3104936182874473,34,943.0
5100.0,31,426.0,6.0,4.378846450193253,19,453.0,0.14161955908643245,12,398.0,0.29261326132295773,31,851.0
5105.0,26,324.0,4.5,4.296102737852543,14,455.0,0.175937512592332,12,359.0,0.1592280937641158,26,814.0
5110.0,34,428.0,5.783783783783784,4.492986665677621,19,472.0,0.2614784235394583,15,385.0,0.18669784766723996,34,857.0
5115.0,36,434.0,5.945205479452055,4.507679655026062,20,496.0,0.30478003652407354,16,368.0,0.28238013436688975,36,864.0
5120.0,35,524.0,7.380281690140845,3.865546071496631,21,506.0,0.21441904574010476,14,406.0,0.2921157667365899,35,912.0
5125.0,36,568.0,7.780821917808219,3.838852004417785,25,549.0,0.1543763170455934,11,388.0,0.29386324161449073,36,937.0
5130.0,31,528.0,6.947368421052632,4.326703746933419,19,519.0,0.1592912489613825,12,371.0,0.2159748723252716,31,890.0
5135.0,30,556.0,7.616438356164384,4.886998320453785,14,506.0,0.2428395150681862,16,382.0,0.14180747509806033,30,888.0
5140.0,29,547.0,7.814285714285714,5.133766655349606,12,428.0,0.2883527214171681,17,415.0,0.1175129243917445,29,843.0
5145.0,24,473.0,7.059701492537314,4.730473908137558,13,376.0,0.18675651157918396,11,432.0,0.20426976129045532,24,808.0
5150.0,26,514.0,7.907692307692308,4.593620707638554,17,417.0,0.1290970557044817,9,431.0,0.2482020162085898,26,848.0
5155.0,25,546.0,8.950819672131148,5.099454728407927,11,419.0,0.26885025746685065,14,445.0,0.24110204937725743,25,864.0
5160.0,24,315.0,5.431034482758621,4.034525613204275,12,435.0,0.20208613263917993,12,349.0,0.17276316459512328,24,784.0
5165.0,28,393.0,6.775862068965517,4.7467503762747025,15,461.0,0.2637098244057565,13,244.0,0.2670660315433407,28,705.0
5170.0,31,442.0,7.366666666666666,4.353722089880495,18,477.0,0.22026477756130552,13,262.0,0.35670101434588686,31,739.0
5175.0,24,462.0,7.573770491803279,5.168384576779138,18,466.0,0.1985145475543846,6,213.0,0.47919155490613685,24,679.0
5180.0,26,470.0,7.4603174603174605,4.854223562814706,19,494.0,0.17614678293289218,7,200.0,0.410865162185666,26,694.0
5185.0,24,435.0,7.131147540983607,4.8543012732100195,10,453.0,0.2865335975488032,14,189.0,0.2570245242852808,24,642.0
5190.0,25,289.0,4.898305084745763,4.205352593759204,9,357.0,0.36346718546445667,16,223.0,0.09803297053277236,25,580.0
5195.0,25,292.0,4.634920634920635,4.980560084730288,14,246.0,0.28235730669996745,11,244.0,0.2833398842200173,25,490.0
5200.0,26,237.0,3.8225806451612905,4.604286910868615,14,263.0,0.19289366465994265,12,216.0,0.3368823075946655,26,479.0
5205.0,31,332.0,5.03030303030303,5.16313717931043,17,300.0,0.19985121655309349,14,234.0,0.3549151741115474,31,534.0
5210.0,32,340.0,4.927536231884058,4.28741689855058,18,321.0,0.23505318698648686,14,252.0,0.2534612912263767,32,573.0
5215.0,29,363.0,5.185714285714286,5.36116445201553,10,280.0,0.3990910074374305,19,309.0,0.2710092130635982,29,589.0
5220.0,24,386.0,5.436619718309859,5.715225284830865,5,239.0,0.4376896460518275,19,351.0,0.30498158032489026,24,590.0
5225.0,18,257.0,3.4266666666666667,6.275414780276024,6,166.0,0.35261571636435235,12,321.0,0.3882134186163407,18,487.0
5230.0,25,252.0,3.4054054054054053,5.385851056318434,13,153.0,0.09498741205173127,12,311.0,0.3720955842047993,25,464.0
5235.0,33,274.0,3.859154929577465,4.789952079026112,16,197.0,0.11979866162799019,17,318.0,0.30298515163964446,33,515.0
5240.0,25,302.0,4.575757575757576,4.135369474446765,6,181.0,0.2769237208317897,19,390.0,0.15741554852925677,25,571.0
5245.0,25,334.0,5.21875,4.37060111219302,3,124.0,0.3303736470207124,22,462.0,0.12214730358944001,25,586.0
5250.0,30,408.0,6.375,4.672866843731159,7,135.0,0.33651366757335577,23,515.0,0.11540183242289624,30,650.0
5255.0,28,363.0,5.584615384615384,5.498605286354183,10,123.0,0.4034451528536997,18,507.0,0.17308214585282689,28,630.0
5260.0,29,449.0,7.126984126984127,5.561256480387827,11,139.0,0.3164800765613787,18,531.0,0.27919952348301824,29,670.0
5265.0,27,463.0,7.349206349206349,5.087692130428003,10,151.0,0.2716735914771575,17,550.0,0.2758323820982759,27,701.0
5270.0,22,317.0,5.372881355932203,5.0983297359844295,5,98.0,0.41377817411743345,17,523.0,0.18847083793726377,22,621.0
5275.0,22,223.0,4.2075471698113205,5.331977116525124,2,46.0,0.5545879742785108,20,469.0,0.12846370398333654,22,515.0
5280.0,24,256.0,4.654545454545454,4.9994735923360905,6,46.0,0.4093274645009881,18,519.0,0.17677487401273517,24,565.0
5285.0,23,297.0,5.303571428571429,6.129746088545486,6,49.0,0.4311041280231158,17,532.0,0.26379449510765735,23,581.0
5290.0,26,306.0,5.5636363636363635,4.891331234461272,9,88.0,0.3481455969500996,17,525.0,0.17863788392851118,26,613.0
5295.0,23,287.0,5.125,5.092010875934622,11,139.0,0.28928131433202364,12,459.0,0.2508615036244276,23,598.0
5300.0,26,363.0,6.368421052631579,4.878561863201872,15,204.0,0.20070974137536235,11,448.0,0.31387927450297837,26,652.0
5305.0,26,370.0,6.607142857142857,4.475507084504501,12,221.0,0.25214614898120735,14,406.0,0.23697671230834835,26,627.0
5310.0,22,319.0,5.8,4.54556453824604,4,159.0,0.4071743497657114,18,429.0,0.12231281129684674,22,588.0
5315.0,17,347.0,6.3090909090909095,5.84476871321561,4,109.0,0.49116158972243384,13,423.0,0.12207704149346621,17,532.0
5320.0,17,321.0,6.294117647058823,6.5458702954105865,6,92.0,0.3742317688088697,11,374.0,0.20211184650907316,17,466.0
5325.0,11,193.0,4.1063829787234045,6.907546574630691,4,51.0,0.32362570836987076,7,313.0,0.2804426252492696,11,364.0
5330.0,16,135.0,2.872340425531915,6.252768576251796,7,71.0,0.3855296816927144,9,282.0,0.2686225520439152,16,353.0
5335.0,19,159.0,3.382978723404255,6.515653081243758,6,81.0,0.5239605313612639,13,254.0,0.28617253283837113,19,335.0
5340.0,15,203.0,4.06,7.609858316209851,5,77.0,0.6280391694328676,10,236.0,0.4302197548085044,15,313.0
5345.0,15,248.0,4.769230769230769,6.4896252120259685,6,109.0,0.4896602923664784,9,193.0,0.3880891390796433,15,302.0
5350.0,18,225.0,4.166666666666667,5.806986369007711,9,113.0,0.4730228097719305,9,193.0,0.34754801031675026,18,306.0
5355.0,17,230.0,4.423076923076923,5.485143189687376,6,115.0,0.40191587443368365,11,201.0,0.29278328284803967,17,316.0
5360.0,22,190.0,3.7254901960784315,3.784993102501116,8,125.0,0.267019393116029,14,191.0,0.13800644391347994,22,316.0
5365.0,22,262.0,5.038461538461538,4.635392488423799,12,168.0,0.19704275876593455,10,170.0,0.1838781830116657,22,338.0
5370.0,21,274.0,5.591836734693878,5.272131168561475,12,209.0,0.16489328462914257,9,163.0,0.3121399025494102,21,372.0
5375.0,15,296.0,6.434782608695652,6.887949200747392,8,222.0,0.2993114377857895,7,144.0,0.4125607787856764,15,366.0
5380.0,11,166.0,3.608695652173913,6.216183553559029,6,146.0,0.4065227389024227,5,143.0,0.3219432262719533,11,289.0
5385.0,16,231.0,5.021739130434782,6.6843917366699435,8,141.0,0.41676978120404606,8,166.0,0.31558429586569575,16,307.0
5390.0,13,177.0,4.317073170731708,6.0555500763998635,7,116.0,0.31055918218870543,6,173.0,0.49002640247172374,13,289.0
5395.0,12,211.0,5.023809523809524,6.925672407899262,7,102.0,0.2887830493034148,5,185.0,0.4720272839755456,12,287.0
5400.0,12,78.0,1.813953488372093,6.379923951104886,8,100.0,0.17755126863780743,4,112.0,0.5480901725982156,12,212.0
5405.0,7,67.0,1.488888888888889,8.111385582587387,3,59.0,0.45463665085521954,4,63.0,0.5245151646914242,7,122.0
5410.0,12,117.0,2.5434782608695654,8.062503067848485,5,51.0,0.4947222534744429,7,94.0,0.4738010349591594,12,145.0
5415.0,11,100.0,2.1739130434782608,7.805216999258335,2,35.0,0.6059434935527278,9,87.0,0.40875395827511085,11,122.0
5420.0,15,160.0,3.6363636363636362,6.994496897689121,4,47.0,0.5271815290232685,11,122.0,0.2773650538741901,15,169.0
5425.0,15,122.0,2.772727272727273,6.054158299832784,5,42.0,0.517665782826845,10,137.0,0.29330276371508585,15,179.0
5430.0,13,125.0,2.840909090909091,6.806689032563697,5,34.0,0.37007118574333947,8,104.0,0.4411431364815594,13,138.0
5435.0,13,127.0,2.8863636363636362,7.0132848126639065,7,64.0,0.26966675092810377,6,93.0,0.5597446887220161,13,157.0
5440.0,12,114.0,2.326530612244898,7.828883425347348,5,72.0,0.4691343334719026,7,75.0,0.5542155998118653,12,147.0
5445.0,9,100.0,2.0833333333333335,7.140326902397196,3,58.0,0.5266636067356016,6,66.0,0.3971062882816152,9,124.0
5450.0,19,179.0,3.6530612244897958,6.422674245740015,5,74.0,0.5843399329063305,14,117.0,0.18663159924456615,19,191.0
5455.0,17,175.0,3.30188679245283,5.376074015505976,4,76.0,0.44004093907508984,13,138.0,0.14505936107940617,17,214.0
5460.0,22,268.0,4.962962962962963,6.432908003830575,8,105.0,0.41769614509088127,14,181.0,0.3281302601068761,22,286.0
5465.0,20,264.0,4.888888888888889,6.190696330414572,8,115.0,0.41699142899220726,12,210.0,0.36277046927120854,20,325.0
5470.0,22,342.0,6.218181818181818,6.3781830735402,12,164.0,0.4051903188008334,10,205.0,0.39706674685103194,22,369.0
5475.0,20,257.0,4.508771929824562,4.5928513846125805,11,184.0,0.3451728016614583,9,185.0,0.2525298895822725,20,369.0
5480.0,13,182.0,3.033333333333333,6.123426483189592,7,162.0,0.2996725375389155,6,116.0,0.3989241997890186,13,278.0
5485.0,13,77.0,1.2833333333333334,6.222285383722021,9,122.0,0.27796664235534474,4,83.0,0.3803629297767669,13,205.0
5490.0,26,154.0,2.4838709677419355,6.050658344885123,14,139.0,0.2508764684838899,12,102.0,0.316957667189525,26,241.0
5495.0,25,222.0,3.9642857142857144,5.226819652027196,15,198.0,0.3116111677685188,10,118.0,0.24104844567395123,25,316.0
5500.0,22,258.0,4.607142857142857,5.3973388526663895,14,231.0,0.29210879166189796,8,122.0,0.3837536266428832,22,353.0
5505.0,23,209.0,3.732142857142857,4.5887748818433725,17,251.0,0.21304131710266272,6,103.0,0.38296404237358905,23,354.0
5510.0,17,163.0,2.963636363636364,6.580930141837042,10,228.0,0.37093428497817404,7,70.0,0.47321346736317127,17,298.0
5515.0,19,202.0,3.543859649122807,5.769550265213756,12,258.0,0.3699110673266393,7,89.0,0.33220678197324144,19,347.0
5520.0,25,259.0,4.4655172413793105,5.16411006654161,18,312.0,0.30633346266949746,7,115.0,0.28323989420506457,25,427.0
5525.0,29,310.0,5.081967213114754,4.031739760738238,22,359.0,0.239997215219534,7,121.0,0.2772622439492702,29,480.0
5530.0,22,365.0,6.293103448275862,5.210216057824114,16,369.0,0.25086915445068336,6,105.0,0.4017123734685122,22,474.0
5535.0,19,254.0,4.379310344827586,4.62155710540654,15,365.0,0.2097051190569185,4,57.0,0.198165752267742,19,422.0
5540.0,20,244.0,3.935483870967742,5.806913209618208,14,343.0,0.23158875238737964,6,66.0,0.44255069958772975,20,409.0
5545.0,22,224.0,3.7333333333333334,5.453397337009965,19,358.0,0.17223008066904955,3,73.0,0.6021584634080916,22,431.0
5550.0,24,285.0,5.0,6.1535266332119445,20,347.0,0.17500991454867512,4,82.0,0.6532203194487286,24,429.0
5555.0,21,282.0,4.779661016949152,5.629741986178178,19,392.0,0.10268722862115305,2,41.0,0.692947026843218,21,433.0
5560.0,20,253.0,4.216666666666667,6.345569082447099,15,400.0,0.23569196443863202,5,57.0,0.5520922772198082,20,457.0
5565.0,19,237.0,3.8852459016393444,6.25136737555769,13,398.0,0.37148115783292623,6,46.0,0.38572627030714984,19,444.0
5570.0,25,321.0,5.17741935483871,6.116238398189739,18,397.0,0.3488582798643234,7,85.0,0.4391995074520097,25,482.0
5575.0,25,342.0,5.428571428571429,5.1441191842965175,20,447.0,0.2659025448041667,5,89.0,0.4888273540056217,25,536.0
5580.0,31,452.0,7.290322580645161,4.733683812178909,24,507.0,0.14871839573270573,7,101.0,0.5103729674817599,31,608.0
5585.0,32,377.0,5.712121212121212,3.9681408379985537,27,543.0,0.11178670900873935,5,70.0,0.40609299597383464,32,613.0
5590.0,37,461.0,6.779411764705882,4.3011741358361295,25,551.0,0.12235373153608639,12,88.0,0.35177868355757586,37,639.0
5595.0,32,458.0,6.63768115942029,4.3032019046253325,23,580.0,0.14034875521373805,9,109.0,0.3866870997740129,32,689.0
5600.0,28,326.0,4.72463768115942,4.781966510500594,17,511.0,0.16025810260302437,11,109.0,0.3684333004104666,28,620.0
5605.0,20,219.0,3.3181818181818183,4.993295192450691,10,448.0,0.2806300905024783,10,122.0,0.21162724369371017,20,570.0
5610.0,15,196.0,2.8823529411764706,5.637914672865384,9,428.0,0.23768171894990875,6,106.0,0.2732077205682211,15,534.0
5615.0,20,248.0,3.9365079365079363,4.992955930423024,13,433.0,0.20545929364439608,7,137.0,0.2485761238301428,20,570.0
5620.0,33,350.0,5.645161290322581,4.272291175128431,20,459.0,0.15727799555920924,13,178.0,0.22778519807677244,33,637.0
5625.0,22,387.0,6.559322033898305,4.826389815889045,13,420.0,0.27314519077605076,9,193.0,0.26573529238541144,22,613.0
5630.0,16,427.0,7.907407407407407,5.586012087085916,9,364.0,0.2962710968003221,7,166.0,0.29299140198389023,16,530.0
5635.0,16,266.0,4.925925925925926,4.815051942442382,11,333.0,0.17297272352683382,5,118.0,0.22981734080924657,16,451.0
5640.0,24,339.0,6.39622641509434,5.093813006354011,15,311.0,0.22794408219126314,9,136.0,0.12598439508658096,24,447.0
5645.0,22,390.0,7.8,4.671618276468009,16,347.0,0.19089203743627595,6,149.0,0.3002458738151447,22,496.0
5650.0,16,420.0,7.777777777777778,6.674843086135335,11,348.0,0.2858054523611975,5,149.0,0.5127830637924018,16,497.0
5655.0,10,136.0,2.4727272727272727,7.208892506934586,8,241.0,0.2900270594968368,2,72.0,0.6883700212909633,10,313.0
5660.0,18,189.0,3.2586206896551726,7.478526045055843,12,216.0,0.36400793785951574,6,61.0,0.5700970553696694,18,277.0
5665.0,19,180.0,3.3333333333333335,5.533249002910349,13,247.0,0.28233094757849453,6,64.0,0.4727148835295961,19,311.0
5670.0,23,263.0,4.781818181818182,5.923928934549635,16,291.0,0.27051100074374146,7,66.0,0.4860535223170874,23,357.0
5675.0,25,221.0,3.810344827586207,5.15073698892317,17,294.0,0.23156651881285292,8,69.0,0.37962695411717345,25,363.0
5680.0,22,299.0,5.339285714285714,5.684180466695289,15,322.0,0.22613568377166868,7,65.0,0.43317581494409607,22,387.0
5685.0,24,264.0,5.076923076923077,4.26557577749867,16,325.0,0.16702162916531804,8,72.0,0.34590134862617855,24,397.0
5690.0,21,189.0,3.6346153846153846,4.335836602605368,9,251.0,0.25743634516915204,12,116.0,0.17372507345395463,21,367.0
5695.0,20,219.0,4.294117647058823,5.476088974694872,10,201.0,0.39525927601120353,10,155.0,0.14305476398821967,20,356.0
5700.0,17,257.0,4.672727272727273,6.239734472073531,9,197.0,0.3265522697330455,8,159.0,0.27572979225733335,17,356.0
5705.0,17,222.0,4.111111111111111,5.822036314933702,12,215.0,0.2060455855600141,5,131.0,0.33715526347927466,17,346.0
5710.0,20,270.0,5.294117647058823,6.101937371301775,15,248.0,0.18895785709446192,5,98.0,0.5473301112454385,20,346.0
5715.0,15,236.0,4.816326530612245,6.075626680039826,10,231.0,0.28993511057147836,5,89.0,0.47309873525901786,15,320.0
5720.0,16,193.0,3.938775510204082,6.092262200488892,9,223.0,0.26618515784920455,7,57.0,0.396617117157773,16,280.0
5725.0,20,245.0,4.9,5.3665183302478905,14,266.0,0.2190186484239136,6,65.0,0.3163505285461246,20,331.0
5730.0,20,302.0,6.163265306122449,5.687762058612165,13,303.0,0.24314691955650106,7,63.0,0.38638158392121985,20,366.0
5735.0,15,332.0,7.0638297872340425,6.310403996374726,9,291.0,0.2858257427526242,6,92.0,0.41505966138592004,15,383.0
5740.0,16,254.0,5.08,5.677477949124827,9,251.0,0.217192446518159,7,111.0,0.3218816829611016,16,362.0
5745.0,20,198.0,4.125,5.269657769194228,14,207.0,0.25416061134567386,6,93.0,0.3613345762791516,20,300.0
5750.0,21,231.0,4.62,5.955772819799303,14,232.0,0.3396467226051771,7,96.0,0.46293792935256056,21,328.0
5755.0,18,253.0,5.163265306122449,6.364239837447155,13,248.0,0.3426921794071208,5,100.0,0.5170759667058021,18,348.0
5760.0,18,267.0,5.34,5.940528400362665,12,257.0,0.23765215205818124,6,101.0,0.5139040016456935,18,358.0
5765.0,12,156.0,2.888888888888889,6.030340534733098,9,221.0,0.17848752918286584,3,52.0,0.5219464220529343,12,273.0
5770.0,17,212.0,3.593220338983051,6.376355996483797,10,251.0,0.2347455334810709,7,63.0,0.4806718637643582,17,314.0
5775.0,21,263.0,4.614035087719298,6.365431552933687,13,292.0,0.3313825232756888,8,82.0,0.492878461970968,21,374.0
5780.0,22,341.0,5.779661016949152,5.316453680699828,12,310.0,0.3668470974327208,10,128.0,0.305630450916479,22,438.0
5785.0,21,359.0,5.983333333333333,5.709957304248694,11,308.0,0.3799927464765047,10,151.0,0.3137760050011305,21,459.0
5790.0,21,263.0,4.383333333333334,5.484627934696876,11,253.0,0.23487196864201282,10,150.0,0.304141168147823,21,403.0
5795.0,26,264.0,4.258064516129032,4.757852054718432,19,247.0,0.06376280237140979,7,129.0,0.24344657589690902,26,376.0
5800.0,28,363.0,5.950819672131147,5.580623389396083,18,318.0,0.18550471477935812,10,128.0,0.36745658208043164,28,446.0
5805.0,20,368.0,6.237288135593221,6.192927242581765,13,344.0,0.32558698477373726,7,123.0,0.3769539114898592,20,467.0
5810.0,23,358.0,6.280701754385965,5.7564280877204395,14,295.0,0.3427856783245992,9,140.0,0.2599360478421849,23,435.0
5815.0,20,388.0,6.576271186440678,5.921583109444314,13,322.0,0.3430880214236255,7,157.0,0.33655646803146333,20,479.0
5820.0,23,360.0,6.0,5.5884008788431645,17,351.0,0.2499079425053625,6,148.0,0.44312755477690796,23,499.0
5825.0,22,190.0,3.1666666666666665,5.600662519941576,19,358.0,0.1947225645168324,3,102.0,0.5556728265024308,22,460.0
5830.0,23,245.0,4.016393442622951,6.478124282165053,18,375.0,0.33772286679579006,5,77.0,0.5209600718701112,23,452.0
5835.0,24,249.0,4.081967213114754,4.664754902655044,17,400.0,0.2805710978836065,7,78.0,0.3754312284486395,24,478.0
5840.0,21,211.0,3.296875,4.798316149708354,15,379.0,0.1848108652644899,6,61.0,0.4318088070928472,21,440.0
5845.0,21,219.0,3.2686567164179103,4.829642656034199,16,414.0,0.1856145845919231,5,69.0,0.3499832770796987,21,483.0
5850.0,31,323.0,4.486111111111111,5.692621222308418,20,448.0,0.26555502714191115,11,96.0,0.3377005760649979,31,544.0
5855.0,27,412.0,5.6438356164383565,5.4958983145559674,20,491.0,0.29061578300951396,7,121.0,0.37610982439520285,27,612.0
5860.0,26,456.0,6.705882352941177,5.925087078060336,18,492.0,0.287404562796347,8,124.0,0.42620381952866193,26,616.0
5865.0,24,334.0,4.985074626865671,5.141116552490436,18,494.0,0.13343785169760158,6,91.0,0.48437942710574444,24,585.0
5870.0,27,383.0,5.892307692307693,5.336837313720457,21,479.0,0.19421419781654028,6,72.0,0.4132812947877666,27,551.0
5875.0,29,404.0,6.2153846153846155,4.740783833290821,22,511.0,0.23626837496763475,7,81.0,0.3564366749194515,29,592.0
5880.0,30,370.0,6.065573770491803,4.035722604473464,18,474.0,0.1976331770867068,12,121.0,0.3407242695096697,30,595.0
5885.0,33,414.0,6.67741935483871,3.260043769941242,21,489.0,0.1591666840509542,12,154.0,0.2892151676693346,33,643.0
5890.0,24,398.0,6.123076923076923,3.864167238388724,19,526.0,0.12046778487843661,5,146.0,0.3791148153144913,24,672.0
5895.0,23,355.0,5.220588235294118,5.543409268721042,17,504.0,0.14965345402731203,6,142.0,0.46682828068171794,23,646.0
5900.0,19,245.0,3.5,5.59677988220559,14,497.0,0.19745854322138712,5,103.0,0.34106695423915523,19,600.0
5905.0,30,334.0,4.771428571428571,4.690368395361381,18,518.0,0.18752270584938205,12,93.0,0.28342910028513957,30,611.0
5910.0,30,289.0,4.378787878787879,4.4895274798146,20,505.0,0.26812778837385076,10,130.0,0.2717433287779234,30,635.0
5915.0,31,379.0,5.742424242424242,4.943681706370356,22,537.0,0.23170829527629058,9,133.0,0.34982921353147606,31,670.0
5920.0,28,431.0,6.53030303030303,4.511043129536587,20,565.0,0.12280437052931235,8,149.0,0.33769178254766974,28,714.0
5925.0,32,491.0,7.7936507936507935,4.475730299239021,16,565.0,0.1340767037243619,16,213.0,0.2193935628716709,32,778.0
5930.0,30,501.0,8.35,3.1712260108802566,14,551.0,0.11813110602908736,16,261.0,0.12063705394097216,30,812.0
5935.0,26,396.0,6.491803278688525,4.3074933155245025,15,486.0,0.15388818480316813,11,276.0,0.2497941467889372,26,762.0
5940.0,26,391.0,6.741379310344827,4.422879779048227,15,501.0,0.19709811623847362,11,302.0,0.308711231263379,26,803.0
5945.0,25,390.0,6.724137931034483,4.081331489202983,12,461.0,0.1958261680620092,13,301.0,0.30811187019716685,25,762.0
5950.0,21,374.0,6.233333333333333,4.374577711736159,8,405.0,0.3001250198927933,13,330.0,0.2339521507430032,21,735.0
5955.0,22,434.0,7.482758620689655,4.930464000515208,10,403.0,0.2501927209946387,12,333.0,0.2899231831106061,22,736.0
5960.0,23,384.0,6.193548387096774,4.714626464616098,13,371.0,0.20174048117340984,10,317.0,0.2732163054599573,23,688.0
5965.0,30,387.0,6.344262295081967,4.463161756249458,14,381.0,0.18690195172697047,16,258.0,0.2729317258966938,30,639.0
5970.0,25,435.0,7.372881355932203,4.105953842270166,10,339.0,0.2283637700058491,15,308.0,0.21541812893551374,25,647.0
5975.0,22,380.0,6.229508196721311,5.17623574118891,10,299.0,0.19871556510329494,12,329.0,0.2798372098325104,22,628.0
5980.0,23,406.0,6.34375,6.003817692881079,12,295.0,0.2569082171526547,11,306.0,0.3497751400610755,23,601.0
5985.0,24,310.0,5.081967213114754,5.630012336453378,11,238.0,0.30520275681312087,13,284.0,0.2874115072434561,24,522.0
5990.0,26,336.0,5.6,4.712589205322302,11,268.0,0.37019747156609795,15,304.0,0.21675812574982725,26,572.0
5995.0,26,329.0,5.576271186440678,4.4175603549807185,9,236.0,0.37445772132913785,17,315.0,0.21864891207785067,26,551.0
6000.0,29,390.0,6.842105263157895,4.213860832981277,11,206.0,0.3210093163047289,18,370.0,0.23096451108545196,29,576.0
6005.0,28,395.0,6.475409836065574,3.8178194328964983,11,200.0,0.31362189435465754,17,428.0,0.199628227130464,28,628.0
6010.0,27,352.0,5.5,4.132503058077949,7,126.0,0.40330533017793235,20,463.0,0.14660582934468688,27,589.0
6015.0,24,362.0,5.746031746031746,5.213498358750947,7,132.0,0.5252118950119761,17,440.0,0.1472622651992127,24,572.0
6020.0,21,282.0,4.338461538461538,5.381351085277082,6,143.0,0.3268256222038164,15,366.0,0.2306833552889633,21,509.0
6025.0,31,372.0,5.904761904761905,5.327148663091362,11,173.0,0.2845217449979924,20,350.0,0.16288564963060126,31,523.0
6030.0,33,419.0,6.868852459016393,5.012135900369262,11,196.0,0.3435686419858004,22,409.0,0.16064647504908555,33,605.0
6035.0,28,409.0,6.704918032786885,5.165946191327613,9,194.0,0.4182880855147876,19,443.0,0.22483715624609044,28,637.0
6040.0,24,384.0,6.508474576271187,4.06589398235146,9,173.0,0.3217692007678519,15,471.0,0.24677896808717817,24,644.0
6045.0,24,395.0,6.810344827586207,4.295809902157724,11,169.0,0.31082720766344357,13,445.0,0.24343107595507124,24,614.0
6050.0,26,401.0,6.683333333333334,3.993629275237126,12,172.0,0.25552591130009644,14,478.0,0.2183840477037401,26,650.0
6055.0,23,395.0,6.475409836065574,4.959577858804348,5,117.0,0.3836771127725015,18,488.0,0.14506579616401488,23,605.0
6060.0,26,487.0,7.73015873015873,5.2687984548595805,6,100.0,0.45534562804958445,20,540.0,0.1365767492491134,26,640.0
6065.0,19,495.0,8.53448275862069,6.129936962023748,5,80.0,0.3618419396571951,14,560.0,0.25569893581195796,19,640.0
6070.0,22,419.0,7.350877192982456,5.978437790337079,7,102.0,0.3614797967211286,15,511.0,0.2844889695804351,22,613.0
6075.0,26,311.0,5.7592592592592595,5.003595293846281,7,98.0,0.3503323383969836,19,457.0,0.25695928850792726,26,555.0
6080.0,23,217.0,3.9454545454545453,4.766080852836909,5,77.0,0.4755367708861983,18,464.0,0.24583497148873426,23,541.0
6085.0,21,247.0,4.116666666666666,5.997374773108438,3,72.0,0.4794031515914957,18,470.0,0.3553439028578839,21,542.0
6090.0,25,289.0,4.816666666666666,5.96079431357729,6,70.0,0.552012583711776,19,511.0,0.27220909197197063,25,581.0
6095.0,18,271.0,4.672413793103448,5.471683528487665,5,71.0,0.4849766483202331,13,484.0,0.16957740212254246,18,555.0
6100.0,25,268.0,4.620689655172414,4.6887238832190015,6,66.0,0.2687474271056788,19,477.0,0.16305629474814237,25,543.0
6105.0,25,284.0,4.655737704918033,5.0387144836188655,5,89.0,0.25558936124718573,20,480.0,0.24006633410045689,25,569.0
6110.0,20,336.0,5.793103448275862,5.802594534693056,4,93.0,0.46780820943666274,16,520.0,0.28953958209922565,20,613.0
6115.0,18,299.0,5.4363636363636365,5.834286367917674,2,50.0,0.6578267502248287,16,511.0,0.2165227210520014,18,561.0
6120.0,19,294.0,5.444444444444445,5.91191202346965,3,27.0,0.5515426018715793,16,532.0,0.23007567540144674,19,559.0
6125.0,22,328.0,6.074074074074074,5.575778800724625,3,23.0,0.5899549095735809,19,526.0,0.15449316643567768,22,549.0
6130.0,25,311.0,5.867924528301887,5.508274802443489,3,28.0,0.6664465678545147,22,488.0,0.15547467516708283,25,516.0
6135.0,21,303.0,5.509090909090909,5.914548310076244,3,46.0,0.6674759125637755,18,439.0,0.18058994657974087,21,485.0
6140.0,23,352.0,6.4,4.56764491989858,6,69.0,0.4486986539238173,17,485.0,0.1971419736932971,23,554.0
6145.0,22,339.0,5.844827586206897,4.851220611791538,7,82.0,0.42174371827323454,15,483.0,0.22700116764281372,22,565.0
6150.0,19,309.0,5.15,5.402215412245531,6,90.0,0.37595018229741645,13,469.0,0.2639476462273579,19,559.0
6155.0,21,181.0,2.9193548387096775,6.103529661865743,7,81.0,0.38140290732760884,14,433.0,0.28213337097333085,21,514.0
6160.0,28,241.0,3.8253968253968256,4.8888880111869435,12,107.0,0.3392616636301075,16,460.0,0.18444990637433067,28,567.0
6165.0,20,274.0,4.491803278688525,5.213746936548174,9,137.0,0.35796935235627214,11,460.0,0.2565159640309223,20,597.0
6170.0,21,275.0,4.508196721311475,5.307894174812986,7,126.0,0.3489877869750342,14,437.0,0.19229132944702343,21,563.0
6175.0,25,243.0,3.9836065573770494,5.470649304111531,6,85.0,0.34278047091034713,19,443.0,0.13570723569716608,25,528.0
6180.0,28,345.0,5.948275862068965,4.962830326208956,10,107.0,0.30754304182514436,18,511.0,0.15707505800539326,28,618.0
6185.0,25,410.0,7.884615384615385,4.033386182736393,9,136.0,0.23381908956669267,16,543.0,0.19563487871499038,25,679.0
6190.0,26,430.0,7.962962962962963,4.665236698309089,9,138.0,0.201075375127636,17,531.0,0.1552666079616271,26,669.0
6195.0,23,343.0,6.125,5.320663977106972,8,139.0,0.2880908088016736,15,462.0,0.18333840249662545,23,601.0
6200.0,20,346.0,6.178571428571429,6.44213472459636,8,127.0,0.445197571696334,12,431.0,0.29849040906186547,20,558.0
6205.0,15,189.0,3.7058823529411766,5.530600486812577,6,88.0,0.4445539898716329,9,358.0,0.33942254216699574,15,446.0
6210.0,22,287.0,5.74,4.604909191407441,9,110.0,0.3493763489925418,13,372.0,0.2590336304475343,22,482.0
6215.0,26,319.0,6.134615384615385,4.439393152972807,10,111.0,0.28799682452275027,16,415.0,0.25932465103819735,26,526.0
6220.0,20,371.0,6.87037037037037,5.354114354958711,7,98.0,0.3081852999800405,13,414.0,0.24177614980868573,20,512.0
6225.0,19,287.0,5.218181818181818,5.299331216050554,7,111.0,0.336215573732429,12,395.0,0.23883416957467962,19,506.0
6230.0,18,254.0,4.305084745762712,6.2309258806116095,10,135.0,0.3927286383101557,8,313.0,0.2570409081323151,18,448.0
6235.0,20,256.0,4.571428571428571,5.772066471239508,9,130.0,0.37263356196890945,11,313.0,0.23805165931151465,20,443.0
6240.0,24,341.0,6.089285714285714,5.219726895212706,11,155.0,0.31741507250031453,13,332.0,0.2627524697059739,24,487.0
6245.0,20,347.0,6.425925925925926,4.837112308637523,9,167.0,0.34424493180342913,11,345.0,0.2586137754016714,20,512.0
6250.0,19,348.0,6.444444444444445,5.851650699899067,8,136.0,0.3746705416553337,11,334.0,0.29952916074737596,19,470.0
6255.0,17,244.0,4.60377358490566,5.822887472581012,7,148.0,0.30349169712547747,10,261.0,0.32204503577915516,17,409.0
6260.0,22,295.0,5.086206896551724,6.314210394613356,11,182.0,0.4215336110251529,11,201.0,0.25953916760025375,22,383.0
6265.0,22,264.0,4.631578947368421,5.700823442671083,9,143.0,0.4793643987191266,13,233.0,0.21936765091458987,22,376.0
6270.0,22,295.0,5.267857142857143,5.381211567982506,10,168.0,0.4529537610103414,12,248.0,0.2650485279879591,22,416.0
6275.0,25,288.0,5.052631578947368,4.1092264098615825,13,172.0,0.22829801124733332,12,272.0,0.3092508692855961,25,444.0
6280.0,21,315.0,5.526315789473684,4.846992294879388,12,155.0,0.1495369075346904,9,266.0,0.34663474149299267,21,421.0
6285.0,22,290.0,5.087719298245614,5.252005161147175,14,203.0,0.1996114676905415,8,203.0,0.22960873248532424,22,406.0
6290.0,25,353.0,5.883333333333334,5.847464687851729,11,242.0,0.34564235489129,14,221.0,0.11614881668003385,25,463.0
6295.0,24,383.0,6.719298245614035,6.04004693504516,11,244.0,0.42371191965461796,13,253.0,0.2114977326157391,24,497.0
6300.0,22,320.0,5.333333333333333,6.24142290695278,10,212.0,0.429227605205607,12,258.0,0.3133068914005532,22,470.0
6305.0,19,282.0,4.947368421052632,5.895808889069967,11,171.0,0.382838491323973,8,275.0,0.418701169828489,19,446.0
6310.0,18,261.0,4.35,5.94237959190857,11,186.0,0.3241619792648565,7,241.0,0.43257267589083814,18,427.0
6315.0,16,225.0,3.5714285714285716,5.600019840640023,9,168.0,0.23895699908385562,7,212.0,0.3659459657025253,16,380.0
6320.0,20,183.0,2.772727272727273,5.189760164995366,12,183.0,0.15776442233905155,8,134.0,0.33435568933981025,20,317.0
6325.0,25,247.0,3.9206349206349205,5.38524266376883,17,232.0,0.24359667705925683,8,162.0,0.35213337346115237,25,394.0
6330.0,21,324.0,5.4,5.708775604125009,14,286.0,0.2020984035655616,7,166.0,0.4234759250487253,21,452.0
6335.0,26,331.0,6.0181818181818185,4.518909228769016,16,280.0,0.1360308751397269,10,205.0,0.3551659776943275,26,485.0
6340.0,27,403.0,6.830508474576271,4.795034167735872,19,334.0,0.11547844361683363,8,202.0,0.39989817865684657,27,536.0
6345.0,26,413.0,7.375,4.651534337602526,19,378.0,0.1563118086070146,7,176.0,0.4358140072000756,26,554.0
6350.0,20,305.0,5.648148148148148,5.6641921259420975,14,352.0,0.2776781597594854,6,117.0,0.39679422190135794,20,469.0
6355.0,24,377.0,7.113207547169812,4.340191462012515,13,388.0,0.2623505186116297,11,146.0,0.13314878375258626,24,534.0
6360.0,23,366.0,6.535714285714286,4.8053001727297415,13,402.0,0.2583469690701445,10,184.0,0.21021696466545692,23,586.0
6365.0,21,433.0,8.018518518518519,5.357273779564786,13,424.0,0.2514689958182965,8,192.0,0.41494976344532786,21,616.0
6370.0,17,381.0,7.055555555555555,6.107612199415939,12,435.0,0.29327575434263237,5,134.0,0.4598897327183357,17,569.0
6375.0,19,281.0,5.203703703703703,6.4760519963144825,11,369.0,0.3200923682656754,8,113.0,0.4268194954709657,19,482.0
6380.0,18,255.0,5.0,6.150198370937446,14,346.0,0.22261040098027923,4,82.0,0.4763953023454435,18,428.0
6385.0,19,259.0,5.395833333333333,5.852077098109436,13,343.0,0.2103896448715201,6,73.0,0.5369805934798076,19,416.0
6390.0,17,228.0,4.470588235294118,5.832787357285409,14,317.0,0.2603347445080882,3,69.0,0.5010027244785136,17,386.0
6395.0,18,248.0,4.862745098039215,5.8956811403288345,14,341.0,0.2070321910620504,4,47.0,0.4639392896749025,18,388.0
6400.0,16,205.0,3.8679245283018866,6.523179871870473,12,308.0,0.3020851199164462,4,37.0,0.40430357110123144,16,345.0
6405.0,16,216.0,4.0,6.053595412632298,10,321.0,0.2896506008320075,6,51.0,0.38759920811461357,16,372.0
6410.0,15,142.0,2.581818181818182,6.601222832208751,8,308.0,0.44652073484025445,7,63.0,0.32513414581373057,15,371.0
6415.0,9,100.0,1.8181818181818181,7.583770908423033,6,286.0,0.443822600274825,3,50.0,0.41586616109995717,9,336.0
6420.0,14,149.0,2.759259259259259,6.666361966732535,11,321.0,0.22417998424282584,3,60.0,0.5124186266355327,14,381.0
6425.0,24,215.0,3.7719298245614037,6.535254647474695,17,330.0,0.1934411452587109,7,89.0,0.5491108195691786,24,419.0
6430.0,19,248.0,4.428571428571429,6.036807301702402,14,344.0,0.32435694260880055,5,103.0,0.47556327839934814,19,447.0
6435.0,17,263.0,4.614035087719298,6.141952067306006,12,351.0,0.31037963004006125,5,92.0,0.47809261267608255,17,443.0
6440.0,18,230.0,4.035087719298246,6.329219278324872,10,294.0,0.20588855519992952,8,82.0,0.5069133700953197,18,376.0
6445.0,15,252.0,4.131147540983607,6.907507176449482,10,303.0,0.22271246688054366,5,94.0,0.49006815191525205,15,397.0
6450.0,25,353.0,6.086206896551724,6.4126696549981075,16,360.0,0.2530656473537762,9,128.0,0.4445822692057998,25,488.0
6455.0,23,299.0,4.901639344262295,5.8671923378043145,13,295.0,0.3469704703053502,10,149.0,0.36012451882032115,23,444.0
6460.0,25,379.0,6.5344827586206895,5.374632890259113,11,309.0,0.29649933445954635,14,217.0,0.3990716895888423,25,526.0
6465.0,31,464.0,7.483870967741935,4.402349829464615,12,293.0,0.23325745134940534,19,296.0,0.29817762054584257,31,589.0
6470.0,28,431.0,6.630769230769231,4.5908764051670135,9,287.0,0.2811506524506368,19,284.0,0.23207802172608688,28,571.0
6475.0,29,432.0,6.6461538461538465,4.429372785521482,9,272.0,0.3133928615378013,20,346.0,0.17447469193208778,29,618.0
6480.0,32,379.0,5.573529411764706,4.363994656726928,11,229.0,0.31030030073248493,21,384.0,0.2075805519772071,32,613.0
6485.0,27,345.0,5.073529411764706,4.9584696035818885,12,258.0,0.2705285912377425,15,353.0,0.3114187574608827,27,611.0
6490.0,25,335.0,4.855072463768116,4.9330500165840805,11,251.0,0.22961417451461955,14,357.0,0.28942018134108904,25,608.0
6495.0,28,337.0,4.680555555555555,4.6618363216819825,11,249.0,0.2332641875121335,17,362.0,0.18712388496392315,28,611.0
6500.0,33,359.0,4.986111111111111,4.90932208792112,11,242.0,0.30880858720900217,22,418.0,0.21912455116993937,33,660.0
6505.0,31,462.0,6.6,4.472298733264041,9,269.0,0.27979006434590525,22,475.0,0.25162549977118326,31,744.0
6510.0,33,541.0,7.955882352941177,4.804478690488495,10,286.0,0.42224338866142636,23,513.0,0.2001427808424373,33,799.0
6515.0,24,370.0,5.6923076923076925,5.3437417569653975,7,227.0,0.3785116105090626,17,480.0,0.23143979819499538,24,707.0
6520.0,28,399.0,5.782608695652174,5.331177335861535,12,218.0,0.2814390660374593,16,508.0,0.2541089228145935,28,726.0
6525.0,28,352.0,5.176470588235294,4.948301437449229,9,257.0,0.37414450902500906,19,492.0,0.22739391950763277,28,749.0
6530.0,25,411.0,6.323076923076923,5.146733928772291,8,266.0,0.49857524907215184,17,515.0,0.15110013155558524,25,781.0
6535.0,19,315.0,4.846153846153846,4.9553336163696375,5,184.0,0.43283564324395535,14,490.0,0.13397140610186217,19,674.0
6540.0,32,366.0,5.382352941176471,4.370713375176306,14,161.0,0.23110564392595623,18,514.0,0.1655059652584255,32,675.0
6545.0,33,413.0,6.164179104477612,4.259543864575634,13,219.0,0.27674408442545645,20,515.0,0.14724455108147058,33,734.0
6550.0,30,409.0,6.492063492063492,4.691174483999063,12,248.0,0.352479107040696,18,531.0,0.16857096875055183,30,779.0
6555.0,30,459.0,7.524590163934426,3.8634725949404953,10,252.0,0.2953098407052774,20,548.0,0.11934584601206863,30,800.0
6560.0,31,529.0,7.895522388059701,4.6704625680598655,12,257.0,0.30267959599608873,19,591.0,0.24648351848488673,31,848.0
6565.0,27,424.0,6.838709677419355,5.543477671901511,13,224.0,0.34447170231225605,14,550.0,0.3421632455106623,27,774.0
6570.0,24,441.0,7.229508196721311,4.431319290742631,11,188.0,0.22735493803523138,13,561.0,0.2509922166408284,24,749.0
6575.0,29,450.0,6.923076923076923,3.745171674152337,12,218.0,0.18562965966419387,17,586.0,0.17675039313232582,29,804.0
6580.0,27,498.0,8.03225806451613,4.81376611075481,9,210.0,0.35812812070598743,18,621.0,0.20935163065535659,27,831.0
6585.0,23,525.0,7.835820895522388,5.2364911988405,9,212.0,0.2421838088718945,14,620.0,0.3139735026064042,23,832.0
6590.0,26,536.0,7.6571428571428575,5.617117324172853,12,250.0,0.29607035089043116,14,601.0,0.3513371680870466,26,851.0
6595.0,29,306.0,4.371428571428571,5.280990569126528,14,273.0,0.3788488466558668,15,498.0,0.25815844994683934,29,771.0
6600.0,31,385.0,5.579710144927536,4.36396103588465,13,277.0,0.3768181113361371,18,562.0,0.1733607234366462,31,839.0
6605.0,32,421.0,6.578125,3.369994729956346,16,295.0,0.12508728585656528,16,599.0,0.23421720389369916,32,894.0
6610.0,29,428.0,6.903225806451613,3.9676342052237845,12,263.0,0.13752797555243015,17,597.0,0.21680933273774666,29,860.0
6615.0,25,428.0,7.133333333333334,3.678005446092379,6,215.0,0.2853045860990996,19,538.0,0.10241291500045573,25,753.0
6620.0,27,377.0,6.180327868852459,3.9348615315747666,9,175.0,0.2893046856238039,18,547.0,0.1251229197589127,27,722.0
6625.0,32,490.0,8.166666666666666,4.5647824503663035,11,195.0,0.3382530581025605,21,549.0,0.20670002134161947,32,744.0
6630.0,25,519.0,8.370967741935484,5.346170823762419,6,168.0,0.47239933991749444,19,601.0,0.1732072934037154,25,769.0
6635.0,21,466.0,7.766666666666667,4.851952479435115,7,148.0,0.3261272942396504,14,593.0,0.1642225405244788,21,741.0
6640.0,23,408.0,6.8,4.706597657944391,11,170.0,0.18069727991055506,12,528.0,0.26036093493791884,23,698.0
6645.0,24,282.0,4.622950819672131,5.374328623635098,11,193.0,0.1937405513912101,13,451.0,0.39246345598766064,24,644.0
6650.0,14,260.0,4.406779661016949,5.5668279002444505,5,177.0,0.41313120363762046,9,462.0,0.30556947114566035,14,639.0
6655.0,13,176.0,2.8852459016393444,5.910785009580241,3,97.0,0.450156517303901,10,461.0,0.21592893311591493,13,558.0
6660.0,24,248.0,3.8153846153846156,5.534589767104989,9,98.0,0.3810393766872349,15,470.0,0.16101411232844196,24,568.0
6665.0,27,313.0,4.6716417910447765,5.611740704897368,9,106.0,0.38133259315404333,18,451.0,0.23940128103761768,27,557.0
6670.0,15,313.0,5.048387096774194,5.663530304162397,4,76.0,0.4830955691546805,11,496.0,0.2408274390524325,15,572.0
6675.0,16,317.0,5.112903225806452,5.8888963402410734,5,54.0,0.4757788454573664,11,511.0,0.2714083270818538,16,565.0
6680.0,22,269.0,4.203125,5.179398258285097,6,59.0,0.3761302394593699,16,451.0,0.14314274861271542,22,510.0
6685.0,29,300.0,4.6875,5.3152288086803985,8,89.0,0.4057160083690074,21,400.0,0.15880643612369744,29,489.0
6690.0,26,345.0,5.2272727272727275,4.814818989168585,5,84.0,0.4359443569280462,21,436.0,0.15874168233933877,26,520.0
6695.0,25,365.0,5.887096774193548,5.139481435621714,7,67.0,0.47867347959750084,18,460.0,0.21355216697738047,25,527.0
6700.0,23,235.0,3.5606060606060606,5.536810049022837,9,88.0,0.43172778320438,14,416.0,0.29222743432818105,23,504.0
6705.0,30,342.0,5.104477611940299,5.171380916403656,12,119.0,0.31832709225204486,18,418.0,0.2648632582396767,30,537.0
6710.0,32,359.0,5.202898550724638,4.457628269190342,14,169.0,0.27709611162842607,18,444.0,0.26072441721573103,32,613.0
6715.0,29,314.0,4.361111111111111,5.0822586815660395,13,199.0,0.2908720076602734,16,425.0,0.2987332581625266,29,624.0
6720.0,27,331.0,4.534246575342466,4.452972551491088,12,215.0,0.23659728284262332,15,451.0,0.26529924866396964,27,666.0
6725.0,26,296.0,4.0,4.892289098342045,9,205.0,0.23851643411843412,17,439.0,0.222259800270428,26,644.0
6730.0,27,304.0,4.28169014084507,5.511412249415853,9,208.0,0.35818565720312645,18,451.0,0.19695323617596827,27,659.0
6735.0,32,387.0,5.375,4.763545961245698,11,235.0,0.23981804060231185,21,454.0,0.1443786172559323,32,689.0
6740.0,38,453.0,6.661764705882353,3.624539629070644,15,255.0,0.23737677031859156,23,496.0,0.1175987128513676,38,751.0
6745.0,32,462.0,7.0,4.066042333689496,14,302.0,0.2381622080429187,18,476.0,0.23150821895100562,32,778.0
6750.0,28,471.0,7.136363636363637,4.386450567005555,10,309.0,0.212010823035227,18,484.0,0.23285689980900087,28,793.0
6755.0,26,356.0,5.159420289855072,4.7420371439759395,8,241.0,0.27272404839672654,18,475.0,0.16165077328315566,26,716.0
6760.0,32,430.0,6.323529411764706,4.19177607420417,16,258.0,0.2582230711321077,16,499.0,0.1973978505358401,32,757.0
6765.0,27,416.0,6.208955223880597,4.673266292080386,16,261.0,0.287357430493982,11,476.0,0.24213093671396446,27,737.0
6770.0,34,374.0,5.666666666666667,3.9852192058411644,18,309.0,0.21567639477314016,16,441.0,0.2029502480158224,34,750.0
6775.0,37,449.0,6.701492537313433,3.7519345230014483,17,353.0,0.1981376507738166,20,421.0,0.22247847145733676,37,774.0
6780.0,31,466.0,6.753623188405797,4.678193548889758,12,321.0,0.24765617998642117,19,483.0,0.29369892022657573,31,804.0
6785.0,25,430.0,6.231884057971015,5.054512010948173,10,267.0,0.26117325692008625,15,499.0,0.3112679764603975,25,766.0
6790.0,29,400.0,5.797101449275362,4.492821755598362,13,240.0,0.1964358491950956,16,519.0,0.21728351619542735,29,759.0
6795.0,37,523.0,7.924242424242424,3.7906228021437514,15,267.0,0.1819929587211527,22,566.0,0.16005726741667878,37,833.0
6800.0,31,525.0,8.203125,4.134887633299305,9,254.0,0.3057978861084469,22,580.0,0.1177803215983282,31,834.0
6805.0,27,393.0,6.338709677419355,4.091604371461005,6,212.0,0.31264389728869274,21,545.0,0.10015604923442274,27,757.0
6810.0,28,392.0,6.32258064516129,4.723122190918832,11,219.0,0.29391271751947656,17,540.0,0.2072366521196438,28,759.0
6815.0,24,389.0,6.174603174603175,5.011480410266469,9,237.0,0.3795671801763582,15,547.0,0.29923786043105566,24,784.0
6820.0,16,335.0,5.153846153846154,5.942202398063728,4,213.0,0.41928216479665387,12,499.0,0.2970160825356702,16,712.0
6825.0,22,287.0,4.220588235294118,5.601636138041544,5,186.0,0.35750529679870235,17,539.0,0.21713439319205374,22,725.0
6830.0,33,337.0,4.680555555555555,5.409287949638281,11,135.0,0.3056082752583819,22,584.0,0.17724864601562712,33,719.0
6835.0,35,444.0,6.529411764705882,4.186682185320869,12,169.0,0.2704492406601479,23,639.0,0.18306471958328796,35,808.0
6840.0,22,473.0,7.390625,5.127876135585536,6,172.0,0.2576275902191635,16,663.0,0.2715957917671347,22,835.0
6845.0,21,316.0,4.861538461538461,3.8637662455396757,7,106.0,0.15195149039570904,14,631.0,0.1622344777832399,21,737.0
6850.0,34,422.0,6.492307692307692,4.358588451672403,12,134.0,0.17421216023795735,22,624.0,0.16784481552391267,34,758.0
6855.0,35,474.0,7.292307692307692,4.20266797217224,11,166.0,0.31373825300484676,24,635.0,0.19284717297161624,35,801.0
6860.0,25,385.0,5.923076923076923,4.9788504985523065,4,147.0,0.41793549988296863,21,587.0,0.2311197122306598,25,734.0
6865.0,26,371.0,5.455882352941177,5.150561853988055,6,137.0,0.4421198126440737,20,623.0,0.2169785436925357,26,760.0
6870.0,26,374.0,5.582089552238806,5.451442345184116,5,106.0,0.5012887831743511,21,670.0,0.1721036718838905,26,776.0
6875.0,30,409.0,6.196969696969697,4.5377976757715714,9,142.0,0.42108623275726775,21,713.0,0.15707773308292652,30,855.0
6880.0,26,309.0,4.828125,4.124064229483887,8,166.0,0.2613584613884805,18,677.0,0.16721660719885797,26,843.0
6885.0,26,364.0,5.352941176470588,5.6381196647473395,7,172.0,0.4021258967982989,19,662.0,0.21230495414352907,26,834.0
6890.0,24,311.0,4.573529411764706,5.746695570558506,6,80.0,0.4023456823595847,18,700.0,0.18532152137439617,24,780.0
6895.0,30,422.0,6.205882352941177,6.011313167749148,10,114.0,0.3816650791399105,20,742.0,0.28122708502545357,30,856.0
6900.0,32,428.0,6.6875,4.894535430016967,10,106.0,0.3296423277775715,22,739.0,0.28793283013011095,32,845.0
6905.0,26,393.0,6.238095238095238,4.375436313922936,5,101.0,0.4306598095050546,21,673.0,0.1913944110878103,26,774.0
6910.0,29,448.0,7.0,4.723722226198932,7,123.0,0.43100072194225214,22,627.0,0.2158747262041806,29,750.0
6915.0,28,415.0,6.384615384615385,4.587536796408436,5,107.0,0.45579071877056754,23,665.0,0.18565845534941347,28,772.0
6920.0,21,345.0,5.655737704918033,4.264292259450325,4,69.0,0.3360518909513521,17,621.0,0.14021639257542096,21,690.0
6925.0,25,284.0,4.733333333333333,4.654644699029075,7,90.0,0.2267018246116292,18,611.0,0.15145083910886104,25,701.0
6930.0,27,318.0,5.0476190476190474,5.167760715485844,6,61.0,0.3859946813735166,21,605.0,0.1272130388256644,27,666.0
6935.0,29,403.0,6.948275862068965,5.395115776025944,5,86.0,0.5358222444137034,24,638.0,0.15311043665997684,29,724.0
6940.0,26,472.0,8.280701754385966,5.649397300808991,5,114.0,0.5934830651394103,21,654.0,0.18395715126756454,26,768.0
6945.0,27,470.0,7.966101694915254,4.665720519558424,6,85.0,0.4779916773933059,21,664.0,0.16418337215824436,27,749.0
6950.0,24,431.0,7.836363636363636,4.585556989099685,9,126.0,0.31860002615061,15,601.0,0.2105296032508953,24,727.0
6955.0,23,280.0,4.912280701754386,4.365825492315402,9,138.0,0.15444644247501868,14,537.0,0.21019058514887626,23,675.0
6960.0,25,236.0,4.068965517241379,5.058581822366171,11,122.0,0.23958882597493206,14,456.0,0.17797498868991962,25,578.0
6965.0,27,250.0,4.385964912280702,4.487551305094147,7,127.0,0.39851752069009494,20,475.0,0.16038287799325338,27,602.0
6970.0,24,286.0,5.017543859649122,5.372186992456255,5,91.0,0.5151506032941302,19,479.0,0.18380304396172237,24,570.0
6975.0,23,302.0,5.206896551724138,5.556525476793196,5,79.0,0.5073423104947119,18,487.0,0.20761061467402378,23,566.0
6980.0,21,300.0,4.761904761904762,6.5694749664396115,8,106.0,0.4456865250787787,13,427.0,0.28704524527055875,21,533.0
6985.0,17,193.0,3.4464285714285716,5.684261394208609,5,88.0,0.3489356290723116,12,388.0,0.30913002952642493,17,476.0
6990.0,27,273.0,4.706896551724138,4.804246490614809,9,111.0,0.28257853463898147,18,384.0,0.22504505745033915,27,495.0
6995.0,29,344.0,6.142857142857143,4.584989613436287,9,107.0,0.39462985863622513,20,423.0,0.1627949333649457,29,530.0
7000.0,22,420.0,7.241379310344827,5.858263704501418,7,130.0,0.5276376159226774,15,443.0,0.1747786749993402,22,573.0
7005.0,22,384.0,7.384615384615385,5.188831237546692,7,104.0,0.35303956444897366,15,454.0,0.20692060426380834,22,558.0
7010.0,15,319.0,6.510204081632653,6.083928876425644,4,54.0,0.47469595174482937,11,439.0,0.1762115803539122,15,493.0
7015.0,15,261.0,5.931818181818182,4.175708396115462,2,26.0,0.3426828335606089,13,418.0,0.05700262684973632,15,444.0
7020.0,20,168.0,3.652173913043478,5.526884543017679,8,53.0,0.4445194008103406,12,356.0,0.1678120815736287,20,409.0
7025.0,18,180.0,4.186046511627907,5.085724980280246,7,60.0,0.473458500356796,11,378.0,0.2386610551116029,18,438.0
7030.0,18,237.0,5.266666666666667,5.105071163034652,7,84.0,0.4351195491918809,11,372.0,0.23292607561278728,18,456.0
7035.0,18,173.0,3.6808510638297873,4.990642488694415,8,87.0,0.4139177663910737,10,371.0,0.2457037732153327,18,458.0
7040.0,11,152.0,3.4545454545454546,6.582213750122427,3,60.0,0.5056613140819584,8,316.0,0.23908379263314733,11,376.0
7045.0,13,138.0,3.2093023255813953,5.882576418330022,5,25.0,0.4372773541391921,8,291.0,0.1377868652737256,13,316.0
7050.0,18,158.0,3.590909090909091,5.22991575439951,9,63.0,0.21117366227836978,9,243.0,0.2813349673395966,18,306.0
7055.0,15,183.0,4.357142857142857,5.4172666976958395,9,91.0,0.33859239517002615,6,255.0,0.36659092611550015,15,346.0
7060.0,16,245.0,6.282051282051282,6.523130727040647,9,126.0,0.31042391159053684,7,254.0,0.4792196396952675,16,380.0
7065.0,13,233.0,5.9743589743589745,5.779920715078872,7,130.0,0.17921057814944022,6,229.0,0.45546022594396557,13,359.0
7070.0,13,236.0,6.051282051282051,7.1617363158940295,5,92.0,0.38949580719522,8,193.0,0.32741197375854164,13,285.0
7075.0,11,119.0,2.8333333333333335,6.682390761686453,4,65.0,0.48610081558146284,7,148.0,0.1939566538590449,11,213.0
7080.0,14,189.0,4.609756097560975,7.641026454291435,6,78.0,0.6478690187448937,8,169.0,0.2408508327614547,14,247.0
7085.0,10,168.0,4.3076923076923075,5.5330211206295825,5,66.0,0.4793541954884194,5,178.0,0.23641536166908034,10,244.0
7090.0,10,200.0,4.651162790697675,7.183159028592082,6,69.0,0.43943587564521136,4,157.0,0.4861120107976774,10,226.0
7095.0,8,106.0,2.5238095238095237,6.764786045074071,5,81.0,0.2853872618015601,3,100.0,0.43483200497293045,8,181.0
7100.0,13,139.0,3.159090909090909,7.373867325449192,10,109.0,0.22607699438820741,3,42.0,0.5967823444766946,13,151.0
7105.0,14,176.0,4.2926829268292686,5.908657544450596,10,136.0,0.2624529564597023,4,61.0,0.4818296056208908,14,197.0
7110.0,16,251.0,6.435897435897436,6.758698996208887,9,170.0,0.31271309559989313,7,96.0,0.5570065131031665,16,266.0
7115.0,16,245.0,5.6976744186046515,5.327566877258987,8,183.0,0.2001862235178341,8,116.0,0.469049903147506,16,299.0
7120.0,15,262.0,5.574468085106383,6.819485893050333,4,146.0,0.46996886918743025,11,156.0,0.44039069473807574,15,302.0
7125.0,14,145.0,3.0851063829787235,6.041973265888337,4,102.0,0.5027258409095319,10,158.0,0.2794274074271343,14,260.0
7130.0,14,154.0,3.276595744680851,6.342011629328025,5,61.0,0.4946130377327663,9,140.0,0.2423180013505417,14,201.0
7135.0,16,132.0,2.869565217391304,4.809258602129018,6,57.0,0.2894261361744207,10,122.0,0.21325354514569297,16,179.0
7140.0,18,204.0,4.636363636363637,5.938310080376849,6,62.0,0.46153043665343235,12,161.0,0.13816377034451535,18,223.0
7145.0,17,157.0,3.4130434782608696,6.3599979399484265,6,49.0,0.5035665389028726,11,166.0,0.07398939311925903,17,215.0
7150.0,14,192.0,4.266666666666667,7.707356930014414,4,61.0,0.6312163947808722,10,173.0,0.2653641809834679,14,234.0
7155.0,14,225.0,5.232558139534884,6.775891173593633,4,44.0,0.5016507557940408,10,193.0,0.36037896890754056,14,237.0
7160.0,15,204.0,4.857142857142857,6.405524862228127,8,77.0,0.4475844856172058,7,181.0,0.4017593061877131,15,258.0
7165.0,10,120.0,2.926829268292683,5.846335947442077,7,87.0,0.2558097619158588,3,99.0,0.4342180510003022,10,186.0
7170.0,15,167.0,3.883720930232558,6.758312841148538,9,97.0,0.24713570190213668,6,71.0,0.4132439447230326,15,168.0
7175.0,12,154.0,3.5813953488372094,6.651681077148402,7,110.0,0.38785193971813586,5,71.0,0.2683421777977954,12,181.0
7180.0,14,213.0,4.953488372093023,7.756402879705,7,129.0,0.46614510241806634,7,91.0,0.4544439983447308,14,220.0
7185.0,10,155.0,3.6904761904761907,7.12770087136591,6,92.0,0.48242559738989527,4,85.0,0.47748286692099917,10,177.0
7190.0,12,198.0,4.829268292682927,6.893038519533118,8,103.0,0.3381147383267918,4,87.0,0.5328301310722512,12,190.0
7195.0,12,183.0,3.9782608695652173,6.219021869319072,8,92.0,0.2517371060369026,4,108.0,0.4987784119987899,12,200.0
7200.0,15,228.0,5.066666666666666,7.14263964629213,8,99.0,0.31409293752316075,7,140.0,0.5304473057343524,15,239.0
