step,system_total_stopped,system_total_waiting_time,system_mean_waiting_time,system_mean_speed,J17_stopped,J17_accumulated_waiting_time,J17_average_speed,J18_stopped,J18_accumulated_waiting_time,J18_average_speed,agents_total_stopped,agents_total_accumulated_waiting_time
5.0,0,0.0,0.0,12.885944314940048,0,0.0,1.0,0,0.0,0.9808622587163103,0,0.0
10.0,0,0.0,0.0,14.023133191570187,0,0.0,0.9477489075829699,0,0.0,0.9419037566054307,0,0.0
15.0,0,0.0,0.0,14.08667060996622,0,0.0,0.9485741148560378,0,0.0,0.9510690554700652,0,0.0
20.0,0,0.0,0.0,10.740280464309649,0,0.0,0.59705963727499,0,0.0,0.9423298034701386,0,0.0
25.0,3,6.0,0.4,8.363883779697614,3,6.0,0.5008692344076698,0,0.0,0.6927598188640108,3,6.0
30.0,4,26.0,1.3,9.309800437892918,3,21.0,0.6289077818653289,1,5.0,0.6525515937716553,4,26.0
35.0,6,56.0,2.4347826086956523,7.787932693124412,3,36.0,0.44782898167041396,3,20.0,0.5290259981994199,6,56.0
40.0,7,78.0,3.0,7.019781136500734,5,59.0,0.24339516860577032,2,19.0,0.5959665019878522,7,78.0
45.0,9,87.0,3.0,6.442498220094304,4,63.0,0.32624360953421794,5,37.0,0.46522216776412,9,100.0
50.0,9,92.0,2.967741935483871,6.250207549299414,6,79.0,0.38411608547611226,3,28.0,0.37497171818600444,9,107.0
55.0,11,96.0,3.0,7.4296237726502605,3,72.0,0.5637944850565275,8,46.0,0.2739849398374667,11,118.0
60.0,11,124.0,4.0,6.531092787005191,6,78.0,0.4188790558119011,5,66.0,0.3659796643624205,11,144.0
65.0,11,151.0,4.71875,6.613805192278496,6,96.0,0.4431065312393908,5,75.0,0.4030389126200599,11,171.0
70.0,12,177.0,4.783783783783784,6.162279594893092,8,120.0,0.37555913574475885,4,73.0,0.49868474137439994,12,193.0
75.0,14,148.0,3.7948717948717947,5.890932207495765,8,91.0,0.3145861206571589,6,97.0,0.5170074564016581,14,188.0
80.0,12,139.0,3.3095238095238093,6.54296616601349,9,113.0,0.37409150804433816,3,60.0,0.5402399682280205,12,173.0
85.0,13,131.0,2.911111111111111,6.36127437072305,7,105.0,0.2998621981683236,6,64.0,0.5001161779594007,13,169.0
90.0,11,122.0,2.595744680851064,6.978004628966252,4,72.0,0.37717382351291506,7,87.0,0.453502348707352,11,159.0
95.0,16,191.0,4.1521739130434785,6.880023477594733,5,74.0,0.4541088990064547,11,127.0,0.21761457723699337,16,201.0
100.0,13,178.0,3.7083333333333335,6.404689407497266,3,58.0,0.5523815946500854,10,170.0,0.1628231567306858,13,228.0
105.0,16,246.0,5.857142857142857,6.607098443131395,5,48.0,0.5441162319226454,11,208.0,0.29836781892195574,16,256.0
110.0,12,184.0,4.181818181818182,7.162808570790499,3,37.0,0.40660854608953956,9,214.0,0.4633346239279105,12,251.0
115.0,15,199.0,4.738095238095238,7.061513809725752,7,53.0,0.37914414872333413,8,187.0,0.4487359669694107,15,240.0
120.0,12,108.0,2.769230769230769,5.52503149908667,5,58.0,0.4509645018834283,7,152.0,0.3265149420661882,12,210.0
125.0,14,111.0,2.775,5.799916762470432,3,50.0,0.5130619278665657,11,124.0,0.21085210141594032,14,174.0
130.0,14,134.0,3.268292682926829,5.621998147889797,5,61.0,0.4741196495721139,9,140.0,0.14618319709974684,14,201.0
135.0,15,177.0,4.214285714285714,7.035407892756693,5,62.0,0.556234298468899,10,176.0,0.16042975043257213,15,238.0
140.0,12,174.0,4.35,6.606235629984843,6,84.0,0.49362656360962587,6,180.0,0.21483417880663883,12,264.0
145.0,12,156.0,3.9,7.4529323059726575,6,69.0,0.5080744104716625,6,159.0,0.3793980639790055,12,228.0
150.0,14,136.0,3.4,6.150117572810357,10,66.0,0.21744587440484514,4,135.0,0.403036001235974,14,201.0
155.0,11,76.0,1.853658536585366,7.154452800592361,9,86.0,0.3902586695915535,2,89.0,0.5225684057206093,11,175.0
160.0,8,90.0,2.4324324324324325,8.441498634129665,6,73.0,0.5154596383957657,2,62.0,0.7155350686752138,8,135.0
165.0,7,83.0,2.3055555555555554,7.532119699785836,4,67.0,0.5453793476656761,3,73.0,0.5263372383982116,7,140.0
170.0,11,131.0,3.4473684210526314,6.855047770842674,6,72.0,0.42703196186206005,5,103.0,0.4828458678973042,11,175.0
175.0,15,122.0,3.05,5.9192230212410015,9,86.0,0.23921020353515954,6,74.0,0.5571558905780988,15,160.0
180.0,16,187.0,4.4523809523809526,6.353874745887369,10,114.0,0.25693986147542613,6,99.0,0.5603016799623967,16,213.0
185.0,13,132.0,2.8085106382978724,6.215976566466036,8,128.0,0.3740588523766937,5,79.0,0.48167832307731867,13,207.0
190.0,10,109.0,2.422222222222222,6.489091260521296,5,97.0,0.4248770724126765,5,43.0,0.40821973463592787,10,140.0
195.0,10,70.0,1.5217391304347827,5.7550944919237566,5,60.0,0.31562247002000327,5,55.0,0.34119990426166474,10,115.0
200.0,21,142.0,3.021276595744681,6.115061455589141,10,97.0,0.330534428391824,11,82.0,0.3277407941777232,21,179.0
205.0,15,173.0,3.9318181818181817,6.052234329589359,6,100.0,0.4502418271097047,9,115.0,0.3383160482845775,15,215.0
210.0,15,229.0,5.725,6.024839914301261,4,96.0,0.49996474358021586,11,160.0,0.24907698525276423,15,256.0
215.0,15,257.0,6.119047619047619,6.157054373197643,6,115.0,0.5048791736053813,9,171.0,0.10712690824847006,15,286.0
220.0,11,190.0,4.4186046511627906,7.4271574679800345,4,86.0,0.5438639903774658,7,165.0,0.19319651550058878,11,251.0
225.0,10,139.0,3.2325581395348837,7.06768972966543,6,72.0,0.4656092558680799,4,130.0,0.35717537034369495,10,202.0
230.0,15,155.0,3.297872340425532,6.791282763866738,8,80.0,0.400094213731842,7,131.0,0.4494436802817548,15,211.0
235.0,13,167.0,3.5531914893617023,7.498332643393396,8,99.0,0.4826548743362544,5,132.0,0.5357762816689909,13,231.0
240.0,12,146.0,3.0416666666666665,6.3394472429568225,7,117.0,0.4001568864402966,5,97.0,0.4565111928019151,12,214.0
245.0,19,212.0,4.0,6.535278270929652,8,119.0,0.5124855042632752,11,131.0,0.2573575812532556,19,250.0
250.0,20,183.0,3.452830188679245,4.857785545294315,10,92.0,0.36515880035028947,10,152.0,0.1293770952132457,20,244.0
255.0,23,259.0,4.4655172413793105,5.784873575523298,11,122.0,0.40585144973400644,12,202.0,0.18958964727745806,23,324.0
260.0,22,249.0,4.368421052631579,5.127139946389159,13,159.0,0.3334246640110162,9,182.0,0.28905512414507584,22,341.0
265.0,17,244.0,3.935483870967742,6.553086045944823,12,185.0,0.4089100160962382,5,149.0,0.34468505193600774,17,334.0
270.0,15,183.0,2.859375,5.752966601449657,11,185.0,0.24116691128328724,4,115.0,0.4148307057931319,15,300.0
275.0,27,272.0,4.059701492537314,6.205577793542788,18,238.0,0.22094201111449996,9,133.0,0.42042111917497027,27,371.0
280.0,25,280.0,4.444444444444445,5.255784391398065,19,263.0,0.22743288474040357,6,139.0,0.36352059315213525,25,402.0
285.0,28,349.0,5.287878787878788,5.676304889148536,20,305.0,0.23673720815926533,8,119.0,0.29268065574409513,28,424.0
290.0,29,339.0,5.380952380952381,4.5961463569979575,23,361.0,0.1299955774192995,6,97.0,0.34005153314324693,29,458.0
295.0,27,375.0,5.9523809523809526,5.741683166284122,20,415.0,0.19123125373117353,7,102.0,0.47856873302313796,27,517.0
300.0,24,321.0,5.440677966101695,4.554518785408983,18,445.0,0.22121681444172622,6,82.0,0.37338999730043054,24,527.0
305.0,26,276.0,4.842105263157895,4.753280031014114,13,403.0,0.2711042479400093,13,139.0,0.24903623008852963,26,542.0
310.0,23,255.0,4.553571428571429,3.7692961946867696,12,377.0,0.2159501283375465,11,159.0,0.06666094140745756,23,536.0
315.0,24,306.0,5.186440677966102,5.245269139498464,15,380.0,0.13713076627277243,9,171.0,0.3436498912616585,24,551.0
320.0,26,294.0,5.068965517241379,5.37275952338497,19,429.0,0.13447937066050278,7,144.0,0.47896151120158414,26,573.0
325.0,24,345.0,5.948275862068965,6.1629640772309555,16,443.0,0.26045069372161084,8,153.0,0.4957139628138371,24,596.0
330.0,23,368.0,6.133333333333334,4.699784296691464,15,435.0,0.29392285023955816,8,166.0,0.31744711771612544,23,601.0
335.0,18,353.0,6.192982456140351,5.860241741876778,10,382.0,0.3622953806115027,8,175.0,0.30466433577172514,18,557.0
340.0,15,208.0,3.8518518518518516,5.546357756278361,10,305.0,0.30847918508224265,5,156.0,0.23992573381853927,15,461.0
345.0,21,204.0,3.5789473684210527,5.705293127283611,14,296.0,0.18321856187029564,7,114.0,0.34709321042636154,21,410.0
350.0,23,231.0,4.529411764705882,5.061397654557319,16,324.0,0.22162570530373774,7,113.0,0.42305289757338926,23,437.0
355.0,19,284.0,5.163636363636364,5.86565588338741,11,326.0,0.29926526544593557,8,131.0,0.3951526019156844,19,457.0
360.0,23,269.0,4.890909090909091,4.675252816128878,14,319.0,0.24824234403772794,9,144.0,0.2844570803861766,23,463.0
365.0,22,316.0,5.543859649122807,5.540083522379886,15,282.0,0.23529088904903117,7,144.0,0.4213014686865495,22,426.0
370.0,24,353.0,6.086206896551724,5.089152301220489,17,334.0,0.20161712731893972,7,120.0,0.43171982764455274,24,454.0
375.0,23,417.0,6.95,5.931494815320868,15,360.0,0.2576162732962609,8,140.0,0.4740661705391728,23,500.0
380.0,21,386.0,6.225806451612903,6.455790606169081,15,402.0,0.3481781353261615,6,94.0,0.4427667734494092,21,496.0
385.0,27,476.0,7.933333333333334,5.256759029619608,19,468.0,0.2809428277772854,8,95.0,0.4170573287866291,27,563.0
390.0,24,318.0,5.129032258064516,4.617555325004446,19,431.0,0.24496543001716453,5,88.0,0.41666855422845656,24,519.0
395.0,31,410.0,6.612903225806452,4.77241357493687,25,411.0,0.1867491054316302,6,89.0,0.49627973710832707,31,500.0
400.0,31,412.0,6.149253731343284,5.1019479699511985,25,476.0,0.19374300147823487,6,92.0,0.5124433534983708,31,568.0
405.0,30,429.0,6.3088235294117645,5.377768677569641,25,498.0,0.137841611724577,5,77.0,0.5570026202555842,30,575.0
410.0,29,416.0,6.303030303030303,4.260905323817958,23,543.0,0.13410631749843246,6,81.0,0.36425461063682474,29,624.0
415.0,27,305.0,4.6923076923076925,4.905508829461367,18,524.0,0.20420210351772872,9,78.0,0.25086502367925295,27,602.0
420.0,22,307.0,4.796875,4.800926219796123,15,496.0,0.2721090033230551,7,107.0,0.18085775670392357,22,603.0
425.0,24,319.0,5.145161290322581,5.3857301414869125,13,460.0,0.27015867959274364,11,151.0,0.28475504760404585,24,611.0
430.0,23,290.0,4.833333333333333,5.076545857691161,16,448.0,0.21105619153792204,7,157.0,0.3679549566637146,23,605.0
435.0,24,306.0,5.275862068965517,5.133950098804096,20,470.0,0.13195664217237854,4,129.0,0.5173458880612383,24,599.0
440.0,27,344.0,6.142857142857143,4.9943080599773335,21,495.0,0.05598922019581189,6,148.0,0.4936128377010721,27,643.0
445.0,25,364.0,6.385964912280702,4.547015756747845,19,518.0,0.06615058900874524,6,154.0,0.4287385753504059,25,672.0
450.0,21,317.0,5.4655172413793105,5.479304313804838,13,450.0,0.22868313205542048,8,157.0,0.3691328975316284,21,607.0
455.0,19,233.0,4.236363636363636,5.8025162650481095,11,478.0,0.2963705825622795,8,81.0,0.4590047705100322,19,559.0
460.0,25,313.0,5.589285714285714,5.259376102521336,15,490.0,0.23357004258497382,10,112.0,0.4135793561668713,25,602.0
465.0,26,365.0,6.517857142857143,4.3038874704628824,18,495.0,0.17202513122833155,8,134.0,0.4144296176286651,26,629.0
470.0,20,401.0,7.160714285714286,4.776067854221307,11,469.0,0.20357183271674315,9,141.0,0.39249377601156826,20,610.0
475.0,15,242.0,4.653846153846154,5.974373616272076,7,328.0,0.3774872319680629,8,131.0,0.33597348618771217,15,459.0
480.0,15,276.0,4.842105263157895,6.695073610576245,8,312.0,0.28403804174023056,7,101.0,0.4315091177929002,15,413.0
485.0,21,183.0,3.267857142857143,5.724680300739124,12,269.0,0.1956622802320323,9,86.0,0.3945660032180146,21,355.0
490.0,23,237.0,4.086206896551724,6.6783245695655085,15,235.0,0.2842936735811055,8,98.0,0.44471724217742264,23,333.0
495.0,20,228.0,4.0,5.923657698564746,12,246.0,0.3429833344642547,8,100.0,0.4449921107893833,20,346.0
500.0,17,211.0,3.767857142857143,5.876281501851608,5,210.0,0.4096985728287742,12,127.0,0.30260656902812094,17,337.0
505.0,18,205.0,3.727272727272727,4.792496954854665,6,202.0,0.39900835420675007,12,151.0,0.12232576333819307,18,353.0
510.0,18,245.0,4.375,5.2153146840184474,10,236.0,0.2901699588410887,8,144.0,0.3016502922103267,18,380.0
515.0,19,278.0,4.711864406779661,5.318400730535013,12,256.0,0.2509615505758522,7,161.0,0.3997395341837633,19,417.0
520.0,18,289.0,4.898305084745763,6.528572419463642,7,244.0,0.41134354565478864,11,170.0,0.3498462828041093,18,414.0
525.0,18,230.0,3.8333333333333335,5.449958949892401,7,227.0,0.406120506668379,11,156.0,0.19197044503402272,18,383.0
530.0,27,337.0,5.810344827586207,5.014681699455964,12,261.0,0.38881898190223907,15,207.0,0.16750064798996636,27,468.0
535.0,29,385.0,6.875,3.3118392622823642,15,302.0,0.19558391760341962,14,233.0,0.19558301959917807,29,535.0
540.0,19,379.0,6.767857142857143,4.757093102224338,12,327.0,0.12669262000131645,7,184.0,0.3367228779701526,19,511.0
545.0,20,310.0,5.961538461538462,5.344397143391993,12,272.0,0.11905164593700408,8,177.0,0.33522523180354613,20,449.0
550.0,17,228.0,4.1454545454545455,5.941293049502764,13,218.0,0.14296534968277558,4,145.0,0.3813766834530796,17,363.0
555.0,19,243.0,4.673076923076923,6.191621392195207,10,235.0,0.1944800557552348,9,138.0,0.4424714282278304,19,373.0
560.0,20,217.0,4.34,5.997422543213071,14,269.0,0.23377276452332174,6,93.0,0.4600718334041063,20,362.0
565.0,22,258.0,4.961538461538462,5.53068496763322,12,298.0,0.26305221881555857,10,91.0,0.380753430289062,22,389.0
570.0,20,248.0,4.769230769230769,5.861975817624029,9,266.0,0.3816731149913594,11,113.0,0.33752239017955765,20,379.0
575.0,11,209.0,4.098039215686274,6.146117134237474,7,255.0,0.30587884379684815,4,88.0,0.4278557267472713,11,343.0
580.0,17,238.0,4.490566037735849,5.99568988285341,11,231.0,0.3398421909077225,6,108.0,0.37401361749052325,17,339.0
585.0,27,247.0,4.490909090909091,5.458340469755233,12,235.0,0.3488865195830154,15,164.0,0.2682116048294948,27,399.0
590.0,24,254.0,4.703703703703703,5.054372979745601,9,185.0,0.3603098601458778,15,211.0,0.27933214029236814,24,396.0
595.0,16,240.0,4.2105263157894735,5.279345102546275,7,174.0,0.26468975943801104,9,209.0,0.37588572943112813,16,383.0
600.0,19,205.0,3.306451612903226,6.195572373905611,9,156.0,0.28382126716551875,10,186.0,0.3539919956469483,19,342.0
605.0,26,272.0,4.25,6.263338382467115,11,193.0,0.28342286416012813,15,217.0,0.32523963842387726,26,410.0
610.0,26,262.0,4.158730158730159,5.4770989571003685,11,220.0,0.3591817581956085,15,233.0,0.2517156091300695,26,453.0
615.0,29,335.0,5.403225806451613,5.007665293604377,11,233.0,0.35744432128960746,18,228.0,0.26771695606548956,29,461.0
620.0,30,372.0,6.098360655737705,4.4227857663511,11,238.0,0.28118278056191476,19,268.0,0.2824134624114871,30,506.0
625.0,25,321.0,5.17741935483871,4.358811826150754,13,248.0,0.09709877274507926,12,257.0,0.3456359747742235,25,505.0
630.0,22,288.0,4.8,4.394572701242168,10,247.0,0.150514719531269,12,241.0,0.2358771477326354,22,488.0
635.0,23,238.0,3.7777777777777777,4.779757497560194,9,185.0,0.28499717712712974,14,245.0,0.15689801782898097,23,430.0
640.0,29,320.0,5.0,5.89798147192962,9,168.0,0.4327029682535186,20,317.0,0.29354409051119296,29,485.0
645.0,25,370.0,5.78125,5.455914561664244,8,185.0,0.4121375906736613,17,358.0,0.32287647756749677,25,543.0
650.0,20,368.0,5.935483870967742,5.127123199243446,8,190.0,0.35177363335618966,12,329.0,0.24126314678975883,20,519.0
655.0,20,333.0,5.123076923076923,4.808357196696187,5,145.0,0.3199052564703922,15,383.0,0.20116468595976902,20,528.0
660.0,27,426.0,6.65625,5.544510799587391,9,110.0,0.2968134598259395,18,449.0,0.24674506191773937,27,559.0
665.0,28,506.0,8.433333333333334,4.992813957980807,10,146.0,0.36057266749827754,18,486.0,0.2376033045267665,28,632.0
670.0,19,520.0,8.813559322033898,5.332097806131135,5,144.0,0.33040204716997357,14,474.0,0.23198753956624124,19,618.0
675.0,21,380.0,6.440677966101695,4.450762179829965,6,142.0,0.23851779422786695,15,435.0,0.1460688962825038,21,577.0
680.0,27,410.0,6.612903225806452,5.751357716134006,10,149.0,0.35594295661047337,17,404.0,0.22603750385591573,27,553.0
685.0,25,384.0,6.4,5.636492904018746,8,170.0,0.46712451971481106,17,427.0,0.2222455705669373,25,597.0
690.0,22,343.0,5.813559322033898,4.7751548551130565,5,147.0,0.45181573105410255,17,388.0,0.1901621336595095,22,535.0
695.0,22,309.0,4.904761904761905,4.726048308217576,6,92.0,0.3075461192185497,16,404.0,0.24149942654853881,22,496.0
700.0,25,352.0,5.587301587301587,5.571998475672859,12,131.0,0.2732613945073291,13,389.0,0.3289337930461959,25,520.0
705.0,23,299.0,4.901639344262295,4.876519827383663,11,164.0,0.24766422154685405,12,373.0,0.31668600973139194,23,537.0
710.0,19,299.0,4.901639344262295,5.989177481538361,6,160.0,0.4208825560898481,13,295.0,0.251355041590576,19,455.0
715.0,22,293.0,4.650793650793651,5.004517583727783,5,137.0,0.44484125152333337,17,315.0,0.09043947519022852,22,452.0
720.0,30,376.0,5.968253968253968,4.858877025960373,10,164.0,0.3726417144169931,20,355.0,0.07948293466056591,30,519.0
725.0,28,429.0,7.15,4.792398789890057,11,196.0,0.3924361264170374,17,399.0,0.13294934203086498,28,595.0
730.0,19,412.0,6.866666666666666,5.449383925523232,7,187.0,0.325594955101371,12,389.0,0.19530325032658385,19,576.0
735.0,17,286.0,4.688524590163935,5.517596968504099,6,98.0,0.33005840366773126,11,408.0,0.17292065301735587,17,506.0
740.0,27,379.0,6.015873015873016,5.9845238627438615,13,130.0,0.2901510014707048,14,422.0,0.3919446279889708,27,552.0
745.0,23,309.0,4.983870967741935,6.132444812898575,12,170.0,0.3711810043028573,11,348.0,0.415637446734474,23,518.0
750.0,18,270.0,4.5,5.959553157183268,8,170.0,0.3612805697882242,10,276.0,0.34976387820086113,18,446.0
755.0,21,254.0,4.305084745762712,4.988497842504409,8,164.0,0.34008561475908194,13,289.0,0.2070877392543505,21,453.0
760.0,30,344.0,5.830508474576271,4.6621424554543385,12,170.0,0.21615264509396198,18,309.0,0.2465736251919839,30,479.0
765.0,29,349.0,6.232142857142857,3.8643761586771856,14,202.0,0.2379091718402153,15,309.0,0.2225566071755335,29,511.0
770.0,22,331.0,6.0181818181818185,4.556330354750977,10,206.0,0.21857318706353304,12,251.0,0.22540472899740588,22,457.0
775.0,18,264.0,4.631578947368421,4.55091069082466,9,210.0,0.2163639451480826,9,222.0,0.11797254197177329,18,432.0
780.0,28,300.0,4.918032786885246,5.73073057429495,13,195.0,0.25885488012105246,15,223.0,0.21552967495482533,28,418.0
785.0,25,351.0,5.661290322580645,5.9523653325421675,13,229.0,0.24818871646990748,12,266.0,0.4273009406109553,25,495.0
790.0,26,458.0,7.762711864406779,5.998536015947768,13,258.0,0.336729635920822,13,322.0,0.4224810303991641,26,580.0
795.0,24,311.0,5.271186440677966,4.862880555400927,11,246.0,0.3582503803442576,13,305.0,0.2822870865397295,24,551.0
800.0,29,424.0,7.066666666666666,4.843464449267759,13,245.0,0.35285225551467553,16,316.0,0.28847873572159916,29,561.0
805.0,30,412.0,6.4375,4.6323851117194526,12,267.0,0.39278432161581095,18,306.0,0.2683051008789651,30,573.0
810.0,24,369.0,5.426470588235294,5.025413481719541,14,304.0,0.3315893758585978,10,228.0,0.2997786124344421,24,532.0
815.0,25,334.0,4.771428571428571,5.557437627343759,16,309.0,0.22109161474203678,9,187.0,0.3906351096284111,25,496.0
820.0,21,279.0,3.8219178082191783,6.401161462333442,10,214.0,0.20476727461161992,11,200.0,0.4210126915884124,21,414.0
825.0,22,299.0,4.462686567164179,6.234548984849824,10,186.0,0.2830354215485882,12,218.0,0.25366078937168846,22,404.0
830.0,21,328.0,5.377049180327869,5.467712832194067,7,171.0,0.2577478328480004,14,221.0,0.19774190427745592,21,392.0
835.0,26,351.0,6.267857142857143,5.071980575687194,11,209.0,0.25720076912516854,15,240.0,0.23186738529192286,26,449.0
840.0,24,318.0,5.781818181818182,5.144429338883706,8,184.0,0.29505961204013303,16,276.0,0.249609342649481,24,460.0
845.0,25,370.0,6.379310344827586,5.082341087826452,10,173.0,0.33371440517980766,15,311.0,0.21788053874667287,25,484.0
850.0,19,332.0,5.533333333333333,6.056496823451317,7,172.0,0.33418127776023776,12,291.0,0.31508193357610625,19,463.0
855.0,16,246.0,4.241379310344827,6.556775709670515,6,134.0,0.4482407274940789,10,254.0,0.2703157089274135,16,388.0
860.0,22,195.0,3.4210526315789473,5.239032611232993,4,85.0,0.45348247087399507,18,260.0,0.07704972281727278,22,345.0
865.0,26,287.0,5.218181818181818,5.577410073105858,8,67.0,0.44724347527564284,18,308.0,0.12143699184828198,26,375.0
870.0,18,328.0,6.431372549019608,5.417155652150099,7,84.0,0.3220447274736806,11,320.0,0.24181166381544578,18,404.0
875.0,15,259.0,5.285714285714286,6.125563291428438,6,94.0,0.3225189168743748,9,286.0,0.3075316977608892,15,380.0
880.0,16,227.0,4.450980392156863,6.461887453057247,5,83.0,0.3334639980595891,11,238.0,0.33504630347051756,16,321.0
885.0,18,230.0,4.509803921568627,6.773578695252922,7,87.0,0.4243684596103391,11,236.0,0.35260291456562515,18,323.0
890.0,15,181.0,3.693877551020408,6.493963990302047,6,106.0,0.4146656113765526,9,202.0,0.37984629383525265,15,308.0
895.0,15,189.0,4.0212765957446805,4.825033399329272,7,138.0,0.35217171525639696,8,207.0,0.25264145467492005,15,345.0
900.0,15,146.0,3.1739130434782608,5.156699231287902,6,129.0,0.3414121546659673,9,177.0,0.3053861898013283,15,306.0
905.0,10,118.0,2.4081632653061225,6.176515877798474,2,80.0,0.4527869016063266,8,190.0,0.34441768404414447,10,270.0
910.0,18,190.0,3.6538461538461537,7.109532936053096,4,79.0,0.5435542484902913,14,226.0,0.3357627081645149,18,305.0
915.0,20,164.0,3.215686274509804,6.2473425392445,5,38.0,0.41424440605124624,15,236.0,0.2399290397211556,20,274.0
920.0,18,210.0,4.565217391304348,5.814398285447799,4,50.0,0.5174501956871064,14,231.0,0.2410388175427806,18,281.0
925.0,18,225.0,5.113636363636363,4.96111947603934,5,71.0,0.47657869892135735,13,243.0,0.24380222222492479,18,314.0
930.0,14,184.0,3.9148936170212765,5.803206820991845,3,74.0,0.5126976943949384,11,214.0,0.2901059457893995,14,288.0
935.0,17,166.0,3.5319148936170213,5.383994851694924,6,89.0,0.33727132941106347,11,207.0,0.24470491889785081,17,296.0
940.0,16,192.0,3.9183673469387754,5.8687089274902675,5,113.0,0.41183340148899483,11,201.0,0.1921308929043084,16,314.0
945.0,21,245.0,4.803921568627451,6.028279950273428,5,125.0,0.5050752092981222,16,236.0,0.2240821944291807,21,361.0
950.0,17,195.0,3.823529411764706,6.4213220687490615,3,97.0,0.5624240941839638,14,267.0,0.33285615141890773,17,364.0
955.0,17,208.0,4.244897959183674,5.22090768760346,5,78.0,0.45520119620297633,12,265.0,0.31926177702156616,17,343.0
960.0,14,122.0,2.489795918367347,5.13828454395695,6,58.0,0.46449096153860064,8,207.0,0.2193688538823251,14,265.0
965.0,16,147.0,3.0625,4.974188591182416,7,84.0,0.3806096101602703,9,207.0,0.2115006542001832,16,291.0
970.0,22,173.0,3.326923076923077,4.267671823413626,7,83.0,0.26301580898462057,15,254.0,0.14117475189146617,22,337.0
975.0,20,217.0,4.09433962264151,5.3035173427070745,5,61.0,0.4469169589567893,15,282.0,0.18837479168679325,20,343.0
980.0,14,227.0,4.54,6.3735838399825955,5,73.0,0.46805102391973674,9,260.0,0.2787566776096351,14,333.0
985.0,17,215.0,4.056603773584905,5.920716447470673,9,114.0,0.35124546366642784,8,232.0,0.261292680444055,17,346.0
990.0,26,293.0,5.232142857142857,5.3890223061123965,11,145.0,0.31854250512124643,15,269.0,0.2296734206119708,26,414.0
995.0,21,304.0,5.62962962962963,6.212823293942284,8,151.0,0.49617086657279735,13,283.0,0.2760407910702803,21,434.0
1000.0,18,256.0,4.571428571428571,5.765713296500809,7,142.0,0.3927209588130008,11,245.0,0.268121608224191,18,387.0
1005.0,21,268.0,4.701754385964913,4.862293727192629,12,171.0,0.2933058027632203,9,244.0,0.23995146906282222,21,415.0
1010.0,23,261.0,4.578947368421052,5.312558392919603,14,217.0,0.2172269631295519,9,189.0,0.4051458825940392,23,406.0
1015.0,17,281.0,5.109090909090909,5.711954615943937,9,236.0,0.26643981321933186,8,200.0,0.3497305431857943,17,436.0
1020.0,20,237.0,4.232142857142857,5.603326613452182,8,189.0,0.3537821463495026,12,241.0,0.18808313634296722,20,430.0
1025.0,23,283.0,5.2407407407407405,5.802673760303532,12,168.0,0.3458258858012047,11,267.0,0.28165335610385583,23,435.0
1030.0,15,311.0,5.867924528301887,6.255761692717075,9,194.0,0.28601145762858066,6,230.0,0.48849151257482454,15,424.0
1035.0,17,272.0,5.132075471698113,5.873093218717412,11,197.0,0.18657628371579665,6,193.0,0.3955067864886423,17,390.0
1040.0,17,206.0,3.8867924528301887,6.537301985714097,10,158.0,0.2993268555400694,7,197.0,0.32859429481340086,17,355.0
1045.0,14,135.0,2.7,7.336061344953691,7,120.0,0.43522243561030677,7,127.0,0.3851478147252016,14,247.0
1050.0,16,210.0,4.468085106382978,7.523603109408915,7,146.0,0.524717959913479,9,115.0,0.36054651941706417,16,261.0
1055.0,15,159.0,3.0576923076923075,6.704530625536392,8,126.0,0.4281588229269151,7,111.0,0.3323481155898192,15,237.0
1060.0,15,207.0,3.8333333333333335,7.1064799933341645,10,151.0,0.4275778962436334,5,79.0,0.40634285608746357,15,230.0
1065.0,14,135.0,2.5,6.717218021896371,10,151.0,0.33683358914768863,4,54.0,0.5235901153670817,14,205.0
1070.0,14,151.0,2.7454545454545456,6.99384553450891,6,126.0,0.2681858169125494,8,61.0,0.4769330342951527,14,187.0
1075.0,14,148.0,2.792452830188679,5.9252266253360535,8,115.0,0.17835006090626454,6,74.0,0.4282533189351052,14,189.0
1080.0,18,197.0,3.7884615384615383,6.206167567028919,12,151.0,0.14686145506000264,6,76.0,0.4004791337704568,18,227.0
1085.0,21,193.0,3.784313725490196,5.370663548033909,14,198.0,0.1330072007666547,7,56.0,0.38717909653036015,21,254.0
1090.0,19,246.0,5.020408163265306,6.318476471455123,10,221.0,0.3148826597756713,9,84.0,0.35293704188565855,19,305.0
1095.0,17,235.0,5.108695652173913,5.77202945946961,8,222.0,0.3094497789104816,9,102.0,0.35155078503240716,17,324.0
1100.0,16,242.0,5.260869565217392,6.02100900609481,5,179.0,0.39481319240007035,11,142.0,0.2520652134645058,16,321.0
1105.0,16,244.0,5.191489361702128,5.430623221718702,7,190.0,0.292187688764778,9,151.0,0.24223473335725806,16,341.0
1110.0,16,281.0,5.9787234042553195,6.783139522562026,10,206.0,0.37634856624692226,6,133.0,0.3318027388263598,16,339.0
1115.0,11,222.0,5.045454545454546,6.682365324257504,6,207.0,0.3567931675012521,5,89.0,0.4211702382939521,11,296.0
1120.0,11,212.0,5.170731707317073,7.598258948585179,8,190.0,0.3997706682015441,3,54.0,0.4573496491633639,11,244.0
1125.0,14,221.0,5.666666666666667,5.963791446456104,9,192.0,0.3371986019406654,5,53.0,0.25008740389868683,14,245.0
1130.0,15,229.0,5.4523809523809526,6.083348802403175,10,210.0,0.41670811833811355,5,43.0,0.34825503438775585,15,253.0
1135.0,16,266.0,6.186046511627907,5.913896635655839,10,239.0,0.3789068663782007,6,63.0,0.48332413021049686,16,302.0
1140.0,14,255.0,6.375,6.13637007240313,12,260.0,0.3870741645322089,2,54.0,0.5659719405314015,14,314.0
1145.0,17,269.0,6.113636363636363,5.298645009097612,14,301.0,0.1694798888654945,3,20.0,0.6342370017171449,17,321.0
1150.0,12,291.0,5.82,7.208298964955245,9,315.0,0.266807884151857,3,35.0,0.6649955816905975,12,350.0
1155.0,14,147.0,2.4915254237288136,7.953514089303462,10,206.0,0.2368748675833846,4,51.0,0.6882136345628627,14,257.0
1160.0,16,172.0,2.9655172413793105,8.022755015129148,13,181.0,0.31707769002128394,3,50.0,0.6716177780205675,16,231.0
1165.0,16,220.0,4.074074074074074,7.4061798235341465,12,217.0,0.3010388938372665,4,69.0,0.6191027946207018,16,286.0
1170.0,16,265.0,5.096153846153846,7.452036625027939,8,210.0,0.49886688054826633,8,98.0,0.3436152191641136,16,308.0
1175.0,15,225.0,4.787234042553192,6.8047981729634,7,159.0,0.4597523066798405,8,128.0,0.3327991766475021,15,287.0
1180.0,20,295.0,6.276595744680851,4.848471059019697,12,170.0,0.24125706548022807,8,154.0,0.20839433512029315,20,324.0
1185.0,25,384.0,8.930232558139535,3.731040935125802,15,220.0,0.16574610685179927,10,202.0,0.2996309646299529,25,422.0
1190.0,16,368.0,8.177777777777777,5.103979255184507,9,243.0,0.2542480471782479,7,203.0,0.3550715840027879,16,446.0
1195.0,12,353.0,8.022727272727273,5.6123096944999,6,238.0,0.27129081176607,6,171.0,0.2438570447498836,12,409.0
1200.0,15,293.0,6.104166666666667,5.760704537089153,9,254.0,0.2943945590417166,6,126.0,0.2678018914823591,15,380.0
1205.0,17,180.0,3.9130434782608696,6.268601333652964,9,188.0,0.3312213873663661,8,102.0,0.3480121570399073,17,290.0
1210.0,15,149.0,3.311111111111111,6.606707741851934,10,120.0,0.3870960372835451,5,84.0,0.5025740351666876,15,204.0
1215.0,13,137.0,2.795918367346939,6.539443927139198,9,129.0,0.3079792124519227,4,63.0,0.5873664994362661,13,192.0
1220.0,8,82.0,1.7083333333333333,7.7190411105872885,5,104.0,0.4209710609646054,3,62.0,0.6272895667426874,8,166.0
1225.0,11,72.0,1.5,7.47095513993299,7,111.0,0.42884925575673855,4,36.0,0.5021336243453105,11,147.0
1230.0,14,99.0,2.020408163265306,6.132487347984529,9,126.0,0.33032553424783256,5,52.0,0.25824244951315994,14,178.0
1235.0,19,150.0,3.260869565217391,4.865836080903191,10,145.0,0.19571159713935563,9,84.0,0.3227043646143953,19,229.0
1240.0,13,151.0,3.4318181818181817,5.306526707225925,7,121.0,0.3167639383389379,6,108.0,0.3496645902703611,13,229.0
1245.0,13,190.0,4.222222222222222,6.321426275050337,6,132.0,0.373506991625418,7,131.0,0.3661681994044091,13,263.0
1250.0,17,178.0,3.7083333333333335,6.40073528415063,10,154.0,0.28781714831938743,7,126.0,0.4302816917855526,17,280.0
1255.0,17,229.0,4.673469387755102,6.212230163183281,10,167.0,0.2688730484430203,7,125.0,0.5327828919016672,17,292.0
1260.0,16,263.0,5.9772727272727275,5.571475257497711,7,150.0,0.38600048063121684,9,157.0,0.32456105356181036,16,307.0
1265.0,15,128.0,2.8444444444444446,5.00083565079169,6,104.0,0.35121588489206784,9,140.0,0.23675581922420025,15,244.0
1270.0,20,170.0,3.269230769230769,5.574671558978811,12,148.0,0.26219070405920836,8,75.0,0.3401988491632744,20,223.0
1275.0,17,169.0,2.9649122807017543,5.922897232318871,12,179.0,0.2993231532104218,5,71.0,0.45896469523626016,17,250.0
1280.0,14,192.0,3.3684210526315788,7.708480385864339,8,178.0,0.47653426043079894,6,58.0,0.5690794923807702,14,236.0
1285.0,11,142.0,2.6296296296296298,6.778699026229057,7,141.0,0.39054690926487184,4,69.0,0.4454994376836482,11,210.0
1290.0,19,220.0,4.0,6.126285573725112,12,177.0,0.3022215342578122,7,89.0,0.3601718535836939,19,266.0
1295.0,21,150.0,2.6785714285714284,5.773143843217738,14,163.0,0.2214033757632775,7,87.0,0.4530961874443747,21,250.0
1300.0,17,175.0,3.240740740740741,6.766408773434161,13,180.0,0.3044067523485606,4,52.0,0.5453292924062965,17,232.0
1305.0,15,131.0,2.425925925925926,5.851450555395908,11,195.0,0.29612673723737243,4,37.0,0.43372760046362097,15,232.0
1310.0,12,89.0,1.6481481481481481,6.928830639932847,7,161.0,0.31124394256208476,5,21.0,0.5199910467315704,12,182.0
1315.0,12,82.0,1.5471698113207548,6.325855980825631,8,157.0,0.2831517518040046,4,29.0,0.4684134222969644,12,186.0
1320.0,24,182.0,3.309090909090909,6.302856169526037,17,217.0,0.2229263394410697,7,64.0,0.48337043005979463,24,281.0
1325.0,22,214.0,3.962962962962963,5.526769968604937,17,276.0,0.22106056672762062,5,67.0,0.48873610043186017,22,343.0
1330.0,20,268.0,4.962962962962963,6.214368483947858,16,340.0,0.2657729629706728,4,48.0,0.5042425072921047,20,388.0
1335.0,21,281.0,5.203703703703703,5.398582695118263,15,350.0,0.22556297229390943,6,64.0,0.43750900921174807,21,414.0
1340.0,20,258.0,4.777777777777778,5.7544327228827665,12,303.0,0.28395086079529785,8,83.0,0.31127804590082647,20,386.0
1345.0,19,204.0,3.709090909090909,4.656435829706781,12,284.0,0.2665189192173875,7,94.0,0.17368524922956935,19,378.0
1350.0,21,203.0,3.759259259259259,5.591720120574142,15,289.0,0.23255805827808299,6,107.0,0.39881142251333684,21,396.0
1355.0,19,272.0,4.945454545454545,6.067672061521239,13,297.0,0.20334866100993956,6,137.0,0.5657963769308787,19,434.0
1360.0,21,324.0,6.48,5.891099829644304,18,373.0,0.1506766902214241,3,124.0,0.5831021148008784,21,497.0
1365.0,18,349.0,6.711538461538462,5.503392162453716,15,386.0,0.12372914159180176,3,118.0,0.5488211834152761,18,504.0
1370.0,17,338.0,6.8979591836734695,6.347693582496314,10,338.0,0.3588958631687851,7,148.0,0.3537059602757173,17,486.0
1375.0,14,234.0,4.875,6.773812644924639,9,328.0,0.37256910412080346,5,78.0,0.4733821101615866,14,406.0
1380.0,17,204.0,4.163265306122449,6.419685203600879,11,296.0,0.2652723282212551,6,102.0,0.5280738530686495,17,398.0
1385.0,17,229.0,4.58,5.2681906226867765,13,316.0,0.22640633278000025,4,105.0,0.5028476825125994,17,421.0
1390.0,21,274.0,5.48,5.739423446952088,13,321.0,0.29648195930802745,8,102.0,0.38640271473837906,21,423.0
1395.0,14,161.0,3.3541666666666665,5.3145568634596225,8,257.0,0.331207299003328,6,82.0,0.16065728436020085,14,339.0
1400.0,15,148.0,2.96,6.7714936851072665,8,174.0,0.4542216363275769,7,75.0,0.17303247561323543,15,249.0
1405.0,14,173.0,3.5306122448979593,6.9583672890924575,8,151.0,0.39092852064362815,6,90.0,0.4328775477664785,14,241.0
1410.0,16,171.0,3.5625,6.752672100579365,11,134.0,0.38755559681318824,5,74.0,0.4425122140213531,16,208.0
1415.0,18,168.0,3.5,5.640202050571195,11,132.0,0.3065531352832807,7,92.0,0.4825067101605122,18,224.0
1420.0,23,226.0,4.52,5.023898168848907,14,155.0,0.261620524912724,9,122.0,0.4234556999411842,23,277.0
1425.0,26,322.0,5.8545454545454545,4.401556282303091,15,218.0,0.23962157097471487,11,149.0,0.38580587450750836,26,367.0
1430.0,25,339.0,6.053571428571429,4.221149302345422,16,280.0,0.282821110424651,9,139.0,0.2957676410872238,25,419.0
1435.0,18,272.0,4.771929824561403,5.325055932761587,14,298.0,0.2420961338182728,4,94.0,0.4204324174366548,18,392.0
1440.0,16,275.0,5.092592592592593,5.808338775754862,11,286.0,0.17557819180462364,5,67.0,0.4101907827410895,16,353.0
1445.0,17,188.0,3.418181818181818,5.696224540425422,12,264.0,0.1858927106700204,5,55.0,0.3730367490403383,17,319.0
1450.0,21,158.0,2.8214285714285716,5.424477706922777,11,248.0,0.23440850396288807,10,85.0,0.320449160479259,21,333.0
1455.0,18,185.0,3.490566037735849,5.742807611816826,8,251.0,0.3518874617210022,10,116.0,0.4110973731404369,18,367.0
1460.0,17,213.0,3.9444444444444446,6.750553407627592,11,236.0,0.30663707898743214,6,111.0,0.4945810259716859,17,347.0
1465.0,17,194.0,3.5925925925925926,5.840158763158422,10,240.0,0.2752293416698953,7,89.0,0.3440324537418209,17,329.0
1470.0,21,253.0,4.685185185185185,5.380157450640232,10,230.0,0.25648053930950526,11,103.0,0.2518553672373223,21,333.0
1475.0,22,252.0,4.421052631578948,5.5486579934922355,10,224.0,0.33107861578440995,12,141.0,0.3243449254350989,22,365.0
1480.0,24,355.0,6.120689655172414,5.593397761368919,13,267.0,0.37969033559236315,11,175.0,0.29773954752295545,24,442.0
1485.0,20,341.0,5.683333333333334,5.476733122619589,9,279.0,0.4150200322155405,11,195.0,0.3448706774831543,20,474.0
1490.0,15,303.0,5.05,6.748832940481938,11,274.0,0.4264692074624213,4,152.0,0.4365057504133197,15,426.0
1495.0,18,336.0,5.694915254237288,6.1039248350250865,12,280.0,0.30204298855538525,6,132.0,0.33556361293933523,18,412.0
1500.0,21,353.0,5.603174603174603,5.31420564762964,16,311.0,0.2065986236752901,5,135.0,0.2208117494952915,21,446.0
1505.0,29,293.0,4.650793650793651,4.984396773527614,19,258.0,0.21861674615811802,10,160.0,0.3265324505997482,29,418.0
1510.0,25,387.0,6.559322033898305,5.844901698909233,19,296.0,0.30460990399939897,6,172.0,0.4897971699388846,25,468.0
1515.0,20,412.0,7.103448275862069,5.67071917917637,15,329.0,0.24464179580023118,5,170.0,0.569046109125937,20,499.0
1520.0,22,321.0,5.35,5.66671930637578,18,363.0,0.17656739923773743,4,77.0,0.49030483800934754,22,440.0
1525.0,23,322.0,5.4576271186440675,5.629614327042345,17,395.0,0.2273495999420459,6,62.0,0.4366937980577411,23,457.0
1530.0,20,207.0,3.6964285714285716,5.919968408775562,12,347.0,0.30541434714383825,8,73.0,0.2989872723155869,20,420.0
1535.0,16,260.0,4.814814814814815,5.713979508784617,7,289.0,0.3572639007750921,9,112.0,0.14586727434047572,16,401.0
1540.0,19,278.0,4.87719298245614,6.046160597303255,11,316.0,0.35428695648035047,8,124.0,0.3411222758145076,19,440.0
1545.0,18,308.0,5.5,6.406374965301986,14,336.0,0.26733044654927557,4,90.0,0.6129881660402992,18,426.0
1550.0,13,305.0,5.648148148148148,6.7870700787191005,10,338.0,0.3171373276922129,3,32.0,0.6054171024137063,13,370.0
1555.0,15,278.0,5.148148148148148,6.214149846748034,8,332.0,0.3827797412861495,7,57.0,0.307779309973215,15,389.0
1560.0,21,313.0,5.6909090909090905,5.561052119428684,13,328.0,0.36011694495609464,8,77.0,0.2093153647982251,21,405.0
1565.0,23,287.0,5.314814814814815,5.9436423791100035,14,303.0,0.34330306509109776,9,98.0,0.40510124452299934,23,401.0
1570.0,19,192.0,3.5555555555555554,5.30887452733425,14,300.0,0.24976149677121576,5,99.0,0.4711145116836277,19,399.0
1575.0,18,188.0,3.2413793103448274,5.67899583481241,15,336.0,0.18170776043217204,3,65.0,0.5806127194795919,18,401.0
1580.0,18,171.0,3.0,5.896559625673162,14,329.0,0.20028738979856936,4,46.0,0.5508214438558868,18,375.0
1585.0,23,209.0,3.6666666666666665,5.552385645416454,15,359.0,0.21586119164624704,8,72.0,0.38927983496318086,23,431.0
1590.0,24,237.0,4.3090909090909095,4.509735928245456,17,381.0,0.17894686634125506,7,83.0,0.24673869044114102,24,464.0
1595.0,21,302.0,5.8076923076923075,5.007725514487976,14,429.0,0.2027953881728692,7,77.0,0.3497081983259747,21,506.0
1600.0,23,335.0,6.320754716981132,5.440799283830241,17,459.0,0.22769527339626425,6,71.0,0.38270806982252126,23,530.0
1605.0,23,326.0,5.927272727272728,6.248096496996311,15,482.0,0.3242444599979634,8,85.0,0.37125386094950297,23,567.0
1610.0,21,386.0,6.655172413793103,6.5631410890845805,13,472.0,0.37884775044734714,8,111.0,0.3893182687252488,21,583.0
1615.0,23,414.0,7.137931034482759,6.109617056166958,14,427.0,0.3035195458832164,9,141.0,0.46904359312341737,23,568.0
1620.0,18,230.0,4.181818181818182,5.511050442213462,12,349.0,0.19482790872303274,6,128.0,0.48339414579325013,18,477.0
1625.0,22,261.0,4.745454545454545,5.055338671141801,12,359.0,0.17872226033747096,10,122.0,0.4301645836077173,22,481.0
1630.0,24,228.0,4.222222222222222,4.249613776111801,14,360.0,0.14540492621947795,10,124.0,0.2888917594644876,24,484.0
1635.0,21,206.0,3.7454545454545456,4.768483655762069,15,383.0,0.15790531554141116,6,98.0,0.3334207508351089,21,481.0
1640.0,21,257.0,4.508771929824562,5.848217312682784,12,371.0,0.23381983444730445,9,119.0,0.3030151645234184,21,490.0
1645.0,16,222.0,3.7,6.239475579265533,10,331.0,0.2312773746514367,6,111.0,0.38340723339920885,16,442.0
1650.0,19,239.0,3.9833333333333334,7.092172708375261,9,269.0,0.3533378301553242,10,102.0,0.4446310076812085,19,371.0
1655.0,12,170.0,2.8813559322033897,6.938892072080867,4,236.0,0.4875055530603064,8,114.0,0.4221243275128298,12,350.0
1660.0,18,244.0,4.280701754385965,6.478014735679112,8,225.0,0.5096818884518792,10,160.0,0.2987144458638909,18,385.0
1665.0,21,263.0,4.614035087719298,5.339839926930631,11,215.0,0.3752552906440389,10,181.0,0.28146215333350366,21,396.0
1670.0,21,286.0,4.8474576271186445,5.39270675237287,13,224.0,0.24789909376705718,8,156.0,0.3546715793715344,21,380.0
1675.0,20,183.0,3.210526315789474,5.10524935056561,13,185.0,0.21832990214999645,7,81.0,0.44106150725080984,20,266.0
1680.0,27,285.0,4.596774193548387,5.710735540383789,17,232.0,0.20522245044954152,10,117.0,0.47268571165439033,27,349.0
1685.0,28,281.0,4.683333333333334,5.009350358822977,17,246.0,0.2657691912081504,11,149.0,0.3746663955725143,28,395.0
1690.0,26,313.0,5.131147540983607,5.2768556312788855,14,258.0,0.3428656761499064,12,168.0,0.28657311358534093,26,426.0
1695.0,23,280.0,4.375,4.505529126085065,13,276.0,0.3137823551220926,10,177.0,0.2192751961769832,23,453.0
1700.0,24,297.0,4.432835820895522,5.794966607870543,15,277.0,0.30509624039904076,9,167.0,0.36035860032835815,24,444.0
1705.0,25,289.0,4.313432835820896,5.037444751806731,18,328.0,0.19070903315465756,7,136.0,0.4100673563372065,25,464.0
1710.0,30,302.0,4.4411764705882355,4.392770533577887,19,389.0,0.18231882569763547,11,169.0,0.33639298613639573,30,558.0
1715.0,31,337.0,4.814285714285714,3.9775076088081125,18,408.0,0.26240162959504265,13,199.0,0.2708560498868477,31,607.0
1720.0,26,400.0,5.797101449275362,5.247004222850421,17,447.0,0.28879679661848656,9,202.0,0.4083746865227109,26,649.0
1725.0,30,361.0,5.084507042253521,4.4490837484764825,21,476.0,0.14377388641873995,9,198.0,0.40640356527454596,30,674.0
1730.0,30,334.0,4.704225352112676,4.769916737062914,16,446.0,0.14311281815669818,14,212.0,0.3289936596140775,30,658.0
1735.0,32,335.0,4.926470588235294,4.159279001877553,16,426.0,0.22256477019587897,16,204.0,0.2074444954015732,32,630.0
1740.0,34,364.0,5.27536231884058,3.872423550473033,16,407.0,0.22907714335906926,18,226.0,0.21137150464415336,34,633.0
1745.0,35,358.0,5.264705882352941,3.8215217352972974,17,427.0,0.3033193820266506,18,265.0,0.1918906189539141,35,692.0
1750.0,33,379.0,5.338028169014085,4.551082765407422,21,470.0,0.2848513660568463,12,250.0,0.2403469235577665,33,720.0
1755.0,30,381.0,5.148648648648648,4.442759044770813,21,508.0,0.15983405528308087,9,236.0,0.30183433988842145,30,744.0
1760.0,30,414.0,5.594594594594595,5.194547692799425,18,527.0,0.22076997102711873,12,223.0,0.3082023134735776,30,750.0
1765.0,31,493.0,6.7534246575342465,4.836570248793295,18,542.0,0.2587315700585413,13,242.0,0.27813186252321676,31,784.0
1770.0,27,510.0,7.285714285714286,5.074762665315561,18,533.0,0.20737022935916494,9,230.0,0.35608434691213536,27,763.0
1775.0,26,370.0,5.606060606060606,4.3486074928467415,19,517.0,0.11845253647233202,7,182.0,0.38268831906258777,26,699.0
1780.0,33,341.0,5.166666666666667,4.606423179330955,20,481.0,0.13794585349747143,13,177.0,0.2895017560535589,33,658.0
1785.0,32,395.0,5.984848484848484,4.283211241975513,19,510.0,0.16079804734748843,13,219.0,0.2979070012775944,32,729.0
1790.0,29,398.0,6.03030303030303,5.386027464297973,14,489.0,0.278703255026797,15,260.0,0.3021089740407904,29,749.0
1795.0,28,377.0,6.080645161290323,5.006357435429648,13,476.0,0.28451154014585633,15,266.0,0.2514647273644173,28,742.0
1800.0,29,430.0,6.935483870967742,4.404863987893519,15,471.0,0.15955725661469394,14,262.0,0.23430866887766186,29,733.0
1805.0,32,322.0,5.366666666666666,3.405845238651736,17,460.0,0.14728031719331083,15,276.0,0.21770674138454849,32,736.0
1810.0,27,322.0,5.193548387096774,4.484569109537076,18,480.0,0.21473149437001196,9,226.0,0.3027215609361993,27,706.0
1815.0,27,386.0,6.126984126984127,5.155727701927729,16,493.0,0.26016332767682004,11,197.0,0.34520650758528887,27,690.0
1820.0,20,327.0,4.954545454545454,5.785153007243926,8,429.0,0.2937777870889169,12,214.0,0.3495136665987578,20,643.0
1825.0,24,311.0,4.641791044776119,5.919178326245046,10,388.0,0.29101401315580555,14,237.0,0.3908292231402521,24,625.0
1830.0,29,292.0,4.492307692307692,4.563742863232527,15,321.0,0.23080891058746236,14,256.0,0.25831703590844246,29,577.0
1835.0,31,388.0,5.969230769230769,4.363291306154554,15,336.0,0.25412234237898074,16,275.0,0.2734638344184964,31,611.0
1840.0,26,405.0,6.428571428571429,4.5942433088127395,11,313.0,0.32069108831578913,15,300.0,0.2186681085632717,26,613.0
1845.0,21,332.0,5.26984126984127,4.798958963775418,11,288.0,0.31264469974076625,10,280.0,0.1456673418813823,21,568.0
1850.0,23,216.0,3.2238805970149254,4.8512889227820475,14,290.0,0.2744944940989603,9,241.0,0.21345500193694547,23,531.0
1855.0,31,296.0,4.2898550724637685,4.8762378050213515,18,326.0,0.2979640570528193,13,186.0,0.2672852487323533,31,512.0
1860.0,26,344.0,4.9855072463768115,5.210523357213298,13,327.0,0.32512867223084874,13,217.0,0.2451274991643424,26,544.0
1865.0,23,318.0,4.542857142857143,5.292649213529747,15,348.0,0.22509191768809866,8,191.0,0.3451929360717402,23,539.0
1870.0,24,298.0,4.382352941176471,4.715504245731709,16,360.0,0.105175653730216,8,161.0,0.3230224210992067,24,521.0
1875.0,32,324.0,4.764705882352941,4.931808490921136,21,378.0,0.08084529162007124,11,160.0,0.4438302094744392,32,538.0
1880.0,33,362.0,5.569230769230769,4.591814194078952,23,395.0,0.15379602805258522,10,177.0,0.38667661016327837,33,572.0
1885.0,34,412.0,6.4375,3.6157118727027076,21,451.0,0.1703597469525173,13,180.0,0.29567500492067594,34,631.0
1890.0,30,380.0,5.9375,4.031393000660086,15,425.0,0.24872787787100867,15,209.0,0.24325105884660336,30,634.0
1895.0,24,387.0,6.046875,4.504840347352225,13,441.0,0.21723149227939312,11,190.0,0.2505456408920082,24,631.0
1900.0,25,392.0,5.764705882352941,5.328346882680454,16,428.0,0.1507125521783246,9,190.0,0.38462589928058966,25,618.0
1905.0,34,390.0,5.6521739130434785,5.383387869567873,20,424.0,0.1919068254588323,14,200.0,0.4203685016161332,34,624.0
1910.0,30,347.0,5.17910447761194,5.116112111724437,18,403.0,0.2597811539455076,12,208.0,0.3588546126796197,30,611.0
1915.0,30,403.0,5.926470588235294,4.046931636897436,16,424.0,0.20424610847931443,14,206.0,0.28364045024724005,30,630.0
1920.0,30,359.0,5.358208955223881,4.627084034640765,12,369.0,0.33455374015074807,18,248.0,0.2764406291116192,30,617.0
1925.0,24,364.0,5.27536231884058,5.141454275671602,11,354.0,0.32660895429202064,13,247.0,0.2694700106850046,24,601.0
1930.0,20,311.0,4.507246376811594,4.815659904027286,8,306.0,0.3132737528238919,12,277.0,0.16467142507538382,20,583.0
1935.0,33,395.0,5.8088235294117645,4.2587782827664995,15,282.0,0.19362758141562772,18,324.0,0.20096552998514364,33,606.0
1940.0,35,401.0,5.897058823529412,3.7903511856698304,17,332.0,0.16227220290564345,18,334.0,0.2600914186647856,35,666.0
1945.0,27,442.0,6.696969696969697,4.431276908961628,11,345.0,0.28623381196414804,16,299.0,0.2428619525287755,27,644.0
1950.0,25,360.0,5.454545454545454,4.585844736117554,7,282.0,0.3543538598710023,18,329.0,0.2056226298609822,25,611.0
1955.0,23,362.0,5.484848484848484,5.49392216033031,11,247.0,0.27636232523838616,12,315.0,0.33355640496287914,23,562.0
1960.0,25,206.0,3.121212121212121,4.6146937123634,17,211.0,0.1618600283198762,8,286.0,0.2979888661351434,25,497.0
1965.0,30,278.0,4.212121212121212,5.005075920968764,17,235.0,0.2731379297562785,13,233.0,0.25534508996125,30,468.0
1970.0,29,328.0,5.125,4.634465535700489,14,265.0,0.35307912677614983,15,251.0,0.19467359638908638,29,516.0
1975.0,17,236.0,3.6307692307692307,4.723123151541667,8,232.0,0.25105368610350526,9,235.0,0.21844634996978374,17,467.0
1980.0,19,225.0,3.409090909090909,4.522510067038533,7,230.0,0.21035528230390824,12,253.0,0.20780275705233078,19,483.0
1985.0,29,338.0,4.898550724637682,5.302770095950418,14,273.0,0.26070410216541784,15,304.0,0.22012142232476214,29,577.0
1990.0,28,420.0,6.666666666666667,4.218325101577042,14,288.0,0.2154310380575363,14,353.0,0.2506766063898784,28,641.0
1995.0,22,432.0,7.081967213114754,5.0923416042582845,11,243.0,0.2169372883228295,11,360.0,0.2778206139090904,22,603.0
2000.0,17,293.0,4.650793650793651,4.576166462020114,6,225.0,0.20887830337861255,11,356.0,0.17000469188620673,17,581.0
2005.0,26,318.0,4.746268656716418,5.794224967352717,10,200.0,0.3213504358008342,16,336.0,0.2545143111513302,26,536.0
2010.0,27,274.0,4.151515151515151,4.98048205396488,13,201.0,0.34376710366632157,14,293.0,0.3060597544212243,27,494.0
2015.0,22,281.0,4.4603174603174605,5.291324713912069,8,178.0,0.3497939604618775,14,255.0,0.2683975040314294,22,433.0
2020.0,21,277.0,4.540983606557377,5.58414200189258,8,159.0,0.342412282384279,13,267.0,0.2509590204672462,21,426.0
2025.0,13,216.0,3.4285714285714284,5.88605813219256,7,142.0,0.3002201008097687,6,228.0,0.20749838876841084,13,370.0
2030.0,14,145.0,2.457627118644068,5.577044133082571,11,173.0,0.2280112946193421,3,144.0,0.37144716513134657,14,317.0
2035.0,23,209.0,3.542372881355932,5.096317093766861,14,214.0,0.2681225462386713,9,112.0,0.3426885631957506,23,326.0
2040.0,17,228.0,4.0,5.498633804952298,7,221.0,0.3441302179269481,10,130.0,0.3574074465560319,17,351.0
2045.0,21,254.0,4.535714285714286,4.828953159677715,9,195.0,0.2938925597605933,12,182.0,0.24850356710824784,21,377.0
2050.0,27,322.0,5.366666666666666,5.188993162525679,15,260.0,0.2563475583000542,12,198.0,0.31741537963072836,27,458.0
2055.0,25,330.0,5.7894736842105265,5.046586540320355,18,316.0,0.21150964563876923,7,162.0,0.37683329594011056,25,478.0
2060.0,19,376.0,6.836363636363636,5.731362505641961,9,320.0,0.21045454958185814,10,157.0,0.36082102815863903,19,477.0
2065.0,16,228.0,4.222222222222222,5.243517165196228,8,253.0,0.20262581817691147,8,144.0,0.18347154166701324,16,397.0
2070.0,27,338.0,6.377358490566038,5.195222327398478,14,229.0,0.2652319234920585,13,185.0,0.20129597165332228,27,414.0
2075.0,24,365.0,7.3,5.002362800271327,14,278.0,0.2874318324232545,10,202.0,0.24854662561657753,24,480.0
2080.0,24,474.0,9.875,4.960976276393877,15,342.0,0.2719227841011818,9,208.0,0.3101753960835805,24,550.0
2085.0,22,450.0,9.0,4.30918117662637,13,364.0,0.2171605470318325,9,220.0,0.27338367008784203,22,584.0
2090.0,12,370.0,7.115384615384615,6.842881221036243,8,324.0,0.2898347050486318,4,169.0,0.5099241920738724,12,493.0
2095.0,12,139.0,2.836734693877551,6.2824905743189055,9,253.0,0.29357216677387554,3,89.0,0.3890480449214202,12,342.0
2100.0,21,161.0,3.0377358490566038,6.331734672274807,13,193.0,0.2617109832087746,8,87.0,0.4067235442187925,21,280.0
2105.0,18,166.0,3.3877551020408165,5.116425898310692,13,202.0,0.29068732778709816,5,76.0,0.3742423685374618,18,278.0
2110.0,16,203.0,4.319148936170213,6.774308453537972,8,182.0,0.4217040559617991,8,93.0,0.4445895479112527,16,275.0
2115.0,13,184.0,3.8333333333333335,5.453952121289053,7,159.0,0.2846045830533684,6,118.0,0.3370038949488879,13,277.0
2120.0,23,278.0,5.346153846153846,5.744414043126512,14,201.0,0.20616633197988402,9,152.0,0.3596132300876032,23,353.0
2125.0,21,269.0,5.604166666666667,4.912088521735687,13,201.0,0.22680518458731913,8,178.0,0.32462401020378645,21,379.0
2130.0,23,380.0,7.450980392156863,5.6986191399292325,14,243.0,0.2910351285029092,9,215.0,0.38063662913762547,23,458.0
2135.0,19,262.0,5.24,5.463803896533416,12,254.0,0.3251804344409519,7,167.0,0.3589575498163792,19,421.0
2140.0,9,134.0,2.68,6.711932711732445,5,203.0,0.31995491599660986,4,66.0,0.5083253388144691,9,269.0
2145.0,11,95.0,2.159090909090909,6.904562667918626,6,116.0,0.36646223881477863,5,64.0,0.2812009232046601,11,180.0
2150.0,14,98.0,2.0851063829787235,6.070170586957889,8,98.0,0.1351052702628317,6,66.0,0.363775786930458,14,164.0
2155.0,18,145.0,3.152173913043478,5.975665243166234,12,130.0,0.2610219761632831,6,81.0,0.43465290416665114,18,211.0
2160.0,14,159.0,3.6136363636363638,6.689757615132737,11,170.0,0.4054113959711197,3,63.0,0.5394022202875886,14,233.0
2165.0,12,150.0,3.125,7.555261499960419,8,168.0,0.47400771808624514,4,49.0,0.5829354726644523,12,217.0
2170.0,11,106.0,2.12,7.587854330294376,4,104.0,0.42780764450058956,7,53.0,0.569241081656832,11,157.0
2175.0,15,156.0,2.943396226415094,6.794556375097148,7,119.0,0.35511518980291595,8,89.0,0.461795519910782,15,208.0
2180.0,21,196.0,3.69811320754717,5.5391163688077025,14,175.0,0.19268136515024586,7,96.0,0.46070827577256246,21,271.0
2185.0,22,244.0,4.60377358490566,5.252241574214319,13,203.0,0.23507276244979297,9,90.0,0.39699935400220765,22,293.0
2190.0,18,255.0,4.903846153846154,5.869268971154953,8,198.0,0.37010452628850565,10,112.0,0.3018002255383528,18,310.0
2195.0,17,225.0,4.017857142857143,5.96732561027243,7,191.0,0.3802761237046742,10,120.0,0.23552522234288684,17,311.0
2200.0,22,272.0,4.857142857142857,6.112248170491433,12,195.0,0.29310320350737695,10,139.0,0.3908525260173202,22,334.0
2205.0,21,302.0,5.592592592592593,6.097351578674547,13,243.0,0.27414370699674473,8,152.0,0.4320201902271698,21,395.0
2210.0,18,325.0,6.132075471698113,5.609049621532662,11,277.0,0.321831050063591,7,166.0,0.3613045734407742,18,443.0
2215.0,23,354.0,6.9411764705882355,4.501266711525382,10,283.0,0.3320224384567933,13,196.0,0.20702863508032215,23,479.0
2220.0,20,348.0,7.1020408163265305,4.9718979492687865,8,254.0,0.3839230325058533,12,204.0,0.18947586308701847,20,458.0
2225.0,18,258.0,5.375,5.20259451854652,9,205.0,0.2709571321037999,9,187.0,0.16397923329936567,18,392.0
2230.0,22,249.0,4.788461538461538,4.847526176735454,12,160.0,0.1708629588994943,10,203.0,0.13846168956029792,22,363.0
2235.0,20,262.0,4.851851851851852,5.605662865766326,10,193.0,0.2585219702175944,10,195.0,0.37027028203234014,20,388.0
2240.0,16,194.0,3.88,6.604552421144202,8,188.0,0.3908093587887812,8,158.0,0.4704214562102582,16,346.0
2245.0,16,187.0,3.6666666666666665,6.745452560308401,8,197.0,0.4252899482126114,8,142.0,0.4418013923873666,16,339.0
2250.0,19,186.0,3.4444444444444446,5.963263807952075,10,173.0,0.3487937508725519,9,140.0,0.3906455491733824,19,313.0
2255.0,18,206.0,3.814814814814815,6.316239026578462,11,183.0,0.2829307241444366,7,127.0,0.4807014806668125,18,310.0
2260.0,22,226.0,4.185185185185185,5.077885180990042,12,204.0,0.27932282095288263,10,136.0,0.2601721978267339,22,340.0
2265.0,26,248.0,4.509090909090909,4.205596713916299,12,209.0,0.25976566074773616,14,151.0,0.19890865583696907,26,360.0
2270.0,27,289.0,5.160714285714286,4.274992974638884,10,199.0,0.3457828584853539,17,212.0,0.15720696859540748,27,411.0
2275.0,22,344.0,5.931034482758621,5.4967919847774835,11,227.0,0.3346933818770033,11,231.0,0.27839776957146883,22,458.0
2280.0,22,353.0,5.603174603174603,5.594646653210201,11,252.0,0.30461418089140707,11,247.0,0.2711535626619469,22,499.0
2285.0,24,364.0,5.777777777777778,6.1968188509843865,10,256.0,0.3506340688895236,14,256.0,0.3604701536582603,24,512.0
2290.0,29,387.0,6.45,5.502997154664532,15,268.0,0.28608783233740714,14,270.0,0.35255782176761663,29,538.0
2295.0,25,387.0,6.45,4.755388621973054,12,290.0,0.21652612928436468,13,275.0,0.3664353229607294,25,565.0
2300.0,25,380.0,6.333333333333333,3.9900500181440126,11,259.0,0.2469271007754927,14,291.0,0.1980766993150836,25,550.0
2305.0,19,242.0,3.903225806451613,4.767189894139519,8,181.0,0.28881744284175154,11,262.0,0.19875000814477442,19,443.0
2310.0,20,249.0,3.716417910447761,6.07965621060078,11,172.0,0.3386634041569576,9,265.0,0.2887601297455873,20,437.0
2315.0,25,282.0,4.147058823529412,6.772605525767473,12,181.0,0.4543670421049045,13,289.0,0.3145907654794136,25,470.0
2320.0,28,357.0,5.3283582089552235,5.8523044195507135,11,173.0,0.4920500185753471,17,331.0,0.21786766452657425,28,504.0
2325.0,22,378.0,5.90625,5.390182574366504,11,174.0,0.39224790936977744,11,334.0,0.22685668356723157,22,508.0
2330.0,18,228.0,3.5625,5.290899632857103,9,157.0,0.2940313563599204,9,290.0,0.30592425331470213,18,447.0
2335.0,27,296.0,4.625,4.59984674402622,13,206.0,0.1584892466736461,14,247.0,0.29258946522698764,27,453.0
2340.0,33,371.0,5.621212121212121,4.70689376107941,17,272.0,0.21189534119779552,16,267.0,0.2504460236516174,33,539.0
2345.0,29,363.0,5.854838709677419,4.8533784770828365,15,306.0,0.29094237162760067,14,262.0,0.29379956407313396,29,568.0
2350.0,28,412.0,6.4375,4.909672123468221,16,333.0,0.32778012882376745,12,285.0,0.2667515619574586,28,618.0
2355.0,24,335.0,5.153846153846154,4.666595057620766,14,334.0,0.26833091647842333,10,264.0,0.25974201178629874,24,598.0
2360.0,21,316.0,5.180327868852459,5.899932988528417,9,256.0,0.32367663112589606,12,249.0,0.3433898790664043,21,505.0
2365.0,16,253.0,3.8333333333333335,5.582822674706074,5,246.0,0.35405600863213826,11,223.0,0.21268713267035685,16,469.0
2370.0,29,368.0,5.111111111111111,5.855008221467287,14,267.0,0.32545643017265863,15,276.0,0.29274933349053955,29,543.0
2375.0,29,356.0,5.014084507042254,6.244553506932509,15,291.0,0.3733245847692152,14,282.0,0.4252975310681822,29,573.0
2380.0,29,368.0,5.183098591549296,5.456350054478056,15,269.0,0.3059854722536943,14,276.0,0.36386350012950436,29,545.0
2385.0,35,389.0,5.720588235294118,3.412531756435405,19,285.0,0.16063950366161353,16,302.0,0.2531290428310657,35,587.0
2390.0,32,391.0,5.924242424242424,3.8323291644133786,18,259.0,0.17914670388029855,14,290.0,0.16840279350681014,32,549.0
2395.0,30,295.0,4.758064516129032,3.719892923170196,14,253.0,0.17047112552427354,16,278.0,0.07452324519102586,30,531.0
2400.0,30,318.0,4.818181818181818,4.884654784146556,13,233.0,0.22015507559127712,17,282.0,0.12353462853254428,30,515.0
2405.0,30,359.0,5.609375,5.05849700266628,15,277.0,0.24376520489894107,15,307.0,0.25051992532320755,30,584.0
2410.0,28,379.0,6.213114754098361,4.898082515417624,14,306.0,0.21835945771353646,14,311.0,0.3294854204680694,28,617.0
2415.0,28,379.0,6.112903225806452,3.9878707022318074,15,329.0,0.17900949194059748,13,315.0,0.29394237387720995,28,644.0
2420.0,18,310.0,5.254237288135593,5.2514721645625055,10,316.0,0.2742715343519488,8,266.0,0.28931131916770547,18,582.0
2425.0,16,203.0,3.625,5.699976501096239,9,313.0,0.262367353493548,7,190.0,0.3017834170733268,16,503.0
2430.0,25,263.0,4.311475409836065,5.9159266549916465,14,294.0,0.2730461175946702,11,197.0,0.286902462298919,25,491.0
2435.0,27,347.0,6.087719298245614,5.240469911654049,12,338.0,0.344198697669418,15,236.0,0.27530136848502623,27,574.0
2440.0,24,408.0,7.157894736842105,4.764263562396348,11,348.0,0.33442001813519856,13,269.0,0.2353843742029758,24,617.0
2445.0,24,340.0,5.483870967741935,4.596875726589166,10,310.0,0.3499189223653818,14,286.0,0.1474704674350573,24,596.0
2450.0,21,334.0,5.475409836065574,6.11315052594118,13,289.0,0.31558155932879056,8,263.0,0.3791469039501283,21,552.0
2455.0,22,305.0,5.0,5.941663819052216,13,260.0,0.17840851636439028,9,245.0,0.4307095593419575,22,505.0
2460.0,23,311.0,4.936507936507937,5.858474067863228,16,179.0,0.13880746500819593,7,250.0,0.3932530035900869,23,429.0
2465.0,26,373.0,6.016129032258065,5.279777013641147,14,212.0,0.2515485855341871,12,295.0,0.3146429935595648,26,507.0
2470.0,22,382.0,6.47457627118644,5.775728498934216,9,189.0,0.3742405205457921,13,344.0,0.277141664402315,22,533.0
2475.0,18,390.0,6.964285714285714,5.829945798334488,8,203.0,0.4025618213879964,10,351.0,0.29960080653014004,18,554.0
2480.0,23,324.0,5.491525423728813,5.302601150444998,12,229.0,0.22038948077181292,11,307.0,0.3358501552243757,23,536.0
2485.0,25,372.0,6.642857142857143,5.8631321266865255,11,246.0,0.3137772705187143,14,247.0,0.3883332039276827,25,493.0
2490.0,19,307.0,5.581818181818182,5.820197152405007,8,224.0,0.3972273907316649,11,215.0,0.33391265257385094,19,439.0
2495.0,22,217.0,3.807017543859649,5.909666681394662,8,172.0,0.3917750728641253,14,196.0,0.24669412143313027,22,368.0
2500.0,24,255.0,4.322033898305085,5.4082248154345836,10,138.0,0.3131630730835075,14,226.0,0.23649427340303342,24,364.0
2505.0,20,250.0,4.385964912280702,5.666831887573449,10,164.0,0.35949330854842587,10,193.0,0.25542553408970625,20,357.0
2510.0,16,219.0,3.9107142857142856,6.125041052513032,7,179.0,0.4175188487741401,9,176.0,0.24731974862844178,16,355.0
2515.0,18,191.0,3.4107142857142856,5.277953451483052,7,131.0,0.3019986412492356,11,181.0,0.18962514669572111,18,312.0
2520.0,26,260.0,4.7272727272727275,5.563381412920786,12,156.0,0.40285489589688295,14,206.0,0.17484825347978356,26,362.0
2525.0,25,363.0,6.849056603773585,5.338244761351197,10,202.0,0.43684469987098273,15,252.0,0.1763594509918626,25,454.0
2530.0,24,404.0,7.622641509433962,4.78497863478717,12,240.0,0.39194047050592457,12,265.0,0.2242118843045251,24,505.0
2535.0,20,343.0,6.596153846153846,5.419964408217898,13,268.0,0.34972103053506925,7,201.0,0.35531542998840826,20,469.0
2540.0,15,338.0,6.2592592592592595,5.674280959330234,9,256.0,0.2721751266300453,6,199.0,0.37678462552449016,15,455.0
2545.0,19,210.0,3.6206896551724137,5.05382326223426,10,191.0,0.1910434849378146,9,197.0,0.2794340043365209,19,388.0
2550.0,22,226.0,3.830508474576271,6.474007380824728,13,137.0,0.3227900344706078,9,204.0,0.4478904396855109,22,341.0
2555.0,18,246.0,4.472727272727273,6.119066842496323,13,177.0,0.2923620494308192,5,169.0,0.49420789838067497,18,346.0
2560.0,22,350.0,6.25,6.340941770350871,15,237.0,0.2931354859529659,7,190.0,0.5043825118415776,22,427.0
2565.0,18,252.0,4.344827586206897,5.710681981974203,12,252.0,0.2659502125711223,6,144.0,0.36817729937355786,18,396.0
2570.0,24,331.0,5.807017543859649,5.827712368640805,13,275.0,0.30050540496104994,11,132.0,0.3054666192396261,24,407.0
2575.0,25,325.0,5.909090909090909,4.9081123921454,13,284.0,0.21085849038056387,12,147.0,0.36705514899836156,25,431.0
2580.0,27,429.0,7.8,4.5933322453875425,14,309.0,0.1854538526215672,13,192.0,0.3288524768894627,27,501.0
2585.0,28,354.0,5.9,4.420605741094129,12,288.0,0.3314532970211025,16,230.0,0.22704194851110698,28,518.0
2590.0,19,255.0,4.180327868852459,5.781753506783187,8,205.0,0.4729192926787462,11,218.0,0.1861672036450844,19,423.0
2595.0,17,277.0,4.540983606557377,6.315824882985858,8,206.0,0.40888859269291233,9,215.0,0.29244308226388177,17,421.0
2600.0,18,298.0,5.228070175438597,5.787039632512608,10,204.0,0.2311266189353788,8,214.0,0.32092704040889497,18,418.0
2605.0,27,383.0,7.092592592592593,5.06210325627653,15,216.0,0.11442519877213715,12,253.0,0.3299322404378729,27,469.0
2610.0,22,333.0,6.403846153846154,4.349993181694802,12,219.0,0.11939836912706725,10,201.0,0.25821091670584206,22,420.0
2615.0,21,342.0,6.452830188679245,4.913284477742951,9,238.0,0.29498886466873053,12,191.0,0.2225737413913361,21,429.0
2620.0,20,344.0,6.254545454545455,6.880191308000573,9,233.0,0.5229311016278955,11,208.0,0.3321532861599488,20,441.0
2625.0,22,321.0,5.944444444444445,6.276650734988676,9,219.0,0.42729848874365234,13,202.0,0.39614862252566047,22,421.0
2630.0,20,260.0,5.0,5.070552304758878,9,166.0,0.3440552957656054,11,206.0,0.34330510186469804,20,372.0
2635.0,17,214.0,3.962962962962963,4.445270812750171,10,188.0,0.2700731807781374,7,156.0,0.29578990392606397,17,344.0
2640.0,18,217.0,3.6779661016949152,5.396309761449654,11,186.0,0.22929946573800147,7,144.0,0.36262011745605993,18,330.0
2645.0,27,319.0,5.229508196721311,5.622337893368922,13,223.0,0.2800693588791653,14,189.0,0.315258608160104,27,412.0
2650.0,27,407.0,6.672131147540983,5.299791758013897,13,268.0,0.30460667643277445,14,240.0,0.27817905036529533,27,508.0
2655.0,29,456.0,7.354838709677419,4.396950083158431,11,271.0,0.3207550900837397,18,309.0,0.18702098365526262,29,580.0
2660.0,32,519.0,8.370967741935484,4.632131949648164,15,267.0,0.29100029716613757,17,337.0,0.27888239942336596,32,604.0
2665.0,23,457.0,7.030769230769231,5.372487695678067,12,295.0,0.3269248230589339,11,300.0,0.3440991547141546,23,595.0
2670.0,19,356.0,5.313432835820896,5.532270778834317,8,272.0,0.3782171059198851,11,273.0,0.2656194140035587,19,545.0
2675.0,21,319.0,4.6231884057971016,5.460387816630038,9,278.0,0.3871925503345631,12,221.0,0.15200482539179738,21,499.0
2680.0,29,397.0,5.591549295774648,5.152570053181572,13,300.0,0.34837947242587214,16,246.0,0.16843727869161204,29,546.0
2685.0,23,242.0,3.611940298507463,5.478408347852826,13,211.0,0.20983036154877072,10,227.0,0.4147705241496374,23,438.0
2690.0,26,272.0,4.387096774193548,4.82138755065866,17,207.0,0.14626999906091545,9,200.0,0.4065371443680471,26,407.0
2695.0,29,322.0,5.111111111111111,5.042795593215969,17,244.0,0.22514041380664238,12,217.0,0.34960282598641196,29,461.0
2700.0,25,333.0,5.285714285714286,4.868194104777585,11,230.0,0.35214936241367367,14,222.0,0.2070289098524746,25,452.0
2705.0,27,388.0,6.258064516129032,4.996648450555275,9,229.0,0.410679171307693,18,249.0,0.17248829853292097,27,478.0
2710.0,30,419.0,6.161764705882353,5.696110205504844,12,227.0,0.4193432910741167,18,269.0,0.27658670914091904,30,496.0
2715.0,29,398.0,5.852941176470588,5.584041260941574,11,198.0,0.3259151525049752,18,330.0,0.3353626244172034,29,528.0
2720.0,29,354.0,5.205882352941177,4.902026673463161,13,138.0,0.26283871858643637,16,345.0,0.2965249315334435,29,483.0
2725.0,26,220.0,3.3333333333333335,4.888089749347257,15,174.0,0.1938999977339467,11,283.0,0.32526400926655274,26,457.0
2730.0,19,200.0,3.125,4.780013064365834,10,174.0,0.17091721680921812,9,225.0,0.28307061873197803,19,399.0
2735.0,23,226.0,3.323529411764706,5.075748454388991,10,195.0,0.2056424808416858,13,248.0,0.2143238885562372,23,443.0
2740.0,31,278.0,4.149253731343284,5.125631481269645,15,238.0,0.2978332187579828,16,269.0,0.18188579756897344,31,507.0
2745.0,32,407.0,6.564516129032258,4.878022759295443,11,277.0,0.40996492531850165,21,342.0,0.22984781880874036,32,619.0
2750.0,28,451.0,7.274193548387097,4.910201151757336,9,261.0,0.44946437382006743,19,362.0,0.20051063286987872,28,623.0
2755.0,18,304.0,4.75,5.541642348156763,8,210.0,0.4246644020732442,10,297.0,0.26024259595015625,18,507.0
2760.0,19,356.0,5.393939393939394,6.596471057564332,10,199.0,0.3716008197199116,9,277.0,0.40469272000103346,19,476.0
2765.0,24,320.0,4.776119402985074,6.323484838509101,13,151.0,0.2820814261904459,11,261.0,0.46783450893160633,24,412.0
2770.0,23,352.0,5.101449275362318,6.177308013393366,14,163.0,0.34825545337473546,9,267.0,0.40023032487774685,23,430.0
2775.0,31,390.0,5.571428571428571,5.380375414503489,14,196.0,0.3289195117721789,17,262.0,0.30764906380954066,31,458.0
2780.0,25,281.0,4.014285714285714,5.845415870483363,9,175.0,0.40414341975861245,16,234.0,0.30880428758704814,25,409.0
2785.0,31,327.0,4.880597014925373,4.677072988647673,12,188.0,0.36220452466441466,19,247.0,0.13943380800687677,31,435.0
2790.0,33,371.0,5.455882352941177,4.144542022867796,13,198.0,0.26709472971080117,20,301.0,0.19504483637329342,33,499.0
2795.0,27,327.0,4.47945205479452,4.802884233499979,16,245.0,0.24373642542651192,11,301.0,0.28550583398028306,27,546.0
2800.0,27,314.0,4.361111111111111,5.18974746909339,18,306.0,0.2709016228986145,9,251.0,0.362487879544459,27,557.0
2805.0,30,334.0,4.227848101265823,5.4072100702329715,17,338.0,0.3130155230396065,13,216.0,0.3526587015746797,30,554.0
2810.0,28,335.0,4.35064935064935,4.967367293916391,12,306.0,0.3299599326742053,16,259.0,0.24664970859982674,28,565.0
2815.0,24,382.0,4.8354430379746836,5.4415232655107975,13,343.0,0.3607104168285314,11,240.0,0.2512032075793523,24,583.0
2820.0,30,403.0,5.10126582278481,5.420647310192976,20,398.0,0.2506812817742465,10,228.0,0.29598705817936966,30,626.0
2825.0,37,496.0,6.526315789473684,4.8209949424622645,22,452.0,0.18382778213094478,15,244.0,0.266058989826881,37,696.0
2830.0,38,550.0,7.638888888888889,4.1303266013675035,20,481.0,0.1933803300810533,18,289.0,0.24607285767118123,38,770.0
2835.0,38,485.0,6.736111111111111,3.7494510921026625,21,458.0,0.16486630087025153,17,330.0,0.2723619179964069,38,788.0
2840.0,36,566.0,7.648648648648648,4.350847917859607,21,444.0,0.24117878532560183,15,357.0,0.303096654692205,36,801.0
2845.0,31,508.0,7.055555555555555,4.002015752955972,18,458.0,0.1987808294283591,13,343.0,0.3087656118257218,31,801.0
2850.0,24,275.0,3.8732394366197185,4.33666037868087,13,389.0,0.22792535922878057,11,306.0,0.2321345394409935,24,695.0
2855.0,29,266.0,3.8,4.268707049317084,10,357.0,0.24635170821127542,19,275.0,0.1627639711928872,29,632.0
2860.0,36,349.0,4.847222222222222,3.895168366408581,14,369.0,0.2319093726728167,22,337.0,0.15431241024062037,36,706.0
2865.0,36,430.0,6.142857142857143,4.089908380648089,15,378.0,0.21594088172316284,21,396.0,0.21951704406409261,36,774.0
2870.0,28,453.0,6.291666666666667,4.49910002952265,11,342.0,0.2984765028044431,17,419.0,0.24023036074006587,28,761.0
2875.0,20,385.0,5.5,4.517335268351858,9,334.0,0.31481040146606837,11,364.0,0.2014748526902384,20,698.0
2880.0,27,457.0,6.260273972602739,5.369874986430135,13,362.0,0.32611287029366254,14,354.0,0.28035156018453233,27,716.0
2885.0,31,440.0,6.197183098591549,4.963391207802558,18,366.0,0.2289660161150129,13,336.0,0.32027806007930726,31,702.0
2890.0,34,455.0,6.5,3.8950078405294675,17,344.0,0.15672418536444052,17,377.0,0.26946111760110963,34,721.0
2895.0,37,506.0,7.333333333333333,3.3113030362786993,17,397.0,0.20389725272712156,20,407.0,0.1933583229563782,37,804.0
2900.0,36,493.0,7.144927536231884,3.5014694886022997,16,399.0,0.25386268699720416,20,429.0,0.14665485976316642,36,828.0
2905.0,32,415.0,5.928571428571429,3.6653215100017884,12,336.0,0.3411407777705666,20,468.0,0.045833275199854695,32,804.0
2910.0,31,450.0,6.338028169014085,4.612239949843613,17,334.0,0.310332594528534,14,456.0,0.15193438615900123,31,790.0
2915.0,29,365.0,5.615384615384615,4.216984605437967,19,367.0,0.17377843682273802,10,405.0,0.2784834540647925,29,772.0
2920.0,32,363.0,5.5,4.374504130068653,20,409.0,0.14238513967668107,12,350.0,0.24361976501247462,32,759.0
2925.0,31,437.0,6.828125,3.6817297937448905,17,441.0,0.17770302397194784,14,387.0,0.20698039250012082,31,828.0
2930.0,22,415.0,6.80327868852459,5.415633648446614,14,430.0,0.2027131949870072,8,368.0,0.3705489094797364,22,798.0
2935.0,21,412.0,6.754098360655738,5.589245964292514,13,384.0,0.12246674430184812,8,385.0,0.4465294559612538,21,769.0
2940.0,22,324.0,5.684210526315789,5.308303567611244,15,354.0,0.03954353177837584,7,364.0,0.4462283158557245,22,718.0
2945.0,24,403.0,7.462962962962963,4.859884520452561,13,381.0,0.14857781234651857,11,363.0,0.3778226014148624,24,744.0
2950.0,23,379.0,7.895833333333333,3.9335971353629646,11,361.0,0.32115219851048826,12,336.0,0.2004010091892229,23,697.0
2955.0,23,305.0,5.865384615384615,4.6752303955512,11,367.0,0.3460884182114771,12,237.0,0.18416697704708082,23,604.0
2960.0,23,302.0,5.592592592592593,5.210845571327197,12,338.0,0.31917668643278163,11,265.0,0.28746665941172656,23,603.0
2965.0,20,264.0,4.714285714285714,5.881005485820961,12,351.0,0.29223215140113107,8,254.0,0.39768205008087515,20,605.0
2970.0,26,311.0,5.553571428571429,4.986584471191014,18,347.0,0.22317022482840768,8,262.0,0.333381538336759,26,609.0
2975.0,28,410.0,7.068965517241379,5.1691969910054345,15,390.0,0.27340822702228657,13,284.0,0.3211271934456377,28,674.0
2980.0,31,524.0,8.59016393442623,4.637293145151215,18,464.0,0.275733149354148,13,280.0,0.30218946201099406,31,744.0
2985.0,30,518.0,8.35483870967742,4.466535190395112,16,468.0,0.27347757134036316,14,266.0,0.3221501979849753,30,734.0
2990.0,23,430.0,6.825396825396825,4.319957307878594,10,409.0,0.2844880879412384,13,295.0,0.27531860228451976,23,704.0
2995.0,22,363.0,5.584615384615384,4.440419178405355,7,339.0,0.28215688964498564,15,286.0,0.15209245405782165,22,625.0
3000.0,28,232.0,3.515151515151515,4.525508481709883,13,261.0,0.1931870771230848,15,235.0,0.18877918512687433,28,496.0
3005.0,30,292.0,4.112676056338028,5.485276876527866,16,289.0,0.22391080156365614,14,221.0,0.3514696205426059,30,510.0
3010.0,24,295.0,4.538461538461538,5.431286831014801,11,259.0,0.3072243248597991,13,255.0,0.3320991746436629,24,514.0
3015.0,22,330.0,5.32258064516129,5.517954253520142,9,262.0,0.3183049142008577,13,271.0,0.2954399617658292,22,533.0
3020.0,23,285.0,4.384615384615385,5.0229251397785895,8,230.0,0.31371596187629214,15,301.0,0.20215343739562386,23,531.0
3025.0,32,352.0,5.5,5.021239984629281,15,240.0,0.24680309390074093,17,315.0,0.25762166414765,32,555.0
3030.0,31,377.0,6.080645161290323,4.595416160123755,14,284.0,0.2574195795946919,17,330.0,0.27101276894302656,31,614.0
3035.0,20,337.0,5.616666666666666,5.050845005282675,7,276.0,0.279297424892011,13,299.0,0.27233511131350424,20,575.0
3040.0,20,295.0,4.758064516129032,5.2123009434012655,6,175.0,0.3423202155298667,14,326.0,0.15373871523021315,20,501.0
3045.0,28,325.0,5.158730158730159,5.3892891337133,12,161.0,0.22960969472345505,16,351.0,0.2753566102323785,28,512.0
3050.0,23,268.0,4.253968253968254,5.118148779850997,12,197.0,0.2896280721643154,11,323.0,0.2960567320119096,23,520.0
3055.0,20,307.0,5.385964912280702,6.364394354068882,6,194.0,0.47061232716515233,14,303.0,0.31214391547000736,20,497.0
3060.0,21,271.0,4.839285714285714,5.741348974939193,4,124.0,0.5220245219467884,17,371.0,0.05053371986076453,21,495.0
3065.0,21,283.0,4.796610169491525,5.435945258230739,6,87.0,0.3476228876399831,15,386.0,0.1602936108699647,21,473.0
3070.0,19,216.0,3.857142857142857,4.918491470486349,11,103.0,0.15841838700769667,8,314.0,0.33652090666151774,19,417.0
3075.0,15,195.0,3.5454545454545454,5.834317776932033,9,111.0,0.17837373941599927,6,295.0,0.41281284289009046,15,406.0
3080.0,17,171.0,3.0,6.276622212265601,7,91.0,0.3348786942133166,10,250.0,0.29168274530974686,17,341.0
3085.0,24,251.0,4.482142857142857,6.195859401512172,11,135.0,0.4075922533193198,13,264.0,0.25049367028842145,24,399.0
3090.0,16,249.0,4.69811320754717,6.22366258266713,8,143.0,0.3329198652175578,8,226.0,0.3890058873146219,16,369.0
3095.0,18,312.0,6.0,6.021799877875135,11,179.0,0.11536711830987614,7,232.0,0.4779303874787377,18,411.0
3100.0,23,363.0,6.980769230769231,5.773272569446673,11,200.0,0.2170487858513942,12,278.0,0.37805053419318546,23,478.0
3105.0,19,296.0,6.5777777777777775,5.4125478737397374,7,174.0,0.3657272922998634,12,239.0,0.23889543542546554,19,413.0
3110.0,19,246.0,5.466666666666667,4.589686829312346,7,173.0,0.3518239246960074,12,220.0,0.14636743445812966,19,393.0
3115.0,20,202.0,4.297872340425532,4.920942971918998,7,132.0,0.4058506314620547,13,234.0,0.19537463117149173,20,366.0
3120.0,16,210.0,4.565217391304348,5.925867747975524,8,142.0,0.3049653762164745,8,213.0,0.4379873072818036,16,355.0
3125.0,15,199.0,4.145833333333333,5.228089757102789,5,138.0,0.23676666382152703,10,204.0,0.3116515217480293,15,342.0
3130.0,17,201.0,4.02,5.8244446176528415,7,142.0,0.2581159271323688,10,200.0,0.3491246047040793,17,342.0
3135.0,23,273.0,5.352941176470588,5.82036270146611,10,189.0,0.36078661668909745,13,225.0,0.3475020913488625,23,414.0
3140.0,22,358.0,7.16,5.26833688741942,6,213.0,0.4418869971694671,16,263.0,0.3006440795222372,22,476.0
3145.0,20,381.0,7.326923076923077,5.357524168512676,5,207.0,0.5442554899765267,15,290.0,0.19022174238800194,20,497.0
3150.0,22,371.0,6.87037037037037,5.561296602597566,6,165.0,0.4077834068546186,16,280.0,0.17587497225165702,22,445.0
3155.0,23,312.0,5.288135593220339,5.977302912955863,8,139.0,0.3258672675134443,15,265.0,0.2638536282793212,23,404.0
3160.0,17,192.0,3.310344827586207,6.896670010342677,7,106.0,0.3556832847475253,10,245.0,0.38471019933630984,17,351.0
3165.0,18,204.0,3.709090909090909,6.585529471075428,8,87.0,0.4937042745310983,10,234.0,0.2652850494673389,18,321.0
3170.0,22,228.0,4.1454545454545455,5.281351203879197,7,112.0,0.4137545240819784,15,237.0,0.1821869248876585,22,349.0
3175.0,27,327.0,6.055555555555555,4.62787952509771,11,164.0,0.4275260039938273,16,275.0,0.14803108045341526,27,439.0
3180.0,25,331.0,6.0181818181818185,4.795018933408273,11,176.0,0.3847749909406823,14,291.0,0.20263740839187172,25,467.0
3185.0,23,299.0,5.155172413793103,5.1072654543727065,8,115.0,0.4022984712213225,15,327.0,0.21656343344859663,23,442.0
3190.0,24,323.0,5.295081967213115,5.0555127802410444,10,124.0,0.27081131899739547,14,350.0,0.27876782162197516,24,474.0
3195.0,30,457.0,7.616666666666666,5.035708094145091,15,181.0,0.22431623268227033,15,406.0,0.33763375258193773,30,587.0
3200.0,29,411.0,7.2105263157894735,3.904636020992034,16,225.0,0.1956832107107113,13,369.0,0.2745386786828292,29,594.0
3205.0,19,343.0,6.017543859649122,4.882035871278203,9,231.0,0.21476356042078953,10,259.0,0.2725718938198654,19,490.0
3210.0,19,264.0,4.4,5.64364825686397,8,200.0,0.2731174768282497,11,223.0,0.25676392882502896,19,423.0
3215.0,21,279.0,4.5,6.254064050677336,10,198.0,0.355229272477786,11,201.0,0.32203307070731585,21,399.0
3220.0,26,242.0,3.9672131147540983,5.91076536142557,13,188.0,0.440976377380965,13,222.0,0.3093795467059293,26,410.0
3225.0,26,302.0,4.870967741935484,5.694592379220668,13,184.0,0.41209011847391097,13,256.0,0.2753500545339541,26,440.0
3230.0,29,315.0,4.921875,4.200019182261091,16,213.0,0.3061301944535612,13,271.0,0.22815928273329394,29,484.0
3235.0,25,251.0,3.921875,4.338320592260221,14,198.0,0.18690206663665568,11,253.0,0.2797784215231062,25,451.0
3240.0,20,274.0,4.419354838709677,4.89386152279137,10,202.0,0.23790581403045388,10,269.0,0.23669542147986292,20,471.0
3245.0,28,344.0,4.9855072463768115,5.428260201500865,13,232.0,0.2966465858437598,15,290.0,0.26928150490480124,28,522.0
3250.0,29,380.0,5.846153846153846,4.905324941563227,16,274.0,0.31342655637918343,13,313.0,0.3199193905665244,29,587.0
3255.0,32,478.0,7.3538461538461535,4.783571179309258,17,312.0,0.23198535656312938,15,354.0,0.3826113034706333,32,666.0
3260.0,33,511.0,7.742424242424242,3.5174422184466585,17,341.0,0.17769569406236793,16,384.0,0.2541345873919955,33,725.0
3265.0,25,453.0,6.863636363636363,4.151772630885986,13,308.0,0.1902130899830165,12,362.0,0.20970586065528313,25,670.0
3270.0,24,253.0,3.953125,4.553115710074414,13,329.0,0.2380561280650276,11,244.0,0.21358671400919751,24,573.0
3275.0,31,331.0,5.015151515151516,4.850528650897808,19,342.0,0.23188109969567705,12,190.0,0.2340273630903906,31,532.0
3280.0,32,442.0,7.015873015873016,4.6977136126408725,20,390.0,0.31568168619387366,12,234.0,0.2608888404472281,32,624.0
3285.0,23,485.0,7.82258064516129,4.855782043789634,13,364.0,0.2743245232531506,10,256.0,0.22706906397974524,23,620.0
3290.0,22,433.0,7.4655172413793105,5.262583628390953,13,328.0,0.3075214934746263,9,221.0,0.2131865545875924,22,549.0
3295.0,21,324.0,5.684210526315789,5.226965981766497,13,322.0,0.2807380575591665,8,182.0,0.22731579572507626,21,504.0
3300.0,24,221.0,3.9464285714285716,4.140111767709276,14,295.0,0.2177896338273899,10,188.0,0.2393375722169059,24,483.0
3305.0,29,314.0,5.607142857142857,5.066357053163121,18,275.0,0.21144863467424563,11,233.0,0.40308785356252086,29,508.0
3310.0,28,331.0,5.807017543859649,4.971314066382556,20,331.0,0.1871968231697778,8,248.0,0.48848823211654374,28,579.0
3315.0,22,345.0,5.948275862068965,5.651851826106864,16,365.0,0.19954531611067253,6,226.0,0.492042326347294,22,591.0
3320.0,25,367.0,6.116666666666666,5.196600991595317,15,388.0,0.0756165364684878,10,260.0,0.46243589745007824,25,648.0
3325.0,18,237.0,3.8225806451612905,6.28760004167846,11,353.0,0.1650923872478284,7,221.0,0.46344262283196697,18,574.0
3330.0,15,234.0,4.0344827586206895,6.636622364421482,9,318.0,0.21281853852495608,6,220.0,0.490781858441986,15,538.0
3335.0,20,192.0,3.310344827586207,6.493695816803592,13,280.0,0.3061226001014602,7,183.0,0.39399514795550555,20,463.0
3340.0,24,233.0,4.314814814814815,5.857335093061825,12,304.0,0.3840479534784958,12,110.0,0.27159226687501675,24,414.0
3345.0,23,278.0,5.148148148148148,4.19780159037193,10,283.0,0.2907570306712361,13,160.0,0.2082186697709074,23,443.0
3350.0,27,335.0,6.203703703703703,4.202167083744701,12,280.0,0.3364378123393249,15,209.0,0.19922327244607443,27,489.0
3355.0,24,341.0,5.982456140350878,4.873270244621873,11,226.0,0.31720809119279403,13,240.0,0.2609854501545062,24,466.0
3360.0,20,342.0,5.896551724137931,5.408079102382974,12,241.0,0.2876079040677647,8,224.0,0.27520123476429426,20,465.0
3365.0,21,289.0,4.898305084745763,5.9591918222974565,14,276.0,0.29857319120834935,7,171.0,0.32873422866206414,21,447.0
3370.0,26,334.0,6.072727272727272,5.487804608346331,16,318.0,0.2505209632029825,10,138.0,0.34570725206227654,26,456.0
3375.0,26,376.0,6.482758620689655,5.017798588220749,16,350.0,0.24376481959096885,10,146.0,0.32766478454106446,26,496.0
3380.0,23,302.0,5.298245614035087,5.128094261405911,16,297.0,0.19383774590657601,7,134.0,0.4677495519992784,23,431.0
3385.0,24,323.0,5.568965517241379,5.211289093306161,16,309.0,0.1884262835266106,8,134.0,0.4462883452866422,24,443.0
3390.0,25,314.0,5.233333333333333,4.9631352386253225,15,330.0,0.28986212928078464,10,121.0,0.362233872195437,25,451.0
3395.0,20,251.0,4.114754098360656,5.540303629823875,9,279.0,0.40422204333664147,11,159.0,0.25061776779057326,20,438.0
3400.0,17,229.0,3.634920634920635,5.264355391984007,8,261.0,0.3130250635284769,9,179.0,0.24933360102036772,17,440.0
3405.0,24,229.0,3.693548387096774,5.580034005792846,16,267.0,0.2518340250270754,8,155.0,0.3417224245412054,24,422.0
3410.0,30,323.0,5.209677419354839,5.443177501330315,17,323.0,0.271214739769354,13,188.0,0.3403080475824734,30,511.0
3415.0,27,335.0,5.583333333333333,4.875590305792512,15,367.0,0.3144817359550392,12,186.0,0.30954297074284237,27,553.0
3420.0,28,400.0,6.557377049180328,4.703438416475902,15,371.0,0.2825943134224542,13,201.0,0.26984815882721275,28,572.0
3425.0,18,320.0,4.923076923076923,5.58500969269899,9,297.0,0.3433915486001104,9,220.0,0.2788236148032401,18,517.0
3430.0,17,212.0,3.2615384615384615,6.332648915694646,10,255.0,0.26392506070043054,7,175.0,0.4145936243434912,17,430.0
3435.0,27,239.0,3.621212121212121,5.101934687329453,16,252.0,0.19255756259206358,11,171.0,0.27455276311926974,27,423.0
3440.0,29,309.0,4.828125,4.901677253080024,17,282.0,0.20451807560730614,12,161.0,0.3315047666224137,29,443.0
3445.0,25,355.0,5.461538461538462,5.699241740221132,12,254.0,0.3515522774848567,13,208.0,0.3226405925153775,25,462.0
3450.0,28,362.0,5.838709677419355,4.9158591285785205,12,259.0,0.2351354317438501,16,244.0,0.3004983846964187,28,503.0
3455.0,30,430.0,6.935483870967742,4.663468033425787,15,285.0,0.22145672087517806,15,263.0,0.29253954615554045,30,548.0
3460.0,26,447.0,7.327868852459017,4.363405112794687,14,328.0,0.20539025475189146,12,225.0,0.256637677443411,26,553.0
3465.0,24,485.0,7.82258064516129,4.628801102066321,11,343.0,0.16747790678437763,13,241.0,0.2614273173063022,24,584.0
3470.0,24,396.0,6.285714285714286,5.5124076167078115,9,283.0,0.31562473424164184,15,261.0,0.2359967193765963,24,544.0
3475.0,25,361.0,5.73015873015873,5.875865596839397,9,221.0,0.3914025585674066,16,297.0,0.2627718480118198,25,518.0
3480.0,23,386.0,6.225806451612903,5.8247362709742685,8,228.0,0.4282482096910207,15,324.0,0.28347134792921064,23,552.0
3485.0,22,351.0,5.571428571428571,5.469142034270046,7,188.0,0.33264191996598064,15,345.0,0.3350162975405673,22,533.0
3490.0,19,322.0,4.878787878787879,5.361552726391409,9,198.0,0.25776538725568876,10,317.0,0.37692423093169086,19,515.0
3495.0,17,197.0,3.1774193548387095,5.401002688459624,8,200.0,0.3020607665114009,9,251.0,0.3081641810431149,17,451.0
3500.0,19,205.0,3.253968253968254,5.310510340704779,5,165.0,0.37515426228254817,14,227.0,0.16292442995596254,19,392.0
3505.0,29,284.0,4.580645161290323,4.866855638944027,10,159.0,0.4076090795898955,19,267.0,0.13029535681002855,29,426.0
3510.0,24,325.0,5.078125,5.4560424887731465,10,161.0,0.38667111164969414,14,293.0,0.2529173783239412,24,454.0
3515.0,23,330.0,5.32258064516129,5.281655382834164,9,162.0,0.24778147190782565,14,308.0,0.32701534878483984,23,470.0
3520.0,29,323.0,5.046875,4.7878220689438535,13,185.0,0.20448470440447533,16,300.0,0.30089377796211086,29,485.0
3525.0,26,379.0,6.112903225806452,4.253336303144331,7,162.0,0.3468817960321919,19,356.0,0.17345000980109285,26,518.0
3530.0,20,387.0,6.046875,5.1006908009736245,5,162.0,0.39958700450539336,15,379.0,0.22800822809568774,20,541.0
3535.0,21,371.0,5.537313432835821,5.452284168693767,10,177.0,0.2632127579104059,11,368.0,0.29806776626162057,21,545.0
3540.0,28,450.0,7.142857142857143,5.286935277441162,11,207.0,0.36826359451857643,17,372.0,0.2878963723648208,28,579.0
3545.0,26,380.0,6.333333333333333,5.164308633139853,7,194.0,0.42994878970355555,19,371.0,0.21117244906448354,26,565.0
3550.0,24,369.0,6.473684210526316,4.604464361500464,6,188.0,0.43239711402315123,18,351.0,0.1560622183837087,24,539.0
3555.0,25,426.0,7.745454545454545,4.473019296366375,7,193.0,0.4082469085560142,18,399.0,0.17446441853585712,25,592.0
3560.0,22,413.0,7.9423076923076925,5.159174175166384,9,209.0,0.35006276647221357,13,391.0,0.2822798064140586,22,600.0
3565.0,23,424.0,8.313725490196079,4.6105053990756,12,255.0,0.1719891175550433,11,334.0,0.2976249756006136,23,589.0
3570.0,20,356.0,7.416666666666667,5.33395913755308,10,282.0,0.3199838034143888,10,297.0,0.27817933757767166,20,579.0
3575.0,16,307.0,6.673913043478261,5.950576446945774,6,244.0,0.4684194543544489,10,305.0,0.24528226577984147,16,549.0
3580.0,20,197.0,4.020408163265306,5.241610058965626,6,97.0,0.3800272527765346,14,329.0,0.17927329432913686,20,426.0
3585.0,21,248.0,5.061224489795919,5.43737449992548,10,118.0,0.3897894530822641,11,351.0,0.1855462975472265,21,469.0
3590.0,18,268.0,5.056603773584905,6.258765413914805,9,127.0,0.3276986981764121,9,312.0,0.34361387289848316,18,439.0
3595.0,13,279.0,5.6938775510204085,7.174283221747609,5,116.0,0.2617234917747615,8,299.0,0.43423557497911924,13,415.0
3600.0,14,206.0,4.382978723404255,6.41567464186966,7,60.0,0.233742236037007,7,239.0,0.4689089472509165,14,299.0
3605.0,16,249.0,5.1875,6.239420988693688,9,78.0,0.43071516987493463,7,252.0,0.3558046248236734,16,330.0
3610.0,15,296.0,6.166666666666667,7.174454032230236,8,102.0,0.5420867687753269,7,276.0,0.476283619691453,15,378.0
3615.0,15,357.0,7.4375,7.547382941984533,8,128.0,0.5273270503688366,7,314.0,0.540711377417207,15,442.0
3620.0,13,229.0,4.58,6.174482575454774,7,127.0,0.3886699677403495,6,245.0,0.4897605374183871,13,372.0
3625.0,13,198.0,4.212765957446808,5.611384651607198,6,108.0,0.3065931670862449,7,138.0,0.4278347036755643,13,246.0
3630.0,17,274.0,5.829787234042553,6.2049739879571995,7,128.0,0.4417200560094537,10,167.0,0.31254959044774266,17,295.0
3635.0,16,246.0,5.3478260869565215,6.001107120261117,5,81.0,0.37507104005976594,11,222.0,0.22586961007332104,16,303.0
3640.0,17,229.0,4.978260869565218,5.9442654331707026,9,91.0,0.37916392434579177,8,212.0,0.30385371809788575,17,303.0
3645.0,17,253.0,6.023809523809524,6.018607806587984,9,125.0,0.2784932242210086,8,177.0,0.41632222576353806,17,302.0
3650.0,10,191.0,4.441860465116279,6.5811117281160865,6,132.0,0.28329752672764624,4,151.0,0.4262155174411247,10,283.0
3655.0,10,179.0,4.261904761904762,7.00706970721262,5,95.0,0.30895366975314975,5,129.0,0.3863436418481354,10,224.0
3660.0,15,180.0,4.390243902439025,7.248727515694944,11,138.0,0.3001657497029279,4,67.0,0.37416325661341265,15,205.0
3665.0,14,222.0,5.842105263157895,6.55018561137056,8,164.0,0.37409206644810367,6,96.0,0.3683427642201525,14,260.0
3670.0,10,191.0,4.5476190476190474,7.553668658375476,7,157.0,0.49797932367695646,3,78.0,0.46046935728550503,10,235.0
3675.0,13,216.0,5.023255813953488,7.427329695729758,8,183.0,0.4929240544171617,5,69.0,0.446502970121,13,252.0
3680.0,15,272.0,6.181818181818182,6.609999724294576,10,199.0,0.390828109385026,5,94.0,0.40928408042110637,15,293.0
3685.0,17,114.0,2.590909090909091,4.815690387067328,12,132.0,0.2771080632295792,5,56.0,0.3826010216130739,17,188.0
3690.0,17,172.0,3.909090909090909,5.6177177653615065,13,139.0,0.21476829218356386,4,48.0,0.5558280541581403,17,187.0
3695.0,16,170.0,3.8636363636363638,5.955882689840707,13,166.0,0.20040383775342235,3,47.0,0.5723507706841856,16,213.0
3700.0,19,213.0,4.531914893617022,6.185854662628262,11,165.0,0.276256474622225,8,76.0,0.43329807333385717,19,241.0
3705.0,15,167.0,3.4081632653061225,5.520787958706151,7,132.0,0.34175570243574743,8,100.0,0.2677459933699159,15,232.0
3710.0,16,210.0,4.2,6.934897484460146,9,116.0,0.42474149586671034,7,117.0,0.35930268162932016,16,233.0
3715.0,16,182.0,3.5686274509803924,6.968589806070584,9,150.0,0.3444043520215715,7,83.0,0.4656505237536712,16,233.0
3720.0,17,242.0,5.260869565217392,6.508534400328443,10,192.0,0.31346641297679706,7,82.0,0.439423490653252,17,274.0
3725.0,18,169.0,3.7555555555555555,5.0087365193302995,9,175.0,0.34758316890784774,9,106.0,0.266370978777937,18,281.0
3730.0,20,243.0,5.4,4.7803284548517,9,149.0,0.42193966307478503,11,136.0,0.1472180662947413,20,285.0
3735.0,22,277.0,6.021739130434782,4.999869368755347,11,187.0,0.3547161258701539,11,160.0,0.26772095862090317,22,347.0
3740.0,16,298.0,6.081632653061225,5.893851372942033,11,221.0,0.19431645788099727,5,155.0,0.48125290875413396,16,376.0
3745.0,16,178.0,3.4901960784313726,5.200093470088401,10,205.0,0.1995788845021614,6,151.0,0.3966294367336919,16,356.0
3750.0,19,189.0,3.7058823529411766,5.900478876790512,7,120.0,0.3977686285588968,12,166.0,0.3141246248514649,19,286.0
3755.0,16,219.0,4.055555555555555,5.1369251880525395,6,143.0,0.34839023197234553,10,176.0,0.20037703844048332,16,319.0
3760.0,17,262.0,4.763636363636364,7.159006535515445,10,173.0,0.3651951275219372,7,153.0,0.4502243781428703,17,326.0
3765.0,15,162.0,3.1153846153846154,5.922848116517656,8,151.0,0.19088215141887546,7,129.0,0.40978378122752057,15,280.0
3770.0,22,242.0,4.566037735849057,5.327024882345189,12,188.0,0.12065504205329984,10,117.0,0.38594866129007055,22,305.0
3775.0,21,219.0,4.132075471698113,5.07415794078867,11,191.0,0.23256982254832428,10,112.0,0.3684800036134007,21,303.0
3780.0,18,236.0,4.290909090909091,6.235008318641514,6,150.0,0.5189593791770234,12,145.0,0.250666452492877,18,295.0
3785.0,17,157.0,2.9074074074074074,5.705923027660329,4,96.0,0.5779684334874967,13,159.0,0.16829898280253278,17,255.0
3790.0,17,164.0,3.215686274509804,6.428584214770372,7,77.0,0.4658263682285892,10,153.0,0.2755918954872075,17,230.0
3795.0,15,175.0,3.5,5.579380255654809,8,88.0,0.2877629852221484,7,159.0,0.3652866766056233,15,247.0
3800.0,17,213.0,4.26,6.116887459019113,7,99.0,0.360633112534293,10,156.0,0.3656775746818065,17,255.0
3805.0,15,164.0,3.4166666666666665,6.083055100745805,4,83.0,0.5200415645809664,11,174.0,0.2641840615750228,15,257.0
3810.0,17,202.0,4.04,6.339170104429903,4,53.0,0.5070305252867923,13,199.0,0.2191401288247332,17,252.0
3815.0,16,217.0,4.34,6.100008443560293,5,70.0,0.460726238003382,11,216.0,0.2966220558737801,16,286.0
3820.0,12,211.0,4.22,7.380730091122838,5,91.0,0.48750065600851683,7,180.0,0.40328844793711105,12,271.0
3825.0,12,126.0,2.5714285714285716,6.472832512878703,6,93.0,0.41391695408141277,6,131.0,0.2968825069964751,12,224.0
3830.0,19,200.0,3.8461538461538463,6.614059581126995,8,137.0,0.37329692065655334,11,137.0,0.3684017487060601,19,274.0
3835.0,18,244.0,5.083333333333333,5.243215285014562,7,162.0,0.4191099546504611,11,147.0,0.2814292453131699,18,309.0
3840.0,15,286.0,6.217391304347826,6.8295649609439115,6,175.0,0.5346017640855372,9,137.0,0.3546444076984944,15,312.0
3845.0,13,187.0,4.065217391304348,6.018938564047073,5,108.0,0.3280345090255374,8,138.0,0.29287490320268544,13,246.0
3850.0,19,247.0,5.040816326530612,6.4341151968418355,11,131.0,0.22538347911785814,8,151.0,0.3790321033370779,19,282.0
3855.0,18,243.0,5.282608695652174,5.726765511387737,8,162.0,0.3366493302901723,10,160.0,0.34153820589702544,18,322.0
3860.0,14,250.0,5.555555555555555,6.622195096327412,7,178.0,0.46110032799578027,7,136.0,0.36225899440064047,14,314.0
3865.0,15,254.0,5.291666666666667,5.695123737615616,5,170.0,0.4417231186219447,10,163.0,0.2511923275990134,15,333.0
3870.0,20,340.0,6.666666666666667,6.147934752928878,8,187.0,0.45568104263508974,12,215.0,0.3597777729642826,20,402.0
3875.0,19,339.0,6.78,5.306494109069501,6,211.0,0.44205238769847116,13,216.0,0.3450880173869351,19,427.0
3880.0,22,427.0,8.056603773584905,5.670874837701052,7,235.0,0.5226522241549655,15,251.0,0.28361968404672133,22,486.0
3885.0,25,323.0,5.767857142857143,4.902178003181693,8,141.0,0.4791845783322238,17,288.0,0.10836995711970993,25,429.0
3890.0,26,387.0,6.672413793103448,5.185380101910368,9,128.0,0.43038995440169986,17,326.0,0.17234021693308288,26,454.0
3895.0,22,303.0,5.315789473684211,3.8745789879078982,10,152.0,0.2650548914624723,12,312.0,0.22776560321330164,22,464.0
3900.0,24,278.0,5.054545454545455,5.199853150986061,16,195.0,0.27192621951333396,8,226.0,0.3876492473333223,24,421.0
3905.0,27,299.0,5.339285714285714,4.892451922742124,17,193.0,0.12944108274461613,10,206.0,0.4372351971829582,27,399.0
3910.0,23,330.0,5.593220338983051,5.165876879731568,14,226.0,0.17622111107308439,9,210.0,0.3614934883879874,23,436.0
3915.0,21,312.0,5.2,5.295569204757056,12,239.0,0.3112338571214221,9,195.0,0.3083193133024643,21,434.0
3920.0,24,256.0,4.19672131147541,5.564713677605295,7,192.0,0.463194109139026,17,231.0,0.19935131454998622,24,423.0
3925.0,20,270.0,4.426229508196721,5.32982349951397,7,196.0,0.3893629021398781,13,233.0,0.2142660195045957,20,429.0
3930.0,24,308.0,4.967741935483871,4.985544594782132,10,221.0,0.3371037963946864,14,272.0,0.21616674106431244,24,493.0
3935.0,25,255.0,3.923076923076923,4.715502446622855,14,210.0,0.13812668021087415,11,274.0,0.37158217731808413,25,484.0
3940.0,27,243.0,3.796875,4.7240689565112515,18,256.0,0.08902225880941081,9,228.0,0.3738162419789868,27,484.0
3945.0,32,332.0,4.955223880597015,4.9214100689906095,16,275.0,0.2071126425721154,16,270.0,0.34164198414858954,32,545.0
3950.0,27,348.0,5.043478260869565,5.37454401613896,9,227.0,0.3823273461790988,18,323.0,0.23910800576306818,27,550.0
3955.0,21,336.0,4.9411764705882355,5.412734697798614,7,223.0,0.4645481015577419,14,329.0,0.1803803166513771,21,552.0
3960.0,25,311.0,4.507246376811594,4.9654792723436865,11,228.0,0.3658105576094294,14,333.0,0.18231096996852722,25,561.0
3965.0,30,295.0,4.154929577464789,4.794404959701132,13,189.0,0.2955911750708912,17,341.0,0.22577126457292487,30,530.0
3970.0,35,430.0,6.056338028169014,4.396112198929752,18,256.0,0.28006271047465625,17,399.0,0.2443371946339583,35,655.0
3975.0,29,482.0,6.513513513513513,5.099710117540737,15,277.0,0.23515583550340155,14,417.0,0.3758159629156548,29,694.0
3980.0,25,394.0,5.324324324324325,4.876077547634029,11,235.0,0.24327230340980988,14,425.0,0.2948900261563484,25,660.0
3985.0,28,474.0,6.32,4.81565591563175,8,239.0,0.27756034724814116,20,496.0,0.19572492505219583,28,735.0
3990.0,38,589.0,8.068493150684931,4.27147834256489,14,263.0,0.2766077541881791,24,580.0,0.1871337757755051,38,843.0
3995.0,33,673.0,9.47887323943662,4.3105076416528005,17,293.0,0.18249909672213607,16,635.0,0.22727579091199354,33,928.0
4000.0,28,652.0,9.055555555555555,4.578149720818189,10,265.0,0.2614231927874859,18,645.0,0.16491625051596828,28,910.0
4005.0,30,705.0,9.929577464788732,5.218716013040292,10,297.0,0.23997667953408716,20,667.0,0.18576478600474075,30,964.0
4010.0,38,711.0,10.455882352941176,4.386604871345798,16,346.0,0.1979958745280541,22,676.0,0.1539065540080457,38,1022.0
4015.0,35,524.0,7.82089552238806,3.846575715067383,15,390.0,0.22663173628173197,20,595.0,0.1666103703328587,35,985.0
4020.0,38,662.0,10.507936507936508,3.8296274565207793,19,461.0,0.25335865805106755,19,555.0,0.2596597933423416,38,1016.0
4025.0,33,671.0,10.323076923076924,3.3836937434658454,17,472.0,0.2737359950178244,16,576.0,0.20774496904148576,33,1048.0
4030.0,27,527.0,7.865671641791045,3.936646233831944,11,422.0,0.31858305800377945,16,535.0,0.09051819355940392,27,957.0
4035.0,20,234.0,3.342857142857143,4.306089324553582,7,326.0,0.2666106072085929,13,528.0,0.11978528354447758,20,854.0
4040.0,33,307.0,4.093333333333334,5.060832648185392,14,251.0,0.2628870695297251,19,517.0,0.1888355245639944,33,768.0
4045.0,35,416.0,5.546666666666667,4.849027502188415,16,268.0,0.3365945136683482,19,543.0,0.18663587822943103,35,811.0
4050.0,34,493.0,6.4868421052631575,5.055047329077292,14,243.0,0.3968087030101194,20,510.0,0.1687498877748055,34,753.0
4055.0,30,560.0,7.5675675675675675,5.10648689886068,12,249.0,0.42839295728727195,18,514.0,0.11980452982173227,30,763.0
4060.0,23,474.0,6.493150684931507,5.255836343243365,12,253.0,0.2994619574474737,11,460.0,0.2227543775124035,23,713.0
4065.0,28,397.0,5.591549295774648,4.224787348744168,18,265.0,0.14430019961644083,10,392.0,0.2752879019383141,28,657.0
4070.0,38,430.0,5.8108108108108105,4.40265465081613,23,353.0,0.17364357989726542,15,337.0,0.27449410256575263,38,690.0
4075.0,31,471.0,6.826086956521739,5.052491004732935,18,408.0,0.2724767213750969,13,350.0,0.28880711723192165,31,758.0
4080.0,33,540.0,7.826086956521739,4.128821702828025,18,457.0,0.1904789697876841,15,372.0,0.20858623080525202,33,829.0
4085.0,39,585.0,8.357142857142858,3.742082561229437,23,501.0,0.15770911407246024,16,387.0,0.22673777658288155,39,888.0
4090.0,40,717.0,10.391304347826088,4.025711661851611,23,575.0,0.19677773893999015,17,436.0,0.2958485417561294,40,1011.0
4095.0,38,781.0,11.318840579710145,3.74674104338122,25,646.0,0.16804547961104466,13,417.0,0.30894619587979977,38,1063.0
4100.0,35,755.0,9.93421052631579,4.491030320281287,24,719.0,0.23625424432403355,11,298.0,0.2972369369429746,35,1017.0
4105.0,28,733.0,9.397435897435898,5.001583996066523,18,721.0,0.24216064312116029,10,309.0,0.2878696095849726,28,1030.0
4110.0,32,644.0,7.950617283950617,5.516094877350543,17,677.0,0.2724985328729488,15,327.0,0.3119666388765776,32,1004.0
4115.0,34,467.0,5.987179487179487,4.967025828076444,20,598.0,0.24328782483214045,14,331.0,0.31837532361994464,34,929.0
4120.0,29,436.0,5.8133333333333335,4.618343574204028,21,579.0,0.13372243080854274,8,318.0,0.37077009061717114,29,897.0
4125.0,32,365.0,4.802631578947368,4.188986367046757,23,645.0,0.11959760834417094,9,225.0,0.37299413141334314,32,870.0
4130.0,37,372.0,4.708860759493671,4.5967427041297215,24,680.0,0.1673143572771399,13,123.0,0.376852750402995,37,803.0
4135.0,39,444.0,5.6923076923076925,4.090719731640511,25,728.0,0.20258044373582668,14,178.0,0.3069834770484928,39,906.0
4140.0,37,404.0,5.246753246753247,3.9042655431900526,20,702.0,0.21695269980831794,17,232.0,0.21547752288712413,37,934.0
4145.0,35,471.0,6.116883116883117,3.9545307772856897,17,693.0,0.2815039106569935,18,271.0,0.08404707710888,35,964.0
4150.0,27,451.0,5.857142857142857,5.051161666091422,15,653.0,0.29334613399198534,12,262.0,0.16705054512319267,27,915.0
4155.0,30,379.0,4.9868421052631575,4.109866467534023,18,583.0,0.15759419475847725,12,262.0,0.1801182357957113,30,845.0
4160.0,33,303.0,4.04,4.991479236027278,20,591.0,0.13783456607867098,13,249.0,0.31931440887057444,33,840.0
4165.0,39,434.0,6.382352941176471,4.000077307109307,26,625.0,0.09592334439928639,13,258.0,0.2862288580803913,39,883.0
4170.0,34,506.0,7.228571428571429,4.495022811907144,26,685.0,0.10939827410223531,8,218.0,0.3422387036907695,34,903.0
4175.0,23,398.0,6.21875,4.965174372533086,18,683.0,0.20257338094041383,5,164.0,0.3315977667457492,23,847.0
4180.0,25,472.0,7.612903225806452,5.555465435455093,14,692.0,0.338789829482669,11,161.0,0.21133592083505018,25,853.0
4185.0,25,496.0,8.266666666666667,4.974929866642021,16,674.0,0.28940175397293416,9,155.0,0.20468905143134464,25,829.0
4190.0,25,503.0,8.672413793103448,4.505158528289484,17,628.0,0.2952581377683539,8,168.0,0.271320893908436,25,796.0
4195.0,26,528.0,8.516129032258064,4.382138204269589,19,672.0,0.24631255580754918,7,166.0,0.4296812999373688,26,838.0
4200.0,22,559.0,8.734375,5.205666984666291,17,684.0,0.17787913669995603,5,130.0,0.5827408824373685,22,814.0
4205.0,22,504.0,7.875,5.450630562324159,17,658.0,0.1737588434732846,5,143.0,0.4860636985186198,22,801.0
4210.0,26,345.0,5.2272727272727275,5.432871371174878,18,590.0,0.1939010311797507,8,174.0,0.3582777326594384,26,764.0
4215.0,26,333.0,5.203125,4.205290515108793,19,604.0,0.2100902867774969,7,194.0,0.2960420464436888,26,798.0
4220.0,25,384.0,6.193548387096774,5.212132784373205,20,597.0,0.23806764708854755,5,204.0,0.47148295021785824,25,801.0
4225.0,25,297.0,4.569230769230769,5.847376591050854,22,658.0,0.19752887774452105,3,133.0,0.6363293507925772,25,791.0
4230.0,25,252.0,3.652173913043478,5.757114669441349,20,677.0,0.163910793146576,5,69.0,0.6131228634419337,25,746.0
4235.0,23,306.0,4.5,5.410221757056004,17,672.0,0.22361517135326175,6,97.0,0.5346767176179369,23,769.0
4240.0,31,361.0,5.231884057971015,4.260024951301163,19,623.0,0.21307007101856787,12,145.0,0.33640820170882946,31,768.0
4245.0,35,440.0,6.3768115942028984,4.021756125748783,23,616.0,0.19243194651690915,12,180.0,0.3728994200275576,35,796.0
4250.0,33,506.0,7.228571428571429,3.996878831223914,23,631.0,0.13852392157967514,10,186.0,0.40630628986988254,33,817.0
4255.0,29,414.0,5.52,4.202955433367555,20,609.0,0.10990632951915641,9,160.0,0.381203161275522,29,769.0
4260.0,28,470.0,6.0256410256410255,5.432565738049715,17,611.0,0.2891733482917696,11,136.0,0.3710087442334604,28,747.0
4265.0,33,564.0,6.962962962962963,5.076295551706892,18,658.0,0.3617876268015659,15,173.0,0.2534345227082518,33,831.0
4270.0,32,486.0,6.151898734177215,4.668063155767224,17,623.0,0.2972102661580937,15,195.0,0.26121197588305806,32,818.0
4275.0,41,554.0,7.012658227848101,3.879451100889178,28,643.0,0.14445938266670702,13,213.0,0.297115812854932,41,856.0
4280.0,42,665.0,8.012048192771084,4.094215212639126,29,718.0,0.15132638520973143,13,221.0,0.2860874877423059,42,939.0
4285.0,37,656.0,7.903614457831325,4.135451854822486,22,721.0,0.1719266741744666,15,244.0,0.22564331358580916,37,965.0
4290.0,40,763.0,9.304878048780488,4.059586130871962,21,790.0,0.1710698112921428,19,283.0,0.25251541828329765,40,1073.0
4295.0,42,877.0,11.10126582278481,3.476290978051221,25,861.0,0.13275593374115732,17,344.0,0.22810196151795298,42,1205.0
4300.0,38,827.0,10.468354430379748,3.6302334402723404,28,962.0,0.05362728977867213,10,303.0,0.3307967295562747,38,1265.0
4305.0,40,920.0,11.5,3.521869758312568,32,1074.0,0.05795753808724787,8,313.0,0.2715443201411841,40,1387.0
4310.0,46,912.0,11.544303797468354,3.6587308138681673,29,1091.0,0.11274678823213995,17,318.0,0.19651226508705655,46,1409.0
4315.0,46,691.0,8.746835443037975,3.5405117791114025,25,1021.0,0.15743200527248635,21,362.0,0.16709246287741134,46,1383.0
4320.0,43,696.0,8.810126582278482,3.353049960801896,24,985.0,0.1781276109664733,19,376.0,0.2039999577489638,43,1361.0
4325.0,38,667.0,8.551282051282051,3.2110703036425607,20,988.0,0.20465372826737707,18,407.0,0.19990025256664298,38,1395.0
4330.0,31,381.0,4.9480519480519485,3.6335620254576018,17,880.0,0.14578381706133317,14,381.0,0.1930499861141227,31,1261.0
4335.0,26,341.0,4.371794871794871,5.196707351022255,15,797.0,0.18009344388345533,11,360.0,0.30795155833041826,26,1157.0
4340.0,24,364.0,4.666666666666667,5.508255081815658,13,752.0,0.2231649302361368,11,339.0,0.3128079557117143,24,1091.0
4345.0,28,426.0,5.916666666666667,4.200221881904768,14,750.0,0.20782044716723008,14,373.0,0.2710555580730015,28,1123.0
4350.0,37,402.0,5.583333333333333,3.559758989427606,19,733.0,0.2472413610526673,18,396.0,0.20463188521529102,37,1129.0
4355.0,40,515.0,6.95945945945946,3.8801871183610626,22,755.0,0.2786106144979281,18,412.0,0.18605703043219948,40,1167.0
4360.0,41,589.0,7.551282051282051,3.7856480964874573,24,778.0,0.2525997970381323,17,441.0,0.2066098886908993,41,1219.0
4365.0,31,504.0,6.461538461538462,4.884065073980967,19,710.0,0.24481313458197074,12,409.0,0.2750525137115555,31,1119.0
4370.0,27,387.0,5.092105263157895,4.83676908299596,17,641.0,0.17902232875507343,10,336.0,0.24597547000512765,27,977.0
4375.0,31,407.0,5.575342465753424,5.14964782298137,18,606.0,0.21288021587130046,13,265.0,0.2351147347733399,31,871.0
4380.0,34,450.0,6.521739130434782,3.8522474216252274,18,536.0,0.15576914810614717,16,287.0,0.18968834589776762,34,823.0
4385.0,30,390.0,5.82089552238806,4.507406503905595,18,530.0,0.1208934114109728,12,256.0,0.3507106077158354,30,786.0
4390.0,31,450.0,6.7164179104477615,4.741749938855436,20,500.0,0.03212279161035954,11,285.0,0.4189847600490096,31,785.0
4395.0,35,508.0,7.470588235294118,4.9037621843735275,20,543.0,0.11691754040958678,15,338.0,0.3579304825524814,35,881.0
4400.0,33,530.0,7.91044776119403,4.972308491376806,18,546.0,0.1620362520429053,15,332.0,0.3374364515559538,33,878.0
4405.0,32,546.0,8.149253731343284,4.627807581417252,15,550.0,0.18340084209548446,17,320.0,0.2846980042604014,32,870.0
4410.0,26,406.0,5.884057971014493,4.846899948109232,8,466.0,0.3001793407434127,18,355.0,0.17725270369161703,26,821.0
4415.0,18,385.0,5.661764705882353,6.3994473859026595,5,389.0,0.42591258913621494,13,336.0,0.2441954918770442,18,725.0
4420.0,13,190.0,3.064516129032258,6.11257611408667,4,248.0,0.43873580883082547,9,261.0,0.21611718083889114,13,509.0
4425.0,17,137.0,2.2459016393442623,5.754341351208915,6,132.0,0.30082318497130794,11,188.0,0.2937326490052781,17,320.0
4430.0,23,218.0,3.6333333333333333,5.976399376110654,11,144.0,0.2895773842311082,12,208.0,0.35112914162250486,23,352.0
4435.0,16,242.0,4.481481481481482,5.715027428653701,7,153.0,0.2856130077012162,9,211.0,0.3523993189665855,16,364.0
4440.0,15,284.0,5.461538461538462,5.328610943985587,7,141.0,0.30904010479751676,8,205.0,0.19160157572314782,15,346.0
4445.0,20,302.0,5.8076923076923075,5.366968004172024,5,129.0,0.36894188179703113,15,243.0,0.1280118303518888,20,372.0
4450.0,24,355.0,6.96078431372549,5.491277671315936,5,127.0,0.5281896461984703,19,288.0,0.18284100282730376,24,415.0
4455.0,15,279.0,5.365384615384615,6.428238572788912,2,62.0,0.6541731073101806,13,313.0,0.3157000027384644,15,375.0
4460.0,16,294.0,5.547169811320755,6.417080469331038,4,45.0,0.5135302560919964,12,330.0,0.3894274532816364,16,375.0
4465.0,18,287.0,5.218181818181818,6.14615196404341,7,45.0,0.4508807558720426,11,306.0,0.33953295905522113,18,351.0
4470.0,25,208.0,3.586206896551724,5.062937620021699,10,91.0,0.28244277680004815,15,256.0,0.24468590451442368,25,347.0
4475.0,25,229.0,4.017543859649122,5.110517792691593,8,103.0,0.2849020331598466,17,222.0,0.2591447847374463,25,325.0
4480.0,21,222.0,3.8275862068965516,4.928990869477898,6,76.0,0.3983774492707457,15,259.0,0.17427218626236216,21,335.0
4485.0,24,284.0,4.896551724137931,6.299410082653899,7,77.0,0.5410943914965711,17,298.0,0.2010370114196878,24,375.0
4490.0,20,315.0,5.338983050847458,6.550457329078359,6,107.0,0.5769534247845732,14,318.0,0.16603235719364146,20,425.0
4495.0,19,276.0,4.842105263157895,6.025063955592496,5,79.0,0.4133970074264383,14,297.0,0.22949377939317261,19,376.0
4500.0,22,251.0,4.5636363636363635,5.676678761314427,9,85.0,0.16288698171937208,13,305.0,0.29886408021712135,22,390.0
4505.0,22,267.0,5.037735849056604,5.884128149396781,9,95.0,0.2496020753261755,13,278.0,0.3322359918076577,22,373.0
4510.0,21,263.0,5.1568627450980395,5.179110743618739,9,135.0,0.3379133094346973,12,275.0,0.1782533149053703,21,410.0
4515.0,18,283.0,6.0212765957446805,5.752953672006255,5,141.0,0.5067394570981019,13,266.0,0.22202673831779896,18,407.0
4520.0,17,239.0,5.085106382978723,5.880818665589585,4,91.0,0.5637968093338563,13,269.0,0.1999567014830036,17,360.0
4525.0,15,191.0,4.340909090909091,6.5329125335110385,3,61.0,0.6396499600040362,12,254.0,0.1837419587284134,15,315.0
4530.0,17,171.0,3.5625,6.499405277805624,5,57.0,0.46211909514982197,12,239.0,0.3158525869867514,17,296.0
4535.0,17,200.0,4.651162790697675,5.49773097925652,9,93.0,0.19854222553507944,8,196.0,0.4392404303487143,17,289.0
4540.0,18,200.0,4.651162790697675,5.110600722271414,9,113.0,0.24066709545475118,9,186.0,0.3299973365342311,18,299.0
4545.0,12,137.0,3.1136363636363638,5.684710181907815,5,108.0,0.39979716322904507,7,167.0,0.19471995776146092,12,275.0
4550.0,13,194.0,4.619047619047619,6.682077135103242,3,107.0,0.5410657832141292,10,176.0,0.21762537340405433,13,283.0
4555.0,16,222.0,5.162790697674419,6.812561394252021,7,137.0,0.546019891226359,9,166.0,0.24913010670720517,16,303.0
4560.0,15,178.0,4.45,5.672907193266771,6,92.0,0.47093305278444,9,186.0,0.16400382167607438,15,278.0
4565.0,15,169.0,4.225,5.291516770894164,8,85.0,0.33576563246646823,7,176.0,0.2847548281025235,15,261.0
4570.0,16,189.0,4.725,5.473846169143859,8,82.0,0.24562760043519416,8,169.0,0.2695289322562454,16,251.0
4575.0,9,109.0,2.8684210526315788,7.062923999903697,4,50.0,0.25587975728035844,5,141.0,0.42755724819710217,9,191.0
4580.0,10,114.0,2.923076923076923,6.666382675987939,4,57.0,0.20335573966744103,6,135.0,0.3859456420101516,10,192.0
4585.0,15,91.0,2.275,6.174420034638618,9,64.0,0.27365362639024027,6,111.0,0.39178453047385847,15,175.0
4590.0,11,93.0,2.268292682926829,7.276254083834737,4,66.0,0.43962448577204755,7,71.0,0.5127287728896481,11,137.0
4595.0,10,128.0,3.282051282051282,8.57807801415458,2,36.0,0.7411028586616915,8,110.0,0.4603596587592879,10,146.0
4600.0,8,110.0,2.8205128205128207,7.179926651078076,2,24.0,0.6814784711434753,6,108.0,0.3072722653162643,8,132.0
4605.0,15,175.0,4.487179487179487,6.539543812029661,5,46.0,0.5086209001338259,10,136.0,0.2688513943379536,15,182.0
4610.0,13,137.0,3.186046511627907,5.502772204555875,6,59.0,0.33675803302365775,7,130.0,0.3772438140098898,13,189.0
4615.0,12,161.0,3.8333333333333335,7.803013317432805,5,63.0,0.47970942481075957,7,118.0,0.4630598386225847,12,181.0
4620.0,11,126.0,2.9302325581395348,7.389485655581882,5,75.0,0.2974200541573857,6,96.0,0.43509543812427964,11,171.0
4625.0,16,183.0,3.9782608695652173,7.184907217341012,9,112.0,0.31147496900991406,7,94.0,0.4197214191831727,16,206.0
4630.0,13,210.0,5.0,6.437448977914533,6,135.0,0.3903448728186776,7,100.0,0.4250925514736611,13,235.0
4635.0,12,255.0,6.891891891891892,6.768754781492592,6,146.0,0.4426784794070709,6,119.0,0.28801200355391576,12,265.0
4640.0,10,249.0,6.72972972972973,5.775758782358869,5,159.0,0.29752699079197253,5,112.0,0.1380066727532939,10,271.0
4645.0,13,307.0,8.527777777777779,7.019633838460704,8,201.0,0.39988860993937414,5,119.0,0.20016514180106348,13,320.0
4650.0,10,195.0,5.571428571428571,6.854715520622158,6,164.0,0.49830832427702054,4,98.0,0.36652039868302594,10,262.0
4655.0,11,235.0,6.351351351351352,8.025689240833666,8,194.0,0.5120316555297472,3,60.0,0.6435805360979615,11,254.0
4660.0,14,299.0,7.2926829268292686,6.041831068024627,11,243.0,0.3820697029198848,3,75.0,0.5033976849546229,14,318.0
4665.0,16,248.0,5.767441860465116,5.204707629795904,12,254.0,0.3713689019983314,4,62.0,0.3965944049213939,16,316.0
4670.0,15,276.0,6.2727272727272725,5.1083079393962185,9,260.0,0.3465290445432984,6,34.0,0.24286957883142923,15,294.0
4675.0,17,287.0,5.627450980392157,5.405088616275397,13,295.0,0.25938593287178446,4,40.0,0.48153621709062966,17,335.0
4680.0,22,331.0,6.0181818181818185,5.693798946946581,18,334.0,0.2351300649245742,4,39.0,0.5300091221651961,22,373.0
4685.0,19,363.0,6.368421052631579,6.105315654674847,17,398.0,0.2365145025632839,2,25.0,0.692227445137177,19,423.0
4690.0,23,439.0,7.316666666666666,6.29480456607296,20,471.0,0.2921218050116477,3,28.0,0.6427279743303074,23,499.0
4695.0,26,454.0,7.566666666666666,5.36882117345073,22,534.0,0.3214330299194073,4,26.0,0.434183301386985,26,560.0
4700.0,24,444.0,7.161290322580645,5.607504818321003,16,543.0,0.3339886253616058,8,47.0,0.32532481611991054,24,590.0
4705.0,26,242.0,3.5072463768115942,4.449146702917891,18,407.0,0.23074660057084392,8,82.0,0.3149307655976546,26,489.0
4710.0,32,307.0,4.385714285714286,5.030459802833797,22,377.0,0.24876536878308067,10,105.0,0.3651013331403343,32,482.0
4715.0,35,346.0,5.088235294117647,3.8617951661980188,26,450.0,0.17908806903259314,9,112.0,0.39204434728372656,35,562.0
4720.0,33,383.0,5.394366197183099,4.844898085625641,26,495.0,0.18151226009313617,7,110.0,0.44827711372536294,33,605.0
4725.0,30,477.0,6.534246575342466,4.878851857289119,24,566.0,0.17137063375360606,6,125.0,0.42252183224437195,30,691.0
4730.0,35,556.0,7.616438356164384,4.853221849406689,24,613.0,0.18816969073375783,11,159.0,0.345098184269638,35,772.0
4735.0,31,445.0,6.180555555555555,4.358212355688159,18,570.0,0.20266981646336685,13,182.0,0.2428162325529086,31,752.0
4740.0,32,447.0,6.478260869565218,3.652058682678372,19,598.0,0.165806366861733,13,175.0,0.21709941222570145,32,773.0
4745.0,37,519.0,7.632352941176471,3.6763064061315225,24,634.0,0.1483190651319659,13,204.0,0.28151816621133063,37,838.0
4750.0,35,584.0,8.46376811594203,3.6872354390238997,25,691.0,0.07664407809653365,10,182.0,0.32254358479191614,35,873.0
4755.0,29,648.0,9.818181818181818,4.384241313746253,21,688.0,0.11329676796997917,8,206.0,0.38784313115225877,29,894.0
4760.0,30,763.0,11.388059701492537,5.043531903248755,17,698.0,0.22924862250489814,13,252.0,0.3334290337077999,30,950.0
4765.0,27,692.0,10.028985507246377,5.142638480802182,15,699.0,0.2762617757068845,12,224.0,0.35338401906026173,27,923.0
4770.0,29,663.0,10.045454545454545,5.194502622525472,16,692.0,0.3015585773205963,13,242.0,0.2878800176030564,29,934.0
4775.0,32,717.0,11.03076923076923,3.6070570705413303,17,748.0,0.20124382457631249,15,273.0,0.19262290327310735,32,1021.0
4780.0,33,798.0,12.870967741935484,3.311015154056772,15,778.0,0.17658214088135255,18,298.0,0.1328254692918996,33,1076.0
4785.0,32,580.0,8.923076923076923,3.433554809686076,16,674.0,0.23997979236910608,16,304.0,0.10347862109949608,32,978.0
4790.0,27,308.0,4.888888888888889,4.257546697854967,17,576.0,0.15336437567057634,10,233.0,0.30299472230504165,27,809.0
4795.0,27,301.0,4.630769230769231,4.286278250768329,18,617.0,0.11576709784686343,9,230.0,0.32405189797052475,27,847.0
4800.0,24,317.0,5.031746031746032,5.430836982337418,14,633.0,0.20266643828717826,10,193.0,0.35496234089883194,24,826.0
4805.0,22,378.0,6.406779661016949,4.990461206602341,13,613.0,0.2607999307688235,9,175.0,0.23972002727921607,22,788.0
4810.0,22,445.0,7.672413793103448,5.484175858172897,15,542.0,0.17227807977655174,7,169.0,0.41765883550432886,22,711.0
4815.0,24,435.0,7.5,5.207263908969145,17,594.0,0.1626494167201755,7,138.0,0.4757853841790326,24,732.0
4820.0,18,454.0,8.407407407407407,5.5728835277119515,12,610.0,0.2317881253896507,6,91.0,0.4314770079960717,18,701.0
4825.0,21,403.0,7.0701754385964914,4.808136081769604,13,582.0,0.31113989242722667,8,90.0,0.17996554283398777,21,672.0
4830.0,25,316.0,5.543859649122807,4.869528506464992,14,475.0,0.3478165418929746,11,123.0,0.20619226817743577,25,598.0
4835.0,27,346.0,6.290909090909091,3.7359039877773754,15,498.0,0.20472099423381857,12,157.0,0.3077035475617838,27,655.0
4840.0,28,439.0,7.701754385964913,4.116329437788433,18,528.0,0.06548726131308859,10,166.0,0.35621435459218537,28,694.0
4845.0,29,487.0,8.116666666666667,4.656825191827638,19,576.0,0.05333295072165233,10,198.0,0.3915956648694317,29,774.0
4850.0,19,441.0,7.112903225806452,5.751493678891329,10,562.0,0.23192349315291083,9,209.0,0.2870637652669315,19,771.0
4855.0,21,261.0,4.35,4.916954790756742,7,452.0,0.3572284536332023,14,237.0,0.10856107486984591,21,689.0
4860.0,27,345.0,5.75,4.915840469471762,12,421.0,0.36383895220434115,15,281.0,0.18386644735933033,27,702.0
4865.0,23,377.0,5.890625,5.142460763918244,13,448.0,0.39491768281892875,10,299.0,0.2942549376948348,23,747.0
4870.0,21,408.0,6.181818181818182,5.6279251460613455,9,437.0,0.36941630182718416,12,302.0,0.2889966244538363,21,739.0
4875.0,20,364.0,5.352941176470588,5.279596314882831,8,304.0,0.30040285319765275,12,339.0,0.25613209564894823,20,643.0
4880.0,26,396.0,5.739130434782608,4.9976252055348995,15,173.0,0.28354853829650034,11,369.0,0.20295627993420606,26,542.0
4885.0,29,445.0,6.544117647058823,4.75190004994611,18,244.0,0.28528073793219755,11,378.0,0.2307959820506536,29,622.0
4890.0,30,511.0,7.984375,4.68966198073314,17,301.0,0.2934397610571189,13,359.0,0.28977457644709637,30,660.0
4895.0,36,558.0,8.584615384615384,3.5561789467598013,20,338.0,0.18047299316621232,16,403.0,0.3160184924606765,36,741.0
4900.0,26,554.0,8.26865671641791,4.561305372660256,14,339.0,0.25177044696586454,12,414.0,0.2756011409644327,26,753.0
4905.0,23,265.0,3.8405797101449277,4.830423085319874,12,292.0,0.23741203462437388,11,295.0,0.272168314699269,23,587.0
4910.0,29,332.0,4.676056338028169,5.6171647446194894,13,277.0,0.2802299679866864,16,274.0,0.2919379618772094,29,551.0
4915.0,32,395.0,5.563380281690141,4.619443254173722,16,305.0,0.23582269717564486,16,304.0,0.26834441002427967,32,609.0
4920.0,30,406.0,5.71830985915493,4.809984405449921,13,323.0,0.34704192450454874,17,311.0,0.16903075195429623,30,634.0
4925.0,28,383.0,5.2465753424657535,4.8537030200909195,12,308.0,0.3845398960930799,16,355.0,0.21203982667571838,28,663.0
4930.0,26,383.0,4.910256410256411,5.890029815023433,15,303.0,0.3397413574913352,11,348.0,0.36287672354646644,26,651.0
4935.0,29,353.0,4.468354430379747,5.356017929567788,18,320.0,0.24964038027189003,11,299.0,0.3883333214441313,29,619.0
4940.0,38,464.0,5.948717948717949,4.969151016212654,23,397.0,0.24370257858115338,15,286.0,0.30562044554074336,38,683.0
4945.0,40,515.0,6.518987341772152,4.036947677247052,24,465.0,0.21028645240474705,16,315.0,0.219383942787839,40,780.0
4950.0,38,570.0,7.5,4.081620543668043,21,489.0,0.20789786917892458,17,343.0,0.18865870069087218,38,832.0
4955.0,37,482.0,6.513513513513513,3.4239346325971343,21,482.0,0.20044568195033213,16,370.0,0.07290263488482339,37,852.0
4960.0,28,404.0,5.45945945945946,4.7483779027896915,18,421.0,0.18246502278215193,10,363.0,0.26267695159059146,28,784.0
4965.0,32,473.0,6.391891891891892,5.018880525956111,24,467.0,0.1498343960089018,8,358.0,0.4639661852680831,32,825.0
4970.0,35,486.0,6.394736842105263,4.884713705992023,25,561.0,0.17546283518860695,10,383.0,0.4098860670892642,35,944.0
4975.0,39,575.0,7.565789473684211,3.9975612810510452,24,622.0,0.1843891262840483,15,418.0,0.3058766328367039,39,1040.0
4980.0,43,744.0,9.417721518987342,3.6641673326529487,27,712.0,0.13674807950183912,16,465.0,0.2559680144368894,43,1177.0
4985.0,38,779.0,9.5,4.326171734890484,27,761.0,0.14363559911820922,11,472.0,0.37667575107070483,38,1233.0
4990.0,33,627.0,7.554216867469879,4.644526066064299,21,730.0,0.17304324489773623,12,465.0,0.2987083735649828,33,1195.0
4995.0,35,718.0,8.75609756097561,5.0455450605507774,19,719.0,0.2338061984295506,16,505.0,0.25705666459263243,35,1224.0
5000.0,37,697.0,8.5,4.66899237027239,17,677.0,0.2407017028241245,20,491.0,0.2090521211770779,37,1168.0
5005.0,37,546.0,6.7407407407407405,4.5674476539714135,16,650.0,0.23012907438907992,21,397.0,0.2602821296773199,37,1047.0
5010.0,33,433.0,5.481012658227848,4.186848774009874,15,595.0,0.2178646833600726,18,435.0,0.2891356234136964,33,1030.0
5015.0,31,305.0,3.961038961038961,4.173725072215538,17,470.0,0.16990568346718152,14,419.0,0.27892099013341815,31,889.0
5020.0,38,409.0,5.049382716049383,4.2578104367697245,20,511.0,0.12637042127844442,18,428.0,0.2879727313680464,38,939.0
5025.0,31,403.0,4.855421686746988,4.7621736861292305,13,500.0,0.16225444379513213,18,459.0,0.259730260777309,31,959.0
5030.0,33,501.0,6.2625,5.066762585614121,12,486.0,0.24420120946448967,21,509.0,0.2670164676722324,33,995.0
5035.0,39,542.0,6.530120481927711,4.829153872732324,15,449.0,0.26708129934796765,24,532.0,0.2538398240925636,39,981.0
5040.0,39,580.0,7.160493827160494,4.0355410826717,14,456.0,0.2893713091423336,25,520.0,0.19042263650747915,39,976.0
5045.0,44,707.0,8.621951219512194,3.9632735008509563,21,511.0,0.2902345216605317,23,578.0,0.2295047676213158,44,1089.0
5050.0,38,703.0,8.369047619047619,3.726041031239168,18,555.0,0.1873093355774496,20,579.0,0.207510615788334,38,1134.0
5055.0,34,600.0,7.317073170731708,3.7786945954876763,14,526.0,0.16144359770920808,20,578.0,0.15834571651699766,34,1104.0
5060.0,35,553.0,6.583333333333333,4.07774715577748,12,516.0,0.24592129882594854,23,555.0,0.05439283197234388,35,1071.0
5065.0,43,593.0,7.4125,4.056292646750576,17,498.0,0.2896781810022274,26,632.0,0.100614125778053,43,1130.0
5070.0,45,732.0,9.384615384615385,3.724084680338764,19,568.0,0.25611143609069087,26,683.0,0.14212574543402118,45,1251.0
5075.0,50,903.0,11.430379746835444,3.2455259099607274,24,655.0,0.2660664990213669,26,742.0,0.16561446467517316,50,1397.0
5080.0,47,942.0,11.775,3.2835612249417965,24,701.0,0.22100738671679462,23,758.0,0.19799488698836523,47,1459.0
5085.0,37,835.0,10.182926829268293,3.6427524037690997,18,683.0,0.2736043506714056,19,768.0,0.15146251409870634,37,1451.0
5090.0,31,747.0,8.788235294117648,4.604949404573085,15,673.0,0.21883970468293656,16,696.0,0.21647641776283855,31,1369.0
5095.0,32,574.0,7.08641975308642,5.199275582925973,16,561.0,0.22390793703969997,16,657.0,0.27336003341805387,32,1218.0
5100.0,36,467.0,5.9113924050632916,4.283057529083002,17,380.0,0.1603634238676693,19,671.0,0.1648001969998799,36,1051.0
5105.0,39,447.0,5.96,3.6374793934533263,18,394.0,0.14275354683485472,21,649.0,0.17121052595553674,39,1043.0
5110.0,41,461.0,5.987012987012987,4.004588675753843,20,407.0,0.26569889637853544,21,664.0,0.17380515286825918,41,1071.0
5115.0,36,469.0,6.090909090909091,3.7641045651349114,16,440.0,0.29387959386981927,20,650.0,0.17501759640669837,36,1090.0
5120.0,30,427.0,5.618421052631579,4.067507242592786,12,419.0,0.263534047419112,18,663.0,0.22003260352267293,30,1082.0
5125.0,26,379.0,4.922077922077922,4.548347615094466,12,379.0,0.23681265376796679,14,630.0,0.21470194878780982,26,1009.0
5130.0,30,419.0,5.371794871794871,4.1309401403069215,16,378.0,0.16038590885589787,14,620.0,0.18280337292148627,30,998.0
5135.0,38,417.0,5.635135135135135,3.7395546957109187,20,392.0,0.11874365052899943,18,608.0,0.20801197584025186,38,1000.0
5140.0,44,570.0,8.142857142857142,3.607002109977644,22,435.0,0.15382553309005476,22,653.0,0.2250516714395788,44,1088.0
5145.0,40,639.0,8.875,3.456991574321208,19,472.0,0.16017107336348071,21,631.0,0.22477044162762716,40,1103.0
5150.0,32,587.0,8.385714285714286,3.6305113393471298,12,433.0,0.2591343027584458,20,647.0,0.11197131525078756,32,1080.0
5155.0,25,538.0,7.797101449275362,5.1571002534106105,9,414.0,0.36283637473913954,16,611.0,0.15790637289639292,25,1025.0
5160.0,20,560.0,8.35820895522388,5.688493811048102,8,384.0,0.2144757143863015,12,577.0,0.249143675971637,20,961.0
5165.0,24,402.0,6.090909090909091,5.35455577755066,13,392.0,0.13588163419220778,11,473.0,0.25526473985217535,24,865.0
5170.0,31,414.0,6.369230769230769,4.9922384127974135,15,391.0,0.2176520784637732,16,415.0,0.28122736325237097,31,806.0
5175.0,31,424.0,6.625,5.229227432548538,13,305.0,0.3103835392545302,18,462.0,0.3189664278872875,31,767.0
5180.0,21,417.0,6.725806451612903,5.222924966422727,10,299.0,0.3071852715816532,11,451.0,0.35308684644774607,21,750.0
5185.0,19,343.0,5.622950819672131,5.385903682335941,7,251.0,0.32313268240468707,12,431.0,0.2715764244477072,19,682.0
5190.0,22,398.0,6.745762711864407,4.661825545429492,6,206.0,0.3610655274692528,16,424.0,0.09794258652868006,22,630.0
5195.0,32,461.0,7.317460317460317,4.94408847543071,13,242.0,0.3416054654977717,19,439.0,0.1447646022204796,32,681.0
5200.0,28,406.0,6.766666666666667,4.513719127405024,11,259.0,0.3228793475674418,17,401.0,0.22254651066107967,28,660.0
5205.0,24,435.0,7.131147540983607,4.682305231888756,10,267.0,0.3945003157043701,14,414.0,0.1682263639058004,24,681.0
5210.0,20,328.0,5.2063492063492065,4.977749586467787,7,232.0,0.34353055215896405,13,390.0,0.183292560701917,20,622.0
5215.0,24,316.0,4.7164179104477615,5.4003604135426375,10,223.0,0.23227698709406389,14,395.0,0.28216777124696535,24,618.0
5220.0,31,265.0,4.076923076923077,5.580282319325623,13,145.0,0.30644359282303746,18,433.0,0.3745637076915219,31,578.0
5225.0,33,388.0,5.6231884057971016,5.770939050835767,15,161.0,0.32525110693383136,18,458.0,0.41810101704203984,33,619.0
5230.0,31,394.0,5.794117647058823,4.851987247898395,13,198.0,0.2668952901802137,18,428.0,0.3937148901259307,31,626.0
5235.0,27,391.0,5.666666666666667,4.258145404681641,7,178.0,0.2766643660135924,20,485.0,0.26372183365366325,27,663.0
5240.0,29,398.0,5.768115942028985,3.4844804903141724,6,187.0,0.2739859952890851,23,483.0,0.13380210929660985,29,670.0
5245.0,38,453.0,6.291666666666667,3.452256907942972,15,223.0,0.12485382979040663,23,474.0,0.13888685413741506,38,697.0
5250.0,37,536.0,7.549295774647887,3.3958964710058064,15,251.0,0.14800035009628337,22,550.0,0.11087663126689737,37,801.0
5255.0,31,587.0,8.152777777777779,5.064542295969087,7,219.0,0.3774174299041001,24,602.0,0.08462680438751397,31,821.0
5260.0,30,487.0,6.957142857142857,5.233469213214437,5,186.0,0.4677460869161223,25,635.0,0.13192133520553134,30,821.0
5265.0,30,449.0,6.414285714285715,5.435159713551183,10,209.0,0.3790040806698234,20,611.0,0.2290135814021909,30,820.0
5270.0,31,497.0,7.53030303030303,4.356276732550674,12,237.0,0.29381561503848036,19,643.0,0.22927034515776076,31,880.0
5275.0,27,471.0,7.476190476190476,4.501262580227075,7,221.0,0.3131111403861844,20,660.0,0.19626783161622918,27,881.0
5280.0,29,344.0,5.4603174603174605,3.3881704365017424,7,109.0,0.2835381951639185,22,680.0,0.11913709733411619,29,789.0
5285.0,29,291.0,4.476923076923077,4.37576662750644,13,133.0,0.1906910318068967,16,624.0,0.18873045351476625,29,757.0
5290.0,25,293.0,4.578125,4.791260014342138,12,165.0,0.20383663087038112,13,592.0,0.2549609224919246,25,757.0
5295.0,22,310.0,4.696969696969697,5.834216029609719,5,160.0,0.3527129746104247,17,569.0,0.2334591726157549,22,729.0
5300.0,24,284.0,4.4375,5.405091031661009,4,126.0,0.3456859252256094,20,574.0,0.20673386643574812,24,700.0
5305.0,30,358.0,5.774193548387097,5.897868158869746,11,152.0,0.31699403869461346,19,551.0,0.2517789339605561,30,703.0
5310.0,28,415.0,7.155172413793103,4.262777341858504,8,175.0,0.35837753397405026,20,582.0,0.1352558082163512,28,757.0
5315.0,24,445.0,7.5423728813559325,5.283735330822937,5,151.0,0.41021790627299287,19,565.0,0.14544336643703082,24,716.0
5320.0,23,330.0,5.689655172413793,4.862868499688621,6,78.0,0.3491935497091758,17,543.0,0.15523510494896778,23,621.0
5325.0,21,205.0,3.5964912280701755,5.631737321132058,11,99.0,0.20829381541849515,10,451.0,0.2892151883948469,21,550.0
5330.0,20,267.0,4.767857142857143,5.661203675390437,10,120.0,0.20448193141643115,10,383.0,0.36665698225451065,20,503.0
5335.0,17,260.0,4.642857142857143,6.455704498023127,6,116.0,0.39991260850658056,11,300.0,0.2983330486478117,17,416.0
5340.0,15,274.0,5.074074074074074,7.026956957783938,3,85.0,0.5686856825449841,12,315.0,0.2882940680386185,15,400.0
5345.0,16,287.0,5.125,7.356825421588929,3,66.0,0.6695357140661535,13,306.0,0.2932733728716151,16,372.0
5350.0,20,338.0,6.5,6.544861145706873,8,95.0,0.5016598576769862,12,319.0,0.3580524088820944,20,414.0
5355.0,22,364.0,6.867924528301887,4.6954118137266345,11,131.0,0.3514080141408888,11,318.0,0.28722951595216467,22,449.0
5360.0,27,469.0,9.01923076923077,4.461748750533072,14,182.0,0.13967097481781016,13,337.0,0.29456876795540077,27,519.0
5365.0,23,346.0,6.784313725490196,4.414467170294477,13,213.0,0.13450125037419536,10,253.0,0.23110218309479896,23,466.0
5370.0,16,325.0,6.5,6.90811524374992,7,204.0,0.3460495123989545,9,181.0,0.34882488419086,16,385.0
5375.0,11,181.0,4.113636363636363,6.2121833087346126,4,113.0,0.39161738242217975,7,170.0,0.27308862978536647,11,283.0
5380.0,16,222.0,4.625,6.78861545767785,8,113.0,0.4789099795448531,8,149.0,0.23886974262576477,16,262.0
5385.0,14,134.0,2.977777777777778,6.360137915707048,6,93.0,0.3866670096175231,8,125.0,0.3459931872309394,14,218.0
5390.0,15,167.0,3.7954545454545454,7.797125341189143,8,99.0,0.4358279470677453,7,102.0,0.4990585846045863,15,201.0
5395.0,11,89.0,2.119047619047619,5.313125665654632,6,89.0,0.31221921289886084,5,83.0,0.3386828572411235,11,172.0
5400.0,7,64.0,1.4222222222222223,7.216244217266012,3,58.0,0.35336153721590113,4,54.0,0.4208900190714442,7,112.0
5405.0,8,91.0,2.0681818181818183,8.621477894182886,4,54.0,0.381835544725923,4,69.0,0.5697094070550044,8,123.0
5410.0,12,72.0,1.565217391304348,8.254838683812164,10,92.0,0.26189709276779605,2,43.0,0.639467320630493,12,135.0
5415.0,12,102.0,2.55,6.833707653563986,7,106.0,0.32183010137328266,5,33.0,0.5578483649806478,12,139.0
5420.0,9,89.0,2.282051282051282,6.603463285434086,5,86.0,0.4820659724170434,4,34.0,0.36445005017341797,9,120.0
5425.0,14,82.0,1.8636363636363635,6.513862605615798,6,59.0,0.41363253041219905,8,59.0,0.31716250706455695,14,118.0
5430.0,13,96.0,2.0869565217391304,6.95560493716958,7,64.0,0.37662333958935046,6,68.0,0.4400075116556367,13,132.0
5435.0,16,144.0,3.0,7.278545359304982,8,88.0,0.2920191191291375,8,92.0,0.5203105584606412,16,180.0
5440.0,16,169.0,3.5208333333333335,6.718563129767678,10,121.0,0.3315979222398552,6,101.0,0.49911032675255235,16,222.0
5445.0,13,163.0,3.5434782608695654,6.67764061923504,7,119.0,0.38462711673839955,6,89.0,0.46061924630384815,13,208.0
5450.0,12,100.0,2.127659574468085,6.197040080012271,4,82.0,0.5009099806976931,8,64.0,0.2796284948647366,12,146.0
5455.0,19,163.0,3.196078431372549,6.153247070730888,6,99.0,0.47349606689122387,13,108.0,0.19864573002036562,19,207.0
5460.0,19,223.0,4.2075471698113205,6.653127740432812,8,122.0,0.4180897108929596,11,158.0,0.3685418724041478,19,280.0
5465.0,21,271.0,5.113207547169812,6.358882761722496,10,127.0,0.45044595438632307,11,188.0,0.3824746379523677,21,315.0
5470.0,20,299.0,5.537037037037037,6.321589431766842,11,180.0,0.41181146507205496,9,198.0,0.4166516836049481,20,378.0
5475.0,17,301.0,5.280701754385965,5.670334162369542,9,191.0,0.26982679715197105,8,170.0,0.3526372185034169,17,361.0
5480.0,17,265.0,4.344262295081967,6.162012155040147,8,156.0,0.2725869004072595,9,184.0,0.36437902721794335,17,340.0
5485.0,21,340.0,5.666666666666667,6.330295867434321,8,180.0,0.38311046217296413,13,228.0,0.2526781433740339,21,408.0
5490.0,24,249.0,4.220338983050848,5.683885679286615,11,211.0,0.36278399894821994,13,200.0,0.27047440094735753,24,411.0
5495.0,25,342.0,6.218181818181818,5.022508344885071,11,234.0,0.33913647317128476,14,177.0,0.2624347509693546,25,411.0
5500.0,22,361.0,6.224137931034483,4.798819960042433,11,235.0,0.2906854265938196,11,200.0,0.27644447896924834,22,435.0
5505.0,20,250.0,4.237288135593221,5.6190697278666155,12,181.0,0.3062804085283528,8,171.0,0.28492890300990703,20,352.0
5510.0,18,196.0,3.3220338983050848,6.513636784534341,11,170.0,0.3440664178342569,7,147.0,0.4359386597889194,18,317.0
5515.0,17,167.0,2.8793103448275863,6.086626457073598,11,188.0,0.2798116514041242,6,90.0,0.5414468743753279,17,278.0
5520.0,21,218.0,3.892857142857143,6.205103937593413,14,213.0,0.4113918946614336,7,80.0,0.44677134891959736,21,293.0
5525.0,25,263.0,4.5344827586206895,5.144687989299927,14,246.0,0.3368579048607813,11,126.0,0.34931702483806853,25,372.0
5530.0,19,255.0,4.322033898305085,5.2882639086410705,10,236.0,0.2710347501527331,9,148.0,0.31605602639060193,19,384.0
5535.0,21,313.0,5.305084745762712,5.100513368642217,9,263.0,0.2970520099935223,12,169.0,0.1488418523501642,21,432.0
5540.0,24,336.0,5.6,4.667648321626363,15,310.0,0.2546683518244464,9,156.0,0.1581928799956674,24,466.0
5545.0,23,262.0,4.678571428571429,4.987230429324376,19,337.0,0.16669612914168838,4,97.0,0.42062610142805723,23,434.0
5550.0,21,307.0,5.482142857142857,6.49191591840639,17,309.0,0.1526720440438365,4,81.0,0.624397833729675,21,390.0
5555.0,20,337.0,5.810344827586207,6.499091950843442,16,332.0,0.12085942378267331,4,89.0,0.6536399663628445,20,421.0
5560.0,16,295.0,5.086206896551724,6.373009559980388,10,308.0,0.17705940053140967,6,115.0,0.4622602993350676,16,423.0
5565.0,18,237.0,4.086206896551724,5.763555195174166,11,298.0,0.2521444902890873,7,105.0,0.2817982905452878,18,403.0
5570.0,25,267.0,4.603448275862069,6.204044908253793,15,263.0,0.35035525210057294,10,137.0,0.2831343297726954,25,400.0
5575.0,21,201.0,3.5892857142857144,5.840661000476097,13,297.0,0.370200604385683,8,87.0,0.350729247891102,21,384.0
5580.0,22,259.0,4.980769230769231,5.883947488257813,15,326.0,0.295102346376208,7,69.0,0.4968308490882039,22,395.0
5585.0,24,256.0,4.491228070175438,4.80696642069505,19,345.0,0.2626891999573938,5,68.0,0.4138102045059545,24,413.0
5590.0,19,231.0,3.9152542372881354,5.747643673161034,13,287.0,0.2804900782573772,6,62.0,0.44071959902442936,19,349.0
5595.0,15,221.0,3.622950819672131,5.690500054463793,10,266.0,0.29662610541220963,5,64.0,0.3928358021342778,15,330.0
5600.0,18,242.0,3.8412698412698414,5.797737214201458,13,286.0,0.22683828654143295,5,64.0,0.3778612017785072,18,350.0
5605.0,25,297.0,5.303571428571429,4.599396260921247,18,332.0,0.11947056553507383,7,67.0,0.443122577763158,25,399.0
5610.0,23,357.0,6.490909090909091,5.505155128225698,15,357.0,0.19413504156735176,8,106.0,0.4060023563410205,23,463.0
5615.0,18,386.0,7.283018867924528,5.674972421202937,10,380.0,0.3348089290737605,8,105.0,0.19487193466399735,18,485.0
5620.0,20,256.0,4.830188679245283,5.502641071674437,10,295.0,0.29001715154190516,10,118.0,0.11051738876868693,20,413.0
5625.0,23,302.0,5.8076923076923075,5.3669533459865635,15,276.0,0.28496171568354534,8,136.0,0.28423586519538224,23,412.0
5630.0,23,287.0,5.74,5.15610874467901,16,281.0,0.1721600692091931,7,133.0,0.49021125201857235,23,414.0
5635.0,21,275.0,5.612244897959184,5.331348779920485,18,292.0,0.14029598158044093,3,86.0,0.5335130755686169,21,378.0
5640.0,23,314.0,6.28,4.952690230744295,17,334.0,0.14440714590954096,6,83.0,0.35541259869488984,23,417.0
5645.0,17,273.0,5.6875,5.4678518070820985,11,297.0,0.27943748812455516,6,101.0,0.2592228802129856,17,398.0
5650.0,13,260.0,5.098039215686274,6.7133281196306145,8,272.0,0.3260388203918893,5,111.0,0.3850128369455483,13,383.0
5655.0,11,137.0,2.5849056603773586,7.229882959827229,8,245.0,0.3439561193775596,3,57.0,0.5508842983066649,11,302.0
5660.0,16,177.0,3.2777777777777777,7.4601515046996845,12,220.0,0.34348847390045556,4,58.0,0.6291621516809256,16,278.0
5665.0,17,204.0,4.0,6.686626616085662,12,253.0,0.3810833862389838,5,80.0,0.5817395665950318,17,333.0
5670.0,19,290.0,5.576923076923077,5.521854185880406,13,282.0,0.33172027097983725,6,112.0,0.3938100947042284,19,394.0
5675.0,20,263.0,4.781818181818182,5.382090252210407,13,292.0,0.32208085920123153,7,109.0,0.40705737098451783,20,401.0
5680.0,16,245.0,4.454545454545454,6.232966952663294,11,262.0,0.3120157096306805,5,97.0,0.40715664535481355,16,359.0
5685.0,15,223.0,4.288461538461538,5.8189488734644925,9,283.0,0.267790812656907,6,99.0,0.29690249586501183,15,382.0
5690.0,21,296.0,5.803921568627451,5.158905235185411,13,319.0,0.21823137961916197,8,130.0,0.26699352296881146,21,449.0
5695.0,25,295.0,6.020408163265306,4.507989267248853,18,347.0,0.2062526618296442,7,90.0,0.36453095208344666,25,437.0
5700.0,17,320.0,6.4,5.632422457887694,10,310.0,0.3194706840838052,7,108.0,0.3422625466265799,17,418.0
5705.0,13,165.0,3.3,5.980697561266929,7,221.0,0.34975793766215985,6,102.0,0.3656656880881167,13,323.0
5710.0,19,233.0,4.480769230769231,6.387600974697947,15,251.0,0.19724638115439222,4,91.0,0.5468240427331372,19,342.0
5715.0,19,212.0,4.076923076923077,5.64420521933957,15,282.0,0.15758290657003068,4,44.0,0.5121505683852321,19,326.0
5720.0,13,206.0,3.9615384615384617,7.103226735595063,9,257.0,0.2607302816182147,4,39.0,0.6441021399005407,13,296.0
5725.0,9,141.0,3.0,6.615124899659062,6,222.0,0.3694453932827525,3,41.0,0.38102328915442363,9,263.0
5730.0,18,169.0,3.4489795918367347,6.250151600968085,10,183.0,0.25894544362051175,8,75.0,0.2729215550377971,18,258.0
5735.0,18,179.0,3.6530612244897958,6.162496918112942,12,204.0,0.25106815507719454,6,73.0,0.48010549194814844,18,277.0
5740.0,10,180.0,3.9130434782608696,7.415685579595964,7,188.0,0.34164770790267235,3,36.0,0.5568069911590446,10,224.0
5745.0,11,94.0,2.1363636363636362,6.7939553049317825,9,173.0,0.21246771197975606,2,15.0,0.5364843675352289,11,188.0
5750.0,14,113.0,2.306122448979592,7.171493560958489,10,146.0,0.3444328526242247,4,25.0,0.4138533239186659,14,171.0
5755.0,11,135.0,3.2142857142857144,6.321194018123658,8,165.0,0.4074180971509307,3,36.0,0.4974554099098189,11,201.0
5760.0,10,154.0,3.5813953488372094,7.325979816489391,7,152.0,0.3844740269000212,3,46.0,0.6779699441755086,10,198.0
5765.0,12,103.0,2.1458333333333335,6.452820070607459,9,125.0,0.24606622063035175,3,42.0,0.6555555709379144,12,167.0
5770.0,20,188.0,3.547169811320755,6.940769699288005,14,169.0,0.27189286231444304,6,72.0,0.6348164941378853,20,241.0
5775.0,15,172.0,3.372549019607843,5.888202775528853,12,202.0,0.3230465721746106,3,45.0,0.5125762020674487,15,247.0
5780.0,19,185.0,3.3636363636363638,5.629731457202107,11,219.0,0.33082528703979425,8,45.0,0.36782655357065985,19,264.0
5785.0,17,171.0,3.0535714285714284,5.493056668623489,9,229.0,0.31800258170966406,8,58.0,0.34690910003399367,17,287.0
5790.0,17,192.0,3.4285714285714284,6.006436901551609,8,196.0,0.2870815991381173,9,93.0,0.37075524246586145,17,289.0
5795.0,21,232.0,4.0701754385964914,5.105275212583221,13,230.0,0.21171194269645188,8,107.0,0.20073766351118733,21,337.0
5800.0,25,318.0,5.482758620689655,5.5635040969417195,14,260.0,0.2540331188228055,11,147.0,0.28006727312326524,25,407.0
5805.0,21,244.0,4.280701754385965,5.061452706019162,13,219.0,0.2504578280521779,8,159.0,0.35856497832220346,21,378.0
5810.0,21,282.0,5.127272727272727,5.78702516348223,16,254.0,0.26564918900982787,5,143.0,0.48853858835632846,21,397.0
5815.0,20,195.0,3.482142857142857,5.018632370499128,17,290.0,0.24487347678544327,3,92.0,0.34691473961877883,20,382.0
5820.0,22,217.0,3.5,5.677547033372155,12,266.0,0.26763031095108536,10,88.0,0.34511991178419377,22,354.0
5825.0,22,265.0,4.416666666666667,5.146473869326638,14,297.0,0.25849239091918597,8,109.0,0.32181757395234567,22,406.0
5830.0,19,262.0,4.225806451612903,6.34815535087505,15,326.0,0.30051539702242774,4,91.0,0.4713489637846095,19,417.0
5835.0,20,235.0,3.8524590163934427,5.852426665298576,14,306.0,0.22714645533763872,6,105.0,0.4904280793049351,20,411.0
5840.0,21,313.0,4.968253968253968,5.846722376158643,17,344.0,0.15587702479942553,4,132.0,0.520774510779664,21,476.0
5845.0,25,368.0,6.032786885245901,5.675106893981283,18,397.0,0.19143036956571047,7,154.0,0.5391675454812654,25,551.0
5850.0,24,417.0,6.725806451612903,6.5607887535441725,18,425.0,0.3245695113628257,6,161.0,0.5419190649291854,24,586.0
5855.0,24,417.0,6.318181818181818,5.260428173036372,15,432.0,0.32808508236553174,9,178.0,0.33010104467155627,24,610.0
5860.0,22,360.0,5.538461538461538,5.573129105973441,12,352.0,0.3368179513901836,10,209.0,0.31462538578627036,22,561.0
5865.0,24,390.0,6.0,5.126692431140441,16,368.0,0.20818426506211116,8,220.0,0.3511401325726123,24,588.0
5870.0,26,213.0,3.227272727272727,4.683481087786234,18,355.0,0.17004739692836224,8,141.0,0.2910779860066346,26,496.0
5875.0,27,244.0,3.753846153846154,4.523946297748544,15,381.0,0.24843826459805865,12,121.0,0.2975715481052528,27,502.0
5880.0,23,280.0,4.444444444444445,4.450385498507358,12,377.0,0.30641093768646116,11,155.0,0.21304722690192374,23,532.0
5885.0,23,245.0,4.083333333333333,4.61981050514212,16,365.0,0.20347766826807964,7,159.0,0.24457464615215932,23,524.0
5890.0,24,224.0,3.6721311475409837,5.1251362720762454,18,373.0,0.12600803749971315,6,124.0,0.3581889360812129,24,497.0
5895.0,31,310.0,5.0,5.169278289381077,20,416.0,0.18449162909838926,11,116.0,0.38554231629318797,31,532.0
5900.0,25,342.0,5.7,5.231428253555662,15,410.0,0.3275560650234697,10,146.0,0.40443230921106643,25,556.0
5905.0,18,287.0,4.484375,4.998952114993646,11,428.0,0.2776107713171789,7,126.0,0.3553452368897369,18,554.0
5910.0,17,251.0,3.984126984126984,5.363175431993825,11,407.0,0.27385131527289275,6,95.0,0.3037187867243329,17,502.0
5915.0,25,136.0,2.029850746268657,4.8557114271240005,12,352.0,0.24863446800780478,13,97.0,0.16387173027706597,25,449.0
5920.0,31,237.0,3.703125,5.144213783946486,17,346.0,0.21990920902004818,14,136.0,0.2720789379679584,31,482.0
5925.0,26,299.0,5.245614035087719,4.6187222251810764,18,400.0,0.10002700904484844,8,157.0,0.36622844504916174,26,557.0
5930.0,27,362.0,6.241379310344827,4.521369343658698,15,440.0,0.12803776936443548,12,183.0,0.22851397301750245,27,623.0
5935.0,24,387.0,6.559322033898305,4.877536718116849,12,423.0,0.24890407701982062,12,204.0,0.18373587334935362,24,627.0
5940.0,23,334.0,5.964285714285714,5.263075370387521,10,358.0,0.32632163723094515,13,237.0,0.2788771994699773,23,595.0
5945.0,15,318.0,5.781818181818182,5.884466016214919,7,347.0,0.34643641599415687,8,222.0,0.3610406420208528,15,569.0
5950.0,17,261.0,4.9245283018867925,5.095872032485793,8,247.0,0.2581672782815588,9,234.0,0.321338736230738,17,481.0
5955.0,24,353.0,6.537037037037037,5.324326167545272,13,279.0,0.21922558030343814,11,260.0,0.34089906323556235,24,539.0
5960.0,25,302.0,5.490909090909091,4.958414359146845,12,315.0,0.3101173312317951,13,225.0,0.2798337921374144,25,540.0
5965.0,23,361.0,7.22,4.86701234578369,9,305.0,0.3550694609161817,14,255.0,0.2185597773129879,23,560.0
5970.0,26,384.0,7.111111111111111,4.167980196891733,11,299.0,0.269407898087445,15,276.0,0.20972819588849015,26,575.0
5975.0,20,333.0,5.842105263157895,5.79096616586251,12,253.0,0.24356111977163186,8,246.0,0.37700075310606496,20,499.0
5980.0,17,145.0,2.5,5.35406448108018,10,195.0,0.18438379033467403,7,192.0,0.4047922941089957,17,387.0
5985.0,27,268.0,4.5423728813559325,5.984298603967554,15,241.0,0.2661100985107832,12,188.0,0.39806460002022803,27,429.0
5990.0,25,296.0,5.016949152542373,5.077173543563563,11,255.0,0.351757223416077,14,210.0,0.2663268335984616,25,465.0
5995.0,19,282.0,4.862068965517241,5.613805599969327,6,216.0,0.3742204110855982,13,196.0,0.2670033986600786,19,412.0
6000.0,21,256.0,4.654545454545454,5.13564413259882,7,186.0,0.23362264723896484,14,229.0,0.1958355705396935,21,415.0
6005.0,26,288.0,4.88135593220339,5.298654260575741,12,232.0,0.24409205015085433,14,255.0,0.2417966021064575,26,487.0
6010.0,26,309.0,5.327586206896552,5.012558499428775,11,252.0,0.35214789900076104,15,285.0,0.21318667945859646,26,537.0
6015.0,20,298.0,5.518518518518518,5.5380468525241895,7,237.0,0.49936913931286925,13,293.0,0.20269872992441687,20,530.0
6020.0,19,254.0,4.618181818181818,5.210798432423343,7,196.0,0.39175218651951016,12,319.0,0.25086616712890525,19,515.0
6025.0,22,250.0,4.8076923076923075,5.348817553154637,10,135.0,0.33765921351740114,12,301.0,0.3025118321681651,22,436.0
6030.0,23,215.0,4.134615384615385,4.270905747517328,11,154.0,0.17267919734523376,12,291.0,0.27031644668862265,23,445.0
6035.0,26,305.0,5.648148148148148,5.065599938234732,12,160.0,0.2917388129495305,14,337.0,0.321113317829049,26,497.0
6040.0,25,341.0,6.089285714285714,5.035169294326288,10,173.0,0.297547767684791,15,376.0,0.34553471993871104,25,549.0
6045.0,20,339.0,6.163636363636364,5.842534993480663,8,161.0,0.4584679982051588,12,365.0,0.2808805829886365,20,526.0
6050.0,19,288.0,5.142857142857143,4.461087484105107,6,149.0,0.4265052086382584,13,388.0,0.057209311063538194,19,537.0
6055.0,23,365.0,6.7592592592592595,5.1640247970310815,11,159.0,0.32052355378927344,12,400.0,0.19924691966564306,23,559.0
6060.0,28,431.0,7.696428571428571,4.146172908090567,14,195.0,0.16167250784113113,14,433.0,0.24952139199687504,28,628.0
6065.0,31,566.0,10.107142857142858,4.983463874187302,15,250.0,0.20616727835656143,16,511.0,0.34897505437506204,31,761.0
6070.0,29,589.0,11.11320754716981,3.641724027630314,12,268.0,0.2583113857472435,17,530.0,0.25152063608654224,29,798.0
6075.0,25,596.0,10.642857142857142,4.6956316274899095,8,240.0,0.34606857992421103,17,547.0,0.21667163473828757,25,787.0
6080.0,24,611.0,10.35593220338983,4.977226187375615,7,231.0,0.3421162351433043,17,587.0,0.26228880982598557,24,818.0
6085.0,22,633.0,10.047619047619047,6.496256189199515,11,283.0,0.3127495177283621,11,578.0,0.4439508517451264,22,861.0
6090.0,22,527.0,8.639344262295081,5.414864435214111,10,301.0,0.26064500118313844,12,536.0,0.3603807189128612,22,837.0
6095.0,27,404.0,6.8474576271186445,4.293661324172173,11,331.0,0.2984062445946065,16,420.0,0.17849566157257934,27,751.0
6100.0,29,447.0,7.327868852459017,4.1474966158987066,8,326.0,0.3617206858004442,21,472.0,0.17488083913695632,29,798.0
6105.0,27,505.0,8.278688524590164,4.592358419057068,7,272.0,0.35664379006624936,20,550.0,0.20944719819557056,27,822.0
6110.0,27,567.0,9.295081967213115,5.395650518718727,7,295.0,0.4887832750119449,20,580.0,0.20757694541096983,27,875.0
6115.0,21,548.0,9.133333333333333,5.83650403617287,5,305.0,0.47161383705631044,16,563.0,0.23265108858332237,21,868.0
6120.0,20,510.0,8.64406779661017,5.820523344398182,6,321.0,0.4369357646763267,14,547.0,0.23506583892080551,20,868.0
6125.0,24,263.0,4.4576271186440675,4.857167415370851,7,167.0,0.4115540083832954,17,488.0,0.14345347712876347,24,655.0
6130.0,29,338.0,5.540983606557377,5.187778207580773,8,100.0,0.5020761962777246,21,482.0,0.15334756760994084,29,582.0
6135.0,29,393.0,6.55,4.403531210534462,9,146.0,0.360296759873369,20,444.0,0.2124143680946812,29,590.0
6140.0,29,393.0,6.442622950819672,3.709056060268462,12,144.0,0.3489802862358162,17,480.0,0.14779357083276828,29,624.0
6145.0,38,485.0,7.578125,3.34665338086971,15,199.0,0.3046326047379771,23,508.0,0.12708696287990964,38,707.0
6150.0,36,467.0,6.768115942028985,3.5940859058710184,17,228.0,0.24432842830611332,19,517.0,0.1920762446621213,36,745.0
6155.0,24,296.0,4.228571428571429,5.41268848988375,11,226.0,0.26683221310968774,13,458.0,0.3122327336089898,24,684.0
6160.0,20,278.0,3.9714285714285715,5.439785245158961,10,196.0,0.26461407149934485,10,406.0,0.27072419740355713,20,602.0
6165.0,28,277.0,3.9014084507042255,4.994755414134966,16,203.0,0.17335502348487689,12,371.0,0.24012721974832948,28,574.0
6170.0,32,317.0,4.661764705882353,4.505497937573733,16,246.0,0.22520225880791414,16,365.0,0.20603894083298774,32,611.0
6175.0,36,438.0,6.9523809523809526,4.086207351065857,19,306.0,0.23733560692075903,17,398.0,0.2236988441806259,36,704.0
6180.0,33,466.0,7.516129032258065,3.8803644465811824,17,353.0,0.24222372442498505,16,412.0,0.23827666508331405,33,765.0
6185.0,25,396.0,6.387096774193548,3.8464757866445543,9,322.0,0.20560034324630866,16,423.0,0.20155794236727415,25,745.0
6190.0,23,368.0,5.75,4.269254979998111,12,339.0,0.1847563700623439,11,384.0,0.15642283315428393,23,723.0
6195.0,25,281.0,4.1940298507462686,4.433629698416361,14,354.0,0.11880563496004594,11,312.0,0.2118860728727607,25,666.0
6200.0,31,382.0,5.96875,4.7833167904830995,15,371.0,0.20400020158787371,16,321.0,0.2846556193953962,31,692.0
6205.0,24,425.0,6.854838709677419,5.490432290759027,9,340.0,0.3683395539174436,15,368.0,0.220853076224422,24,708.0
6210.0,22,286.0,4.612903225806452,4.748218135847399,9,277.0,0.2651481040402966,13,370.0,0.16564539049585877,22,647.0
6215.0,30,347.0,5.596774193548387,4.441163305413139,15,264.0,0.1669197928111573,15,363.0,0.22182240102893228,30,627.0
6220.0,24,332.0,5.533333333333333,4.935551076243562,16,303.0,0.13143851199963652,8,316.0,0.33536402082034095,24,619.0
6225.0,19,379.0,6.316666666666666,6.006392678432466,10,285.0,0.1887026749178546,9,282.0,0.36104906998237074,19,567.0
6230.0,22,445.0,7.17741935483871,5.759683682504435,11,330.0,0.24957713791598954,11,292.0,0.18832324686313104,22,622.0
6235.0,28,526.0,8.915254237288135,5.488869470618893,17,403.0,0.2970926683786511,11,288.0,0.23140890641443224,28,691.0
6240.0,23,462.0,8.25,4.381752923310417,15,381.0,0.25035732154855495,8,301.0,0.2773501916296868,23,682.0
6245.0,27,550.0,10.377358490566039,4.777390119393282,16,375.0,0.2406547801693101,11,324.0,0.3206224277873436,27,699.0
6250.0,26,391.0,6.982142857142857,4.931727063133143,16,359.0,0.15061196256036982,10,267.0,0.41768562266885084,26,626.0
6255.0,26,408.0,7.157894736842105,5.763360562630184,15,311.0,0.21766349489638967,11,209.0,0.4126278723298797,26,520.0
6260.0,22,321.0,5.17741935483871,5.809929668606647,13,301.0,0.38634693753003746,9,179.0,0.3005279758445926,22,480.0
6265.0,20,259.0,4.245901639344262,6.283101625444938,8,215.0,0.5143727319929847,12,199.0,0.21222484340237316,20,414.0
6270.0,20,240.0,4.0,5.36923282396458,7,181.0,0.46290848297114506,13,226.0,0.17702068739602117,20,407.0
6275.0,25,246.0,3.967741935483871,4.5836839019339175,14,212.0,0.18774220188035798,11,217.0,0.3455888227535489,25,429.0
6280.0,27,284.0,4.580645161290323,4.263641400676331,18,243.0,0.11869427975414325,9,225.0,0.38983840080923654,27,468.0
6285.0,24,294.0,4.819672131147541,4.877950083032888,16,268.0,0.18564434116942027,8,203.0,0.30485969304814386,24,471.0
6290.0,20,259.0,4.17741935483871,4.9537847500823515,11,274.0,0.28557079575948047,9,215.0,0.1334610325613911,20,489.0
6295.0,29,292.0,4.5625,5.5347593032633675,14,279.0,0.306293419061194,15,231.0,0.17960137407315993,29,510.0
6300.0,26,362.0,5.838709677419355,4.857223594337293,13,317.0,0.32821255287045975,13,253.0,0.28963904757207126,26,570.0
6305.0,25,385.0,5.923076923076923,5.3737942162759955,15,334.0,0.344085614837269,10,222.0,0.3108443257992179,25,556.0
6310.0,25,322.0,4.878787878787879,4.774360330454633,16,350.0,0.32902698627536325,9,217.0,0.23558212132712403,25,567.0
6315.0,25,316.0,4.7164179104477615,4.526695908696096,18,334.0,0.15939870276885998,7,156.0,0.3292285293156279,25,490.0
6320.0,31,250.0,3.5714285714285716,3.726512822200002,24,375.0,0.051896236389516306,7,134.0,0.36623802472617384,31,509.0
6325.0,39,429.0,6.3088235294117645,4.780491893387524,28,455.0,0.17164784569326222,11,153.0,0.4450221958633351,39,608.0
6330.0,34,486.0,7.363636363636363,4.039070219636203,24,526.0,0.1497002799060769,10,154.0,0.39330892875030715,34,680.0
6335.0,32,518.0,7.848484848484849,4.188646794970414,18,539.0,0.21028295689668397,14,165.0,0.23458532310682992,32,704.0
6340.0,32,485.0,7.132352941176471,3.8537018549414106,16,528.0,0.2105305352488539,16,189.0,0.1856708573284546,32,717.0
6345.0,27,353.0,5.042857142857143,5.001321455463848,18,522.0,0.1907362755570537,9,173.0,0.30477813174923535,27,695.0
6350.0,25,312.0,5.032258064516129,5.355187711641537,18,536.0,0.1779448102048594,7,170.0,0.47125017414103765,25,706.0
6355.0,23,292.0,4.634920634920635,4.972597947065272,15,524.0,0.198950229266967,8,125.0,0.34414358935551204,23,649.0
6360.0,22,306.0,4.857142857142857,5.215508372424719,11,507.0,0.2029527132871502,11,165.0,0.3491313966366809,22,672.0
6365.0,20,356.0,5.5625,5.3628757203493045,11,497.0,0.28155163574034553,9,187.0,0.28021057767554103,20,684.0
6370.0,19,407.0,6.4603174603174605,6.00076871214865,13,486.0,0.30817809798811313,6,180.0,0.30953838428218533,19,666.0
6375.0,18,327.0,5.5423728813559325,5.5319940863913795,14,491.0,0.24035124672054428,4,166.0,0.44699740946532784,18,657.0
6380.0,28,346.0,5.766666666666667,5.030148468496342,19,467.0,0.13399220991630909,9,181.0,0.40270786739238096,28,648.0
6385.0,26,258.0,4.526315789473684,4.295800970968758,18,494.0,0.1091491089685916,8,139.0,0.3863757608040083,26,633.0
6390.0,25,277.0,4.775862068965517,5.0438751546564315,15,455.0,0.2141112947412991,10,105.0,0.33480430806426525,25,560.0
6395.0,24,320.0,5.714285714285714,5.022516274755183,12,465.0,0.30859256740049246,12,128.0,0.16301926432862687,24,593.0
6400.0,15,192.0,3.310344827586207,5.9192945119339635,10,440.0,0.293287158416497,5,118.0,0.27256830231069656,15,558.0
6405.0,20,228.0,4.0,5.959683595013749,15,446.0,0.20887318273108427,5,115.0,0.36036861677002996,20,561.0
6410.0,21,255.0,4.396551724137931,7.036053491582739,14,452.0,0.3395995384909327,7,101.0,0.5202450170933164,21,553.0
6415.0,17,224.0,4.072727272727272,6.4137712734865735,12,380.0,0.35354351087967323,5,103.0,0.49622002838029494,17,483.0
6420.0,13,212.0,3.7857142857142856,6.194563327205986,10,385.0,0.21538048386609115,3,47.0,0.5770059413176941,13,432.0
6425.0,14,195.0,3.305084745762712,7.186592783053519,10,354.0,0.20074644229649433,4,57.0,0.6408398851885603,14,411.0
6430.0,16,239.0,4.0508474576271185,6.559843680682297,11,345.0,0.2746123252402475,5,65.0,0.42673379800954586,16,410.0
6435.0,19,297.0,5.033898305084746,6.475750435970505,13,359.0,0.2824305241648709,6,85.0,0.41700355343456275,19,444.0
6440.0,20,321.0,5.732142857142857,5.678827707099115,13,382.0,0.25885451348818983,7,90.0,0.526696433727705,20,472.0
6445.0,21,390.0,6.724137931034483,6.36156309665696,15,371.0,0.2870382088295178,6,115.0,0.5559579358780323,21,486.0
6450.0,23,330.0,5.5,5.750040002584466,14,301.0,0.29046820971454795,9,152.0,0.4026588751364325,23,453.0
6455.0,23,305.0,4.621212121212121,5.71780145248395,15,257.0,0.3150403611532919,8,155.0,0.32841229838533165,23,412.0
6460.0,26,375.0,6.048387096774194,5.531996977663804,15,309.0,0.24187968013998565,11,156.0,0.4363717813252389,26,465.0
6465.0,29,374.0,5.84375,4.9109568176569525,20,350.0,0.16816899692457316,9,113.0,0.3912889926215739,29,463.0
6470.0,28,417.0,6.223880597014926,5.097199660189585,19,404.0,0.19123951244052298,9,137.0,0.40686277395853016,28,541.0
6475.0,26,386.0,5.848484848484849,4.836877624069006,14,410.0,0.3049981994086978,12,145.0,0.2842027030045109,26,555.0
6480.0,29,329.0,4.838235294117647,4.700493185506484,12,380.0,0.28966848985523996,17,184.0,0.26232769305865394,29,564.0
6485.0,30,310.0,4.492753623188406,5.073581167457308,15,299.0,0.2976497715664832,15,218.0,0.3144517662712503,30,517.0
6490.0,34,372.0,5.166666666666667,4.712949183113387,18,325.0,0.2052563803320478,16,257.0,0.35464019500405747,34,582.0
6495.0,33,377.0,5.463768115942029,4.242417846905928,17,336.0,0.2314085114415293,16,283.0,0.3197079480136693,33,619.0
6500.0,29,358.0,5.042253521126761,4.300528058681659,17,357.0,0.20889353046168907,12,277.0,0.2917502004514053,29,634.0
6505.0,29,291.0,4.041666666666667,3.7037664204358913,13,320.0,0.10307377041562127,16,312.0,0.22605678974034593,29,632.0
6510.0,29,270.0,3.6986301369863015,3.9455645030038298,8,309.0,0.25201532752274425,21,333.0,0.16919956216488574,29,642.0
6515.0,38,351.0,4.808219178082192,4.021806078433451,13,341.0,0.24088361623399954,25,396.0,0.20154372590393846,38,737.0
6520.0,39,477.0,6.625,3.767312763184677,15,370.0,0.25748925061656425,24,447.0,0.19148836453568321,39,817.0
6525.0,34,518.0,6.641025641025641,3.90374044472612,10,339.0,0.31049159311256186,24,494.0,0.10845355003004453,34,833.0
6530.0,27,368.0,4.842105263157895,4.942790414852864,7,275.0,0.39247315308868663,20,486.0,0.1215210228823015,27,761.0
6535.0,24,351.0,4.558441558441558,5.3211014885423165,10,261.0,0.32633790654723877,14,477.0,0.22744747030453263,24,738.0
6540.0,29,361.0,4.569620253164557,4.824741597995935,15,277.0,0.23603510238735095,14,458.0,0.2356540264969561,29,735.0
6545.0,30,363.0,4.972602739726027,4.141889399925532,12,277.0,0.3094895355011249,18,486.0,0.09510740232074029,30,763.0
6550.0,33,429.0,6.128571428571429,4.912850266608645,11,291.0,0.38788300426902245,22,495.0,0.09184753749222244,33,786.0
6555.0,30,395.0,5.72463768115942,3.7793591715722874,12,259.0,0.23369245108286138,18,523.0,0.12602125777811168,30,782.0
6560.0,28,305.0,4.420289855072464,4.157867260485504,16,211.0,0.1647505668255386,12,461.0,0.2780066647900103,28,672.0
6565.0,30,325.0,4.924242424242424,4.3116054145403595,18,255.0,0.1442593080114263,12,447.0,0.32808782538249304,30,702.0
6570.0,36,437.0,6.522388059701493,4.536002241627379,20,305.0,0.23670275283001566,16,451.0,0.2880474388916071,36,756.0
6575.0,37,505.0,7.537313432835821,3.4322396658887366,18,351.0,0.2399389112994577,19,502.0,0.21423507646709852,37,853.0
6580.0,29,453.0,6.661764705882353,4.439231326958424,10,324.0,0.26145604203919265,19,549.0,0.2554536302643943,29,873.0
6585.0,30,504.0,6.904109589041096,4.590179378444014,10,289.0,0.26421110236946344,20,555.0,0.19079899953689905,30,844.0
6590.0,22,419.0,5.441558441558442,6.183327846433892,7,242.0,0.3993650612659928,15,494.0,0.24905503300417983,22,736.0
6595.0,20,476.0,6.52054794520548,6.44414141016795,9,219.0,0.3766770897776452,11,469.0,0.2892654043088136,20,688.0
6600.0,23,292.0,4.231884057971015,5.429770146721237,13,231.0,0.2833705996333023,10,364.0,0.25234446818976314,23,595.0
6605.0,29,313.0,4.742424242424242,5.180956352044182,15,216.0,0.24537900995304857,14,278.0,0.25651124377667894,29,494.0
6610.0,31,379.0,6.112903225806452,4.018706594972898,16,249.0,0.235655244634582,15,321.0,0.24947997352755014,31,570.0
6615.0,19,338.0,5.540983606557377,4.705623779541061,9,222.0,0.2458677674449485,10,320.0,0.24284829178725353,19,542.0
6620.0,13,230.0,4.035087719298246,5.927849022572852,4,143.0,0.3475364362867026,9,277.0,0.2816877557867524,13,420.0
6625.0,19,241.0,4.084745762711864,5.673119267333993,10,163.0,0.2463779298668397,9,255.0,0.298309881471689,19,418.0
6630.0,21,304.0,5.241379310344827,5.279387656170242,11,181.0,0.28450916281088484,10,290.0,0.35927690645571436,21,471.0
6635.0,16,337.0,6.3584905660377355,6.052173075246891,6,156.0,0.4297207077732441,10,311.0,0.31739646695705775,16,467.0
6640.0,17,239.0,4.425925925925926,5.2915980125494935,7,128.0,0.3388568353548294,10,266.0,0.2066691148062934,17,394.0
6645.0,27,327.0,5.7368421052631575,5.535775467581951,12,179.0,0.2470463048089515,15,247.0,0.2814780080021405,27,426.0
6650.0,26,402.0,7.3090909090909095,4.879105797225219,12,215.0,0.34345307750848536,14,285.0,0.24932892364594741,26,500.0
6655.0,18,424.0,8.153846153846153,5.175890168500411,7,224.0,0.49082971831901356,11,285.0,0.16617113208760997,18,509.0
6660.0,15,296.0,5.481481481481482,5.256689302225122,3,127.0,0.5187243982732761,12,304.0,0.17231813748383923,15,431.0
6665.0,19,318.0,5.578947368421052,5.791247949382801,9,123.0,0.4050772301948286,10,282.0,0.28007771782750124,19,405.0
6670.0,21,233.0,4.017241379310345,5.912194798522143,10,168.0,0.31689962540431965,11,205.0,0.36312097502033674,21,373.0
6675.0,24,320.0,5.333333333333333,6.52688203212878,12,218.0,0.33894717358672405,12,173.0,0.3925598259953835,24,391.0
6680.0,20,314.0,5.413793103448276,5.9257595334554605,9,230.0,0.3907653109041278,11,181.0,0.3316626606052212,20,411.0
6685.0,18,279.0,4.728813559322034,5.954258278671824,9,233.0,0.3793537090980847,9,178.0,0.24679892200249973,18,411.0
6690.0,23,307.0,4.951612903225806,4.965392654261559,13,261.0,0.31133299707536227,10,175.0,0.16922857304769034,23,436.0
6695.0,22,361.0,5.73015873015873,6.3204883006658115,13,300.0,0.323047612907153,9,193.0,0.32765062329509403,22,493.0
6700.0,22,258.0,4.161290322580645,5.984164892242289,12,231.0,0.2540938412839932,10,214.0,0.46205661779480023,22,445.0
6705.0,26,358.0,5.774193548387097,6.196076423982799,17,243.0,0.2184083774779295,9,219.0,0.5152762557748314,26,462.0
6710.0,25,419.0,6.868852459016393,4.772648640591412,15,288.0,0.16432636523886596,10,240.0,0.4116722192263183,25,528.0
6715.0,28,495.0,7.734375,4.575700500021878,17,308.0,0.2201780137351195,11,273.0,0.34518905636568126,28,581.0
6720.0,26,486.0,7.363636363636363,5.357704528120269,13,303.0,0.2766044849020489,13,290.0,0.32685391521229146,26,593.0
6725.0,18,349.0,5.057971014492754,5.6583930762668055,6,236.0,0.28480896706505243,12,275.0,0.25763504172254853,18,511.0
6730.0,24,401.0,6.1692307692307695,5.684531785782417,6,207.0,0.32679111698430197,18,327.0,0.20979375254582552,24,534.0
6735.0,23,257.0,4.015625,4.862367829040862,6,166.0,0.3452477502100962,17,334.0,0.2115801452526327,23,500.0
6740.0,28,297.0,4.868852459016393,4.252816627225046,10,177.0,0.34091228837561904,18,292.0,0.22177727348253812,28,469.0
6745.0,26,276.0,4.524590163934426,4.287707810160606,8,158.0,0.34234498625163967,18,328.0,0.16800923894208258,26,486.0
6750.0,23,337.0,5.349206349206349,5.705436935407173,7,172.0,0.43607200088192016,16,328.0,0.16714637157778967,23,500.0
6755.0,22,307.0,4.796875,5.391216256903606,8,161.0,0.41122412609454645,14,320.0,0.174455581986344,22,481.0
6760.0,18,156.0,2.4761904761904763,5.577610314100449,11,132.0,0.28981072720001244,7,252.0,0.2733777625079299,18,384.0
6765.0,23,213.0,3.435483870967742,4.910304577382727,13,175.0,0.23791327855663488,10,279.0,0.30541552361500174,23,454.0
6770.0,20,233.0,3.7580645161290325,5.398301139104638,9,186.0,0.30377420446570197,11,300.0,0.24327886290624556,20,486.0
6775.0,21,210.0,3.559322033898305,4.426861933071785,9,147.0,0.2891415529774586,12,290.0,0.2224423330339806,21,437.0
6780.0,20,239.0,3.8548387096774195,5.324532575985212,12,171.0,0.19973774917427886,8,241.0,0.3723480609889674,20,412.0
6785.0,22,241.0,3.8253968253968256,4.897274701058416,13,205.0,0.15397384729524613,9,206.0,0.39738659434099455,22,411.0
6790.0,28,328.0,5.377049180327869,5.308868447923727,9,213.0,0.3639475713011898,19,279.0,0.2667445193081612,28,492.0
6795.0,24,358.0,6.172413793103448,3.9467520347198093,6,202.0,0.32950577765704625,18,332.0,0.10811625338379338,24,534.0
6800.0,28,441.0,7.603448275862069,4.37170831105177,12,235.0,0.18963310526762586,16,361.0,0.15800357576175797,28,596.0
6805.0,27,381.0,6.568965517241379,4.147710134956347,11,232.0,0.1308156863336065,16,373.0,0.19578230674061667,27,605.0
6810.0,30,407.0,7.017241379310345,4.848826297979227,13,212.0,0.2744969014882819,17,377.0,0.2472917065846749,30,589.0
6815.0,26,381.0,6.568965517241379,4.445233831895393,9,221.0,0.3803697858197335,17,392.0,0.2189844714864964,26,613.0
6820.0,23,300.0,5.0,4.903919308722908,4,171.0,0.4272312974888468,19,392.0,0.21930322406616742,23,563.0
6825.0,23,313.0,5.048387096774194,4.865643114032749,5,168.0,0.44719855951350157,18,427.0,0.17331803023554013,23,595.0
6830.0,27,323.0,4.82089552238806,5.184380204917139,11,208.0,0.3209899084374196,16,409.0,0.2634267610673732,27,617.0
6835.0,25,363.0,5.417910447761194,4.52551322933086,12,232.0,0.20249416669785683,13,416.0,0.2607406095253667,25,648.0
6840.0,21,357.0,5.492307692307692,5.421758775532148,7,203.0,0.2650763265479642,14,396.0,0.2963796942538211,21,599.0
6845.0,25,305.0,4.841269841269841,4.740822490227112,8,167.0,0.28574996735281016,17,416.0,0.20847338742848365,25,583.0
6850.0,31,407.0,6.564516129032258,4.596962691827229,9,143.0,0.22892977693878938,22,476.0,0.1886665502900304,31,619.0
6855.0,30,462.0,7.451612903225806,3.766744605960061,9,164.0,0.21250606099910652,21,520.0,0.20738587136153988,30,684.0
6860.0,20,425.0,6.854838709677419,5.2979549508086246,4,141.0,0.3409115514086908,16,523.0,0.2528741865563953,20,664.0
6865.0,18,361.0,5.73015873015873,5.599292447131826,3,73.0,0.5051385352877807,15,550.0,0.246343015896618,18,623.0
6870.0,24,405.0,6.328125,5.919407192128727,5,63.0,0.4619408390371219,19,592.0,0.2243401572001946,24,655.0
6875.0,26,244.0,4.0,4.9858203493805195,3,63.0,0.5536328571591828,23,547.0,0.21044249553401562,26,610.0
6880.0,26,343.0,5.532258064516129,5.108296388470664,2,50.0,0.5800551835445374,24,540.0,0.10162228290656077,26,590.0
6885.0,29,362.0,5.569230769230769,4.939547061170768,4,15.0,0.6298006034753548,25,588.0,0.08652910041405482,29,603.0
6890.0,24,334.0,5.0606060606060606,5.795775941897222,7,41.0,0.4638225304914873,17,559.0,0.2552645156350053,24,600.0
6895.0,21,395.0,5.8088235294117645,6.042899255259571,7,66.0,0.386286408159766,14,530.0,0.3185514116095564,21,596.0
6900.0,21,413.0,6.3538461538461535,5.592451062238773,8,103.0,0.2993584853707065,13,535.0,0.3250958790109414,21,638.0
6905.0,22,403.0,6.296875,5.365102237753635,7,111.0,0.3350051595774579,15,511.0,0.2790972783955405,22,622.0
6910.0,25,355.0,5.634920634920635,5.4706860385193545,6,76.0,0.46045080684474793,19,499.0,0.18952986006189307,25,575.0
6915.0,25,246.0,4.169491525423729,4.821960599080064,5,93.0,0.4007769419916962,20,476.0,0.16105220586586494,25,569.0
6920.0,25,292.0,5.0344827586206895,4.843690798483796,5,105.0,0.4098733401371364,20,515.0,0.1600011923215471,25,620.0
6925.0,24,283.0,5.2407407407407405,4.48216112798899,9,143.0,0.17541735098108088,15,499.0,0.23172035891588108,24,642.0
6930.0,19,285.0,5.089285714285714,4.982378857386692,7,134.0,0.19083328323238827,12,491.0,0.2872453246282091,19,625.0
6935.0,20,334.0,6.30188679245283,5.7345569902457525,4,131.0,0.5166943690477029,16,505.0,0.19198345789830035,20,636.0
6940.0,22,309.0,5.9423076923076925,5.989190622764474,4,143.0,0.6132601559144256,18,508.0,0.1927383283996478,22,651.0
6945.0,25,360.0,6.666666666666667,5.562606571298198,5,116.0,0.5164926922314846,20,536.0,0.1853452538008698,25,652.0
6950.0,25,433.0,8.66,5.262751951905917,6,142.0,0.49226145798127435,19,557.0,0.21018890089709613,25,699.0
6955.0,21,302.0,6.04,4.890441834364505,4,55.0,0.4608692694253913,17,501.0,0.1852620933485626,21,556.0
6960.0,19,284.0,5.795918367346939,5.065261621103543,6,56.0,0.43311125277051377,13,486.0,0.20822208687854094,19,542.0
6965.0,16,161.0,3.0961538461538463,5.765677977077856,5,64.0,0.46035848468229296,11,384.0,0.2818300924633552,16,448.0
6970.0,16,186.0,3.6470588235294117,6.040211115836864,4,59.0,0.4787671520447545,12,412.0,0.26132605403545484,16,471.0
6975.0,21,246.0,4.472727272727273,5.733130303436518,5,58.0,0.3820833763118265,16,466.0,0.21706579990899438,21,524.0
6980.0,25,329.0,5.771929824561403,5.876187006696879,6,83.0,0.43697351275311036,19,494.0,0.2603882785792721,25,577.0
6985.0,20,359.0,6.773584905660377,5.2875952926562935,4,85.0,0.5336441918080916,16,496.0,0.23041382268545635,20,581.0
6990.0,20,385.0,7.264150943396227,4.7420342982266295,5,102.0,0.46951396987754934,15,477.0,0.18637491464378997,20,579.0
6995.0,20,299.0,5.75,5.201091964731132,6,69.0,0.45160865262588873,14,392.0,0.2067518182746466,20,461.0
7000.0,20,282.0,5.127272727272727,5.680020129863854,6,93.0,0.49157416337675197,14,363.0,0.19976049641069876,20,456.0
7005.0,21,159.0,3.0,4.940241533479613,7,70.0,0.41552168203983586,14,316.0,0.17249723954110535,21,386.0
7010.0,17,159.0,3.3125,5.155494674799312,3,32.0,0.5027338695360846,14,330.0,0.1691216701485242,17,362.0
7015.0,22,189.0,4.0212765957446805,3.8835213463233815,7,55.0,0.3964327727041481,15,346.0,0.036988302463630114,22,401.0
7020.0,22,204.0,4.25,4.128628564867017,7,57.0,0.3945726387838401,15,364.0,0.08017207397523067,22,421.0
7025.0,18,202.0,4.809523809523809,5.618606872605625,7,72.0,0.46700874077374627,11,336.0,0.20276072330405487,18,408.0
7030.0,13,186.0,4.536585365853658,5.108851713476845,3,53.0,0.33646837661040685,10,315.0,0.22424566910156218,13,368.0
7035.0,15,207.0,5.175,6.373168576934917,4,60.0,0.565171447705113,11,304.0,0.2694766039958118,15,364.0
7040.0,16,241.0,6.17948717948718,5.238083228519224,6,84.0,0.523770828575753,10,314.0,0.23680439000437872,16,398.0
7045.0,17,251.0,6.275,5.597289604451957,5,73.0,0.5781106504090836,12,302.0,0.22877301373022735,17,375.0
7050.0,19,273.0,6.5,4.366769647842885,9,105.0,0.3262203010227797,10,305.0,0.2885235055538666,19,410.0
7055.0,14,223.0,4.955555555555556,6.219321836067704,8,105.0,0.36071625816603275,6,266.0,0.4231059029015237,14,371.0
7060.0,13,262.0,6.093023255813954,7.187327409735772,6,76.0,0.32622833533255524,7,273.0,0.45867216824998847,13,349.0
7065.0,10,131.0,3.119047619047619,6.9767588018188444,5,65.0,0.19840145724072186,5,170.0,0.3605755732865103,10,235.0
7070.0,15,199.0,5.102564102564102,7.086756814797172,7,93.0,0.40835146848207393,8,201.0,0.24710658487976855,15,294.0
7075.0,10,127.0,3.097560975609756,7.644967245916025,4,78.0,0.6365879582292242,6,171.0,0.3355720009105397,10,249.0
7080.0,8,129.0,3.225,8.291389743404581,3,62.0,0.7088078364074746,5,110.0,0.35626397381012936,8,172.0
7085.0,7,67.0,1.7179487179487178,6.562641206952958,3,39.0,0.4845375052386311,4,107.0,0.45556730752785524,7,146.0
7090.0,8,79.0,1.8372093023255813,7.882624325713225,5,23.0,0.40582727957792103,3,77.0,0.6364888068632459,8,100.0
7095.0,8,96.0,2.2325581395348837,6.9995116423166825,5,31.0,0.2699061644742801,3,92.0,0.5164575790714059,8,123.0
7100.0,14,158.0,3.511111111111111,7.5293442145617275,10,67.0,0.1928419160211515,4,118.0,0.5620388468760996,14,185.0
7105.0,12,190.0,4.634146341463414,6.746273239980052,9,106.0,0.1707182365926863,3,125.0,0.6326202627127085,12,231.0
7110.0,8,197.0,5.184210526315789,8.25037231098429,5,104.0,0.4053348579735094,3,140.0,0.6035338052539964,8,244.0
7115.0,9,59.0,1.5128205128205128,7.2810522469962375,6,75.0,0.282589041070053,3,73.0,0.5854718656027087,9,148.0
7120.0,10,83.0,2.075,8.13936681611716,6,61.0,0.40479918286682304,4,54.0,0.580473295424184,10,115.0
7125.0,9,104.0,2.6666666666666665,8.213663680225542,3,53.0,0.5562130741978863,6,78.0,0.5508833847783597,9,131.0
7130.0,7,86.0,2.2051282051282053,7.7687925493203585,3,38.0,0.5772453353508861,4,60.0,0.4017028526516472,7,98.0
7135.0,11,131.0,3.638888888888889,6.605756999413389,4,53.0,0.5773468763007362,7,81.0,0.1471137481439484,11,134.0
7140.0,12,144.0,3.891891891891892,6.667337341549282,7,83.0,0.5180308248842044,5,87.0,0.02389391384196507,12,170.0
7145.0,7,126.0,3.5,7.976055789526159,4,75.0,0.5255607326880565,3,71.0,0.2439315273561657,7,146.0
7150.0,5,101.0,2.8055555555555554,9.084041149688876,4,86.0,0.5339262435225559,1,29.0,0.6790788592208585,5,115.0
7155.0,6,58.0,1.6111111111111112,9.153700309261394,4,60.0,0.5116137148387573,2,39.0,0.7389060569048087,6,99.0
7160.0,9,97.0,2.9393939393939394,8.124157195902166,6,67.0,0.42810518549178483,3,53.0,0.6043152642888189,9,120.0
7165.0,7,95.0,3.1666666666666665,7.393823628979428,5,56.0,0.35956722594807816,2,59.0,0.6210058613844418,7,115.0
7170.0,12,143.0,4.205882352941177,6.948964398747471,9,91.0,0.32350960823806435,3,75.0,0.5603128151061606,12,166.0
7175.0,9,97.0,2.7714285714285714,7.074914318634038,5,89.0,0.4490587662346794,4,55.0,0.5045632966035034,9,144.0
7180.0,9,131.0,3.4473684210526314,8.181180786783587,4,70.0,0.591646116302485,5,78.0,0.425496815894137,9,148.0
7185.0,7,52.0,1.3,7.0549846370404214,4,42.0,0.45125050471316863,3,45.0,0.422924148825075,7,87.0
7190.0,11,80.0,1.8604651162790697,7.950727070828564,9,76.0,0.30968641854964024,2,16.0,0.6521404122815214,11,92.0
7195.0,10,79.0,1.880952380952381,8.092026870575312,9,97.0,0.26316821345039354,1,15.0,0.707532426045505,10,112.0
7200.0,8,95.0,2.5,8.801684687223247,7,100.0,0.3691646457200441,1,21.0,0.7759704125587207,8,121.0
