step,system_total_stopped,system_total_waiting_time,system_mean_waiting_time,system_mean_speed,J17_stopped,J17_accumulated_waiting_time,J17_average_speed,J18_stopped,J18_accumulated_waiting_time,J18_average_speed,agents_total_stopped,agents_total_accumulated_waiting_time
5.0,1,0.0,0.0,1.9683092274237426,0,0.0,1.0,1,0.0,0.12539326415386587,1,0.0
10.0,0,0.0,0.0,7.800218428147491,0,0.0,0.4757823309326006,0,0.0,0.6664392281508214,0,0.0
15.0,1,0.0,0.0,9.565650793250573,0,0.0,0.7874483655136699,1,0.0,0.6649025852991945,1,0.0
20.0,0,0.0,0.0,9.836945945355849,0,0.0,0.8132204267070705,0,0.0,0.7506082088493616,0,0.0
25.0,0,0.0,0.0,8.758864539694342,0,0.0,0.5707309263697686,0,0.0,0.7849887665058001,0,0.0
30.0,5,11.0,0.55,7.235113926925169,5,11.0,0.47713958443998367,0,0.0,0.5991813105316677,5,11.0
35.0,4,28.0,1.2173913043478262,8.178654050581516,2,20.0,0.6155515643043957,2,8.0,0.5542861278974763,4,28.0
40.0,6,44.0,1.6923076923076923,7.543837291298024,3,33.0,0.5008319664761673,3,11.0,0.48934324234255827,6,44.0
45.0,10,65.0,2.2413793103448274,7.1569096793426645,4,36.0,0.44647365687459495,6,34.0,0.46546410223540413,10,70.0
50.0,11,107.0,3.34375,6.623588491122444,5,56.0,0.4370603711483482,6,56.0,0.3891485113614318,11,112.0
55.0,11,127.0,3.96875,6.910622789359672,3,50.0,0.5686993975439888,8,92.0,0.2873567830319245,11,142.0
60.0,13,158.0,4.9375,5.041090180077893,5,57.0,0.3016110245298241,8,122.0,0.3082252209094805,13,179.0
65.0,13,203.0,5.970588235294118,4.973498868866509,5,76.0,0.32336008073724404,8,137.0,0.2620594719147724,13,213.0
70.0,15,159.0,4.184210526315789,5.544774814865681,8,103.0,0.27569350561797906,7,110.0,0.3462092695062613,15,213.0
75.0,11,167.0,4.073170731707317,6.775371001577444,5,119.0,0.4536860157700924,6,69.0,0.3706045573405584,11,188.0
80.0,14,228.0,5.3023255813953485,7.160740807852584,6,144.0,0.5107010066444664,8,96.0,0.4204481604710237,14,240.0
85.0,15,288.0,6.6976744186046515,6.85060921992063,6,162.0,0.5008274462423412,9,139.0,0.4052287996864551,15,301.0
90.0,15,312.0,7.090909090909091,5.743325787418093,7,193.0,0.3872864269355239,8,148.0,0.4108928503292806,15,341.0
95.0,19,222.0,5.045454545454546,4.7437695062117635,8,138.0,0.29480576488266785,11,178.0,0.2929857040038255,19,316.0
100.0,19,247.0,5.25531914893617,5.403442907828461,10,92.0,0.2697922495132868,9,195.0,0.2822192804015266,19,287.0
105.0,20,334.0,6.816326530612245,6.364043295894146,10,145.0,0.2756291645708015,10,201.0,0.3852743306972685,20,346.0
110.0,18,275.0,5.392156862745098,5.775601368095716,12,200.0,0.2404025550011333,6,145.0,0.4020741577131363,18,345.0
115.0,21,315.0,6.428571428571429,5.607398319060105,13,266.0,0.255548129073717,8,78.0,0.4281657124696304,21,344.0
120.0,23,304.0,6.333333333333333,4.854129225762111,12,262.0,0.3404650163176113,11,117.0,0.265440534560963,23,379.0
125.0,19,227.0,4.54,4.562924712024004,3,180.0,0.32753248195712575,16,184.0,0.1514243410056277,19,364.0
130.0,20,285.0,5.816326530612245,4.940035691231126,5,108.0,0.2628926372806598,15,240.0,0.17664683708326176,20,348.0
135.0,22,388.0,8.083333333333334,5.881011639597953,7,102.0,0.4271678687815207,15,296.0,0.12638174959168305,22,398.0
140.0,19,378.0,8.590909090909092,5.4634918208592005,6,132.0,0.4884489499122135,13,306.0,0.10321498017361902,19,438.0
145.0,16,344.0,8.19047619047619,6.344957194277383,7,163.0,0.4546564414503537,9,246.0,0.17897608218186514,16,409.0
150.0,18,426.0,9.906976744186046,6.4994937882966495,9,197.0,0.2507384209546074,9,229.0,0.21120116546843712,18,426.0
155.0,16,377.0,8.976190476190476,5.991722630744405,7,145.0,0.2977937769732865,9,274.0,0.19421476459643777,16,419.0
160.0,16,385.0,9.871794871794872,5.940348812950721,6,101.0,0.3452876127561798,10,324.0,0.29644550790194135,16,425.0
165.0,12,288.0,7.783783783783784,5.719263101664067,6,91.0,0.38595916734493346,6,253.0,0.3785044371689429,12,344.0
170.0,13,239.0,6.2894736842105265,6.492756795815672,9,129.0,0.3702656347794218,4,177.0,0.498760832220028,13,306.0
175.0,14,305.0,7.439024390243903,5.85289635101339,8,168.0,0.3727714535466975,6,140.0,0.4324872134247131,14,308.0
180.0,22,396.0,8.8,5.534832700589536,12,217.0,0.36210118141908787,10,182.0,0.38375183555793574,22,399.0
185.0,22,458.0,10.177777777777777,4.700931172912193,9,223.0,0.3479353302320597,13,235.0,0.30686147415688286,22,458.0
190.0,20,492.0,10.25,4.938878653127824,8,259.0,0.3393284390435628,12,268.0,0.3146025077488572,20,527.0
195.0,26,582.0,11.64,4.6252144027611255,14,315.0,0.15496418523715833,12,289.0,0.3601180544866786,26,604.0
200.0,27,697.0,13.94,4.858629853250871,15,387.0,0.18669006710905361,12,338.0,0.3156356712530839,27,725.0
205.0,27,608.0,12.408163265306122,4.430697182036487,12,337.0,0.27067084814597414,15,395.0,0.18119529500809087,27,732.0
210.0,20,446.0,9.291666666666666,4.405920824451053,7,193.0,0.37536218159182677,13,401.0,0.19516588507647284,20,594.0
215.0,19,502.0,10.04,5.442785287643421,8,147.0,0.3425492614363542,11,408.0,0.3132240452711689,19,555.0
220.0,23,559.0,10.351851851851851,5.685635198687947,12,195.0,0.35368566306553023,11,422.0,0.37704991552182915,23,617.0
225.0,22,543.0,9.526315789473685,5.536111657270008,10,180.0,0.30744777749692404,12,463.0,0.3483281978149187,22,643.0
230.0,15,240.0,4.2105263157894735,5.556968858463611,6,109.0,0.3758512877778942,9,330.0,0.2604909258023816,15,439.0
235.0,19,253.0,4.216666666666667,7.120877858804649,8,130.0,0.5082523584712809,11,171.0,0.3138749113623007,19,301.0
240.0,21,354.0,6.103448275862069,6.757508724654248,10,168.0,0.45405205184118164,11,226.0,0.32397872485525925,21,394.0
245.0,25,457.0,7.616666666666666,5.520552389983005,12,210.0,0.3714269700211665,13,287.0,0.15731227172957588,25,497.0
250.0,30,538.0,9.275862068965518,4.673971203506508,16,278.0,0.319848715662402,14,328.0,0.117611768345043,30,606.0
255.0,31,532.0,9.172413793103448,3.448834007854113,18,276.0,0.20099740264190752,13,359.0,0.12662702671757278,31,635.0
260.0,29,539.0,9.293103448275861,4.715328839557437,17,264.0,0.27543191932096683,12,380.0,0.23810250649858822,29,644.0
265.0,27,461.0,7.317460317460317,5.195260241990823,17,265.0,0.28088945652773095,10,351.0,0.33629622836259804,27,616.0
270.0,26,380.0,5.757575757575758,5.386878260868776,17,228.0,0.3030184638739148,9,305.0,0.360764814995595,26,533.0
275.0,21,265.0,3.8970588235294117,5.514688430442769,15,282.0,0.2703009948973206,6,231.0,0.43175066715685056,21,513.0
280.0,29,383.0,5.394366197183099,5.433962450905706,21,346.0,0.25175645903604443,8,187.0,0.4076276974614707,29,533.0
285.0,35,411.0,5.708333333333333,4.36997633710078,20,383.0,0.2581345126864394,15,215.0,0.22531496680117746,35,598.0
290.0,35,430.0,5.890410958904109,4.313829069831321,17,338.0,0.25655674060880457,18,271.0,0.2112313628909456,35,609.0
295.0,31,480.0,6.4,4.368982077343156,14,363.0,0.18821611944792738,17,311.0,0.22160706990269527,31,674.0
300.0,32,557.0,7.845070422535211,4.560859818713731,20,388.0,0.14191766717163662,12,326.0,0.29424628756900356,32,714.0
305.0,34,557.0,8.43939393939394,3.2091288473922885,23,468.0,0.118068920104091,11,305.0,0.2142048478986944,34,773.0
310.0,41,749.0,11.014705882352942,3.9683001847200026,26,576.0,0.17570553211642426,15,342.0,0.24490804272772768,41,918.0
315.0,42,784.0,11.701492537313433,3.5063072309598127,26,691.0,0.20770531853192317,16,320.0,0.23797690087616405,42,1011.0
320.0,41,854.0,12.376811594202898,3.3235214506349307,28,829.0,0.15716684625459773,13,264.0,0.2844211901611496,41,1093.0
325.0,40,908.0,12.61111111111111,3.381683662849624,28,878.0,0.17604607759551807,12,290.0,0.2663090251708269,40,1168.0
330.0,43,873.0,11.797297297297296,3.2940343365060833,23,859.0,0.19296295132651214,20,373.0,0.14445436637040873,43,1232.0
335.0,35,960.0,12.8,3.9110173439090454,15,841.0,0.23509221812393266,20,436.0,0.09889633636861048,35,1277.0
340.0,33,890.0,11.866666666666667,5.069312825832069,14,714.0,0.3476916860333106,19,465.0,0.10270994165730572,33,1179.0
345.0,32,646.0,8.849315068493151,4.3155227783478844,15,606.0,0.25044326649343757,17,514.0,0.20417369302832625,32,1120.0
350.0,37,696.0,9.666666666666666,4.310339085491309,20,561.0,0.21865140832999233,17,586.0,0.2619127432740857,37,1147.0
355.0,43,881.0,12.408450704225352,3.75024873895916,26,482.0,0.22064832214342195,17,638.0,0.2905864242265153,43,1120.0
360.0,47,1094.0,14.586666666666666,2.7101734229664625,27,557.0,0.1510789377113292,20,695.0,0.21523863167729068,47,1252.0
365.0,50,1111.0,14.063291139240507,3.294719648153651,33,710.0,0.17485274946042575,17,669.0,0.2960904478540063,50,1379.0
370.0,44,764.0,9.204819277108435,3.32304202537114,33,779.0,0.14278061524601465,11,498.0,0.2703620038619658,44,1277.0
375.0,41,858.0,9.862068965517242,3.7773861567040634,33,882.0,0.11282408374108495,8,354.0,0.33211915339412845,41,1236.0
380.0,42,909.0,10.1,4.350649135113731,33,940.0,0.14126061300950016,9,233.0,0.3607338155313022,42,1173.0
385.0,36,745.0,8.277777777777779,5.221548953793988,26,889.0,0.20475550323119296,10,205.0,0.35875043008024016,36,1094.0
390.0,30,483.0,5.551724137931035,4.726824494043869,17,871.0,0.16472655792509416,13,231.0,0.3054668743325415,30,1102.0
395.0,29,425.0,5.120481927710843,4.90907291491826,16,852.0,0.1956408305595462,13,292.0,0.293328997899978,29,1144.0
400.0,34,509.0,6.443037974683544,4.346170311839897,22,894.0,0.17234321881089526,12,287.0,0.33026383644991303,34,1181.0
405.0,39,598.0,7.666666666666667,4.3223219863456555,27,965.0,0.16777706632023245,12,336.0,0.3921851179605466,39,1301.0
410.0,45,755.0,10.066666666666666,3.414440626074811,31,1050.0,0.13898961500542487,14,401.0,0.3366100043490205,45,1451.0
415.0,51,901.0,11.855263157894736,2.908489467948614,33,1078.0,0.0898700743463523,18,478.0,0.19478419256266746,51,1556.0
420.0,42,758.0,9.844155844155845,3.3725791033208186,28,993.0,0.0995946918488005,14,476.0,0.2063900586900713,42,1469.0
425.0,32,712.0,9.128205128205128,4.84991504133613,20,883.0,0.20888309799589683,12,439.0,0.2568587180284895,32,1322.0
430.0,25,480.0,6.486486486486487,5.31664081450017,14,718.0,0.2541491107612227,11,356.0,0.27729893226457153,25,1074.0
435.0,21,381.0,5.366197183098592,5.922935376986339,14,633.0,0.3349969881929251,7,187.0,0.26323854565854554,21,820.0
440.0,27,495.0,7.173913043478261,5.746307368337785,15,575.0,0.297511292514472,12,147.0,0.22400836732954696,27,722.0
445.0,29,629.0,9.25,5.662020444475373,17,590.0,0.2549036874647449,12,181.0,0.28138394656154925,29,771.0
450.0,25,678.0,10.59375,5.341802874810442,17,623.0,0.26955527632261633,8,182.0,0.24240147992795838,25,805.0
455.0,25,752.0,12.745762711864407,5.841395925410062,17,696.0,0.2782237035514194,8,143.0,0.34641908186378756,25,839.0
460.0,26,857.0,15.581818181818182,5.376039694511633,19,779.0,0.14732622115960484,7,159.0,0.37964666039268213,26,938.0
465.0,25,828.0,15.622641509433961,5.383892231667346,15,756.0,0.15379480491791137,10,181.0,0.2949248180385217,25,937.0
470.0,23,827.0,16.54,5.2257719759383185,15,711.0,0.2061826933771723,8,195.0,0.3449365312346942,23,906.0
475.0,22,930.0,19.78723404255319,5.835273254006334,14,780.0,0.2971622328217853,8,221.0,0.44168717947908775,22,1001.0
480.0,21,902.0,18.04,5.506229174086866,15,851.0,0.24641760871545165,6,173.0,0.4047644094406862,21,1024.0
485.0,15,667.0,13.07843137254902,6.3878566120116815,12,762.0,0.3778517227209291,3,72.0,0.41008611297865794,15,834.0
490.0,17,408.0,7.555555555555555,6.084496028402276,9,650.0,0.385197607757784,8,86.0,0.36483950154054795,17,736.0
495.0,24,508.0,9.584905660377359,5.002720568160068,13,630.0,0.32290804252312805,11,133.0,0.3521051601176912,24,763.0
500.0,29,584.0,10.428571428571429,4.289098788507876,18,584.0,0.2508086974433442,11,159.0,0.3446501180378092,29,743.0
505.0,30,703.0,12.333333333333334,4.062946339732069,21,630.0,0.1855543529898318,9,163.0,0.3167612979810375,30,793.0
510.0,29,729.0,11.758064516129032,3.98587757307832,19,683.0,0.14821512404110126,10,155.0,0.3063185368540497,29,838.0
515.0,24,727.0,11.015151515151516,5.167363790584232,15,711.0,0.2647348013349851,9,144.0,0.3047283932115539,24,855.0
520.0,27,828.0,12.9375,5.085817280789652,16,771.0,0.31640073421367476,11,167.0,0.229199416672836,27,938.0
525.0,34,982.0,15.34375,5.213807978891033,20,855.0,0.33055194952150985,14,231.0,0.24223366768297408,34,1086.0
530.0,30,962.0,15.516129032258064,3.857362880417714,19,848.0,0.2386278296349324,11,259.0,0.18854139465359165,30,1107.0
535.0,31,1006.0,17.050847457627118,4.0009060820325715,20,897.0,0.18162540961272616,11,243.0,0.27858574876448394,31,1140.0
540.0,30,1083.0,18.35593220338983,3.310461388531881,21,975.0,0.08206510895341523,9,248.0,0.30840535930362745,30,1223.0
545.0,32,1165.0,20.086206896551722,4.569134307791589,24,1049.0,0.10468180373597302,8,218.0,0.3739804698524921,32,1267.0
550.0,30,1271.0,21.54237288135593,3.950071018699587,23,1143.0,0.16054472121806268,7,216.0,0.23888646493805893,30,1359.0
555.0,29,1396.0,24.928571428571427,5.137724090477628,21,1214.0,0.1846149869864457,8,234.0,0.38550654627749875,29,1448.0
560.0,25,783.0,13.736842105263158,4.453863296281186,19,1004.0,0.1235940662518218,6,149.0,0.40631465929300675,25,1153.0
565.0,19,285.0,4.830508474576271,5.423316149390862,10,617.0,0.24595384026452405,9,119.0,0.4095328378762611,19,736.0
570.0,22,319.0,5.316666666666666,5.930762616140762,13,413.0,0.3352823509375967,9,143.0,0.44370714397568045,22,556.0
575.0,20,402.0,6.380952380952381,6.697373772843877,13,328.0,0.29705793201136405,7,153.0,0.524481273075468,20,481.0
580.0,22,407.0,6.672131147540983,5.9369518017386795,17,384.0,0.22945435241243473,5,103.0,0.50494283618576,22,487.0
585.0,29,503.0,7.984126984126984,5.284557035727651,20,472.0,0.2750898458067565,9,55.0,0.31442783851891437,29,527.0
590.0,32,517.0,8.475409836065573,3.725474219636636,16,492.0,0.2786079127380774,16,102.0,0.172157376267639,32,594.0
595.0,35,628.0,9.8125,4.188177998805174,17,487.0,0.24450229603359405,18,173.0,0.19388731931947173,35,660.0
600.0,33,730.0,11.23076923076923,4.283748103037477,18,562.0,0.22649137008755676,15,226.0,0.24584264604349051,33,788.0
605.0,30,764.0,11.235294117647058,5.1496646494034835,19,639.0,0.20332929369886554,11,226.0,0.3236265640040734,30,865.0
610.0,27,660.0,10.0,4.248872870516493,18,652.0,0.1612231948403937,9,206.0,0.30306054584099745,27,858.0
615.0,32,706.0,10.382352941176471,4.982838963408341,19,670.0,0.24285292207691267,13,192.0,0.31583929873833194,32,862.0
620.0,34,504.0,7.636363636363637,4.505961733716287,17,591.0,0.2870103976604363,17,239.0,0.2916409555962847,34,830.0
625.0,34,382.0,5.617647058823529,4.307481593758727,16,407.0,0.21793745391326358,18,279.0,0.29713216079345656,34,686.0
630.0,37,481.0,6.971014492753623,3.659042530870485,20,395.0,0.17120201220383913,17,300.0,0.245791858371804,37,695.0
635.0,37,539.0,7.591549295774648,3.9073967872840694,23,477.0,0.10880584463013925,14,268.0,0.25987197174303484,37,745.0
640.0,33,544.0,7.4520547945205475,3.675148706607207,21,531.0,0.06186162398647514,12,287.0,0.28178928665486647,33,818.0
645.0,34,653.0,9.069444444444445,4.415042708870821,20,592.0,0.1783999189318218,14,296.0,0.2993441213713197,34,888.0
650.0,37,612.0,8.052631578947368,4.1333390646645265,19,589.0,0.228595186492389,18,314.0,0.25190539805513107,37,903.0
655.0,22,358.0,4.64935064935065,4.608575644110886,8,460.0,0.21152457795630983,14,304.0,0.2418087998941918,22,764.0
660.0,19,354.0,4.72,5.240051644244571,7,360.0,0.2809808910203556,12,343.0,0.24754862045948547,19,703.0
665.0,22,343.0,4.5131578947368425,5.647477815778448,6,330.0,0.3382404174650428,16,379.0,0.20225415351362486,22,709.0
670.0,34,416.0,5.777777777777778,3.968314197132904,13,321.0,0.23380124412973224,21,432.0,0.16007897110141553,34,753.0
675.0,36,537.0,7.671428571428572,3.022717483785433,14,324.0,0.17813202168983577,22,482.0,0.15789904128151408,36,806.0
680.0,34,583.0,7.986301369863014,3.900540473268921,13,262.0,0.27748962587748,21,523.0,0.14730144922497385,34,785.0
685.0,22,542.0,7.855072463768116,4.74664612084179,9,260.0,0.3087039874038296,13,492.0,0.16041707644131492,22,752.0
690.0,22,578.0,8.257142857142858,5.600748356549642,9,279.0,0.3423726829724869,13,495.0,0.18346028063622016,22,774.0
695.0,28,526.0,7.408450704225352,5.161183596453608,10,263.0,0.28109097917882897,18,491.0,0.1814394128737072,28,754.0
700.0,29,604.0,8.628571428571428,5.531539159822429,14,235.0,0.2817063293256556,15,514.0,0.28958614117351783,29,749.0
705.0,28,678.0,9.685714285714285,5.747665359415676,15,281.0,0.2907467738965854,13,482.0,0.3627043989787697,28,763.0
710.0,23,743.0,11.08955223880597,5.7243629484741225,9,273.0,0.25727215689964683,14,532.0,0.2984815937193619,23,805.0
715.0,21,456.0,6.8059701492537314,5.13158325228565,7,184.0,0.27216759209967695,14,502.0,0.15313419658333072,21,686.0
720.0,23,305.0,4.6923076923076925,5.700651902405828,12,154.0,0.3138351280103518,11,383.0,0.2393826453112786,23,537.0
725.0,28,380.0,6.440677966101695,4.96292201262024,16,199.0,0.2959425880426421,12,330.0,0.28841682497963583,28,529.0
730.0,22,442.0,7.491525423728813,4.745659154501027,10,201.0,0.2726071258064367,12,330.0,0.2677607819766544,22,531.0
735.0,23,444.0,7.52542372881356,4.8767982542934885,10,177.0,0.3310220255974308,13,363.0,0.15946450132087275,23,540.0
740.0,33,553.0,8.378787878787879,4.61202118825667,14,179.0,0.30079312302703765,19,437.0,0.20068895889217317,33,616.0
745.0,29,528.0,7.880597014925373,4.214419848428189,17,228.0,0.22486884488570894,12,415.0,0.354660932080053,29,643.0
750.0,24,555.0,8.283582089552239,5.224739239538158,14,267.0,0.2969062531115038,10,372.0,0.39582501823524063,24,639.0
755.0,22,330.0,4.782608695652174,5.032752934988765,12,253.0,0.30168333842631617,10,281.0,0.2894471076165113,22,534.0
760.0,31,351.0,5.086956521739131,5.08749532474966,17,209.0,0.21044476626850758,14,243.0,0.2968038432572939,31,452.0
765.0,30,315.0,4.7727272727272725,4.291223412020212,18,262.0,0.17240685654522775,12,240.0,0.2578003489425819,30,502.0
770.0,25,281.0,4.390625,4.91029647080575,14,292.0,0.165685853066478,11,177.0,0.2507831433734109,25,469.0
775.0,25,311.0,5.016129032258065,4.905498953568105,12,306.0,0.20237878419300262,13,177.0,0.17731540419943403,25,483.0
780.0,26,378.0,5.815384615384615,5.284801513398759,17,318.0,0.14634250496482193,9,208.0,0.28586951710211495,26,526.0
785.0,30,487.0,7.492307692307692,5.464803416305802,19,373.0,0.16682235900165546,11,238.0,0.41670422135628865,30,611.0
790.0,20,529.0,8.396825396825397,6.614241084167546,12,373.0,0.27859838780474705,8,258.0,0.5192268008858207,20,631.0
795.0,19,475.0,7.786885245901639,5.995259752885963,9,319.0,0.265675762689998,10,286.0,0.30618174593393765,19,605.0
800.0,22,298.0,4.966666666666667,5.6817625840599355,11,264.0,0.27867536647277674,11,233.0,0.18396283881473902,22,497.0
805.0,23,326.0,5.258064516129032,5.870358953692222,13,293.0,0.27319533394126505,10,156.0,0.2990148359872456,23,449.0
810.0,22,343.0,5.622950819672131,6.121409607865425,14,361.0,0.35919676885312024,8,154.0,0.43594667149912775,22,515.0
815.0,18,357.0,6.0508474576271185,6.5426589285092245,11,372.0,0.3870788554432958,7,104.0,0.5113072547083225,18,476.0
820.0,22,420.0,6.774193548387097,5.485150465998066,15,388.0,0.26899930051872667,7,122.0,0.42441959234170235,22,510.0
825.0,28,353.0,5.693548387096774,4.346921796422888,16,371.0,0.18566661956455693,12,127.0,0.31332471991078575,28,498.0
830.0,30,350.0,5.555555555555555,4.534989358501649,17,313.0,0.15604657123663476,13,156.0,0.31135723584773656,30,469.0
835.0,27,299.0,4.746031746031746,4.647881141207448,17,304.0,0.09785332100445066,10,162.0,0.32014983776374756,27,466.0
840.0,21,168.0,2.847457627118644,5.657540396924207,10,228.0,0.20544758256051923,11,136.0,0.30224760290539493,21,364.0
845.0,20,242.0,4.033333333333333,5.60152659218346,7,199.0,0.36896727011687513,13,172.0,0.1888244182646122,20,371.0
850.0,20,287.0,5.035087719298246,6.267886260898994,8,180.0,0.3700724485587794,12,204.0,0.27255710431502506,20,384.0
855.0,22,391.0,7.2407407407407405,6.548978232596335,10,222.0,0.38780946744801736,12,235.0,0.35007281545182134,22,457.0
860.0,16,342.0,6.218181818181818,5.921352905284049,6,203.0,0.45443626276613386,10,255.0,0.2130129449826487,16,458.0
865.0,17,381.0,7.326923076923077,6.994252463818436,8,211.0,0.4648333709717229,9,243.0,0.33450325362457156,17,454.0
870.0,19,325.0,6.63265306122449,5.324985416332321,9,253.0,0.3122934823113465,10,181.0,0.23049487685098463,19,434.0
875.0,22,323.0,6.46,5.1997758892130195,14,314.0,0.20544829009616192,8,134.0,0.31717126697224346,22,448.0
880.0,21,374.0,7.63265306122449,4.84921149736645,11,347.0,0.2466436166872327,10,124.0,0.3602514326494979,21,471.0
885.0,20,445.0,9.081632653061224,5.950953891360359,9,345.0,0.43364891368410036,11,162.0,0.40333982580662914,20,507.0
890.0,19,329.0,6.450980392156863,5.159331127601002,7,275.0,0.3797979334246111,12,188.0,0.2757261494247483,19,463.0
895.0,24,367.0,6.9245283018867925,5.449171479865972,8,181.0,0.3952568929835497,16,233.0,0.24683011507523267,24,414.0
900.0,20,330.0,6.0,4.6804138350216515,6,187.0,0.3257777224255828,14,241.0,0.23474833093062664,20,428.0
905.0,17,243.0,4.673076923076923,5.217244491857482,7,194.0,0.3008832584782779,10,182.0,0.29829161525488,17,376.0
910.0,17,293.0,5.425925925925926,5.720287296799803,9,228.0,0.25847112546937284,8,168.0,0.3232913287374766,17,396.0
915.0,22,368.0,6.6909090909090905,5.6097305319171955,9,250.0,0.2658663295100689,13,224.0,0.2934197522163634,22,474.0
920.0,22,344.0,6.490566037735849,5.322794911746255,9,262.0,0.31018574189686665,13,244.0,0.2951031243422496,22,506.0
925.0,25,272.0,5.333333333333333,4.540014774209562,8,133.0,0.3646422254399152,17,274.0,0.21013752982279849,25,407.0
930.0,24,318.0,6.36,3.9880074996772015,8,145.0,0.2958404998851823,16,313.0,0.222786450743085,24,458.0
935.0,23,411.0,7.903846153846154,4.566454351878539,7,163.0,0.3084252881873307,16,374.0,0.23580725504798952,23,537.0
940.0,26,420.0,7.9245283018867925,4.199580601189163,11,187.0,0.29882282711069025,15,361.0,0.2373972142476373,26,548.0
945.0,22,326.0,5.821428571428571,4.763245650329529,12,233.0,0.3027108076187338,10,260.0,0.2620799715823457,22,493.0
950.0,18,365.0,6.517857142857143,5.855907505029415,11,263.0,0.24062069977837627,7,207.0,0.42889556704173215,18,470.0
955.0,20,456.0,7.862068965517241,6.77422791962568,13,319.0,0.2528766069599598,7,173.0,0.49777237637631494,20,492.0
960.0,26,574.0,10.070175438596491,5.735054983892462,17,397.0,0.216707305749518,9,200.0,0.3808527766182675,26,597.0
965.0,29,603.0,10.963636363636363,4.274873967217246,17,464.0,0.14288417775793968,12,207.0,0.11622757397544545,29,671.0
970.0,30,671.0,12.660377358490566,3.913154875766981,18,526.0,0.17158822159308626,12,185.0,0.13849386761156973,30,711.0
975.0,27,588.0,11.307692307692308,3.5028869626007446,17,461.0,0.18977765118600518,10,224.0,0.2679548701035902,27,685.0
980.0,25,666.0,13.058823529411764,5.29717245698924,15,471.0,0.26123049099359014,10,234.0,0.41234907260760717,25,705.0
985.0,21,474.0,8.618181818181819,5.46810515353031,14,421.0,0.24779907571919665,7,217.0,0.43799187252278565,21,638.0
990.0,16,272.0,4.610169491525424,6.207803192675815,6,263.0,0.3354308042009119,10,247.0,0.3274341158940375,16,510.0
995.0,16,192.0,3.2542372881355934,6.523777495715662,6,140.0,0.45178801886609327,10,190.0,0.2774727095205407,16,330.0
1000.0,17,235.0,3.9166666666666665,6.933173418002042,7,125.0,0.4627141694688136,10,166.0,0.2751130004699303,17,291.0
1005.0,18,260.0,4.406779661016949,6.639711597030755,8,148.0,0.4550853034525691,10,179.0,0.26103389038109215,18,327.0
1010.0,19,311.0,5.867924528301887,6.677198550266129,10,190.0,0.362999608241733,9,164.0,0.3069342533572519,19,354.0
1015.0,22,328.0,6.188679245283019,6.11627668970898,13,243.0,0.2834446906416017,9,145.0,0.22513074581502895,22,388.0
1020.0,21,298.0,5.8431372549019605,5.866481813848846,10,228.0,0.34577329931045675,11,114.0,0.19318212164266138,21,342.0
1025.0,18,335.0,6.836734693877551,6.108618292297092,10,237.0,0.3832908543420816,8,125.0,0.2394768115791183,18,362.0
1030.0,17,318.0,6.76595744680851,6.103620256716157,9,213.0,0.37296923751962296,8,151.0,0.38766791038341797,17,364.0
1035.0,13,302.0,6.163265306122449,6.716471001168084,9,200.0,0.35624097956280915,4,142.0,0.4784037548976382,13,342.0
1040.0,14,184.0,3.7551020408163267,6.886621787975,10,143.0,0.2994362903724983,4,116.0,0.5460491480264362,14,259.0
1045.0,16,259.0,5.285714285714286,6.778955494035125,10,126.0,0.2554842088431565,6,141.0,0.44600724385987833,16,267.0
1050.0,16,128.0,2.56,5.454668322268938,10,127.0,0.2136299309482532,6,84.0,0.38494852936182045,16,211.0
1055.0,15,144.0,2.938775510204082,6.280944479617638,10,131.0,0.38943464788169196,5,36.0,0.2644942164053112,15,167.0
1060.0,14,121.0,2.5208333333333335,6.19159253567004,7,129.0,0.47251602408635995,7,50.0,0.20241450051323343,14,179.0
1065.0,14,139.0,2.574074074074074,7.107749496764119,5,90.0,0.5034062188904348,9,95.0,0.3012862727547411,14,185.0
1070.0,15,137.0,2.4909090909090907,6.356241358478628,8,112.0,0.3074255647583172,7,95.0,0.4242562307488794,15,207.0
1075.0,16,184.0,3.4716981132075473,6.693379586030407,10,137.0,0.16738454790632507,6,84.0,0.5472130209175071,16,221.0
1080.0,14,136.0,2.6666666666666665,6.191505828794606,11,137.0,0.15043167567082574,3,64.0,0.41635350984605757,14,201.0
1085.0,18,167.0,3.150943396226415,6.525507745667183,10,147.0,0.2413783177518753,8,93.0,0.3730594555724859,18,240.0
1090.0,16,172.0,3.6595744680851063,5.871361334897389,10,193.0,0.2714854435305632,6,70.0,0.37638612120900633,16,263.0
1095.0,24,265.0,5.888888888888889,4.828567550706981,14,258.0,0.24384566756015102,10,83.0,0.2588720683871145,24,341.0
1100.0,24,333.0,7.239130434782608,3.0477693681575255,15,312.0,0.1961882995733563,9,99.0,0.12066369830310553,24,411.0
1105.0,24,419.0,8.551020408163266,4.446405208996741,14,348.0,0.2275136938712814,10,137.0,0.284386378669651,24,485.0
1110.0,21,329.0,6.714285714285714,4.659672665699522,15,333.0,0.27598950940754774,6,127.0,0.418660531583527,21,460.0
1115.0,20,311.0,5.867924528301887,5.690919041525853,15,319.0,0.2696119760769667,5,80.0,0.43513118135099693,20,399.0
1120.0,19,264.0,5.176470588235294,5.308267094595586,13,306.0,0.19503748924629968,6,98.0,0.4259807927525955,19,404.0
1125.0,14,130.0,2.452830188679245,6.110786461671581,11,238.0,0.24844109149887608,3,71.0,0.3122201399935665,14,309.0
1130.0,14,148.0,3.148936170212766,6.076858924467239,10,219.0,0.2744261330189213,4,45.0,0.2842324269547736,14,264.0
1135.0,15,134.0,2.68,6.238785630713877,10,225.0,0.30212056881184607,5,50.0,0.316691138707665,15,275.0
1140.0,18,184.0,4.088888888888889,5.7019714421208025,14,244.0,0.28092216278352233,4,44.0,0.4828524961704839,18,288.0
1145.0,20,189.0,4.395348837209302,4.672194821311011,19,283.0,0.24870295189116629,1,30.0,0.49350118562282214,20,313.0
1150.0,20,219.0,4.659574468085107,4.592185884843657,17,310.0,0.17048599683948182,3,18.0,0.5705303996854478,20,328.0
1155.0,16,197.0,3.6481481481481484,5.896344019231002,12,293.0,0.21522445237185076,4,25.0,0.48806243012576933,16,318.0
1160.0,12,213.0,3.610169491525424,6.667389026252173,9,301.0,0.2367416434207355,3,38.0,0.5729817022420034,12,339.0
1165.0,19,250.0,4.098360655737705,6.745223531640622,14,302.0,0.19461748102792323,5,58.0,0.5857846217346114,19,360.0
1170.0,21,284.0,5.071428571428571,5.739849024048944,18,347.0,0.18100025852290433,3,38.0,0.597513072307547,21,385.0
1175.0,14,306.0,5.666666666666667,6.665253807950257,11,340.0,0.30708276762084136,3,50.0,0.507171134030582,14,390.0
1180.0,15,184.0,3.3454545454545452,5.488085792885634,8,260.0,0.33478789426812083,7,75.0,0.2786838624476039,15,335.0
1185.0,19,251.0,4.826923076923077,6.37430169912172,11,218.0,0.32376403853581975,8,105.0,0.3617923608834779,19,323.0
1190.0,19,303.0,6.06,5.157757953003166,13,251.0,0.0932284091166308,6,128.0,0.3169634832949301,19,379.0
1195.0,15,355.0,6.96078431372549,6.485490535058813,9,257.0,0.22726804223313576,6,152.0,0.30578701344878717,15,409.0
1200.0,15,266.0,5.428571428571429,6.218281029338638,7,228.0,0.31267916973456394,8,147.0,0.19521397648380134,15,375.0
1205.0,16,257.0,5.711111111111111,7.249140521343718,11,194.0,0.353205723717068,5,123.0,0.4520889359911186,16,317.0
1210.0,16,303.0,6.886363636363637,6.304793136098774,10,222.0,0.32022520269620947,6,126.0,0.4955932625071647,16,348.0
1215.0,9,223.0,4.955555555555556,5.716776698703927,6,222.0,0.3374630214052527,3,53.0,0.39149533117014435,9,275.0
1220.0,13,214.0,4.458333333333333,6.737038344138548,6,187.0,0.36638072458257365,7,65.0,0.42568157783166016,13,252.0
1225.0,16,280.0,5.6,6.7091473776462704,9,218.0,0.38605996624984135,7,95.0,0.3738559392911858,16,313.0
1230.0,20,355.0,7.244897959183674,5.252462556924743,10,257.0,0.37128117042439146,10,137.0,0.26175699953237497,20,394.0
1235.0,19,362.0,7.869565217391305,4.882326034213113,9,282.0,0.2935895232011426,10,140.0,0.2559033149929736,19,422.0
1240.0,19,404.0,8.416666666666666,4.990758480375757,11,309.0,0.265793238273939,8,149.0,0.25426088693991095,19,458.0
1245.0,19,429.0,8.411764705882353,5.4982279945964505,11,318.0,0.28384462678671274,8,182.0,0.25226021469664395,19,500.0
1250.0,20,500.0,10.204081632653061,5.18718790459753,10,356.0,0.280885237692458,10,218.0,0.3924614690257148,20,574.0
1255.0,14,411.0,8.058823529411764,5.5800434656876705,8,357.0,0.331159220630296,6,178.0,0.38830638867598066,14,535.0
1260.0,11,127.0,2.5918367346938775,6.216741919790256,6,196.0,0.2858538452627262,5,88.0,0.4098634338923222,11,284.0
1265.0,19,192.0,3.84,6.463702637217946,11,139.0,0.18770972232865182,8,91.0,0.3258069883165335,19,230.0
1270.0,24,256.0,4.7407407407407405,5.421250396540575,12,155.0,0.1877813803278276,12,139.0,0.25014139476867453,24,294.0
1275.0,22,275.0,5.0,5.753408044973239,14,218.0,0.3005728694436732,8,135.0,0.3872476384214064,22,353.0
1280.0,18,323.0,5.981481481481482,6.723354444847035,13,281.0,0.3879246346584602,5,101.0,0.5232292178447195,18,382.0
1285.0,21,364.0,7.137254901960785,6.109521800646825,14,349.0,0.4069602754406062,7,98.0,0.46383926094530814,21,447.0
1290.0,21,319.0,5.8,4.919189966399611,13,357.0,0.256800045452603,8,89.0,0.39400203286887236,21,446.0
1295.0,19,294.0,5.157894736842105,4.7198415300116,11,308.0,0.2320624377474852,8,99.0,0.2786349575216021,19,407.0
1300.0,18,244.0,4.357142857142857,5.971663342599322,9,239.0,0.3226233722496274,9,115.0,0.29747409495786975,18,354.0
1305.0,21,147.0,2.5344827586206895,5.2025308111108854,12,183.0,0.2705942526716691,9,133.0,0.19606585567462437,21,316.0
1310.0,20,208.0,3.586206896551724,5.404961162138182,11,216.0,0.2673180928598764,9,155.0,0.2787321358448294,20,371.0
1315.0,19,243.0,4.2631578947368425,6.007073300763995,10,230.0,0.2961916484169062,9,179.0,0.35365258145709016,19,409.0
1320.0,23,325.0,5.327868852459017,5.850366012008748,15,246.0,0.18571338401009502,8,216.0,0.4133864038882517,23,462.0
1325.0,20,295.0,4.836065573770492,5.828189417609779,14,252.0,0.20034700284491574,6,165.0,0.40144148371835,20,417.0
1330.0,23,357.0,6.0508474576271185,5.796268985448729,15,293.0,0.2414213436438675,8,169.0,0.40015827890160516,23,462.0
1335.0,24,416.0,7.298245614035087,5.272630350362101,15,334.0,0.24415158689673613,9,206.0,0.3610200553650093,24,540.0
1340.0,24,388.0,6.928571428571429,4.536526943921451,13,324.0,0.23548885118444124,11,245.0,0.30259740140438873,24,569.0
1345.0,32,474.0,8.172413793103448,3.695588044078922,20,346.0,0.24015165314998918,12,276.0,0.2005046296993527,32,622.0
1350.0,24,472.0,7.737704918032787,4.601292810753642,15,359.0,0.21367052282570662,9,285.0,0.3134375685781777,24,644.0
1355.0,19,435.0,6.796875,5.698860157165852,11,297.0,0.2415759640211115,8,303.0,0.36070659801724936,19,600.0
1360.0,23,506.0,8.295081967213115,6.286426845122695,11,294.0,0.30913238756853845,12,346.0,0.2895491797264368,23,640.0
1365.0,24,554.0,9.719298245614034,4.982466032638626,11,285.0,0.20365588138287943,13,389.0,0.22507165072626825,24,674.0
1370.0,19,501.0,9.10909090909091,4.768125384669284,9,237.0,0.17883696872169627,10,400.0,0.2896879629307639,19,637.0
1375.0,19,488.0,9.76,5.91943070931597,11,184.0,0.25119508209354,8,424.0,0.4353431439385533,19,608.0
1380.0,22,533.0,9.87037037037037,5.926845726405885,10,189.0,0.2983448600233718,12,464.0,0.34821546399672554,22,653.0
1385.0,23,586.0,10.654545454545454,6.00033010519151,12,245.0,0.33458273035405567,11,481.0,0.38690388577925516,23,726.0
1390.0,25,670.0,11.964285714285714,5.310435101108296,12,271.0,0.3710791323352937,13,525.0,0.3758926545589683,25,796.0
1395.0,24,720.0,12.631578947368421,4.703716191869554,11,285.0,0.3775841400630189,13,569.0,0.3059128148604279,24,854.0
1400.0,23,688.0,11.661016949152541,4.740326634736359,12,268.0,0.32980157594868065,11,580.0,0.31086782817564124,23,848.0
1405.0,20,292.0,5.0344827586206895,5.030204827130597,8,197.0,0.33018937565077683,12,401.0,0.18050665747816605,20,598.0
1410.0,22,220.0,3.7288135593220337,5.277747383179938,8,131.0,0.31048607088652946,14,155.0,0.1298941796918797,22,286.0
1415.0,25,232.0,4.0,5.039483760932869,11,95.0,0.2643003789165708,14,207.0,0.2185050754329276,25,302.0
1420.0,26,328.0,5.754385964912281,4.500976724156474,10,130.0,0.29461253103492646,16,265.0,0.217378031813815,26,395.0
1425.0,28,338.0,5.365079365079365,4.9088698912924045,15,177.0,0.23394724565156821,13,279.0,0.29964307881134117,28,456.0
1430.0,27,385.0,6.416666666666667,4.992842544217681,15,228.0,0.24488291634583145,12,256.0,0.3538790244309263,27,484.0
1435.0,27,380.0,6.229508196721311,4.9164613639592565,14,270.0,0.2948946522196294,13,246.0,0.30494184042954764,27,516.0
1440.0,20,264.0,4.47457627118644,4.72687134653926,12,276.0,0.22206147483050187,8,182.0,0.3554595509930089,20,458.0
1445.0,18,203.0,3.56140350877193,4.8044688606873045,11,222.0,0.195704672598682,7,158.0,0.3135229799682969,18,380.0
1450.0,27,303.0,4.967213114754099,4.455985490248526,13,268.0,0.21255433325868264,14,200.0,0.1845873703014525,27,468.0
1455.0,28,382.0,6.366666666666666,4.581439174921845,14,319.0,0.25268019335634945,14,239.0,0.21862761523908156,28,558.0
1460.0,21,277.0,4.616666666666666,4.927246172382908,13,287.0,0.1983808781665304,8,232.0,0.36521550717318685,21,519.0
1465.0,25,386.0,6.327868852459017,5.111154862528415,16,300.0,0.19332111442538258,9,256.0,0.37979852988595264,25,556.0
1470.0,29,447.0,7.209677419354839,4.752846986081228,15,314.0,0.2538123312308009,14,314.0,0.3348716248618468,29,628.0
1475.0,28,421.0,6.578125,4.533252563925636,10,261.0,0.30703197124674203,18,335.0,0.19132298631199693,28,596.0
1480.0,30,404.0,6.029850746268656,4.710551017978095,9,222.0,0.3858092044201849,21,335.0,0.1298061416685394,30,557.0
1485.0,35,462.0,6.416666666666667,4.860482732503769,14,219.0,0.3592664477906769,21,388.0,0.15810066850668056,35,607.0
1490.0,22,423.0,6.220588235294118,5.600028792565972,11,233.0,0.35640007766806586,11,368.0,0.29666338297304773,22,601.0
1495.0,20,280.0,4.3076923076923075,5.302148979034616,11,233.0,0.3185624380912436,9,286.0,0.237959884787155,20,519.0
1500.0,23,293.0,4.373134328358209,4.94689670113233,14,278.0,0.23733608452467667,9,202.0,0.20663083582156852,23,480.0
1505.0,31,384.0,5.647058823529412,4.395557234598524,19,340.0,0.258532734050414,12,220.0,0.21791720658870783,31,560.0
1510.0,28,358.0,5.424242424242424,5.144547811555447,19,349.0,0.22808384514670513,9,194.0,0.42686936065331355,28,543.0
1515.0,25,321.0,4.863636363636363,5.040999993320923,17,312.0,0.19533800813808846,8,208.0,0.4189954410403821,25,520.0
1520.0,30,386.0,5.848484848484849,4.474079458687762,19,359.0,0.20995284557950558,11,228.0,0.2606821934720974,30,587.0
1525.0,24,357.0,5.492307692307692,4.801439563075869,13,361.0,0.29448955731830695,11,242.0,0.14970115165423353,24,603.0
1530.0,21,374.0,6.032258064516129,5.07032715787184,13,353.0,0.23855068796136752,8,239.0,0.24423615951688132,21,592.0
1535.0,21,313.0,5.048387096774194,5.218819815365616,15,374.0,0.23635477062622187,6,162.0,0.21201670912983683,21,536.0
1540.0,28,286.0,4.333333333333333,5.357868517860199,18,388.0,0.21986684919133212,10,151.0,0.3081427035862311,28,539.0
1545.0,24,264.0,4.061538461538461,5.829808199411876,17,392.0,0.2711475274450329,7,109.0,0.44904732724647267,24,501.0
1550.0,26,315.0,4.921875,5.876308802054629,19,412.0,0.28171461631997763,7,102.0,0.49464168343556164,26,514.0
1555.0,21,252.0,3.9375,5.566870806470478,13,379.0,0.32024514089018413,8,95.0,0.294271620919417,21,474.0
1560.0,19,251.0,3.921875,5.122655262942814,13,394.0,0.2606683125035672,6,65.0,0.1832779180683706,19,459.0
1565.0,25,306.0,4.857142857142857,4.539806146736119,18,463.0,0.21791104192427668,7,72.0,0.21611222082305617,25,535.0
1570.0,32,413.0,6.257575757575758,4.723311948492985,20,522.0,0.20331683243857188,12,95.0,0.30260094234903123,32,617.0
1575.0,26,460.0,7.301587301587301,4.795888806020976,17,538.0,0.20907883594752125,9,122.0,0.35369001434045827,26,660.0
1580.0,21,449.0,7.241935483870968,5.565578844893664,16,559.0,0.18456688225790327,5,88.0,0.4839880388639706,21,647.0
1585.0,26,527.0,8.639344262295081,4.812682896184854,20,622.0,0.1289000135506448,6,90.0,0.42417453413143463,26,712.0
1590.0,31,651.0,10.672131147540984,5.06499248756224,19,686.0,0.25571617257799417,12,141.0,0.37084137500439557,31,827.0
1595.0,28,657.0,10.95,4.214351077509156,18,702.0,0.1997200248747703,10,132.0,0.2812697403890186,28,834.0
1600.0,31,703.0,11.338709677419354,4.446490347337546,17,731.0,0.23365296322850837,14,152.0,0.15476798684497825,31,883.0
1605.0,30,739.0,11.196969696969697,4.943973391667937,17,761.0,0.24984534321845692,13,170.0,0.18497634040501415,30,931.0
1610.0,25,548.0,8.058823529411764,5.743048529512555,19,656.0,0.2525821851471854,6,131.0,0.36006976059247275,25,787.0
1615.0,20,255.0,3.8636363636363638,5.55821430722711,16,511.0,0.18119136224928406,4,108.0,0.452977230549773,20,619.0
1620.0,24,282.0,4.476190476190476,6.089535006967849,17,454.0,0.2948519655644566,7,107.0,0.40223481359013974,24,561.0
1625.0,26,374.0,6.233333333333333,4.905249216689675,18,441.0,0.2208314637200397,8,112.0,0.3638658575893939,26,553.0
1630.0,26,480.0,8.135593220338983,4.068333206457873,20,494.0,0.06077188456568918,6,103.0,0.35390119219080723,26,597.0
1635.0,31,585.0,10.263157894736842,3.990752060943465,23,564.0,0.08082527394904625,8,98.0,0.3204556563761238,31,662.0
1640.0,30,619.0,9.671875,4.560596516271328,20,606.0,0.19593311481407458,10,125.0,0.2974195308390031,30,731.0
1645.0,32,714.0,11.15625,4.6946831075532005,20,633.0,0.26413362810212077,12,159.0,0.3179692038720571,32,792.0
1650.0,23,634.0,9.90625,5.460469915469153,16,618.0,0.21545174150937768,7,170.0,0.4466277379188684,23,788.0
1655.0,18,404.0,6.029850746268656,5.589483498405808,11,484.0,0.2651228507287268,7,178.0,0.33985367308767356,18,662.0
1660.0,22,334.0,4.911764705882353,5.507921363345526,10,387.0,0.34578731500676,12,230.0,0.19963417916512546,22,617.0
1665.0,25,207.0,3.08955223880597,5.10605438376442,12,313.0,0.356924987444766,13,174.0,0.17979533251686527,25,487.0
1670.0,33,297.0,4.5,4.975253683244335,17,360.0,0.30452749704848997,16,168.0,0.2310636532602124,33,528.0
1675.0,31,344.0,5.134328358208955,4.40898385920923,19,406.0,0.24216148073020177,12,197.0,0.29759922510426473,31,603.0
1680.0,28,322.0,4.410958904109589,4.760623719971591,21,391.0,0.18032821465076032,7,162.0,0.36057089721865687,28,553.0
1685.0,26,322.0,4.878787878787879,5.374612771941557,18,321.0,0.22493078768564728,8,168.0,0.4147679615223715,26,489.0
1690.0,30,428.0,6.388059701492537,5.33587601915017,20,366.0,0.23901018133889865,10,177.0,0.3208667726794807,30,543.0
1695.0,33,487.0,7.057971014492754,4.0858746842896325,19,385.0,0.22042044339084813,14,227.0,0.16178317218393698,33,612.0
1700.0,36,621.0,9.132352941176471,4.509276110595039,19,427.0,0.2813257710273769,17,293.0,0.22103615209766359,36,720.0
1705.0,32,563.0,8.279411764705882,4.497823018957428,18,428.0,0.2746820329594563,14,321.0,0.3152059450959489,32,749.0
1710.0,26,461.0,6.681159420289855,5.372862500333863,17,370.0,0.2509537406146108,9,274.0,0.3789057348782435,26,644.0
1715.0,31,363.0,5.112676056338028,4.227717909879487,22,425.0,0.10352133159321787,9,205.0,0.39405643025424425,31,630.0
1720.0,34,388.0,5.243243243243243,5.186098549639423,22,472.0,0.22021351444937276,12,159.0,0.3964283407549477,34,631.0
1725.0,31,406.0,5.71830985915493,4.08342749534635,20,505.0,0.2742355827232938,11,191.0,0.2970409490719562,31,696.0
1730.0,28,414.0,6.0,4.562292978266153,16,488.0,0.21135704568711852,12,209.0,0.34672155863268156,28,697.0
1735.0,32,427.0,6.014084507042254,3.668776460014338,19,506.0,0.10488734235929922,13,246.0,0.26453793712022666,32,752.0
1740.0,39,515.0,6.95945945945946,4.242150155656978,20,492.0,0.18701163969321843,19,327.0,0.21288789241721856,39,819.0
1745.0,36,515.0,7.054794520547945,3.9299596910389076,20,473.0,0.23424260832675214,16,362.0,0.19264188084667544,36,835.0
1750.0,39,627.0,8.472972972972974,4.525555819390269,20,470.0,0.281196769249768,19,407.0,0.24313536603650546,39,877.0
1755.0,39,667.0,8.776315789473685,3.682860732513283,22,507.0,0.227152879748825,17,448.0,0.18780859195661592,39,955.0
1760.0,28,605.0,7.857142857142857,4.715805068712394,15,483.0,0.24771477822709073,13,431.0,0.24935691382986933,28,914.0
1765.0,22,440.0,6.027397260273973,5.352978719107041,15,466.0,0.22761289836545578,7,309.0,0.36585866934486017,22,775.0
1770.0,29,422.0,5.702702702702703,5.06303630603179,18,500.0,0.2022351417852438,11,200.0,0.2846098977581409,29,700.0
1775.0,33,414.0,6.0,4.320429242825921,20,517.0,0.16882311092064775,13,226.0,0.2905740703379552,33,743.0
1780.0,30,383.0,5.803030303030303,4.505516486374188,17,542.0,0.20508050724792432,13,257.0,0.3056058428868082,30,799.0
1785.0,32,412.0,6.242424242424242,3.5696929139381237,19,572.0,0.19601324488089414,13,274.0,0.22764580023269165,32,846.0
1790.0,27,372.0,5.391304347826087,4.47459471962605,14,552.0,0.1724481696849085,13,248.0,0.25302487042338284,27,800.0
1795.0,24,287.0,4.220588235294118,4.9773369537359216,12,531.0,0.15646049041098736,12,237.0,0.273512710753795,24,768.0
1800.0,31,327.0,4.880597014925373,4.924477184142374,17,451.0,0.11718520174637685,14,240.0,0.2828824488388568,31,691.0
1805.0,35,370.0,5.78125,3.981856897550083,19,493.0,0.13166470477727918,16,238.0,0.2619836335735812,35,731.0
1810.0,29,454.0,7.32258064516129,4.76435519311171,12,487.0,0.3000695369722114,17,295.0,0.22839684703406668,29,782.0
1815.0,28,417.0,6.725806451612903,4.108585146740191,9,422.0,0.39872129777865384,19,315.0,0.07582091842947668,28,737.0
1820.0,23,347.0,5.421875,5.24497200387561,10,302.0,0.3279591950113719,13,308.0,0.24512412886641965,23,610.0
1825.0,26,291.0,4.476923076923077,4.440151913523736,13,318.0,0.17624389102441151,13,285.0,0.26943804400746213,26,603.0
1830.0,22,306.0,4.636363636363637,5.870705534224857,11,324.0,0.26864900268073405,11,241.0,0.32111585275901516,22,565.0
1835.0,26,338.0,5.121212121212121,5.283677505316146,12,322.0,0.26480908852828766,14,243.0,0.2723537615579463,26,565.0
1840.0,30,417.0,6.318181818181818,5.244847785744136,14,307.0,0.29014436888514106,16,251.0,0.2763495699089915,30,558.0
1845.0,27,482.0,7.774193548387097,4.235338091649891,12,347.0,0.2976694301145975,15,290.0,0.2289427821440564,27,637.0
1850.0,32,578.0,8.757575757575758,4.345511093041466,13,357.0,0.3328583284186652,19,352.0,0.10840446219442823,32,709.0
1855.0,32,598.0,8.794117647058824,4.337085518900393,15,406.0,0.320831525192535,17,344.0,0.1525770445954144,32,750.0
1860.0,25,525.0,7.394366197183099,5.190615055782317,18,463.0,0.269658779071787,7,265.0,0.32898543522384577,25,728.0
1865.0,27,450.0,6.428571428571429,4.784681795901204,20,464.0,0.246150545266707,7,271.0,0.35878774389943496,27,735.0
1870.0,35,563.0,8.279411764705882,4.435329891309863,21,487.0,0.21196401475775173,14,312.0,0.34363083334721034,35,799.0
1875.0,34,624.0,8.914285714285715,3.691430391204333,21,531.0,0.14463102536705089,13,316.0,0.2971394913868999,34,847.0
1880.0,25,573.0,8.552238805970148,4.003165646088704,17,535.0,0.1302267375450286,8,269.0,0.2707836062916884,25,804.0
1885.0,25,560.0,8.235294117647058,4.09915024959599,17,591.0,0.14074095756973215,8,182.0,0.22214893552679327,25,773.0
1890.0,32,658.0,9.4,5.013673217886402,18,638.0,0.21792691930717698,14,230.0,0.2618586729342646,32,868.0
1895.0,33,710.0,10.597014925373134,4.418242150498414,19,683.0,0.2407652367899504,14,255.0,0.3359983195954119,33,938.0
1900.0,27,768.0,11.294117647058824,4.760750105879133,13,670.0,0.2814205861933939,14,262.0,0.2744732935850136,27,932.0
1905.0,30,558.0,7.859154929577465,4.639297518994456,13,555.0,0.2963530211552134,17,273.0,0.2018519733965283,30,828.0
1910.0,23,309.0,4.478260869565218,5.665190169995938,12,410.0,0.29290871225424375,11,244.0,0.32852070462513333,23,654.0
1915.0,23,251.0,3.746268656716418,5.387106992849117,14,385.0,0.1332120191802529,9,218.0,0.4567480685816746,23,603.0
1920.0,29,294.0,4.323529411764706,4.920538357232002,19,414.0,0.10195018783071469,10,200.0,0.3871498116538554,29,614.0
1925.0,33,386.0,5.676470588235294,4.813119361002394,18,457.0,0.2057873153013012,15,222.0,0.3134365543473791,33,679.0
1930.0,23,310.0,4.769230769230769,5.1217373071832055,9,439.0,0.36720278329048633,14,244.0,0.21347133471911525,23,683.0
1935.0,27,390.0,6.190476190476191,4.820775257058774,9,357.0,0.38545424248734483,18,297.0,0.16508455169958777,27,654.0
1940.0,32,431.0,6.734375,4.41867945121879,14,298.0,0.31424288441680226,18,332.0,0.2061698672658334,32,630.0
1945.0,24,312.0,4.656716417910448,4.690940243204519,14,258.0,0.2491098533100882,10,311.0,0.3313037389456252,24,569.0
1950.0,30,374.0,5.582089552238806,4.847326645589794,18,253.0,0.18826584661597395,12,305.0,0.33859492044770967,30,558.0
1955.0,34,469.0,6.7,4.850005132147744,18,290.0,0.16892542603512942,16,373.0,0.3192863585861617,34,663.0
1960.0,28,450.0,6.428571428571429,4.6252591359779665,10,263.0,0.22520584048059802,18,434.0,0.22731245632431124,28,697.0
1965.0,31,509.0,7.3768115942028984,4.7745266465318466,10,253.0,0.29296098870698584,21,513.0,0.19649839819379653,31,766.0
1970.0,35,602.0,8.985074626865671,4.180107348100103,14,286.0,0.3136135865353347,21,562.0,0.11713246231157606,35,848.0
1975.0,30,564.0,8.545454545454545,3.987860878457985,16,300.0,0.22778197043461887,14,548.0,0.20744347781504777,30,848.0
1980.0,32,643.0,9.742424242424242,3.7423068461467,18,343.0,0.15154667927823437,14,591.0,0.23423057142191006,32,934.0
1985.0,40,753.0,11.073529411764707,3.8507696320450635,19,367.0,0.20065625047414384,21,660.0,0.18603962598108503,40,1027.0
1990.0,33,765.0,11.417910447761194,4.3261629472252805,10,313.0,0.2739423469149391,23,767.0,0.14075507123267564,33,1080.0
1995.0,30,790.0,12.153846153846153,4.273680130036583,8,236.0,0.2903291894353321,22,820.0,0.09728428273038092,30,1056.0
2000.0,21,763.0,11.56060606060606,5.425746734796488,7,186.0,0.3144142412915643,14,804.0,0.17284184572011185,21,990.0
2005.0,22,765.0,11.76923076923077,5.228722912862828,11,228.0,0.1855271853310756,11,790.0,0.24840810698916604,22,1018.0
2010.0,33,832.0,12.235294117647058,5.07444803006934,16,240.0,0.2874762777779024,17,814.0,0.20724267671783905,33,1054.0
2015.0,30,654.0,10.380952380952381,5.195790992805123,15,270.0,0.3824580635372873,15,692.0,0.2584574450138803,30,962.0
2020.0,28,301.0,4.854838709677419,4.326982440115779,14,274.0,0.28035243126800635,14,545.0,0.24503079094825095,28,819.0
2025.0,26,261.0,4.078125,4.383906677244239,10,209.0,0.2533893650712043,16,436.0,0.241915000502984,26,645.0
2030.0,30,354.0,5.2835820895522385,4.1165242507143365,9,205.0,0.2922708755844555,21,353.0,0.13349929751342055,30,558.0
2035.0,33,481.0,6.971014492753623,4.294300219973587,11,232.0,0.3182066254524736,22,458.0,0.18782521508939598,33,690.0
2040.0,32,490.0,7.205882352941177,3.433250691741774,13,250.0,0.19729046962367955,19,467.0,0.27892282265637713,32,717.0
2045.0,23,313.0,4.742424242424242,3.7402443499948053,12,233.0,0.18770205377496244,11,371.0,0.22178684734663773,23,604.0
2050.0,22,332.0,4.882352941176471,4.444114025573021,11,261.0,0.1486774160057461,11,301.0,0.29739828652089073,22,562.0
2055.0,27,338.0,4.828571428571428,4.5225159422908625,17,311.0,0.15036373927583088,10,278.0,0.24791747385122134,27,589.0
2060.0,30,379.0,5.656716417910448,4.22534742735599,17,361.0,0.15827094895048782,13,272.0,0.22542992030262193,30,633.0
2065.0,23,402.0,6.483870967741935,4.510379708722657,10,367.0,0.23525215205654346,13,275.0,0.19154901762728402,23,642.0
2070.0,22,444.0,7.52542372881356,4.775891992761941,12,398.0,0.20690156893531625,10,232.0,0.1981735488561134,22,630.0
2075.0,26,560.0,10.0,4.96288925257875,17,473.0,0.1485444742821096,9,233.0,0.2933173465322653,26,706.0
2080.0,28,497.0,9.036363636363637,4.698786282725238,18,435.0,0.16544186813127654,10,260.0,0.2229948728604441,28,695.0
2085.0,21,430.0,7.962962962962963,5.178961269170905,14,405.0,0.20211984379422637,7,218.0,0.322647489977773,21,623.0
2090.0,21,456.0,8.290909090909091,5.77901041687783,13,420.0,0.26845078672526695,8,207.0,0.45154848732762787,21,627.0
2095.0,18,413.0,7.509090909090909,6.966781564636393,10,373.0,0.39101747920328184,8,208.0,0.4621727767972129,18,581.0
2100.0,23,277.0,5.036363636363636,4.957025000614382,10,260.0,0.2800208397338931,13,256.0,0.25166899162440504,23,516.0
2105.0,24,338.0,5.9298245614035086,4.659923498986554,14,225.0,0.2622555176632017,10,288.0,0.15219762425237612,24,513.0
2110.0,25,372.0,6.888888888888889,5.065007347025859,14,242.0,0.22088991901197588,11,301.0,0.2553297987918926,25,543.0
2115.0,24,389.0,7.203703703703703,5.3877783749209005,15,272.0,0.13084569551591474,9,280.0,0.3361501387218055,24,552.0
2120.0,20,265.0,4.818181818181818,5.1527109447829655,15,269.0,0.1295990674636684,5,195.0,0.4175841644954672,20,464.0
2125.0,15,223.0,4.288461538461538,6.684726611478794,7,208.0,0.3642573278958153,8,132.0,0.42650841541555823,15,340.0
2130.0,16,237.0,4.5576923076923075,5.648449820372063,5,201.0,0.39183301035485085,11,161.0,0.21827083750061305,16,362.0
2135.0,22,270.0,5.0,5.712422015415643,12,222.0,0.32880691334264495,10,180.0,0.2423652656416645,22,402.0
2140.0,20,331.0,6.365384615384615,5.787586812441086,11,230.0,0.2921578926516755,9,193.0,0.3709486882666626,20,423.0
2145.0,14,301.0,6.270833333333333,5.564515053277933,6,185.0,0.32370442378991615,8,178.0,0.26736690820420067,14,363.0
2150.0,17,262.0,5.695652173913044,5.410021163651256,8,153.0,0.2656122947966184,9,187.0,0.24760121408928118,17,340.0
2155.0,19,185.0,3.7755102040816326,4.2344191137596825,12,136.0,0.12597138313762446,7,123.0,0.25199721269322317,19,259.0
2160.0,21,204.0,3.923076923076923,5.657842846997346,14,166.0,0.28588006488588613,7,108.0,0.409252131184106,21,274.0
2165.0,19,208.0,3.7142857142857144,6.843396533782952,12,187.0,0.41295952839097266,7,106.0,0.4532014232110084,19,293.0
2170.0,16,198.0,3.6,6.261197814792191,10,191.0,0.3067305658675523,6,84.0,0.5252784925050596,16,275.0
2175.0,11,126.0,2.1724137931034484,6.6712285045954145,6,145.0,0.4108418728174858,5,98.0,0.4390588618646457,11,243.0
2180.0,15,169.0,3.0727272727272728,6.149648326066469,5,112.0,0.3524577716824273,10,129.0,0.39249105684390295,15,241.0
2185.0,26,210.0,3.559322033898305,5.140316755420087,13,162.0,0.23394794300867652,13,152.0,0.3279260307330989,26,314.0
2190.0,26,273.0,4.7894736842105265,4.773255734537376,14,199.0,0.2940898279232338,12,157.0,0.31382176593697625,26,356.0
2195.0,19,241.0,4.155172413793103,4.599493870663313,7,184.0,0.3564501193461178,12,164.0,0.21627129659292885,19,348.0
2200.0,20,297.0,4.868852459016393,4.837548865123234,8,217.0,0.25125646070582325,12,149.0,0.23338281571076838,20,366.0
2205.0,28,373.0,5.920634920634921,4.810797400340299,16,276.0,0.15271587438798284,12,183.0,0.25897161507611816,28,459.0
2210.0,28,362.0,5.838709677419355,5.291820730671646,15,278.0,0.2012979158268037,13,214.0,0.3285394619737168,28,492.0
2215.0,29,456.0,8.0,4.886488934640683,17,279.0,0.25204850026127096,12,259.0,0.2944302633466866,29,538.0
2220.0,26,447.0,7.842105263157895,4.522824366764635,14,307.0,0.2474299322092231,12,279.0,0.22285647604465755,26,586.0
2225.0,21,317.0,5.87037037037037,4.25005371325722,9,267.0,0.3178370592074716,12,256.0,0.08433303366477302,21,523.0
2230.0,21,266.0,4.75,4.656460092671638,8,252.0,0.3123080332945986,13,219.0,0.09077675748466063,21,471.0
2235.0,27,332.0,5.627118644067797,5.071017628293579,12,225.0,0.2501390139501985,15,266.0,0.22298739692360783,27,491.0
2240.0,27,408.0,6.8,5.3130311671480115,13,235.0,0.2594214336328192,14,279.0,0.34249296253174194,27,514.0
2245.0,19,323.0,5.568965517241379,5.297270703161378,8,209.0,0.34783479303271,11,257.0,0.2993890494663619,19,466.0
2250.0,15,173.0,2.7903225806451615,5.5349403900078755,7,176.0,0.2142251761692695,8,179.0,0.40000840693835943,15,355.0
2255.0,22,223.0,3.484375,6.729057308630611,13,140.0,0.19408405742807552,9,167.0,0.48123550708200563,22,307.0
2260.0,23,303.0,5.05,6.707387828970053,12,175.0,0.24815177548987372,11,208.0,0.42220419831107653,23,383.0
2265.0,19,238.0,4.175438596491228,6.001904535922513,7,153.0,0.2764511543468501,12,206.0,0.26654300949338317,19,359.0
2270.0,23,282.0,5.127272727272727,4.735595524714639,11,167.0,0.2552671176893938,12,200.0,0.15689221005187673,23,367.0
2275.0,25,253.0,4.43859649122807,5.262008852818199,11,194.0,0.3304753456489913,14,226.0,0.22301303048492382,25,420.0
2280.0,24,338.0,6.035714285714286,5.336105413033673,11,197.0,0.36050426935749785,13,259.0,0.3223215547955731,24,456.0
2285.0,18,321.0,5.631578947368421,5.075423343633037,8,193.0,0.34724619839750376,10,282.0,0.34662257776169564,18,475.0
2290.0,19,341.0,5.779661016949152,6.008456423419046,9,155.0,0.3300161144852441,10,264.0,0.4053814700316687,19,419.0
2295.0,19,324.0,5.225806451612903,5.216115852681834,10,163.0,0.23686440846350376,9,279.0,0.2495218349577707,19,442.0
2300.0,31,411.0,6.523809523809524,5.406726055736896,16,169.0,0.1441010378521385,15,309.0,0.2991545644659852,31,478.0
2305.0,32,409.0,6.932203389830509,4.343788539280434,17,220.0,0.19387113334774841,15,307.0,0.28528335282479256,32,527.0
2310.0,30,413.0,6.661290322580645,4.494387131786754,17,260.0,0.24261102994643047,13,261.0,0.27791289317492107,30,521.0
2315.0,26,375.0,5.9523809523809526,4.770781102169393,13,268.0,0.38428612550105357,13,290.0,0.23635708140671952,26,558.0
2320.0,23,378.0,5.7272727272727275,5.369590540079366,13,255.0,0.34035086918977303,10,271.0,0.2625036495259297,23,526.0
2325.0,25,304.0,4.606060606060606,5.096653295270097,15,255.0,0.3203617154345428,10,254.0,0.3197232496535503,25,509.0
2330.0,24,173.0,2.5441176470588234,5.2986956029734715,11,201.0,0.3256793871959945,13,241.0,0.3003880441157566,24,442.0
2335.0,22,215.0,3.208955223880597,4.685572824096669,8,202.0,0.3217647258473369,14,278.0,0.2473642022507031,22,480.0
2340.0,23,271.0,3.985294117647059,4.757603763380014,15,237.0,0.20521711311771332,8,296.0,0.3045832122327389,23,533.0
2345.0,24,246.0,3.671641791044776,4.866092187627412,17,250.0,0.14426503582478964,7,259.0,0.3553587142542571,24,509.0
2350.0,27,320.0,4.776119402985074,5.12205954871039,12,229.0,0.2732503412989695,15,270.0,0.20349441781111846,27,499.0
2355.0,25,346.0,5.164179104477612,4.970257382305133,9,258.0,0.2832665166929949,16,263.0,0.1817040542300816,25,521.0
2360.0,33,477.0,7.453125,4.968733838320279,15,303.0,0.3248783452208724,18,287.0,0.1762683598623832,33,590.0
2365.0,29,469.0,6.897058823529412,4.622887595363845,14,305.0,0.31551318450167304,15,326.0,0.22495440430060826,29,631.0
2370.0,24,436.0,6.228571428571429,5.476005943802746,15,301.0,0.3174608598691223,9,298.0,0.3246984219268665,24,599.0
2375.0,21,363.0,4.972602739726027,6.020746272419827,13,317.0,0.30106089291781785,8,225.0,0.438548355207742,21,542.0
2380.0,19,311.0,4.260273972602739,6.3386929323944505,11,281.0,0.3257386718067828,8,204.0,0.39000331132046046,19,485.0
2385.0,29,313.0,4.742424242424242,5.505045863531028,14,244.0,0.2901138464096066,15,205.0,0.25852156114018965,29,449.0
2390.0,33,342.0,5.2615384615384615,4.251776530709078,17,202.0,0.19597641577759958,16,255.0,0.1603892416482624,33,457.0
2395.0,33,436.0,7.147540983606557,3.90529469806778,15,250.0,0.19437644571400137,18,331.0,0.19023309412728887,33,581.0
2400.0,33,482.0,7.774193548387097,3.7220683034529065,17,273.0,0.27380249103426957,16,346.0,0.09428319834974573,33,619.0
2405.0,26,472.0,7.492063492063492,4.688942593713466,16,336.0,0.2189262529641476,10,306.0,0.2804497876020244,26,642.0
2410.0,23,444.0,7.0476190476190474,5.186685989283066,14,374.0,0.12059329940848587,9,266.0,0.36640763949333804,23,640.0
2415.0,23,462.0,7.451612903225806,5.202842813078698,12,401.0,0.2552063564020986,11,245.0,0.2716306338657001,23,646.0
2420.0,26,541.0,9.016666666666667,5.244121580387083,14,422.0,0.23035931034432586,12,254.0,0.3113389317040711,26,676.0
2425.0,23,510.0,9.444444444444445,4.968439171460566,14,435.0,0.2366138497106558,9,245.0,0.32617733379253194,23,680.0
2430.0,23,284.0,4.982456140350878,4.756062626954615,13,439.0,0.20311570951693064,10,198.0,0.3124813032317872,23,637.0
2435.0,23,244.0,4.206896551724138,4.267443015581947,13,467.0,0.2221226002268306,10,211.0,0.23089081125477065,23,678.0
2440.0,25,249.0,4.220338983050848,4.342894377629681,13,476.0,0.2855446929947263,12,240.0,0.21898661852316423,25,716.0
2445.0,25,328.0,5.290322580645161,4.912124163997198,14,538.0,0.29710595818139024,11,252.0,0.2175924278991613,25,790.0
2450.0,31,443.0,6.921875,4.706172284987627,18,620.0,0.19844254119418436,13,259.0,0.1912315628146695,31,879.0
2455.0,31,454.0,7.09375,4.474818402130097,18,623.0,0.20342528216801878,13,276.0,0.23084573407850129,31,899.0
2460.0,32,481.0,7.634920634920635,4.451917224814662,20,667.0,0.20832080697053068,12,250.0,0.33773166140643707,32,917.0
2465.0,29,531.0,8.428571428571429,4.747608394729254,16,700.0,0.2397964732380685,13,245.0,0.3805812986291805,29,945.0
2470.0,24,506.0,7.7846153846153845,5.529144412055888,12,670.0,0.3622851748295324,12,265.0,0.2852286661214758,24,935.0
2475.0,19,386.0,5.848484848484849,5.395508666542568,11,597.0,0.3295235380019786,8,253.0,0.21508936986303667,19,850.0
2480.0,20,271.0,4.106060606060606,5.293460344828767,12,451.0,0.20626301727268395,8,259.0,0.2901567656254734,20,710.0
2485.0,28,364.0,5.6875,4.996281855430098,15,473.0,0.21852006657821993,13,310.0,0.28349331064989924,28,783.0
2490.0,25,302.0,4.870967741935484,4.840554703354062,13,465.0,0.20148583243732332,12,268.0,0.31525761424412324,25,733.0
2495.0,31,426.0,6.870967741935484,4.6116665302655795,14,445.0,0.18577282906196643,17,291.0,0.2671033181568756,31,736.0
2500.0,31,503.0,7.7384615384615385,4.667035296345321,17,349.0,0.21470653924296282,14,326.0,0.24530326053567822,31,675.0
2505.0,23,442.0,7.015873015873016,5.60064836255206,14,360.0,0.24480240033394937,9,298.0,0.3861381224986386,23,658.0
2510.0,25,364.0,5.967213114754099,5.2338682500029945,15,334.0,0.23482654545843415,10,255.0,0.32991943898779047,25,589.0
2515.0,26,340.0,5.396825396825397,4.797147167425949,14,358.0,0.24108750331554285,12,212.0,0.2854187554745731,26,570.0
2520.0,23,350.0,5.833333333333333,4.7751278828697306,10,321.0,0.388961610070519,13,233.0,0.165216505409195,23,554.0
2525.0,21,248.0,4.133333333333334,5.3174820539735475,10,233.0,0.39175584796437907,11,237.0,0.11891872512086044,21,470.0
2530.0,22,231.0,3.6666666666666665,5.585668526525672,12,226.0,0.3305462630379749,10,216.0,0.20320561152469904,22,442.0
2535.0,24,216.0,3.6,5.55305642039765,13,195.0,0.3514860265145991,11,214.0,0.26907189920993985,24,409.0
2540.0,27,306.0,5.275862068965517,4.741106347998582,15,234.0,0.3333730760889329,12,244.0,0.2237429690686398,27,478.0
2545.0,21,310.0,5.254237288135593,5.122230406703535,15,255.0,0.23121457203653328,6,224.0,0.3503488626198566,21,479.0
2550.0,22,350.0,5.737704918032787,5.550734336254398,13,241.0,0.20436446383661644,9,235.0,0.3568609488319468,22,476.0
2555.0,22,338.0,5.540983606557377,5.710942276994184,14,269.0,0.23032322120422732,8,211.0,0.3212252580952028,22,480.0
2560.0,24,384.0,6.295081967213115,5.838029239881799,14,312.0,0.2556098485465905,10,202.0,0.35797521946690974,24,514.0
2565.0,24,279.0,4.65,4.6671131329440465,14,271.0,0.29008822105161286,10,199.0,0.26733522320744973,24,470.0
2570.0,25,317.0,5.56140350877193,5.664461522775831,12,213.0,0.39194918409944746,13,226.0,0.3504824124351018,25,439.0
2575.0,24,318.0,5.389830508474576,5.117389735956065,13,228.0,0.25499902683644776,11,218.0,0.43848475198255915,24,446.0
2580.0,30,417.0,6.836065573770492,4.515068041714996,16,279.0,0.19164496854213964,14,287.0,0.3280908838749066,30,566.0
2585.0,30,453.0,6.969230769230769,3.5557174134456493,17,314.0,0.1611787621280444,13,313.0,0.22258342134211295,30,627.0
2590.0,28,456.0,7.015384615384615,4.497873493896621,17,380.0,0.2214383899271149,11,297.0,0.24278178214600976,28,677.0
2595.0,23,346.0,5.323076923076923,4.822881624849641,16,366.0,0.2754353098271154,7,265.0,0.26631160144855853,23,631.0
2600.0,18,231.0,3.5,5.116903577620077,9,280.0,0.32722547601988994,9,230.0,0.17020388428478814,18,510.0
2605.0,26,257.0,4.213114754098361,4.469118042490009,10,279.0,0.2824479352128434,16,264.0,0.18835364552898792,26,543.0
2610.0,35,386.0,6.03125,4.302547239902795,15,297.0,0.22642343420900954,20,359.0,0.16364810597826274,35,656.0
2615.0,34,456.0,6.909090909090909,4.033490933292536,16,334.0,0.22140688488058574,18,374.0,0.19102960588870907,34,708.0
2620.0,17,370.0,5.967741935483871,5.482468374056985,11,330.0,0.3333636770492105,6,299.0,0.27744281520511277,17,629.0
2625.0,20,322.0,5.278688524590164,5.533844002620041,13,316.0,0.23102168758001282,7,245.0,0.39292553264328284,20,561.0
2630.0,23,262.0,4.366666666666666,5.35870896952873,15,279.0,0.20460332625785166,8,215.0,0.31772963746565797,23,494.0
2635.0,26,230.0,3.8983050847457625,4.6156359256314925,14,290.0,0.17731261604683368,12,178.0,0.29832027738865025,26,468.0
2640.0,27,239.0,3.9833333333333334,4.51676846410177,15,281.0,0.19595207986774454,12,185.0,0.36067352920123025,27,466.0
2645.0,29,297.0,4.640625,5.017158694409897,16,307.0,0.24866245443307716,13,214.0,0.3894487112182712,29,521.0
2650.0,21,282.0,4.2727272727272725,5.682676497014527,11,280.0,0.3719820540975462,10,213.0,0.3255134176734201,21,493.0
2655.0,19,242.0,3.611940298507463,5.385279778992855,12,249.0,0.269100948477293,7,150.0,0.29524296248574183,19,399.0
2660.0,24,245.0,3.550724637681159,5.161632205684106,15,254.0,0.2288923784915947,9,167.0,0.2955010113496519,24,421.0
2665.0,31,347.0,5.028985507246377,4.657825892606339,15,285.0,0.2457576102529735,16,216.0,0.24461840377276178,31,501.0
2670.0,28,413.0,6.073529411764706,4.928111678864364,13,305.0,0.344480540757475,15,254.0,0.18194215881002676,28,559.0
2675.0,26,463.0,6.91044776119403,5.556331101142045,14,327.0,0.34796769019595253,12,245.0,0.22624146925907943,26,572.0
2680.0,24,484.0,7.0144927536231885,5.273789548004144,13,354.0,0.2884306658148247,11,261.0,0.2284277774365236,24,615.0
2685.0,28,448.0,6.492753623188406,5.37544818531032,14,338.0,0.2506166904309472,14,261.0,0.3613423133265177,28,599.0
2690.0,24,344.0,5.548387096774194,5.209341697796971,13,296.0,0.23917298241108564,11,219.0,0.390191160856406,24,515.0
2695.0,23,405.0,6.532258064516129,5.680563061380005,12,336.0,0.3018735850459483,11,182.0,0.38589722907877366,23,518.0
2700.0,25,439.0,6.753846153846154,4.930366771487129,12,368.0,0.32803766057573214,13,199.0,0.23037527035015573,25,567.0
2705.0,21,436.0,6.707692307692308,5.274399423788285,11,408.0,0.3347027093082941,10,168.0,0.2756366970968097,21,576.0
2710.0,25,524.0,7.82089552238806,5.863328988340081,15,451.0,0.30321865822558874,10,142.0,0.3744253430582643,25,593.0
2715.0,21,471.0,6.926470588235294,5.579111641901803,14,465.0,0.2371361404345799,7,139.0,0.42190314399889445,21,604.0
2720.0,25,471.0,6.926470588235294,5.807075639214968,10,413.0,0.3309207146303222,15,177.0,0.35453389390055284,25,590.0
2725.0,28,272.0,4.25,4.464731201564161,10,259.0,0.2785094937597308,18,211.0,0.18685291762521122,28,470.0
2730.0,32,342.0,5.428571428571429,4.640051505907558,12,184.0,0.3260319934821375,20,275.0,0.17120773845043494,32,459.0
2735.0,33,399.0,6.234375,3.685328104201888,13,188.0,0.20154587144537542,20,327.0,0.16061953875097176,33,515.0
2740.0,20,358.0,5.682539682539683,5.660939043818307,9,187.0,0.3597446197525006,11,318.0,0.24011467930131788,20,505.0
2745.0,16,216.0,3.6,6.020698301420144,7,149.0,0.2918315612341586,9,258.0,0.3379244864703715,16,407.0
2750.0,21,234.0,3.8360655737704916,5.736868249369988,9,140.0,0.29218087260479747,12,229.0,0.2584352278012241,21,369.0
2755.0,26,263.0,4.4576271186440675,4.7022853752431,10,125.0,0.27721408248314594,16,255.0,0.2789251476276516,26,380.0
2760.0,22,315.0,5.0,5.309746978579138,12,155.0,0.32676943090843075,10,249.0,0.30335422475131485,22,404.0
2765.0,22,339.0,5.059701492537314,5.5062648379212815,9,169.0,0.3629548125144266,13,283.0,0.3196395840978803,22,452.0
2770.0,25,411.0,5.63013698630137,6.088553272890407,7,135.0,0.45889266356782193,18,351.0,0.27463621197855353,25,486.0
2775.0,27,338.0,4.63013698630137,5.592113366057717,6,122.0,0.4832154994776297,21,359.0,0.20919853147561954,27,481.0
2780.0,33,461.0,6.402777777777778,5.520442008041815,11,135.0,0.4127902393947883,22,398.0,0.2589845798069775,33,533.0
2785.0,33,476.0,6.8,4.6773267441992665,13,182.0,0.35418459018844184,20,429.0,0.22666972773256547,33,611.0
2790.0,33,543.0,7.438356164383562,4.58725251899652,12,226.0,0.3112925105100395,21,419.0,0.1868113010647128,33,645.0
2795.0,38,524.0,6.894736842105263,3.570335751508172,15,239.0,0.20710462340674568,23,454.0,0.12932384505271766,38,693.0
2800.0,32,309.0,4.065789473684211,4.520030271634633,16,238.0,0.2398553506430382,16,425.0,0.2282690998158115,32,663.0
2805.0,25,303.0,3.986842105263158,5.4690253817315115,13,270.0,0.3047003490269718,12,383.0,0.3365553064398042,25,653.0
2810.0,27,395.0,5.12987012987013,5.8042654367523445,15,308.0,0.24387933183559596,12,320.0,0.4107139779676074,27,628.0
2815.0,34,479.0,5.91358024691358,5.676455601252736,19,360.0,0.24679241397996696,15,330.0,0.3733683813557198,34,690.0
2820.0,30,495.0,6.5131578947368425,5.769795797296236,14,360.0,0.325567174886204,16,340.0,0.24455921789432242,30,700.0
2825.0,32,626.0,8.694444444444445,4.701108781469788,15,416.0,0.20462100057288088,17,416.0,0.2129567048592621,32,832.0
2830.0,39,637.0,8.971830985915492,4.133148549863404,22,488.0,0.20245831135747952,17,419.0,0.16605941286314382,39,907.0
2835.0,36,645.0,9.347826086956522,4.096241184716744,19,508.0,0.19257632774305172,17,371.0,0.2249461731935609,36,879.0
2840.0,32,530.0,7.464788732394366,4.5540279198778695,17,480.0,0.241459350289107,15,334.0,0.23941321176204092,32,814.0
2845.0,31,414.0,5.671232876712328,5.233047089639346,16,444.0,0.2531506357644164,15,263.0,0.35313593135127613,31,707.0
2850.0,33,426.0,6.085714285714285,4.75668997351307,18,402.0,0.23958660342014715,15,283.0,0.3299548521018978,33,685.0
2855.0,32,371.0,5.3768115942028984,4.02206830200216,20,425.0,0.13831813522473738,12,272.0,0.31665567666448696,32,697.0
2860.0,27,316.0,4.579710144927536,3.5821686012936578,13,374.0,0.1357639674408539,14,300.0,0.22402311264421376,27,674.0
2865.0,27,274.0,4.029411764705882,3.9529195265011303,11,364.0,0.21752363630075558,16,318.0,0.20665443599118166,27,682.0
2870.0,33,352.0,4.888888888888889,4.192297066877211,15,389.0,0.22273852819500434,18,338.0,0.20911127037442281,33,727.0
2875.0,30,378.0,5.178082191780822,4.1541074567170915,16,378.0,0.20186354310909296,14,353.0,0.22030683253307315,30,731.0
2880.0,32,402.0,5.2894736842105265,5.016947679105387,17,348.0,0.26590807367328234,15,382.0,0.2759439490889985,32,730.0
2885.0,27,443.0,6.068493150684931,5.403634678881136,13,354.0,0.2782933021627081,14,383.0,0.32749969629070574,27,737.0
2890.0,24,405.0,5.955882352941177,5.0814733856277075,9,310.0,0.3002214065059226,15,396.0,0.24640568019341322,24,706.0
2895.0,32,376.0,5.449275362318841,3.5622047474762746,16,328.0,0.18973762546772624,16,337.0,0.13435060218676836,32,665.0
2900.0,39,494.0,7.264705882352941,4.156834977847583,19,357.0,0.2227977702060952,20,356.0,0.1934176675128065,39,713.0
2905.0,37,474.0,6.970588235294118,3.7128296647742705,17,347.0,0.2719636021010197,20,402.0,0.16459964138351152,37,749.0
2910.0,41,585.0,8.478260869565217,3.8167291272892805,20,426.0,0.2808549001917424,21,423.0,0.14448397424418014,41,849.0
2915.0,40,608.0,9.074626865671641,3.181933245028256,20,455.0,0.24125076104317428,20,458.0,0.11662398662101656,40,913.0
2920.0,26,442.0,6.696969696969697,3.626677101226049,15,418.0,0.15383381356513137,11,421.0,0.1446592337137089,26,839.0
2925.0,22,399.0,6.138461538461539,4.4931726027431464,13,396.0,0.162441213712726,9,377.0,0.26107342161979247,22,773.0
2930.0,24,290.0,4.67741935483871,4.635961511312397,15,377.0,0.08495838438181168,9,344.0,0.34898871637474466,24,721.0
2935.0,24,298.0,4.73015873015873,4.449420789416908,14,396.0,0.1387925934564052,10,297.0,0.2996913256853919,24,693.0
2940.0,26,358.0,6.172413793103448,4.602512084715219,12,374.0,0.19288577521745084,14,333.0,0.30508398375706636,26,707.0
2945.0,27,429.0,7.660714285714286,4.188213759354227,13,393.0,0.18951919716085397,14,353.0,0.2770620679165519,27,746.0
2950.0,25,476.0,8.814814814814815,3.8152270050794574,16,380.0,0.1374649405272606,9,330.0,0.25233920327134574,25,710.0
2955.0,29,426.0,7.473684210526316,3.2463409718897878,16,404.0,0.12070485977204409,13,269.0,0.2137216239645019,29,673.0
2960.0,26,511.0,8.810344827586206,5.3489760424059165,10,398.0,0.29185688371852114,16,298.0,0.29539501665697165,26,696.0
2965.0,24,414.0,6.9,5.09460823967699,8,361.0,0.3095976003230667,16,301.0,0.23507174848158283,24,662.0
2970.0,26,326.0,5.015384615384615,5.346314770182482,13,300.0,0.3519695969959423,13,278.0,0.2123686630410509,26,578.0
2975.0,28,344.0,5.375,4.468706877948809,12,312.0,0.27306750253939815,16,302.0,0.2768010519369359,28,614.0
2980.0,26,358.0,5.682539682539683,5.143066292623069,14,329.0,0.2642400421191057,12,274.0,0.36249391804745684,26,603.0
2985.0,25,310.0,4.696969696969697,4.585672155931709,13,346.0,0.2038695113713203,12,232.0,0.33258701371006316,25,578.0
2990.0,23,311.0,4.573529411764706,5.765943738152606,8,311.0,0.2903387719475103,15,246.0,0.31828371991115445,23,557.0
2995.0,22,317.0,4.876923076923077,4.781493039807853,5,252.0,0.36458644583368544,17,283.0,0.1296722272715468,22,535.0
3000.0,33,465.0,7.045454545454546,4.818946592265455,10,244.0,0.30495021753453433,23,379.0,0.1431241763577287,33,623.0
3005.0,30,408.0,6.276923076923077,4.0885953249825375,12,215.0,0.30666397133192486,18,432.0,0.20085045219067008,30,647.0
3010.0,28,399.0,6.138461538461539,5.283280385294896,13,175.0,0.29006008257770244,15,418.0,0.3151193142809488,28,593.0
3015.0,29,472.0,7.2615384615384615,4.9916231667168995,15,188.0,0.08153150752601745,14,427.0,0.3304889883970227,29,615.0
3020.0,27,432.0,6.447761194029851,5.084975350235863,8,173.0,0.15678265738736288,19,467.0,0.20656599081192448,27,640.0
3025.0,29,516.0,7.938461538461539,5.464897888276919,7,143.0,0.3102642788068175,22,537.0,0.17166445475770245,29,680.0
3030.0,27,564.0,9.245901639344263,4.811790862921699,6,117.0,0.31851959769295746,21,607.0,0.13282035563882147,27,724.0
3035.0,28,655.0,11.101694915254237,5.05201738441267,11,145.0,0.2575435890933839,17,659.0,0.22908094945062224,28,804.0
3040.0,28,711.0,11.655737704918034,4.811134107631393,10,161.0,0.24180950348054148,18,703.0,0.18765735096444935,28,864.0
3045.0,24,805.0,14.12280701754386,5.514502966567678,5,133.0,0.3239506475966253,19,785.0,0.20093157431170244,24,918.0
3050.0,25,670.0,11.964285714285714,4.70514374992892,6,96.0,0.2794361343985253,19,742.0,0.1826483341120144,25,838.0
3055.0,24,453.0,8.236363636363636,5.406356616824757,9,138.0,0.37077469117465134,15,644.0,0.2111610723443536,24,782.0
3060.0,21,246.0,4.555555555555555,5.38278406895186,8,102.0,0.43195598137365676,13,570.0,0.18890668969562818,21,672.0
3065.0,23,351.0,6.5,6.023078105130993,9,117.0,0.5017624314236196,14,453.0,0.2252792438265776,23,570.0
3070.0,23,398.0,7.37037037037037,5.18504517059577,8,122.0,0.3825203762104845,15,433.0,0.2864043536857514,23,555.0
3075.0,23,491.0,8.614035087719298,5.3035369169823205,8,105.0,0.3682223340030315,15,439.0,0.2685454919663741,23,544.0
3080.0,26,531.0,9.31578947368421,4.901950023184626,8,84.0,0.37971979777114867,18,520.0,0.20800017258204032,26,604.0
3085.0,24,439.0,7.839285714285714,4.966331113561234,8,88.0,0.42998445130076296,16,495.0,0.16387473882089093,24,583.0
3090.0,18,293.0,5.232142857142857,5.17581991221905,8,94.0,0.2712293251189723,10,389.0,0.3101141205113497,18,483.0
3095.0,21,266.0,4.586206896551724,4.949929332781458,13,141.0,0.10030821113950295,8,355.0,0.3447117541116676,21,496.0
3100.0,26,340.0,5.964912280701754,5.514752606934015,13,180.0,0.19671905137980028,13,351.0,0.36491457979840164,26,531.0
3105.0,29,475.0,8.796296296296296,4.827794241482162,14,238.0,0.24479051552337516,15,421.0,0.2611439161100496,29,659.0
3110.0,30,534.0,9.88888888888889,3.82513904268141,10,253.0,0.2991643762920885,20,512.0,0.08081128906185586,30,765.0
3115.0,26,486.0,9.346153846153847,4.090034810329822,6,197.0,0.4231655729812718,20,519.0,0.07254250050762785,26,716.0
3120.0,16,396.0,7.615384615384615,5.105377804641455,5,182.0,0.33449731401318267,11,461.0,0.20728191049694555,16,643.0
3125.0,18,369.0,6.709090909090909,5.300002607059161,9,144.0,0.1712861351645829,9,454.0,0.30377304068776506,18,598.0
3130.0,24,438.0,8.11111111111111,5.72941814643399,9,152.0,0.2603224922318747,15,479.0,0.3385745130561239,24,631.0
3135.0,19,481.0,9.075471698113208,6.254723895263066,6,101.0,0.3682126251457023,13,540.0,0.36864802607563996,19,641.0
3140.0,24,582.0,10.777777777777779,5.70481634743731,6,101.0,0.44109399150633155,18,615.0,0.21560931029744154,24,716.0
3145.0,23,598.0,10.678571428571429,5.41075192747096,6,100.0,0.38816327577602355,17,627.0,0.20236431563820692,23,727.0
3150.0,21,621.0,11.5,6.395267904429193,8,118.0,0.4681419064570751,13,586.0,0.25149551744962084,21,704.0
3155.0,23,582.0,10.210526315789474,4.754867330391811,9,81.0,0.27475961675792715,14,631.0,0.21665420730453774,23,712.0
3160.0,25,681.0,12.160714285714286,5.746304203664441,11,98.0,0.31630921125952305,14,669.0,0.33499068470144816,25,767.0
3165.0,22,421.0,7.796296296296297,5.185823197944893,7,99.0,0.39216931694091123,15,530.0,0.2722980551603936,22,629.0
3170.0,17,177.0,3.1052631578947367,6.112879270982638,4,61.0,0.5282794748231702,13,400.0,0.22066489048589916,17,461.0
3175.0,20,206.0,3.6140350877192984,5.298061363330418,7,54.0,0.44002213648684974,13,388.0,0.16489135199696558,20,442.0
3180.0,28,321.0,5.440677966101695,5.437294514773359,11,86.0,0.4495664873045652,17,326.0,0.1445693745577704,28,412.0
3185.0,25,421.0,7.385964912280702,4.874253224873788,9,111.0,0.3470942429140927,16,385.0,0.2260017302497234,25,496.0
3190.0,26,529.0,9.120689655172415,4.919184447534739,9,124.0,0.35999120719930494,17,464.0,0.22482482630795797,26,588.0
3195.0,23,506.0,8.724137931034482,4.2249879550558145,8,137.0,0.2611137485747444,15,472.0,0.21852955060876766,23,609.0
3200.0,33,649.0,11.0,4.7222797738431135,15,180.0,0.24592463687659843,18,534.0,0.24065051885868366,33,714.0
3205.0,29,582.0,9.540983606557377,4.058249439756598,13,232.0,0.23346494340899712,16,481.0,0.19618496032320817,29,713.0
3210.0,19,435.0,6.904761904761905,4.882584703323639,9,247.0,0.22441452310889368,10,350.0,0.24113084141600755,19,597.0
3215.0,21,480.0,7.619047619047619,5.6135402407707184,10,247.0,0.21687164175784532,11,309.0,0.33433846320528193,21,556.0
3220.0,22,502.0,7.492537313432836,6.209092288875797,12,280.0,0.27508141453891466,10,302.0,0.3376475876271731,22,582.0
3225.0,23,385.0,5.923076923076923,6.0995380502543615,12,234.0,0.3651323032928187,11,306.0,0.336494263336047,23,540.0
3230.0,23,437.0,7.048387096774194,5.542024582067088,12,166.0,0.4028258410415354,11,334.0,0.31949864805070366,23,500.0
3235.0,26,469.0,7.9491525423728815,5.166257414991596,14,178.0,0.2928637268598366,12,367.0,0.3952522088600889,26,545.0
3240.0,17,220.0,3.793103448275862,5.257329403414414,8,143.0,0.26484615303695574,9,273.0,0.363445623868341,17,416.0
3245.0,21,205.0,3.253968253968254,5.031728537780336,10,143.0,0.32544195033967616,11,153.0,0.19556156251173515,21,296.0
3250.0,29,250.0,3.9682539682539684,5.371610531957181,13,176.0,0.3917216551322431,16,180.0,0.2570728889839106,29,356.0
3255.0,27,300.0,4.838709677419355,5.124140730613202,14,209.0,0.3214808308221293,13,208.0,0.3684089534514377,27,417.0
3260.0,26,342.0,5.516129032258065,4.937983853549648,15,231.0,0.25681799236339675,11,234.0,0.38545698922971994,26,465.0
3265.0,27,352.0,5.67741935483871,4.609907415108069,18,261.0,0.1664300480055148,9,214.0,0.40896644258591486,27,475.0
3270.0,20,362.0,5.746031746031746,4.711898595600004,10,240.0,0.22506896277336336,10,249.0,0.2843681484040671,20,489.0
3275.0,29,397.0,6.203125,4.324632382795465,12,246.0,0.23398853198879718,17,318.0,0.16474220479498977,29,564.0
3280.0,33,345.0,5.3076923076923075,4.245421298574002,15,246.0,0.2588034595043153,18,309.0,0.18476804618831486,33,555.0
3285.0,34,431.0,6.841269841269841,3.817029799577997,17,281.0,0.2705372259283691,17,265.0,0.18313005677493024,34,546.0
3290.0,29,464.0,7.483870967741935,4.559706296682505,13,275.0,0.3276784471694342,16,299.0,0.17500945168315016,29,574.0
3295.0,19,433.0,7.4655172413793105,6.095201732912876,12,287.0,0.37413462977760253,7,277.0,0.27529400452529357,19,564.0
3300.0,21,429.0,7.526315789473684,5.274517809674639,11,316.0,0.22727163102216738,10,263.0,0.23284158947009975,21,579.0
3305.0,22,327.0,6.055555555555555,4.711971080206132,12,306.0,0.2475151853004111,10,233.0,0.2849189881685965,22,539.0
3310.0,26,399.0,7.673076923076923,4.818365178943992,14,321.0,0.23699540776371705,12,246.0,0.4100550333277773,26,567.0
3315.0,19,350.0,7.0,5.150111767524841,12,318.0,0.2448537948276322,7,209.0,0.42405019243494974,19,527.0
3320.0,18,276.0,5.2075471698113205,5.412240041962707,11,259.0,0.13451265739492071,7,210.0,0.3841679710293049,18,469.0
3325.0,19,184.0,3.2280701754385963,5.43448646877633,10,259.0,0.14700220182676677,9,168.0,0.3938767029791787,19,427.0
3330.0,18,212.0,3.593220338983051,6.517312639979699,8,208.0,0.25010783677766674,10,184.0,0.4259726032690224,18,392.0
3335.0,17,183.0,3.210526315789474,6.263439426376811,8,211.0,0.32486237689667047,9,190.0,0.40113817389817924,17,401.0
3340.0,18,199.0,3.618181818181818,6.983497542158925,6,185.0,0.5131507097002386,12,217.0,0.3342703422721854,18,402.0
3345.0,21,193.0,3.574074074074074,5.055114304226972,7,134.0,0.4258037760232431,14,248.0,0.18315014909801286,21,382.0
3350.0,18,213.0,4.096153846153846,5.128027587193188,7,92.0,0.3409842712652975,11,248.0,0.2488534162387028,18,340.0
3355.0,22,285.0,5.277777777777778,4.8225351554191755,11,137.0,0.20544393244047915,11,279.0,0.3091708438765962,22,416.0
3360.0,26,387.0,6.910714285714286,5.170732924864832,11,172.0,0.3328893029296709,15,339.0,0.2861516776642053,26,511.0
3365.0,26,382.0,6.821428571428571,5.135188266153534,10,196.0,0.43406745305231476,16,330.0,0.23919235569541838,26,526.0
3370.0,28,387.0,7.036363636363636,4.496875778588087,11,212.0,0.3829843258576611,17,292.0,0.24342003858317957,28,504.0
3375.0,31,457.0,7.879310344827586,3.462378288477701,15,254.0,0.23878020219083806,16,324.0,0.21122624870061962,31,578.0
3380.0,26,326.0,5.258064516129032,3.7741962761609757,16,251.0,0.15911251273714405,10,306.0,0.27064240744643886,26,557.0
3385.0,19,219.0,3.4761904761904763,5.231033615297571,11,194.0,0.19735162551834273,8,235.0,0.35664379488366127,19,429.0
3390.0,21,254.0,3.96875,6.138294052226952,10,207.0,0.3289259840202498,11,198.0,0.27952141827100996,21,405.0
3395.0,21,221.0,3.453125,5.247003365737873,8,201.0,0.34860165176536406,13,209.0,0.1452437113002852,21,410.0
3400.0,28,283.0,4.223880597014926,5.349487871272497,12,166.0,0.35444405111447486,16,246.0,0.2102231258288026,28,412.0
3405.0,28,365.0,5.983606557377049,5.440827904939379,13,224.0,0.39321611693231145,15,270.0,0.26099555647112793,28,494.0
3410.0,21,296.0,4.774193548387097,5.364739195700006,12,235.0,0.3019143934392103,9,230.0,0.31802150765096654,21,465.0
3415.0,19,348.0,5.704918032786885,6.19617331377591,12,251.0,0.24774583662690464,7,202.0,0.4108357602705251,19,453.0
3420.0,24,387.0,6.241935483870968,6.181221937981474,13,269.0,0.22912086811463322,11,217.0,0.39138158626565334,24,486.0
3425.0,18,344.0,5.639344262295082,6.474242725691766,8,245.0,0.3544597740182373,10,212.0,0.290083716106872,18,457.0
3430.0,21,281.0,4.762711864406779,5.909380451121703,9,201.0,0.29295063271812904,12,225.0,0.2794920056826708,21,426.0
3435.0,26,315.0,5.25,5.4752639536215515,12,176.0,0.28521684987696805,14,255.0,0.29316939746654735,26,431.0
3440.0,23,371.0,6.625,5.229250254478531,9,188.0,0.36544368543753075,14,284.0,0.31063675703539306,23,472.0
3445.0,25,413.0,7.245614035087719,5.058577082979729,11,209.0,0.3312219949999146,14,312.0,0.3533461012578757,25,521.0
3450.0,24,416.0,7.0508474576271185,4.890812202846423,10,206.0,0.22931185060212025,14,313.0,0.35236629048832596,24,519.0
3455.0,26,485.0,8.220338983050848,4.95682823782967,13,223.0,0.08442566723477934,13,353.0,0.38547477485618586,26,576.0
3460.0,28,497.0,8.147540983606557,4.908232593410995,12,225.0,0.218985808702048,16,382.0,0.27759834753491364,28,607.0
3465.0,24,270.0,4.426229508196721,4.788655326325979,7,145.0,0.3284917099350808,17,296.0,0.18159302951524245,24,441.0
3470.0,26,294.0,4.819672131147541,5.081470636453214,8,152.0,0.3542325474845602,18,262.0,0.19853765605292517,26,414.0
3475.0,25,284.0,4.4375,5.188903943761813,8,133.0,0.4049980758535355,17,306.0,0.2586670706457093,25,439.0
3480.0,27,338.0,5.121212121212121,5.510465736349019,10,144.0,0.4335416234660092,17,318.0,0.30277056004493946,27,462.0
3485.0,24,329.0,5.140625,4.9557179437772865,7,126.0,0.3820923045734053,17,343.0,0.2513658610886477,24,469.0
3490.0,20,226.0,3.2753623188405796,5.03321398160216,8,120.0,0.2818401199722005,12,306.0,0.23308972573483222,20,426.0
3495.0,23,318.0,4.746268656716418,5.901587811959671,12,155.0,0.22213693976510987,11,275.0,0.3391342762777079,23,430.0
3500.0,25,353.0,5.348484848484849,5.050907334101817,13,201.0,0.21687759823543604,12,287.0,0.2189745237342384,25,488.0
3505.0,24,412.0,6.242424242424242,5.727055744719151,7,215.0,0.36459820658358366,17,332.0,0.12794606118035698,24,547.0
3510.0,24,353.0,6.086206896551724,4.941451792149908,6,177.0,0.4783213899098272,18,330.0,0.1524380928904016,24,507.0
3515.0,21,341.0,6.089285714285714,5.719758525243857,8,172.0,0.3894841097356923,13,312.0,0.3000836834415836,21,484.0
3520.0,26,373.0,6.660714285714286,4.191619994180327,13,216.0,0.2278705521854864,13,331.0,0.2789379825945346,26,547.0
3525.0,30,458.0,7.633333333333334,4.199043638509439,14,269.0,0.24391365581215352,16,337.0,0.21256952323083625,30,606.0
3530.0,29,432.0,6.75,3.852757534167884,12,290.0,0.2604433023320444,17,342.0,0.20647252234440347,29,632.0
3535.0,15,291.0,4.409090909090909,6.291258643251516,5,253.0,0.3518757840238611,10,285.0,0.34335974269087244,15,538.0
3540.0,16,363.0,6.05,6.761408102771155,6,233.0,0.37245968123739787,10,255.0,0.35769094851927186,16,488.0
3545.0,19,352.0,6.175438596491228,5.773865705333238,7,211.0,0.28202716430604324,12,225.0,0.22569100575776824,19,436.0
3550.0,20,391.0,7.519230769230769,5.848028014470074,8,244.0,0.3583401908483429,12,208.0,0.259556234452543,20,452.0
3555.0,19,213.0,4.630434782608695,5.559509384445528,6,99.0,0.47434082626119656,13,220.0,0.2752301744062,19,319.0
3560.0,19,264.0,5.739130434782608,6.467125730962131,8,102.0,0.46174840245924276,11,238.0,0.37922900800618076,19,340.0
3565.0,19,202.0,4.590909090909091,4.321622829629239,9,119.0,0.36989295838518654,10,198.0,0.19190406930895187,19,317.0
3570.0,19,240.0,5.454545454545454,5.520514308295064,8,123.0,0.47408291398120417,11,206.0,0.1290073496426237,19,329.0
3575.0,16,231.0,5.25,4.768648148190231,4,97.0,0.36276715542871957,12,237.0,0.09561544845298185,16,334.0
3580.0,21,309.0,6.4375,5.50094436833908,9,105.0,0.31336049861446974,12,272.0,0.2021999499676799,21,377.0
3585.0,16,245.0,5.0,6.500803075809115,9,109.0,0.40362718895090854,7,260.0,0.3297942782176199,16,369.0
3590.0,16,234.0,4.875,6.34567557747879,11,149.0,0.32064877013355836,5,214.0,0.3832489973867127,16,363.0
3595.0,18,251.0,5.340425531914893,6.113415020271882,12,155.0,0.20063676599986038,6,169.0,0.463535065734698,18,324.0
3600.0,13,244.0,5.545454545454546,6.654716527325861,7,139.0,0.17041696050275482,6,197.0,0.4696593469113079,13,336.0
3605.0,16,304.0,7.069767441860465,5.433438935656884,10,169.0,0.18880497959498033,6,224.0,0.3273964353447657,16,393.0
3610.0,23,396.0,8.8,5.395934494456559,13,222.0,0.23154857812990812,10,266.0,0.29447259870290093,23,488.0
3615.0,16,302.0,7.365853658536586,4.295908410858043,9,195.0,0.24464051514392546,7,263.0,0.32207176522924585,16,458.0
3620.0,13,336.0,7.466666666666667,6.5712043810113165,8,189.0,0.3770500737875998,5,248.0,0.4914261856788893,13,437.0
3625.0,13,187.0,3.978723404255319,6.464276890896338,8,169.0,0.40687686016234254,5,176.0,0.4603629529262666,13,345.0
3630.0,15,123.0,2.46,7.2865136845717275,6,116.0,0.4953403323102915,9,62.0,0.43264555678057093,15,178.0
3635.0,15,162.0,3.6,6.768654689613535,7,121.0,0.4270851399926197,8,81.0,0.3408525342726609,15,202.0
3640.0,17,209.0,4.446808510638298,6.910184607794748,9,164.0,0.38578044026029645,8,85.0,0.3123815643485629,17,249.0
3645.0,15,174.0,4.046511627906977,5.383899244323563,6,143.0,0.3267803540653703,9,98.0,0.2006651214972604,15,241.0
3650.0,18,217.0,5.046511627906977,6.192906076890758,8,130.0,0.44567784942410527,10,125.0,0.26532230232451687,18,255.0
3655.0,13,201.0,4.568181818181818,5.583756466784026,5,94.0,0.41501670422142384,8,139.0,0.3073945189270606,13,233.0
3660.0,19,267.0,6.209302325581396,6.228904989361646,9,118.0,0.4086830699101643,10,176.0,0.4010164526223048,19,294.0
3665.0,16,288.0,6.127659574468085,5.011497173254795,8,135.0,0.29177583616968705,8,199.0,0.348226589455973,16,334.0
3670.0,14,332.0,6.509803921568627,5.387870820700998,4,128.0,0.4261477966759709,10,235.0,0.19173216446577046,14,363.0
3675.0,16,138.0,2.5090909090909093,5.513558500875811,4,45.0,0.4300848084491937,12,210.0,0.22747541284851855,16,255.0
3680.0,14,124.0,2.339622641509434,7.0192188102828945,10,75.0,0.3853608883979926,4,115.0,0.4238032385522824,14,190.0
3685.0,15,156.0,3.12,6.204992827310758,11,95.0,0.2619505736259492,4,95.0,0.4561573145347386,15,190.0
3690.0,19,209.0,4.098039215686274,5.9814053957532165,9,97.0,0.29299269162075187,10,130.0,0.26142748785445924,19,227.0
3695.0,18,227.0,5.159090909090909,4.819182087376118,6,89.0,0.27800222012472736,12,184.0,0.2220840792038843,18,273.0
3700.0,20,192.0,4.266666666666667,4.697404183315621,9,92.0,0.15134743419664887,11,168.0,0.3054024763462403,20,260.0
3705.0,18,198.0,4.040816326530612,5.43538714816298,9,98.0,0.2565792007651094,9,142.0,0.3250811371331513,18,240.0
3710.0,17,206.0,4.12,5.997858911672597,8,132.0,0.43928770800595274,9,141.0,0.3013179784271696,17,273.0
3715.0,16,185.0,3.5576923076923075,6.578058340265918,7,117.0,0.47757749304718733,9,131.0,0.3316083464297979,16,248.0
3720.0,16,263.0,5.479166666666667,6.705560929062472,7,133.0,0.30091428730368275,9,161.0,0.4625868881996794,16,294.0
3725.0,20,255.0,5.3125,5.202778786643848,12,173.0,0.17929229081718503,8,131.0,0.36260193678715225,20,304.0
3730.0,24,343.0,7.145833333333333,5.1832063936788995,11,233.0,0.314419726280501,13,150.0,0.31246258349906897,24,383.0
3735.0,21,294.0,6.391304347826087,4.798836652880424,9,218.0,0.34486403669433563,12,180.0,0.27963546328332595,21,398.0
3740.0,18,266.0,5.541666666666667,5.516546448235688,5,142.0,0.49389747353326385,13,192.0,0.2591142011532638,18,334.0
3745.0,19,271.0,5.313725490196078,4.631768672089357,7,150.0,0.3046656688896225,12,227.0,0.23563080715493534,19,377.0
3750.0,18,286.0,5.607843137254902,6.305034532319082,8,174.0,0.42594450587453614,10,216.0,0.35087369684187003,18,390.0
3755.0,20,245.0,4.537037037037037,5.292999043754562,9,201.0,0.3268117415686003,11,190.0,0.28299525866765635,20,391.0
3760.0,24,302.0,5.592592592592593,5.689456684884586,12,259.0,0.30990031617471553,12,176.0,0.3643547378121168,24,435.0
3765.0,23,320.0,6.037735849056604,5.270243550434499,11,247.0,0.3165467925469708,12,192.0,0.34927968894869915,23,439.0
3770.0,21,379.0,6.890909090909091,5.357534852317192,11,250.0,0.23809278572067866,10,182.0,0.31105986181521705,21,432.0
3775.0,20,408.0,7.69811320754717,5.091512144598613,11,270.0,0.16455257246473962,9,182.0,0.27701391895262356,20,452.0
3780.0,21,482.0,8.607142857142858,5.837086196434449,11,291.0,0.29536615782992476,10,230.0,0.31233123981890154,21,521.0
3785.0,18,259.0,4.886792452830188,5.804691966142395,9,196.0,0.39526998149018683,9,204.0,0.36658892928645476,18,400.0
3790.0,16,249.0,5.081632653061225,7.1973514033294395,7,121.0,0.540663530943825,9,197.0,0.4457307426297703,16,318.0
3795.0,17,193.0,3.641509433962264,5.804880391856632,10,148.0,0.31865516194637067,7,149.0,0.38228191645239734,17,297.0
3800.0,22,272.0,4.857142857142857,5.903925278319553,10,182.0,0.38207641076759,12,147.0,0.3250565315562202,22,329.0
3805.0,24,361.0,6.446428571428571,5.612937421991837,12,229.0,0.3730864397160247,12,181.0,0.3381550907356709,24,410.0
3810.0,24,368.0,6.456140350877193,4.670846457158117,10,225.0,0.2909166621373593,14,220.0,0.32224294654875285,24,445.0
3815.0,20,284.0,4.655737704918033,4.497888299195114,6,177.0,0.3377098254301737,14,240.0,0.1685809009476025,20,417.0
3820.0,17,256.0,4.266666666666667,5.7240182163528095,4,150.0,0.4356681237558963,13,210.0,0.2044188554744577,17,360.0
3825.0,14,306.0,5.275862068965517,7.787534304492962,5,143.0,0.4872220101222963,9,200.0,0.40755025463417005,14,343.0
3830.0,11,73.0,1.2166666666666666,6.394734124848232,4,87.0,0.30090913369774874,7,150.0,0.28546035238061956,11,237.0
3835.0,17,115.0,2.090909090909091,6.820807594360892,8,49.0,0.33392136660101174,9,123.0,0.36685101014551386,17,172.0
3840.0,15,117.0,2.34,6.519571487013176,6,71.0,0.40896872865683764,9,123.0,0.37745044142747214,15,194.0
3845.0,16,181.0,3.693877551020408,6.7025087962208465,4,73.0,0.4835409843077807,12,169.0,0.2798720163149087,16,242.0
3850.0,18,242.0,4.84,5.762784413915401,6,93.0,0.46104173078301985,12,216.0,0.19817012857065122,18,309.0
3855.0,22,302.0,5.69811320754717,6.146757792876518,7,96.0,0.46729052382128344,15,264.0,0.2386832900806835,22,360.0
3860.0,22,295.0,5.9,4.9794350083254635,10,133.0,0.34237009268149654,12,267.0,0.2481976760818413,22,400.0
3865.0,16,220.0,4.150943396226415,5.517117466865082,8,136.0,0.2790032878065982,8,192.0,0.32759365827739273,16,328.0
3870.0,17,244.0,4.88,6.1712197314916475,10,164.0,0.2506982704651848,7,146.0,0.4329474275224658,17,310.0
3875.0,17,194.0,4.041666666666667,5.677357243409969,9,182.0,0.30385102088082083,8,124.0,0.3929863311826778,17,306.0
3880.0,15,218.0,4.2745098039215685,5.750703962097511,4,148.0,0.4417880673247821,11,135.0,0.27545583201930185,15,283.0
3885.0,23,200.0,3.8461538461538463,4.986383877160495,6,63.0,0.40555880557536217,17,188.0,0.14800894419252508,23,251.0
3890.0,27,262.0,4.763636363636364,5.5197843525606265,11,109.0,0.42949212180817226,16,222.0,0.16887451835490183,27,331.0
3895.0,18,264.0,5.076923076923077,5.103868763334689,8,127.0,0.302784363137411,10,215.0,0.2917234801403203,18,342.0
3900.0,24,295.0,5.673076923076923,4.821674535179074,14,165.0,0.2309577830181475,10,203.0,0.3741698675554854,24,368.0
3905.0,26,351.0,6.5,5.198289197431075,13,184.0,0.2461236165123691,13,241.0,0.3970898324988223,26,425.0
3910.0,20,367.0,6.9245283018867925,5.270756920576476,7,159.0,0.31147112981740105,13,290.0,0.29952598154529936,20,449.0
3915.0,24,377.0,6.732142857142857,4.928930996556411,7,115.0,0.42019581518480276,17,338.0,0.10520796880264786,24,453.0
3920.0,23,320.0,5.614035087719298,5.329152486431581,5,89.0,0.4577318557555747,18,369.0,0.1690325584442675,23,458.0
3925.0,21,292.0,5.3090909090909095,5.760010836062894,6,93.0,0.5013101602472734,15,345.0,0.2802215636122153,21,438.0
3930.0,22,290.0,5.2727272727272725,4.704421027159786,8,124.0,0.392905347028338,14,339.0,0.26887854688216223,22,463.0
3935.0,20,168.0,2.8,4.18545874353992,9,130.0,0.22451563439879385,11,288.0,0.265409081242988,20,418.0
3940.0,21,235.0,3.7903225806451615,5.883796715959149,11,139.0,0.17941655268632817,10,251.0,0.3916510226864182,21,390.0
3945.0,20,304.0,4.75,6.9091204474357815,9,172.0,0.21924924644836885,11,266.0,0.41718788322446676,20,438.0
3950.0,25,330.0,5.0,6.060487610952964,12,196.0,0.25476177685724477,13,278.0,0.3126462205864358,25,474.0
3955.0,27,316.0,4.9375,5.29840777185229,10,160.0,0.3728464914440981,17,338.0,0.2400437817003754,27,498.0
3960.0,25,348.0,5.523809523809524,5.478771249877577,10,161.0,0.41902631211679364,15,331.0,0.2682403154179023,25,492.0
3965.0,21,320.0,4.923076923076923,5.766231670545463,10,176.0,0.42270208379418217,11,256.0,0.3209851706952074,21,432.0
3970.0,28,363.0,5.5,4.862605630073162,14,229.0,0.3505273464977964,14,274.0,0.25784771364067843,28,503.0
3975.0,27,324.0,4.695652173913044,4.896711573422095,16,237.0,0.2639232123798013,11,259.0,0.34828748724055464,27,496.0
3980.0,24,193.0,2.6805555555555554,5.175583563703591,9,182.0,0.2846486293922733,15,261.0,0.2788611702713616,24,443.0
3985.0,24,236.0,3.2777777777777777,5.6597075144154205,9,159.0,0.39943798023800053,15,234.0,0.22674214432433376,24,393.0
3990.0,28,229.0,3.0945945945945947,5.168284804822144,8,145.0,0.34553928970630887,20,257.0,0.16591290961460312,28,402.0
3995.0,28,281.0,4.014285714285714,5.100150194126442,11,149.0,0.2877521983900731,17,293.0,0.21224500135222837,28,442.0
4000.0,30,329.0,4.768115942028985,4.292663532538146,14,183.0,0.2717127705025203,16,320.0,0.20348241734485656,30,503.0
4005.0,20,245.0,3.888888888888889,5.232464299114083,8,185.0,0.3087650647451657,12,311.0,0.2669701091342819,20,496.0
4010.0,20,182.0,2.935483870967742,4.264496814797689,9,155.0,0.16267896576360705,11,326.0,0.21221930523583282,20,481.0
4015.0,34,319.0,4.907692307692308,4.249512400835953,17,214.0,0.20520871346081387,17,374.0,0.12519257564789682,34,588.0
4020.0,32,362.0,5.934426229508197,4.065045022817318,15,253.0,0.2917166218216482,17,412.0,0.1321595499959149,32,665.0
4025.0,31,477.0,7.819672131147541,4.624548812529448,16,306.0,0.3195029325465999,15,430.0,0.2574512170912159,31,736.0
4030.0,26,478.0,7.709677419354839,4.541835918352125,14,329.0,0.34830062375720133,12,425.0,0.24900982050281673,26,754.0
4035.0,17,343.0,5.444444444444445,4.822956456522103,8,283.0,0.2800723675074014,9,343.0,0.22889611539304086,17,626.0
4040.0,20,422.0,6.393939393939394,5.957197275544397,11,260.0,0.2564194197416442,9,303.0,0.3230276073074137,20,563.0
4045.0,20,288.0,4.173913043478261,5.788501251600292,12,224.0,0.24685801433471394,8,273.0,0.21655325827599664,20,497.0
4050.0,27,211.0,2.971830985915493,5.475217976629112,15,197.0,0.3107471079214659,12,200.0,0.17616633263044312,27,397.0
4055.0,23,255.0,4.112903225806452,4.993855232709264,14,239.0,0.3836711999128824,9,231.0,0.28302825716587926,23,470.0
4060.0,28,366.0,5.809523809523809,5.394902098291268,18,291.0,0.28124225394941943,10,253.0,0.3649952659736603,28,544.0
4065.0,27,358.0,5.507692307692308,4.463915625649888,20,329.0,0.13516681548071766,7,248.0,0.3887346502829424,27,577.0
4070.0,25,339.0,5.2153846153846155,5.5011464726875605,16,332.0,0.2245564302247159,9,242.0,0.3990462578319404,25,574.0
4075.0,23,351.0,5.754098360655738,4.989687492077468,17,377.0,0.2970379187631426,6,229.0,0.3465709455623531,23,606.0
4080.0,30,451.0,7.158730158730159,4.816738915111178,19,423.0,0.2782962128091907,11,259.0,0.2786861784223553,30,682.0
4085.0,34,438.0,6.84375,3.6571893877086614,22,462.0,0.18848578512557604,12,231.0,0.269519651573474,34,693.0
4090.0,31,373.0,5.920634920634921,4.333713633486224,23,504.0,0.16112848796022464,8,165.0,0.43852169236802513,31,669.0
4095.0,28,313.0,4.815384615384615,3.803211438922889,22,536.0,0.18425680389221832,6,154.0,0.37849779783806214,28,690.0
4100.0,27,265.0,3.732394366197183,4.31794896648768,18,498.0,0.2032792656583523,9,122.0,0.2914038232974468,27,620.0
4105.0,23,294.0,4.140845070422535,5.607061430149425,17,493.0,0.2812039199516494,6,112.0,0.2980384698751571,23,605.0
4110.0,26,371.0,4.881578947368421,6.004889850121736,17,531.0,0.29048851514739,9,111.0,0.3209103183224855,26,642.0
4115.0,24,379.0,5.338028169014085,5.766328942313837,19,544.0,0.26617574916351266,5,75.0,0.48355972192590724,24,619.0
4120.0,30,342.0,5.029411764705882,4.848034632384514,23,571.0,0.19762833606629635,7,70.0,0.44189180752371837,30,641.0
4125.0,31,385.0,5.579710144927536,4.436463930016716,26,574.0,0.1519168088802333,5,67.0,0.4185700089170523,31,641.0
4130.0,37,463.0,6.614285714285714,4.108372040285674,31,650.0,0.09320967862326485,6,46.0,0.47160726333263475,37,696.0
4135.0,29,435.0,6.214285714285714,4.82714475230609,22,667.0,0.173888879968245,7,66.0,0.3928265626459239,29,733.0
4140.0,27,506.0,7.228571428571429,5.295910861024222,18,684.0,0.25249516596937305,9,82.0,0.3225095272216392,27,766.0
4145.0,28,494.0,7.057142857142857,4.9147768332330655,18,691.0,0.2709705543638449,10,110.0,0.26619024744582415,28,801.0
4150.0,27,412.0,6.0588235294117645,4.299525954442911,19,660.0,0.2021828017162668,8,122.0,0.22182168352852946,27,782.0
4155.0,33,369.0,5.426470588235294,3.6962611770456144,25,674.0,0.1369829223093407,8,110.0,0.26507438323346066,33,784.0
4160.0,30,335.0,5.075757575757576,5.050146567913783,26,657.0,0.1472012395361273,4,81.0,0.4933479753943501,30,738.0
4165.0,32,458.0,7.26984126984127,4.7248001457960545,26,723.0,0.1665681839260765,6,92.0,0.47228328538395564,32,815.0
4170.0,30,545.0,8.384615384615385,4.1254592358767885,26,768.0,0.12307492308713852,4,89.0,0.4451005715169366,30,857.0
4175.0,35,557.0,8.841269841269842,3.4546748127688836,28,818.0,0.1486707097994823,7,100.0,0.3563537365631182,35,918.0
4180.0,41,754.0,11.968253968253968,3.1666542501917663,32,906.0,0.13279609030192843,9,144.0,0.3767469325850994,41,1050.0
4185.0,40,711.0,10.772727272727273,2.8261861174272345,33,962.0,0.1263558952651341,7,107.0,0.3001343430871676,40,1069.0
4190.0,37,536.0,7.882352941176471,3.7035056266278077,26,918.0,0.16478344613559193,11,130.0,0.21957086089015732,37,1048.0
4195.0,28,435.0,6.214285714285714,4.217921298572031,18,866.0,0.2125492335026854,10,139.0,0.19036058132555067,28,1005.0
4200.0,22,465.0,6.642857142857143,5.8107740382327915,17,806.0,0.2531651111444561,5,104.0,0.4402434712786857,22,910.0
4205.0,22,573.0,8.815384615384616,6.960622277665892,17,741.0,0.2796381223961653,5,101.0,0.5567129848636785,22,842.0
4210.0,20,418.0,6.430769230769231,5.685037340810411,18,695.0,0.18277907213437447,2,51.0,0.39015947346950747,20,746.0
4215.0,22,320.0,5.079365079365079,5.396346475827456,17,609.0,0.20959945988031647,5,32.0,0.34143588163809774,22,641.0
4220.0,25,371.0,6.183333333333334,5.2100612109909905,20,654.0,0.27023446674413165,5,35.0,0.3762396612250437,25,689.0
4225.0,19,423.0,7.169491525423729,5.388826900364098,15,666.0,0.27093960359985353,4,50.0,0.3976789052940154,19,716.0
4230.0,22,488.0,7.746031746031746,6.105766400531838,20,711.0,0.2836883861351752,2,44.0,0.4701374102442056,22,755.0
4235.0,22,538.0,8.40625,6.093176543551597,20,721.0,0.18928706550266647,2,20.0,0.6545959995508296,22,741.0
4240.0,22,595.0,9.296875,6.03649492078614,21,707.0,0.15973732465865373,1,28.0,0.6975946000021288,22,735.0
4245.0,25,525.0,8.333333333333334,5.525063533613053,21,660.0,0.17492406495316154,4,35.0,0.5861478868649365,25,695.0
4250.0,27,349.0,5.5396825396825395,4.877573355114998,21,605.0,0.16804519859946954,6,65.0,0.4310654504704728,27,670.0
4255.0,27,401.0,6.265625,3.9148016454640344,21,576.0,0.12838317296746887,6,81.0,0.42436336081440984,27,657.0
4260.0,29,528.0,7.542857142857143,5.6479425213728005,20,587.0,0.2823121357312478,9,103.0,0.5218523233264135,29,690.0
4265.0,27,439.0,5.9324324324324325,5.35614345046858,22,579.0,0.33041505634201107,5,108.0,0.4753571767504052,27,687.0
4270.0,32,563.0,7.407894736842105,4.990848509704146,23,608.0,0.2776003325723782,9,112.0,0.3839012764118433,32,720.0
4275.0,37,515.0,6.518987341772152,3.9571897712822164,26,657.0,0.15527759905233096,11,90.0,0.27615801561919356,37,747.0
4280.0,37,446.0,5.373493975903615,4.1199759339438415,23,633.0,0.18514317878403358,14,134.0,0.1612484427722283,37,767.0
4285.0,37,537.0,6.62962962962963,4.506826000709441,21,614.0,0.2388548599483025,16,175.0,0.19057702108618743,37,789.0
4290.0,38,632.0,7.9,4.572111374332283,22,654.0,0.16027029724436323,16,215.0,0.2872695698152317,38,869.0
4295.0,38,641.0,8.324675324675324,4.149661038427984,25,688.0,0.09317444678820966,13,252.0,0.3475219721434268,38,940.0
4300.0,36,654.0,8.72,3.8224265981334953,27,778.0,0.06922736601718778,9,229.0,0.34892520100842356,36,1007.0
4305.0,41,824.0,10.986666666666666,4.1602015063909255,29,869.0,0.06361253237108754,12,227.0,0.35709209508477185,41,1096.0
4310.0,42,853.0,11.373333333333333,3.850274187833476,27,955.0,0.08969183048385158,15,216.0,0.22011791397529482,42,1171.0
4315.0,35,884.0,11.945945945945946,4.721838149238729,17,963.0,0.170613294371664,18,255.0,0.19715472132844858,35,1218.0
4320.0,31,832.0,11.71830985915493,4.0554969289585685,16,897.0,0.22295853468095098,15,307.0,0.1634010747641647,31,1204.0
4325.0,29,609.0,8.826086956521738,5.083962997192027,17,810.0,0.22291131386935834,12,325.0,0.2955458830056209,29,1135.0
4330.0,26,445.0,6.953125,4.4958978356244454,16,838.0,0.15273638188293753,10,313.0,0.32828933404329824,26,1151.0
4335.0,23,422.0,6.492307692307692,4.901305495911162,13,819.0,0.18487273404617058,10,274.0,0.3026241647612556,23,1093.0
4340.0,29,373.0,5.567164179104478,4.09526412464861,18,816.0,0.1496212259676063,11,235.0,0.2795217081689371,29,1051.0
4345.0,29,414.0,6.17910447761194,4.721050363827534,20,754.0,0.21462060550707426,9,144.0,0.35543106000009167,29,898.0
4350.0,25,339.0,5.136363636363637,4.7738530390699365,17,734.0,0.25602085041752903,8,157.0,0.38365850127801127,25,891.0
4355.0,29,314.0,4.617647058823529,5.26065472778223,20,655.0,0.2570042547624885,9,150.0,0.38186395010539703,29,805.0
4360.0,33,425.0,6.071428571428571,4.657243581736848,24,694.0,0.21379522823312153,9,140.0,0.3051879234196852,33,834.0
4365.0,36,550.0,7.746478873239437,4.5750148138113556,26,751.0,0.2054704601115075,10,145.0,0.3459360592891818,36,896.0
4370.0,35,665.0,9.63768115942029,3.6378985054947246,25,742.0,0.12981416971582316,10,179.0,0.3363546116010932,35,921.0
4375.0,37,681.0,10.164179104477611,3.5333519764444934,27,756.0,0.06870645671927388,10,208.0,0.3594891659146955,37,964.0
4380.0,36,692.0,10.176470588235293,3.9754545107592625,27,802.0,0.0408939678286992,9,193.0,0.37152178690305326,36,995.0
4385.0,37,686.0,9.942028985507246,4.23040086973151,26,821.0,0.062124845259725704,11,184.0,0.3379079099454352,37,1005.0
4390.0,28,396.0,5.91044776119403,4.881887215765899,16,727.0,0.1889483085337997,12,195.0,0.3324144415044192,28,922.0
4395.0,26,419.0,6.446153846153846,5.630376820531311,12,628.0,0.28147210291701064,14,191.0,0.2981684865340276,26,819.0
4400.0,24,480.0,7.619047619047619,5.516387280404962,12,557.0,0.31037673098631996,12,225.0,0.29788036056590245,24,782.0
4405.0,23,533.0,8.883333333333333,5.830879158289097,12,533.0,0.24698918132824554,11,212.0,0.2942074901483767,23,745.0
4410.0,25,522.0,8.7,5.821141981982735,12,593.0,0.2305568383581364,13,182.0,0.2686313136960865,25,775.0
4415.0,20,413.0,7.245614035087719,6.0277651758160635,8,540.0,0.2769211706227765,12,151.0,0.26933552332468613,20,691.0
4420.0,19,353.0,6.537037037037037,6.328198174396879,8,404.0,0.40877815555168495,11,160.0,0.2971551076082213,19,564.0
4425.0,20,339.0,6.39622641509434,6.187447341157161,6,326.0,0.3761285811109608,14,187.0,0.3107749906477082,20,513.0
4430.0,17,268.0,5.056603773584905,6.105644982572193,6,203.0,0.3459478514538881,11,210.0,0.36831163968039016,17,413.0
4435.0,22,349.0,6.8431372549019605,5.91327295546517,9,197.0,0.30611347108170556,13,238.0,0.40395078266955053,22,435.0
4440.0,26,352.0,6.901960784313726,4.355031315167395,13,252.0,0.24518988879093934,13,226.0,0.28587520841221026,26,478.0
4445.0,19,314.0,6.28,4.33007692724639,10,281.0,0.3105448754125689,9,161.0,0.20526191355842283,19,442.0
4450.0,24,418.0,7.886792452830188,5.129061289721177,12,322.0,0.20928813926570689,12,160.0,0.29260526071225373,24,482.0
4455.0,21,289.0,4.982758620689655,5.722923210291974,9,212.0,0.2726850627828266,12,179.0,0.29294669601803325,21,391.0
4460.0,20,331.0,5.706896551724138,6.326952192435529,10,217.0,0.2634981683501299,10,173.0,0.4148890835829803,20,390.0
4465.0,22,221.0,3.8771929824561404,5.668593216934311,9,186.0,0.3405196831219915,13,171.0,0.3109868763701724,22,357.0
4470.0,16,163.0,2.8596491228070176,6.124232480462836,1,79.0,0.5154250826650332,15,197.0,0.24600692006201832,16,276.0
4475.0,20,182.0,3.309090909090909,5.843157081601297,3,29.0,0.5536200926043012,17,231.0,0.21844612448094472,20,260.0
4480.0,20,211.0,3.6379310344827585,6.558332885052066,6,42.0,0.48141589708248994,14,227.0,0.2547412245163621,20,269.0
4485.0,18,185.0,3.3035714285714284,5.653293241056671,4,56.0,0.3801652627085272,14,236.0,0.20034565686003838,18,292.0
4490.0,22,244.0,4.518518518518518,6.405657890002248,6,83.0,0.5359979506457913,16,232.0,0.1994678858627051,22,315.0
4495.0,19,263.0,5.26,5.490813057326744,5,94.0,0.5416495870741969,14,257.0,0.22053988349613426,19,351.0
4500.0,17,258.0,5.26530612244898,5.455383888537976,7,129.0,0.4053798723536759,10,259.0,0.2874946384402088,17,388.0
4505.0,18,165.0,3.173076923076923,4.868943202771735,7,102.0,0.29877580866575104,11,267.0,0.275603700454969,18,369.0
4510.0,26,255.0,4.903846153846154,5.086117317541711,11,96.0,0.26337863821357255,15,298.0,0.2766313744064443,26,394.0
4515.0,20,196.0,3.843137254901961,4.718435207057444,9,103.0,0.30137921175446253,11,284.0,0.23748313930186712,20,387.0
4520.0,11,146.0,2.8076923076923075,6.589787478922531,2,84.0,0.3996393935747674,9,221.0,0.3126999155404702,11,305.0
4525.0,12,205.0,4.183673469387755,7.845370716664143,3,64.0,0.4775901209094207,9,242.0,0.32038505904548936,12,306.0
4530.0,14,224.0,4.666666666666667,6.995808790032597,5,69.0,0.278004336024383,9,243.0,0.23116187821342185,14,312.0
4535.0,14,248.0,5.904761904761905,6.534853656161703,5,95.0,0.30551201311550963,9,203.0,0.3339825603609224,14,298.0
4540.0,17,291.0,7.864864864864865,5.638533365508682,8,125.0,0.41242517726833716,9,229.0,0.3110855412754038,17,354.0
4545.0,13,287.0,7.756756756756757,5.510375237472632,4,103.0,0.49877756302677334,9,248.0,0.299285386175702,13,351.0
4550.0,12,218.0,6.055555555555555,5.091829422227345,5,127.0,0.4815726149854362,7,186.0,0.22179304563739075,12,313.0
4555.0,17,209.0,5.358974358974359,5.799105639982426,7,117.0,0.48842053843406685,10,162.0,0.2777513867899176,17,279.0
4560.0,16,247.0,6.024390243902439,5.122614976530424,8,154.0,0.35654120252403576,8,147.0,0.23530462689158385,16,301.0
4565.0,18,219.0,5.341463414634147,4.307958340526491,9,133.0,0.3436784601178366,9,170.0,0.13638076439228072,18,303.0
4570.0,21,254.0,5.906976744186046,4.498666730628638,12,135.0,0.27619344689402886,9,179.0,0.23729003580454777,21,314.0
4575.0,19,255.0,5.930232558139535,4.875167248592468,11,149.0,0.21578796884385779,8,181.0,0.3552473796674031,19,330.0
4580.0,13,198.0,4.5,6.362726802644364,7,117.0,0.3389947788708555,6,179.0,0.42047399084218173,13,296.0
4585.0,14,228.0,5.066666666666666,6.295791785833388,5,78.0,0.35556202718102164,9,192.0,0.2726648411136856,14,270.0
4590.0,18,166.0,3.4583333333333335,6.00178897738078,11,121.0,0.298125354971852,7,116.0,0.30822191967562684,18,237.0
4595.0,13,136.0,2.9565217391304346,7.346896451269149,9,129.0,0.3992410883377512,4,68.0,0.47746590963588154,13,197.0
4600.0,15,180.0,4.186046511627907,6.577622193078585,9,124.0,0.30740532026981204,6,92.0,0.40522389355930494,15,216.0
4605.0,18,201.0,4.674418604651163,5.348718939563423,9,129.0,0.22227024727908315,9,130.0,0.36169082975911065,18,259.0
4610.0,14,138.0,3.3658536585365852,5.283019785809092,6,86.0,0.23118150883675267,8,120.0,0.35615228609024974,14,206.0
4615.0,15,155.0,3.7804878048780486,4.944301759306523,6,100.0,0.2739941590221503,9,108.0,0.26947466137982223,15,208.0
4620.0,16,166.0,3.86046511627907,5.878647895276609,8,119.0,0.36093397297662033,8,108.0,0.31698731852808604,16,227.0
4625.0,17,234.0,5.2,6.3954805203382765,8,145.0,0.45594305228982235,9,136.0,0.3884294895541355,17,281.0
4630.0,18,263.0,5.595744680851064,5.698806716654128,10,185.0,0.3589547329055089,8,153.0,0.42355637132413226,18,338.0
4635.0,18,239.0,4.979166666666667,5.181989281215162,10,195.0,0.37282880914497973,8,137.0,0.3799202578413321,18,332.0
4640.0,14,195.0,4.0625,4.777991395072708,4,179.0,0.3727330388379944,10,145.0,0.2125032757153297,14,324.0
4645.0,16,251.0,5.122448979591836,5.786137130295037,6,152.0,0.4189861576736232,10,147.0,0.14445287393519116,16,299.0
4650.0,14,205.0,4.361702127659575,6.10066770216979,7,142.0,0.32597548980864194,7,123.0,0.11108874684333049,14,265.0
4655.0,14,250.0,5.319148936170213,7.317219006794741,8,169.0,0.3766459817030234,6,118.0,0.31905498271336374,14,287.0
4660.0,13,232.0,5.523809523809524,6.76881007001202,9,192.0,0.41502453338158457,4,96.0,0.45785076042041434,13,288.0
4665.0,16,302.0,6.863636363636363,6.179811582936908,12,248.0,0.4011045248626522,4,100.0,0.40092360527592424,16,348.0
4670.0,16,320.0,7.441860465116279,6.025807346291409,13,308.0,0.41192605652639297,3,67.0,0.5330687986113672,16,375.0
4675.0,18,374.0,7.48,5.247711164511279,14,363.0,0.3333181741350544,4,54.0,0.4338114025611935,18,417.0
4680.0,25,377.0,6.732142857142857,4.442296433787048,19,386.0,0.24487968564867377,6,75.0,0.43392635499265436,25,461.0
4685.0,20,392.0,6.758620689655173,5.006344074757436,13,371.0,0.28957118355505573,7,107.0,0.4120966972054969,20,478.0
4690.0,24,476.0,7.80327868852459,4.995602437232527,14,411.0,0.2959919237071695,10,147.0,0.3519817561289214,24,558.0
4695.0,26,472.0,7.375,4.544422232748413,19,459.0,0.27085044985926293,7,132.0,0.3189465990874644,26,591.0
4700.0,27,495.0,7.857142857142857,4.129848934968214,20,521.0,0.1728801666199667,7,94.0,0.40229309646161504,27,615.0
4705.0,35,588.0,8.28169014084507,4.262473950765387,26,595.0,0.1742421879279919,9,117.0,0.3617942048110653,35,712.0
4710.0,38,439.0,5.9324324324324325,4.770389051266056,28,506.0,0.18518059606387477,10,152.0,0.3958232859197526,38,658.0
4715.0,33,452.0,6.026666666666666,5.235239305931081,24,478.0,0.26151919018127245,9,130.0,0.4445196705333153,33,608.0
4720.0,33,493.0,6.573333333333333,4.090385729107725,24,518.0,0.20650144294979633,9,152.0,0.3671858046193528,33,670.0
4725.0,34,369.0,4.855263157894737,4.182801550517558,22,504.0,0.22844773192991116,12,156.0,0.2958163070971837,34,660.0
4730.0,30,444.0,5.842105263157895,5.207391286113544,21,497.0,0.2563325125846416,9,156.0,0.27224370992101954,30,653.0
4735.0,31,443.0,5.906666666666666,4.400861977480186,23,496.0,0.19609531738884656,8,173.0,0.16171241333834296,31,669.0
4740.0,35,453.0,6.121621621621622,4.731982717651885,21,485.0,0.1596210787360042,14,226.0,0.2512900250828157,35,711.0
4745.0,32,385.0,5.5,4.576552359558976,21,512.0,0.20458644577702143,11,223.0,0.3232949487654069,32,735.0
4750.0,32,447.0,6.478260869565218,4.70684881997278,22,550.0,0.19115609438806241,10,184.0,0.35885538957158497,32,734.0
4755.0,37,480.0,6.857142857142857,3.7702322474024794,26,617.0,0.11991782170224814,11,184.0,0.33636039069615364,37,801.0
4760.0,28,425.0,6.25,4.627141329052489,21,617.0,0.06957763348678783,7,135.0,0.4165881748055994,28,752.0
4765.0,22,450.0,6.428571428571429,5.4940818814198655,16,631.0,0.1777069109126019,6,113.0,0.4075554707178177,22,744.0
4770.0,31,472.0,6.742857142857143,5.3865197264906035,17,622.0,0.24279819254739016,14,124.0,0.26594473548250613,31,746.0
4775.0,29,476.0,7.67741935483871,3.9406907720091056,15,585.0,0.2058725394353285,14,156.0,0.22942867047830068,29,741.0
4780.0,32,562.0,9.064516129032258,3.665559103442431,17,609.0,0.19840921643451753,15,201.0,0.19405376504617333,32,810.0
4785.0,27,575.0,9.274193548387096,3.6774985347733695,13,612.0,0.23539316656491605,14,232.0,0.15522051072158366,27,844.0
4790.0,25,484.0,7.934426229508197,4.681172953574846,14,589.0,0.22901280888085213,11,212.0,0.27628385344921824,25,801.0
4795.0,23,262.0,4.366666666666666,4.651034805560452,15,507.0,0.13662606943237957,8,185.0,0.3350930930497471,23,692.0
4800.0,23,272.0,4.533333333333333,5.012799730850796,18,559.0,0.1764342137681168,5,122.0,0.403062550792313,23,681.0
4805.0,20,323.0,5.767857142857143,5.569877549057198,13,569.0,0.26133114625457804,7,123.0,0.41340688239521034,20,692.0
4810.0,21,371.0,6.508771929824562,5.046900811153647,14,559.0,0.21570961364543442,7,131.0,0.32068266099268666,21,690.0
4815.0,27,470.0,7.833333333333333,4.700618665960324,17,548.0,0.16493355334649426,10,164.0,0.3497316408341954,27,712.0
4820.0,27,484.0,8.491228070175438,4.315097048750303,20,604.0,0.16535333200861718,7,151.0,0.4826939699290765,27,755.0
4825.0,23,530.0,8.983050847457626,5.112758716914771,15,625.0,0.23355924213408136,8,142.0,0.43579948525701917,23,767.0
4830.0,20,496.0,8.0,4.603236875512026,13,667.0,0.26569138733497055,7,106.0,0.19213251883231675,20,773.0
4835.0,26,570.0,9.344262295081966,5.229562813543452,18,734.0,0.1885484724963947,8,52.0,0.3283098986861434,26,786.0
4840.0,29,494.0,8.098360655737705,4.39640657534937,20,717.0,0.09817132131570541,9,68.0,0.30386647733605343,29,785.0
4845.0,34,655.0,10.916666666666666,4.562782613069618,24,777.0,0.059394369900334774,10,122.0,0.41522537312996766,34,899.0
4850.0,30,707.0,11.983050847457626,4.326918823405698,22,835.0,0.1308010672106308,8,148.0,0.42671408986679077,30,983.0
4855.0,23,615.0,10.60344827586207,4.568419334136324,15,816.0,0.2431793910934416,8,148.0,0.25901337935772534,23,964.0
4860.0,18,592.0,10.385964912280702,4.888062676945898,8,781.0,0.3473493511329212,10,154.0,0.1646682249618465,18,935.0
4865.0,18,463.0,7.467741935483871,5.064502016960607,9,680.0,0.28226466146180773,9,150.0,0.1868785688660353,18,830.0
4870.0,23,202.0,3.0606060606060606,5.197233178549205,13,611.0,0.2626652538809235,10,188.0,0.23470332673290029,23,799.0
4875.0,27,291.0,4.343283582089552,5.439892555845174,19,691.0,0.2557119520536826,8,214.0,0.34378161687016356,27,905.0
4880.0,31,343.0,5.044117647058823,5.349108372224966,24,802.0,0.296378637788622,7,202.0,0.359527366448751,31,1004.0
4885.0,35,430.0,6.615384615384615,4.061194952557887,22,846.0,0.24755031062524174,13,203.0,0.24860092886653334,35,1049.0
4890.0,28,380.0,5.846153846153846,4.130401805969659,17,812.0,0.22253807292303998,11,217.0,0.20415794357815983,28,1029.0
4895.0,27,444.0,6.626865671641791,4.797457786528682,16,790.0,0.18982610497193503,11,245.0,0.22497920131215812,27,1035.0
4900.0,27,479.0,7.257575757575758,4.947419399863576,17,713.0,0.22037410724306836,10,260.0,0.21812950395648198,27,973.0
4905.0,27,441.0,6.582089552238806,5.401439410991875,20,545.0,0.21869918846161684,7,250.0,0.36005812059332315,27,795.0
4910.0,27,326.0,5.09375,4.901765445778187,20,539.0,0.24505194541186454,7,219.0,0.4203352442486852,27,758.0
4915.0,25,298.0,4.515151515151516,5.26209724257991,18,539.0,0.2798827556420229,7,142.0,0.4552907810673433,25,681.0
4920.0,29,279.0,3.9857142857142858,4.662550305975624,22,586.0,0.2487895576295207,7,138.0,0.3717372646229004,29,724.0
4925.0,33,400.0,5.333333333333333,5.525638682806805,23,629.0,0.23355335241285224,10,158.0,0.4624103075086912,33,787.0
4930.0,35,421.0,5.329113924050633,4.903386173912965,28,676.0,0.18952480121771428,7,174.0,0.44751785820318146,35,850.0
4935.0,34,386.0,4.7073170731707314,5.087013222179392,22,644.0,0.2422181827370557,12,220.0,0.3817523546848078,34,864.0
4940.0,34,486.0,6.075,5.169806049073728,20,624.0,0.29873121262129965,14,267.0,0.30872417207426667,34,891.0
4945.0,33,532.0,6.567901234567901,4.46532334080084,21,561.0,0.19566163254466645,12,291.0,0.22584833674759588,33,852.0
4950.0,38,509.0,6.6103896103896105,3.739877558798488,26,581.0,0.1391335368657552,12,297.0,0.2162081399853129,38,878.0
4955.0,42,615.0,8.092105263157896,3.728944841590585,27,647.0,0.14820479694655392,15,253.0,0.24072496550403913,42,900.0
4960.0,42,573.0,7.958333333333333,3.2680556785255797,25,666.0,0.1904139501035866,17,255.0,0.22168971162368448,42,921.0
4965.0,46,664.0,8.972972972972974,2.971412538929634,27,699.0,0.15841953289389935,19,250.0,0.2019500750565248,46,949.0
4970.0,42,674.0,8.531645569620252,3.449433411061224,27,765.0,0.1886026878280621,15,290.0,0.23158752983383574,42,1055.0
4975.0,34,663.0,7.9879518072289155,4.986326418920801,26,765.0,0.22797547752848382,8,291.0,0.3828617815132769,34,1056.0
4980.0,34,562.0,6.771084337349397,4.16805238997206,27,788.0,0.09480075983194167,7,257.0,0.41613398625416537,34,1045.0
4985.0,37,408.0,4.744186046511628,4.037359749649282,24,735.0,0.16522200388708053,13,228.0,0.22456488659316884,37,963.0
4990.0,37,449.0,5.160919540229885,4.596063057743449,17,685.0,0.2853838009245838,20,267.0,0.18683559138982073,37,952.0
4995.0,32,465.0,5.470588235294118,4.782872279076708,17,644.0,0.22820103609500889,15,258.0,0.2445517690321893,32,902.0
5000.0,31,433.0,5.034883720930233,4.976223719180329,18,631.0,0.14549428976438608,13,269.0,0.34087016984635043,31,900.0
5005.0,35,497.0,5.6477272727272725,4.962589907373651,22,642.0,0.09219559022442382,13,267.0,0.37207573257610227,35,909.0
5010.0,39,579.0,6.975903614457831,4.302831901709532,23,685.0,0.1544255846570006,16,289.0,0.31384279791151254,39,974.0
5015.0,38,541.0,6.848101265822785,3.92937023850845,18,659.0,0.18388992295346632,20,307.0,0.2461168875204178,38,966.0
5020.0,40,628.0,8.051282051282051,4.083527120982424,16,654.0,0.25762930676918167,24,328.0,0.16291220365960132,40,982.0
5025.0,39,727.0,8.975308641975309,3.9465652753383753,15,670.0,0.27134204043687854,24,401.0,0.13936666750789695,39,1071.0
5030.0,42,878.0,10.839506172839506,4.469297814671178,17,677.0,0.24340494660668135,25,491.0,0.25682222779037683,42,1168.0
5035.0,47,944.0,11.238095238095237,4.112096161151949,24,689.0,0.1870863107808612,23,577.0,0.3094382409306723,47,1266.0
5040.0,48,921.0,10.83529411764706,3.860973073278998,23,667.0,0.20564696509502814,25,648.0,0.2689147555137303,48,1315.0
5045.0,50,949.0,10.662921348314606,3.211932904416471,22,736.0,0.2188244729700563,28,687.0,0.1886337392604406,50,1423.0
5050.0,39,667.0,7.579545454545454,3.695155179288768,16,737.0,0.2075859019731057,23,651.0,0.18320834041027212,39,1388.0
5055.0,36,695.0,7.8977272727272725,4.353466382134685,17,729.0,0.1948001910577637,19,640.0,0.17522804144815218,36,1369.0
5060.0,35,757.0,8.50561797752809,4.44884766855037,16,749.0,0.18839964752121569,19,667.0,0.15308292269867363,35,1416.0
5065.0,46,925.0,10.755813953488373,4.053858779211485,21,789.0,0.22564847935922475,25,741.0,0.10568466844434128,46,1530.0
5070.0,49,779.0,9.7375,3.378628651898662,23,716.0,0.2621153781155155,26,818.0,0.12436035387906319,49,1534.0
5075.0,46,788.0,9.609756097560975,3.812239046848181,18,565.0,0.29423788524035666,28,881.0,0.14492863786379478,46,1446.0
5080.0,47,870.0,10.609756097560975,3.3676898714226846,22,600.0,0.22537768323344146,25,898.0,0.16344895764210066,47,1498.0
5085.0,36,784.0,9.333333333333334,4.328697672120542,19,597.0,0.23409201101043842,17,812.0,0.17651005995817978,36,1409.0
5090.0,30,850.0,10.365853658536585,4.398717372918783,15,638.0,0.14292554866779117,15,740.0,0.28159209192276224,30,1378.0
5095.0,36,823.0,10.2875,4.416889021483901,23,710.0,0.12550970866083977,13,645.0,0.28541009510720383,36,1355.0
5100.0,41,636.0,8.25974025974026,3.8339151990353946,26,759.0,0.13070229901772706,15,548.0,0.27814450465654317,41,1307.0
5105.0,39,670.0,9.305555555555555,3.9605086378680454,24,785.0,0.16617976863414718,15,498.0,0.3149410520688166,39,1283.0
5110.0,41,744.0,9.789473684210526,3.358852274868659,26,842.0,0.16729567709225557,15,510.0,0.24135571389225455,41,1352.0
5115.0,31,711.0,9.0,4.095283847865572,18,819.0,0.2258607886711813,13,496.0,0.1756407899850503,31,1315.0
5120.0,31,817.0,10.2125,5.424798971851057,16,813.0,0.3125523558152738,15,503.0,0.20390440661360276,31,1316.0
5125.0,33,696.0,8.810126582278482,5.159497411426826,15,681.0,0.31879754468324556,18,457.0,0.15592095884365695,33,1138.0
5130.0,34,447.0,5.96,3.936063153442909,14,416.0,0.2446730256556206,20,473.0,0.14317927899984653,34,889.0
5135.0,37,560.0,8.0,4.228089151983806,17,368.0,0.22150118239335032,20,486.0,0.23641930121655907,37,854.0
5140.0,40,684.0,9.91304347826087,3.935221860891513,21,413.0,0.1996908216094802,19,518.0,0.24825938594409858,40,931.0
5145.0,33,606.0,8.416666666666666,3.8750494151934256,20,436.0,0.11674010030145048,13,498.0,0.2568461437591123,33,934.0
5150.0,32,684.0,10.058823529411764,3.948310255497024,21,474.0,0.12358575195202554,11,485.0,0.2724558432433794,32,959.0
5155.0,33,686.0,9.661971830985916,3.749662453932999,18,504.0,0.17532333908433687,15,481.0,0.22467860904268566,33,985.0
5160.0,27,596.0,8.514285714285714,4.216742442948401,9,439.0,0.28393780588840617,18,511.0,0.13689106112485433,27,950.0
5165.0,24,641.0,9.426470588235293,5.0176480855461545,9,394.0,0.3472150735883681,15,500.0,0.14927315189153093,24,894.0
5170.0,23,726.0,10.835820895522389,5.870323478461406,10,356.0,0.2807628068732808,13,515.0,0.22996705319979882,23,871.0
5175.0,23,811.0,12.287878787878787,5.752735736183139,11,398.0,0.18040167287627357,12,543.0,0.25923854758865006,23,941.0
5180.0,25,826.0,13.11111111111111,5.063253721313282,8,398.0,0.2945622376142206,17,571.0,0.2128180656425825,25,969.0
5185.0,29,620.0,10.508474576271187,4.740605655801326,8,397.0,0.37552848243608666,21,480.0,0.22011593285061196,29,877.0
5190.0,25,433.0,7.732142857142857,5.130338061831116,5,254.0,0.5341833888459238,20,398.0,0.18297603799864517,25,652.0
5195.0,23,376.0,6.372881355932203,5.500385272612839,4,109.0,0.6002581045360579,19,448.0,0.17279509876627946,23,557.0
5200.0,23,345.0,5.948275862068965,5.282418070377516,9,106.0,0.38566877999069976,14,432.0,0.26091685164333284,23,538.0
5205.0,20,373.0,5.920634920634921,4.802671009631113,8,130.0,0.278143324332839,12,460.0,0.20236002519157437,20,590.0
5210.0,31,492.0,7.6875,4.494572330277499,13,187.0,0.301035077836212,18,512.0,0.18193419412415918,31,699.0
5215.0,31,377.0,5.712121212121212,4.197652811087259,10,208.0,0.3627697184466504,21,440.0,0.2065822473815571,31,648.0
5220.0,25,349.0,5.208955223880597,5.305971454791882,4,190.0,0.45482771002413536,21,441.0,0.2578707248245036,25,631.0
5225.0,25,393.0,5.383561643835616,4.9138303375424215,6,202.0,0.3596577551324369,19,458.0,0.23784950997687176,25,660.0
5230.0,26,371.0,5.082191780821918,4.970453393854692,11,245.0,0.1718216911428054,15,394.0,0.30366312444675964,26,639.0
5235.0,30,302.0,4.3768115942028984,4.127800010562804,13,190.0,0.10552667556514665,17,452.0,0.28234036333034446,30,642.0
5240.0,37,430.0,6.142857142857143,4.127116290882888,16,207.0,0.13458375700919425,21,520.0,0.24207998155513705,37,727.0
5245.0,41,402.0,5.911764705882353,3.063276079940963,14,227.0,0.2020394615405555,27,548.0,0.14772215585178022,41,775.0
5250.0,26,341.0,5.014705882352941,3.7193911666743866,3,170.0,0.32549134065937,23,570.0,0.10490914549656556,26,740.0
5255.0,30,472.0,6.9411764705882355,5.184745700615307,2,116.0,0.5155288014639273,28,670.0,0.09398346970144685,30,786.0
5260.0,30,524.0,7.705882352941177,5.36846540658625,3,79.0,0.6358877013992076,27,700.0,0.07898884043723932,30,779.0
5265.0,21,437.0,6.333333333333333,5.701644970889225,4,75.0,0.4014869810321877,17,643.0,0.18013662626526916,21,718.0
5270.0,25,391.0,6.109375,5.303174684892403,11,118.0,0.2940108695489808,14,618.0,0.21962776486111343,25,736.0
5275.0,27,328.0,5.377049180327869,4.647891749189385,11,141.0,0.2817282500505348,16,564.0,0.17120429980907195,27,705.0
5280.0,33,437.0,7.283333333333333,3.8429112847577063,13,179.0,0.20139791281662545,20,579.0,0.1913176559969052,33,758.0
5285.0,26,463.0,7.8474576271186445,4.876461163957763,11,197.0,0.20906273595308758,15,533.0,0.2899466556732239,26,730.0
5290.0,19,410.0,6.9491525423728815,5.340040780838005,5,156.0,0.33278498244889726,14,549.0,0.2187869595220847,19,705.0
5295.0,23,465.0,7.5,5.590679390050177,6,146.0,0.3569863117642929,17,545.0,0.13910666909300845,23,691.0
5300.0,26,306.0,4.935483870967742,5.785807389450573,5,76.0,0.3492893462133476,21,530.0,0.17295300040694153,26,606.0
5305.0,26,318.0,5.3,6.301816094019545,7,58.0,0.39655130361666535,19,514.0,0.23862495814440823,26,572.0
5310.0,26,371.0,6.87037037037037,5.399483101343574,8,97.0,0.3738498588285748,18,525.0,0.24372679111404788,26,622.0
5315.0,17,282.0,5.423076923076923,4.680309214055912,6,105.0,0.2774807803193081,11,463.0,0.23107895279324872,17,568.0
5320.0,15,238.0,5.0638297872340425,6.194877114684604,5,79.0,0.3776677821160719,10,357.0,0.30818349233927805,15,436.0
5325.0,19,253.0,5.622222222222222,6.235487515280757,6,107.0,0.3380629625330035,13,267.0,0.22019181334752844,19,374.0
5330.0,22,312.0,6.782608695652174,4.615759928920914,7,138.0,0.3294485605547197,15,265.0,0.1356652883761624,22,403.0
5335.0,23,287.0,6.1063829787234045,4.930904180574471,7,89.0,0.42035270693480087,16,310.0,0.14789535257030284,23,399.0
5340.0,20,367.0,7.196078431372549,5.582134085625061,5,95.0,0.5150212332740555,15,350.0,0.21655981931035473,20,445.0
5345.0,19,407.0,7.537037037037037,6.777540734655734,5,99.0,0.5827783856992412,14,401.0,0.3298832722912934,19,500.0
5350.0,18,392.0,7.2592592592592595,5.7381089728570185,6,106.0,0.5465878462935685,12,384.0,0.2908875145581704,18,490.0
5355.0,21,408.0,7.555555555555555,5.712123343158162,10,141.0,0.42821223643900813,11,325.0,0.33340737070117327,21,466.0
5360.0,22,464.0,8.592592592592593,4.274822689106164,12,198.0,0.18044549802695434,10,321.0,0.2634196045062989,22,519.0
5365.0,28,435.0,7.631578947368421,4.3973991931355565,14,185.0,0.16055162161048034,14,335.0,0.2351945845072615,28,520.0
5370.0,29,527.0,9.943396226415095,4.4079235179196585,16,216.0,0.22130703437726937,13,367.0,0.24667692841560923,29,583.0
5375.0,27,569.0,10.735849056603774,4.108583448111889,13,238.0,0.1810101740830163,14,415.0,0.24018179669295459,27,653.0
5380.0,21,498.0,9.054545454545455,4.690649695094974,8,195.0,0.2923977232811469,13,448.0,0.19494515925613556,21,643.0
5385.0,17,492.0,9.647058823529411,5.314642495931909,7,164.0,0.27027311235435825,10,438.0,0.23509392798176157,17,602.0
5390.0,17,248.0,4.96,6.04865712527248,10,165.0,0.21438965907834573,7,296.0,0.3374007697915249,17,461.0
5395.0,19,173.0,3.5306122448979593,5.822805777465438,10,170.0,0.23926325743782614,9,118.0,0.38451534153731837,19,288.0
5400.0,19,223.0,4.46,5.90330949374662,8,141.0,0.4019901638429581,11,134.0,0.23819404535059818,19,275.0
5405.0,15,259.0,4.886792452830188,7.023230482933835,7,160.0,0.5415392583753559,8,145.0,0.30091642975043503,15,305.0
5410.0,10,223.0,4.12962962962963,7.837015006033967,6,156.0,0.4158134719771509,4,116.0,0.4697584845258838,10,272.0
5415.0,15,281.0,5.509803921568627,6.821495683736903,9,178.0,0.28764262612334174,6,141.0,0.39223591019978205,15,319.0
5420.0,22,252.0,5.361702127659575,5.483275202377222,8,116.0,0.3331183260063714,14,195.0,0.28266749136188574,22,311.0
5425.0,18,303.0,6.06,5.37682833495184,7,119.0,0.3249706928886638,11,221.0,0.2987062627886736,18,340.0
5430.0,21,373.0,7.9361702127659575,5.193895659280888,10,157.0,0.18785515133175087,11,229.0,0.4026758716611992,21,386.0
5435.0,21,345.0,6.764705882352941,5.517860096034253,11,210.0,0.2224854074113149,10,190.0,0.42449986959791897,21,400.0
5440.0,17,291.0,5.388888888888889,5.835331576344471,9,212.0,0.2742146965452065,8,179.0,0.42765700761841224,17,391.0
5445.0,17,276.0,5.2075471698113205,6.0509765348827464,6,149.0,0.36902682703427797,11,205.0,0.3613195681983234,17,354.0
5450.0,18,364.0,6.618181818181818,6.003806787827774,6,171.0,0.41121703898166095,12,247.0,0.2300462439355902,18,418.0
5455.0,22,303.0,5.224137931034483,5.864003827831958,8,185.0,0.43396245750242013,14,221.0,0.2181026402431704,22,406.0
5460.0,23,404.0,7.087719298245614,6.419567589383166,8,218.0,0.4729280329275345,15,243.0,0.27294022368506055,23,461.0
5465.0,20,337.0,5.912280701754386,6.03449447458923,9,218.0,0.40806407425813057,11,251.0,0.3516301922545448,20,469.0
5470.0,20,366.0,6.535714285714286,6.609043783081726,11,216.0,0.4030597492552684,9,216.0,0.4226924492009378,20,432.0
5475.0,21,223.0,3.912280701754386,4.554557182221408,11,161.0,0.22551110018152334,10,188.0,0.3050634948789283,21,349.0
5480.0,26,275.0,4.435483870967742,5.423679904622465,13,163.0,0.263282333041881,13,170.0,0.3455749780513551,26,333.0
5485.0,24,276.0,4.451612903225806,5.561127322509277,11,172.0,0.3229665538947274,13,202.0,0.35513765769215316,24,374.0
5490.0,17,257.0,4.213114754098361,6.206653962603634,6,122.0,0.41045813526033786,11,227.0,0.3210744099375164,17,349.0
5495.0,18,182.0,3.25,5.342106706613583,7,102.0,0.3439047313254234,11,208.0,0.16015498400344094,18,310.0
5500.0,23,197.0,3.396551724137931,5.7188132876756015,9,110.0,0.33930068691252696,14,180.0,0.22003872774431865,23,290.0
5505.0,24,187.0,3.2241379310344827,4.488678728945313,11,137.0,0.3144959220933729,13,196.0,0.24770432252401162,24,333.0
5510.0,25,255.0,4.322033898305085,5.964295572582901,13,168.0,0.4086974066528483,12,190.0,0.3623152486310331,25,358.0
5515.0,25,282.0,4.622950819672131,5.103069232883771,13,199.0,0.34153465539576394,12,214.0,0.325981937325927,25,413.0
5520.0,25,345.0,5.564516129032258,5.400392532898649,15,256.0,0.259803106947836,10,213.0,0.40610285379630967,25,469.0
5525.0,29,321.0,5.17741935483871,4.045979582525697,19,269.0,0.20649318580204012,10,216.0,0.29703422674853736,29,485.0
5530.0,26,333.0,5.203125,4.970092971987153,12,256.0,0.3189625734769976,14,255.0,0.2577387789242106,26,511.0
5535.0,24,330.0,5.238095238095238,5.251211274742837,11,258.0,0.4029834157417442,13,235.0,0.11256495358015861,24,493.0
5540.0,24,304.0,4.825396825396825,4.834120807431072,11,256.0,0.32502304122102615,13,248.0,0.1403615761552584,24,504.0
5545.0,27,315.0,4.7727272727272725,4.891550281026414,15,228.0,0.261316222194896,12,251.0,0.17428193512407125,27,479.0
5550.0,31,382.0,5.96875,4.847132610858727,18,270.0,0.1959327363466962,13,290.0,0.3243112399130491,31,560.0
5555.0,28,385.0,6.015625,5.34559387011072,20,293.0,0.1574702590269668,8,271.0,0.49212705409451035,28,564.0
5560.0,24,325.0,5.0,5.315954387782599,19,336.0,0.10538107343669646,5,190.0,0.479398641883757,24,526.0
5565.0,19,245.0,3.656716417910448,5.459671992037645,12,319.0,0.22078691418315682,7,168.0,0.3175311560947549,19,487.0
5570.0,25,204.0,3.044776119402985,5.002274136136113,11,306.0,0.3018054447452202,14,178.0,0.1753118404817335,25,484.0
5575.0,30,278.0,4.088235294117647,5.00309709190489,15,275.0,0.33272042075554736,15,195.0,0.2284719352022925,30,470.0
5580.0,26,333.0,5.203125,4.64413393289086,14,301.0,0.21830692701457152,12,194.0,0.34093450760989485,26,495.0
5585.0,26,389.0,5.893939393939394,4.708477129238242,13,274.0,0.18559971483784105,13,210.0,0.3303086980797184,26,484.0
5590.0,22,335.0,5.0,5.041588386196903,11,263.0,0.2354778438357527,11,242.0,0.2434410473879831,22,505.0
5595.0,27,293.0,4.3088235294117645,5.273983021852027,14,224.0,0.2583114139052261,13,254.0,0.2694692386296693,27,478.0
5600.0,30,384.0,5.647058823529412,4.812748307451944,15,272.0,0.2632961722007489,15,264.0,0.2757096645164468,30,536.0
5605.0,30,440.0,6.769230769230769,5.037380108151763,18,322.0,0.2639043502619064,12,280.0,0.3502023294314223,30,602.0
5610.0,26,435.0,6.904761904761905,4.907409798944688,17,340.0,0.19432344267420903,9,243.0,0.36031294537234576,26,583.0
5615.0,21,278.0,4.483870967741935,5.1165036788661675,11,316.0,0.16134895552408995,10,199.0,0.30497970300737676,21,515.0
5620.0,24,353.0,5.983050847457627,5.38019726225947,11,301.0,0.325188605133626,13,195.0,0.1068730454466865,24,496.0
5625.0,21,364.0,6.275862068965517,5.169601505755499,7,261.0,0.3926461011773574,14,229.0,0.05421894256702381,21,490.0
5630.0,23,420.0,7.5,5.675965940901966,13,254.0,0.26478611195722285,10,238.0,0.28497278787459224,23,492.0
5635.0,21,234.0,4.333333333333333,5.506805847078922,12,205.0,0.17842990205666429,9,211.0,0.3568903938235148,21,416.0
5640.0,22,241.0,4.7254901960784315,5.631899425599768,16,203.0,0.1929696231639585,6,164.0,0.3819895649538005,22,367.0
5645.0,25,250.0,5.208333333333333,4.126855777465853,14,227.0,0.21215474473906262,11,180.0,0.26285587509953123,25,407.0
5650.0,20,229.0,4.320754716981132,4.828733167636509,9,194.0,0.28001244658059965,11,198.0,0.28304156433507227,20,392.0
5655.0,15,221.0,3.9464285714285716,5.9244259254918505,6,161.0,0.45475659322924433,9,196.0,0.26022407843622214,15,357.0
5660.0,12,258.0,4.372881355932203,7.448172533734371,7,165.0,0.45326343505087185,5,183.0,0.4106170900599415,12,348.0
5665.0,13,175.0,2.9166666666666665,6.89336448667414,5,160.0,0.3925493475502276,8,121.0,0.32448317051766457,13,281.0
5670.0,23,256.0,4.413793103448276,6.504475786908097,10,173.0,0.31963345119740094,13,174.0,0.29489723881632035,23,347.0
5675.0,22,228.0,4.0,5.930587488272221,13,156.0,0.279260152723272,9,194.0,0.4275046901502432,22,350.0
5680.0,17,284.0,5.2592592592592595,6.005872210912205,10,165.0,0.37845469648994423,7,216.0,0.3711659602427061,17,381.0
5685.0,18,242.0,4.745098039215686,4.656093413573216,9,172.0,0.3056007348692496,9,223.0,0.32482829266299906,18,395.0
5690.0,16,221.0,4.333333333333333,5.473036859352559,8,139.0,0.2850366377604972,8,206.0,0.27723389110684477,16,345.0
5695.0,20,199.0,3.98,5.468226365159563,11,149.0,0.22217356513933048,9,157.0,0.14724030155860898,20,306.0
5700.0,23,260.0,4.90566037735849,5.696060969384495,12,186.0,0.27480268875700237,11,127.0,0.13550679024736653,23,313.0
5705.0,18,275.0,5.729166666666667,5.717963598966233,11,210.0,0.34733498428311793,7,130.0,0.29686048237493257,18,340.0
5710.0,20,311.0,6.911111111111111,5.715760106216453,12,238.0,0.34679520968767685,8,147.0,0.40884455038922835,20,385.0
5715.0,18,309.0,6.574468085106383,5.428869581471886,14,249.0,0.24010432589670772,4,135.0,0.4824667128448573,18,384.0
5720.0,18,241.0,4.918367346938775,5.744879942324129,13,211.0,0.18580430362232717,5,96.0,0.531913709153087,18,307.0
5725.0,22,332.0,6.64,6.132254024879585,15,233.0,0.1590226400511369,7,128.0,0.46393935836782263,22,361.0
5730.0,18,235.0,4.7,6.0354547804056695,12,241.0,0.20414600714535952,6,73.0,0.4704895073983015,18,314.0
5735.0,11,162.0,3.306122448979592,6.7186464737474285,4,167.0,0.39903190693628543,7,104.0,0.39326897619247997,11,271.0
5740.0,14,159.0,3.3125,6.4559887418307085,6,131.0,0.4287270612886335,8,87.0,0.2917056942005808,14,218.0
5745.0,14,213.0,4.531914893617022,7.570408524173447,7,135.0,0.4522219934166782,7,96.0,0.3210330526640778,14,231.0
5750.0,14,182.0,3.7142857142857144,6.399168983399015,7,120.0,0.4553121818258575,7,72.0,0.2533831264297677,14,192.0
5755.0,16,192.0,4.0,6.476926623128766,8,115.0,0.3512317145825025,8,109.0,0.3394713621395628,16,224.0
5760.0,13,128.0,2.8444444444444446,5.797222193095903,8,108.0,0.3278640395582449,5,101.0,0.4028570990802217,13,209.0
5765.0,18,180.0,3.6,5.936540193589632,13,148.0,0.2139326480643952,5,70.0,0.5068775073605827,18,218.0
5770.0,16,166.0,3.1320754716981134,6.472627081830138,12,183.0,0.20955060579426563,4,45.0,0.5384648232604894,16,228.0
5775.0,14,191.0,3.537037037037037,7.436477473143792,8,178.0,0.3537198730540361,6,69.0,0.5150134292080701,14,247.0
5780.0,20,187.0,3.3392857142857144,5.448324697156748,12,187.0,0.305126573080758,8,76.0,0.2360606925858272,20,263.0
5785.0,18,203.0,3.690909090909091,6.1169125836133995,7,187.0,0.4074885203170813,11,110.0,0.2838661440513278,18,297.0
5790.0,19,240.0,4.444444444444445,5.679146041207541,9,193.0,0.34197822662889227,10,128.0,0.3586741340520991,19,321.0
5795.0,19,241.0,4.547169811320755,5.1467329159635895,9,154.0,0.3175670905226262,10,163.0,0.3525232545689525,19,317.0
5800.0,21,243.0,4.418181818181818,4.1550581316032655,12,194.0,0.2588057905801343,9,158.0,0.27293111403701303,21,352.0
5805.0,22,230.0,3.9655172413793105,4.976056944524695,15,199.0,0.2789569477556181,7,129.0,0.3504056809880206,22,328.0
5810.0,15,182.0,2.9836065573770494,5.8095918894240235,11,174.0,0.2598340382915291,4,110.0,0.42566314654685594,15,284.0
5815.0,19,204.0,3.238095238095238,5.788962886052435,11,204.0,0.30594086516160923,8,73.0,0.23965160965628413,19,277.0
5820.0,23,200.0,3.0303030303030303,5.643460058453343,14,221.0,0.32425263929184467,9,99.0,0.2416576231904898,23,320.0
5825.0,20,243.0,3.9193548387096775,5.432099620687565,16,277.0,0.23260943763843692,4,92.0,0.5154091747555454,20,369.0
5830.0,27,344.0,5.548387096774194,5.286564003282949,23,344.0,0.18751986582670932,4,99.0,0.5468109856014325,27,443.0
5835.0,27,377.0,5.890625,5.541032435555784,22,374.0,0.23061187707550646,5,121.0,0.45077334494355525,27,495.0
5840.0,31,401.0,5.897058823529412,5.15155924497436,25,452.0,0.12045857572151195,6,73.0,0.5015987492967521,31,525.0
5845.0,31,438.0,6.537313432835821,5.033665348227805,24,502.0,0.1533306585056152,7,80.0,0.4613699901865139,31,582.0
5850.0,23,275.0,4.104477611940299,5.00090510933224,15,476.0,0.29154561796568984,8,90.0,0.3489713886986827,23,566.0
5855.0,25,365.0,5.214285714285714,5.7208810820098455,14,442.0,0.3460280280659726,11,114.0,0.31934616909960273,25,556.0
5860.0,27,427.0,6.1,5.872834313756721,16,395.0,0.3722372781576703,11,133.0,0.22458453793512323,27,528.0
5865.0,23,423.0,6.220588235294118,5.905195194494862,15,426.0,0.2801451891000345,8,126.0,0.2768241766019911,23,552.0
5870.0,24,460.0,7.076923076923077,5.380009641573513,17,468.0,0.17148245788723268,7,108.0,0.30230957608956,24,576.0
5875.0,29,540.0,8.571428571428571,5.206110166070736,18,516.0,0.26377028296760513,11,140.0,0.24577090055680617,29,656.0
5880.0,27,639.0,10.830508474576272,4.669037801244305,16,569.0,0.23719845423049882,11,177.0,0.30253614731677697,27,746.0
5885.0,24,675.0,12.053571428571429,4.627190505220285,16,626.0,0.20155975716876431,8,170.0,0.34542523407726206,24,796.0
5890.0,23,715.0,12.327586206896552,4.520248631939851,18,682.0,0.10748707872864087,5,155.0,0.32780564213484664,23,837.0
5895.0,29,824.0,13.290322580645162,4.598979175699951,17,770.0,0.19262549080919975,12,151.0,0.1805900694756265,29,921.0
5900.0,29,758.0,12.031746031746032,5.134094274266284,17,735.0,0.2690456638214454,12,187.0,0.26170390259229154,29,922.0
5905.0,21,469.0,7.688524590163935,5.259927761893172,14,625.0,0.25735570046117506,7,185.0,0.33211385416664785,21,810.0
5910.0,18,308.0,5.049180327868853,5.203901290855129,11,520.0,0.249620773222686,7,202.0,0.3353403573584397,18,722.0
5915.0,26,315.0,5.163934426229508,5.1491237378153265,11,437.0,0.3008936431732941,15,233.0,0.27324020916150704,26,670.0
5920.0,25,407.0,7.017241379310345,4.413540425180373,11,429.0,0.22575391059910935,14,273.0,0.2813018992979747,25,702.0
5925.0,25,482.0,8.607142857142858,4.587202581001908,14,394.0,0.14620393237235876,11,269.0,0.3281784585050305,25,663.0
5930.0,26,554.0,9.892857142857142,4.045702412617073,16,393.0,0.11518312883863215,10,294.0,0.288577028487816,26,687.0
5935.0,29,550.0,9.322033898305085,3.0349267388643857,14,410.0,0.12518421207887073,15,321.0,0.18745139721481485,29,731.0
5940.0,27,558.0,9.457627118644067,4.6816311991930615,11,356.0,0.363531658355896,16,365.0,0.2250436546787126,27,721.0
5945.0,21,592.0,10.571428571428571,5.370551281851028,11,367.0,0.3012365172170717,10,368.0,0.2668330397810221,21,735.0
5950.0,22,396.0,6.711864406779661,4.786197079278622,12,364.0,0.2414959609617271,10,226.0,0.23007893237813412,22,590.0
5955.0,26,347.0,6.087719298245614,4.187617382495944,12,312.0,0.18375209395096165,14,188.0,0.2275578379072995,26,500.0
5960.0,33,460.0,7.796610169491525,4.566440744620284,15,355.0,0.24381385114289425,18,244.0,0.2604067850557705,33,599.0
5965.0,31,518.0,8.779661016949152,4.7681922371631105,12,372.0,0.320183956065133,19,287.0,0.2515096997572769,31,659.0
5970.0,28,520.0,8.666666666666666,3.737410392524418,8,336.0,0.2951307753440362,20,320.0,0.13712078759709864,28,656.0
5975.0,22,452.0,7.409836065573771,4.700867702900156,10,352.0,0.26762329714240224,12,313.0,0.2546942085419882,22,665.0
5980.0,20,506.0,7.90625,5.719123083523646,12,377.0,0.17825830352175143,8,256.0,0.3845758781332468,20,633.0
5985.0,20,269.0,4.203125,6.261501391870302,11,266.0,0.18925856689206563,9,253.0,0.437618477836507,20,519.0
5990.0,28,335.0,5.317460317460317,5.121022733495608,11,168.0,0.28412737522438547,17,277.0,0.2520996537848262,28,445.0
5995.0,27,371.0,5.983870967741935,4.7004526445678945,8,158.0,0.3323061820147317,19,325.0,0.23308139844032663,27,483.0
6000.0,19,342.0,6.0,5.448907969802585,4,108.0,0.3795863296884557,15,348.0,0.22258531758919559,19,456.0
6005.0,18,262.0,4.440677966101695,4.087090592001994,4,105.0,0.18741580180412978,14,302.0,0.13204810201586994,18,407.0
6010.0,29,349.0,5.629032258064516,4.811544919266614,10,138.0,0.3186395100663173,19,329.0,0.16853803647979698,29,467.0
6015.0,28,388.0,6.360655737704918,5.1515196624564386,8,128.0,0.47303812957635916,20,411.0,0.20012039667194353,28,539.0
6020.0,28,481.0,8.152542372881356,4.8269639243605535,9,162.0,0.45814891162029275,19,471.0,0.22491074616500917,28,633.0
6025.0,31,446.0,7.559322033898305,3.619521802176888,11,140.0,0.2579036718921348,20,497.0,0.17727916796957732,31,637.0
6030.0,26,334.0,5.475409836065574,4.481604885538948,7,94.0,0.3086195993829875,19,506.0,0.1684945138722824,26,600.0
6035.0,22,300.0,4.918032786885246,4.31894352608152,5,89.0,0.3838420825198803,17,525.0,0.12565679660847937,22,614.0
6040.0,23,213.0,3.55,4.9179052069068,10,119.0,0.26453065123463093,13,477.0,0.21552859027847776,23,596.0
6045.0,26,255.0,4.396551724137931,4.400823683808354,13,152.0,0.16956217238207036,13,483.0,0.262236702512233,26,635.0
6050.0,30,354.0,6.2105263157894735,3.7364507355600107,15,206.0,0.25134352699552803,15,506.0,0.16445963528218074,30,712.0
6055.0,30,404.0,7.087719298245614,3.1704908944340833,12,224.0,0.3071277365912088,18,536.0,0.13275547396332243,30,760.0
6060.0,27,372.0,6.2,4.254458175843867,6,188.0,0.33935933116367556,21,525.0,0.2087526189020418,27,713.0
6065.0,23,421.0,7.016666666666667,4.584737571370951,6,182.0,0.40562718739388887,17,539.0,0.18662672250208823,23,721.0
6070.0,22,399.0,6.879310344827586,4.433280211476957,12,220.0,0.24830272372018528,10,468.0,0.24747979928727465,22,688.0
6075.0,19,185.0,3.135593220338983,3.9984785243196934,11,188.0,0.16721894063171974,8,377.0,0.26469281633985603,19,565.0
6080.0,27,226.0,3.6451612903225805,4.993019696992641,13,173.0,0.29410509409415336,14,320.0,0.26205159452246424,27,493.0
6085.0,24,272.0,4.25,5.399195859522734,10,171.0,0.26119123741203293,14,351.0,0.3873066234522303,24,522.0
6090.0,16,214.0,3.292307692307692,6.325300396313555,6,115.0,0.33225616580712813,10,325.0,0.3526154035196807,16,440.0
6095.0,14,163.0,2.6721311475409837,5.783467826664295,4,106.0,0.33754799250122386,10,293.0,0.2556683395288271,14,399.0
6100.0,25,235.0,3.671875,5.09418217471077,9,137.0,0.27112298943546775,16,298.0,0.16281174314835506,25,435.0
6105.0,27,300.0,4.918032786885246,4.347505491962567,9,146.0,0.26702074432254325,18,358.0,0.20958859893730752,27,504.0
6110.0,23,376.0,5.968253968253968,5.528195247579587,5,115.0,0.39189618043311364,18,417.0,0.22097173090752603,23,532.0
6115.0,26,412.0,6.5396825396825395,5.144047606563769,7,124.0,0.4271861604196165,19,454.0,0.1919735251705115,26,578.0
6120.0,25,425.0,6.538461538461538,5.634028901442448,12,176.0,0.31050260513044114,13,446.0,0.2097428140589819,25,622.0
6125.0,23,462.0,7.21875,5.0549904460338055,12,196.0,0.21759834754029495,11,447.0,0.21551148490446403,23,643.0
6130.0,22,478.0,8.101694915254237,5.499228710794537,7,194.0,0.37754659371957455,15,473.0,0.17335941003629293,22,667.0
6135.0,24,410.0,7.192982456140351,5.040363722875509,8,212.0,0.41370818597002446,16,398.0,0.14496921813155952,24,610.0
6140.0,26,389.0,6.706896551724138,5.305426730516701,12,265.0,0.3795218933673748,14,328.0,0.22193393460726885,26,593.0
6145.0,28,265.0,4.274193548387097,4.32703926106029,12,210.0,0.35729899996799014,16,336.0,0.1882230957679515,28,546.0
6150.0,27,283.0,4.492063492063492,5.102499510947489,14,178.0,0.27995215639969023,13,306.0,0.32338737511063614,27,484.0
6155.0,23,265.0,4.344262295081967,5.256712737639549,15,208.0,0.20308593022637045,8,284.0,0.35163531094106076,23,492.0
6160.0,20,239.0,3.7936507936507935,6.024796292370127,8,188.0,0.23722901489581305,12,266.0,0.2912817062616945,20,454.0
6165.0,22,215.0,3.6440677966101696,4.5867462103853365,10,169.0,0.23377550179491835,12,259.0,0.18126996635065054,22,428.0
6170.0,30,284.0,4.507936507936508,4.950334498179089,14,189.0,0.269454544759536,16,263.0,0.2107679721926877,30,452.0
6175.0,25,312.0,5.379310344827586,4.453726608480052,11,193.0,0.3081053509991559,14,284.0,0.25009233111398416,25,477.0
6180.0,17,268.0,4.5423728813559325,5.578503493667326,7,163.0,0.33952518749394967,10,269.0,0.26437759685707735,17,432.0
6185.0,19,314.0,5.413793103448276,5.613641825774324,9,172.0,0.23746307585420176,10,283.0,0.22092566268942257,19,455.0
6190.0,24,293.0,4.966101694915254,5.513218761464241,11,171.0,0.19883331719002703,13,305.0,0.1726266900598091,24,476.0
6195.0,24,233.0,4.160714285714286,4.890449824290158,13,164.0,0.26836969586607856,11,260.0,0.20967826194968886,24,424.0
6200.0,25,286.0,5.39622641509434,5.353692145254049,11,162.0,0.30712612241757,14,303.0,0.3319842774115094,25,465.0
6205.0,27,345.0,6.634615384615385,4.654074828982481,16,218.0,0.27268532770016063,11,305.0,0.32779476887285797,27,523.0
6210.0,22,325.0,6.018518518518518,4.4770847085949255,13,248.0,0.15374783632713487,9,240.0,0.30391857013200846,22,488.0
6215.0,19,293.0,5.425925925925926,5.207318069106765,9,231.0,0.22298633432288872,10,240.0,0.2392916558038069,19,471.0
6220.0,21,241.0,4.462962962962963,5.257288520591159,9,201.0,0.16980687901135672,12,233.0,0.21932385062775972,21,434.0
6225.0,23,229.0,4.163636363636364,5.402930551106143,12,208.0,0.2466176739556974,11,196.0,0.25522558080038976,23,404.0
6230.0,24,257.0,4.672727272727273,5.759859383213048,11,213.0,0.36674171598682886,13,201.0,0.3232517049151608,24,414.0
6235.0,21,265.0,5.0,5.490728092058697,10,200.0,0.45268834044871725,11,197.0,0.28271808107476243,21,397.0
6240.0,19,259.0,4.709090909090909,5.685507382685853,11,229.0,0.30921847978175837,8,157.0,0.35296063315677134,19,386.0
6245.0,22,366.0,6.777777777777778,6.343020652795807,13,279.0,0.20884806300780764,9,169.0,0.43791888064320084,22,448.0
6250.0,21,314.0,5.508771929824562,5.27623899097805,11,256.0,0.16676735533864284,10,176.0,0.3049278434609449,21,432.0
6255.0,16,178.0,3.2962962962962963,5.952846150464958,5,159.0,0.3629834453756033,11,176.0,0.2846562789259203,16,335.0
6260.0,18,250.0,4.716981132075472,5.732466311566224,7,127.0,0.4226996423747884,11,221.0,0.18477773204819264,18,348.0
6265.0,25,360.0,6.206896551724138,5.782721329341158,9,133.0,0.4865737201885852,16,285.0,0.10599434183661238,25,418.0
6270.0,22,334.0,5.758620689655173,5.584887641522791,6,122.0,0.5175906243400269,16,326.0,0.1163856336426924,22,448.0
6275.0,18,341.0,6.314814814814815,6.485338690029158,9,143.0,0.42141174249256513,9,316.0,0.3315809167985424,18,459.0
6280.0,19,239.0,4.509433962264151,4.59035935482482,12,171.0,0.13548195862588527,7,237.0,0.32438635354248746,19,408.0
6285.0,25,348.0,6.444444444444445,5.712984345210326,15,231.0,0.2443667215300169,10,231.0,0.40179034720000145,25,462.0
6290.0,23,351.0,6.5,5.537624729034876,12,262.0,0.34498162750782524,11,230.0,0.3364967900615354,23,492.0
6295.0,16,328.0,5.963636363636364,6.055199885856736,8,258.0,0.44004548210048205,8,183.0,0.22346173259869437,16,441.0
6300.0,23,249.0,4.293103448275862,4.4867591543331935,10,219.0,0.3105120860629943,13,182.0,0.12212110090897539,23,401.0
6305.0,19,223.0,3.716666666666667,5.908765920023916,12,184.0,0.3149692570294159,7,170.0,0.3412002490235931,19,354.0
6310.0,21,212.0,3.4754098360655736,5.232867945697797,12,191.0,0.31232318240170537,9,177.0,0.27471533071501136,21,368.0
6315.0,26,285.0,4.453125,4.993877803809134,14,222.0,0.30517024958131944,12,229.0,0.28849990136201586,26,451.0
6320.0,24,306.0,4.707692307692308,4.504951113437974,13,242.0,0.20600663445318587,11,236.0,0.4058641350576825,24,478.0
6325.0,23,327.0,5.109375,5.334351613393886,12,245.0,0.2794471106819193,11,226.0,0.38704463010685514,23,471.0
6330.0,27,330.0,5.238095238095238,4.401279635907709,15,245.0,0.2449088544750629,12,234.0,0.21992740746721404,27,479.0
6335.0,28,384.0,6.095238095238095,4.653011386136481,20,295.0,0.16261469981546417,8,220.0,0.24967448901105072,28,515.0
6340.0,26,247.0,3.9838709677419355,3.561977126955844,19,313.0,0.057109375471209714,7,136.0,0.31336048760288593,26,449.0
6345.0,35,402.0,6.090909090909091,4.810945217203051,22,381.0,0.14974412104528254,13,158.0,0.35018515739792233,35,539.0
6350.0,31,462.0,7.573770491803279,4.599381089971755,18,425.0,0.21625466143254105,13,186.0,0.303590470145772,31,611.0
6355.0,22,451.0,7.6440677966101696,4.577488929295648,12,399.0,0.20414401046662264,10,184.0,0.19490247592676174,22,583.0
6360.0,21,458.0,8.178571428571429,4.553807890015768,15,415.0,0.13549770137519637,6,135.0,0.22179661161026254,21,550.0
6365.0,20,468.0,8.068965517241379,4.947127394195498,13,461.0,0.189175422946377,7,64.0,0.22441394726705544,20,525.0
6370.0,25,549.0,9.803571428571429,5.7460542233552525,16,508.0,0.30793076485471627,9,89.0,0.3435520369731245,25,597.0
6375.0,24,547.0,9.596491228070175,5.46042185442817,13,501.0,0.36948705867355197,11,124.0,0.3105688613098919,24,625.0
6380.0,19,338.0,6.1454545454545455,5.2224467176051945,10,433.0,0.30264647412556567,9,143.0,0.3602357736022128,19,576.0
6385.0,16,190.0,3.5185185185185186,6.025676052041756,12,385.0,0.19364416549196992,4,113.0,0.5331289782737838,16,498.0
6390.0,15,152.0,2.7142857142857144,4.686136857564192,12,426.0,0.16454923393782048,3,56.0,0.3869056239369246,15,482.0
6395.0,25,260.0,4.482758620689655,5.471786458795193,16,496.0,0.21573669359565245,9,81.0,0.4128898604232782,25,577.0
6400.0,24,264.0,4.551724137931035,4.99458686378317,14,531.0,0.29262761866455983,10,91.0,0.31554091326759154,24,622.0
6405.0,15,189.0,3.3157894736842106,5.446606620747205,11,504.0,0.25640865351999886,4,80.0,0.32326321963551446,15,584.0
6410.0,16,231.0,3.9152542372881354,6.230087934969179,11,502.0,0.3223635067850271,5,84.0,0.2745024088517794,16,586.0
6415.0,20,264.0,4.327868852459017,5.787692196710076,10,481.0,0.30756647234975376,10,110.0,0.2455312473382406,20,591.0
6420.0,25,279.0,4.810344827586207,5.4292322552357914,12,388.0,0.25608098981665095,13,167.0,0.3126542820787433,25,555.0
6425.0,22,335.0,5.677966101694915,5.185514805930934,14,307.0,0.19976696101085417,8,185.0,0.44355344548379483,22,492.0
6430.0,22,376.0,6.163934426229508,5.597004990264759,15,326.0,0.2340661703309529,7,159.0,0.43583352922276186,22,485.0
6435.0,24,411.0,6.85,5.380924003039785,17,399.0,0.22183299249722163,7,117.0,0.43264253140422326,24,516.0
6440.0,25,476.0,7.4375,4.737478529046973,14,432.0,0.1433540677307913,11,162.0,0.37348510245960664,25,594.0
6445.0,32,590.0,8.805970149253731,4.3587069080341845,18,491.0,0.15863137692618123,14,196.0,0.3610424965371153,32,687.0
6450.0,25,552.0,8.117647058823529,5.5748489980605616,14,481.0,0.241298998078382,11,206.0,0.42076932966860936,25,687.0
6455.0,21,423.0,6.042857142857143,5.098387927758007,8,368.0,0.30361250411030166,13,216.0,0.3046442371889403,21,584.0
6460.0,24,280.0,3.888888888888889,4.748457329037247,5,258.0,0.3868167176379825,19,234.0,0.17548371886443523,24,492.0
6465.0,34,319.0,4.36986301369863,4.839441451114526,9,183.0,0.4092199928452765,25,321.0,0.18329741422081722,34,504.0
6470.0,34,403.0,5.52054794520548,4.680569594210543,10,153.0,0.32417354062142467,24,378.0,0.244343892820813,34,531.0
6475.0,30,399.0,5.391891891891892,4.767355430477869,7,131.0,0.36887064229666405,23,381.0,0.1848507746330432,30,512.0
6480.0,32,469.0,6.337837837837838,4.583938661654118,7,136.0,0.39863501022535613,25,458.0,0.15915387305074652,32,594.0
6485.0,37,532.0,7.093333333333334,4.344467092061707,12,157.0,0.31034973767008817,25,524.0,0.19482726671279904,37,681.0
6490.0,32,411.0,5.554054054054054,3.6750524485058627,12,198.0,0.15411478043715934,20,513.0,0.23939061749466087,32,711.0
6495.0,27,450.0,6.0,5.21430311498096,9,219.0,0.24599845832872116,18,487.0,0.2632703836504029,27,706.0
6500.0,26,379.0,5.053333333333334,5.106447776187598,8,168.0,0.24355371174099238,18,493.0,0.23916033159547814,26,661.0
6505.0,35,499.0,6.743243243243243,4.907304132024226,14,218.0,0.24370639158198462,21,532.0,0.214285296417586,35,750.0
6510.0,35,612.0,8.5,4.210527700930431,11,249.0,0.2556545335154762,24,567.0,0.1839965081110151,35,816.0
6515.0,26,679.0,9.985294117647058,5.332562064699967,7,246.0,0.4398456198240907,19,562.0,0.2076259824676917,26,808.0
6520.0,24,464.0,6.628571428571429,4.543329677158741,5,166.0,0.19986928457370498,19,559.0,0.17781391479991543,24,725.0
6525.0,32,466.0,6.472222222222222,5.076355298962282,10,142.0,0.2926525663971653,22,539.0,0.19058370322003115,32,681.0
6530.0,31,494.0,7.373134328358209,4.843221555865236,7,160.0,0.4443102755730008,24,587.0,0.20371940093310786,31,747.0
6535.0,26,440.0,6.567164179104478,5.700130867033861,4,151.0,0.5710196488004751,22,577.0,0.20195941845681184,26,728.0
6540.0,25,274.0,3.971014492753623,4.5550029491499595,5,72.0,0.43291416836475327,20,617.0,0.10316330240677092,25,689.0
6545.0,23,279.0,4.043478260869565,5.5280193641606195,7,47.0,0.4535256517419201,16,614.0,0.1644489808040394,23,661.0
6550.0,26,214.0,3.292307692307692,4.63138672842679,8,67.0,0.3064381402221726,18,615.0,0.15887102749195697,26,682.0
6555.0,34,334.0,5.138461538461539,4.70756542387762,13,114.0,0.2595526902631764,21,604.0,0.17045468332001157,34,718.0
6560.0,35,412.0,6.149253731343284,4.036715029120775,13,142.0,0.2749858202386653,22,656.0,0.20741947413127332,35,798.0
6565.0,25,391.0,6.109375,5.103684428321033,6,118.0,0.4032741563250394,19,644.0,0.23811485252478554,25,762.0
6570.0,25,444.0,6.9375,4.981441700150343,6,116.0,0.4657883895991175,19,666.0,0.14172161701302116,25,782.0
6575.0,23,431.0,6.630769230769231,5.134754757865695,7,132.0,0.38631874520503884,16,637.0,0.10805123538084957,23,769.0
6580.0,24,389.0,6.377049180327869,5.125778208738048,8,138.0,0.327501377979025,16,619.0,0.1425884842615742,24,757.0
6585.0,28,307.0,4.723076923076923,5.285970527928019,10,157.0,0.2623448287688026,18,556.0,0.21809248099249978,28,713.0
6590.0,21,293.0,4.725806451612903,5.325667075993148,8,164.0,0.301111893495848,13,571.0,0.299284990421894,21,735.0
6595.0,24,364.0,5.870967741935484,5.981316230586326,11,174.0,0.40969648044656176,13,542.0,0.328506775602841,24,716.0
6600.0,22,283.0,4.421875,4.9286930631163814,7,154.0,0.4205076576148416,15,563.0,0.1510098827605733,22,717.0
6605.0,36,409.0,6.704918032786885,4.213824505589321,14,149.0,0.27485248404477686,22,628.0,0.19959285827193826,36,777.0
6610.0,34,450.0,7.5,3.4443159071848237,12,159.0,0.17988066378574608,22,697.0,0.22316030631096087,34,856.0
6615.0,25,441.0,7.603448275862069,3.978544071680678,8,109.0,0.1660557381510891,17,743.0,0.16362642553178952,25,852.0
6620.0,21,479.0,8.553571428571429,5.281575002823806,6,104.0,0.36724178939179186,15,725.0,0.14796204756814274,21,829.0
6625.0,22,435.0,7.767857142857143,4.9913404185650085,5,98.0,0.3530828866530961,17,733.0,0.12258158876927629,22,831.0
6630.0,21,362.0,6.703703703703703,4.813226730525595,6,102.0,0.3417511049240164,15,642.0,0.16389300989227654,21,744.0
6635.0,25,282.0,5.320754716981132,4.4479577542347135,10,146.0,0.37738244169826274,15,528.0,0.1806166855215918,25,674.0
6640.0,28,337.0,6.2407407407407405,3.9776075790746654,9,125.0,0.40235619491592106,19,470.0,0.146123780372222,28,595.0
6645.0,33,486.0,8.836363636363636,4.2078143675994335,11,167.0,0.38084560045213395,22,555.0,0.21383017373438243,33,722.0
6650.0,31,448.0,7.724137931034483,3.580968149000871,12,181.0,0.250772797364197,19,593.0,0.21498152548070582,31,774.0
6655.0,29,427.0,7.116666666666666,4.223750762077162,14,199.0,0.19342970134402823,15,570.0,0.2612570843546457,29,769.0
6660.0,30,429.0,6.809523809523809,4.376837518430592,14,217.0,0.20645578832452416,16,545.0,0.2577433476207806,30,762.0
6665.0,21,275.0,4.166666666666667,5.055145078553159,5,150.0,0.2909112689113789,16,488.0,0.2546297945310272,21,638.0
6670.0,20,280.0,4.17910447761194,5.623057098485514,5,139.0,0.42678051548554896,15,468.0,0.2362224855049113,20,607.0
6675.0,23,338.0,4.828571428571428,5.107786167642057,6,125.0,0.3730270746565171,17,483.0,0.22417150734721372,23,608.0
6680.0,22,378.0,5.4,5.278299109198264,6,138.0,0.4177822444783309,16,502.0,0.21658648368279718,22,640.0
6685.0,27,386.0,5.436619718309859,4.902607649023269,12,181.0,0.3037375638089078,15,451.0,0.19676971775270552,27,632.0
6690.0,34,474.0,6.405405405405405,4.441311841844309,17,206.0,0.25751466518609617,17,491.0,0.17430188482735362,34,697.0
6695.0,29,527.0,7.422535211267606,4.69658635570972,11,208.0,0.30194147171537455,18,527.0,0.1722973676703114,29,735.0
6700.0,28,301.0,4.180555555555555,4.725885201562047,10,178.0,0.34048543395800396,18,471.0,0.19844566617250067,28,649.0
6705.0,35,394.0,5.549295774647887,4.864519967865134,15,213.0,0.29385502614834197,20,423.0,0.23501963183146893,35,636.0
6710.0,36,526.0,7.205479452054795,4.126874267957068,17,262.0,0.2551589284834191,19,487.0,0.2534823743734466,36,749.0
6715.0,31,629.0,8.5,4.9287098407026075,14,281.0,0.23229991080524695,17,527.0,0.2922426007016191,31,808.0
6720.0,30,588.0,8.166666666666666,4.613576884303398,12,288.0,0.28649871549517586,18,550.0,0.24097625458211525,30,838.0
6725.0,35,577.0,7.4935064935064934,4.447326134757666,13,284.0,0.2672902973144507,22,569.0,0.19892543046625963,35,853.0
6730.0,36,563.0,7.712328767123288,4.014930407513862,14,318.0,0.2613313350136424,22,554.0,0.23079600270526657,36,872.0
6735.0,27,346.0,4.675675675675675,4.6011229824500495,12,333.0,0.21021222891505673,15,437.0,0.23221568939774445,27,770.0
6740.0,26,416.0,5.546666666666667,5.020958162248423,12,350.0,0.17895653260394342,14,355.0,0.2139328280512738,26,705.0
6745.0,28,438.0,6.0,4.576897621209692,13,346.0,0.1849954790384458,15,376.0,0.19045950704378473,28,722.0
6750.0,32,496.0,6.888888888888889,4.2698406633410615,17,402.0,0.19454908697814075,15,382.0,0.21757027557805772,32,784.0
6755.0,26,548.0,7.828571428571428,4.748623688906528,11,419.0,0.2585374253073205,15,379.0,0.21457677038619793,26,798.0
6760.0,27,479.0,6.8428571428571425,4.54744031978909,14,382.0,0.24145591292485544,13,331.0,0.18130028538155318,27,713.0
6765.0,34,624.0,8.914285714285715,5.271302425213254,18,407.0,0.2052210875841254,16,383.0,0.25920257324232043,34,790.0
6770.0,33,724.0,10.492753623188406,4.81662717520671,18,466.0,0.2138158230911861,15,418.0,0.2742400306972711,33,884.0
6775.0,24,743.0,11.08955223880597,5.1793074737196205,12,476.0,0.2392975809801975,12,461.0,0.30872281639762766,24,937.0
6780.0,27,555.0,8.043478260869565,4.139779296423495,12,457.0,0.19538442669314704,15,398.0,0.25452696809779496,27,855.0
6785.0,35,563.0,8.279411764705882,4.624733848104827,18,453.0,0.2610391748058341,17,301.0,0.2959019346863587,35,754.0
6790.0,30,382.0,5.701492537313433,4.7194967934548355,14,353.0,0.2799821440972444,16,346.0,0.35221771706868094,30,699.0
6795.0,29,430.0,6.515151515151516,4.525884265406078,15,298.0,0.23677836841360386,14,353.0,0.2614175415632393,29,651.0
6800.0,37,405.0,6.136363636363637,3.7346406476768164,18,325.0,0.12923145905862357,19,373.0,0.2079499215529743,37,698.0
6805.0,29,395.0,6.171875,4.2411078987745015,9,291.0,0.26790776514385917,20,400.0,0.1547277605464976,29,691.0
6810.0,31,494.0,7.841269841269841,4.330405391857307,9,269.0,0.4066478459800065,22,464.0,0.0829895661739394,31,733.0
6815.0,28,505.0,7.769230769230769,4.922235996533295,11,269.0,0.3424257659721983,17,502.0,0.1277841369281786,28,771.0
6820.0,27,480.0,7.164179104477612,5.034105645337095,13,251.0,0.24167378282249813,14,481.0,0.21572523693741028,27,732.0
6825.0,29,383.0,5.803030303030303,4.810864111427416,13,283.0,0.25263828716959985,16,447.0,0.27045440732367887,29,730.0
6830.0,31,456.0,6.909090909090909,4.316419998246044,15,335.0,0.3025096663096731,16,489.0,0.27440699084410525,31,824.0
6835.0,29,482.0,7.1940298507462686,4.404490195506331,13,356.0,0.32520742803771197,16,502.0,0.2878139707565923,29,858.0
6840.0,26,441.0,6.582089552238806,4.345439150255293,7,298.0,0.369921041918675,19,543.0,0.21275545809287505,26,841.0
6845.0,21,324.0,4.764705882352941,4.129502603330059,7,208.0,0.17648312500296529,14,546.0,0.21189388463212794,21,754.0
6850.0,26,236.0,3.4705882352941178,4.14142833636227,11,153.0,0.09839738191801911,15,516.0,0.21403082988467617,26,669.0
6855.0,35,336.0,4.732394366197183,4.009541050958445,13,184.0,0.18196224611379536,22,499.0,0.16471077504848158,35,683.0
6860.0,33,408.0,6.08955223880597,4.180651515270828,8,162.0,0.30384805317579777,25,569.0,0.16407604541549928,33,731.0
6865.0,31,513.0,7.225352112676056,5.107775081453552,8,174.0,0.399086315557312,23,652.0,0.1865074895062769,31,826.0
6870.0,28,549.0,8.073529411764707,5.301159990134122,5,163.0,0.5191270567532432,23,709.0,0.15501534543111214,28,872.0
6875.0,29,532.0,7.823529411764706,5.070078087208453,10,163.0,0.30221529260102176,19,731.0,0.21600815281659283,29,894.0
6880.0,30,502.0,7.723076923076923,4.148713773618696,11,195.0,0.1487147564522057,19,657.0,0.23422989799672347,30,852.0
6885.0,27,380.0,5.588235294117647,4.6221678889535465,7,207.0,0.3089283666792127,20,564.0,0.14353946527042463,27,771.0
6890.0,26,374.0,5.420289855072464,4.765918236315693,7,237.0,0.32705470785741597,19,614.0,0.16813943140672694,26,851.0
6895.0,32,482.0,6.694444444444445,5.239779791993726,12,291.0,0.3823134634717784,20,639.0,0.19823885439312566,32,930.0
6900.0,31,406.0,5.71830985915493,5.166359152544885,10,234.0,0.40823812193253056,21,675.0,0.23305833842506843,31,909.0
6905.0,27,395.0,5.642857142857143,5.148732048911214,11,213.0,0.3622878361117801,16,641.0,0.2423288648898523,27,854.0
6910.0,26,403.0,5.926470588235294,4.4665943225712414,10,225.0,0.21687603384184898,16,601.0,0.2629785539083647,26,826.0
6915.0,25,383.0,5.7164179104477615,4.845729948374657,8,191.0,0.29841832086407527,17,522.0,0.20093399358685363,25,713.0
6920.0,26,301.0,4.854838709677419,4.049991283059734,8,192.0,0.2949536750029453,18,520.0,0.13778600176370773,26,712.0
6925.0,29,406.0,6.766666666666667,4.46382993046232,5,180.0,0.37455421537971245,24,558.0,0.12209194595043454,29,738.0
6930.0,30,328.0,5.466666666666667,4.245532646131773,8,77.0,0.32278475894152275,22,607.0,0.15146743697348852,30,684.0
6935.0,22,310.0,5.081967213114754,5.462929946495518,9,92.0,0.346946067886241,13,588.0,0.2712599759157369,22,680.0
6940.0,22,364.0,5.870967741935484,5.230817472796116,9,123.0,0.2873628118921851,13,581.0,0.264198592505098,22,704.0
6945.0,26,400.0,6.349206349206349,4.337220516755153,11,153.0,0.3292630581877041,15,528.0,0.15296768399440389,26,681.0
6950.0,26,286.0,4.766666666666667,4.250982749304082,8,152.0,0.3221146426875378,18,521.0,0.22653391189556102,26,673.0
6955.0,26,250.0,4.166666666666667,4.366410859180887,7,112.0,0.3598169478631639,19,487.0,0.15677011120843562,26,599.0
6960.0,26,244.0,4.066666666666666,4.142735602882724,5,81.0,0.37300117215498807,21,511.0,0.11611531217198254,26,592.0
6965.0,26,233.0,3.6984126984126986,5.117218528598639,11,117.0,0.30662317928111515,15,456.0,0.2022882761891827,26,573.0
6970.0,20,242.0,3.903225806451613,5.136235188380636,8,134.0,0.2994503838701477,12,420.0,0.2464445535487416,20,554.0
6975.0,27,304.0,4.903225806451613,5.0491514507133965,12,164.0,0.25685386542036626,15,396.0,0.2787582424709496,27,560.0
6980.0,25,254.0,4.031746031746032,4.88811055141742,7,149.0,0.3748214551647867,18,421.0,0.24088318531293712,25,570.0
6985.0,23,283.0,4.564516129032258,6.147547381359003,3,91.0,0.5782296663487744,20,454.0,0.24394558572746064,23,545.0
6990.0,25,289.0,4.737704918032787,5.16714889840079,5,37.0,0.4978433383068446,20,477.0,0.1287064233014978,25,514.0
6995.0,19,262.0,4.440677966101695,5.722357981971035,6,62.0,0.4393579904963669,13,427.0,0.18197476589446235,19,489.0
7000.0,23,281.0,4.844827586206897,4.685588777056697,9,63.0,0.272662749434755,14,419.0,0.2147249520264755,23,482.0
7005.0,24,328.0,5.857142857142857,5.459444467999804,10,99.0,0.3797824846754139,14,434.0,0.25275038466454675,24,533.0
7010.0,25,291.0,5.596153846153846,4.599376118234667,8,105.0,0.45095137025168325,17,431.0,0.161969225389166,25,536.0
7015.0,20,172.0,3.510204081632653,4.328553837334599,4,69.0,0.43336599344512194,16,395.0,0.12636156096810416,20,464.0
7020.0,21,167.0,3.34,3.698268509366143,6,59.0,0.316142236898173,15,400.0,0.09499637222903576,21,459.0
7025.0,21,177.0,3.54,5.032372125362333,10,95.0,0.32697722416819003,11,366.0,0.17807528327387848,21,461.0
7030.0,19,212.0,4.416666666666667,4.822445807300968,10,112.0,0.238204092429535,9,346.0,0.2616934466698251,19,458.0
7035.0,16,224.0,4.76595744680851,5.794923584950742,6,110.0,0.3628124428589944,10,327.0,0.182830729866856,16,437.0
7040.0,17,200.0,4.651162790697675,5.271875891764638,6,79.0,0.4450221319191497,11,325.0,0.07683668397698251,17,404.0
7045.0,18,226.0,5.255813953488372,5.789981391594881,7,93.0,0.4678067278265754,11,296.0,0.17677776742950121,18,389.0
7050.0,19,283.0,6.738095238095238,5.073869184334731,9,110.0,0.3518145654329874,10,268.0,0.30897556608652066,19,378.0
7055.0,18,282.0,6.409090909090909,4.845028001979325,11,140.0,0.3613018709333386,7,247.0,0.32511666186346455,18,387.0
7060.0,13,238.0,5.666666666666667,6.178617451924545,8,154.0,0.3743858535325115,5,174.0,0.4895248072334401,13,328.0
7065.0,11,222.0,5.55,5.909822777330583,7,138.0,0.2207818874805765,4,149.0,0.4680807937821643,11,287.0
7070.0,17,261.0,6.214285714285714,4.941681658622047,9,146.0,0.21046210384829359,8,144.0,0.2719937969492952,17,290.0
7075.0,25,368.0,8.0,4.355564134071507,12,197.0,0.2621754438509313,13,200.0,0.11249557722256444,25,397.0
7080.0,19,331.0,7.355555555555555,4.490824108566788,8,226.0,0.38711804758844615,11,172.0,0.1392693082240922,19,398.0
7085.0,20,404.0,8.977777777777778,5.576195712723638,7,238.0,0.5077864960100772,13,200.0,0.10886940207549599,20,438.0
7090.0,18,271.0,5.76595744680851,4.648878498903122,8,140.0,0.39405151096755625,10,192.0,0.14724810705410363,18,332.0
7095.0,14,220.0,4.489795918367347,6.620515631786179,10,140.0,0.3697993852074279,4,138.0,0.4761219673979266,14,278.0
7100.0,15,240.0,4.8,5.920610017800986,11,167.0,0.1894995573348999,4,142.0,0.43120058753653145,15,309.0
7105.0,16,308.0,6.16,6.341763492584842,8,185.0,0.2776095170720037,8,178.0,0.34596752221233,16,363.0
7110.0,19,186.0,3.9574468085106385,5.120668272969635,9,186.0,0.19078559519054236,10,128.0,0.3170741337891738,19,314.0
7115.0,26,253.0,5.06,5.14303800539273,13,161.0,0.25073501984213753,13,147.0,0.2939531334629531,26,308.0
7120.0,18,200.0,4.0,4.8630001103055305,9,156.0,0.23124529069629277,9,133.0,0.37618183899716756,18,289.0
7125.0,18,221.0,4.333333333333333,6.510656625492914,11,156.0,0.2959436566148575,7,103.0,0.4688234585070956,18,259.0
7130.0,16,184.0,3.7551020408163267,5.967874415915703,10,156.0,0.25969116081084526,6,91.0,0.43100818054341433,16,247.0
7135.0,17,247.0,4.8431372549019605,6.447666381680679,11,180.0,0.30604667988088274,6,92.0,0.38048031136092986,17,272.0
7140.0,17,144.0,2.938775510204082,5.477893438008387,8,168.0,0.37486465667422963,9,85.0,0.23258937347743,17,253.0
7145.0,17,157.0,3.204081632653061,6.099100081034593,5,96.0,0.47183480426419305,12,107.0,0.2088287495390861,17,203.0
7150.0,18,192.0,4.173913043478261,5.67307036660891,5,85.0,0.531114764588724,13,134.0,0.09760040914801085,18,219.0
7155.0,17,200.0,4.166666666666667,5.932750558429004,5,65.0,0.46314074698922053,12,170.0,0.17781406669091931,17,235.0
7160.0,14,188.0,4.0,6.5875971095683905,6,75.0,0.41482348553113385,8,177.0,0.3268969627779299,14,252.0
7165.0,10,111.0,2.466666666666667,6.59712318391152,9,106.0,0.26033662651705186,1,103.0,0.5133062996634213,10,209.0
7170.0,18,168.0,3.574468085106383,6.430630453473497,13,134.0,0.19089017360935173,5,62.0,0.4501585998307697,18,196.0
7175.0,13,158.0,3.511111111111111,6.851410395431415,10,153.0,0.26922064274751567,3,52.0,0.5136589734351562,13,205.0
7180.0,9,155.0,3.4444444444444446,8.125317005276685,6,136.0,0.45279613325458823,3,53.0,0.5093928023847688,9,189.0
7185.0,10,119.0,2.6444444444444444,7.205923458361744,5,94.0,0.43788151662452995,5,73.0,0.38683096960942814,10,167.0
7190.0,16,185.0,3.8541666666666665,6.45089825522398,8,114.0,0.40553223077863954,8,108.0,0.31654011860340997,16,222.0
7195.0,19,204.0,4.25,5.537814918623158,10,109.0,0.25455396896489885,9,153.0,0.4240046555940137,19,262.0
7200.0,14,205.0,4.361702127659575,6.035253569959164,9,123.0,0.3270668038774736,5,155.0,0.4571203862225536,14,278.0
