step,system_total_stopped,system_total_waiting_time,system_mean_waiting_time,system_mean_speed,J17_stopped,J17_accumulated_waiting_time,J17_average_speed,J18_stopped,J18_accumulated_waiting_time,J18_average_speed,agents_total_stopped,agents_total_accumulated_waiting_time
5.0,0,0.0,0.0,13.917430519197914,0,0.0,1.0,0,0.0,0.9758789360163793,0,0.0
10.0,0,0.0,0.0,13.841145139036357,0,0.0,0.9443385272433261,0,0.0,0.9783728472875092,0,0.0
15.0,0,0.0,0.0,13.233424968633521,0,0.0,0.944258171137861,0,0.0,0.9236214870076267,0,0.0
20.0,0,0.0,0.0,11.932631067709728,0,0.0,0.7594680976647185,0,0.0,0.981067137073109,0,0.0
25.0,2,4.0,0.26666666666666666,8.201750890356807,2,4.0,0.4973949542314755,0,0.0,0.6626817267549602,2,4.0
30.0,5,27.0,1.35,8.970867106489887,3,19.0,0.5715528755663083,2,8.0,0.6728079118831019,5,27.0
35.0,7,57.0,2.4782608695652173,7.352009057931329,4,37.0,0.4503726540471013,3,20.0,0.4792718736951907,7,57.0
40.0,10,103.0,3.9615384615384617,7.514234817677244,5,60.0,0.3828427906354317,5,43.0,0.5600007909671322,10,103.0
45.0,9,126.0,4.344827586206897,5.443883863684642,6,87.0,0.17317593465965267,3,43.0,0.47023347937258647,9,130.0
50.0,10,147.0,4.741935483870968,5.570973100472111,5,96.0,0.36110090193862204,5,60.0,0.3816603067870996,10,156.0
55.0,10,153.0,4.78125,6.82444109352733,5,115.0,0.518153454735023,5,49.0,0.4283723658009829,10,164.0
60.0,11,160.0,5.0,6.957929381076912,4,97.0,0.5823209400680139,7,75.0,0.38330273445312796,11,172.0
65.0,10,176.0,5.333333333333333,6.692940662499678,5,119.0,0.4725817823333322,5,86.0,0.4585323536135614,10,205.0
70.0,13,106.0,2.717948717948718,6.037241065870669,5,67.0,0.375558574774698,8,95.0,0.4386903002409471,13,162.0
75.0,7,68.0,1.6585365853658536,7.378191416041308,2,31.0,0.591166194965553,5,70.0,0.44056107258688226,7,101.0
80.0,9,101.0,2.3488372093023258,8.67395055946655,2,32.0,0.5942883956199283,7,69.0,0.424248837606664,9,101.0
85.0,11,109.0,2.477272727272727,8.524315968905029,4,49.0,0.5751690582255311,7,78.0,0.3884228388907775,11,127.0
90.0,9,105.0,2.5609756097560976,7.976049010400474,1,43.0,0.6422217983330434,8,77.0,0.3558442927725973,9,120.0
95.0,9,101.0,2.8857142857142857,6.835922319105935,2,41.0,0.7104783235583179,7,83.0,0.29849402741787046,9,124.0
100.0,9,93.0,2.5135135135135136,7.433454386491324,1,18.0,0.7846623794564219,8,96.0,0.3080918371423909,9,114.0
105.0,7,73.0,1.8717948717948718,7.747397274022196,0,6.0,0.860150482236194,7,104.0,0.39565119583799957,7,110.0
110.0,11,105.0,2.5,7.016163492071295,4,17.0,0.46054415028828677,7,111.0,0.5031651818886751,11,128.0
115.0,12,88.0,2.1463414634146343,5.925787619559215,5,31.0,0.3846108376481318,7,110.0,0.4231914958644392,12,141.0
120.0,10,116.0,2.9,6.76286692565035,3,37.0,0.4519839942258031,7,100.0,0.3229582328804685,10,137.0
125.0,14,104.0,2.6666666666666665,5.6847657486844145,3,47.0,0.2872202606544513,11,99.0,0.13017208070979727,14,146.0
130.0,14,151.0,3.5952380952380953,6.7637600084899425,6,70.0,0.3460617721598182,8,105.0,0.22810213621446374,14,175.0
135.0,10,104.0,2.810810810810811,6.78860659762148,3,54.0,0.629592494809592,7,104.0,0.17786479071300657,10,158.0
140.0,8,131.0,4.09375,8.342996686282607,2,49.0,0.7650713759115731,6,112.0,0.39244867259075616,8,161.0
145.0,5,56.0,1.6470588235294117,7.9446376509987635,1,22.0,0.6806237060740985,4,95.0,0.4480878754782476,5,117.0
150.0,8,90.0,2.5714285714285716,8.818352299221566,4,21.0,0.5733287436271761,4,99.0,0.5972234036383574,8,120.0
155.0,9,133.0,3.8,7.187173883545437,4,38.0,0.4196014980910928,5,119.0,0.5070035877182609,9,157.0
160.0,11,136.0,3.7777777777777777,7.424665696886324,9,76.0,0.376119830087264,2,100.0,0.5835431688316346,11,176.0
165.0,7,120.0,3.3333333333333335,7.2052997079462795,5,89.0,0.3562262804347169,2,62.0,0.6583832298648037,7,151.0
170.0,13,152.0,4.470588235294118,6.349068818549102,6,78.0,0.442051399100461,7,83.0,0.30502500239084795,13,161.0
175.0,10,167.0,4.394736842105263,6.889272115306664,5,92.0,0.4707840728271889,5,97.0,0.385781402134923,10,189.0
180.0,11,212.0,5.578947368421052,7.9910783308872775,7,118.0,0.3395399084448245,4,106.0,0.5795101469315144,11,224.0
185.0,10,107.0,2.7435897435897436,6.951721547885507,7,115.0,0.3119681521569718,3,44.0,0.5576201182089837,10,159.0
190.0,12,128.0,3.282051282051282,7.355185706817883,8,107.0,0.339905590329671,4,35.0,0.5901092595532487,12,142.0
195.0,12,102.0,2.6153846153846154,6.741186937402669,5,79.0,0.4401919697614483,7,46.0,0.5052674350905073,12,125.0
200.0,11,146.0,3.7435897435897436,6.844505230834618,6,105.0,0.48848800448380014,5,58.0,0.44302246348954194,11,163.0
205.0,14,140.0,3.6842105263157894,5.786401188477436,4,78.0,0.4387497614153742,10,97.0,0.3670361908502614,14,175.0
210.0,13,137.0,3.341463414634146,5.695075574439334,4,42.0,0.5211860776412667,9,125.0,0.19947126269576868,13,167.0
215.0,14,195.0,4.7560975609756095,6.7641486526871475,5,42.0,0.5512924819690544,9,156.0,0.13094994929113607,14,198.0
220.0,13,190.0,4.318181818181818,6.3942786261957965,4,50.0,0.5036673792851445,9,177.0,0.1251710481594694,13,227.0
225.0,12,204.0,4.533333333333333,7.199736856197722,6,61.0,0.4962427578814974,6,162.0,0.3333125718081605,12,223.0
230.0,11,112.0,2.382978723404255,7.021004664761981,6,61.0,0.43575140814909225,5,108.0,0.448749898445894,11,169.0
235.0,17,187.0,3.816326530612245,7.598357995067811,11,114.0,0.4163167034910165,6,101.0,0.5842231408874197,17,215.0
240.0,13,168.0,3.5,6.511218209447015,8,133.0,0.3785315442381602,5,101.0,0.4728850904022585,13,234.0
245.0,16,201.0,4.02,6.153151854569801,8,120.0,0.4339878229273857,8,123.0,0.25046514200251335,16,243.0
250.0,14,169.0,3.38,5.670125997202698,7,116.0,0.3637562395857358,7,128.0,0.1721342007437047,14,244.0
255.0,18,229.0,4.2407407407407405,6.477305214959136,11,150.0,0.3672491895760431,7,125.0,0.3101915229138687,18,275.0
260.0,19,214.0,4.115384615384615,5.695805191019648,13,184.0,0.34312340007170467,6,101.0,0.3712346386503942,19,285.0
265.0,21,290.0,5.0,6.198289812214349,16,235.0,0.3544113513264875,5,81.0,0.42826076792351525,21,316.0
270.0,21,216.0,3.6,5.4942278214186695,16,237.0,0.25251486475783297,5,64.0,0.5131529649473144,21,301.0
275.0,25,309.0,4.904761904761905,6.09951953649464,17,259.0,0.25778569131442924,8,101.0,0.5231520113492096,25,360.0
280.0,28,319.0,5.063492063492063,4.961267860822763,20,290.0,0.20871827715827915,8,129.0,0.41919795846501823,28,419.0
285.0,20,254.0,3.791044776119403,5.799927140105736,12,269.0,0.2847942315953783,8,145.0,0.28152066226888006,20,414.0
290.0,20,228.0,3.4545454545454546,5.441342781320814,14,307.0,0.16085196517623324,6,122.0,0.3138579409176242,20,429.0
295.0,24,281.0,4.323076923076923,6.01270456958575,17,361.0,0.19983528953288818,7,124.0,0.41545747638585945,24,485.0
300.0,24,341.0,5.683333333333334,4.866369668668701,18,400.0,0.20668242764250064,6,128.0,0.36125011826025183,24,528.0
305.0,23,402.0,7.444444444444445,5.411766127284886,13,374.0,0.32493195634517463,10,171.0,0.3141423629245359,23,545.0
310.0,22,397.0,7.490566037735849,3.906729891928803,13,376.0,0.24926260670683578,9,210.0,0.15195669577703663,22,586.0
315.0,26,463.0,8.267857142857142,4.282436119953121,16,358.0,0.18864113086081893,10,248.0,0.2703698924515337,26,606.0
320.0,26,399.0,7.0,4.769785805353041,18,386.0,0.21873548657697167,8,203.0,0.45317306066515173,26,589.0
325.0,20,451.0,8.2,5.318577044356461,12,410.0,0.2517039631438053,8,147.0,0.4455463935141413,20,557.0
330.0,21,365.0,6.4035087719298245,4.919943016119584,13,399.0,0.27171922218422373,8,127.0,0.28260968789286683,21,526.0
335.0,20,349.0,5.915254237288136,5.492402938230915,15,379.0,0.29491964378473834,5,65.0,0.2837953747795651,20,444.0
340.0,24,233.0,4.017241379310345,4.5623059948735145,17,336.0,0.22505837053232097,7,81.0,0.27443794838014507,24,417.0
345.0,28,294.0,4.9,4.727302966549668,18,343.0,0.20887731340131718,10,125.0,0.35571028629460755,28,468.0
350.0,28,341.0,5.879310344827586,4.1099413962354925,20,400.0,0.18983157557901517,8,140.0,0.3331607602743757,28,540.0
355.0,19,306.0,5.368421052631579,5.21119557843587,14,409.0,0.21417677323974385,5,123.0,0.4392959094497812,19,532.0
360.0,13,152.0,2.6666666666666665,5.00551179901501,9,387.0,0.220339778810716,4,69.0,0.37407026326349524,13,456.0
365.0,22,220.0,3.6666666666666665,5.973091363229491,16,398.0,0.2312436870986191,6,63.0,0.45618219559818857,22,461.0
370.0,25,269.0,4.637931034482759,5.74885295771006,19,443.0,0.2488084078846278,6,59.0,0.4309476573175337,25,502.0
375.0,18,316.0,5.180327868852459,5.943999671055112,12,438.0,0.22842910271697217,6,76.0,0.47274262552950386,18,514.0
380.0,20,311.0,5.362068965517241,5.245601796631036,14,420.0,0.2917143451273976,6,88.0,0.3337401205510538,20,508.0
385.0,22,297.0,4.790322580645161,5.388541171805232,15,401.0,0.27662824977848743,7,86.0,0.37627148960653195,22,487.0
390.0,26,256.0,4.129032258064516,4.984147834388177,20,395.0,0.2503062773689635,6,91.0,0.43817473705849647,26,486.0
395.0,27,295.0,4.682539682539683,5.1617582949090135,20,420.0,0.22128322456603983,7,107.0,0.5045390712421863,27,527.0
400.0,28,280.0,4.117647058823529,5.037636156959174,22,460.0,0.21609458206073082,6,68.0,0.4837011416259586,28,528.0
405.0,29,281.0,4.1940298507462686,5.276408182622424,20,452.0,0.21590953189422454,9,101.0,0.439910137904632,29,553.0
410.0,25,334.0,5.0606060606060606,4.732770927808439,17,461.0,0.27101607354761964,8,114.0,0.20826655703286356,25,575.0
415.0,24,375.0,5.859375,5.181129669785511,15,446.0,0.24780224206994186,9,126.0,0.09407993873062268,24,572.0
420.0,23,292.0,4.5625,4.983608039241122,16,433.0,0.1465984784720568,7,97.0,0.3055751948903673,23,530.0
425.0,24,342.0,5.516129032258065,5.383252716584,18,475.0,0.1520418786618804,6,75.0,0.5037461930392614,24,550.0
430.0,24,368.0,6.456140350877193,5.500883321265424,20,494.0,0.1897542591944103,4,87.0,0.5779954275304042,24,581.0
435.0,26,429.0,7.526315789473684,5.339008778170411,21,547.0,0.11143882824960306,5,105.0,0.5939359589587243,26,652.0
440.0,19,311.0,5.7592592592592595,4.828928969970809,16,546.0,0.07381163603738086,3,69.0,0.4320392850801059,19,615.0
445.0,19,339.0,6.277777777777778,5.878626147089009,15,551.0,0.18258953585066684,4,26.0,0.48957612338565365,19,577.0
450.0,20,360.0,7.0588235294117645,5.827669293000427,13,541.0,0.2602488676889054,7,56.0,0.4764238569718833,20,597.0
455.0,19,205.0,4.019607843137255,5.73196960996142,14,452.0,0.2819913561103758,5,74.0,0.5657808998458406,19,526.0
460.0,25,285.0,5.588235294117647,4.826622613092334,18,435.0,0.20395603028714465,7,92.0,0.49320775526156646,25,527.0
465.0,32,359.0,6.648148148148148,3.903246897550204,20,464.0,0.14051133444120528,12,133.0,0.3618813676549728,32,597.0
470.0,22,334.0,5.964285714285714,4.5607696354439335,12,442.0,0.18852886579960063,10,144.0,0.32744707544836354,22,586.0
475.0,19,333.0,6.283018867924528,4.939368804095554,8,390.0,0.2709037422393341,11,185.0,0.24519615540022693,19,575.0
480.0,20,269.0,4.803571428571429,5.42747767462376,9,304.0,0.3267645501279293,11,200.0,0.2797618655093059,20,504.0
485.0,20,233.0,4.160714285714286,5.316805395089752,12,302.0,0.24547535396479667,8,149.0,0.36265366219957235,20,451.0
490.0,23,201.0,3.526315789473684,4.996275100446268,16,291.0,0.19292826743321337,7,127.0,0.4153382240871053,23,418.0
495.0,22,225.0,3.6885245901639343,5.2190397537561335,15,308.0,0.18885924967366402,7,114.0,0.44185754152542533,22,422.0
500.0,19,198.0,3.2459016393442623,5.932849582020995,11,295.0,0.3226785926868535,8,117.0,0.3486764939839074,19,412.0
505.0,14,152.0,2.5762711864406778,5.647710913480331,7,271.0,0.34074820815187473,7,109.0,0.1876080311714281,14,380.0
510.0,17,186.0,3.1,5.647573352410528,9,267.0,0.2937052216813735,8,134.0,0.2732451903202831,17,401.0
515.0,27,264.0,4.327868852459017,5.7071339582521,15,304.0,0.3022655854485993,12,163.0,0.38751244569407023,27,467.0
520.0,17,291.0,4.85,6.2528959654716365,7,268.0,0.43436643051408985,10,194.0,0.34988248854075876,17,462.0
525.0,15,257.0,4.508771929824562,5.936337434908163,8,207.0,0.3652321728190189,7,190.0,0.2911386588442756,15,397.0
530.0,19,192.0,3.310344827586207,6.3132796447865,11,208.0,0.38584447589232396,8,149.0,0.26120387820826607,19,357.0
535.0,28,260.0,4.814814814814815,4.273116048241317,15,204.0,0.1952560064167529,13,169.0,0.24699161272395864,28,373.0
540.0,26,339.0,6.39622641509434,4.257029104020062,16,258.0,0.17007125039960636,10,202.0,0.3397362918329983,26,460.0
545.0,24,370.0,7.254901960784314,4.5020536900669725,15,281.0,0.12722005466074957,9,215.0,0.36872041114835785,24,496.0
550.0,23,337.0,6.480769230769231,5.275150924989503,17,315.0,0.11186037697918423,6,145.0,0.44949548818041507,23,460.0
555.0,23,334.0,6.30188679245283,5.721414617686667,14,325.0,0.22839412614856658,9,135.0,0.44073239183342455,23,460.0
560.0,16,282.0,5.423076923076923,5.801287166425943,8,253.0,0.38550329877164224,8,166.0,0.3453837423258785,16,419.0
565.0,15,284.0,5.3584905660377355,6.686406106163408,8,241.0,0.3653937289532549,7,176.0,0.3610907123695884,15,417.0
570.0,15,129.0,2.3454545454545452,5.969838127398834,8,237.0,0.2641062743988957,7,126.0,0.37223035527668025,15,363.0
575.0,20,118.0,2.0701754385964914,6.339924787315496,10,215.0,0.31130517134650865,10,65.0,0.43693204260409807,20,280.0
580.0,20,155.0,2.767857142857143,6.306117024555789,11,207.0,0.39903342193689106,9,94.0,0.3801380827662473,20,301.0
585.0,17,194.0,3.3448275862068964,6.227464927595385,9,225.0,0.35513397028462906,8,93.0,0.3312743092876867,17,318.0
590.0,22,253.0,4.288135593220339,5.903353400731236,12,248.0,0.20679859810722515,10,119.0,0.3388770442015843,22,367.0
595.0,27,276.0,4.677966101694915,5.18597520587931,11,229.0,0.240718277529311,16,178.0,0.303173857454388,27,407.0
600.0,21,240.0,4.0,5.8417389670159245,7,134.0,0.4387366914227063,14,221.0,0.29787824719796685,21,355.0
605.0,17,261.0,4.660714285714286,6.268614563418829,7,142.0,0.4140180535525011,10,239.0,0.3443965625659538,17,381.0
610.0,20,217.0,3.6779661016949152,5.333484244365073,10,152.0,0.2593940362758328,10,239.0,0.3418528146432776,20,391.0
615.0,25,273.0,4.627118644067797,4.748965424644993,10,161.0,0.3194341260199393,15,219.0,0.2826381027975823,25,380.0
620.0,22,330.0,5.689655172413793,5.129179089906976,6,136.0,0.41750320446559297,16,272.0,0.2661962648128036,22,408.0
625.0,20,392.0,6.6440677966101696,5.590844468041396,8,162.0,0.21904182588721502,12,291.0,0.3061201923509344,20,453.0
630.0,23,326.0,5.52542372881356,5.634269163028656,8,148.0,0.26531680230232424,15,287.0,0.21006862766198076,23,435.0
635.0,26,346.0,6.407407407407407,4.998755338299036,8,170.0,0.2931447747767604,18,273.0,0.17852791397993348,26,443.0
640.0,20,264.0,4.888888888888889,5.147901689812017,3,135.0,0.4799212451034286,17,290.0,0.22652149506685293,20,425.0
645.0,17,282.0,5.423076923076923,6.441091187305053,4,127.0,0.5686782968054772,13,282.0,0.340030074398909,17,409.0
650.0,18,279.0,5.072727272727272,5.711043369198554,5,131.0,0.5459067311388225,13,297.0,0.2847489737661675,18,428.0
655.0,19,311.0,5.271186440677966,6.300494456913968,4,146.0,0.6651492696653981,15,281.0,0.23021792390402335,19,427.0
660.0,20,380.0,6.785714285714286,6.555574390773927,5,162.0,0.5497780789735857,15,320.0,0.23151427441447794,20,482.0
665.0,17,392.0,7.127272727272727,6.34405479704992,4,168.0,0.3922492716828359,13,339.0,0.2140760067094046,17,507.0
670.0,22,430.0,8.11320754716981,5.104238980104496,9,187.0,0.3121094901427343,13,347.0,0.16588963566193016,22,534.0
675.0,21,455.0,8.92156862745098,5.218161682520177,5,212.0,0.41890248511337846,16,335.0,0.23831070894744466,21,547.0
680.0,19,517.0,9.574074074074074,6.469158311442794,5,209.0,0.6069828301538761,14,378.0,0.2616917537059104,19,587.0
685.0,16,525.0,10.294117647058824,6.32405470999784,4,199.0,0.6056837197374813,12,396.0,0.17558444947007742,16,595.0
690.0,20,488.0,9.037037037037036,5.919870147366315,5,213.0,0.47208606036273393,15,404.0,0.25118739777204396,20,617.0
695.0,19,437.0,7.666666666666667,5.818431052579255,7,247.0,0.37077907100082974,12,343.0,0.3677832432782066,19,590.0
700.0,17,442.0,8.036363636363637,5.734004090839671,7,268.0,0.3964438045700032,10,348.0,0.3437077492310021,17,616.0
705.0,18,203.0,3.56140350877193,5.9668949376215235,6,193.0,0.42051577506863985,12,317.0,0.28704002775327253,18,510.0
710.0,19,186.0,3.206896551724138,5.938814859822843,8,102.0,0.3859653024727603,11,308.0,0.21666837984858847,19,410.0
715.0,23,219.0,3.711864406779661,5.494604773699588,9,100.0,0.369989549472303,14,333.0,0.2167589060866753,23,433.0
720.0,23,240.0,4.363636363636363,6.116134467552008,11,128.0,0.46026868376508734,12,331.0,0.22386619763930632,23,459.0
725.0,19,272.0,5.230769230769231,5.869351741628301,7,144.0,0.46728797560926966,12,342.0,0.1785307818910512,19,486.0
730.0,17,233.0,4.236363636363636,5.713818377769815,5,112.0,0.4411333572279104,12,331.0,0.11129262508359901,17,443.0
735.0,18,210.0,3.888888888888889,6.0606426675438625,8,117.0,0.4247725655830564,10,297.0,0.28311936028748874,18,414.0
740.0,22,244.0,4.066666666666666,5.644316904344897,13,152.0,0.29172231014863204,9,285.0,0.3970857491836571,22,437.0
745.0,23,208.0,3.466666666666667,5.367165857110385,16,188.0,0.23222747912977837,7,236.0,0.49831160002617797,23,424.0
750.0,16,200.0,3.389830508474576,5.3652791785757925,10,194.0,0.2551200520119766,6,224.0,0.40216171406078033,16,418.0
755.0,20,202.0,3.3666666666666667,4.454885980470591,9,182.0,0.24577514615106597,11,220.0,0.22637776262172052,20,402.0
760.0,29,257.0,4.3559322033898304,4.274487589706973,14,218.0,0.21147853859831753,15,247.0,0.2259146413341622,29,465.0
765.0,31,367.0,6.327586206896552,4.0667404053858665,17,275.0,0.17417313508124327,14,288.0,0.2033974958378321,31,563.0
770.0,24,375.0,6.696428571428571,4.397438831597287,12,279.0,0.1750244946109228,12,302.0,0.15604096848765503,24,581.0
775.0,25,421.0,7.258620689655173,5.0907756529609225,10,267.0,0.3077619890820195,15,329.0,0.14670526324376906,25,596.0
780.0,25,411.0,6.85,5.865012605273083,13,287.0,0.3971598282278416,12,321.0,0.27894592687616915,25,608.0
785.0,20,268.0,4.466666666666667,6.60130114565013,15,302.0,0.3067025947867326,5,224.0,0.5269125149730997,20,526.0
790.0,19,255.0,4.25,6.626269323963083,14,268.0,0.2789409435748516,5,200.0,0.5344113745815472,19,468.0
795.0,21,285.0,4.830508474576271,5.461381721638223,13,274.0,0.2071682911702594,8,161.0,0.3599703085192236,21,435.0
800.0,24,302.0,4.950819672131147,5.402346726484806,18,336.0,0.20218551646109897,6,110.0,0.32570732706510125,24,446.0
805.0,25,311.0,5.016129032258065,5.168878507589465,14,341.0,0.2627600264963966,11,120.0,0.2665183458123363,25,461.0
810.0,20,255.0,3.984375,6.747063095996356,11,276.0,0.41222181838195493,9,154.0,0.387507128378519,20,430.0
815.0,19,279.0,4.573770491803279,7.044514778840496,11,238.0,0.33089905681279214,8,173.0,0.4441844322972484,19,411.0
820.0,20,264.0,4.190476190476191,5.9128187129309815,12,248.0,0.2050959786086921,8,141.0,0.3648457271931333,20,389.0
825.0,25,325.0,5.416666666666667,5.350316872022753,14,268.0,0.21276682519768247,11,135.0,0.33954286729394767,25,403.0
830.0,19,311.0,5.654545454545454,5.859604419339609,12,274.0,0.3262800511757352,7,118.0,0.3299981400508904,19,392.0
835.0,23,331.0,6.0181818181818185,5.155711059865944,11,283.0,0.28034847566834176,12,133.0,0.2302359700565158,23,416.0
840.0,24,363.0,6.6,5.263485360098129,12,296.0,0.3264280649140911,12,152.0,0.3037581507853923,24,448.0
845.0,18,389.0,7.072727272727272,5.5473541813196485,11,328.0,0.34268182164596106,7,126.0,0.36676678375119093,18,454.0
850.0,17,389.0,6.824561403508772,6.570582732573902,8,336.0,0.32804046603805603,9,114.0,0.46718975021281844,17,450.0
855.0,17,233.0,4.087719298245614,6.472628867786557,7,235.0,0.3419005231182932,10,140.0,0.4042738588950649,17,375.0
860.0,19,253.0,4.517857142857143,5.750736243564306,9,128.0,0.4391079970051611,10,167.0,0.17668906431364764,19,295.0
865.0,18,300.0,6.122448979591836,5.67227821430988,8,154.0,0.3555280766541399,10,181.0,0.2432068993891946,18,335.0
870.0,14,247.0,4.94,5.31798193711926,7,159.0,0.24838461261569472,7,152.0,0.1938489652109755,14,311.0
875.0,17,251.0,5.02,5.562536048529295,7,167.0,0.21289336650108268,10,119.0,0.2610860229030366,17,286.0
880.0,19,306.0,6.244897959183674,6.410632572681542,11,195.0,0.28107897191903375,8,154.0,0.42618377497372056,19,349.0
885.0,15,224.0,4.571428571428571,6.60842872137611,7,147.0,0.344459866170638,8,179.0,0.47786441086843434,15,326.0
890.0,18,230.0,4.791666666666667,6.125099171490407,10,114.0,0.3452816102658604,8,190.0,0.4338789469538773,18,304.0
895.0,13,195.0,4.0625,5.839589007261438,6,112.0,0.3396175273484755,7,153.0,0.32780149037969125,13,265.0
900.0,9,51.0,1.0408163265306123,6.578034488318805,2,45.0,0.4154251177043345,7,79.0,0.26761004834858826,9,124.0
905.0,15,82.0,1.5769230769230769,6.4133774002251,4,55.0,0.30416982748337845,11,90.0,0.288307409202546,15,145.0
910.0,16,136.0,2.5660377358490565,7.0218310070009915,7,77.0,0.3486635099279315,9,128.0,0.4240071840773696,16,205.0
915.0,14,171.0,3.6382978723404253,7.387188821377335,8,106.0,0.33001451699423096,6,130.0,0.5119301434578839,14,236.0
920.0,17,165.0,3.75,5.849224744602656,8,146.0,0.2737612460544697,9,109.0,0.3838386652966247,17,255.0
925.0,19,241.0,5.355555555555555,5.349601650753023,10,198.0,0.2867040366838873,9,116.0,0.297107534468203,19,314.0
930.0,17,207.0,4.6,4.641005100677039,6,174.0,0.35948800991452284,11,142.0,0.2679288967277204,17,316.0
935.0,15,196.0,4.355555555555555,6.363971048236174,5,91.0,0.38567403009351525,10,161.0,0.3116753706448751,15,252.0
940.0,14,145.0,3.152173913043478,5.536354564533157,5,106.0,0.30053947061739705,9,137.0,0.1785484833266472,14,243.0
945.0,17,155.0,3.1,6.6811800822346745,8,126.0,0.3442315911400789,9,112.0,0.3236964906991129,17,238.0
950.0,16,177.0,3.6875,6.989055514647897,5,118.0,0.5180494004865308,11,142.0,0.38615786915323236,16,260.0
955.0,13,204.0,4.434782608695652,7.197899354412038,4,109.0,0.5355190692386317,9,137.0,0.40260702114601915,13,246.0
960.0,14,147.0,3.1956521739130435,5.160802607041274,4,82.0,0.4922364469350699,10,141.0,0.1170404452656377,14,223.0
965.0,14,169.0,3.9302325581395348,6.087845971839237,7,103.0,0.40523129258837876,7,131.0,0.26498580374293523,14,234.0
970.0,15,159.0,3.533333333333333,4.880870015908799,8,118.0,0.21949678480379514,7,106.0,0.22615708163667927,15,224.0
975.0,15,207.0,4.5,6.248946988919026,5,124.0,0.2997617392149784,10,129.0,0.3345704164536838,15,253.0
980.0,14,150.0,3.409090909090909,6.244897326791641,5,68.0,0.46636174120193846,9,142.0,0.2831976768964259,14,210.0
985.0,18,237.0,5.1521739130434785,7.157527774819391,7,105.0,0.5288454040642347,11,189.0,0.32754198253539757,18,294.0
990.0,17,197.0,4.104166666666667,5.40156205682561,8,106.0,0.3883738892218601,9,190.0,0.29638263570000645,17,296.0
995.0,20,217.0,4.428571428571429,5.632798883420165,14,142.0,0.25284413112366194,6,131.0,0.4560693757354717,20,273.0
1000.0,19,171.0,3.42,4.983341773434067,11,168.0,0.22562291468545476,8,119.0,0.39600380769520366,19,287.0
1005.0,15,157.0,2.9622641509433962,5.8053540930917045,6,140.0,0.32844181191890703,9,108.0,0.318573619650402,15,248.0
1010.0,16,111.0,2.0943396226415096,5.432170974436207,7,115.0,0.3196510664885432,9,123.0,0.2561025065367366,16,238.0
1015.0,27,212.0,3.8545454545454545,5.682783553263017,15,163.0,0.37981076930369717,12,146.0,0.15492545762690582,27,309.0
1020.0,20,225.0,4.090909090909091,5.348364052652662,12,188.0,0.3525289207016163,8,136.0,0.3004408256311996,20,324.0
1025.0,14,218.0,4.2745098039215685,5.994795878683358,10,178.0,0.33458095804364313,4,100.0,0.40937275246245386,14,278.0
1030.0,13,135.0,2.547169811320755,5.7294527717443495,9,180.0,0.20310654443442336,4,64.0,0.4486198278803274,13,244.0
1035.0,21,201.0,3.526315789473684,5.805880762720186,16,214.0,0.1490719619127119,5,57.0,0.45707846354822407,21,271.0
1040.0,21,157.0,3.019230769230769,6.077928334742178,17,229.0,0.25067791976353493,4,53.0,0.549053078881785,21,282.0
1045.0,16,191.0,3.7450980392156863,6.844761499248518,12,217.0,0.2692781928665811,4,35.0,0.5393122954467903,16,252.0
1050.0,16,161.0,3.156862745098039,5.62806751864085,12,224.0,0.2078060459905826,4,28.0,0.4616733960772799,16,252.0
1055.0,16,126.0,2.3333333333333335,6.789073055009224,11,200.0,0.3858418763366052,5,35.0,0.34288146332207475,16,235.0
1060.0,12,133.0,2.5576923076923075,6.629461019055607,6,177.0,0.4658991641356241,6,47.0,0.26146015335163536,12,224.0
1065.0,18,192.0,3.5555555555555554,7.4853716202489045,10,182.0,0.4257123157952844,8,84.0,0.4711335917187863,18,266.0
1070.0,18,178.0,3.2962962962962963,6.201844600471133,12,199.0,0.20860659793380215,6,86.0,0.5235631503525583,18,285.0
1075.0,18,231.0,4.3584905660377355,5.993822524174856,14,237.0,0.09408025630849676,4,78.0,0.5852527878896417,18,315.0
1080.0,19,210.0,4.038461538461538,5.215768830668636,14,263.0,0.1218788497682298,5,43.0,0.44829810970088135,19,306.0
1085.0,16,191.0,3.673076923076923,6.240098427997307,7,225.0,0.2297342479348813,9,83.0,0.45745208730413944,16,308.0
1090.0,17,208.0,4.244897959183674,5.12959996590858,8,248.0,0.26072803257505955,9,87.0,0.2290699175724352,17,335.0
1095.0,23,299.0,6.361702127659575,5.337482703604779,12,284.0,0.3229103688133656,11,132.0,0.260281095178599,23,416.0
1100.0,20,313.0,6.520833333333333,4.321856073099896,11,290.0,0.21932197441529105,9,149.0,0.28387330542427586,20,439.0
1105.0,13,259.0,5.630434782608695,6.547470151767275,6,207.0,0.3374453718891469,7,133.0,0.43008769480716075,13,340.0
1110.0,13,215.0,4.574468085106383,6.265360494432333,8,227.0,0.27053374315421513,5,97.0,0.38585892404577027,13,324.0
1115.0,21,299.0,6.1020408163265305,6.604486114556741,12,265.0,0.34860810602906106,9,110.0,0.28188843352998055,21,375.0
1120.0,16,307.0,6.9772727272727275,5.072672178380299,10,264.0,0.326265582707503,6,127.0,0.3158358653933428,16,391.0
1125.0,20,379.0,8.813953488372093,5.489392702616099,13,270.0,0.29076361625349256,7,155.0,0.380695837396581,20,425.0
1130.0,17,320.0,7.111111111111111,4.717878650277429,10,268.0,0.2353087458501853,7,150.0,0.3791166988511468,17,418.0
1135.0,17,301.0,6.404255319148936,6.158636933229802,10,233.0,0.35922859056969725,7,112.0,0.3952575036878993,17,345.0
1140.0,16,135.0,3.0681818181818183,5.6956237588762875,10,158.0,0.3822368996760491,6,73.0,0.25337083857850234,16,231.0
1145.0,21,215.0,4.886363636363637,5.445940062297797,12,171.0,0.31233743426592775,9,94.0,0.24510216419150693,21,265.0
1150.0,17,179.0,3.58,6.4053255869500845,12,190.0,0.37076368918768704,5,94.0,0.48656097434667794,17,284.0
1155.0,15,201.0,3.5892857142857144,7.124780986458254,12,192.0,0.2780304028639637,3,68.0,0.641116677875762,15,260.0
1160.0,16,170.0,3.090909090909091,7.426521288159695,13,209.0,0.24552230902263314,3,46.0,0.7291585537638576,16,255.0
1165.0,12,150.0,2.6315789473684212,7.451260495035171,8,191.0,0.33883891919188786,4,23.0,0.5958553740217281,12,214.0
1170.0,13,98.0,1.75,5.477575271003588,6,165.0,0.3887125212019255,7,39.0,0.2606605818977793,13,204.0
1175.0,22,146.0,2.7547169811320753,5.338890168777839,12,148.0,0.32719908078396137,10,74.0,0.3126833450186584,22,222.0
1180.0,22,188.0,3.418181818181818,4.829092910704836,14,184.0,0.2943416050940921,8,99.0,0.3731178782208132,22,283.0
1185.0,17,213.0,4.26,5.372860976069411,9,181.0,0.2386505757785633,8,93.0,0.3996317337829007,17,274.0
1190.0,14,192.0,3.84,5.107427251888014,8,180.0,0.18175231004680892,6,109.0,0.2851018072869145,14,289.0
1195.0,21,259.0,4.886792452830188,5.104284404809586,13,185.0,0.12766992064922375,8,132.0,0.2086208589697717,21,317.0
1200.0,23,260.0,5.098039215686274,5.068085618800483,13,216.0,0.21665684535737603,10,136.0,0.28054087454624943,23,352.0
1205.0,12,219.0,4.5625,6.715886594848672,5,214.0,0.3946648224905405,7,110.0,0.3395108818900449,12,324.0
1210.0,11,245.0,5.212765957446808,6.993561747551474,5,206.0,0.4750181771619148,6,120.0,0.3261927448513544,11,326.0
1215.0,11,227.0,4.63265306122449,6.774098559361434,5,171.0,0.3544289754057621,6,118.0,0.3990901970992901,11,289.0
1220.0,16,241.0,5.020833333333333,6.5936456886817325,10,208.0,0.31343937871221955,6,98.0,0.47196715529403843,16,306.0
1225.0,15,298.0,5.96,6.693674938361348,8,238.0,0.3437254709523439,7,130.0,0.4734629217739929,15,368.0
1230.0,14,292.0,6.212765957446808,6.3210254590355115,7,245.0,0.4436779847904456,7,123.0,0.3587561866034269,14,368.0
1235.0,14,338.0,7.511111111111111,6.3012235294186505,6,271.0,0.43274802846128,8,142.0,0.28096681954971553,14,413.0
1240.0,19,366.0,7.625,6.2124851913802575,11,305.0,0.3455647923486433,8,136.0,0.36182828226290803,19,441.0
1245.0,18,405.0,8.617021276595745,5.638055100361528,10,339.0,0.3083770261195,8,119.0,0.42586227530254805,18,458.0
1250.0,13,387.0,8.0625,6.234196540166728,7,347.0,0.3863981260551569,6,105.0,0.4107206998157607,13,452.0
1255.0,10,156.0,3.25,6.299993004150225,5,193.0,0.2964945787447283,5,64.0,0.3965683509275197,10,257.0
1260.0,18,188.0,3.836734693877551,6.165541594916576,11,140.0,0.18911187187480272,7,83.0,0.3468385862188935,18,223.0
1265.0,16,230.0,4.791666666666667,6.676989979599242,9,176.0,0.3357483430550922,7,94.0,0.3756980794637661,16,270.0
1270.0,13,242.0,4.938775510204081,6.819972316173699,6,168.0,0.49314997952173867,7,112.0,0.31121218706821013,13,280.0
1275.0,15,178.0,3.4901960784313726,6.7544030260653996,6,95.0,0.5198460784753173,9,133.0,0.345366150554323,15,228.0
1280.0,17,201.0,3.792452830188679,6.903202825912698,9,115.0,0.46436781073060657,8,144.0,0.42291088440197927,17,259.0
1285.0,17,184.0,3.607843137254902,6.082269645571955,11,105.0,0.3022482155300317,6,128.0,0.482607833694113,17,233.0
1290.0,25,208.0,3.9245283018867925,5.2442941435927635,17,144.0,0.12767138064722805,8,95.0,0.4211326051987488,25,239.0
1295.0,22,261.0,4.9245283018867925,5.174044011544463,15,185.0,0.20334737793633323,7,130.0,0.40697723944616776,22,315.0
1300.0,14,218.0,4.113207547169812,6.5889294954563935,9,171.0,0.3384909661599518,5,131.0,0.44608691793491473,14,302.0
1305.0,19,208.0,3.7818181818181817,5.927322258403621,10,176.0,0.3988511110672179,9,143.0,0.2366926542102417,19,319.0
1310.0,20,251.0,4.5636363636363635,5.977709346929571,13,167.0,0.27869775459907037,7,163.0,0.3754039290519719,20,330.0
1315.0,22,316.0,5.851851851851852,6.516440060120448,14,216.0,0.21363310176193095,8,181.0,0.49680449440358115,22,397.0
1320.0,19,248.0,4.509090909090909,6.291450527645818,15,252.0,0.19303353917934948,4,119.0,0.5170955435862093,19,371.0
1325.0,22,261.0,4.5,5.820586676742296,15,277.0,0.23917189678007927,7,69.0,0.41511436249657363,22,346.0
1330.0,20,225.0,4.017857142857143,5.809820031657026,11,230.0,0.3156260729623955,9,62.0,0.3441572639524296,20,292.0
1335.0,21,280.0,4.912280701754386,6.084264531929991,12,270.0,0.3467109493634781,9,96.0,0.3297658714557597,21,366.0
1340.0,21,289.0,5.254545454545455,4.820060952094636,12,296.0,0.3120774395358707,9,114.0,0.1480618908490959,21,410.0
1345.0,21,196.0,3.5,5.605441334517669,13,266.0,0.26429725901293805,8,104.0,0.3852162263806546,21,370.0
1350.0,21,252.0,4.5,6.022664363221237,15,261.0,0.22193257426679303,6,111.0,0.4746255126057653,21,372.0
1355.0,22,296.0,5.192982456140351,6.481150237853296,15,286.0,0.20639083599222885,7,126.0,0.5224498358947922,22,412.0
1360.0,15,275.0,5.188679245283019,6.3478351747745885,9,242.0,0.3127621900603715,6,135.0,0.3322209160186538,15,377.0
1365.0,16,305.0,5.754716981132075,5.143054718465268,11,259.0,0.12562406778276358,5,141.0,0.2967425022972291,16,400.0
1370.0,22,321.0,6.173076923076923,5.209618817734128,14,280.0,0.1861843394714887,8,145.0,0.2779846661683874,22,425.0
1375.0,21,285.0,5.588235294117647,6.044237209707993,12,258.0,0.25472885937766226,9,155.0,0.48593172978437116,21,413.0
1380.0,20,328.0,6.56,6.101259788016583,14,241.0,0.3270217089583362,6,173.0,0.5290110563166333,20,414.0
1385.0,19,357.0,6.611111111111111,6.05235518580182,10,243.0,0.3541071628443481,9,200.0,0.49380593618408936,19,443.0
1390.0,17,298.0,5.418181818181818,6.267987504003641,9,188.0,0.4512730988454913,8,207.0,0.3520697252746202,17,395.0
1395.0,14,257.0,4.9423076923076925,6.205892403528712,6,127.0,0.4794758895666443,8,205.0,0.21965930004084486,14,332.0
1400.0,17,297.0,5.823529411764706,5.60539452920326,9,141.0,0.37557176241712303,8,227.0,0.1614583054707272,17,368.0
1405.0,18,322.0,6.313725490196078,5.626290197531364,11,167.0,0.2956063647671698,7,240.0,0.3410071100905065,18,407.0
1410.0,18,203.0,4.06,6.09749563495227,13,204.0,0.3292324540584437,5,109.0,0.4433741644862886,18,313.0
1415.0,20,215.0,4.056603773584905,5.866120096926826,13,219.0,0.31635383471814266,7,102.0,0.40501065211676085,20,321.0
1420.0,19,245.0,4.711538461538462,5.29741007257765,12,231.0,0.26990099180732074,7,107.0,0.3705712506507158,19,338.0
1425.0,16,223.0,4.054545454545455,5.673065861600162,11,223.0,0.2241168226343104,5,102.0,0.48653071870286047,16,325.0
1430.0,16,170.0,3.090909090909091,6.553658399766282,9,164.0,0.3258674663931379,7,103.0,0.38889589468920394,16,267.0
1435.0,19,204.0,4.08,5.537044339165634,8,162.0,0.3000166929377705,11,102.0,0.32729119903685616,19,264.0
1440.0,22,255.0,5.0,4.911372153789901,10,178.0,0.3011519804414442,12,140.0,0.2923529161816424,22,318.0
1445.0,26,375.0,7.653061224489796,5.048110519864206,12,228.0,0.32653145530664157,14,197.0,0.3363136215333937,26,425.0
1450.0,20,333.0,6.403846153846154,4.7834876430110125,9,228.0,0.29135143014950887,11,218.0,0.365039233421373,20,446.0
1455.0,18,329.0,5.9818181818181815,5.811999589643209,12,234.0,0.2524938407892075,6,187.0,0.40659935075023285,18,421.0
1460.0,14,230.0,4.107142857142857,6.200288498352232,11,237.0,0.21114139162926923,3,91.0,0.525926759198878,14,328.0
1465.0,15,235.0,4.12280701754386,6.794634202532988,7,206.0,0.3257080178616775,8,84.0,0.43964438231851505,15,290.0
1470.0,15,126.0,2.290909090909091,5.676255717477279,6,146.0,0.367710819102235,9,89.0,0.23528991166715602,15,235.0
1475.0,16,172.0,3.017543859649123,6.814038128142429,8,111.0,0.37837908706962486,8,109.0,0.3310468838309271,16,220.0
1480.0,13,162.0,2.8421052631578947,6.285881461676858,8,129.0,0.40345867983535494,5,107.0,0.32292293315557485,13,236.0
1485.0,18,219.0,3.981818181818182,6.782993820250801,7,140.0,0.5316017404724056,11,114.0,0.2823603601486003,18,254.0
1490.0,18,232.0,4.142857142857143,6.192106060429409,9,148.0,0.48560126805344583,9,143.0,0.22044346458118308,18,291.0
1495.0,15,271.0,5.018518518518518,6.711790876660776,9,165.0,0.42909577554061273,6,139.0,0.330190465247415,15,304.0
1500.0,15,156.0,2.888888888888889,5.156563482650953,10,123.0,0.25810825849608887,5,140.0,0.31209347653966696,15,263.0
1505.0,23,229.0,3.8813559322033897,6.047757097888571,14,119.0,0.3008091063027989,9,161.0,0.3968882620653037,23,280.0
1510.0,19,162.0,2.8421052631578947,6.548740704856855,13,148.0,0.3388063636217332,6,104.0,0.4942813061386316,19,252.0
1515.0,18,209.0,3.8703703703703702,6.581508086126672,10,158.0,0.4092757126493649,8,121.0,0.3458821912860653,18,279.0
1520.0,16,171.0,3.2264150943396226,5.007516857035695,8,157.0,0.3055842945681751,8,115.0,0.1776079925125036,16,272.0
1525.0,18,188.0,3.4814814814814814,6.197009742851531,12,167.0,0.28999980265210196,6,79.0,0.2915757013397328,18,246.0
1530.0,14,125.0,2.6595744680851063,5.827185434075864,10,157.0,0.20381826732356095,4,63.0,0.43994735753673553,14,220.0
1535.0,20,204.0,4.340425531914893,5.900923367084945,13,167.0,0.25060524805346085,7,86.0,0.37266682836195003,20,253.0
1540.0,16,211.0,4.3061224489795915,5.873108716207182,10,185.0,0.3473859224619422,6,96.0,0.4320243316727653,16,281.0
1545.0,15,233.0,4.568627450980392,7.861039129582404,8,162.0,0.4682201455472509,7,113.0,0.5256387928841192,15,275.0
1550.0,11,171.0,3.2264150943396226,6.058554339890399,6,160.0,0.2798740128970723,5,80.0,0.3515810636529541,11,240.0
1555.0,22,261.0,4.745454545454545,6.593482152439829,12,182.0,0.38107814482135144,10,122.0,0.28091265205917365,22,304.0
1560.0,18,307.0,5.685185185185185,5.733445530564062,9,205.0,0.40651722347540603,9,159.0,0.24742836031020385,18,364.0
1565.0,19,365.0,7.604166666666667,6.6167695438084335,10,202.0,0.41366937666707937,9,174.0,0.30275132329218657,19,376.0
1570.0,17,234.0,4.875,5.795093665195149,10,172.0,0.28095037737816275,7,124.0,0.31673484420413894,17,296.0
1575.0,18,266.0,4.925925925925926,6.545485753301789,10,158.0,0.20527719286911839,8,141.0,0.45457680981866205,18,299.0
1580.0,14,134.0,2.576923076923077,6.76683077577481,9,140.0,0.29420263765501725,5,109.0,0.5458762429176286,14,249.0
1585.0,16,193.0,4.020833333333333,7.211939722767035,11,157.0,0.3480672461021662,5,78.0,0.5867212664718408,16,235.0
1590.0,16,152.0,3.1020408163265305,5.333887752917765,9,165.0,0.3203800094625918,7,71.0,0.351447205171067,16,236.0
1595.0,17,200.0,3.9215686274509802,6.433662142284971,9,156.0,0.3611198153895647,8,90.0,0.4093603737714997,17,246.0
1600.0,15,180.0,3.5294117647058822,5.246530206646203,10,173.0,0.2204218531153049,5,77.0,0.40734358378904756,15,250.0
1605.0,23,245.0,4.537037037037037,6.095602564660423,14,192.0,0.35310733788535703,9,99.0,0.39875529352228645,23,291.0
1610.0,21,227.0,4.127272727272727,5.776494193753594,12,200.0,0.4103313855783811,9,127.0,0.4067791332725653,21,327.0
1615.0,15,229.0,3.9482758620689653,6.703456703286916,8,165.0,0.37975161255516166,7,142.0,0.4458085733507647,15,307.0
1620.0,17,195.0,3.482142857142857,6.062065563711967,10,181.0,0.2887528154956302,7,135.0,0.33444001871981693,17,316.0
1625.0,25,250.0,4.385964912280702,5.961523892258038,14,201.0,0.0784778716722904,11,120.0,0.31752610921621216,25,321.0
1630.0,23,307.0,6.019607843137255,5.194271186652787,15,231.0,0.020761636290234167,8,148.0,0.3597988360419635,23,379.0
1635.0,18,352.0,7.04,6.67679628596978,11,241.0,0.2507030916877154,7,162.0,0.3803178790455067,18,403.0
1640.0,13,208.0,4.333333333333333,6.974045395066258,7,196.0,0.4471206857156045,6,115.0,0.34031329954968365,13,311.0
1645.0,13,245.0,5.0,7.511191633085589,6,172.0,0.50391822085946,7,111.0,0.4353804189144355,13,283.0
1650.0,11,108.0,2.204081632653061,7.251074206520877,5,105.0,0.41253345565515975,6,104.0,0.5366868324241385,11,209.0
1655.0,9,65.0,1.25,7.94962563357079,6,57.0,0.5081899241871296,3,53.0,0.5135265955333483,9,110.0
1660.0,12,107.0,2.0980392156862746,7.316094241393632,8,90.0,0.45855250480561016,4,58.0,0.4465065412861525,12,148.0
1665.0,17,181.0,3.549019607843137,6.807268283767134,11,135.0,0.39912479805287654,6,83.0,0.36673619522153805,17,218.0
1670.0,18,156.0,3.0588235294117645,5.368951201471201,11,156.0,0.3173843830894545,7,73.0,0.3510013457471043,18,229.0
1675.0,25,246.0,4.730769230769231,5.866860433682083,15,174.0,0.31729426631465707,10,101.0,0.39404018803429947,25,275.0
1680.0,21,221.0,4.092592592592593,5.460839206907513,12,170.0,0.30793120374099653,9,115.0,0.35574665631396907,21,285.0
1685.0,15,239.0,4.509433962264151,6.607679418901517,10,175.0,0.37261300806100073,5,92.0,0.40694778026699624,15,267.0
1690.0,18,217.0,4.09433962264151,6.142111591054255,11,197.0,0.3344168822322745,7,105.0,0.35154541840667786,18,302.0
1695.0,19,204.0,3.642857142857143,5.764613071156098,9,179.0,0.3398790073790052,10,122.0,0.3334139987445177,19,301.0
1700.0,18,178.0,3.1228070175438596,5.568930332466365,8,171.0,0.39145143539206795,10,143.0,0.34860728385418177,18,314.0
1705.0,18,229.0,4.2407407407407405,6.105374239573679,10,160.0,0.36497093918740975,8,162.0,0.46239257548387297,18,322.0
1710.0,18,203.0,3.690909090909091,5.2476469794110585,11,182.0,0.17058246547659192,7,141.0,0.4801365471546801,18,323.0
1715.0,23,256.0,4.266666666666667,5.829999248434419,13,228.0,0.28361492770349656,10,134.0,0.39510028231398275,23,362.0
1720.0,25,268.0,4.5423728813559325,5.339177198397036,15,253.0,0.30552643120575135,10,140.0,0.38617338161766745,25,393.0
1725.0,25,333.0,5.459016393442623,5.301453691986972,11,253.0,0.36455032263206927,14,177.0,0.32031460149003027,25,430.0
1730.0,27,292.0,4.634920634920635,4.093415130139407,13,258.0,0.2376580450022272,14,218.0,0.2853778142331137,27,476.0
1735.0,24,250.0,4.098360655737705,4.670139689115949,11,204.0,0.1691409537132606,13,218.0,0.31794587789868917,24,422.0
1740.0,20,230.0,3.5384615384615383,4.45017095806884,11,206.0,0.1907449211886095,9,223.0,0.21818636596111582,20,429.0
1745.0,33,350.0,5.223880597014926,5.124712400062045,17,260.0,0.30338556650728016,16,241.0,0.13716360225773486,33,501.0
1750.0,31,451.0,6.938461538461539,4.621022842390009,13,290.0,0.3237198169454113,18,285.0,0.16103352970123538,31,575.0
1755.0,22,489.0,7.640625,5.799235579612228,11,302.0,0.36723197536497243,11,306.0,0.22723986527909953,22,608.0
1760.0,23,414.0,6.67741935483871,5.002900878847301,13,275.0,0.2485375754231098,10,312.0,0.2659455066042106,23,587.0
1765.0,29,475.0,7.5396825396825395,5.850012753234293,15,280.0,0.3044714462717053,14,338.0,0.3306166181346989,29,618.0
1770.0,26,374.0,6.131147540983607,5.328177627748664,13,287.0,0.2966663489965898,13,301.0,0.32647295649699926,26,588.0
1775.0,24,315.0,5.338983050847458,5.641585810889051,11,250.0,0.3415680803901808,13,272.0,0.3302434525512675,24,522.0
1780.0,25,296.0,5.192982456140351,4.008055752650714,13,265.0,0.2007694898093951,12,278.0,0.27435762661934465,25,543.0
1785.0,21,288.0,4.8,4.806308951869281,10,256.0,0.2135830778371505,11,230.0,0.22863668156668807,21,486.0
1790.0,21,188.0,3.032258064516129,5.219592694483291,10,246.0,0.18766197591637465,11,221.0,0.27393401134070533,21,467.0
1795.0,30,315.0,5.163934426229508,5.704124455292462,15,271.0,0.17258816097593388,15,251.0,0.35663612655149196,30,522.0
1800.0,27,395.0,6.9298245614035086,5.11248581594523,12,311.0,0.2317742740317052,15,275.0,0.30630336165008576,27,586.0
1805.0,27,448.0,8.296296296296296,4.029501371414394,11,316.0,0.2712201004124859,16,310.0,0.147025741967164,27,626.0
1810.0,24,379.0,6.890909090909091,4.016235501351012,6,255.0,0.38046829280720484,18,336.0,0.03834097619214913,24,591.0
1815.0,25,417.0,7.067796610169491,5.913262486053021,7,192.0,0.4875817250757611,18,342.0,0.15976427730528447,25,534.0
1820.0,25,432.0,7.322033898305085,6.371261849157448,10,228.0,0.46918534989414196,15,335.0,0.33225789557211,25,563.0
1825.0,16,304.0,5.066666666666666,5.69931371176572,9,250.0,0.242664941421053,7,261.0,0.40830968879273244,16,511.0
1830.0,16,318.0,5.213114754098361,5.8310714955165155,10,259.0,0.24393616388829487,6,245.0,0.3325991329838465,16,504.0
1835.0,24,300.0,4.838709677419355,5.218580815555307,11,230.0,0.2535199482184384,13,281.0,0.17304864194798786,24,511.0
1840.0,29,319.0,5.316666666666666,4.967209755012713,12,168.0,0.3380401570199834,17,293.0,0.15762495762830114,29,461.0
1845.0,21,341.0,6.089285714285714,5.221303152738203,12,202.0,0.3546414568205276,9,246.0,0.24739872557753803,21,448.0
1850.0,20,318.0,5.578947368421052,5.5585460962479125,11,221.0,0.3866600408114525,9,228.0,0.21380641160074793,20,449.0
1855.0,22,273.0,4.333333333333333,5.369775209416328,11,204.0,0.3482722999248233,11,209.0,0.1666879789129707,22,413.0
1860.0,23,356.0,5.741935483870968,6.068939857810485,12,224.0,0.4058599493199941,11,244.0,0.3307462095357019,23,468.0
1865.0,19,311.0,5.098360655737705,6.083037271795148,12,215.0,0.28564313466881414,7,235.0,0.46222996817287454,19,450.0
1870.0,24,337.0,5.810344827586207,4.853477044442872,17,223.0,0.11511294229459927,7,245.0,0.3965603478887357,24,468.0
1875.0,28,429.0,7.396551724137931,4.2437450811630555,17,295.0,0.06931985165521448,11,265.0,0.40690665673558196,28,560.0
1880.0,26,358.0,6.172413793103448,5.013019451798592,16,343.0,0.2004861103251797,10,203.0,0.37244013182116276,26,546.0
1885.0,28,381.0,6.684210526315789,4.92102034822112,14,362.0,0.25646375119930126,14,202.0,0.38443620021088937,28,564.0
1890.0,23,379.0,6.423728813559322,4.85305449825648,10,319.0,0.3357015741607614,13,227.0,0.22593534332171414,23,546.0
1895.0,19,304.0,4.983606557377049,5.302491669847882,10,275.0,0.31499165179781047,9,205.0,0.21493471960550495,19,480.0
1900.0,20,303.0,4.967213114754099,5.8662876837884195,12,237.0,0.21279337306775348,8,205.0,0.380972801247286,20,442.0
1905.0,27,394.0,6.15625,5.299711477982596,13,261.0,0.1980157766056886,14,244.0,0.37070743970861375,27,505.0
1910.0,22,420.0,7.241379310344827,5.981586744682749,9,280.0,0.3613591526729208,13,278.0,0.3867533884947566,22,558.0
1915.0,23,406.0,7.0,5.688135605843493,8,233.0,0.4277782700613276,15,321.0,0.27177044080229723,23,554.0
1920.0,27,404.0,6.622950819672131,5.1814904656680945,10,210.0,0.3458885950090187,17,331.0,0.2800360386628748,27,541.0
1925.0,26,343.0,5.622950819672131,5.642535360572057,12,187.0,0.3898221188515442,14,305.0,0.33259624276129085,26,492.0
1930.0,27,357.0,5.666666666666667,4.8743917904007565,13,223.0,0.30427977373919995,14,319.0,0.2568753519790916,27,542.0
1935.0,25,264.0,4.125,4.478817292905288,14,250.0,0.12218593309735548,11,268.0,0.3231913852592747,25,518.0
1940.0,20,278.0,4.34375,5.348959686204513,10,260.0,0.15817703558681365,10,235.0,0.3448250360647854,20,495.0
1945.0,16,298.0,4.65625,5.904641372743901,7,237.0,0.33828304963979156,9,247.0,0.24336274416076814,16,484.0
1950.0,22,267.0,4.171875,6.391396667931932,7,165.0,0.35290171452161834,15,299.0,0.2882662015775718,22,464.0
1955.0,27,339.0,5.557377049180328,5.978147098523857,12,157.0,0.3789430858389615,15,310.0,0.3164090388685895,27,467.0
1960.0,26,411.0,6.966101694915254,4.908022985039019,11,185.0,0.3244816870099418,15,326.0,0.3222278794731107,26,511.0
1965.0,23,408.0,6.8,4.270863677946671,8,166.0,0.3170390114942021,15,351.0,0.19536209205492763,23,517.0
1970.0,15,327.0,5.7368421052631575,5.225799652398881,5,117.0,0.36555115907092395,10,321.0,0.1885455049730153,15,438.0
1975.0,22,232.0,3.8666666666666667,5.115406057331009,11,133.0,0.2456290132627024,11,247.0,0.15486505339006873,22,380.0
1980.0,27,234.0,3.9661016949152543,5.420237617531212,14,172.0,0.23648409035564322,13,207.0,0.25021267293302135,27,379.0
1985.0,19,258.0,4.6909090909090905,6.104657256674063,7,174.0,0.38923420132455283,12,233.0,0.2850600044022835,19,407.0
1990.0,19,260.0,4.814814814814815,5.383521461628548,9,172.0,0.2939795946852239,10,235.0,0.20182032062109764,19,407.0
1995.0,20,275.0,5.288461538461538,5.529731534101452,13,208.0,0.16853583972866704,7,224.0,0.26225265255279306,20,432.0
2000.0,23,336.0,6.339622641509434,5.557190589157773,15,247.0,0.2194022840324732,8,221.0,0.2747848137689868,23,468.0
2005.0,22,386.0,7.423076923076923,5.838870280386714,14,289.0,0.3466959039847742,8,207.0,0.3733433448045937,22,496.0
2010.0,22,405.0,7.232142857142857,5.381506850317214,13,307.0,0.34140009671136856,9,198.0,0.38374809415530076,22,505.0
2015.0,14,206.0,3.6785714285714284,6.079041973217046,6,249.0,0.41807870888180526,8,145.0,0.3748650271782857,14,394.0
2020.0,18,272.0,5.037037037037037,5.861643495553317,7,209.0,0.326216222437512,11,139.0,0.3005879935023016,18,348.0
2025.0,16,255.0,4.396551724137931,5.700544544615065,7,218.0,0.28027517837356153,9,141.0,0.23332663864197034,16,359.0
2030.0,16,252.0,4.344827586206897,5.854296710869218,12,255.0,0.1906746033647918,4,103.0,0.3627697158210381,16,358.0
2035.0,17,243.0,4.418181818181818,6.054480940996126,13,288.0,0.22455338029574165,4,63.0,0.5018345692724314,17,351.0
2040.0,16,275.0,5.188679245283019,6.469451905373845,7,293.0,0.35245067406896013,9,94.0,0.3976296896948055,16,387.0
2045.0,16,149.0,2.9215686274509802,5.130515655513358,7,169.0,0.3114173464439581,9,107.0,0.2599484742681926,16,276.0
2050.0,18,195.0,3.823529411764706,5.6824025294358895,13,196.0,0.2530115859384186,5,84.0,0.35808610380392253,18,280.0
2055.0,19,218.0,4.36,4.816688282596224,13,235.0,0.16130273866677453,6,86.0,0.37357281521354563,19,321.0
2060.0,16,240.0,4.8,6.346473547200056,8,241.0,0.3341306319005125,8,83.0,0.3552544915884528,16,324.0
2065.0,13,203.0,4.319148936170213,5.6019552191611,7,220.0,0.28976509397553807,6,86.0,0.23432900906765652,13,306.0
2070.0,17,241.0,5.127659574468085,6.560883929164268,12,220.0,0.2549274469501033,5,75.0,0.36441595434209767,17,295.0
2075.0,15,155.0,3.6904761904761907,5.577240952497344,10,150.0,0.19934632126855437,5,74.0,0.3634432549599237,15,224.0
2080.0,20,239.0,5.431818181818182,6.335490938188568,12,180.0,0.2678295389197316,8,94.0,0.39428943242942494,20,274.0
2085.0,16,223.0,5.186046511627907,5.671463334818512,9,189.0,0.37642019790420245,7,112.0,0.28597609407273866,16,301.0
2090.0,14,279.0,6.065217391304348,6.812535911927847,10,204.0,0.33253427404557484,4,109.0,0.4117087841749044,14,313.0
2095.0,10,161.0,3.577777777777778,6.308490605857529,7,183.0,0.2400309408760759,3,74.0,0.4268248266130269,10,257.0
2100.0,8,102.0,2.0816326530612246,7.824927292004055,3,93.0,0.43742152822561126,5,80.0,0.41867051093642665,8,173.0
2105.0,11,127.0,2.760869565217391,7.581995134008269,5,60.0,0.5630484932318751,6,86.0,0.20928928406537559,11,146.0
2110.0,13,166.0,3.86046511627907,8.182556333338304,6,82.0,0.44419273318101693,7,96.0,0.33697881577551414,13,178.0
2115.0,9,104.0,2.6666666666666665,7.425351013124989,3,80.0,0.24871074607890967,6,62.0,0.38101968961604304,9,142.0
2120.0,11,131.0,3.4473684210526314,8.112459165661988,6,91.0,0.2568878285333744,5,65.0,0.4646397910373396,11,156.0
2125.0,8,127.0,3.96875,7.6254048652711965,3,84.0,0.6161866379678833,5,75.0,0.3825654049165357,8,159.0
2130.0,9,170.0,4.594594594594595,7.557907373507554,3,102.0,0.6283843615359042,6,99.0,0.30258481880318494,9,201.0
2135.0,10,180.0,5.142857142857143,7.439850393025259,4,119.0,0.5541606615880508,6,92.0,0.3853346736300334,10,211.0
2140.0,11,214.0,6.294117647058823,6.542275156432145,4,121.0,0.508863807576272,7,126.0,0.3961764716762986,11,247.0
2145.0,13,232.0,7.03030303030303,5.118677250044785,8,148.0,0.31122585113766393,5,119.0,0.25748187281058166,13,267.0
2150.0,15,175.0,4.861111111111111,5.269074228008518,7,127.0,0.2349330690323304,8,123.0,0.24483598479991056,15,250.0
2155.0,14,203.0,5.205128205128205,6.32001371340558,9,92.0,0.355600008876868,5,149.0,0.428164972468578,14,241.0
2160.0,12,217.0,5.046511627906977,7.968972640526373,6,95.0,0.5070045763217376,6,170.0,0.5481386498439107,12,265.0
2165.0,11,141.0,3.1333333333333333,8.255333117267169,7,101.0,0.5292738971345758,4,116.0,0.6053376945292787,11,217.0
2170.0,12,113.0,2.3541666666666665,7.49201561042151,7,101.0,0.3651457414347713,5,53.0,0.5880418871588907,12,154.0
2175.0,11,147.0,3.0625,7.846891642372334,6,92.0,0.33040728255849156,5,65.0,0.5813373531454179,11,157.0
2180.0,16,215.0,4.387755102040816,7.012713275858232,8,129.0,0.23725148314683045,8,99.0,0.4090660452349484,16,228.0
2185.0,18,220.0,4.583333333333333,5.776562784254325,7,140.0,0.3330470140498786,11,126.0,0.27565030070891716,18,266.0
2190.0,21,308.0,6.695652173913044,5.695613073270368,8,168.0,0.44785349207475167,13,165.0,0.29434856763185,21,333.0
2195.0,18,274.0,5.829787234042553,5.223212809281056,7,163.0,0.5110740922217034,11,158.0,0.2615262608837304,18,321.0
2200.0,19,306.0,6.244897959183674,5.184107414405441,6,167.0,0.40052504974100217,13,188.0,0.31442069123007615,19,355.0
2205.0,22,306.0,6.0,5.548562292117323,9,181.0,0.4279603643890914,13,196.0,0.33830129270166337,22,377.0
2210.0,21,258.0,4.867924528301887,5.074531827319929,10,149.0,0.2869103124126842,11,173.0,0.296358587360997,21,322.0
2215.0,24,273.0,5.25,5.209575531588702,13,127.0,0.27417664417521664,11,196.0,0.2729707494173518,24,323.0
2220.0,22,266.0,5.018867924528302,5.136738672054688,11,145.0,0.2866236601186786,11,215.0,0.25133443857348314,22,360.0
2225.0,18,202.0,4.208333333333333,4.870885040417147,7,137.0,0.43774807987512265,11,201.0,0.1140087779535502,18,338.0
2230.0,23,238.0,4.76,4.6650741471683235,9,153.0,0.3417526577969668,14,192.0,0.10266489261562502,23,345.0
2235.0,25,263.0,4.87037037037037,5.086528469700994,12,164.0,0.30619335088093796,13,232.0,0.23733254542800888,25,396.0
2240.0,20,278.0,5.245283018867925,6.390173571619117,11,179.0,0.30292234778427096,9,224.0,0.4727357971669969,20,403.0
2245.0,16,237.0,4.3090909090909095,6.286242160833556,10,200.0,0.23366352695292944,6,184.0,0.44843390641943703,16,384.0
2250.0,16,256.0,4.413793103448276,6.159118865753679,8,210.0,0.2710376494397881,8,168.0,0.4623401214236141,16,378.0
2255.0,18,277.0,4.775862068965517,6.025139904542863,8,180.0,0.39213154245745213,10,202.0,0.3528450002930576,18,382.0
2260.0,16,328.0,5.963636363636364,6.029551313473555,6,171.0,0.42989074655687104,10,240.0,0.23838263208783947,16,411.0
2265.0,25,340.0,6.181818181818182,4.8141924018128135,9,191.0,0.26212092026864886,16,250.0,0.15815278531525448,25,441.0
2270.0,27,339.0,5.947368421052632,4.658501469605147,11,228.0,0.23726477518301048,16,231.0,0.22444668043209826,27,459.0
2275.0,24,353.0,6.537037037037037,4.7035733594243565,10,254.0,0.34748705210709885,14,234.0,0.29959697407174746,24,488.0
2280.0,22,275.0,4.741379310344827,5.660065899942791,8,160.0,0.45841100061462803,14,243.0,0.34597301844338024,22,403.0
2285.0,26,325.0,5.327868852459017,5.460435009519518,11,198.0,0.434303925878568,15,281.0,0.2744485630626995,26,479.0
2290.0,21,258.0,4.03125,5.497254394585033,11,190.0,0.270911236731465,10,269.0,0.31881660414257973,21,459.0
2295.0,18,254.0,3.9076923076923076,5.5303796723841705,7,120.0,0.2372745411770929,11,292.0,0.283392566353858,18,412.0
2300.0,22,319.0,5.063492063492063,5.178333773564707,5,115.0,0.1881601255577346,17,355.0,0.1697546548128076,22,470.0
2305.0,31,361.0,5.73015873015873,4.80122377730713,12,124.0,0.18090999886128792,19,411.0,0.21000031298256686,31,535.0
2310.0,27,376.0,5.696969696969697,5.401433878166537,10,150.0,0.3841510329024243,17,419.0,0.254076264561742,27,569.0
2315.0,26,433.0,6.873015873015873,5.879594397293926,10,177.0,0.5023316013929928,16,443.0,0.32069408651886755,26,620.0
2320.0,20,338.0,5.28125,5.592133283635587,9,185.0,0.4621389887882901,11,406.0,0.28099967542620197,20,591.0
2325.0,18,332.0,5.1875,5.774520739974383,6,135.0,0.3745761665324015,12,391.0,0.26749978707849975,18,526.0
2330.0,20,282.0,4.338461538461538,6.114919282427544,10,168.0,0.26214749831091616,10,318.0,0.37096836479554385,20,486.0
2335.0,25,297.0,4.640625,5.806855128716414,14,214.0,0.18538447127651098,11,224.0,0.30116948874976107,25,438.0
2340.0,27,356.0,5.650793650793651,5.027264085340222,13,242.0,0.23480252766804652,14,248.0,0.294326364263425,27,490.0
2345.0,24,390.0,6.842105263157895,5.496924099787398,12,239.0,0.34252315704031044,12,247.0,0.2523345429481471,24,486.0
2350.0,23,449.0,8.163636363636364,4.793189151549206,13,274.0,0.3490548898865946,10,268.0,0.1693298564059659,23,542.0
2355.0,18,400.0,6.896551724137931,6.007094928298188,8,277.0,0.38607006872251953,10,263.0,0.23954623920144366,18,540.0
2360.0,25,460.0,8.518518518518519,5.774778393967627,12,281.0,0.34750400020119376,13,255.0,0.25934779708516564,25,536.0
2365.0,24,511.0,8.810344827586206,6.032386520192265,11,300.0,0.36616175437456006,13,307.0,0.3568207031963541,24,607.0
2370.0,22,404.0,6.3125,5.983121569724946,10,285.0,0.39896860369866727,12,265.0,0.36151050459888706,22,550.0
2375.0,22,345.0,5.2272727272727275,6.78012773922791,10,237.0,0.4396174471053588,12,242.0,0.48544572457108104,22,479.0
2380.0,24,272.0,4.059701492537314,6.096698178193186,11,188.0,0.40904173793699555,13,238.0,0.38934923362331275,24,426.0
2385.0,27,305.0,4.6923076923076925,4.3884309923963265,13,229.0,0.23394246725427364,14,248.0,0.3266153745006017,27,477.0
2390.0,36,348.0,5.4375,3.6365452905981708,19,277.0,0.20872569403620916,17,256.0,0.18087353801663,36,533.0
2395.0,31,328.0,5.2063492063492065,3.8930066027022163,18,305.0,0.14625122093124684,13,230.0,0.19185158936216756,31,535.0
2400.0,23,329.0,5.222222222222222,4.626444394689826,12,299.0,0.21275256206690746,11,232.0,0.1854799913809242,23,531.0
2405.0,25,361.0,5.73015873015873,4.9896914306195175,11,315.0,0.22171799610961626,14,250.0,0.16740336604015996,25,565.0
2410.0,29,330.0,5.32258064516129,5.334401112721485,12,319.0,0.2703730557554264,17,276.0,0.2768407791307168,29,595.0
2415.0,28,388.0,6.466666666666667,4.808515440048028,12,304.0,0.24380617258882642,16,313.0,0.3120707271759945,28,617.0
2420.0,31,413.0,7.245614035087719,3.607775673388493,16,307.0,0.23098026152811976,15,339.0,0.24931907493640032,31,646.0
2425.0,27,422.0,7.275862068965517,4.174942758831238,16,349.0,0.220259341876291,11,303.0,0.2884254931354108,27,652.0
2430.0,26,383.0,6.383333333333334,4.190455707731942,17,363.0,0.18321839036424875,9,247.0,0.31661270951318976,26,610.0
2435.0,28,353.0,5.515625,4.563872517928415,16,387.0,0.24682078265344268,12,179.0,0.30042869091897295,28,566.0
2440.0,22,271.0,4.106060606060606,5.141169777935347,9,323.0,0.334103090209527,13,199.0,0.22006482083778472,22,522.0
2445.0,16,204.0,3.044776119402985,6.199175737517115,7,238.0,0.37993472975489767,9,196.0,0.24341556792083208,16,434.0
2450.0,20,276.0,4.380952380952381,6.81788030928381,11,253.0,0.24208531718704876,9,218.0,0.45847298003421066,20,471.0
2455.0,23,290.0,4.67741935483871,5.844427063970062,13,266.0,0.19307791875472913,10,216.0,0.33043260377374206,23,482.0
2460.0,23,317.0,5.56140350877193,5.782009571809997,10,267.0,0.25031284166949563,13,209.0,0.2972255282552057,23,476.0
2465.0,21,322.0,5.551724137931035,5.296591765948647,9,236.0,0.3449071970628947,12,254.0,0.24426367814453884,21,490.0
2470.0,22,381.0,6.684210526315789,5.930698034557054,12,256.0,0.3738458626373838,10,267.0,0.2551881665833248,22,523.0
2475.0,19,337.0,5.912280701754386,5.913986417056462,11,287.0,0.3230397132683794,8,244.0,0.31920423769346995,19,531.0
2480.0,22,409.0,7.303571428571429,6.566888519836297,13,321.0,0.315253518703687,9,237.0,0.451675231101825,22,558.0
2485.0,20,411.0,7.754716981132075,5.910596946576356,12,333.0,0.32439966328916836,8,218.0,0.4665574366385987,20,551.0
2490.0,18,435.0,7.909090909090909,6.449615682946307,8,301.0,0.42230681214083243,10,249.0,0.4062184225068842,18,550.0
2495.0,20,476.0,8.5,5.64096164022388,8,324.0,0.3683348299290426,12,281.0,0.27669763055080476,20,605.0
2500.0,24,537.0,9.101694915254237,5.747007132617579,15,377.0,0.2695701097305248,9,285.0,0.3420739222902011,24,662.0
2505.0,22,565.0,10.089285714285714,4.700323604434745,14,403.0,0.19748931753535343,8,287.0,0.3148225563264315,22,690.0
2510.0,21,623.0,10.929824561403509,6.195822422656725,9,413.0,0.31312546794622304,12,319.0,0.3191755610451631,21,732.0
2515.0,18,184.0,3.1724137931034484,5.849099526335137,6,261.0,0.35147423110178805,12,215.0,0.17452118894190838,18,476.0
2520.0,21,221.0,4.0181818181818185,6.562524048497406,9,107.0,0.41939567919485404,12,179.0,0.16109726441308103,21,286.0
2525.0,20,234.0,4.5,5.793808767936748,10,124.0,0.3657820135230148,10,188.0,0.23105472190435095,20,312.0
2530.0,15,229.0,4.320754716981132,6.644998314908028,9,134.0,0.34006568902138723,6,148.0,0.3291499403153758,15,282.0
2535.0,15,180.0,3.5294117647058822,6.165380582697912,9,105.0,0.298098347102042,6,154.0,0.20974716918083716,15,259.0
2540.0,20,249.0,4.788461538461538,6.793452253315488,11,131.0,0.318863396344896,9,185.0,0.30458675999572843,20,316.0
2545.0,18,232.0,4.64,5.947645746244676,11,133.0,0.24840922757492473,7,181.0,0.4464887237020878,18,314.0
2550.0,15,284.0,5.795918367346939,7.231984475656616,11,162.0,0.2919157873754752,4,160.0,0.6012621603842563,15,322.0
2555.0,13,146.0,2.979591836734694,6.869105006087467,9,180.0,0.29682752352656033,4,73.0,0.5572940926985559,13,253.0
2560.0,16,178.0,3.423076923076923,6.851032810325678,9,168.0,0.3147651957977725,7,53.0,0.4644469918888743,16,221.0
2565.0,16,129.0,2.388888888888889,5.544132030232665,10,148.0,0.4057529029734781,6,64.0,0.14535445727623697,16,212.0
2570.0,13,163.0,3.26,7.323569600141711,7,137.0,0.527753813121569,6,61.0,0.3457228157706573,13,198.0
2575.0,12,151.0,3.1458333333333335,6.596028751762269,7,134.0,0.3037498284654311,5,71.0,0.4905418518211222,12,205.0
2580.0,20,175.0,3.5,5.725903792642291,12,121.0,0.22537166427925884,8,102.0,0.40215324230362853,20,223.0
2585.0,19,180.0,3.5294117647058822,4.874987428741767,10,163.0,0.3314418050813982,9,88.0,0.32088914518084344,19,251.0
2590.0,26,285.0,5.480769230769231,4.953884111381437,12,209.0,0.42708010060018825,14,131.0,0.2729039620229723,26,340.0
2595.0,22,277.0,5.036363636363636,4.939309822025342,11,224.0,0.4115957219763165,11,159.0,0.29731936825038546,22,383.0
2600.0,15,276.0,5.111111111111111,5.89627128882999,8,216.0,0.3652832909291542,7,138.0,0.33724863868860405,15,354.0
2605.0,14,148.0,2.8461538461538463,5.311659114440948,10,199.0,0.12197269033212003,4,99.0,0.3880841612379959,14,298.0
2610.0,21,178.0,3.1785714285714284,5.9304902785434175,12,167.0,0.18474991960102569,9,99.0,0.30812949323744515,21,266.0
2615.0,21,225.0,4.017857142857143,6.200730399055909,11,201.0,0.33153198313621696,10,127.0,0.3399193922695127,21,328.0
2620.0,19,298.0,5.321428571428571,7.22462665816284,9,221.0,0.45876818128022423,10,168.0,0.3331519264447567,19,389.0
2625.0,17,292.0,5.615384615384615,5.955040874650866,7,215.0,0.40081182058732767,10,173.0,0.22997663854301104,17,388.0
2630.0,14,276.0,5.63265306122449,6.705227383248757,11,246.0,0.2629610855067557,3,124.0,0.46217064693720605,14,370.0
2635.0,14,188.0,3.9166666666666665,5.756565795932346,11,228.0,0.2447900091970085,3,67.0,0.40754430589443236,14,295.0
2640.0,18,170.0,3.3333333333333335,6.321889168376608,10,176.0,0.22680750036865713,8,103.0,0.49955108996092745,18,279.0
2645.0,13,171.0,3.3529411764705883,6.384749850607219,8,189.0,0.3487253668800752,5,94.0,0.5162406848521107,13,283.0
2650.0,14,215.0,4.215686274509804,7.73522260499721,9,206.0,0.4543306600084945,5,69.0,0.5243880154858254,14,275.0
2655.0,14,214.0,3.962962962962963,5.6321479258911085,7,210.0,0.31182433763884604,7,49.0,0.20783728215845163,14,259.0
2660.0,23,293.0,5.232142857142857,6.0878713649603915,9,217.0,0.3533669080752413,14,102.0,0.2654435202396504,23,319.0
2665.0,20,189.0,3.5,5.792776647357312,9,149.0,0.39164161781427,11,123.0,0.32443855122630966,20,272.0
2670.0,21,274.0,4.807017543859649,6.160765973125731,12,173.0,0.39274547671913485,9,134.0,0.40370622676381523,21,307.0
2675.0,20,210.0,3.559322033898305,5.541175365245686,11,161.0,0.4046437074510999,9,139.0,0.26137877775711893,20,300.0
2680.0,22,243.0,4.05,6.38329436186808,14,194.0,0.3595377726938109,8,97.0,0.4038780946257213,22,291.0
2685.0,19,236.0,3.8688524590163933,5.690385535180346,12,208.0,0.16858361607975061,7,125.0,0.5256343619668279,19,333.0
2690.0,20,279.0,4.982142857142857,5.867002611709901,11,192.0,0.23839281173247176,9,158.0,0.48702137647744675,20,350.0
2695.0,20,220.0,3.9285714285714284,4.817759057390881,10,202.0,0.280040569961337,10,137.0,0.28130040262573824,20,339.0
2700.0,25,244.0,4.206896551724138,5.002855308329636,11,191.0,0.3117743966481214,14,177.0,0.2586949098680346,25,368.0
2705.0,24,267.0,4.52542372881356,4.9380446338332415,11,210.0,0.3301609796590327,13,192.0,0.2891449641930084,24,402.0
2710.0,19,263.0,4.311475409836065,6.301631670687824,10,213.0,0.37933682369987154,9,170.0,0.38720520687333804,19,383.0
2715.0,13,147.0,2.5344827586206895,6.1962430948303435,7,197.0,0.38574372730999174,6,128.0,0.39574322202291284,13,325.0
2720.0,21,202.0,3.4237288135593222,6.22588977163312,12,208.0,0.2833052741526653,9,119.0,0.4403495280464073,21,327.0
2725.0,25,230.0,4.181818181818182,5.107931593464999,13,213.0,0.25150328698527347,12,150.0,0.36725548716504886,25,363.0
2730.0,23,308.0,5.703703703703703,4.898619868507446,10,185.0,0.2903246202248046,13,207.0,0.2847721982094921,23,392.0
2735.0,24,250.0,4.310344827586207,4.469266123746596,10,155.0,0.27065177716669714,14,212.0,0.2683433567862166,24,367.0
2740.0,21,290.0,5.178571428571429,5.413129754590503,13,181.0,0.31647183701528964,8,188.0,0.3034347220699852,21,369.0
2745.0,18,205.0,3.6607142857142856,4.980214347586773,11,180.0,0.30008854368823684,7,167.0,0.27399729066928374,18,347.0
2750.0,19,185.0,3.3035714285714284,5.232782913481475,6,127.0,0.3072576448802349,13,178.0,0.2641018544257873,19,305.0
2755.0,25,252.0,4.131147540983607,4.545892260415571,9,137.0,0.3291549351628693,16,224.0,0.2036863971698652,25,361.0
2760.0,18,246.0,3.84375,6.135214019491608,9,160.0,0.4441846977487858,9,238.0,0.33050181027226355,18,398.0
2765.0,18,167.0,2.4925373134328357,6.133786382101271,9,145.0,0.4148247320847105,9,197.0,0.3925355092680019,18,342.0
2770.0,20,206.0,2.9855072463768115,6.301358927341717,8,126.0,0.4510237620303085,12,171.0,0.3540489980214845,20,297.0
2775.0,22,252.0,3.652173913043478,5.697982789358705,7,136.0,0.457277210332359,15,204.0,0.24416996064534674,22,340.0
2780.0,23,318.0,4.608695652173913,5.791286958469467,14,189.0,0.32843871813264874,9,209.0,0.3050011231917556,23,398.0
2785.0,28,226.0,3.373134328358209,4.388229837713519,16,193.0,0.16439277895344978,12,196.0,0.26184206527989473,28,389.0
2790.0,35,380.0,5.6716417910447765,4.630296850322438,18,255.0,0.22155164954362075,17,224.0,0.28376730701726494,35,479.0
2795.0,33,422.0,6.115942028985507,4.58152683440146,16,291.0,0.2574762502458099,17,270.0,0.32404574354137017,33,561.0
2800.0,30,479.0,6.652777777777778,5.402904259490851,12,288.0,0.38276631360970204,18,307.0,0.24647683530138467,30,595.0
2805.0,29,461.0,5.987012987012987,4.776060161039599,9,275.0,0.3633130423666591,20,349.0,0.15936191681436934,29,624.0
2810.0,27,327.0,4.1923076923076925,5.793767249083087,13,253.0,0.3291702722085877,14,339.0,0.2869945882554178,27,592.0
2815.0,24,347.0,4.3924050632911396,5.7807015849706795,15,291.0,0.28801424151150207,9,318.0,0.36009351143959506,24,609.0
2820.0,32,296.0,3.7948717948717947,4.984310011782892,18,313.0,0.23474174880087015,14,278.0,0.2575740626883449,32,591.0
2825.0,34,358.0,4.837837837837838,4.243275633227468,18,356.0,0.2021725984551918,16,279.0,0.20890285897946345,34,635.0
2830.0,35,380.0,5.0,3.9841837587277698,16,342.0,0.19171237221013157,19,329.0,0.16478504581239586,35,671.0
2835.0,29,396.0,5.577464788732394,4.385382578024308,15,336.0,0.18738757837630898,14,337.0,0.20873959313282933,29,673.0
2840.0,30,317.0,4.342465753424658,4.764454342721118,16,297.0,0.17711577271907636,14,323.0,0.2715879753224539,30,620.0
2845.0,33,405.0,5.625,4.342961482715115,15,324.0,0.2139411612987832,18,347.0,0.2177553030058612,33,671.0
2850.0,39,526.0,7.6231884057971016,4.291040648042866,16,351.0,0.26362503128349657,23,438.0,0.20172283320056097,39,789.0
2855.0,36,563.0,8.402985074626866,3.506351103592608,14,363.0,0.16270750484507598,22,504.0,0.1645182208063545,36,867.0
2860.0,33,575.0,8.455882352941176,3.75764026947489,14,329.0,0.20824235670526683,19,536.0,0.18092608093403015,33,865.0
2865.0,24,398.0,6.317460317460317,5.111613906024619,10,273.0,0.2934137785695125,14,499.0,0.23369491678414123,24,772.0
2870.0,20,234.0,3.6,5.744964330631914,10,248.0,0.26869735148107576,10,401.0,0.34329571899655553,20,649.0
2875.0,24,280.0,4.17910447761194,5.386823935837083,9,255.0,0.3699535043989486,15,341.0,0.2837239494382903,24,596.0
2880.0,29,357.0,5.409090909090909,5.51482632241612,9,261.0,0.5579327476200985,20,395.0,0.20664577186523167,29,656.0
2885.0,29,343.0,5.044117647058823,4.853876386279911,8,238.0,0.4202205979750871,21,431.0,0.2116808203274081,29,669.0
2890.0,33,330.0,4.782608695652174,3.6399683987158737,14,185.0,0.25486187903857893,19,465.0,0.18722657130784814,33,650.0
2895.0,32,336.0,4.869565217391305,3.710519493370707,15,248.0,0.21218484834926965,17,432.0,0.1918432361659584,32,680.0
2900.0,31,409.0,5.8428571428571425,4.0529083254209795,17,306.0,0.19234729366158995,14,414.0,0.19949182531813547,31,720.0
2905.0,31,384.0,5.260273972602739,4.2215580129236,17,326.0,0.2209228243024883,14,450.0,0.1884805429337994,31,776.0
2910.0,28,388.0,5.464788732394366,4.775331249693431,9,288.0,0.36741576073973015,19,493.0,0.08751562997235586,28,781.0
2915.0,29,447.0,6.6716417910447765,4.2562302994947085,9,242.0,0.32814364080820957,20,548.0,0.043828999329802824,29,790.0
2920.0,32,490.0,7.538461538461538,4.408236457184107,17,238.0,0.1980153585035232,15,550.0,0.15206764271236428,32,788.0
2925.0,25,571.0,9.516666666666667,4.2262220538089394,15,270.0,0.08843002895928236,10,531.0,0.3326815615135471,25,801.0
2930.0,21,520.0,9.285714285714286,5.774287219687663,13,271.0,0.12531946216960027,8,494.0,0.4152196736246822,21,765.0
2935.0,21,451.0,8.053571428571429,4.764283800654746,11,273.0,0.14223827278201856,10,416.0,0.2966078996840908,21,689.0
2940.0,27,443.0,7.910714285714286,4.84259892960558,13,281.0,0.199812602667299,14,409.0,0.31452109976134845,27,690.0
2945.0,25,263.0,5.0576923076923075,4.814646704053613,11,243.0,0.2827385776376582,14,342.0,0.3213372651849537,25,585.0
2950.0,24,280.0,5.283018867924528,4.13590884476436,10,230.0,0.3029233941436004,14,368.0,0.2241597548235494,24,598.0
2955.0,17,211.0,3.9074074074074074,4.697052476983578,8,230.0,0.27831651101003396,9,352.0,0.2562089703845297,17,582.0
2960.0,16,244.0,4.518518518518518,5.507175951796656,6,209.0,0.2676886167622126,10,324.0,0.26939912189771403,16,533.0
2965.0,17,209.0,3.6666666666666665,5.990614971794346,4,181.0,0.44280552725689404,13,348.0,0.19902342782127933,17,529.0
2970.0,23,190.0,3.2758620689655173,5.507058529798296,8,171.0,0.45301503439342605,15,329.0,0.20567413548191618,23,500.0
2975.0,20,222.0,4.111111111111111,5.607794237189421,5,114.0,0.4954538653952391,15,284.0,0.2991855100326266,20,398.0
2980.0,20,255.0,4.322033898305085,5.3726397871307,7,139.0,0.4259042049008886,13,297.0,0.3134418184877194,20,436.0
2985.0,20,215.0,3.5245901639344264,5.112322575886247,8,162.0,0.35950328569709034,12,245.0,0.2882608043209273,20,407.0
2990.0,18,227.0,3.721311475409836,5.316658760199535,6,152.0,0.3068635583175052,12,259.0,0.25733690664898473,18,411.0
2995.0,20,219.0,3.4761904761904763,5.093294230278509,3,117.0,0.36793955273913925,17,286.0,0.1388418620925821,20,403.0
3000.0,26,225.0,3.6885245901639343,4.6393654973348815,8,131.0,0.28452451887810737,18,306.0,0.17798134488881495,26,437.0
3005.0,29,322.0,5.193548387096774,5.1698622189281265,10,160.0,0.39786235605176107,19,337.0,0.2594134472728559,29,497.0
3010.0,26,358.0,5.774193548387097,5.102752120743056,6,146.0,0.40334287422057374,20,390.0,0.24357515974822014,26,536.0
3015.0,25,339.0,5.557377049180328,4.781445656898762,5,89.0,0.36470264241571515,20,429.0,0.20874110666436307,25,518.0
3020.0,33,368.0,5.575757575757576,3.9090749814422074,11,106.0,0.18443945340358017,22,450.0,0.16829847381063012,33,556.0
3025.0,26,303.0,4.809523809523809,4.705725380338733,12,138.0,0.21901371892675758,14,407.0,0.27907489819411846,26,545.0
3030.0,17,261.0,4.209677419354839,5.219628873679688,4,129.0,0.2839988789588367,13,411.0,0.2550530397817136,17,540.0
3035.0,18,239.0,3.8548387096774195,5.877444258913362,4,124.0,0.5108395991328166,14,410.0,0.131925591009047,18,534.0
3040.0,21,261.0,4.5,4.392891738623165,3,90.0,0.3836916008016122,18,428.0,0.1433060959559811,21,518.0
3045.0,23,325.0,5.508474576271187,5.567901727431084,9,126.0,0.33986331023269367,14,414.0,0.26283040430422006,23,540.0
3050.0,22,385.0,6.52542372881356,5.020101205913893,7,140.0,0.2673084994348786,15,441.0,0.26651846422274067,22,581.0
3055.0,23,457.0,7.745762711864407,5.674161257125273,5,145.0,0.4716036056074482,18,467.0,0.1542751750231219,23,612.0
3060.0,23,295.0,5.267857142857143,5.276260496834086,2,74.0,0.5835231281597002,21,476.0,0.050142843080316926,23,550.0
3065.0,20,320.0,5.818181818181818,5.928783877317808,3,33.0,0.5695466188831451,17,485.0,0.15514039369022511,20,518.0
3070.0,21,355.0,6.69811320754717,6.176233157227904,5,55.0,0.49034651027863,16,508.0,0.258139963657863,21,563.0
3075.0,15,297.0,5.4,6.125828082248088,5,59.0,0.2658338830684174,10,462.0,0.3858754598577292,15,521.0
3080.0,16,193.0,3.7115384615384617,5.591824211142295,6,46.0,0.402827988968494,10,370.0,0.27447468456409446,16,416.0
3085.0,20,218.0,4.113207547169812,5.727405486295032,4,49.0,0.49094271619590335,16,324.0,0.20046392231783222,20,373.0
3090.0,21,292.0,5.3090909090909095,5.8994089651396555,5,64.0,0.5671759040987481,16,355.0,0.2207978364609792,21,419.0
3095.0,15,275.0,5.392156862745098,6.584516625728256,3,54.0,0.3729528186135088,12,337.0,0.39891453096528173,15,391.0
3100.0,15,273.0,5.808510638297872,5.71528110719394,5,66.0,0.20947593075356263,10,322.0,0.34722516363793193,15,388.0
3105.0,17,321.0,6.978260869565218,5.556300797821114,4,87.0,0.3067769202103518,13,306.0,0.21448960964687283,17,393.0
3110.0,22,279.0,6.065217391304348,4.757087000599148,5,96.0,0.45721441803288304,17,281.0,0.07376230176105915,22,377.0
3115.0,20,238.0,5.0638297872340425,5.8490587408665755,3,81.0,0.6087986850463407,17,266.0,0.12482956187129933,20,347.0
3120.0,18,259.0,5.630434782608695,5.576808446323602,3,50.0,0.5243336236635129,15,311.0,0.25462350395240413,18,361.0
3125.0,22,332.0,6.916666666666667,5.417773217483884,6,77.0,0.44370595806631985,16,331.0,0.3379599413391021,22,408.0
3130.0,16,296.0,6.040816326530612,5.306496921468412,3,87.0,0.4948362426797507,13,338.0,0.35934720372703943,16,425.0
3135.0,16,225.0,4.326923076923077,6.050794954037341,5,82.0,0.40640074357377504,11,273.0,0.32739855218046005,16,355.0
3140.0,10,140.0,2.641509433962264,6.673322912019195,1,45.0,0.4973364565050495,9,241.0,0.2951704327159518,10,286.0
3145.0,16,186.0,3.4444444444444446,7.34196077430475,4,59.0,0.6132634964377041,12,249.0,0.2863185331093203,16,308.0
3150.0,18,208.0,4.16,5.765176439543419,4,73.0,0.5580699994460473,14,274.0,0.23166371973200658,18,347.0
3155.0,21,219.0,4.211538461538462,5.977639995130134,6,102.0,0.4685464837549388,15,274.0,0.2632725021971889,21,376.0
3160.0,22,235.0,4.433962264150943,5.459358627369559,7,71.0,0.41812958905833647,15,331.0,0.27763264195709236,22,402.0
3165.0,22,324.0,6.113207547169812,6.284708306743685,8,109.0,0.49530367552535687,14,365.0,0.2624816161219567,22,474.0
3170.0,21,241.0,4.462962962962963,5.036991068119793,6,94.0,0.47144923914917203,15,358.0,0.19201590463292134,21,452.0
3175.0,15,193.0,3.5090909090909093,6.288619083359462,3,50.0,0.5091580448269938,12,274.0,0.23633225469365318,15,324.0
3180.0,16,176.0,3.259259259259259,5.852553661063053,3,39.0,0.3939877506455498,13,299.0,0.16904334697606668,16,338.0
3185.0,23,223.0,3.7796610169491527,5.889557122522927,11,76.0,0.2113037012990313,12,308.0,0.3168456456878985,23,384.0
3190.0,20,281.0,5.109090909090909,5.094671590963984,10,104.0,0.25189932704629053,10,326.0,0.3868177150305938,20,430.0
3195.0,20,327.0,6.288461538461538,5.918329621122293,7,103.0,0.38649876668618494,13,343.0,0.3476803077448678,20,446.0
3200.0,21,308.0,6.16,4.385965561009413,5,102.0,0.29878324772968745,16,346.0,0.11362790468861594,21,448.0
3205.0,24,303.0,5.716981132075472,4.876280524037253,9,127.0,0.2679975720971737,15,315.0,0.1273208781809107,24,442.0
3210.0,20,340.0,6.296296296296297,4.849269598731814,7,143.0,0.37413447130244354,13,349.0,0.22600836997964008,20,492.0
3215.0,17,341.0,6.089285714285714,6.977975616742116,5,147.0,0.5484393980551034,12,352.0,0.3696876156449225,17,499.0
3220.0,13,238.0,4.175438596491228,6.865713541714689,3,84.0,0.6438506768722028,10,372.0,0.28046891419137304,13,456.0
3225.0,17,292.0,5.12280701754386,7.13575788055775,5,70.0,0.6322901215108591,12,379.0,0.24360275946587942,17,449.0
3230.0,22,360.0,6.315789473684211,5.720999953149676,7,100.0,0.4382217265149807,15,398.0,0.24436295007479078,22,498.0
3235.0,24,407.0,7.267857142857143,5.045740801752281,9,123.0,0.3277149646577727,15,396.0,0.3171277322888089,24,519.0
3240.0,26,484.0,9.490196078431373,4.39239783887068,10,149.0,0.3704149308898184,16,432.0,0.2259245103105602,26,581.0
3245.0,26,508.0,8.758620689655173,4.722056828900588,11,174.0,0.4023883787792893,15,444.0,0.1943913419752994,26,618.0
3250.0,23,531.0,8.704918032786885,4.992688462795383,8,180.0,0.4136181715682924,15,489.0,0.23732820713246391,23,669.0
3255.0,24,550.0,9.322033898305085,5.304666474723505,10,199.0,0.3154622290533174,14,504.0,0.34705000288576515,24,703.0
3260.0,28,635.0,10.76271186440678,4.63013387190756,15,235.0,0.13116503536253435,13,533.0,0.35922364278341873,28,768.0
3265.0,29,675.0,11.25,3.9924525083194897,14,281.0,0.18492068431528294,15,558.0,0.2519675958715727,29,839.0
3270.0,27,444.0,7.4,4.597258891682555,10,287.0,0.3626934986639028,17,447.0,0.20559989881567364,27,734.0
3275.0,29,388.0,6.576271186440678,4.580383850383123,11,260.0,0.3788756520108054,18,337.0,0.1487857507836292,29,597.0
3280.0,26,374.0,6.233333333333333,5.317368311474964,8,211.0,0.5276665866401913,18,379.0,0.14056683317388413,26,590.0
3285.0,21,397.0,6.728813559322034,5.560469037559554,8,213.0,0.4291360173626343,13,373.0,0.24463988201700354,21,586.0
3290.0,25,407.0,6.898305084745763,4.973364690716722,13,220.0,0.283103973570801,12,391.0,0.29202070599885405,25,611.0
3295.0,28,381.0,6.568965517241379,4.379337406954039,13,215.0,0.23537201102716276,15,399.0,0.2712286356056289,28,614.0
3300.0,31,400.0,6.666666666666667,3.7686336688251343,13,240.0,0.2823057352735137,18,431.0,0.1933927240894929,31,671.0
3305.0,32,510.0,8.360655737704919,4.537680528349518,12,248.0,0.32598232362605994,20,493.0,0.18390166448268522,32,741.0
3310.0,29,551.0,9.338983050847459,4.638297798794377,10,258.0,0.3255840732347143,19,537.0,0.16299955696054672,29,795.0
3315.0,20,517.0,8.475409836065573,5.886985649538265,10,274.0,0.2596503826872929,10,506.0,0.31316804750600774,20,780.0
3320.0,19,348.0,5.898305084745763,5.142535198877114,12,279.0,0.0826826316860126,7,366.0,0.4020385279516795,19,645.0
3325.0,20,320.0,5.333333333333333,5.774636567175369,12,276.0,0.23381358387955709,8,227.0,0.41623721995867763,20,503.0
3330.0,21,214.0,3.5081967213114753,5.318472364542742,10,212.0,0.30544792610381855,11,242.0,0.36639781121599063,21,454.0
3335.0,19,275.0,4.435483870967742,6.161780785490437,9,186.0,0.44593257395038827,10,232.0,0.36775605500959674,19,418.0
3340.0,17,246.0,4.241379310344827,5.0874880951892045,7,175.0,0.34079793385338253,10,239.0,0.31408611991351637,17,414.0
3345.0,22,268.0,4.466666666666667,4.904234639458793,7,113.0,0.38683045832955093,15,267.0,0.1498471555748445,22,380.0
3350.0,27,305.0,5.169491525423729,4.290012414722434,7,101.0,0.35394652032957497,20,324.0,0.07929251478348652,27,425.0
3355.0,20,336.0,5.694915254237288,5.729005981600051,6,85.0,0.4467612388847898,14,377.0,0.22164161771725752,20,462.0
3360.0,17,263.0,4.5344827586206895,5.7941792982208575,7,78.0,0.3270457106205929,10,354.0,0.3059449641816122,17,432.0
3365.0,19,317.0,5.56140350877193,6.051559382049962,8,93.0,0.4654692039992764,11,351.0,0.26516564240147866,19,444.0
3370.0,24,261.0,4.833333333333333,4.668382558418737,9,104.0,0.40298717926469163,15,332.0,0.23111643964897535,24,436.0
3375.0,29,324.0,5.684210526315789,4.261802595219683,12,163.0,0.3103421544164809,17,293.0,0.2365539431845036,29,456.0
3380.0,27,372.0,5.904761904761905,4.329297864755962,11,203.0,0.27043183360340395,16,328.0,0.2705662285699952,27,531.0
3385.0,22,371.0,6.081967213114754,5.842995719971215,12,227.0,0.32296626793048183,10,311.0,0.3686890651129563,22,538.0
3390.0,18,236.0,3.933333333333333,5.131099130701214,10,222.0,0.31527998979852523,8,251.0,0.3240012898978536,18,473.0
3395.0,17,239.0,3.7936507936507935,5.762041406830914,5,174.0,0.43051297261012406,12,243.0,0.19291897112654238,17,417.0
3400.0,22,309.0,4.753846153846154,5.943971786201897,7,164.0,0.5194538486447285,15,272.0,0.14793735307265207,22,436.0
3405.0,19,339.0,5.296875,6.392423620220378,8,182.0,0.37723913764579464,11,273.0,0.26409849552010395,19,455.0
3410.0,18,358.0,5.966666666666667,6.61344369750508,9,209.0,0.34874048682561526,9,257.0,0.3343054863670803,18,466.0
3415.0,22,289.0,4.982758620689655,6.064406390034086,9,190.0,0.3268084102524086,13,247.0,0.2856035686879412,22,437.0
3420.0,23,208.0,3.6491228070175437,5.650787353769176,9,116.0,0.4248573253240968,14,228.0,0.23945372735615245,23,344.0
3425.0,27,279.0,4.894736842105263,5.465173166312877,9,136.0,0.4338262418315821,18,256.0,0.29949207238798914,27,392.0
3430.0,27,338.0,5.827586206896552,4.895626226769907,10,148.0,0.3448960447057349,17,301.0,0.28450915198756077,27,449.0
3435.0,24,347.0,5.688524590163935,4.580232792410848,9,153.0,0.28267039414032097,15,358.0,0.284008380443559,24,511.0
3440.0,26,316.0,4.9375,5.061419589593914,9,106.0,0.35613783764821655,17,377.0,0.23172843452281086,26,483.0
3445.0,22,217.0,3.2388059701492535,5.040236217604744,9,131.0,0.2926705233848827,13,332.0,0.2249312788688294,22,463.0
3450.0,26,300.0,4.477611940298507,5.74969875438527,14,168.0,0.12369636708697918,12,289.0,0.3806166092841144,26,457.0
3455.0,25,316.0,5.015873015873016,4.876334934876392,13,208.0,0.0700189149531082,12,284.0,0.35210980201902603,25,492.0
3460.0,23,314.0,5.233333333333333,5.182868588540674,9,218.0,0.2941520262790221,14,276.0,0.23191743101701331,23,494.0
3465.0,23,225.0,3.8135593220338984,4.4887351947151535,5,161.0,0.3890410646855804,18,309.0,0.11629811473116322,23,470.0
3470.0,27,298.0,5.0508474576271185,5.55430861233565,8,166.0,0.3984631025956149,19,326.0,0.2701605834694977,27,492.0
3475.0,25,284.0,4.733333333333333,5.70110628787569,9,163.0,0.3767828900297862,16,349.0,0.32117900591819804,25,512.0
3480.0,25,281.0,4.4603174603174605,5.486942978076159,11,161.0,0.2872212509584897,14,316.0,0.2980591977584025,25,477.0
3485.0,22,261.0,4.078125,5.101976609385,9,169.0,0.1952154832708827,13,325.0,0.3093983090966398,22,494.0
3490.0,24,330.0,4.782608695652174,5.952912144230189,5,153.0,0.43525151764096603,19,376.0,0.24111553403566716,24,529.0
3495.0,26,345.0,5.390625,5.402792045285967,5,123.0,0.4969836841080345,21,428.0,0.16263510661856115,26,551.0
3500.0,21,378.0,6.0,6.181282935200854,6,88.0,0.5553299611220183,15,445.0,0.21529012490582092,21,533.0
3505.0,24,373.0,5.828125,4.924633314619434,8,95.0,0.26164441630055163,16,442.0,0.24444863165949737,24,537.0
3510.0,30,467.0,7.532258064516129,5.338285617580031,12,155.0,0.31475533409935236,18,465.0,0.28066489385086496,30,620.0
3515.0,27,519.0,8.65,4.239847862893936,8,168.0,0.28214043665193667,19,527.0,0.22051404731712415,27,695.0
3520.0,20,533.0,8.883333333333333,5.763158416380722,5,129.0,0.3778731075925682,15,556.0,0.23690900642533358,20,685.0
3525.0,20,455.0,8.125,6.074098196188389,5,119.0,0.4375704599532355,15,468.0,0.22285303300090528,20,587.0
3530.0,20,278.0,4.793103448275862,6.4863455429956405,4,118.0,0.4815088224078355,16,393.0,0.23756654268839783,20,511.0
3535.0,18,298.0,5.418181818181818,6.03850292653162,5,119.0,0.5490987889060694,13,415.0,0.2848764159807623,18,534.0
3540.0,25,388.0,7.461538461538462,5.225925339517711,8,154.0,0.4117879770707634,17,456.0,0.3043897974490664,25,610.0
3545.0,24,451.0,8.50943396226415,4.142881245521095,7,158.0,0.42011411554327305,17,454.0,0.1825357754958138,24,612.0
3550.0,27,542.0,9.678571428571429,4.517364042740894,8,196.0,0.42198325766218214,19,443.0,0.17420652586733756,27,639.0
3555.0,25,358.0,6.280701754385965,4.592448656096993,8,113.0,0.4062611790803383,17,417.0,0.1845564286872087,25,530.0
3560.0,31,477.0,8.368421052631579,4.7073319328990175,11,171.0,0.37319231821766713,20,418.0,0.1886276385251168,31,589.0
3565.0,31,396.0,7.071428571428571,3.2510375132529554,12,185.0,0.2854219810347128,19,436.0,0.07481543486582788,31,621.0
3570.0,19,232.0,4.296296296296297,4.872624799629961,7,137.0,0.32766662564591176,12,363.0,0.1053513367007837,19,500.0
3575.0,16,215.0,4.3,5.206622297446804,6,124.0,0.25257938518194367,10,306.0,0.18288257385746284,16,430.0
3580.0,19,237.0,4.5576923076923075,5.170854350500798,9,146.0,0.20090462230593187,10,296.0,0.2529484286258521,19,442.0
3585.0,21,244.0,4.88,5.662994936163196,11,167.0,0.4015154902726764,10,299.0,0.2803135101075381,21,466.0
3590.0,24,356.0,6.716981132075472,6.279634353301483,11,199.0,0.42187293623135774,13,359.0,0.38063826835713405,24,558.0
3595.0,20,343.0,6.471698113207547,5.263574242699748,10,195.0,0.28944953467608214,10,335.0,0.41236293496371235,20,530.0
3600.0,13,278.0,5.245283018867925,6.519930721038358,6,148.0,0.2192308868460197,7,284.0,0.5292135099581252,13,432.0
3605.0,11,252.0,4.846153846153846,5.439171699353807,4,91.0,0.27038124671662656,7,306.0,0.3166730975445921,11,397.0
3610.0,22,327.0,5.945454545454545,6.751077505028478,11,106.0,0.35492681577517354,11,352.0,0.35009055860150196,22,458.0
3615.0,19,404.0,7.622641509433962,6.786774982399054,8,121.0,0.44400044914716047,11,407.0,0.3427587525776489,19,528.0
3620.0,16,381.0,7.188679245283019,6.523353391833583,5,89.0,0.4789469030496676,11,404.0,0.2873629125500366,16,493.0
3625.0,19,434.0,8.857142857142858,6.075768288720463,7,101.0,0.46226214903028184,12,359.0,0.23320437913506367,19,460.0
3630.0,20,269.0,5.2745098039215685,5.704787975010022,7,116.0,0.3450493856375594,13,261.0,0.23861835116118307,20,377.0
3635.0,22,347.0,7.543478260869565,5.411189583603705,11,155.0,0.3441773016335914,11,224.0,0.28715472956109334,22,379.0
3640.0,18,289.0,6.020833333333333,4.913592421957346,9,188.0,0.2665798212810876,9,190.0,0.33388656495966135,18,378.0
3645.0,18,313.0,7.825,5.3576144995609365,8,203.0,0.2921664874844836,10,137.0,0.3548646817220994,18,340.0
3650.0,15,219.0,4.866666666666666,4.746444782140542,6,139.0,0.2297573889112506,9,166.0,0.24888659210479336,15,305.0
3655.0,19,291.0,6.0625,6.365850344138972,9,133.0,0.34926088185569537,10,199.0,0.29487729357391146,19,332.0
3660.0,15,144.0,3.272727272727273,6.046049517305644,7,107.0,0.38862080450138986,8,173.0,0.2965477459080554,15,280.0
3665.0,17,217.0,4.617021276595745,6.659022290081706,8,119.0,0.4331917446458204,9,142.0,0.27531513702079013,17,261.0
3670.0,15,154.0,3.019607843137255,6.761342486057531,7,117.0,0.46016743011464145,8,133.0,0.3822380415028381,15,250.0
3675.0,11,120.0,2.4,8.160995122028044,5,69.0,0.47007690620200865,6,90.0,0.517780157867983,11,159.0
3680.0,7,84.0,1.8666666666666667,7.920297233937546,5,80.0,0.4016790745928404,2,62.0,0.4908625084117908,7,142.0
3685.0,15,146.0,3.1739130434782608,6.72398986552538,10,126.0,0.26354930628780376,5,62.0,0.3615536658775022,15,188.0
3690.0,13,163.0,3.880952380952381,6.890215700091656,8,143.0,0.40064658244725365,5,75.0,0.39015474403595035,13,218.0
3695.0,12,209.0,5.097560975609756,7.381560946838238,8,169.0,0.30487192017332093,4,78.0,0.47849706084297483,12,247.0
3700.0,12,164.0,4.0,5.878760898661249,8,168.0,0.12599086356643424,4,50.0,0.49232868761307647,12,218.0
3705.0,13,208.0,4.7272727272727275,6.997717232380078,6,139.0,0.43009348959133187,7,81.0,0.38121684358923286,13,220.0
3710.0,14,155.0,3.4444444444444446,7.389852395840259,5,73.0,0.538039505047702,9,122.0,0.3900762060089445,14,195.0
3715.0,13,133.0,2.9555555555555557,7.786220590822208,4,54.0,0.5651536429877742,9,109.0,0.39554405566115247,13,163.0
3720.0,17,198.0,4.829268292682927,6.33694158006538,8,80.0,0.37680080759397816,9,136.0,0.3819406169183387,17,216.0
3725.0,16,165.0,4.024390243902439,5.12896668435151,7,90.0,0.3534695801517096,9,142.0,0.2921341924851155,16,232.0
3730.0,13,190.0,4.523809523809524,6.273351911612128,6,93.0,0.33662978106148667,7,109.0,0.30210913078273505,13,202.0
3735.0,14,157.0,3.738095238095238,6.139122461307965,7,112.0,0.26083618604163394,7,106.0,0.24239348648960804,14,218.0
3740.0,16,194.0,4.409090909090909,6.359838078609408,7,131.0,0.2598908089778609,9,93.0,0.3459235669427162,16,224.0
3745.0,15,149.0,3.6341463414634148,5.793831891927629,7,121.0,0.3959432252430675,8,100.0,0.39636852418928675,15,221.0
3750.0,19,208.0,4.9523809523809526,5.297367412635086,8,110.0,0.4310484493444755,11,134.0,0.29548049377049745,19,244.0
3755.0,17,208.0,4.425531914893617,5.4065429715451225,7,141.0,0.4064543562803561,10,144.0,0.34297588821872244,17,285.0
3760.0,15,234.0,4.68,6.483604764196031,9,167.0,0.3426054471527485,6,110.0,0.46090325966476753,15,277.0
3765.0,15,193.0,3.938775510204082,5.69282971519279,9,155.0,0.17700881230334886,6,97.0,0.4533201814562586,15,252.0
3770.0,18,256.0,4.923076923076923,6.136560769280677,9,161.0,0.23151248965059387,9,117.0,0.36909339813793574,18,278.0
3775.0,19,190.0,3.5185185185185186,5.429575157094266,7,110.0,0.3202244210348547,12,152.0,0.22030903945403865,19,262.0
3780.0,18,267.0,5.448979591836735,6.403660740306712,6,89.0,0.5286843107855201,12,202.0,0.31135909954133467,18,291.0
3785.0,16,236.0,4.627450980392157,6.5126097463874935,4,68.0,0.613062546156672,12,227.0,0.31623910523734083,16,295.0
3790.0,15,264.0,5.617021276595745,6.695874786910236,5,79.0,0.47819637170010126,10,224.0,0.3416593503282623,15,303.0
3795.0,14,133.0,2.7708333333333335,5.550039519637551,8,81.0,0.2939159263674267,6,154.0,0.3411736328863859,14,235.0
3800.0,22,218.0,4.448979591836735,5.631863019074129,9,99.0,0.3607770870131862,13,150.0,0.2394576121054411,22,249.0
3805.0,18,220.0,4.4,6.325687590984753,6,92.0,0.4931240804360162,12,191.0,0.3605238905750752,18,283.0
3810.0,11,230.0,4.6938775510204085,7.18116546650905,3,56.0,0.4997697686484866,8,209.0,0.38551827744448575,11,265.0
3815.0,12,174.0,3.3461538461538463,6.7933478144252595,5,62.0,0.4814442309629933,7,187.0,0.23658050852288803,12,249.0
3820.0,20,233.0,4.314814814814815,6.40475356355505,6,78.0,0.39468019484459144,14,176.0,0.22942220436532695,20,254.0
3825.0,22,211.0,4.0576923076923075,6.129997179577383,10,121.0,0.35920224112345595,12,167.0,0.32705525707793326,22,288.0
3830.0,17,253.0,5.06,6.220056206950478,8,152.0,0.4365152685615794,9,152.0,0.4004993603028275,17,304.0
3835.0,18,271.0,5.530612244897959,5.585966484918821,8,156.0,0.42650644813062727,10,161.0,0.2395922651413743,18,317.0
3840.0,23,366.0,7.32,5.496982414861915,8,187.0,0.3783694287262277,15,217.0,0.20725313902471895,23,404.0
3845.0,23,373.0,7.46,5.528754530169197,11,236.0,0.29213246633031187,12,224.0,0.3110036532098999,23,460.0
3850.0,17,350.0,7.142857142857143,5.683016234353665,9,270.0,0.21502006592121237,8,151.0,0.4413122619895386,17,421.0
3855.0,15,358.0,7.3061224489795915,6.977117297342915,7,280.0,0.3236932042647369,8,135.0,0.4427662928180207,15,415.0
3860.0,13,236.0,4.916666666666667,6.94946626029368,6,192.0,0.3573481247485805,7,132.0,0.38342341614255926,13,324.0
3865.0,18,257.0,5.14,6.335851744185038,7,173.0,0.4252533669091438,11,148.0,0.2952632109686051,18,321.0
3870.0,17,282.0,5.875,6.188377958081079,8,216.0,0.42027646939057267,9,140.0,0.3867984847302913,17,356.0
3875.0,17,310.0,6.326530612244898,5.4830977364681415,8,249.0,0.41098035074611683,9,148.0,0.3331200747689107,17,397.0
3880.0,18,375.0,7.352941176470588,5.167000026038543,9,297.0,0.35627527507916407,9,155.0,0.3015477312405353,18,452.0
3885.0,23,366.0,6.90566037735849,4.792246572392566,9,289.0,0.34707068287239384,14,196.0,0.2642116686153516,23,485.0
3890.0,19,401.0,7.290909090909091,5.608016790172423,5,254.0,0.41367092727173077,14,234.0,0.2609975220607647,19,488.0
3895.0,19,181.0,3.232142857142857,4.727631518808499,5,127.0,0.3761853772996802,14,241.0,0.17076805136060288,19,368.0
3900.0,27,299.0,5.4363636363636365,5.048023567638507,10,111.0,0.35864718192503403,17,282.0,0.22836451290602663,27,393.0
3905.0,23,325.0,5.701754385964913,5.079797964192986,9,136.0,0.3366845399158923,14,314.0,0.26163093764741224,23,450.0
3910.0,21,358.0,6.509090909090909,5.491638539383229,10,168.0,0.3474551685884944,11,316.0,0.2775554999492728,21,484.0
3915.0,23,311.0,5.456140350877193,4.977795646698872,11,149.0,0.281617207817905,12,319.0,0.28307706264963445,23,468.0
3920.0,16,173.0,2.9322033898305087,6.185610099556989,5,121.0,0.4544463472435643,11,276.0,0.2711877089767522,16,397.0
3925.0,20,239.0,4.0508474576271185,5.544533607936394,7,140.0,0.40873697451865676,13,263.0,0.26915927629154945,20,403.0
3930.0,24,307.0,5.116666666666666,5.271872906070673,10,171.0,0.4320357046957211,14,305.0,0.2375471072863808,24,476.0
3935.0,21,324.0,5.311475409836065,4.926507689563612,9,179.0,0.18252502282277416,12,309.0,0.3509320125875846,21,488.0
3940.0,19,292.0,4.866666666666666,5.325641915563847,10,195.0,0.21844186776193483,9,285.0,0.32263228401031335,19,480.0
3945.0,21,324.0,5.142857142857143,5.26131321200887,9,209.0,0.2170683103448774,12,239.0,0.26419933667022194,21,448.0
3950.0,26,367.0,5.5606060606060606,5.819998913198901,12,247.0,0.3710485641382603,14,256.0,0.2761698796016367,26,503.0
3955.0,26,468.0,6.985074626865671,6.277585682698742,9,289.0,0.529293737832184,17,316.0,0.2767309626425538,26,605.0
3960.0,23,509.0,8.209677419354838,5.828903591235497,8,291.0,0.5066086833719736,15,351.0,0.22556026423806477,23,642.0
3965.0,20,420.0,6.885245901639344,5.205420741450877,8,252.0,0.3803035988761902,12,325.0,0.17919901759632315,20,577.0
3970.0,23,458.0,7.15625,4.853981716673825,11,252.0,0.26338452027175296,12,356.0,0.20881183209115062,23,608.0
3975.0,29,351.0,5.2388059701492535,5.6172441212732975,13,162.0,0.2634106791997437,16,384.0,0.338657537040445,29,546.0
3980.0,29,380.0,5.588235294117647,6.097885212687375,13,147.0,0.34353258309544416,16,393.0,0.39742635633184187,29,540.0
3985.0,25,282.0,4.2727272727272725,5.063782874313042,12,181.0,0.3563549791427973,13,386.0,0.3312450551119567,25,567.0
3990.0,25,243.0,3.626865671641791,4.438027247116297,7,150.0,0.3218716077529278,18,411.0,0.25241778263629144,25,561.0
3995.0,21,172.0,2.5294117647058822,4.545748586124028,6,138.0,0.2779867859322131,15,382.0,0.1965423301586399,21,520.0
4000.0,23,192.0,2.704225352112676,5.153490183569597,10,113.0,0.21840592432556655,13,398.0,0.22204206350327843,23,511.0
4005.0,31,264.0,3.8823529411764706,5.052179906721183,13,128.0,0.1792616540186446,18,439.0,0.23125611687050335,31,567.0
4010.0,29,296.0,4.698412698412699,4.975872057474003,9,129.0,0.3140871487964766,20,481.0,0.17336501603404156,29,610.0
4015.0,28,366.0,5.903225806451613,4.896565280029522,6,129.0,0.43209270789675885,22,558.0,0.06935943167829275,28,687.0
4020.0,30,447.0,7.45,4.767380828231026,10,145.0,0.3815121213490637,20,622.0,0.1886969097642319,30,767.0
4025.0,20,367.0,6.016393442622951,5.3356851882679335,10,158.0,0.39143208731409557,10,594.0,0.265353427998055,20,752.0
4030.0,25,384.0,6.295081967213115,4.212562205745613,14,187.0,0.2818752305282851,11,554.0,0.17307591574684317,25,741.0
4035.0,27,286.0,4.46875,4.30942353604093,15,229.0,0.29017674828398754,12,453.0,0.20831203378015886,27,682.0
4040.0,22,271.0,4.044776119402985,4.370707728948073,9,216.0,0.24438340112112308,13,460.0,0.24018737075222787,22,676.0
4045.0,20,285.0,4.318181818181818,5.182833010709913,11,242.0,0.33528161709752924,9,424.0,0.23103994227433275,20,666.0
4050.0,23,359.0,4.851351351351352,5.625687375673095,14,273.0,0.35294453438201684,9,404.0,0.24537376752910262,23,677.0
4055.0,31,449.0,6.236111111111111,5.109334946848282,17,309.0,0.33110734509171813,14,337.0,0.19265856435665613,31,646.0
4060.0,27,508.0,7.696969696969697,4.5211807266316,13,302.0,0.32210510550038085,14,354.0,0.19495726402617763,27,656.0
4065.0,25,441.0,7.0,3.934308019271258,14,227.0,0.22632442285428211,11,367.0,0.20128651545607407,25,594.0
4070.0,29,478.0,7.242424242424242,4.4209933090274145,20,269.0,0.1574011633090182,9,352.0,0.26426578605233514,29,621.0
4075.0,31,603.0,9.276923076923078,5.422852912115287,20,346.0,0.2165830266873598,11,379.0,0.3808728488199623,31,725.0
4080.0,25,496.0,8.131147540983607,4.814723399736453,17,379.0,0.2770135203678998,8,276.0,0.28519456583172986,25,655.0
4085.0,29,462.0,7.21875,4.683859458597633,18,415.0,0.20690861933055416,11,206.0,0.3079103540874883,29,621.0
4090.0,29,478.0,7.587301587301587,5.368080872018975,19,452.0,0.23095546646038867,10,191.0,0.4159315179948702,29,643.0
4095.0,32,587.0,9.171875,4.2978704368579645,21,529.0,0.18784353897881031,11,210.0,0.35916694042528974,32,739.0
4100.0,32,614.0,8.898550724637682,4.505906280338316,21,593.0,0.2911583642071225,11,208.0,0.3229988510429336,32,801.0
4105.0,29,562.0,7.915492957746479,4.813970652617978,20,602.0,0.261825146531036,9,173.0,0.3617249854244886,29,775.0
4110.0,28,379.0,5.121621621621622,5.277143769528983,20,568.0,0.25688854302751424,8,171.0,0.4071974627393322,28,739.0
4115.0,33,438.0,5.7631578947368425,4.956330160942545,21,576.0,0.17700296913711086,12,156.0,0.3840130841924888,33,732.0
4120.0,34,454.0,6.135135135135135,4.256339811596219,21,605.0,0.19648842755039742,13,193.0,0.30506928137950046,34,798.0
4125.0,25,337.0,4.376623376623376,4.857463081554571,16,556.0,0.1505944403087559,9,215.0,0.37515171684074927,25,771.0
4130.0,25,308.0,4.052631578947368,5.467170242977669,17,537.0,0.24290378977503824,8,148.0,0.32950086629815695,25,685.0
4135.0,29,323.0,4.306666666666667,5.674834881099913,14,490.0,0.301385738367505,15,135.0,0.23577572439562022,29,625.0
4140.0,33,405.0,5.625,4.500116492585528,17,473.0,0.24230385449888908,16,196.0,0.1664971195767837,33,669.0
4145.0,38,472.0,6.647887323943662,4.547375370044677,21,517.0,0.25093185519350125,17,239.0,0.215410238822638,38,756.0
4150.0,35,490.0,7.205882352941177,4.457182567964973,20,542.0,0.2871964722809682,15,275.0,0.21659341080379169,35,817.0
4155.0,34,536.0,7.882352941176471,3.8797714064153497,20,552.0,0.20161981501502993,14,293.0,0.25207866446956667,34,845.0
4160.0,36,463.0,6.91044776119403,3.778679717903232,22,516.0,0.1918345102085832,14,299.0,0.24635799424853513,36,815.0
4165.0,30,355.0,5.378787878787879,3.9077030586906365,22,547.0,0.09247821869226029,8,225.0,0.3117463258299118,30,772.0
4170.0,24,277.0,4.134328358208955,4.935072459999045,17,524.0,0.1128723729538388,7,171.0,0.3695579311726285,24,695.0
4175.0,21,237.0,3.703125,5.994463873840248,13,502.0,0.314685592127438,8,143.0,0.2506734915133766,21,645.0
4180.0,24,305.0,4.841269841269841,6.138010479628246,12,463.0,0.3621417839977341,12,180.0,0.19013423915119915,24,643.0
4185.0,21,293.0,4.966101694915254,5.050978064233305,13,454.0,0.2500060405377991,8,174.0,0.26935583838303767,21,628.0
4190.0,26,330.0,5.892857142857143,4.19876773178133,18,433.0,0.24566406446840575,8,180.0,0.329046341156399,26,613.0
4195.0,25,288.0,4.88135593220339,5.281536859898855,18,405.0,0.29514602166598053,7,173.0,0.4590423429372663,25,578.0
4200.0,24,323.0,5.209677419354839,5.163851879623306,18,438.0,0.19921524596860607,6,144.0,0.5474615681360092,24,582.0
4205.0,18,180.0,2.857142857142857,5.471184687610506,13,389.0,0.15679160705729359,5,104.0,0.4834062863558205,18,493.0
4210.0,24,266.0,4.222222222222222,5.384436179755503,14,386.0,0.27007462209886185,10,96.0,0.17085912849954102,24,482.0
4215.0,24,312.0,4.9523809523809526,4.893908582790092,12,381.0,0.30240535826393383,12,126.0,0.07479388650892271,24,507.0
4220.0,27,382.0,6.47457627118644,5.2703683958322065,15,378.0,0.3272597774368431,12,150.0,0.16198287871837275,27,528.0
4225.0,24,358.0,5.682539682539683,4.9354891321752286,15,380.0,0.307860345539049,9,166.0,0.29127953725037403,24,546.0
4230.0,23,317.0,4.953125,5.542480606832245,18,385.0,0.19249179788038578,5,135.0,0.5751037855996904,23,520.0
4235.0,22,305.0,4.6923076923076925,5.496246201925418,18,425.0,0.17587950037408437,4,108.0,0.5824956331308085,22,533.0
4240.0,23,303.0,4.455882352941177,5.935540813584069,14,409.0,0.27168361370302874,9,120.0,0.45263005907266274,23,529.0
4245.0,26,377.0,5.626865671641791,5.166050411650517,15,415.0,0.31526803321863056,11,142.0,0.26730971994926284,26,557.0
4250.0,25,455.0,6.6911764705882355,5.225522091487786,17,460.0,0.1625308550586035,8,149.0,0.3863484797506461,25,609.0
4255.0,26,525.0,7.720588235294118,5.1302540587680845,18,510.0,0.1281803077292401,8,163.0,0.4632038481111718,26,673.0
4260.0,27,606.0,8.416666666666666,6.173236047565933,16,522.0,0.2933933094885761,11,192.0,0.42804037727716904,27,714.0
4265.0,26,413.0,5.9,5.190531689543644,14,423.0,0.4162996205795187,12,197.0,0.21385681089180533,26,620.0
4270.0,31,479.0,6.746478873239437,5.462568024241262,15,374.0,0.4220434874156815,16,212.0,0.2477412089730705,31,586.0
4275.0,32,451.0,6.263888888888889,4.196646410516946,18,387.0,0.23166740764356866,14,203.0,0.2782179017200193,32,590.0
4280.0,37,441.0,5.95945945945946,4.327740060664754,24,398.0,0.23240717318863174,13,259.0,0.312036119582294,37,657.0
4285.0,39,520.0,6.933333333333334,3.797442901842018,25,445.0,0.17952537067837185,14,256.0,0.29092294624824394,39,701.0
4290.0,37,556.0,7.128205128205129,3.7048676597141004,26,542.0,0.08697257117773487,11,238.0,0.36355065941159503,37,780.0
4295.0,36,713.0,9.14102564102564,4.533016603383842,27,635.0,0.011687397752531782,9,228.0,0.44063823080391507,36,863.0
4300.0,40,740.0,9.367088607594937,4.001197725375025,28,701.0,0.020393176450198752,12,260.0,0.3031141631665527,40,961.0
4305.0,36,641.0,8.0125,4.652469389436764,18,686.0,0.15885200681491393,18,288.0,0.213896078904745,36,974.0
4310.0,30,556.0,7.830985915492958,4.372993614555471,11,600.0,0.28362324622482127,19,341.0,0.11479729161247278,30,941.0
4315.0,25,443.0,6.420289855072464,4.818518503945444,12,546.0,0.1966454901185221,13,380.0,0.24800229852827924,25,926.0
4320.0,29,364.0,5.126760563380282,3.9922008645030744,17,570.0,0.11703568928318556,12,337.0,0.2441278821616595,29,907.0
4325.0,35,395.0,5.72463768115942,4.732791474465772,18,592.0,0.22707751188481487,17,328.0,0.27552890480043196,35,920.0
4330.0,33,473.0,7.276923076923077,3.777490172208798,17,600.0,0.23198225696064198,16,374.0,0.2332290707650083,33,974.0
4335.0,25,438.0,6.537313432835821,4.539045666114672,12,517.0,0.18472729742859426,13,385.0,0.2733098700658666,25,902.0
4340.0,21,385.0,5.661764705882353,5.996004995706936,12,456.0,0.25004584832472865,9,339.0,0.34245250873841376,21,795.0
4345.0,20,302.0,4.314285714285714,5.679367472569707,9,417.0,0.26621209722906103,11,280.0,0.26533354698501355,20,697.0
4350.0,29,390.0,5.735294117647059,5.714574612726891,13,349.0,0.3874935193445296,16,275.0,0.1970102538746495,29,624.0
4355.0,31,390.0,6.0,4.371477475453579,14,328.0,0.34635805183963325,17,319.0,0.18215930466636956,31,647.0
4360.0,30,465.0,7.265625,4.624359925466324,18,387.0,0.261414667453846,12,330.0,0.26581620801885336,30,717.0
4365.0,30,492.0,7.343283582089552,4.280791626433158,19,421.0,0.20413105834076062,11,353.0,0.25038232821178985,30,774.0
4370.0,29,523.0,7.6911764705882355,4.8742072041284565,13,407.0,0.2034544761519171,16,402.0,0.2604592617548209,29,809.0
4375.0,26,430.0,6.515151515151516,4.75555442048517,11,416.0,0.19734677648598192,15,348.0,0.21098070136202263,26,764.0
4380.0,31,452.0,7.0625,4.95370230939442,15,439.0,0.1919295718711017,16,322.0,0.2695887337625187,31,761.0
4385.0,28,383.0,6.17741935483871,4.804547617547587,15,410.0,0.14661325152760482,13,338.0,0.3288825325138247,28,748.0
4390.0,32,457.0,7.616666666666666,4.713863763844088,15,324.0,0.1901945061148937,17,386.0,0.3190551158101967,32,710.0
4395.0,32,429.0,6.919354838709677,3.8440458140126594,15,327.0,0.12434780055899268,17,385.0,0.27798175624753385,32,712.0
4400.0,21,253.0,4.216666666666667,4.892970084508695,8,295.0,0.1860104247317611,13,313.0,0.30523212857768905,21,608.0
4405.0,17,260.0,4.193548387096774,4.892895814995284,7,268.0,0.17986228064580315,10,329.0,0.268831822329907,17,597.0
4410.0,29,373.0,5.7384615384615385,4.362105325901837,12,326.0,0.22087536438577907,17,382.0,0.19126697004949428,29,708.0
4415.0,32,403.0,6.5,4.109004089073941,12,339.0,0.3166617611032055,20,389.0,0.19234123408062714,32,728.0
4420.0,25,449.0,7.360655737704918,4.549060217373403,6,302.0,0.37119273814001824,19,394.0,0.15763707300740906,25,696.0
4425.0,24,331.0,5.338709677419355,5.096074109605013,5,193.0,0.3942376149273605,19,406.0,0.18639820841775115,24,599.0
4430.0,22,290.0,4.67741935483871,6.267508245332018,10,181.0,0.2801507704174016,12,352.0,0.3446182728460947,22,533.0
4435.0,17,201.0,3.4655172413793105,5.827307648544475,10,202.0,0.16782851239937954,7,301.0,0.3634835966314199,17,503.0
4440.0,20,262.0,4.5964912280701755,5.377441011548137,7,192.0,0.3302790782199633,13,283.0,0.11318992329749702,20,475.0
4445.0,24,295.0,5.566037735849057,5.118409656888822,5,181.0,0.47528370693343375,19,298.0,0.08714103420268877,24,479.0
4450.0,18,347.0,6.425925925925926,6.424533175789645,5,187.0,0.48633629086892755,13,284.0,0.2417894593004568,18,471.0
4455.0,11,162.0,3.056603773584906,6.854897134444269,3,113.0,0.44718972524269845,8,224.0,0.35782544375612946,11,337.0
4460.0,14,135.0,2.5,7.34773157913332,5,41.0,0.4195773993325881,9,200.0,0.4537975001746735,14,241.0
4465.0,18,150.0,2.830188679245283,6.233604372919085,8,72.0,0.4592329537071632,10,195.0,0.38254866184123243,18,267.0
4470.0,20,193.0,3.641509433962264,5.623424881094232,5,81.0,0.4797480742157514,15,225.0,0.30258944843666713,20,306.0
4475.0,22,234.0,4.415094339622642,5.221461259398057,5,90.0,0.511017212449016,17,267.0,0.25086879197690043,22,357.0
4480.0,19,223.0,3.912280701754386,5.42071134764333,4,71.0,0.42903358452503443,15,312.0,0.26725335747454326,19,383.0
4485.0,20,197.0,3.283333333333333,5.430264058368261,5,37.0,0.4475331939453787,15,304.0,0.19741290785962706,20,341.0
4490.0,15,169.0,2.816666666666667,6.327946733011193,3,45.0,0.5199473503037222,12,257.0,0.18423336414011668,15,302.0
4495.0,22,185.0,3.245614035087719,5.053758934973501,9,76.0,0.269940816711344,13,260.0,0.17413797387224222,22,336.0
4500.0,26,237.0,4.086206896551724,4.984634607461421,12,116.0,0.15232436775105523,14,244.0,0.24214876138499766,26,360.0
4505.0,20,270.0,5.0,5.582422301338521,6,129.0,0.32786257277176095,14,283.0,0.24062155325058993,20,412.0
4510.0,19,286.0,5.5,5.5317553180353185,6,150.0,0.3094807411759655,13,299.0,0.21596381930669742,19,449.0
4515.0,26,331.0,6.365384615384615,4.8491311848804255,12,185.0,0.3236695477973705,14,295.0,0.14057420187505207,26,480.0
4520.0,20,347.0,7.081632653061225,5.401384343890262,10,218.0,0.2926011088648053,10,253.0,0.2646596980456624,20,471.0
4525.0,16,272.0,5.913043478260869,5.393300462086666,6,199.0,0.2711265990193377,10,209.0,0.2006173712816388,16,408.0
4530.0,16,232.0,4.9361702127659575,6.703682398138717,5,155.0,0.4029382707605257,11,219.0,0.337765663286297,16,374.0
4535.0,17,223.0,4.955555555555556,6.377220469059433,7,101.0,0.3912143219528034,10,232.0,0.33509415734640424,17,333.0
4540.0,11,217.0,5.046511627906977,7.2270193431198395,4,122.0,0.5488743177999192,7,222.0,0.4274753061737069,11,344.0
4545.0,10,212.0,5.0476190476190474,6.525276816186131,4,126.0,0.5029047425661766,6,204.0,0.3138531039606193,10,330.0
4550.0,15,228.0,5.7,6.498066249138333,4,109.0,0.5233961553376276,11,195.0,0.2168510103437893,15,304.0
4555.0,15,194.0,4.511627906976744,6.268851796297752,5,132.0,0.44434796635708734,10,168.0,0.1951847046030072,15,300.0
4560.0,14,138.0,3.5384615384615383,6.164070245782309,5,46.0,0.4662317420225567,9,136.0,0.2461081055535489,14,182.0
4565.0,16,215.0,5.657894736842105,6.592217607037447,7,78.0,0.40925005445660584,9,183.0,0.26980504265463473,16,261.0
4570.0,14,192.0,5.052631578947368,5.6016618855122875,7,71.0,0.2960473300280445,7,180.0,0.30215409820626377,14,251.0
4575.0,13,174.0,4.833333333333333,6.833877950599839,9,106.0,0.19412438594931158,4,135.0,0.5400921328395355,13,241.0
4580.0,12,131.0,3.638888888888889,5.730789995629761,6,98.0,0.3114753830718161,6,137.0,0.3791368661116679,12,235.0
4585.0,12,162.0,4.153846153846154,7.286582510685853,4,56.0,0.5647196855083257,8,173.0,0.3485974634930117,12,229.0
4590.0,10,85.0,2.1794871794871793,7.510725730738813,1,33.0,0.7404836248942478,9,161.0,0.3242978701657951,10,194.0
4595.0,11,123.0,3.0,8.220919215263402,3,24.0,0.6509461601331175,8,164.0,0.3889688438820461,11,188.0
4600.0,12,113.0,2.8974358974358974,6.135848526124606,5,45.0,0.5222705841321023,7,162.0,0.26498176727356226,12,207.0
4605.0,16,160.0,4.102564102564102,5.97262693774253,7,71.0,0.33334565467311317,9,152.0,0.33135909996408486,16,223.0
4610.0,20,189.0,4.609756097560975,5.174475668312335,11,108.0,0.19945140600209696,9,143.0,0.31307071350692367,20,251.0
4615.0,14,163.0,3.7906976744186047,6.703049993435295,8,132.0,0.2955799254438628,6,109.0,0.5142208395643697,14,241.0
4620.0,9,137.0,3.5128205128205128,6.612086677779723,4,105.0,0.4683648218050965,5,96.0,0.4753615615189739,9,201.0
4625.0,12,162.0,3.6818181818181817,7.0367718818251355,4,99.0,0.4902943686007305,8,128.0,0.45735783232818994,12,227.0
4630.0,16,167.0,3.5531914893617023,6.1624820742783495,8,130.0,0.3844880890792255,8,122.0,0.33460703780415935,16,252.0
4635.0,16,223.0,5.068181818181818,6.4803178916987205,6,146.0,0.5469696575354716,10,150.0,0.29826698295401627,16,296.0
4640.0,14,221.0,5.1395348837209305,5.395888953274342,5,138.0,0.5525494363307697,9,158.0,0.09104895737797034,14,296.0
4645.0,14,216.0,5.2682926829268295,6.108141048152294,5,134.0,0.5035705568247777,9,151.0,0.08985717611374389,14,285.0
4650.0,17,268.0,6.090909090909091,5.7019652649214265,10,161.0,0.2979171313895727,7,169.0,0.1788538924766643,17,330.0
4655.0,16,328.0,7.454545454545454,6.3239270447577605,9,194.0,0.3651903792717018,7,187.0,0.39067139875986,16,381.0
4660.0,12,290.0,6.904761904761905,7.668222915911809,7,203.0,0.5178130284196288,5,168.0,0.48785194040008234,12,371.0
4665.0,12,273.0,6.5,6.649226224031518,8,235.0,0.4210534989792229,4,86.0,0.42869022035196364,12,321.0
4670.0,17,336.0,7.636363636363637,5.803372388359455,11,269.0,0.3562990256430471,6,96.0,0.30551324571054106,17,365.0
4675.0,20,230.0,4.8936170212765955,5.243942169913854,13,166.0,0.3286878600477069,7,128.0,0.436874615277561,20,294.0
4680.0,23,245.0,4.622641509433962,5.057542721439984,18,207.0,0.23825956218234845,5,84.0,0.49336724042745256,23,291.0
4685.0,26,299.0,5.339285714285714,5.6810863423982125,19,252.0,0.3130843413148549,7,101.0,0.5216429488880436,26,353.0
4690.0,23,279.0,4.5,4.970631045865211,17,305.0,0.34400777480007705,6,81.0,0.3225337470539695,23,386.0
4695.0,28,363.0,5.671875,5.160619073982714,20,380.0,0.2983531835925363,8,65.0,0.3792142819933614,28,445.0
4700.0,33,455.0,6.791044776119403,4.432596473856367,23,458.0,0.2284321636289329,10,96.0,0.2912823026646949,33,554.0
4705.0,33,428.0,5.783783783783784,4.675754477803031,24,495.0,0.232548602619368,9,110.0,0.3664804086795993,33,605.0
4710.0,29,295.0,4.154929577464789,4.715069827724701,18,449.0,0.272831640348225,11,146.0,0.32595820596431047,29,595.0
4715.0,29,316.0,4.514285714285714,4.091965936556208,16,461.0,0.2162584060033744,13,190.0,0.30637955268923817,29,651.0
4720.0,40,461.0,6.1466666666666665,3.7113129477886613,25,530.0,0.1722853344581633,15,247.0,0.26822232262891044,40,777.0
4725.0,43,635.0,8.246753246753247,4.01379603406029,28,594.0,0.173399763333485,15,286.0,0.3259464072634307,43,880.0
4730.0,35,672.0,8.96,4.069958273370354,23,602.0,0.20763023992456672,12,294.0,0.22182545873685003,35,896.0
4735.0,33,604.0,7.743589743589744,3.994714619310065,23,632.0,0.13112774531321392,10,241.0,0.19552473804739448,33,873.0
4740.0,35,614.0,7.871794871794871,4.162959783829548,27,669.0,0.09904845139124925,8,253.0,0.25863024987982003,35,922.0
4745.0,42,666.0,8.88,4.102948943370708,29,728.0,0.1396218975656705,13,296.0,0.3104818929887506,42,1024.0
4750.0,36,572.0,7.72972972972973,3.8445606122644618,27,716.0,0.17460670238331497,9,296.0,0.29136802716233207,36,1012.0
4755.0,35,594.0,8.366197183098592,3.927666238006125,26,758.0,0.0711006101735702,9,269.0,0.45790469641719495,35,1027.0
4760.0,30,458.0,6.450704225352113,4.444296288459677,22,752.0,0.059551076755799126,8,246.0,0.4280132006132723,30,998.0
4765.0,28,400.0,5.405405405405405,5.077175583987039,18,767.0,0.1869048598562047,10,176.0,0.3458535765731513,28,943.0
4770.0,30,324.0,4.835820895522388,4.56145881266881,16,708.0,0.2940228837390722,14,198.0,0.18580408856895067,30,906.0
4775.0,35,464.0,6.925373134328358,4.101782818082531,19,700.0,0.24429217162504227,16,268.0,0.18912830818504192,35,968.0
4780.0,38,484.0,7.446153846153846,3.24176684039419,22,692.0,0.16443597642707133,16,298.0,0.20708095555767136,38,990.0
4785.0,34,528.0,7.764705882352941,4.0091804420851656,21,665.0,0.24766851417751812,13,322.0,0.22919691593857913,34,987.0
4790.0,36,510.0,7.611940298507463,3.796806332241985,22,707.0,0.21302551239370082,14,327.0,0.27898425221418155,36,1034.0
4795.0,24,413.0,6.3538461538461535,4.500486480279892,16,692.0,0.17997890717364748,8,268.0,0.3135678013758333,24,960.0
4800.0,22,442.0,6.90625,4.302942269824996,13,666.0,0.1696167591810811,9,250.0,0.18002628378464,22,916.0
4805.0,25,382.0,5.876923076923077,4.629415635242706,12,626.0,0.23131061625104046,13,209.0,0.16601584368863614,25,835.0
4810.0,28,322.0,4.953846153846154,4.552792573184004,15,540.0,0.19686310835586013,13,237.0,0.28664546382590217,28,777.0
4815.0,26,379.0,5.8307692307692305,4.624281821909137,17,570.0,0.16264973679970532,9,237.0,0.3791518365009297,26,807.0
4820.0,22,421.0,6.790322580645161,5.214913614453637,13,573.0,0.1852733309140588,9,237.0,0.39012490970254027,22,810.0
4825.0,23,502.0,7.723076923076923,5.657002524177113,12,561.0,0.31779155103919643,11,272.0,0.2579541470816778,23,833.0
4830.0,29,491.0,7.7936507936507935,4.8991629873828435,17,567.0,0.2775761412434021,12,258.0,0.2096361114707714,29,825.0
4835.0,28,546.0,8.950819672131148,4.397264928346454,17,613.0,0.17565022383967954,11,252.0,0.32374401974909117,28,865.0
4840.0,21,469.0,7.9491525423728815,4.606873711396794,13,626.0,0.17325697370460297,8,192.0,0.34937823950827,21,818.0
4845.0,23,444.0,7.52542372881356,4.293484683480074,11,568.0,0.14259551795008946,12,186.0,0.2911993330484318,23,754.0
4850.0,28,398.0,6.524590163934426,4.755574139616393,14,424.0,0.19704573254258795,14,240.0,0.225029432628851,28,664.0
4855.0,30,486.0,8.1,4.3680990220587175,17,464.0,0.20821778017179665,13,273.0,0.2110812619233584,30,737.0
4860.0,25,518.0,8.633333333333333,4.148295320282742,9,469.0,0.3134532598807561,16,319.0,0.15927956219257716,25,788.0
4865.0,24,397.0,6.107692307692307,4.692104127405133,10,373.0,0.39887984086790407,14,362.0,0.10571109865205416,24,735.0
4870.0,27,348.0,4.9714285714285715,5.164935547971796,16,394.0,0.3525713721087696,11,335.0,0.26989495368294575,27,729.0
4875.0,24,291.0,4.041666666666667,5.216176720716847,17,442.0,0.2793566758200544,7,207.0,0.3623693725127698,24,649.0
4880.0,25,340.0,4.788732394366197,4.55832603366105,15,455.0,0.22718862689993685,10,230.0,0.21564874873896928,25,685.0
4885.0,27,273.0,3.9,4.467033186858083,17,431.0,0.2679824001724869,10,248.0,0.09974948813867925,27,679.0
4890.0,30,357.0,5.173913043478261,4.274438186138481,19,442.0,0.21050142655770526,11,243.0,0.21775398713680857,30,685.0
4895.0,32,416.0,6.208955223880597,4.352288309755971,23,525.0,0.1486326364228722,9,222.0,0.3786429302633454,32,747.0
4900.0,31,435.0,6.304347826086956,4.978465926224555,23,577.0,0.17208631372837274,8,213.0,0.42360581587427254,31,790.0
4905.0,35,412.0,5.802816901408451,4.868926960405117,23,537.0,0.20464318090830913,12,179.0,0.42705745466345607,35,716.0
4910.0,32,474.0,6.771428571428571,5.044423903194104,22,478.0,0.26541021050297814,10,218.0,0.43879711453667974,32,696.0
4915.0,31,505.0,6.824324324324325,4.263974380168448,20,508.0,0.2040131394137505,11,232.0,0.3181780676383619,31,740.0
4920.0,29,384.0,5.052631578947368,4.800382577821333,17,469.0,0.2690773309479971,12,230.0,0.21170561731635193,29,699.0
4925.0,30,354.0,4.425,5.055231938271192,14,478.0,0.32365685670878336,16,224.0,0.2073201535490401,30,702.0
4930.0,35,481.0,5.865853658536586,4.888275455917492,20,519.0,0.275927649445019,15,287.0,0.30759986526893257,35,806.0
4935.0,34,460.0,5.609756097560975,4.875877031216986,22,546.0,0.2059954999550025,12,314.0,0.4249677872657741,34,860.0
4940.0,37,459.0,5.666666666666667,4.887865602561254,26,555.0,0.21856925258286752,11,312.0,0.38551730286651165,37,867.0
4945.0,45,568.0,6.926829268292683,3.7576946700035383,27,617.0,0.16772640338455416,18,327.0,0.22771016533493402,45,944.0
4950.0,46,566.0,6.819277108433735,3.2373238694144955,28,711.0,0.13264011934882508,18,328.0,0.14006852637838965,46,1039.0
4955.0,46,580.0,7.25,3.3754848350232516,27,754.0,0.1717443148813884,19,317.0,0.17778725603890885,46,1071.0
4960.0,40,487.0,6.324675324675325,3.4797958901153385,23,699.0,0.21358862111230964,17,357.0,0.11398629730948369,40,1056.0
4965.0,30,433.0,5.481012658227848,4.3374124900707605,19,652.0,0.1928446628976324,11,350.0,0.18568554356940004,30,1002.0
4970.0,29,466.0,5.682926829268292,5.589699702647252,20,679.0,0.24425157180996498,9,333.0,0.3367990413611103,29,1012.0
4975.0,32,481.0,5.795180722891566,4.868548114232078,23,700.0,0.19031846169427868,9,306.0,0.2678782470597797,32,1006.0
4980.0,41,576.0,7.2,4.189603056338318,28,766.0,0.12261562451689166,13,254.0,0.3829750002930078,41,1020.0
4985.0,38,634.0,7.925,4.325409439121321,25,782.0,0.19876587514279415,13,255.0,0.37335651073997056,38,1037.0
4990.0,36,760.0,9.5,4.568834438028761,21,810.0,0.2531669913057033,15,268.0,0.2861904310604682,36,1078.0
4995.0,35,652.0,8.15,4.417042832993362,20,773.0,0.19951949563388482,15,287.0,0.25754383731398833,35,1060.0
5000.0,34,635.0,7.7439024390243905,4.993016786333083,23,701.0,0.14622537481553943,11,235.0,0.3522465604976833,34,936.0
5005.0,36,618.0,7.62962962962963,4.467698538057849,24,735.0,0.09501677165802838,12,230.0,0.3573340845145956,36,965.0
5010.0,38,502.0,6.275,4.674161039876997,23,714.0,0.1339455183166582,15,255.0,0.3651138371724229,38,969.0
5015.0,37,544.0,7.064935064935065,3.8179164325033517,20,690.0,0.2205698593557277,17,293.0,0.23445868146230667,37,983.0
5020.0,35,594.0,7.425,3.867712965251483,18,724.0,0.18547078508238451,17,321.0,0.28070137342837276,35,1045.0
5025.0,32,495.0,5.963855421686747,4.062661284764862,14,701.0,0.13399421265604092,18,317.0,0.27088708168967685,32,1018.0
5030.0,32,534.0,6.433734939759036,5.439577326766317,14,696.0,0.2793783160620265,18,329.0,0.28512282657174315,32,1025.0
5035.0,36,562.0,6.534883720930233,5.049159840990901,14,654.0,0.2829310688814054,22,400.0,0.2268385159693885,36,1054.0
5040.0,35,508.0,6.120481927710843,4.939058709745515,15,615.0,0.28063345616808266,20,445.0,0.22294902160026117,35,1060.0
5045.0,37,510.0,6.144578313253012,4.474868611034719,16,609.0,0.2707134565805363,21,472.0,0.22085187197448108,37,1081.0
5050.0,37,497.0,6.2125,4.422247409598556,15,553.0,0.25574667311889454,22,492.0,0.2648364537748225,37,1045.0
5055.0,38,436.0,5.45,3.426933870262258,14,518.0,0.2420629157584272,24,536.0,0.17015019623439928,38,1054.0
5060.0,42,511.0,6.308641975308642,3.9499141002844307,16,514.0,0.32860451848885314,26,560.0,0.12220698633701284,42,1074.0
5065.0,47,692.0,8.65,3.68793725200004,21,549.0,0.26897296219389366,26,639.0,0.13127060203068797,47,1188.0
5070.0,51,888.0,10.962962962962964,3.210814131322569,22,557.0,0.2166514272543758,29,731.0,0.11720559698632871,51,1288.0
5075.0,52,877.0,10.44047619047619,2.860470980401892,21,569.0,0.23529551464848472,31,795.0,0.11445776611961238,52,1364.0
5080.0,38,653.0,7.963414634146342,3.47171070460829,17,505.0,0.21539186556597997,21,767.0,0.1538003749491801,38,1272.0
5085.0,29,722.0,8.494117647058824,4.7322926501695415,14,499.0,0.24408505749420578,15,745.0,0.22689050021090154,29,1244.0
5090.0,29,624.0,7.255813953488372,4.868954082351204,16,456.0,0.1518110039791035,13,682.0,0.3228040979771524,29,1138.0
5095.0,36,471.0,5.814814814814815,4.5041961718392605,22,418.0,0.16520824750578275,14,612.0,0.2506554031454247,36,1030.0
5100.0,44,558.0,6.975,3.9476887763989255,26,477.0,0.17549785294347428,18,643.0,0.19997177224803814,44,1120.0
5105.0,40,647.0,8.402597402597403,3.7541648691391454,21,534.0,0.19174993714008554,19,637.0,0.19795007625761357,40,1171.0
5110.0,38,687.0,8.922077922077921,3.6633310844174036,23,572.0,0.20170550339399512,15,631.0,0.20170636523655816,38,1203.0
5115.0,33,578.0,7.3164556962025316,3.957526289320886,17,545.0,0.20243697522109952,16,620.0,0.17556895064736913,33,1165.0
5120.0,29,543.0,6.7875,4.970762604983267,13,522.0,0.271857521069772,16,567.0,0.18086423603863286,29,1089.0
5125.0,30,454.0,5.746835443037975,5.099747761864309,13,449.0,0.30080262196252416,17,600.0,0.19955773997144374,30,1049.0
5130.0,30,459.0,6.0394736842105265,4.86942723218331,15,370.0,0.24521290232996945,15,597.0,0.21321861680334347,30,967.0
5135.0,38,541.0,7.955882352941177,3.459861336961911,21,410.0,0.056337891025680605,17,599.0,0.2667266569070547,38,1009.0
5140.0,31,551.0,8.223880597014926,4.2914165430926845,15,430.0,0.16348118592130798,16,535.0,0.24324121814990543,31,965.0
5145.0,30,623.0,9.298507462686567,3.9084660239973092,11,454.0,0.2580164076120281,19,578.0,0.10352959478571098,30,1032.0
5150.0,29,710.0,11.09375,4.512874292065802,15,495.0,0.17130613551368465,14,605.0,0.22608258553675517,29,1100.0
5155.0,34,826.0,12.707692307692307,4.556633449857718,16,544.0,0.2226061191957184,18,642.0,0.2485841868157545,34,1186.0
5160.0,29,908.0,14.64516129032258,4.742563185432742,12,548.0,0.22880918001955217,17,670.0,0.23888940784319587,29,1218.0
5165.0,28,664.0,10.885245901639344,3.728849569791733,12,516.0,0.2434333738701567,16,598.0,0.13470062448469838,28,1114.0
5170.0,33,665.0,10.555555555555555,4.723599532577087,11,456.0,0.3524968091687731,22,576.0,0.20426310409552648,33,1032.0
5175.0,30,624.0,9.75,4.92030431576843,11,430.0,0.3333132349224195,19,622.0,0.2638237120759398,30,1052.0
5180.0,24,503.0,7.621212121212121,5.658982024474606,12,328.0,0.2701334377279373,12,608.0,0.3524587867693554,24,936.0
5185.0,24,321.0,4.863636363636363,4.375236740889259,13,333.0,0.18393233089603575,11,495.0,0.2634549595160285,24,828.0
5190.0,22,190.0,2.923076923076923,5.255744629079011,8,287.0,0.3422112695989706,14,347.0,0.17421912902880035,22,634.0
5195.0,26,234.0,3.6,4.463856854877343,7,264.0,0.34048583826384465,19,385.0,0.10934178349865963,26,649.0
5200.0,26,280.0,4.444444444444445,5.328405618034217,12,234.0,0.3170956694242169,14,390.0,0.2498185583337247,26,624.0
5205.0,27,353.0,5.515625,4.15241478567431,12,252.0,0.21623002310577782,15,366.0,0.2210182527973968,27,618.0
5210.0,25,418.0,6.2388059701492535,4.852353590117608,8,237.0,0.2779205419968552,17,397.0,0.2205919199063165,25,634.0
5215.0,23,353.0,5.115942028985507,5.083321511904505,6,177.0,0.366058780839186,17,425.0,0.23676744638527478,23,602.0
5220.0,34,503.0,7.185714285714286,5.351764269472393,13,169.0,0.3018739350505907,21,484.0,0.3280678272656504,34,653.0
5225.0,35,575.0,7.77027027027027,4.914816067951044,16,210.0,0.24263298497072985,19,525.0,0.35742111053289094,35,735.0
5230.0,27,564.0,7.943661971830986,4.9774207252675,10,229.0,0.1829033561517247,17,500.0,0.3431998769205043,27,729.0
5235.0,32,570.0,8.142857142857142,4.7388528193783275,10,250.0,0.22110216955140646,22,517.0,0.23132161255630748,32,767.0
5240.0,30,404.0,6.029850746268656,4.113122636421469,7,220.0,0.20347274384865946,23,485.0,0.12215546468821872,30,705.0
5245.0,35,425.0,6.4393939393939394,3.8566597730945067,14,206.0,0.20350750499095105,21,567.0,0.14730936305714787,35,773.0
5250.0,28,375.0,5.859375,4.5356644650080895,8,146.0,0.33006785492508084,20,614.0,0.17431104997569527,28,760.0
5255.0,32,411.0,6.323076923076923,4.644285828619674,10,138.0,0.3990446804157598,22,651.0,0.15344725143455415,32,789.0
5260.0,31,406.0,5.970588235294118,5.6802493069115405,7,143.0,0.48615553697797276,24,679.0,0.22995628667964502,31,822.0
5265.0,26,367.0,5.477611940298507,5.339996794437068,4,85.0,0.4705942659899071,22,700.0,0.17262579159272565,26,785.0
5270.0,21,314.0,4.90625,5.134106985429382,5,100.0,0.3722965342325663,16,651.0,0.1601029719337733,21,751.0
5275.0,27,382.0,6.161290322580645,4.676048891182407,10,140.0,0.20808737938431918,17,637.0,0.2018450962309694,27,777.0
5280.0,31,369.0,5.857142857142857,3.9918827356336464,11,166.0,0.11387742820588202,20,597.0,0.2025602401048334,31,763.0
5285.0,23,379.0,6.5344827586206895,4.966948087608238,6,165.0,0.4208528164296561,17,634.0,0.19724339396882198,23,799.0
5290.0,19,340.0,5.964912280701754,4.703724212111637,5,110.0,0.43282040070429917,14,642.0,0.14195323600528437,19,752.0
5295.0,26,322.0,5.278688524590164,4.627475312240138,8,108.0,0.345684448262214,18,653.0,0.16251866520496638,26,761.0
5300.0,25,312.0,4.9523809523809526,5.769726538125108,7,122.0,0.33355371966580183,18,606.0,0.3168722912993997,25,728.0
5305.0,19,361.0,6.446428571428571,5.943615301887514,4,105.0,0.489105215728652,15,655.0,0.2781378631130553,19,760.0
5310.0,19,331.0,6.12962962962963,5.231555683246845,2,36.0,0.42447322340530413,17,682.0,0.13051176264428546,19,718.0
5315.0,25,383.0,7.092592592592593,4.575429444986572,8,43.0,0.3027108194424374,17,677.0,0.1159899746568049,25,720.0
5320.0,21,359.0,7.03921568627451,5.0888833192799785,6,62.0,0.3177581056060278,15,603.0,0.24582512650508265,21,665.0
5325.0,17,284.0,5.916666666666667,5.938633417839583,5,55.0,0.4732264276717381,12,551.0,0.25535644564118504,17,606.0
5330.0,20,256.0,4.923076923076923,5.638056693388791,5,68.0,0.4222170509223544,15,466.0,0.21887989629574003,20,534.0
5335.0,23,347.0,6.196428571428571,5.709367866519718,7,83.0,0.4982992000286884,16,470.0,0.23220934360709308,23,553.0
5340.0,21,357.0,6.0508474576271185,6.434392815062333,5,64.0,0.61773522571058,16,427.0,0.3271072062935728,21,491.0
5345.0,18,304.0,5.066666666666666,5.99796206756891,6,85.0,0.5566446197542704,12,399.0,0.3140882153528297,18,484.0
5350.0,26,327.0,5.274193548387097,4.976163346851262,10,99.0,0.43253306505093375,16,343.0,0.21562539975028827,26,442.0
5355.0,27,399.0,6.540983606557377,4.420403567497076,7,92.0,0.3426238293652726,20,386.0,0.12774562540678847,27,478.0
5360.0,29,424.0,7.066666666666666,3.786526282033042,11,93.0,0.20173659284219003,18,441.0,0.12662371990716126,29,534.0
5365.0,31,494.0,8.098360655737705,4.3187798998682325,14,124.0,0.22787147398810478,17,488.0,0.18399101535262635,31,612.0
5370.0,32,546.0,9.578947368421053,4.361967883167822,16,169.0,0.2168782163323908,16,499.0,0.24813179562299967,32,668.0
5375.0,30,456.0,7.862068965517241,4.797949894659923,17,219.0,0.2709045264680459,13,458.0,0.2692043879245281,30,677.0
5380.0,25,289.0,4.898305084745763,4.331408523457887,17,259.0,0.21226371941911068,8,290.0,0.26281087007422793,25,549.0
5385.0,17,238.0,4.490566037735849,5.345869115439997,8,229.0,0.19839303796706323,9,230.0,0.38421865095919844,17,459.0
5390.0,17,301.0,6.142857142857143,7.24821004651246,8,192.0,0.34467758204258336,9,243.0,0.4100254410403623,17,435.0
5395.0,11,259.0,5.51063829787234,5.849861845858105,5,164.0,0.22963046993592726,6,216.0,0.2253418872308055,11,380.0
5400.0,17,319.0,6.510204081632653,7.0200476468710535,8,188.0,0.3614657247887201,9,230.0,0.3541273740428699,17,418.0
5405.0,13,256.0,5.446808510638298,7.258342565239475,6,139.0,0.4968986036302009,7,262.0,0.4590860591333775,13,401.0
5410.0,14,317.0,6.74468085106383,8.08954340356545,7,139.0,0.461323641400423,7,280.0,0.6156488630706553,14,419.0
5415.0,10,228.0,5.066666666666666,5.836658214497261,5,127.0,0.2749958811735537,5,243.0,0.4837410377260876,10,370.0
5420.0,12,267.0,5.933333333333334,7.163625320593155,6,109.0,0.46759315109112115,6,199.0,0.38007944880179534,12,308.0
5425.0,17,98.0,2.0416666666666665,5.798145034083395,8,82.0,0.3889334257007134,9,118.0,0.24724042317918937,17,200.0
5430.0,18,146.0,2.92,6.401588399660061,7,77.0,0.3453691745313502,11,95.0,0.35915011714442174,18,172.0
5435.0,16,143.0,2.75,6.623055759405966,8,94.0,0.3373105101773668,8,118.0,0.5439331811569349,16,212.0
5440.0,20,215.0,4.056603773584905,6.491546981438568,11,131.0,0.3634659576210573,9,124.0,0.48849582030694205,20,255.0
5445.0,16,157.0,2.9074074074074074,5.780743166248714,9,134.0,0.3450717902581248,7,117.0,0.43198532553892044,16,251.0
5450.0,17,185.0,3.425925925925926,6.623283946473619,6,121.0,0.43770001268862646,11,108.0,0.3612423933488731,17,229.0
5455.0,19,132.0,2.357142857142857,4.877855317696368,8,105.0,0.2422148727858629,11,110.0,0.2150148326157207,19,215.0
5460.0,24,193.0,3.216666666666667,6.220439825774785,11,123.0,0.31896928055143636,13,123.0,0.31605688315485575,24,246.0
5465.0,20,210.0,3.6206896551724137,6.003533224745314,10,150.0,0.38583456390188725,10,146.0,0.3229897705606623,20,296.0
5470.0,19,246.0,4.392857142857143,6.748493358276609,7,140.0,0.490859468020271,12,162.0,0.2996974900416891,19,302.0
5475.0,17,188.0,3.2413793103448274,4.908156566825896,6,110.0,0.34788123154768386,11,185.0,0.19503410420737322,17,295.0
5480.0,19,238.0,3.966666666666667,6.115332575843711,11,143.0,0.3091162694451616,8,169.0,0.3527924122239286,19,312.0
5485.0,19,217.0,3.807017543859649,5.861576185253661,12,173.0,0.2868900781788114,7,137.0,0.4374412206591565,19,310.0
5490.0,18,242.0,4.101694915254237,6.41020956075782,9,197.0,0.35055983218240666,9,127.0,0.3455846620090751,18,324.0
5495.0,24,287.0,5.314814814814815,5.311908831383799,12,209.0,0.30889886722688087,12,154.0,0.1674308889739801,24,363.0
5500.0,22,253.0,4.288135593220339,5.634875497189731,11,210.0,0.31691518088310067,11,173.0,0.29296791069536604,22,383.0
5505.0,22,299.0,5.245614035087719,6.322240320004415,13,256.0,0.35478691474490487,9,163.0,0.44410071793454853,22,419.0
5510.0,23,333.0,5.842105263157895,5.534665509831224,16,321.0,0.2442802190530726,7,158.0,0.49900275378960524,23,479.0
5515.0,27,380.0,6.333333333333333,5.177024169392611,18,382.0,0.2798028685601413,9,147.0,0.4255716419063753,27,529.0
5520.0,24,382.0,6.262295081967213,5.72588903874344,15,401.0,0.3891315760740597,9,131.0,0.38318109204935746,24,532.0
5525.0,24,445.0,7.17741935483871,5.0024046836948575,14,454.0,0.3562071467982741,10,135.0,0.13951296260864607,24,589.0
5530.0,27,499.0,7.796875,5.035757434664031,18,515.0,0.2856403029978859,9,137.0,0.20482835565953506,27,652.0
5535.0,27,519.0,8.508196721311476,5.253025446837114,21,556.0,0.2096120682126657,6,111.0,0.42000503187475724,27,667.0
5540.0,27,491.0,8.183333333333334,4.656438707626564,22,558.0,0.1577053066731521,5,83.0,0.4271992991241089,27,641.0
5545.0,28,423.0,7.05,5.095391512139717,22,517.0,0.1964088907146047,6,89.0,0.45395230997886976,28,606.0
5550.0,30,418.0,6.852459016393443,5.454495518875615,21,516.0,0.18231921874209644,9,131.0,0.48579544691547033,30,647.0
5555.0,26,408.0,6.476190476190476,4.2496768983634166,20,560.0,0.07870715305387159,6,126.0,0.4830534310154054,26,686.0
5560.0,23,295.0,4.609375,5.288861300398549,17,536.0,0.15456747914938646,6,108.0,0.4548198031804552,23,644.0
5565.0,23,250.0,3.787878787878788,4.724324561429933,13,526.0,0.22876684083879867,10,105.0,0.24378782004843957,23,631.0
5570.0,30,328.0,4.619718309859155,5.439606823890878,16,525.0,0.29739217891851816,14,133.0,0.2498932261431671,30,658.0
5575.0,28,342.0,4.885714285714286,5.040859731903423,17,532.0,0.2979919306704536,11,148.0,0.26853184614544806,28,680.0
5580.0,32,451.0,7.046875,4.775135397150537,20,543.0,0.23053775002026514,12,170.0,0.39677469418560746,32,713.0
5585.0,30,369.0,5.507462686567164,4.192148788981084,22,557.0,0.24835111423206327,8,177.0,0.3377780518395692,30,734.0
5590.0,32,470.0,6.911764705882353,4.307670010685369,23,582.0,0.12831157773724614,9,142.0,0.3689330500184102,32,724.0
5595.0,34,485.0,6.830985915492958,4.195736103032299,27,604.0,0.07908889144642112,7,158.0,0.4287460606895467,34,762.0
5600.0,28,373.0,5.253521126760563,4.955447157266908,18,519.0,0.200690720278309,10,158.0,0.3428986971565263,28,677.0
5605.0,22,360.0,5.538461538461538,4.5410323107642405,10,425.0,0.29509144737419885,12,198.0,0.24065846754715378,22,623.0
5610.0,19,359.0,5.523076923076923,5.0817913660539205,10,422.0,0.23757813384414875,9,215.0,0.23779478156254194,19,637.0
5615.0,26,260.0,4.0625,4.524783896838658,15,403.0,0.19350333927729485,11,175.0,0.2058019605862061,26,578.0
5620.0,31,345.0,5.564516129032258,3.8730726232421744,18,431.0,0.16307715586700122,13,170.0,0.23622765076625218,31,601.0
5625.0,24,378.0,6.406779661016949,4.6818911603420155,14,412.0,0.3036628882688151,10,202.0,0.2277455291434906,24,614.0
5630.0,19,432.0,7.578947368421052,5.462599623005358,9,382.0,0.2953271626737011,10,208.0,0.25264753249191585,19,590.0
5635.0,19,317.0,5.56140350877193,5.244028925765421,9,307.0,0.22876337095938326,10,196.0,0.1739039771346629,19,503.0
5640.0,24,311.0,5.867924528301887,4.263559922194417,13,270.0,0.16339635301442773,11,201.0,0.11440366053874572,24,471.0
5645.0,23,268.0,5.254901960784314,4.401696835945946,15,307.0,0.218255805018894,8,159.0,0.28118895294986357,23,466.0
5650.0,19,333.0,6.283018867924528,5.886215267179017,11,314.0,0.33824685151173955,8,153.0,0.39435833103655127,19,467.0
5655.0,17,261.0,4.423728813559322,6.3959271791715375,9,271.0,0.36076114529184333,8,157.0,0.46464354541226854,17,428.0
5660.0,18,273.0,4.55,6.746243810123388,11,260.0,0.37018341545184086,7,144.0,0.5036930104716303,18,404.0
5665.0,17,217.0,3.6166666666666667,5.728207091330037,13,284.0,0.31427551752706273,4,111.0,0.4514417469426629,17,395.0
5670.0,17,229.0,3.7540983606557377,5.762296233190712,12,305.0,0.23581021538413274,5,52.0,0.3839363482567391,17,357.0
5675.0,17,229.0,3.693548387096774,5.807639765656401,11,282.0,0.20415255178088068,6,57.0,0.379707358898144,17,339.0
5680.0,21,284.0,4.655737704918033,5.864046816261097,15,317.0,0.2314026628732125,6,69.0,0.37875273599363013,21,386.0
5685.0,24,199.0,3.618181818181818,5.17547603000463,17,284.0,0.25660407811656444,7,78.0,0.3798490079923758,24,362.0
5690.0,28,320.0,6.153846153846154,4.254979573004177,20,321.0,0.22360705138433562,8,113.0,0.3358900373204963,28,434.0
5695.0,28,329.0,6.326923076923077,3.4359171246371485,21,377.0,0.20438503508697695,7,103.0,0.28967675787813335,28,480.0
5700.0,20,307.0,5.482142857142857,5.386801404955067,14,372.0,0.2296295756266843,6,97.0,0.4075002827116231,20,469.0
5705.0,15,226.0,4.035714285714286,5.107223878897782,10,337.0,0.2267704773734058,5,104.0,0.23181190576532343,15,441.0
5710.0,23,232.0,4.0,5.7522695372016095,14,324.0,0.17302168261554274,9,111.0,0.4012722048485469,23,435.0
5715.0,29,283.0,5.1454545454545455,4.369687944738079,22,385.0,0.13910842142836646,7,136.0,0.4242053044632629,29,521.0
5720.0,28,356.0,6.592592592592593,5.2904108040342335,22,425.0,0.1808811490924157,6,143.0,0.5464260568629786,28,568.0
5725.0,23,291.0,5.388888888888889,4.2441125926942895,19,454.0,0.14701986531556427,4,91.0,0.38041514045689473,23,545.0
5730.0,19,198.0,3.5357142857142856,5.266699092444872,12,405.0,0.22279833994362405,7,50.0,0.28337354306346957,19,455.0
5735.0,21,275.0,4.741379310344827,6.717806365159118,11,384.0,0.3684601687556279,10,81.0,0.333270530377486,21,465.0
5740.0,16,224.0,4.0,6.556107971072271,9,303.0,0.29718049942724467,7,100.0,0.3996764722942443,16,403.0
5745.0,17,238.0,4.490566037735849,5.889643006183736,12,315.0,0.1698797668538937,5,61.0,0.47247480043843487,17,376.0
5750.0,19,254.0,4.618181818181818,5.806309257410371,17,346.0,0.2540469884781839,2,54.0,0.4636642518077335,19,400.0
5755.0,24,330.0,6.226415094339623,5.8163431542774955,17,403.0,0.28439753998776096,7,67.0,0.47493041489476856,24,470.0
5760.0,18,343.0,6.351851851851852,5.3446109823565315,14,414.0,0.2668731551120568,4,77.0,0.499077396844482,18,491.0
5765.0,20,334.0,5.859649122807017,5.3850531189933175,10,396.0,0.2925000624957126,10,100.0,0.3924385383761403,20,496.0
5770.0,21,336.0,5.508196721311475,5.658612659133363,12,429.0,0.2570312473653143,9,83.0,0.4728936402535634,21,512.0
5775.0,24,398.0,6.317460317460317,5.80115389612882,14,461.0,0.266695386804116,10,104.0,0.43160347906458224,24,565.0
5780.0,27,262.0,3.9696969696969697,4.833528582587587,16,385.0,0.29947030598429486,11,116.0,0.3194680865316499,27,501.0
5785.0,27,270.0,4.153846153846154,5.312915762058555,18,317.0,0.28039409322021297,9,101.0,0.36966743284824705,27,418.0
5790.0,27,290.0,4.53125,4.115968107360503,19,342.0,0.14299279308995774,8,117.0,0.3211830013256096,27,459.0
5795.0,27,294.0,4.388059701492537,4.967451818477096,15,328.0,0.19557161764097417,12,147.0,0.2695063488973859,27,475.0
5800.0,27,358.0,5.264705882352941,5.150978335581444,16,377.0,0.26299239157023785,11,174.0,0.18736750631225957,27,551.0
5805.0,24,384.0,5.731343283582089,5.225042583904322,16,407.0,0.20082037963283897,8,169.0,0.3300277087441517,24,576.0
5810.0,24,354.0,5.446153846153846,4.4654507291274195,18,427.0,0.18035691897808895,6,151.0,0.35415038748631333,24,578.0
5815.0,25,423.0,6.409090909090909,5.314706188725002,14,425.0,0.281427544132627,11,160.0,0.25672089317076013,25,585.0
5820.0,22,226.0,3.323529411764706,5.179957977538437,13,376.0,0.28359101460287867,9,135.0,0.27866040326401054,22,511.0
5825.0,32,367.0,5.242857142857143,5.614956843011648,21,405.0,0.251607844739835,11,131.0,0.3527097215765386,32,536.0
5830.0,31,424.0,6.3283582089552235,5.23180628240485,23,477.0,0.2688480249116098,8,140.0,0.4220055313750215,31,617.0
5835.0,18,399.0,6.234375,5.813379656088232,14,498.0,0.21445966500706837,4,89.0,0.4905647452955265,18,587.0
5840.0,22,392.0,5.764705882352941,4.255488040869033,17,530.0,0.12653503040982308,5,104.0,0.2957201575443681,22,634.0
5845.0,33,421.0,5.929577464788732,4.965802403315055,22,536.0,0.16740868460928393,11,145.0,0.301181881732673,33,681.0
5850.0,34,488.0,7.072463768115942,4.787969592347583,24,598.0,0.24737717378163412,10,166.0,0.37416346011001805,34,764.0
5855.0,28,417.0,5.712328767123288,5.429270969456157,22,603.0,0.2535764857997005,6,155.0,0.4429678500457024,28,758.0
5860.0,27,397.0,5.753623188405797,4.365897976627477,21,597.0,0.16829309210114463,6,95.0,0.37939880600789627,27,692.0
5865.0,29,428.0,5.783783783783784,4.011665267096481,19,631.0,0.1780606510498189,10,137.0,0.3119435465521801,29,768.0
5870.0,30,388.0,5.388888888888889,4.117209955707223,18,611.0,0.24204872057794788,12,176.0,0.267276625180936,30,787.0
5875.0,27,361.0,5.013888888888889,4.349659443681029,19,600.0,0.22923813221793063,8,183.0,0.2690302166034938,27,783.0
5880.0,27,353.0,4.902777777777778,4.254361549041286,21,622.0,0.11234840540206274,6,145.0,0.32402448560260017,27,767.0
5885.0,39,497.0,6.902777777777778,3.609656535136049,27,682.0,0.06689655036988869,12,140.0,0.29729354150099435,39,822.0
5890.0,35,606.0,8.911764705882353,3.795471855197319,24,727.0,0.11622342664540435,11,171.0,0.32951686756408227,35,898.0
5895.0,27,543.0,7.869565217391305,4.384510091763913,20,705.0,0.18743321959483297,7,180.0,0.2958573926558929,27,885.0
5900.0,25,464.0,6.444444444444445,4.98910799027683,19,625.0,0.16705407618502435,6,142.0,0.332279442422383,25,767.0
5905.0,35,481.0,6.5,4.768651419372065,23,615.0,0.19669584826772807,12,117.0,0.29651870444161454,35,732.0
5910.0,34,444.0,6.166666666666667,4.444836854282492,20,587.0,0.26877458955137506,14,159.0,0.23685693787345263,34,746.0
5915.0,29,431.0,6.1571428571428575,4.397372335827185,18,627.0,0.24314902881757838,11,170.0,0.3054029408423722,29,797.0
5920.0,27,356.0,5.235294117647059,3.899624846477608,18,644.0,0.14673806656279775,9,148.0,0.32413100148597557,27,792.0
5925.0,27,331.0,4.940298507462686,4.066577300045688,13,624.0,0.12169338833885962,14,166.0,0.23522096088011046,27,790.0
5930.0,30,298.0,4.382352941176471,3.4270511419977243,13,597.0,0.13102229444966207,17,213.0,0.10745950202732148,30,810.0
5935.0,31,382.0,5.457142857142857,4.568822991465064,21,624.0,0.11050163102540081,10,232.0,0.28704763965438196,31,856.0
5940.0,30,446.0,6.757575757575758,4.704623568373194,20,672.0,0.12790998883164523,10,250.0,0.3160753248511157,30,922.0
5945.0,26,454.0,6.984615384615385,5.264402847054137,14,660.0,0.22240408971300946,12,245.0,0.2442494506100001,26,905.0
5950.0,29,500.0,7.936507936507937,3.887839569041455,14,649.0,0.2457905462712714,15,276.0,0.0899537338555438,29,925.0
5955.0,27,449.0,7.483333333333333,4.774990636206978,16,586.0,0.17438287496301572,11,276.0,0.31061597997516854,27,862.0
5960.0,22,340.0,5.573770491803279,4.479676736528332,12,612.0,0.18453746011959699,10,226.0,0.3081960359084929,22,838.0
5965.0,23,392.0,7.127272727272727,4.475903617535748,10,610.0,0.20053160169009285,13,245.0,0.31066146598257355,23,855.0
5970.0,26,289.0,4.898305084745763,3.871811227055479,13,535.0,0.2607925706768843,13,252.0,0.1932457712835707,26,787.0
5975.0,30,331.0,5.171875,4.861345388595781,15,495.0,0.24020974977209855,15,266.0,0.32412724735918746,30,761.0
5980.0,29,376.0,5.875,4.538149424786621,17,501.0,0.2544725391986192,12,273.0,0.3701668261822286,29,774.0
5985.0,25,333.0,5.203125,5.013421114545196,14,425.0,0.22787839275969032,11,237.0,0.3868949949506922,25,662.0
5990.0,26,353.0,5.348484848484849,4.357974740321807,13,442.0,0.2138829324305039,13,268.0,0.29058864785759314,26,710.0
5995.0,26,352.0,5.176470588235294,4.59667885868243,9,406.0,0.22862318721871222,17,327.0,0.21995207658651947,26,733.0
6000.0,31,431.0,6.734375,4.116798023799385,12,410.0,0.25559798360906333,19,378.0,0.15529681550040625,31,788.0
6005.0,33,537.0,8.261538461538462,3.985582019048904,17,472.0,0.15155217398100565,16,404.0,0.19097016772107825,33,876.0
6010.0,36,597.0,9.045454545454545,3.9862494313109975,17,470.0,0.21005346983395676,19,436.0,0.20209192845994242,36,906.0
6015.0,32,613.0,9.014705882352942,4.860721923218968,16,423.0,0.2819506089259891,16,462.0,0.2856702832925475,32,885.0
6020.0,28,411.0,6.134328358208955,4.486856535337022,14,391.0,0.2842859376641739,14,382.0,0.32865367217186153,28,773.0
6025.0,33,457.0,6.924242424242424,4.244436195752311,17,428.0,0.27490255630560073,16,339.0,0.25912975765196605,33,767.0
6030.0,39,512.0,7.529411764705882,3.7454267682521367,17,433.0,0.25872120737061793,22,410.0,0.18099294697385598,39,843.0
6035.0,31,465.0,6.36986301369863,4.073680182946463,9,342.0,0.2824559547654182,22,468.0,0.13025669726854408,31,810.0
6040.0,26,454.0,6.394366197183099,4.521847262354093,5,250.0,0.34244720866030276,21,514.0,0.1603917790548814,26,764.0
6045.0,26,388.0,5.542857142857143,4.834000296704648,10,201.0,0.2892485730389217,16,502.0,0.19192175392695074,26,703.0
6050.0,29,493.0,7.358208955223881,4.624970021058138,14,203.0,0.1872100514320398,15,497.0,0.23636235674460007,29,700.0
6055.0,22,542.0,8.603174603174603,5.297880734485206,10,199.0,0.2645623562414327,12,500.0,0.2171575163115188,22,699.0
6060.0,27,624.0,10.229508196721312,5.6179624015316225,10,219.0,0.3891825246410112,17,531.0,0.15367665778208367,27,750.0
6065.0,24,571.0,9.677966101694915,5.744554385619083,9,192.0,0.33853574690436367,15,519.0,0.2261598864894043,24,711.0
6070.0,25,658.0,11.543859649122806,6.406387987324743,10,218.0,0.43376642440931745,15,528.0,0.2955624857063192,25,746.0
6075.0,20,589.0,10.907407407407407,5.219222627450278,7,189.0,0.40747634097013946,13,553.0,0.27540577130496663,20,742.0
6080.0,17,542.0,9.678571428571429,6.4346733716259825,6,141.0,0.36565355686030515,11,547.0,0.39904201124062094,17,688.0
6085.0,16,349.0,5.721311475409836,6.299956546795902,6,146.0,0.2165940283258606,10,434.0,0.448020199650806,16,580.0
6090.0,19,184.0,3.1186440677966103,6.8124744369854024,7,154.0,0.43396876193717665,12,309.0,0.3434508427263602,19,463.0
6095.0,20,196.0,3.69811320754717,5.046647293178328,7,158.0,0.45476779159083525,13,309.0,0.13713797044984785,20,467.0
6100.0,24,282.0,5.127272727272727,5.3678991782763745,6,145.0,0.4372736904482745,18,370.0,0.17074892683326517,24,515.0
6105.0,21,265.0,4.649122807017544,4.887390936628546,6,135.0,0.3424509562359556,15,410.0,0.2549043274321244,21,545.0
6110.0,26,378.0,6.517241379310345,5.704640743372016,9,161.0,0.40751028242366677,17,451.0,0.2923948667594965,26,612.0
6115.0,22,341.0,5.982456140350878,5.698902917332875,7,163.0,0.4235454905498928,15,467.0,0.3348637160831802,22,630.0
6120.0,15,262.0,4.517241379310345,6.324665300642948,4,143.0,0.49803844827770105,11,400.0,0.20457115920566957,15,543.0
6125.0,14,239.0,4.267857142857143,5.667868447957959,5,132.0,0.3642287932594247,9,297.0,0.23537488748688362,14,429.0
6130.0,22,259.0,4.4655172413793105,5.971411886129545,10,155.0,0.4204095374520974,12,228.0,0.22921105860806823,22,383.0
6135.0,20,238.0,4.327272727272727,4.715698825398255,9,100.0,0.39882943150168115,11,251.0,0.2466272599397787,20,351.0
6140.0,25,322.0,5.962962962962963,5.146793864568525,14,141.0,0.3335284700691594,11,273.0,0.3232507863914728,25,414.0
6145.0,23,292.0,5.0344827586206895,4.406904795759859,13,174.0,0.23328651702389647,10,276.0,0.3093352368045327,23,450.0
6150.0,19,209.0,3.4262295081967213,5.409082081205762,8,162.0,0.2945906766079623,11,240.0,0.29914996670196325,19,402.0
6155.0,23,252.0,4.2,5.5273263335417475,11,189.0,0.3115897102168777,12,275.0,0.3310142635244399,23,464.0
6160.0,24,318.0,4.96875,5.373844577745022,14,218.0,0.2612561955578255,10,303.0,0.29792173928650295,24,521.0
6165.0,27,334.0,5.475409836065574,4.697171917644006,15,260.0,0.24702921640714712,12,293.0,0.2568165945321628,27,553.0
6170.0,33,427.0,6.887096774193548,4.649979657108988,19,333.0,0.2194556580565185,14,285.0,0.2814869609763409,33,618.0
6175.0,32,417.0,6.95,4.156515737619672,17,329.0,0.25606948065024676,15,296.0,0.23933980912797512,32,625.0
6180.0,29,477.0,8.084745762711865,4.1519108378810285,17,363.0,0.19375715754884323,12,300.0,0.2884374070687968,29,663.0
6185.0,30,454.0,7.827586206896552,3.6410780958961184,18,372.0,0.2012266754556872,12,315.0,0.24334306076402104,30,687.0
6190.0,20,266.0,4.360655737704918,4.6181928985251535,11,295.0,0.14599732467968146,9,302.0,0.26959490499484134,20,597.0
6195.0,15,197.0,3.1774193548387095,5.689967664548585,7,235.0,0.2815550286564161,8,243.0,0.2125292028043243,15,478.0
6200.0,22,228.0,3.619047619047619,6.181663877769022,8,226.0,0.335005124910303,14,281.0,0.18830928587819434,22,507.0
6205.0,24,280.0,4.666666666666667,5.382707742396331,11,220.0,0.30501051241366844,13,318.0,0.2428191671283293,24,538.0
6210.0,23,336.0,6.222222222222222,4.918868215614071,12,222.0,0.2370186069605848,11,313.0,0.33263005766814646,23,535.0
6215.0,18,319.0,6.134615384615385,5.23764353187729,8,175.0,0.22720580386269537,10,312.0,0.27812070335021427,18,487.0
6220.0,17,220.0,4.074074074074074,5.5181334820669425,9,149.0,0.17449151277964473,8,270.0,0.2692344355550979,17,419.0
6225.0,21,310.0,5.636363636363637,6.106469076410294,12,185.0,0.2934751575497053,9,254.0,0.3225570046544239,21,439.0
6230.0,18,269.0,4.890909090909091,6.528110169048867,8,191.0,0.4560820348296986,10,221.0,0.3307902642015668,18,412.0
6235.0,18,313.0,6.137254901960785,6.483795866506243,6,171.0,0.5191913231456979,12,200.0,0.29202512781128537,18,371.0
6240.0,21,245.0,4.622641509433962,4.730547668383577,10,167.0,0.3535169241408035,11,213.0,0.1936670270000906,21,380.0
6245.0,21,284.0,5.2592592592592595,5.967379275182482,11,166.0,0.31748439660076105,10,182.0,0.38306948786741996,21,348.0
6250.0,20,225.0,4.090909090909091,5.546070717398756,10,136.0,0.18994422376840828,10,180.0,0.3921932769021168,20,316.0
6255.0,20,235.0,4.196428571428571,6.012990681428854,10,113.0,0.3265744465802204,10,192.0,0.364799379263323,20,305.0
6260.0,17,154.0,2.610169491525424,5.590785321720706,8,116.0,0.48544980869186244,9,159.0,0.2418566706077149,17,275.0
6265.0,21,181.0,3.1206896551724137,6.312093493823235,6,79.0,0.6205306977144163,15,193.0,0.173930973104288,21,272.0
6270.0,20,188.0,3.1864406779661016,5.7806059601275965,5,87.0,0.5560995214839276,15,236.0,0.15905047172646986,20,323.0
6275.0,23,203.0,3.56140350877193,5.101097385133293,15,115.0,0.16459528275120255,8,231.0,0.3830833253780523,23,346.0
6280.0,25,223.0,4.12962962962963,4.050315226748761,18,164.0,0.03396478957298945,7,195.0,0.4425763429646901,25,359.0
6285.0,23,289.0,5.351851851851852,5.081082806422054,13,205.0,0.2577175117026189,10,207.0,0.28242142478273796,23,412.0
6290.0,23,275.0,4.910714285714286,4.562359160497314,10,212.0,0.38509158579003916,13,225.0,0.02372334935622118,23,437.0
6295.0,25,278.0,4.87719298245614,5.331060091050117,12,210.0,0.3747468571089151,13,209.0,0.17993711584370595,25,419.0
6300.0,24,241.0,4.084745762711864,5.022058340391308,14,217.0,0.36072663532089705,10,219.0,0.3090281829867901,24,436.0
6305.0,19,180.0,3.0,6.246330967729819,13,213.0,0.334068725761693,6,164.0,0.46250019062094705,19,377.0
6310.0,19,182.0,2.888888888888889,5.617073696608444,12,229.0,0.3279665050348202,7,160.0,0.3869911815804083,19,389.0
6315.0,22,188.0,2.8059701492537314,5.253028158301533,11,197.0,0.23343597867713842,11,167.0,0.34763492572731197,22,364.0
6320.0,24,250.0,3.7313432835820897,4.685340524444837,14,217.0,0.1965044378381959,10,182.0,0.31840650080347954,24,399.0
6325.0,24,302.0,4.575757575757576,5.8931712228935025,17,275.0,0.22387377823717952,7,164.0,0.46005482167468653,24,439.0
6330.0,20,222.0,3.5806451612903225,4.312675431841728,14,290.0,0.12983383393212472,6,119.0,0.32222760371697284,20,409.0
6335.0,24,297.0,4.95,5.1294818342563,11,301.0,0.24725169803393426,13,110.0,0.24649123831850014,24,411.0
6340.0,22,267.0,4.377049180327869,4.646489702460698,11,265.0,0.25159662133580313,11,147.0,0.2360808375365906,22,412.0
6345.0,25,353.0,5.693548387096774,5.8317180712797425,18,302.0,0.23973783536988952,7,143.0,0.4058445965913695,25,445.0
6350.0,22,366.0,6.421052631578948,5.226596756289023,17,358.0,0.17991946374105738,5,121.0,0.41089662054824777,22,479.0
6355.0,26,399.0,7.0,4.83541636698394,17,399.0,0.16624017121343573,9,135.0,0.32908769107019564,26,534.0
6360.0,24,343.0,6.017543859649122,4.468443699915787,15,433.0,0.22642454259755893,9,110.0,0.29097829688500243,24,543.0
6365.0,21,372.0,6.413793103448276,5.895200679969763,10,419.0,0.3546252753841971,11,142.0,0.31242598981592923,21,561.0
6370.0,19,217.0,3.875,5.737432923851977,10,328.0,0.394982960068413,9,150.0,0.21698229777246758,19,478.0
6375.0,11,126.0,2.25,6.3481789176638825,9,268.0,0.33221561792139537,2,111.0,0.36474133979053613,11,379.0
6380.0,18,167.0,3.150943396226415,5.791082178586711,14,288.0,0.1374245990455615,4,86.0,0.5249416392493954,18,374.0
6385.0,18,142.0,2.84,6.072728875441545,15,293.0,0.12498779214386255,3,65.0,0.6531033292003413,18,358.0
6390.0,23,206.0,3.9615384615384617,4.927685763367939,15,337.0,0.14458504740918707,8,88.0,0.46192691107849176,23,425.0
6395.0,18,220.0,4.313725490196078,5.537388409962122,13,363.0,0.2541578008260208,5,105.0,0.4053924217788218,18,468.0
6400.0,13,196.0,3.769230769230769,6.379515006042107,9,369.0,0.3254386761807956,4,102.0,0.41067074372412804,13,471.0
6405.0,19,277.0,5.431372549019608,6.545287724746761,14,396.0,0.26353756617037,5,127.0,0.45526941480662125,19,523.0
6410.0,18,336.0,6.461538461538462,6.333104232103425,13,444.0,0.3076413216676628,5,141.0,0.48772436161387056,18,585.0
6415.0,15,386.0,7.568627450980392,7.109319074204002,11,454.0,0.3482121865778668,4,150.0,0.6033536677118954,15,604.0
6420.0,18,368.0,7.076923076923077,5.581709130035259,11,434.0,0.22595761546391369,7,147.0,0.4233658555532625,18,581.0
6425.0,21,392.0,7.0,5.627569142969344,12,382.0,0.26561847681147943,9,192.0,0.40168785859815453,21,574.0
6430.0,20,164.0,2.8771929824561404,5.47810760670136,9,304.0,0.3049690262523932,11,110.0,0.4369138299717334,20,414.0
6435.0,24,239.0,4.120689655172414,6.025323846169109,13,218.0,0.3007711702941697,11,148.0,0.47313270611505864,24,366.0
6440.0,26,295.0,4.836065573770492,5.10389000193649,14,235.0,0.23419412637119208,12,176.0,0.39430491314924415,26,411.0
6445.0,27,375.0,5.681818181818182,5.523486785428822,12,266.0,0.2988527737671721,15,206.0,0.3940103358830139,27,472.0
6450.0,30,392.0,6.030769230769231,4.267429420055191,14,325.0,0.33387651905806776,16,227.0,0.2649128712297269,30,552.0
6455.0,29,424.0,6.144927536231884,4.669108899339612,16,388.0,0.27603400128635436,13,185.0,0.308370558009815,29,573.0
6460.0,30,374.0,5.3428571428571425,4.331337911493921,16,375.0,0.21050391873567711,14,225.0,0.30668150788787146,30,600.0
6465.0,26,346.0,4.739726027397261,4.7130358764694655,10,311.0,0.22533945586674822,16,239.0,0.2759689552332793,26,550.0
6470.0,31,283.0,3.8767123287671232,4.528140887973775,9,271.0,0.3533515080981525,22,292.0,0.19808445168717045,31,563.0
6475.0,36,363.0,4.776315789473684,4.988267053962422,11,216.0,0.34596622188617315,25,380.0,0.2572092548624173,36,596.0
6480.0,38,450.0,5.921052631578948,4.133630470395578,13,232.0,0.2827196662655557,25,441.0,0.28230146147954466,38,673.0
6485.0,25,392.0,5.157894736842105,4.658981798275274,9,240.0,0.30366847858000107,16,419.0,0.2555676775748455,25,659.0
6490.0,26,384.0,5.052631578947368,4.3145527088509175,10,263.0,0.2141498516789382,16,442.0,0.1990464762148378,26,705.0
6495.0,35,477.0,6.115384615384615,4.5746272947908855,14,301.0,0.27483626204640216,21,458.0,0.17429513672053798,35,759.0
6500.0,38,500.0,6.578947368421052,4.149726488070325,13,273.0,0.33623990422778677,25,519.0,0.17212815159144715,38,792.0
6505.0,34,548.0,7.405405405405405,4.674134740905863,13,219.0,0.2667901595660018,21,538.0,0.25179095665941426,34,757.0
6510.0,33,620.0,8.493150684931507,4.652933771632627,13,236.0,0.13139747731280904,20,570.0,0.3038159853648163,33,806.0
6515.0,25,606.0,8.535211267605634,5.577490929721066,6,204.0,0.2902081118812692,19,599.0,0.2914850453456438,25,803.0
6520.0,25,536.0,7.549295774647887,4.670460493009536,5,141.0,0.3084443246445938,20,625.0,0.17458548605177188,25,766.0
6525.0,35,691.0,9.337837837837839,5.027325619203259,9,157.0,0.40493151678314293,26,699.0,0.17753582357056719,35,856.0
6530.0,30,715.0,10.214285714285714,5.232362723464603,6,159.0,0.5403040015668861,24,764.0,0.17743698470777516,30,923.0
6535.0,26,761.0,11.028985507246377,5.339475981270098,2,111.0,0.5842037073042393,24,802.0,0.14974190337796212,26,913.0
6540.0,31,635.0,9.071428571428571,5.214033032934277,5,101.0,0.564953893749395,26,740.0,0.07014151909952249,31,841.0
6545.0,29,478.0,6.828571428571428,4.777173254980952,7,123.0,0.4487961795189792,22,651.0,0.05845995616469578,29,774.0
6550.0,29,468.0,6.882352941176471,5.024563239114718,12,172.0,0.3586894865180561,17,678.0,0.1752093108912133,29,850.0
6555.0,23,290.0,4.461538461538462,4.749459040406009,12,161.0,0.2195164430117504,11,610.0,0.2677518326626372,23,771.0
6560.0,31,378.0,5.7272727272727275,4.082833965090918,17,216.0,0.15660579275075284,14,601.0,0.25121097913856427,31,817.0
6565.0,33,438.0,6.537313432835821,4.353424286035354,16,269.0,0.19731787083935712,17,609.0,0.2679625927422134,33,878.0
6570.0,23,411.0,6.2272727272727275,4.610900809078523,8,255.0,0.33481976794781987,15,604.0,0.2112002253753204,23,859.0
6575.0,25,362.0,5.484848484848484,4.499762321700146,9,212.0,0.3306919001607794,16,547.0,0.13618266953285202,25,759.0
6580.0,30,454.0,6.776119402985074,4.69212438103812,13,220.0,0.21421312326089806,17,558.0,0.1969171598201805,30,778.0
6585.0,30,528.0,7.333333333333333,4.837607832760726,13,248.0,0.14755745185797411,17,580.0,0.2798313975802906,30,828.0
6590.0,25,581.0,8.420289855072463,5.060162320358606,7,213.0,0.35910653923238306,18,626.0,0.23531884908987882,25,839.0
6595.0,22,546.0,8.029411764705882,5.0703759114783065,5,185.0,0.45779574175658916,17,647.0,0.1259871616539411,22,832.0
6600.0,31,654.0,9.617647058823529,4.494460419103143,12,176.0,0.3148758219282776,19,691.0,0.17373145695446895,31,867.0
6605.0,33,744.0,11.104477611940299,4.360813436576669,12,192.0,0.2507326205044538,21,729.0,0.22313523002159447,33,921.0
6610.0,26,795.0,13.032786885245901,3.847114061664086,9,176.0,0.27653428080876036,17,780.0,0.16605444699629274,26,956.0
6615.0,27,814.0,14.03448275862069,3.428705884645362,10,160.0,0.23248884067439704,17,818.0,0.1169949729424097,27,978.0
6620.0,28,699.0,11.847457627118644,4.049683416840324,12,196.0,0.2087319713444636,16,733.0,0.15697945622848422,28,929.0
6625.0,30,726.0,12.305084745762711,4.36789664145246,12,232.0,0.28665683204793063,18,667.0,0.19031587277195638,30,899.0
6630.0,27,635.0,10.76271186440678,5.016273167823361,8,234.0,0.43326560078968973,19,653.0,0.15819652875623408,27,887.0
6635.0,25,429.0,7.396551724137931,4.946494331470557,7,226.0,0.44934680149395334,18,546.0,0.14611625438642162,25,772.0
6640.0,27,490.0,8.032786885245901,4.817102202207855,8,240.0,0.3711065562766446,19,590.0,0.2060573464056196,27,830.0
6645.0,26,307.0,5.116666666666666,4.512028985359794,9,178.0,0.27284859881867446,17,594.0,0.33350265909893156,26,772.0
6650.0,26,307.0,4.951612903225806,4.587959460827728,13,130.0,0.32213680091311364,13,604.0,0.31569305575177775,26,734.0
6655.0,23,230.0,3.5384615384615383,4.603715769319552,11,148.0,0.3317516960947898,12,546.0,0.23441471823335638,23,694.0
6660.0,20,193.0,2.9242424242424243,5.291811278402983,6,111.0,0.38314749855588187,14,451.0,0.2193090449751568,20,562.0
6665.0,23,243.0,3.6818181818181817,5.1667828829701135,3,72.0,0.5084504495180742,20,419.0,0.14995980004647216,23,491.0
6670.0,25,294.0,4.523076923076923,5.503665673723452,1,54.0,0.605925839116557,24,473.0,0.15865987827490843,25,527.0
6675.0,24,335.0,5.0,5.632984079072651,4,72.0,0.5163503948596647,20,492.0,0.21354295933430234,24,564.0
6680.0,24,350.0,5.303030303030303,4.8105907475333956,7,104.0,0.49939654984874016,17,508.0,0.17914388704780293,24,612.0
6685.0,24,316.0,4.7164179104477615,4.831315606276157,10,122.0,0.3441416149824642,14,500.0,0.23002564637718198,24,622.0
6690.0,27,246.0,3.5142857142857142,4.579649285607972,13,180.0,0.2794028030780246,14,421.0,0.2376071865128317,27,601.0
6695.0,34,353.0,5.115942028985507,4.447854255840542,15,236.0,0.26661763851969217,19,397.0,0.21502452332156635,34,633.0
6700.0,34,482.0,6.602739726027397,4.8812366084760725,15,295.0,0.34463297790034336,19,452.0,0.2808364779689747,34,747.0
6705.0,29,483.0,6.708333333333333,4.688845758587025,14,304.0,0.23057540502634788,15,442.0,0.31711813319287085,29,746.0
6710.0,24,336.0,4.48,4.411031398745338,11,248.0,0.14756500696408986,13,421.0,0.28550074946142207,24,669.0
6715.0,28,332.0,4.311688311688312,5.300740192597118,12,210.0,0.27721357798971963,16,396.0,0.2253334064901485,28,606.0
6720.0,26,389.0,4.987179487179487,5.689424459265107,9,239.0,0.31940804476698886,17,400.0,0.22991101690804314,26,639.0
6725.0,31,466.0,6.0519480519480515,5.182000930331861,12,268.0,0.353402022403178,19,461.0,0.22982456428730633,31,729.0
6730.0,29,426.0,6.085714285714285,4.586067425065356,14,270.0,0.19877008597891457,15,473.0,0.2903842977960872,29,743.0
6735.0,35,423.0,6.130434782608695,3.368777829504748,18,301.0,0.10558528518402054,17,473.0,0.18589646801587528,35,774.0
6740.0,39,483.0,6.708333333333333,3.6194663619348386,16,326.0,0.18158671794260017,23,451.0,0.09329138215566458,39,777.0
6745.0,32,449.0,6.1506849315068495,4.893096709031256,8,287.0,0.36632129599794466,24,511.0,0.10734673785493791,32,798.0
6750.0,33,559.0,8.101449275362318,5.320222733113599,8,275.0,0.4601225225433901,25,580.0,0.1129765720192879,33,855.0
6755.0,30,477.0,7.014705882352941,4.874191803376198,7,188.0,0.3938327361029689,23,637.0,0.09642542668767644,30,825.0
6760.0,30,492.0,7.343283582089552,4.862949487455555,13,192.0,0.27375887436940693,17,617.0,0.21392316025079483,30,809.0
6765.0,29,491.0,7.553846153846154,4.599059754872351,14,228.0,0.24996076262391176,15,553.0,0.2493582156976861,29,781.0
6770.0,22,391.0,6.2063492063492065,5.302177889146699,9,232.0,0.31242652662056936,13,479.0,0.25266528151330225,22,711.0
6775.0,24,288.0,4.721311475409836,5.050136624046163,10,203.0,0.35965234478814134,14,420.0,0.2567791317295165,24,623.0
6780.0,26,299.0,4.462686567164179,4.719466596030847,15,198.0,0.240451033495224,11,432.0,0.3131307229902531,26,630.0
6785.0,26,332.0,5.03030303030303,4.8941748194405825,17,252.0,0.20117709109212936,9,396.0,0.37463545251875396,26,648.0
6790.0,22,309.0,4.828125,5.168095364813061,9,255.0,0.22230642459650699,13,389.0,0.2735244857479146,22,644.0
6795.0,29,327.0,5.274193548387097,4.131088236702595,9,245.0,0.2461058107313284,20,418.0,0.0865199176026072,29,663.0
6800.0,36,367.0,6.116666666666666,3.765837457036993,14,222.0,0.23569475190300712,22,462.0,0.10624285926336208,36,684.0
6805.0,32,360.0,6.206896551724138,3.418171409244333,13,227.0,0.21834863860548936,19,461.0,0.17823055126408965,32,688.0
6810.0,27,349.0,5.915254237288136,4.374042795590575,13,258.0,0.2899012898641005,14,479.0,0.2646310084659442,27,737.0
6815.0,31,410.0,6.507936507936508,4.152840413594713,13,283.0,0.2773510259879118,18,515.0,0.22056709855219084,31,798.0
6820.0,27,417.0,6.318181818181818,4.761074731072561,6,246.0,0.3323602521374982,21,591.0,0.19669196885978604,27,837.0
6825.0,31,530.0,7.681159420289855,5.414657761279949,7,230.0,0.41364887094758795,24,662.0,0.15942338548534765,31,892.0
6830.0,30,529.0,7.347222222222222,5.796650920051492,8,245.0,0.4896383612160386,22,669.0,0.1651761920207368,30,914.0
6835.0,22,307.0,4.385714285714286,5.421075988820977,7,176.0,0.3171967284682741,15,588.0,0.18222465864494908,22,764.0
6840.0,26,330.0,4.925373134328358,5.030227520765116,15,211.0,0.12551726252274034,11,575.0,0.2857186759893202,26,786.0
6845.0,28,299.0,4.397058823529412,4.799686817839064,14,272.0,0.1625347764768862,14,504.0,0.2505752323401946,28,776.0
6850.0,25,324.0,5.491525423728813,4.329185172046642,8,284.0,0.27781904003475344,17,469.0,0.2185302515936281,25,753.0
6855.0,19,240.0,3.870967741935484,4.92684656156152,6,225.0,0.2586563365098873,13,451.0,0.21999600740667322,19,676.0
6860.0,25,261.0,4.015384615384615,5.0159248507385845,10,172.0,0.12641620554426855,15,471.0,0.26455897492445335,25,643.0
6865.0,27,324.0,4.835820895522388,5.529609280479322,9,198.0,0.34693193328045663,18,513.0,0.27499836466376826,27,711.0
6870.0,26,376.0,6.064516129032258,5.596059090497659,4,171.0,0.5214964507338559,22,534.0,0.2168545944890282,26,705.0
6875.0,25,277.0,4.396825396825397,4.917412086974008,2,76.0,0.4825071327356974,23,530.0,0.14199774932660347,25,606.0
6880.0,29,326.0,5.52542372881356,3.789336947578498,8,71.0,0.3213099186397153,21,566.0,0.18424679301187055,29,637.0
6885.0,24,274.0,4.28125,4.3312508066795585,7,89.0,0.40092574499631983,17,514.0,0.20568627879334356,24,603.0
6890.0,20,313.0,4.890625,5.513357454203,4,75.0,0.49880402345370173,16,508.0,0.21502871554240505,20,583.0
6895.0,19,265.0,3.8970588235294117,5.939215389463844,4,45.0,0.43713599632888245,15,537.0,0.2733766991452048,19,582.0
6900.0,24,329.0,4.838235294117647,5.606207464878366,5,51.0,0.4145558816761129,19,544.0,0.2342144330481809,24,595.0
6905.0,31,438.0,6.84375,4.800552886891779,6,78.0,0.5123489561147964,25,618.0,0.19966639071462441,31,696.0
6910.0,27,503.0,7.7384615384615385,5.353767805870429,8,105.0,0.40098608094614663,19,656.0,0.24916645621972217,27,761.0
6915.0,26,426.0,6.761904761904762,4.441237189686609,9,147.0,0.2161352574797729,17,629.0,0.17605067761590606,26,776.0
6920.0,31,459.0,7.524590163934426,3.8232234686821176,8,147.0,0.2641303852189794,23,627.0,0.09279658782054258,31,774.0
6925.0,33,518.0,9.592592592592593,3.5762486205787267,7,121.0,0.34541260385936134,26,651.0,0.08127266172110513,33,772.0
6930.0,27,403.0,7.0701754385964914,4.3709625854378285,5,122.0,0.46733834678188924,22,634.0,0.11547933898000265,27,756.0
6935.0,26,424.0,7.186440677966102,5.079125525748612,7,118.0,0.48319850611632387,19,669.0,0.19030053235521896,26,787.0
6940.0,18,269.0,4.719298245614035,5.450354210045684,6,63.0,0.4754556136472247,12,621.0,0.26521759592078326,18,684.0
6945.0,22,234.0,3.9661016949152543,5.472607457415074,8,82.0,0.35216478878127655,14,584.0,0.29632605435796977,22,666.0
6950.0,22,206.0,3.5517241379310347,4.700093978918145,7,86.0,0.2511727111437701,15,547.0,0.24101676757719614,22,633.0
6955.0,28,262.0,4.440677966101695,4.593525034349753,6,69.0,0.37284570768618097,22,565.0,0.12687124279223594,28,634.0
6960.0,24,257.0,4.589285714285714,4.466329357266296,4,75.0,0.38109563834584087,20,535.0,0.1216650330326805,24,610.0
6965.0,23,300.0,5.172413793103448,4.967072382790474,6,78.0,0.4661275736528146,17,553.0,0.1755775349956339,23,631.0
6970.0,18,258.0,4.3,5.793590437030048,5,80.0,0.4207992537875018,13,479.0,0.2649159269766085,18,559.0
6975.0,20,212.0,3.593220338983051,5.435250951585039,5,71.0,0.27805064616097835,15,463.0,0.2505399690804462,20,534.0
6980.0,22,240.0,4.0,5.741887090440429,5,59.0,0.40724913712413985,17,468.0,0.2186431167058954,22,527.0
6985.0,28,341.0,5.779661016949152,5.686950911667959,7,88.0,0.49047018076864835,21,498.0,0.1784759718975439,28,586.0
6990.0,24,350.0,6.0344827586206895,5.186734308831474,5,69.0,0.5093298967287246,19,504.0,0.19955320560931572,24,573.0
6995.0,24,385.0,6.875,4.657307913282788,6,97.0,0.4005888551660374,18,510.0,0.20861354324106393,24,607.0
7000.0,22,332.0,5.928571428571429,5.133781007671246,8,93.0,0.4675433433730413,14,457.0,0.19488698655318462,22,550.0
7005.0,28,357.0,6.490909090909091,4.171071538469482,11,140.0,0.328433871356601,17,461.0,0.14082044131560384,28,601.0
7010.0,26,234.0,4.415094339622642,3.426602227962666,10,142.0,0.306497684435763,16,420.0,0.08048300596879274,26,562.0
7015.0,25,232.0,4.461538461538462,3.6668034375607936,6,93.0,0.3421473719259106,19,449.0,0.03962992987784104,25,542.0
7020.0,21,254.0,5.183673469387755,4.003120454471869,7,90.0,0.2355411667645557,14,435.0,0.11648837628546656,21,525.0
7025.0,23,339.0,7.0625,5.002940892226827,10,117.0,0.2571704690741996,13,433.0,0.1759441196422286,23,550.0
7030.0,20,387.0,8.0625,4.829791938500551,7,119.0,0.26223706044368217,13,434.0,0.24646945798072858,20,553.0
7035.0,18,380.0,8.444444444444445,5.5671437792592195,7,117.0,0.516569886547793,11,426.0,0.20826176347797792,18,543.0
7040.0,15,203.0,4.613636363636363,5.010390024176592,6,87.0,0.44420865682547317,9,373.0,0.15089726831707123,15,460.0
7045.0,19,266.0,5.782608695652174,5.467140480480011,7,84.0,0.4650004786066676,12,343.0,0.1902010029882621,19,427.0
7050.0,18,227.0,4.829787234042553,5.030340833738771,9,75.0,0.3531413151425122,9,335.0,0.2835314608767602,18,410.0
7055.0,20,292.0,6.3478260869565215,5.729236509960435,13,133.0,0.24565217189937738,7,302.0,0.48621988278912476,20,435.0
7060.0,16,273.0,6.066666666666666,5.358025225323564,11,161.0,0.1477921774641511,5,273.0,0.48910976410803997,16,434.0
7065.0,17,279.0,6.065217391304348,5.655585172158288,9,144.0,0.1818058380185234,8,239.0,0.3450941940050059,17,383.0
7070.0,13,146.0,3.3181818181818183,5.8441216814013215,6,131.0,0.39066242916251437,7,132.0,0.1933049091933432,13,263.0
7075.0,16,199.0,4.627906976744186,6.940268024117437,7,135.0,0.5311501721114126,9,160.0,0.2615660662204876,16,295.0
7080.0,13,128.0,2.8444444444444446,6.825836888564382,7,99.0,0.6059610301240939,6,171.0,0.3151069994535143,13,270.0
7085.0,14,174.0,3.8666666666666667,7.187436604100567,9,109.0,0.4207955667031245,5,161.0,0.5074005538030156,14,270.0
7090.0,15,107.0,2.276595744680851,6.330188252145096,12,114.0,0.2468759489047317,3,108.0,0.5602738632370182,15,222.0
7095.0,14,104.0,2.1666666666666665,6.168404567276229,8,100.0,0.25528701817133376,6,54.0,0.41674475662935895,14,154.0
7100.0,13,124.0,2.883720930232558,5.449835332908945,5,96.0,0.30488590923475506,8,90.0,0.31914945470085837,13,186.0
7105.0,16,166.0,3.608695652173913,5.583538868247752,10,119.0,0.2263696597843725,6,109.0,0.44702558708179674,16,228.0
7110.0,16,204.0,4.636363636363637,6.169547742939466,12,152.0,0.16599957914360422,4,98.0,0.5989659473396014,16,250.0
7115.0,11,200.0,4.25531914893617,6.513561346090327,6,148.0,0.23210106741342698,5,103.0,0.44285549247355305,11,251.0
7120.0,15,194.0,3.803921568627451,7.076361206421644,7,138.0,0.3166874716132621,8,124.0,0.4085390841254778,15,262.0
7125.0,17,221.0,4.42,7.382813710109617,10,135.0,0.4514152262156233,7,142.0,0.40586551235735047,17,277.0
7130.0,14,258.0,5.733333333333333,6.551860014168596,7,149.0,0.45315414801449005,7,154.0,0.39513017098567643,14,303.0
7135.0,10,164.0,3.813953488372093,5.892650346202362,5,125.0,0.4006329244197981,5,73.0,0.24362428096752012,10,198.0
7140.0,13,147.0,3.4186046511627906,5.593948101260788,6,96.0,0.3975256808777331,7,92.0,0.07253979331505517,13,188.0
7145.0,18,135.0,2.9347826086956523,5.775504962089959,12,111.0,0.38109250023032315,6,76.0,0.19742755496445866,18,187.0
7150.0,14,117.0,2.4893617021276597,7.047790435209353,12,130.0,0.32439280302492507,2,39.0,0.6459946350553324,14,169.0
7155.0,17,192.0,4.266666666666667,7.412024397175646,15,178.0,0.28542498546486567,2,38.0,0.7411229560613259,17,216.0
7160.0,15,188.0,4.086956521739131,6.5666749570504965,14,205.0,0.1789546660286609,1,31.0,0.644830215935285,15,236.0
7165.0,12,116.0,2.697674418604651,6.733524549996432,8,181.0,0.26159153990225315,4,45.0,0.5305077129199804,12,226.0
7170.0,13,108.0,2.5714285714285716,5.680786883881453,8,159.0,0.31366795160114685,5,32.0,0.26630057718663924,13,191.0
7175.0,17,175.0,3.977272727272727,7.078998066570462,10,187.0,0.41631312723842456,7,64.0,0.33715967022105703,17,251.0
7180.0,12,114.0,2.6511627906976742,6.492770246314107,9,166.0,0.36064027925937847,3,58.0,0.49758667438347515,12,224.0
7185.0,12,155.0,3.604651162790698,7.679631111274372,11,208.0,0.3433963890246754,1,21.0,0.7251079818192007,12,229.0
7190.0,11,134.0,3.0454545454545454,7.081744056266712,10,203.0,0.2919078138714919,1,6.0,0.7285560003731371,11,209.0
7195.0,9,112.0,2.382978723404255,8.24132798661108,7,154.0,0.37272988630614257,2,13.0,0.6951355632164414,9,167.0
7200.0,9,71.0,1.6511627906976745,7.800566652885039,7,111.0,0.35379361215712896,2,23.0,0.603817455039753,9,134.0
