step,system_total_stopped,system_total_waiting_time,system_mean_waiting_time,system_mean_speed,J17_stopped,J17_accumulated_waiting_time,J17_average_speed,J18_stopped,J18_accumulated_waiting_time,J18_average_speed,agents_total_stopped,agents_total_accumulated_waiting_time
5.0,0,0.0,0.0,12.549894281514563,0,0.0,1.0,0,0.0,0.9871926491311659,0,0.0
10.0,0,0.0,0.0,13.232889619265611,0,0.0,0.9694774820851846,0,0.0,0.9496225018612435,0,0.0
15.0,0,0.0,0.0,13.720961722884176,0,0.0,0.9885517557412031,0,0.0,0.9456563891198554,0,0.0
20.0,0,0.0,0.0,11.510135222854759,0,0.0,0.7810636243328549,0,0.0,0.9203584422760465,0,0.0
25.0,3,5.0,0.3333333333333333,7.538729796538612,2,4.0,0.4784795620511622,1,1.0,0.6585329620867076,3,5.0
30.0,6,28.0,1.4,8.909674134581133,3,19.0,0.6404617893114046,3,9.0,0.638576597645969,6,28.0
35.0,6,58.0,2.5217391304347827,8.099241646986133,3,34.0,0.46005319127518096,3,24.0,0.6052184115407153,6,58.0
40.0,7,77.0,2.9615384615384617,7.831849998223475,4,38.0,0.4387969472660985,3,39.0,0.6027794248165573,7,77.0
45.0,13,128.0,4.413793103448276,5.970519850297485,6,62.0,0.26437205583458767,7,66.0,0.4324972701009503,13,128.0
50.0,10,105.0,3.28125,5.7051739625454125,5,56.0,0.38289633118094435,5,70.0,0.39021465737784444,10,126.0
55.0,11,157.0,4.90625,6.839579535512447,4,67.0,0.5211114300500322,7,93.0,0.2676923253249014,11,160.0
60.0,11,148.0,4.625,6.6205880176554714,5,91.0,0.4658760135703422,6,73.0,0.28766311084927265,11,164.0
65.0,13,208.0,6.117647058823529,6.79258275661036,7,124.0,0.47068134566944914,6,90.0,0.32030019783577574,13,214.0
70.0,11,167.0,4.394736842105263,6.487165946876629,6,111.0,0.42431305860338675,5,89.0,0.4515661073093176,11,200.0
75.0,14,227.0,5.973684210526316,7.027186481179683,8,136.0,0.4059875747092269,6,103.0,0.5090880716677123,14,239.0
80.0,13,171.0,4.071428571428571,6.530226817097512,9,149.0,0.3517081899388743,4,54.0,0.5669993463741125,13,203.0
85.0,18,251.0,5.704545454545454,6.990867648223284,12,206.0,0.3132099980389906,6,63.0,0.6164911489637648,18,269.0
90.0,16,262.0,5.822222222222222,5.51989253194217,11,237.0,0.2648391727824085,5,69.0,0.49489280151956266,16,306.0
95.0,15,285.0,6.195652173913044,6.212390205329347,6,227.0,0.3611636225368244,9,102.0,0.378945404700032,15,329.0
100.0,15,191.0,3.8979591836734695,5.604432858477993,6,171.0,0.3661670085656859,9,135.0,0.19004123846101753,15,306.0
105.0,19,224.0,4.392156862745098,5.898893357753127,9,123.0,0.3284898270287775,10,175.0,0.25172565099141136,19,298.0
110.0,20,210.0,4.117647058823529,5.968625061019193,11,133.0,0.2920319006323907,9,184.0,0.41652460490880894,20,317.0
115.0,14,204.0,4.434782608695652,6.818542900429284,6,131.0,0.3924588780329893,8,156.0,0.4075858110851897,14,287.0
120.0,13,165.0,3.6666666666666665,5.0179301379492065,6,128.0,0.3190419759494251,7,143.0,0.25328184610687754,13,271.0
125.0,20,210.0,4.883720930232558,5.1448341270108635,11,169.0,0.251542317404842,9,105.0,0.28000656479956704,20,274.0
130.0,19,253.0,5.75,4.861688003190328,9,186.0,0.1714987850865754,10,119.0,0.33495262471691123,19,305.0
135.0,17,290.0,6.744186046511628,6.556598905030364,7,179.0,0.4054611429113908,10,144.0,0.31904441690862445,17,323.0
140.0,13,215.0,5.375,5.606860992900513,5,167.0,0.45863171165335637,8,116.0,0.1424279209576103,13,283.0
145.0,16,259.0,6.317073170731708,6.740371653543832,8,196.0,0.47986399468257296,8,102.0,0.2677653515264103,16,298.0
150.0,17,275.0,6.5476190476190474,6.1582629996839975,11,241.0,0.4019962007191982,6,95.0,0.3980759272085896,17,336.0
155.0,13,275.0,6.395348837209302,7.021177576580312,9,262.0,0.39925313314902994,4,53.0,0.543615271147334,13,315.0
160.0,13,323.0,8.075,7.581924528229905,9,268.0,0.34563152611412246,4,62.0,0.5737156611348974,13,330.0
165.0,8,103.0,2.395348837209302,6.921961036285375,7,169.0,0.23920345703103077,1,34.0,0.5108430876360693,8,203.0
170.0,16,172.0,4.095238095238095,7.005119809203457,12,145.0,0.25825887143170473,4,33.0,0.4391818131450071,16,178.0
175.0,11,182.0,4.7894736842105265,6.460567967891079,9,175.0,0.30483800077091106,2,40.0,0.6641204714139375,11,215.0
180.0,15,242.0,5.902439024390244,6.826122503761176,11,203.0,0.3140223355492366,4,51.0,0.5960835724485035,15,254.0
185.0,12,199.0,4.5227272727272725,7.061772127518854,10,218.0,0.32484832333668573,2,29.0,0.66724669474125,12,247.0
190.0,14,227.0,5.159090909090909,6.754296496438206,7,200.0,0.35449991534157355,7,54.0,0.49456164336205116,14,254.0
195.0,14,167.0,3.630434782608696,4.9445163593456085,6,170.0,0.2774897820037773,8,83.0,0.31280993567168824,14,253.0
200.0,21,191.0,3.9791666666666665,5.696511088524953,10,127.0,0.3784067536656574,11,123.0,0.30064809085710087,21,250.0
205.0,21,173.0,3.9318181818181817,4.503180407254746,10,151.0,0.31218847262173866,11,131.0,0.30771514310659176,21,282.0
210.0,19,211.0,4.906976744186046,4.993110290342705,10,178.0,0.28937113760771827,9,112.0,0.30784324759612963,19,290.0
215.0,20,184.0,4.181818181818182,4.270604855026913,12,189.0,0.23538967364080726,8,109.0,0.3075707959445887,20,298.0
220.0,14,197.0,4.104166666666667,6.108676780515956,6,157.0,0.3899310844090296,8,118.0,0.3149675814662239,14,275.0
225.0,11,213.0,4.346938775510204,6.834179872390434,4,136.0,0.5004646773205788,7,132.0,0.31253513083962403,11,268.0
230.0,13,264.0,4.981132075471698,8.218153625694711,6,129.0,0.5468345230917463,7,153.0,0.4329531618504569,13,282.0
235.0,14,234.0,4.415094339622642,7.725244312723657,7,121.0,0.45696106015169075,7,155.0,0.5087191753819317,14,276.0
240.0,16,272.0,5.44,7.120390930769973,10,169.0,0.3588261337322129,6,132.0,0.5260828271154928,16,301.0
245.0,14,202.0,3.8846153846153846,5.80873358621512,9,191.0,0.4325067434780071,5,72.0,0.3615653032360732,14,263.0
250.0,20,254.0,4.7924528301886795,5.922304795390481,8,190.0,0.4461484430503604,12,109.0,0.22795521006208164,20,299.0
255.0,19,149.0,2.6607142857142856,5.670047258392764,7,93.0,0.4586110488429718,12,129.0,0.16387317294392878,19,222.0
260.0,23,232.0,4.0,6.211841382419425,11,111.0,0.3960064539057116,12,172.0,0.2827743713765297,23,283.0
265.0,20,240.0,4.0,6.061667507828385,12,147.0,0.4177639079632296,8,175.0,0.3580009068958269,20,322.0
270.0,16,233.0,3.7580645161290325,6.378670164521833,10,170.0,0.3666975378105336,6,141.0,0.3408686825470473,16,311.0
275.0,19,229.0,3.634920634920635,5.6544811185069666,12,163.0,0.21194709569183168,7,168.0,0.35968680042056783,19,331.0
280.0,31,324.0,4.909090909090909,5.398986638506647,18,198.0,0.23840145677578817,13,222.0,0.2786062954393888,31,420.0
285.0,30,307.0,4.723076923076923,4.5314838889297295,19,234.0,0.24082523288368585,11,223.0,0.2578951893875011,30,457.0
290.0,29,343.0,5.444444444444445,4.612790384216567,18,296.0,0.23118815631318596,11,197.0,0.33942600906220766,29,493.0
295.0,26,308.0,4.8125,4.467917837029868,16,331.0,0.2513456364237488,10,188.0,0.333933757335563,26,519.0
300.0,26,328.0,5.046153846153846,5.367405593442176,19,340.0,0.23566500594105727,7,142.0,0.3849795823555268,26,482.0
305.0,29,334.0,5.387096774193548,4.233753513729465,20,368.0,0.14724288616780584,9,159.0,0.28655496152718724,29,527.0
310.0,28,276.0,4.451612903225806,4.595764779533912,13,326.0,0.21819615799405817,15,202.0,0.17988912514732627,28,528.0
315.0,24,321.0,5.5344827586206895,4.12963287257968,11,325.0,0.29859383844032744,13,240.0,0.15635414410960113,24,565.0
320.0,22,347.0,5.982758620689655,5.347313429757867,12,316.0,0.24263609623730417,10,244.0,0.37043685449622815,22,560.0
325.0,20,267.0,4.52542372881356,4.8318310031878955,13,333.0,0.1738222979661408,7,187.0,0.3387826223414042,20,520.0
330.0,31,406.0,6.655737704918033,5.6745398647931475,17,391.0,0.248916244539199,14,218.0,0.3616107031249895,31,609.0
335.0,27,457.0,7.616666666666666,4.697398762239688,15,403.0,0.32535957872544147,12,249.0,0.21856087892832785,27,652.0
340.0,20,454.0,7.694915254237288,5.521019112828198,9,343.0,0.34550368679694543,11,266.0,0.25537387448851356,20,609.0
345.0,17,226.0,3.896551724137931,5.410815498791717,9,255.0,0.22860753403805442,8,214.0,0.2913898407227496,17,469.0
350.0,21,259.0,4.543859649122807,5.948749833743859,11,228.0,0.28413730459893016,10,183.0,0.3155592137173539,21,411.0
355.0,20,214.0,3.6271186440677967,6.0358141759997,13,246.0,0.35297598418569315,7,158.0,0.3826710606121548,20,404.0
360.0,16,218.0,3.824561403508772,6.27678149535292,9,236.0,0.3404540820555006,7,91.0,0.4852481105503158,16,327.0
365.0,15,154.0,2.566666666666667,5.873384214983601,9,220.0,0.30587791731307895,6,91.0,0.39704187783107303,15,311.0
370.0,18,175.0,2.9166666666666665,6.12778481019834,13,190.0,0.27390864691107103,5,58.0,0.4219846544065677,18,248.0
375.0,20,232.0,3.6825396825396823,5.506133366600937,14,225.0,0.2607235448474089,6,69.0,0.4413644498274414,20,294.0
380.0,21,286.0,4.766666666666667,6.272922015699406,13,254.0,0.3226989741591331,8,104.0,0.5158372386689095,21,358.0
385.0,21,307.0,5.293103448275862,5.568523318912362,16,294.0,0.30685988051775087,5,98.0,0.4309543692177676,21,392.0
390.0,24,393.0,6.55,5.207370549318059,17,356.0,0.22697771626010244,7,111.0,0.4267610410826305,24,467.0
395.0,26,455.0,7.711864406779661,4.786984810781162,20,427.0,0.22457860669419027,6,120.0,0.472531786676432,26,547.0
400.0,21,493.0,7.951612903225806,5.942627036921226,16,466.0,0.27513879421545206,5,117.0,0.5389676077358879,21,583.0
405.0,19,381.0,6.245901639344262,5.002262319470621,16,471.0,0.17809581846353204,3,55.0,0.42602235498050717,19,526.0
410.0,25,370.0,5.967741935483871,4.750095571618079,17,449.0,0.20607061899168683,8,77.0,0.2916520459316405,25,526.0
415.0,27,231.0,3.85,4.4621948170866785,19,405.0,0.2326638189996007,8,95.0,0.2995880506340956,27,500.0
420.0,31,351.0,5.661290322580645,4.929086908752366,23,406.0,0.21050507265861199,8,113.0,0.4154329616052984,31,519.0
425.0,31,379.0,6.112903225806452,4.384719647820928,25,475.0,0.15711076474101085,6,111.0,0.3886371203472627,31,586.0
430.0,24,354.0,5.9,5.2429678620610325,19,481.0,0.13534050324090188,5,108.0,0.4537312803060578,24,589.0
435.0,16,300.0,5.2631578947368425,5.45288547387684,13,462.0,0.19263323927767148,3,65.0,0.31302025781539683,16,527.0
440.0,22,354.0,6.103448275862069,5.878160181812339,14,483.0,0.17956877041105665,8,54.0,0.3701140991846215,22,537.0
445.0,20,323.0,5.666666666666667,5.377003325024505,16,468.0,0.16551019149888097,4,72.0,0.45079833067386743,20,540.0
450.0,22,275.0,5.392156862745098,5.309163956824111,17,457.0,0.19517892714551757,5,67.0,0.5453570363856883,22,524.0
455.0,21,229.0,4.403846153846154,5.475177801946875,17,427.0,0.1399435869096915,4,59.0,0.6011291765068977,21,486.0
460.0,23,259.0,4.886792452830188,5.365356626357952,19,467.0,0.13705340374126912,4,51.0,0.5804246577606534,23,518.0
465.0,17,183.0,3.519230769230769,5.621426259987763,11,427.0,0.22876366034087348,6,48.0,0.47178651383242964,17,475.0
470.0,19,232.0,4.549019607843137,5.143513599458576,10,396.0,0.2799383113408071,9,80.0,0.31748302159509934,19,476.0
475.0,20,243.0,4.86,5.054703206282444,12,364.0,0.26225540339913106,8,103.0,0.3949561489767217,20,467.0
480.0,18,295.0,5.566037735849057,5.451993912012559,13,376.0,0.21769628693131193,5,99.0,0.5218673045490303,18,475.0
485.0,18,325.0,6.372549019607843,5.398616149491664,12,366.0,0.212583888451187,6,113.0,0.42287494635048833,18,479.0
490.0,15,249.0,4.611111111111111,6.4235964585586585,7,287.0,0.3432410399672808,8,141.0,0.3841527895165146,15,428.0
495.0,19,209.0,3.732142857142857,6.4761176063730455,11,284.0,0.3942518135289979,8,113.0,0.39759905109316107,19,397.0
500.0,20,258.0,4.867924528301887,5.745804434798489,11,320.0,0.32841719851398754,9,92.0,0.4508463542079716,20,412.0
505.0,16,274.0,5.074074074074074,5.960940314005517,9,337.0,0.36167531918952406,7,99.0,0.36356765921169876,16,436.0
510.0,14,180.0,3.2142857142857144,6.167212270650298,8,249.0,0.3432185772633053,6,80.0,0.29659994545573937,14,329.0
515.0,16,202.0,3.4827586206896552,6.7698807045006815,11,211.0,0.34738593578667804,5,89.0,0.3785296977669741,16,300.0
520.0,21,234.0,4.105263157894737,6.694755921568071,13,244.0,0.31162786747135923,8,93.0,0.47323861378175375,21,337.0
525.0,20,300.0,5.454545454545454,5.510194330794251,15,281.0,0.307776213937456,5,115.0,0.41635352621828536,20,396.0
530.0,26,344.0,6.37037037037037,4.8347572215000065,18,322.0,0.26003484518389786,8,128.0,0.3314513898387923,26,450.0
535.0,22,284.0,5.3584905660377355,4.904545458257441,13,322.0,0.20644438403666895,9,89.0,0.33330990851017056,22,411.0
540.0,21,261.0,4.833333333333333,4.745952859217648,12,280.0,0.14690885506925774,9,116.0,0.2762665811852024,21,396.0
545.0,24,284.0,5.568627450980392,4.136587031147888,16,252.0,0.17146818433030553,8,146.0,0.24837483407412542,24,398.0
550.0,19,321.0,6.551020408163265,5.596741195243573,13,295.0,0.2222870289261709,6,147.0,0.5180359730911316,19,442.0
555.0,21,354.0,7.224489795918367,5.432181749995365,16,341.0,0.12976656228263755,5,130.0,0.5109714935767812,21,471.0
560.0,24,403.0,7.75,5.216754541758908,16,373.0,0.1534340025565961,8,127.0,0.42369706901200155,24,500.0
565.0,18,401.0,7.711538461538462,5.981157350310032,11,342.0,0.2834354066193517,7,147.0,0.3873373131458319,18,489.0
570.0,11,409.0,8.019607843137255,6.6618315249029205,8,330.0,0.3350280089574259,3,143.0,0.4272076859517255,11,473.0
575.0,15,312.0,5.886792452830188,6.976085356100032,11,315.0,0.28967914186103444,4,43.0,0.5184850547836308,15,358.0
580.0,20,286.0,5.39622641509434,6.791643988657965,11,314.0,0.3785311019042159,9,74.0,0.47931609878712533,20,388.0
585.0,17,152.0,2.8679245283018866,5.919089447575613,7,241.0,0.43640895912379385,10,103.0,0.3009293748975536,17,344.0
590.0,16,211.0,4.0576923076923075,6.390258719453265,7,179.0,0.37230387887434735,9,113.0,0.4038850982525422,16,292.0
595.0,22,210.0,3.8181818181818183,5.965879737460697,14,189.0,0.17656775923812612,8,99.0,0.45717699810658435,22,288.0
600.0,20,199.0,3.491228070175439,6.250391072027916,11,198.0,0.31371162122974866,9,105.0,0.4505871280828907,20,303.0
605.0,20,195.0,3.305084745762712,6.562052755517403,8,144.0,0.4990488602014656,12,119.0,0.38409549458972564,20,263.0
610.0,23,237.0,3.95,6.105469307004314,5,139.0,0.4782665692349207,18,182.0,0.2793350600658791,23,321.0
615.0,26,301.0,4.854838709677419,5.345511830101723,9,144.0,0.427999813680303,17,236.0,0.233252426248149,26,380.0
620.0,19,287.0,4.864406779661017,5.399145753264246,7,165.0,0.2801177167555739,12,235.0,0.3294259731543124,19,400.0
625.0,13,288.0,5.142857142857143,6.354340390556723,7,178.0,0.17589570307669056,6,204.0,0.40788228072497074,13,382.0
630.0,21,260.0,4.56140350877193,5.812390922402134,8,121.0,0.28006907361943806,13,228.0,0.2607218812444023,21,349.0
635.0,23,251.0,4.648148148148148,5.141539731001784,9,121.0,0.4386703170875754,14,245.0,0.2017670203801162,23,366.0
640.0,22,255.0,4.636363636363637,5.611338109681098,6,130.0,0.5133939781267388,16,243.0,0.28557984707361883,22,373.0
645.0,23,290.0,5.087719298245614,5.301485889689267,8,134.0,0.32890070517439046,15,271.0,0.3628893790278767,23,405.0
650.0,20,239.0,3.918032786885246,5.267391307636641,9,142.0,0.32823530012270846,11,240.0,0.2897299105249656,20,382.0
655.0,16,225.0,3.629032258064516,5.196341786870851,3,104.0,0.36590257146292277,13,267.0,0.2020094525182132,16,371.0
660.0,17,256.0,4.338983050847458,6.425703555586758,4,101.0,0.5057124160352491,13,282.0,0.2388405581613487,17,383.0
665.0,21,354.0,6.321428571428571,7.169871692686676,4,115.0,0.6123032985716392,17,338.0,0.19268894484518995,21,453.0
670.0,22,362.0,6.703703703703703,5.84274582910041,7,120.0,0.4515233674403048,15,361.0,0.1260449174488618,22,481.0
675.0,25,443.0,8.686274509803921,5.259561850199227,8,133.0,0.39138670098552325,17,389.0,0.1752206435346386,25,522.0
680.0,21,429.0,8.09433962264151,5.324447481115836,7,154.0,0.4386267627534369,14,385.0,0.2559350759446936,21,539.0
685.0,13,376.0,7.230769230769231,6.9543595488379575,4,148.0,0.5534407277754856,9,316.0,0.30757394601533733,13,464.0
690.0,15,223.0,4.12962962962963,6.0039108346683685,5,81.0,0.32725457313896483,10,293.0,0.27117819289320283,15,374.0
695.0,21,239.0,4.267857142857143,5.8529876226079285,12,126.0,0.19734136810036346,9,238.0,0.3746562811235381,21,364.0
700.0,17,206.0,3.9615384615384617,5.1662160685843155,9,159.0,0.2846239943372854,8,228.0,0.425073268069822,17,387.0
705.0,19,275.0,5.288461538461538,6.569160079721058,7,164.0,0.47751328815501715,12,225.0,0.4208249048791041,19,389.0
710.0,18,300.0,5.454545454545454,6.328707485981331,6,161.0,0.5665105513746447,12,258.0,0.18044069026028117,18,419.0
715.0,26,397.0,6.728813559322034,5.608997837803443,10,188.0,0.44359733841430754,16,301.0,0.11342882314174611,26,489.0
720.0,25,310.0,5.535714285714286,4.315894179204432,10,136.0,0.3672878608406584,15,321.0,0.08387622639123249,25,457.0
725.0,26,326.0,5.821428571428571,4.6475943432092555,17,162.0,0.21635162854185733,9,279.0,0.2816608772758583,26,441.0
730.0,27,257.0,4.508771929824562,4.272058237093125,21,220.0,0.16924342820141308,6,215.0,0.3408580495025606,27,435.0
735.0,22,224.0,3.7333333333333334,5.7112973428196385,12,227.0,0.2637741331809517,10,207.0,0.339188255349507,22,434.0
740.0,19,277.0,4.467741935483871,6.567372813250146,10,221.0,0.3896464032960116,9,219.0,0.34678596306939996,19,440.0
745.0,13,244.0,4.0,7.066788306646075,8,195.0,0.33589534760020284,5,191.0,0.4983227553809001,13,386.0
750.0,21,213.0,3.55,6.210117585465346,15,224.0,0.2160131809272675,6,148.0,0.4279165396233662,21,372.0
755.0,27,306.0,5.368421052631579,5.806947858220391,17,297.0,0.2245280256875633,10,157.0,0.4252693289986628,27,454.0
760.0,26,383.0,7.226415094339623,5.144301819409127,18,355.0,0.23921007297196029,8,189.0,0.4065929108467247,26,544.0
765.0,25,432.0,8.470588235294118,4.885672727165868,17,387.0,0.2020929094684907,8,198.0,0.34186866909529134,25,585.0
770.0,19,403.0,7.75,5.017454855943654,11,341.0,0.17603778831721228,8,200.0,0.22116271508473437,19,541.0
775.0,16,300.0,5.769230769230769,6.6476219909146455,10,263.0,0.2663415056104016,6,164.0,0.3722462468731829,16,427.0
780.0,16,154.0,2.9615384615384617,6.354857527845157,12,219.0,0.21513123474248022,4,107.0,0.4189301065084804,16,326.0
785.0,16,156.0,2.888888888888889,6.836457884050259,12,251.0,0.2589383838641039,4,68.0,0.6484118456129593,16,319.0
790.0,18,196.0,3.92,6.6211160401160996,14,265.0,0.3138357711017647,4,68.0,0.6125433331764785,18,333.0
795.0,16,202.0,4.04,6.184609254949338,11,266.0,0.35745270539896296,5,59.0,0.4848290787838715,16,325.0
800.0,21,290.0,5.471698113207547,5.705353761405448,14,316.0,0.2974265303194514,7,77.0,0.41330965267639036,21,393.0
805.0,24,300.0,5.172413793103448,5.160049657969498,13,311.0,0.2753128143279086,11,127.0,0.3155520527845772,24,438.0
810.0,17,271.0,4.672413793103448,6.714230311461599,9,237.0,0.4337582213534252,8,154.0,0.4568293591271578,17,391.0
815.0,18,249.0,4.368421052631579,6.479465174073244,10,205.0,0.31404315598457055,8,175.0,0.45910402075867446,18,380.0
820.0,17,191.0,3.293103448275862,5.812979111649678,11,159.0,0.18557085018329622,6,132.0,0.42534549331974897,17,291.0
825.0,22,270.0,4.655172413793103,5.7414751152512515,12,200.0,0.22381460668846584,10,140.0,0.41234173962975423,22,340.0
830.0,23,309.0,5.722222222222222,5.889213043508947,15,271.0,0.33680896543068345,8,149.0,0.447320359992025,23,420.0
835.0,19,292.0,5.509433962264151,5.327022150081756,12,275.0,0.3108815294300077,7,110.0,0.4553601963124042,19,385.0
840.0,15,238.0,4.327272727272727,5.146139431814118,8,229.0,0.3180297625685531,7,108.0,0.2843327853083267,15,337.0
845.0,17,272.0,4.610169491525424,6.37432804812811,9,248.0,0.32179197455223585,8,101.0,0.41273324924267163,17,349.0
850.0,20,273.0,4.706896551724138,6.126183507186211,13,262.0,0.20529829322578388,7,81.0,0.443918614903548,20,343.0
855.0,23,334.0,6.072727272727272,5.746133288670225,16,293.0,0.21251546024117515,7,98.0,0.47698973818274576,23,391.0
860.0,13,327.0,6.411764705882353,6.003161405994535,7,301.0,0.42603007529421194,6,97.0,0.3152767971807921,13,398.0
865.0,15,164.0,3.28,5.449510167702146,5,205.0,0.4446631321485808,10,107.0,0.13640324965599931,15,312.0
870.0,20,188.0,3.6862745098039214,4.809870297219725,11,127.0,0.2620416920728575,9,128.0,0.1155582182712752,20,255.0
875.0,18,175.0,3.4313725490196076,5.295222367083404,13,139.0,0.16919123889110824,5,117.0,0.39737326516263444,18,256.0
880.0,19,222.0,4.188679245283019,6.344966150604703,14,178.0,0.16144357330891973,5,128.0,0.5395452910100603,19,306.0
885.0,19,245.0,4.803921568627451,6.657261514615869,14,209.0,0.21089782132604373,5,129.0,0.6401416339380459,19,338.0
890.0,8,142.0,2.84,6.687258567171086,4,163.0,0.35739976160381787,4,121.0,0.4872729577215699,8,284.0
895.0,11,180.0,4.0,6.719204022308914,5,115.0,0.3895382149568002,6,126.0,0.3269848079482724,11,241.0
900.0,8,54.0,1.1020408163265305,6.672282309987039,4,83.0,0.35139935153887286,4,40.0,0.2291574945712409,8,123.0
905.0,13,87.0,1.6730769230769231,7.9064754337277545,7,97.0,0.32753295676800465,6,44.0,0.4752016379016699,13,141.0
910.0,11,104.0,2.122448979591837,8.144044681048344,6,92.0,0.3854603390639861,5,66.0,0.5986017007083786,11,158.0
915.0,12,125.0,2.840909090909091,8.044827767448268,6,78.0,0.40133151613257084,6,72.0,0.5269247344460328,12,150.0
920.0,13,116.0,2.761904761904762,5.2470163651401975,6,97.0,0.2416094629336503,7,57.0,0.1759839058911938,13,154.0
925.0,18,186.0,4.428571428571429,5.839477522825904,8,132.0,0.3253841343867154,10,91.0,0.2261057424913751,18,223.0
930.0,16,204.0,4.975609756097561,6.210263371781579,8,171.0,0.4289887144464668,8,87.0,0.30328121943949143,16,258.0
935.0,15,254.0,6.512820512820513,6.780213687799981,9,211.0,0.3715693029095726,6,84.0,0.515563748155396,15,295.0
940.0,12,169.0,4.121951219512195,6.2425424663259115,8,166.0,0.40673639845609744,4,74.0,0.4093272514818551,12,240.0
945.0,16,241.0,5.355555555555555,6.9524602362796255,11,213.0,0.2713898581391501,5,64.0,0.5543132129404178,16,277.0
950.0,14,205.0,4.361702127659575,6.520243404362621,9,201.0,0.2897579183730632,5,67.0,0.48586924184499214,14,268.0
955.0,14,209.0,4.446808510638298,7.0595266079292145,5,147.0,0.3923875056122326,9,104.0,0.34893503028454265,14,251.0
960.0,13,154.0,3.422222222222222,5.891730089503235,6,121.0,0.41722408070271333,7,130.0,0.12121060600457863,13,251.0
965.0,17,221.0,5.1395348837209305,6.266990988737708,10,117.0,0.2591397829645011,7,145.0,0.26759299653344176,17,262.0
970.0,16,191.0,4.775,4.835445127527572,10,147.0,0.14682547644649493,6,135.0,0.18420616290339617,16,282.0
975.0,17,239.0,5.558139534883721,6.113441596723431,12,192.0,0.2542344164393475,5,100.0,0.3907391563397827,17,292.0
980.0,12,178.0,4.45,6.379564950426364,8,194.0,0.42135354204650133,4,67.0,0.47455469057631633,12,261.0
985.0,8,162.0,3.857142857142857,8.349199746712875,3,150.0,0.5737697519748737,5,83.0,0.5515964917917038,8,233.0
990.0,11,95.0,2.0652173913043477,7.139452344420843,4,78.0,0.46353648888105237,7,111.0,0.42186571943402634,11,189.0
995.0,20,176.0,3.74468085106383,6.500779450631289,10,92.0,0.36673176298398585,10,158.0,0.3978300755762466,20,250.0
1000.0,16,179.0,3.7291666666666665,5.30719744648615,10,111.0,0.28831474310915584,6,158.0,0.4164611809558439,16,269.0
1005.0,12,171.0,3.489795918367347,6.452917378386275,6,94.0,0.3538409476661412,6,133.0,0.3895785311396751,12,227.0
1010.0,15,180.0,3.673469387755102,7.017498716364374,8,110.0,0.3792998234653503,7,121.0,0.2998256949517291,15,231.0
1015.0,14,224.0,4.392156862745098,6.932986070687482,6,129.0,0.34661549614985765,8,138.0,0.2372150364858796,14,267.0
1020.0,18,289.0,6.148936170212766,6.239369563102816,11,173.0,0.3933474774961459,7,153.0,0.2787478995755525,18,326.0
1025.0,14,273.0,5.934782608695652,7.056845390522849,8,161.0,0.4052608800190471,6,165.0,0.4347014011227576,14,326.0
1030.0,14,232.0,5.155555555555556,7.20766036682682,11,183.0,0.22933396933620787,3,110.0,0.6110133705583775,14,293.0
1035.0,16,240.0,4.8979591836734695,6.5986283903221015,11,200.0,0.2224697433106459,5,89.0,0.5096836358931048,16,289.0
1040.0,15,205.0,4.456521739130435,6.670964905505128,9,178.0,0.3564718818810664,6,50.0,0.4339150547842056,15,228.0
1045.0,13,253.0,5.75,6.943117631021433,6,203.0,0.43321275174937296,7,72.0,0.3751518301486164,13,275.0
1050.0,14,270.0,5.74468085106383,6.775571408966345,8,232.0,0.4687791393426467,6,67.0,0.2407072867170624,14,299.0
1055.0,17,277.0,5.653061224489796,7.2408273777576,8,226.0,0.5194092906035584,9,96.0,0.24665573781314404,17,322.0
1060.0,13,272.0,5.551020408163265,6.926955629779339,8,236.0,0.4506052109371365,5,86.0,0.3598312185323718,13,322.0
1065.0,14,127.0,2.4901960784313726,7.192998123370537,10,137.0,0.3561893874780188,4,57.0,0.514944156647675,14,194.0
1070.0,17,170.0,3.3333333333333335,6.45794183185009,12,148.0,0.1354947705333393,5,46.0,0.5862724024693402,17,194.0
1075.0,21,182.0,3.4339622641509435,5.77558736872825,15,170.0,0.12124676775028062,6,72.0,0.46455559944527924,21,242.0
1080.0,17,146.0,3.0416666666666665,5.55582086174482,9,156.0,0.24439428470650545,8,65.0,0.3187640216142186,17,221.0
1085.0,18,199.0,4.145833333333333,5.730311326916677,8,171.0,0.32133666138224404,10,103.0,0.30412158800666367,18,274.0
1090.0,16,184.0,3.9148936170212765,5.677050394008363,8,173.0,0.3332837913537398,8,110.0,0.2674539492975533,16,283.0
1095.0,18,224.0,4.977777777777778,5.416083632900558,8,182.0,0.233570087036317,10,101.0,0.3389530243191677,18,283.0
1100.0,15,228.0,4.851063829787234,5.643304839942591,7,178.0,0.18732326962290138,8,99.0,0.301137495201254,15,277.0
1105.0,13,174.0,3.8666666666666667,7.03413349416039,6,133.0,0.335009659108291,7,108.0,0.3390018622197505,13,241.0
1110.0,12,166.0,3.9523809523809526,7.300519236574,7,102.0,0.47290863197904154,5,118.0,0.39129200086349447,12,220.0
1115.0,13,194.0,4.511627906976744,7.487734022780032,6,106.0,0.5166085346210805,7,132.0,0.40255176823329336,13,238.0
1120.0,13,114.0,2.7804878048780486,6.609431975706005,8,88.0,0.42896274734364453,5,93.0,0.4652871887257123,13,181.0
1125.0,18,169.0,4.023809523809524,5.583102006787936,10,111.0,0.3330698219662884,8,91.0,0.3755610471274356,18,202.0
1130.0,20,208.0,4.7272727272727275,4.188812252860452,14,172.0,0.22727295626723895,6,84.0,0.30118000361367814,20,256.0
1135.0,19,205.0,4.555555555555555,5.341652636681814,14,191.0,0.26399751179873177,5,73.0,0.324951195336724,19,264.0
1140.0,12,172.0,4.0,6.206216071598759,8,185.0,0.3545532418689456,4,63.0,0.24624049962589314,12,248.0
1145.0,12,172.0,3.909090909090909,5.995375139365826,6,169.0,0.2674258667311591,6,56.0,0.2534263350600993,12,225.0
1150.0,14,178.0,3.869565217391304,6.71891667505814,10,175.0,0.3674231309114281,4,63.0,0.44038461553999964,14,238.0
1155.0,12,209.0,4.098039215686274,7.916547044815127,8,194.0,0.3543402107863248,4,61.0,0.6981234795768263,12,255.0
1160.0,10,200.0,4.081632653061225,8.128076374340008,8,204.0,0.3595154543844895,2,26.0,0.7522288697687913,10,230.0
1165.0,13,146.0,2.7547169811320753,7.963646638903161,9,185.0,0.34351219167359465,4,35.0,0.6459969404850667,13,220.0
1170.0,15,142.0,2.784313725490196,7.104760069504744,8,133.0,0.5164453625953827,7,65.0,0.40272970023354027,15,198.0
1175.0,17,174.0,3.48,6.504946319090559,8,152.0,0.4687286375869158,9,98.0,0.3906756883203476,17,250.0
1180.0,22,266.0,5.428571428571429,4.878144496785845,12,196.0,0.31489823802750666,10,129.0,0.2743120503807532,22,325.0
1185.0,22,243.0,4.86,4.123909354271847,13,225.0,0.1748039893709752,9,137.0,0.23393669913403212,22,362.0
1190.0,13,218.0,4.448979591836735,5.755943066211765,7,214.0,0.2085781903326635,6,110.0,0.31237041743680805,13,324.0
1195.0,12,140.0,2.857142857142857,5.315664071995206,6,168.0,0.20298185217497078,6,113.0,0.198524050846325,12,281.0
1200.0,20,200.0,3.7735849056603774,5.920395776773944,9,146.0,0.22911422125606626,11,147.0,0.31110572432366623,20,293.0
1205.0,16,182.0,3.7916666666666665,5.802817043056149,9,170.0,0.30089863149104107,7,119.0,0.4067406799276618,16,289.0
1210.0,12,205.0,4.270833333333333,6.534881851784817,4,153.0,0.36644815355002053,8,152.0,0.44909563476023856,12,305.0
1215.0,9,92.0,1.9166666666666667,7.002291248326848,2,82.0,0.5041244615685758,7,137.0,0.36689609502118625,9,219.0
1220.0,10,93.0,1.9375,7.837287559814684,5,51.0,0.4601887526137958,5,82.0,0.5133372015452325,10,133.0
1225.0,15,98.0,2.0416666666666665,7.048360558777951,8,84.0,0.3910366085530999,7,69.0,0.42093684974533474,15,153.0
1230.0,17,124.0,2.5833333333333335,6.3870427211192435,8,98.0,0.3952322930949415,9,76.0,0.3850199895469174,17,174.0
1235.0,11,108.0,2.5714285714285716,5.7990211377291105,3,63.0,0.42833107060446846,8,84.0,0.3407201261335849,11,147.0
1240.0,16,137.0,3.0444444444444443,5.72493273247289,7,58.0,0.39706868355726604,9,115.0,0.2507588985965302,16,173.0
1245.0,21,167.0,3.4791666666666665,6.0647457449592865,12,105.0,0.3010380711153263,9,129.0,0.31751544202475857,21,234.0
1250.0,14,176.0,3.8260869565217392,6.440027489106689,9,122.0,0.2749028670470501,5,103.0,0.477253484628271,14,225.0
1255.0,13,149.0,3.1041666666666665,6.131483093380908,6,115.0,0.22915918502507687,7,102.0,0.34174733887572295,13,217.0
1260.0,16,123.0,2.7333333333333334,6.465024958229292,5,93.0,0.3777398864802698,11,90.0,0.2641892731426382,16,183.0
1265.0,16,147.0,3.340909090909091,6.2333950955922575,7,85.0,0.45949441281938774,9,116.0,0.21801310692799045,16,201.0
1270.0,14,159.0,3.4565217391304346,6.425342356216882,5,80.0,0.4458038210232444,9,132.0,0.37148536480411226,14,212.0
1275.0,15,195.0,3.75,7.355147185798976,7,100.0,0.5598614111253396,8,153.0,0.47232727669164054,15,253.0
1280.0,14,179.0,3.3773584905660377,6.840153098627628,5,89.0,0.5164444469709748,9,166.0,0.4778989350475607,14,255.0
1285.0,12,115.0,2.2115384615384617,6.1911329272205755,3,58.0,0.4579070272692866,9,141.0,0.39257497958591,12,199.0
1290.0,14,100.0,1.8518518518518519,4.922387715893161,6,66.0,0.259610742757187,8,82.0,0.2557660577351376,14,148.0
1295.0,21,171.0,2.9482758620689653,4.869825219891312,12,98.0,0.17470226155620594,9,104.0,0.28888808123875287,21,202.0
1300.0,28,241.0,4.155172413793103,5.1224339997774875,15,139.0,0.24394439069570079,13,154.0,0.2933281314132367,28,293.0
1305.0,28,324.0,5.586206896551724,4.839404445196704,16,208.0,0.3556098967565402,12,190.0,0.22616759526483143,28,398.0
1310.0,26,370.0,6.379310344827586,5.364003958209236,14,243.0,0.27973465419597277,12,205.0,0.38943070620957526,26,448.0
1315.0,18,279.0,4.65,5.6374742607397135,8,216.0,0.24850260524118997,10,213.0,0.3527147225951045,18,429.0
1320.0,14,199.0,3.262295081967213,6.233687384130913,9,202.0,0.2421206167870691,5,166.0,0.423837175624371,14,368.0
1325.0,16,141.0,2.203125,5.873585775492833,11,215.0,0.22785614730799927,5,89.0,0.36192183045384746,16,304.0
1330.0,23,218.0,3.5737704918032787,6.134600333949842,13,235.0,0.2970506967327177,10,99.0,0.3824989175614019,23,334.0
1335.0,20,255.0,4.396551724137931,5.982989556924329,9,195.0,0.3828071767963031,11,120.0,0.27661868304939524,20,315.0
1340.0,17,196.0,3.5,5.736131094175102,10,170.0,0.2966010660598541,7,114.0,0.12606830238516842,17,284.0
1345.0,21,203.0,3.690909090909091,5.185331188351342,13,151.0,0.18243360717564047,8,134.0,0.23173001795198522,21,285.0
1350.0,23,231.0,4.2,5.708804724260889,13,180.0,0.2628812894989358,10,145.0,0.4032791801139734,23,325.0
1355.0,22,283.0,5.2407407407407405,6.2236723888319645,13,207.0,0.36742791105246336,9,169.0,0.47447046742165694,22,376.0
1360.0,18,282.0,5.529411764705882,5.7241002263105285,11,215.0,0.2639750408731299,7,167.0,0.48304980600360875,18,382.0
1365.0,22,373.0,7.46,5.118784358503991,14,240.0,0.1020107820971629,8,198.0,0.33755288101373,22,438.0
1370.0,21,291.0,5.290909090909091,5.190094817844479,13,254.0,0.1713404735546009,8,188.0,0.2766153532789896,21,442.0
1375.0,14,260.0,4.814814814814815,7.729219280143599,6,178.0,0.43601373454412556,8,179.0,0.4448336291415072,14,357.0
1380.0,12,130.0,2.6530612244897958,7.557929140651937,5,119.0,0.4936804337638983,7,105.0,0.4466478375886933,12,224.0
1385.0,15,200.0,4.0,7.863835648291297,5,104.0,0.5480132886949031,10,144.0,0.35670684025429444,15,248.0
1390.0,18,169.0,3.4489795918367347,6.175700783552136,7,92.0,0.4391794998400458,11,168.0,0.26156816264465016,18,260.0
1395.0,18,212.0,4.416666666666667,6.456149769210771,6,73.0,0.4819627072094156,12,174.0,0.22514918832008307,18,247.0
1400.0,17,165.0,3.6666666666666665,5.672281166876745,7,77.0,0.4181868485932086,10,163.0,0.2106367793228077,17,240.0
1405.0,14,186.0,4.043478260869565,6.553045089892774,8,109.0,0.36858787920961855,6,149.0,0.4094220023475895,14,258.0
1410.0,12,85.0,1.8478260869565217,6.481994915602687,8,97.0,0.4166980297369613,4,112.0,0.4574748363972669,12,209.0
1415.0,14,112.0,2.5454545454545454,6.992785082881568,8,83.0,0.40343350284232826,6,98.0,0.46973401339682797,14,181.0
1420.0,15,119.0,2.7674418604651163,6.476692833708172,7,82.0,0.45198220258539035,8,112.0,0.30854850829026514,15,194.0
1425.0,12,135.0,2.872340425531915,7.273612857192742,5,78.0,0.4643865935291724,7,112.0,0.42144536160150764,12,190.0
1430.0,14,89.0,1.934782608695652,6.195917009096662,7,78.0,0.395044614813475,7,112.0,0.4223302947858294,14,190.0
1435.0,15,126.0,2.739130434782609,6.772394520974138,9,91.0,0.3380283223901625,6,96.0,0.4798910342809831,15,187.0
1440.0,15,126.0,2.625,5.312824938950599,8,116.0,0.14772083233814956,7,102.0,0.3859884334732645,15,218.0
1445.0,19,197.0,4.020408163265306,6.7969385014084756,9,125.0,0.30577278529020235,10,139.0,0.36659725991154735,19,264.0
1450.0,17,218.0,4.541666666666667,6.144600522420114,9,145.0,0.3165569707432653,8,157.0,0.32743346785430993,17,302.0
1455.0,15,236.0,5.130434782608695,7.194503899316292,6,140.0,0.37179385925402947,9,168.0,0.4276225076463684,15,308.0
1460.0,13,173.0,3.8444444444444446,6.194260480001024,6,101.0,0.2628201998160403,7,159.0,0.4795304923993209,13,260.0
1465.0,18,256.0,5.333333333333333,7.037089291825564,9,146.0,0.3508592570866124,9,188.0,0.474355438767584,18,334.0
1470.0,17,249.0,5.297872340425532,5.536960279102739,8,140.0,0.3279316929645018,9,216.0,0.3341993883730851,17,356.0
1475.0,19,324.0,6.48,6.301205169879721,7,155.0,0.442490556591913,12,238.0,0.24367119319187025,19,393.0
1480.0,18,281.0,5.509803921568627,6.077799014538218,6,122.0,0.5470955628342549,12,270.0,0.19518572709400156,18,392.0
1485.0,14,277.0,4.946428571428571,7.845865297334164,6,122.0,0.6630755551266753,8,267.0,0.30229943029996126,14,389.0
1490.0,13,139.0,2.673076923076923,6.056543481750074,6,99.0,0.44763312629277857,7,211.0,0.3206307865373148,13,310.0
1495.0,20,145.0,2.685185185185185,6.362762322414751,9,75.0,0.3719865577839279,11,135.0,0.3538711425312231,20,210.0
1500.0,19,142.0,2.581818181818182,5.24634985372504,10,89.0,0.32630865624499505,9,152.0,0.2984901767157039,19,241.0
1505.0,21,205.0,3.5344827586206895,5.558733078017396,9,110.0,0.3555524640129176,12,176.0,0.2830307777662562,21,286.0
1510.0,17,194.0,3.5272727272727273,6.536595408922272,7,117.0,0.4524007792457239,10,176.0,0.29509585696821594,17,293.0
1515.0,15,169.0,3.017857142857143,7.204589207793069,11,121.0,0.3815057333086022,4,122.0,0.3857923520905854,15,243.0
1520.0,17,187.0,3.462962962962963,5.6797076456607165,11,136.0,0.21069884018619559,6,111.0,0.34074083219288126,17,247.0
1525.0,23,298.0,5.96,6.1175318484645,14,182.0,0.2616727209780079,9,149.0,0.39519303000631145,23,331.0
1530.0,17,274.0,5.829787234042553,5.58221020142677,12,218.0,0.22072393795863324,5,130.0,0.4256971221502315,17,348.0
1535.0,14,271.0,6.022222222222222,6.507073414874105,7,204.0,0.3629044919832479,7,141.0,0.29477652427017087,14,345.0
1540.0,14,171.0,3.5625,6.8196646736680755,8,197.0,0.3798210030647908,6,117.0,0.4098629129421206,14,314.0
1545.0,18,191.0,3.7450980392156863,6.980680322975573,12,187.0,0.3730346388636944,6,91.0,0.48097546722038165,18,278.0
1550.0,13,155.0,3.2291666666666665,5.704290892146797,9,180.0,0.3977764214942085,4,101.0,0.44424906375916545,13,281.0
1555.0,16,199.0,4.061224489795919,6.507852566187379,10,160.0,0.42079042395532534,6,113.0,0.4401403177925696,16,273.0
1560.0,17,212.0,4.1568627450980395,5.118553195520851,11,173.0,0.28071930771847414,6,120.0,0.35730279193577535,17,293.0
1565.0,16,230.0,4.2592592592592595,7.054676422503421,10,148.0,0.38638258366210265,6,135.0,0.44510198152256153,16,283.0
1570.0,17,113.0,2.0925925925925926,5.752758933631504,10,142.0,0.30579640009696885,7,66.0,0.2816825159675278,17,208.0
1575.0,22,203.0,3.56140350877193,6.812015741856115,15,186.0,0.2680067590827364,7,79.0,0.5689277179322473,22,265.0
1580.0,21,235.0,4.351851851851852,6.072587658208425,16,215.0,0.280925120643939,5,71.0,0.592542058805686,21,286.0
1585.0,17,297.0,5.711538461538462,6.361091904548729,11,230.0,0.31286956399574106,6,95.0,0.5322866097339992,17,325.0
1590.0,22,240.0,4.444444444444445,3.8507001395131852,12,232.0,0.17783550366639436,10,93.0,0.121447407337642,22,325.0
1595.0,23,240.0,4.363636363636363,5.080009299331223,15,239.0,0.19939342542044994,8,70.0,0.26081204980443695,23,309.0
1600.0,20,281.0,5.203703703703703,4.680098516601934,13,278.0,0.1923802895947341,7,89.0,0.31071492212340707,20,367.0
1605.0,22,357.0,6.490909090909091,6.262575147148053,12,302.0,0.3618436690746442,10,125.0,0.36195270072676966,22,427.0
1610.0,20,302.0,5.206896551724138,5.88931150540324,12,311.0,0.3992600921228966,8,132.0,0.27073276196087404,20,443.0
1615.0,23,291.0,4.932203389830509,6.423637022292236,12,326.0,0.3692736372545108,11,164.0,0.421588593469545,23,490.0
1620.0,24,305.0,5.446428571428571,4.681305474602271,16,357.0,0.23537724253411157,8,162.0,0.3342820853182452,24,519.0
1625.0,24,337.0,6.2407407407407405,5.196998916394476,17,396.0,0.12209999192962882,7,125.0,0.45948300889819566,24,521.0
1630.0,27,305.0,5.754716981132075,4.025567598721191,18,407.0,0.031791049952218105,9,147.0,0.3093867277102205,27,554.0
1635.0,28,399.0,7.125,5.303823667842648,17,429.0,0.18329221343880128,11,179.0,0.32880559509786683,28,608.0
1640.0,22,300.0,5.2631578947368425,5.520648472059348,13,444.0,0.3011827218383055,9,171.0,0.33013211495056255,22,615.0
1645.0,20,281.0,4.762711864406779,5.974544653777238,8,375.0,0.3243902504543031,12,152.0,0.3393925313141588,20,527.0
1650.0,18,227.0,3.913793103448276,6.356005206725447,8,275.0,0.3849969601460172,10,157.0,0.3500453746241115,18,432.0
1655.0,14,135.0,2.2131147540983607,6.895085617896186,8,175.0,0.43544839216899,6,119.0,0.3909927982959487,14,294.0
1660.0,16,194.0,3.4642857142857144,6.251899293416254,8,212.0,0.40320198755025255,8,115.0,0.33635734280191354,16,327.0
1665.0,19,226.0,4.109090909090909,6.067741313843187,11,259.0,0.36560704310705655,8,106.0,0.31018018195225733,19,365.0
1670.0,18,222.0,3.9642857142857144,5.789000814213289,12,276.0,0.27320138294127777,6,113.0,0.41211907579949103,18,389.0
1675.0,24,312.0,5.571428571428571,5.991498270843057,16,296.0,0.222433891616025,8,135.0,0.4412073016538458,24,431.0
1680.0,21,275.0,4.661016949152542,5.54821182175382,14,258.0,0.30065067461308276,7,151.0,0.31856573487461215,21,409.0
1685.0,18,309.0,5.327586206896552,6.657513472770445,11,267.0,0.4180896543502715,7,154.0,0.3537920297916864,18,421.0
1690.0,20,263.0,4.781818181818182,6.473083199656267,11,291.0,0.33105257168734753,9,121.0,0.3699610612466631,20,412.0
1695.0,24,372.0,6.642857142857143,6.55854419036596,13,344.0,0.3573642019299452,11,141.0,0.383654994837697,24,485.0
1700.0,23,363.0,6.482142857142857,5.7016391271762545,14,339.0,0.35033412075157877,9,154.0,0.3998928721713752,23,493.0
1705.0,22,267.0,4.767857142857143,5.383467882955756,11,294.0,0.3591526785159592,11,176.0,0.4083440204877611,22,470.0
1710.0,22,272.0,4.689655172413793,3.976499432355854,12,271.0,0.2425771398065954,10,188.0,0.3263637828710012,22,459.0
1715.0,23,284.0,4.655737704918033,5.188000723740218,14,280.0,0.27624494364403995,9,189.0,0.42451126880772,23,469.0
1720.0,23,242.0,3.723076923076923,5.190117458572781,13,289.0,0.25671025673194237,10,172.0,0.37614644006865877,23,461.0
1725.0,29,237.0,3.485294117647059,4.562160280462994,15,302.0,0.1795818811274076,14,157.0,0.3268298744597304,29,459.0
1730.0,30,291.0,4.279411764705882,5.205599097832897,14,310.0,0.21358969760778238,16,206.0,0.3343728973733667,30,516.0
1735.0,30,354.0,5.446153846153846,4.496536128971698,17,335.0,0.14188678983937925,13,230.0,0.2647549932663839,30,565.0
1740.0,26,329.0,4.838235294117647,4.4064843316982065,14,312.0,0.154267532969057,12,233.0,0.23295397946952548,26,545.0
1745.0,31,404.0,5.9411764705882355,5.083073643476588,15,339.0,0.35966403334342256,16,270.0,0.2078183413075545,31,609.0
1750.0,32,404.0,5.9411764705882355,5.060574950967504,16,368.0,0.3820950567901362,16,287.0,0.2203008149185497,32,655.0
1755.0,32,400.0,5.797101449275362,4.647831492697044,16,373.0,0.3128446412489091,16,272.0,0.23948059920073753,32,645.0
1760.0,34,489.0,6.791666666666667,4.899781700161312,20,409.0,0.2638748150867062,14,300.0,0.2775482121581599,34,709.0
1765.0,29,417.0,5.873239436619718,4.862100153060132,18,426.0,0.15990440238152742,11,275.0,0.3739307564841834,29,701.0
1770.0,22,292.0,4.294117647058823,4.938405004075114,13,389.0,0.19337784237907754,9,223.0,0.31332990138391204,22,612.0
1775.0,25,300.0,4.477611940298507,4.695551730582984,10,365.0,0.234807587784171,15,213.0,0.2020703237383484,25,578.0
1780.0,32,274.0,4.151515151515151,4.220551847253844,14,331.0,0.20211521432696475,18,254.0,0.16394976780456447,32,585.0
1785.0,29,382.0,5.96875,4.61804868048957,12,357.0,0.31362900882273803,17,303.0,0.2373687252220877,29,660.0
1790.0,27,414.0,6.46875,5.163992247466728,11,333.0,0.36076709341129176,16,321.0,0.2376577192346829,27,654.0
1795.0,20,289.0,4.816666666666666,5.910107857497068,10,300.0,0.28948366100212497,10,283.0,0.3311541566874254,20,583.0
1800.0,20,221.0,3.9464285714285716,4.67736422571702,12,276.0,0.09406666887448101,8,238.0,0.3102081173360418,20,514.0
1805.0,28,304.0,5.333333333333333,4.333429866971049,14,321.0,0.15719456400790818,14,236.0,0.2385790923258343,28,557.0
1810.0,25,373.0,6.543859649122807,4.529861165538053,10,339.0,0.3335899744192783,15,256.0,0.16826213670499804,25,595.0
1815.0,19,351.0,6.157894736842105,5.431085877339116,7,295.0,0.4024197015577413,12,234.0,0.18171579227778012,19,529.0
1820.0,20,321.0,5.440677966101695,5.89446976032672,9,215.0,0.3388654921114081,11,250.0,0.3078479078806585,20,465.0
1825.0,26,387.0,6.7894736842105265,5.391139176224315,13,262.0,0.2511069249077382,13,239.0,0.35863654962918906,26,501.0
1830.0,23,357.0,6.0508474576271185,5.1698121630798894,12,301.0,0.2920178903243594,11,227.0,0.377925679355648,23,528.0
1835.0,24,400.0,6.666666666666667,5.787129670473662,10,293.0,0.3721289403750225,14,215.0,0.2794027250413421,24,508.0
1840.0,22,269.0,4.26984126984127,5.203521385741202,7,201.0,0.39006620027511363,15,240.0,0.10531936656656134,22,441.0
1845.0,24,293.0,4.650793650793651,6.261030625991534,13,195.0,0.412347427637211,11,228.0,0.24745028661056798,24,423.0
1850.0,22,274.0,4.419354838709677,5.085741687148634,13,225.0,0.31656191642940085,9,218.0,0.262372799898699,22,443.0
1855.0,20,307.0,4.582089552238806,6.141983468064778,9,233.0,0.4184764401183778,11,206.0,0.2494752836687752,20,439.0
1860.0,22,313.0,4.890625,5.776860270310839,11,225.0,0.40150529629008636,11,224.0,0.23029963105039977,22,449.0
1865.0,19,346.0,5.766666666666667,6.045568033939713,12,244.0,0.3474968464752226,7,213.0,0.31665306047863667,19,457.0
1870.0,23,291.0,5.290909090909091,4.396419724079276,14,277.0,0.12080249548887086,9,154.0,0.3437352568901083,23,431.0
1875.0,22,307.0,5.482142857142857,5.307692701368359,12,296.0,0.14325047754997877,10,147.0,0.43213993755002705,22,443.0
1880.0,22,241.0,4.547169811320755,4.410751581931568,13,254.0,0.18886262056588773,9,167.0,0.38558851508010605,22,421.0
1885.0,25,259.0,4.625,5.037010050729053,12,208.0,0.31780945554617673,13,187.0,0.3161989606360727,25,395.0
1890.0,27,287.0,4.864406779661017,3.984294111239394,11,236.0,0.28662625776126627,16,212.0,0.23672896223381948,27,448.0
1895.0,23,329.0,5.576271186440678,5.114671852531251,13,248.0,0.21745077029286258,10,198.0,0.3754419918734092,23,446.0
1900.0,22,253.0,4.216666666666667,5.028575170598091,12,242.0,0.19441874278931834,10,193.0,0.39684837341433943,22,435.0
1905.0,21,266.0,4.15625,5.702629017384468,7,199.0,0.3853016926572263,14,220.0,0.2758077913978145,21,419.0
1910.0,22,265.0,4.274193548387097,5.261966225390403,5,151.0,0.427903709387274,17,269.0,0.23768408929761414,22,420.0
1915.0,22,319.0,4.984375,5.5063107208462885,11,186.0,0.33154417628444555,11,301.0,0.2837045410314244,22,487.0
1920.0,25,319.0,4.907692307692308,4.64906073907485,11,204.0,0.17433421930943602,14,290.0,0.3022817319656124,25,494.0
1925.0,25,371.0,5.707692307692308,5.300444006694542,8,197.0,0.31838933008934545,17,319.0,0.26278566240362833,25,516.0
1930.0,24,278.0,4.483870967741935,4.978775759864365,5,149.0,0.5037470327615133,19,349.0,0.1393662270356805,24,498.0
1935.0,31,301.0,4.703125,5.107808242284017,11,109.0,0.33234877430213344,20,330.0,0.20416747259891943,31,439.0
1940.0,30,316.0,5.180327868852459,4.315917815671559,11,122.0,0.2744236033160669,19,376.0,0.24996936598885405,30,498.0
1945.0,28,329.0,4.984848484848484,4.727301562664615,15,160.0,0.20969937287408086,13,356.0,0.27162162940770085,28,516.0
1950.0,30,293.0,4.507692307692308,4.261090916744562,15,195.0,0.16821903400962984,15,356.0,0.27228067029422504,30,551.0
1955.0,21,251.0,3.6911764705882355,5.790573770074563,5,184.0,0.40739329564778615,16,360.0,0.25260448989187345,21,544.0
1960.0,23,256.0,3.8208955223880596,5.693735095701653,6,151.0,0.47511789995426373,17,374.0,0.18982384099078475,23,525.0
1965.0,24,261.0,3.9545454545454546,4.831354898244438,7,133.0,0.38562861168107687,17,388.0,0.13302929409776734,24,521.0
1970.0,31,317.0,5.112903225806452,4.107154726047962,12,167.0,0.3440801912451496,19,402.0,0.08267752355296672,31,569.0
1975.0,24,271.0,4.301587301587301,4.680281553390838,12,186.0,0.26352246972319127,12,337.0,0.2105090320646239,24,523.0
1980.0,16,248.0,3.9365079365079363,5.337445324019352,6,154.0,0.2602880667734313,10,355.0,0.23721325052328893,16,509.0
1985.0,21,240.0,3.870967741935484,5.579733516841527,6,139.0,0.3843118908757316,15,386.0,0.18791136733059305,21,525.0
1990.0,24,325.0,5.416666666666667,4.8132943433350865,11,150.0,0.2972507087281591,13,406.0,0.18838017879197408,24,556.0
1995.0,23,370.0,6.491228070175438,5.195347266799414,14,174.0,0.24537614652097647,9,357.0,0.35558770854453087,23,531.0
2000.0,16,249.0,4.446428571428571,5.850478121072228,8,161.0,0.22415867138692985,8,282.0,0.41555722921615523,16,443.0
2005.0,14,166.0,2.9642857142857144,6.482889470079722,7,151.0,0.3706720176685939,7,196.0,0.3805361052238911,14,347.0
2010.0,21,229.0,3.8813559322033897,6.01474999606189,10,156.0,0.37250023443848046,11,210.0,0.3182075148733737,21,366.0
2015.0,23,267.0,4.603448275862069,5.10137557035336,14,157.0,0.31734893264708164,9,224.0,0.3422597956199302,23,381.0
2020.0,17,265.0,4.907407407407407,5.722585669196524,10,147.0,0.20945912504817985,7,216.0,0.47656181497174305,17,363.0
2025.0,15,306.0,5.464285714285714,5.390103949672101,7,153.0,0.20119736896874277,8,237.0,0.28117781637440736,15,390.0
2030.0,20,341.0,5.683333333333334,5.696001700861141,8,143.0,0.23143449530860827,12,288.0,0.20987278897276793,20,431.0
2035.0,22,389.0,6.824561403508772,5.932856611668732,11,168.0,0.33059506300752356,11,328.0,0.2885602685000345,22,496.0
2040.0,17,426.0,8.352941176470589,6.263481830581736,10,197.0,0.2541681348397391,7,332.0,0.5233053475331395,17,529.0
2045.0,17,322.0,6.708333333333333,5.585022929053572,9,187.0,0.21267246915748983,8,272.0,0.4007531544092265,17,459.0
2050.0,17,274.0,5.591836734693878,5.711119991139212,7,153.0,0.25417585991737146,10,187.0,0.3272419022357212,17,340.0
2055.0,22,350.0,7.291666666666667,5.623485787443386,11,187.0,0.32655134134336994,11,232.0,0.2757430654778441,22,419.0
2060.0,21,348.0,7.565217391304348,5.8534995358546,7,142.0,0.47406150002404485,14,271.0,0.3085889348844557,21,413.0
2065.0,21,386.0,8.212765957446809,4.877910743665065,11,165.0,0.3242109090515404,10,286.0,0.2559710197752076,21,451.0
2070.0,17,396.0,8.25,5.268692524740806,9,180.0,0.31238644078191574,8,280.0,0.23823445655496206,17,460.0
2075.0,14,226.0,4.808510638297872,5.364710550685545,8,175.0,0.30070487670400703,6,166.0,0.17422935513894514,14,341.0
2080.0,18,168.0,3.574468085106383,6.204542432757435,7,133.0,0.41449772911273813,11,109.0,0.24642660595912128,18,242.0
2085.0,17,189.0,3.78,6.242427357453338,9,94.0,0.39534234785928357,8,134.0,0.2880931018540753,17,228.0
2090.0,13,166.0,3.4583333333333335,7.2742431621452,8,95.0,0.42518539931382887,5,121.0,0.5058269774434428,13,216.0
2095.0,17,189.0,4.0212765957446805,6.838099744475684,10,112.0,0.2949817733328668,7,111.0,0.4478250368360057,17,223.0
2100.0,20,218.0,4.36,5.919376644358123,10,124.0,0.2916274878165604,10,159.0,0.25082704235894804,20,283.0
2105.0,14,209.0,4.354166666666667,6.548908507272162,6,100.0,0.45644378888445014,8,173.0,0.22561046473166577,14,273.0
2110.0,16,223.0,4.955555555555556,5.8901526657145,5,81.0,0.42839841677159696,11,201.0,0.19800051263852575,16,282.0
2115.0,16,238.0,5.173913043478261,6.1454132625165165,9,112.0,0.28498840076018656,7,191.0,0.314407452151408,16,303.0
2120.0,16,244.0,5.191489361702128,6.524714914128226,10,130.0,0.22838533479656298,6,166.0,0.43037071511168146,16,296.0
2125.0,10,153.0,3.477272727272727,7.085946737485123,4,116.0,0.3183724001062588,6,137.0,0.2833529834185028,10,253.0
2130.0,8,129.0,3.0,7.3461323018683515,2,86.0,0.5498278321128424,6,87.0,0.2618621645995721,8,173.0
2135.0,10,136.0,3.4871794871794872,7.7251069394281675,4,99.0,0.6130349822326645,6,84.0,0.34451588089390567,10,183.0
2140.0,14,193.0,5.216216216216216,6.940304702548929,8,130.0,0.4261650636187461,6,108.0,0.5049370479861484,14,238.0
2145.0,10,178.0,4.8108108108108105,5.778644351967719,7,149.0,0.26188985798677733,3,86.0,0.4818935309428023,10,235.0
2150.0,13,231.0,5.923076923076923,6.869143637165019,6,162.0,0.3812335069956173,7,87.0,0.3365723926902329,13,249.0
2155.0,11,120.0,3.0,6.642119635507702,7,123.0,0.35594002155105187,4,75.0,0.2515113379818462,11,198.0
2160.0,11,134.0,3.0454545454545454,8.361934010423393,6,78.0,0.48450693736858697,5,87.0,0.4744229927298016,11,165.0
2165.0,9,104.0,2.3636363636363638,8.34595520967041,5,79.0,0.5399005093412022,4,74.0,0.5930575089661744,9,153.0
2170.0,10,126.0,3.0,8.671021004540084,6,108.0,0.5469697106202351,4,44.0,0.6643091574313891,10,152.0
2175.0,12,125.0,2.717391304347826,7.516389798038237,5,101.0,0.41382421030644834,7,68.0,0.5916168161301808,12,169.0
2180.0,14,189.0,4.0212765957446805,6.899093604476742,6,100.0,0.4073780804883372,8,106.0,0.45830765827073805,14,206.0
2185.0,20,202.0,4.04,5.6426766979275556,8,104.0,0.34998409045413253,12,133.0,0.27983058370057506,20,237.0
2190.0,20,284.0,5.461538461538462,6.234313252134732,7,129.0,0.4762161898393727,13,173.0,0.23583105243426683,20,302.0
2195.0,20,289.0,5.78,5.6223023994407075,9,163.0,0.4977385228711548,11,181.0,0.2704634868067613,20,344.0
2200.0,16,278.0,5.56,5.616693585931225,6,175.0,0.3469712662440457,10,153.0,0.3662827007093903,16,328.0
2205.0,18,279.0,5.470588235294118,5.943128509906073,9,187.0,0.24059112015461898,9,135.0,0.3325268914749902,18,322.0
2210.0,23,243.0,4.673076923076923,5.733451412632132,10,159.0,0.3132606346404814,13,148.0,0.19497436871553095,23,307.0
2215.0,23,270.0,5.510204081632653,5.4958349193411715,8,127.0,0.4385139692721063,15,198.0,0.16427221872109912,23,325.0
2220.0,19,279.0,6.065217391304348,5.659695580650438,7,143.0,0.49395778198088974,12,226.0,0.23823771508177743,19,369.0
2225.0,17,257.0,5.976744186046512,4.4057946255750835,8,146.0,0.3562466309792169,9,231.0,0.2262840632581698,17,377.0
2230.0,21,231.0,5.021739130434782,4.846257677780111,10,116.0,0.2713795592965531,11,215.0,0.2750123293075922,21,331.0
2235.0,22,211.0,3.981132075471698,5.152987779938499,13,161.0,0.14545280083702022,9,191.0,0.3790300948459094,22,352.0
2240.0,22,245.0,4.454545454545454,6.206225493183384,11,185.0,0.2901412748976711,11,169.0,0.44226793905242384,22,354.0
2245.0,18,269.0,4.981481481481482,6.15911959172662,8,171.0,0.3696974424326525,10,183.0,0.3685080334062548,18,354.0
2250.0,19,245.0,4.298245614035087,5.795291944609206,5,144.0,0.39649889558539075,14,183.0,0.2914248695690019,19,327.0
2255.0,19,244.0,4.280701754385965,5.777237717456913,6,111.0,0.40007203132183466,13,215.0,0.32000714649645967,19,326.0
2260.0,14,192.0,3.5555555555555554,5.86151164132864,6,82.0,0.4045363236480286,8,205.0,0.3085480208003308,14,287.0
2265.0,22,150.0,2.6785714285714284,5.208818169064009,9,101.0,0.2782713095035193,13,175.0,0.22061686011272508,22,276.0
2270.0,24,208.0,3.586206896551724,4.785570572472846,10,118.0,0.20494218016377,14,199.0,0.2177139104999433,24,317.0
2275.0,22,253.0,4.43859649122807,5.492857266674776,7,106.0,0.42703836735987477,15,245.0,0.26247666165272243,22,351.0
2280.0,21,283.0,4.879310344827586,5.742463969556221,8,115.0,0.4286052819806402,13,248.0,0.26092246720926004,21,363.0
2285.0,16,228.0,3.864406779661017,5.680928372913653,5,107.0,0.4258191277914335,11,252.0,0.23814894601651324,16,359.0
2290.0,20,232.0,3.9322033898305087,6.102231801237956,6,117.0,0.33515143362159194,14,242.0,0.35326585147156364,20,359.0
2295.0,22,310.0,5.43859649122807,5.779384315164745,11,164.0,0.37329375938019255,11,270.0,0.3538689697289507,22,434.0
2300.0,20,314.0,5.709090909090909,5.572595392985622,7,159.0,0.31965101846562316,13,285.0,0.334556675826513,20,444.0
2305.0,16,351.0,6.051724137931035,6.05650179470917,6,127.0,0.3716641463070267,10,298.0,0.2972636036936765,16,425.0
2310.0,19,375.0,6.147540983606557,6.032317906010648,4,105.0,0.4485444787203744,15,333.0,0.19334881560675224,19,438.0
2315.0,24,448.0,7.344262295081967,6.636088815207705,7,81.0,0.6150122309012105,17,405.0,0.19790300489490467,24,486.0
2320.0,18,467.0,7.915254237288136,6.4117220065042355,4,86.0,0.5766467234986585,14,441.0,0.2347415021256078,18,527.0
2325.0,19,390.0,6.724137931034483,5.652461452253484,5,82.0,0.48252116135722484,14,427.0,0.21726942893622606,19,509.0
2330.0,25,386.0,6.433333333333334,5.350698456222514,9,112.0,0.339034561329232,16,367.0,0.2552083638349775,25,479.0
2335.0,26,480.0,8.0,5.2756802883334055,10,150.0,0.2821612746589571,16,422.0,0.2674622836634314,26,572.0
2340.0,19,499.0,8.457627118644067,5.698052867820922,9,174.0,0.30731543058503497,10,426.0,0.32490286329739065,19,600.0
2345.0,22,469.0,8.375,5.369455577800735,11,209.0,0.24583870754495424,11,406.0,0.27016642867600144,22,615.0
2350.0,21,344.0,6.254545454545455,5.412013926200341,9,222.0,0.3623011780741954,12,336.0,0.20346302653478326,21,558.0
2355.0,21,425.0,7.87037037037037,5.756903488402651,9,238.0,0.4114336158626293,12,305.0,0.24280707818265918,21,543.0
2360.0,19,346.0,6.528301886792453,6.268614702986187,8,249.0,0.5155286284731453,11,283.0,0.24094635812148996,19,532.0
2365.0,19,408.0,7.418181818181818,6.0681399185707905,5,235.0,0.4977018800610189,14,296.0,0.28594762712692634,19,531.0
2370.0,19,281.0,4.4603174603174605,6.403274197569403,9,178.0,0.4738800493402683,10,271.0,0.3771822197375947,19,449.0
2375.0,22,288.0,4.298507462686567,7.798770656574699,10,134.0,0.4868390596598662,12,300.0,0.5081782231029105,22,434.0
2380.0,25,322.0,4.8059701492537314,5.656721898910136,12,161.0,0.3468289553806379,13,313.0,0.36380167706325445,25,474.0
2385.0,32,410.0,6.3076923076923075,4.107094926796858,16,204.0,0.24259334002543056,16,337.0,0.20742818585468623,32,541.0
2390.0,36,373.0,5.828125,3.1842036159644773,17,246.0,0.1954132529568652,19,342.0,0.15363306607082947,36,588.0
2395.0,25,287.0,4.629032258064516,4.0379385824752765,13,252.0,0.21207435058390114,12,289.0,0.10193966721631648,25,541.0
2400.0,26,309.0,4.904761904761905,4.076499021274272,13,285.0,0.21641627953442302,13,321.0,0.0980278699057754,26,606.0
2405.0,29,327.0,5.109375,4.2399832342255666,12,302.0,0.17387533718581313,17,364.0,0.16106642789783446,29,666.0
2410.0,33,393.0,6.442622950819672,3.909983259772635,17,303.0,0.18154237889392222,16,379.0,0.27541727633291324,33,682.0
2415.0,27,420.0,7.11864406779661,4.047102869799538,19,325.0,0.09199640885495952,8,326.0,0.3907288882050019,27,651.0
2420.0,24,398.0,6.862068965517241,4.580272625922002,17,360.0,0.11100517436774145,7,249.0,0.41623944064498486,24,609.0
2425.0,20,361.0,6.016666666666667,5.048201770068732,10,353.0,0.2699680344124987,10,232.0,0.27262379959153293,20,585.0
2430.0,21,253.0,4.080645161290323,4.924538159454166,10,336.0,0.3418784143605816,11,195.0,0.19069603394757376,21,531.0
2435.0,27,289.0,4.587301587301587,5.903260168339603,12,317.0,0.3906781853351762,15,155.0,0.27547272632675296,27,472.0
2440.0,27,222.0,3.4153846153846152,4.8789950967874045,12,298.0,0.29552183840809415,15,178.0,0.22011828611610426,27,476.0
2445.0,25,235.0,3.7301587301587302,5.627516774126826,17,301.0,0.22625202156532745,8,162.0,0.36893809198769534,25,463.0
2450.0,22,239.0,3.8548387096774195,5.905893397929174,16,327.0,0.21559629528008814,6,159.0,0.42224673217333425,22,486.0
2455.0,18,190.0,3.1147540983606556,6.077822218651317,8,275.0,0.36203748962049587,10,161.0,0.2995082154995763,18,436.0
2460.0,25,246.0,4.1,5.510928354660821,11,248.0,0.36095428153916587,14,187.0,0.21132841641685204,25,435.0
2465.0,15,203.0,3.3278688524590163,6.07070410925783,8,193.0,0.3884390560608727,7,176.0,0.26187312011593616,15,369.0
2470.0,16,184.0,3.0163934426229506,6.273371169540221,9,205.0,0.3481818360388554,7,158.0,0.25038922623999577,16,363.0
2475.0,21,230.0,3.8333333333333335,6.415846481845941,9,231.0,0.399614472603782,12,174.0,0.30618525983156225,21,405.0
2480.0,22,305.0,5.446428571428571,5.131282036548752,11,261.0,0.3509397464662703,11,205.0,0.3027170251210809,22,466.0
2485.0,19,302.0,5.490909090909091,5.7896418133397685,12,269.0,0.30154670056986005,7,185.0,0.43917812292595876,19,454.0
2490.0,15,280.0,5.185185185185185,6.286752702033442,8,233.0,0.32867989391177416,7,136.0,0.4068038102874022,15,369.0
2495.0,16,302.0,5.298245614035087,6.067876580058608,7,252.0,0.2923899194664947,9,150.0,0.30435956990268426,16,402.0
2500.0,24,393.0,6.661016949152542,5.629881013801658,12,289.0,0.3299538353141006,12,188.0,0.28185100973104543,24,477.0
2505.0,19,438.0,7.963636363636364,5.909535260341123,10,315.0,0.3357295032003942,9,210.0,0.34790940070490134,19,525.0
2510.0,15,421.0,8.254901960784315,5.584687630151896,7,312.0,0.30259778318896274,8,211.0,0.24161781715345282,15,523.0
2515.0,20,272.0,4.945454545454545,5.184387008713378,8,177.0,0.3028782112258347,12,229.0,0.12105702796759431,20,406.0
2520.0,23,205.0,3.8679245283018866,5.621954658624879,10,101.0,0.3834329839938123,13,170.0,0.18102069391647374,23,271.0
2525.0,22,245.0,4.711538461538462,6.082737229330151,9,103.0,0.4479755229406874,13,194.0,0.22193869767294258,22,297.0
2530.0,21,279.0,5.264150943396227,5.862296338177492,11,139.0,0.37413236260391824,10,212.0,0.2763067224548203,21,351.0
2535.0,15,224.0,4.48,6.278709811113463,9,143.0,0.3705212582498387,6,171.0,0.36917152689308463,15,314.0
2540.0,11,132.0,2.588235294117647,6.850576304751071,6,105.0,0.3194148728802561,5,103.0,0.41556503883817514,11,208.0
2545.0,17,130.0,2.5,6.092461069280319,8,89.0,0.23020050760331376,9,111.0,0.34960631161067607,17,200.0
2550.0,18,188.0,3.6153846153846154,6.990065554509755,11,116.0,0.3990726075899417,7,131.0,0.45543318879207223,18,247.0
2555.0,13,199.0,3.98,6.955838879343028,9,144.0,0.37189383025572714,4,115.0,0.5489267406629628,13,259.0
2560.0,16,169.0,3.38,6.816739247445732,12,183.0,0.382902871652047,4,68.0,0.5110522582470339,16,251.0
2565.0,15,161.0,2.9272727272727272,6.487926941448486,9,186.0,0.38018905145527565,6,44.0,0.3737574579866621,15,230.0
2570.0,18,197.0,3.6481481481481484,6.919542199073482,10,197.0,0.4029624614753559,8,65.0,0.38403865157283523,18,262.0
2575.0,14,158.0,3.16,6.403676109591044,9,171.0,0.2687600273922994,5,68.0,0.5279095153619684,14,239.0
2580.0,14,104.0,2.08,5.420333791583622,10,139.0,0.17672710955021562,4,44.0,0.36480575977023044,14,183.0
2585.0,19,151.0,2.849056603773585,5.855837034033697,9,171.0,0.3233297627292322,10,71.0,0.26297151715947265,19,242.0
2590.0,22,218.0,3.963636363636364,6.355082692356394,10,192.0,0.4552312774750277,12,113.0,0.20294852088225157,22,305.0
2595.0,16,221.0,4.42,6.76069004663434,9,199.0,0.43007899508625497,7,122.0,0.3507737143712375,16,321.0
2600.0,16,201.0,4.276595744680851,5.438854819081561,11,202.0,0.27031589508292997,5,108.0,0.3449332490179611,16,310.0
2605.0,23,251.0,5.340425531914893,5.216388785956543,14,214.0,0.14367076660738354,9,118.0,0.43638152921029866,23,332.0
2610.0,18,278.0,5.791666666666667,4.80240244637933,11,195.0,0.20647539364283224,7,134.0,0.2538752122367975,18,329.0
2615.0,18,267.0,5.34,5.864118853592293,11,200.0,0.26562436290590935,7,137.0,0.29217989106102726,18,337.0
2620.0,19,252.0,5.25,6.204028113292242,10,177.0,0.38275733069734674,9,147.0,0.29822455840028556,19,324.0
2625.0,18,253.0,5.382978723404255,5.878769497456113,9,180.0,0.3278469424667944,9,160.0,0.4545491095239255,18,340.0
2630.0,16,205.0,4.555555555555555,5.915672975613452,10,160.0,0.3303747588564426,6,127.0,0.4881000094271533,16,287.0
2635.0,17,202.0,4.122448979591836,5.547111957755457,10,166.0,0.2907522901161418,7,105.0,0.46226752031900586,17,271.0
2640.0,16,205.0,3.727272727272727,6.296893038422583,11,162.0,0.26231821123291466,5,84.0,0.47145574810272434,16,246.0
2645.0,21,256.0,4.491228070175438,6.6767373044078395,10,184.0,0.3597826670714323,11,110.0,0.376681398734681,21,294.0
2650.0,22,263.0,4.696428571428571,5.763370103579795,12,204.0,0.3248126722189164,10,109.0,0.3038989555025109,22,313.0
2655.0,20,255.0,4.553571428571429,5.657603984044897,10,225.0,0.3196316869783449,10,107.0,0.2851714419339491,20,332.0
2660.0,24,324.0,5.785714285714286,5.380784128504582,14,249.0,0.23046472378640484,10,136.0,0.35976988044829206,24,385.0
2665.0,23,354.0,5.9,6.18235882069277,13,280.0,0.3739084225423433,10,162.0,0.3768203558137511,23,442.0
2670.0,20,373.0,6.216666666666667,6.602138330552352,8,256.0,0.49814667742513574,12,186.0,0.35066243710352435,20,442.0
2675.0,28,446.0,7.311475409836065,5.414498282606684,11,273.0,0.4423927739605566,17,258.0,0.15752720170205284,28,531.0
2680.0,30,488.0,7.507692307692308,4.757704322823904,13,294.0,0.3022987160215231,17,292.0,0.2105421351628541,30,586.0
2685.0,26,508.0,8.193548387096774,4.539494444156218,15,330.0,0.17567533620448203,11,268.0,0.3853701708544295,26,598.0
2690.0,24,453.0,7.55,4.7786822059165965,15,373.0,0.19178262691456285,9,229.0,0.3776071602108811,24,602.0
2695.0,25,302.0,5.206896551724138,4.960738471049749,12,264.0,0.2711960143831839,13,203.0,0.233848500241482,25,467.0
2700.0,27,333.0,5.459016393442623,4.699377338809618,12,212.0,0.2719511795475281,15,220.0,0.16361588787843062,27,432.0
2705.0,27,350.0,5.555555555555555,6.029879990800756,11,207.0,0.3954239318991431,16,264.0,0.28469913200715546,27,471.0
2710.0,22,351.0,5.318181818181818,6.536045842691086,9,177.0,0.4276968505666692,13,291.0,0.3776430089147656,22,468.0
2715.0,26,374.0,5.84375,5.472959568527255,10,177.0,0.2997671067893744,16,336.0,0.3697825263348682,26,513.0
2720.0,25,338.0,5.28125,5.059612786672147,9,138.0,0.3175130908438336,16,338.0,0.2996691751103231,25,476.0
2725.0,23,194.0,3.129032258064516,4.952101923979835,11,129.0,0.2600200727145757,12,261.0,0.27603047700429884,23,390.0
2730.0,19,249.0,4.081967213114754,5.34592829270787,8,130.0,0.1723059791205583,11,217.0,0.3143059555768395,19,347.0
2735.0,19,204.0,3.4,5.407094731853736,9,119.0,0.15788473707004713,10,184.0,0.28668306643832925,19,303.0
2740.0,27,304.0,5.241379310344827,5.417317934859889,13,169.0,0.26869078235610655,14,196.0,0.21616653858539736,27,365.0
2745.0,27,297.0,5.4,4.903818181716165,10,192.0,0.39287333008824377,17,212.0,0.18750993952486236,27,404.0
2750.0,25,409.0,7.4363636363636365,4.460434235850779,9,225.0,0.3841037283541934,16,259.0,0.17834780081439114,25,484.0
2755.0,26,366.0,6.203389830508475,4.844010474767544,10,180.0,0.42189168571716146,16,297.0,0.2504534318267335,26,477.0
2760.0,20,333.0,5.203125,6.371279760039927,12,171.0,0.4055582122918357,8,274.0,0.4218278840225054,20,445.0
2765.0,20,212.0,3.1176470588235294,5.832550048747478,13,177.0,0.3021265274903474,7,224.0,0.44831759245145736,20,401.0
2770.0,18,163.0,2.295774647887324,6.101450720271898,8,131.0,0.3804267296892204,10,184.0,0.3753651856001211,18,315.0
2775.0,24,232.0,3.267605633802817,5.805490610805895,9,135.0,0.4803244689395161,15,199.0,0.2343827901000852,24,334.0
2780.0,19,246.0,3.464788732394366,5.471534283850785,8,141.0,0.31170769696479367,11,202.0,0.24307880826153241,19,343.0
2785.0,26,276.0,4.0588235294117645,5.123922240628088,15,194.0,0.2573349190564672,11,204.0,0.2557386823935759,26,398.0
2790.0,34,355.0,5.220588235294118,4.494428945336522,17,247.0,0.1995591073062662,17,236.0,0.23899796273964602,34,483.0
2795.0,34,363.0,5.185714285714286,4.15431755111337,16,266.0,0.2463410656267503,18,276.0,0.24689231908514642,34,542.0
2800.0,33,415.0,5.763888888888889,4.66572597284962,14,299.0,0.3244064050109725,19,291.0,0.2866621440884252,33,590.0
2805.0,31,419.0,5.371794871794871,5.19911337272027,12,286.0,0.3751327440476777,19,338.0,0.2577341366913435,31,624.0
2810.0,23,343.0,4.397435897435898,5.543421684779959,11,307.0,0.3431423724739617,12,319.0,0.2452852753112435,23,626.0
2815.0,27,303.0,3.6951219512195124,5.669685099687316,18,341.0,0.3044084656318341,9,299.0,0.3146321038217662,27,640.0
2820.0,35,391.0,4.8875,4.933881960040708,20,396.0,0.24158538274361627,15,299.0,0.25315158038194185,35,695.0
2825.0,39,505.0,6.824324324324325,3.9567431107377553,20,438.0,0.23247675977062754,19,330.0,0.18436593357380876,39,768.0
2830.0,34,427.0,5.545454545454546,3.762730962691899,20,417.0,0.14460642800569487,14,311.0,0.23592912802079175,34,728.0
2835.0,36,550.0,7.333333333333333,4.5998794804813485,24,422.0,0.11051361682402619,12,312.0,0.34234063455295577,36,734.0
2840.0,33,547.0,7.012820512820513,4.795100656431919,21,459.0,0.14941371549741667,12,328.0,0.3334540926433535,33,787.0
2845.0,27,412.0,5.421052631578948,4.926460261195635,12,396.0,0.2959457310005364,15,357.0,0.22895861480570492,27,753.0
2850.0,28,406.0,5.8,3.9882133100852806,11,310.0,0.2851824524413115,17,398.0,0.11594511940092173,28,708.0
2855.0,25,408.0,6.375,4.796741073541559,10,243.0,0.2698036515887336,15,409.0,0.18594719969016982,25,652.0
2860.0,24,437.0,6.828125,4.995643298957323,11,247.0,0.1310413447385369,13,433.0,0.29777288979097805,24,680.0
2865.0,23,281.0,4.532258064516129,5.151738642310413,10,214.0,0.1195251302125097,13,372.0,0.3157217540202425,23,586.0
2870.0,27,287.0,4.484375,4.834796471575983,10,215.0,0.22785274232059005,17,291.0,0.29936327039451877,27,506.0
2875.0,34,400.0,6.0606060606060606,4.534023528415912,13,260.0,0.3311443591017344,21,354.0,0.2507686727279607,34,614.0
2880.0,29,373.0,5.485294117647059,5.090676662826836,9,248.0,0.4984044682939207,20,384.0,0.2066280026013213,29,632.0
2885.0,27,392.0,5.681159420289855,4.961615367299888,7,197.0,0.46764530772692353,20,439.0,0.17748792876524083,27,636.0
2890.0,23,294.0,4.323529411764706,4.417585394456691,9,164.0,0.28056287084515547,14,433.0,0.13908019317029846,23,597.0
2895.0,27,254.0,3.6285714285714286,4.579745803992239,13,157.0,0.16206862326467206,14,435.0,0.20199954909039036,27,592.0
2900.0,29,300.0,4.411764705882353,4.630898599137731,12,191.0,0.2913460846340839,17,453.0,0.19979706952350199,29,644.0
2905.0,33,391.0,6.2063492063492065,4.1042089029189235,11,211.0,0.40793969573413863,22,504.0,0.0673557746661579,33,715.0
2910.0,35,477.0,7.693548387096774,3.6547298394964667,13,248.0,0.38130848777907067,22,541.0,0.035866032136491484,35,789.0
2915.0,32,550.0,8.870967741935484,3.4711842194878404,12,280.0,0.2850813667420925,20,577.0,0.11095118497577082,32,857.0
2920.0,28,437.0,7.163934426229508,3.3419775543481767,15,272.0,0.16278444384253607,13,540.0,0.19814444688653535,28,812.0
2925.0,26,344.0,5.733333333333333,4.568895741167206,18,271.0,0.1074569872699977,8,425.0,0.38492040812521344,26,696.0
2930.0,24,325.0,5.416666666666667,4.737069427339714,16,317.0,0.13860236365669598,8,311.0,0.3624227214947004,24,628.0
2935.0,23,324.0,5.491525423728813,5.049100213205701,12,311.0,0.22282573206599837,11,309.0,0.31157185174279317,23,620.0
2940.0,28,297.0,5.120689655172414,4.51366701406373,12,283.0,0.20200704317131085,16,291.0,0.279846781347599,28,574.0
2945.0,30,363.0,6.482142857142857,4.1108159399553585,14,318.0,0.20862407216989912,16,306.0,0.23443071228908863,30,624.0
2950.0,23,352.0,6.4,4.0898842847237935,13,321.0,0.18196876485524138,10,279.0,0.21139717280692427,23,600.0
2955.0,19,317.0,5.660714285714286,5.317957752059127,9,307.0,0.25420063102785445,10,245.0,0.2364636910711872,19,552.0
2960.0,20,283.0,5.053571428571429,5.1571785216657124,10,306.0,0.20836858131274583,10,222.0,0.2329704332317428,20,528.0
2965.0,25,265.0,4.568965517241379,4.945811360790966,11,272.0,0.30920254287020604,14,235.0,0.22908949234759032,25,507.0
2970.0,26,358.0,6.067796610169491,5.533524601074104,9,300.0,0.40412520515898825,17,287.0,0.3040744696712281,26,587.0
2975.0,21,389.0,6.483333333333333,6.043578588325932,8,297.0,0.5074640995564933,13,303.0,0.2936605763581653,21,600.0
2980.0,16,262.0,4.295081967213115,6.325524964444812,8,246.0,0.40368365738612316,8,246.0,0.2980381651303355,16,492.0
2985.0,22,226.0,3.5873015873015874,5.874434431517249,10,190.0,0.34687854719582867,12,268.0,0.28869770380145476,22,458.0
2990.0,27,261.0,4.209677419354839,4.9327473228928564,13,212.0,0.23924432644606233,14,280.0,0.2858880047641358,27,492.0
2995.0,32,365.0,6.083333333333333,4.247941282232847,15,260.0,0.31157443580987354,17,295.0,0.21992282921962936,32,555.0
3000.0,27,397.0,6.728813559322034,4.048768853391222,13,299.0,0.20333427694250694,14,280.0,0.2330594866425601,27,579.0
3005.0,20,284.0,4.507936507936508,5.241121181210473,7,281.0,0.2988176785710468,13,251.0,0.25661680587073693,20,532.0
3010.0,22,245.0,3.888888888888889,5.200149515412342,5,213.0,0.28221307348736524,17,242.0,0.22648946908381717,22,455.0
3015.0,30,313.0,5.131147540983607,5.096286714214186,13,204.0,0.3178926879270259,17,291.0,0.23181838753050732,30,495.0
3020.0,27,362.0,5.838709677419355,4.581307858767824,11,230.0,0.23990356072896327,16,324.0,0.2895548399503147,27,554.0
3025.0,24,384.0,6.295081967213115,4.914928272305281,8,214.0,0.30331811864370745,16,353.0,0.26947141374565287,24,567.0
3030.0,18,265.0,4.344262295081967,5.7450055344065465,5,125.0,0.36839431624157565,13,333.0,0.2713388265554033,18,458.0
3035.0,23,328.0,5.2063492063492065,5.388377925353399,10,97.0,0.2565063212098061,13,374.0,0.20408406724277964,23,471.0
3040.0,26,399.0,6.333333333333333,5.213487246837744,9,125.0,0.2741745426529535,17,407.0,0.23530270630280017,26,532.0
3045.0,23,409.0,6.932203389830509,5.57360105938429,6,117.0,0.3810881878219258,17,435.0,0.2588395505868399,23,552.0
3050.0,23,423.0,7.553571428571429,5.5938753450921,3,71.0,0.5413040121875451,20,483.0,0.20608157390144805,23,554.0
3055.0,25,474.0,8.31578947368421,5.050728522662014,7,90.0,0.39895432582759954,18,519.0,0.17608548161167847,25,609.0
3060.0,19,438.0,7.963636363636364,5.375729745079525,6,104.0,0.42578656645868296,13,488.0,0.21781384947539534,19,592.0
3065.0,18,295.0,5.462962962962963,4.7015872735601825,5,105.0,0.3554382227194915,13,419.0,0.10607796084528018,18,524.0
3070.0,23,206.0,3.814814814814815,5.323226561509938,5,65.0,0.362919372892298,18,345.0,0.1535333531515399,23,410.0
3075.0,21,219.0,4.055555555555555,5.256999192375047,3,40.0,0.38829142172947506,18,390.0,0.23450779718133735,21,430.0
3080.0,19,258.0,4.867924528301887,5.872760766061395,3,39.0,0.5471995948956305,16,395.0,0.28771200198533864,19,434.0
3085.0,23,292.0,5.509433962264151,5.593862715212666,7,63.0,0.520179515831464,16,400.0,0.2851212490125255,23,463.0
3090.0,17,242.0,4.4,5.365057854832431,6,80.0,0.4293912606138208,11,336.0,0.2974413321923735,17,416.0
3095.0,20,193.0,3.3859649122807016,5.223726207480262,9,118.0,0.1539581924297632,11,312.0,0.34471180025966236,20,430.0
3100.0,22,206.0,3.6785714285714284,5.391641753475481,9,128.0,0.24817648173229945,13,263.0,0.28761208357472007,22,391.0
3105.0,21,261.0,4.833333333333333,5.495731556495678,6,127.0,0.395955997318635,15,275.0,0.1387273743104555,21,402.0
3110.0,20,248.0,5.061224489795919,5.085581406601898,6,121.0,0.33778832371879164,14,255.0,0.12720337660550426,20,376.0
3115.0,19,238.0,4.857142857142857,4.980489579082218,6,83.0,0.3237948722275185,13,263.0,0.16956626850606626,19,346.0
3120.0,22,238.0,5.0638297872340425,5.073746425419267,6,93.0,0.30999923639573534,16,279.0,0.29898870065834876,22,372.0
3125.0,21,281.0,5.73469387755102,5.512878137857567,8,106.0,0.44339072999179513,13,314.0,0.3453682169561346,21,420.0
3130.0,19,309.0,6.0588235294117645,5.508474150312197,4,109.0,0.3951144475978186,15,331.0,0.3639251801240182,19,440.0
3135.0,20,303.0,5.716981132075472,5.775547339469733,6,84.0,0.5322449731258041,14,351.0,0.29430371842528297,20,435.0
3140.0,16,289.0,5.254545454545455,6.096147904196106,4,87.0,0.46776348269232937,12,311.0,0.26493641009619756,16,398.0
3145.0,22,372.0,6.305084745762712,5.150952251526187,9,123.0,0.3121138947772979,13,369.0,0.17515065393737586,22,492.0
3150.0,25,459.0,7.913793103448276,5.5051608140519095,8,138.0,0.29894639975198795,17,432.0,0.2343955008262696,25,570.0
3155.0,21,424.0,7.43859649122807,5.951585404636288,6,141.0,0.47801199336322625,15,426.0,0.237068063667028,21,567.0
3160.0,20,253.0,4.517857142857143,6.223806508451231,6,118.0,0.4323512634299604,14,392.0,0.27815976934089437,20,510.0
3165.0,17,262.0,4.763636363636364,5.726582014443567,6,109.0,0.46728867929414203,11,388.0,0.21955431566375888,17,497.0
3170.0,21,299.0,5.537037037037037,5.441760325035545,8,132.0,0.43265465367070005,13,355.0,0.20954275710643355,21,487.0
3175.0,21,307.0,5.685185185185185,6.180940729693604,7,147.0,0.4269114059236129,14,343.0,0.21207248627866532,21,490.0
3180.0,17,213.0,3.9444444444444446,6.27736017193211,6,82.0,0.4200202850708519,11,331.0,0.22633655701609837,17,413.0
3185.0,17,209.0,3.8703703703703702,6.2255553834717565,9,107.0,0.3875166325115572,8,326.0,0.3446821038007192,17,433.0
3190.0,21,229.0,4.320754716981132,5.893985188813427,8,113.0,0.3472649735234286,13,330.0,0.4085538998084762,21,443.0
3195.0,21,312.0,6.117647058823529,5.573623414766885,10,131.0,0.3364149693588106,11,364.0,0.35506579565374546,21,495.0
3200.0,19,329.0,6.58,5.242988308225432,8,143.0,0.3199335795495277,11,385.0,0.29599448924754296,19,528.0
3205.0,20,335.0,6.203703703703703,5.418073208535755,7,132.0,0.31206308085693196,13,357.0,0.23591157129155482,20,489.0
3210.0,18,168.0,3.0545454545454547,5.427269311291375,6,104.0,0.34897319142367045,12,279.0,0.26391024496339016,18,383.0
3215.0,17,148.0,2.4262295081967213,6.4022242711713515,7,83.0,0.44038172148174437,10,301.0,0.3259099995549495,17,384.0
3220.0,17,165.0,2.8448275862068964,6.466815898544808,7,104.0,0.5231005046791538,10,292.0,0.3427706219873316,17,396.0
3225.0,15,201.0,3.35,6.414950203468146,4,92.0,0.4891885491772891,11,268.0,0.2361347966835093,15,360.0
3230.0,20,221.0,3.683333333333333,5.97746569405935,6,71.0,0.4947162903407183,14,239.0,0.13544843575758025,20,310.0
3235.0,23,262.0,4.366666666666666,6.079630639452165,9,102.0,0.40327479739659916,14,271.0,0.2543525638436992,23,373.0
3240.0,26,255.0,4.722222222222222,4.855934189031736,13,139.0,0.2942608159961756,13,272.0,0.2924910816498015,26,411.0
3245.0,24,297.0,4.95,4.698109531404752,14,181.0,0.3282493154087018,10,292.0,0.26964051385691284,24,473.0
3250.0,24,305.0,5.169491525423729,4.972228721665924,12,209.0,0.2939471739054863,12,277.0,0.3290235460774658,24,486.0
3255.0,21,341.0,5.683333333333334,5.426344583397806,9,209.0,0.27673505795607684,12,296.0,0.3330352290891573,21,505.0
3260.0,23,332.0,5.533333333333333,4.412746127914992,10,229.0,0.16289397946462808,13,291.0,0.2304026433956846,23,520.0
3265.0,31,471.0,8.120689655172415,4.675391575553015,15,273.0,0.22333517783398707,16,340.0,0.2919805825399731,31,613.0
3270.0,26,530.0,8.983050847457626,4.804386725534125,11,305.0,0.3810126036309885,15,373.0,0.29694876085323074,26,678.0
3275.0,26,580.0,10.545454545454545,5.5052706136004295,12,314.0,0.3624752623772839,14,390.0,0.32365384919467,26,704.0
3280.0,21,420.0,7.636363636363637,5.67190013609032,9,281.0,0.3910800608259426,12,340.0,0.2196633530733004,21,621.0
3285.0,22,404.0,6.8474576271186445,6.05330885977991,8,228.0,0.42556397100347076,14,355.0,0.1822668291768941,22,583.0
3290.0,24,350.0,6.481481481481482,5.043602699731147,9,232.0,0.37657059692887,15,344.0,0.26324776775805886,24,576.0
3295.0,24,282.0,5.222222222222222,4.857053074858245,11,213.0,0.32855905966053256,13,283.0,0.2668411790492278,24,496.0
3300.0,28,324.0,5.785714285714286,3.4767859843023907,16,224.0,0.22502652739806017,12,296.0,0.23480283490335332,28,520.0
3305.0,23,344.0,5.931034482758621,4.434057170724628,15,276.0,0.17665647012937902,8,263.0,0.3523519958464954,23,539.0
3310.0,23,293.0,5.051724137931035,4.746363413619801,16,311.0,0.10767042489703288,7,231.0,0.4149909218487276,23,542.0
3315.0,21,253.0,4.43859649122807,5.8530803047881825,12,306.0,0.24837917849899566,9,190.0,0.40242685290825064,21,496.0
3320.0,26,279.0,4.894736842105263,4.366229746759274,11,274.0,0.24463888041540818,15,188.0,0.22440288547287074,26,462.0
3325.0,24,366.0,6.535714285714286,5.490639115834132,9,239.0,0.3219531239126372,15,245.0,0.325767420556078,24,484.0
3330.0,23,380.0,6.666666666666667,5.356388887376724,10,259.0,0.2938018458722288,13,267.0,0.37175797321908377,23,526.0
3335.0,19,335.0,5.775862068965517,6.030902170125433,10,252.0,0.33870087565575074,9,252.0,0.40363688948908466,19,504.0
3340.0,18,146.0,2.607142857142857,4.672014465067211,7,199.0,0.3119714827253111,11,221.0,0.2714142920941727,18,420.0
3345.0,30,267.0,4.52542372881356,4.2996836440934505,13,191.0,0.22020959434921322,17,254.0,0.2319072623287033,30,445.0
3350.0,29,322.0,5.4576271186440675,4.374641255831823,11,201.0,0.3581463308124423,18,296.0,0.17934017976822672,29,497.0
3355.0,20,339.0,5.65,5.544576091533184,9,191.0,0.3661836422549589,11,307.0,0.2489073419101176,20,498.0
3360.0,20,279.0,4.728813559322034,5.101717410311357,10,194.0,0.29989657038302864,10,297.0,0.20577816765907156,20,491.0
3365.0,25,291.0,4.770491803278689,5.624658031366792,11,198.0,0.36986380402191643,14,275.0,0.2205793174165436,25,473.0
3370.0,26,324.0,5.785714285714286,4.55458501204601,10,199.0,0.29987891599916416,16,322.0,0.2227095082442272,26,521.0
3375.0,20,330.0,5.892857142857143,5.137355744020007,10,196.0,0.27957470806646745,10,323.0,0.3077304624252544,20,519.0
3380.0,21,295.0,5.0,4.647780515186692,11,194.0,0.11732368283463708,10,326.0,0.37887800925053694,21,520.0
3385.0,25,392.0,6.533333333333333,5.850851269388026,12,217.0,0.30885602899449843,13,348.0,0.34000883872871035,25,565.0
3390.0,22,388.0,6.360655737704918,5.3343578543865355,8,201.0,0.47679438770955523,14,379.0,0.15209713670560124,22,580.0
3395.0,18,442.0,7.366666666666666,6.551356784934565,7,199.0,0.5290503487065141,11,399.0,0.2690836591324023,18,598.0
3400.0,20,331.0,5.516666666666667,5.241791532030676,7,183.0,0.3476277893487791,13,340.0,0.28005114757337785,20,523.0
3405.0,21,278.0,4.483870967741935,5.893185998735771,9,173.0,0.4021564458760383,12,279.0,0.2924904390884172,21,452.0
3410.0,24,339.0,5.65,5.11244539985275,9,207.0,0.4155018815908996,15,319.0,0.28797466972472247,24,526.0
3415.0,22,394.0,6.677966101694915,5.454592182515891,10,245.0,0.37889328655186105,12,339.0,0.257164690568607,22,584.0
3420.0,20,244.0,4.135593220338983,4.859033519583267,10,223.0,0.25627295065114597,10,292.0,0.28134640624265095,20,515.0
3425.0,24,258.0,4.03125,5.378131983184709,11,169.0,0.3062073039042265,13,239.0,0.2742870564532414,24,408.0
3430.0,24,245.0,4.016393442622951,5.084168897387813,10,169.0,0.2877114048869535,14,276.0,0.3328041924123276,24,445.0
3435.0,21,271.0,4.301587301587301,5.698935348639637,9,133.0,0.35155070756662915,12,281.0,0.2676015743743251,21,414.0
3440.0,24,256.0,3.9384615384615387,5.540641799147104,9,130.0,0.23261526802018462,15,285.0,0.27183900714796516,24,415.0
3445.0,27,271.0,4.1692307692307695,5.296091815411268,11,140.0,0.2967761078786886,16,275.0,0.26352242903863016,27,415.0
3450.0,29,340.0,5.396825396825397,4.896041676163693,13,172.0,0.21862036957001427,16,336.0,0.32742868351769516,29,508.0
3455.0,29,403.0,6.830508474576271,4.681853666064604,11,208.0,0.2806157304371727,18,385.0,0.2880760921231133,29,593.0
3460.0,29,383.0,6.278688524590164,3.8410224958412327,10,197.0,0.29794737127900134,19,423.0,0.19074175200659105,29,620.0
3465.0,27,389.0,6.174603174603175,4.508481429470027,11,213.0,0.2808870130145017,16,420.0,0.22567612705427653,27,633.0
3470.0,25,367.0,5.734375,5.041413934915053,10,202.0,0.2919011095253255,15,424.0,0.3156281177332319,25,626.0
3475.0,23,348.0,5.1940298507462686,5.243078829071003,7,166.0,0.3578911646945128,16,440.0,0.23509683121867359,23,606.0
3480.0,25,241.0,3.5441176470588234,4.7678409110393165,5,140.0,0.43038683849493325,20,405.0,0.15165296161853042,25,545.0
3485.0,31,364.0,5.432835820895522,5.141019825466715,6,161.0,0.45868934345006335,25,451.0,0.18508952707499773,31,612.0
3490.0,33,400.0,5.714285714285714,4.8963770915180715,9,162.0,0.367611042770587,24,504.0,0.23994609007821202,33,666.0
3495.0,28,374.0,5.5,4.857858353880992,12,165.0,0.3379401941177985,16,499.0,0.2219267046860156,28,664.0
3500.0,27,324.0,4.695652173913044,4.393274040462251,12,181.0,0.2829930961327244,15,493.0,0.24729839815656648,27,674.0
3505.0,27,258.0,3.6338028169014085,4.429428004122473,8,154.0,0.3212778207753122,19,487.0,0.16523251224548552,27,641.0
3510.0,26,332.0,4.611111111111111,5.084357165080927,6,136.0,0.48683024143240916,20,531.0,0.15394129788803623,26,667.0
3515.0,24,353.0,4.971830985915493,5.101566543795169,7,140.0,0.31292063266793557,17,520.0,0.19091683853454583,24,660.0
3520.0,26,384.0,5.565217391304348,4.816456138605934,12,181.0,0.12597188037072915,14,508.0,0.23821441335163404,26,689.0
3525.0,28,349.0,5.057971014492754,4.895516880364056,12,212.0,0.2681151444634387,16,465.0,0.19234145337558292,28,677.0
3530.0,23,316.0,4.647058823529412,5.40922286464158,4,184.0,0.41756812889894773,19,482.0,0.2281156209560792,23,666.0
3535.0,27,351.0,5.318181818181818,5.175948601155938,4,177.0,0.45246078980573534,23,528.0,0.21279673313569772,27,705.0
3540.0,35,444.0,6.7272727272727275,4.154245854169713,12,188.0,0.2906346849408972,23,580.0,0.20103293378099757,35,768.0
3545.0,28,427.0,6.671875,3.964761466439071,12,209.0,0.1734158712793353,16,566.0,0.2611471436625595,28,775.0
3550.0,22,389.0,6.174603174603175,4.470289840643105,7,194.0,0.298064313755144,15,520.0,0.19869533811641227,22,714.0
3555.0,24,372.0,6.0,5.4162497641628615,6,200.0,0.4690209819383947,18,497.0,0.1504452753217251,24,697.0
3560.0,24,397.0,6.844827586206897,4.677893359738325,5,206.0,0.3937652582496169,19,502.0,0.12597852850320498,24,708.0
3565.0,31,411.0,7.339285714285714,4.542691093811002,11,243.0,0.35460197882317257,20,492.0,0.11706906677584261,31,735.0
3570.0,25,416.0,7.428571428571429,4.728004886387196,8,239.0,0.38947465871588105,17,511.0,0.13395977172151158,25,750.0
3575.0,22,400.0,7.8431372549019605,4.612541991637435,10,259.0,0.25510922734638397,12,468.0,0.18658972381933014,22,727.0
3580.0,20,215.0,4.215686274509804,4.5440469214244095,10,133.0,0.18538124840471357,10,440.0,0.30248002522290457,20,573.0
3585.0,26,334.0,6.30188679245283,5.676045549367322,12,172.0,0.377281402539872,14,457.0,0.22429117356400788,26,629.0
3590.0,26,329.0,5.9818181818181815,5.148654440335828,10,169.0,0.35611676624140176,16,486.0,0.25026042117830044,26,655.0
3595.0,17,273.0,4.963636363636364,6.346196867015625,3,104.0,0.4364014272111879,14,469.0,0.29213540795356124,17,573.0
3600.0,18,299.0,5.6415094339622645,6.029771471055855,5,69.0,0.4788707507662727,13,464.0,0.2750643442488294,18,533.0
3605.0,19,277.0,5.12962962962963,6.037669121308867,7,80.0,0.3532696486280561,12,417.0,0.2635962622792833,19,497.0
3610.0,23,336.0,6.109090909090909,5.151685228566583,10,104.0,0.29251905505410747,13,452.0,0.18605802384441186,23,556.0
3615.0,19,375.0,7.0754716981132075,5.701526383332106,8,129.0,0.3867049810609886,11,479.0,0.2845826392306179,19,608.0
3620.0,19,354.0,6.8076923076923075,6.13415932180814,8,157.0,0.47824106478562933,11,438.0,0.3455721238788987,19,595.0
3625.0,19,261.0,4.9245283018867925,5.9568559921524935,6,162.0,0.4521685021235088,13,330.0,0.38177522744113107,19,492.0
3630.0,18,298.0,5.622641509433962,5.530210783114389,5,135.0,0.3725248100659245,13,370.0,0.33488383043091474,18,505.0
3635.0,21,227.0,4.450980392156863,5.104680217382888,5,76.0,0.38465319224476613,16,402.0,0.2109103220420604,21,478.0
3640.0,25,238.0,4.327272727272727,4.99250619414324,8,50.0,0.2416319404078266,17,404.0,0.20836520564574354,25,454.0
3645.0,17,222.0,4.530612244897959,5.098924159683473,6,70.0,0.22664364717364088,11,371.0,0.24478644823516613,17,441.0
3650.0,14,232.0,4.549019607843137,6.070339884065125,3,57.0,0.44646482448896746,11,344.0,0.21303884214249827,14,401.0
3655.0,18,245.0,5.212765957446808,6.667199373381593,3,63.0,0.6237417138591776,15,354.0,0.17960819364876424,18,417.0
3660.0,14,241.0,5.355555555555555,6.4488955674192185,1,22.0,0.6653592575164174,13,389.0,0.16372874649727176,14,411.0
3665.0,10,255.0,5.930232558139535,7.211972300299192,1,27.0,0.6153343765716143,9,381.0,0.2571972857553671,10,408.0
3670.0,15,131.0,2.977272727272727,5.8367993899612465,5,15.0,0.44161317984167464,10,292.0,0.2721764606011631,15,307.0
3675.0,16,207.0,4.404255319148936,7.2211214193734925,7,52.0,0.5506496651090277,9,242.0,0.37983313393507834,16,294.0
3680.0,16,261.0,5.673913043478261,6.072056184421041,5,62.0,0.529451794424063,11,293.0,0.2922966734649673,16,355.0
3685.0,17,290.0,5.918367346938775,5.942991257533512,7,71.0,0.4847120535091497,10,308.0,0.2682359895711153,17,379.0
3690.0,17,310.0,6.326530612244898,6.021329572283962,8,70.0,0.3457970902777389,9,312.0,0.29884784446052265,17,382.0
3695.0,18,237.0,4.836734693877551,6.141557893989469,10,100.0,0.21259465296800117,8,235.0,0.28357328222146877,18,335.0
3700.0,19,254.0,5.291666666666667,5.492477748134681,10,116.0,0.1814943596353088,9,218.0,0.33336853752121154,19,334.0
3705.0,20,252.0,5.04,5.568108612612401,11,139.0,0.3254681637578204,9,206.0,0.27728953472781287,20,345.0
3710.0,18,233.0,4.66,6.156709473357583,9,139.0,0.44014705556090017,9,133.0,0.3473293421780618,18,272.0
3715.0,20,260.0,5.0,6.549953479961589,10,160.0,0.45988008040310185,10,141.0,0.41191657329497,20,301.0
3720.0,19,254.0,5.183673469387755,5.0094994846502745,8,154.0,0.296901364716512,11,172.0,0.33804803109869813,19,326.0
3725.0,18,183.0,3.66,4.880003234660349,8,114.0,0.3330674880960944,10,162.0,0.18910789014010143,18,276.0
3730.0,17,172.0,3.44,5.093584040767745,9,126.0,0.29420469649079123,8,122.0,0.16647574732308357,17,248.0
3735.0,21,213.0,4.176470588235294,5.561481260239917,14,165.0,0.22244619814616212,7,135.0,0.2943656590750422,21,300.0
3740.0,21,258.0,5.0588235294117645,5.364861071721052,12,196.0,0.200660960775821,9,141.0,0.4281394361945858,21,337.0
3745.0,17,282.0,5.755102040816326,5.736827404788191,10,195.0,0.33910300531488885,7,155.0,0.39458006879863083,17,350.0
3750.0,19,337.0,6.877551020408164,5.837248537363955,11,234.0,0.3285220039600144,8,152.0,0.33584065336961333,19,386.0
3755.0,18,291.0,5.490566037735849,5.784308707447843,12,268.0,0.2874576788889117,6,132.0,0.34599688741429263,18,400.0
3760.0,20,284.0,5.3584905660377355,6.428109855508783,11,268.0,0.33275150396957937,9,117.0,0.45550817525106263,20,385.0
3765.0,19,323.0,6.46,6.155810801009307,12,277.0,0.3000758089257158,7,121.0,0.5013224415331708,19,398.0
3770.0,19,357.0,6.611111111111111,5.446845741910137,10,294.0,0.22707553873416703,9,145.0,0.453334177575649,19,439.0
3775.0,21,369.0,6.833333333333333,5.368830421533774,10,274.0,0.30643348738058956,11,144.0,0.365879572701853,21,418.0
3780.0,21,306.0,5.464285714285714,5.453630348155575,9,229.0,0.3860957425329358,12,176.0,0.22678368455271772,21,405.0
3785.0,19,199.0,3.4310344827586206,5.7769864020819535,7,144.0,0.48834790572523207,12,178.0,0.18832096347168018,19,322.0
3790.0,18,145.0,2.7884615384615383,5.457719344060507,9,153.0,0.27336811221225144,9,136.0,0.3451970341319441,18,289.0
3795.0,21,175.0,3.30188679245283,4.277515419235384,15,161.0,0.18152424884093168,6,138.0,0.30864970463439617,21,299.0
3800.0,26,238.0,4.327272727272727,4.346750702862997,14,206.0,0.22511049823296803,12,172.0,0.3278127130683162,26,378.0
3805.0,21,257.0,4.672727272727273,5.47364228508862,9,199.0,0.39575510572079975,12,198.0,0.3105729631064717,21,397.0
3810.0,14,233.0,4.160714285714286,5.408183093346538,7,177.0,0.326314328345456,7,183.0,0.2542050259983926,14,360.0
3815.0,18,217.0,3.7413793103448274,4.9643026923883715,11,168.0,0.21947170958592765,7,160.0,0.24637204190915163,18,328.0
3820.0,24,243.0,4.05,5.8262890515581125,12,180.0,0.2931307033272863,12,149.0,0.3532320284937552,24,329.0
3825.0,25,334.0,5.661016949152542,6.027324110675866,14,238.0,0.30891800808187786,11,182.0,0.36134395107205225,25,420.0
3830.0,21,340.0,6.071428571428571,5.467776504341115,11,240.0,0.2658376973638686,10,182.0,0.3724422135391869,21,422.0
3835.0,17,215.0,4.134615384615385,4.813853297884716,8,202.0,0.27054161739299176,9,127.0,0.2510104841971926,17,329.0
3840.0,20,179.0,3.314814814814815,4.858161532874971,7,173.0,0.29575346838636357,13,133.0,0.18609676909276562,20,306.0
3845.0,28,253.0,4.773584905660377,4.768926512792229,12,158.0,0.28751758792626536,16,194.0,0.20985527374001303,28,352.0
3850.0,24,306.0,5.666666666666667,4.885420838763381,10,188.0,0.2672547449922391,14,230.0,0.33719078672662517,24,418.0
3855.0,26,342.0,6.0,4.923536964558769,13,219.0,0.268765196677967,13,243.0,0.3352790045857552,26,462.0
3860.0,26,356.0,6.357142857142857,4.899891950625517,11,220.0,0.30894684945390105,15,255.0,0.35346835622076656,26,475.0
3865.0,17,222.0,3.7,5.058468023745689,3,147.0,0.4010415471852312,14,265.0,0.234747145985152,17,412.0
3870.0,17,192.0,3.096774193548387,6.119988564047649,5,113.0,0.46999660318615505,12,217.0,0.23625646733613298,17,330.0
3875.0,15,153.0,2.5081967213114753,6.032398870876542,4,69.0,0.2786158136370929,11,208.0,0.28464614863601556,15,277.0
3880.0,26,245.0,3.888888888888889,5.693058785704859,12,91.0,0.37001530497342516,14,254.0,0.1977063226069349,26,345.0
3885.0,24,266.0,4.666666666666667,4.746369271244014,8,107.0,0.46006174378266895,16,277.0,0.19029471667369033,24,384.0
3890.0,25,339.0,5.947368421052632,5.0686330809402405,5,94.0,0.46287963259528264,20,333.0,0.1788871652103136,25,427.0
3895.0,24,330.0,5.5,4.557929942325249,6,79.0,0.33004668871439435,18,382.0,0.12993580620119632,24,461.0
3900.0,23,342.0,5.7,6.040856839056578,11,84.0,0.3009045414443848,12,374.0,0.34270770891839325,23,458.0
3905.0,21,318.0,5.578947368421052,5.228620368286891,9,99.0,0.17019635479650724,12,355.0,0.36161824269605003,21,454.0
3910.0,19,217.0,3.9454545454545453,5.3034638980927316,7,114.0,0.34112126548586297,12,314.0,0.2681278478673589,19,428.0
3915.0,18,185.0,3.135593220338983,5.096466689056498,6,111.0,0.4461681990177449,12,337.0,0.1367277035200963,18,448.0
3920.0,24,238.0,4.103448275862069,6.09744238738101,7,106.0,0.5521853788868367,17,358.0,0.1880674399034698,24,464.0
3925.0,23,295.0,5.0,6.04680289583534,7,136.0,0.48101828232502897,16,383.0,0.3077302102668535,23,519.0
3930.0,20,303.0,5.135593220338983,5.729365700760653,10,178.0,0.33067584577019565,10,351.0,0.34629321663474644,20,529.0
3935.0,23,282.0,4.622950819672131,4.7369233038151615,10,150.0,0.13334380155029332,13,353.0,0.3517308190115476,23,503.0
3940.0,29,320.0,5.0,4.8820731453354735,13,177.0,0.19709646552710272,16,330.0,0.29125361843654185,29,507.0
3945.0,30,348.0,5.4375,4.03092247265181,11,188.0,0.2919523354261343,19,373.0,0.25480979465806,30,561.0
3950.0,22,321.0,4.791044776119403,5.38080349271271,7,126.0,0.43677960063315074,15,381.0,0.2562835940415712,22,507.0
3955.0,20,287.0,4.159420289855072,5.900659051761469,5,119.0,0.49770442584875974,15,389.0,0.19631189978481148,20,508.0
3960.0,28,380.0,5.277777777777778,5.4422674850160355,11,150.0,0.3681426759938728,17,417.0,0.18016965518040012,28,567.0
3965.0,36,483.0,6.9,4.361866315094206,14,177.0,0.3520854836349341,22,490.0,0.11695637522161886,36,667.0
3970.0,23,521.0,7.550724637681159,5.0076981533907805,6,169.0,0.36204647406004986,17,526.0,0.16746814808502014,23,695.0
3975.0,22,288.0,4.114285714285714,5.483410513296698,8,118.0,0.35168511099630434,14,457.0,0.26218497460034107,22,575.0
3980.0,31,373.0,5.253521126760563,5.371358080795853,13,132.0,0.26891014984767214,18,475.0,0.3142560449307589,31,607.0
3985.0,34,434.0,6.2898550724637685,4.92512566224674,14,178.0,0.32193121550002957,20,495.0,0.3011267011023855,34,673.0
3990.0,28,397.0,5.753623188405797,4.708425021611162,9,186.0,0.31894247057951197,19,470.0,0.2563038114325884,28,656.0
3995.0,29,346.0,5.0144927536231885,3.934712072571648,9,192.0,0.35107129684461136,20,499.0,0.1155532373704139,29,691.0
4000.0,34,435.0,5.958904109589041,4.246439879094684,11,184.0,0.2982037132420376,23,559.0,0.12892416885047076,34,743.0
4005.0,36,470.0,6.811594202898551,4.055400906608523,14,226.0,0.2633216720507108,22,594.0,0.1951802465931576,36,820.0
4010.0,25,382.0,5.536231884057971,4.6886520031391274,10,240.0,0.2113578840249651,15,551.0,0.1968001305644942,25,791.0
4015.0,19,203.0,2.985294117647059,4.891213628233355,9,187.0,0.2341377939321231,10,489.0,0.19516616374117918,19,676.0
4020.0,31,315.0,4.7727272727272725,4.930920848965793,15,181.0,0.23931955029374588,16,509.0,0.1251051638213355,31,690.0
4025.0,33,399.0,6.138461538461539,4.8165331773275435,14,225.0,0.35961523785647503,19,526.0,0.13715056563289327,33,751.0
4030.0,26,391.0,6.306451612903226,5.090050875553201,9,228.0,0.4154439785218855,17,498.0,0.09181525956679701,26,726.0
4035.0,24,350.0,5.645161290322581,4.195776941410201,9,212.0,0.33408441327046795,15,499.0,0.09679909167686007,24,711.0
4040.0,26,337.0,5.106060606060606,5.118305857524548,17,232.0,0.22091371474303223,9,428.0,0.34906721040306876,26,660.0
4045.0,27,323.0,4.681159420289855,5.765987222072394,18,285.0,0.27853254593623245,9,352.0,0.4162143893150465,27,637.0
4050.0,23,319.0,4.430555555555555,6.340067887494661,12,298.0,0.3789924980859184,11,315.0,0.33402266856657553,23,613.0
4055.0,20,252.0,3.8181818181818183,5.845239501238953,8,222.0,0.4490475591561932,12,309.0,0.15292747835131087,20,531.0
4060.0,22,228.0,3.619047619047619,5.3365064237387845,13,187.0,0.23701840995703,9,287.0,0.3681465063322246,22,474.0
4065.0,24,248.0,4.0,4.110301970383059,15,233.0,0.14369132567404322,9,252.0,0.30178638847661055,24,485.0
4070.0,31,340.0,5.151515151515151,4.835089729360399,21,303.0,0.20018491153632947,10,191.0,0.3616253348266237,31,494.0
4075.0,33,342.0,5.516129032258065,4.548366886512902,22,366.0,0.23287809751444974,11,180.0,0.36101351681968014,33,546.0
4080.0,27,388.0,6.158730158730159,5.057102028876102,16,378.0,0.28266688919775634,11,193.0,0.2814531082301749,27,571.0
4085.0,29,403.0,6.106060606060606,4.04524281841087,18,407.0,0.19495154139143703,11,208.0,0.20587219376743604,29,615.0
4090.0,29,427.0,6.569230769230769,5.739930736751337,20,432.0,0.2153348126336546,9,189.0,0.4119429119683683,29,621.0
4095.0,28,392.0,6.125,4.333640500975319,19,443.0,0.12247652064265106,9,215.0,0.33995693211981637,28,658.0
4100.0,32,413.0,5.9,4.658717894703078,19,452.0,0.22053745967326033,13,263.0,0.2775343808408227,32,715.0
4105.0,31,363.0,5.260869565217392,4.605130656919242,19,503.0,0.30429729967620417,12,231.0,0.3087305795070934,31,734.0
4110.0,36,504.0,6.904109589041096,5.199393570656675,24,577.0,0.27528611325985364,12,210.0,0.4045728249405938,36,787.0
4115.0,33,488.0,6.684931506849315,4.183515729422407,24,608.0,0.17813149090353708,9,211.0,0.35606386622938396,33,819.0
4120.0,27,397.0,5.513888888888889,4.5097715633258,22,587.0,0.13907751272936056,5,182.0,0.3241052099516751,27,769.0
4125.0,27,323.0,4.424657534246576,4.321842069049231,19,613.0,0.1434551294622898,8,147.0,0.3048368642269491,27,760.0
4130.0,30,297.0,3.9078947368421053,4.709242837380308,20,585.0,0.1930586429005162,10,143.0,0.31714264252123203,30,728.0
4135.0,35,366.0,5.013698630136986,4.33929549975069,23,632.0,0.22499754659648183,12,159.0,0.34249444646537675,35,791.0
4140.0,34,380.0,5.277777777777778,4.172674968931787,23,634.0,0.18241341074772277,11,163.0,0.3397981892164075,34,797.0
4145.0,41,402.0,5.4324324324324325,3.281130344929249,27,670.0,0.12732318869402323,14,162.0,0.28292015253276614,41,832.0
4150.0,35,405.0,5.4,4.69780942302771,22,665.0,0.21635713557008257,13,183.0,0.2404909146527464,35,848.0
4155.0,32,464.0,6.444444444444445,4.300329924451514,18,667.0,0.24602729014785982,14,210.0,0.1495592269161375,32,877.0
4160.0,32,523.0,7.366197183098592,4.649057170260906,18,653.0,0.26941475012408617,14,234.0,0.14615930812773786,32,887.0
4165.0,33,554.0,8.393939393939394,3.805995443713364,18,606.0,0.18866009486662333,15,285.0,0.20217169989983624,33,891.0
4170.0,34,521.0,8.015384615384615,3.542901033850932,20,597.0,0.17526892792629062,14,342.0,0.2580923270478138,34,939.0
4175.0,35,560.0,8.115942028985508,4.215856692754323,25,600.0,0.2002420109113078,10,332.0,0.3524099875813933,35,932.0
4180.0,31,542.0,7.970588235294118,4.826046947184203,24,668.0,0.20872657178164522,7,259.0,0.4493488012186657,31,927.0
4185.0,25,364.0,5.515151515151516,4.468027352641904,20,666.0,0.17797089001820124,5,176.0,0.27891140953031995,25,842.0
4190.0,26,443.0,6.611940298507463,4.918829460630435,16,676.0,0.2525971837686925,10,138.0,0.1745583847121027,26,814.0
4195.0,25,489.0,7.1911764705882355,5.048867889076598,15,666.0,0.2743619296176841,10,148.0,0.2432542464069216,25,814.0
4200.0,24,503.0,7.507462686567164,5.364728126520003,19,658.0,0.18140482296901755,5,113.0,0.509559638694079,24,771.0
4205.0,28,499.0,7.676923076923077,5.017889714836988,23,665.0,0.13225428443718754,5,131.0,0.4997113493975561,28,796.0
4210.0,32,401.0,6.365079365079365,4.77469435871599,25,631.0,0.16478879372094005,7,166.0,0.402563367123714,32,797.0
4215.0,30,405.0,6.136363636363637,3.856429055408121,21,680.0,0.19608306686344304,9,183.0,0.23876890230901604,30,863.0
4220.0,23,356.0,5.650793650793651,5.039598371130913,17,661.0,0.2669749350841861,6,198.0,0.3686667510025797,23,859.0
4225.0,21,293.0,4.507692307692308,5.189495092485969,15,646.0,0.27987881669363696,6,138.0,0.24825481770907856,21,784.0
4230.0,23,310.0,4.428571428571429,6.109230691244104,15,604.0,0.2704257766018362,8,126.0,0.4560394532563118,23,730.0
4235.0,22,345.0,5.0,5.717521769738357,17,585.0,0.1861247161740339,5,146.0,0.5332399599480457,22,731.0
4240.0,24,396.0,6.092307692307692,5.929038998973364,21,583.0,0.24218350896268034,3,125.0,0.5803138437883466,24,708.0
4245.0,25,300.0,4.6875,5.20019265140116,20,518.0,0.179571095707471,5,66.0,0.4699031595655316,25,584.0
4250.0,33,387.0,5.863636363636363,4.776877173935042,22,513.0,0.16875374263307713,11,77.0,0.44703286236973916,33,590.0
4255.0,33,520.0,7.536231884057971,4.8064439548976505,22,556.0,0.22912127130961182,11,118.0,0.44694829983504114,33,674.0
4260.0,27,496.0,6.794520547945205,5.202504480362377,18,546.0,0.28218367520786397,9,140.0,0.4867396380730087,27,686.0
4265.0,36,577.0,7.397435897435898,5.051814988334162,24,587.0,0.339953118939885,12,151.0,0.3885622902989536,36,738.0
4270.0,41,631.0,7.8875,4.16387280205446,23,615.0,0.2927036337299844,18,205.0,0.2336371832869825,41,820.0
4275.0,37,446.0,5.373493975903615,3.862231230453489,20,545.0,0.2460975921674866,17,241.0,0.131019858237789,37,786.0
4280.0,30,433.0,5.216867469879518,4.436649868369386,18,510.0,0.23331649143993424,12,219.0,0.16900897023908892,30,729.0
4285.0,29,493.0,5.8,5.183094820122251,19,538.0,0.1966418062121631,10,208.0,0.30824554603720283,29,746.0
4290.0,31,527.0,6.426829268292683,4.6361282257459875,21,584.0,0.09799625504631597,10,235.0,0.3644638207839575,31,819.0
4295.0,41,605.0,7.756410256410256,3.8003420478426713,28,679.0,0.05459397415866655,13,244.0,0.35063736096362386,41,923.0
4300.0,45,774.0,10.32,3.5411747791131702,30,784.0,0.1157435298405734,15,284.0,0.2977518419334391,45,1068.0
4305.0,41,865.0,11.533333333333333,3.0862319262021267,27,847.0,0.1008094853432336,14,291.0,0.21007969666452897,41,1138.0
4310.0,33,802.0,10.552631578947368,4.184806031463611,19,837.0,0.14049993682009912,14,317.0,0.2299169851596827,33,1154.0
4315.0,33,879.0,11.56578947368421,4.765493766678988,16,832.0,0.21001211880219464,17,319.0,0.16665079656013707,33,1151.0
4320.0,36,832.0,10.805194805194805,4.45347483375611,16,780.0,0.21671700467657118,20,375.0,0.16511173217747196,36,1155.0
4325.0,30,617.0,8.690140845070422,4.615289395275698,17,710.0,0.18722479958125135,13,394.0,0.2585445232879487,30,1104.0
4330.0,29,431.0,6.432835820895522,4.465354654027403,19,649.0,0.16587434194016024,10,319.0,0.3226183124867401,29,968.0
4335.0,33,441.0,6.3,4.517045314075561,18,667.0,0.17621805558395467,15,254.0,0.33065009369483567,33,921.0
4340.0,36,484.0,6.914285714285715,4.547936095238889,21,665.0,0.22978154301126924,15,257.0,0.3324454757400368,36,922.0
4345.0,37,497.0,7.0,3.975254179786801,20,681.0,0.19627128762848392,17,260.0,0.3128716141221858,37,941.0
4350.0,29,399.0,5.541666666666667,4.421001838402274,14,600.0,0.3219953432177493,15,297.0,0.18455291767742213,29,897.0
4355.0,24,380.0,5.428571428571429,4.879138934524345,12,557.0,0.3535559678299115,12,280.0,0.12654459398071644,24,837.0
4360.0,24,425.0,5.985915492957746,5.048355530404325,13,528.0,0.31942724708675013,11,290.0,0.2102468649474314,24,818.0
4365.0,32,487.0,6.859154929577465,4.38984399310235,17,463.0,0.22257622369233254,15,338.0,0.22087066364879776,32,801.0
4370.0,38,487.0,7.161764705882353,3.463823518802801,23,448.0,0.1606585246412856,15,372.0,0.26038406554223176,38,820.0
4375.0,32,557.0,8.313432835820896,4.2304752474255505,22,481.0,0.10350053153614333,10,359.0,0.3341066452269249,32,840.0
4380.0,32,520.0,7.7611940298507465,3.8449873539395307,22,551.0,0.012547699538727614,10,345.0,0.3060586439837771,32,896.0
4385.0,35,636.0,9.352941176470589,5.128075849886592,21,598.0,0.081223914441808,14,338.0,0.34726742785956904,35,936.0
4390.0,30,499.0,7.5606060606060606,5.011943403915188,17,614.0,0.18485188154950521,13,272.0,0.3450458350235549,30,886.0
4395.0,21,295.0,4.609375,5.594879828795079,8,517.0,0.27897807023087995,13,220.0,0.3033317097721055,21,737.0
4400.0,23,322.0,5.03125,5.7005477296684735,7,435.0,0.3535347214043777,16,241.0,0.23273258021028104,23,676.0
4405.0,18,236.0,3.6875,5.595305534904858,8,372.0,0.2143299988929156,10,212.0,0.26354652706388115,18,584.0
4410.0,24,261.0,4.209677419354839,5.037332200278495,13,303.0,0.14433723593985076,11,216.0,0.3191677012557444,24,519.0
4415.0,30,354.0,5.80327868852459,5.080787970262426,13,307.0,0.2563955125297896,17,269.0,0.29264761049673677,30,576.0
4420.0,22,375.0,6.3559322033898304,5.075458325042176,6,253.0,0.3916336597088249,16,305.0,0.23787500617116827,22,558.0
4425.0,19,437.0,7.666666666666667,5.818646562127876,7,248.0,0.421036456920022,12,304.0,0.2438747881137451,19,552.0
4430.0,16,327.0,5.839285714285714,5.735519766750655,6,199.0,0.24769397107372493,10,278.0,0.2676962114008545,16,477.0
4435.0,22,383.0,7.092592592592593,6.2535407234805165,7,214.0,0.317326375202624,15,254.0,0.27003851066408696,22,468.0
4440.0,19,195.0,3.9,5.428908014567372,5,105.0,0.36604916948136285,14,239.0,0.25269721068416917,19,344.0
4445.0,19,252.0,4.9411764705882355,6.632025188623266,5,120.0,0.5998415890792662,14,211.0,0.2592988104440048,19,331.0
4450.0,20,251.0,4.921568627450981,5.486527320554273,4,119.0,0.5106404236515246,16,245.0,0.21532615469744515,20,364.0
4455.0,22,344.0,6.254545454545455,6.283415256080828,5,130.0,0.5522058474284551,17,294.0,0.26984663750128635,22,424.0
4460.0,20,330.0,6.226415094339623,5.780301613782145,6,156.0,0.45284350089606945,14,306.0,0.3119255455775928,20,462.0
4465.0,15,140.0,2.5454545454545454,6.299444629093936,6,72.0,0.42112474872637734,9,236.0,0.32360545786806966,15,308.0
4470.0,18,164.0,3.037037037037037,5.376118057507311,7,76.0,0.40385314261961086,11,257.0,0.25525722969471354,18,333.0
4475.0,20,202.0,3.672727272727273,5.3227231381216,5,86.0,0.3159808936982981,15,297.0,0.27031304061583733,20,383.0
4480.0,22,219.0,3.8421052631578947,5.4174353138095785,9,99.0,0.40230012885409894,13,316.0,0.2623744831053285,22,415.0
4485.0,21,255.0,4.553571428571429,5.2573239186581775,6,113.0,0.47905769046650476,15,310.0,0.19667952790093368,21,423.0
4490.0,23,313.0,5.90566037735849,5.700822534111854,6,123.0,0.5744930063866684,17,357.0,0.169279809803773,23,480.0
4495.0,21,315.0,5.833333333333333,5.560002137595558,4,67.0,0.5466830054394536,17,415.0,0.12800331077927357,21,482.0
4500.0,24,321.0,5.944444444444445,5.054564269190782,8,78.0,0.34126610564473725,16,396.0,0.2444538470143311,24,474.0
4505.0,19,258.0,4.777777777777778,5.4829214677429094,9,112.0,0.24404328020838956,10,285.0,0.33310898147386725,19,397.0
4510.0,12,217.0,4.254901960784314,6.349486169465602,5,118.0,0.33403780689189194,7,260.0,0.30047436079734835,12,378.0
4515.0,13,127.0,2.6458333333333335,6.486957925310025,4,104.0,0.4428537908002011,9,225.0,0.19959624136788903,13,329.0
4520.0,17,175.0,3.723404255319149,6.171099345580244,7,78.0,0.4394196077112983,10,236.0,0.2572887563999292,17,314.0
4525.0,14,166.0,3.9523809523809526,6.328865203761541,5,78.0,0.42553765249678,9,227.0,0.3683326522638666,14,305.0
4530.0,14,191.0,4.340909090909091,5.481961608503809,5,65.0,0.19732594111051796,9,248.0,0.3594108286048908,14,313.0
4535.0,16,196.0,4.260869565217392,5.98398842822703,5,57.0,0.36573664473399375,11,273.0,0.3332669176606221,16,330.0
4540.0,13,126.0,2.8,6.350012680952433,1,16.0,0.6016665895244839,12,246.0,0.26920858951774834,13,262.0
4545.0,16,172.0,3.8222222222222224,6.310604001552234,2,24.0,0.7257191868698464,14,258.0,0.16146179347598522,16,282.0
4550.0,16,215.0,5.0,6.2153669758104275,1,13.0,0.7626123878266428,15,320.0,0.10551539271550876,16,333.0
4555.0,16,281.0,6.386363636363637,7.353955642067262,2,16.0,0.70248317815864,14,374.0,0.18353392440164895,16,390.0
4560.0,16,259.0,6.475,6.066694563917459,4,27.0,0.5429614975259003,12,364.0,0.12684366763916724,16,391.0
4565.0,12,212.0,5.578947368421052,6.061815706299304,3,35.0,0.41370150943832507,9,294.0,0.1940395083640462,12,329.0
4570.0,14,160.0,4.571428571428571,5.428009141104179,6,47.0,0.39353771534822285,8,236.0,0.13380189986419572,14,283.0
4575.0,12,132.0,3.5675675675675675,6.597546509746219,5,64.0,0.26081695844383834,7,160.0,0.33910332348721733,12,224.0
4580.0,11,134.0,3.6216216216216215,7.131909327797793,5,75.0,0.3858895958118315,6,162.0,0.3755911772690285,11,237.0
4585.0,10,133.0,3.5,7.866457114348954,3,41.0,0.5568565087485028,7,176.0,0.4989027870710272,10,217.0
4590.0,12,135.0,3.6486486486486487,7.456514908139494,3,53.0,0.6290702047589871,9,160.0,0.46753713063944996,12,213.0
4595.0,11,154.0,3.7560975609756095,7.398452324934159,1,46.0,0.6996643501740524,10,205.0,0.35186784100882956,11,251.0
4600.0,11,119.0,2.975,6.769108298592094,3,34.0,0.5964844714492172,8,170.0,0.32438261516020894,11,204.0
4605.0,10,105.0,2.625,6.706742874516374,2,12.0,0.462688992747508,8,133.0,0.2941638929179744,10,145.0
4610.0,13,105.0,2.5,6.471859504335384,5,26.0,0.2851373026176255,8,122.0,0.270949179266187,13,148.0
4615.0,13,134.0,3.116279069767442,7.692269132802359,5,48.0,0.39053337390807596,8,112.0,0.48394050614421147,13,160.0
4620.0,8,102.0,2.55,8.228303729611984,3,45.0,0.5682681515362447,5,94.0,0.5253948028556538,8,139.0
4625.0,9,146.0,3.5609756097560976,8.16718619104306,3,62.0,0.5305387804445225,6,104.0,0.5190178643554865,9,166.0
4630.0,12,153.0,3.731707317073171,7.188186862931049,5,84.0,0.6098583967107186,7,112.0,0.30547485324431733,12,196.0
4635.0,15,184.0,4.972972972972973,5.532950894808068,4,94.0,0.6097453104552394,11,110.0,0.13645850915500507,15,204.0
4640.0,17,201.0,5.4324324324324325,4.761232452111019,7,119.0,0.4673371967782939,10,114.0,0.15518182225998461,17,233.0
4645.0,18,245.0,6.621621621621622,5.188510882262969,10,164.0,0.36798729256067264,8,104.0,0.2215194303069717,18,268.0
4650.0,15,232.0,5.948717948717949,5.278596032096323,9,185.0,0.27779215030555066,6,95.0,0.26207853793541297,15,280.0
4655.0,11,237.0,5.925,7.198957056388338,7,177.0,0.41541196970633043,4,76.0,0.49913041381258305,11,253.0
4660.0,8,203.0,5.075,6.837096198678251,6,198.0,0.4535229971446911,2,43.0,0.4237144573404334,8,241.0
4665.0,13,263.0,6.116279069767442,8.04437354385719,9,240.0,0.5509958214656493,4,42.0,0.5034605382676055,13,282.0
4670.0,13,165.0,3.9285714285714284,5.940189447211766,10,172.0,0.36921297839838235,3,42.0,0.5584284576038898,13,214.0
4675.0,18,240.0,5.217391304347826,5.959272818365281,13,206.0,0.32053085890666333,5,59.0,0.5652960663373304,18,265.0
4680.0,16,221.0,4.169811320754717,5.919294441167757,15,242.0,0.31919341985500577,1,41.0,0.6164022893321568,16,283.0
4685.0,12,225.0,4.166666666666667,7.1141989047671075,10,241.0,0.38382565735673074,2,41.0,0.6319516942649566,12,282.0
4690.0,16,254.0,4.456140350877193,6.751791116839956,12,269.0,0.3660187885251572,4,49.0,0.5333006051476288,16,318.0
4695.0,24,331.0,5.610169491525424,5.9500529539666855,18,316.0,0.3207194204402377,6,74.0,0.4106857395337596,24,390.0
4700.0,24,244.0,4.206896551724138,4.582658293828148,19,283.0,0.27927517698076215,5,89.0,0.33488268567887586,24,372.0
4705.0,28,354.0,5.619047619047619,5.563257481659049,20,292.0,0.2862270077627892,8,129.0,0.5309977671131261,28,421.0
4710.0,27,350.0,5.46875,5.095768547709783,21,343.0,0.20877449681069482,6,92.0,0.5288141115057875,27,435.0
4715.0,25,351.0,5.318181818181818,5.32214020481355,17,351.0,0.20107789499800402,8,106.0,0.45233199559199055,25,457.0
4720.0,25,340.0,5.151515151515151,4.265929908285546,17,382.0,0.21540909728683835,8,106.0,0.23503702273629634,25,488.0
4725.0,28,392.0,5.850746268656716,5.776873454640377,17,412.0,0.29737841298522916,11,119.0,0.37925428175494386,28,531.0
4730.0,27,346.0,5.40625,5.046536410884595,19,423.0,0.2565573179433908,8,139.0,0.360925822971186,27,562.0
4735.0,26,280.0,4.3076923076923075,5.013746025483045,20,425.0,0.17192869340905131,6,124.0,0.43080767463709396,26,549.0
4740.0,29,256.0,4.063492063492063,3.855269219611118,23,479.0,0.0951250527365149,6,88.0,0.4217752367702672,29,567.0
4745.0,25,278.0,4.483870967741935,4.844693624875781,17,484.0,0.1736340242132184,8,72.0,0.40423307780056816,25,556.0
4750.0,23,301.0,4.854838709677419,4.769427072920554,15,501.0,0.24551643827349862,8,97.0,0.2747371291856869,23,598.0
4755.0,27,351.0,5.754098360655738,4.938634924845534,17,521.0,0.21711892864432178,10,128.0,0.3809734483718271,27,649.0
4760.0,26,278.0,4.483870967741935,4.865340947402789,19,529.0,0.1739146695174048,7,127.0,0.5100074246157857,26,656.0
4765.0,27,348.0,5.4375,5.251058634279869,22,535.0,0.1550453225468374,5,102.0,0.579929050305969,27,637.0
4770.0,30,348.0,5.612903225806452,4.940284130256995,22,577.0,0.17372646325878052,8,94.0,0.46344326136443986,30,671.0
4775.0,22,305.0,4.919354838709677,5.027237387047654,14,558.0,0.22888368388174546,8,86.0,0.31312382648892007,22,644.0
4780.0,22,356.0,6.137931034482759,4.864779787214799,11,524.0,0.298458536092451,11,105.0,0.10886790275928253,22,629.0
4785.0,22,376.0,6.5964912280701755,5.5858089440212755,10,457.0,0.36932860191545946,12,145.0,0.11781658858321878,22,602.0
4790.0,19,268.0,4.962962962962963,5.753278050062,10,369.0,0.2824460050305935,9,147.0,0.3285396810007213,19,516.0
4795.0,20,308.0,5.811320754716981,5.754007600394122,13,406.0,0.2583875280709353,7,139.0,0.4868409832658631,20,545.0
4800.0,16,272.0,5.333333333333333,5.581483954809663,12,423.0,0.310170135477358,4,118.0,0.35431896403549984,16,541.0
4805.0,15,217.0,4.34,5.619840973394554,10,397.0,0.2654243739151044,5,57.0,0.3203352887679202,15,454.0
4810.0,17,183.0,3.588235294117647,6.351608563005138,12,326.0,0.13688773810468274,5,82.0,0.5577241136988181,17,408.0
4815.0,21,223.0,4.288461538461538,5.960820053110312,17,331.0,0.13207173229418662,4,64.0,0.5825302910378178,21,395.0
4820.0,21,286.0,5.958333333333333,6.000832794929811,15,323.0,0.21870896972441992,6,95.0,0.5453881873930165,21,418.0
4825.0,22,263.0,5.1568627450980395,4.735059117496424,14,352.0,0.31940981678040326,8,89.0,0.32751686550015624,22,441.0
4830.0,17,226.0,4.346153846153846,5.91300997076104,8,318.0,0.4254400551390825,9,99.0,0.32721456866179777,17,417.0
4835.0,16,229.0,4.490196078431373,4.858897392267327,6,306.0,0.3295936644399393,10,115.0,0.23557630304012028,16,421.0
4840.0,18,299.0,5.537037037037037,5.957534474450297,11,336.0,0.23268460995691292,7,115.0,0.37156221799411665,18,451.0
4845.0,21,344.0,6.142857142857143,5.504434739410562,12,351.0,0.09259574446909975,9,140.0,0.39160588419196024,21,491.0
4850.0,16,375.0,7.352941176470588,6.093932892332594,7,341.0,0.25276317403075643,9,150.0,0.3366094880072562,16,491.0
4855.0,15,330.0,7.0212765957446805,5.034851386590167,5,271.0,0.4168327850872249,10,180.0,0.13150412221066057,15,451.0
4860.0,22,391.0,7.82,5.135119384209739,12,249.0,0.36623453703378583,10,212.0,0.22395564737419582,22,461.0
4865.0,20,302.0,5.592592592592593,5.866568788737862,11,160.0,0.42027194092802195,9,243.0,0.3398720174174784,20,403.0
4870.0,23,338.0,5.827586206896552,5.49314507815054,17,188.0,0.3621352041594539,6,241.0,0.4095704423175176,23,429.0
4875.0,25,392.0,6.6440677966101696,5.450630122958693,16,228.0,0.3246716657760555,9,241.0,0.42384996172151357,25,469.0
4880.0,21,375.0,6.25,4.837872724673866,14,219.0,0.21253256585766156,7,268.0,0.31415959127738935,21,487.0
4885.0,19,391.0,6.409836065573771,4.856729887021797,12,277.0,0.28152862869833944,7,279.0,0.18926617134368567,19,556.0
4890.0,22,265.0,4.491525423728813,5.035595629898373,15,314.0,0.27960674477714353,7,173.0,0.3104862586370935,22,487.0
4895.0,28,298.0,4.966666666666667,4.622941045272802,19,323.0,0.1431350131133388,9,156.0,0.493832498881632,28,479.0
4900.0,29,330.0,5.32258064516129,5.315000982622341,22,394.0,0.21392911667607672,7,152.0,0.4816097706410461,29,546.0
4905.0,28,403.0,6.296875,4.840523672022208,19,430.0,0.23710600102208487,9,151.0,0.38456511612891847,28,581.0
4910.0,20,336.0,5.333333333333333,5.1601999453331135,12,396.0,0.33633703556394057,8,166.0,0.29892143629448187,20,562.0
4915.0,18,201.0,3.0454545454545454,4.651120726807719,10,358.0,0.2510400644599985,8,151.0,0.27027259268402615,18,509.0
4920.0,21,201.0,2.9130434782608696,5.253011141364465,14,345.0,0.3013188187356781,7,142.0,0.26068250456764386,21,487.0
4925.0,32,228.0,3.081081081081081,5.774440633678196,21,391.0,0.2921330086352805,11,129.0,0.40108693674931195,32,520.0
4930.0,32,342.0,4.5,5.833280850506181,23,455.0,0.25528893999756486,9,157.0,0.5227020262762552,32,612.0
4935.0,34,434.0,5.636363636363637,5.08711212155737,23,490.0,0.24558375208810304,11,199.0,0.47711284830150186,34,689.0
4940.0,30,369.0,4.792207792207792,4.852690317612045,19,444.0,0.27898296887851515,11,201.0,0.33551030588326464,30,645.0
4945.0,25,391.0,4.949367088607595,5.002028291437139,15,405.0,0.24201629617322906,10,167.0,0.2197735081022,25,572.0
4950.0,24,451.0,5.782051282051282,4.9572636638512,16,413.0,0.17345232868549673,8,198.0,0.18176292781752232,24,611.0
4955.0,31,526.0,7.013333333333334,4.370524362979402,17,470.0,0.2009701398684622,14,249.0,0.1235919186932777,31,719.0
4960.0,37,513.0,7.544117647058823,3.4900469777440133,21,457.0,0.1517354888661321,16,288.0,0.2165656269685125,37,745.0
4965.0,32,527.0,7.75,3.828751491603349,24,471.0,0.13840090671746613,8,296.0,0.2725924296903895,32,767.0
4970.0,27,357.0,5.1,4.8970577531983706,22,521.0,0.18486864696351948,5,211.0,0.39934268426616315,27,732.0
4975.0,31,442.0,5.972972972972973,5.556818394873789,23,559.0,0.2288683353891559,8,132.0,0.41767820341178213,31,691.0
4980.0,31,472.0,6.2105263157894735,4.705999717566694,22,589.0,0.1690339377642723,9,156.0,0.36411786947921276,31,745.0
4985.0,24,327.0,4.1923076923076925,5.609294279201909,18,542.0,0.23596617275506263,6,148.0,0.38611290022446954,24,690.0
4990.0,22,362.0,4.891891891891892,5.576937729686081,14,507.0,0.25838211085627916,8,163.0,0.36539255552108196,22,670.0
4995.0,28,421.0,5.6891891891891895,5.302797352164918,14,476.0,0.2639489824691216,14,213.0,0.2417806186981481,28,689.0
5000.0,31,420.0,5.7534246575342465,4.329891568866764,15,448.0,0.19657575904192587,16,261.0,0.24913721837614292,31,709.0
5005.0,28,438.0,6.0,4.723601089305446,17,459.0,0.14783840520970384,11,270.0,0.3933605882747728,28,729.0
5010.0,31,414.0,5.594594594594595,4.705722882214456,21,481.0,0.11643185764810851,10,261.0,0.3851757825042262,31,742.0
5015.0,38,528.0,7.232876712328767,4.3562782066650145,21,514.0,0.1749937141258321,17,326.0,0.3065932277805024,38,840.0
5020.0,34,407.0,5.575342465753424,3.931004380468102,14,492.0,0.2508635853593576,20,331.0,0.18643817689587217,34,823.0
5025.0,31,431.0,5.746666666666667,4.711678477857494,12,477.0,0.2685403953035046,19,326.0,0.2195753873089428,31,803.0
5030.0,29,468.0,6.324324324324325,5.458580781640968,11,467.0,0.32972866011887125,18,365.0,0.31078036431472095,29,832.0
5035.0,27,371.0,4.946666666666666,5.170911053954817,13,434.0,0.2439896114215218,14,353.0,0.3522102281847266,27,787.0
5040.0,28,280.0,3.7837837837837838,4.399657836692816,14,384.0,0.21835020613722306,14,386.0,0.27497701102919403,28,770.0
5045.0,38,434.0,5.636363636363637,4.973907195453936,17,409.0,0.3023771079385442,21,461.0,0.29899985685133257,38,870.0
5050.0,38,472.0,6.12987012987013,4.548038868810524,14,436.0,0.3259145198647402,24,516.0,0.2367992979545367,38,952.0
5055.0,35,501.0,6.68,4.307125001282162,12,400.0,0.30420222721175566,23,571.0,0.14555848005585625,35,971.0
5060.0,36,574.0,7.454545454545454,3.6728897605923527,12,412.0,0.2920905460991339,24,618.0,0.0344778413887508,36,1030.0
5065.0,37,581.0,7.851351351351352,4.357135062369274,18,429.0,0.28420064433261855,19,587.0,0.12370453558482906,37,1016.0
5070.0,32,493.0,6.943661971830986,4.131879818265924,18,408.0,0.16652500605987555,14,540.0,0.2551901569112824,32,948.0
5075.0,33,399.0,5.619718309859155,4.077330999480373,19,340.0,0.22948140919885684,14,495.0,0.20708607479943866,33,835.0
5080.0,38,440.0,6.285714285714286,4.237013091566912,20,394.0,0.27328660962381723,18,492.0,0.2518280838194428,38,886.0
5085.0,38,574.0,7.863013698630137,4.069065705406833,21,449.0,0.24842238588231355,17,520.0,0.2750762515282395,38,969.0
5090.0,35,553.0,7.472972972972973,4.0120710540179285,22,461.0,0.12054463021614745,13,471.0,0.35680640916482326,35,932.0
5095.0,27,428.0,5.706666666666667,4.31500669593478,16,413.0,0.16184293851439197,11,441.0,0.26017013075593726,27,854.0
5100.0,28,430.0,5.584415584415584,4.462281092799812,13,419.0,0.22839189633214355,15,426.0,0.1318802767100643,28,845.0
5105.0,35,439.0,5.8533333333333335,3.9333452424618,14,428.0,0.20973961090106677,21,470.0,0.12821002050621957,35,898.0
5110.0,42,470.0,6.266666666666667,4.140047553415457,20,449.0,0.27964556862824197,22,476.0,0.15597314038914206,42,925.0
5115.0,41,584.0,7.786666666666667,3.9226629317251014,22,482.0,0.26510544911550704,19,511.0,0.17579684781057192,41,993.0
5120.0,38,574.0,7.756756756756757,3.7289053268702217,24,501.0,0.1564018430074221,14,494.0,0.23903678438940362,38,995.0
5125.0,28,553.0,7.472972972972973,5.138264611836213,16,435.0,0.19160817870018063,12,483.0,0.2930940761049844,28,918.0
5130.0,24,352.0,4.756756756756757,5.01646902386983,12,388.0,0.2394619006693566,12,399.0,0.1902654245929248,24,787.0
5135.0,27,313.0,4.4714285714285715,5.3185519067018605,8,318.0,0.31447688261914275,19,344.0,0.11241630218815006,27,662.0
5140.0,30,365.0,5.703125,4.776911223915734,12,305.0,0.2752150494209688,18,396.0,0.23464435458443914,30,701.0
5145.0,32,474.0,7.523809523809524,4.058267794830041,15,338.0,0.22333337316350294,17,412.0,0.24170531837867354,32,750.0
5150.0,24,483.0,8.186440677966102,3.9693445345269,9,321.0,0.2903853347154374,15,427.0,0.1503701476347922,24,748.0
5155.0,17,443.0,7.262295081967213,5.766848965930175,8,297.0,0.3816429718679115,9,380.0,0.24032172010966601,17,677.0
5160.0,17,329.0,5.483333333333333,5.217453664285254,9,296.0,0.18951510850091224,8,320.0,0.23411407535229636,17,616.0
5165.0,24,291.0,4.770491803278689,5.318972855544995,13,302.0,0.17558545768718872,11,261.0,0.24341823427609346,24,563.0
5170.0,24,350.0,5.932203389830509,4.749910371064027,13,338.0,0.20919019960653526,11,254.0,0.2999800010448006,24,592.0
5175.0,15,339.0,5.947368421052632,5.779820833679863,9,339.0,0.30076511094742653,6,195.0,0.34609853473037266,15,534.0
5180.0,16,265.0,4.732142857142857,5.829264143262756,8,272.0,0.34050790932218034,8,194.0,0.2916789233480414,16,466.0
5185.0,22,268.0,4.620689655172414,5.539010464726212,9,179.0,0.34222774083719043,13,199.0,0.24647025238714731,22,378.0
5190.0,24,307.0,5.385964912280702,4.844848346968887,9,193.0,0.3937675759887464,15,238.0,0.1752171260855485,24,431.0
5195.0,21,374.0,7.1923076923076925,4.854519466373053,9,220.0,0.36657611108341304,12,246.0,0.26617469256208687,21,466.0
5200.0,21,234.0,4.254545454545455,5.05707611353605,9,168.0,0.34287194926685977,12,203.0,0.28657235195016256,21,371.0
5205.0,25,330.0,5.5,5.79032843986339,12,204.0,0.3031258409091951,13,222.0,0.3682511803746944,25,426.0
5210.0,24,317.0,5.112903225806452,5.648901893052518,11,203.0,0.36309514792542363,13,252.0,0.324945158858008,24,455.0
5215.0,16,298.0,4.885245901639344,6.684788736378376,5,142.0,0.4188004562166567,11,258.0,0.39968117757466187,16,400.0
5220.0,15,315.0,4.921875,6.263115067752645,4,127.0,0.3803840860632438,11,274.0,0.3138092107521512,15,401.0
5225.0,21,274.0,3.914285714285714,5.924799076252199,7,80.0,0.27034456529969525,14,284.0,0.31704994653488255,21,364.0
5230.0,27,249.0,3.772727272727273,5.517296980281493,12,104.0,0.2491277615558496,15,265.0,0.3588906681462428,27,369.0
5235.0,28,256.0,4.063492063492063,4.796701779392844,12,148.0,0.23616948252761766,16,243.0,0.3198169363217718,28,391.0
5240.0,23,284.0,4.813559322033898,4.242165219523859,6,141.0,0.3145634678429481,17,300.0,0.18292669254690774,23,441.0
5245.0,29,293.0,4.80327868852459,4.210282204672702,7,102.0,0.26065664926483445,22,365.0,0.13852970484138621,29,467.0
5250.0,33,383.0,6.278688524590164,4.417462405590751,11,106.0,0.2929982609896883,22,437.0,0.13160592920848962,33,543.0
5255.0,29,428.0,7.254237288135593,4.627011466069747,9,110.0,0.4093206812571325,20,480.0,0.14154917352646734,29,590.0
5260.0,29,422.0,6.698412698412699,5.032489928632417,12,150.0,0.4434512601426702,17,493.0,0.19829440626538156,29,643.0
5265.0,22,302.0,4.7936507936507935,5.016251225260972,8,149.0,0.34668195165860755,14,411.0,0.2574088706432731,22,560.0
5270.0,19,209.0,3.6666666666666665,4.938929898880221,7,107.0,0.2725942272170668,12,376.0,0.24034747853018035,19,483.0
5275.0,19,192.0,3.2542372881355934,4.772737639693004,5,124.0,0.27622469494010876,14,350.0,0.1781909609055047,19,474.0
5280.0,31,244.0,4.0,4.376323474821005,12,157.0,0.1763181774266601,19,391.0,0.2068981831386653,31,548.0
5285.0,26,313.0,5.6909090909090905,4.892094023727403,11,171.0,0.3150205180301588,15,397.0,0.27919993356518996,26,568.0
5290.0,20,309.0,5.517857142857143,5.4932507345971695,5,139.0,0.4220451451282421,15,390.0,0.1988117997836897,20,529.0
5295.0,13,246.0,4.169491525423729,5.686713887182017,4,116.0,0.36092418482570393,9,345.0,0.19573935385495891,13,461.0
5300.0,21,260.0,4.642857142857143,6.111388189446228,11,142.0,0.23620420783949606,10,324.0,0.36085826048532316,21,466.0
5305.0,23,261.0,4.9245283018867925,5.403461636227642,12,167.0,0.2500132792225541,11,279.0,0.33523458000417716,23,446.0
5310.0,14,242.0,4.938775510204081,5.416525329525216,4,150.0,0.40593127626559544,10,298.0,0.24926430005498018,14,448.0
5315.0,18,214.0,4.28,4.965420782875281,4,71.0,0.3567915613902263,14,331.0,0.20461797661491507,18,402.0
5320.0,22,259.0,4.980769230769231,5.396956453521602,11,98.0,0.30411430952417695,11,342.0,0.2526890076154665,22,440.0
5325.0,20,300.0,6.25,5.8672916132634185,10,123.0,0.23177826035598645,10,314.0,0.38366018633695403,20,437.0
5330.0,12,273.0,5.6875,6.107933130443651,5,93.0,0.29858136647057965,7,279.0,0.3231865186177456,12,372.0
5335.0,10,260.0,5.531914893617022,7.680425010123485,3,63.0,0.5596976455170052,7,275.0,0.32708218248397414,10,338.0
5340.0,14,153.0,2.9423076923076925,7.9672672971573055,7,83.0,0.5613566531667786,7,179.0,0.4127916076659599,14,262.0
5345.0,11,74.0,1.4509803921568627,7.632732543028581,7,89.0,0.5100879899761558,4,75.0,0.4318066313308767,11,164.0
5350.0,15,113.0,2.26,6.809841806344182,9,83.0,0.4290863039420394,6,79.0,0.44277793973937474,15,162.0
5355.0,20,184.0,3.9148936170212765,5.438902487427531,11,122.0,0.3668138596082142,9,106.0,0.3646971642819922,20,228.0
5360.0,22,239.0,4.979166666666667,4.547879312412136,15,176.0,0.20627862809156372,7,110.0,0.36207459773132294,22,286.0
5365.0,21,259.0,5.395833333333333,5.817077571913536,14,199.0,0.21612547221059558,7,132.0,0.48880151583295695,21,331.0
5370.0,11,136.0,3.022222222222222,6.093317758730082,6,160.0,0.22863965593317007,5,108.0,0.42544088030288263,11,268.0
5375.0,10,136.0,3.022222222222222,7.583703168323119,6,136.0,0.42819371151292557,4,61.0,0.37579250388805346,10,197.0
5380.0,12,110.0,2.5,6.837049811585763,7,122.0,0.4634535893838421,5,57.0,0.15572141975818632,12,179.0
5385.0,15,147.0,3.5,6.752985967909574,8,116.0,0.4115966509913444,7,82.0,0.30347724633123757,15,198.0
5390.0,11,82.0,2.2162162162162162,6.173263137024804,8,91.0,0.31607923628747514,3,75.0,0.5837614678312144,11,166.0
5395.0,15,139.0,3.7567567567567566,6.4640400110475245,12,129.0,0.19968537291094976,3,60.0,0.6519887185393997,15,189.0
5400.0,15,144.0,3.6,6.098582261754131,11,146.0,0.1709325387222425,4,72.0,0.6084954191114912,15,218.0
5405.0,9,133.0,3.022727272727273,7.866230875912248,5,108.0,0.40186930688180356,4,86.0,0.5959606357372618,9,194.0
5410.0,4,63.0,1.4651162790697674,7.260228978977509,2,86.0,0.3016426863703328,2,53.0,0.61965607771822,4,139.0
5415.0,13,120.0,2.7906976744186047,7.893833008021685,7,87.0,0.3682212235787639,6,75.0,0.5576766245459411,13,162.0
5420.0,9,117.0,2.7209302325581395,7.07358554121643,5,83.0,0.46231708948283873,4,64.0,0.3832346254991025,9,147.0
5425.0,14,169.0,3.7555555555555555,7.543524985943548,6,63.0,0.42002526322688766,8,88.0,0.3723978891726019,14,151.0
5430.0,11,129.0,3.0,7.540801771394388,5,62.0,0.35536207062881703,6,101.0,0.4294176921893264,11,163.0
5435.0,11,148.0,3.148936170212766,8.619222820222104,6,58.0,0.3986405790406221,5,107.0,0.6162602579558621,11,165.0
5440.0,10,107.0,2.3260869565217392,8.38303437645717,7,80.0,0.5381840074114547,3,53.0,0.590186924451969,10,133.0
5445.0,10,132.0,3.0,7.505643688492724,4,91.0,0.48606711582006995,6,60.0,0.5218077152981008,10,151.0
5450.0,14,134.0,2.9130434782608696,6.483774015808764,5,94.0,0.45005506865531625,9,59.0,0.3159376613873074,14,153.0
5455.0,16,139.0,2.836734693877551,5.976379898248796,5,88.0,0.4184520931062103,11,92.0,0.17096894214293823,16,180.0
5460.0,18,175.0,3.4313725490196076,6.307845174504245,8,89.0,0.40117170736664853,10,125.0,0.33598993446646663,18,214.0
5465.0,17,206.0,4.204081632653061,6.650882491806244,7,114.0,0.5069501081293206,10,126.0,0.3889263152258231,17,240.0
5470.0,17,203.0,3.980392156862745,6.625954474277635,10,133.0,0.4600536661996969,7,122.0,0.42316795173284943,17,255.0
5475.0,11,143.0,2.69811320754717,6.151558353995224,7,111.0,0.3195093857987581,4,80.0,0.4252491613926965,11,191.0
5480.0,18,156.0,2.7857142857142856,6.885108603266687,14,148.0,0.21146181514343484,4,47.0,0.5897620255249152,18,195.0
5485.0,20,156.0,2.7857142857142856,6.745732506752394,13,174.0,0.3271652554642195,7,48.0,0.4351097030794303,20,222.0
5490.0,16,130.0,2.3214285714285716,7.058454028551446,7,140.0,0.45695319519698097,9,74.0,0.3307503115123232,16,214.0
5495.0,16,155.0,3.1,5.915088109132812,7,151.0,0.3069811447650309,9,92.0,0.1899614212960264,16,243.0
5500.0,20,127.0,2.4423076923076925,4.777360135800495,13,164.0,0.1799299942687083,7,99.0,0.2801591979868484,20,263.0
5505.0,23,199.0,3.7547169811320753,5.180863374691227,14,226.0,0.28364050435493,9,86.0,0.3597277930034674,23,312.0
5510.0,22,268.0,5.056603773584905,6.446036667182756,16,299.0,0.40747316891781327,6,94.0,0.5362109372060042,22,393.0
5515.0,21,309.0,5.618181818181818,5.434293251748485,13,313.0,0.35631727909962607,8,114.0,0.4280049801934179,21,427.0
5520.0,20,287.0,4.864406779661017,4.693752335285883,12,277.0,0.294134882426797,8,118.0,0.2691694942250549,20,395.0
5525.0,21,278.0,4.793103448275862,5.034735191415932,12,286.0,0.2654394887394355,9,106.0,0.27145712250916265,21,392.0
5530.0,22,219.0,3.711864406779661,4.547359517916819,15,284.0,0.21297201308988153,7,99.0,0.16985635021914233,22,383.0
5535.0,28,258.0,4.448275862068965,5.100855316600618,19,341.0,0.24429811854312933,9,88.0,0.30331160077424363,28,429.0
5540.0,24,330.0,5.892857142857143,4.905857209969974,19,390.0,0.27108723715868366,5,105.0,0.32936698427380345,24,495.0
5545.0,28,385.0,6.754385964912281,4.812691102530049,21,437.0,0.1509626477382486,7,105.0,0.4540634635166928,28,542.0
5550.0,21,338.0,5.827586206896552,6.01877463143688,16,442.0,0.17566860839102108,5,103.0,0.5789285526372603,21,545.0
5555.0,17,271.0,4.442622950819672,5.823311262333636,13,427.0,0.14368891265125452,4,92.0,0.47636813230830427,17,519.0
5560.0,23,260.0,4.406779661016949,6.277355273837923,14,346.0,0.2256911668520517,9,133.0,0.4753312345407054,23,479.0
5565.0,21,305.0,4.919354838709677,5.916682552686304,14,370.0,0.33690840120318005,7,153.0,0.3657704825377513,21,523.0
5570.0,23,369.0,6.15,6.375128775791624,13,361.0,0.37005134337767337,10,174.0,0.3819810195143834,23,535.0
5575.0,22,350.0,5.932203389830509,5.837888636748445,12,342.0,0.32584340900805153,10,185.0,0.28187331372083796,22,527.0
5580.0,21,397.0,6.844827586206897,5.962632904306207,13,314.0,0.20312569171286607,8,216.0,0.36269984810879685,21,530.0
5585.0,24,291.0,5.017241379310345,4.9148736635985255,17,340.0,0.24683966284873085,7,140.0,0.346615648947243,24,480.0
5590.0,24,307.0,5.385964912280702,5.655273774222636,16,360.0,0.31036672881573285,8,81.0,0.4193735017310533,24,441.0
5595.0,23,336.0,5.694915254237288,5.187941075477965,15,384.0,0.3126517713111139,8,103.0,0.4381917304661055,23,487.0
5600.0,22,385.0,6.209677419354839,5.241251379161161,13,375.0,0.2711590461750637,9,124.0,0.3688412233127958,22,499.0
5605.0,21,370.0,6.065573770491803,4.5660099292180565,13,406.0,0.18043010713643898,8,116.0,0.36297873785558876,21,522.0
5610.0,25,422.0,6.918032786885246,4.760798283297952,18,450.0,0.11435020644654263,7,100.0,0.3422571194627484,25,550.0
5615.0,30,505.0,8.706896551724139,3.831206196807098,22,522.0,0.12360486175594675,8,119.0,0.30279118199100374,30,641.0
5620.0,25,567.0,9.775862068965518,4.910571292186596,14,562.0,0.23653728608426808,11,155.0,0.23586019330037628,25,717.0
5625.0,21,317.0,5.56140350877193,4.612962001063251,11,454.0,0.31267572491992474,10,144.0,0.11077392086367123,21,598.0
5630.0,25,364.0,6.385964912280702,5.426623782785671,15,358.0,0.26654504082970665,10,162.0,0.34304108695725427,25,520.0
5635.0,25,312.0,5.777777777777778,4.286041224267042,19,353.0,0.18621566633988168,6,157.0,0.45727642005557934,25,510.0
5640.0,23,329.0,6.092592592592593,5.214422159647094,19,333.0,0.17090745351767148,4,130.0,0.5347372499096748,23,463.0
5645.0,22,267.0,4.8545454545454545,4.770035452879732,20,384.0,0.14799821667200713,2,58.0,0.4202681329794065,22,442.0
5650.0,31,406.0,6.766666666666667,5.561730244740655,24,490.0,0.20034082691736516,7,39.0,0.48866579302741364,31,529.0
5655.0,25,412.0,6.5396825396825395,5.587778939934121,21,532.0,0.28808476956427026,4,53.0,0.5364120573849055,25,585.0
5660.0,18,225.0,3.75,5.779400491036105,15,472.0,0.23660189845921667,3,38.0,0.5839135074477891,18,510.0
5665.0,13,155.0,2.5833333333333335,6.095540277774126,10,395.0,0.32313842915018304,3,30.0,0.36232497211470227,13,425.0
5670.0,15,138.0,2.1904761904761907,6.70228836631516,9,324.0,0.3255150991405156,6,28.0,0.3755924406460192,15,352.0
5675.0,18,150.0,2.459016393442623,5.931674382072661,12,304.0,0.2669642989134085,6,45.0,0.3639205533071067,18,349.0
5680.0,24,223.0,3.982142857142857,5.6152286909803815,17,308.0,0.2568125953188654,7,59.0,0.3691657949050582,24,367.0
5685.0,17,248.0,4.679245283018868,5.634561031586946,11,265.0,0.22468593560616568,6,75.0,0.3668856167791067,17,340.0
5690.0,18,258.0,4.867924528301887,4.720612177840092,10,271.0,0.13232840264817455,8,81.0,0.19540523080654545,18,352.0
5695.0,22,256.0,4.923076923076923,4.823014957518169,16,300.0,0.19048177554773119,6,74.0,0.28739899046136425,22,374.0
5700.0,22,334.0,6.30188679245283,5.928488048698853,15,337.0,0.33379872081961764,7,80.0,0.4808817581762386,22,417.0
5705.0,14,330.0,6.73469387755102,5.861268201764097,10,333.0,0.3676326536142169,4,82.0,0.39929677682844206,14,415.0
5710.0,14,229.0,4.673469387755102,5.562205841641493,9,243.0,0.24254730432942181,5,93.0,0.4330555244486416,14,336.0
5715.0,20,250.0,4.716981132075472,5.192999495300312,16,261.0,0.11064285091913308,4,87.0,0.4230694739950026,20,348.0
5720.0,23,304.0,5.62962962962963,6.419282302352656,18,319.0,0.15646024390645374,5,55.0,0.5436891473526562,23,374.0
5725.0,10,265.0,5.408163265306122,6.535365649000326,9,333.0,0.2916587925751688,1,32.0,0.46283551589181937,10,365.0
5730.0,12,208.0,4.244897959183674,6.644642122939012,8,300.0,0.29414735016019583,4,29.0,0.43201745453249935,12,329.0
5735.0,17,166.0,3.32,5.753347481980557,12,250.0,0.271254091203076,5,50.0,0.3541453693392498,17,300.0
5740.0,19,227.0,4.54,5.496326505504405,12,279.0,0.23518663092672354,7,69.0,0.5089620553890905,19,348.0
5745.0,15,218.0,4.638297872340425,5.771501971883848,10,276.0,0.2910526378584132,5,61.0,0.47861816281968,15,337.0
5750.0,13,172.0,3.510204081632653,6.167936260521496,10,258.0,0.3145610465996062,3,37.0,0.4969020250598885,13,295.0
5755.0,13,161.0,3.2857142857142856,5.881666078320487,10,221.0,0.24652881429041412,3,49.0,0.41468029617855584,13,270.0
5760.0,16,170.0,3.3333333333333335,6.003001406869949,11,221.0,0.2409808828307919,5,69.0,0.5133572230140734,16,290.0
5765.0,19,242.0,4.653846153846154,5.736771100472006,15,273.0,0.19551525888051002,4,88.0,0.5726172260409377,19,361.0
5770.0,18,264.0,4.888888888888889,6.516315848552863,14,303.0,0.23394728264138673,4,97.0,0.653437724002158,18,400.0
5775.0,15,195.0,3.5454545454545454,6.892583627975551,10,283.0,0.31112801507181836,5,77.0,0.5225396889408792,15,360.0
5780.0,19,208.0,3.466666666666667,5.9860806740060015,11,289.0,0.3093356983775148,8,63.0,0.29145308718666785,19,352.0
5785.0,20,200.0,3.389830508474576,5.912728163526548,11,300.0,0.3574443018845641,9,73.0,0.27130201161477874,20,373.0
5790.0,20,278.0,5.245283018867925,5.995005481654674,11,326.0,0.3609029416592596,9,104.0,0.4221068577375413,20,430.0
5795.0,21,195.0,3.482142857142857,4.609460603795017,14,270.0,0.23973987316180154,7,113.0,0.3861625183916081,21,383.0
5800.0,22,276.0,4.842105263157895,5.066625223615103,15,262.0,0.2171262767265796,7,118.0,0.37198389726722464,22,380.0
5805.0,25,231.0,3.7868852459016393,5.039330486549325,19,289.0,0.15064381032978374,6,100.0,0.43806560310059883,25,389.0
5810.0,21,240.0,3.8095238095238093,5.397534899742386,12,252.0,0.2728526966232997,9,116.0,0.2539324206313239,21,368.0
5815.0,22,326.0,5.174603174603175,6.217488508604211,13,262.0,0.40523324227045826,9,152.0,0.2204500406856493,22,414.0
5820.0,23,372.0,5.8125,6.264911131958358,15,290.0,0.3013197932807981,8,174.0,0.3353778852939603,23,464.0
5825.0,25,283.0,4.3538461538461535,5.470928300304692,18,314.0,0.18847482473301494,7,151.0,0.3667276366079599,25,465.0
5830.0,24,291.0,4.85,5.485940864646049,15,323.0,0.2983497489992994,9,140.0,0.37231466739591446,24,463.0
5835.0,26,295.0,5.0,5.565583194789794,18,382.0,0.2970190619282296,8,115.0,0.45665240262949497,26,497.0
5840.0,26,354.0,5.619047619047619,4.5102074532353065,16,422.0,0.1972699888962304,10,116.0,0.4501743598424004,26,538.0
5845.0,26,353.0,5.430769230769231,5.137862303868665,17,423.0,0.28080587309629096,9,138.0,0.3860785959905421,26,561.0
5850.0,27,379.0,5.414285714285715,5.2156756254453605,14,423.0,0.34052659530134133,13,174.0,0.2435454209574431,27,597.0
5855.0,31,342.0,4.684931506849315,5.219795842603824,18,410.0,0.3364244613984736,13,183.0,0.25321312793493445,31,593.0
5860.0,24,338.0,4.76056338028169,5.2859003155935325,18,455.0,0.1929496262269863,6,144.0,0.4081423930923396,24,599.0
5865.0,27,434.0,6.027777777777778,5.238596799331609,19,509.0,0.11904923639886551,8,145.0,0.39001501417788237,27,654.0
5870.0,27,474.0,6.970588235294118,5.023579080120291,17,525.0,0.15455707111104786,10,167.0,0.2832409294612662,27,692.0
5875.0,33,438.0,6.4411764705882355,4.817337390335106,18,486.0,0.24290121738303364,15,216.0,0.20857127639120254,33,702.0
5880.0,27,341.0,5.328125,4.113025373441149,12,505.0,0.23690947968524212,15,265.0,0.26149367414520747,27,770.0
5885.0,24,400.0,6.451612903225806,4.45960149588001,15,517.0,0.16524158417815119,9,260.0,0.36291457179565295,24,777.0
5890.0,22,337.0,5.349206349206349,4.22831262261268,16,507.0,0.09781124422253618,6,229.0,0.36389257679511644,22,736.0
5895.0,32,436.0,6.411764705882353,4.865204780961021,20,533.0,0.17583945441785945,12,229.0,0.3310589536462816,32,762.0
5900.0,30,464.0,6.925373134328358,4.549277983541578,18,574.0,0.24850488301118545,12,265.0,0.3239008212019621,30,839.0
5905.0,23,441.0,6.485294117647059,5.417232137390999,14,536.0,0.321810423671895,9,269.0,0.29646354883051196,23,805.0
5910.0,23,483.0,7.318181818181818,5.5659687621772775,14,514.0,0.23787899840742283,9,280.0,0.3090919253043598,23,794.0
5915.0,22,257.0,3.8358208955223883,5.257221441988544,15,447.0,0.2092612790452802,7,188.0,0.29629330484144045,22,635.0
5920.0,28,279.0,4.359375,5.003864916350193,15,402.0,0.2072362457229395,13,157.0,0.2801161752802159,28,559.0
5925.0,25,319.0,5.5,4.260452930005574,13,425.0,0.2326324246361593,12,206.0,0.27688943135330424,25,631.0
5930.0,19,324.0,5.586206896551724,5.0852639717652695,10,403.0,0.24811765773169844,9,225.0,0.29190042457271265,19,628.0
5935.0,26,363.0,6.05,3.9932919447175568,13,401.0,0.20162459664298407,13,252.0,0.17100352293077817,26,653.0
5940.0,28,417.0,6.836065573770492,4.697219782961604,14,372.0,0.20859443377004283,14,277.0,0.2750045950302279,28,649.0
5945.0,25,469.0,8.228070175438596,3.861919478286077,12,392.0,0.2582136300582918,13,304.0,0.25887027517515954,25,696.0
5950.0,22,489.0,8.89090909090909,4.402046869506211,11,387.0,0.24961368613689386,11,303.0,0.25679287960421643,22,690.0
5955.0,21,330.0,6.0,4.617005082188306,10,323.0,0.23527314972177252,11,292.0,0.19789285697045697,21,615.0
5960.0,27,363.0,6.258620689655173,5.075441640241818,13,353.0,0.24413593092262512,14,240.0,0.24806038281792592,27,593.0
5965.0,26,414.0,7.527272727272727,4.304381408311638,13,373.0,0.2057983479604417,13,260.0,0.22577091402912625,26,633.0
5970.0,25,436.0,7.649122807017544,4.799369046197343,11,344.0,0.2656646502749148,14,275.0,0.27599918810594387,25,619.0
5975.0,25,317.0,5.4655172413793105,4.9367525230178435,12,287.0,0.2355309439549703,13,288.0,0.3951561431331399,25,575.0
5980.0,23,330.0,5.5,5.0752305499511134,15,279.0,0.17391021317552638,8,247.0,0.4220857854926688,23,526.0
5985.0,24,265.0,4.344262295081967,5.094496322824678,14,300.0,0.1738214227573671,10,231.0,0.37539904320209244,24,531.0
5990.0,23,242.0,3.78125,5.343628018254107,8,252.0,0.34086121168902106,15,234.0,0.2280563955604095,23,486.0
5995.0,22,277.0,4.616666666666666,4.199339078631559,7,198.0,0.2847043460938733,15,279.0,0.19614967640367756,22,477.0
6000.0,28,343.0,5.813559322033898,5.055100652716669,12,177.0,0.26827493073350367,16,320.0,0.24172526226852378,28,497.0
6005.0,25,306.0,5.368421052631579,4.399800599245055,12,170.0,0.13270239394358957,13,285.0,0.26853475071906163,25,455.0
6010.0,29,420.0,6.885245901639344,5.549240992248539,14,221.0,0.3403572874221388,15,316.0,0.29049373336606843,29,537.0
6015.0,25,413.0,7.0,5.407083389632313,11,231.0,0.4319354735227523,14,336.0,0.2704946615875067,25,567.0
6020.0,19,295.0,5.0,6.315797909311475,6,179.0,0.5014180853865281,13,330.0,0.3060294809924119,19,509.0
6025.0,19,245.0,4.375,4.621625620538522,8,135.0,0.2828196010248981,11,356.0,0.19184164162193118,19,491.0
6030.0,26,317.0,5.763636363636364,5.029420371621685,11,140.0,0.2711742801173623,15,380.0,0.20604643867582675,26,520.0
6035.0,27,351.0,6.381818181818182,4.967763777706475,11,182.0,0.2578455014780016,16,392.0,0.2963170051021619,27,574.0
6040.0,25,315.0,5.7272727272727275,5.502091638914709,13,241.0,0.278899610737422,12,384.0,0.35981728095943705,25,625.0
6045.0,24,350.0,6.363636363636363,4.765522159530307,12,262.0,0.34046101009483265,12,364.0,0.27631797142632053,24,626.0
6050.0,23,364.0,6.5,5.1744465747889,8,225.0,0.49061425724785607,15,377.0,0.08010289263647505,23,602.0
6055.0,26,274.0,4.807017543859649,4.786385727034341,8,172.0,0.3656472086165506,18,348.0,0.09828107171343035,26,520.0
6060.0,29,305.0,5.0,4.379310495080741,12,123.0,0.2264169089987371,17,389.0,0.1830050042087728,29,512.0
6065.0,28,324.0,5.785714285714286,5.16099327686883,18,174.0,0.18736566210227382,10,384.0,0.3980461645462173,28,558.0
6070.0,25,297.0,5.4,4.536516217542812,16,227.0,0.19792447373768607,9,339.0,0.3257427284260848,25,566.0
6075.0,27,348.0,6.105263157894737,4.508858686139879,15,259.0,0.23329832270457093,12,336.0,0.29782743881536433,27,595.0
6080.0,30,429.0,7.271186440677966,5.180528848592521,17,314.0,0.24318626885198608,13,337.0,0.41818907632141467,30,651.0
6085.0,26,393.0,6.140625,5.804700019999794,14,327.0,0.25583336345383334,12,307.0,0.5144276706598476,26,634.0
6090.0,19,222.0,3.5806451612903225,4.935851543029873,8,255.0,0.33071171433794616,11,305.0,0.29997874369957084,19,560.0
6095.0,17,178.0,2.918032786885246,4.65796015736407,4,216.0,0.3238766220583263,13,308.0,0.15058183685285126,17,524.0
6100.0,25,261.0,4.142857142857143,4.4326043894255935,9,206.0,0.2057197848035208,16,342.0,0.1688820267162977,25,548.0
6105.0,30,342.0,5.181818181818182,4.409498670566324,13,197.0,0.1552503661998498,17,400.0,0.255274480530158,30,597.0
6110.0,20,376.0,5.696969696969697,5.41280506453524,4,139.0,0.35049946143908994,16,451.0,0.289043876520557,20,590.0
6115.0,21,440.0,7.333333333333333,6.459194017531016,5,103.0,0.5276882411642326,16,468.0,0.2594475498082697,21,571.0
6120.0,19,351.0,5.9491525423728815,6.069983099873299,4,47.0,0.5414444712898164,15,482.0,0.16158370948423786,19,529.0
6125.0,27,421.0,7.258620689655173,5.482368540028068,7,75.0,0.4710598203000816,20,471.0,0.09563917856540999,27,546.0
6130.0,26,329.0,5.771929824561403,5.430097110433045,6,60.0,0.5638430559649665,20,421.0,0.1180108444259009,26,481.0
6135.0,22,311.0,5.362068965517241,5.980061893716795,6,84.0,0.5218152053665217,16,369.0,0.18834645219463675,22,453.0
6140.0,19,291.0,5.196428571428571,4.773986839543533,5,79.0,0.413561583897919,14,394.0,0.22368976467684576,19,473.0
6145.0,19,269.0,4.559322033898305,5.310428220862687,6,77.0,0.3539685827424791,13,379.0,0.22877909653683215,19,456.0
6150.0,19,264.0,4.4,6.0155403516554085,8,99.0,0.36464688742122603,11,378.0,0.29838677518130363,19,477.0
6155.0,19,190.0,3.1147540983606556,6.6251388606353725,7,95.0,0.3449473835725001,12,338.0,0.3278415779005911,19,433.0
6160.0,23,249.0,4.081967213114754,5.423929503637916,10,120.0,0.3207815026535573,13,341.0,0.22393387612437674,23,461.0
6165.0,25,282.0,4.862068965517241,5.35404011591017,9,127.0,0.40970259595858577,16,347.0,0.2432361105861523,25,474.0
6170.0,28,335.0,5.87719298245614,4.466381859069183,12,167.0,0.3946524884107114,16,359.0,0.1949174276078914,28,526.0
6175.0,22,294.0,5.25,4.751268719819735,11,187.0,0.2868316849423121,11,327.0,0.2643916302048909,22,514.0
6180.0,17,303.0,5.315789473684211,5.264483799033688,6,161.0,0.2531115718129105,11,316.0,0.23623849792259446,17,477.0
6185.0,22,232.0,4.142857142857143,4.793951783444309,9,158.0,0.1674970360738056,13,303.0,0.18792367905949484,22,461.0
6190.0,24,244.0,4.357142857142857,4.708518047144472,12,133.0,0.22688051172864904,12,319.0,0.21281874278580595,24,452.0
6195.0,20,278.0,5.054545454545455,4.973677479222016,10,163.0,0.2564289659886215,10,305.0,0.2991703069478988,20,468.0
6200.0,17,197.0,3.7169811320754715,5.88239702892682,8,149.0,0.30938598320402955,9,239.0,0.30538896313308644,17,388.0
6205.0,22,285.0,5.089285714285714,5.8980529347207895,8,164.0,0.33133682258491126,14,274.0,0.21190256050762973,22,438.0
6210.0,25,345.0,6.634615384615385,5.054996130912271,11,175.0,0.33304325393125395,14,308.0,0.2157967108088603,25,483.0
6215.0,21,356.0,6.980392156862745,5.664376867155798,10,200.0,0.3434232539998298,11,300.0,0.32456656843746967,21,500.0
6220.0,17,371.0,7.729166666666667,5.374035837459052,9,210.0,0.2443688158761005,8,296.0,0.3319334086047949,17,506.0
6225.0,15,256.0,4.923076923076923,5.820709109227944,9,165.0,0.24628285146272633,6,251.0,0.3109725032997013,15,416.0
6230.0,19,289.0,5.452830188679245,6.454809018050583,9,140.0,0.3977869066539196,10,257.0,0.2523174284827667,19,397.0
6235.0,18,284.0,5.2592592592592595,6.7374593329309596,8,150.0,0.4131514620790446,10,264.0,0.3577657692087915,18,414.0
6240.0,17,223.0,4.372549019607843,5.86379814404561,9,153.0,0.33844404659091165,8,215.0,0.3845642533231952,17,368.0
6245.0,22,221.0,4.42,4.91045746534293,8,140.0,0.3313947171731568,14,173.0,0.2857293026479892,22,313.0
6250.0,24,262.0,4.851851851851852,4.677839990478323,10,170.0,0.32916575885576654,14,190.0,0.270594532672841,24,360.0
6255.0,16,198.0,3.6,5.729197867757958,8,161.0,0.3883047416792324,8,172.0,0.32316256313272335,16,333.0
6260.0,13,190.0,3.3333333333333335,7.306340451495227,5,110.0,0.5255435471873283,8,174.0,0.34434618123864236,13,284.0
6265.0,15,162.0,2.892857142857143,6.4054110370272435,7,105.0,0.49547249668961474,8,183.0,0.15965502149905567,15,288.0
6270.0,23,181.0,3.290909090909091,5.235702167179721,11,154.0,0.37388599067736367,12,177.0,0.18386167569169698,23,331.0
6275.0,26,279.0,5.470588235294118,4.110981816254874,12,192.0,0.2184738385948551,14,219.0,0.2982188136950194,26,411.0
6280.0,26,331.0,6.245283018867925,4.6893405747003145,14,224.0,0.2137232806782748,12,243.0,0.3023500749380248,26,467.0
6285.0,20,372.0,7.018867924528302,5.1337136523073985,11,274.0,0.20158506635700715,9,220.0,0.29693977450067094,20,494.0
6290.0,26,434.0,7.75,5.5319468935060785,14,314.0,0.27802128076141985,12,234.0,0.1585427681016757,26,548.0
6295.0,23,408.0,7.555555555555555,5.905064469859906,13,335.0,0.3254439605118263,10,200.0,0.2816959006578,23,535.0
6300.0,18,372.0,6.526315789473684,5.993952686448225,10,338.0,0.34615379113658806,8,195.0,0.39011312923791375,18,533.0
6305.0,20,365.0,6.636363636363637,5.367012141497062,10,351.0,0.3982350166289329,10,172.0,0.3263629720970528,20,523.0
6310.0,22,385.0,6.416666666666667,5.783542000424083,12,335.0,0.40396011402966464,10,186.0,0.3434785047844668,22,521.0
6315.0,25,347.0,5.596774193548387,4.952228454211755,14,302.0,0.2915657914365807,11,222.0,0.27707021256884257,25,524.0
6320.0,28,242.0,3.723076923076923,4.636584910554731,17,250.0,0.20611043239627175,11,218.0,0.31863466448098593,28,468.0
6325.0,27,278.0,4.276923076923077,5.138960109865828,19,290.0,0.18254586145785184,8,180.0,0.4258247856056794,27,470.0
6330.0,24,246.0,4.1,4.075795425336036,16,335.0,0.12646420416072898,8,145.0,0.3311829782311871,24,480.0
6335.0,27,279.0,4.5,4.614698578628747,16,386.0,0.1938560821705225,11,118.0,0.2876707349383559,27,504.0
6340.0,25,301.0,4.703125,4.864362989673131,15,418.0,0.2428348148417045,10,139.0,0.37485190316475475,25,557.0
6345.0,20,279.0,4.573770491803279,5.502192858583423,13,420.0,0.276820000403582,7,133.0,0.392907284094011,20,553.0
6350.0,23,321.0,5.5344827586206895,4.792821281708666,15,409.0,0.2137653191366915,8,144.0,0.27682152111842695,23,553.0
6355.0,29,380.0,6.440677966101695,4.132825807441386,16,409.0,0.17947890225759136,13,175.0,0.12837575052489617,29,584.0
6360.0,30,368.0,6.133333333333334,4.13353244384162,17,402.0,0.235385345937305,13,214.0,0.2120001116441965,30,616.0
6365.0,26,432.0,7.322033898305085,5.320936803815653,19,430.0,0.2574090690497593,7,212.0,0.4111609304996254,26,642.0
6370.0,22,367.0,6.327586206896552,5.279968281375883,18,472.0,0.22587101089439285,4,131.0,0.43994032257508986,22,603.0
6375.0,21,379.0,6.213114754098361,5.370107821881038,13,456.0,0.28794139499449856,8,132.0,0.27137708527016247,21,588.0
6380.0,27,379.0,6.316666666666666,4.572277846663287,16,444.0,0.20050863049116752,11,156.0,0.2225763501608281,27,600.0
6385.0,18,267.0,4.767857142857143,5.467079306243941,13,410.0,0.15310464528514475,5,161.0,0.3945133833531416,18,571.0
6390.0,20,157.0,2.754385964912281,4.646138828503766,15,421.0,0.13312818876831847,5,114.0,0.38609202824222616,20,535.0
6395.0,26,247.0,4.410714285714286,5.563146720150059,17,420.0,0.22964652469272237,9,119.0,0.38179083511860323,26,539.0
6400.0,22,264.0,4.714285714285714,5.09746246490463,14,459.0,0.23434846988614008,8,136.0,0.347212278828409,22,595.0
6405.0,20,336.0,5.694915254237288,6.432914874022982,16,503.0,0.3110732537124886,4,115.0,0.4493018612347293,20,618.0
6410.0,21,342.0,5.796610169491525,6.09575706174564,14,509.0,0.2752752998647897,7,126.0,0.47978761046775603,21,635.0
6415.0,14,263.0,4.383333333333334,6.840467925169676,9,463.0,0.27720567456899736,5,141.0,0.5083518328245643,14,604.0
6420.0,17,253.0,4.362068965517241,6.043973861034067,10,417.0,0.298282842726539,7,162.0,0.3853383756379757,17,579.0
6425.0,23,256.0,4.266666666666667,5.873327649140023,12,318.0,0.2559212819454657,11,216.0,0.4167643831688544,23,534.0
6430.0,20,280.0,4.666666666666667,5.362389218642892,10,331.0,0.3288414531206303,10,247.0,0.36719948722564744,20,578.0
6435.0,16,300.0,5.172413793103448,6.189207208663005,9,290.0,0.3620555739090254,7,236.0,0.3885294500226291,16,526.0
6440.0,24,275.0,4.508196721311475,4.555347939756022,14,271.0,0.1436146782930104,10,186.0,0.29952016482797034,24,457.0
6445.0,25,349.0,5.287878787878788,5.9319301508824065,14,263.0,0.19992855952043853,11,229.0,0.4279170167285968,25,492.0
6450.0,25,265.0,4.076923076923077,5.3424010095551395,14,291.0,0.23733179074262403,11,134.0,0.3902046246773338,25,425.0
6455.0,31,392.0,5.9393939393939394,5.552499536097092,16,334.0,0.27785315925355514,15,192.0,0.3978218091539973,31,526.0
6460.0,28,434.0,6.676923076923077,4.566718769877082,13,333.0,0.2701015123016753,15,244.0,0.33476516917348653,28,577.0
6465.0,29,515.0,7.463768115942029,4.887098146802854,12,323.0,0.3004995658737845,17,297.0,0.2904445352412747,29,620.0
6470.0,30,417.0,5.957142857142857,4.292269684926325,10,272.0,0.30088106544478566,20,321.0,0.1818061111458825,30,593.0
6475.0,27,381.0,5.219178082191781,5.609059976259034,13,270.0,0.3337132276347502,14,315.0,0.2607286424812969,27,585.0
6480.0,29,297.0,3.9078947368421053,5.053367568174792,14,278.0,0.22218117319560982,15,296.0,0.27585602337311216,29,574.0
6485.0,33,344.0,4.777777777777778,4.7238674315347176,16,279.0,0.24829741715192596,17,286.0,0.278740999272363,33,565.0
6490.0,30,401.0,5.647887323943662,4.073697031685777,13,298.0,0.2601379124921409,17,323.0,0.2627769907009123,30,621.0
6495.0,26,403.0,5.676056338028169,5.354201811615123,10,275.0,0.3194827181696946,16,331.0,0.2913290449225559,26,606.0
6500.0,26,455.0,6.232876712328767,4.494355266164203,10,269.0,0.2186881440455023,16,387.0,0.19420205075008198,26,656.0
6505.0,36,570.0,7.6,4.57634384565256,15,299.0,0.19585694129813067,21,458.0,0.1985573454734448,36,757.0
6510.0,39,694.0,9.914285714285715,3.970101381888495,16,336.0,0.24982459609272442,23,525.0,0.22839641773473673,39,861.0
6515.0,27,751.0,10.728571428571428,4.803446464783907,9,329.0,0.26900389039061967,18,559.0,0.2393617220950971,27,888.0
6520.0,24,571.0,8.04225352112676,5.2124473658879,8,256.0,0.26605280723939595,16,559.0,0.23805565468632733,24,815.0
6525.0,29,541.0,7.118421052631579,5.343869080560842,12,247.0,0.30907942860389803,17,537.0,0.17388602327278138,29,784.0
6530.0,31,644.0,9.2,5.849593911870817,12,278.0,0.42494665571333584,19,557.0,0.27801736736108246,31,835.0
6535.0,23,686.0,10.238805970149254,4.958734894916375,7,267.0,0.43412530528838156,16,606.0,0.18819262777841197,23,873.0
6540.0,27,599.0,8.557142857142857,4.445463192747718,9,192.0,0.28357884792114474,18,629.0,0.15101136839530543,27,821.0
6545.0,33,539.0,7.7,4.243865214399679,16,175.0,0.28119733966982036,17,575.0,0.0998336338865695,33,750.0
6550.0,34,416.0,6.028985507246377,4.469042389174396,15,230.0,0.22028985233916062,19,527.0,0.18637142382767882,34,757.0
6555.0,26,491.0,7.553846153846154,4.746390545107892,10,244.0,0.27091909137561077,16,489.0,0.22733000632578984,26,733.0
6560.0,25,478.0,7.029411764705882,4.686232544416124,9,236.0,0.27516068802592386,16,516.0,0.22089830176088923,25,752.0
6565.0,29,525.0,8.203125,4.798365531835778,12,234.0,0.30977885063637106,17,531.0,0.23160498421967152,29,765.0
6570.0,31,566.0,8.84375,4.535419869515918,12,270.0,0.33445377957127703,19,555.0,0.24751712770516973,31,825.0
6575.0,24,553.0,8.640625,4.968339594743986,8,277.0,0.31818413166984205,16,534.0,0.23321028877287614,24,811.0
6580.0,24,295.0,4.609375,4.047141900230911,8,190.0,0.22857605765149916,16,485.0,0.1354571945417417,24,675.0
6585.0,32,338.0,4.828571428571428,4.900295699092087,14,209.0,0.243812647271251,18,456.0,0.2388541134981982,32,665.0
6590.0,32,380.0,5.428571428571429,4.939586653743931,14,215.0,0.36681195312033243,18,449.0,0.2765226326194874,32,664.0
6595.0,23,359.0,5.4393939393939394,5.406396029566939,8,222.0,0.43901029998206187,15,425.0,0.26908573697293614,23,647.0
6600.0,20,306.0,4.434782608695652,4.288235055650323,5,204.0,0.3725708008973066,15,426.0,0.11887460500407866,20,630.0
6605.0,25,303.0,4.328571428571428,4.89728113584663,14,213.0,0.19905571000845204,11,396.0,0.23853734752734634,25,609.0
6610.0,28,390.0,5.571428571428571,4.476428366376348,16,263.0,0.0724719093171412,12,405.0,0.29393550896207377,28,668.0
6615.0,26,419.0,6.348484848484849,4.8743529532422585,12,291.0,0.25046570277472013,14,392.0,0.18553621757709596,26,683.0
6620.0,21,351.0,5.661290322580645,4.741409621458124,6,225.0,0.35771895500546547,15,423.0,0.14299830730357252,21,648.0
6625.0,23,395.0,6.694915254237288,4.896630704017937,11,206.0,0.25631267433199134,12,415.0,0.27583017545890687,23,621.0
6630.0,23,367.0,6.220338983050848,5.54785772287064,13,241.0,0.23208552996722745,10,353.0,0.4174370629851258,23,594.0
6635.0,19,343.0,6.017543859649122,5.621614154165596,7,237.0,0.32216153655422336,12,269.0,0.3067606373124234,19,506.0
6640.0,20,165.0,3.0,4.682577329166566,5,137.0,0.3917939126867429,15,256.0,0.172884444616528,20,393.0
6645.0,27,284.0,4.982456140350878,5.221776899392533,9,108.0,0.2683859396801383,18,280.0,0.2806462967507776,27,388.0
6650.0,25,334.0,5.661016949152542,5.047739747801867,10,131.0,0.33245804762158815,15,320.0,0.2317397158125135,25,451.0
6655.0,15,311.0,5.271186440677966,6.761240376062809,5,129.0,0.4782281377745826,10,309.0,0.23643199790867828,15,438.0
6660.0,16,233.0,4.017241379310345,5.9747415949247245,4,95.0,0.444261287471583,12,319.0,0.18117845842057403,16,414.0
6665.0,26,197.0,3.1774193548387095,5.731016522198226,12,115.0,0.2807794693064346,14,303.0,0.2959496041408573,26,418.0
6670.0,22,252.0,4.2,5.627077977110662,11,151.0,0.33875073967919384,11,298.0,0.36066226623567466,22,449.0
6675.0,20,277.0,4.616666666666666,5.456482347144575,11,159.0,0.42421615001902785,9,295.0,0.29186225717653946,20,454.0
6680.0,21,272.0,4.610169491525424,5.332942545256099,10,184.0,0.32279481057157383,11,249.0,0.2344417181818463,21,433.0
6685.0,25,313.0,5.048387096774194,5.350798708122052,10,199.0,0.3068908833984985,15,279.0,0.14050438385288994,25,478.0
6690.0,23,261.0,4.078125,5.337983169490468,8,148.0,0.29410035547501423,15,307.0,0.2004609507432886,23,455.0
6695.0,25,271.0,4.516666666666667,5.756343959022427,11,163.0,0.3969343510754973,14,308.0,0.2947312045667835,25,471.0
6700.0,29,304.0,4.903225806451613,5.20868213933601,12,187.0,0.32506957082261706,17,317.0,0.36987930424254467,29,504.0
6705.0,28,340.0,5.483870967741935,4.708805893326762,14,191.0,0.29681984355308083,14,328.0,0.28207626099023253,28,519.0
6710.0,29,357.0,5.492307692307692,4.346889275801196,15,234.0,0.20612344076310485,14,313.0,0.22819444009072712,29,547.0
6715.0,27,280.0,4.057971014492754,4.987795276087468,14,247.0,0.1964348396389038,13,295.0,0.3010277816534607,27,542.0
6720.0,30,395.0,5.8088235294117645,5.458413995840281,14,270.0,0.34981510910595504,16,317.0,0.30299772476201736,30,587.0
6725.0,28,373.0,5.405797101449275,4.519169709734282,12,286.0,0.2967673426168795,16,342.0,0.2953944814360711,28,628.0
6730.0,32,380.0,5.757575757575758,4.4073389158225424,17,301.0,0.21442545647384958,15,315.0,0.32541130023946896,32,616.0
6735.0,33,392.0,5.681159420289855,3.648460959733741,18,342.0,0.18440771797510855,15,338.0,0.2000257996889831,33,680.0
6740.0,24,336.0,4.869565217391305,4.735851194388372,9,323.0,0.28217888632759686,15,320.0,0.1487703612381995,24,643.0
6745.0,25,375.0,5.514705882352941,4.5276869297066344,8,326.0,0.26843420799193024,17,337.0,0.13590646140547716,25,663.0
6750.0,28,428.0,6.388059701492537,4.2938610107905495,11,314.0,0.20336330158429117,17,368.0,0.18992090593388236,28,682.0
6755.0,28,353.0,5.348484848484849,4.323747982548227,14,264.0,0.2501412413621353,14,379.0,0.2595599999085379,28,643.0
6760.0,32,464.0,7.25,3.928345216157277,19,300.0,0.20165475069591812,13,385.0,0.24848190372317716,32,685.0
6765.0,32,387.0,5.776119402985074,3.9767894598063016,18,337.0,0.22459469178088629,14,342.0,0.24871804146635945,32,679.0
6770.0,29,362.0,5.171428571428572,4.796048436491925,10,296.0,0.2895644226363983,19,328.0,0.1847145740895122,29,624.0
6775.0,30,346.0,5.088235294117647,5.122130303177504,10,258.0,0.3386682176652522,20,335.0,0.19006608567337968,30,593.0
6780.0,34,451.0,6.094594594594595,5.124863260728471,13,290.0,0.27851005276307966,21,377.0,0.27322821310616024,34,667.0
6785.0,35,523.0,7.366197183098592,4.404547553154938,17,325.0,0.2495831473495107,18,433.0,0.286389890035456,35,758.0
6790.0,28,505.0,7.537313432835821,4.408359488733513,16,359.0,0.18938186873278232,12,413.0,0.36507452662717516,28,772.0
6795.0,26,457.0,7.030769230769231,4.006949451855961,11,355.0,0.19523186169780635,15,385.0,0.18095005312560272,26,740.0
6800.0,28,316.0,4.787878787878788,4.019454382855358,10,336.0,0.2006960982051557,18,382.0,0.11205953080485347,28,718.0
6805.0,30,303.0,4.661538461538462,4.007365766565298,15,294.0,0.1816548874440115,15,416.0,0.1779372393367531,30,710.0
6810.0,27,279.0,4.5,4.3973671859700705,16,304.0,0.20032609454865294,11,376.0,0.27331442403207096,27,680.0
6815.0,30,351.0,5.484375,4.41494154828961,16,335.0,0.19742371998584374,14,415.0,0.24977104486362683,30,750.0
6820.0,33,384.0,5.818181818181818,4.780706404813711,16,360.0,0.22328362283234665,17,440.0,0.3036531068397296,33,800.0
6825.0,25,340.0,5.074626865671642,5.328272759116808,8,312.0,0.3469840255728076,17,477.0,0.2797355587882008,25,789.0
6830.0,21,388.0,5.542857142857143,5.781825658185241,7,265.0,0.40601615694809073,14,488.0,0.20821456789003534,21,753.0
6835.0,23,391.0,5.430555555555555,6.005687772183421,8,250.0,0.3849891451862804,15,488.0,0.17809829690108495,23,738.0
6840.0,28,407.0,5.898550724637682,5.6192408342501325,8,232.0,0.269002957553296,20,531.0,0.2014913075584006,28,763.0
6845.0,32,524.0,8.451612903225806,4.994509325327624,12,226.0,0.21981489476103036,20,596.0,0.2549046020474925,32,822.0
6850.0,31,582.0,10.210526315789474,4.369906920050119,11,181.0,0.2541777247166677,20,656.0,0.25194155203734286,31,837.0
6855.0,31,645.0,11.120689655172415,4.111955772365196,12,201.0,0.267434614521513,19,707.0,0.2534450614494814,31,908.0
6860.0,26,605.0,9.918032786885245,4.491933231357342,10,214.0,0.27272224199107564,16,707.0,0.2629523975449289,26,921.0
6865.0,20,620.0,9.538461538461538,5.404515861158305,4,171.0,0.38106643015529595,16,776.0,0.2557833614970592,20,947.0
6870.0,25,590.0,9.076923076923077,5.050153874754456,5,96.0,0.41460823972363947,20,849.0,0.1525363470889193,25,945.0
6875.0,32,713.0,10.803030303030303,4.968641486632051,8,98.0,0.3536113027088363,24,926.0,0.1922531779282532,32,1024.0
6880.0,25,772.0,12.655737704918034,4.39308079103861,8,104.0,0.2598746411138924,17,953.0,0.22301863377690337,25,1057.0
6885.0,22,644.0,10.0625,4.825875219953634,5,72.0,0.4218534446415418,17,866.0,0.17354530580713862,22,938.0
6890.0,23,326.0,4.865671641791045,5.191667386330407,4,56.0,0.4346133041917697,19,730.0,0.16833813938565947,23,786.0
6895.0,27,260.0,3.823529411764706,6.168576920318698,8,79.0,0.5385878190937687,19,625.0,0.26926665841203795,27,704.0
6900.0,20,287.0,4.159420289855072,5.900218508975009,4,66.0,0.4952453567686316,16,668.0,0.3061076623110549,20,734.0
6905.0,21,282.0,4.476190476190476,5.039740336022635,6,50.0,0.40727601614214076,15,679.0,0.208325970344399,21,729.0
6910.0,20,273.0,4.55,4.914781553502408,5,68.0,0.32329943739253336,15,675.0,0.22787203603911624,20,743.0
6915.0,27,368.0,6.032786885245901,5.153246922935152,7,86.0,0.33970440477971936,20,729.0,0.1926661548974318,27,815.0
6920.0,30,431.0,7.696428571428571,4.361631026420943,6,97.0,0.4109489822360249,24,744.0,0.15656664794369524,30,841.0
6925.0,29,485.0,8.818181818181818,4.151650768635589,7,118.0,0.34575916314316346,22,678.0,0.17274264965703393,29,796.0
6930.0,27,541.0,9.491228070175438,4.388523766378551,5,111.0,0.46334898097114274,22,723.0,0.21149837352235942,27,834.0
6935.0,26,457.0,8.160714285714286,4.767980988079949,4,108.0,0.6583625469529433,22,710.0,0.1504925023546557,26,818.0
6940.0,29,535.0,9.727272727272727,5.028138951210209,4,128.0,0.6205124352237867,25,681.0,0.14824407085090055,29,809.0
6945.0,32,670.0,11.35593220338983,4.631911155494288,6,154.0,0.46496465469439063,26,746.0,0.1354862787822935,32,900.0
6950.0,30,788.0,14.071428571428571,4.302773036575741,8,194.0,0.4216622292027783,22,759.0,0.14395744711950714,30,953.0
6955.0,32,652.0,11.241379310344827,3.30535657896067,10,127.0,0.2802075543870657,22,759.0,0.15550789122971043,32,886.0
6960.0,24,411.0,7.339285714285714,4.546800414324788,9,148.0,0.3672316447269099,15,655.0,0.21170523780943692,24,803.0
6965.0,24,335.0,5.583333333333333,4.495239580474904,10,183.0,0.2894013378451844,14,633.0,0.2281935712585597,24,816.0
6970.0,30,419.0,6.650793650793651,5.1901825586243495,11,239.0,0.38097095482196375,19,648.0,0.22778023519836352,30,887.0
6975.0,30,390.0,6.190476190476191,4.2783321002767005,9,237.0,0.3395884371206001,21,693.0,0.23202577816431338,30,930.0
6980.0,29,471.0,7.136363636363637,5.057605949695816,6,202.0,0.44597581989151797,23,759.0,0.19278802104361714,29,961.0
6985.0,32,431.0,6.432835820895522,4.614298787526737,8,173.0,0.4303275677492401,24,752.0,0.10749276849567904,32,925.0
6990.0,26,373.0,5.405797101449275,5.026867370580952,10,119.0,0.3266769307056323,16,625.0,0.15252647449082554,26,744.0
6995.0,26,301.0,4.492537313432836,4.706887981136604,11,142.0,0.18413007581677365,15,581.0,0.21219106205360264,26,723.0
7000.0,32,310.0,4.5588235294117645,4.526680862263593,16,209.0,0.2838766879803651,16,550.0,0.17452986835625897,32,759.0
7005.0,28,345.0,5.476190476190476,4.127119270109012,13,221.0,0.35521017811988337,15,520.0,0.1505599128265957,28,741.0
7010.0,18,321.0,5.732142857142857,4.289094322842454,8,196.0,0.3083684841291348,10,436.0,0.13094916577664806,18,632.0
7015.0,20,291.0,5.490566037735849,3.917508104685277,7,172.0,0.23870289773848619,13,416.0,0.10664246997479258,20,588.0
7020.0,27,281.0,5.017857142857143,4.350755184422157,12,183.0,0.20343136723255126,15,422.0,0.1393355607627992,27,605.0
7025.0,26,361.0,7.078431372549019,4.267759852000846,11,208.0,0.33102679237520505,15,443.0,0.17572514293536276,26,651.0
7030.0,21,415.0,8.46938775510204,4.89008549241912,10,228.0,0.2892495677773618,11,426.0,0.20788295129128823,21,654.0
7035.0,18,318.0,6.489795918367347,5.225765884673229,8,149.0,0.3308520082950995,10,402.0,0.12540209063353358,18,551.0
7040.0,17,271.0,5.891304347826087,5.976240333581258,12,187.0,0.31709767023263574,5,310.0,0.2955581685185651,17,497.0
7045.0,17,257.0,5.976744186046512,5.515587064467875,11,178.0,0.34900405392127226,6,256.0,0.34999069383919224,17,434.0
7050.0,19,295.0,6.704545454545454,5.502848088610199,12,154.0,0.3162402013138161,7,264.0,0.4324146839736239,19,418.0
7055.0,18,267.0,5.933333333333334,5.591438885723763,11,175.0,0.32672033730254413,7,241.0,0.49706411920604066,18,416.0
7060.0,14,267.0,5.804347826086956,6.325488895806699,8,161.0,0.3296525971439674,6,164.0,0.4554826200406443,14,325.0
7065.0,18,259.0,6.023255813953488,5.64839202264947,8,137.0,0.37279278839800056,10,195.0,0.23993251057882137,18,332.0
7070.0,15,194.0,4.409090909090909,5.914369943039052,4,91.0,0.4506844353549473,11,196.0,0.2119383969911728,15,287.0
7075.0,13,206.0,4.681818181818182,6.331695663167644,6,94.0,0.40418468121970325,7,191.0,0.37211284173778186,13,285.0
7080.0,15,150.0,3.3333333333333335,6.980545588307803,10,139.0,0.43435795779771347,5,116.0,0.34429499475340575,15,255.0
7085.0,14,181.0,4.113636363636363,6.122029885203681,7,164.0,0.4423315862961285,7,113.0,0.26103052694791484,14,277.0
7090.0,16,210.0,4.666666666666667,6.345246178770119,8,163.0,0.42619476423809133,8,120.0,0.33503052601682365,16,283.0
7095.0,17,206.0,4.790697674418604,5.673818270171117,8,125.0,0.338599780921943,9,161.0,0.32790278739109474,17,286.0
7100.0,19,223.0,4.955555555555556,5.3558515663860655,13,160.0,0.21354843815099203,6,158.0,0.34480513992751327,19,318.0
7105.0,14,235.0,5.222222222222222,6.176980999755929,10,204.0,0.15210787873348597,4,122.0,0.5743417159704598,14,326.0
7110.0,11,194.0,4.409090909090909,7.222973651196162,8,218.0,0.2140962747706125,3,61.0,0.5778311206647606,11,279.0
7115.0,13,183.0,3.8125,7.133608516209589,8,206.0,0.2641532208620084,5,59.0,0.49240936367830673,13,265.0
7120.0,18,226.0,4.913043478260869,6.454549052998579,9,160.0,0.3631673495028193,9,102.0,0.38307079619285633,18,262.0
7125.0,17,204.0,4.434782608695652,6.653086235733402,6,130.0,0.5028152395193688,11,154.0,0.3933731075397007,17,284.0
7130.0,16,217.0,4.931818181818182,6.002036277236592,7,118.0,0.48672598813423795,9,148.0,0.344544160957346,16,266.0
7135.0,14,188.0,4.177777777777778,5.456972372255834,6,113.0,0.3293579170889953,8,119.0,0.2775071288460682,14,232.0
7140.0,15,172.0,3.739130434782609,5.900523216544434,8,113.0,0.4012827401248199,7,110.0,0.09218706200287395,15,223.0
7145.0,18,241.0,5.127659574468085,6.258557120109603,7,139.0,0.4370576769844085,11,114.0,0.023085139445273913,18,253.0
7150.0,16,267.0,6.068181818181818,6.683253400702062,7,174.0,0.48239342537540486,9,128.0,0.2854922541968267,16,302.0
7155.0,13,256.0,6.095238095238095,6.979818639950802,5,162.0,0.5147896937376996,8,136.0,0.42982522345401164,13,298.0
7160.0,12,243.0,5.651162790697675,6.73635704588238,7,171.0,0.38464736214619927,5,130.0,0.47380847859815384,12,301.0
7165.0,10,94.0,2.186046511627907,6.569427414110451,8,99.0,0.21809440479869327,2,65.0,0.5526641416673782,10,164.0
7170.0,18,162.0,3.6,6.697240562661594,12,117.0,0.20687290079613738,6,61.0,0.4903672609304977,18,178.0
7175.0,12,147.0,3.340909090909091,6.855548055115816,8,126.0,0.33999053558786063,4,70.0,0.45783478311266984,12,196.0
7180.0,11,155.0,3.522727272727273,8.294679424189948,5,97.0,0.5252664893787506,6,80.0,0.5043133521322278,11,177.0
7185.0,9,133.0,3.022727272727273,7.679597902599232,5,87.0,0.5215629586143713,4,86.0,0.4226035056100351,9,173.0
7190.0,10,177.0,3.847826086956522,7.569403091903223,6,101.0,0.4039163205811905,4,95.0,0.4643483877429824,10,196.0
7195.0,12,63.0,1.3695652173913044,6.277870674769174,6,67.0,0.26726964921935836,6,36.0,0.4777731727134845,12,103.0
7200.0,15,122.0,2.772727272727273,7.024007686370033,10,108.0,0.26631736516490284,5,42.0,0.581169032137872,15,150.0
