step,system_total_stopped,system_total_waiting_time,system_mean_waiting_time,system_mean_speed,J17_stopped,J17_accumulated_waiting_time,J17_average_speed,J18_stopped,J18_accumulated_waiting_time,J18_average_speed,agents_total_stopped,agents_total_accumulated_waiting_time
5.0,0,0.0,0.0,14.444230608266867,0,0.0,1.0,0,0.0,0.9799352849518601,0,0.0
10.0,0,0.0,0.0,12.987885827796442,0,0.0,0.908843205757381,0,0.0,0.9476606649614464,0,0.0
15.0,0,0.0,0.0,13.266847491369655,0,0.0,0.9609440473547577,0,0.0,0.9274416225979497,0,0.0
20.0,0,0.0,0.0,11.503007052562044,0,0.0,0.8058757964031383,0,0.0,0.8335868432440527,0,0.0
25.0,3,5.0,0.3333333333333333,8.91109032242356,2,3.0,0.5734887613184791,1,2.0,0.6568420455997561,3,5.0
30.0,3,20.0,1.0,8.96713722926121,2,13.0,0.537029639272933,1,7.0,0.8193388420077413,3,20.0
35.0,6,44.0,1.9130434782608696,9.130038391835585,4,31.0,0.5573423110058362,2,13.0,0.640354869364137,6,44.0
40.0,6,57.0,2.1923076923076925,7.730489993267607,3,34.0,0.46201995747830005,3,23.0,0.5837380663863969,6,57.0
45.0,11,102.0,3.5172413793103448,6.860427617556494,5,57.0,0.3590152927983028,6,45.0,0.40548646747495076,11,102.0
50.0,13,158.0,5.096774193548387,6.218943097077024,6,82.0,0.2943077241049751,7,76.0,0.449979110886234,13,158.0
55.0,16,226.0,7.290322580645161,6.523635929683083,6,113.0,0.42017106161903045,10,114.0,0.2693496526856353,16,227.0
60.0,12,157.0,5.233333333333333,4.6939835749666985,5,107.0,0.27916697266963486,7,103.0,0.2264798378298697,12,210.0
65.0,14,215.0,6.71875,6.08952813559982,7,127.0,0.3703024370778836,7,97.0,0.3459039078849928,14,224.0
70.0,12,161.0,4.472222222222222,6.297009917675565,5,85.0,0.3885904036271191,7,130.0,0.4578219768751841,12,215.0
75.0,10,121.0,3.1025641025641026,7.680220924867386,5,52.0,0.5101922944211801,5,103.0,0.557010187254625,10,155.0
80.0,10,117.0,2.7857142857142856,7.160878799247712,7,83.0,0.3817368484368966,3,60.0,0.5202825612545686,10,143.0
85.0,16,174.0,3.8666666666666667,6.514223227508699,8,114.0,0.3756315181690887,8,68.0,0.4925721966278517,16,182.0
90.0,20,271.0,5.891304347826087,5.543171172108293,10,156.0,0.31703287479157666,10,119.0,0.381443633609799,20,275.0
95.0,22,295.0,6.413043478260869,4.428159188197759,11,144.0,0.26230045905043003,11,164.0,0.2916307309335756,22,308.0
100.0,29,428.0,8.56,4.340671130567103,15,213.0,0.27564141365085215,14,228.0,0.25601935613718846,29,441.0
105.0,28,359.0,6.903846153846154,3.8324358906384557,13,218.0,0.24596364390037162,15,243.0,0.28098718624865837,28,461.0
110.0,16,263.0,4.87037037037037,4.896857138062974,7,159.0,0.21320785283652638,9,225.0,0.33784593763533877,16,384.0
115.0,16,336.0,6.72,7.328923514176597,6,113.0,0.3324308245933583,10,242.0,0.3779468393429207,16,355.0
120.0,18,417.0,8.510204081632653,6.872303385565621,7,129.0,0.26744755360063094,11,285.0,0.19302783240351531,18,414.0
125.0,22,500.0,11.904761904761905,5.382913339076218,7,148.0,0.25745379476357944,15,350.0,0.16609604436460915,22,498.0
130.0,18,391.0,9.30952380952381,5.259448056483002,8,185.0,0.36260591447736146,10,311.0,0.17243493959488504,18,496.0
135.0,10,279.0,7.342105263157895,6.88057578074659,5,171.0,0.5707905937466707,5,178.0,0.3287985566401885,10,349.0
140.0,8,300.0,8.108108108108109,8.292927526302567,3,152.0,0.6946259660215354,5,169.0,0.3229115618137907,8,321.0
145.0,13,351.0,9.0,7.540588317221877,5,169.0,0.6057368649124802,8,203.0,0.2960480368562682,13,372.0
150.0,16,424.0,10.095238095238095,7.0530936786373255,8,196.0,0.45051034759765674,8,243.0,0.3313694571697491,16,439.0
155.0,14,397.0,9.452380952380953,4.952782617086381,9,223.0,0.2505620114279955,5,209.0,0.24621431562969517,14,432.0
160.0,17,477.0,10.840909090909092,6.29176856117316,12,270.0,0.23661346146383364,5,210.0,0.4293925426508351,17,480.0
165.0,14,339.0,7.883720930232558,6.753433159617663,9,188.0,0.21904674067490462,5,235.0,0.5199016181170737,14,423.0
170.0,17,281.0,6.534883720930233,6.873162740457474,13,166.0,0.22554769637200647,4,189.0,0.48071125939622583,17,355.0
175.0,16,287.0,7.0,6.467119173025564,14,235.0,0.21592770656585084,2,63.0,0.593615921233332,16,298.0
180.0,17,282.0,6.558139534883721,5.816127528223603,12,253.0,0.2304734483752779,5,83.0,0.5401639945858474,17,336.0
185.0,17,324.0,7.2,6.582433178709877,9,231.0,0.42097974376894715,8,119.0,0.4265338386121281,17,350.0
190.0,20,399.0,8.866666666666667,5.196998743227398,10,253.0,0.35294367981239416,10,155.0,0.26734282535320075,20,408.0
195.0,22,483.0,10.5,5.671972790441224,9,296.0,0.34048182409626404,13,199.0,0.31840951812631063,22,495.0
200.0,22,536.0,11.911111111111111,4.360832336382291,12,352.0,0.3099712744016959,10,230.0,0.2663215361994385,22,582.0
205.0,21,416.0,9.674418604651162,4.686531046167671,9,294.0,0.3358341614681113,12,226.0,0.23394249211591062,21,520.0
210.0,18,341.0,7.5777777777777775,5.138557092236652,8,144.0,0.2667488772695462,10,276.0,0.3124796243429967,18,420.0
215.0,21,436.0,9.083333333333334,6.440377881772444,10,128.0,0.2862360242822939,11,320.0,0.41775780119933603,21,448.0
220.0,22,541.0,11.040816326530612,5.925081841198709,11,182.0,0.35878780344988837,11,368.0,0.4119019182306714,22,550.0
225.0,19,557.0,10.92156862745098,6.237448313253127,8,157.0,0.4547012468152559,11,417.0,0.3207496297150178,19,574.0
230.0,22,597.0,11.48076923076923,5.674834094538492,11,192.0,0.3885505456119645,11,411.0,0.30735007306327944,22,603.0
235.0,27,722.0,12.448275862068966,6.257443095622156,14,259.0,0.37955969767753134,13,475.0,0.4014908047164751,27,734.0
240.0,22,684.0,12.214285714285714,5.236273136413922,12,245.0,0.33941450544272733,10,518.0,0.3460188710126525,22,763.0
245.0,21,685.0,11.610169491525424,5.427392013406597,8,173.0,0.39047568208535705,13,571.0,0.18157569196550455,21,744.0
250.0,26,797.0,13.741379310344827,5.5789199093026784,10,172.0,0.35088116032452676,16,642.0,0.19304179749715575,26,814.0
255.0,29,907.0,14.396825396825397,5.474187577523104,12,190.0,0.3717677979524145,17,724.0,0.10178439386931969,29,914.0
260.0,31,995.0,17.155172413793103,4.929504443985184,15,262.0,0.31639197026077304,16,759.0,0.14593531466144385,31,1021.0
265.0,27,1079.0,17.403225806451612,5.285418010851313,13,316.0,0.37336171321037004,14,796.0,0.22997820112504472,27,1112.0
270.0,29,892.0,14.158730158730158,4.838127570796664,15,369.0,0.3149382289362736,14,628.0,0.20967280334991917,29,997.0
275.0,25,555.0,8.409090909090908,5.892615125567602,16,389.0,0.29708665064116857,9,509.0,0.39945671021114976,25,898.0
280.0,24,505.0,8.015873015873016,5.656927847771867,18,422.0,0.3076595394512336,6,378.0,0.36883835777016144,24,800.0
285.0,26,403.0,6.2,5.456325698632079,18,373.0,0.31019249805734755,8,272.0,0.3383508749633341,26,645.0
290.0,25,356.0,5.5625,5.577179381256285,15,313.0,0.2887153598143428,10,235.0,0.420584662151653,25,548.0
295.0,22,312.0,4.8,5.217580062977078,11,325.0,0.3027592849598042,11,245.0,0.3542558010545068,22,570.0
300.0,30,422.0,6.492307692307692,4.885277886249516,17,342.0,0.2595935492418619,13,308.0,0.336869517975757,30,650.0
305.0,39,580.0,9.0625,3.6091561897752173,22,390.0,0.21229448197033218,17,385.0,0.27103803839430934,39,775.0
310.0,39,742.0,11.242424242424242,3.207576902806687,21,427.0,0.19714029761393947,18,474.0,0.21255435298441538,39,901.0
315.0,37,740.0,10.882352941176471,2.7135878115525998,21,471.0,0.17382502393660015,16,480.0,0.20839184344552578,37,951.0
320.0,45,934.0,13.154929577464788,3.729733700493157,27,582.0,0.20195793675753312,18,514.0,0.32228526891925907,45,1096.0
325.0,46,1020.0,13.783783783783784,3.2201438229697272,26,642.0,0.19672549135853643,20,607.0,0.21514170347530415,46,1249.0
330.0,48,988.0,13.173333333333334,2.4287542543704443,24,620.0,0.14992680198390915,24,720.0,0.09589602179262524,48,1340.0
335.0,39,823.0,10.688311688311689,2.830693662710219,16,655.0,0.20951168713110596,23,724.0,0.06438059723274633,39,1379.0
340.0,42,961.0,12.320512820512821,3.284837442659423,18,709.0,0.19177707455608506,24,783.0,0.1367981892928558,42,1492.0
345.0,43,1136.0,14.379746835443038,3.156574919260544,20,729.0,0.14546905625253795,23,895.0,0.2133560055015401,43,1624.0
350.0,47,1297.0,16.628205128205128,2.752462648992847,22,690.0,0.13194386185951837,25,1013.0,0.10044457386881693,47,1703.0
355.0,43,1486.0,18.810126582278482,3.6231280068227543,17,675.0,0.21243641386625575,26,1142.0,0.1709605208017065,43,1817.0
360.0,43,1684.0,21.05,4.0533246381364965,16,644.0,0.2719129841758249,27,1277.0,0.1265010675569225,43,1921.0
365.0,40,1796.0,22.17283950617284,4.630620774433134,16,669.0,0.31759505718003356,24,1344.0,0.19756350100149103,40,2013.0
370.0,43,2003.0,26.01298701298701,4.457335752520066,18,727.0,0.32515400132591327,25,1430.0,0.1564624400381598,43,2157.0
375.0,42,1707.0,20.321428571428573,3.927118398367599,19,733.0,0.225201090759431,23,1360.0,0.184707951243927,42,2093.0
380.0,38,1067.0,12.552941176470588,4.797894132591765,22,771.0,0.3069106586679641,16,1075.0,0.2318581233815903,38,1846.0
385.0,35,690.0,8.214285714285714,4.353485555329699,24,771.0,0.17319268013772585,11,830.0,0.30768255769382097,35,1601.0
390.0,34,495.0,5.755813953488372,4.708248974175795,25,711.0,0.17420087365911271,9,613.0,0.3399898651683421,34,1324.0
395.0,30,409.0,4.811764705882353,5.0144949510978725,20,737.0,0.18176276642873168,10,408.0,0.3988576492712109,30,1145.0
400.0,37,565.0,6.647058823529412,4.986793241850707,24,793.0,0.1704293413137928,13,280.0,0.372904886324177,37,1073.0
405.0,43,745.0,9.197530864197532,4.514636889969591,30,830.0,0.08962907759889237,13,300.0,0.35827008488162515,43,1130.0
410.0,46,937.0,12.012820512820513,3.9974137516888093,31,803.0,0.09885934742102681,15,372.0,0.2653455496277152,46,1175.0
415.0,41,964.0,13.577464788732394,3.2421904858896924,23,850.0,0.14449128836594627,18,454.0,0.20656661538070753,41,1304.0
420.0,38,869.0,12.069444444444445,3.4940767907390584,19,795.0,0.14767037829054133,19,546.0,0.22369168411915558,38,1341.0
425.0,34,776.0,11.085714285714285,4.14724519864994,19,750.0,0.17408630991499055,15,518.0,0.268899993301191,34,1268.0
430.0,33,825.0,12.132352941176471,4.925039822395978,22,768.0,0.16636893817890092,11,436.0,0.28775464820380503,33,1204.0
435.0,31,927.0,14.045454545454545,4.293716048009249,20,779.0,0.15079841660853,11,484.0,0.21543841803082228,31,1263.0
440.0,35,1012.0,15.8125,4.262142222241335,19,771.0,0.09276268450301749,16,558.0,0.22206756784621406,35,1329.0
445.0,30,1085.0,17.78688524590164,3.687002866418965,16,809.0,0.13276806103356595,14,598.0,0.2479373044580197,30,1407.0
450.0,34,1228.0,20.131147540983605,4.397319823582011,20,897.0,0.17635177587513112,14,613.0,0.3697550748908998,34,1510.0
455.0,32,1004.0,16.193548387096776,4.302607322984821,18,834.0,0.2344829969870813,14,564.0,0.3618362205953251,32,1398.0
460.0,28,823.0,13.274193548387096,5.012650859525253,12,671.0,0.3499285185992992,16,625.0,0.3076966121360796,28,1296.0
465.0,29,900.0,14.516129032258064,4.5710219534340855,14,665.0,0.30186618877400007,15,699.0,0.2899223637274736,29,1364.0
470.0,33,1059.0,16.80952380952381,4.77402506956457,14,623.0,0.21892762425486484,19,781.0,0.32892632066276434,33,1404.0
475.0,36,1232.0,20.533333333333335,4.245552248336469,16,618.0,0.13743212666890153,20,877.0,0.2915972713108212,36,1495.0
480.0,34,1319.0,20.29230769230769,4.411446598294314,17,681.0,0.12329283928937175,17,917.0,0.3236920549263844,34,1598.0
485.0,37,1475.0,22.348484848484848,4.470309149038699,17,768.0,0.20310401099652617,20,948.0,0.24613594849694143,37,1716.0
490.0,33,1107.0,16.772727272727273,3.7764683944072344,15,739.0,0.261044692788574,18,815.0,0.18823212416775073,33,1554.0
495.0,31,589.0,8.414285714285715,4.280906591238288,14,653.0,0.2365645592565864,17,517.0,0.2451817686816874,31,1170.0
500.0,32,607.0,8.549295774647888,4.156752461999352,16,695.0,0.26619842434859003,16,565.0,0.24391522684050979,32,1260.0
505.0,36,702.0,9.887323943661972,4.711823770534758,20,766.0,0.24537567744272612,16,586.0,0.23921016004570148,36,1352.0
510.0,36,842.0,11.694444444444445,4.260097326120294,21,858.0,0.22313153756493675,15,486.0,0.2456218270358535,36,1344.0
515.0,39,992.0,12.883116883116884,4.80148838785301,24,966.0,0.24961076072378918,15,402.0,0.3114535178116174,39,1368.0
520.0,42,1144.0,14.666666666666666,4.1620034954818275,23,979.0,0.24809487864747018,19,399.0,0.20533815669695202,42,1378.0
525.0,43,1255.0,16.08974358974359,3.8246274287414574,23,957.0,0.2407146742939801,20,473.0,0.21515070270972433,43,1430.0
530.0,38,1130.0,14.487179487179487,4.007903842746531,23,895.0,0.21460279792757553,15,490.0,0.24978045849555983,38,1385.0
535.0,40,847.0,11.445945945945946,3.221559470843686,21,742.0,0.139521096852367,19,554.0,0.1668427545667732,40,1296.0
540.0,42,837.0,11.31081081081081,3.542905384074145,19,694.0,0.15044112614904637,23,657.0,0.1391662363695834,42,1351.0
545.0,39,948.0,13.166666666666666,3.599787489496742,17,618.0,0.21683517157091745,22,735.0,0.09897392492159961,39,1353.0
550.0,34,1094.0,15.855072463768115,4.856474933472907,17,557.0,0.23116519316464945,17,781.0,0.20487913422530468,34,1338.0
555.0,33,1043.0,15.803030303030303,4.6530420577517235,17,551.0,0.14136980660261161,16,738.0,0.20290889286990269,33,1289.0
560.0,30,937.0,13.985074626865671,5.232380238784957,18,559.0,0.19512933827799325,12,620.0,0.24079098324182557,30,1179.0
565.0,30,1051.0,16.682539682539684,4.861767408932234,18,646.0,0.2309884607823366,12,649.0,0.24583234574040183,30,1295.0
570.0,34,1117.0,17.453125,5.047929278547476,18,677.0,0.23541302395164698,16,686.0,0.2898791009345318,34,1363.0
575.0,27,1063.0,17.14516129032258,4.834966996545455,13,647.0,0.14953381504092317,14,666.0,0.38755284124273953,27,1313.0
580.0,28,1166.0,18.50793650793651,5.15710380419317,15,718.0,0.2843697812955295,13,598.0,0.35591323466864705,28,1316.0
585.0,34,1321.0,20.96825396825397,4.626072544675986,19,802.0,0.32268144086194145,15,662.0,0.23614340929461222,34,1464.0
590.0,35,1063.0,16.609375,3.6657819669406075,18,834.0,0.23751250241358168,17,522.0,0.19436098298805285,35,1356.0
595.0,29,938.0,14.212121212121213,4.5230051872370165,18,834.0,0.271490892919785,11,257.0,0.34285406464707996,29,1091.0
600.0,30,778.0,11.27536231884058,5.51415755150528,17,755.0,0.3504950263809245,13,227.0,0.4316859214460705,30,982.0
605.0,30,755.0,10.202702702702704,6.098207241461354,16,557.0,0.38222830008765074,14,290.0,0.4343154176372636,30,847.0
610.0,29,518.0,6.815789473684211,4.404440357555869,17,488.0,0.2730058522524077,12,282.0,0.3350403048164742,29,770.0
615.0,30,388.0,4.9113924050632916,4.921329625652104,20,343.0,0.23366217740520012,10,257.0,0.3459612355945826,30,600.0
620.0,33,328.0,4.259740259740259,4.206852963475509,24,413.0,0.038651200054152034,9,222.0,0.3962043494465662,33,635.0
625.0,30,333.0,4.324675324675325,4.464378372272425,20,468.0,0.10381755044795808,10,156.0,0.32391956192782,30,624.0
630.0,33,374.0,5.054054054054054,3.66316109148692,18,448.0,0.21241978688700006,15,185.0,0.14458672845513287,33,633.0
635.0,44,541.0,7.213333333333333,3.5589133515591245,22,518.0,0.16123769007878117,22,240.0,0.16987414250785943,44,758.0
640.0,44,592.0,7.8933333333333335,3.343971179926888,23,560.0,0.16058621994301192,21,306.0,0.22592391799301428,44,866.0
645.0,43,689.0,9.06578947368421,3.8267537480122984,25,598.0,0.21447824402514923,18,349.0,0.2738974607664722,43,947.0
650.0,45,659.0,8.2375,3.6722373667762276,26,640.0,0.2151338006511439,19,376.0,0.28893066783884885,45,1016.0
655.0,38,520.0,6.265060240963855,3.784421096812699,23,591.0,0.15263185535662427,15,346.0,0.27783249137683513,38,937.0
660.0,42,528.0,6.285714285714286,3.7198031970540124,27,639.0,0.08795390395339947,15,378.0,0.27033072037508205,42,1017.0
665.0,43,425.0,5.120481927710843,3.9395941783977615,21,613.0,0.184387700016389,22,405.0,0.1891445858475448,43,1018.0
670.0,39,452.0,5.512195121951219,3.6764803652215234,14,560.0,0.23347207852604637,25,458.0,0.07321761777382166,39,1018.0
675.0,29,468.0,6.0,4.662031933214987,9,481.0,0.29845415981829204,20,449.0,0.13260074387053034,29,930.0
680.0,28,521.0,6.855263157894737,5.653077883805581,10,417.0,0.4413080430715068,18,486.0,0.18515409221642273,28,903.0
685.0,34,666.0,8.763157894736842,5.599423304434755,11,416.0,0.43995214648127967,23,552.0,0.14320980241632614,34,968.0
690.0,35,688.0,9.173333333333334,5.001546707104863,13,432.0,0.36040103464056455,22,582.0,0.10585463089447271,35,1014.0
695.0,28,460.0,6.388888888888889,5.484803180586106,12,391.0,0.2757565522432114,16,511.0,0.2880281556212458,28,902.0
700.0,32,570.0,8.028169014084508,6.211891195000964,16,331.0,0.37591483732698033,16,446.0,0.3265541990054074,32,777.0
705.0,34,576.0,8.228571428571428,5.4671999319488,15,324.0,0.3700013522857185,19,507.0,0.31269873238704116,34,831.0
710.0,30,557.0,7.957142857142857,4.55577221436657,14,270.0,0.34909889121367815,16,490.0,0.19852399035508042,30,760.0
715.0,29,435.0,6.041666666666667,4.00468879804947,17,314.0,0.24091057677923625,12,400.0,0.2049097310560458,29,714.0
720.0,22,434.0,5.864864864864865,5.945607004486293,12,315.0,0.27709673326171697,10,339.0,0.3119280374878926,22,654.0
725.0,20,484.0,7.0144927536231885,6.44168659929665,10,325.0,0.32823473248661833,10,324.0,0.2750694482246997,20,649.0
730.0,24,593.0,8.850746268656716,6.593274210320494,14,349.0,0.30874792197607887,10,352.0,0.21527789087020402,24,701.0
735.0,21,592.0,9.548387096774194,5.7392112401013415,11,360.0,0.2371526243691199,10,374.0,0.2090279172248968,21,734.0
740.0,28,697.0,11.426229508196721,5.606284449652922,15,392.0,0.24709299363544746,13,408.0,0.34083814305398497,28,800.0
745.0,25,501.0,8.35,5.158186054540469,14,293.0,0.2614729288698411,11,381.0,0.3801049733072699,25,674.0
750.0,23,322.0,5.551724137931035,5.431974896541673,13,256.0,0.32696229979092895,10,302.0,0.3892787548922045,23,558.0
755.0,26,376.0,6.482758620689655,4.815205130669114,12,271.0,0.28186902202980574,14,256.0,0.3777004869226753,26,527.0
760.0,27,458.0,8.035087719298245,4.578234941453942,11,260.0,0.29499632699014705,16,308.0,0.23264713777531285,27,568.0
765.0,35,624.0,10.947368421052632,3.8232494383060915,15,306.0,0.2340003413569964,20,402.0,0.1183460451053234,35,708.0
770.0,33,520.0,8.813559322033898,3.773471785819815,15,297.0,0.18633626344127774,18,391.0,0.09352795565490225,33,688.0
775.0,31,584.0,10.068965517241379,4.291696839455604,14,315.0,0.288809603736094,17,380.0,0.15433808794745082,31,695.0
780.0,30,543.0,8.901639344262295,4.61608519406387,16,351.0,0.2937583362456972,14,381.0,0.2817267785836139,30,732.0
785.0,22,471.0,7.359375,6.192305723156467,14,370.0,0.28955616856989785,8,308.0,0.4898373783480484,22,678.0
790.0,22,472.0,7.375,5.847973879598924,13,353.0,0.28089991675941417,9,264.0,0.4645991101541679,22,617.0
795.0,26,469.0,7.2153846153846155,6.0252205857935985,13,309.0,0.33115325385005684,13,302.0,0.33770221237493914,26,611.0
800.0,27,493.0,7.358208955223881,5.196039217525471,11,316.0,0.23835683963981683,16,368.0,0.2132872521713494,27,684.0
805.0,22,325.0,4.850746268656716,5.850108212549374,9,280.0,0.31687238960677916,13,334.0,0.23759418460355453,22,614.0
810.0,20,276.0,4.0588235294117645,6.517205725470056,10,289.0,0.31658653472956066,10,192.0,0.2952254740712389,20,481.0
815.0,27,388.0,6.158730158730159,6.678244675711877,14,268.0,0.2769301193349465,13,226.0,0.40223044078221354,27,494.0
820.0,23,300.0,5.0,5.094005363626593,13,246.0,0.20931712833476873,10,220.0,0.36923228142076453,23,466.0
825.0,25,394.0,6.566666666666666,5.922619353262723,13,251.0,0.31350939154694474,12,244.0,0.4031068018101478,25,495.0
830.0,25,392.0,6.6440677966101696,4.891508991117936,13,260.0,0.31523749071275703,12,272.0,0.329816075507971,25,532.0
835.0,23,443.0,7.637931034482759,5.43404990731627,11,226.0,0.2873278520600166,12,280.0,0.32936423159847567,23,506.0
840.0,20,461.0,7.948275862068965,5.44336296493664,7,231.0,0.3649454259007232,13,299.0,0.1590273298736294,20,530.0
845.0,25,561.0,9.35,5.613587992168505,8,260.0,0.32233370504594694,17,338.0,0.2113222586777727,25,598.0
850.0,23,297.0,5.033898305084746,5.792912511632702,8,192.0,0.3463500570439349,15,295.0,0.32193797410037456,23,487.0
855.0,20,225.0,3.9473684210526314,5.967327898543066,9,125.0,0.3166575725535565,11,197.0,0.3894657217499718,20,322.0
860.0,19,207.0,3.5084745762711864,5.275212804670937,8,141.0,0.35711800068518873,11,209.0,0.24136858132515226,19,350.0
865.0,16,178.0,3.2962962962962963,6.509726874370536,6,135.0,0.49852748479651354,10,175.0,0.21409044194090626,16,310.0
870.0,16,249.0,4.788461538461538,6.675417085629624,7,154.0,0.38840394201245876,9,177.0,0.22189183037960997,16,331.0
875.0,18,224.0,4.3076923076923075,6.011906777609054,8,107.0,0.1587672182176994,10,187.0,0.2099181398758745,18,294.0
880.0,22,297.0,6.061224489795919,5.9005732318455015,10,153.0,0.22801394101988684,12,199.0,0.3108959372926829,22,352.0
885.0,17,316.0,7.022222222222222,5.60151363050228,8,179.0,0.36764876019240333,9,233.0,0.36762430899441884,17,412.0
890.0,18,380.0,8.636363636363637,6.457892018650731,8,208.0,0.41274846617920724,10,237.0,0.35021437366963015,18,445.0
895.0,20,360.0,8.372093023255815,5.3447278829150555,10,251.0,0.23277418574203282,10,203.0,0.2636256318083361,20,454.0
900.0,24,467.0,10.152173913043478,5.14246859182204,12,311.0,0.2769296428600054,12,221.0,0.1520438973010043,24,532.0
905.0,17,274.0,5.956521739130435,5.374041155953035,8,276.0,0.2920562602952965,9,153.0,0.40888279125441895,17,429.0
910.0,16,308.0,6.416666666666667,7.082536887743353,9,250.0,0.3593418905310585,7,142.0,0.5298407926320481,16,392.0
915.0,14,192.0,4.173913043478261,6.236038062754248,8,176.0,0.25280701577642384,6,124.0,0.5114931987229319,14,300.0
920.0,13,151.0,3.2127659574468086,5.909898664194659,7,157.0,0.35109423689976077,6,94.0,0.33584754376460924,13,251.0
925.0,17,205.0,4.456521739130435,4.739189194427328,7,178.0,0.326882141499574,10,135.0,0.25689631850904693,17,313.0
930.0,23,209.0,4.354166666666667,4.149969996686731,11,208.0,0.30225854678249003,12,139.0,0.2294626237260216,23,347.0
935.0,18,197.0,4.020408163265306,4.744369361630003,9,200.0,0.22114561621118947,9,132.0,0.3548468373317629,18,332.0
940.0,17,184.0,3.607843137254902,5.408178559157131,9,206.0,0.25160474106199304,8,131.0,0.28182168306579014,17,337.0
945.0,18,198.0,3.5357142857142856,6.306384797266743,9,213.0,0.29883166227825897,9,116.0,0.3269540473572784,18,329.0
950.0,22,242.0,4.245614035087719,6.344997619502277,11,224.0,0.37516958678092344,11,151.0,0.30455935485803776,22,375.0
955.0,20,278.0,5.346153846153846,6.039893336965476,9,222.0,0.4119295044933402,11,162.0,0.36459780976924633,20,384.0
960.0,21,250.0,5.0,4.943995301082104,9,224.0,0.4032642442852826,12,178.0,0.2543851499092243,21,402.0
965.0,17,148.0,3.020408163265306,4.837734470122578,10,144.0,0.2676889332307573,7,140.0,0.28821580952526615,17,284.0
970.0,22,235.0,4.519230769230769,5.178339892624654,14,176.0,0.10676803497970802,8,138.0,0.3185658640273074,22,314.0
975.0,23,338.0,6.2592592592592595,6.163947101902933,15,239.0,0.19396190394601792,8,171.0,0.42068378864182276,23,410.0
980.0,24,401.0,7.566037735849057,6.2228069109903785,16,315.0,0.24152432425876666,8,165.0,0.40474679364693567,24,480.0
985.0,24,460.0,8.679245283018869,5.25202804677557,14,358.0,0.29166042180235724,10,164.0,0.2897627534138505,24,522.0
990.0,29,522.0,9.849056603773585,4.559181895811055,16,383.0,0.2999387049997653,13,196.0,0.32263632974993,29,579.0
995.0,28,508.0,9.407407407407407,4.299046199992621,15,380.0,0.27627278165920705,13,230.0,0.3750463236004201,28,610.0
1000.0,19,213.0,3.736842105263158,4.901543494775998,8,273.0,0.3439061661913275,11,196.0,0.3204272583970827,19,469.0
1005.0,17,257.0,4.283333333333333,5.616489341724868,7,182.0,0.3952011732499809,10,187.0,0.24516271566212838,17,369.0
1010.0,20,251.0,3.984126984126984,5.853745782170949,8,137.0,0.4158840718484094,12,195.0,0.18528557749791927,20,332.0
1015.0,17,227.0,3.661290322580645,6.578559779393484,10,172.0,0.42206838605401836,7,145.0,0.19697334230731145,17,317.0
1020.0,16,209.0,3.3174603174603177,6.332698701785715,11,155.0,0.31667589300857013,5,96.0,0.22505866902076402,16,251.0
1025.0,22,306.0,5.186440677966102,6.474865410407496,15,196.0,0.2139009412208555,7,113.0,0.37273120201373783,22,309.0
1030.0,21,242.0,4.321428571428571,6.334003145438607,16,220.0,0.17626930750484615,5,87.0,0.509360589739673,21,307.0
1035.0,21,334.0,5.964285714285714,6.327376507475937,17,267.0,0.21630465355292552,4,77.0,0.4816483031639016,21,344.0
1040.0,20,321.0,6.42,6.22888826034682,13,269.0,0.31417613520265514,7,107.0,0.47102355877592655,20,376.0
1045.0,21,362.0,7.24,6.0254122223044275,13,261.0,0.2744621703650363,8,114.0,0.4442646955610987,21,375.0
1050.0,22,352.0,7.183673469387755,5.121106603467717,13,265.0,0.2220722529588857,9,157.0,0.370064634452414,22,422.0
1055.0,16,152.0,2.814814814814815,5.952885920841987,7,190.0,0.4073098599483085,9,131.0,0.2307596428995885,16,321.0
1060.0,18,202.0,3.740740740740741,7.045308091337318,8,138.0,0.5186243218928458,10,121.0,0.24521558269711452,18,259.0
1065.0,18,214.0,3.8214285714285716,7.3112087987977885,10,148.0,0.4876230634997752,8,113.0,0.3388976347334515,18,261.0
1070.0,12,135.0,2.4545454545454546,7.896634465911398,9,143.0,0.38539062831652054,3,97.0,0.5939435800959604,12,240.0
1075.0,12,146.0,2.7547169811320753,6.769543895932841,9,91.0,0.15896151600963448,3,93.0,0.5720703424988332,12,184.0
1080.0,20,173.0,3.392156862745098,5.806146549300734,13,104.0,0.108273077115983,7,106.0,0.49278798116002576,20,210.0
1085.0,22,229.0,4.320754716981132,5.792205678851148,12,126.0,0.21360622601065674,10,154.0,0.3875735370508512,22,280.0
1090.0,20,208.0,4.16,5.241471469313144,9,143.0,0.23371519874889018,11,161.0,0.31831221626441525,20,304.0
1095.0,19,238.0,5.173913043478261,5.616734631143342,6,118.0,0.36330554592895953,13,199.0,0.22868595228833347,19,317.0
1100.0,18,241.0,5.239130434782608,5.206056582307899,7,123.0,0.343610199920202,11,189.0,0.13928419556023677,18,312.0
1105.0,21,333.0,6.795918367346939,6.62041958115119,9,170.0,0.4062629684222908,12,205.0,0.21686978304667356,21,375.0
1110.0,18,370.0,7.872340425531915,6.384901187063235,10,214.0,0.39430876799579806,8,220.0,0.2997787467616818,18,434.0
1115.0,15,318.0,6.913043478260869,6.384461832948208,8,194.0,0.37891273707133705,7,197.0,0.2542796557962992,15,391.0
1120.0,16,386.0,9.414634146341463,6.437798458053523,9,194.0,0.41377341066955664,7,225.0,0.2700698988816663,16,419.0
1125.0,17,403.0,10.333333333333334,5.307324832670689,9,191.0,0.23352944604910447,8,265.0,0.2931595852401826,17,456.0
1130.0,11,156.0,4.0,5.3563895191599515,7,149.0,0.22139057796685196,4,176.0,0.46911339470116126,11,325.0
1135.0,13,167.0,4.175,5.999163042998896,7,166.0,0.33048247643423473,6,106.0,0.45510041898117437,13,272.0
1140.0,16,233.0,6.131578947368421,6.104770921203877,9,190.0,0.36519287345505214,7,138.0,0.34890668853952805,16,328.0
1145.0,19,233.0,5.682926829268292,5.33822302239391,11,203.0,0.24660593892575403,8,137.0,0.296775809293299,19,340.0
1150.0,16,274.0,6.523809523809524,5.772108181857915,7,192.0,0.36146818106656553,9,136.0,0.4075026909980681,16,328.0
1155.0,13,169.0,3.25,6.727873309452752,6,157.0,0.42172484511666686,7,106.0,0.5269326515387933,13,263.0
1160.0,18,247.0,4.75,7.59132538149024,8,174.0,0.5060752443788247,10,136.0,0.5391188753606779,18,310.0
1165.0,17,148.0,2.642857142857143,6.0980420436790626,9,162.0,0.4071168938965265,8,126.0,0.4057266793038225,17,288.0
1170.0,19,144.0,2.4,5.9363076454421275,11,150.0,0.348849993300202,8,86.0,0.317656661246215,19,236.0
1175.0,23,215.0,3.909090909090909,5.282790734797731,13,174.0,0.1871136513228817,10,105.0,0.3428221522434393,23,279.0
1180.0,26,275.0,4.661016949152542,4.717741994187905,14,182.0,0.12273123021969053,12,142.0,0.24703860801418695,26,324.0
1185.0,24,269.0,4.890909090909091,5.201044978242154,14,208.0,0.215229159037763,10,149.0,0.32581308197647413,24,357.0
1190.0,17,228.0,4.30188679245283,5.841673604142093,6,167.0,0.396671511641729,11,188.0,0.25999586234468675,17,355.0
1195.0,16,285.0,5.7,5.981920109649909,7,134.0,0.3381079202352213,9,207.0,0.21790159884779634,16,341.0
1200.0,16,304.0,5.846153846153846,6.771265207813084,6,146.0,0.3771923534403491,10,198.0,0.17499061134148192,16,344.0
1205.0,20,395.0,8.061224489795919,7.265882624577265,7,177.0,0.451661352671842,13,254.0,0.2036593987414829,20,431.0
1210.0,14,323.0,6.872340425531915,6.74259542257175,4,134.0,0.4169147053092059,10,264.0,0.2801190970743916,14,398.0
1215.0,15,351.0,7.630434782608695,7.059247808409224,5,99.0,0.46832574347473116,10,281.0,0.36120931911869936,15,380.0
1220.0,14,255.0,5.666666666666667,7.3120696329546595,5,64.0,0.5038700763584021,9,271.0,0.42478058943581637,14,335.0
1225.0,9,175.0,3.888888888888889,7.244708239475917,4,78.0,0.560277663557624,5,205.0,0.35287181754144104,9,283.0
1230.0,19,204.0,4.744186046511628,6.106003657992414,9,60.0,0.4235846275381483,10,185.0,0.4073587193179196,19,245.0
1235.0,24,308.0,7.162790697674419,4.222122917763782,11,109.0,0.2679087784358424,13,229.0,0.29676629552845585,24,338.0
1240.0,24,345.0,7.340425531914893,3.2532841596718525,12,129.0,0.24918425637629354,12,275.0,0.203258519592154,24,404.0
1245.0,22,415.0,8.46938775510204,4.936365839337495,9,130.0,0.3345904287377875,13,334.0,0.21053876213708497,22,464.0
1250.0,18,296.0,5.6923076923076925,5.823097353046159,7,132.0,0.2998386169134036,11,298.0,0.3252983290346461,18,430.0
1255.0,16,210.0,3.8181818181818183,6.49166760329189,11,135.0,0.25142395930326583,5,183.0,0.42220826195669475,16,318.0
1260.0,22,284.0,5.568627450980392,6.059892973271313,13,175.0,0.17170378629418317,9,154.0,0.39307367907838403,22,329.0
1265.0,25,321.0,6.42,5.58790724318203,15,249.0,0.18662316074025154,10,159.0,0.3208513227162005,25,408.0
1270.0,25,301.0,5.679245283018868,4.911829334359773,13,235.0,0.3295895692620465,12,132.0,0.22705185309366457,25,367.0
1275.0,27,389.0,6.706896551724138,5.535491218356202,15,290.0,0.34992812976615234,12,168.0,0.3689593936854089,27,458.0
1280.0,25,384.0,6.7368421052631575,5.623539044338194,13,301.0,0.38657489896331226,12,198.0,0.4190661802913607,25,499.0
1285.0,19,228.0,4.0,5.546327236578282,9,235.0,0.34313072824996005,10,199.0,0.3803602838894502,19,434.0
1290.0,26,290.0,4.915254237288136,4.809034919551402,11,200.0,0.31632132476122066,15,166.0,0.1649988974494309,26,366.0
1295.0,25,318.0,5.0476190476190474,5.933767092907564,13,229.0,0.32482272012352864,12,171.0,0.23187982863728807,25,400.0
1300.0,22,266.0,4.290322580645161,6.212993587846621,13,210.0,0.3016392721646562,9,131.0,0.24908224215699068,22,341.0
1305.0,24,261.0,4.209677419354839,5.551912606724848,13,215.0,0.276951743198467,11,148.0,0.25752134901112095,24,363.0
1310.0,23,251.0,4.183333333333334,5.868536884917913,13,229.0,0.2591739474693198,10,154.0,0.40293693666545377,23,383.0
1315.0,24,246.0,4.315789473684211,5.80796431706266,18,229.0,0.21774840729412526,6,137.0,0.4772609761799397,24,366.0
1320.0,23,280.0,4.666666666666667,5.824575182159359,16,263.0,0.25192860101214115,7,110.0,0.4710898628997615,23,373.0
1325.0,26,346.0,5.580645161290323,5.072430368673061,19,329.0,0.2391279124779352,7,97.0,0.3956480288628346,26,426.0
1330.0,27,401.0,6.573770491803279,5.301662705697555,20,384.0,0.2253971358016139,7,83.0,0.4193538391948848,27,467.0
1335.0,25,468.0,7.3125,5.387578861787221,18,421.0,0.21965367801349456,7,111.0,0.3221328409848722,25,532.0
1340.0,31,550.0,9.01639344262295,4.277188635199812,19,495.0,0.19561717437910706,12,140.0,0.19014780802588677,31,635.0
1345.0,32,626.0,10.433333333333334,3.846767171521373,19,552.0,0.20346902088726393,13,183.0,0.23395053234709204,32,735.0
1350.0,27,542.0,8.603174603174603,4.456251963248095,19,546.0,0.15915440843551104,8,193.0,0.36685520076907135,27,739.0
1355.0,20,185.0,2.8461538461538463,5.400270946181018,14,433.0,0.19294164884762088,6,138.0,0.3627942261118577,20,571.0
1360.0,20,213.0,3.380952380952381,6.567720284661927,10,331.0,0.32370891618614567,10,103.0,0.3128127071386818,20,434.0
1365.0,26,292.0,4.492307692307692,5.421124450977412,14,287.0,0.23868289416892946,12,132.0,0.08470304146282777,26,419.0
1370.0,18,252.0,4.5,5.767106701924127,10,292.0,0.2510617536571345,8,140.0,0.22601692405213578,18,432.0
1375.0,21,350.0,6.60377358490566,7.025049353556311,13,304.0,0.25675326045839675,8,151.0,0.44243550332571485,21,455.0
1380.0,17,308.0,6.16,6.5397894939602805,10,292.0,0.2637894211607956,7,149.0,0.4403678913841357,17,441.0
1385.0,20,371.0,7.42,7.076417683248556,10,270.0,0.40702971251430486,10,182.0,0.45115928208300016,20,452.0
1390.0,19,298.0,5.96,5.71399102467299,9,261.0,0.37548354817352186,10,184.0,0.3341451507769569,19,445.0
1395.0,18,276.0,5.411764705882353,6.570892140824617,7,207.0,0.5007572726138881,11,177.0,0.30401015652042435,18,384.0
1400.0,20,197.0,3.7884615384615383,5.397425089101223,8,172.0,0.4823889075700233,12,190.0,0.16703869792110201,20,362.0
1405.0,19,283.0,5.895833333333333,6.437324159896335,9,148.0,0.4748982930579581,10,199.0,0.28924046097191575,19,347.0
1410.0,21,385.0,8.191489361702128,6.124268618873677,11,197.0,0.28575844509605475,10,246.0,0.2752431019639819,21,443.0
1415.0,19,342.0,6.979591836734694,6.134259103605284,12,202.0,0.24607784621091774,7,243.0,0.27985872779127247,19,445.0
1420.0,15,313.0,6.804347826086956,6.255148023598129,10,216.0,0.26698514639551457,5,232.0,0.4459389188026244,15,448.0
1425.0,16,179.0,3.6530612244897958,6.1626126945143245,11,224.0,0.318488228675686,5,116.0,0.49611397421595205,16,340.0
1430.0,17,221.0,4.702127659574468,6.941532375411261,9,227.0,0.42377958117380776,8,150.0,0.5100913145587164,17,377.0
1435.0,15,219.0,4.469387755102041,5.757497180475211,5,191.0,0.3356370034524157,10,194.0,0.39397958868119276,15,385.0
1440.0,19,174.0,3.48,5.405219995720278,9,132.0,0.2300755520047294,10,217.0,0.42305498957883164,19,349.0
1445.0,17,209.0,4.18,5.378318359793525,9,157.0,0.22203154590771404,8,210.0,0.3922818059736699,17,367.0
1450.0,21,251.0,4.735849056603773,5.984378811427079,10,188.0,0.22124175914864755,11,208.0,0.365254745589723,21,396.0
1455.0,20,281.0,5.109090909090909,5.830394584555399,8,207.0,0.24788902735757276,12,176.0,0.3065662293720271,20,383.0
1460.0,21,219.0,4.055555555555555,5.8975350487413625,7,202.0,0.4473850005320273,14,165.0,0.2960804748921101,21,367.0
1465.0,21,277.0,5.12962962962963,5.906154183748781,5,189.0,0.4492336148604674,16,197.0,0.3117023388467149,21,386.0
1470.0,22,288.0,5.333333333333333,5.38597577965046,8,155.0,0.4360938839632052,14,237.0,0.27692474549313717,22,392.0
1475.0,18,183.0,3.327272727272727,5.297775581642318,8,98.0,0.3323658440532545,10,230.0,0.3563701989491196,18,328.0
1480.0,19,183.0,3.210526315789474,6.097598174513447,12,132.0,0.37426524320918203,7,182.0,0.37976099802518415,19,314.0
1485.0,19,174.0,2.9491525423728815,6.186548565551721,11,157.0,0.4189197155202837,8,143.0,0.3222900271157782,19,300.0
1490.0,26,271.0,4.672413793103448,5.301078469788016,12,163.0,0.349364917445166,14,172.0,0.2645222029302486,26,335.0
1495.0,29,289.0,4.816666666666666,4.08703720693855,14,188.0,0.2751303303539185,15,212.0,0.22107657298486394,29,400.0
1500.0,22,280.0,4.590163934426229,5.164525636342989,14,175.0,0.2876722865739042,8,206.0,0.25758137903608785,22,381.0
1505.0,19,230.0,3.484848484848485,4.746509391298598,12,180.0,0.21909566924630267,7,201.0,0.2419508890484774,19,381.0
1510.0,28,273.0,4.074626865671642,6.13534157584591,15,204.0,0.3096304193752915,13,215.0,0.31443179544222166,28,419.0
1515.0,25,349.0,5.453125,5.501232770020202,14,243.0,0.3117790470681993,11,243.0,0.31661194136461485,25,486.0
1520.0,17,350.0,5.737704918032787,4.895623535837042,11,265.0,0.2168742722041148,6,218.0,0.24969049366153784,17,483.0
1525.0,20,207.0,3.5084745762711864,4.99559801856233,13,278.0,0.17726698446051925,7,118.0,0.28293038410958893,20,396.0
1530.0,28,310.0,5.254237288135593,5.103658715002603,20,323.0,0.17103138051278835,8,99.0,0.28026402593475624,28,422.0
1535.0,25,366.0,6.654545454545454,4.99750955988525,17,384.0,0.2624906289743444,8,110.0,0.24836302071715893,25,494.0
1540.0,21,429.0,7.526315789473684,6.226001024103369,13,396.0,0.33882107827443814,8,137.0,0.3636640819916514,21,533.0
1545.0,19,368.0,6.237288135593221,5.580946420472789,12,386.0,0.3115730089363197,7,133.0,0.3983408773243702,19,519.0
1550.0,19,325.0,5.508474576271187,5.753134442504883,16,344.0,0.23281611613364644,3,88.0,0.46395927463125436,19,432.0
1555.0,22,396.0,6.827586206896552,5.892995294026415,17,392.0,0.2431561292550876,5,93.0,0.5183984552206276,22,485.0
1560.0,16,357.0,5.95,6.31747010439429,13,421.0,0.2793048115735441,3,36.0,0.3500251317453711,16,457.0
1565.0,21,390.0,7.090909090909091,6.042090526313266,14,440.0,0.3239410461236142,7,51.0,0.20315973545064034,21,491.0
1570.0,24,487.0,8.854545454545455,5.9896673676750485,19,500.0,0.25911296429822106,5,68.0,0.5566313573839144,24,568.0
1575.0,23,340.0,6.071428571428571,6.040791263913064,18,442.0,0.23462134869055504,5,93.0,0.66118453924945,23,535.0
1580.0,22,332.0,5.928571428571429,5.877124456739643,17,362.0,0.23024776377790016,5,121.0,0.5780354790197262,22,483.0
1585.0,21,335.0,5.775862068965517,5.109742909736372,16,380.0,0.18880102976299926,5,117.0,0.46118707219722965,21,497.0
1590.0,26,338.0,5.9298245614035086,4.85413152467146,18,386.0,0.12998081173424736,8,138.0,0.3590883088145951,26,524.0
1595.0,28,425.0,7.589285714285714,3.9560769785980767,18,441.0,0.1318307512115647,10,176.0,0.2896234819656279,28,617.0
1600.0,35,583.0,9.716666666666667,4.68517751982549,23,547.0,0.22451037820434672,12,233.0,0.3407008053780347,35,780.0
1605.0,31,443.0,7.383333333333334,4.299439699215218,20,572.0,0.25135344341673127,11,183.0,0.3140470452602632,31,755.0
1610.0,21,318.0,5.0476190476190474,5.60125120305442,11,500.0,0.3244012170435359,10,151.0,0.3332766936558733,21,651.0
1615.0,21,290.0,4.393939393939394,5.773978910950849,11,478.0,0.3185787945363726,10,160.0,0.31912973193944544,21,638.0
1620.0,19,255.0,3.984375,6.140366952754462,15,458.0,0.219602085996921,4,125.0,0.44190932835615304,19,583.0
1625.0,26,308.0,5.133333333333334,5.140054129171929,19,487.0,0.09065213697977328,7,128.0,0.44271480387890905,26,615.0
1630.0,29,329.0,5.672413793103448,5.331991184007631,18,458.0,0.07562224927391266,11,176.0,0.35044958634586776,29,634.0
1635.0,24,272.0,4.857142857142857,5.118878726682419,18,455.0,0.09741946915298459,6,162.0,0.42413779056939893,24,617.0
1640.0,20,257.0,4.508771929824562,5.94076597279334,12,395.0,0.22788494203410925,8,133.0,0.27999177521818985,20,528.0
1645.0,16,228.0,4.071428571428571,6.183301587363758,9,341.0,0.22136988929224186,7,129.0,0.3770399395358902,16,470.0
1650.0,19,273.0,4.706896551724138,7.38822885160465,10,325.0,0.36444225300553934,9,122.0,0.4799278146426307,19,447.0
1655.0,15,259.0,4.625,6.550604106159229,9,303.0,0.4176369264544628,6,138.0,0.4538775184553786,15,441.0
1660.0,19,300.0,5.454545454545454,6.484761754485784,11,257.0,0.4329029080696395,8,139.0,0.3581964297072983,19,396.0
1665.0,22,152.0,2.7142857142857144,5.504582283990246,14,235.0,0.34108967475951113,8,96.0,0.3139691856580169,22,331.0
1670.0,21,213.0,3.4918032786885247,6.009056067844715,14,226.0,0.26019846155807613,7,88.0,0.42254508951632364,21,314.0
1675.0,24,247.0,4.049180327868853,5.233577104257436,19,274.0,0.19903379855010425,5,75.0,0.4380068586133475,24,349.0
1680.0,25,307.0,4.873015873015873,5.819029867121091,18,325.0,0.23486207005017454,7,86.0,0.49501202149786955,25,411.0
1685.0,25,358.0,6.067796610169491,5.105704437694197,18,383.0,0.19776533269291985,7,104.0,0.46372384440745024,25,487.0
1690.0,28,440.0,7.333333333333333,5.496156204299965,21,430.0,0.2344490320005192,7,115.0,0.47351625575092027,28,545.0
1695.0,26,366.0,5.809523809523809,4.934877577004125,20,416.0,0.2653944042993622,6,115.0,0.3283590705494716,26,531.0
1700.0,22,316.0,4.9375,5.762326172252651,11,338.0,0.3446226313722381,11,141.0,0.3465328541180674,22,479.0
1705.0,25,350.0,5.46875,5.303574943368254,14,323.0,0.3097933564357571,11,119.0,0.2761179632554006,25,442.0
1710.0,31,486.0,7.714285714285714,5.136233327114455,19,392.0,0.2833570094068739,12,156.0,0.19553023404130498,31,548.0
1715.0,29,501.0,7.9523809523809526,4.512864298537917,19,446.0,0.281024977686357,10,174.0,0.23681785342523318,29,620.0
1720.0,25,482.0,7.774193548387097,5.455567319279748,18,496.0,0.27449328985161464,7,138.0,0.4833733515019665,25,634.0
1725.0,27,488.0,7.625,4.339614597796294,21,556.0,0.14269671767545755,6,133.0,0.46941479491547744,27,689.0
1730.0,32,580.0,8.923076923076923,4.9626407834065915,24,599.0,0.11522745103200342,8,152.0,0.47014302237854544,32,751.0
1735.0,33,660.0,10.0,4.760276263955993,23,683.0,0.16723364554219136,10,188.0,0.3414287045136673,33,871.0
1740.0,29,726.0,10.835820895522389,5.417041211188187,18,705.0,0.23640768172275492,11,235.0,0.3533724790029729,29,940.0
1745.0,30,498.0,8.03225806451613,4.054169295561801,16,628.0,0.25958741731350915,14,234.0,0.11683215406524705,30,862.0
1750.0,28,369.0,5.590909090909091,5.066813806957095,16,452.0,0.29393677585010647,12,219.0,0.31611721137984367,28,671.0
1755.0,27,361.0,5.3088235294117645,4.675076417626421,17,492.0,0.24295437419683652,10,209.0,0.37148160163024696,27,701.0
1760.0,28,373.0,5.485294117647059,5.797758375417136,22,552.0,0.2488844097482104,6,145.0,0.4863297806554493,28,697.0
1765.0,29,486.0,7.147058823529412,5.145756351362489,22,589.0,0.1587506445257677,7,137.0,0.4807488054814375,29,726.0
1770.0,29,583.0,8.44927536231884,4.775838520799238,22,634.0,0.10013951170640555,7,127.0,0.3504692299822175,29,761.0
1775.0,36,646.0,9.64179104477612,4.303571026962184,22,665.0,0.1509424915145732,14,161.0,0.3003007224594301,36,826.0
1780.0,34,530.0,8.030303030303031,4.199021253364218,19,607.0,0.18315240397075874,15,188.0,0.2769712506131309,34,795.0
1785.0,29,498.0,7.661538461538462,4.332905616755118,15,601.0,0.27070137439322267,14,224.0,0.284663860874149,29,825.0
1790.0,27,346.0,5.164179104477612,4.6598601826980595,12,523.0,0.2831181461811526,15,264.0,0.2524950034585702,27,787.0
1795.0,21,355.0,5.378787878787879,5.74450232523099,12,470.0,0.2346335115747189,9,249.0,0.34712526487084006,21,719.0
1800.0,17,266.0,4.290322580645161,6.376862241499338,11,421.0,0.2036393423354457,6,172.0,0.3732770476635012,17,593.0
1805.0,23,301.0,5.101694915254237,5.16725335343068,13,408.0,0.16606159235047913,10,142.0,0.22904131860170246,23,550.0
1810.0,27,363.0,6.482142857142857,4.303431296899193,14,442.0,0.27652691251415057,13,179.0,0.15137435300634403,27,621.0
1815.0,25,454.0,8.107142857142858,5.279698702010298,11,470.0,0.40040998675819445,14,218.0,0.20359711726719834,25,688.0
1820.0,19,396.0,6.711864406779661,5.513836297198498,9,432.0,0.3762115697467251,10,231.0,0.30057308184871395,19,663.0
1825.0,28,511.0,8.241935483870968,5.8218672802774325,17,487.0,0.23512274475201497,11,250.0,0.4199501043608635,28,737.0
1830.0,25,512.0,8.258064516129032,5.582778572117213,17,549.0,0.21813014023931668,8,225.0,0.4542294647126805,25,774.0
1835.0,18,483.0,7.918032786885246,6.0509229810765355,13,575.0,0.3386438182533866,5,123.0,0.33264078537707115,18,698.0
1840.0,19,502.0,8.229508196721312,5.84131234302347,13,538.0,0.2142103653754689,6,100.0,0.3199111768912083,19,638.0
1845.0,23,504.0,8.129032258064516,6.67041387019279,15,474.0,0.2845603880067089,8,131.0,0.30866873281729656,23,605.0
1850.0,24,526.0,8.766666666666667,6.002877489015001,17,499.0,0.27562368146935123,7,118.0,0.38285894195033526,24,617.0
1855.0,20,342.0,5.516129032258065,6.13416456434691,16,397.0,0.32495095206694863,4,79.0,0.48142614700884384,20,476.0
1860.0,21,232.0,3.8666666666666667,5.8615735199765675,18,318.0,0.32853332836801047,3,52.0,0.5146763945048914,21,370.0
1865.0,24,260.0,4.406779661016949,5.208433558382955,17,357.0,0.2836679847253219,7,65.0,0.5038771083279467,24,422.0
1870.0,24,219.0,3.7758620689655173,4.487374758819779,18,346.0,0.20873348807356204,6,67.0,0.37094067093841,24,413.0
1875.0,23,242.0,4.481481481481482,5.127350526153117,16,320.0,0.18616600457723467,7,75.0,0.41079580013334444,23,395.0
1880.0,21,223.0,4.12962962962963,5.196091354563412,14,320.0,0.15593560276839813,7,87.0,0.3969603498192824,21,407.0
1885.0,22,240.0,4.615384615384615,4.875988575807674,15,346.0,0.17951834132054523,7,80.0,0.44465239789100264,22,426.0
1890.0,25,303.0,5.611111111111111,5.858890079533308,17,358.0,0.2668574147417606,8,108.0,0.5128196503546988,25,466.0
1895.0,22,283.0,5.053571428571429,5.325876512193868,15,351.0,0.29660254126691776,7,107.0,0.4006955666402756,22,458.0
1900.0,26,354.0,6.103448275862069,5.497490080106305,16,349.0,0.3136815259387026,10,130.0,0.4484640938383375,26,479.0
1905.0,29,328.0,5.290322580645161,4.381871860906844,18,380.0,0.25484713570503814,11,149.0,0.3967314189043462,29,529.0
1910.0,14,256.0,4.19672131147541,5.949520197546541,10,351.0,0.25610636646627116,4,127.0,0.5264332953937901,14,478.0
1915.0,17,214.0,3.4516129032258065,5.4965159117675375,10,316.0,0.1680468188128279,7,125.0,0.459108477305694,17,441.0
1920.0,23,259.0,3.9846153846153847,5.545430824592119,14,269.0,0.15751066931621924,9,153.0,0.40819089601362735,23,422.0
1925.0,30,358.0,5.774193548387097,5.173002460341277,18,302.0,0.1998024896410565,12,189.0,0.43034868333558957,30,491.0
1930.0,19,265.0,4.344262295081967,6.020009794938442,9,300.0,0.3733867157061158,10,175.0,0.3869541850180992,19,475.0
1935.0,16,231.0,4.052631578947368,5.409053360336533,6,213.0,0.319678232897239,10,136.0,0.2598983420599225,16,349.0
1940.0,22,253.0,4.216666666666667,5.753941249956667,10,235.0,0.33273354053682863,12,151.0,0.2881096438175594,22,386.0
1945.0,25,351.0,5.661290322580645,5.265855610330155,13,278.0,0.3100845629063608,12,171.0,0.2772392400013586,25,449.0
1950.0,19,327.0,5.360655737704918,5.875270118218039,7,284.0,0.4205097729258166,12,170.0,0.3159783224499559,19,454.0
1955.0,12,309.0,4.983870967741935,6.549511883279096,7,294.0,0.3144162979365255,5,121.0,0.4343032492660506,12,415.0
1960.0,17,333.0,5.285714285714286,5.839851473845893,10,335.0,0.2565008104395389,7,125.0,0.25020750540932835,17,460.0
1965.0,29,448.0,7.0,5.276164989978843,15,392.0,0.22576248364169774,14,168.0,0.25938434958874057,29,560.0
1970.0,30,365.0,6.4035087719298245,4.632539762179535,17,333.0,0.2766976154678225,13,201.0,0.2212683609199671,30,534.0
1975.0,27,456.0,8.290909090909091,5.028735793503952,15,317.0,0.36418521499999257,12,244.0,0.27539753336175216,27,561.0
1980.0,26,449.0,7.741379310344827,4.677102084258957,15,351.0,0.24912213849189832,11,241.0,0.3097768329124886,26,592.0
1985.0,15,330.0,5.593220338983051,5.940954216493789,10,339.0,0.24584905209592006,5,174.0,0.37821795461976676,15,513.0
1990.0,11,275.0,5.0,5.973498938750944,7,305.0,0.243850850085651,4,100.0,0.2753454821468907,11,405.0
1995.0,20,125.0,2.314814814814815,5.890862291801789,10,201.0,0.2691080974709738,10,76.0,0.20092645877692358,20,277.0
2000.0,23,207.0,3.7636363636363637,5.336665281134516,15,196.0,0.22336138837567496,8,98.0,0.284573326238287,23,294.0
2005.0,18,245.0,4.454545454545454,6.261165307973779,14,238.0,0.2965056783090913,4,72.0,0.48376557308041274,18,310.0
2010.0,13,265.0,4.818181818181818,7.058259658288345,8,229.0,0.3119302378130824,5,80.0,0.538329305779517,13,309.0
2015.0,13,238.0,4.407407407407407,7.281535473769911,6,186.0,0.37146284091470283,7,108.0,0.4712675751633725,13,294.0
2020.0,18,274.0,5.372549019607843,5.7236662124866475,13,188.0,0.1344097374461516,5,128.0,0.4319719007881033,18,316.0
2025.0,23,268.0,5.583333333333333,5.324742176885258,16,188.0,0.17362136574559028,7,155.0,0.41536879116194547,23,343.0
2030.0,19,212.0,4.24,5.662063487692148,13,201.0,0.26225150483971726,6,113.0,0.4419124707007544,19,314.0
2035.0,19,234.0,4.588235294117647,5.739836769911913,10,215.0,0.3373348774026179,9,117.0,0.39371977595207175,19,332.0
2040.0,13,138.0,2.76,6.211643119799142,7,163.0,0.3510031154723274,6,124.0,0.47499164277072525,13,287.0
2045.0,15,145.0,2.9591836734693877,5.914543881418515,10,182.0,0.2629752786427326,5,93.0,0.40646204700415417,15,275.0
2050.0,20,214.0,4.28,5.472090645691577,15,246.0,0.14892106044741013,5,101.0,0.4402878960234538,20,347.0
2055.0,25,270.0,5.510204081632653,4.989813079879866,17,292.0,0.19095368344981192,8,115.0,0.43467125734509965,25,407.0
2060.0,19,300.0,6.382978723404255,5.222290625902925,14,307.0,0.2954555600923625,5,132.0,0.39138656534932886,19,439.0
2065.0,18,317.0,6.891304347826087,5.355499550097843,13,303.0,0.17911648524936033,5,139.0,0.5232755243029016,18,442.0
2070.0,15,277.0,5.8936170212765955,6.197238665308704,9,238.0,0.19077634682158132,6,166.0,0.4714400514943528,15,404.0
2075.0,13,196.0,4.355555555555555,5.549209217498936,8,252.0,0.2537527762684218,5,108.0,0.2101103408450534,13,360.0
2080.0,21,288.0,6.260869565217392,5.732325747934562,13,296.0,0.2705185934271087,8,127.0,0.25451098283603396,21,423.0
2085.0,16,272.0,6.325581395348837,5.626652094306932,10,304.0,0.2951886662094621,6,89.0,0.3909233078708736,16,393.0
2090.0,13,298.0,6.622222222222222,7.573551797299525,7,259.0,0.44198426989566686,6,116.0,0.46851470390150485,13,375.0
2095.0,9,139.0,3.2325581395348837,7.241128080366152,6,172.0,0.46954232826529885,3,102.0,0.4200167522431066,9,274.0
2100.0,15,192.0,4.173913043478261,6.940944835794492,11,187.0,0.3223498514117521,4,79.0,0.3302342375493466,15,266.0
2105.0,14,235.0,5.0,6.472872782945555,9,199.0,0.2546133230615519,5,98.0,0.3139446698997191,14,297.0
2110.0,13,190.0,4.222222222222222,7.3767000086029775,7,198.0,0.2844518058344579,6,73.0,0.3974205589555854,13,271.0
2115.0,10,233.0,6.472222222222222,7.302292314005009,6,221.0,0.2938936168889724,4,54.0,0.5129089651030129,10,275.0
2120.0,15,264.0,7.135135135135135,6.852326880438544,10,262.0,0.2209308149922248,5,60.0,0.39396916576097346,15,322.0
2125.0,12,195.0,5.909090909090909,6.635401141387401,7,225.0,0.4414082003447376,5,39.0,0.32312458208696626,12,264.0
2130.0,12,157.0,4.131578947368421,6.264352048435723,7,144.0,0.5191575756950886,5,50.0,0.27380545016873026,12,194.0
2135.0,12,127.0,3.5277777777777777,6.847626174721955,6,119.0,0.47849327589800505,6,60.0,0.4979770883494596,12,179.0
2140.0,11,166.0,4.256410256410256,6.908720030870045,8,131.0,0.4052479561472725,3,76.0,0.6287420388512783,11,207.0
2145.0,15,234.0,5.85,6.298477167562527,11,185.0,0.27706697208297204,4,88.0,0.537974817127074,15,273.0
2150.0,16,153.0,3.642857142857143,5.436716438376122,10,182.0,0.29120228114466434,6,61.0,0.35957503081506614,16,243.0
2155.0,10,156.0,3.5454545454545454,6.759225306811756,4,144.0,0.37864838973584497,6,87.0,0.36778417646075046,10,231.0
2160.0,12,138.0,2.875,6.58460356669885,6,166.0,0.3753415138105365,6,67.0,0.3725746226637436,12,233.0
2165.0,15,185.0,3.627450980392157,7.762824137274749,12,216.0,0.3418353380633632,3,45.0,0.6461491064029423,15,261.0
2170.0,13,224.0,4.48,6.968743209995492,9,237.0,0.24018155016785941,4,62.0,0.6968522666093864,13,299.0
2175.0,10,240.0,4.705882352941177,8.119919469521607,6,222.0,0.35780378873037205,4,82.0,0.630659127310164,10,304.0
2180.0,17,255.0,5.204081632653061,5.757933438377143,8,211.0,0.25314868165413723,9,117.0,0.3946925896054014,17,328.0
2185.0,25,317.0,6.096153846153846,4.815116130607767,13,255.0,0.17587097952792727,12,135.0,0.32980461286688706,25,390.0
2190.0,28,339.0,6.519230769230769,4.122446385862317,14,246.0,0.24204526025319054,14,187.0,0.2505297044642764,28,433.0
2195.0,26,306.0,5.666666666666667,4.1879301038836525,10,203.0,0.3364580648705259,16,225.0,0.22443673457509614,26,428.0
2200.0,21,290.0,5.178571428571429,4.412328512441259,8,196.0,0.28735253438500824,13,242.0,0.3109320702677522,21,438.0
2205.0,19,209.0,3.732142857142857,5.397978341570938,8,145.0,0.36374482654974594,11,236.0,0.33663792636622875,19,381.0
2210.0,20,209.0,3.6666666666666665,4.818741889843386,10,177.0,0.2636642259983359,10,181.0,0.2465344900971097,20,358.0
2215.0,30,325.0,5.603448275862069,3.8625380876454223,18,254.0,0.18545718937559813,12,218.0,0.11543885870758079,30,472.0
2220.0,34,418.0,7.206896551724138,4.193979652858023,19,311.0,0.24191163411719976,15,256.0,0.14021828207051476,34,567.0
2225.0,27,359.0,6.527272727272727,3.590545485117812,14,334.0,0.2771819890001744,13,257.0,0.08761469731486853,27,591.0
2230.0,26,386.0,7.0181818181818185,3.7077079264971324,12,339.0,0.24577989497358846,14,252.0,0.224506532081881,26,591.0
2235.0,22,338.0,5.451612903225806,5.022887367606321,11,320.0,0.24531339965245363,11,261.0,0.36297401469864915,22,581.0
2240.0,21,365.0,5.7936507936507935,6.194062772118091,12,346.0,0.2851904607803395,9,219.0,0.3999628531548975,21,565.0
2245.0,21,348.0,5.523809523809524,6.241796695281248,15,390.0,0.12903465651401005,6,165.0,0.46949216830589613,21,555.0
2250.0,30,405.0,6.230769230769231,5.115969085446152,18,424.0,0.13648143727915157,12,157.0,0.3496860579125359,30,581.0
2255.0,26,465.0,7.5,5.457344538796656,14,437.0,0.2627061965423499,12,212.0,0.39514280073153724,26,649.0
2260.0,21,487.0,8.254237288135593,5.462534785528131,11,428.0,0.2870550896737456,10,245.0,0.3671219664541644,21,673.0
2265.0,23,438.0,7.423728813559322,5.0108888278960615,9,384.0,0.2834240738237734,14,257.0,0.16574078673419265,23,641.0
2270.0,25,243.0,3.9836065573770494,4.492797181181756,11,271.0,0.20897608385921126,14,237.0,0.15382158429234424,25,508.0
2275.0,31,288.0,4.721311475409836,5.040816309978726,16,287.0,0.30037074418304394,15,238.0,0.2144419794629299,31,525.0
2280.0,26,354.0,5.709677419354839,5.740309429308025,13,328.0,0.3712419065170706,13,243.0,0.2803964608402422,26,571.0
2285.0,24,389.0,6.274193548387097,5.853443318573392,12,327.0,0.4089210330421326,12,261.0,0.2660704064370694,24,588.0
2290.0,23,454.0,7.442622950819672,6.2841509353859974,13,385.0,0.31788675656044263,10,246.0,0.3207228588681118,23,631.0
2295.0,28,521.0,8.540983606557377,5.551309136932365,17,459.0,0.1616216823257609,11,272.0,0.37891328752011894,28,731.0
2300.0,27,495.0,8.53448275862069,4.787634645733682,16,479.0,0.1363080532200369,11,266.0,0.3722508420605892,27,745.0
2305.0,26,437.0,7.5344827586206895,4.728569280689985,15,462.0,0.25727524062013996,11,280.0,0.34997043040806874,26,742.0
2310.0,23,469.0,7.444444444444445,5.322966409141796,10,486.0,0.3483239138248956,13,287.0,0.32520747873410516,23,773.0
2315.0,21,474.0,7.181818181818182,6.469459020397862,8,465.0,0.46839134599510507,13,319.0,0.27736418017736003,21,784.0
2320.0,26,540.0,7.826086956521739,5.997551466000415,14,515.0,0.38365382616207966,12,317.0,0.14972518762029027,26,832.0
2325.0,33,644.0,9.470588235294118,5.058622358415627,20,597.0,0.26863268753998104,13,346.0,0.1809093152645839,33,943.0
2330.0,36,742.0,11.074626865671641,4.331923499341351,20,646.0,0.21757593359715746,16,379.0,0.22645615203956282,36,1025.0
2335.0,31,836.0,13.0625,4.408597466233286,18,630.0,0.1938689220133068,13,425.0,0.3352781608318001,31,1055.0
2340.0,27,863.0,13.484375,4.420353189495449,17,662.0,0.16120575715774105,10,429.0,0.37864388626510215,27,1091.0
2345.0,27,757.0,12.40983606557377,5.000917183396036,17,658.0,0.1967160156242077,10,357.0,0.3280605511003189,27,1015.0
2350.0,29,739.0,11.919354838709678,4.200113818526469,17,718.0,0.1955697119771104,12,236.0,0.18888674590962135,29,954.0
2355.0,30,752.0,11.569230769230769,4.485081290231265,17,765.0,0.2619677266537347,13,233.0,0.1968929016747787,30,998.0
2360.0,30,708.0,11.238095238095237,5.4315437441413605,16,723.0,0.3398836232259972,14,262.0,0.26939961958049913,30,985.0
2365.0,25,411.0,6.044117647058823,5.5289005760631005,15,564.0,0.3190882173031193,10,287.0,0.3354155584608483,25,851.0
2370.0,27,388.0,5.243243243243243,5.660806489830154,17,575.0,0.26992560693161155,10,279.0,0.4530370225741268,27,854.0
2375.0,25,415.0,5.608108108108108,5.733781444584083,16,565.0,0.27735667547259063,9,253.0,0.43180317678625,25,818.0
2380.0,33,430.0,5.8108108108108105,4.621972334391361,19,591.0,0.18971827483105713,14,281.0,0.31540817645321767,33,872.0
2385.0,37,410.0,5.694444444444445,3.989395371030102,23,616.0,0.1735996119007368,14,261.0,0.21831440353722686,37,877.0
2390.0,39,475.0,6.884057971014493,3.807182811883051,24,618.0,0.16421393395862272,15,214.0,0.1784529589537898,39,832.0
2395.0,36,503.0,7.507462686567164,3.4378488316037576,23,558.0,0.15731221107961155,13,235.0,0.11199992437390437,36,793.0
2400.0,35,529.0,7.895522388059701,3.8106314344946215,23,623.0,0.16311322830000458,12,227.0,0.19831170758088879,35,850.0
2405.0,32,582.0,9.238095238095237,4.3407931462792515,22,649.0,0.14332923767278344,10,241.0,0.2879492761712212,32,890.0
2410.0,31,694.0,10.676923076923076,5.331961059834332,20,729.0,0.1925183407624011,11,256.0,0.33788661159957123,31,985.0
2415.0,29,650.0,10.317460317460318,4.619602306972055,19,766.0,0.1740539821229194,10,243.0,0.2761342893352322,29,1009.0
2420.0,32,771.0,12.85,4.949448100990834,20,817.0,0.22634728289101613,12,243.0,0.36381516921789486,32,1060.0
2425.0,29,794.0,13.457627118644067,4.844673906481256,19,835.0,0.22029178980021805,10,205.0,0.4038331694043733,29,1040.0
2430.0,26,800.0,12.903225806451612,4.804439403261121,19,800.0,0.2180277506406688,7,183.0,0.39998698578190395,26,983.0
2435.0,28,794.0,12.40625,3.9942690455226977,21,875.0,0.19971058293317628,7,142.0,0.3200941739938369,28,1017.0
2440.0,24,781.0,12.596774193548388,4.831226306884397,18,915.0,0.25174744369416846,6,79.0,0.31520311881956975,24,994.0
2445.0,22,670.0,10.307692307692308,4.480098265324258,15,880.0,0.2026456397210842,7,93.0,0.3271867751684872,22,973.0
2450.0,25,383.0,5.7164179104477615,5.342088026048657,16,777.0,0.222328887399571,9,108.0,0.35893615041520377,25,885.0
2455.0,25,216.0,3.3230769230769233,4.896268583739815,13,788.0,0.27883213992076933,12,134.0,0.2846239673755444,25,922.0
2460.0,23,286.0,4.268656716417911,5.191121903000324,17,805.0,0.17879746457379522,6,132.0,0.38137566237312165,23,937.0
2465.0,25,262.0,3.9696969696969697,4.75370718750861,21,869.0,0.14945472003051924,4,111.0,0.4204027613128517,25,980.0
2470.0,33,403.0,5.840579710144928,5.698845802916508,22,942.0,0.2866904666346296,11,115.0,0.35666900429437254,33,1057.0
2475.0,31,426.0,6.264705882352941,5.363413991689108,20,960.0,0.3026307965234327,11,147.0,0.37055410574185643,31,1107.0
2480.0,20,292.0,4.358208955223881,5.182731599169462,12,896.0,0.22124480919260425,8,151.0,0.33500524296464645,20,1047.0
2485.0,20,270.0,4.153846153846154,4.652728461102668,13,848.0,0.1910991272988466,7,137.0,0.28179706761234385,20,985.0
2490.0,27,254.0,3.735294117647059,4.487241290798798,15,717.0,0.16026223625237743,12,179.0,0.2577005215379087,27,896.0
2495.0,30,315.0,4.7727272727272725,4.1089284303500015,17,726.0,0.18397775019355028,13,220.0,0.3239465694091305,30,946.0
2500.0,18,312.0,4.656716417910448,5.231618638916537,11,675.0,0.20904630085789602,7,207.0,0.38427048731116287,18,882.0
2505.0,23,290.0,4.3283582089552235,5.5414184131534965,14,627.0,0.25236913416001766,9,148.0,0.2744651146137518,23,775.0
2510.0,29,392.0,5.764705882352941,4.824153803778074,14,491.0,0.22171433982513358,15,203.0,0.1450362318308032,29,694.0
2515.0,32,422.0,6.393939393939394,3.9486620495564844,17,515.0,0.1845339554909414,15,223.0,0.2115926059156679,32,738.0
2520.0,29,500.0,8.064516129032258,4.654994702351271,14,522.0,0.26643039964973175,15,240.0,0.14489025321881954,29,762.0
2525.0,28,554.0,8.935483870967742,4.242226002581965,14,488.0,0.2694315971702003,14,256.0,0.06663362944765332,28,744.0
2530.0,26,538.0,8.276923076923078,4.909548109926784,21,507.0,0.17802535444008732,5,201.0,0.2837288544323485,26,708.0
2535.0,29,540.0,9.152542372881356,5.254417306208729,23,507.0,0.19077121145152415,6,146.0,0.4414311581724532,29,653.0
2540.0,28,635.0,10.583333333333334,5.75908022529862,21,571.0,0.16016213096120674,7,152.0,0.4875952369983081,28,723.0
2545.0,27,713.0,12.084745762711865,5.196551586709445,22,673.0,0.11039470616308444,5,144.0,0.5450806371658558,27,817.0
2550.0,33,865.0,14.416666666666666,5.174638533627484,26,795.0,0.16814900102616287,7,156.0,0.5151231252183905,33,951.0
2555.0,32,993.0,16.83050847457627,4.631114331479198,24,896.0,0.21721091267332843,8,183.0,0.4006441401617652,32,1079.0
2560.0,31,1113.0,18.55,4.319436088360302,24,985.0,0.21482461562893665,7,210.0,0.3440123784675892,31,1195.0
2565.0,29,752.0,11.936507936507937,3.9894940511631276,24,933.0,0.16777904949159503,5,121.0,0.3480430083052941,29,1054.0
2570.0,25,549.0,8.714285714285714,5.462859794088181,18,750.0,0.24707375222046293,7,74.0,0.4655695821484483,25,824.0
2575.0,27,681.0,10.80952380952381,5.837003134237397,19,698.0,0.27713467298439587,8,101.0,0.5261484346763928,27,799.0
2580.0,28,581.0,9.078125,4.751811564980547,21,658.0,0.18643277345449993,7,121.0,0.4598683225888835,28,779.0
2585.0,24,291.0,4.279411764705882,4.8337959489584845,16,513.0,0.23531082898898256,8,128.0,0.32705925218420356,24,641.0
2590.0,18,261.0,3.782608695652174,5.386939366017159,12,528.0,0.2991546412038514,6,137.0,0.26249620374323157,18,665.0
2595.0,28,337.0,4.746478873239437,5.452513293951793,17,547.0,0.2978101351627729,11,177.0,0.23571434743552347,28,724.0
2600.0,34,398.0,5.852941176470588,4.527008568566626,21,580.0,0.1924828515705998,13,217.0,0.28065629131432596,34,797.0
2605.0,28,498.0,8.163934426229508,4.766966047483643,21,637.0,0.09866620393471452,7,223.0,0.43075800159096767,28,860.0
2610.0,29,522.0,8.557377049180328,3.7204920283461704,22,599.0,0.04513514894747926,7,221.0,0.3295092789426548,29,820.0
2615.0,25,477.0,7.571428571428571,4.790614923003955,14,467.0,0.24242263685275753,11,233.0,0.29394808761200764,25,700.0
2620.0,21,380.0,6.031746031746032,5.826576369147619,11,425.0,0.41928095596373843,10,166.0,0.25674320618915636,21,591.0
2625.0,22,392.0,6.125,5.469937427585229,11,425.0,0.3353546303518314,11,138.0,0.2668288771346336,22,563.0
2630.0,30,462.0,7.451612903225806,4.712576631765497,19,476.0,0.2320482649688866,11,156.0,0.2401118317922851,30,632.0
2635.0,26,507.0,8.047619047619047,5.13430449124182,19,523.0,0.1598500237364163,7,130.0,0.44091926077653965,26,653.0
2640.0,20,512.0,8.126984126984127,5.66617342794927,15,523.0,0.1530922806674221,5,81.0,0.44784383094527547,20,604.0
2645.0,24,515.0,8.442622950819672,5.30578638022163,15,530.0,0.19789416195639367,9,103.0,0.4127226374146731,24,633.0
2650.0,25,540.0,8.852459016393443,5.252861016048328,17,528.0,0.2484850945553751,8,124.0,0.3226306132790889,25,652.0
2655.0,24,623.0,10.21311475409836,5.559673999025186,16,573.0,0.2909320158018541,8,135.0,0.3811196827859658,24,708.0
2660.0,20,613.0,10.216666666666667,5.982118436436787,13,587.0,0.3262129683460607,7,126.0,0.4217445727662641,20,713.0
2665.0,23,498.0,8.03225806451613,5.3690351559430916,13,519.0,0.33962856970300215,10,142.0,0.23945887446979977,23,661.0
2670.0,24,288.0,4.298507462686567,5.629960064697189,13,398.0,0.3291780668893948,11,193.0,0.268452901003554,24,591.0
2675.0,24,295.0,4.538461538461538,5.397692180053229,12,418.0,0.3300500762982721,12,241.0,0.3086360788187616,24,659.0
2680.0,25,282.0,4.2727272727272725,5.456767223691953,15,471.0,0.2988390639795834,10,220.0,0.4083949020124975,25,691.0
2685.0,25,318.0,4.746268656716418,5.058947063698584,19,557.0,0.09632751681053715,6,142.0,0.5444809364959913,25,699.0
2690.0,31,289.0,4.378787878787879,4.587586206127245,25,615.0,0.10460958309827864,6,103.0,0.4621271169797582,31,718.0
2695.0,27,267.0,4.171875,4.723593932604553,16,612.0,0.2340669726476826,11,115.0,0.24386768619527183,27,727.0
2700.0,27,290.0,4.53125,4.641838334540744,12,536.0,0.31863111713836684,15,137.0,0.12470028638328075,27,673.0
2705.0,18,227.0,3.4923076923076923,5.954209388220878,10,417.0,0.3619890749663757,8,136.0,0.30237781738463004,18,553.0
2710.0,20,214.0,3.242424242424242,6.305804945858418,11,355.0,0.32564694097334795,9,134.0,0.42411110678279224,20,489.0
2715.0,26,318.0,4.746268656716418,6.170138572962093,15,346.0,0.27915528979157916,11,157.0,0.44740104235353156,26,503.0
2720.0,23,317.0,4.876923076923077,5.155709772185691,13,368.0,0.24525231198629224,10,161.0,0.4141463038034737,23,529.0
2725.0,28,382.0,6.262295081967213,4.926276489441802,14,341.0,0.2969790780955056,14,198.0,0.26293415224298045,28,539.0
2730.0,30,441.0,6.890625,3.3965660013305254,13,374.0,0.16035647973470038,17,225.0,0.1117663762479146,30,599.0
2735.0,31,509.0,7.953125,4.542520000728439,18,393.0,0.17407171954957765,13,218.0,0.2695282237423929,31,611.0
2740.0,25,417.0,6.95,4.196324998781704,16,396.0,0.15700755857408238,9,191.0,0.29944298893651194,25,587.0
2745.0,29,487.0,8.116666666666667,5.164038369118023,19,436.0,0.25212935920593876,10,190.0,0.3713718925620405,29,626.0
2750.0,28,488.0,8.0,4.669664463769809,17,463.0,0.2484121962014925,11,186.0,0.37873618626683625,28,649.0
2755.0,28,517.0,7.953846153846154,5.7204936005673614,12,450.0,0.348105402143426,16,237.0,0.35522796433600623,28,687.0
2760.0,23,281.0,4.1940298507462686,5.457305301157068,11,353.0,0.37932091540996754,12,244.0,0.3189941313315369,23,597.0
2765.0,28,360.0,4.931506849315069,5.573840392871374,13,247.0,0.38231976036123466,15,290.0,0.25640211954013054,28,537.0
2770.0,35,400.0,5.2631578947368425,4.926297151159857,18,293.0,0.2688072654283707,17,320.0,0.3127377957814586,35,613.0
2775.0,30,306.0,3.923076923076923,4.891271555642031,20,324.0,0.22054384207521277,10,302.0,0.33014285105259833,30,626.0
2780.0,31,356.0,4.684210526315789,4.592870324715926,22,366.0,0.16900342026132464,9,272.0,0.3742730889839786,31,638.0
2785.0,27,255.0,3.493150684931507,4.686821994466556,18,366.0,0.18320415126959189,9,230.0,0.31324004289635704,27,596.0
2790.0,28,275.0,3.6666666666666665,4.286833899639814,16,404.0,0.1798831624438468,12,182.0,0.2570279621833831,28,586.0
2795.0,35,356.0,4.564102564102564,4.342737778999778,21,457.0,0.18622496636533695,14,227.0,0.22198367601182406,35,684.0
2800.0,38,486.0,6.230769230769231,4.785651071647812,22,520.0,0.27862847868349044,16,269.0,0.29696449434306504,38,789.0
2805.0,37,534.0,6.592592592592593,4.612043515947029,22,557.0,0.26968902694897323,15,297.0,0.2954814848239039,37,854.0
2810.0,33,430.0,5.2439024390243905,4.822876877712232,25,592.0,0.21358752736033648,8,237.0,0.38076390244570124,33,829.0
2815.0,34,517.0,6.011627906976744,4.730660145740244,28,621.0,0.21215657891342318,6,244.0,0.33949397296429035,34,865.0
2820.0,47,618.0,7.103448275862069,4.139382123374603,31,689.0,0.17102436121410397,16,282.0,0.2980813841480859,47,971.0
2825.0,43,463.0,5.578313253012048,3.6182961301803163,22,647.0,0.19139150742407252,21,280.0,0.16498596576528488,43,927.0
2830.0,44,549.0,6.383720930232558,3.536048860930017,21,601.0,0.1759504140915138,23,348.0,0.11978891990254166,44,949.0
2835.0,40,581.0,6.8352941176470585,3.8330774399462175,19,608.0,0.2021610192591478,21,389.0,0.15466941344435764,40,997.0
2840.0,34,454.0,5.341176470588235,4.567977373603511,18,580.0,0.1924326073010252,16,365.0,0.24557405092899365,34,945.0
2845.0,33,435.0,5.117647058823529,4.60311254901749,22,600.0,0.13482040144055785,11,351.0,0.2887273867389887,33,951.0
2850.0,36,465.0,5.7407407407407405,4.929118333895222,24,591.0,0.13751529316101985,12,361.0,0.29971822522273733,36,952.0
2855.0,39,560.0,7.2727272727272725,3.7688316135840925,23,647.0,0.09998267978515993,16,393.0,0.23194492673111944,39,1040.0
2860.0,35,515.0,6.688311688311688,4.019224177499653,22,686.0,0.14855097719563107,13,370.0,0.27148924255924783,35,1056.0
2865.0,45,699.0,9.32,3.6238397306173806,23,758.0,0.18507126196351936,22,371.0,0.22364345990865364,45,1129.0
2870.0,46,840.0,10.37037037037037,3.4745414559055274,25,806.0,0.2052112910058077,21,422.0,0.2015138595695998,46,1228.0
2875.0,39,763.0,9.5375,3.6720213993894126,23,806.0,0.18091149593022274,16,394.0,0.3020809904803845,39,1200.0
2880.0,31,569.0,6.939024390243903,4.5436333046791555,18,684.0,0.2506890796861226,13,387.0,0.24678755095801297,31,1071.0
2885.0,25,479.0,5.9875,5.35341749988404,12,563.0,0.307238807380837,13,328.0,0.276884626047836,25,891.0
2890.0,35,585.0,7.697368421052632,4.5696443555367345,15,495.0,0.2857992672972587,20,372.0,0.0996031131946074,35,867.0
2895.0,39,473.0,6.757142857142857,3.2877980255335797,15,447.0,0.21977077251892857,24,421.0,0.09768650496711885,39,868.0
2900.0,41,530.0,7.464788732394366,3.8070601355320073,21,442.0,0.20910177320815132,20,450.0,0.20960473107277924,41,892.0
2905.0,39,627.0,8.830985915492958,3.626870474147052,21,490.0,0.2635632788150297,18,509.0,0.17966381135213788,39,999.0
2910.0,36,741.0,10.150684931506849,3.9559648083448398,14,506.0,0.28896989814826685,22,547.0,0.04953401990449199,36,1053.0
2915.0,34,686.0,9.8,4.086427320224215,13,457.0,0.3028221046411307,21,579.0,0.046175698591945785,34,1036.0
2920.0,28,401.0,5.811594202898551,4.203335718973581,16,422.0,0.16189512605383852,12,507.0,0.15688645234659693,28,929.0
2925.0,26,442.0,6.597014925373134,5.019360804560316,19,436.0,0.11055728309202051,7,430.0,0.36991743990526443,26,866.0
2930.0,26,529.0,8.396825396825397,5.857798743195169,19,491.0,0.07464405292650977,7,361.0,0.5430050631587786,26,852.0
2935.0,22,566.0,9.758620689655173,5.7867785618827146,14,515.0,0.09269746968577804,8,359.0,0.5128404352475676,22,874.0
2940.0,22,422.0,7.672727272727273,5.422461142598073,14,465.0,0.06903674992765489,8,339.0,0.446438061773718,22,804.0
2945.0,22,362.0,6.961538461538462,5.276479719107694,12,410.0,0.15336840202167748,10,333.0,0.34938601292422705,22,743.0
2950.0,24,387.0,7.74,5.250076528893401,13,403.0,0.2823505093482134,11,300.0,0.37699681256164863,24,703.0
2955.0,22,363.0,7.117647058823529,5.221605175359492,13,438.0,0.32836599700257896,9,266.0,0.35249322208778944,22,704.0
2960.0,18,335.0,6.4423076923076925,4.859317385927251,10,440.0,0.2890453815343936,8,204.0,0.37846566460492137,18,644.0
2965.0,16,360.0,6.545454545454546,5.42793267973724,9,406.0,0.34723308180996004,7,179.0,0.2750597215750601,16,585.0
2970.0,21,417.0,7.315789473684211,6.220145058660952,12,454.0,0.36055510997300494,9,193.0,0.2907407349308151,21,647.0
2975.0,23,418.0,7.084745762711864,6.361385933215183,9,421.0,0.4203125612987148,14,223.0,0.2561031537590793,23,644.0
2980.0,21,358.0,6.067796610169491,5.509531118285985,9,322.0,0.35317167063904703,12,277.0,0.34532662078007736,21,599.0
2985.0,23,442.0,7.245901639344262,6.290754824313883,11,322.0,0.43238545585039123,12,298.0,0.38844119695218915,23,620.0
2990.0,22,341.0,5.683333333333334,5.615278841060705,10,294.0,0.29367995337668457,12,274.0,0.35007310026891403,22,568.0
2995.0,26,306.0,4.935483870967742,4.641310137986535,14,227.0,0.20590955956110918,12,230.0,0.26978727324204443,26,457.0
3000.0,30,333.0,5.459016393442623,4.0848599511620955,15,255.0,0.2459368649247969,15,285.0,0.20107364280721773,30,540.0
3005.0,24,360.0,5.806451612903226,5.296990548280913,7,238.0,0.41438744140080863,17,337.0,0.23209750660926703,24,575.0
3010.0,25,326.0,5.344262295081967,5.368267836957581,8,240.0,0.4582087275103398,17,332.0,0.19648502068489312,25,572.0
3015.0,25,328.0,5.377049180327869,5.634462607647967,8,216.0,0.3576339439243277,17,318.0,0.2262592245124187,25,534.0
3020.0,29,359.0,5.790322580645161,4.696971861568084,13,253.0,0.25519855364495353,16,345.0,0.2183553125292371,29,598.0
3025.0,24,349.0,5.721311475409836,5.054498351262206,12,283.0,0.21286538310673167,12,313.0,0.3054565351904555,24,596.0
3030.0,21,384.0,6.508474576271187,5.8397359655494006,7,280.0,0.30786928503870997,14,331.0,0.2779984571044462,21,611.0
3035.0,20,356.0,6.137931034482759,5.3821578651644355,6,216.0,0.3268809560461559,14,354.0,0.16955882041520617,20,570.0
3040.0,26,317.0,5.4655172413793105,4.7940802577147394,9,153.0,0.327209026099655,17,357.0,0.18892510682253005,26,510.0
3045.0,28,386.0,6.655172413793103,5.421439207391142,11,192.0,0.3598947355490266,17,336.0,0.29188133330121707,28,528.0
3050.0,23,400.0,6.896551724137931,5.161765766087222,9,211.0,0.38574983532738083,14,353.0,0.2908330870749168,23,564.0
3055.0,16,381.0,6.684210526315789,6.10788083223129,5,189.0,0.4368973827294555,11,329.0,0.2765387347358196,16,518.0
3060.0,20,429.0,7.660714285714286,5.595318187827382,6,203.0,0.43015356940339783,14,360.0,0.10121770949921362,20,563.0
3065.0,28,529.0,9.120689655172415,4.875845383872442,10,247.0,0.30434049208422664,18,393.0,0.11681621800315677,28,640.0
3070.0,26,281.0,5.109090909090909,4.818720683458465,11,175.0,0.31259201082138727,15,365.0,0.2417627756111537,26,540.0
3075.0,21,278.0,4.964285714285714,5.912611235985539,10,150.0,0.2893533893176429,11,286.0,0.4070158810579927,21,436.0
3080.0,21,244.0,4.206896551724138,5.4548755749656115,10,144.0,0.3087436665236128,11,276.0,0.3181206609608059,21,420.0
3085.0,15,192.0,3.4285714285714284,6.208502197542733,7,107.0,0.3983492253778451,8,235.0,0.25984709234108416,15,342.0
3090.0,15,240.0,4.444444444444445,6.006574301301864,8,127.0,0.3008166110321649,7,211.0,0.26331778091673236,15,338.0
3095.0,20,293.0,5.425925925925926,6.247570417355828,8,148.0,0.20336792284332172,12,249.0,0.3358590479961536,20,397.0
3100.0,24,312.0,6.5,5.567227479353877,11,181.0,0.2653370958835958,13,229.0,0.33020969822507457,24,410.0
3105.0,22,271.0,6.159090909090909,4.633490039066067,9,163.0,0.3087645451868563,13,218.0,0.2806182676767015,22,381.0
3110.0,22,283.0,6.288888888888889,4.387980706069451,9,160.0,0.3775526403028558,13,233.0,0.2329141333594261,22,393.0
3115.0,19,213.0,4.531914893617022,5.442637666569527,8,132.0,0.3813389461184529,11,197.0,0.289415225083833,19,329.0
3120.0,19,267.0,5.5625,5.757598372180824,9,109.0,0.2454291437356409,10,222.0,0.35424532280832155,19,331.0
3125.0,21,293.0,5.528301886792453,5.946917087461928,7,112.0,0.26451558819074195,14,256.0,0.32465105683973133,21,368.0
3130.0,19,249.0,4.882352941176471,5.855757860270403,5,74.0,0.3764749615381278,14,274.0,0.2779446416511641,19,348.0
3135.0,20,340.0,6.8,6.9027494668898814,6,87.0,0.4985167127380976,14,296.0,0.3037949677286989,20,383.0
3140.0,15,312.0,6.117647058823529,6.404369029751863,3,65.0,0.4740166843910729,12,309.0,0.2688216248560198,15,374.0
3145.0,18,338.0,6.627450980392157,6.834336560832796,5,73.0,0.5455296725953525,13,302.0,0.2563362809533761,18,375.0
3150.0,17,234.0,4.68,5.502117767683181,3,54.0,0.3481327581292871,14,292.0,0.24134364351307552,17,346.0
3155.0,18,167.0,3.150943396226415,6.7354865357346725,8,65.0,0.44375305740074245,10,241.0,0.341737154909727,18,306.0
3160.0,18,178.0,3.4901960784313726,6.060508325442783,9,100.0,0.431869618771945,9,255.0,0.335149229565608,18,355.0
3165.0,19,231.0,4.529411764705882,5.9152794153599935,8,143.0,0.436802662388029,11,244.0,0.289075684347421,19,387.0
3170.0,23,188.0,3.547169811320755,4.835282170252107,7,124.0,0.4392689993303456,16,282.0,0.1855401138192844,23,406.0
3175.0,19,213.0,3.9444444444444446,5.648595683874998,4,84.0,0.48931857986821525,15,320.0,0.1888720429141846,19,404.0
3180.0,20,232.0,4.142857142857143,5.90042625233044,6,87.0,0.5181805844156079,14,332.0,0.1694943139131864,20,419.0
3185.0,20,250.0,4.385964912280702,5.506500342521695,7,76.0,0.28747002390374676,13,335.0,0.242405235629941,20,411.0
3190.0,24,310.0,5.636363636363637,5.476338242622139,12,117.0,0.1823067323908397,12,321.0,0.3252057774187249,24,438.0
3195.0,23,285.0,5.277777777777778,5.19169640623992,12,151.0,0.17428309278851525,11,270.0,0.3358547378243277,23,421.0
3200.0,25,363.0,7.117647058823529,4.63040608499398,14,210.0,0.23333143005585447,11,304.0,0.3001546275254061,25,514.0
3205.0,22,364.0,7.137254901960785,3.7162413997407775,11,221.0,0.20000256635941202,11,320.0,0.23206379099253793,22,541.0
3210.0,20,280.0,5.0,5.436930152584147,7,179.0,0.3892548464776233,13,299.0,0.28563373434441686,20,478.0
3215.0,22,232.0,3.80327868852459,5.962885793436283,5,140.0,0.46031146526220623,17,301.0,0.25509786714398874,22,441.0
3220.0,24,234.0,3.7142857142857144,5.685051693591769,9,114.0,0.48158193293477314,15,331.0,0.22180797374683198,24,445.0
3225.0,19,256.0,4.19672131147541,5.806979951775176,8,127.0,0.4332744314326647,11,334.0,0.27379644654962604,19,461.0
3230.0,18,242.0,3.8412698412698414,5.498980613963793,6,109.0,0.35857402356145257,12,326.0,0.21563524366934797,18,435.0
3235.0,23,241.0,3.8870967741935485,5.082726373750847,10,122.0,0.3091894639423273,13,283.0,0.20002653557435454,23,405.0
3240.0,28,296.0,5.103448275862069,4.1430849478722225,15,168.0,0.26568427341440964,13,307.0,0.24110430942240196,28,475.0
3245.0,28,313.0,5.048387096774194,4.352067053869006,14,220.0,0.2919331065795355,14,305.0,0.27127711304702473,28,525.0
3250.0,30,360.0,5.625,4.982779168505662,16,260.0,0.3427757009393146,14,321.0,0.32799485809445694,30,581.0
3255.0,28,375.0,5.769230769230769,4.8070973090304125,16,288.0,0.21161323348617606,12,309.0,0.39250509922993454,28,597.0
3260.0,22,375.0,5.9523809523809526,4.032580836018784,10,274.0,0.12707321650165646,12,315.0,0.2941132524511619,22,589.0
3265.0,27,333.0,5.203125,4.053908937499186,13,257.0,0.2111937208000526,14,315.0,0.14350724844210913,27,572.0
3270.0,33,328.0,4.96969696969697,4.030195022865671,17,263.0,0.24566749772844027,16,314.0,0.18078099964481323,33,577.0
3275.0,34,431.0,6.630769230769231,4.084308388938034,16,310.0,0.30414666337688107,18,382.0,0.20599553167745602,34,692.0
3280.0,33,520.0,7.878787878787879,4.501537184205635,15,349.0,0.3599102904505665,18,419.0,0.25546709191143857,33,768.0
3285.0,27,474.0,6.869565217391305,4.494465264216978,16,375.0,0.27514900401436343,11,401.0,0.2972542424528551,27,776.0
3290.0,23,525.0,8.076923076923077,4.915051680054394,11,356.0,0.26149910464388604,12,400.0,0.26844026520064296,23,756.0
3295.0,21,444.0,7.278688524590164,5.356030666025543,10,277.0,0.3037159740142366,11,396.0,0.2001811901665982,21,673.0
3300.0,27,347.0,5.688524590163935,4.432605905868763,11,242.0,0.24414937790092006,16,383.0,0.1349467521374037,27,625.0
3305.0,29,351.0,6.051724137931035,4.378933486663795,16,244.0,0.24550110772969505,13,349.0,0.25068062901075394,29,593.0
3310.0,29,359.0,6.189655172413793,4.5439524450544235,15,255.0,0.24821955122406653,14,278.0,0.32354047765536714,29,533.0
3315.0,27,320.0,5.423728813559322,4.201351028051172,14,262.0,0.18840651588555626,13,299.0,0.35570915347474497,27,561.0
3320.0,22,285.0,4.453125,4.768340331637152,12,283.0,0.20693373522523353,10,278.0,0.3585052126732365,22,561.0
3325.0,19,262.0,4.09375,5.282349995286336,9,244.0,0.1887957252764104,10,263.0,0.3616923180634575,19,507.0
3330.0,24,309.0,4.828125,4.982739703339606,9,239.0,0.21538972329091458,15,245.0,0.30496246616871536,24,484.0
3335.0,34,424.0,6.73015873015873,4.556988360732233,15,283.0,0.29234420600286654,19,310.0,0.26854656990208403,34,593.0
3340.0,33,525.0,8.60655737704918,4.0528841948738,13,311.0,0.352645713897192,20,374.0,0.15282492098044959,33,685.0
3345.0,33,453.0,7.078125,3.2705678286679536,11,293.0,0.2736294138322989,22,370.0,0.11709339298276988,33,663.0
3350.0,32,497.0,7.53030303030303,4.073084293606216,12,300.0,0.3001280659243946,20,370.0,0.16750011911922685,32,670.0
3355.0,30,482.0,7.088235294117647,4.509677401541293,12,272.0,0.3068036724755732,18,393.0,0.18765461662651403,30,665.0
3360.0,25,355.0,5.220588235294118,5.103804359428432,13,323.0,0.2823277431686907,12,340.0,0.21639460927579524,25,663.0
3365.0,25,438.0,6.4411764705882355,6.086791097048978,17,379.0,0.23273183197415784,8,285.0,0.36318045569903873,25,664.0
3370.0,26,508.0,8.193548387096774,5.3459490871518645,18,422.0,0.1530122056011962,8,245.0,0.3298041730593856,26,667.0
3375.0,30,573.0,9.241935483870968,4.868467645349287,17,455.0,0.22913419835051943,13,271.0,0.27889500597864736,30,726.0
3380.0,30,622.0,10.03225806451613,4.121299146780726,18,486.0,0.21297854114450496,12,287.0,0.3325635642139409,30,773.0
3385.0,23,637.0,10.274193548387096,5.794453187686828,14,475.0,0.26047038939320105,9,286.0,0.4281799392557366,23,761.0
3390.0,22,468.0,7.428571428571429,5.561220007967511,12,360.0,0.24137128312846373,10,320.0,0.3030583973684659,22,680.0
3395.0,23,389.0,6.078125,6.497064537646731,13,263.0,0.2913564560593948,10,317.0,0.3574913123495899,23,580.0
3400.0,24,453.0,7.190476190476191,6.135186284396915,15,309.0,0.30410945640653686,9,279.0,0.3862510798728184,24,588.0
3405.0,21,319.0,5.406779661016949,5.7939713851939825,12,321.0,0.3519684420651952,9,194.0,0.4263026611989847,21,515.0
3410.0,21,303.0,5.135593220338983,5.874744914817179,12,302.0,0.3650537181785586,9,113.0,0.350480881821635,21,415.0
3415.0,23,240.0,4.0,4.704141289033866,12,284.0,0.2803069808364341,11,145.0,0.21840943910067748,23,429.0
3420.0,23,322.0,5.111111111111111,5.943915490364689,14,287.0,0.28582298748724677,9,160.0,0.3146972802132685,23,447.0
3425.0,23,342.0,5.428571428571429,5.335315849940705,13,323.0,0.18665477375363895,10,168.0,0.3256765243157084,23,491.0
3430.0,28,455.0,7.338709677419355,6.090942261090531,15,370.0,0.254221943502229,13,191.0,0.37140121169112567,28,561.0
3435.0,26,461.0,7.557377049180328,5.14243725802976,13,381.0,0.22742801475296195,13,204.0,0.3813969501603931,26,585.0
3440.0,24,478.0,7.966666666666667,5.931774026574373,12,370.0,0.3580224599106471,12,228.0,0.353144306418876,24,598.0
3445.0,23,366.0,5.809523809523809,5.062716829656479,11,308.0,0.3420133583176694,12,248.0,0.25535238811701894,23,556.0
3450.0,24,316.0,4.9375,5.671875767611224,11,205.0,0.1985766992278437,13,261.0,0.3628209650441697,24,466.0
3455.0,27,399.0,6.65,4.892358040035174,13,220.0,0.17717441767486067,14,301.0,0.3071669008847805,27,521.0
3460.0,29,467.0,7.532258064516129,4.678852562033682,12,237.0,0.22977465392528199,17,349.0,0.22229123356795152,29,586.0
3465.0,26,474.0,7.9,4.858604011454235,9,228.0,0.3869375218501446,17,393.0,0.20036357713813158,26,621.0
3470.0,28,541.0,8.587301587301587,5.234951040308294,11,257.0,0.32694467082460527,17,402.0,0.21722483683294416,28,659.0
3475.0,28,433.0,6.661538461538462,5.45946548157028,12,283.0,0.33099902158867794,16,342.0,0.2770108532791639,28,625.0
3480.0,30,436.0,6.920634920634921,5.112388893971617,13,290.0,0.36332770088499655,17,305.0,0.30599526229540785,30,595.0
3485.0,31,411.0,6.421875,4.471344002644031,14,252.0,0.3329983625830956,17,330.0,0.2650431530634389,31,582.0
3490.0,25,313.0,4.408450704225352,5.152313105333389,13,265.0,0.288392015543288,12,280.0,0.3183519819414172,25,545.0
3495.0,19,324.0,4.628571428571429,5.891244226304883,7,241.0,0.2674829645714102,12,251.0,0.316855223462159,19,492.0
3500.0,17,343.0,5.044117647058823,6.623925678043971,6,229.0,0.3908861927922027,11,230.0,0.2899783464755565,17,459.0
3505.0,24,416.0,6.603174603174603,6.357583057875388,9,249.0,0.44779243412991826,15,246.0,0.18068492412445786,24,495.0
3510.0,24,436.0,7.266666666666667,5.2970257700232315,9,263.0,0.3805392827749176,15,287.0,0.18581845782415482,24,550.0
3515.0,28,557.0,10.314814814814815,4.91671570758518,11,305.0,0.33085526247492403,17,338.0,0.24048639648078932,28,643.0
3520.0,25,550.0,9.821428571428571,4.689470648669322,9,292.0,0.37065046182032213,16,377.0,0.25441882804633015,25,669.0
3525.0,21,536.0,9.571428571428571,5.279150177009287,9,287.0,0.339653727064607,12,366.0,0.27814327430199703,21,653.0
3530.0,24,509.0,8.344262295081966,5.272863277448213,14,341.0,0.1957964388911101,10,329.0,0.3295856222212049,24,670.0
3535.0,26,436.0,6.8125,5.543021258413547,13,378.0,0.2831445363166733,13,273.0,0.28651328009814786,26,651.0
3540.0,18,439.0,7.440677966101695,5.44072563871512,5,358.0,0.3711856805575292,13,290.0,0.25436336067319415,18,648.0
3545.0,20,486.0,8.526315789473685,5.291031437396771,8,349.0,0.33450280007244365,12,293.0,0.15234401766589126,20,642.0
3550.0,19,256.0,4.7407407407407405,6.316714320024773,6,182.0,0.3842969736870191,13,282.0,0.24772646961502434,19,464.0
3555.0,20,318.0,6.489795918367347,6.594782826351463,7,91.0,0.429417259210506,13,288.0,0.27862735267808864,20,379.0
3560.0,18,274.0,6.523809523809524,4.995122652228538,8,128.0,0.38105657717217006,10,258.0,0.28455068767691666,18,386.0
3565.0,22,298.0,6.930232558139535,4.737885759131185,11,179.0,0.3728718870130721,11,198.0,0.19584587484234114,22,377.0
3570.0,19,315.0,7.159090909090909,4.31178673542686,8,186.0,0.3685295203665922,11,228.0,0.053084953055832426,19,414.0
3575.0,23,391.0,8.886363636363637,4.7459360609216885,11,195.0,0.2858865011789174,12,257.0,0.1991010458968518,23,452.0
3580.0,21,290.0,6.170212765957447,4.813883465047419,12,211.0,0.3172952280066505,9,229.0,0.31735608430332657,21,440.0
3585.0,16,336.0,7.148936170212766,7.103226153748765,8,201.0,0.48388560040416523,8,191.0,0.34943940381486016,16,392.0
3590.0,14,260.0,5.2,6.607607737971275,5,140.0,0.430876441259642,9,231.0,0.3076385305143563,14,371.0
3595.0,18,300.0,5.882352941176471,6.8246541520749995,8,74.0,0.3974926716123915,10,283.0,0.39462868615813207,18,357.0
3600.0,19,226.0,4.431372549019608,5.637821855434657,12,109.0,0.1821536700235573,7,250.0,0.5099158293175968,19,359.0
3605.0,14,220.0,4.230769230769231,6.811613483200701,8,126.0,0.28554319985474197,6,154.0,0.48325781023039555,14,280.0
3610.0,16,228.0,4.56,6.463473089536965,8,111.0,0.3151229603588122,8,171.0,0.3143490602563836,16,282.0
3615.0,16,266.0,5.428571428571429,6.48680000723217,9,124.0,0.27557247201582713,7,200.0,0.3366165552826002,16,324.0
3620.0,11,226.0,4.708333333333333,7.430104447079895,7,109.0,0.34067093365674095,4,193.0,0.553645951782052,11,302.0
3625.0,15,183.0,3.9782608695652173,7.120837449122225,9,129.0,0.4233539823945757,6,146.0,0.4438078762310842,15,275.0
3630.0,14,183.0,4.066666666666666,6.4552873328082825,5,131.0,0.457650612003647,9,106.0,0.3864418123948892,14,237.0
3635.0,14,200.0,4.651162790697675,5.667566723170259,7,104.0,0.3885422205511309,7,126.0,0.27371942635936153,14,230.0
3640.0,16,179.0,3.977777777777778,5.755739679887154,5,94.0,0.33084570453977874,11,131.0,0.19707906284377102,16,225.0
3645.0,19,243.0,5.4,6.091638584809334,8,87.0,0.32322654000188733,11,180.0,0.2197609755891227,19,267.0
3650.0,20,324.0,7.043478260869565,6.146806636874979,11,137.0,0.31751901205534816,9,214.0,0.34306572666269514,20,351.0
3655.0,14,264.0,5.866666666666666,5.579848584509798,8,159.0,0.38295094877390984,6,203.0,0.31468084993679574,14,362.0
3660.0,10,243.0,6.230769230769231,6.492564633618362,5,141.0,0.39776854140228207,5,140.0,0.3628453421761336,10,281.0
3665.0,11,265.0,6.973684210526316,6.4667011763478035,6,135.0,0.3093749461043005,5,149.0,0.3502559859325547,11,284.0
3670.0,19,342.0,7.434782608695652,6.89583680253294,12,182.0,0.31895424838230635,7,179.0,0.38663203380283895,19,361.0
3675.0,12,257.0,5.711111111111111,7.211311110232088,8,210.0,0.4293036711288806,4,82.0,0.4682420438044099,12,292.0
3680.0,9,285.0,6.951219512195122,7.999605760026092,6,214.0,0.44088364453290774,3,80.0,0.5160725533131116,9,294.0
3685.0,13,296.0,7.219512195121951,6.488382708451545,8,228.0,0.34768689331997793,5,100.0,0.3870387871767299,13,328.0
3690.0,16,350.0,7.954545454545454,6.868318688849741,9,229.0,0.3930003627256998,7,130.0,0.3239251178452404,16,359.0
3695.0,12,154.0,3.948717948717949,5.876501080418056,8,125.0,0.2630763316863114,4,115.0,0.4301017583281704,12,240.0
3700.0,17,212.0,4.930232558139535,6.532351512449712,10,91.0,0.2626725790405584,7,139.0,0.49610415052520207,17,230.0
3705.0,12,195.0,4.333333333333333,6.05193071881819,7,104.0,0.32768451565972656,5,139.0,0.455772081498886,12,243.0
3710.0,14,245.0,5.212765957446808,7.501367998281978,6,98.0,0.5127601805712593,8,162.0,0.40813376876950785,14,260.0
3715.0,14,263.0,5.595744680851064,7.062534635121463,6,118.0,0.39577276419135043,8,182.0,0.3808205334494632,14,300.0
3720.0,16,339.0,7.369565217391305,6.4648643516201165,7,148.0,0.2847428917863815,9,209.0,0.312985838418016,16,357.0
3725.0,17,175.0,4.069767441860465,5.547057962408997,8,117.0,0.3810001306312872,9,118.0,0.29815011874934993,17,235.0
3730.0,15,221.0,5.261904761904762,5.52394420914623,7,120.0,0.4435185174112806,8,128.0,0.2414726104455912,15,248.0
3735.0,16,249.0,5.790697674418604,5.50424149682774,10,154.0,0.3567993759133084,6,141.0,0.36573415543512794,16,295.0
3740.0,14,267.0,5.680851063829787,6.730228633765571,9,185.0,0.2552878907913327,5,125.0,0.5935712288255923,14,310.0
3745.0,18,347.0,7.229166666666667,6.630341112098715,12,239.0,0.21291528148998787,6,125.0,0.5158637864007768,18,364.0
3750.0,17,300.0,6.122448979591836,6.314799369679498,11,235.0,0.2495721125047882,6,136.0,0.42157274535627415,17,371.0
3755.0,15,327.0,6.673469387755102,6.734704081493279,7,192.0,0.3712156137046479,8,166.0,0.35815125359274763,15,358.0
3760.0,15,181.0,3.9347826086956523,6.539794609298971,9,169.0,0.3788069474461969,6,143.0,0.36794912176306876,15,312.0
3765.0,16,201.0,4.276595744680851,7.104421690468783,9,136.0,0.33737289672985776,7,111.0,0.45634622346177744,16,247.0
3770.0,15,135.0,2.8125,6.250815374631664,10,149.0,0.3016108251702546,5,94.0,0.4854693236046143,15,243.0
3775.0,15,162.0,3.4468085106382977,6.3684073656271805,9,146.0,0.3001070158334585,6,80.0,0.4941093184898786,15,226.0
3780.0,18,176.0,3.450980392156863,5.440406330615372,9,139.0,0.3651053745153798,9,115.0,0.32754226550223947,18,254.0
3785.0,13,140.0,2.7450980392156863,6.627993583738658,6,120.0,0.5017208552971048,7,104.0,0.3201348809849291,13,224.0
3790.0,14,191.0,4.0638297872340425,7.300156753381489,7,140.0,0.49472602329046483,7,91.0,0.3513445100416047,14,231.0
3795.0,12,152.0,3.04,6.556319821335649,7,134.0,0.31322202864302384,5,89.0,0.34091043629436285,12,223.0
3800.0,16,197.0,4.020408163265306,7.295494353340587,9,160.0,0.3605458264526368,7,71.0,0.3730060329910841,16,231.0
3805.0,14,186.0,4.2272727272727275,7.631622642577051,7,158.0,0.4667203974499944,7,72.0,0.5132179802065686,14,230.0
3810.0,13,224.0,5.209302325581396,6.953687380808905,6,146.0,0.4556063892944079,7,110.0,0.39966930103040854,13,256.0
3815.0,11,142.0,3.1555555555555554,6.03102578922064,4,116.0,0.34454958907069266,7,103.0,0.4102357614939421,11,219.0
3820.0,19,220.0,4.583333333333333,6.219690599715584,8,112.0,0.3968683320004562,11,151.0,0.39460238837565803,19,263.0
3825.0,15,158.0,3.3617021276595747,6.081332716561152,7,118.0,0.37066543192611734,8,142.0,0.44770908567760115,15,260.0
3830.0,9,122.0,2.44,7.0248156959438335,4,72.0,0.4104253789704535,5,113.0,0.4417690720678451,9,185.0
3835.0,14,152.0,3.04,6.222292088452264,6,78.0,0.39621028957566923,8,131.0,0.1973927447103075,14,209.0
3840.0,21,233.0,4.568627450980392,6.802448954835588,7,112.0,0.38495502444109825,14,163.0,0.2286075134569403,21,275.0
3845.0,15,257.0,5.244897959183674,5.556782257826046,4,121.0,0.41735450409138203,11,187.0,0.16740113368032836,15,308.0
3850.0,14,296.0,6.883720930232558,7.368509026474505,4,131.0,0.4795920856274798,10,198.0,0.39276995814071836,14,329.0
3855.0,13,238.0,5.666666666666667,6.197074466490487,6,158.0,0.31052988489588557,7,134.0,0.40411999204034865,13,292.0
3860.0,13,221.0,5.390243902439025,6.36420241148139,6,152.0,0.4021505505997147,7,120.0,0.4364699038712906,13,272.0
3865.0,15,268.0,6.090909090909091,5.7809249651516845,7,182.0,0.46744020844717843,8,147.0,0.34206957718943665,15,329.0
3870.0,19,335.0,7.127659574468085,5.6535321305240425,6,213.0,0.5222845622918175,13,182.0,0.3210782399527039,19,395.0
3875.0,20,341.0,7.104166666666667,5.417765907512229,7,246.0,0.47464663716594746,13,183.0,0.33890683581749376,20,429.0
3880.0,20,361.0,6.9423076923076925,4.83284122977052,5,236.0,0.4683221973998689,15,215.0,0.2563115830053806,20,451.0
3885.0,19,369.0,6.833333333333333,5.300926613236085,5,219.0,0.5248662718987916,14,235.0,0.19000495453536664,19,454.0
3890.0,19,383.0,7.226415094339623,6.2227643329189055,7,245.0,0.500849802442718,12,223.0,0.1962773285947949,19,468.0
3895.0,16,394.0,7.035714285714286,5.564649187161114,5,264.0,0.2586589697661905,11,219.0,0.19159914561876026,16,483.0
3900.0,24,413.0,7.7924528301886795,5.641368696551994,11,313.0,0.28075928966364705,13,220.0,0.2683310708625703,24,533.0
3905.0,22,222.0,4.269230769230769,5.352372816636825,8,188.0,0.4189079961687252,14,253.0,0.25752102561367335,22,441.0
3910.0,23,266.0,5.32,5.328593721537736,8,129.0,0.4565700802291168,15,271.0,0.26817460660600373,23,400.0
3915.0,27,318.0,5.888888888888889,4.707000167360355,12,176.0,0.3951739834520422,15,292.0,0.251168761380866,27,468.0
3920.0,20,272.0,4.771929824561403,5.356138955342188,9,177.0,0.36696251206738983,11,269.0,0.2899759838971791,20,446.0
3925.0,19,293.0,4.966101694915254,5.536748183233824,8,156.0,0.35080029375209076,11,265.0,0.2972778840313097,19,421.0
3930.0,23,321.0,5.440677966101695,5.509199599991503,8,178.0,0.3413228566646311,15,261.0,0.2266721871139749,23,439.0
3935.0,23,315.0,5.080645161290323,5.582973607585901,7,189.0,0.2646018232783981,16,260.0,0.2818576204316597,23,449.0
3940.0,25,406.0,6.88135593220339,5.809389514989906,8,213.0,0.3618369872713141,17,315.0,0.30840158265573214,25,528.0
3945.0,27,468.0,7.932203389830509,4.814641989849495,10,261.0,0.35966478866306734,17,344.0,0.23991410188476017,27,605.0
3950.0,23,286.0,4.5396825396825395,5.300155970443471,12,189.0,0.3373591461382073,11,319.0,0.29912493358808157,23,508.0
3955.0,22,335.0,5.234375,5.266039219068279,11,181.0,0.34018569306147795,11,314.0,0.30268515458658674,22,495.0
3960.0,26,345.0,5.149253731343284,5.587725147407773,12,192.0,0.3428582519386148,14,336.0,0.296377934125847,26,528.0
3965.0,23,362.0,5.484848484848484,5.296819138864967,7,157.0,0.3982137183654312,16,371.0,0.1722453526129587,23,528.0
3970.0,20,424.0,6.235294117647059,6.142548015349314,7,156.0,0.4440779383812115,13,375.0,0.19246927203005662,20,531.0
3975.0,23,450.0,6.338028169014085,5.950961475449053,9,159.0,0.26490514389194153,14,430.0,0.26636127624896144,23,589.0
3980.0,32,542.0,7.527777777777778,5.6503813253355055,12,145.0,0.29013923757367405,20,509.0,0.26838535181125184,32,654.0
3985.0,31,579.0,8.772727272727273,4.6615489860684125,13,188.0,0.2817825318842366,18,528.0,0.2728947038470584,31,716.0
3990.0,30,686.0,10.238805970149254,4.987800192639184,10,201.0,0.3014369038031306,20,604.0,0.25600365279522963,30,805.0
3995.0,29,693.0,10.343283582089553,4.449647866766529,9,183.0,0.29662756819604774,20,641.0,0.11694080756460652,29,824.0
4000.0,30,724.0,10.647058823529411,4.746047671038382,17,242.0,0.21631555421393642,13,636.0,0.2345427643923537,30,878.0
4005.0,28,664.0,10.375,4.624040090251719,15,297.0,0.15298314213610362,13,579.0,0.29958317015422514,28,876.0
4010.0,26,451.0,7.39344262295082,4.612386802488346,12,326.0,0.20966166413492787,14,462.0,0.22557803820413655,26,788.0
4015.0,28,420.0,6.774193548387097,4.140964090900489,13,335.0,0.2562688160301153,15,500.0,0.1429574515580216,28,835.0
4020.0,31,487.0,8.116666666666667,4.838624721793338,11,330.0,0.3837822497455621,20,582.0,0.13696594852769126,31,912.0
4025.0,29,422.0,7.1525423728813555,4.004229206162073,9,258.0,0.33569214094348326,20,591.0,0.17223517134590477,29,849.0
4030.0,33,537.0,8.661290322580646,4.114749600525697,16,233.0,0.3168273936402474,17,570.0,0.13050940465468105,33,803.0
4035.0,33,520.0,8.253968253968255,3.6623409108660456,15,264.0,0.2931111609367015,18,573.0,0.15631106258522712,33,837.0
4040.0,22,399.0,5.955223880597015,5.378119546136381,11,253.0,0.30576115322965036,11,503.0,0.26183393060784577,22,756.0
4045.0,18,209.0,3.028985507246377,5.766148553226977,10,228.0,0.3504106226833067,8,449.0,0.23148490665930996,18,677.0
4050.0,27,239.0,3.1866666666666665,5.866465739564447,13,250.0,0.39076754914943573,14,386.0,0.19193373998396945,27,636.0
4055.0,32,338.0,4.898550724637682,5.298863828794814,16,317.0,0.3540239321281886,16,394.0,0.2301097769341147,32,711.0
4060.0,37,490.0,7.205882352941177,4.333799511035859,22,411.0,0.2433407431039917,15,382.0,0.2862125396956364,37,793.0
4065.0,38,544.0,8.0,3.326492796697559,23,482.0,0.17166752089893852,15,361.0,0.2810840059888477,38,843.0
4070.0,28,473.0,6.757142857142857,4.23207932856493,19,496.0,0.17785409813543607,9,257.0,0.2968397558750483,28,753.0
4075.0,23,435.0,6.397058823529412,4.820905265170435,16,518.0,0.23390373582283558,7,215.0,0.2606989492847248,23,733.0
4080.0,33,530.0,7.361111111111111,4.919343891258752,21,561.0,0.17781435779882282,12,216.0,0.24650548475958708,33,777.0
4085.0,35,655.0,9.357142857142858,4.85640519599408,23,662.0,0.1736053496864573,12,226.0,0.37443553550669706,35,888.0
4090.0,33,780.0,11.818181818181818,5.243443064206853,25,758.0,0.12867820935308655,8,210.0,0.47414156672972285,33,968.0
4095.0,34,932.0,13.91044776119403,4.934656386739997,25,858.0,0.11812768973018882,9,232.0,0.4447118891013323,34,1090.0
4100.0,39,1035.0,14.577464788732394,4.348393043179094,27,983.0,0.20719018326378158,12,218.0,0.2275055390640632,39,1201.0
4105.0,39,1123.0,15.597222222222221,4.392482932125137,25,1039.0,0.24420992680734185,14,263.0,0.22923012218013605,39,1302.0
4110.0,30,1042.0,14.273972602739725,4.793286190363524,17,996.0,0.2728639748339439,13,284.0,0.3010292914840531,30,1280.0
4115.0,33,953.0,13.23611111111111,4.6924962492022235,19,930.0,0.21789130675339918,14,315.0,0.35210265570850374,33,1245.0
4120.0,30,645.0,8.835616438356164,4.471430903056131,19,795.0,0.1844133444213333,11,344.0,0.2796491930287195,30,1139.0
4125.0,31,531.0,7.08,5.489004665903716,21,739.0,0.18677080743689745,10,338.0,0.45933036760865775,31,1077.0
4130.0,32,382.0,5.093333333333334,5.027795753293838,22,764.0,0.18680937075774598,10,233.0,0.4262842885568079,32,997.0
4135.0,30,388.0,5.243243243243243,4.81606305510816,21,789.0,0.18942903073496298,9,106.0,0.4421806670311695,30,895.0
4140.0,27,344.0,4.777777777777778,4.198097672850124,17,749.0,0.20776935606722619,10,136.0,0.2414790422284581,27,885.0
4145.0,33,407.0,5.5,4.36316629553919,17,754.0,0.24733527900513932,16,166.0,0.17346023309817665,33,920.0
4150.0,35,484.0,6.722222222222222,4.30642574806245,20,703.0,0.25649308674763754,15,212.0,0.18261577174538962,35,915.0
4155.0,35,579.0,7.931506849315069,3.9640861760629615,23,736.0,0.19001417455182973,12,246.0,0.2511813591129621,35,982.0
4160.0,30,562.0,8.144927536231885,3.9552575515425867,20,749.0,0.18492664878696438,10,235.0,0.24695964591349176,30,984.0
4165.0,27,579.0,8.772727272727273,4.687169775220091,19,770.0,0.15925318700408386,8,175.0,0.28314372630099816,27,945.0
4170.0,23,592.0,9.107692307692307,4.558861002945114,18,759.0,0.19166464961552704,5,131.0,0.2033291545661532,23,890.0
4175.0,28,674.0,10.36923076923077,4.787079044134724,19,731.0,0.2175980944692842,9,141.0,0.2664486682699733,28,872.0
4180.0,30,794.0,12.603174603174603,4.934653152739501,23,776.0,0.24890794769334462,7,147.0,0.4204874972369401,30,923.0
4185.0,29,674.0,10.870967741935484,4.544142268306394,23,759.0,0.1770453453846691,6,159.0,0.4773225128876659,29,918.0
4190.0,36,736.0,11.682539682539682,3.6249368065842984,29,734.0,0.10563095795887119,7,142.0,0.34919648905853407,36,876.0
4195.0,39,842.0,12.382352941176471,4.083139381924387,29,828.0,0.11084802474701365,10,155.0,0.40349053445893046,39,983.0
4200.0,30,698.0,10.738461538461538,4.356853375241159,21,838.0,0.18395478300768087,9,132.0,0.3955599663309817,30,970.0
4205.0,26,709.0,11.078125,3.9944539968528923,16,881.0,0.23036873738371993,10,118.0,0.282265714441317,26,999.0
4210.0,29,755.0,11.43939393939394,3.800933946388332,19,910.0,0.24510554090164827,10,139.0,0.16620189864117194,29,1049.0
4215.0,31,616.0,8.927536231884059,3.6776662558925266,24,874.0,0.12726200850861646,7,129.0,0.28309786081429034,31,1003.0
4220.0,33,343.0,4.971014492753623,4.2227157720159445,27,802.0,0.18327739310031388,6,119.0,0.26974699353990805,33,921.0
4225.0,36,397.0,5.438356164383562,4.5841798959722215,26,778.0,0.21198701082710975,10,105.0,0.33261011966297205,36,883.0
4230.0,38,549.0,7.32,4.677215310094091,30,811.0,0.19620385210140193,8,117.0,0.48624350410220246,38,928.0
4235.0,37,693.0,9.364864864864865,4.763043472308005,33,887.0,0.13463191622562395,4,88.0,0.5570066777346119,37,975.0
4240.0,36,728.0,9.1,4.648577811756375,32,933.0,0.13792717581486796,4,90.0,0.4780000990169039,36,1023.0
4245.0,38,597.0,7.192771084337349,4.485594835454596,24,856.0,0.18812786714686794,14,126.0,0.299853614487419,38,982.0
4250.0,34,505.0,6.234567901234568,3.7542476895447883,18,757.0,0.21687332307923862,16,172.0,0.19832397681841477,34,929.0
4255.0,31,524.0,6.093023255813954,5.027333124601434,19,682.0,0.2120933923940306,12,198.0,0.34979479217998505,31,880.0
4260.0,25,440.0,5.116279069767442,5.872289789042182,18,592.0,0.26169647901835463,7,174.0,0.38263114316527413,25,766.0
4265.0,29,447.0,5.137931034482759,5.990499139288892,18,602.0,0.3310567570611358,11,164.0,0.34374781522106695,29,766.0
4270.0,40,468.0,5.63855421686747,4.470134494403077,23,658.0,0.3244946686903008,17,163.0,0.19615390657299894,40,821.0
4275.0,43,585.0,7.3125,3.3493298344183473,24,724.0,0.19764108559277851,19,253.0,0.20734956620564401,43,977.0
4280.0,47,685.0,8.058823529411764,2.7022519142816313,30,784.0,0.15439472100397977,17,299.0,0.16313648158703217,47,1083.0
4285.0,42,680.0,7.816091954022989,3.5480904129374298,27,762.0,0.11779527675419625,15,310.0,0.24432111863435443,42,1072.0
4290.0,34,673.0,7.825581395348837,4.5402475535305715,24,778.0,0.13321372182344837,10,315.0,0.32765937469202333,34,1093.0
4295.0,35,733.0,8.623529411764705,4.659322284966611,24,841.0,0.10738003700797696,11,308.0,0.35606658759780174,35,1149.0
4300.0,39,706.0,8.609756097560975,4.017871677847977,25,884.0,0.11490908912669127,14,304.0,0.25762707437964794,39,1188.0
4305.0,45,598.0,7.569620253164557,3.6361160473874774,25,839.0,0.17680134175247375,20,350.0,0.19092418789316754,45,1189.0
4310.0,44,530.0,6.794871794871795,3.5401432524331424,24,738.0,0.20980102533154504,20,398.0,0.19549923764349716,44,1136.0
4315.0,38,527.0,6.756410256410256,3.7038503293045175,25,780.0,0.1378550465682657,13,373.0,0.27554017141188347,38,1153.0
4320.0,33,499.0,6.2375,4.689646346191803,22,766.0,0.12163962548198216,11,338.0,0.29644184712946736,33,1104.0
4325.0,28,526.0,6.743589743589744,5.647954782960594,17,756.0,0.23352508227426694,11,298.0,0.26474071675987326,28,1054.0
4330.0,29,599.0,7.986666666666666,5.022990383017524,15,744.0,0.2522714957286224,14,303.0,0.16052058512729805,29,1047.0
4335.0,35,583.0,8.32857142857143,4.124941364186026,19,743.0,0.15798529837648484,16,322.0,0.2993678808279404,35,1065.0
4340.0,37,568.0,8.114285714285714,3.945502595682748,22,740.0,0.1721559848105606,15,305.0,0.33770751151062306,37,1045.0
4345.0,38,632.0,9.028571428571428,3.9200225006845,24,693.0,0.2131853789184684,14,319.0,0.30087126967436845,38,1012.0
4350.0,32,591.0,7.986486486486487,4.351620443013673,21,737.0,0.23860177551049477,11,279.0,0.24910408055384425,32,1016.0
4355.0,25,560.0,7.2727272727272725,4.870196123022815,14,716.0,0.2902415002685953,11,286.0,0.17397782141016233,25,1002.0
4360.0,25,422.0,5.48051948051948,5.1404577188480856,10,596.0,0.33715015776342416,15,299.0,0.1252784355610301,25,895.0
4365.0,34,343.0,4.5131578947368425,5.03855287253327,16,440.0,0.26703878907518824,18,336.0,0.215418751818907,34,776.0
4370.0,28,387.0,5.375,5.17087004100841,19,505.0,0.1882682843114441,9,299.0,0.3601537644313104,28,804.0
4375.0,34,454.0,6.579710144927536,3.9263950767590186,24,586.0,0.04914610292691789,10,310.0,0.28006085944688525,34,896.0
4380.0,42,562.0,8.028571428571428,3.9254381238343017,25,641.0,0.06842500700813052,17,326.0,0.23641704639050348,42,967.0
4385.0,33,436.0,6.707692307692308,4.084458707641635,16,606.0,0.17219994259320226,17,302.0,0.22376738145570138,33,908.0
4390.0,26,421.0,6.476923076923077,4.542708419674561,11,533.0,0.20498296292306242,15,269.0,0.24218994716816525,26,802.0
4395.0,27,414.0,6.369230769230769,4.559801747370064,12,471.0,0.2078411173967403,15,283.0,0.2589557676105519,27,754.0
4400.0,25,263.0,4.109375,5.314102548117714,14,399.0,0.14856168208488144,11,246.0,0.36635527856214417,25,645.0
4405.0,25,247.0,3.9206349206349205,4.83385434814576,16,364.0,0.07684540047783911,9,205.0,0.35152281581566397,25,569.0
4410.0,27,308.0,4.8125,4.9487027655579565,15,371.0,0.18108464187408443,12,231.0,0.29781784599507666,27,602.0
4415.0,24,265.0,4.140625,5.438452231257381,6,300.0,0.3231204725580144,18,267.0,0.257176978263056,24,567.0
4420.0,16,271.0,4.301587301587301,5.046007425902365,3,279.0,0.31104243130243747,13,264.0,0.17476724343045413,16,543.0
4425.0,19,261.0,4.078125,5.273430753579879,9,277.0,0.17300332520718403,10,260.0,0.2866026708092837,19,537.0
4430.0,27,344.0,5.4603174603174605,5.456020917897151,12,272.0,0.24744821017077726,15,283.0,0.31477330960736816,27,555.0
4435.0,22,266.0,4.75,5.044327473503889,5,205.0,0.34895183655425294,17,281.0,0.2563519734297246,22,486.0
4440.0,25,320.0,5.925925925925926,5.007259437293048,7,201.0,0.42132261339346,18,240.0,0.15854054509527535,25,441.0
4445.0,30,386.0,6.892857142857143,4.321213544228665,10,244.0,0.329860566890006,20,284.0,0.12032801522776465,30,528.0
4450.0,22,301.0,5.189655172413793,5.310535089959814,9,208.0,0.3445812660736157,13,274.0,0.20081862485119698,22,482.0
4455.0,23,336.0,5.6,5.3342261071918164,11,246.0,0.27296858182346123,12,294.0,0.31136052975738754,23,540.0
4460.0,27,406.0,6.766666666666667,5.16540463489272,14,305.0,0.21561603489957332,13,302.0,0.3517148189327574,27,607.0
4465.0,31,521.0,8.26984126984127,4.764567261812871,16,380.0,0.27579296317209534,15,323.0,0.2964503728254985,31,703.0
4470.0,27,522.0,8.557377049180328,4.0726708284769915,14,384.0,0.2685631383208151,13,290.0,0.2030006369028858,27,674.0
4475.0,23,403.0,6.716666666666667,4.700626792834475,8,322.0,0.23111702399587833,15,264.0,0.2191740498640183,23,586.0
4480.0,27,333.0,5.285714285714286,4.714585663398608,9,224.0,0.27308126892040485,18,284.0,0.18242121854347365,27,508.0
4485.0,30,254.0,3.96875,4.874806033963458,13,181.0,0.3419875143587725,17,319.0,0.17289323205659277,30,500.0
4490.0,28,321.0,5.17741935483871,5.466493190545533,10,193.0,0.38893789848877525,18,307.0,0.25516268118026464,28,500.0
4495.0,22,314.0,5.413793103448276,5.265774959795447,7,146.0,0.4016472215352637,15,327.0,0.23112558749006076,22,473.0
4500.0,22,317.0,5.372881355932203,5.630621630584671,9,172.0,0.411186456774529,13,325.0,0.254808135350925,22,497.0
4505.0,21,293.0,4.966101694915254,4.768289459213049,8,175.0,0.27459148067654005,13,314.0,0.19801085593771162,21,489.0
4510.0,24,333.0,5.842105263157895,5.5503478578193715,13,225.0,0.22151945927815425,11,293.0,0.26235642673472653,24,518.0
4515.0,19,304.0,5.428571428571429,5.037994779174766,10,272.0,0.18903243906026904,9,275.0,0.1900335112795764,19,547.0
4520.0,19,363.0,6.722222222222222,5.970721158822891,7,281.0,0.29431250223042543,12,262.0,0.209810238354961,19,543.0
4525.0,19,301.0,6.270833333333333,5.756771823026342,8,271.0,0.33095197753645106,11,260.0,0.22439974323664055,19,531.0
4530.0,23,368.0,7.076923076923077,6.199331781642586,10,247.0,0.37153155034309043,13,300.0,0.337741446357027,23,547.0
4535.0,22,295.0,6.020408163265306,5.110624322128114,10,195.0,0.29252203528366055,12,352.0,0.3384839137993683,22,547.0
4540.0,20,340.0,7.083333333333333,5.506711019345623,9,112.0,0.3093710082848881,11,389.0,0.3407069166384498,20,501.0
4545.0,21,297.0,5.823529411764706,5.160093791913136,9,115.0,0.33971008322664653,12,382.0,0.1992933119978916,21,497.0
4550.0,17,246.0,4.92,6.664212165158184,4,77.0,0.5411585084952492,13,323.0,0.18881365650488466,17,400.0
4555.0,12,145.0,3.2222222222222223,6.142353259294339,2,48.0,0.6332423316281259,10,277.0,0.12390527805370069,12,325.0
4560.0,15,114.0,2.590909090909091,6.684468195458981,6,56.0,0.4405649021330187,9,188.0,0.19615874687411583,15,244.0
4565.0,17,160.0,3.902439024390244,5.784509687958121,8,62.0,0.24372713630214554,9,193.0,0.1927780109136329,17,255.0
4570.0,21,257.0,6.119047619047619,5.747787483103402,11,99.0,0.13280649108150344,10,244.0,0.24017546546629234,21,343.0
4575.0,16,215.0,5.657894736842105,5.101149692018607,9,111.0,0.09165490236482478,7,232.0,0.37974803443330246,16,343.0
4580.0,13,199.0,5.378378378378378,6.738748271964842,5,83.0,0.30336743988566345,8,209.0,0.3957322017559156,13,292.0
4585.0,13,210.0,5.384615384615385,7.569893374840092,6,89.0,0.4990454350036986,7,167.0,0.4071173603310337,13,256.0
4590.0,11,167.0,4.073170731707317,7.84138358377447,3,75.0,0.6146600625601313,8,129.0,0.36166715071518896,11,204.0
4595.0,10,193.0,4.7073170731707314,7.28783617819816,3,43.0,0.5556578666503994,7,160.0,0.36904548967967443,10,203.0
4600.0,10,97.0,2.4871794871794872,6.2832085944269265,5,41.0,0.5141031545020464,5,113.0,0.38438275503363356,10,154.0
4605.0,16,146.0,3.5609756097560976,6.97399182712203,9,79.0,0.42568511140224874,7,76.0,0.4769626257843547,16,155.0
4610.0,14,168.0,3.7333333333333334,5.989362520014373,7,93.0,0.3604375193094486,7,104.0,0.3772838288536889,14,197.0
4615.0,15,206.0,4.478260869565218,6.7161224652580405,4,72.0,0.4490049834288067,11,156.0,0.30449792866490444,15,228.0
4620.0,13,191.0,4.441860465116279,6.764315989411614,4,76.0,0.4510615392651611,9,138.0,0.3507885049548682,13,214.0
4625.0,12,229.0,4.770833333333333,7.70016327773331,5,94.0,0.294541146772065,7,140.0,0.4289139642309456,12,234.0
4630.0,13,201.0,4.785714285714286,7.277359500291108,5,88.0,0.3347569545533992,8,143.0,0.37173208228005294,13,231.0
4635.0,15,213.0,5.195121951219512,7.232329467974326,6,119.0,0.4492168219928937,9,128.0,0.2891841766206403,15,247.0
4640.0,14,223.0,6.371428571428571,5.2893894330960665,4,118.0,0.4827144057495058,10,146.0,0.2051004591067145,14,264.0
4645.0,17,297.0,8.485714285714286,5.544369319451869,5,144.0,0.5331865357792159,12,190.0,0.08823416677346067,17,334.0
4650.0,13,149.0,3.9210526315789473,6.0728270545535,5,60.0,0.5416343953718824,8,165.0,0.20621665031892825,13,225.0
4655.0,12,172.0,4.3,7.357357331329124,6,87.0,0.4844747067793907,6,131.0,0.47591195167807676,12,218.0
4660.0,11,144.0,3.3488372093023258,6.954726387041237,8,122.0,0.5111946317645952,3,104.0,0.4672889108650318,11,226.0
4665.0,13,195.0,4.431818181818182,7.222838753987879,10,158.0,0.48170192868179273,3,83.0,0.4686609522571547,13,241.0
4670.0,16,172.0,3.909090909090909,5.559863105213875,11,160.0,0.24775813987948808,5,102.0,0.48726423877765956,16,262.0
4675.0,15,169.0,3.4489795918367347,6.148799575001539,10,125.0,0.2693113948213444,5,127.0,0.48288062846678936,15,252.0
4680.0,15,146.0,2.7547169811320753,6.3547621303374004,11,130.0,0.3071555792853412,4,72.0,0.39324202120097407,15,202.0
4685.0,15,141.0,2.764705882352941,7.300649470963738,11,126.0,0.3986402411920578,4,44.0,0.5373215804231851,15,170.0
4690.0,15,173.0,3.2641509433962264,6.6316645992068075,10,147.0,0.40749104289345794,5,64.0,0.4592284786623057,15,211.0
4695.0,20,220.0,4.074074074074074,5.891528096143808,12,187.0,0.4210470069509124,8,95.0,0.37724429936760406,20,282.0
4700.0,24,298.0,5.418181818181818,5.1780762963241544,14,211.0,0.35747197301919786,10,143.0,0.34567211559508026,24,354.0
4705.0,23,272.0,4.317460317460317,4.883891107231569,14,235.0,0.2633495999985953,9,137.0,0.4434218697319654,23,372.0
4710.0,31,405.0,6.328125,5.355307633583084,20,293.0,0.2776243950316475,11,186.0,0.42927709826543764,31,479.0
4715.0,31,348.0,5.2727272727272725,3.910011583411263,21,341.0,0.162815120382167,10,172.0,0.3481801192673211,31,513.0
4720.0,28,359.0,5.202898550724638,4.3443187976138855,19,354.0,0.1597663583902182,9,148.0,0.31206650674776354,28,502.0
4725.0,28,368.0,5.041095890410959,4.655951057026243,19,402.0,0.18772179389332042,9,162.0,0.24851738284362204,28,564.0
4730.0,32,376.0,5.081081081081081,5.255089457225398,19,434.0,0.21377345380649357,13,163.0,0.24482672836923774,32,597.0
4735.0,31,425.0,6.159420289855072,4.312648166596611,19,506.0,0.24809498233561805,12,197.0,0.24302595987419506,31,703.0
4740.0,35,589.0,8.661764705882353,4.041025301900263,22,599.0,0.15795985844001545,13,232.0,0.3128102014853714,35,831.0
4745.0,37,626.0,9.343283582089553,3.6283902035549946,25,652.0,0.16902499358856088,12,250.0,0.29112864086043055,37,902.0
4750.0,25,556.0,8.298507462686567,4.193457478029467,19,637.0,0.14236170566065,6,211.0,0.2649838848026158,25,848.0
4755.0,23,580.0,9.0625,5.147258681583171,16,625.0,0.169046336584493,7,183.0,0.32906337407042,23,808.0
4760.0,26,617.0,9.492307692307692,5.443111735286668,15,642.0,0.18822929035353314,11,183.0,0.34156925958700907,26,825.0
4765.0,27,617.0,9.492307692307692,4.233927995052639,15,634.0,0.19187407369770387,12,213.0,0.2879949449876433,27,847.0
4770.0,32,560.0,9.333333333333334,4.414361847236575,18,575.0,0.28321377448622204,14,268.0,0.30195509316225244,32,843.0
4775.0,29,353.0,5.693548387096774,4.408716254627101,17,504.0,0.2886394211452017,12,275.0,0.2737472817910303,29,779.0
4780.0,32,383.0,6.278688524590164,3.566138734195797,20,556.0,0.13484532135565863,12,261.0,0.2658023931767541,32,817.0
4785.0,28,273.0,4.333333333333333,3.9105525898655187,16,561.0,0.13437748872388797,12,223.0,0.19667769288325282,28,784.0
4790.0,23,287.0,4.704918032786885,5.209157816334627,13,565.0,0.24785041812151537,10,199.0,0.24094902217866898,23,764.0
4795.0,22,316.0,5.180327868852459,5.493107400831234,13,557.0,0.26659102540051827,9,210.0,0.2925299995710605,22,767.0
4800.0,24,344.0,6.142857142857143,4.67963153362008,16,525.0,0.16916683194078455,8,204.0,0.28174852584104076,24,729.0
4805.0,28,407.0,7.679245283018868,3.782903960997071,20,512.0,0.0657764394091182,8,215.0,0.36844691709792005,28,727.0
4810.0,27,450.0,8.181818181818182,5.138902748091138,19,462.0,0.1571318499168233,8,209.0,0.46121418219633165,27,671.0
4815.0,25,433.0,7.4655172413793105,5.160499575856469,16,498.0,0.2603600262487116,9,198.0,0.4175727318618962,25,696.0
4820.0,18,363.0,6.1525423728813555,5.5037777644695955,8,460.0,0.2978831376513868,10,198.0,0.39530508926991625,18,658.0
4825.0,20,301.0,4.934426229508197,5.359711753667849,9,414.0,0.38916759015024294,11,152.0,0.17268497794410625,20,566.0
4830.0,28,378.0,6.19672131147541,5.329041650923811,14,413.0,0.2980627653943108,14,144.0,0.22673780465929858,28,557.0
4835.0,27,404.0,6.8474576271186445,4.588855258081078,16,439.0,0.11280655158930018,11,158.0,0.3309257057797508,27,597.0
4840.0,19,429.0,7.396551724137931,5.780251145879253,11,412.0,0.08631904007797553,8,139.0,0.4251241766826041,19,551.0
4845.0,19,454.0,8.254545454545454,6.2163691424816605,9,415.0,0.2182123940742566,10,155.0,0.277476857512024,19,570.0
4850.0,18,454.0,8.407407407407407,6.082543719330109,9,427.0,0.2614601343957753,9,154.0,0.24141820401775474,18,581.0
4855.0,25,506.0,10.541666666666666,4.337518922250077,15,485.0,0.30800106838478086,10,174.0,0.15902287926311862,25,659.0
4860.0,21,551.0,11.02,4.493459046279844,10,523.0,0.3725733098344705,11,188.0,0.19415514030334335,21,711.0
4865.0,18,611.0,11.314814814814815,6.0227189284515985,9,523.0,0.4802709463576035,9,218.0,0.23917779191912125,18,741.0
4870.0,16,280.0,4.912280701754386,6.648690204360446,9,366.0,0.5223993696548861,7,201.0,0.3151584751701688,16,567.0
4875.0,21,368.0,6.133333333333334,6.7923023690857,12,297.0,0.393558054607138,9,199.0,0.3772865156466529,21,496.0
4880.0,25,468.0,7.8,6.490708304108207,16,367.0,0.32951096070199853,9,233.0,0.39781618612112196,25,600.0
4885.0,24,528.0,8.8,5.992015271071066,17,432.0,0.32514213512442947,7,249.0,0.3906669102334093,24,681.0
4890.0,27,570.0,10.0,4.559255949799137,17,493.0,0.23330657692679982,10,238.0,0.3627581197627473,27,731.0
4895.0,30,383.0,6.491525423728813,3.601767631217506,17,410.0,0.17386073749039524,13,202.0,0.30194852810796996,30,612.0
4900.0,30,441.0,6.890625,4.05194914906043,16,319.0,0.3027559948079642,14,247.0,0.2175623134894131,30,566.0
4905.0,24,401.0,5.897058823529412,5.09388382898291,15,327.0,0.2472296839266413,9,268.0,0.34791047173210893,24,595.0
4910.0,19,264.0,3.8260869565217392,5.927543635640573,10,255.0,0.29174844180052534,9,280.0,0.32197312875383016,19,535.0
4915.0,26,324.0,4.5,5.842396436081139,10,195.0,0.39171533175284984,16,296.0,0.1560218712745396,26,491.0
4920.0,29,403.0,5.597222222222222,5.020014671549891,10,212.0,0.3961576815439666,19,356.0,0.08151488695497326,29,568.0
4925.0,26,466.0,6.383561643835616,5.8907309120023275,14,250.0,0.3956742662567077,12,377.0,0.27666304100019035,26,627.0
4930.0,23,396.0,5.351351351351352,5.147803694679791,14,258.0,0.27176082631856463,9,350.0,0.34624200345530254,23,608.0
4935.0,34,508.0,6.773333333333333,5.2272409026090365,19,293.0,0.26622658634375895,15,352.0,0.3599423675001782,34,645.0
4940.0,38,358.0,4.7105263157894735,4.291868936354033,20,311.0,0.2962142814426144,18,277.0,0.21435594888708426,38,588.0
4945.0,34,461.0,5.910256410256411,4.6743032567382174,18,346.0,0.2688763725959784,16,290.0,0.2826614807982851,34,636.0
4950.0,40,542.0,7.226666666666667,3.417503748071246,23,432.0,0.20767888295094244,17,314.0,0.22111305809519297,40,746.0
4955.0,40,553.0,7.472972972972973,2.9194703105294497,25,519.0,0.12267171458947283,15,296.0,0.15183836532575995,40,815.0
4960.0,35,552.0,7.561643835616438,3.470085370591133,25,543.0,0.09060359891713736,10,282.0,0.26415138819367645,35,825.0
4965.0,29,417.0,5.56,4.99246375836772,19,491.0,0.18271152986075886,10,282.0,0.316388377284596,29,773.0
4970.0,22,391.0,5.012820512820513,6.041797730497653,13,434.0,0.30385239229510114,9,279.0,0.2976782106762486,22,713.0
4975.0,27,458.0,5.725,6.286061248638849,13,440.0,0.3676665074504575,14,289.0,0.23272952425538357,27,729.0
4980.0,33,544.0,7.351351351351352,4.484902875426573,17,461.0,0.21958061075549348,16,342.0,0.24539047238456568,33,803.0
4985.0,32,508.0,6.597402597402597,4.939141982201885,22,475.0,0.17667515643536322,10,351.0,0.402126808065146,32,826.0
4990.0,31,518.0,6.906666666666666,4.463328971721926,22,516.0,0.15730525769401274,9,306.0,0.33590228799482935,31,822.0
4995.0,36,595.0,7.628205128205129,4.218226619824685,22,551.0,0.15076630899046264,14,329.0,0.2729921064810985,36,880.0
5000.0,34,597.0,7.37037037037037,4.176224283055109,16,522.0,0.2112937228140508,18,375.0,0.21166589307864556,34,897.0
5005.0,29,687.0,9.039473684210526,4.873231172211394,15,461.0,0.18918671961906405,14,394.0,0.2682177142233494,29,855.0
5010.0,26,560.0,7.2727272727272725,5.466292372134622,13,389.0,0.2551493408634553,13,406.0,0.3075807946387962,26,795.0
5015.0,35,621.0,8.506849315068493,5.129596304346698,15,278.0,0.24889333256668736,20,492.0,0.2612495022007832,35,770.0
5020.0,38,496.0,6.794520547945205,4.304641829652507,14,289.0,0.24552040530966165,24,463.0,0.25340210032739224,38,752.0
5025.0,36,445.0,5.933333333333334,4.490235359082192,15,283.0,0.22989051715506548,21,420.0,0.26871082235881133,36,703.0
5030.0,36,477.0,6.276315789473684,4.720603234335352,15,312.0,0.21889331661949,21,468.0,0.3181592898375587,36,780.0
5035.0,24,376.0,5.013333333333334,4.817725569100549,7,289.0,0.28566226461886435,17,466.0,0.2583702064443438,24,755.0
5040.0,24,328.0,4.373333333333333,4.840471011836394,6,262.0,0.3554064375971419,18,509.0,0.19948273859660878,24,771.0
5045.0,31,391.0,5.077922077922078,4.9148827143786304,10,298.0,0.35707248943065245,21,539.0,0.1982239162065039,31,837.0
5050.0,38,380.0,5.135135135135135,4.138922652969023,12,290.0,0.33929658112507766,26,611.0,0.18087237984064672,38,901.0
5055.0,44,488.0,6.594594594594595,3.7877874145390975,15,236.0,0.2886075989246605,29,690.0,0.12664908165438418,44,926.0
5060.0,45,582.0,7.864864864864865,3.306792981870105,15,249.0,0.32179549741838726,30,767.0,0.11778364611031193,45,1016.0
5065.0,31,525.0,7.0,4.3419207324318005,9,215.0,0.32962930196227863,22,760.0,0.11157859813165327,31,975.0
5070.0,25,532.0,7.093333333333334,4.392822236416284,6,203.0,0.28254731210637535,19,805.0,0.1159859496441717,25,1008.0
5075.0,36,630.0,7.974683544303797,4.390010447306618,13,230.0,0.24401151019805792,23,855.0,0.15626490374012436,36,1085.0
5080.0,41,630.0,8.75,3.7263378623757526,15,225.0,0.2954924563970987,26,889.0,0.18473302519267226,41,1114.0
5085.0,37,555.0,7.708333333333333,3.832146409539143,14,239.0,0.33733473159031957,23,859.0,0.15901457718118062,37,1098.0
5090.0,33,447.0,5.881578947368421,3.722415511871406,14,254.0,0.2333376951224088,19,899.0,0.2456330886098805,33,1153.0
5095.0,37,523.0,6.881578947368421,3.6883686496480093,12,256.0,0.2955697873719461,25,983.0,0.1675535726065267,37,1239.0
5100.0,43,605.0,7.857142857142857,3.8306643049008637,14,243.0,0.31884009373714983,29,1009.0,0.09191921506369478,43,1252.0
5105.0,34,389.0,5.0519480519480515,4.375599447306869,11,205.0,0.29922044486109906,23,926.0,0.0815438030167032,34,1131.0
5110.0,31,427.0,5.545454545454546,5.086287660526751,13,190.0,0.266348958592478,18,856.0,0.192944935471634,31,1046.0
5115.0,30,463.0,6.092105263157895,4.986454040063993,15,248.0,0.231952261018819,15,844.0,0.23710357015515818,30,1092.0
5120.0,28,515.0,7.054794520547945,5.178693905848898,11,281.0,0.2551140158581525,17,845.0,0.22998433638584015,28,1126.0
5125.0,26,503.0,7.397058823529412,4.844010060322818,10,251.0,0.33361698301977727,16,852.0,0.1669067907263623,26,1103.0
5130.0,26,578.0,8.376811594202898,5.5875435016547845,11,248.0,0.32154564749692777,15,813.0,0.23156070311815352,26,1061.0
5135.0,27,590.0,9.365079365079366,5.291453089665822,12,229.0,0.14139960766454135,15,827.0,0.34578583393410545,27,1056.0
5140.0,31,541.0,8.868852459016393,4.631889727646051,14,199.0,0.09361961898126708,17,800.0,0.25499065890765016,31,999.0
5145.0,26,390.0,6.5,3.9508458592381763,11,229.0,0.20102164647721663,15,685.0,0.21395260643583106,26,914.0
5150.0,25,333.0,5.842105263157895,4.475786322786513,8,205.0,0.38734478185161897,17,678.0,0.17290478608142384,25,883.0
5155.0,26,334.0,5.758620689655173,4.281536551412762,8,204.0,0.3796827557788997,18,720.0,0.13043125899150487,26,924.0
5160.0,21,336.0,5.894736842105263,5.001783292723617,10,213.0,0.2622781538428211,11,716.0,0.22567277762528917,21,929.0
5165.0,25,431.0,7.56140350877193,4.439425111191785,11,267.0,0.1217882454428897,14,679.0,0.26522312655848057,25,946.0
5170.0,30,528.0,8.94915254237288,4.053291613834549,13,334.0,0.17138446737199278,17,561.0,0.2351277189951515,30,895.0
5175.0,29,591.0,10.016949152542374,4.274350813362176,9,335.0,0.3806254650107781,20,542.0,0.20939807185650627,29,877.0
5180.0,29,698.0,11.830508474576272,5.059354875761378,6,291.0,0.5224567776251107,23,597.0,0.18822678568275888,29,888.0
5185.0,27,548.0,9.288135593220339,4.628629647526221,5,226.0,0.5259075608012969,22,593.0,0.1473746075029569,27,819.0
5190.0,32,686.0,11.627118644067796,4.616949964790169,9,216.0,0.4754726959051003,23,664.0,0.131660710494139,32,880.0
5195.0,31,629.0,9.828125,4.6344950328588315,9,162.0,0.423935532786855,22,700.0,0.1695331658631415,31,862.0
5200.0,24,458.0,7.387096774193548,5.244704770624606,10,105.0,0.36029919931153154,14,635.0,0.24969758576412301,24,740.0
5205.0,23,452.0,6.953846153846154,4.776305736407597,11,116.0,0.19068510554823054,12,637.0,0.27999788928492875,23,753.0
5210.0,23,478.0,6.927536231884058,5.1502990746387685,5,108.0,0.3118025182575247,18,673.0,0.23532872190816786,23,781.0
5215.0,25,594.0,8.865671641791044,5.903095746687906,4,101.0,0.5292488074783483,21,757.0,0.23344939216557417,25,858.0
5220.0,25,423.0,6.042857142857143,6.315319544539812,4,110.0,0.5645125383139857,21,667.0,0.2635343647214669,25,777.0
5225.0,20,281.0,3.9577464788732395,5.404749912340113,3,70.0,0.3631868687193237,17,578.0,0.25266485625152035,20,648.0
5230.0,31,405.0,5.785714285714286,5.41519265765597,9,81.0,0.2821570165723661,22,677.0,0.323092453055459,31,758.0
5235.0,33,529.0,7.450704225352113,4.976171331428023,8,112.0,0.2623663221638755,25,780.0,0.2659294582947106,33,892.0
5240.0,30,585.0,9.140625,3.5266638133510044,4,105.0,0.3824803424330145,26,859.0,0.07693466175999475,30,964.0
5245.0,32,630.0,9.692307692307692,3.970575468246304,3,65.0,0.4065703174519583,29,956.0,0.09950761978654428,32,1021.0
5250.0,36,625.0,9.615384615384615,4.24911092982472,7,70.0,0.421997162128896,29,955.0,0.0997007775851411,36,1025.0
5255.0,27,371.0,5.796875,4.565665109916893,6,87.0,0.39349653734210227,21,805.0,0.16869438791275562,27,892.0
5260.0,19,374.0,5.936507936507937,5.705152299146499,2,71.0,0.5358091085625646,17,677.0,0.1972056354706036,19,748.0
5265.0,20,348.0,5.4375,5.85720118655024,3,78.0,0.4760564327324159,17,654.0,0.20315337095500605,20,732.0
5270.0,23,297.0,4.714285714285714,5.582634329849084,7,108.0,0.3997894427387742,16,588.0,0.18623360652622362,23,696.0
5275.0,28,335.0,5.775862068965517,4.612102714054252,7,91.0,0.3809275914064999,21,588.0,0.1606879596450202,28,679.0
5280.0,24,404.0,7.087719298245614,4.407724671157811,8,121.0,0.20298179183741236,16,552.0,0.19792309645241515,24,673.0
5285.0,26,473.0,8.446428571428571,4.613917604044216,9,126.0,0.22575348461399153,17,572.0,0.2321550977437917,26,698.0
5290.0,32,604.0,10.413793103448276,4.512068805854498,10,179.0,0.2999950453533823,22,590.0,0.16422631410695523,32,769.0
5295.0,30,497.0,8.568965517241379,3.939125942477599,7,152.0,0.4536891478257896,23,610.0,0.13006003087573215,30,762.0
5300.0,21,394.0,6.677966101694915,5.676522332533711,2,71.0,0.5494727391259341,19,565.0,0.21450699015764937,21,636.0
5305.0,24,436.0,7.389830508474576,6.155655134149138,3,39.0,0.514404385015699,21,591.0,0.19428406343984805,24,630.0
5310.0,19,371.0,6.396551724137931,6.883705748123683,5,51.0,0.38889544733143155,14,562.0,0.1911320451898613,19,613.0
5315.0,16,188.0,3.4814814814814814,5.8660155591409415,4,33.0,0.2933364543393924,12,458.0,0.16781811289630783,16,491.0
5320.0,20,218.0,4.448979591836735,5.9995603897868754,6,56.0,0.34615063262974305,14,392.0,0.25654343570889593,20,448.0
5325.0,18,262.0,5.954545454545454,5.544731597870865,5,71.0,0.4589364913713991,13,408.0,0.27709488964878526,18,479.0
5330.0,17,316.0,6.723404255319149,5.941269842249283,5,83.0,0.4247546136456603,12,372.0,0.2779985355327144,17,455.0
5335.0,19,344.0,7.319148936170213,5.4624584640998375,6,78.0,0.4437832694750239,13,401.0,0.24700744801529784,19,479.0
5340.0,21,434.0,8.18867924528302,6.9723671090633985,7,96.0,0.553012940941724,14,451.0,0.36010513386741577,21,547.0
5345.0,19,352.0,6.518518518518518,6.3823959572437765,5,81.0,0.5537662184050172,14,437.0,0.35502113929405277,19,518.0
5350.0,16,355.0,6.826923076923077,6.312193187269195,4,39.0,0.5655335549478426,12,433.0,0.2887021469481983,16,472.0
5355.0,23,253.0,4.865384615384615,4.415882152547367,10,70.0,0.43695952317748565,13,354.0,0.10614884185194853,23,424.0
5360.0,27,258.0,4.867924528301887,4.197444990817908,11,94.0,0.24896398879910925,16,263.0,0.11256783810417775,27,357.0
5365.0,28,311.0,5.7592592592592595,4.347111521466719,15,164.0,0.2633978080611417,13,284.0,0.18308067415652282,28,448.0
5370.0,23,331.0,6.365384615384615,5.189646254319704,13,200.0,0.29936077825636076,10,262.0,0.24248701312200788,23,462.0
5375.0,21,362.0,7.387755102040816,5.14993104185966,12,204.0,0.19233616701055434,9,253.0,0.32436181005188475,21,457.0
5380.0,20,372.0,7.294117647058823,6.062408233590652,12,232.0,0.28476637248686504,8,236.0,0.40850262686662453,20,468.0
5385.0,15,351.0,7.02,7.068578672340808,7,200.0,0.42900464415297934,8,203.0,0.38433212246776793,15,403.0
5390.0,15,296.0,6.297872340425532,6.5737037244142895,6,137.0,0.33159649493178955,9,226.0,0.31317775583058527,15,363.0
5395.0,13,122.0,2.595744680851064,6.212369852875018,5,72.0,0.369649025616481,8,176.0,0.22535425929875635,13,248.0
5400.0,19,162.0,3.4468085106382977,6.482712121574843,9,91.0,0.3545771338339991,10,91.0,0.3524721917595117,19,182.0
5405.0,12,121.0,2.4693877551020407,7.250870752018614,6,92.0,0.39428742926101307,6,91.0,0.5439299368082625,12,183.0
5410.0,7,73.0,1.489795918367347,8.334057429461588,4,57.0,0.48341803190610194,3,48.0,0.6033916551011388,7,105.0
5415.0,8,111.0,2.3125,8.40881350325653,4,58.0,0.5243612342419607,4,40.0,0.5039067887004549,8,98.0
5420.0,12,136.0,2.9565217391304346,7.300121055616952,6,79.0,0.4425084809676077,6,43.0,0.27211137072498165,12,122.0
5425.0,14,179.0,3.891304347826087,6.621649066815101,5,95.0,0.4170274843690218,9,72.0,0.26700511464783117,14,167.0
5430.0,14,203.0,4.72093023255814,6.783420141213161,7,125.0,0.3413766937888439,7,81.0,0.40528833631273964,14,206.0
5435.0,12,204.0,4.533333333333333,8.459049005944756,6,130.0,0.5301733008694136,6,93.0,0.5908627955154189,12,223.0
5440.0,11,153.0,3.25531914893617,7.526217814365385,5,107.0,0.5420420463443765,6,92.0,0.5089785251892284,11,199.0
5445.0,13,126.0,2.739130434782609,6.356664599515208,6,84.0,0.3377958719177674,7,85.0,0.4742910451019773,13,169.0
5450.0,22,217.0,4.617021276595745,5.460673268952783,11,108.0,0.2656008269187047,11,137.0,0.3799186733968828,22,245.0
5455.0,20,181.0,3.62,5.117174475702009,10,120.0,0.2517595563441142,10,121.0,0.29298284516342443,20,241.0
5460.0,17,212.0,4.1568627450980395,6.460562179679419,6,111.0,0.3353535527789529,11,155.0,0.3707677944427557,17,266.0
5465.0,12,173.0,3.392156862745098,6.942130408217698,5,107.0,0.43016238807154483,7,160.0,0.3509193504533997,12,267.0
5470.0,14,184.0,3.5384615384615383,8.231733743686757,7,109.0,0.562887105463265,7,132.0,0.47636610048798517,14,241.0
5475.0,12,96.0,1.9591836734693877,6.154708956508156,7,121.0,0.3878854495461497,5,91.0,0.41415031637733457,12,212.0
5480.0,20,185.0,3.490566037735849,6.628846005805238,12,169.0,0.34910710338170325,8,76.0,0.518827221367472,20,245.0
5485.0,22,251.0,4.735849056603773,5.614655501148425,14,217.0,0.3203241357139203,8,100.0,0.3985571629892613,22,317.0
5490.0,22,321.0,5.732142857142857,5.129180061469505,12,264.0,0.2927053432045011,10,132.0,0.3813601794557343,22,396.0
5495.0,24,312.0,5.777777777777778,3.8357475207826957,14,277.0,0.2904342691553627,10,159.0,0.2457176073001613,24,436.0
5500.0,22,290.0,5.087719298245614,5.1249017942214214,10,233.0,0.37001496536624107,12,183.0,0.30833148974987956,22,416.0
5505.0,21,270.0,4.285714285714286,5.885906441810927,12,217.0,0.43004067409554525,9,159.0,0.27785830172206677,21,376.0
5510.0,17,178.0,2.78125,6.965754211026059,12,187.0,0.3801642773669145,5,106.0,0.40042189366903597,17,293.0
5515.0,22,239.0,3.9833333333333334,6.3412264783964165,16,220.0,0.22320012951652551,6,85.0,0.5177690540721597,22,305.0
5520.0,23,256.0,4.338983050847458,5.314366532938717,19,267.0,0.15689278752114813,4,85.0,0.4884148139224216,23,352.0
5525.0,25,345.0,5.948275862068965,5.511233551657624,19,327.0,0.2601277023987013,6,101.0,0.4564034567386893,25,428.0
5530.0,23,320.0,5.714285714285714,4.559830528494313,17,366.0,0.24185444899718542,6,67.0,0.3722932128748599,23,433.0
5535.0,22,295.0,5.363636363636363,5.260596703569844,13,360.0,0.2876399067252134,9,94.0,0.32108105455764946,22,454.0
5540.0,20,266.0,4.75,4.8883766588837245,11,343.0,0.2627349637220863,9,120.0,0.2121508408000184,20,463.0
5545.0,24,296.0,5.285714285714286,4.883247829064076,13,296.0,0.24562665383026808,11,166.0,0.24908169393928822,24,462.0
5550.0,24,333.0,5.946428571428571,5.210996275061861,15,326.0,0.2086879222339622,9,184.0,0.4191174873829976,24,510.0
5555.0,19,349.0,6.232142857142857,6.304014382586336,14,334.0,0.17178249481556385,5,151.0,0.5695864006830769,19,485.0
5560.0,21,392.0,6.758620689655173,5.226133134505985,15,347.0,0.11729047903041112,6,158.0,0.4088303000878737,21,505.0
5565.0,27,494.0,7.967741935483871,5.912919595508276,15,403.0,0.29055013662051743,12,206.0,0.27328548636287464,27,609.0
5570.0,22,323.0,5.295081967213115,5.531591593689756,12,389.0,0.3865339273278252,10,164.0,0.29248511906442864,22,553.0
5575.0,22,353.0,5.883333333333334,6.569294439082118,12,338.0,0.4615383460441907,10,151.0,0.4170254833840803,22,489.0
5580.0,20,285.0,4.830508474576271,5.006108214667347,11,303.0,0.31103966057674287,9,180.0,0.4183616745303971,20,483.0
5585.0,27,333.0,5.203125,5.376187893952149,16,273.0,0.32513789510972657,11,212.0,0.37050510826959177,27,485.0
5590.0,27,243.0,3.7384615384615385,4.380513530055028,15,267.0,0.19902997068753822,12,193.0,0.33610961656339633,27,460.0
5595.0,18,162.0,2.3823529411764706,5.019401860858264,14,222.0,0.17280522935311818,4,103.0,0.3349643299042587,18,325.0
5600.0,16,224.0,3.393939393939394,5.816249996961918,9,237.0,0.2574139637211442,7,94.0,0.33281443834715235,16,331.0
5605.0,16,252.0,3.8181818181818183,6.329651028374427,10,252.0,0.2664275846913662,6,100.0,0.32251021810147695,16,352.0
5610.0,24,323.0,5.295081967213115,4.841316822905696,13,273.0,0.17725653799451452,11,134.0,0.24274868707016806,24,407.0
5615.0,28,343.0,6.017543859649122,4.586614833023865,18,295.0,0.2221569908812969,10,168.0,0.3123251013600297,28,463.0
5620.0,26,408.0,7.69811320754717,4.921363369402504,18,307.0,0.23390524704901938,8,175.0,0.3613184894740562,26,482.0
5625.0,24,379.0,7.018518518518518,4.620388709973676,16,341.0,0.2180086849429017,8,155.0,0.31006889192828796,24,496.0
5630.0,17,316.0,5.851851851851852,5.67175870041552,8,315.0,0.2671448930408347,9,162.0,0.3185924513234352,17,477.0
5635.0,14,234.0,4.5,6.283001680344967,7,273.0,0.4423992055698586,7,126.0,0.16367876886492685,14,399.0
5640.0,13,151.0,3.02,6.140058295548874,4,161.0,0.3483230592307675,9,106.0,0.1450951076568234,13,267.0
5645.0,17,160.0,3.1372549019607843,6.3921390222251455,10,167.0,0.34697912695975675,7,107.0,0.3335847946380453,17,274.0
5650.0,14,148.0,2.792452830188679,7.044799098769367,11,191.0,0.22622530040808503,3,67.0,0.6411864454443444,14,258.0
5655.0,17,221.0,4.333333333333333,7.784753844729918,14,231.0,0.300199024546191,3,62.0,0.7324283585712164,17,293.0
5660.0,16,237.0,4.471698113207547,7.66237181301975,13,245.0,0.33746922875587143,3,74.0,0.6121783285496736,16,319.0
5665.0,11,178.0,3.423076923076923,7.466069242539343,7,200.0,0.3705698781084945,4,73.0,0.5049106850474152,11,273.0
5670.0,11,163.0,3.326530612244898,6.793144225072883,6,192.0,0.3567696299193865,5,65.0,0.35901613554352163,11,257.0
5675.0,12,117.0,2.34,6.38960615435408,7,152.0,0.3316500346414075,5,77.0,0.35789405245788614,12,229.0
5680.0,15,161.0,3.2857142857142856,7.243442921886538,9,153.0,0.4261841755625478,6,110.0,0.41972478753778203,15,263.0
5685.0,14,149.0,3.4651162790697674,6.060915864497758,9,163.0,0.3575806467385215,5,109.0,0.4714792225585234,14,272.0
5690.0,21,229.0,5.325581395348837,4.35851542713931,14,191.0,0.13620995695129354,7,130.0,0.3470212807015451,21,321.0
5695.0,23,254.0,5.7727272727272725,4.203341993091236,16,228.0,0.12213200753975309,7,145.0,0.3880160014149671,23,373.0
5700.0,14,227.0,4.63265306122449,6.446759678791569,8,199.0,0.36024968902767274,6,133.0,0.3754893517338684,14,332.0
5705.0,15,144.0,3.0638297872340425,5.7886447713717954,8,209.0,0.35219074364201247,7,68.0,0.31567553109221774,15,277.0
5710.0,20,174.0,3.625,5.396560375716416,12,216.0,0.2798655739894507,8,71.0,0.32232912347062853,20,287.0
5715.0,16,185.0,3.7755102040816326,4.984910573997273,11,222.0,0.22055037196528626,5,67.0,0.4526171674725903,16,289.0
5720.0,15,188.0,4.177777777777778,6.323991048540246,10,179.0,0.31790023234535497,5,58.0,0.5118795601805262,15,237.0
5725.0,13,151.0,3.282608695652174,5.739672185273975,6,155.0,0.26738191781810766,7,72.0,0.2971738720547487,13,227.0
5730.0,16,182.0,3.7142857142857144,5.883711597744852,12,176.0,0.22104307947454996,4,70.0,0.2873832575001059,16,246.0
5735.0,19,242.0,5.041666666666667,6.136877760421903,11,200.0,0.26247702904966663,8,90.0,0.4667009716585118,19,290.0
5740.0,13,228.0,4.956521739130435,7.225274279235338,7,191.0,0.376480143696812,6,89.0,0.5666065991690282,13,280.0
5745.0,13,221.0,4.702127659574468,6.142591965877961,8,189.0,0.37949316341952904,5,97.0,0.34431848490582173,13,286.0
5750.0,17,217.0,4.34,5.693783303395049,9,201.0,0.4060813735394965,8,85.0,0.23448260700063875,17,286.0
5755.0,24,318.0,6.76595744680851,5.402100541155978,13,254.0,0.36273892893917825,11,105.0,0.2774544235217791,24,359.0
5760.0,18,309.0,6.18,4.747557623237896,9,268.0,0.2467951298689897,9,121.0,0.38180297596703044,18,389.0
5765.0,15,316.0,5.851851851851852,6.40919740415811,8,249.0,0.28666401829440563,7,110.0,0.5300096318838983,15,359.0
5770.0,15,270.0,4.7368421052631575,6.247040976591599,9,261.0,0.26027193588801734,6,109.0,0.5079157135943488,15,370.0
5775.0,26,375.0,6.25,6.140096908333892,14,301.0,0.2852192215906512,12,123.0,0.4140564504523731,26,424.0
5780.0,22,380.0,6.229508196721311,5.543259866950839,11,332.0,0.42944646018441845,11,121.0,0.23267756220247507,22,453.0
5785.0,24,482.0,8.033333333333333,5.882300269167161,11,361.0,0.46433374857738174,13,172.0,0.2917523491188992,24,533.0
5790.0,22,453.0,7.810344827586207,4.821005306248389,11,371.0,0.3099263284193771,11,184.0,0.325199206057638,22,555.0
5795.0,20,434.0,7.114754098360656,5.265630205270496,12,343.0,0.22725573410365354,8,149.0,0.3450758730948298,20,492.0
5800.0,21,172.0,2.774193548387097,4.889545453586165,14,221.0,0.2076369693048936,7,141.0,0.22588921776840418,21,362.0
5805.0,28,249.0,3.830769230769231,5.750250558721291,16,181.0,0.2337826055141657,12,150.0,0.30908109553661,28,331.0
5810.0,25,313.0,4.968253968253968,5.231633092222473,16,239.0,0.27069656261999353,9,163.0,0.3306627759574459,25,402.0
5815.0,18,327.0,5.5423728813559325,6.375834355358163,11,255.0,0.37398545626364194,7,148.0,0.3718944811603048,18,403.0
5820.0,19,306.0,5.016393442622951,5.273734607047331,12,294.0,0.26867683980979107,7,111.0,0.2873573330411383,19,405.0
5825.0,30,419.0,6.446153846153846,5.23618558266772,19,350.0,0.17930685255777531,11,137.0,0.35302896005939977,30,487.0
5830.0,31,450.0,7.377049180327869,4.857022937201831,23,423.0,0.24208406341225877,8,125.0,0.4006991975262227,31,548.0
5835.0,28,404.0,6.733333333333333,4.908624819008785,19,488.0,0.2692010749750308,9,142.0,0.4413525226294809,28,630.0
5840.0,30,375.0,5.859375,2.9143684854471927,20,527.0,0.1257565988969779,10,151.0,0.3199727846112261,30,678.0
5845.0,23,334.0,4.985074626865671,4.979290213571856,16,516.0,0.2121365361818998,7,103.0,0.4193200792384665,23,619.0
5850.0,21,228.0,3.211267605633803,5.103151818455461,16,467.0,0.24295086649051706,5,107.0,0.31186028072001976,21,574.0
5855.0,29,288.0,3.789473684210526,5.553111579111049,18,458.0,0.23226840223325199,11,132.0,0.39483246886395895,29,590.0
5860.0,30,319.0,4.430555555555555,4.97559380401849,19,502.0,0.24477317926796194,11,149.0,0.38839667669649025,30,651.0
5865.0,31,436.0,6.318840579710145,5.030508299934268,22,555.0,0.1971091153044191,9,171.0,0.4316096100900682,31,726.0
5870.0,32,529.0,7.557142857142857,4.593753342442248,22,601.0,0.14333668925875864,10,197.0,0.36860312070103335,32,798.0
5875.0,27,468.0,6.5,5.160512281218356,18,613.0,0.19354573213910498,9,161.0,0.26492380929935183,27,774.0
5880.0,33,545.0,8.014705882352942,3.7971482757655073,19,671.0,0.14843090567736394,14,154.0,0.13465476568556387,33,825.0
5885.0,38,659.0,9.835820895522389,4.074666677239273,22,726.0,0.14352808990163157,16,215.0,0.27009448711021256,38,941.0
5890.0,30,647.0,9.803030303030303,4.5681969392780335,22,730.0,0.12511975595506908,8,225.0,0.38397367473898836,30,955.0
5895.0,26,456.0,7.015384615384615,4.798881679739878,18,654.0,0.17473043457642426,8,211.0,0.390847034969467,26,865.0
5900.0,28,389.0,5.63768115942029,4.935718694780968,16,597.0,0.22633279175166152,12,207.0,0.32950882015859334,28,804.0
5905.0,27,282.0,3.9166666666666665,4.581224576129164,12,581.0,0.27524262862805166,15,197.0,0.269243384491898,27,778.0
5910.0,28,275.0,4.044117647058823,4.248878761592698,10,531.0,0.3510507346174677,18,226.0,0.13702391602153804,28,757.0
5915.0,35,349.0,5.057971014492754,3.9329092966525345,14,494.0,0.303687076340437,21,275.0,0.10976371559580565,35,769.0
5920.0,27,300.0,4.285714285714286,4.725646854028186,16,512.0,0.21277007492853942,11,257.0,0.23343090593677543,27,769.0
5925.0,27,360.0,5.538461538461538,4.697215315609879,18,492.0,0.07970639143249823,9,228.0,0.3560480730891715,27,720.0
5930.0,26,406.0,6.34375,3.929479389170938,18,533.0,0.078206243691632,8,234.0,0.2962567030367285,26,767.0
5935.0,26,432.0,6.545454545454546,4.164737103388673,13,553.0,0.18297424502085918,13,250.0,0.19247517499778233,26,803.0
5940.0,31,519.0,8.109375,4.0494762720347035,16,569.0,0.20871939645653478,15,289.0,0.1758743188758095,31,858.0
5945.0,35,632.0,10.031746031746032,4.075628368470392,16,558.0,0.21433038651183178,19,332.0,0.16094265309288647,35,890.0
5950.0,33,523.0,8.171875,3.237951663897719,16,494.0,0.10796424855071053,17,366.0,0.21366089943318772,33,860.0
5955.0,31,502.0,7.84375,4.354848775100442,20,484.0,0.1149396848473151,11,318.0,0.27588498831371133,31,802.0
5960.0,25,450.0,7.03125,5.139125076103742,18,525.0,0.1416381602919683,7,219.0,0.38424147291002697,25,744.0
5965.0,22,438.0,7.064516129032258,5.764033014371057,11,496.0,0.28478299914927,11,223.0,0.2845678272152703,22,719.0
5970.0,24,334.0,5.387096774193548,4.710253533474379,10,379.0,0.3027959525485401,14,243.0,0.17495717853214995,24,622.0
5975.0,24,350.0,5.555555555555555,5.58641760688275,14,326.0,0.19671923271571568,10,232.0,0.3305040921051184,24,558.0
5980.0,25,306.0,4.78125,4.88052272217362,14,329.0,0.09201405802512104,11,208.0,0.3576133991557799,25,537.0
5985.0,26,254.0,3.9076923076923076,5.85013683476066,13,289.0,0.2754275060498997,13,193.0,0.34382079044998815,26,482.0
5990.0,27,274.0,4.349206349206349,4.8252340572109045,11,288.0,0.35716869972500304,16,243.0,0.2566466798454733,27,531.0
5995.0,24,307.0,4.951612903225806,4.624438444758644,6,226.0,0.3823184868308181,18,308.0,0.18949122054394968,24,534.0
6000.0,32,359.0,5.983333333333333,3.701272177982449,11,225.0,0.28788019688979233,21,364.0,0.1319990923301065,32,589.0
6005.0,29,383.0,6.383333333333334,4.113518182390333,14,225.0,0.2215235485228815,15,364.0,0.19593027821847722,29,589.0
6010.0,31,458.0,7.26984126984127,4.031281709006515,14,245.0,0.24047246696117472,17,396.0,0.2108762270902475,31,641.0
6015.0,27,486.0,7.476923076923077,4.980279520808182,9,236.0,0.3872696716684521,18,436.0,0.18991175258100304,27,672.0
6020.0,26,375.0,5.859375,4.771212616959314,7,209.0,0.3986653506959361,19,426.0,0.18890419649336213,26,635.0
6025.0,34,489.0,7.640625,4.828323460611347,13,249.0,0.3328426509602595,21,426.0,0.17951105318528585,34,675.0
6030.0,34,580.0,9.0625,4.540486277049628,11,289.0,0.33400951775223675,23,511.0,0.17069977666273445,34,800.0
6035.0,33,670.0,10.151515151515152,4.547693526753275,13,342.0,0.3549084733339032,20,591.0,0.21123174908898842,33,933.0
6040.0,32,652.0,9.878787878787879,3.4299117036148368,11,360.0,0.22341291856439324,21,604.0,0.19150743007033325,32,964.0
6045.0,24,506.0,8.031746031746032,4.263632760789535,7,343.0,0.3243875705872473,17,531.0,0.13855691676195372,24,874.0
6050.0,22,386.0,6.327868852459017,5.279584570992896,8,217.0,0.3346519526411869,14,482.0,0.17836736170923453,22,699.0
6055.0,22,323.0,5.295081967213115,5.114923824274915,9,149.0,0.2598869911313481,13,481.0,0.19245783171609118,22,630.0
6060.0,27,375.0,6.25,4.380335844856334,9,175.0,0.25068141543661004,18,487.0,0.23337646786282623,27,662.0
6065.0,24,429.0,7.8,4.85640531832224,8,168.0,0.36543898391708424,16,516.0,0.26322278739919786,24,684.0
6070.0,20,476.0,8.5,5.257341181050693,9,150.0,0.33230946411669204,11,521.0,0.22030267267755796,20,671.0
6075.0,22,442.0,7.491525423728813,4.933399817429493,8,134.0,0.2815928199414891,14,515.0,0.17217558262379482,22,649.0
6080.0,25,304.0,4.983606557377049,5.126239415137811,7,117.0,0.27121441558357984,18,455.0,0.27359475374658926,25,572.0
6085.0,25,254.0,4.096774193548387,5.776267805499987,10,125.0,0.35534375524417405,15,442.0,0.39746004256303846,25,567.0
6090.0,27,311.0,5.183333333333334,5.3826940383142095,9,149.0,0.37619842837873496,18,421.0,0.35188994272465374,27,570.0
6095.0,27,363.0,5.854838709677419,4.539914559522372,9,162.0,0.3776824503593919,18,461.0,0.22550309552262396,27,623.0
6100.0,27,327.0,5.030769230769231,4.288742043747874,8,147.0,0.25826489233464467,19,465.0,0.2058795213989723,27,612.0
6105.0,21,248.0,4.0,5.11905374523104,5,70.0,0.24097512726674272,16,438.0,0.26866510996023335,21,508.0
6110.0,18,229.0,3.578125,5.3105094745431245,3,76.0,0.3460694038331495,15,425.0,0.22910191961255708,18,501.0
6115.0,29,252.0,4.064516129032258,5.3011296639218655,10,95.0,0.39383746971913086,19,392.0,0.2319103449596012,29,487.0
6120.0,28,306.0,5.016393442622951,4.860296174642519,6,102.0,0.45118448177746207,22,382.0,0.18128153007715692,28,484.0
6125.0,25,295.0,4.758064516129032,4.4972344256115715,4,74.0,0.4862312132938105,21,426.0,0.12005980379147264,25,500.0
6130.0,30,379.0,5.921875,5.686140337042762,6,82.0,0.5748284146526658,24,435.0,0.1030474924479457,30,517.0
6135.0,28,368.0,5.661538461538462,5.483057162528949,5,61.0,0.5451069032649236,23,498.0,0.09872095234150845,28,559.0
6140.0,23,294.0,4.819672131147541,5.551544935754751,10,88.0,0.39978075709238065,13,485.0,0.21533031900422944,23,573.0
6145.0,22,288.0,4.721311475409836,4.325576336410139,11,115.0,0.2862671176785781,11,483.0,0.24259178047704677,22,598.0
6150.0,28,287.0,4.484375,4.745614411628743,15,158.0,0.2641117622925927,13,463.0,0.24148190427994295,28,621.0
6155.0,28,335.0,5.317460317460317,4.563401843622993,14,197.0,0.24482304594911478,14,470.0,0.3251350555946815,28,667.0
6160.0,20,306.0,4.78125,5.366449754934407,9,187.0,0.27366671693250233,11,409.0,0.31269087462674455,20,596.0
6165.0,22,311.0,4.7846153846153845,4.732312295834047,9,167.0,0.2820430846138304,13,424.0,0.202230076424296,22,591.0
6170.0,30,395.0,5.8088235294117645,4.834483670767697,14,190.0,0.27262973855370815,16,428.0,0.20051427803922597,30,618.0
6175.0,30,477.0,7.819672131147541,4.457013127356142,16,225.0,0.2727073385659059,14,441.0,0.27346398669366034,30,666.0
6180.0,21,490.0,8.166666666666666,5.237718455932792,8,212.0,0.2900291293931664,13,434.0,0.270742578424319,21,646.0
6185.0,24,390.0,6.5,4.450165026414137,12,219.0,0.15987448415231492,12,381.0,0.13541757221436532,24,600.0
6190.0,33,369.0,5.951612903225806,4.642392937436809,16,234.0,0.13905620606413158,17,340.0,0.1925863384035633,33,574.0
6195.0,28,373.0,6.322033898305085,4.356276366510812,13,271.0,0.244435905136328,15,316.0,0.2318530310711228,28,587.0
6200.0,27,469.0,8.375,5.231313642932419,10,264.0,0.40479704202530886,17,380.0,0.206505758593319,27,644.0
6205.0,24,373.0,6.431034482758621,4.6613918282363045,8,216.0,0.3421277754692831,16,414.0,0.1408347326081483,24,630.0
6210.0,24,420.0,7.0,5.354076147662565,12,206.0,0.23190806342551945,12,396.0,0.23803200146054557,24,602.0
6215.0,24,358.0,6.067796610169491,4.871148612759883,13,205.0,0.11359561431591934,11,395.0,0.226196933617394,24,600.0
6220.0,22,286.0,5.107142857142857,5.408513443561909,11,227.0,0.18531793955292142,11,364.0,0.2850631468339854,22,591.0
6225.0,19,284.0,5.071428571428571,5.489172243932239,11,235.0,0.2778905701917277,8,364.0,0.32274499610671364,19,599.0
6230.0,19,328.0,6.074074074074074,5.881980264716925,10,231.0,0.38119471338457817,9,360.0,0.32127815772788965,19,591.0
6235.0,20,296.0,5.481481481481482,5.484690054950843,7,197.0,0.3903483498200715,13,365.0,0.29993394728352407,20,562.0
6240.0,18,245.0,4.375,6.033802108841733,6,103.0,0.40778451863998766,12,342.0,0.2994860717616196,18,445.0
6245.0,20,310.0,5.7407407407407405,5.250945199331483,6,118.0,0.3464730630818548,14,354.0,0.24198547051971864,20,472.0
6250.0,27,377.0,6.732142857142857,4.633658409302038,12,166.0,0.3511799076713333,15,399.0,0.17641790048409425,27,565.0
6255.0,21,393.0,7.017857142857143,5.360869123910014,9,177.0,0.3436360236110425,12,414.0,0.27587987955511684,21,591.0
6260.0,24,354.0,5.80327868852459,5.409514044370278,12,200.0,0.3921271606853001,12,342.0,0.24364478472801965,24,542.0
6265.0,25,340.0,5.483870967741935,5.470449365352912,11,186.0,0.4219300365084527,14,266.0,0.222085183975769,25,452.0
6270.0,22,392.0,6.533333333333333,5.350819397008533,6,145.0,0.4343346541135745,16,345.0,0.20260907921737276,22,490.0
6275.0,25,360.0,6.0,5.190961325159064,11,156.0,0.3276855959801137,14,314.0,0.2203889792716765,25,470.0
6280.0,32,466.0,7.639344262295082,4.861633958990239,14,201.0,0.28518760234029317,18,356.0,0.22363784252837615,32,557.0
6285.0,31,505.0,8.278688524590164,4.331247463055467,16,245.0,0.26462423266059243,15,381.0,0.18611292117212141,31,626.0
6290.0,24,478.0,8.101694915254237,5.134541706506613,14,294.0,0.334225237601161,10,339.0,0.27833106844897926,24,633.0
6295.0,27,492.0,8.631578947368421,5.184928817281688,16,317.0,0.27696402352255894,11,321.0,0.3411528829939712,27,638.0
6300.0,25,333.0,5.285714285714286,4.797863274104438,16,322.0,0.2988129358470199,9,313.0,0.2624013458994931,25,635.0
6305.0,28,339.0,5.296875,4.75752541896384,16,308.0,0.33686868979480394,12,321.0,0.2602318207213429,28,629.0
6310.0,34,390.0,6.0,4.136642509003487,15,329.0,0.2979754677434944,19,403.0,0.23029576754576508,34,732.0
6315.0,31,365.0,5.2898550724637685,4.150691710404686,13,286.0,0.23666038005382517,18,426.0,0.24258726460544153,31,712.0
6320.0,33,416.0,5.777777777777778,3.948055970337999,16,316.0,0.15326184571438878,17,396.0,0.23789530866211867,33,712.0
6325.0,35,403.0,5.676056338028169,4.141637653327568,17,355.0,0.21697333746131242,18,411.0,0.24386449505572064,35,766.0
6330.0,25,331.0,4.661971830985915,4.389527385978034,13,372.0,0.16452041052239272,12,359.0,0.28706968456903553,25,731.0
6335.0,23,391.0,5.666666666666667,4.9271694945111495,10,349.0,0.1810541203292961,13,339.0,0.26432425521148234,23,688.0
6340.0,26,427.0,6.1,5.0276544389465405,15,344.0,0.12051855372473698,11,342.0,0.26504358434019143,26,686.0
6345.0,33,495.0,7.173913043478261,5.362740582645947,19,378.0,0.20870243287071125,14,349.0,0.29307217495490806,33,727.0
6350.0,32,414.0,6.67741935483871,3.9996747771165717,19,432.0,0.21921770924013276,13,311.0,0.25340718647839694,32,743.0
6355.0,32,478.0,7.836065573770492,3.8473060482794383,16,455.0,0.26779646293373116,16,275.0,0.17691074094792414,32,730.0
6360.0,29,463.0,7.234375,3.5928164846739334,12,464.0,0.26146695850162743,17,304.0,0.19814041870842575,29,768.0
6365.0,21,402.0,6.0,4.975837085400728,11,437.0,0.3047792974950026,10,281.0,0.24781375354908214,21,718.0
6370.0,22,343.0,5.276923076923077,5.42595392895456,13,381.0,0.2840186446152342,9,270.0,0.2656825824268175,22,651.0
6375.0,26,288.0,4.235294117647059,5.268626673546135,19,378.0,0.21673774110563931,7,214.0,0.3393231130753335,26,592.0
6380.0,33,384.0,5.647058823529412,4.569495271251032,20,431.0,0.14272166650256563,13,205.0,0.3255168237939073,33,636.0
6385.0,28,460.0,7.666666666666667,4.506390200227596,14,465.0,0.20091691111449664,14,248.0,0.2888931221209989,28,713.0
6390.0,30,507.0,7.921875,3.960479003750894,12,468.0,0.20713498022033255,18,329.0,0.16808328228325956,30,797.0
6395.0,33,563.0,8.936507936507937,4.386591527655353,17,459.0,0.19481572162320265,16,366.0,0.2339083959711222,33,825.0
6400.0,25,487.0,8.116666666666667,5.051498523240573,17,482.0,0.19363244258683904,8,330.0,0.33485604092430826,25,812.0
6405.0,18,218.0,3.5737704918032787,5.483053949767807,14,430.0,0.2447059258277285,4,230.0,0.35163995972024437,18,660.0
6410.0,24,261.0,4.209677419354839,4.877171122898039,13,450.0,0.2979247403460157,11,188.0,0.2697840632981539,24,638.0
6415.0,23,233.0,3.819672131147541,5.163949024681129,9,417.0,0.31756342484461586,14,229.0,0.2968425725728383,23,646.0
6420.0,27,241.0,3.707692307692308,5.29932431655763,12,394.0,0.22684981821079173,15,275.0,0.3347965614639212,27,669.0
6425.0,31,306.0,4.434782608695652,5.201475538746701,17,428.0,0.2127804594919249,14,288.0,0.3627122645335891,31,716.0
6430.0,24,265.0,3.8405797101449277,5.779700347803739,15,467.0,0.267990594184817,9,229.0,0.4271899033981447,24,696.0
6435.0,20,317.0,4.594202898550725,5.810625210925274,11,446.0,0.24776278200919774,9,175.0,0.3695315599993489,20,621.0
6440.0,26,362.0,5.027777777777778,5.400026025899525,13,418.0,0.15056600606999682,13,210.0,0.3161903317596711,26,628.0
6445.0,26,333.0,4.5,5.674541401143482,13,319.0,0.21015715592592893,13,256.0,0.33104892331282615,26,575.0
6450.0,30,347.0,5.102941176470588,5.037814569814864,14,293.0,0.3237616005385516,16,287.0,0.3082496197649003,30,580.0
6455.0,32,379.0,5.492753623188406,4.5146747409273535,13,281.0,0.3248119573088453,19,298.0,0.280588973722091,32,579.0
6460.0,37,464.0,6.535211267605634,4.0257343135091626,15,325.0,0.2957001454375485,22,345.0,0.23837092964346682,37,670.0
6465.0,33,422.0,5.780821917808219,4.396959302439834,16,343.0,0.26396198000210036,17,346.0,0.28090110862374607,33,689.0
6470.0,27,368.0,4.906666666666666,4.46825708074004,11,313.0,0.23645968755953695,16,301.0,0.24369727210956993,27,614.0
6475.0,30,348.0,4.51948051948052,4.55459915303361,10,280.0,0.2821136726935882,20,359.0,0.17310963473200627,30,639.0
6480.0,40,409.0,5.1125,4.366195246371572,14,292.0,0.27413598550565227,26,425.0,0.19528722605716467,40,717.0
6485.0,40,473.0,6.223684210526316,4.371450574255867,16,335.0,0.21307195842477844,24,448.0,0.2816035119394933,40,783.0
6490.0,42,601.0,7.705128205128205,3.7792415544891047,19,411.0,0.17117567252830743,23,497.0,0.23486040493042942,42,908.0
6495.0,41,535.0,6.604938271604938,3.6447770250517295,18,405.0,0.1347958290311883,23,497.0,0.18886307971252364,41,902.0
6500.0,37,612.0,7.555555555555555,4.703295471586047,17,363.0,0.18714708473020125,20,510.0,0.24838678946397363,37,873.0
6505.0,34,627.0,7.8375,4.376946363457899,15,374.0,0.12197706714001486,19,551.0,0.27885242570876356,34,925.0
6510.0,31,472.0,5.974683544303797,4.538551186813098,9,314.0,0.24528169382852372,22,587.0,0.2008320529686098,31,901.0
6515.0,33,429.0,5.644736842105263,5.05385892663804,6,244.0,0.4718996605133739,27,617.0,0.1571826315475667,33,861.0
6520.0,32,427.0,5.545454545454546,5.540584228695037,6,190.0,0.5067849591648084,26,591.0,0.15125564495615842,32,781.0
6525.0,38,588.0,7.636363636363637,4.822241155086735,9,209.0,0.491965273259992,29,700.0,0.05563954690268865,38,909.0
6530.0,35,691.0,9.465753424657533,5.300186082548372,6,211.0,0.5872876831548214,29,798.0,0.07496437632123719,35,1009.0
6535.0,34,825.0,11.619718309859154,4.678457781514719,8,232.0,0.4643037394365701,26,863.0,0.14133688850833198,34,1095.0
6540.0,37,941.0,13.069444444444445,4.066973835746584,11,238.0,0.3252651373323578,26,927.0,0.16462740799235676,37,1165.0
6545.0,41,996.0,13.833333333333334,3.3496942980705082,15,307.0,0.34308009904741416,26,968.0,0.08416085603223311,41,1275.0
6550.0,36,784.0,10.88888888888889,3.9532498942431338,15,356.0,0.25132721521899376,21,912.0,0.1722137705160925,36,1268.0
6555.0,26,758.0,10.527777777777779,4.625604827271013,11,364.0,0.13751756445853688,15,805.0,0.25058767157212786,26,1169.0
6560.0,26,842.0,11.226666666666667,5.619443683842022,10,394.0,0.13813139534968807,16,766.0,0.3154302223994743,26,1160.0
6565.0,29,828.0,11.5,5.564571773832755,14,433.0,0.179369218966163,15,714.0,0.28521603844267085,29,1147.0
6570.0,31,622.0,9.424242424242424,5.017957478024539,14,471.0,0.26625906065748767,17,625.0,0.2616166180771112,31,1096.0
6575.0,19,567.0,8.590909090909092,5.045433167739595,8,464.0,0.354413889196638,11,643.0,0.19927514031736102,19,1107.0
6580.0,20,357.0,5.578125,5.2412580454055755,7,313.0,0.2986533922694119,13,650.0,0.21566810998849797,20,963.0
6585.0,26,392.0,5.764705882352941,4.99882629155891,10,168.0,0.14182766734505187,16,639.0,0.27052791279912314,26,807.0
6590.0,28,466.0,6.852941176470588,5.547361032418429,12,191.0,0.2778485968154703,16,564.0,0.3127842803822194,28,755.0
6595.0,20,495.0,7.734375,5.8326272509881125,6,176.0,0.5191509535569633,14,613.0,0.2251929512463876,20,789.0
6600.0,20,544.0,8.5,4.860426535296396,6,161.0,0.4299758182464723,14,644.0,0.11541105445218287,20,805.0
6605.0,27,645.0,10.573770491803279,5.268514768364173,12,190.0,0.2545090760688892,15,655.0,0.21996305226277324,27,845.0
6610.0,25,710.0,11.833333333333334,4.671936375388984,12,220.0,0.15396151038762065,13,639.0,0.2650612328249725,25,859.0
6615.0,20,581.0,10.75925925925926,5.014398605018382,8,210.0,0.3792868314643982,12,588.0,0.1949457188594682,20,798.0
6620.0,20,551.0,10.596153846153847,4.652589968831246,5,164.0,0.40787400290402626,15,541.0,0.10660577967638477,20,705.0
6625.0,25,658.0,12.185185185185185,5.405970076560316,8,182.0,0.4398383815939422,17,590.0,0.24598213619352466,25,772.0
6630.0,20,598.0,10.872727272727273,5.119968650978928,6,122.0,0.4385129998897989,14,613.0,0.3028335192644784,20,735.0
6635.0,24,618.0,10.842105263157896,4.864894956626494,12,126.0,0.33201251522224423,12,628.0,0.3327289346378114,24,754.0
6640.0,25,625.0,10.775862068965518,4.186687605868882,13,146.0,0.175111687215384,12,605.0,0.2768452832326442,25,751.0
6645.0,18,634.0,10.931034482758621,5.201273342014988,6,124.0,0.20036281802650568,12,647.0,0.28770593770539826,18,771.0
6650.0,19,692.0,11.728813559322035,6.004640528670707,5,104.0,0.42524971301941195,14,679.0,0.21660025168870028,19,783.0
6655.0,21,537.0,9.763636363636364,5.212833420495364,5,102.0,0.49040605076314825,16,632.0,0.1379888503583811,21,734.0
6660.0,24,282.0,5.127272727272727,4.96146840757358,7,136.0,0.47973993661665837,17,466.0,0.17411006625323294,24,602.0
6665.0,23,320.0,5.517241379310345,4.812823331140844,8,165.0,0.5057608757356643,15,499.0,0.20308894108367184,23,664.0
6670.0,25,371.0,6.183333333333334,5.736574410950766,10,209.0,0.41606248946974445,15,500.0,0.3004879741267248,25,709.0
6675.0,27,398.0,6.21875,4.890075299808611,11,227.0,0.27837945870886127,16,533.0,0.27263701954779535,27,760.0
6680.0,23,369.0,5.590909090909091,5.671923274262178,8,216.0,0.34780132762816474,15,563.0,0.23663453176420773,23,779.0
6685.0,25,427.0,6.569230769230769,4.9978242269417175,9,245.0,0.34383759538366826,16,503.0,0.14968082289756637,25,748.0
6690.0,27,474.0,7.074626865671642,4.940720661864152,10,275.0,0.3860941819422844,17,424.0,0.13292713636547485,27,699.0
6695.0,29,425.0,6.538461538461538,4.769618943898244,12,317.0,0.3402468494870127,17,396.0,0.2344684193190036,29,713.0
6700.0,33,555.0,8.409090909090908,5.099429060380863,15,372.0,0.3254375711773543,18,417.0,0.3167009949691478,33,789.0
6705.0,30,553.0,8.253731343283581,4.46661151394081,14,402.0,0.246515490651182,16,427.0,0.3506930033447595,30,829.0
6710.0,22,478.0,6.638888888888889,5.342567552187099,11,391.0,0.24893791392037054,11,370.0,0.34303209919406125,22,761.0
6715.0,25,274.0,3.7534246575342465,5.205572121793877,11,284.0,0.2832077352027743,14,378.0,0.2401331481076791,25,662.0
6720.0,28,275.0,3.767123287671233,5.40607928330619,14,222.0,0.2183786707279008,14,362.0,0.29878502575543286,28,584.0
6725.0,31,332.0,4.676056338028169,4.606500463084604,16,268.0,0.22696116731759716,15,391.0,0.29998393523006694,31,659.0
6730.0,31,352.0,5.176470588235294,4.661316250048635,16,281.0,0.12623245735240085,15,387.0,0.3669506440972604,31,668.0
6735.0,31,340.0,5.074626865671642,3.6832922802813504,16,303.0,0.12918758062638835,15,389.0,0.27157208608966904,31,692.0
6740.0,31,303.0,4.328571428571428,4.05216637142938,9,260.0,0.23964043224061263,22,375.0,0.13224808885306494,31,635.0
6745.0,31,327.0,4.739130434782608,5.049320824953071,7,231.0,0.4504573115729116,24,432.0,0.11675445135868492,31,663.0
6750.0,34,468.0,6.685714285714286,5.654083156065919,9,219.0,0.485850368366531,25,510.0,0.13059632308725055,34,729.0
6755.0,30,470.0,7.230769230769231,4.639597674096451,8,189.0,0.4118288735362393,22,550.0,0.11146028499203911,30,739.0
6760.0,27,472.0,7.2615384615384615,5.5823414441923385,11,219.0,0.3984643306586292,16,545.0,0.18238696443265695,27,764.0
6765.0,23,392.0,6.222222222222222,4.909431011253591,9,208.0,0.31291889662363304,14,501.0,0.21819740025381348,23,709.0
6770.0,24,250.0,3.90625,5.177403578102485,10,165.0,0.30343832930439973,14,457.0,0.2419400447599972,24,622.0
6775.0,21,190.0,2.96875,4.3264880396050645,10,173.0,0.19761527707813575,11,448.0,0.3144873377559896,21,621.0
6780.0,15,172.0,2.606060606060606,5.492975603350784,9,156.0,0.28059289071528165,6,413.0,0.3569913077615491,15,569.0
6785.0,20,208.0,3.2,5.766531237605626,7,145.0,0.370649282716755,13,407.0,0.29863047110726726,20,552.0
6790.0,28,299.0,4.6,5.471382662189989,10,187.0,0.38026384561090326,18,394.0,0.23146339220129503,28,581.0
6795.0,30,349.0,5.816666666666666,3.7111614470211314,11,214.0,0.2976158511395769,19,435.0,0.14594108297474576,30,649.0
6800.0,29,413.0,7.120689655172414,3.366281238643874,13,230.0,0.17017495372545943,16,450.0,0.16195405441541508,29,680.0
6805.0,30,375.0,6.3559322033898304,2.9464478792546522,11,246.0,0.08489272783829602,19,469.0,0.1554971771707252,30,715.0
6810.0,28,387.0,6.344262295081967,5.0705699490702365,7,226.0,0.35325250751029375,21,488.0,0.20337838717892467,28,714.0
6815.0,26,371.0,5.983870967741935,4.23220849483272,7,236.0,0.4012119108879489,19,524.0,0.10870882127475773,26,760.0
6820.0,33,510.0,8.225806451612904,5.079294953475397,9,275.0,0.47427570724366586,24,589.0,0.1952949565230529,33,864.0
6825.0,31,471.0,7.359375,4.448561536195381,8,213.0,0.45528902926906567,23,654.0,0.2016655421230742,31,867.0
6830.0,30,442.0,6.5,4.6089741862287985,11,127.0,0.3659576863414106,19,647.0,0.19346468103783687,30,774.0
6835.0,29,396.0,5.739130434782608,4.731639813551925,13,134.0,0.2017113511853519,16,593.0,0.3095958034892339,29,727.0
6840.0,22,253.0,3.6142857142857143,5.079851670342552,7,105.0,0.225234474526483,15,601.0,0.2708480717420486,22,706.0
6845.0,27,281.0,4.1940298507462686,4.630461154071349,8,98.0,0.31048767289522927,19,641.0,0.1618393045617303,27,739.0
6850.0,23,321.0,4.938461538461539,4.894204045180116,7,110.0,0.2429153076130372,16,655.0,0.17881684346803783,23,765.0
6855.0,30,338.0,5.2,4.397753414461325,11,150.0,0.11322244823021618,19,661.0,0.19365812971035445,30,811.0
6860.0,28,334.0,5.21875,4.66604955370739,9,176.0,0.2517057357592025,19,632.0,0.2133407849349977,28,808.0
6865.0,27,402.0,6.184615384615385,6.004572733152884,5,148.0,0.5416867168096507,22,670.0,0.2645305954263646,27,818.0
6870.0,27,483.0,7.790322580645161,5.206736636935188,5,152.0,0.6420955001380089,22,738.0,0.15090650987614945,27,890.0
6875.0,23,456.0,7.238095238095238,5.214286676649697,3,133.0,0.4557486111000685,20,773.0,0.18460397535469208,23,906.0
6880.0,26,531.0,8.428571428571429,4.484844919224738,7,111.0,0.23898990299010717,19,843.0,0.17699215126447707,26,954.0
6885.0,33,642.0,9.727272727272727,5.065808303630688,11,165.0,0.381444593790169,22,882.0,0.223298420401437,33,1047.0
6890.0,28,653.0,10.046153846153846,4.571568755048617,8,187.0,0.4074804834203348,20,918.0,0.20509403457849043,28,1105.0
6895.0,31,767.0,11.621212121212121,5.632192750169129,6,178.0,0.5617190152040306,25,1006.0,0.23384579858060048,31,1184.0
6900.0,29,699.0,10.432835820895523,4.677207967271134,7,79.0,0.4085656285594562,22,1060.0,0.18944838904651004,29,1139.0
6905.0,28,739.0,11.196969696969697,5.302765167336991,10,103.0,0.3644569454934925,18,1058.0,0.2561458481880571,28,1161.0
6910.0,28,684.0,10.6875,4.15790921176363,9,120.0,0.20887600468279152,19,1015.0,0.2401051443757965,28,1135.0
6915.0,30,465.0,7.380952380952381,4.170066191327953,8,117.0,0.2897545663390291,22,864.0,0.16430874598600362,30,981.0
6920.0,30,348.0,5.612903225806452,3.9793832926620927,8,114.0,0.30231084847099793,22,873.0,0.1554956520698662,30,987.0
6925.0,34,457.0,7.491803278688525,4.006913534636031,11,165.0,0.28679041303324976,23,787.0,0.19105276617082398,34,952.0
6930.0,32,493.0,7.703125,3.3515865089997128,11,188.0,0.3115031473034396,21,831.0,0.13071574006212255,32,1019.0
6935.0,33,573.0,8.953125,3.964440870976948,10,221.0,0.36432691661975947,23,860.0,0.14088251909397495,33,1081.0
6940.0,37,603.0,9.136363636363637,3.9405041851782343,10,192.0,0.36678637437210004,27,898.0,0.15464088682244348,37,1090.0
6945.0,31,654.0,9.617647058823529,4.760553477211378,4,117.0,0.4951562114259638,27,885.0,0.14084533991950163,31,1002.0
6950.0,33,735.0,11.666666666666666,4.022000295363043,6,63.0,0.40843340558024516,27,898.0,0.14774847567662633,33,961.0
6955.0,34,729.0,11.045454545454545,4.2017477489821955,9,99.0,0.3441375099421711,25,916.0,0.1406959981936633,34,1015.0
6960.0,27,450.0,6.923076923076923,4.271499910521146,9,122.0,0.24761523639114574,18,810.0,0.17646364125283331,27,932.0
6965.0,22,459.0,6.954545454545454,5.562272652737369,6,126.0,0.3246620999729614,16,709.0,0.20137116744617284,22,835.0
6970.0,22,486.0,7.476923076923077,5.269117494685084,5,114.0,0.26284600304458133,17,698.0,0.21326172849162148,22,812.0
6975.0,31,591.0,9.092307692307692,5.213884395255808,10,138.0,0.3136725215915031,21,738.0,0.23677331148038894,31,876.0
6980.0,29,633.0,9.890625,5.253160999522612,6,152.0,0.4670637134461932,23,782.0,0.2769790809414487,29,934.0
6985.0,31,679.0,11.508474576271187,4.582862918468467,7,155.0,0.4896164415643288,24,808.0,0.1886335268952425,31,963.0
6990.0,30,489.0,7.761904761904762,3.691785998495082,6,144.0,0.4170778390196187,24,771.0,0.0861082242331883,30,915.0
6995.0,33,498.0,7.904761904761905,4.567360497794298,10,170.0,0.3965131731302499,23,688.0,0.12572881377392672,33,858.0
7000.0,35,497.0,7.53030303030303,4.283989917290443,9,135.0,0.4462359410328949,26,778.0,0.05926370910870624,35,913.0
7005.0,33,582.0,9.09375,4.5343784300030325,8,106.0,0.4562878030897986,25,862.0,0.10500378115905319,33,968.0
7010.0,35,552.0,9.049180327868852,3.5249235683824707,11,109.0,0.307610355548667,24,837.0,0.13215046858228285,35,946.0
7015.0,29,377.0,6.283333333333333,3.5660609217968866,13,158.0,0.16083194823710906,16,680.0,0.14772975391298443,29,838.0
7020.0,28,404.0,6.733333333333333,4.438961144425327,14,183.0,0.10232052062633802,14,588.0,0.25579583008344,28,771.0
7025.0,21,429.0,7.660714285714286,6.394980345794573,7,149.0,0.32437885625053603,14,537.0,0.24716543367202906,21,686.0
7030.0,20,465.0,9.489795918367347,5.282461779099774,7,134.0,0.2642399393252647,13,552.0,0.08446344668809475,20,686.0
7035.0,20,528.0,12.0,5.850875961082495,9,161.0,0.38339937741260066,11,548.0,0.20633797972832177,20,709.0
7040.0,18,446.0,11.736842105263158,4.414592245394213,8,143.0,0.4102727350460473,10,515.0,0.1674054195815065,18,658.0
7045.0,15,279.0,7.153846153846154,5.337090169868282,7,145.0,0.4263449218540357,8,449.0,0.2773565262862167,15,594.0
7050.0,12,114.0,2.7142857142857144,4.557680929531472,8,157.0,0.31276060042769976,4,334.0,0.30571740141569226,12,491.0
7055.0,22,206.0,4.5777777777777775,5.182111817917053,13,208.0,0.29094955844777554,9,243.0,0.4103797595808895,22,451.0
7060.0,20,268.0,5.826086956521739,4.941264771345663,12,227.0,0.252225157717122,8,232.0,0.41754269418031653,20,459.0
7065.0,17,316.0,6.583333333333333,5.7750573042924715,11,238.0,0.29394241670581167,6,155.0,0.3920057697004603,17,393.0
7070.0,17,187.0,3.8958333333333335,4.757429569181684,9,207.0,0.26745419628099293,8,132.0,0.31124989857559454,17,339.0
7075.0,9,107.0,2.183673469387755,6.47275223924539,5,137.0,0.38754127754222584,4,99.0,0.33006813479160135,9,236.0
7080.0,9,150.0,2.9411764705882355,8.037923634625624,4,109.0,0.5412296089656489,5,109.0,0.2481158285281243,9,218.0
7085.0,11,200.0,4.0,7.879531158011877,5,100.0,0.43476560037318335,6,133.0,0.24273987868144284,11,233.0
7090.0,12,157.0,3.3404255319148937,6.68638787297287,7,87.0,0.2542936368530725,5,98.0,0.3645738111924809,12,185.0
7095.0,18,236.0,5.0212765957446805,7.141173403346343,13,142.0,0.23020956140643478,5,117.0,0.5182368060351321,18,259.0
7100.0,18,290.0,7.073170731707317,5.82998138475917,11,185.0,0.22674373656566754,7,147.0,0.49530891010807654,18,332.0
7105.0,13,264.0,6.439024390243903,6.259695548295494,7,184.0,0.33426607077410764,6,137.0,0.4628022817141262,13,321.0
7110.0,12,272.0,6.8,5.457410710695989,5,170.0,0.3138169695045817,7,143.0,0.30107881489723326,12,313.0
7115.0,16,233.0,5.177777777777778,6.801420908435572,7,173.0,0.33725086551085587,9,105.0,0.4574822303980167,16,278.0
7120.0,15,201.0,4.466666666666667,7.287160821442449,6,152.0,0.48810299683053354,9,119.0,0.5068161873941324,15,271.0
7125.0,13,186.0,4.043478260869565,6.004952476855214,6,80.0,0.4979804798463193,7,142.0,0.3611144664768009,13,222.0
7130.0,14,206.0,4.382978723404255,5.327015087353846,3,66.0,0.5134670013154536,11,183.0,0.2122228997583267,14,249.0
7135.0,19,147.0,3.1956521739130435,4.924893054213828,5,48.0,0.45168079962932817,14,174.0,0.10357759368767247,19,222.0
7140.0,13,143.0,3.0425531914893615,6.326563762225712,6,68.0,0.4705917332259493,7,116.0,0.1123759308540833,13,184.0
7145.0,13,162.0,3.375,7.649596565303962,6,57.0,0.48206304698440283,7,123.0,0.18182496158876152,13,180.0
7150.0,10,151.0,3.511627906976744,7.46391137255207,5,68.0,0.4457629456465256,5,115.0,0.2828526479274768,10,183.0
7155.0,12,133.0,3.022727272727273,7.840981833447188,6,60.0,0.4379870685042471,6,107.0,0.4968862897554495,12,167.0
7160.0,13,193.0,4.825,7.918701823195389,6,69.0,0.435339694468209,7,140.0,0.48285935147214054,13,209.0
7165.0,12,192.0,5.1891891891891895,5.852017518581516,6,68.0,0.2996056355258135,6,140.0,0.3981238305402231,12,208.0
7170.0,20,275.0,6.5476190476190474,5.17844938116139,9,110.0,0.2632538446193577,11,187.0,0.3208692811469496,20,297.0
7175.0,15,240.0,5.714285714285714,5.7495438855235035,7,123.0,0.42290813926740184,8,184.0,0.2999492835333314,15,307.0
7180.0,13,282.0,6.714285714285714,7.217879292099421,7,135.0,0.410055994512314,6,165.0,0.45291142308520355,13,300.0
7185.0,14,305.0,7.261904761904762,7.065134156870728,8,141.0,0.36475120561349417,6,186.0,0.5015559768486744,14,327.0
7190.0,15,331.0,7.042553191489362,7.0180536560992595,9,169.0,0.31056338585832566,6,194.0,0.4838363427063701,15,363.0
7195.0,11,224.0,4.76595744680851,6.963913925401025,7,130.0,0.3158532560923376,4,172.0,0.5434559705194297,11,302.0
7200.0,14,265.0,6.0227272727272725,7.142291238931912,8,75.0,0.4027668291426243,6,199.0,0.44990826482567464,14,274.0
