step,system_total_stopped,system_total_waiting_time,system_mean_waiting_time,system_mean_speed,J17_stopped,J17_accumulated_waiting_time,J17_average_speed,J18_stopped,J18_accumulated_waiting_time,J18_average_speed,agents_total_stopped,agents_total_accumulated_waiting_time
5.0,0,0.0,0.0,12.779576174408287,0,0.0,1.0,0,0.0,0.9923940355443063,0,0.0
10.0,0,0.0,0.0,13.274176816586271,0,0.0,0.9600440786385107,0,0.0,0.9627554785015894,0,0.0
15.0,0,0.0,0.0,13.685019607887405,0,0.0,0.9769010175491395,0,0.0,0.9524010833571361,0,0.0
20.0,0,0.0,0.0,11.562193775419312,0,0.0,0.6977706394199626,0,0.0,0.9550576588720942,0,0.0
25.0,3,6.0,0.4,7.637575928401935,3,6.0,0.4797486376840143,0,0.0,0.6699063522249337,3,6.0
30.0,5,29.0,1.45,8.949634956674284,3,21.0,0.6705419504872202,2,8.0,0.6733070133662276,5,29.0
35.0,6,58.0,2.5217391304347827,7.5714172323479865,3,36.0,0.5914572836625465,3,22.0,0.5111319481720469,6,58.0
40.0,7,76.0,2.923076923076923,7.2130220291113165,4,54.0,0.307886154784221,3,22.0,0.6272284780233168,7,76.0
45.0,8,89.0,3.0689655172413794,6.846365461025814,3,55.0,0.46344332912115827,5,43.0,0.4386088983215332,8,98.0
50.0,10,89.0,2.78125,6.596613161800808,6,71.0,0.4207319670682438,4,36.0,0.3720776282653197,10,107.0
55.0,10,107.0,3.34375,7.345845986070462,3,60.0,0.5773804034822795,7,56.0,0.2880567128354213,10,116.0
60.0,12,152.0,4.903225806451613,7.033738409682462,6,84.0,0.4774878109833364,6,80.0,0.42099967058841586,12,164.0
65.0,13,214.0,6.484848484848484,7.252211018902851,6,117.0,0.46329708067177733,7,112.0,0.43939371066417865,13,229.0
70.0,14,154.0,4.277777777777778,6.046551521541693,8,106.0,0.290254387712911,6,109.0,0.4890712842487189,14,215.0
75.0,15,202.0,5.611111111111111,5.63071287775627,8,116.0,0.3299379789549352,7,107.0,0.4281014975730588,15,223.0
80.0,13,130.0,3.1707317073170733,6.335346164803263,6,106.0,0.4421117367038632,7,72.0,0.4536595463725181,13,178.0
85.0,13,160.0,3.7209302325581395,7.606641783008638,4,85.0,0.5616257584666703,9,86.0,0.40580599627841984,13,171.0
90.0,13,104.0,2.311111111111111,7.4180017570179455,4,64.0,0.4384491550106034,9,107.0,0.40749983306569365,13,171.0
95.0,15,160.0,3.6363636363636362,6.3873883579537845,8,65.0,0.329537374320303,7,116.0,0.3165890017769082,15,181.0
100.0,12,131.0,2.977272727272727,6.0098143554550925,4,73.0,0.44337447302184285,8,103.0,0.3395958815946718,12,176.0
105.0,14,168.0,4.2,7.411333087665059,5,76.0,0.6059186112440698,9,108.0,0.408544820391874,14,184.0
110.0,9,71.0,1.6511627906976745,6.806828879868707,4,42.0,0.4396026046713106,5,94.0,0.4696213841563989,9,136.0
115.0,12,108.0,2.5714285714285716,7.5008609692028685,6,54.0,0.4935041190248373,6,83.0,0.4076137341852499,12,137.0
120.0,10,88.0,2.046511627906977,6.304386685154774,4,52.0,0.41194855601166475,6,86.0,0.32394998167850253,10,138.0
125.0,12,110.0,2.619047619047619,6.650401553302807,3,51.0,0.3714751017893833,9,79.0,0.2896477863518863,12,130.0
130.0,12,120.0,3.0,7.182242719646031,5,66.0,0.3906177820318983,7,77.0,0.314502150078634,12,143.0
135.0,12,123.0,3.075,7.802688854420973,4,68.0,0.49629344970840844,8,88.0,0.20938565871819897,12,156.0
140.0,10,129.0,3.909090909090909,7.061192993464337,5,87.0,0.5964065484907589,5,93.0,0.2764554900350928,10,180.0
145.0,11,172.0,5.0588235294117645,7.071515391603035,5,115.0,0.56193422268105,6,90.0,0.27382112075091175,11,205.0
150.0,11,142.0,4.176470588235294,5.726265652980716,8,121.0,0.4155816316874327,3,72.0,0.40324237027982246,11,193.0
155.0,13,196.0,5.444444444444445,7.0116544086822845,10,138.0,0.44045890705068674,3,83.0,0.4927147935279538,13,221.0
160.0,13,161.0,4.351351351351352,5.883961840773149,10,156.0,0.2338274407308841,3,53.0,0.61843991192797,13,209.0
165.0,11,199.0,5.2368421052631575,7.051224202791104,7,151.0,0.3521407508291122,4,70.0,0.534928198542951,11,221.0
170.0,13,197.0,5.472222222222222,6.313933101607568,7,152.0,0.30971232646096886,6,94.0,0.48992591573733035,13,246.0
175.0,14,253.0,6.657894736842105,6.521570831234725,7,148.0,0.30250558412883516,7,131.0,0.46756484617012983,14,279.0
180.0,15,263.0,6.575,5.896978201671674,8,171.0,0.24873078813543734,7,138.0,0.5483414007502062,15,309.0
185.0,16,335.0,7.613636363636363,6.568056851923834,10,206.0,0.2770778426633431,6,155.0,0.558846760708747,16,361.0
190.0,14,153.0,3.477272727272727,5.502217335891576,8,127.0,0.30231512708864655,6,101.0,0.42765813082399434,14,228.0
195.0,21,209.0,4.354166666666667,5.596253517529093,11,156.0,0.3026937997584514,10,86.0,0.37016502630058334,21,242.0
200.0,19,177.0,3.6875,4.921377469074808,7,142.0,0.39315278335543785,12,121.0,0.2972181890112924,19,263.0
205.0,16,203.0,4.833333333333333,6.0737869854166675,5,88.0,0.4691299693370809,11,149.0,0.2874705048401853,16,237.0
210.0,16,141.0,3.2045454545454546,4.255273033268785,5,63.0,0.27258021113578046,11,165.0,0.09468845754090448,16,228.0
215.0,22,225.0,4.891304347826087,5.215079992195796,9,71.0,0.3318395758707606,13,190.0,0.18828872324831178,22,261.0
220.0,16,260.0,5.531914893617022,5.943461749286178,6,83.0,0.4712143400114357,10,220.0,0.24441472706940276,16,303.0
225.0,16,321.0,6.551020408163265,7.2677347012425155,6,90.0,0.5570631420910338,10,242.0,0.2860271306612657,16,332.0
230.0,15,292.0,5.509433962264151,6.605404802090057,5,83.0,0.4324009511672415,10,257.0,0.2956527164423991,15,340.0
235.0,17,284.0,5.071428571428571,7.630203562278727,9,109.0,0.4777951220896074,8,241.0,0.4170538239932103,17,350.0
240.0,13,114.0,2.235294117647059,6.817355130409301,8,94.0,0.457278881190641,5,178.0,0.4333929976015266,13,272.0
245.0,21,190.0,3.5849056603773586,6.359151629873829,9,99.0,0.4835378843405275,12,163.0,0.28090043509110985,21,262.0
250.0,23,219.0,4.055555555555555,5.7177630639067045,9,109.0,0.395411399358534,14,196.0,0.281873495424796,23,305.0
255.0,20,268.0,4.620689655172414,6.015908380868939,8,94.0,0.41714683629796145,12,209.0,0.2707369498448169,20,303.0
260.0,19,233.0,4.236363636363636,5.040247878412798,7,99.0,0.390700823178493,12,216.0,0.19511459234012568,19,315.0
265.0,25,284.0,4.655737704918033,5.883775180825404,13,135.0,0.42612281979188454,12,220.0,0.2573638418995796,25,355.0
270.0,27,261.0,4.142857142857143,4.852623037539567,16,191.0,0.3335037067680395,11,200.0,0.27866260516615216,27,391.0
275.0,25,318.0,4.892307692307693,5.7370817342901494,17,256.0,0.2585344416601788,8,163.0,0.4919131910667158,25,419.0
280.0,26,336.0,5.090909090909091,5.050879601627184,18,304.0,0.17578920344393323,8,168.0,0.43996921781676024,26,472.0
285.0,26,355.0,5.220588235294118,5.13325464523679,13,317.0,0.234471904606114,13,186.0,0.27496881098621934,26,503.0
290.0,27,279.0,3.9857142857142858,4.749738247985856,13,279.0,0.24617150238836574,14,201.0,0.21435046943876934,27,480.0
295.0,29,320.0,4.571428571428571,5.323096205070013,12,250.0,0.3271936995172692,17,265.0,0.2012538369970747,29,515.0
300.0,30,359.0,5.358208955223881,4.738622415655237,16,303.0,0.2825275489586772,14,282.0,0.19939665332451637,30,585.0
305.0,28,333.0,5.203125,4.215229648985953,20,354.0,0.15554771313723004,8,252.0,0.2669159078270886,28,606.0
310.0,31,315.0,5.080645161290323,3.382740234826722,23,403.0,0.10862369269398861,8,219.0,0.2138480414374532,31,622.0
315.0,27,334.0,5.21875,5.086776414152466,14,392.0,0.19740105877969583,13,218.0,0.2844121134464399,27,610.0
320.0,22,340.0,5.396825396825397,5.149859360496044,12,381.0,0.271364434737761,10,227.0,0.257242671681576,22,608.0
325.0,24,389.0,6.174603174603175,5.967261821561553,16,371.0,0.21185379911576988,8,197.0,0.41982143969326624,24,568.0
330.0,25,402.0,6.7,5.531679186017093,18,405.0,0.16655527018767297,7,195.0,0.5047368142053978,25,600.0
335.0,17,340.0,5.862068965517241,6.411561580414693,11,395.0,0.29806073522754195,6,148.0,0.41647916007329333,17,543.0
340.0,17,178.0,3.2363636363636363,5.53822170014655,9,302.0,0.37315408653240145,8,138.0,0.17084681812238198,17,440.0
345.0,23,254.0,4.535714285714286,5.54715407411183,12,291.0,0.29682345694250667,11,156.0,0.27826000411409574,23,447.0
350.0,26,243.0,4.584905660377358,4.855401650631407,18,311.0,0.2613440546957573,8,164.0,0.4052566683124971,26,475.0
355.0,24,268.0,4.785714285714286,4.9655848514174235,20,311.0,0.21594456741229634,4,138.0,0.47102532824628657,24,449.0
360.0,24,287.0,5.125,4.557789524134441,21,358.0,0.16194353497198755,3,90.0,0.545235296530117,24,448.0
365.0,19,253.0,4.216666666666667,6.196973485954641,14,359.0,0.2922806490692932,5,62.0,0.5341028480348395,19,421.0
370.0,18,270.0,4.655172413793103,5.694621175457826,11,343.0,0.32332169906233366,7,61.0,0.3172387965840176,18,404.0
375.0,19,219.0,3.532258064516129,5.256673825795385,10,282.0,0.28050609576565344,9,90.0,0.32583833291972336,19,372.0
380.0,21,253.0,4.015873015873016,6.189496761618408,14,260.0,0.3645254374529903,7,100.0,0.3969678119226906,21,360.0
385.0,21,277.0,4.396825396825397,6.673780241635668,15,282.0,0.33819383073980913,6,84.0,0.5067202904144847,21,366.0
390.0,23,303.0,4.809523809523809,5.5132788415617435,19,331.0,0.22710885318401597,4,84.0,0.43749131589262763,23,415.0
395.0,25,357.0,5.758064516129032,5.1682777395498105,18,370.0,0.21691671757630956,7,94.0,0.459628275955338,25,464.0
400.0,21,295.0,4.538461538461538,5.5457960224124845,15,379.0,0.25250058996259456,6,54.0,0.4532326166468956,21,433.0
405.0,21,252.0,4.0,5.347488040374349,13,371.0,0.24472007339371943,8,80.0,0.37494362906798656,21,451.0
410.0,23,174.0,2.806451612903226,4.783545714273754,15,324.0,0.2690572931069987,8,96.0,0.2496983810976418,23,420.0
415.0,24,232.0,3.9322033898305087,4.871599948877967,17,360.0,0.19514121441941473,7,90.0,0.38515969353477586,24,450.0
420.0,23,216.0,3.540983606557377,4.557849119849715,16,367.0,0.12086350146085184,7,76.0,0.3490164971184362,23,443.0
425.0,21,293.0,4.80327868852459,5.810078716986644,14,393.0,0.24440618452912846,7,87.0,0.36006254587639686,21,480.0
430.0,20,342.0,6.218181818181818,5.701336240303304,14,396.0,0.26354669339804854,6,99.0,0.308322721541979,20,495.0
435.0,16,365.0,6.7592592592592595,6.24035123321455,11,375.0,0.24292687083148035,5,107.0,0.4368594107686943,16,482.0
440.0,18,259.0,5.078431372549019,5.164190428081892,14,365.0,0.0927448787080222,4,75.0,0.4484728209067839,18,440.0
445.0,20,203.0,4.06,5.9454737843961345,17,345.0,0.1354426901983266,3,35.0,0.6398572773374187,20,380.0
450.0,21,232.0,4.549019607843137,5.231372712270809,15,384.0,0.24214127686569256,6,42.0,0.49612861979781414,21,426.0
455.0,20,253.0,4.96078431372549,5.826971218799193,11,374.0,0.31220194953309977,9,82.0,0.45771504413684755,20,456.0
460.0,23,319.0,6.254901960784314,4.304415219942402,12,389.0,0.15191305029821978,11,132.0,0.2990756943135761,23,521.0
465.0,24,321.0,5.944444444444445,4.077032357796613,14,387.0,0.10953850095655299,10,152.0,0.3073072822044594,24,539.0
470.0,25,402.0,7.584905660377358,4.817591783496148,14,419.0,0.12470229207727221,11,159.0,0.4126726995216922,25,578.0
475.0,18,397.0,8.10204081632653,5.679470185389303,10,415.0,0.1817666018388992,8,161.0,0.38228879581443004,18,576.0
480.0,16,292.0,5.7254901960784315,6.30073559453506,7,317.0,0.298189298218625,9,153.0,0.3741701475444314,16,470.0
485.0,19,265.0,5.3,6.616527522888314,9,298.0,0.36994050059512656,10,146.0,0.3463808703802598,19,444.0
490.0,16,201.0,4.02,6.799598851112579,6,233.0,0.4684676847822592,10,159.0,0.3741429751875098,16,392.0
495.0,19,198.0,3.8076923076923075,6.095752832716353,7,150.0,0.45821741618464823,12,191.0,0.369299730946388,19,341.0
500.0,22,247.0,4.75,5.723374432666888,10,169.0,0.4009557852802068,12,208.0,0.3398202558074713,22,377.0
505.0,17,252.0,4.754716981132075,5.603198469008159,6,161.0,0.4187396327592598,11,233.0,0.22133796067989156,17,394.0
510.0,19,294.0,5.25,5.663485582818249,5,181.0,0.413487913906761,14,264.0,0.187462755269346,19,445.0
515.0,21,281.0,4.844827586206897,6.082431476746014,8,204.0,0.4512893283935554,13,261.0,0.3117322919290755,21,465.0
520.0,23,349.0,6.232142857142857,5.837207235324724,8,215.0,0.4966635784984246,15,293.0,0.29864031027051535,23,508.0
525.0,20,380.0,6.666666666666667,5.770911205057244,8,235.0,0.5100044511842778,12,327.0,0.2875830312824848,20,562.0
530.0,19,291.0,5.196428571428571,5.677168500605693,10,197.0,0.3798317586546183,9,306.0,0.32270925178877763,19,503.0
535.0,23,251.0,4.482142857142857,4.9103499384529625,12,166.0,0.1984102770204094,11,237.0,0.3092190734847157,23,403.0
540.0,30,346.0,6.290909090909091,4.293864650148513,16,237.0,0.1413226919675947,14,189.0,0.2579494350428566,30,426.0
545.0,28,380.0,6.909090909090909,3.758804484166831,15,260.0,0.16797198873707564,13,221.0,0.23277135411188657,28,481.0
550.0,19,353.0,6.537037037037037,5.6103971845567475,10,212.0,0.283829302322223,9,241.0,0.36007565857501284,19,453.0
555.0,14,217.0,4.254901960784314,5.815807241331335,7,189.0,0.2560557097991863,7,191.0,0.3506353116164166,14,380.0
560.0,20,248.0,4.679245283018868,6.629252071231146,10,201.0,0.2850621978309303,10,116.0,0.36821488200846897,20,317.0
565.0,20,248.0,4.862745098039215,6.240461305540528,10,216.0,0.33266951692182584,10,144.0,0.3735736970398632,20,360.0
570.0,15,261.0,5.22,6.901726217604359,8,197.0,0.4270606955643887,7,148.0,0.43257148532965695,15,345.0
575.0,13,144.0,2.769230769230769,6.0970304493943726,7,195.0,0.2827230551822084,6,104.0,0.46432450080220994,13,299.0
580.0,21,197.0,3.581818181818182,6.832755300670897,9,175.0,0.4546314932195217,12,108.0,0.4167127145139095,21,283.0
585.0,17,183.0,3.267857142857143,6.341514752884941,6,141.0,0.5670400250172604,11,144.0,0.29871792348701326,17,285.0
590.0,16,195.0,3.5454545454545454,6.117956631708189,4,62.0,0.3850983575690332,12,167.0,0.29903497617914737,16,229.0
595.0,15,136.0,2.4727272727272727,6.189954737465086,7,54.0,0.3082453055040556,8,152.0,0.3396579858687868,15,206.0
600.0,21,208.0,3.586206896551724,6.077250279480457,8,76.0,0.31659085955680755,13,157.0,0.269873254538234,21,233.0
605.0,20,252.0,4.421052631578948,5.742014034132267,9,102.0,0.33293165813575326,11,190.0,0.3699806416611447,20,292.0
610.0,19,296.0,5.192982456140351,6.507231979065891,7,100.0,0.4516197595613817,12,225.0,0.37403228569462166,19,325.0
615.0,18,206.0,3.5517241379310347,6.602465705690567,5,107.0,0.49323320902671713,13,217.0,0.35290673355558383,18,324.0
620.0,23,254.0,4.233333333333333,6.524612382507982,9,100.0,0.3456073050250617,14,186.0,0.387686710575497,23,286.0
625.0,20,240.0,4.137931034482759,4.9269496677519244,7,127.0,0.19295010420095396,13,205.0,0.3140356444071782,20,332.0
630.0,18,218.0,3.7586206896551726,5.7692671785674285,7,142.0,0.2568001154818693,11,167.0,0.25230942812774165,18,309.0
635.0,16,171.0,3.1666666666666665,5.542383606700827,5,94.0,0.286166136650499,11,185.0,0.17787254405735067,16,279.0
640.0,15,204.0,3.709090909090909,6.679175425779673,3,90.0,0.4428109853958827,12,211.0,0.26529177660952075,15,301.0
645.0,19,265.0,5.0,6.465697780559326,7,115.0,0.4861737777736624,12,238.0,0.38724958296639783,19,353.0
650.0,15,302.0,5.69811320754717,6.9696634273688405,4,123.0,0.6294040707617978,11,241.0,0.36445099174041573,15,364.0
655.0,19,272.0,5.037037037037037,6.0881588964984354,4,129.0,0.5433429209331919,15,234.0,0.24211561293672998,19,363.0
660.0,20,272.0,4.945454545454545,6.046434220038374,4,99.0,0.3948696516101912,16,242.0,0.24286194773592232,20,341.0
665.0,24,328.0,6.56,4.8813591318182,7,101.0,0.3724099414017389,17,296.0,0.235405573815726,24,397.0
670.0,18,340.0,6.666666666666667,5.3480563183043275,5,123.0,0.4120394994518128,13,304.0,0.2599887659078316,18,427.0
675.0,17,331.0,6.365384615384615,6.094164014139466,4,106.0,0.5575826509843935,13,322.0,0.2160330906711608,17,428.0
680.0,18,370.0,7.254901960784314,6.611509615745896,4,103.0,0.5626331181986721,14,326.0,0.23240862859022446,18,429.0
685.0,20,429.0,8.58,5.871205011191782,8,133.0,0.3827901744949168,12,357.0,0.2021748928811811,20,490.0
690.0,21,488.0,9.568627450980392,5.507685156651081,7,157.0,0.33475913460713325,14,375.0,0.24628992433073413,21,532.0
695.0,19,423.0,8.134615384615385,5.96735234498018,6,156.0,0.41488623108744976,13,368.0,0.3047545485262888,19,524.0
700.0,16,247.0,4.660377358490566,6.811885626296764,7,95.0,0.49599259232749043,9,283.0,0.360494906605784,16,378.0
705.0,18,314.0,5.607142857142857,5.990185416723311,9,119.0,0.4159709090155618,9,257.0,0.3240546285245384,18,376.0
710.0,21,234.0,4.254545454545455,5.314933559832657,9,141.0,0.4485395563842334,12,224.0,0.2642169593025095,21,365.0
715.0,18,294.0,5.345454545454546,5.520960503744208,5,143.0,0.46658509107757146,13,213.0,0.18140929061570044,18,356.0
720.0,21,261.0,4.660714285714286,4.914866232973706,6,125.0,0.424003679387897,15,235.0,0.10863822571477591,21,360.0
725.0,21,270.0,4.909090909090909,5.557636472363345,12,160.0,0.30458352647071507,9,218.0,0.21652474894993382,21,378.0
730.0,23,311.0,5.654545454545454,4.760134255565213,14,202.0,0.2278788894443221,9,229.0,0.2083629316083616,23,431.0
735.0,20,343.0,6.125,6.065858398925338,9,220.0,0.33284630169176593,11,225.0,0.3270210705497214,20,445.0
740.0,18,378.0,6.406779661016949,5.586143935724858,8,245.0,0.3299553827537015,10,233.0,0.29908282338780173,18,478.0
745.0,21,442.0,7.366666666666666,5.7193285166084475,14,281.0,0.2195674219071158,7,235.0,0.43438515794313903,21,516.0
750.0,25,212.0,3.593220338983051,5.5034632726723025,18,221.0,0.1896727762693044,7,195.0,0.43501715988791984,25,416.0
755.0,23,270.0,4.576271186440678,6.512102300614222,15,248.0,0.30422927057639687,8,123.0,0.519955981182752,23,371.0
760.0,22,239.0,4.425925925925926,4.856012754505652,15,268.0,0.23587211966015242,7,108.0,0.37669783052734795,22,376.0
765.0,19,199.0,3.7547169811320753,5.396696592825865,10,232.0,0.23531660638298324,9,113.0,0.28916562098159154,19,345.0
770.0,19,216.0,4.0,4.970051089481144,9,249.0,0.20679108455630776,10,132.0,0.13459072697115257,19,381.0
775.0,22,278.0,5.148148148148148,5.558647910825446,14,288.0,0.18213491511691757,8,129.0,0.2639582879322695,22,417.0
780.0,21,294.0,5.444444444444445,5.595912780271341,14,311.0,0.1663110525382265,7,112.0,0.43727253322793874,21,423.0
785.0,16,323.0,5.666666666666667,6.960579702494014,9,281.0,0.3111678006450609,7,128.0,0.5374887718497788,16,409.0
790.0,14,236.0,4.37037037037037,6.297696065736899,9,272.0,0.3563530133105823,5,97.0,0.41555693150321815,14,369.0
795.0,21,326.0,5.927272727272728,6.765824551871705,11,289.0,0.45194996203358473,10,120.0,0.35024786654882634,21,409.0
800.0,21,233.0,4.314814814814815,5.092159902207467,10,265.0,0.3949717182037021,11,124.0,0.25249744831423804,21,389.0
805.0,23,233.0,4.087719298245614,5.461324796815434,14,222.0,0.27377757768114974,9,120.0,0.4098570832400553,23,342.0
810.0,23,195.0,3.1451612903225805,5.346937381775945,15,228.0,0.23486019006703393,8,94.0,0.39355534706284245,23,322.0
815.0,20,222.0,3.5806451612903225,6.676933087113212,9,198.0,0.2980635863370375,11,117.0,0.4237627993040437,20,315.0
820.0,20,238.0,3.966666666666667,5.20520950078287,10,198.0,0.23186057309165573,10,131.0,0.2822380683556213,20,329.0
825.0,30,357.0,6.0508474576271185,4.8442717565928,14,250.0,0.19240998055931727,16,169.0,0.23912642763937997,30,419.0
830.0,27,304.0,5.241379310344827,5.058706909021833,14,250.0,0.22542245671056363,13,197.0,0.3232716202780249,27,447.0
835.0,23,330.0,5.892857142857143,5.149675587394932,16,250.0,0.10267438693981183,7,168.0,0.34562479432167653,23,418.0
840.0,23,327.0,5.839285714285714,4.204422608012327,14,274.0,0.12229601051224025,9,181.0,0.2103925641121713,23,455.0
845.0,21,346.0,5.766666666666667,6.075784362911751,8,243.0,0.3370476536936087,13,207.0,0.2239607214087873,21,450.0
850.0,17,173.0,3.0892857142857144,6.517289618354945,6,174.0,0.42096323972269095,11,184.0,0.32036370271933656,17,358.0
855.0,16,206.0,3.8867924528301887,7.448395751071257,6,104.0,0.5020883167174427,10,199.0,0.45442159021028816,16,303.0
860.0,16,215.0,4.056603773584905,6.576265963992924,9,144.0,0.496579939829708,7,178.0,0.36456187171345855,16,322.0
865.0,13,177.0,3.4705882352941178,5.739733169549577,7,144.0,0.33479527776740087,6,115.0,0.33561322568768936,13,259.0
870.0,9,136.0,2.6153846153846154,6.03520841203971,4,115.0,0.27275706224275165,5,92.0,0.2668662870825735,9,207.0
875.0,14,158.0,3.0384615384615383,5.9577207956087985,5,134.0,0.23666233674671483,9,79.0,0.27685410856235293,14,213.0
880.0,22,230.0,4.339622641509434,5.808746682004276,12,182.0,0.2637947530913319,10,103.0,0.333351955286077,22,285.0
885.0,13,240.0,5.0,6.192892254879555,9,208.0,0.3013532564419863,4,100.0,0.48322951226036615,13,308.0
890.0,11,240.0,5.217391304347826,6.626528305869881,5,197.0,0.37894340182033126,6,89.0,0.3805258501238733,11,286.0
895.0,9,144.0,3.3488372093023258,6.540425326256804,3,92.0,0.3715621997101409,6,103.0,0.31721927728369287,9,195.0
900.0,11,161.0,3.659090909090909,7.014319969826406,4,76.0,0.5259142647872778,7,121.0,0.3051736915754013,11,197.0
905.0,13,225.0,4.891304347826087,7.583377383950306,5,102.0,0.5074045516005118,8,149.0,0.4645020388072196,13,251.0
910.0,9,195.0,4.239130434782608,7.461357978936411,4,96.0,0.487518804548053,5,153.0,0.536514479939075,9,249.0
915.0,10,224.0,5.209302325581396,7.846909253024626,4,81.0,0.4052325855898699,6,147.0,0.5480527400989083,10,228.0
920.0,15,67.0,1.5227272727272727,6.109725065372774,6,38.0,0.2164942767717699,9,102.0,0.30439947291834824,15,140.0
925.0,14,107.0,2.3777777777777778,6.901482869155692,5,48.0,0.3877482507821101,9,74.0,0.26922899797343347,14,122.0
930.0,14,148.0,3.6097560975609757,6.805772983395702,5,71.0,0.5319895915122221,9,105.0,0.3172931319178581,14,176.0
935.0,15,190.0,4.871794871794871,6.86463658936834,6,99.0,0.5282433065719712,9,119.0,0.4082001153574205,15,218.0
940.0,12,127.0,3.097560975609756,5.471922864366373,3,81.0,0.47499159645042754,9,124.0,0.3000151526760079,12,205.0
945.0,10,136.0,3.090909090909091,7.3594700775977575,4,78.0,0.5290375107296492,6,91.0,0.42958054150215164,10,169.0
950.0,11,105.0,2.1875,6.940502300045364,5,66.0,0.41617176773377146,6,87.0,0.36291868698526947,11,153.0
955.0,18,161.0,3.22,6.874924120014685,8,105.0,0.40278366352997824,10,92.0,0.33302438380435395,18,197.0
960.0,16,175.0,3.8043478260869565,5.6792842601895765,5,106.0,0.5063211519802224,11,124.0,0.22484978215679613,16,230.0
965.0,13,206.0,5.15,5.836461778666174,6,122.0,0.4391993008990428,7,128.0,0.2488968304687687,13,250.0
970.0,15,174.0,4.2439024390243905,4.221939773592073,7,121.0,0.24149466482898024,8,128.0,0.16483550581553635,15,249.0
975.0,16,215.0,4.673913043478261,5.943924604405056,4,99.0,0.3716877602089622,12,150.0,0.22717131792324263,16,249.0
980.0,15,170.0,3.8636363636363638,6.637772137442672,5,37.0,0.5495848969373053,10,172.0,0.2550025809224828,15,209.0
985.0,11,197.0,4.4772727272727275,7.796593695332398,6,66.0,0.5263574374316388,5,157.0,0.4368949416750644,11,223.0
990.0,10,128.0,2.723404255319149,6.109159571281855,5,75.0,0.41387839791485115,5,109.0,0.32439820970587235,10,184.0
995.0,14,186.0,4.133333333333334,7.404899191132027,7,91.0,0.48440050065101226,7,117.0,0.4314032741876939,14,208.0
1000.0,11,118.0,2.5106382978723403,6.811462343096982,4,70.0,0.46484633973918155,7,113.0,0.3348217092655962,11,183.0
1005.0,16,160.0,3.3333333333333335,7.21352016993342,8,85.0,0.49485014012584605,8,104.0,0.3767114459669289,16,189.0
1010.0,16,167.0,3.5531914893617023,6.088298399979469,9,77.0,0.34543178505165845,7,129.0,0.4244927142192493,16,206.0
1015.0,20,255.0,5.425531914893617,5.84324074680228,12,128.0,0.34125179856803783,8,165.0,0.404225771067371,20,293.0
1020.0,21,216.0,4.153846153846154,5.227895874947489,13,162.0,0.32810495112833477,8,142.0,0.37124094246350775,21,304.0
1025.0,9,182.0,3.7142857142857144,6.790397451120804,5,148.0,0.3571561436656766,4,101.0,0.5437673614144486,9,249.0
1030.0,9,144.0,3.0,6.3810127374818135,5,117.0,0.24057337490902247,4,104.0,0.4728662941976438,9,221.0
1035.0,18,189.0,3.6346153846153846,6.5242722265888675,12,101.0,0.20281833724598483,6,125.0,0.38027911153185784,18,226.0
1040.0,18,191.0,4.0638297872340425,6.651510423335085,11,156.0,0.24635139675352546,7,72.0,0.41853478639381925,18,228.0
1045.0,16,225.0,5.0,6.450435393718193,8,168.0,0.28650314197026233,8,109.0,0.4332226435693634,16,277.0
1050.0,12,165.0,3.9285714285714284,6.7507553553870965,6,127.0,0.43970154376843684,6,93.0,0.43584486775583015,12,220.0
1055.0,15,156.0,3.391304347826087,6.013374804571864,7,113.0,0.42477589955713324,8,88.0,0.1949784128755568,15,201.0
1060.0,15,156.0,3.183673469387755,7.434263380487351,7,119.0,0.5883299719426214,8,93.0,0.26979772914922495,15,212.0
1065.0,13,178.0,3.56,7.880837764290954,5,118.0,0.570882758258308,8,98.0,0.45467605829693014,13,216.0
1070.0,13,158.0,3.16,7.299343462704527,9,124.0,0.3722011558468201,4,88.0,0.5870423794447722,13,212.0
1075.0,13,143.0,2.86,6.8139928045272,9,121.0,0.269644188109745,4,63.0,0.6040359456016512,13,184.0
1080.0,15,143.0,2.803921568627451,6.823012390402538,8,127.0,0.2171862211278916,7,42.0,0.5051787803381972,15,169.0
1085.0,15,188.0,3.6153846153846154,6.109106948544815,7,152.0,0.21167956510213962,8,80.0,0.32141063077167653,15,232.0
1090.0,16,198.0,4.125,6.21874396451859,9,163.0,0.346589826531885,7,94.0,0.26796375405668804,16,257.0
1095.0,16,244.0,5.545454545454546,5.76781365100133,7,181.0,0.2982421856134055,9,108.0,0.29549061920654174,16,289.0
1100.0,11,223.0,5.439024390243903,6.1155754087880805,6,178.0,0.2707026212159922,5,106.0,0.37128709368956364,11,284.0
1105.0,12,227.0,5.404761904761905,7.2231698922890955,7,189.0,0.2997314070108746,5,102.0,0.497882268869738,12,291.0
1110.0,11,202.0,5.17948717948718,7.509742773547532,9,204.0,0.4158544929054355,2,56.0,0.4929034837106947,11,260.0
1115.0,9,182.0,4.55,7.762190603790768,7,214.0,0.4491424301850883,2,22.0,0.5694794818410742,9,236.0
1120.0,9,191.0,5.305555555555555,7.358909752165946,7,200.0,0.4587614586899479,2,22.0,0.6142056605368726,9,222.0
1125.0,10,184.0,4.842105263157895,5.901005432356963,6,194.0,0.41245625532027574,4,40.0,0.4580002142014708,10,234.0
1130.0,13,221.0,5.666666666666667,5.551735254574897,9,203.0,0.3402409920264408,4,44.0,0.41156071440644215,13,247.0
1135.0,17,149.0,3.5476190476190474,5.475650776014533,9,139.0,0.37530998734643584,8,76.0,0.2662384582097151,17,215.0
1140.0,19,165.0,3.9285714285714284,5.527214369123209,14,156.0,0.3065748136962872,5,75.0,0.2925807096818587,19,231.0
1145.0,16,170.0,3.953488372093023,5.394727512852317,14,180.0,0.11242533605276404,2,33.0,0.4595650245788104,16,213.0
1150.0,18,211.0,4.395833333333333,6.5318144984942235,15,210.0,0.16395909231789332,3,35.0,0.6170587860462179,18,245.0
1155.0,16,227.0,4.127272727272727,7.515792232758017,12,243.0,0.21180353195943244,4,52.0,0.715342247184645,16,295.0
1160.0,10,188.0,3.6153846153846154,8.118940579666866,7,212.0,0.4144953790348003,3,55.0,0.7267945052356568,10,267.0
1165.0,10,130.0,2.5,7.15941401853107,6,183.0,0.3460176866449048,4,73.0,0.5762642435722266,10,256.0
1170.0,20,189.0,3.5660377358490565,6.267561891067432,11,165.0,0.4216930888919788,9,111.0,0.3393024110214023,20,276.0
1175.0,18,229.0,4.403846153846154,6.149737968163596,10,173.0,0.41708274572307735,8,141.0,0.41874279055698166,18,314.0
1180.0,17,260.0,5.2,6.151711214260313,9,160.0,0.31285341660097005,8,143.0,0.3846346104626479,17,303.0
1185.0,16,240.0,5.0,5.41572526755298,7,161.0,0.19735463238999765,9,161.0,0.2598140154854401,16,322.0
1190.0,22,310.0,6.326530612244898,5.594398305404112,13,188.0,0.14586583058401356,9,175.0,0.27500764251651905,22,363.0
1195.0,20,273.0,6.204545454545454,4.316335823483208,12,231.0,0.2628615086955432,8,156.0,0.17578625816794513,20,387.0
1200.0,15,312.0,6.782608695652174,6.132004424860317,5,233.0,0.4194268087582147,10,153.0,0.3179947883485189,15,386.0
1205.0,11,180.0,4.186046511627907,7.0988965500744525,4,145.0,0.541227268337064,7,149.0,0.3338201720020561,11,294.0
1210.0,13,197.0,4.282608695652174,7.487578009159509,5,80.0,0.48905478650628303,8,160.0,0.4166973487758307,13,240.0
1215.0,13,152.0,3.1666666666666665,6.123003079659209,7,93.0,0.27281169987869425,6,128.0,0.4908681862952002,13,221.0
1220.0,10,139.0,2.9574468085106385,7.730256830754168,6,97.0,0.37810244196641446,4,89.0,0.5667755301461557,10,186.0
1225.0,13,71.0,1.5106382978723405,7.2476367983143355,7,58.0,0.42756259540643893,6,77.0,0.373768734110397,13,135.0
1230.0,16,105.0,2.234042553191489,6.363132016185615,6,70.0,0.46189547012906007,10,88.0,0.23441767404333877,16,158.0
1235.0,14,112.0,2.604651162790698,5.4006829417126125,5,76.0,0.3095933007250715,9,115.0,0.36804664578455304,14,191.0
1240.0,15,170.0,3.953488372093023,6.433659494366673,7,81.0,0.4545131390501016,8,136.0,0.38360450324541684,15,217.0
1245.0,12,146.0,3.2444444444444445,6.507819690595486,6,86.0,0.42634887503006363,6,113.0,0.31976610989456555,12,199.0
1250.0,12,171.0,3.6382978723404253,7.927977037028484,7,96.0,0.4246790768637484,5,92.0,0.4915532124008824,12,188.0
1255.0,12,144.0,3.0638297872340425,7.15923153712151,7,116.0,0.23042325577446704,5,86.0,0.5194713402474198,12,202.0
1260.0,12,170.0,4.146341463414634,7.192835138881717,6,123.0,0.3795639039564938,6,54.0,0.4215957012673179,12,177.0
1265.0,12,110.0,2.8205128205128207,5.844017806250881,5,66.0,0.47383676341412395,7,72.0,0.22219893901024873,12,138.0
1270.0,16,164.0,3.813953488372093,6.120911495774548,7,97.0,0.4657405682869733,9,88.0,0.31226410966064433,16,185.0
1275.0,11,134.0,2.627450980392157,7.245882170181439,5,79.0,0.5782982654474252,6,96.0,0.4706588303362871,11,175.0
1280.0,14,185.0,3.7,8.090039761081112,8,106.0,0.5404549575834078,6,102.0,0.5674416480516846,14,208.0
1285.0,14,122.0,2.392156862745098,6.35056794619836,9,94.0,0.2733219934393452,5,92.0,0.5398209220213991,14,186.0
1290.0,22,157.0,2.9074074074074074,5.474894517742034,16,121.0,0.20090869829855101,6,79.0,0.38611797445878837,22,200.0
1295.0,23,190.0,3.5849056603773586,4.832135385899123,14,153.0,0.24687351726411388,9,113.0,0.36992484970488243,23,266.0
1300.0,17,188.0,3.4814814814814814,5.940227044674071,7,134.0,0.36582148973193573,10,153.0,0.32509599680466117,17,287.0
1305.0,18,200.0,3.4482758620689653,5.410135394191496,8,162.0,0.3646025953153295,10,168.0,0.1951149534956167,18,330.0
1310.0,22,254.0,4.456140350877193,6.124744276917219,14,199.0,0.2662815851644595,8,161.0,0.41334965084154046,22,360.0
1315.0,22,245.0,4.298245614035087,5.4369460334103215,16,235.0,0.15332846855376872,6,112.0,0.4518595606394962,22,347.0
1320.0,19,293.0,5.140350877192983,5.95786162958398,10,221.0,0.255892933287048,9,138.0,0.37210562365969285,19,359.0
1325.0,19,256.0,4.338983050847458,5.840103558349251,11,207.0,0.2759973523515769,8,159.0,0.3659272415344591,19,366.0
1330.0,20,316.0,5.3559322033898304,6.823903886945157,12,214.0,0.25910763820047855,8,175.0,0.4023117436615042,20,389.0
1335.0,18,225.0,4.090909090909091,5.658708303537638,11,191.0,0.2215835669058798,7,168.0,0.3757522016420529,18,359.0
1340.0,21,311.0,5.867924528301887,6.141099383862292,15,209.0,0.2482992105331432,6,184.0,0.3757680623938372,21,393.0
1345.0,20,323.0,6.333333333333333,5.637147790689105,13,226.0,0.3075806088924719,7,206.0,0.37521496154362854,20,432.0
1350.0,17,344.0,6.490566037735849,6.059600129592987,7,172.0,0.372392341696364,10,242.0,0.332907523768422,17,414.0
1355.0,17,353.0,6.660377358490566,6.011282827232392,10,179.0,0.3245082284147714,7,253.0,0.3689242146529461,17,432.0
1360.0,17,389.0,7.78,6.60055338696523,11,190.0,0.26989759262411284,6,267.0,0.4674219429115132,17,457.0
1365.0,15,160.0,3.2,5.034461199950393,11,172.0,0.10092250327973169,4,147.0,0.43177578198735006,15,319.0
1370.0,24,218.0,4.36,5.374691391425496,15,190.0,0.19617425403773545,9,86.0,0.34608623899833013,24,276.0
1375.0,16,221.0,4.42,6.355963136146556,10,210.0,0.3469761786685699,6,108.0,0.4560212414337427,16,318.0
1380.0,15,239.0,4.979166666666667,7.650044778901123,6,174.0,0.5275877631125769,9,134.0,0.45522447185590575,15,308.0
1385.0,11,148.0,3.020408163265306,6.4719309545525325,5,133.0,0.4673057448376645,6,134.0,0.4050739007616003,11,267.0
1390.0,15,177.0,3.4038461538461537,6.7575515833736315,10,139.0,0.3790940217925668,5,108.0,0.4144782258263241,15,247.0
1395.0,18,122.0,2.489795918367347,5.474715005407987,11,148.0,0.3328532014909782,7,81.0,0.24783780122930218,18,229.0
1400.0,19,160.0,3.076923076923077,6.107465856020446,13,155.0,0.33648155374691996,6,81.0,0.3114419615295734,19,236.0
1405.0,18,184.0,3.607843137254902,5.849853112184276,12,165.0,0.36425924862539383,6,97.0,0.36992710653265104,18,262.0
1410.0,14,157.0,3.2708333333333335,6.486258688234305,9,137.0,0.4382780425599252,5,83.0,0.39746678351163794,14,220.0
1415.0,14,126.0,2.625,6.737548356009732,10,117.0,0.3593802592287822,4,61.0,0.4960054657033038,14,178.0
1420.0,15,168.0,3.574468085106383,6.975133678181153,10,116.0,0.2624714805097597,5,83.0,0.48416444020432026,15,199.0
1425.0,17,219.0,4.469387755102041,6.283970699141797,10,149.0,0.23088793531427498,7,112.0,0.46164159937161675,17,261.0
1430.0,21,303.0,6.446808510638298,6.393173548454864,13,186.0,0.25303456540817454,8,151.0,0.4795863629443212,21,337.0
1435.0,18,339.0,7.533333333333333,5.010453255563394,10,206.0,0.24837356652741116,8,191.0,0.3594159041439028,18,397.0
1440.0,23,409.0,8.891304347826088,4.8676501484515615,10,193.0,0.1944308870049746,13,241.0,0.2938734824815483,23,434.0
1445.0,21,398.0,8.291666666666666,4.853335296165349,11,216.0,0.20648512337566682,10,249.0,0.2553976875194942,21,465.0
1450.0,17,405.0,8.1,6.391213391030479,8,220.0,0.2633528171806228,9,248.0,0.37734170143193646,17,468.0
1455.0,13,176.0,3.6666666666666665,6.557796986906983,6,158.0,0.2618943696931588,7,208.0,0.4388248120741131,13,366.0
1460.0,15,242.0,4.84,7.988855481817397,7,137.0,0.31030044726843087,8,168.0,0.5487021444931157,15,305.0
1465.0,15,272.0,5.551020408163265,7.014295848096684,6,146.0,0.3937681574394256,9,196.0,0.4339469940481932,15,342.0
1470.0,16,318.0,6.36,6.174705503507016,5,134.0,0.4512504547067927,11,223.0,0.2912407862989877,16,357.0
1475.0,17,281.0,5.30188679245283,5.647814188310462,4,93.0,0.5382483311279992,13,259.0,0.21577983674763437,17,352.0
1480.0,16,299.0,5.537037037037037,6.518158600826173,7,102.0,0.5202420562753169,9,271.0,0.2956407008347799,16,373.0
1485.0,15,291.0,5.017241379310345,6.708944608504481,5,56.0,0.4735800191078982,10,285.0,0.3678793924904321,15,341.0
1490.0,14,174.0,2.9491525423728815,7.028468836394364,5,48.0,0.4565919451274601,9,234.0,0.3052342958275517,14,282.0
1495.0,19,175.0,3.1818181818181817,5.8814771930470435,7,45.0,0.37167187422641446,12,159.0,0.1610926415008426,19,204.0
1500.0,25,207.0,3.7636363636363637,5.6987386660154264,13,81.0,0.3526050391826929,12,179.0,0.22028383255861367,25,260.0
1505.0,24,257.0,4.508771929824562,5.499952590224852,12,117.0,0.35969473492500503,12,191.0,0.3246009972147924,24,308.0
1510.0,21,275.0,4.910714285714286,6.174186722392052,11,146.0,0.42716091640777015,10,203.0,0.4050756673141809,21,349.0
1515.0,16,243.0,4.418181818181818,5.972090084785191,10,166.0,0.31819954258906813,6,164.0,0.46099424602725003,16,330.0
1520.0,18,171.0,3.1666666666666665,5.186567655650582,10,146.0,0.24451791818758817,8,146.0,0.25585009190553465,18,292.0
1525.0,19,143.0,2.6481481481481484,5.011312689110169,7,117.0,0.2718235288388082,12,131.0,0.19595911366945765,19,248.0
1530.0,21,211.0,4.137254901960785,4.938405104569506,10,124.0,0.3013204858183627,11,163.0,0.2645023137005656,21,287.0
1535.0,18,233.0,4.66,5.496549442516189,10,135.0,0.2971626816830767,8,175.0,0.3435760681183684,18,310.0
1540.0,19,214.0,3.890909090909091,6.2651782335009,13,158.0,0.2818900338369458,6,141.0,0.4186760630727333,19,299.0
1545.0,22,256.0,4.338983050847458,6.769500400719464,13,182.0,0.33842374915364515,9,149.0,0.466024645976774,22,331.0
1550.0,14,150.0,2.586206896551724,6.7732052765181905,6,145.0,0.3921383152723335,8,113.0,0.39384527723648793,14,258.0
1555.0,15,171.0,3.0535714285714284,6.254300375556859,4,136.0,0.44074860208373007,11,129.0,0.19929055343892732,15,265.0
1560.0,25,222.0,3.8275862068965516,5.610784823793756,14,175.0,0.3639197718204926,11,163.0,0.26660099178219065,25,338.0
1565.0,23,268.0,5.056603773584905,5.034691374137968,14,215.0,0.2869929984129482,9,150.0,0.3401287414060198,23,365.0
1570.0,16,227.0,4.203703703703703,5.653549414649105,11,213.0,0.2897577844159501,5,130.0,0.39039358119693723,16,343.0
1575.0,20,189.0,3.2586206896551726,5.091282627207244,12,193.0,0.16781641065870795,8,87.0,0.31855623073555095,20,280.0
1580.0,22,233.0,3.819672131147541,6.195216450346459,15,229.0,0.28124044989735475,7,103.0,0.4520858634179132,22,332.0
1585.0,21,280.0,5.0,5.9714563136850485,15,278.0,0.23419057631707488,6,94.0,0.5259258579109802,21,372.0
1590.0,25,319.0,5.907407407407407,4.85254651404688,19,345.0,0.1449448574646626,6,74.0,0.42462274142425327,25,419.0
1595.0,24,372.0,6.763636363636364,4.600279416070592,18,387.0,0.14101634958605166,6,74.0,0.38074535117047636,24,461.0
1600.0,20,333.0,6.166666666666667,5.042602674143431,13,370.0,0.23752100293307024,7,65.0,0.31630508188695267,20,435.0
1605.0,22,303.0,5.410714285714286,5.696178819612555,12,354.0,0.3464094077961946,10,94.0,0.2510000750614725,22,448.0
1610.0,19,207.0,3.5084745762711864,6.439376299037607,12,315.0,0.40230947480953055,7,112.0,0.38608297281360304,19,427.0
1615.0,18,256.0,4.413793103448276,6.068841969553588,12,332.0,0.30062618292973453,6,106.0,0.516097976780232,18,438.0
1620.0,17,222.0,4.036363636363636,6.3471221069639645,14,333.0,0.2375707546657401,3,81.0,0.6098310033568987,17,414.0
1625.0,20,258.0,4.607142857142857,5.043137107069825,14,362.0,0.13045982267947476,6,60.0,0.3394278198040269,20,422.0
1630.0,30,355.0,6.454545454545454,4.667813363064205,21,434.0,0.0936416068583787,9,89.0,0.2918726997007987,30,523.0
1635.0,26,354.0,6.8076923076923075,5.147674065718054,17,453.0,0.24330591218238015,9,111.0,0.3361902875151918,26,564.0
1640.0,22,350.0,6.363636363636363,5.240212113863108,16,413.0,0.28774683535324785,6,125.0,0.3241811080603768,22,538.0
1645.0,20,352.0,6.175438596491228,6.150724526790263,13,386.0,0.30292453156613175,7,140.0,0.47501346079692697,20,526.0
1650.0,19,325.0,5.603448275862069,6.7841282878734885,13,304.0,0.29574452361438136,6,156.0,0.5381943123382226,19,460.0
1655.0,25,326.0,5.258064516129032,6.811683271914576,14,306.0,0.38631800590271276,11,198.0,0.3892721208002158,25,504.0
1660.0,18,296.0,5.103448275862069,5.9201347577307954,9,241.0,0.4113604992441034,9,242.0,0.2623602411711085,18,483.0
1665.0,23,349.0,6.017241379310345,5.317449980474731,13,259.0,0.28198910115882403,10,263.0,0.20143426904000516,23,522.0
1670.0,24,209.0,3.4833333333333334,4.6892938342059605,17,288.0,0.18188903790130206,7,185.0,0.29502259336202796,24,473.0
1675.0,27,278.0,4.557377049180328,5.045687270497688,17,278.0,0.13181706105670551,10,134.0,0.4378304543361315,27,412.0
1680.0,25,318.0,5.129032258064516,5.334196891607261,18,332.0,0.2152104415270941,7,129.0,0.4529046190764429,25,461.0
1685.0,27,358.0,5.682539682539683,5.486568071779971,18,379.0,0.27802468171981154,9,147.0,0.38815420322569955,27,526.0
1690.0,28,375.0,5.9523809523809526,5.518527176435054,15,373.0,0.3165931430001582,13,183.0,0.3590440149095287,28,556.0
1695.0,28,356.0,5.393939393939394,4.407483993032983,16,362.0,0.25387033584713775,12,193.0,0.3104521163375723,28,555.0
1700.0,28,300.0,4.477611940298507,4.647886196432837,14,310.0,0.2971720444590176,14,201.0,0.27346922980801514,28,511.0
1705.0,24,297.0,4.432835820895522,5.412007121091873,15,334.0,0.30177411070598376,9,177.0,0.3249905752357569,24,511.0
1710.0,27,357.0,5.173913043478261,4.430320624716147,18,400.0,0.16716374898608022,9,193.0,0.22786858263563362,27,593.0
1715.0,37,463.0,6.52112676056338,4.634448608638674,21,446.0,0.17672681920059213,16,214.0,0.30105109030372373,37,660.0
1720.0,32,558.0,8.205882352941176,4.880869687690675,16,481.0,0.30658322049146547,16,253.0,0.2669772059381857,32,734.0
1725.0,27,559.0,8.469696969696969,4.389949601546747,16,473.0,0.20980848531298477,11,249.0,0.2341655625461992,27,722.0
1730.0,30,564.0,8.417910447761194,4.419089677813071,19,506.0,0.09676096972496182,11,253.0,0.35383534017177354,30,759.0
1735.0,33,678.0,10.119402985074627,4.773329715926868,19,577.0,0.21156528183879836,14,259.0,0.3617875739520723,33,836.0
1740.0,33,785.0,12.076923076923077,4.668801179690896,17,616.0,0.31040194727239856,16,303.0,0.23967666724332998,33,919.0
1745.0,28,780.0,11.64179104477612,5.352999525291229,15,631.0,0.36104574587377314,13,310.0,0.16061625010858308,28,941.0
1750.0,29,766.0,11.606060606060606,5.108299936191974,14,619.0,0.31175319736935564,15,293.0,0.14281988046467775,29,912.0
1755.0,31,684.0,10.208955223880597,5.018759435565481,16,605.0,0.2272163032642389,15,266.0,0.26422741579387243,31,871.0
1760.0,29,350.0,5.303030303030303,5.082160336685748,17,530.0,0.2518257811397572,12,264.0,0.3664609525855127,29,794.0
1765.0,25,366.0,5.545454545454546,5.5563145157744005,13,457.0,0.319155218738558,12,237.0,0.38966035222722384,25,694.0
1770.0,26,316.0,4.787878787878788,4.397936615301347,13,460.0,0.31145549202108536,13,246.0,0.28233345061858256,26,706.0
1775.0,34,453.0,6.7611940298507465,4.231884283179602,19,500.0,0.20866201988673544,15,273.0,0.2643108219330306,34,773.0
1780.0,37,511.0,7.742424242424242,3.7931962227781497,21,527.0,0.20228089766545782,16,292.0,0.2650692060462755,37,819.0
1785.0,28,511.0,7.3,4.272387534248319,18,499.0,0.16367873261734284,10,252.0,0.26471015062457787,28,751.0
1790.0,31,436.0,6.055555555555555,4.381385062209954,19,510.0,0.12457420547727835,12,249.0,0.2960876341393243,31,759.0
1795.0,26,336.0,4.8,4.948173099038773,12,435.0,0.20292551663143915,14,253.0,0.2847853103984627,26,688.0
1800.0,28,393.0,5.865671641791045,4.754395825014474,10,399.0,0.31236567234386003,18,289.0,0.15276295936943196,28,688.0
1805.0,26,431.0,7.065573770491803,4.391305811395766,11,371.0,0.22423111003314505,15,296.0,0.13968806698231026,26,667.0
1810.0,25,431.0,6.951612903225806,4.159164791205592,12,368.0,0.2150031809303431,13,314.0,0.16455465624158297,25,682.0
1815.0,32,406.0,6.548387096774194,4.753427947571891,15,315.0,0.32591507026764005,17,338.0,0.1838920281732083,32,653.0
1820.0,30,434.0,6.78125,5.086024231749588,13,269.0,0.3793762873076286,17,381.0,0.27114171086623745,30,650.0
1825.0,21,437.0,6.828125,5.003612185864059,11,265.0,0.21981510311478875,10,378.0,0.4014289234588608,21,643.0
1830.0,19,264.0,4.125,4.881466055191346,9,208.0,0.1937266903251932,10,301.0,0.3458937710408193,19,509.0
1835.0,23,280.0,4.242424242424242,5.368434389828922,8,208.0,0.32407428382072556,15,293.0,0.2545691365857133,23,501.0
1840.0,32,378.0,5.7272727272727275,4.400703118920047,13,243.0,0.30195454314302317,19,340.0,0.15171186994615773,32,583.0
1845.0,27,466.0,7.28125,5.166744766141363,15,316.0,0.3426564857627372,12,356.0,0.2442772962377045,27,672.0
1850.0,27,403.0,6.296875,4.387725900535538,15,330.0,0.26868150634283583,12,309.0,0.25561819814637293,27,639.0
1855.0,22,367.0,5.318840579710145,5.464318914099489,9,306.0,0.4114962107668005,13,249.0,0.2139716933624343,22,555.0
1860.0,26,303.0,4.522388059701493,5.050073994173686,9,257.0,0.38075248592603667,17,263.0,0.16048210087270273,26,520.0
1865.0,27,372.0,5.391304347826087,5.778381350874456,11,249.0,0.3347635535777382,16,313.0,0.3380698275604635,27,562.0
1870.0,23,394.0,6.061538461538461,4.442816168044407,10,265.0,0.22813756119931697,13,339.0,0.3172851505809838,23,604.0
1875.0,27,372.0,5.8125,4.347781658059471,16,283.0,0.14026204088996308,11,324.0,0.28422028836411806,27,607.0
1880.0,29,437.0,6.936507936507937,3.7026415349279014,15,336.0,0.10489536181021097,14,348.0,0.19812437389967816,29,684.0
1885.0,34,528.0,8.123076923076923,4.516444817691866,15,371.0,0.20715749375957612,19,410.0,0.24744278169930561,34,781.0
1890.0,34,517.0,8.338709677419354,3.5224822835499072,14,318.0,0.2330356323398286,20,451.0,0.24432807354085398,34,769.0
1895.0,26,493.0,7.951612903225806,4.848718395110801,11,251.0,0.2779988601445152,15,434.0,0.2979792224642765,26,685.0
1900.0,24,466.0,7.28125,4.756919874672512,11,259.0,0.21874071064130832,13,417.0,0.32192854558477596,24,676.0
1905.0,27,480.0,6.857142857142857,5.046769645328862,8,217.0,0.31171408449216914,19,430.0,0.2458329347325509,27,647.0
1910.0,30,372.0,5.552238805970149,4.347230481123525,9,225.0,0.334765851084203,21,367.0,0.17637162513811247,30,592.0
1915.0,32,450.0,6.428571428571429,5.189760175317032,11,246.0,0.38767337835295607,21,363.0,0.2373618776337836,32,609.0
1920.0,33,505.0,7.112676056338028,4.681492970028119,11,261.0,0.34045477944298225,22,429.0,0.271052601948425,33,690.0
1925.0,25,463.0,6.7101449275362315,5.691048556579719,9,267.0,0.4662966043726166,16,426.0,0.2623415954771988,25,693.0
1930.0,23,377.0,5.712121212121212,4.882289653429339,6,213.0,0.4165265304945893,17,424.0,0.1653745768746939,23,637.0
1935.0,28,427.0,6.279411764705882,5.0262655279763475,8,217.0,0.3046447113189804,20,410.0,0.20556191547011435,28,627.0
1940.0,32,375.0,5.681818181818182,4.489001692515819,10,129.0,0.26317622061035634,22,469.0,0.24700046132506207,32,598.0
1945.0,25,433.0,6.661538461538462,4.906215717601136,9,129.0,0.3573768470711233,16,463.0,0.2383965406219706,25,592.0
1950.0,25,411.0,6.134328358208955,4.992375117629022,7,139.0,0.32336879351334624,18,477.0,0.23918361442140837,25,616.0
1955.0,23,338.0,5.044776119402985,5.790641361549709,2,102.0,0.513346321280635,21,491.0,0.21865052532411547,23,593.0
1960.0,22,285.0,4.318181818181818,5.331982069034055,4,82.0,0.525684430487692,18,486.0,0.16050942223379347,22,568.0
1965.0,25,244.0,3.873015873015873,5.503681086079784,5,69.0,0.5227211848235421,20,428.0,0.13932209379960767,25,497.0
1970.0,24,354.0,6.0,6.02034845739481,4,73.0,0.6622428058530158,20,473.0,0.1568120166317736,24,546.0
1975.0,23,331.0,5.610169491525424,5.403025077357533,4,55.0,0.6315093187838906,19,488.0,0.18228823529201288,23,543.0
1980.0,20,264.0,4.47457627118644,5.299794218161364,7,68.0,0.34177124756591026,13,451.0,0.2677804986150363,20,519.0
1985.0,20,270.0,4.5,5.285791787577284,9,66.0,0.2581962026275053,11,427.0,0.3153062509924584,20,493.0
1990.0,20,292.0,4.786885245901639,5.257517293247133,4,70.0,0.2976807108505689,16,413.0,0.17984343816375448,20,483.0
1995.0,26,347.0,6.196428571428571,5.074661089637282,6,78.0,0.4748829070164215,20,469.0,0.08847762816987118,26,547.0
2000.0,26,408.0,7.0344827586206895,5.29652836846097,6,65.0,0.4749424463176461,20,532.0,0.1193462513761589,26,597.0
2005.0,23,447.0,7.576271186440678,5.471705839202697,6,63.0,0.4717846810678013,17,552.0,0.2234611853086298,23,615.0
2010.0,16,375.0,6.048387096774194,5.984160660143444,7,79.0,0.4123636676256472,9,492.0,0.3749955808514801,16,571.0
2015.0,11,214.0,3.566666666666667,6.181917842012285,5,77.0,0.4499619852068844,6,366.0,0.31270476719229084,11,443.0
2020.0,13,156.0,2.6440677966101696,6.596573950215832,5,87.0,0.40964218134189,8,256.0,0.28395123827410296,13,343.0
2025.0,19,170.0,2.8813559322033897,5.155359472921624,6,75.0,0.2638621050322336,13,268.0,0.14928536708262302,19,343.0
2030.0,17,210.0,3.6842105263157894,6.213634787787533,9,111.0,0.342821240920776,8,239.0,0.26663146131619936,17,350.0
2035.0,13,228.0,4.470588235294118,6.09054920941565,7,133.0,0.35962835992155007,6,185.0,0.417051680052421,13,318.0
2040.0,15,287.0,5.627450980392157,6.442794549006372,6,136.0,0.36778635465930376,9,218.0,0.3949629401869602,15,354.0
2045.0,17,275.0,5.612244897959184,5.535682638849937,7,102.0,0.3356398013938481,10,245.0,0.31054800388980314,17,347.0
2050.0,17,322.0,6.571428571428571,6.506567475646783,9,139.0,0.4126744836357506,8,242.0,0.3545938626657755,17,381.0
2055.0,16,345.0,7.340425531914893,6.144333410388801,8,149.0,0.27979592394436115,8,268.0,0.4033396483644977,16,417.0
2060.0,19,420.0,8.936170212765957,6.29923266754834,7,158.0,0.39449116604611567,12,315.0,0.3372844417147651,19,473.0
2065.0,17,265.0,6.0227272727272725,4.949583558393105,8,97.0,0.3445613411908145,9,278.0,0.307798340447859,17,375.0
2070.0,21,364.0,7.913043478260869,5.651921393065354,8,120.0,0.48930180237555143,13,301.0,0.24728337903429545,21,421.0
2075.0,20,315.0,7.159090909090909,4.518350071858693,7,104.0,0.4375319559275327,13,328.0,0.16658450247094048,20,432.0
2080.0,9,262.0,5.574468085106383,6.983091998706032,4,56.0,0.48806136902709224,5,302.0,0.3141778500681372,9,358.0
2085.0,11,78.0,1.5918367346938775,5.571224407163174,5,38.0,0.23036687979539988,6,216.0,0.2559983604092398,11,254.0
2090.0,20,125.0,2.358490566037736,6.550731347860272,10,71.0,0.3214029467595264,10,136.0,0.23990923657506102,20,207.0
2095.0,16,155.0,3.297872340425532,5.936552305946764,6,88.0,0.41810414009261704,10,152.0,0.27922657364488274,16,240.0
2100.0,9,141.0,2.877551020408163,7.769390767427342,4,67.0,0.5462275442118129,5,124.0,0.3665815735945889,9,191.0
2105.0,9,77.0,1.6041666666666667,6.777801131378657,4,43.0,0.4152704492178094,5,107.0,0.2092524729816053,9,150.0
2110.0,20,155.0,3.2291666666666665,7.158755846983915,9,77.0,0.3740578218103094,11,131.0,0.25010699497980726,20,208.0
2115.0,15,190.0,4.4186046511627906,6.05314955867515,7,92.0,0.30844498671955306,8,167.0,0.35524037022886135,15,259.0
2120.0,14,229.0,5.585365853658536,6.849459938915953,6,91.0,0.36839764613009973,8,186.0,0.3846137361556243,14,277.0
2125.0,13,272.0,7.555555555555555,6.604689388909349,4,88.0,0.4957234909728217,9,230.0,0.3045342744777665,13,318.0
2130.0,15,271.0,6.3023255813953485,6.097435304617636,7,114.0,0.4672569467502202,8,208.0,0.25598517599468357,15,322.0
2135.0,13,257.0,6.589743589743589,6.5795564569977865,4,114.0,0.46038299432466845,9,179.0,0.3393235227444579,13,293.0
2140.0,15,213.0,5.461538461538462,5.853167769052603,8,137.0,0.25748452962931256,7,139.0,0.4025504920012291,15,276.0
2145.0,15,150.0,3.75,5.478592086425806,10,131.0,0.16769581165718253,5,109.0,0.38285691580379655,15,240.0
2150.0,16,172.0,4.3,5.378906111874643,9,126.0,0.26688233047097215,7,113.0,0.35276720527715044,16,239.0
2155.0,16,172.0,4.195121951219512,5.345290998040022,7,127.0,0.3903699702569301,9,138.0,0.3336670572524441,16,265.0
2160.0,12,147.0,3.340909090909091,6.927905735960772,5,80.0,0.5169595961064961,7,134.0,0.420523514908937,12,214.0
2165.0,12,128.0,2.6122448979591835,7.4064913873733556,4,62.0,0.4955722553033525,8,142.0,0.41799722570782727,12,204.0
2170.0,15,113.0,2.173076923076923,7.821177336956511,7,49.0,0.4245037638593674,8,122.0,0.5220572682664983,15,171.0
2175.0,9,124.0,2.3846153846153846,7.805227149236452,4,57.0,0.37474274979883954,5,110.0,0.5637669126306549,9,167.0
2180.0,14,146.0,2.8627450980392157,6.592146825567366,6,57.0,0.21966700781121248,8,132.0,0.413035227554003,14,189.0
2185.0,21,222.0,4.44,5.156174249331224,7,76.0,0.3167571230845181,14,176.0,0.22760400104872072,21,252.0
2190.0,23,280.0,5.490196078431373,5.094775402393265,7,108.0,0.4803614156070202,16,225.0,0.15711041429720318,23,333.0
2195.0,23,322.0,6.44,5.233235065472234,6,101.0,0.5633209678573082,17,270.0,0.1613020931801636,23,371.0
2200.0,19,274.0,5.269230769230769,5.42042110927989,4,92.0,0.44674375831476215,15,271.0,0.28189667414776187,19,363.0
2205.0,20,251.0,4.735849056603773,5.646205453711442,6,88.0,0.42141434474777206,14,268.0,0.31401397249289625,20,356.0
2210.0,24,299.0,5.537037037037037,4.314033289541537,11,96.0,0.32587966817019715,13,305.0,0.258981252064453,24,401.0
2215.0,28,373.0,6.907407407407407,3.9422327306861926,13,142.0,0.32522147887576636,15,339.0,0.20505521321349593,28,481.0
2220.0,25,335.0,6.090909090909091,3.639555215638763,11,179.0,0.2922746560952914,14,339.0,0.17884073081669302,25,518.0
2225.0,23,254.0,4.618181818181818,4.361938450422373,12,184.0,0.2523096588534356,11,262.0,0.23057718929365156,23,446.0
2230.0,18,209.0,3.6666666666666665,4.272300309756458,7,163.0,0.21456688906359575,11,265.0,0.1564184117699809,18,428.0
2235.0,24,293.0,4.725806451612903,5.085341220697675,8,186.0,0.2450296389430279,16,286.0,0.25560960538149446,24,472.0
2240.0,27,374.0,6.032258064516129,5.833722898852753,14,209.0,0.29092623362220654,13,307.0,0.3873193276365465,27,516.0
2245.0,21,392.0,6.222222222222222,5.857531071780976,13,242.0,0.2436533040411802,8,294.0,0.422267034605221,21,536.0
2250.0,21,425.0,6.967213114754099,5.882386814850117,12,279.0,0.2029546342233462,9,284.0,0.46291843343871764,21,563.0
2255.0,24,422.0,6.698412698412699,5.516272805949066,14,289.0,0.26001906749658016,10,264.0,0.38530079587656446,24,553.0
2260.0,21,246.0,4.1,5.118295094674514,7,235.0,0.4503904959423198,14,204.0,0.14870330264548925,21,439.0
2265.0,22,283.0,4.879310344827586,4.662880140217532,6,232.0,0.36154766928300835,16,174.0,0.12319781430123214,22,406.0
2270.0,28,356.0,5.836065573770492,4.135658346513595,13,280.0,0.2917145913781765,15,209.0,0.1280225966854119,28,489.0
2275.0,22,352.0,5.67741935483871,5.165415598874231,12,311.0,0.2430690487624623,10,208.0,0.3689072340004099,22,519.0
2280.0,19,397.0,6.203125,5.905036787687176,10,296.0,0.32845048585139314,9,234.0,0.3326987189633796,19,530.0
2285.0,22,318.0,4.818181818181818,5.789424850803261,9,193.0,0.33453877915458924,13,266.0,0.27525786946759356,22,459.0
2290.0,32,430.0,6.71875,5.407040639509338,17,243.0,0.22605776129825875,15,299.0,0.2630354741719744,32,542.0
2295.0,23,480.0,7.741935483870968,5.8588025390563745,13,289.0,0.258766733790027,10,269.0,0.3961742297771824,23,558.0
2300.0,22,480.0,8.135593220338983,5.615907106489203,10,296.0,0.16659450616126978,12,264.0,0.2790944666022595,22,560.0
2305.0,21,429.0,7.271186440677966,5.646505543317348,10,294.0,0.2301203239644001,11,246.0,0.30597607802172205,21,540.0
2310.0,24,421.0,7.135593220338983,5.337311576276414,11,285.0,0.358610504294123,13,251.0,0.2129535337489768,24,536.0
2315.0,24,301.0,5.101694915254237,6.096239414567461,9,221.0,0.5153669323068285,15,216.0,0.25663773685856267,24,437.0
2320.0,24,276.0,4.380952380952381,5.89083376264788,10,151.0,0.4760888062993142,14,237.0,0.26467312696920864,24,388.0
2325.0,27,310.0,4.920634920634921,5.283011252006603,13,159.0,0.35637533250297593,14,245.0,0.3397078496443163,27,404.0
2330.0,25,283.0,4.287878787878788,5.032680182650332,12,162.0,0.3464616410717664,13,258.0,0.26325914654599836,25,420.0
2335.0,20,220.0,3.3333333333333335,4.963764636230979,14,163.0,0.20372642995440668,6,218.0,0.3096740707450294,20,381.0
2340.0,27,272.0,3.9420289855072466,4.619917421953031,20,228.0,0.06587166928996019,7,210.0,0.3755485222326591,27,438.0
2345.0,31,278.0,4.149253731343284,4.872712320926951,20,293.0,0.18275983082765115,11,190.0,0.2906066570248721,31,483.0
2350.0,26,310.0,4.626865671641791,5.712124670120454,14,294.0,0.35332104566318623,12,203.0,0.22515192626933392,26,497.0
2355.0,22,299.0,4.53030303030303,5.110896228519934,12,297.0,0.27101512297598573,10,193.0,0.23204703770670224,22,490.0
2360.0,19,259.0,4.245901639344262,5.920950319587581,10,260.0,0.30611891554631954,9,183.0,0.28994339583328166,19,443.0
2365.0,19,306.0,5.1,5.693995451505352,7,214.0,0.35764406848855484,12,213.0,0.241484679632521,19,427.0
2370.0,23,292.0,4.358208955223881,5.772163970570612,11,217.0,0.3460638297417044,12,195.0,0.3240394050494605,23,412.0
2375.0,23,314.0,4.617647058823529,6.543704637745358,11,231.0,0.3941928911197736,12,225.0,0.4796014363439234,23,456.0
2380.0,27,285.0,4.1911764705882355,6.067537168533014,16,206.0,0.37114729072937497,11,204.0,0.44520530700730293,27,410.0
2385.0,32,360.0,5.454545454545454,4.0284292938049475,19,247.0,0.16566488946657382,13,229.0,0.3109540248839939,32,476.0
2390.0,37,389.0,5.984615384615385,3.115949202713319,20,266.0,0.13451028293875725,17,239.0,0.09850169340921866,37,505.0
2395.0,29,319.0,5.145161290322581,3.771971382441361,17,293.0,0.1382472179600262,12,204.0,0.08006082257445349,29,497.0
2400.0,26,319.0,4.984375,4.392929028826624,16,277.0,0.1492631207090021,10,217.0,0.15239712610892395,26,494.0
2405.0,33,404.0,6.516129032258065,4.608997406315909,19,336.0,0.16973349183126513,14,246.0,0.27806346796968934,33,582.0
2410.0,29,402.0,6.590163934426229,4.86074626041324,17,359.0,0.19595988755298197,12,263.0,0.3705463579389731,29,622.0
2415.0,20,384.0,6.508474576271187,5.248118743657234,13,380.0,0.18797009171128876,7,231.0,0.4196853409929908,20,611.0
2420.0,18,290.0,5.178571428571429,5.00619621373257,10,379.0,0.21463743288490914,8,190.0,0.30803064929240653,18,569.0
2425.0,27,358.0,6.280701754385965,4.684764265628693,12,404.0,0.2785752544525249,15,186.0,0.1809831610728692,27,590.0
2430.0,28,344.0,5.830508474576271,4.551872245662278,13,424.0,0.30599745309883486,15,191.0,0.20270701396181018,28,615.0
2435.0,30,386.0,6.655172413793103,4.694719345290824,16,445.0,0.31919778396755005,14,202.0,0.28204132334038834,30,647.0
2440.0,29,413.0,6.883333333333334,4.8615199703848155,18,433.0,0.3075164614452823,11,220.0,0.3285724040079451,29,653.0
2445.0,25,315.0,4.921875,4.987703635265372,18,423.0,0.24742584050495806,7,176.0,0.34627853079142873,25,599.0
2450.0,28,367.0,5.6461538461538465,4.922160154565474,21,454.0,0.17500442851361506,7,182.0,0.3675718931295759,28,636.0
2455.0,30,369.0,5.507462686567164,4.8289317489686425,19,484.0,0.1706814329810795,11,171.0,0.3354718522609772,30,655.0
2460.0,28,311.0,4.712121212121212,4.735835129586495,14,450.0,0.257496982253938,14,186.0,0.2441777133784018,28,636.0
2465.0,21,340.0,5.230769230769231,5.666443371207017,13,430.0,0.3188107631637111,8,166.0,0.28227047201542926,21,596.0
2470.0,22,401.0,6.265625,5.5719995686292645,13,477.0,0.21599265789391053,9,167.0,0.2902442764530977,22,644.0
2475.0,25,439.0,6.753846153846154,5.839281935216582,18,544.0,0.1967406289974138,7,157.0,0.35964123638967427,25,701.0
2480.0,26,386.0,6.225806451612903,5.6514077902618585,16,513.0,0.21062163069194906,10,163.0,0.3864543479910532,26,676.0
2485.0,26,411.0,7.339285714285714,5.6258048849364926,17,411.0,0.2660260888341354,9,195.0,0.40003268045131546,26,606.0
2490.0,24,425.0,7.083333333333333,5.494516842302482,16,419.0,0.18556446551828,8,202.0,0.421103397521481,24,621.0
2495.0,18,353.0,5.883333333333334,5.721823494397042,11,368.0,0.19874919776341424,7,167.0,0.3589452882196846,18,535.0
2500.0,21,247.0,3.9838709677419355,5.676659527573448,11,325.0,0.24051305300699194,10,182.0,0.36136808826207456,21,507.0
2505.0,28,327.0,5.5423728813559325,5.339127795490983,16,294.0,0.320570783843936,12,213.0,0.2724530000228608,28,507.0
2510.0,23,392.0,6.87719298245614,5.861521146407912,13,302.0,0.32344996731509845,10,216.0,0.31020263814414506,23,518.0
2515.0,15,305.0,5.258620689655173,5.792376829627602,8,273.0,0.26999872106509676,7,137.0,0.22170189097928156,15,410.0
2520.0,21,267.0,4.8545454545454545,6.209170783471406,10,246.0,0.31337449356470637,11,165.0,0.13239811823974168,21,411.0
2525.0,22,283.0,5.4423076923076925,6.361973639592856,12,227.0,0.32529827922985327,10,162.0,0.28723572435754,22,389.0
2530.0,18,210.0,4.038461538461538,6.236046238738249,11,171.0,0.3619400405551867,7,157.0,0.43628973206774213,18,328.0
2535.0,19,254.0,5.183673469387755,6.184606048618017,13,176.0,0.376365773728679,6,151.0,0.46620434227925833,19,327.0
2540.0,16,258.0,4.961538461538462,6.582832670164985,11,192.0,0.28163552907213085,5,139.0,0.5678838819619176,16,331.0
2545.0,12,161.0,3.0961538461538463,6.806268772156599,10,170.0,0.2270093941010269,2,73.0,0.610086214370116,12,243.0
2550.0,15,156.0,2.8363636363636364,6.326862948358099,12,185.0,0.27324863300747926,3,58.0,0.3838292818034707,15,243.0
2555.0,18,136.0,2.6153846153846154,6.374851803114221,11,183.0,0.34923150783523144,7,56.0,0.36958153922183024,18,239.0
2560.0,16,140.0,2.7450980392156863,6.214310434318943,9,188.0,0.36442541923384575,7,61.0,0.46102413543663306,16,249.0
2565.0,19,192.0,3.6923076923076925,6.256103194562384,15,220.0,0.3583957283673553,4,71.0,0.5350700972691722,19,291.0
2570.0,18,195.0,3.75,5.951244403050553,14,256.0,0.26875068995894474,4,68.0,0.5279415613350443,18,324.0
2575.0,19,243.0,4.584905660377358,5.284310565514557,15,299.0,0.14133257624015713,4,61.0,0.5081327155134526,19,360.0
2580.0,25,248.0,4.509090909090909,4.37651581914426,16,302.0,0.13466489897361641,9,90.0,0.35001618403573953,25,392.0
2585.0,21,237.0,4.016949152542373,5.463996701008643,12,264.0,0.312185443436125,9,106.0,0.30569370202431495,21,370.0
2590.0,19,258.0,4.526315789473684,6.041231725891611,11,282.0,0.39362399995701075,8,99.0,0.2468128301787468,19,381.0
2595.0,19,294.0,4.983050847457627,6.4981569634531375,14,331.0,0.34006538022541055,5,92.0,0.28506494035566854,19,423.0
2600.0,24,326.0,5.719298245614035,5.497335109823068,14,343.0,0.23416553442151028,10,111.0,0.24491775202602697,24,454.0
2605.0,24,291.0,5.82,4.52899997910527,16,331.0,0.15056205058217895,8,137.0,0.3886912346044523,24,468.0
2610.0,24,312.0,6.24,4.220238770442168,16,352.0,0.10718413117040862,8,122.0,0.43779544984167335,24,474.0
2615.0,20,322.0,6.0754716981132075,5.313525417336327,13,332.0,0.24422573339128958,7,139.0,0.37313050247675156,20,471.0
2620.0,21,363.0,6.482142857142857,5.572418896810812,11,365.0,0.31441982554391174,10,178.0,0.25922460237037814,21,543.0
2625.0,26,402.0,7.178571428571429,5.326997338541637,16,407.0,0.24776408921690204,10,176.0,0.36327477457203566,26,583.0
2630.0,23,333.0,6.283018867924528,5.3253188587526115,13,384.0,0.26680495683735744,10,187.0,0.40647738412500856,23,571.0
2635.0,23,348.0,6.105263157894737,5.326482938972273,14,340.0,0.1990706293394714,9,195.0,0.40901309732970775,23,535.0
2640.0,22,378.0,6.406779661016949,6.099867954199043,14,345.0,0.1770565757761107,8,191.0,0.48748557265890347,22,536.0
2645.0,20,247.0,4.116666666666666,6.177883143284445,12,293.0,0.23190233844782504,8,156.0,0.46130959716178954,20,449.0
2650.0,20,220.0,3.6666666666666665,5.464596133384794,8,266.0,0.3002014012542895,12,139.0,0.33505570025990516,20,405.0
2655.0,21,217.0,3.6779661016949152,5.448108142409815,7,200.0,0.48309129368332354,14,178.0,0.18546469128740078,21,378.0
2660.0,20,280.0,4.912280701754386,5.622867937983398,8,182.0,0.3669524253871171,12,200.0,0.22980755475333928,20,382.0
2665.0,21,275.0,4.741379310344827,5.4643022292822945,10,177.0,0.33723409001347376,11,199.0,0.2524991576016093,21,376.0
2670.0,20,301.0,5.101694915254237,6.171140032629748,10,194.0,0.3995892074945567,10,189.0,0.33087176243074634,20,383.0
2675.0,21,251.0,4.327586206896552,5.9874922536006725,12,207.0,0.4356934673886141,9,150.0,0.27531427005286374,21,357.0
2680.0,24,205.0,3.360655737704918,5.814612424782938,12,175.0,0.4148768608949881,12,153.0,0.2325971063024638,24,328.0
2685.0,22,256.0,3.9384615384615387,5.906226073495305,11,140.0,0.2971744369925708,11,182.0,0.38590352936009387,22,322.0
2690.0,27,342.0,5.34375,5.776911817947023,14,174.0,0.22369351878927593,13,229.0,0.4402483069084967,27,403.0
2695.0,26,295.0,4.916666666666667,4.710870558517381,14,197.0,0.19537559757567405,12,229.0,0.3398430045650856,26,426.0
2700.0,24,311.0,5.016129032258065,4.52588162319943,14,239.0,0.21417238565827515,10,193.0,0.23968228867171948,24,432.0
2705.0,22,248.0,4.065573770491803,5.333149960041422,11,239.0,0.3299873225255011,11,155.0,0.2644870644620483,22,394.0
2710.0,25,278.0,4.34375,5.354352855134993,10,246.0,0.3379280498358094,15,176.0,0.28794494883314986,25,422.0
2715.0,27,301.0,4.703125,5.380836712547943,13,260.0,0.32766996470281384,14,200.0,0.3400541076271885,27,460.0
2720.0,26,380.0,5.9375,5.512225323915985,12,281.0,0.32453594786051443,14,224.0,0.369557731753447,26,505.0
2725.0,28,420.0,6.774193548387097,5.2165772856173875,14,279.0,0.28261694523473735,14,253.0,0.3270852070294345,28,532.0
2730.0,25,383.0,6.079365079365079,3.8141524584204274,13,294.0,0.1076347732851087,12,235.0,0.2295972870846264,25,529.0
2735.0,21,338.0,5.451612903225806,4.682954494634569,11,283.0,0.14669989500438763,10,209.0,0.2482940401142057,21,492.0
2740.0,21,232.0,4.0,5.4816727682638335,8,226.0,0.33647069987221334,13,195.0,0.23307671635993418,21,421.0
2745.0,25,311.0,5.271186440677966,5.887808604365991,11,160.0,0.4307847100281894,14,240.0,0.24264280260452595,25,400.0
2750.0,20,352.0,6.068965517241379,5.6516184670759975,10,186.0,0.3742727610413036,10,247.0,0.31765341921688717,20,433.0
2755.0,22,361.0,5.918032786885246,5.5931825992665445,13,202.0,0.26934421511612916,9,241.0,0.41344722322279404,22,443.0
2760.0,22,376.0,5.7846153846153845,5.066697810542926,12,227.0,0.2596930848899576,10,232.0,0.34126405718957536,22,459.0
2765.0,22,300.0,4.477611940298507,5.451037656338815,9,205.0,0.3972215715127544,13,198.0,0.30306151458352054,22,403.0
2770.0,25,230.0,3.3333333333333335,5.320955516963751,7,151.0,0.45993614905620644,18,199.0,0.2295721619687301,25,350.0
2775.0,31,305.0,4.178082191780822,5.6114011588304304,14,146.0,0.41660467125905615,17,252.0,0.30191487619565416,31,398.0
2780.0,26,308.0,4.338028169014085,4.932062380524301,15,200.0,0.27463430335668393,11,250.0,0.32529942536023776,26,450.0
2785.0,33,359.0,4.986111111111111,4.526303271561063,20,248.0,0.17620236035706266,13,272.0,0.2999901960433283,33,520.0
2790.0,39,475.0,6.25,3.917543860216707,19,306.0,0.13871686382953252,20,344.0,0.2418199378556489,39,650.0
2795.0,35,397.0,5.1558441558441555,4.1033048972395205,14,304.0,0.2918645065918911,21,362.0,0.16466654698865046,35,666.0
2800.0,35,385.0,4.8125,4.713148603534918,13,294.0,0.2869226976047205,22,383.0,0.19911009353091605,35,677.0
2805.0,33,408.0,4.744186046511628,5.15245538533033,12,297.0,0.3471944153072797,21,436.0,0.20529742403059892,33,733.0
2810.0,30,342.0,4.120481927710843,5.349421271391009,16,325.0,0.26215944538026825,14,402.0,0.3169875791175819,30,727.0
2815.0,33,410.0,4.9397590361445785,5.418151656316898,22,386.0,0.28083049678875444,11,365.0,0.298481137284348,33,751.0
2820.0,36,383.0,4.614457831325301,4.5841450601164455,23,432.0,0.15834927120675873,13,319.0,0.30510043399652326,36,751.0
2825.0,34,359.0,4.544303797468355,3.982899286384749,18,405.0,0.16924951754668893,16,316.0,0.17583374377715238,34,721.0
2830.0,34,414.0,5.3076923076923075,3.3574507067578483,16,421.0,0.1959925327259219,18,361.0,0.1480198212155184,34,782.0
2835.0,29,450.0,5.921052631578948,4.382135459193352,15,408.0,0.18578568107382712,14,362.0,0.2680645905768068,29,770.0
2840.0,35,561.0,7.381578947368421,4.344447119979744,21,447.0,0.14896551454018997,14,396.0,0.3094033781517049,35,843.0
2845.0,31,646.0,8.5,4.533714331140985,15,438.0,0.24853236130901488,16,449.0,0.18837014945679809,31,887.0
2850.0,32,476.0,6.8,4.093052715193534,14,369.0,0.2727335608627104,18,425.0,0.14641866272774473,32,794.0
2855.0,39,542.0,7.742857142857143,4.467511745650986,18,348.0,0.21116633950280578,21,375.0,0.22456565854789787,39,723.0
2860.0,38,598.0,8.666666666666666,3.799662619597832,17,370.0,0.22005371576676355,21,418.0,0.28346139383333996,38,788.0
2865.0,27,569.0,8.128571428571428,5.269961849875387,14,371.0,0.2131804344952464,13,417.0,0.3732638087357092,27,788.0
2870.0,31,532.0,7.0,4.455582679674348,17,340.0,0.18314487317658806,14,456.0,0.24819049077191327,31,796.0
2875.0,33,532.0,6.567901234567901,4.686999131907397,16,331.0,0.279930836441902,17,493.0,0.2166613991271649,33,824.0
2880.0,36,367.0,4.6455696202531644,4.259650037066499,14,336.0,0.3834727809154416,22,450.0,0.18451116832729178,36,786.0
2885.0,35,331.0,4.472972972972973,4.201303486622779,9,265.0,0.3426181004810936,26,454.0,0.17852398524806262,35,719.0
2890.0,37,401.0,5.418918918918919,3.319914411679987,9,259.0,0.28405897459171087,28,518.0,0.09485575743809761,37,777.0
2895.0,36,385.0,5.133333333333334,3.634037717329138,13,277.0,0.19111002802811944,23,509.0,0.14160516167674703,36,786.0
2900.0,31,419.0,5.662162162162162,4.394087284421259,15,294.0,0.1768899545293014,16,513.0,0.24911611951713217,31,807.0
2905.0,24,379.0,5.191780821917808,5.122161059532586,11,280.0,0.28834311622505926,13,460.0,0.1837086722335203,24,740.0
2910.0,24,385.0,5.746268656716418,6.030436369322052,10,268.0,0.37921696454688436,14,418.0,0.19220860114229527,24,686.0
2915.0,28,407.0,6.564516129032258,5.247587711586342,14,264.0,0.29755640915868276,14,425.0,0.18007563920605557,28,689.0
2920.0,30,407.0,7.017241379310345,3.934734049643679,18,321.0,0.22146529905765014,12,387.0,0.23393265468607313,30,708.0
2925.0,26,445.0,7.807017543859649,3.77734208116129,15,355.0,0.21933452704763745,11,411.0,0.3079964411908754,26,766.0
2930.0,22,423.0,7.6909090909090905,4.155761272222901,15,384.0,0.14638613706662604,7,375.0,0.3984205807737983,22,759.0
2935.0,19,362.0,6.135593220338983,4.543556579177573,12,369.0,0.12050111637308292,7,352.0,0.3206958696639262,19,721.0
2940.0,22,223.0,3.7796610169491527,4.6618521645165325,11,295.0,0.13216923748496273,11,305.0,0.31100408534179386,22,600.0
2945.0,28,294.0,5.157894736842105,4.323797533665594,14,267.0,0.17806536246794782,14,322.0,0.22478556079282333,28,589.0
2950.0,21,323.0,5.981481481481482,4.577947482598852,11,286.0,0.24929480691947462,10,279.0,0.25150036223164984,21,565.0
2955.0,16,310.0,5.43859649122807,5.550764815570113,8,271.0,0.3846676863506343,8,238.0,0.20379680723172616,16,509.0
2960.0,21,310.0,5.535714285714286,5.647912230430289,7,268.0,0.31103991517722784,14,193.0,0.20782733281527627,21,461.0
2965.0,22,361.0,6.5636363636363635,5.417730811618543,9,233.0,0.33909730359269113,13,239.0,0.27860217003138926,22,472.0
2970.0,17,306.0,5.464285714285714,6.667722504556421,9,206.0,0.4135328551136777,8,228.0,0.42262990709239245,17,434.0
2975.0,18,246.0,4.392857142857143,6.027099722780205,8,148.0,0.38830555238470743,10,248.0,0.3546616578949399,18,396.0
2980.0,23,242.0,4.101694915254237,5.255376455679763,9,153.0,0.3366964720753074,14,259.0,0.3303666920179619,23,412.0
2985.0,20,199.0,3.2096774193548385,5.563453695284688,6,134.0,0.48147441384425893,14,232.0,0.26717216801342986,20,366.0
2990.0,26,262.0,4.366666666666666,5.391863063695826,6,125.0,0.466390889099592,20,287.0,0.2054655556383284,26,412.0
2995.0,30,318.0,5.0476190476190474,4.723501834693527,10,142.0,0.37778149377170445,20,326.0,0.15051533362216082,30,468.0
3000.0,24,305.0,5.083333333333333,4.915248682576546,10,172.0,0.28424858108578455,14,314.0,0.2514639852861334,24,486.0
3005.0,20,344.0,5.548387096774194,5.591966859115679,6,183.0,0.3295632803163838,14,342.0,0.28286069648996626,20,525.0
3010.0,22,346.0,5.864406779661017,4.94662735088102,6,136.0,0.313479794317555,16,379.0,0.2164242634939694,22,515.0
3015.0,27,441.0,7.603448275862069,5.025875588441803,11,174.0,0.2685514934115724,16,416.0,0.24700920535332496,27,590.0
3020.0,22,482.0,8.033333333333333,5.345138710672631,8,196.0,0.221449105400307,14,403.0,0.3074211315636645,22,599.0
3025.0,23,452.0,7.9298245614035086,5.549446053420794,7,180.0,0.2265018445018639,16,410.0,0.2757320689319461,23,590.0
3030.0,21,283.0,5.053571428571429,5.425631243435262,3,96.0,0.3884737369462709,18,396.0,0.1827294640906874,21,492.0
3035.0,25,251.0,4.5636363636363635,5.593164730133085,4,60.0,0.6333463802720691,21,425.0,0.13382953803279252,25,485.0
3040.0,22,336.0,6.222222222222222,5.615705227151498,2,68.0,0.5971198007750028,20,447.0,0.23728119473717027,22,515.0
3045.0,20,369.0,6.833333333333333,5.782733011852778,3,73.0,0.578509263580562,17,481.0,0.22128707987119683,20,554.0
3050.0,15,278.0,4.964285714285714,7.206783837876304,2,23.0,0.7071692533731087,13,466.0,0.26884795520078486,15,489.0
3055.0,15,258.0,4.867924528301887,6.417492128178832,2,18.0,0.5820955852221408,13,460.0,0.1943249081124,15,478.0
3060.0,16,140.0,2.7450980392156863,6.621048666310603,1,10.0,0.7210912066698221,15,432.0,0.19587140083306367,16,442.0
3065.0,14,179.0,3.6530612244897958,5.559671717479451,1,12.0,0.666597678574135,13,449.0,0.13204677849634283,14,461.0
3070.0,12,201.0,4.369565217391305,6.171639069707305,2,21.0,0.5841088410209271,10,430.0,0.2552439820503209,12,451.0
3075.0,12,168.0,3.4285714285714284,6.802728719808622,2,20.0,0.5434599617407553,10,438.0,0.38093531520419754,12,458.0
3080.0,20,247.0,5.040816326530612,6.608567520253393,5,38.0,0.4982880239473556,15,461.0,0.38016816618589794,20,499.0
3085.0,18,269.0,5.489795918367347,5.148761155696304,2,26.0,0.5592009034906792,16,502.0,0.24444753954086879,18,528.0
3090.0,16,327.0,6.8125,6.34707654914443,3,36.0,0.5757574215255001,13,528.0,0.2806935528793249,16,564.0
3095.0,18,330.0,6.73469387755102,5.06280778607485,4,26.0,0.24857728786138925,14,533.0,0.2632465256505402,18,559.0
3100.0,23,358.0,7.3061224489795915,4.977075829256085,6,54.0,0.33331871386278733,17,487.0,0.200026422842708,23,541.0
3105.0,20,396.0,9.209302325581396,3.5796923892966555,3,60.0,0.4177880992458891,17,538.0,0.1480207882142778,20,598.0
3110.0,23,488.0,10.608695652173912,5.283338585207808,5,77.0,0.5599223239992084,18,597.0,0.14426295661181748,23,674.0
3115.0,20,479.0,10.191489361702128,5.2942912307570795,3,75.0,0.595399487404747,17,637.0,0.12744645944960517,20,712.0
3120.0,17,504.0,10.72340425531915,6.784808990205323,4,69.0,0.53938754032653,13,630.0,0.31812467460232235,17,699.0
3125.0,15,339.0,7.212765957446808,5.915721069954768,3,45.0,0.3807573776768212,12,539.0,0.3130282342311387,15,584.0
3130.0,18,214.0,4.36734693877551,5.97984044899627,8,69.0,0.20230887315447754,10,390.0,0.4027686439448595,18,459.0
3135.0,20,209.0,4.354166666666667,5.193336231672668,6,80.0,0.372793302882013,14,368.0,0.3338577001666059,20,448.0
3140.0,17,171.0,3.5625,5.6162145458666215,4,71.0,0.5308699069054006,13,351.0,0.2864674471869506,17,422.0
3145.0,17,198.0,3.8823529411764706,5.759095326454202,4,80.0,0.6466417090419698,13,376.0,0.22874065271959207,17,456.0
3150.0,21,255.0,4.811320754716981,6.03847889552943,4,96.0,0.5754097053937733,17,414.0,0.22699309501009543,21,510.0
3155.0,26,333.0,5.741379310344827,5.037411543328426,7,122.0,0.4038616320308662,19,439.0,0.15624946288224445,26,561.0
3160.0,24,350.0,6.25,5.16649859744596,6,105.0,0.38760972413531236,18,407.0,0.22320105111909896,24,512.0
3165.0,27,428.0,7.781818181818182,4.55205336221688,11,147.0,0.3970554748618301,16,433.0,0.16729287462092726,27,580.0
3170.0,26,452.0,7.793103448275862,4.199291606132997,9,167.0,0.3438550112965056,17,443.0,0.17744561607016784,26,610.0
3175.0,23,456.0,7.728813559322034,4.827352134811422,7,159.0,0.4438740051990535,16,477.0,0.1526873212706362,23,636.0
3180.0,25,430.0,7.049180327868853,5.06562028298809,8,103.0,0.4194275584551882,17,491.0,0.14669603556371133,25,594.0
3185.0,30,537.0,8.261538461538462,5.07933644898494,12,138.0,0.3860016344429801,18,548.0,0.2536602899489018,30,686.0
3190.0,28,565.0,8.56060606060606,4.981061909477488,13,173.0,0.3045794583852622,15,582.0,0.3519271435596279,28,755.0
3195.0,29,462.0,7.333333333333333,4.000939081406501,17,218.0,0.20267282670680717,12,496.0,0.3250348030300912,29,714.0
3200.0,29,332.0,5.354838709677419,3.7938007813098733,17,250.0,0.1265730818133356,12,331.0,0.27882429863860236,29,581.0
3205.0,23,332.0,5.26984126984127,4.666170182820784,10,247.0,0.2083290893046166,13,351.0,0.24106833310661463,23,598.0
3210.0,20,265.0,3.8405797101449277,5.524243251395261,7,222.0,0.29889444533342163,13,387.0,0.2261279764612411,20,609.0
3215.0,23,330.0,4.647887323943662,5.740265133763135,11,188.0,0.3012722843087324,12,381.0,0.2893406666103116,23,569.0
3220.0,24,378.0,5.641791044776119,6.134710942648064,13,210.0,0.37353234520205353,11,381.0,0.34788229006578947,24,591.0
3225.0,19,316.0,4.9375,5.808788937838965,6,171.0,0.4144013304314666,13,365.0,0.2333428124294257,19,536.0
3230.0,21,203.0,3.0757575757575757,5.110826355678507,7,167.0,0.3751063507803583,14,306.0,0.14479289437685613,21,473.0
3235.0,28,290.0,4.393939393939394,5.117828654018163,14,218.0,0.2783338798521232,14,346.0,0.2829185692838305,28,564.0
3240.0,32,363.0,5.761904761904762,4.310786941543411,17,258.0,0.20646951812840228,15,394.0,0.33593601845007054,32,652.0
3245.0,26,389.0,5.720588235294118,4.11298206893439,12,251.0,0.267826198643955,14,421.0,0.2010298030013576,26,672.0
3250.0,25,381.0,5.7727272727272725,5.375181752025811,10,232.0,0.3588787084114148,15,427.0,0.2266253562987316,25,659.0
3255.0,26,400.0,5.970149253731344,4.907434403801674,11,243.0,0.24822480027464888,15,466.0,0.23505615492806028,26,709.0
3260.0,34,480.0,7.5,3.782346529350643,16,283.0,0.12867071722109547,18,499.0,0.2435999162496726,34,782.0
3265.0,36,603.0,9.571428571428571,3.4259090612686602,19,325.0,0.21283877484741717,17,560.0,0.19043448484180173,36,885.0
3270.0,36,704.0,11.35483870967742,3.8745339053733225,18,367.0,0.2287635104877146,18,603.0,0.25700226833489265,36,970.0
3275.0,30,587.0,9.46774193548387,4.354500100950916,14,361.0,0.24905412601152638,16,545.0,0.2034201194032236,30,906.0
3280.0,27,585.0,9.435483870967742,5.244643183277102,11,328.0,0.36423391724339665,16,549.0,0.18598227809130297,27,877.0
3285.0,30,562.0,8.78125,5.4828702460303465,14,308.0,0.39597553949420367,16,503.0,0.24797563886097834,30,811.0
3290.0,26,409.0,6.596774193548387,5.161795161498126,13,320.0,0.33061403685558904,13,412.0,0.33342644736709875,26,732.0
3295.0,26,304.0,4.983606557377049,4.808414308942994,15,295.0,0.311213125274543,11,369.0,0.3215099641995636,26,664.0
3300.0,31,315.0,4.921875,3.220774219002196,16,353.0,0.238672922301391,15,384.0,0.18538956804474854,31,737.0
3305.0,29,360.0,5.538461538461538,3.5557858112532195,19,405.0,0.13113750367264507,10,376.0,0.2756818482118178,29,781.0
3310.0,33,407.0,6.074626865671642,3.603453983885732,22,457.0,0.08013140341216515,11,345.0,0.30893654529802905,33,802.0
3315.0,36,543.0,7.757142857142857,4.538464425760987,21,494.0,0.1582387602121454,15,390.0,0.3125941953645645,36,884.0
3320.0,37,555.0,7.602739726027397,3.8515982713545855,19,507.0,0.12198196806615923,18,442.0,0.2791225666692178,37,949.0
3325.0,26,390.0,5.6521739130434785,4.504315459185977,13,425.0,0.151874828895917,13,465.0,0.3015296548461348,26,890.0
3330.0,23,456.0,6.705882352941177,5.134967770240898,10,361.0,0.29437287466988993,13,527.0,0.27352971358197825,23,888.0
3335.0,29,533.0,7.955223880597015,4.876123243255939,11,324.0,0.3011365062261845,18,593.0,0.18205311732531976,29,917.0
3340.0,33,489.0,7.887096774193548,4.32250357894775,10,303.0,0.3927534973122459,23,602.0,0.13683545249968154,33,905.0
3345.0,32,517.0,8.078125,4.243411249161029,10,264.0,0.32380767749856,22,632.0,0.16061613197089938,32,896.0
3350.0,36,614.0,9.59375,3.885808170642674,16,317.0,0.29950878907950834,20,684.0,0.18155047387232326,36,1001.0
3355.0,27,596.0,9.030303030303031,4.974757115320081,15,370.0,0.33054950037367,12,665.0,0.27972643978629075,27,1035.0
3360.0,29,581.0,8.803030303030303,4.202113459472883,17,428.0,0.2513085818878112,12,618.0,0.22092846937089644,29,1046.0
3365.0,31,420.0,6.363636363636363,3.9553397793239915,18,441.0,0.2346264840486707,13,487.0,0.22928778328175126,31,928.0
3370.0,30,428.0,6.484848484848484,3.9351189589635127,15,421.0,0.27864340569983603,15,532.0,0.20091290711747983,30,953.0
3375.0,34,445.0,6.357142857142857,3.4552383754872595,13,381.0,0.25167122837837963,21,613.0,0.1836275231808706,34,994.0
3380.0,33,363.0,4.972602739726027,3.9568172152282375,11,282.0,0.2589598026171273,22,644.0,0.22079515160715668,33,926.0
3385.0,27,339.0,4.774647887323944,4.806843358957564,10,255.0,0.30632545350843854,17,608.0,0.18551424007113548,27,863.0
3390.0,23,380.0,5.352112676056338,5.393417734708964,11,256.0,0.28018088582920614,12,586.0,0.24820047391531444,23,842.0
3395.0,26,368.0,5.183098591549296,4.587943575611398,13,269.0,0.2227277048462676,13,533.0,0.2601591687598281,26,802.0
3400.0,33,427.0,5.930555555555555,4.173978904434156,16,306.0,0.26647596235403465,17,459.0,0.19212269129089463,33,765.0
3405.0,32,490.0,6.901408450704225,4.2719453512963,13,316.0,0.30243137818154797,19,498.0,0.24450092851725996,32,814.0
3410.0,26,456.0,6.2465753424657535,4.603102209595349,10,272.0,0.3275068483776195,16,497.0,0.18157311917304644,26,769.0
3415.0,23,286.0,3.9178082191780823,4.520148581434704,11,276.0,0.2315830548845314,12,407.0,0.2063503111246833,23,683.0
3420.0,29,348.0,4.578947368421052,5.340497757816003,15,305.0,0.25162655296130276,14,357.0,0.2345520564119029,29,662.0
3425.0,35,444.0,5.92,4.721989207725655,14,325.0,0.31004229864584154,21,380.0,0.2119027633196444,35,705.0
3430.0,36,532.0,7.6,4.545614572510804,13,311.0,0.30328604476490734,23,410.0,0.2242094245413034,36,721.0
3435.0,35,587.0,8.04109589041096,3.5735388134101465,12,321.0,0.23614167038977607,23,505.0,0.13937027377598435,35,826.0
3440.0,39,723.0,9.904109589041095,4.624705779005929,15,324.0,0.31349610199240857,24,606.0,0.2021314519370233,39,930.0
3445.0,39,613.0,8.06578947368421,4.34458311522846,14,272.0,0.2907806228185657,25,644.0,0.2398425305183857,39,916.0
3450.0,31,477.0,6.534246575342466,4.217866957018603,13,228.0,0.19726870296729732,18,600.0,0.2631170818390563,31,828.0
3455.0,30,464.0,6.628571428571429,4.009834453895094,14,249.0,0.10760296578053535,16,525.0,0.2827898616867766,30,774.0
3460.0,26,474.0,6.493150684931507,4.478757477101106,10,224.0,0.22811326411436303,16,550.0,0.17285204604891444,26,774.0
3465.0,30,519.0,7.109589041095891,4.401063382760951,10,257.0,0.2474458985840605,20,583.0,0.13858216368379528,30,840.0
3470.0,35,562.0,7.594594594594595,4.591099922743432,12,264.0,0.2955501529973411,23,650.0,0.19593957032494272,35,914.0
3475.0,35,664.0,9.352112676056338,4.396973896497924,10,290.0,0.32986623975639534,25,692.0,0.2511352350456402,35,982.0
3480.0,35,746.0,10.507042253521126,4.604501977295793,10,283.0,0.43277902165784676,25,727.0,0.19848761934694695,35,1010.0
3485.0,29,613.0,8.283783783783784,4.577947840780691,9,258.0,0.307565136538873,20,677.0,0.1857312936076246,29,935.0
3490.0,28,645.0,8.164556962025317,5.5751419856875275,11,198.0,0.28710998821462225,17,675.0,0.27510872345964077,28,873.0
3495.0,30,713.0,9.25974025974026,5.3806763733884235,12,240.0,0.24165826831166956,18,720.0,0.28775714913885114,30,960.0
3500.0,30,750.0,9.868421052631579,5.006611362047631,7,251.0,0.4104140183067995,23,733.0,0.13808640498376548,30,984.0
3505.0,33,420.0,6.176470588235294,3.987486124890581,6,171.0,0.4694805335899984,27,651.0,0.08652730446575821,33,822.0
3510.0,36,436.0,6.140845070422535,4.803786950446096,10,170.0,0.4431426205452045,26,546.0,0.1893611213821241,36,716.0
3515.0,35,484.0,7.0144927536231885,4.382461696988965,10,161.0,0.4210546654876882,25,600.0,0.1722415921897337,35,761.0
3520.0,32,465.0,6.838235294117647,4.186147949855515,11,192.0,0.26683533690204686,21,593.0,0.18397132598583754,32,785.0
3525.0,32,535.0,7.867647058823529,4.459188695136051,11,217.0,0.19119945900151644,21,581.0,0.22269843868812925,32,798.0
3530.0,24,479.0,6.8428571428571425,5.300155276214561,6,217.0,0.30992657513047167,18,571.0,0.23303680363192136,24,788.0
3535.0,27,390.0,5.735294117647059,4.952993236678733,6,175.0,0.312602526867985,21,556.0,0.20754468316030153,27,731.0
3540.0,30,379.0,5.742424242424242,5.001577312779949,6,111.0,0.40050226276050027,24,595.0,0.2195120289874583,30,706.0
3545.0,34,434.0,6.676923076923077,4.507413583343606,12,126.0,0.30734252786088634,22,610.0,0.23034742840413058,34,736.0
3550.0,29,407.0,6.166666666666667,4.389942071164839,10,152.0,0.39714985752565785,19,595.0,0.2198826902138845,29,747.0
3555.0,29,429.0,6.809523809523809,4.409721036935001,6,150.0,0.43877948095735464,23,546.0,0.1602574542541325,29,696.0
3560.0,28,388.0,6.258064516129032,3.8853592787397573,5,117.0,0.4157165184429302,23,571.0,0.11818712698645861,28,688.0
3565.0,27,299.0,4.746031746031746,4.618395078315431,9,130.0,0.3710244355597209,18,515.0,0.14292865077939335,27,645.0
3570.0,25,345.0,5.75,4.421509463974783,12,162.0,0.1925158435500792,13,482.0,0.22878812414142757,25,644.0
3575.0,21,363.0,6.258620689655173,4.893482253553517,7,163.0,0.2872447390076134,14,482.0,0.16577898593984836,21,645.0
3580.0,25,329.0,5.771929824561403,4.565651391280913,8,125.0,0.3591705442264971,17,522.0,0.12263797085754312,25,647.0
3585.0,31,471.0,8.410714285714286,5.2023602800803115,11,158.0,0.42689069118750983,20,582.0,0.12687043572470474,31,740.0
3590.0,28,454.0,7.694915254237288,4.99362969178171,11,148.0,0.3664070926525635,17,595.0,0.22794082326535747,28,743.0
3595.0,22,436.0,7.785714285714286,5.836852901175106,13,156.0,0.29882634811928305,9,517.0,0.383198140379075,22,673.0
3600.0,23,316.0,5.642857142857143,4.337834129536062,13,181.0,0.11710124899046608,10,428.0,0.3813816526035064,23,609.0
3605.0,22,255.0,4.25,5.571603385066127,8,169.0,0.2962198459030392,14,352.0,0.312157930350808,22,521.0
3610.0,26,307.0,5.032786885245901,4.691808892756618,10,177.0,0.3930711862066642,16,404.0,0.14743607698426303,26,581.0
3615.0,25,404.0,6.516129032258065,5.691911211558142,11,222.0,0.37730108643636545,14,461.0,0.2940479135151171,25,683.0
3620.0,23,334.0,5.475409836065574,5.030938244285973,10,188.0,0.3271989483572934,13,446.0,0.31488198869561584,23,634.0
3625.0,25,350.0,5.737704918032787,4.9304449892470075,14,206.0,0.22346002513766255,11,368.0,0.32919005818190167,25,574.0
3630.0,27,378.0,6.3,4.329355108032664,15,221.0,0.1435585555842404,12,404.0,0.3162151510942853,27,625.0
3635.0,21,378.0,6.517241379310345,5.386959591710772,7,191.0,0.2699223461711696,14,429.0,0.2732523793718778,21,620.0
3640.0,22,344.0,5.931034482758621,4.874999459061348,5,137.0,0.3095023190813797,17,452.0,0.16436655448144802,22,589.0
3645.0,22,410.0,7.735849056603773,5.13754268563332,10,148.0,0.20155251129991206,12,464.0,0.2060335399855604,22,612.0
3650.0,21,414.0,8.117647058823529,4.608074648171834,10,170.0,0.19471735728051554,11,409.0,0.22245998274996753,21,579.0
3655.0,13,398.0,8.122448979591837,7.08500482884442,5,152.0,0.4724616701123046,8,379.0,0.3060281082447335,13,531.0
3660.0,13,197.0,4.5813953488372094,6.344716117258962,5,93.0,0.4231977056717372,8,300.0,0.2630372176758625,13,393.0
3665.0,17,193.0,4.195652173913044,6.711082708566207,8,112.0,0.4651935107101514,9,164.0,0.3060635329074291,17,276.0
3670.0,19,212.0,4.51063829787234,5.866595183613905,10,93.0,0.40069828043472616,9,209.0,0.3914586525894669,19,302.0
3675.0,19,294.0,5.653846153846154,6.941223801527636,10,123.0,0.5070584934736855,9,257.0,0.4257770799379024,19,380.0
3680.0,18,252.0,4.9411764705882355,5.071356598981224,10,124.0,0.2955132138314982,8,260.0,0.4090381755618983,18,384.0
3685.0,14,261.0,4.9245283018867925,6.3214335220957425,7,93.0,0.31821262849746657,7,265.0,0.42428946510389515,14,358.0
3690.0,16,231.0,4.277777777777778,5.330118411749343,8,93.0,0.24950726554778174,8,257.0,0.25183003105856777,16,350.0
3695.0,27,303.0,5.410714285714286,5.602996787155385,15,137.0,0.23684033742150173,12,221.0,0.25428278880417954,27,358.0
3700.0,25,231.0,4.3584905660377355,4.008862816981431,15,170.0,0.164593404247366,10,153.0,0.29964556993241925,25,323.0
3705.0,19,275.0,4.824561403508772,5.6736939827405575,10,188.0,0.34654469583316694,9,125.0,0.29188151853264593,19,313.0
3710.0,15,227.0,3.982456140350877,6.768164094621732,8,171.0,0.45273767364729506,7,126.0,0.40642712716036067,15,297.0
3715.0,19,268.0,4.620689655172414,7.373314073358442,12,201.0,0.40475620974093557,7,110.0,0.5075919481303072,19,311.0
3720.0,20,264.0,5.076923076923077,5.466978120188347,15,250.0,0.11157769492357407,5,80.0,0.5483318112054604,20,330.0
3725.0,25,372.0,7.294117647058823,5.001106419854169,20,346.0,0.19222084508814175,5,75.0,0.3599890947386451,25,421.0
3730.0,24,295.0,5.9,4.603565525762633,16,346.0,0.2488006855925654,8,90.0,0.3154480909844302,24,436.0
3735.0,22,337.0,6.877551020408164,5.514830344963857,15,294.0,0.27904632116499745,7,107.0,0.4602840540638172,22,401.0
3740.0,21,290.0,5.576923076923077,4.773781160576451,16,299.0,0.17939443170136696,5,95.0,0.48447744144983007,21,394.0
3745.0,14,184.0,3.4716981132075473,6.2624097194740544,9,248.0,0.27797255243480035,5,94.0,0.4963463535114395,14,342.0
3750.0,14,149.0,2.9215686274509802,5.7293581416219785,9,247.0,0.2699672351736176,5,83.0,0.37581781440034984,14,330.0
3755.0,22,216.0,4.0,5.99592283670603,14,252.0,0.2749777786185925,8,117.0,0.4118856576086777,22,369.0
3760.0,19,211.0,4.22,6.20842967616762,14,264.0,0.29739603395933506,5,89.0,0.5520785528938666,19,353.0
3765.0,15,241.0,4.82,6.7079238131400185,9,213.0,0.35310915756362204,6,97.0,0.5021612299431157,15,310.0
3770.0,18,210.0,3.888888888888889,5.288900118653751,11,216.0,0.23700298938726186,7,100.0,0.34611413065905355,18,316.0
3775.0,22,211.0,3.8363636363636364,5.772113267389078,13,214.0,0.2128199899240452,9,101.0,0.3480933620848083,22,315.0
3780.0,22,164.0,2.9285714285714284,5.246717516150712,14,218.0,0.20870624492367826,8,83.0,0.3822582618098425,22,301.0
3785.0,22,229.0,3.9482758620689653,6.880202567029257,16,261.0,0.31950133047739887,6,89.0,0.47674140628761813,22,350.0
3790.0,19,220.0,4.0,6.114334365063016,13,276.0,0.28752587197234525,6,98.0,0.4556226608306769,19,374.0
3795.0,16,181.0,3.3518518518518516,6.1645757369654905,9,239.0,0.35331727067456886,7,97.0,0.29628299059246355,16,336.0
3800.0,17,183.0,3.452830188679245,5.70245901406492,9,215.0,0.37227986479171804,8,119.0,0.29890333312174566,17,334.0
3805.0,15,193.0,3.784313725490196,6.693431684627946,10,201.0,0.32120161224188126,5,114.0,0.4705734338739412,15,315.0
3810.0,17,204.0,3.923076923076923,5.498795960830265,11,208.0,0.18578050709596272,6,112.0,0.40904830075612175,17,320.0
3815.0,17,234.0,4.415094339622642,6.218511408649082,8,201.0,0.3294986287476318,9,101.0,0.3205049189195095,17,302.0
3820.0,12,129.0,2.58,5.918784859881341,5,172.0,0.4134688639601139,7,89.0,0.2939155199606859,12,261.0
3825.0,20,215.0,4.215686274509804,6.964982278224444,10,161.0,0.39653031625842483,10,129.0,0.4595976657064961,20,290.0
3830.0,18,220.0,4.230769230769231,6.168613161538655,11,202.0,0.34310725564614386,7,131.0,0.4843986330933885,18,333.0
3835.0,15,234.0,4.68,6.426323983523364,9,213.0,0.3118049633419953,6,88.0,0.39119253890777433,15,301.0
3840.0,17,213.0,4.26,5.149091922797307,8,203.0,0.18999534991778147,9,108.0,0.22622171047201,17,311.0
3845.0,26,289.0,5.452830188679245,5.488221563994403,14,210.0,0.17580693542888326,12,130.0,0.27366284666810564,26,340.0
3850.0,22,302.0,6.291666666666667,4.721764736977971,12,250.0,0.22833298155704168,10,141.0,0.3871929916968239,22,391.0
3855.0,23,367.0,7.196078431372549,5.950089015018678,13,286.0,0.32807901439842924,10,154.0,0.44965023445508673,23,440.0
3860.0,18,311.0,5.980769230769231,5.255663462954246,11,298.0,0.3510618689675388,7,141.0,0.39440033735995106,18,439.0
3865.0,15,286.0,5.296296296296297,5.864067555907958,6,265.0,0.32070973121421004,9,120.0,0.37515846911649614,15,385.0
3870.0,16,125.0,2.232142857142857,5.428644496895328,6,157.0,0.2747203326559932,10,136.0,0.2873781667692712,16,293.0
3875.0,24,181.0,3.232142857142857,5.692058745615128,10,122.0,0.28036891149493787,14,164.0,0.2765828011211466,24,286.0
3880.0,23,233.0,4.087719298245614,5.2914943082753325,9,124.0,0.4122281684806322,14,218.0,0.23728697284627784,23,342.0
3885.0,19,256.0,4.571428571428571,6.045289560750264,5,85.0,0.4730476195925317,14,248.0,0.2218523929097456,19,333.0
3890.0,19,242.0,4.4,5.28661001592908,5,77.0,0.30764375070890865,14,273.0,0.11976101432861576,19,350.0
3895.0,26,266.0,4.666666666666667,5.606581853478496,11,83.0,0.2669630357371524,15,288.0,0.25313245260214606,26,371.0
3900.0,23,213.0,4.018867924528302,4.957735123623126,10,123.0,0.34680476722078113,13,260.0,0.3094289864573309,23,383.0
3905.0,23,294.0,5.653846153846154,5.64250965751386,10,160.0,0.42537543768199887,13,249.0,0.3618406914618348,23,409.0
3910.0,22,279.0,5.072727272727272,5.093183261373788,9,146.0,0.41258984227478984,13,271.0,0.2827850357850398,22,417.0
3915.0,16,259.0,4.543859649122807,5.718057429519526,5,90.0,0.38647949320731295,11,289.0,0.2620260163764124,16,379.0
3920.0,17,222.0,3.8275862068965516,5.703630382454592,4,72.0,0.4556354509728074,13,302.0,0.170669838530929,17,374.0
3925.0,23,214.0,3.4516129032258065,5.284744431475555,10,110.0,0.32683638219448,13,332.0,0.2306322973549028,23,442.0
3930.0,28,244.0,4.206896551724138,3.932840284253701,13,152.0,0.2667494231723664,15,340.0,0.24043683724697953,28,492.0
3935.0,30,320.0,5.333333333333333,4.24936752686802,14,199.0,0.20334583799486552,16,345.0,0.3237377138863881,30,544.0
3940.0,27,323.0,5.126984126984127,4.483307094196666,11,201.0,0.25507662649378193,16,377.0,0.28343971433587406,27,578.0
3945.0,18,251.0,3.746268656716418,6.2737716908279255,7,167.0,0.38694432569036846,11,348.0,0.33643800102182186,18,515.0
3950.0,19,268.0,3.7746478873239435,6.082849202059073,8,158.0,0.37675448942677076,11,349.0,0.22302524706184326,19,507.0
3955.0,27,363.0,5.260869565217392,6.129515595580601,7,182.0,0.4735342011836968,20,413.0,0.12437242564605418,27,595.0
3960.0,29,463.0,6.91044776119403,5.653167792326586,10,198.0,0.4226017080159526,19,473.0,0.16063119072169332,29,671.0
3965.0,27,447.0,6.984375,5.163475187753422,11,166.0,0.31169146994435487,16,494.0,0.25484018503363,27,660.0
3970.0,30,501.0,7.9523809523809526,4.4381525925669765,16,219.0,0.20174036537348347,14,497.0,0.28058645921200875,30,716.0
3975.0,30,533.0,7.838235294117647,5.341831250697343,15,253.0,0.2451796670820128,15,502.0,0.4080957347795351,30,755.0
3980.0,26,476.0,6.8,5.326111241939024,10,248.0,0.3512925174049305,16,476.0,0.31480271250271863,26,724.0
3985.0,24,347.0,5.028985507246377,4.809380419788125,9,266.0,0.36055127815021787,15,391.0,0.22144002840304594,24,657.0
3990.0,32,365.0,5.214285714285714,4.439512970283953,13,291.0,0.31738005453272955,19,424.0,0.22709177510504053,32,715.0
3995.0,28,237.0,3.3380281690140845,4.557424294841094,16,242.0,0.2794275944944885,12,415.0,0.21099607190979666,28,657.0
4000.0,32,319.0,4.492957746478873,4.473484357600455,18,247.0,0.1894147936254888,14,429.0,0.240358872435037,32,676.0
4005.0,33,365.0,5.2898550724637685,4.531429593420985,17,280.0,0.16513146045579005,16,452.0,0.2213079783399653,33,732.0
4010.0,27,271.0,3.985294117647059,4.9260936880507495,10,234.0,0.2699566311430324,17,490.0,0.17534147046952284,27,724.0
4015.0,27,333.0,4.970149253731344,4.627826997052872,7,242.0,0.321321875699907,20,555.0,0.09788935674743746,27,797.0
4020.0,34,426.0,6.761904761904762,4.227491714513304,14,278.0,0.29664197835075956,20,608.0,0.19322727833392,34,886.0
4025.0,27,370.0,5.78125,4.5136231492112335,15,302.0,0.26380525846391883,12,588.0,0.27993094024651405,27,890.0
4030.0,31,430.0,6.71875,4.24000550186875,19,335.0,0.24738843179097023,12,538.0,0.2050094799709368,31,873.0
4035.0,31,354.0,5.2835820895522385,4.285327188489261,18,363.0,0.2537493101159731,13,438.0,0.20009498254068647,31,801.0
4040.0,28,339.0,5.059701492537314,4.3871887439888475,12,295.0,0.21728437990709332,16,399.0,0.24494615204494624,28,694.0
4045.0,25,368.0,5.257142857142857,4.9319739027471865,10,241.0,0.3582177254070924,15,423.0,0.18664926307391855,25,664.0
4050.0,20,346.0,4.739726027397261,5.689844196865219,10,253.0,0.4149926759210038,10,395.0,0.1708119686313996,20,648.0
4055.0,26,328.0,4.555555555555555,5.617783962806373,14,281.0,0.3659499391862756,12,353.0,0.18207541039157402,26,634.0
4060.0,31,357.0,5.028169014084507,5.08741421690776,18,311.0,0.2198103325883705,13,322.0,0.34142913060499713,31,633.0
4065.0,27,355.0,5.220588235294118,4.586561731582205,15,304.0,0.2029295212403994,12,333.0,0.29087828667439314,27,637.0
4070.0,28,367.0,5.397058823529412,4.49510959684991,14,294.0,0.24079705848044333,14,345.0,0.22232520814713466,28,639.0
4075.0,28,384.0,5.731343283582089,4.550241290533986,16,311.0,0.26813198101004604,12,355.0,0.2522665378814718,28,666.0
4080.0,27,428.0,6.388059701492537,4.721246385549943,18,362.0,0.21974946337429355,9,298.0,0.34492241469002166,27,660.0
4085.0,28,430.0,6.417910447761194,4.452938760640869,19,396.0,0.11235312629141776,9,237.0,0.3601114718089919,28,633.0
4090.0,29,404.0,6.121212121212121,4.8968804544391915,18,410.0,0.18062719615203315,11,195.0,0.2960805851291094,29,605.0
4095.0,30,299.0,4.53030303030303,4.430715192754085,20,398.0,0.17265169888564366,10,178.0,0.23563553734140638,30,576.0
4100.0,31,321.0,4.6521739130434785,4.363724369289448,17,432.0,0.2770791952909102,14,191.0,0.21846933531163676,31,623.0
4105.0,32,371.0,5.225352112676056,5.165630712606162,21,447.0,0.3096367934309951,11,209.0,0.3490219657208969,32,656.0
4110.0,34,503.0,6.797297297297297,5.043734176457701,23,523.0,0.24964982331973845,11,220.0,0.41524619419209857,34,743.0
4115.0,31,529.0,7.148648648648648,5.098970201282934,22,560.0,0.22734706669369026,9,200.0,0.4770014356119032,31,760.0
4120.0,29,470.0,6.351351351351352,4.373292738790204,23,610.0,0.11229745880831983,6,119.0,0.3848874505876971,29,729.0
4125.0,26,354.0,4.783783783783784,4.349903324766721,20,594.0,0.11106876378430541,6,106.0,0.35189220270414695,26,700.0
4130.0,29,421.0,5.6891891891891895,5.0713573536259,17,583.0,0.25525290386054533,12,140.0,0.27944442940008024,29,723.0
4135.0,30,495.0,6.875,5.3081742583769165,13,561.0,0.35645928573052243,17,194.0,0.2126430807742149,30,755.0
4140.0,33,654.0,9.211267605633802,4.956864146398704,16,617.0,0.2627987388012299,17,276.0,0.2697429914102272,33,893.0
4145.0,34,711.0,10.014084507042254,3.9732860022800196,21,655.0,0.1726923440166899,13,291.0,0.2353845361779967,34,946.0
4150.0,31,689.0,9.842857142857143,4.418802818373506,22,684.0,0.18048013563457327,9,256.0,0.256939597647955,31,940.0
4155.0,31,686.0,9.8,3.8022164801374303,22,750.0,0.1209388232016183,9,220.0,0.2387347044194815,31,970.0
4160.0,31,723.0,10.791044776119403,4.652036670302414,18,767.0,0.19111915497953147,13,255.0,0.2571927155094057,31,1022.0
4165.0,27,644.0,10.0625,4.469170886282626,16,755.0,0.1717010417930524,11,262.0,0.2901306316468133,27,1017.0
4170.0,28,403.0,6.106060606060606,4.4789776773099845,21,671.0,0.09076288075242676,7,236.0,0.37579350743492107,28,907.0
4175.0,30,332.0,5.107692307692307,4.886522343958287,20,614.0,0.2065245779505054,10,192.0,0.31448431311365516,30,806.0
4180.0,31,407.0,6.2615384615384615,4.679887088436319,20,655.0,0.2576222415950062,11,179.0,0.3221083641821153,31,834.0
4185.0,21,296.0,4.698412698412699,4.894039365370269,14,623.0,0.27813796236749627,7,152.0,0.27148620958283015,21,775.0
4190.0,22,355.0,5.819672131147541,5.069842913363024,14,559.0,0.3155080853437466,8,119.0,0.22973325547404738,22,678.0
4195.0,22,344.0,5.375,5.030556402714991,14,504.0,0.2984292041953558,8,104.0,0.3749983517390502,22,608.0
4200.0,22,295.0,4.836065573770492,4.86327358135438,18,483.0,0.2251158838589487,4,58.0,0.569868525454687,22,541.0
4205.0,24,215.0,3.5245901639344264,5.071798093672909,21,452.0,0.12843867706859846,3,52.0,0.6367978758096733,24,504.0
4210.0,28,286.0,4.5396825396825395,4.796624295454538,24,515.0,0.14703518392155066,4,47.0,0.4435070406008432,28,562.0
4215.0,25,261.0,4.078125,4.5510757297298765,18,518.0,0.20059470365705498,7,53.0,0.26185389663583003,25,571.0
4220.0,18,285.0,4.75,5.411406148001288,14,529.0,0.2911131854840842,4,60.0,0.24568748202657817,18,589.0
4225.0,20,329.0,5.061538461538461,6.327455472117255,15,544.0,0.27070977442055266,5,76.0,0.4670214427509762,20,620.0
4230.0,22,293.0,4.373134328358209,5.889554906865314,19,546.0,0.14443269883812043,3,65.0,0.6066777692914492,22,611.0
4235.0,25,345.0,5.3076923076923075,5.893802231294971,22,574.0,0.16647285208634321,3,61.0,0.7274170755887681,25,635.0
4240.0,30,427.0,6.671875,5.54059280504858,26,594.0,0.21576985070305735,4,80.0,0.6186766206053317,30,674.0
4245.0,31,555.0,8.80952380952381,4.261991648753156,25,676.0,0.16742999301188366,6,106.0,0.5037503379062263,31,782.0
4250.0,33,633.0,9.447761194029852,4.299836204184896,25,742.0,0.1586314741570148,8,116.0,0.5020712791284986,33,858.0
4255.0,36,683.0,9.356164383561644,4.1966934700649325,24,784.0,0.18475593110917038,12,128.0,0.43322961452767544,36,912.0
4260.0,31,566.0,7.35064935064935,4.344079455816065,20,732.0,0.20350621620408443,11,177.0,0.3656343876603091,31,909.0
4265.0,32,663.0,8.2875,5.066134424758222,17,679.0,0.3341617922990845,15,236.0,0.218598067147916,32,915.0
4270.0,34,469.0,5.790123456790123,4.686502596318987,17,586.0,0.35381508005493584,17,274.0,0.1420448195238412,34,860.0
4275.0,33,453.0,5.6625,4.362488812537107,22,545.0,0.20276966913260988,11,258.0,0.2792197480775654,33,803.0
4280.0,41,475.0,5.654761904761905,3.9080108749724722,29,596.0,0.12381431827004395,12,217.0,0.2786188967003403,41,813.0
4285.0,38,558.0,6.72289156626506,4.731166453172629,26,611.0,0.16392862161031643,12,242.0,0.3684208152456622,38,853.0
4290.0,37,631.0,7.8875,4.354923671535436,23,676.0,0.17735364709917176,14,266.0,0.301255367553755,37,942.0
4295.0,37,737.0,9.571428571428571,4.295238275048597,22,741.0,0.15482515897988622,15,286.0,0.2972581483261834,37,1027.0
4300.0,42,851.0,11.5,3.2922506786612162,26,816.0,0.11136441042587654,16,306.0,0.2341356323563348,42,1122.0
4305.0,39,803.0,10.56578947368421,3.634622925744642,29,865.0,0.11071260753529584,10,271.0,0.24763207018018601,39,1136.0
4310.0,38,734.0,9.786666666666667,4.026153605244787,26,891.0,0.10730937913641385,12,293.0,0.25271119312132817,38,1184.0
4315.0,39,740.0,10.0,3.356670543055677,25,911.0,0.11347425738906354,14,309.0,0.19551393294582978,39,1220.0
4320.0,42,635.0,8.355263157894736,3.574915312194196,25,891.0,0.19889285292388167,17,333.0,0.23455842686105943,42,1224.0
4325.0,32,619.0,8.253333333333334,4.039961862360417,21,933.0,0.1772748365081508,11,302.0,0.30298039446279434,32,1235.0
4330.0,33,660.0,8.8,3.9937351479649594,25,937.0,0.10275306558925013,8,284.0,0.29305078712527965,33,1221.0
4335.0,41,696.0,8.923076923076923,4.074773682621922,27,986.0,0.1191802632354268,14,288.0,0.30012087607487425,41,1274.0
4340.0,36,504.0,6.379746835443038,4.488474334710683,18,916.0,0.2040546708290195,18,319.0,0.2514199084485244,36,1235.0
4345.0,24,466.0,6.213333333333333,5.457785120334026,14,831.0,0.2571979159094244,10,326.0,0.2737460591366144,24,1157.0
4350.0,22,374.0,5.123287671232877,6.079984146179551,13,744.0,0.3796824359870703,9,236.0,0.2266486734755946,22,980.0
4355.0,25,425.0,5.902777777777778,5.249599509065866,14,725.0,0.30147382797739186,11,198.0,0.1528999857249595,25,923.0
4360.0,30,339.0,4.8428571428571425,5.021723102839113,16,639.0,0.3419006241006913,14,210.0,0.20438825699240032,30,849.0
4365.0,29,429.0,6.3088235294117645,5.1063709565025075,16,667.0,0.31857101737027693,13,207.0,0.35448147851396644,29,874.0
4370.0,30,464.0,7.03030303030303,4.041198095457013,17,660.0,0.19334950490830738,13,219.0,0.28778849003533424,30,879.0
4375.0,26,336.0,5.1692307692307695,4.119974312823453,19,633.0,0.13295000549072197,7,176.0,0.2648075379282347,26,809.0
4380.0,28,344.0,5.292307692307692,4.130238757621702,21,632.0,0.04605410580510677,7,168.0,0.30496571889351887,28,800.0
4385.0,36,384.0,6.0,4.592423989176684,24,659.0,0.06691176435624434,12,190.0,0.3096977399755992,36,849.0
4390.0,29,428.0,7.016393442622951,5.306374982857131,20,651.0,0.15754387604733228,9,208.0,0.42832188081562794,29,859.0
4395.0,25,459.0,7.403225806451613,5.729358509145915,17,691.0,0.10283537471284626,8,188.0,0.501826127468504,25,879.0
4400.0,21,313.0,5.131147540983607,5.654235201145197,11,672.0,0.15269483837268613,10,153.0,0.3868300981307439,21,825.0
4405.0,22,335.0,5.317460317460317,5.520208972009733,10,617.0,0.20529239922374456,12,155.0,0.26533936678934367,22,772.0
4410.0,24,207.0,3.45,4.88246639678593,12,455.0,0.24693293940323768,12,138.0,0.23737914292572942,24,593.0
4415.0,25,292.0,4.866666666666666,5.3537905560091845,11,469.0,0.30868880368035556,14,168.0,0.3266258539708023,25,637.0
4420.0,22,294.0,4.983050847457627,4.842094612936519,9,418.0,0.29057699347549126,13,192.0,0.2562124996561894,22,610.0
4425.0,18,298.0,4.806451612903226,5.400238228081082,10,362.0,0.23860819097022007,8,174.0,0.28029658893352777,18,536.0
4430.0,22,292.0,4.866666666666666,5.335046904507658,16,341.0,0.14539188013209423,6,144.0,0.406943121096895,22,485.0
4435.0,27,324.0,5.4,5.452906663060456,14,344.0,0.16249134835201468,13,150.0,0.3612169039302932,27,494.0
4440.0,26,401.0,7.035087719298246,4.567358680912923,14,339.0,0.21157038523887056,12,183.0,0.2434122578677904,26,522.0
4445.0,22,419.0,7.7592592592592595,4.931352957314988,10,344.0,0.26467726346411957,12,196.0,0.26001021987161066,22,540.0
4450.0,17,306.0,5.773584905660377,5.414160447871941,7,287.0,0.3590665500279127,10,176.0,0.2649630191025532,17,463.0
4455.0,14,152.0,2.814814814814815,6.096442026808261,4,112.0,0.4073823046512521,10,152.0,0.29055368011476107,14,264.0
4460.0,20,169.0,3.017857142857143,6.626851064945849,8,101.0,0.4449542132906131,12,171.0,0.3745060596490236,20,272.0
4465.0,21,231.0,4.3584905660377355,5.703885457115788,7,116.0,0.3086689725671434,14,190.0,0.38881630507607734,21,306.0
4470.0,21,254.0,4.618181818181818,5.359329160159036,8,134.0,0.4059110106150137,13,208.0,0.2617709571812922,21,342.0
4475.0,18,212.0,3.8545454545454545,5.726753614329824,7,108.0,0.3252615372936703,11,191.0,0.2589084949759281,18,299.0
4480.0,24,243.0,4.189655172413793,5.824799840789695,10,132.0,0.3779356457676838,14,206.0,0.22051170436212536,24,338.0
4485.0,25,288.0,5.052631578947368,5.416903372405311,9,146.0,0.3543277814553071,16,231.0,0.18250484661639083,25,377.0
4490.0,24,345.0,6.052631578947368,5.918684828509622,10,161.0,0.4414201296891862,14,285.0,0.27607225832755006,24,446.0
4495.0,20,339.0,6.163636363636364,5.85263395210261,7,177.0,0.4192122845125231,13,303.0,0.31047178914664625,20,480.0
4500.0,18,324.0,5.890909090909091,5.815707426329322,7,152.0,0.3606765070485463,11,301.0,0.2937373423862287,18,453.0
4505.0,19,293.0,5.232142857142857,5.540256263342193,8,122.0,0.2125750272474481,11,286.0,0.2813122888037448,19,408.0
4510.0,21,213.0,4.018867924528302,5.435357241579203,12,114.0,0.13586141493988985,9,245.0,0.2499648611203798,21,359.0
4515.0,20,202.0,4.122448979591836,5.044984373421383,12,159.0,0.19617420595977766,8,161.0,0.34530119516280233,20,320.0
4520.0,15,233.0,4.755102040816326,6.867435923101204,6,157.0,0.4461822069668382,9,169.0,0.3759073019296068,15,326.0
4525.0,15,261.0,5.673913043478261,7.116088596295824,6,155.0,0.4828281033204547,9,179.0,0.30454902624535396,15,334.0
4530.0,17,298.0,6.208333333333333,5.9855521201737645,5,145.0,0.37290720320979803,12,221.0,0.29100938737780085,17,366.0
4535.0,18,317.0,6.891304347826087,5.9561044872906415,9,176.0,0.31342808370379677,9,230.0,0.34346971375249385,18,406.0
4540.0,15,339.0,7.533333333333333,6.3423362031467505,8,183.0,0.2918126201558395,7,219.0,0.4346866257816349,15,402.0
4545.0,20,337.0,7.659090909090909,5.888236102068044,11,234.0,0.24451123718453643,9,198.0,0.3238546530712921,20,432.0
4550.0,16,308.0,7.0,6.404870245131044,8,247.0,0.3030379428609473,8,126.0,0.36010972045000156,16,373.0
4555.0,10,256.0,6.2439024390243905,6.9081064160971595,4,212.0,0.4918567645790913,6,124.0,0.2557122405116175,10,336.0
4560.0,9,68.0,2.0,6.798416305099132,3,76.0,0.5894310145440828,6,97.0,0.1522967823553514,9,173.0
4565.0,11,99.0,3.0,6.698420612771728,5,43.0,0.5451359066341143,6,117.0,0.21341145808756068,11,160.0
4570.0,12,153.0,4.636363636363637,7.574393276364491,5,68.0,0.4948173323365349,7,139.0,0.374904761857482,12,207.0
4575.0,12,156.0,4.875,6.669367349978087,7,94.0,0.21508869910643438,5,120.0,0.5042616728425261,12,214.0
4580.0,13,186.0,6.0,5.73253853916778,7,113.0,0.13581183458174573,6,125.0,0.470980089026778,13,238.0
4585.0,12,174.0,4.833333333333333,5.92313539484071,5,112.0,0.30683741757315636,7,119.0,0.34226172596622095,12,231.0
4590.0,11,149.0,3.9210526315789473,7.087574771676187,3,66.0,0.46683999660497383,8,121.0,0.4224469752282907,11,187.0
4595.0,10,126.0,3.15,8.429304895645256,4,78.0,0.7036285582903774,6,98.0,0.4415999056006286,10,176.0
4600.0,9,111.0,2.9210526315789473,6.643812355446127,2,28.0,0.5731267984016303,7,94.0,0.2786608646339912,9,122.0
4605.0,10,117.0,3.0,6.131977218769473,4,46.0,0.506924194178088,6,99.0,0.24619406527265852,10,145.0
4610.0,14,140.0,3.5,5.662461782662423,5,52.0,0.3829744850339741,9,119.0,0.382771666030531,14,171.0
4615.0,10,94.0,2.238095238095238,7.097375739107796,5,41.0,0.4998789892022077,5,100.0,0.4361660237599993,10,141.0
4620.0,11,129.0,3.1463414634146343,7.812619417720372,4,43.0,0.44630645089929377,7,95.0,0.5082814748975553,11,138.0
4625.0,13,127.0,2.8222222222222224,7.276810780516918,9,75.0,0.21709371312581854,4,76.0,0.5653651021277226,13,151.0
4630.0,14,168.0,4.0,6.667194042237497,9,112.0,0.28464191028514957,5,82.0,0.4986799811644312,14,194.0
4635.0,10,135.0,3.4615384615384617,7.204830074413764,4,104.0,0.559422636526753,6,83.0,0.279600483656537,10,187.0
4640.0,13,155.0,3.9743589743589745,6.727841432050588,4,111.0,0.5259052017694813,9,64.0,0.13769461760651305,13,175.0
4645.0,12,177.0,4.657894736842105,5.808393477470952,6,139.0,0.44198182727818125,6,79.0,0.15756570078565404,12,218.0
4650.0,13,165.0,4.125,6.18326815470041,6,106.0,0.47047686331683275,7,94.0,0.25800328421793184,13,200.0
4655.0,13,159.0,3.975,6.389965924083819,10,141.0,0.4109086298200217,3,82.0,0.46308249517403177,13,223.0
4660.0,12,165.0,3.9285714285714284,6.900039523651468,9,149.0,0.38702199682277505,3,59.0,0.6103932671578266,12,208.0
4665.0,11,186.0,4.325581395348837,7.343532350728208,7,135.0,0.40135439785586874,4,76.0,0.5270993073092964,11,211.0
4670.0,12,191.0,4.441860465116279,5.549803895907746,9,160.0,0.2788709323252745,3,70.0,0.2907226711961919,12,230.0
4675.0,20,237.0,5.1521739130434785,4.964801344810838,14,192.0,0.2250145125651497,6,90.0,0.4047079922254774,20,282.0
4680.0,20,305.0,6.354166666666667,5.203513106150747,15,245.0,0.2691488368015593,5,115.0,0.5836954160030715,20,360.0
4685.0,17,350.0,6.730769230769231,6.470358476601559,12,261.0,0.37920760169187234,5,140.0,0.5892364613883276,17,401.0
4690.0,18,266.0,4.666666666666667,6.261706523395421,13,216.0,0.388526409771986,5,140.0,0.4856820327583593,18,356.0
4695.0,23,369.0,6.15,6.089695134805271,15,244.0,0.38608958130633236,8,182.0,0.368044769260932,23,426.0
4700.0,28,401.0,6.573770491803279,5.228030605515713,20,305.0,0.2994957531141858,8,180.0,0.4140677792337913,28,485.0
4705.0,28,484.0,7.333333333333333,5.502574060220611,19,355.0,0.25050700266708925,9,194.0,0.48980243526221817,28,549.0
4710.0,25,353.0,5.268656716417911,5.652760780832782,18,381.0,0.23844882501013423,7,148.0,0.4652144882607603,25,529.0
4715.0,26,346.0,5.323076923076923,5.365282013382887,19,393.0,0.19424677491665127,7,106.0,0.4455408480683084,26,499.0
4720.0,28,317.0,4.661764705882353,4.866091039570164,20,413.0,0.1803957129148579,8,114.0,0.41096781312504516,28,527.0
4725.0,27,258.0,3.9692307692307693,5.375422628268215,18,399.0,0.2901363656056527,9,110.0,0.3588800081528455,27,509.0
4730.0,28,347.0,5.596774193548387,4.554021923655064,18,413.0,0.2678917424542728,10,133.0,0.2525351949115665,28,546.0
4735.0,33,505.0,7.890625,5.225576611245852,21,487.0,0.2760591965559922,12,165.0,0.22470267072576636,33,652.0
4740.0,27,478.0,7.709677419354839,5.135080063550738,18,513.0,0.2957149398189527,9,180.0,0.24190573186634293,27,693.0
4745.0,25,521.0,8.540983606557377,5.924360529337997,19,535.0,0.2296993975076172,6,144.0,0.42688824105544476,25,679.0
4750.0,26,479.0,8.403508771929825,4.615080461628451,18,540.0,0.13691532887125513,8,133.0,0.3610716231811176,26,673.0
4755.0,24,401.0,6.913793103448276,5.768949075711227,18,539.0,0.12055534039177283,6,130.0,0.5539505552508002,24,669.0
4760.0,22,335.0,6.090909090909091,5.3232843360573625,16,546.0,0.15328172744486562,6,131.0,0.5493163316422147,22,677.0
4765.0,24,302.0,5.11864406779661,4.864013739037264,15,506.0,0.2544864418675638,9,160.0,0.4044704617631843,24,666.0
4770.0,28,309.0,5.327586206896552,4.00850962787363,17,544.0,0.27298044799278054,11,171.0,0.31604652970528446,28,715.0
4775.0,24,277.0,4.775862068965517,4.708902580082239,13,529.0,0.27043828779325413,11,191.0,0.26443318154539874,24,720.0
4780.0,25,247.0,4.186440677966102,4.092481714379972,13,538.0,0.15958241022431924,12,168.0,0.15145991096206565,25,706.0
4785.0,26,232.0,3.7419354838709675,4.282401938592792,15,507.0,0.17088117037046008,11,157.0,0.1844811320125599,26,664.0
4790.0,27,263.0,4.5344827586206895,3.927522696477622,17,534.0,0.18165883569386848,10,179.0,0.31701474329072793,27,713.0
4795.0,29,358.0,6.392857142857143,4.576429304242986,19,522.0,0.19613723534500507,10,191.0,0.3932340971375292,29,713.0
4800.0,28,358.0,6.172413793103448,3.7938341519743317,20,545.0,0.1618705899086716,8,196.0,0.2883521554543163,28,741.0
4805.0,23,317.0,5.4655172413793105,5.082246710383372,15,503.0,0.16950291393442804,8,170.0,0.328897664447904,23,673.0
4810.0,18,324.0,5.586206896551724,5.374004281248426,11,505.0,0.20624366202767627,7,163.0,0.3215729283637095,18,668.0
4815.0,24,357.0,5.758064516129032,6.0070734951102205,14,491.0,0.23499657385267503,10,140.0,0.3863050811730845,24,631.0
4820.0,27,319.0,5.229508196721311,5.205038391651772,16,485.0,0.24244521816200362,11,138.0,0.3308682494281541,27,623.0
4825.0,26,387.0,6.45,4.455493444092622,15,451.0,0.2723191010628462,11,134.0,0.2672994569710679,26,585.0
4830.0,21,372.0,6.642857142857143,4.383067359045098,11,427.0,0.2869695873623321,10,150.0,0.24790079672245197,21,577.0
4835.0,18,336.0,6.0,5.105522308859782,8,403.0,0.22836192233107758,10,133.0,0.29694601171214724,18,536.0
4840.0,23,378.0,6.517241379310345,4.631769594155335,13,393.0,0.07847038003176453,10,167.0,0.27203332298038624,23,560.0
4845.0,26,426.0,7.344827586206897,4.846555440623421,17,435.0,0.10466528153529478,9,178.0,0.3930708944648075,26,613.0
4850.0,18,443.0,8.054545454545455,5.698229426098002,9,433.0,0.3142854905214841,9,198.0,0.3305738020837902,18,631.0
4855.0,17,261.0,4.833333333333333,4.57238556174113,8,326.0,0.33351384195806577,9,215.0,0.17850859689028623,17,541.0
4860.0,28,375.0,6.3559322033898304,5.116926236695782,15,286.0,0.3325774924308028,13,269.0,0.2726786960225201,28,555.0
4865.0,26,396.0,6.1875,4.911009054074028,16,327.0,0.35066538224590293,10,278.0,0.2904008753737379,26,605.0
4870.0,22,413.0,6.453125,5.99755544586124,11,327.0,0.3825487940697934,11,274.0,0.3266057717837039,22,601.0
4875.0,17,336.0,5.014925373134329,5.332903847669778,6,237.0,0.30680191193611395,11,320.0,0.28270647306025254,17,557.0
4880.0,24,406.0,5.884057971014493,4.69447131983711,14,194.0,0.21139437274742687,10,355.0,0.24912279863548675,24,549.0
4885.0,30,461.0,6.984848484848484,4.373321885018961,20,277.0,0.279879720526531,10,356.0,0.22065136324664844,30,633.0
4890.0,34,537.0,8.390625,4.7405770251584265,21,348.0,0.26831403975472257,13,337.0,0.3450256337538841,34,685.0
4895.0,33,585.0,9.0,3.5157389903272755,20,386.0,0.14436654730894946,13,374.0,0.36151695094374126,33,760.0
4900.0,24,541.0,8.323076923076924,4.883400937727771,15,375.0,0.24446214583867332,9,382.0,0.35134165164078823,24,757.0
4905.0,19,218.0,3.2058823529411766,4.826538943282977,11,336.0,0.2487022626032717,8,251.0,0.31579437489179535,19,587.0
4910.0,29,274.0,3.859154929577465,5.3053749666554735,15,330.0,0.21390028191549249,14,216.0,0.3063427790593621,29,546.0
4915.0,32,370.0,5.138888888888889,4.66385501929851,19,352.0,0.19559416195299248,13,258.0,0.2914209477495965,32,610.0
4920.0,25,426.0,5.835616438356165,5.644513183178447,14,335.0,0.3179559232174116,11,282.0,0.2515149878999824,25,617.0
4925.0,23,360.0,4.931506849315069,5.540522203092452,12,348.0,0.3216854146642593,11,268.0,0.27546615375704636,23,616.0
4930.0,33,422.0,5.410256410256411,5.357829070152367,19,385.0,0.22962672684854574,14,254.0,0.3701937491193521,33,639.0
4935.0,33,351.0,4.5,4.92428278936605,22,413.0,0.25094894074253926,11,232.0,0.39007166009153915,33,645.0
4940.0,34,431.0,5.671052631578948,5.0923031545672455,21,436.0,0.3013372040002454,13,220.0,0.3709464480380036,34,656.0
4945.0,35,448.0,5.743589743589744,3.735079906740982,22,465.0,0.19817411429048457,13,238.0,0.27886089048042273,35,703.0
4950.0,33,427.0,5.405063291139241,3.8328283387307516,19,446.0,0.18635833862457907,14,256.0,0.1759871429953893,33,702.0
4955.0,33,346.0,4.4935064935064934,3.7862673456772082,16,402.0,0.22774987492570295,17,281.0,0.07765631606669776,33,683.0
4960.0,30,308.0,4.1066666666666665,4.510851585081967,20,412.0,0.1619010353045139,10,247.0,0.22554862529794448,30,659.0
4965.0,29,395.0,5.12987012987013,4.952506538838872,22,461.0,0.1321098935058326,7,240.0,0.38630201854559504,29,701.0
4970.0,28,451.0,6.013333333333334,5.592064331587811,19,481.0,0.21199207051858515,9,243.0,0.36889738566448005,28,724.0
4975.0,30,564.0,7.52,5.7381302560540375,17,508.0,0.30534012979611597,13,265.0,0.2794799199915766,30,773.0
4980.0,29,521.0,6.946666666666666,4.794274133446493,16,502.0,0.2164463183091377,13,300.0,0.22842905148683565,29,802.0
4985.0,29,558.0,7.342105263157895,5.6462878539767285,21,486.0,0.2101932862000341,8,290.0,0.3976757730822632,29,776.0
4990.0,31,514.0,7.041095890410959,5.006934971582446,22,506.0,0.20839891610149888,9,269.0,0.3661286111558515,31,775.0
4995.0,30,459.0,6.202702702702703,5.30621598451872,18,510.0,0.160522829084143,12,303.0,0.4226798663520097,30,813.0
5000.0,31,493.0,6.402597402597403,4.755069656067187,16,547.0,0.21164609099783013,15,331.0,0.3087389255965248,31,878.0
5005.0,22,483.0,6.527027027027027,5.295036365140044,11,530.0,0.2568239613301967,11,336.0,0.345778482669944,22,866.0
5010.0,26,374.0,5.123287671232877,4.988602523720061,13,487.0,0.2335457124664212,13,274.0,0.2726976296122352,26,761.0
5015.0,30,255.0,3.493150684931507,4.795470617932103,15,466.0,0.20273488060444045,15,226.0,0.24200417275804187,30,692.0
5020.0,35,374.0,5.054054054054054,4.269917362394257,16,509.0,0.25324545043730623,19,291.0,0.2308990207517543,35,800.0
5025.0,30,435.0,5.958904109589041,4.535305015560475,13,530.0,0.2262005620587103,17,333.0,0.23924030834586066,30,863.0
5030.0,27,427.0,5.77027027027027,4.520554855145572,12,522.0,0.13442274893922698,15,356.0,0.2843760799412097,27,878.0
5035.0,35,432.0,5.4,5.096556640189031,14,525.0,0.24342614889380332,21,390.0,0.30087566662398596,35,915.0
5040.0,37,542.0,7.038961038961039,4.05442541078692,14,475.0,0.31967743833002626,23,467.0,0.1857545661052382,37,942.0
5045.0,37,655.0,8.506493506493506,4.738953663530895,16,444.0,0.31896143557052364,21,514.0,0.26481752371511275,37,958.0
5050.0,37,690.0,8.96103896103896,4.167156405681057,15,479.0,0.19111260593636117,22,533.0,0.2638781145380462,37,1012.0
5055.0,38,672.0,8.96,4.150026686706911,14,476.0,0.21530259745008845,24,555.0,0.18404867015323254,38,1031.0
5060.0,34,481.0,6.413333333333333,3.1206408634210963,12,422.0,0.24413415008161957,22,575.0,0.09146621818623853,34,997.0
5065.0,38,437.0,5.986301369863014,4.109916224204714,15,393.0,0.33648041415287844,23,549.0,0.0880794092875956,38,942.0
5070.0,40,447.0,6.123287671232877,3.526518751360646,18,397.0,0.23837130715687296,22,604.0,0.18323066476120606,40,1001.0
5075.0,41,493.0,6.402597402597403,3.752450379705642,17,369.0,0.27942794616639155,24,622.0,0.18710018059358785,41,991.0
5080.0,38,506.0,6.405063291139241,4.167051337715806,16,382.0,0.32046204592560185,22,674.0,0.20485019875543675,38,1056.0
5085.0,25,383.0,4.974025974025974,4.42355986217937,9,343.0,0.27913455742604143,16,644.0,0.21302931521789323,25,987.0
5090.0,29,412.0,5.215189873417722,4.274467176343389,16,345.0,0.16342531266714655,13,602.0,0.2601166656864314,29,947.0
5095.0,33,410.0,5.189873417721519,4.301510478328587,18,371.0,0.19625839622709912,15,568.0,0.2099386846711424,33,939.0
5100.0,37,435.0,5.8,3.124648586475641,21,385.0,0.15750919700139587,16,589.0,0.19174676827633122,37,974.0
5105.0,40,574.0,7.756756756756757,3.6855064433545293,25,448.0,0.153686432064125,15,611.0,0.20137237026488716,40,1059.0
5110.0,42,620.0,8.157894736842104,3.4683269538761983,24,497.0,0.16252039691998285,18,606.0,0.17103833929455073,42,1103.0
5115.0,32,487.0,6.243589743589744,4.820190527651669,16,473.0,0.2729193816228412,16,549.0,0.20290523913019592,32,1022.0
5120.0,30,395.0,5.266666666666667,4.411327147968066,11,415.0,0.25642145790248955,19,578.0,0.20186311965578665,30,993.0
5125.0,33,431.0,5.597402597402597,4.691098235353128,14,360.0,0.2529537507282086,19,563.0,0.2521320049777656,33,923.0
5130.0,40,456.0,6.08,3.493425230915917,20,381.0,0.20214782228216777,20,606.0,0.22263923650262396,40,987.0
5135.0,36,475.0,6.690140845070423,3.2140907117548383,23,423.0,0.09355725007261712,13,599.0,0.25787867502493556,36,1022.0
5140.0,36,505.0,7.013888888888889,3.0778904106940073,23,455.0,0.044844364057568996,13,572.0,0.228022732962172,36,1027.0
5145.0,34,468.0,6.410958904109589,3.9690990138344153,16,419.0,0.19595309472350544,18,527.0,0.14135590221295719,34,946.0
5150.0,31,506.0,7.126760563380282,4.470596395636178,10,370.0,0.3502432370576437,21,584.0,0.04863087805374574,31,954.0
5155.0,22,497.0,7.202898550724638,5.239565652652442,6,312.0,0.35789356828659136,16,612.0,0.14356241248660534,22,924.0
5160.0,27,518.0,7.969230769230769,4.515873761457175,13,307.0,0.13792064098804738,14,598.0,0.22555929527305682,27,905.0
5165.0,31,496.0,7.630769230769231,4.485058128390215,15,332.0,0.19584825586178292,16,585.0,0.2477102821532371,31,917.0
5170.0,30,345.0,5.2272727272727275,4.2315206455206225,14,344.0,0.2607456116435287,16,500.0,0.2276061984313032,30,844.0
5175.0,35,416.0,6.303030303030303,4.514247447714935,12,351.0,0.3482298281519017,23,462.0,0.2721937086616263,35,813.0
5180.0,28,382.0,5.787878787878788,4.8449577238880295,7,270.0,0.3962714678889601,21,502.0,0.24101485494311242,28,772.0
5185.0,23,252.0,3.7058823529411766,4.7500963984886395,6,222.0,0.34758955169886746,17,473.0,0.16659298887682444,23,695.0
5190.0,26,284.0,4.2388059701492535,5.572508674259606,12,190.0,0.260161501568513,14,450.0,0.25670995414486447,26,640.0
5195.0,28,331.0,4.797101449275362,4.948122382365239,13,212.0,0.22450112840043013,15,458.0,0.21620335798297755,28,670.0
5200.0,34,423.0,6.507692307692308,4.459034129991612,16,278.0,0.2028594454568803,18,465.0,0.22274717802551536,34,743.0
5205.0,33,484.0,7.333333333333333,4.179045662946023,13,265.0,0.3439563981034689,20,513.0,0.2027841703315526,33,778.0
5210.0,21,408.0,6.181818181818182,4.3254350311009775,6,183.0,0.2943491782288841,15,510.0,0.2045659307354521,21,693.0
5215.0,20,359.0,5.128571428571429,5.885765906708547,4,113.0,0.4121260415184322,16,476.0,0.2685984013164442,20,589.0
5220.0,22,265.0,3.6301369863013697,6.092628623603303,4,81.0,0.3866569481420974,18,424.0,0.3006228111663157,22,505.0
5225.0,31,259.0,3.547945205479452,5.010069169566274,12,124.0,0.2737238014695166,19,443.0,0.31658390673145936,31,567.0
5230.0,35,396.0,5.577464788732394,5.077102923810646,14,162.0,0.30149243436104467,21,473.0,0.35113721429560035,35,635.0
5235.0,31,451.0,6.263888888888889,4.11442193232353,8,170.0,0.2868916589141206,23,530.0,0.18212093671623517,31,700.0
5240.0,30,448.0,6.309859154929577,3.528445185339172,7,183.0,0.22296955444060568,23,570.0,0.10955636059918983,30,753.0
5245.0,40,565.0,7.635135135135135,3.4542361244960436,15,223.0,0.16654837623759228,25,634.0,0.13015225720473672,40,857.0
5250.0,39,652.0,9.055555555555555,3.4879983771674947,16,269.0,0.21178462085676109,23,663.0,0.11323789820391157,39,932.0
5255.0,31,694.0,10.057971014492754,4.08422201883795,8,270.0,0.3941904899290432,23,743.0,0.06133340486790686,31,1013.0
5260.0,29,711.0,10.304347826086957,4.960153389255066,4,233.0,0.4569955649954323,25,811.0,0.1376310758841347,29,1044.0
5265.0,32,679.0,9.56338028169014,4.84209574655287,10,255.0,0.33132462770029547,22,806.0,0.21761844353056056,32,1061.0
5270.0,26,458.0,6.735294117647059,5.038431832902618,12,289.0,0.26211717757536296,14,674.0,0.2979576598744123,26,963.0
5275.0,23,451.0,6.833333333333333,4.725549180775536,8,281.0,0.17860922656940256,15,692.0,0.2025171480259413,23,973.0
5280.0,20,212.0,3.365079365079365,4.697605380381815,4,151.0,0.3017178992004964,16,675.0,0.1390008887349781,20,826.0
5285.0,29,276.0,4.451612903225806,4.5854329643058325,9,83.0,0.3166220323310811,20,733.0,0.16146861270651736,29,816.0
5290.0,33,371.0,6.396551724137931,4.094346899626765,10,90.0,0.31965118677085463,23,785.0,0.15569656620214795,33,875.0
5295.0,33,463.0,7.349206349206349,4.003732225835257,12,146.0,0.26556682721873437,21,764.0,0.14097533087669495,33,910.0
5300.0,25,389.0,6.078125,5.220323182661298,11,162.0,0.29703608831834105,14,658.0,0.2741064417855821,25,820.0
5305.0,16,391.0,6.409836065573771,6.4067989428154615,4,124.0,0.346266977163251,12,600.0,0.32615622914578923,16,724.0
5310.0,14,282.0,4.947368421052632,5.821996201371164,3,84.0,0.2536268448158604,11,511.0,0.23851249392877974,14,595.0
5315.0,26,262.0,4.440677966101695,5.34051893990575,9,118.0,0.2786424109142483,17,448.0,0.15963823739668603,26,566.0
5320.0,24,276.0,5.3076923076923075,4.826386111777814,8,127.0,0.3536401614413771,16,449.0,0.2331843904860142,24,576.0
5325.0,16,243.0,4.86,6.5035247315386275,4,89.0,0.4917031122686885,12,367.0,0.3078886652884293,16,456.0
5330.0,16,202.0,3.740740740740741,5.470348392448837,5,63.0,0.4011754851608636,11,369.0,0.15913589989956664,16,432.0
5335.0,20,245.0,4.375,6.74170175719873,7,63.0,0.4756274674274814,13,372.0,0.27622740209617935,20,435.0
5340.0,23,289.0,5.0701754385964914,6.622752394630653,9,80.0,0.4871431711184119,14,359.0,0.3470659169533289,23,439.0
5345.0,23,363.0,6.258620689655173,6.492544652935941,12,136.0,0.42762650476524416,11,367.0,0.3902741583471386,23,503.0
5350.0,19,349.0,6.345454545454546,5.248534014305931,10,150.0,0.39439075582242666,9,325.0,0.2974090862912688,19,475.0
5355.0,17,318.0,6.115384615384615,5.782456885995585,8,122.0,0.417803231763599,9,318.0,0.24850848813875093,17,440.0
5360.0,17,141.0,2.764705882352941,5.1414378733526656,8,116.0,0.29957035209208077,9,235.0,0.1996673007460418,17,351.0
5365.0,24,227.0,4.283018867924528,5.466031915933179,12,144.0,0.2546298452408649,12,184.0,0.23797050411863785,24,328.0
5370.0,21,236.0,4.916666666666667,5.301177751404956,14,182.0,0.27574983225024474,7,176.0,0.3922118847011371,21,358.0
5375.0,24,349.0,7.270833333333333,5.567887364968718,16,238.0,0.21316826920486306,8,194.0,0.4243200134724316,24,432.0
5380.0,20,318.0,6.489795918367347,5.256167307281594,14,271.0,0.20184706781175396,6,165.0,0.46082079019765415,20,436.0
5385.0,14,257.0,5.354166666666667,6.416409934420982,8,257.0,0.2777411739202271,6,124.0,0.4339606514035909,14,381.0
5390.0,9,144.0,3.4285714285714284,6.462722254635606,4,159.0,0.36106285039405706,5,137.0,0.4124787726606359,9,296.0
5395.0,14,205.0,5.0,6.456208679871707,9,150.0,0.2784043043534564,5,152.0,0.4288474953145288,14,302.0
5400.0,14,189.0,4.395348837209302,6.099837885471323,11,166.0,0.25057332918823744,3,158.0,0.565859822944064,14,324.0
5405.0,15,236.0,5.2444444444444445,7.521693723925445,11,163.0,0.2627906919063414,4,166.0,0.6274253594616773,15,329.0
5410.0,12,146.0,3.1739130434782608,7.257410841917706,9,159.0,0.28108945040135197,3,121.0,0.6403224133949368,12,280.0
5415.0,6,37.0,0.8409090909090909,7.7291793276754355,3,95.0,0.380377854458828,3,25.0,0.5347181302859827,6,120.0
5420.0,12,85.0,2.0238095238095237,7.451581728849408,5,71.0,0.5186782027673281,7,40.0,0.30036463710489125,12,111.0
5425.0,13,73.0,1.5208333333333333,6.891192498039158,5,61.0,0.4244293070327355,8,56.0,0.2605901169011731,13,117.0
5430.0,14,113.0,2.511111111111111,7.35936172721006,6,62.0,0.3933995642581921,8,70.0,0.44972571542056056,14,132.0
5435.0,12,98.0,2.0851063829787235,6.85556071976612,8,80.0,0.24956362372727567,4,77.0,0.5881729418157332,12,157.0
5440.0,15,150.0,3.061224489795918,7.665743794103612,10,104.0,0.38529294617084076,5,71.0,0.6009480838541279,15,175.0
5445.0,15,181.0,3.7708333333333335,6.679463807478871,8,104.0,0.4350755065815285,7,104.0,0.47074337576174247,15,208.0
5450.0,13,135.0,2.7,6.482010908727046,5,105.0,0.4853629738543117,8,83.0,0.33576487448872266,13,188.0
5455.0,20,175.0,3.3653846153846154,5.107524558189048,7,99.0,0.35239550496454675,13,131.0,0.2097311942690029,20,230.0
5460.0,19,213.0,3.8035714285714284,6.142025024825797,9,117.0,0.3507257022663387,10,165.0,0.37593347331182053,19,282.0
5465.0,19,260.0,4.814814814814815,6.262588494571055,11,141.0,0.3255596948603852,8,176.0,0.46961391512801837,19,317.0
5470.0,14,171.0,3.2884615384615383,5.988393986591261,7,129.0,0.3379989441678947,7,139.0,0.36852025221982804,14,268.0
5475.0,14,141.0,2.517857142857143,5.574216483810447,5,99.0,0.3218808354602584,9,103.0,0.2579396659942595,14,202.0
5480.0,21,162.0,2.7457627118644066,6.396337643248056,11,131.0,0.3575792532025645,10,112.0,0.3775688537636709,21,243.0
5485.0,21,225.0,4.017857142857143,6.692882750925311,11,159.0,0.3594350913478169,10,115.0,0.4800532592736553,21,274.0
5490.0,15,229.0,4.089285714285714,6.411580537475065,9,158.0,0.4204077833640897,6,115.0,0.34697338366856423,15,273.0
5495.0,18,217.0,4.018518518518518,6.056988989798257,10,146.0,0.35167641784781517,8,97.0,0.260455683660681,18,243.0
5500.0,20,176.0,3.142857142857143,5.024964876152289,14,170.0,0.17331345664893713,6,93.0,0.30292401084121406,20,263.0
5505.0,23,159.0,2.7413793103448274,5.757695608591331,16,174.0,0.26398775884338527,7,62.0,0.42782550887026044,23,236.0
5510.0,21,200.0,3.6363636363636362,6.125542461672528,16,224.0,0.3178471451999015,5,61.0,0.5276735030307576,21,285.0
5515.0,20,241.0,4.303571428571429,5.8736249163405585,13,266.0,0.30665908236733236,7,86.0,0.5287639862977359,20,352.0
5520.0,19,218.0,3.824561403508772,5.187234084041742,13,265.0,0.3091255259248893,6,84.0,0.3944274920849868,19,349.0
5525.0,23,240.0,4.285714285714286,4.59308364495494,13,265.0,0.25082246088113913,10,114.0,0.19909499129878874,23,379.0
5530.0,22,230.0,4.035087719298246,4.992837920770712,15,269.0,0.2358861525553019,7,126.0,0.31935102863108045,22,395.0
5535.0,24,250.0,4.464285714285714,5.501608266036494,17,302.0,0.27257393298827126,7,107.0,0.4265891500101241,24,409.0
5540.0,22,239.0,4.345454545454546,5.591772208368072,17,299.0,0.27975899578842234,5,84.0,0.46958698447882674,22,383.0
5545.0,23,279.0,4.810344827586207,5.462906177729671,16,329.0,0.24868161925370258,7,93.0,0.3728295793759864,23,422.0
5550.0,18,220.0,3.9285714285714284,6.390305792256589,13,305.0,0.2675657169419418,5,91.0,0.5103087083503803,18,396.0
5555.0,14,214.0,3.689655172413793,5.999550604800924,11,314.0,0.1674110972780835,3,82.0,0.5226123664824542,14,396.0
5560.0,21,234.0,3.9661016949152543,6.326619302844675,18,341.0,0.13897577670456765,3,44.0,0.592643849731137,21,385.0
5565.0,21,282.0,4.779661016949152,6.888013506602235,16,375.0,0.3460015189782985,5,55.0,0.5653654451416774,21,430.0
5570.0,20,339.0,5.65,6.640469735217851,14,404.0,0.4109139242615561,6,76.0,0.509335285646713,20,480.0
5575.0,22,372.0,6.305084745762712,5.5778222128868,15,409.0,0.32553817382839867,7,107.0,0.4233515061938017,22,516.0
5580.0,18,305.0,5.083333333333333,5.494149947783597,11,357.0,0.2293153107367864,7,98.0,0.40333860419300643,18,455.0
5585.0,17,189.0,3.0,5.782622175118008,11,311.0,0.2508247146279217,6,102.0,0.37948372725700613,17,413.0
5590.0,21,173.0,2.8360655737704916,5.383066341370138,13,254.0,0.2154238687111162,8,124.0,0.3378575311992375,21,378.0
5595.0,23,244.0,3.935483870967742,5.326392339968481,16,258.0,0.16080433459463891,7,144.0,0.46503966822060583,23,402.0
5600.0,22,187.0,3.1166666666666667,5.086544891072318,14,254.0,0.1766283530488907,8,114.0,0.35270003766807945,22,368.0
5605.0,19,266.0,4.666666666666667,6.300106084885965,11,280.0,0.3343202808855213,8,116.0,0.3512091271768619,19,396.0
5610.0,22,333.0,5.946428571428571,5.341441436401155,11,295.0,0.2667899190738459,11,166.0,0.25183165468122237,22,461.0
5615.0,23,366.0,6.777777777777778,4.788173631877056,14,306.0,0.24946490777516228,9,177.0,0.25670760303466117,23,483.0
5620.0,27,350.0,6.730769230769231,4.3300705770557695,18,321.0,0.2512656069866173,9,160.0,0.2830269970017832,27,481.0
5625.0,25,364.0,7.0,4.416491511963927,18,326.0,0.29296044637383095,7,144.0,0.29946224973408,25,470.0
5630.0,27,422.0,7.962264150943396,4.668363537775922,17,366.0,0.23923088994559066,10,179.0,0.3692333549890512,27,545.0
5635.0,19,258.0,4.961538461538462,5.032208679107838,12,336.0,0.23885035188094217,7,161.0,0.34143013813595746,19,497.0
5640.0,14,259.0,5.078431372549019,4.557316913341834,10,350.0,0.1538647211986101,4,107.0,0.20077097528477666,14,457.0
5645.0,21,350.0,7.0,4.400815797056921,15,411.0,0.13774417048549628,6,128.0,0.26609430593881206,21,539.0
5650.0,23,358.0,6.509090909090909,5.295964406759485,19,445.0,0.1690474708615234,4,88.0,0.5478844941210163,23,533.0
5655.0,14,378.0,6.517241379310345,7.645735091352221,11,422.0,0.36986976101893115,3,88.0,0.750434353906771,14,510.0
5660.0,12,208.0,3.7142857142857144,6.633782116436914,8,313.0,0.3420897478910098,4,106.0,0.5890078040935458,12,419.0
5665.0,21,263.0,4.5344827586206895,6.002911989333003,15,273.0,0.2554057224187462,6,135.0,0.5653252552812121,21,408.0
5670.0,24,236.0,4.140350877192983,4.5899841821201175,21,301.0,0.2132761253170693,3,124.0,0.464325476789339,24,425.0
5675.0,26,310.0,5.344827586206897,5.2107199290982695,19,314.0,0.20671446424433026,7,147.0,0.5098282845371315,26,461.0
5680.0,24,347.0,6.196428571428571,4.562258257656185,20,344.0,0.14537087080585864,4,152.0,0.5033329611488289,24,496.0
5685.0,21,300.0,5.357142857142857,5.8463690263455215,14,338.0,0.2655213711973296,7,176.0,0.4435774656121344,21,514.0
5690.0,16,331.0,6.365384615384615,4.595843306008439,9,277.0,0.26467677360815794,7,200.0,0.17714139133552173,16,477.0
5695.0,20,343.0,6.351851851851852,5.001464737118756,10,268.0,0.2149801028061402,10,241.0,0.08482185209826335,20,509.0
5700.0,21,325.0,5.803571428571429,5.521756280826592,14,273.0,0.22173964552082434,7,246.0,0.2870137048290847,21,519.0
5705.0,22,393.0,7.415094339622642,5.81264761039579,16,302.0,0.1996386127911947,6,234.0,0.4831007848438066,22,536.0
5710.0,12,234.0,4.68,6.175606675471065,9,281.0,0.22699533259982757,3,138.0,0.462317423003665,12,419.0
5715.0,16,201.0,3.9411764705882355,5.525099313616753,11,288.0,0.19981802332898402,5,49.0,0.40584292619753326,16,337.0
5720.0,25,306.0,6.0,5.7121896335006355,18,352.0,0.24364362109050586,7,67.0,0.44828220746376046,25,419.0
5725.0,22,385.0,7.857142857142857,4.889861042774708,14,388.0,0.2275047551893431,8,102.0,0.3927284306338398,22,490.0
5730.0,15,384.0,7.836734693877551,5.277574616251624,9,377.0,0.2744551027042325,6,106.0,0.34487673392521845,15,483.0
5735.0,19,415.0,8.3,5.839324870553443,10,369.0,0.30810731293715393,9,131.0,0.3493491427343826,19,500.0
5740.0,25,448.0,8.615384615384615,5.23311080355298,15,376.0,0.23561294897325402,10,145.0,0.34479819922511284,25,521.0
5745.0,24,392.0,7.686274509803922,5.319026798895107,15,348.0,0.2769578002808604,9,169.0,0.40211509994816413,24,517.0
5750.0,24,246.0,4.6415094339622645,4.86131364978221,16,293.0,0.3512299286145807,8,142.0,0.3263191837288163,24,435.0
5755.0,20,237.0,4.388888888888889,4.965449106940234,13,310.0,0.26252207456834553,7,94.0,0.3836410130699359,20,404.0
5760.0,15,197.0,3.517857142857143,5.7492034032524595,11,291.0,0.1896874279768598,4,94.0,0.44844117554751944,15,385.0
5765.0,17,231.0,3.85,5.345789085526528,11,322.0,0.224564359999666,6,109.0,0.33543858105326774,17,431.0
5770.0,24,245.0,3.888888888888889,6.1739137592593245,14,357.0,0.24774026007271172,10,120.0,0.4772827290178354,24,477.0
5775.0,23,324.0,5.4,5.6789826010263225,14,385.0,0.2628047541827592,9,133.0,0.4903521713538679,23,518.0
5780.0,21,322.0,5.111111111111111,4.866927290365821,11,379.0,0.34598000030249937,10,139.0,0.26358461447015685,21,518.0
5785.0,21,222.0,3.5238095238095237,5.6067550069921195,11,334.0,0.36333638236449717,10,124.0,0.26848691043201667,21,458.0
5790.0,29,264.0,4.125,5.24813925397675,18,339.0,0.21749583220476243,11,113.0,0.27819441687768837,29,452.0
5795.0,31,361.0,5.640625,4.958864403073058,19,413.0,0.1515125124296177,12,145.0,0.3186808701280962,31,558.0
5800.0,28,409.0,6.704918032786885,4.73085643870529,18,461.0,0.2276873466587286,10,174.0,0.32734863174593404,28,635.0
5805.0,26,378.0,6.096774193548387,5.1447958463189085,16,407.0,0.26116774019839306,10,189.0,0.3757869875741486,26,596.0
5810.0,25,369.0,5.676923076923077,4.536739551509155,18,382.0,0.179628905220677,7,183.0,0.30724650268547904,25,565.0
5815.0,32,413.0,6.164179104477612,4.785900788103485,19,406.0,0.26689194454914245,13,206.0,0.22934125952683268,32,612.0
5820.0,25,237.0,3.4347826086956523,4.9680670932845725,13,357.0,0.2590620814843531,12,193.0,0.283939498643158,25,550.0
5825.0,29,367.0,5.242857142857143,5.524854953856001,15,339.0,0.29170647710110303,14,207.0,0.2881440762526891,29,546.0
5830.0,30,429.0,6.042253521126761,5.538163559654764,17,369.0,0.319791982497682,13,234.0,0.2446687686743806,30,603.0
5835.0,23,415.0,5.928571428571429,5.462262876447851,18,426.0,0.23127594709260768,5,200.0,0.31587960967543466,23,626.0
5840.0,32,359.0,5.128571428571429,3.9811134515973574,24,483.0,0.06830225636007592,8,159.0,0.34816617909680336,32,642.0
5845.0,38,521.0,7.550724637681159,4.46753405647153,25,590.0,0.17855199191927984,13,167.0,0.3304063166008616,38,757.0
5850.0,34,599.0,8.319444444444445,4.586402734957918,23,654.0,0.25442382672008923,11,186.0,0.3604925749623288,34,840.0
5855.0,28,611.0,8.48611111111111,5.287543022768394,18,664.0,0.2744341797766918,10,167.0,0.39947549055260817,28,831.0
5860.0,30,550.0,7.534246575342466,4.366878795622555,20,691.0,0.18060398547883583,10,166.0,0.28464506711167953,30,857.0
5865.0,38,434.0,5.7105263157894735,3.988808398122893,24,669.0,0.13474791563567856,14,165.0,0.24288987877273305,38,834.0
5870.0,38,484.0,6.453333333333333,4.2919373673687,24,668.0,0.2061385374687105,14,205.0,0.2551794883411932,38,873.0
5875.0,26,412.0,5.5675675675675675,4.184790073578781,18,692.0,0.19936978077635714,8,206.0,0.30322092907880854,26,898.0
5880.0,30,472.0,6.378378378378378,4.254950136958244,21,666.0,0.13287124600354966,9,227.0,0.31761338187172417,30,893.0
5885.0,37,543.0,7.24,3.9191259703705557,23,701.0,0.10632350949422385,14,264.0,0.2774026413415113,37,965.0
5890.0,35,525.0,7.291666666666667,3.19560034896469,17,655.0,0.15216753085655327,18,314.0,0.12829414161562694,35,969.0
5895.0,29,468.0,6.324324324324325,4.104434085428129,17,643.0,0.1727603872157498,12,333.0,0.21809709922550521,29,976.0
5900.0,29,517.0,7.082191780821918,5.534801005252376,21,616.0,0.21482948182201012,8,357.0,0.3985007859755631,29,973.0
5905.0,29,446.0,5.946666666666666,4.800203473973028,22,661.0,0.13424543308386794,7,264.0,0.34849509829144026,29,925.0
5910.0,33,553.0,7.472972972972973,5.433675780952934,17,657.0,0.26510737882837304,16,259.0,0.20416072609461658,33,916.0
5915.0,34,616.0,8.555555555555555,4.703286804656886,17,648.0,0.2455185336129769,17,314.0,0.1524742158113662,34,962.0
5920.0,27,543.0,7.985294117647059,4.77150079715129,18,575.0,0.16080686396450006,9,327.0,0.28230746721482297,27,902.0
5925.0,29,385.0,6.111111111111111,4.139839344217318,19,542.0,0.09474861685463933,10,263.0,0.30755879720843227,29,805.0
5930.0,30,308.0,4.7384615384615385,3.824529717691489,18,544.0,0.1469631139225909,12,225.0,0.2577086962477307,30,769.0
5935.0,32,419.0,6.348484848484849,3.938345220249469,18,587.0,0.20389624882444896,14,261.0,0.23950020006275013,32,848.0
5940.0,30,437.0,6.828125,4.667681338460409,20,613.0,0.16999884007980787,10,265.0,0.36341688925699983,30,878.0
5945.0,24,319.0,5.063492063492063,4.775636371018951,14,578.0,0.12795561570936714,10,267.0,0.28584260465680317,24,845.0
5950.0,25,225.0,3.515625,4.36746847639029,13,549.0,0.2206028246142909,12,248.0,0.14521160688216903,25,797.0
5955.0,34,336.0,5.333333333333333,4.409856152318823,19,601.0,0.1985286730801919,15,266.0,0.2123763549238752,34,867.0
5960.0,35,452.0,7.174603174603175,4.124023760080342,18,639.0,0.22831336337747762,17,274.0,0.20508152323713416,35,913.0
5965.0,26,472.0,7.737704918032787,4.668832719003345,12,597.0,0.2508615949023745,14,301.0,0.21689021894154473,26,898.0
5970.0,24,396.0,6.387096774193548,4.503680412612391,14,571.0,0.18516076341679083,10,276.0,0.2563928057108399,24,847.0
5975.0,25,260.0,4.126984126984127,4.846509346515921,16,479.0,0.11020261592434664,9,239.0,0.3412002880728145,25,718.0
5980.0,25,282.0,4.476190476190476,5.420391849769777,14,487.0,0.2264076119949101,11,260.0,0.4397614112808943,25,747.0
5985.0,27,358.0,5.868852459016393,4.843198358976474,11,435.0,0.3088734378586019,16,305.0,0.3517000299482159,27,740.0
5990.0,24,340.0,5.666666666666667,4.497068156668358,7,391.0,0.3489775539292501,17,348.0,0.2516226941870682,24,739.0
5995.0,24,415.0,6.693548387096774,4.528772205996429,9,361.0,0.28283794286943065,15,359.0,0.20465409716298616,24,720.0
6000.0,32,499.0,8.180327868852459,3.9413741655637784,15,320.0,0.13895962514193277,17,417.0,0.20371567656339748,32,737.0
6005.0,36,634.0,10.063492063492063,3.557463149974462,16,365.0,0.18045681392979573,20,483.0,0.20249591070020215,36,848.0
6010.0,30,711.0,10.938461538461539,5.12479564736952,12,342.0,0.3921088081623266,18,553.0,0.20503818337818003,30,895.0
6015.0,26,724.0,11.3125,5.4510038582668905,10,304.0,0.3364039050217821,16,603.0,0.24785979293921848,26,907.0
6020.0,32,804.0,12.36923076923077,4.770197480402939,15,338.0,0.1688753121820043,17,661.0,0.2440312505267373,32,999.0
6025.0,33,849.0,13.918032786885245,4.400068892998984,19,369.0,0.13664293443631023,14,681.0,0.27854802087552516,33,1050.0
6030.0,31,813.0,13.112903225806452,4.231847859275253,17,395.0,0.20857814628279833,14,637.0,0.23582790171540477,31,1032.0
6035.0,30,484.0,7.934426229508197,4.555739127399853,15,347.0,0.28616224615586566,15,527.0,0.27746199797736737,30,874.0
6040.0,28,380.0,6.129032258064516,4.714845348145379,15,341.0,0.3065095582944945,13,465.0,0.3116048386696912,28,806.0
6045.0,30,391.0,6.015384615384615,3.989960549385673,15,344.0,0.2604425320493288,15,499.0,0.2852842915174317,30,843.0
6050.0,28,323.0,4.969230769230769,3.903124297811514,10,276.0,0.3103838742176087,18,525.0,0.1335400639127929,28,801.0
6055.0,28,351.0,5.4,4.6259589735461475,9,228.0,0.3952955579970976,19,564.0,0.09568674400918616,28,792.0
6060.0,20,284.0,4.369230769230769,5.44745406737553,6,182.0,0.36201133301408506,14,556.0,0.17662575387074245,20,738.0
6065.0,22,341.0,5.683333333333334,5.497309230833502,12,203.0,0.18340717905504444,10,520.0,0.3528232892152098,22,723.0
6070.0,28,351.0,5.85,5.424800551433419,15,227.0,0.28666809466099874,13,435.0,0.32554844203439964,28,662.0
6075.0,26,282.0,4.862068965517241,4.316527834614404,11,227.0,0.309585588122127,15,423.0,0.2791516349427241,26,650.0
6080.0,28,346.0,5.580645161290323,4.5550914858350735,9,244.0,0.3141820377357893,19,445.0,0.2720929386660162,28,689.0
6085.0,25,337.0,4.955882352941177,5.369424097549363,7,214.0,0.3462694993093739,18,484.0,0.2942486366253667,25,698.0
6090.0,19,322.0,4.878787878787879,5.656042110237614,7,212.0,0.3039435542066881,12,458.0,0.2842143298744464,19,670.0
6095.0,24,378.0,5.90625,4.722693642077417,10,215.0,0.27030242713532293,14,421.0,0.17163916094033982,24,636.0
6100.0,33,451.0,6.938461538461539,4.481616852499925,11,241.0,0.24394092125943237,22,378.0,0.17118277309122634,33,619.0
6105.0,29,444.0,7.161290322580645,4.803745488074489,8,245.0,0.3125752121795235,21,398.0,0.25241573745075857,29,643.0
6110.0,24,414.0,6.571428571428571,5.015287539499363,5,227.0,0.37948329133363284,19,400.0,0.2043743781159964,24,627.0
6115.0,28,441.0,7.0,5.003180092132045,9,238.0,0.4192077277734548,19,449.0,0.19437991197444868,28,687.0
6120.0,31,394.0,6.253968253968254,4.748545332153982,8,117.0,0.3880728567784049,23,481.0,0.15222213751295238,31,598.0
6125.0,35,449.0,7.015625,4.344040944710725,12,162.0,0.42870387778414926,23,508.0,0.10039069047657716,35,670.0
6130.0,26,305.0,4.765625,4.890517919439034,11,168.0,0.399418264300098,15,457.0,0.20469671349522808,26,625.0
6135.0,25,388.0,6.158730158730159,4.895441330195872,12,194.0,0.2210810055008746,13,400.0,0.299167910726099,25,594.0
6140.0,23,363.0,5.671875,4.812244201841952,13,205.0,0.21057628505576317,10,393.0,0.29053936396123076,23,598.0
6145.0,20,261.0,3.9545454545454546,5.286085759991152,8,154.0,0.30940109827803947,12,362.0,0.22165797565446835,20,516.0
6150.0,23,279.0,4.043478260869565,6.348903025160102,9,141.0,0.40036279619283927,14,369.0,0.22635960563149013,23,510.0
6155.0,26,285.0,4.384615384615385,6.303265958201813,9,161.0,0.3702455292563368,17,370.0,0.2600134861874616,26,531.0
6160.0,31,357.0,5.758064516129032,4.306561667270067,14,205.0,0.31685746595121994,17,394.0,0.1678610403908148,31,599.0
6165.0,24,359.0,5.698412698412699,4.948103873098411,12,247.0,0.26226354878620184,12,368.0,0.2481281569040369,24,615.0
6170.0,24,411.0,6.629032258064516,4.949674750480862,11,260.0,0.25520317878475374,13,377.0,0.20050961810519966,24,637.0
6175.0,24,316.0,5.180327868852459,5.133856931311046,10,217.0,0.25627364765090116,14,351.0,0.18291636064549485,24,568.0
6180.0,25,375.0,6.3559322033898304,4.743962204476578,14,220.0,0.23528197387218086,11,368.0,0.18583009028018374,25,588.0
6185.0,25,366.0,6.777777777777778,4.307956131526779,15,254.0,0.1294893278616916,10,344.0,0.2776965308651842,25,598.0
6190.0,27,368.0,6.571428571428571,4.112376186153516,14,239.0,0.08812881124104505,13,379.0,0.2310796543837578,27,618.0
6195.0,24,396.0,6.947368421052632,4.458864668549413,12,270.0,0.21053704247174732,12,400.0,0.2693799977047928,24,670.0
6200.0,18,259.0,4.625,5.651617061223574,7,228.0,0.3992434230092623,11,358.0,0.2677042523487221,18,586.0
6205.0,26,291.0,5.196428571428571,5.098178747471147,9,198.0,0.30765232267499,17,396.0,0.19821329616539582,26,594.0
6210.0,29,360.0,6.206896551724138,4.757705949961205,14,240.0,0.2697791559424402,15,410.0,0.1766885607053809,29,650.0
6215.0,23,374.0,6.8,5.291856741605311,13,256.0,0.20140863400673573,10,368.0,0.3378479638709842,23,624.0
6220.0,25,381.0,7.055555555555555,4.818494937893382,14,252.0,0.1365982920394986,11,370.0,0.3138593086804601,25,622.0
6225.0,24,384.0,6.7368421052631575,5.221755644251056,13,256.0,0.18410136098020127,11,356.0,0.36139544832423703,24,612.0
6230.0,16,345.0,6.052631578947368,6.339156044924728,7,196.0,0.4506328037542108,9,370.0,0.29845974652005697,16,566.0
6235.0,15,316.0,5.642857142857143,6.251399840330405,6,168.0,0.38191775460110705,9,351.0,0.319503613705282,15,519.0
6240.0,26,262.0,4.5964912280701755,5.816583006990928,14,209.0,0.24449781057902173,12,294.0,0.27320796428010197,26,503.0
6245.0,24,246.0,4.392857142857143,5.875311658437868,12,232.0,0.2662193476957944,12,185.0,0.3202708124191197,24,417.0
6250.0,27,328.0,6.074074074074074,5.159303273464104,13,247.0,0.3028879245184197,14,219.0,0.3049351329174614,27,466.0
6255.0,22,308.0,5.6,5.0553262610890615,9,239.0,0.36799121777807614,13,242.0,0.3032455670695777,22,481.0
6260.0,17,262.0,4.366666666666666,5.751623280674583,6,169.0,0.514121367072725,11,255.0,0.18224451421189394,17,424.0
6265.0,19,253.0,4.362068965517241,6.05777832828406,9,172.0,0.4967026814654187,10,244.0,0.18099864233142382,19,416.0
6270.0,24,339.0,5.947368421052632,5.185128785011069,14,234.0,0.3005911666492406,10,234.0,0.22428650547904155,24,468.0
6275.0,28,322.0,5.551724137931035,4.163599206655101,17,202.0,0.1117472405871171,11,273.0,0.30366037821321173,28,475.0
6280.0,33,416.0,7.298245614035087,4.210092571515851,20,257.0,0.14583817515509817,13,303.0,0.33058278990515844,33,560.0
6285.0,29,447.0,7.706896551724138,3.928420506054437,18,284.0,0.20271289171172618,11,289.0,0.29805278162140264,29,573.0
6290.0,23,307.0,5.032786885245901,4.734187553599094,11,272.0,0.38048770983744684,12,248.0,0.17149802442013612,23,520.0
6295.0,24,352.0,5.866666666666666,5.0738244769988485,8,266.0,0.4070840811543571,16,273.0,0.10859905454434748,24,539.0
6300.0,29,386.0,5.7611940298507465,5.301494423574666,16,298.0,0.3622572578022426,13,282.0,0.231568387672927,29,580.0
6305.0,23,257.0,3.8358208955223883,5.761468884119458,19,319.0,0.2779028835318795,4,198.0,0.40664872525332385,23,517.0
6310.0,24,276.0,4.181818181818182,5.791001478124661,19,343.0,0.22092883921672535,5,145.0,0.4565809271222726,24,488.0
6315.0,23,272.0,3.9420289855072466,5.188293285124852,19,376.0,0.1317916592124436,4,127.0,0.45417400741175895,23,503.0
6320.0,22,222.0,3.217391304347826,5.455399763891416,15,357.0,0.15967944489922423,7,104.0,0.48975447985949927,22,461.0
6325.0,20,260.0,4.0,5.478074581889286,13,347.0,0.2860395312917797,7,103.0,0.337187428304734,20,450.0
6330.0,24,262.0,4.09375,5.131511876995896,18,347.0,0.15841289228473757,6,98.0,0.3485978888818499,24,445.0
6335.0,30,295.0,4.916666666666667,4.661670281849877,24,403.0,0.09544357766786754,6,58.0,0.306569840593577,30,461.0
6340.0,34,413.0,7.0,4.540803569145165,25,477.0,0.11805679651040608,9,91.0,0.4369281788063491,34,568.0
6345.0,27,417.0,7.315789473684211,4.717313063318895,21,522.0,0.16556486163809211,6,102.0,0.47793163927513377,27,624.0
6350.0,22,349.0,6.345454545454546,4.566247380279429,15,548.0,0.1945937994906368,7,94.0,0.4837381385307815,22,642.0
6355.0,20,269.0,4.803571428571429,4.14838729221379,12,496.0,0.22320998733856276,8,94.0,0.24704220771586283,20,590.0
6360.0,21,318.0,5.482758620689655,4.56963397353304,14,508.0,0.1841190565827134,7,91.0,0.2507162706676895,21,599.0
6365.0,28,411.0,6.629032258064516,5.0643705203613925,22,582.0,0.20127002860824159,6,105.0,0.35778553769408894,28,687.0
6370.0,32,514.0,8.711864406779661,4.927633812590111,23,633.0,0.22110534007940724,9,135.0,0.37921317345679306,32,768.0
6375.0,25,535.0,8.916666666666666,4.846005651585605,18,644.0,0.2295718479149368,7,157.0,0.41953723280393485,25,801.0
6380.0,22,521.0,8.830508474576272,4.484512194574428,17,658.0,0.1282119654203477,5,153.0,0.4458710062396025,22,811.0
6385.0,19,370.0,6.7272727272727275,4.516959741073152,16,646.0,0.11278632826440144,3,80.0,0.43866761647497937,19,726.0
6390.0,23,216.0,3.6,4.7267453930700905,15,570.0,0.17451000358664281,8,71.0,0.33208842427419294,23,641.0
6395.0,24,224.0,3.7333333333333334,5.296476609067639,15,490.0,0.27490519160915455,9,104.0,0.34661099667411543,24,594.0
6400.0,23,280.0,5.0,5.316933844265212,17,525.0,0.2123457022966658,6,107.0,0.5249638839148616,23,632.0
6405.0,19,327.0,5.45,5.956201500585315,13,533.0,0.28988937354857813,6,121.0,0.3817577467813147,19,654.0
6410.0,21,348.0,5.612903225806452,6.093168574907684,12,517.0,0.3246582047812118,9,148.0,0.3071919364762139,21,665.0
6415.0,20,289.0,4.737704918032787,5.877217181980554,11,443.0,0.30029837346579463,9,175.0,0.35299020770247647,20,618.0
6420.0,17,296.0,4.852459016393443,6.206032952400868,12,453.0,0.20265189949813409,5,164.0,0.5819812687889105,17,617.0
6425.0,21,266.0,4.290322580645161,5.568897188366444,16,514.0,0.16021136867221678,5,111.0,0.542249829732023,21,625.0
6430.0,27,266.0,4.15625,5.322958279888576,17,501.0,0.19470446757339405,10,111.0,0.44467792519873134,27,612.0
6435.0,29,374.0,5.582089552238806,5.533766590175091,20,566.0,0.20494399259413262,9,141.0,0.4180677401431833,29,707.0
6440.0,31,415.0,6.1940298507462686,5.136200898331924,18,590.0,0.23280063245839225,13,170.0,0.35753173890728185,31,760.0
6445.0,26,346.0,5.0144927536231885,5.020210187274264,13,532.0,0.2659235595551393,13,193.0,0.3211138339358186,26,725.0
6450.0,27,375.0,5.597014925373134,5.032489241176197,16,584.0,0.2663224955089652,11,184.0,0.2872398063522975,27,768.0
6455.0,30,465.0,6.642857142857143,4.831088023804861,20,661.0,0.15731082678325933,10,183.0,0.3336238571966667,30,844.0
6460.0,29,530.0,7.794117647058823,5.401911258746017,19,695.0,0.2294830620832006,10,185.0,0.3944402150322536,29,880.0
6465.0,29,514.0,7.787878787878788,5.315531714989945,15,683.0,0.31384439651935053,14,145.0,0.3100826682360993,29,828.0
6470.0,29,525.0,7.720588235294118,4.603242013400836,15,644.0,0.24256432663208619,14,191.0,0.2504520344753093,29,835.0
6475.0,33,411.0,5.871428571428571,4.2213606902272245,16,508.0,0.23627136989087935,17,247.0,0.23076954120527293,33,755.0
6480.0,33,384.0,5.333333333333333,4.562345519927648,14,542.0,0.2962535683226494,19,302.0,0.29406382508216194,33,844.0
6485.0,35,433.0,6.013888888888889,4.135673805325056,18,552.0,0.22482215846938947,17,344.0,0.30326020920142843,35,896.0
6490.0,33,425.0,5.743243243243243,4.241724075662543,19,595.0,0.1540942987249982,14,338.0,0.3245302279213353,33,933.0
6495.0,30,362.0,4.701298701298701,4.8482037128069075,15,590.0,0.2127978923069044,15,334.0,0.2694535165665656,30,924.0
6500.0,34,402.0,5.220779220779221,4.4626685147008756,16,564.0,0.19967103086796423,18,333.0,0.17270406588348888,34,897.0
6505.0,36,447.0,5.881578947368421,4.114159060455665,17,513.0,0.1751672157237546,19,397.0,0.21776684647482636,36,910.0
6510.0,40,596.0,8.054054054054054,4.028407736178778,17,558.0,0.2238828486106485,23,473.0,0.2477594126570721,40,1031.0
6515.0,32,636.0,8.712328767123287,4.130903352940449,13,552.0,0.26843384038342916,19,513.0,0.203086203090345,32,1065.0
6520.0,24,454.0,5.973684210526316,4.565735984657579,9,494.0,0.2793034569957398,15,477.0,0.18589781688914828,24,971.0
6525.0,31,595.0,7.4375,5.431434786867648,15,488.0,0.23427546498803145,16,488.0,0.23747891592435535,31,976.0
6530.0,34,610.0,8.026315789473685,5.266583330498975,18,532.0,0.2641094840760265,16,488.0,0.2491590889353887,34,1020.0
6535.0,23,488.0,6.873239436619718,5.7220644191621615,10,540.0,0.34065123488736876,13,427.0,0.2669368306273848,23,967.0
6540.0,23,405.0,5.785714285714286,5.233224685541817,9,482.0,0.3279904606354579,14,403.0,0.1966007655846778,23,885.0
6545.0,32,423.0,6.042857142857143,4.681517439808267,16,451.0,0.30746495464726975,16,422.0,0.14766297322636396,32,873.0
6550.0,33,453.0,6.969230769230769,3.786589630821596,17,505.0,0.22476503731234448,16,394.0,0.21341763960696739,33,899.0
6555.0,26,469.0,7.106060606060606,4.04185501743718,13,531.0,0.21525134577764773,13,405.0,0.22100426925723105,26,936.0
6560.0,25,440.0,6.470588235294118,4.183156379023245,13,548.0,0.16216925365399015,12,389.0,0.24301131267864404,25,937.0
6565.0,32,532.0,7.823529411764706,4.851902288511659,18,569.0,0.16330667616072142,14,403.0,0.2574609040169454,32,972.0
6570.0,35,617.0,9.208955223880597,4.747432851035754,19,631.0,0.2117578873213459,16,403.0,0.301245306094535,35,1034.0
6575.0,27,661.0,10.015151515151516,4.316497130157692,12,644.0,0.2535823426926664,15,420.0,0.22164129784487396,27,1064.0
6580.0,29,596.0,9.46031746031746,3.929132070339919,13,577.0,0.2828736883640762,16,434.0,0.14880238074828406,29,1011.0
6585.0,29,351.0,4.943661971830986,4.138892290915627,13,387.0,0.21091406150549427,16,398.0,0.2436338079154073,29,785.0
6590.0,34,477.0,6.534246575342466,5.3183838680473805,18,349.0,0.3228014653832461,16,388.0,0.3333978317191354,34,737.0
6595.0,33,481.0,6.589041095890411,4.9490243695565965,18,397.0,0.3478546219816914,15,393.0,0.30293537987874597,33,790.0
6600.0,21,383.0,5.319444444444445,4.3281985691758695,12,389.0,0.26414124052935517,9,324.0,0.19294175415276296,21,713.0
6605.0,23,469.0,6.7,5.050926216335227,11,396.0,0.2286747193282787,12,313.0,0.2463999728095763,23,709.0
6610.0,23,419.0,6.161764705882353,5.6074477532846645,13,381.0,0.20505744083133415,10,310.0,0.2796644658118978,23,691.0
6615.0,27,402.0,6.184615384615385,5.091624737644853,18,340.0,0.20797489444733358,9,275.0,0.20940575451930493,27,615.0
6620.0,31,405.0,6.864406779661017,4.277607625138857,19,367.0,0.22161882809358852,12,255.0,0.24757751949917486,31,622.0
6625.0,32,489.0,8.288135593220339,4.072192886147722,20,412.0,0.22209187107562087,12,193.0,0.278913655555435,32,605.0
6630.0,30,512.0,8.39344262295082,3.9605999328536075,18,457.0,0.27083949085940484,12,218.0,0.2668019112545554,30,675.0
6635.0,22,429.0,7.271186440677966,4.642128425451952,12,433.0,0.25585388773093737,10,203.0,0.25636668022543574,22,636.0
6640.0,18,259.0,4.316666666666666,4.619957054189995,8,335.0,0.22472009781724478,10,212.0,0.22677581078402206,18,547.0
6645.0,20,207.0,3.2857142857142856,5.3375480001392255,10,231.0,0.17788691198856454,10,210.0,0.37530367041776586,20,441.0
6650.0,25,269.0,4.483333333333333,4.951295480466454,15,245.0,0.21748564969710052,10,231.0,0.4342280487103666,25,476.0
6655.0,19,290.0,4.754098360655738,5.629322127585177,8,217.0,0.3539094279033121,11,244.0,0.3434117452650354,19,461.0
6660.0,21,337.0,5.106060606060606,5.083961783507291,6,203.0,0.34552322578367334,15,284.0,0.14872863444031648,21,487.0
6665.0,29,433.0,6.098591549295775,5.234795473943781,15,245.0,0.29630021205995927,14,327.0,0.24775611452849786,29,572.0
6670.0,29,314.0,4.617647058823529,4.626782129140776,16,244.0,0.26813412420121674,13,272.0,0.3293632728084804,29,516.0
6675.0,31,439.0,6.36231884057971,5.067539358021455,15,313.0,0.31079878841107117,16,261.0,0.30056313349370123,31,574.0
6680.0,33,451.0,6.442857142857143,4.460794955072416,15,321.0,0.28972353212019747,18,300.0,0.20059560918907685,33,621.0
6685.0,24,329.0,4.7,4.886363719486063,11,280.0,0.27021427523322805,13,288.0,0.17269404100207347,24,568.0
6690.0,26,272.0,3.8309859154929575,4.263650903075917,13,219.0,0.2675428650809753,13,315.0,0.12555331328174005,26,534.0
6695.0,30,324.0,4.5,4.995826762419936,17,258.0,0.2708082140085194,13,328.0,0.21077936338908576,30,586.0
6700.0,35,325.0,4.642857142857143,4.443018922639145,20,317.0,0.23621253095559122,15,327.0,0.35758312350905797,35,644.0
6705.0,35,374.0,5.3428571428571425,4.150499381389662,19,378.0,0.21144258030418317,16,337.0,0.33853000106860276,35,715.0
6710.0,37,410.0,5.54054054054054,3.3074988425751406,18,396.0,0.16879788587431357,19,354.0,0.29211722467448464,37,750.0
6715.0,28,291.0,3.8289473684210527,4.240349645865142,15,351.0,0.1931180330166587,13,320.0,0.294036256239509,28,671.0
6720.0,27,366.0,4.6923076923076925,4.808820105840374,15,334.0,0.24021851842109168,12,314.0,0.23376070849549332,27,648.0
6725.0,27,345.0,4.423076923076923,5.183303876616759,12,335.0,0.2808372123174917,15,305.0,0.21041817508156685,27,640.0
6730.0,34,352.0,4.756756756756757,4.589403319995255,16,336.0,0.1738121816403804,18,303.0,0.24844844333553848,34,639.0
6735.0,36,495.0,6.780821917808219,4.799534141952713,17,392.0,0.24186695630467478,19,345.0,0.25256089038208807,36,737.0
6740.0,28,547.0,7.927536231884058,4.58941414024428,11,418.0,0.3825851933827163,17,371.0,0.09581117385172211,28,789.0
6745.0,26,501.0,7.590909090909091,4.334229844282267,12,423.0,0.28191631977124015,14,346.0,0.16896529106838631,26,769.0
6750.0,28,361.0,5.388059701492537,3.9993023604863107,15,391.0,0.15197672520386532,13,329.0,0.20803539937127383,28,720.0
6755.0,33,430.0,6.231884057971015,4.1367855026615485,16,435.0,0.16810761456016288,17,340.0,0.21783869244673218,33,775.0
6760.0,26,428.0,6.202898550724638,4.916764579171296,10,449.0,0.30903435318384326,16,351.0,0.2108470375355477,26,800.0
6765.0,23,238.0,3.5,5.560739229883434,10,356.0,0.37402950529725026,13,342.0,0.2135367385115051,23,698.0
6770.0,27,270.0,3.857142857142857,5.167889384358825,17,373.0,0.2621442839174303,10,328.0,0.27316931773091385,27,701.0
6775.0,25,280.0,4.057971014492754,5.075095217872249,20,435.0,0.14844689394927502,5,240.0,0.3843332227740939,25,675.0
6780.0,22,343.0,4.971014492753623,5.440142012962004,14,462.0,0.13003622691295302,8,228.0,0.4419111852989529,22,690.0
6785.0,23,368.0,5.111111111111111,5.473226482406094,13,450.0,0.17141413727910473,10,232.0,0.28779669946255465,23,682.0
6790.0,27,314.0,4.686567164179104,5.151539217255561,14,397.0,0.20359133718658906,13,231.0,0.29406231460981175,27,628.0
6795.0,26,328.0,5.377049180327869,3.9295771794791827,16,427.0,0.2209328828854467,10,263.0,0.22730862621116674,26,690.0
6800.0,30,366.0,6.535714285714286,3.8184890661792394,18,440.0,0.20169935506451922,12,285.0,0.24447205707992126,30,725.0
6805.0,35,425.0,7.327586206896552,2.7840994213403603,19,477.0,0.07511924678962421,16,340.0,0.19660590210566653,35,817.0
6810.0,29,418.0,6.966666666666667,4.705164583885549,12,462.0,0.25407103046079255,17,383.0,0.24153153821071133,29,845.0
6815.0,25,295.0,4.916666666666667,4.23463010057184,9,458.0,0.31454392036608564,16,331.0,0.17673624057447296,25,789.0
6820.0,30,384.0,6.0,5.091814583365558,14,500.0,0.3223293119620189,16,330.0,0.24763615242954742,30,830.0
6825.0,31,414.0,6.369230769230769,4.875371502698748,16,487.0,0.3194834856621419,15,361.0,0.33071093851939287,31,848.0
6830.0,31,435.0,6.397058823529412,4.803798310203831,17,435.0,0.2463576349233048,14,358.0,0.3357121191694036,31,793.0
6835.0,31,465.0,6.739130434782608,3.7860958800416604,20,450.0,0.11889197355532981,11,377.0,0.3027509482130938,31,827.0
6840.0,32,460.0,6.571428571428571,4.360159219778051,14,406.0,0.16209139146702856,18,420.0,0.2765122643943307,32,826.0
6845.0,29,523.0,7.4714285714285715,4.654819877750338,12,377.0,0.22445820654744267,17,467.0,0.210622445031249,29,844.0
6850.0,22,553.0,8.132352941176471,5.250137471250796,11,362.0,0.19412699809268766,11,489.0,0.2609780859582669,22,851.0
6855.0,25,528.0,7.880597014925373,4.327846757946101,14,398.0,0.12715662137156628,11,450.0,0.227787442490265,25,848.0
6860.0,33,285.0,4.1911764705882355,4.367937486823245,17,386.0,0.14210664486672325,16,369.0,0.2961967604946915,33,755.0
6865.0,32,369.0,5.271428571428571,5.05118536963355,18,359.0,0.25720743664653906,14,417.0,0.32093606571967154,32,776.0
6870.0,35,437.0,6.333333333333333,4.349452118536399,16,375.0,0.2241349182063359,19,475.0,0.2842801497443093,35,850.0
6875.0,32,361.0,5.084507042253521,4.222448247609557,10,315.0,0.29567244139731375,22,525.0,0.16927231613736557,32,840.0
6880.0,22,327.0,4.8088235294117645,4.851993245317262,5,254.0,0.28242599828876985,17,519.0,0.15539790631337402,22,773.0
6885.0,24,271.0,3.6621621621621623,5.325051963554031,7,182.0,0.36678909456765113,17,520.0,0.155943630303407,24,702.0
6890.0,29,309.0,4.291666666666667,4.696680256463883,12,230.0,0.3010928982357806,17,450.0,0.21181755523666002,29,680.0
6895.0,30,377.0,5.385714285714286,4.362156416501324,15,250.0,0.3413139630636513,15,476.0,0.27190393415860814,30,726.0
6900.0,23,384.0,5.485714285714286,4.589073858866681,9,209.0,0.2408197824443102,14,473.0,0.29044013721115813,23,682.0
6905.0,24,287.0,4.042253521126761,4.684962734415767,10,175.0,0.29029855237670305,14,476.0,0.20267996936789445,24,651.0
6910.0,31,356.0,5.014084507042254,4.838492742509016,11,165.0,0.260757179725309,20,512.0,0.20062245625838962,31,677.0
6915.0,33,299.0,4.333333333333333,4.571303596700472,11,179.0,0.27635925091338104,22,505.0,0.19780163141537685,33,684.0
6920.0,34,402.0,6.380952380952381,4.684457946078075,10,166.0,0.33769937504552966,24,528.0,0.148106507532671,34,694.0
6925.0,32,455.0,7.583333333333333,3.594852065910561,9,162.0,0.27787457661029696,23,582.0,0.08446385513002622,32,744.0
6930.0,23,403.0,6.396825396825397,4.86039740679744,8,143.0,0.2758896682169949,15,569.0,0.20297735593227145,23,712.0
6935.0,24,381.0,6.0476190476190474,4.991031089437774,11,153.0,0.2442865736733472,13,534.0,0.2709704157318569,24,687.0
6940.0,29,339.0,5.296875,4.874052181935967,14,222.0,0.2715743874129644,15,484.0,0.24624345852505858,29,706.0
6945.0,29,384.0,5.907692307692308,4.562152673229722,12,244.0,0.3351530153198882,17,502.0,0.20603034848542162,29,746.0
6950.0,19,368.0,6.456140350877193,4.669410867352311,8,224.0,0.29300539329523384,11,490.0,0.2162400998535714,19,714.0
6955.0,21,200.0,3.389830508474576,3.8362811338366054,8,151.0,0.1597560932948353,13,450.0,0.1487691512453086,21,601.0
6960.0,31,303.0,5.135593220338983,4.637034273199724,13,188.0,0.23035392448578537,18,452.0,0.17637225416519403,31,640.0
6965.0,29,334.0,5.566666666666666,4.5665539061462885,11,226.0,0.34645948839773705,18,484.0,0.20154520613932908,29,710.0
6970.0,28,462.0,7.830508474576271,5.248522714952436,11,268.0,0.42377430557262025,17,531.0,0.2385895979903943,28,799.0
6975.0,25,453.0,7.306451612903226,4.96420760492413,8,255.0,0.3169592779042675,17,549.0,0.2749923852711261,25,804.0
6980.0,18,417.0,6.415384615384616,6.047327897873257,7,194.0,0.3713906657074716,11,507.0,0.30710627309286875,18,701.0
6985.0,18,261.0,4.35,5.636094117769414,7,123.0,0.3202795253974948,11,436.0,0.2522019794560494,18,559.0
6990.0,24,200.0,3.1746031746031744,5.335822025168744,12,131.0,0.2605556523937096,12,326.0,0.1789370655838907,24,457.0
6995.0,25,223.0,3.912280701754386,5.12845184469641,10,139.0,0.3422009204478857,15,281.0,0.21575990428526437,25,420.0
7000.0,24,306.0,5.186440677966102,4.934390925057461,12,173.0,0.35300657650811534,12,311.0,0.23588605060056306,24,484.0
7005.0,23,316.0,5.745454545454545,4.3048238207055824,11,175.0,0.27623326123679204,12,296.0,0.20057283377989277,23,471.0
7010.0,20,241.0,4.82,5.087553073617941,8,142.0,0.3116973582186171,12,285.0,0.1574375497110561,20,427.0
7015.0,18,187.0,3.8958333333333335,4.533506245209318,5,112.0,0.30479113680293224,13,281.0,0.04957652206933176,18,393.0
7020.0,25,267.0,5.933333333333334,3.8850447141551077,12,144.0,0.2466202420327013,13,298.0,0.14175461240879275,25,442.0
7025.0,20,259.0,5.886363636363637,4.789641852120523,10,173.0,0.3772159728563612,10,282.0,0.245895554612879,20,455.0
7030.0,21,347.0,7.382978723404255,4.8679874505552325,11,197.0,0.29753137011288666,10,284.0,0.29716943831273684,21,481.0
7035.0,19,299.0,6.229166666666667,5.071317711384601,11,210.0,0.3655712754081924,8,286.0,0.28837448220239703,19,496.0
7040.0,12,288.0,6.260869565217392,6.863656218411814,5,176.0,0.3915927639167575,7,252.0,0.3437738221485012,12,428.0
7045.0,11,180.0,4.090909090909091,5.890086678800079,4,105.0,0.3553912285321448,7,239.0,0.1262485148783346,11,344.0
7050.0,19,226.0,5.022222222222222,5.426684313932103,11,118.0,0.17649053074945992,8,189.0,0.26268036225793945,19,307.0
7055.0,15,268.0,6.232558139534884,6.151570462551319,10,146.0,0.3182423431142888,5,207.0,0.5095977174370453,15,353.0
7060.0,13,312.0,8.0,7.360326057611997,7,135.0,0.4214820976202489,6,222.0,0.49087014183753475,13,357.0
7065.0,10,145.0,3.8157894736842106,5.975191060862302,7,119.0,0.17377576504707995,3,104.0,0.4195736077570827,10,223.0
7070.0,12,180.0,4.615384615384615,6.8657972779903975,7,108.0,0.38438341261382997,5,122.0,0.32559455773913,12,230.0
7075.0,9,201.0,5.153846153846154,6.936723627768715,5,116.0,0.5046754519164628,4,141.0,0.49511148067385524,9,257.0
7080.0,10,243.0,5.785714285714286,8.794853055285683,5,120.0,0.6747035744662243,5,155.0,0.38775206000888096,10,275.0
7085.0,5,126.0,3.0,7.483671731167579,2,60.0,0.45028022570043436,3,136.0,0.3897656778991181,5,196.0
7090.0,13,178.0,3.9555555555555557,7.10645315773691,8,60.0,0.29739814450744156,5,153.0,0.440221616474442,13,213.0
7095.0,14,116.0,2.761904761904762,6.172526060378379,10,100.0,0.26131606433712756,4,106.0,0.4726351740266821,14,206.0
7100.0,13,141.0,3.525,6.975799622304075,8,122.0,0.3732123626205477,5,45.0,0.49826185437031345,13,167.0
7105.0,12,147.0,3.769230769230769,6.910690876497356,6,111.0,0.40472275168782545,6,73.0,0.45880065789340563,12,184.0
7110.0,16,219.0,5.615384615384615,7.266334929245816,7,117.0,0.39062830380879326,9,120.0,0.48594630907463293,16,237.0
7115.0,11,121.0,2.951219512195122,6.550609868814584,5,107.0,0.3097273217884548,6,109.0,0.49086894670969317,11,216.0
7120.0,12,147.0,3.5,6.964379561541016,7,97.0,0.3464213864906472,5,75.0,0.5298411062144058,12,172.0
7125.0,11,92.0,2.13953488372093,7.110595654557609,6,83.0,0.4022876592087781,5,64.0,0.48592596001753163,11,147.0
7130.0,13,155.0,3.6904761904761907,6.636098143310121,5,91.0,0.4886755626617913,8,92.0,0.313478213405095,13,183.0
7135.0,15,126.0,3.073170731707317,5.148161601601211,4,67.0,0.4641488204199197,11,123.0,0.19438835896470563,15,190.0
7140.0,14,172.0,4.410256410256411,6.759645786844547,5,34.0,0.5933013420034515,9,147.0,0.14039121712058966,14,181.0
7145.0,12,134.0,3.1904761904761907,5.916310797868058,5,37.0,0.4297035143083101,7,132.0,0.1088752152349901,12,169.0
7150.0,15,160.0,3.6363636363636362,6.79995851358944,8,69.0,0.45140762387237326,7,123.0,0.3294411970804438,15,192.0
7155.0,12,125.0,2.9069767441860463,6.930597185069317,6,86.0,0.4420399211326041,6,99.0,0.4535794109375881,12,185.0
7160.0,11,151.0,3.775,7.382632515963699,6,99.0,0.47757917726962323,5,81.0,0.4759178986472802,11,180.0
7165.0,12,146.0,3.65,6.201772370752505,6,73.0,0.28878781264349923,6,106.0,0.3437816356077408,12,179.0
7170.0,13,118.0,2.6818181818181817,6.285837341252494,8,87.0,0.33789571608928004,5,97.0,0.27166756507676765,13,184.0
7175.0,9,88.0,2.1463414634146343,7.989297915322035,6,68.0,0.45067634938266077,3,56.0,0.5183024055402561,9,124.0
7180.0,12,140.0,3.5,8.16032153373482,7,95.0,0.46558317815021844,5,72.0,0.5764950239188422,12,167.0
7185.0,11,156.0,3.8048780487804876,6.696896991210642,7,119.0,0.3491026836981526,4,81.0,0.5243959719865903,11,200.0
7190.0,14,218.0,5.069767441860465,6.643864220263099,9,156.0,0.32698844968719903,5,93.0,0.5588139234578369,14,249.0
7195.0,12,209.0,4.976190476190476,6.764919110587016,7,129.0,0.44886543989239025,5,118.0,0.5666667246793946,12,247.0
7200.0,12,185.0,4.3023255813953485,7.140524909220229,8,161.0,0.42084132374253497,4,65.0,0.5888190817439869,12,226.0
