step,system_total_stopped,system_total_waiting_time,system_mean_waiting_time,system_mean_speed,J17_stopped,J17_accumulated_waiting_time,J17_average_speed,J18_stopped,J18_accumulated_waiting_time,J18_average_speed,agents_total_stopped,agents_total_accumulated_waiting_time
5.0,0,0.0,0.0,13.396313606770793,0,0.0,1.0,0,0.0,0.9083274369888052,0,0.0
10.0,0,0.0,0.0,13.222153427634664,0,0.0,0.9594592971358075,0,0.0,0.9411507377934654,0,0.0
15.0,0,0.0,0.0,12.726200158974597,0,0.0,0.9447807239077184,0,0.0,0.9409115248735169,0,0.0
20.0,0,0.0,0.0,11.113739745187718,0,0.0,0.779309482177025,0,0.0,0.9448975918624953,0,0.0
25.0,1,2.0,0.13333333333333333,8.239075141420013,1,2.0,0.4898301990679913,0,0.0,0.8105806110354541,1,2.0
30.0,5,21.0,1.05,8.217374714751317,3,17.0,0.6348023848096759,2,4.0,0.6235829904447139,5,21.0
35.0,5,42.0,1.826086956521739,7.330880617974423,3,32.0,0.5091949188273466,2,10.0,0.5740578829685766,5,42.0
40.0,8,75.0,2.8846153846153846,7.967328901543673,5,55.0,0.40029725960226836,3,23.0,0.6970690137043725,8,78.0
45.0,6,84.0,2.896551724137931,7.027735858450341,3,55.0,0.4121497693162263,3,38.0,0.5977532270278194,6,93.0
50.0,12,133.0,4.15625,6.803812368752125,7,78.0,0.3906994221294252,5,58.0,0.48360274662338626,12,136.0
55.0,6,88.0,2.75,6.734543199439708,4,77.0,0.495499074084779,2,33.0,0.3731076719588663,6,110.0
60.0,12,139.0,4.212121212121212,6.5847482157446775,7,100.0,0.45642839727688705,5,51.0,0.3263746224175136,12,151.0
65.0,10,131.0,4.09375,6.48884162807763,5,78.0,0.4585658555184675,5,71.0,0.4826230697254073,10,149.0
70.0,14,189.0,5.108108108108108,6.266057595418564,8,104.0,0.31724809156453043,6,103.0,0.504828955500421,14,207.0
75.0,13,130.0,3.25,5.621663985137995,8,90.0,0.20829860058256924,5,89.0,0.5243998811293025,13,179.0
80.0,18,201.0,4.674418604651163,5.890830879210832,10,124.0,0.2988244867016164,8,101.0,0.4747544579048121,18,225.0
85.0,14,124.0,2.6956521739130435,5.816523936255514,8,122.0,0.4384869800878808,6,70.0,0.41043787214080113,14,192.0
90.0,11,115.0,2.3958333333333335,7.041211449616036,4,80.0,0.4848907182992078,7,77.0,0.40819443915255205,11,157.0
95.0,10,110.0,2.4444444444444446,6.7974315797653455,4,64.0,0.4428372060036923,6,71.0,0.3143513218102907,10,135.0
100.0,14,113.0,2.306122448979592,7.0308147426427885,4,55.0,0.5445151380319361,10,93.0,0.18492212623057186,14,148.0
105.0,11,117.0,2.4893617021276597,7.828068145926125,4,52.0,0.5931325601980028,7,99.0,0.36363889973776375,11,151.0
110.0,9,112.0,2.6666666666666665,8.404282471194765,3,42.0,0.58322966769723,6,105.0,0.5576181438992985,9,147.0
115.0,10,94.0,2.35,6.605714678821494,6,50.0,0.3869955368535965,4,94.0,0.4502270845865438,10,144.0
120.0,13,121.0,3.025,6.3633687121684686,6,58.0,0.33273816412006957,7,87.0,0.38033243801480765,13,145.0
125.0,12,90.0,2.25,6.3516859996575725,4,52.0,0.29545521303268724,8,85.0,0.2646466619771211,12,137.0
130.0,12,120.0,3.0,6.954147819788458,6,70.0,0.3487151316652117,6,71.0,0.26270040978015463,12,141.0
135.0,9,90.0,2.4324324324324325,6.892766536622136,3,56.0,0.5424219285795701,6,77.0,0.1833700094033586,9,133.0
140.0,8,121.0,3.5588235294117645,8.737679375010082,2,51.0,0.7427369226211874,6,97.0,0.33060512500532396,8,148.0
145.0,6,58.0,1.7575757575757576,7.7727873126186475,2,10.0,0.694005786794907,4,93.0,0.4149624280250274,6,103.0
150.0,8,97.0,2.8529411764705883,9.121793809576003,4,26.0,0.5942513796011337,4,98.0,0.616985190987635,8,124.0
155.0,8,98.0,2.8,7.669719249400443,6,49.0,0.3760619110684421,2,84.0,0.5778134645953442,8,133.0
160.0,12,138.0,3.72972972972973,7.5780878368294236,9,92.0,0.4218633104093528,3,59.0,0.5357031786419209,12,151.0
165.0,12,146.0,3.945945945945946,6.64854169836922,5,97.0,0.4521127189302583,7,87.0,0.4830802281965893,12,184.0
170.0,9,141.0,3.810810810810811,6.782061069785439,4,70.0,0.47687009317500273,5,99.0,0.37170233088624716,9,169.0
175.0,9,118.0,3.189189189189189,7.708331505010434,6,66.0,0.3652800340894439,3,78.0,0.5164795976405749,9,144.0
180.0,11,82.0,2.1025641025641026,7.674030625153715,8,72.0,0.2854027359816294,3,24.0,0.5455510099027631,11,96.0
185.0,11,106.0,2.717948717948718,7.826108744064566,7,100.0,0.3995931846742976,4,24.0,0.5725235444849492,11,124.0
190.0,11,139.0,3.861111111111111,7.548764640287459,7,114.0,0.40870968116954226,4,42.0,0.6052658438656439,11,156.0
195.0,11,117.0,3.0,6.428858067626803,6,83.0,0.3946288389684137,5,50.0,0.5177117975193437,11,133.0
200.0,16,175.0,4.375,5.841176165802187,8,111.0,0.37775821091116973,8,78.0,0.44312704781395906,16,189.0
205.0,14,169.0,4.225,5.654529215628729,6,98.0,0.4257355200340784,8,117.0,0.3243943360657996,14,215.0
210.0,13,116.0,2.761904761904762,5.483062670020386,4,47.0,0.3694672238105846,9,117.0,0.259787224507793,13,164.0
215.0,12,162.0,3.951219512195122,6.785785635020762,5,46.0,0.46699412093240106,7,117.0,0.182291847629653,12,163.0
220.0,14,112.0,2.5454545454545454,6.354579281177568,6,53.0,0.3590730480130641,8,96.0,0.16083799360939288,14,149.0
225.0,16,188.0,4.2727272727272725,6.830823371930907,7,82.0,0.5056348842576228,9,113.0,0.2003875173087423,16,195.0
230.0,14,203.0,4.413043478260869,6.6894348606736385,7,83.0,0.5030360675330711,7,133.0,0.36369403270923617,14,216.0
235.0,16,272.0,5.666666666666667,7.437372663866879,10,130.0,0.4399673878845837,6,145.0,0.49773722257961706,16,275.0
240.0,15,206.0,4.382978723404255,6.397383686955519,10,140.0,0.2879412735665759,5,137.0,0.4891165338885067,15,277.0
245.0,14,187.0,3.74,7.053450534895517,7,119.0,0.4773234716994092,7,99.0,0.31142773138162644,14,218.0
250.0,16,134.0,2.7346938775510203,5.397253761007701,8,119.0,0.3588390447426613,8,99.0,0.21597866378185046,16,218.0
255.0,19,200.0,3.7735849056603774,5.7433107975212145,11,149.0,0.3718566468700908,8,97.0,0.24722115219726365,19,246.0
260.0,22,191.0,3.673076923076923,5.223538945732164,13,146.0,0.34610376550083144,9,120.0,0.29969038284071076,22,266.0
265.0,23,294.0,4.983050847457627,6.171702412580496,14,187.0,0.40182532441758523,9,152.0,0.36392473505063655,23,339.0
270.0,22,266.0,4.433333333333334,5.743624751445497,15,211.0,0.328751266401763,7,149.0,0.40614044389455894,22,360.0
275.0,17,265.0,4.140625,6.75281980480399,10,213.0,0.2904582066693662,7,146.0,0.5116114538241205,17,359.0
280.0,17,145.0,2.196969696969697,5.848221201083973,12,185.0,0.24402070281389773,5,99.0,0.2986845272131652,17,284.0
285.0,24,210.0,3.230769230769231,5.8622857231621195,14,216.0,0.23251859016041174,10,107.0,0.35391922271320386,24,323.0
290.0,24,258.0,4.161290322580645,5.194540381887426,16,259.0,0.25372558300230097,8,131.0,0.4125929998588585,24,390.0
295.0,26,360.0,5.901639344262295,5.5748565360300395,18,328.0,0.23467379597446902,8,157.0,0.475043616093644,26,485.0
300.0,29,373.0,6.114754098360656,4.453687815345721,21,370.0,0.13300318853220888,8,155.0,0.4180320544453246,29,525.0
305.0,24,332.0,5.627118644067797,4.97231870618043,14,355.0,0.21980214317996485,10,171.0,0.3015877878044882,24,526.0
310.0,22,302.0,5.392857142857143,4.398141312863226,12,337.0,0.2992281306023652,10,151.0,0.09839367046713333,22,488.0
315.0,28,381.0,6.4576271186440675,5.1216132658479365,14,358.0,0.2865388113394315,14,156.0,0.17003680781128078,28,514.0
320.0,22,342.0,5.896551724137931,5.787572904652681,13,361.0,0.2986110403578846,9,160.0,0.37746727632120775,22,521.0
325.0,21,356.0,6.357142857142857,5.4741744918182205,16,394.0,0.22023394752965467,5,127.0,0.46334386573025643,21,521.0
330.0,18,375.0,6.818181818181818,5.642743006149245,13,405.0,0.2318112099835101,5,117.0,0.36633332204780017,18,522.0
335.0,18,257.0,4.7592592592592595,5.546475043672884,11,347.0,0.29002307136273453,7,105.0,0.19411386669658948,18,452.0
340.0,21,278.0,5.346153846153846,5.881241321110461,14,296.0,0.3470129826858814,7,118.0,0.26995614796533346,21,414.0
345.0,18,249.0,4.98,5.31367777538341,12,288.0,0.1629174753725735,6,122.0,0.49897406158578506,18,410.0
350.0,21,246.0,5.020408163265306,5.358217372340686,19,324.0,0.12379657735978213,2,73.0,0.5345768910441593,21,397.0
355.0,19,266.0,5.115384615384615,6.23745624969835,16,377.0,0.26527026753060595,3,39.0,0.5865280932490655,19,416.0
360.0,15,219.0,4.055555555555555,6.770449513819755,10,353.0,0.39155895883058944,5,35.0,0.5254375637370453,15,388.0
365.0,16,296.0,5.6923076923076925,7.280854944082936,10,346.0,0.49971180631811585,6,62.0,0.41494341605886675,16,408.0
370.0,19,315.0,5.7272727272727275,5.313216472320418,13,351.0,0.32512137169398625,6,66.0,0.26778656559449404,19,417.0
375.0,23,337.0,5.912280701754386,5.435089627203794,17,398.0,0.23457452199341672,6,71.0,0.46664219292836934,23,469.0
380.0,26,336.0,5.694915254237288,5.352939957322623,21,410.0,0.24151908114559878,5,85.0,0.4807697864793304,26,495.0
385.0,28,325.0,5.416666666666667,4.956849147794503,21,367.0,0.2079732575350654,7,121.0,0.4451891421664789,28,488.0
390.0,22,269.0,4.338709677419355,4.116205987427704,16,413.0,0.16472533405420528,6,91.0,0.45405131817279043,22,504.0
395.0,23,231.0,3.6666666666666665,5.144305956674457,17,411.0,0.2380775576259897,6,65.0,0.4050190639862232,23,476.0
400.0,23,258.0,3.8507462686567164,5.1729827420665,14,429.0,0.25942297730942976,9,99.0,0.3915660561199528,23,528.0
405.0,28,337.0,5.029850746268656,5.175590324498434,17,440.0,0.24080302182203545,11,155.0,0.35068149062151827,28,595.0
410.0,30,369.0,5.676923076923077,3.7953867039374045,21,461.0,0.1508106535319283,9,175.0,0.32226442693511176,30,636.0
415.0,31,393.0,6.338709677419355,4.30079081366745,24,505.0,0.17320793774742724,7,148.0,0.33338933912969604,31,653.0
420.0,29,357.0,5.666666666666667,3.6819937593862653,22,547.0,0.12010299926261692,7,92.0,0.3537591899122722,29,639.0
425.0,28,380.0,6.229508196721311,4.490300895719706,18,543.0,0.17140993861373452,10,117.0,0.40176277139105804,28,660.0
430.0,23,386.0,6.5423728813559325,4.823799825136095,15,533.0,0.25472705049081384,8,128.0,0.24619721783687792,23,661.0
435.0,26,418.0,7.084745762711864,5.003412393775783,14,527.0,0.24670849626915023,12,135.0,0.25515059145029156,26,662.0
440.0,27,418.0,7.333333333333333,4.204446795552025,16,542.0,0.14656366564018125,11,151.0,0.3397767925309217,27,693.0
445.0,24,434.0,7.3559322033898304,5.027157497588354,19,585.0,0.12330270142529028,5,126.0,0.5007001722383155,24,711.0
450.0,26,403.0,6.716666666666667,4.765344057394575,20,590.0,0.14146864624938543,6,86.0,0.43242065364808335,26,676.0
455.0,28,286.0,4.612903225806452,4.755243969570352,18,520.0,0.16547828445396578,10,110.0,0.40082951528783334,28,630.0
460.0,30,384.0,6.4,4.746628118896896,20,517.0,0.2288524724262565,10,131.0,0.37630820535961085,30,648.0
465.0,28,387.0,6.344262295081967,4.713912014256975,19,529.0,0.10568942111841059,9,115.0,0.3941206795670385,28,644.0
470.0,21,253.0,4.080645161290323,5.043284638899202,11,451.0,0.15188322324066275,10,122.0,0.31503100753272034,21,573.0
475.0,24,353.0,5.983050847457627,5.943232176551071,9,381.0,0.3517727781837455,15,177.0,0.220827220103249,24,558.0
480.0,23,365.0,6.186440677966102,5.84065727474153,10,369.0,0.3701089884761206,13,195.0,0.2220561304629863,23,564.0
485.0,22,381.0,6.927272727272728,5.746347566897158,8,333.0,0.4234843393379002,14,194.0,0.22249177833972322,22,527.0
490.0,19,380.0,6.666666666666667,6.112309631330754,8,281.0,0.43059485184433416,11,209.0,0.28961550639133354,19,490.0
495.0,18,333.0,5.946428571428571,5.993065569292107,10,286.0,0.3472902785996698,8,177.0,0.39317172554651236,18,463.0
500.0,18,397.0,7.089285714285714,6.179636180856524,11,326.0,0.2845251070646561,7,182.0,0.4881928562179173,18,508.0
505.0,23,433.0,7.872727272727273,5.292059493494824,12,353.0,0.34970336190213774,11,206.0,0.29068386228596643,23,559.0
510.0,20,370.0,6.7272727272727275,5.335415972006038,9,363.0,0.3828772457477995,11,178.0,0.29362755341509045,20,541.0
515.0,21,435.0,7.372881355932203,5.685292180177516,8,384.0,0.45085153466435535,13,184.0,0.20972215745210704,21,568.0
520.0,24,485.0,8.220338983050848,5.60095244025964,11,422.0,0.3830499560373885,13,198.0,0.28031593656666387,24,620.0
525.0,19,468.0,7.548387096774194,6.015875624943103,12,447.0,0.3181874215828029,7,165.0,0.39626791115730414,19,612.0
530.0,21,514.0,9.017543859649123,5.699405709884369,15,495.0,0.2972980685126232,6,161.0,0.37792719681076015,21,656.0
535.0,27,453.0,7.810344827586207,4.974316308128854,18,469.0,0.18755894212147534,9,165.0,0.32624971584934975,27,634.0
540.0,26,344.0,6.142857142857143,4.377621534605842,17,354.0,0.1763878218280148,9,181.0,0.2566101379539185,26,535.0
545.0,18,332.0,6.036363636363636,5.476556510630179,13,373.0,0.17696308955543014,5,169.0,0.47277644086809484,18,542.0
550.0,12,159.0,3.0576923076923075,5.910016729074751,9,331.0,0.18174494300615826,3,82.0,0.5364361638784914,12,413.0
555.0,16,197.0,3.94,5.883111104511183,11,286.0,0.2551799617066833,5,56.0,0.43197764390734794,16,342.0
560.0,17,237.0,4.471698113207547,5.617108187747671,12,297.0,0.31684166239768435,5,67.0,0.3255680233650411,17,364.0
565.0,19,237.0,4.836734693877551,5.936619204997262,15,327.0,0.25236515447146063,4,63.0,0.547169638548106,19,390.0
570.0,21,263.0,5.1568627450980395,5.5710581180020045,18,339.0,0.13751987848935848,3,59.0,0.5919104714365219,21,398.0
575.0,23,270.0,4.909090909090909,5.31382104217959,16,352.0,0.18187351345228908,7,78.0,0.47695170780729246,23,430.0
580.0,27,378.0,6.75,5.406837264101577,19,411.0,0.264714966578425,8,107.0,0.4733505246672163,27,518.0
585.0,24,382.0,6.701754385964913,4.8321997384827196,16,410.0,0.265710934377052,8,123.0,0.3085292458718485,24,533.0
590.0,18,294.0,5.25,5.153625826601073,9,314.0,0.24878275138403516,9,141.0,0.3011696179778091,18,455.0
595.0,25,306.0,5.016393442622951,5.337048963525716,11,300.0,0.2645941916723153,14,196.0,0.24605372006599568,25,496.0
600.0,27,275.0,4.435483870967742,5.827603621900767,15,260.0,0.3274791763445878,12,187.0,0.33932640431427213,27,447.0
605.0,25,277.0,4.396825396825397,6.04684766031539,12,263.0,0.2885583521023482,13,183.0,0.43435381286706887,25,446.0
610.0,25,294.0,4.59375,5.446924140142647,14,281.0,0.26940588396781895,11,206.0,0.3751692392433567,25,487.0
615.0,24,283.0,4.3538461538461535,4.998405998327697,15,316.0,0.25582303437197307,9,180.0,0.2734600782225166,24,496.0
620.0,27,360.0,5.714285714285714,5.037966271860319,17,354.0,0.09306560869463103,10,206.0,0.4031428154520701,27,560.0
625.0,28,372.0,5.8125,4.849884084829334,14,338.0,0.17553290706627847,14,249.0,0.33687141824462424,28,587.0
630.0,24,298.0,4.806451612903226,4.879979139094143,6,235.0,0.3805860237623725,18,279.0,0.20069164228097955,24,514.0
635.0,19,357.0,5.95,5.194191197280886,6,171.0,0.34817190293247796,13,316.0,0.1600990197136871,19,487.0
640.0,20,317.0,5.19672131147541,5.927885895044358,4,135.0,0.35984338120109166,16,326.0,0.2243559861865222,20,461.0
645.0,26,351.0,5.85,6.169035650813638,8,166.0,0.37089213461211096,18,316.0,0.23629960846556303,26,482.0
650.0,22,364.0,6.169491525423729,5.885232115783013,6,160.0,0.4844881223874381,16,376.0,0.2188339062435284,22,536.0
655.0,22,416.0,7.172413793103448,5.6213250936459005,4,139.0,0.5402354110127825,18,405.0,0.2040913102301599,22,544.0
660.0,20,368.0,6.6909090909090905,5.397405681571588,4,107.0,0.37368193876254835,16,439.0,0.2948490548405653,20,546.0
665.0,21,364.0,6.618181818181818,6.324120198912716,8,113.0,0.36683812221067086,13,444.0,0.37213947923917534,21,557.0
670.0,19,317.0,5.981132075471698,4.856041628292612,6,134.0,0.3882049006568558,13,428.0,0.24000424022440575,19,562.0
675.0,23,272.0,5.132075471698113,5.015700450922074,4,122.0,0.49083808658836076,19,395.0,0.18657709080539822,23,517.0
680.0,25,363.0,6.368421052631579,5.709720089770429,5,138.0,0.5406384418691277,20,446.0,0.16949068610527107,25,584.0
685.0,20,387.0,6.910714285714286,6.209872159760268,3,127.0,0.6723455201963378,17,465.0,0.16397826700215998,20,592.0
690.0,23,393.0,6.775862068965517,5.420620414210372,4,127.0,0.5576171398962875,19,490.0,0.1803618389079457,23,617.0
695.0,23,338.0,5.9298245614035086,5.34227817707932,8,69.0,0.40151965708042386,15,489.0,0.3151742791818957,23,558.0
700.0,25,412.0,7.103448275862069,5.450336770893883,11,101.0,0.26233007154639976,14,474.0,0.36760866236020207,25,575.0
705.0,23,434.0,7.233333333333333,4.964256792990681,9,134.0,0.3183273333121064,14,479.0,0.30728663864116035,23,613.0
710.0,23,328.0,5.559322033898305,5.091751221332144,4,119.0,0.5335499031332189,19,430.0,0.17232375786083035,23,549.0
715.0,24,327.0,5.274193548387097,5.517324492226486,6,128.0,0.5894270565871514,18,376.0,0.06560577553365127,24,504.0
720.0,23,346.0,5.492063492063492,5.1231425967761055,3,110.0,0.49370409675469623,20,431.0,0.06676176631192604,23,541.0
725.0,23,387.0,6.559322033898305,5.697897794212291,9,140.0,0.43175982285474623,14,432.0,0.1617085942277783,23,572.0
730.0,20,234.0,4.0344827586206895,5.01212920181652,8,79.0,0.35355832671869186,12,397.0,0.1650600906917668,20,476.0
735.0,25,257.0,4.283333333333333,5.916185720195613,13,124.0,0.3166200549629423,12,338.0,0.35035809478501456,25,462.0
740.0,24,258.0,4.095238095238095,5.772878041307171,10,149.0,0.3832428203572749,14,360.0,0.3637969526532156,24,509.0
745.0,20,252.0,4.131147540983607,6.13922703307848,6,115.0,0.4897851455780024,14,387.0,0.3459682964489358,20,502.0
750.0,21,241.0,3.8870967741935485,4.813427876028396,7,119.0,0.3731775481858037,14,370.0,0.23312675604213726,21,489.0
755.0,23,256.0,4.129032258064516,5.016820479615934,12,133.0,0.2756951126516387,11,346.0,0.2558316623873104,23,479.0
760.0,24,252.0,4.131147540983607,4.273465699463617,12,156.0,0.0958408793743938,12,310.0,0.26311833110749905,24,466.0
765.0,25,273.0,4.706896551724138,5.319253857173319,10,167.0,0.2604853687962037,15,274.0,0.23952243871510023,25,441.0
770.0,27,346.0,6.0701754385964914,4.036137463334903,11,209.0,0.21481900733293424,16,304.0,0.07876263173968977,27,513.0
775.0,28,437.0,7.5344827586206895,5.0818040107031255,14,255.0,0.2321724726109012,14,303.0,0.18028286595218465,28,558.0
780.0,22,350.0,6.0344827586206895,5.4965418488790965,12,273.0,0.2648601320592661,10,238.0,0.3060146182451248,22,511.0
785.0,24,399.0,6.65,7.250960961183014,13,275.0,0.33809618583225787,11,201.0,0.5170775519099564,24,476.0
790.0,18,344.0,5.733333333333333,7.322877825369537,9,281.0,0.46574020650969816,9,180.0,0.5058976296974946,18,461.0
795.0,18,336.0,5.793103448275862,6.48823540881901,5,221.0,0.5065511106131929,13,188.0,0.28053987262792096,18,409.0
800.0,22,236.0,4.068965517241379,5.0963264242585815,5,149.0,0.4275538237295399,17,219.0,0.09718843627008089,22,368.0
805.0,17,190.0,3.064516129032258,6.254035175178022,9,78.0,0.3730312927984547,8,205.0,0.2315643972656455,17,283.0
810.0,19,135.0,2.109375,5.917832216074414,10,105.0,0.27814192998628096,9,163.0,0.3314454344969517,19,268.0
815.0,20,190.0,3.1666666666666665,6.909095118789876,8,126.0,0.34249413683749746,12,150.0,0.3921998242466944,20,276.0
820.0,21,246.0,4.169491525423729,5.632929908354932,9,129.0,0.2971048735160116,12,177.0,0.26305151988515674,21,306.0
825.0,22,306.0,5.368421052631579,5.64512138371078,11,163.0,0.2076137172831718,11,186.0,0.28318133299745063,22,349.0
830.0,20,250.0,4.545454545454546,5.230236628354591,10,171.0,0.1969179700845543,10,180.0,0.3060106940287646,20,351.0
835.0,25,357.0,6.735849056603773,5.107522756704602,10,198.0,0.2252797041271197,15,216.0,0.31554653276185973,25,414.0
840.0,23,365.0,6.886792452830188,5.203617320340353,7,203.0,0.4331276096746753,16,246.0,0.2562553261683258,23,449.0
845.0,23,439.0,7.9818181818181815,6.023074784948552,6,211.0,0.5748797625311685,17,273.0,0.1890138185540011,23,484.0
850.0,21,307.0,5.385964912280702,6.146719576261337,4,137.0,0.4868300653008786,17,314.0,0.2553188452663479,21,451.0
855.0,15,311.0,5.553571428571429,6.8342597619241605,6,85.0,0.4702100517569359,9,295.0,0.27357393553308273,15,380.0
860.0,17,176.0,3.142857142857143,6.1991683617434274,7,85.0,0.3891929845938248,10,222.0,0.1869418522804146,17,307.0
865.0,20,217.0,4.173076923076923,5.910022157275094,9,128.0,0.364214774818872,11,181.0,0.22155033405402838,20,309.0
870.0,20,238.0,4.857142857142857,4.283566483228078,9,146.0,0.32864213467423825,11,206.0,0.20629142318362587,20,352.0
875.0,13,227.0,4.729166666666667,5.836636585850653,5,124.0,0.3932380170804928,8,194.0,0.2721849114730408,13,318.0
880.0,16,196.0,3.92,5.248621201879469,5,63.0,0.2373991006413712,11,207.0,0.2829681681078242,16,270.0
885.0,22,278.0,5.346153846153846,6.30222472815965,10,106.0,0.30810920724511726,12,239.0,0.3560651552696838,22,345.0
890.0,18,311.0,6.346938775510204,5.2908924094063625,7,117.0,0.3941300117182421,11,267.0,0.2839447522402638,18,384.0
895.0,16,329.0,7.1521739130434785,6.286232410823401,5,92.0,0.38287053118896236,11,268.0,0.31551159913710874,16,360.0
900.0,15,270.0,5.74468085106383,5.298604633334593,5,105.0,0.3159379005077783,10,209.0,0.17344699411429865,15,314.0
905.0,19,339.0,6.519230769230769,6.479299405235328,6,123.0,0.3165801045670604,13,241.0,0.31358800702682776,19,364.0
910.0,16,270.0,5.625,7.00091619213071,5,75.0,0.4773342758053278,11,270.0,0.4422186525373984,16,345.0
915.0,18,353.0,7.51063829787234,7.036877558680139,6,68.0,0.4602654940138651,12,311.0,0.44741512494813573,18,379.0
920.0,16,214.0,4.553191489361702,4.7891458518071275,5,84.0,0.36254652759243655,11,241.0,0.24465980001112253,16,325.0
925.0,20,287.0,6.1063829787234045,5.39562279634506,6,108.0,0.440445823334014,14,212.0,0.24396003790603107,20,320.0
930.0,22,279.0,5.8125,5.199549954829554,8,143.0,0.4511615811221376,14,218.0,0.24473787294478602,22,361.0
935.0,13,142.0,2.8979591836734695,5.536834627941872,6,127.0,0.3448070322095066,7,153.0,0.3247897967688519,13,280.0
940.0,11,109.0,2.18,5.965184138444633,4,106.0,0.4046541623201754,7,168.0,0.2528153411772057,11,274.0
945.0,17,160.0,2.962962962962963,6.179293357135613,6,83.0,0.38036610335478616,11,193.0,0.20056804112088503,17,276.0
950.0,16,184.0,3.3454545454545452,6.872871503492376,2,71.0,0.5527658474700127,14,211.0,0.2525597247468521,16,282.0
955.0,11,178.0,3.4901960784313726,7.077877458704586,6,70.0,0.5075684603804071,5,176.0,0.3538678072361587,11,246.0
960.0,14,156.0,3.25,5.862834637450785,4,88.0,0.4159837692424652,10,174.0,0.2587104411050497,14,262.0
965.0,19,180.0,3.9130434782608696,5.619371036010961,7,118.0,0.3606763576435985,12,156.0,0.2518631590427705,19,274.0
970.0,17,195.0,4.333333333333333,4.063688793893521,5,121.0,0.3915951874136969,12,178.0,0.16227065755859355,17,299.0
975.0,11,181.0,3.9347826086956523,6.482736027852471,4,90.0,0.4413197388655664,7,166.0,0.33843555430703415,11,256.0
980.0,11,88.0,1.872340425531915,6.469722661076214,4,25.0,0.44133064350707,7,148.0,0.2909991731960478,11,173.0
985.0,20,168.0,3.2941176470588234,6.913376880647979,8,58.0,0.4299711184494556,12,191.0,0.26910826356320944,20,249.0
990.0,17,199.0,4.061224489795919,6.214384019830829,7,79.0,0.47412264974237833,10,210.0,0.33476695181512817,17,289.0
995.0,10,192.0,4.0,7.294340309944118,4,70.0,0.5574443109130507,6,185.0,0.35846425603158794,10,255.0
1000.0,14,201.0,4.1020408163265305,7.165583992013802,6,84.0,0.4143447730655647,8,179.0,0.3013817753961327,14,263.0
1005.0,16,220.0,4.4,6.672275464059615,7,84.0,0.3548719034272791,9,176.0,0.2292547104246203,16,260.0
1010.0,19,210.0,4.285714285714286,6.223613797410499,10,118.0,0.325230180744514,9,173.0,0.282917759401931,19,291.0
1015.0,16,203.0,4.613636363636363,6.0807595685437485,8,111.0,0.4369770912910766,8,145.0,0.317128314385146,16,256.0
1020.0,18,207.0,4.404255319148936,5.6693335901641575,11,135.0,0.42777774108694705,7,132.0,0.29824213310931175,18,267.0
1025.0,12,194.0,4.217391304347826,6.1634583412246755,8,148.0,0.3499896714576602,4,94.0,0.47592142709037877,12,242.0
1030.0,13,148.0,3.148936170212766,6.596780070878309,9,136.0,0.2647534923093036,4,53.0,0.520496803702221,13,189.0
1035.0,17,99.0,1.9411764705882353,6.170603096153438,10,109.0,0.19062561420347265,7,59.0,0.4601166853665599,17,168.0
1040.0,19,174.0,3.411764705882353,6.61291811095793,9,107.0,0.36296139312995634,10,103.0,0.32532960967023633,19,210.0
1045.0,20,234.0,5.2,5.232817450144788,9,125.0,0.2618225878042746,11,154.0,0.33443918713585913,20,279.0
1050.0,18,249.0,5.1875,5.569917325105126,9,136.0,0.307797836932695,9,158.0,0.24092662121634784,18,294.0
1055.0,21,307.0,6.26530612244898,5.556399776417524,9,163.0,0.3852637003855172,12,179.0,0.11061889757065384,21,342.0
1060.0,16,270.0,5.09433962264151,7.089954387451603,7,161.0,0.5125736048907837,9,177.0,0.27730414011946686,16,338.0
1065.0,12,147.0,2.826923076923077,7.371472897685482,7,124.0,0.4396774150365054,5,116.0,0.4786587160694064,12,240.0
1070.0,11,132.0,2.4444444444444446,7.76084140384984,7,101.0,0.24952980468298236,4,107.0,0.6059720495662477,11,208.0
1075.0,15,162.0,3.0,6.784744010153438,9,125.0,0.28906807807595275,6,108.0,0.4840662165677642,15,233.0
1080.0,17,176.0,3.3846153846153846,6.004402875748583,8,134.0,0.3019161911554275,9,99.0,0.33477847441094444,17,233.0
1085.0,19,252.0,4.754716981132075,6.388220750469403,8,169.0,0.3060119377862494,11,151.0,0.29996911716226793,19,320.0
1090.0,20,265.0,5.3,5.464572810991858,9,189.0,0.31671255253247055,11,148.0,0.19506090497828932,20,337.0
1095.0,16,265.0,5.638297872340425,5.679502939138337,8,218.0,0.2899140309102119,8,119.0,0.31133190018600454,16,337.0
1100.0,14,289.0,6.4222222222222225,5.534133002773621,7,227.0,0.26690497053265394,7,126.0,0.2553362642813812,14,353.0
1105.0,18,269.0,5.723404255319149,6.408276383143662,7,187.0,0.306131178430866,11,164.0,0.31112248728106096,18,351.0
1110.0,16,239.0,5.431818181818182,6.337397926063857,7,157.0,0.4591678365370827,9,156.0,0.2590467700185586,16,313.0
1115.0,16,243.0,5.4,6.221645782944662,6,167.0,0.48245015707586114,10,159.0,0.2780204507536521,16,326.0
1120.0,14,229.0,5.204545454545454,5.864992249373966,6,162.0,0.5174586569842766,8,146.0,0.2603416475714737,14,308.0
1125.0,12,99.0,2.357142857142857,5.836465810342362,8,97.0,0.3906049311728125,4,83.0,0.3518571497911106,12,180.0
1130.0,16,169.0,3.9302325581395348,6.35900380882214,12,125.0,0.20580948886842215,4,68.0,0.4777022385086695,16,193.0
1135.0,17,184.0,4.088888888888889,6.551237694802044,11,130.0,0.27378083637117323,6,86.0,0.33189875262153407,17,216.0
1140.0,11,173.0,4.219512195121951,7.138132506154846,7,145.0,0.32630566061112287,4,66.0,0.38245171358117147,11,211.0
1145.0,12,178.0,4.45,6.849679119580848,7,159.0,0.30973154962700455,5,90.0,0.4132516254198702,12,249.0
1150.0,12,153.0,3.642857142857143,7.848398482253786,9,146.0,0.3610638092176252,3,72.0,0.6519095824892565,12,218.0
1155.0,7,88.0,1.872340425531915,8.728217440196643,6,137.0,0.41327826978312077,1,29.0,0.8173046189307124,7,166.0
1160.0,9,86.0,1.8695652173913044,8.24935603757907,6,106.0,0.5080866844164594,3,34.0,0.6569251389021431,9,140.0
1165.0,13,100.0,2.0408163265306123,5.741337392436633,9,131.0,0.3106011649016271,4,31.0,0.5054231549032092,13,162.0
1170.0,21,190.0,3.6538461538461537,5.324107455886012,13,190.0,0.2573222446632699,8,51.0,0.3912171812554668,21,241.0
1175.0,19,175.0,3.4313725490196076,4.801560569848589,12,200.0,0.22706201948807775,7,68.0,0.25333854730809646,19,268.0
1180.0,15,140.0,2.6923076923076925,5.900450808790704,6,151.0,0.3589536473619441,9,82.0,0.2267821999435734,15,233.0
1185.0,17,179.0,3.58,6.467681018266452,7,137.0,0.4391520885571713,10,105.0,0.19799780507115963,17,242.0
1190.0,19,244.0,5.191489361702128,7.386668441858474,8,164.0,0.4923574171391956,11,124.0,0.23795270930760265,19,288.0
1195.0,16,188.0,4.086956521739131,5.019024500751754,7,141.0,0.326247088742542,9,137.0,0.09233032781697735,16,278.0
1200.0,20,239.0,5.311111111111111,5.186652218010801,11,160.0,0.24326335573966418,9,111.0,0.28509675861990247,20,271.0
1205.0,19,219.0,5.093023255813954,5.431241516627844,12,176.0,0.24531785304603718,7,103.0,0.38376103075855666,19,279.0
1210.0,18,282.0,6.130434782608695,6.525555267025137,13,227.0,0.27401079634307146,5,95.0,0.4985099611317,18,322.0
1215.0,17,277.0,5.653061224489796,5.448521458072015,11,256.0,0.1929478285268058,6,95.0,0.38054951334942294,17,351.0
1220.0,15,251.0,5.229166666666667,6.989730312577247,6,230.0,0.3803389167556489,9,117.0,0.43756645633293145,15,347.0
1225.0,13,154.0,3.142857142857143,6.158442537151004,5,167.0,0.4407506127770652,8,135.0,0.2541426114896062,13,302.0
1230.0,17,201.0,4.1020408163265305,6.868818369844735,7,132.0,0.48419315553100883,10,180.0,0.3052215232206019,17,312.0
1235.0,15,151.0,3.2127659574468086,5.810135381264224,6,125.0,0.34921190719951867,9,147.0,0.37715259242272253,15,272.0
1240.0,15,170.0,3.617021276595745,5.642239640412153,7,93.0,0.3432411197649983,8,158.0,0.33930247108574446,15,251.0
1245.0,12,96.0,2.0,5.592831797408922,5,96.0,0.35760867076451075,7,126.0,0.2606674472607753,12,222.0
1250.0,13,94.0,1.8431372549019607,7.1414047180898415,8,98.0,0.30420642758404104,5,71.0,0.4618660963353342,13,169.0
1255.0,14,97.0,1.94,6.307121260643526,9,104.0,0.20081335449148924,5,67.0,0.5243677399299623,14,171.0
1260.0,12,128.0,2.6122448979591835,7.439931966322212,7,107.0,0.34220704623046483,5,77.0,0.46561119406730145,12,184.0
1265.0,14,147.0,3.2666666666666666,5.681520247630339,5,111.0,0.41823174523109385,9,92.0,0.11529605585258776,14,203.0
1270.0,19,231.0,4.714285714285714,6.117826114863101,8,138.0,0.41473034335274905,11,141.0,0.29263395473852527,19,279.0
1275.0,17,201.0,3.6545454545454548,6.3800661628465605,8,125.0,0.4438010201370441,9,142.0,0.4210614297286276,17,267.0
1280.0,17,254.0,4.884615384615385,7.279502636939248,11,176.0,0.44294632750725205,6,119.0,0.5522046775715449,17,295.0
1285.0,16,261.0,5.019230769230769,5.825593672940244,9,185.0,0.27118734155725116,7,139.0,0.4804596509189545,16,324.0
1290.0,18,291.0,5.290909090909091,5.689713515250319,8,172.0,0.2378576313265009,10,182.0,0.3250321601324251,18,354.0
1295.0,18,218.0,3.963636363636364,5.604504305046906,7,102.0,0.28201864608784993,11,175.0,0.27210447563748663,18,277.0
1300.0,24,310.0,5.636363636363637,6.056295044073339,12,138.0,0.3218644916976349,12,225.0,0.3191991114092437,24,363.0
1305.0,19,332.0,5.928571428571429,5.736991219427016,10,167.0,0.3997815802492324,9,233.0,0.3123116455728459,19,400.0
1310.0,17,351.0,6.5,6.789627811684802,10,173.0,0.3748303038101897,7,208.0,0.41546644588076215,17,381.0
1315.0,16,183.0,3.327272727272727,5.348120635777861,10,182.0,0.19587203702539582,6,146.0,0.31436804428049836,16,328.0
1320.0,23,212.0,3.6551724137931036,6.299902529166864,14,199.0,0.26068159214344416,9,82.0,0.4104384073502919,23,281.0
1325.0,18,173.0,3.0350877192982457,6.170339927216624,12,199.0,0.3127386907460356,6,89.0,0.4849006625433242,18,288.0
1330.0,17,206.0,3.6785714285714284,7.014740445727057,11,195.0,0.36712034280359723,6,89.0,0.49491636577699943,17,284.0
1335.0,19,197.0,3.581818181818182,5.122850723747257,12,201.0,0.21613548670456809,7,82.0,0.341519175192256,19,283.0
1340.0,30,315.0,5.7272727272727275,4.858571888560511,20,289.0,0.22617840712231743,10,113.0,0.26085569929418856,30,402.0
1345.0,27,319.0,5.8,3.9738329130085526,17,316.0,0.270397783386408,10,143.0,0.1850580992221861,27,459.0
1350.0,18,292.0,5.12280701754386,5.9557366277478465,11,277.0,0.31481261749537864,7,145.0,0.3914608060871696,18,422.0
1355.0,18,251.0,4.327586206896552,5.962159329332486,13,292.0,0.25800512675451276,5,131.0,0.4092467677633048,18,423.0
1360.0,24,320.0,5.614035087719298,6.233743541833931,16,319.0,0.20839728912033487,8,140.0,0.4074083361446508,24,459.0
1365.0,22,365.0,6.517857142857143,4.692683337750511,16,339.0,0.12256993843997056,6,155.0,0.385668776127826,22,494.0
1370.0,21,403.0,8.06,5.56003406133365,13,335.0,0.22221784981862627,8,149.0,0.36821032375686336,21,484.0
1375.0,14,331.0,6.895833333333333,6.1695640035342025,8,269.0,0.28899456349430824,6,173.0,0.41408319376787694,14,442.0
1380.0,17,339.0,6.78,7.13962935761884,8,199.0,0.3665136204700536,9,211.0,0.4538218450342743,17,410.0
1385.0,15,269.0,5.38,6.748601932610821,7,176.0,0.4192731241457225,8,214.0,0.4652379609656202,15,390.0
1390.0,19,357.0,6.865384615384615,6.913817720079818,10,189.0,0.4633599656257028,9,242.0,0.410225871520033,19,431.0
1395.0,17,322.0,6.313725490196078,5.534912684986151,9,187.0,0.4293411016128627,8,248.0,0.2838261188780726,17,435.0
1400.0,19,361.0,6.811320754716981,5.896550925211705,10,181.0,0.3968693454982291,9,237.0,0.30032746191295784,19,418.0
1405.0,18,390.0,7.5,5.456109618217709,10,177.0,0.25067171616246947,8,269.0,0.3397554935461389,18,446.0
1410.0,21,448.0,8.452830188679245,6.110784988918862,13,204.0,0.29409365856354436,8,294.0,0.36066206288253455,21,498.0
1415.0,20,193.0,3.574074074074074,5.219219835770678,12,189.0,0.2735433470622058,8,150.0,0.37158445840534177,20,339.0
1420.0,21,209.0,4.098039215686274,5.527892444049472,9,135.0,0.3639414928090188,12,156.0,0.2580150149333803,21,291.0
1425.0,19,221.0,4.169811320754717,5.394065862451352,8,127.0,0.32411252887416436,11,183.0,0.2687544364951281,19,310.0
1430.0,15,233.0,4.480769230769231,6.598048662908226,10,153.0,0.27398898689337153,5,162.0,0.4093026694713357,15,315.0
1435.0,18,203.0,4.142857142857143,6.014262012797861,12,195.0,0.184303086336301,6,138.0,0.4239112043556442,18,333.0
1440.0,20,248.0,4.96,5.786785177673212,11,215.0,0.1889344785325837,9,132.0,0.4091322753199528,20,347.0
1445.0,21,245.0,5.212765957446808,4.814568707762152,10,219.0,0.2624286719469254,11,163.0,0.35860337252643665,21,382.0
1450.0,25,365.0,7.019230769230769,4.897134651968441,13,246.0,0.27587698959276385,12,224.0,0.31681584471819707,25,470.0
1455.0,23,314.0,5.9245283018867925,4.444758226619875,10,238.0,0.2718275574006424,13,241.0,0.30336890757159546,23,479.0
1460.0,14,236.0,4.214285714285714,6.556604879306873,8,161.0,0.3690789989367027,6,207.0,0.38660915086487596,14,368.0
1465.0,15,171.0,3.109090909090909,5.8684942811349865,7,163.0,0.27540657746025154,8,170.0,0.3315199309236764,15,333.0
1470.0,22,202.0,3.4827586206896552,5.428404595554489,9,159.0,0.2581426069783919,13,146.0,0.21500136752032983,22,305.0
1475.0,24,263.0,4.614035087719298,5.21252240194045,9,150.0,0.3649676432306033,15,186.0,0.25290138585384764,24,336.0
1480.0,15,292.0,5.12280701754386,6.7973321750750575,7,167.0,0.5070911471792111,8,185.0,0.2972533222031307,15,352.0
1485.0,15,181.0,3.0166666666666666,6.258870312169671,7,117.0,0.45961462832055827,8,186.0,0.26854172914771174,15,303.0
1490.0,23,247.0,4.049180327868853,6.2271804423991615,9,120.0,0.42155727979969276,14,194.0,0.21340270894276325,23,314.0
1495.0,23,283.0,4.879310344827586,5.255979650797917,10,123.0,0.3656713673702996,13,230.0,0.24549352982061817,23,353.0
1500.0,23,337.0,5.912280701754386,5.792014436756741,14,146.0,0.2770684096216106,9,228.0,0.4091942152613278,23,374.0
1505.0,24,224.0,3.6721311475409837,5.081949461461326,15,178.0,0.23336859011290997,9,168.0,0.3530214838759113,24,346.0
1510.0,18,201.0,3.2950819672131146,6.551882112291195,10,182.0,0.30857095051061006,8,102.0,0.40078619243934954,18,284.0
1515.0,17,217.0,3.875,6.322868279983503,9,188.0,0.4368580502551281,8,115.0,0.2576136069747312,17,303.0
1520.0,19,247.0,4.410714285714286,6.095763748787099,12,221.0,0.30708336234121114,7,129.0,0.3230398864998584,19,350.0
1525.0,18,181.0,3.3518518518518516,5.001587526361787,11,180.0,0.21446299890764361,7,134.0,0.2854299110719726,18,314.0
1530.0,23,270.0,5.1923076923076925,5.435380134778114,13,180.0,0.22805449693895832,10,157.0,0.3711771023139613,23,337.0
1535.0,20,233.0,4.314814814814815,5.2842704882257685,12,206.0,0.2703802380611428,8,137.0,0.3727628135518069,20,343.0
1540.0,20,261.0,4.745454545454545,6.250010985358304,9,192.0,0.40965722434226487,11,163.0,0.38350844646982535,20,355.0
1545.0,18,234.0,4.0344827586206895,5.6137638870101565,9,190.0,0.3559566820228036,9,170.0,0.34624495191794397,18,360.0
1550.0,18,251.0,4.327586206896552,5.995645181212599,14,204.0,0.2892922019897192,4,129.0,0.3960617838430943,18,333.0
1555.0,18,214.0,3.8214285714285716,5.863356894078328,14,241.0,0.29437611317309725,4,96.0,0.40714404738399923,18,337.0
1560.0,24,279.0,5.072727272727272,6.075268680463546,18,301.0,0.32791481766554154,6,65.0,0.3704634282628337,24,366.0
1565.0,24,306.0,5.5636363636363635,4.7888615813112905,16,330.0,0.2948024803686916,8,79.0,0.2741409919922694,24,409.0
1570.0,17,287.0,5.125,6.2167839598347285,12,306.0,0.3012887629923307,5,80.0,0.4707566004242475,17,386.0
1575.0,20,192.0,3.2542372881355934,5.556798684708941,14,252.0,0.1842906845456447,6,73.0,0.42880828317018105,20,325.0
1580.0,23,233.0,3.7580645161290325,6.4141186301152535,15,268.0,0.20705607093152936,8,112.0,0.47028835909852207,23,380.0
1585.0,22,248.0,4.350877192982456,5.670381533438049,16,286.0,0.2216907491683715,6,124.0,0.4849205705618193,22,410.0
1590.0,24,289.0,5.351851851851852,5.351037801842441,16,308.0,0.1874710127048148,8,125.0,0.3786483858552872,24,433.0
1595.0,21,245.0,4.711538461538462,4.394804382100419,15,346.0,0.11663500203312126,6,92.0,0.36982588517471326,21,438.0
1600.0,27,352.0,6.4,5.974628602772519,20,398.0,0.27772682799968607,7,109.0,0.42768980809001395,27,507.0
1605.0,20,298.0,5.418181818181818,6.390662918791087,15,400.0,0.3768429485523118,5,79.0,0.4666604744169871,20,479.0
1610.0,15,210.0,3.75,6.272172073183695,8,324.0,0.3983636360031997,7,71.0,0.4113833052299844,15,395.0
1615.0,15,241.0,4.016666666666667,6.845250874399338,9,278.0,0.4545136608522257,6,82.0,0.36273448328664937,15,360.0
1620.0,20,260.0,4.56140350877193,6.320437560892886,10,266.0,0.36328763098404354,10,101.0,0.2940502766410238,20,367.0
1625.0,20,220.0,4.074074074074074,5.127301716163591,12,231.0,0.10460248667086554,8,115.0,0.37502600528569335,20,346.0
1630.0,20,200.0,3.8461538461538463,5.2248917502419046,15,240.0,0.05656580830021647,5,75.0,0.41538263448359014,20,315.0
1635.0,17,154.0,3.08,6.08512648957428,13,230.0,0.1776901170866934,4,66.0,0.4368395614118519,17,296.0
1640.0,20,193.0,3.7115384615384617,6.096564407752327,12,259.0,0.2978115619071724,8,71.0,0.37551267037688674,20,330.0
1645.0,19,261.0,4.833333333333333,6.135609114232795,12,299.0,0.34783038105658554,7,79.0,0.45481377033938125,19,378.0
1650.0,15,231.0,4.277777777777778,6.627918292549453,11,299.0,0.3644722653918196,4,79.0,0.5216686853642405,15,378.0
1655.0,11,180.0,3.1578947368421053,6.713507382050476,8,235.0,0.4305267325023946,3,65.0,0.35939086183257124,11,300.0
1660.0,17,199.0,3.4310344827586206,6.567654506421189,9,216.0,0.3964779968630672,8,98.0,0.2556515259642969,17,314.0
1665.0,22,243.0,4.2631578947368425,5.9683667296200404,10,206.0,0.3887805960815949,12,155.0,0.23194083983830685,22,361.0
1670.0,21,280.0,4.912280701754386,4.920747085059531,13,249.0,0.30227053230402307,8,171.0,0.34049140577912834,21,420.0
1675.0,24,320.0,5.818181818181818,5.6563196320352045,18,299.0,0.23658203680005715,6,149.0,0.5136900536212778,24,448.0
1680.0,21,213.0,3.55,5.744940892372611,17,269.0,0.199272773861929,4,68.0,0.5645715219278788,21,337.0
1685.0,23,288.0,4.645161290322581,6.31579806424845,17,308.0,0.2509361338331366,6,78.0,0.49236866293824894,23,386.0
1690.0,25,300.0,5.0,5.1521346186763015,17,325.0,0.2671743332376155,8,101.0,0.354927818554723,25,426.0
1695.0,25,307.0,5.032786885245901,5.3882135978669865,13,311.0,0.33784047143899254,12,129.0,0.256327985536661,25,440.0
1700.0,23,328.0,5.466666666666667,5.05887915695553,13,325.0,0.3293569952644095,10,161.0,0.24745993804620808,23,486.0
1705.0,21,280.0,4.590163934426229,5.514083794652744,14,322.0,0.26742250426475006,7,163.0,0.37831481793112937,21,485.0
1710.0,21,222.0,3.76271186440678,4.2498048017252374,13,336.0,0.19879055730691533,8,112.0,0.3230597813323197,21,448.0
1715.0,28,311.0,4.859375,5.249736131869403,17,387.0,0.2312359763787242,11,124.0,0.37861303526707357,28,511.0
1720.0,28,276.0,4.246153846153846,5.801917969494213,18,390.0,0.31417424964287766,10,139.0,0.447891277274775,28,529.0
1725.0,29,382.0,5.701492537313433,5.599110032906597,18,430.0,0.26960372779353026,11,159.0,0.4239481329193586,29,589.0
1730.0,31,355.0,5.378787878787879,4.359205047445502,19,444.0,0.16031927717592906,12,171.0,0.37960705149065127,31,615.0
1735.0,23,268.0,4.1875,4.140454827508457,15,397.0,0.12750726170835452,8,127.0,0.2957059386068525,23,524.0
1740.0,22,292.0,4.424242424242424,4.418426869917064,15,414.0,0.15518657429184504,7,137.0,0.26956735734443565,22,551.0
1745.0,27,300.0,4.411764705882353,4.859369382039647,16,391.0,0.27464599660460315,11,171.0,0.17431147041330183,27,562.0
1750.0,31,403.0,6.2,4.196205884268972,17,419.0,0.29822991559407414,14,207.0,0.22383839005476744,31,626.0
1755.0,23,440.0,6.875,5.518667563569915,14,422.0,0.2898588835299797,9,205.0,0.393053797254732,23,627.0
1760.0,24,366.0,5.545454545454546,4.543396269412563,16,414.0,0.1709982610424518,8,187.0,0.3198857570711413,24,601.0
1765.0,32,416.0,6.117647058823529,5.090608081797605,20,429.0,0.2077035523584961,12,223.0,0.33531215575381484,32,652.0
1770.0,33,334.0,5.21875,4.386741330253253,20,461.0,0.18695375229896308,13,201.0,0.3563646594663516,33,662.0
1775.0,35,440.0,6.875,4.788378155659585,21,487.0,0.18422852417669808,14,192.0,0.3312126104453919,35,679.0
1780.0,33,460.0,7.1875,3.985823365161586,21,534.0,0.15887228688286234,12,204.0,0.2691545438804498,33,738.0
1785.0,22,401.0,6.1692307692307695,4.982203440320091,13,521.0,0.14660398329363716,9,165.0,0.3089179091242274,22,686.0
1790.0,21,299.0,4.6,4.959714523806315,12,478.0,0.17790598868612023,9,158.0,0.28356677036660244,21,636.0
1795.0,24,235.0,3.6153846153846154,5.981951089230115,12,389.0,0.26029553509854464,12,146.0,0.3416936950944323,24,535.0
1800.0,25,301.0,5.016666666666667,5.25721779567717,14,409.0,0.2208768559371931,11,162.0,0.31230463476536185,25,571.0
1805.0,21,327.0,5.839285714285714,5.473551875418143,12,387.0,0.2243291061854232,9,166.0,0.2942803502113808,21,553.0
1810.0,18,342.0,6.218181818181818,5.236259310142721,9,355.0,0.2634423416431023,9,173.0,0.14605820587687032,18,528.0
1815.0,25,394.0,7.035714285714286,6.0375566051393905,12,321.0,0.38037627231664006,13,178.0,0.19748981588873274,25,499.0
1820.0,23,311.0,5.654545454545454,6.225691675592235,13,303.0,0.3618255348122732,10,153.0,0.4253263136146809,23,456.0
1825.0,22,299.0,5.6415094339622645,5.6207372873827195,12,241.0,0.30207792214300067,10,160.0,0.46982597408027926,22,401.0
1830.0,20,271.0,4.927272727272728,5.007940344321385,13,257.0,0.2661136462322262,7,162.0,0.4549511946059032,20,419.0
1835.0,20,307.0,5.203389830508475,5.338824857596739,11,240.0,0.23901835668468585,9,161.0,0.34373514933635846,20,401.0
1840.0,16,233.0,3.9491525423728815,5.800608806418953,10,257.0,0.26105565235036693,6,132.0,0.30482537369550156,16,389.0
1845.0,26,308.0,5.133333333333334,5.791533572748871,15,295.0,0.35005857822797354,11,104.0,0.18722411228088304,26,399.0
1850.0,26,274.0,4.566666666666666,5.411453286946839,15,266.0,0.33109565685313863,11,139.0,0.29038555092969687,26,405.0
1855.0,25,373.0,6.016129032258065,5.458667575625151,15,296.0,0.3768902642080922,10,183.0,0.3599155941790296,25,479.0
1860.0,27,375.0,5.9523809523809526,5.255480481060545,19,322.0,0.33492385597514457,8,196.0,0.4213965479739828,27,518.0
1865.0,17,318.0,4.892307692307693,5.985956250192871,12,316.0,0.28239936075063776,5,165.0,0.45423897169703703,17,481.0
1870.0,21,252.0,4.131147540983607,4.948106017794702,14,361.0,0.1385955183293671,7,96.0,0.3696317108444196,21,457.0
1875.0,24,286.0,4.5396825396825395,5.683765656596462,18,400.0,0.11875715704325475,6,67.0,0.4700532458844979,24,467.0
1880.0,25,357.0,6.155172413793103,4.526573527839171,19,442.0,0.1460897048424546,6,82.0,0.43907777732300124,25,524.0
1885.0,23,431.0,7.981481481481482,5.096392933060762,14,451.0,0.2630433598999321,9,117.0,0.38151521522451726,23,568.0
1890.0,22,404.0,7.345454545454546,4.784123643436294,13,451.0,0.2750794606653604,9,126.0,0.31453456757314374,22,577.0
1895.0,26,465.0,8.017241379310345,5.507206928227226,18,455.0,0.2255097252795815,8,128.0,0.34659452101323157,26,583.0
1900.0,24,360.0,6.206896551724138,5.087675995077446,17,405.0,0.15955886394771376,7,126.0,0.4070890386701992,24,531.0
1905.0,26,338.0,5.540983606557377,6.042965027805375,17,355.0,0.25830042871251,9,134.0,0.49850484696188513,26,489.0
1910.0,24,290.0,5.0,5.081489657813477,15,368.0,0.2844490016448476,9,145.0,0.43614418623199386,24,513.0
1915.0,28,391.0,6.409836065573771,4.997058284230924,17,388.0,0.2394358021657091,11,131.0,0.43120455843022754,28,519.0
1920.0,29,364.0,5.6875,4.331772575020887,18,408.0,0.1772621327381962,11,148.0,0.3927693868634624,29,556.0
1925.0,20,219.0,3.2205882352941178,5.334853069108829,12,334.0,0.22042214755650438,8,139.0,0.35705093891849077,20,473.0
1930.0,17,181.0,2.742424242424242,5.647596754553567,7,285.0,0.33251313523960335,10,124.0,0.21230865020688966,17,409.0
1935.0,22,273.0,4.403225806451613,6.140115435646909,8,249.0,0.37480357891117644,14,150.0,0.2086676632514525,22,399.0
1940.0,22,352.0,5.866666666666666,5.893401900660367,9,275.0,0.3513157260000607,13,187.0,0.23044098749161793,22,462.0
1945.0,20,361.0,6.333333333333333,5.283869779032533,10,274.0,0.2392596073007862,10,206.0,0.24249558147313408,20,480.0
1950.0,23,380.0,6.551724137931035,5.417827939950825,15,334.0,0.20401159582186698,8,190.0,0.3043526662227372,23,524.0
1955.0,21,360.0,6.315789473684211,6.441973122357789,14,341.0,0.3054078748301026,7,173.0,0.46122528433542964,21,514.0
1960.0,20,311.0,5.553571428571429,5.730822452844846,14,288.0,0.3415890492442769,6,143.0,0.40060830499297395,20,431.0
1965.0,20,334.0,5.964285714285714,4.6376363902356585,13,316.0,0.28512095598310677,7,139.0,0.3847790015380695,20,455.0
1970.0,21,265.0,4.907407407407407,4.909356407814044,11,278.0,0.3130728623709718,10,151.0,0.29155672115042774,21,429.0
1975.0,20,349.0,6.12280701754386,5.393475416182143,10,273.0,0.3862669315870349,10,164.0,0.09604770953943721,20,437.0
1980.0,23,324.0,5.491525423728813,5.537333452523235,13,285.0,0.3280668431152633,10,164.0,0.19519265131243493,23,449.0
1985.0,23,387.0,7.036363636363636,5.606926086547365,15,314.0,0.2410836035536778,8,144.0,0.34040229687473206,23,458.0
1990.0,22,342.0,6.218181818181818,4.932899701650746,16,346.0,0.13338273722508623,6,100.0,0.36905349344443444,22,446.0
1995.0,22,410.0,7.884615384615385,5.729770644052967,18,392.0,0.23154651011875166,4,77.0,0.4897104265012032,22,469.0
2000.0,22,423.0,7.833333333333333,4.957394345669764,15,435.0,0.27978701999950206,7,79.0,0.30558961197697315,22,514.0
2005.0,18,383.0,6.839285714285714,5.819853790853998,7,407.0,0.35009881956167727,11,131.0,0.35374997367459493,18,538.0
2010.0,16,406.0,7.0,6.258999764316396,7,395.0,0.43498858985330663,9,134.0,0.3300508276208817,16,529.0
2015.0,12,386.0,6.892857142857143,6.619139547205384,8,377.0,0.3765958337204766,4,112.0,0.40432006122743536,12,489.0
2020.0,21,448.0,8.452830188679245,5.917169872228846,16,394.0,0.1303069233755007,5,122.0,0.5720531509709579,21,516.0
2025.0,23,241.0,4.462962962962963,5.384527129400568,17,284.0,0.14237563770076056,6,142.0,0.49640637220391415,23,426.0
2030.0,24,348.0,6.566037735849057,5.633675428204129,18,244.0,0.18238234829702737,6,178.0,0.48811694921256377,24,422.0
2035.0,24,328.0,6.188679245283019,5.3412162311389535,16,309.0,0.24556095272736692,8,126.0,0.4082965219881978,24,435.0
2040.0,23,395.0,7.314814814814815,6.24299232163101,14,348.0,0.3526755612331263,9,136.0,0.44909892535574014,23,484.0
2045.0,20,331.0,6.12962962962963,4.78400567761762,13,339.0,0.2639536994118958,7,142.0,0.3461543246472618,20,481.0
2050.0,14,153.0,2.8867924528301887,5.325455093758289,9,264.0,0.23608136882186326,5,120.0,0.3544421902448212,14,384.0
2055.0,13,179.0,3.3773584905660377,5.742365158811178,8,193.0,0.3121906249057459,5,128.0,0.22848699444992115,13,321.0
2060.0,17,245.0,4.454545454545454,7.009597702171077,8,172.0,0.4086647857324051,9,144.0,0.207417476775413,17,316.0
2065.0,20,272.0,5.666666666666667,5.347527210992763,10,170.0,0.27988389289985116,10,168.0,0.16188638926350907,20,338.0
2070.0,16,299.0,6.229166666666667,6.702536272882774,11,173.0,0.3039370347233255,5,137.0,0.38289084713279753,16,310.0
2075.0,15,278.0,6.465116279069767,4.934233795082835,10,171.0,0.2174880615688745,5,153.0,0.2820411314839935,15,324.0
2080.0,19,354.0,8.232558139534884,6.2762168006086645,10,179.0,0.3295644593005382,9,195.0,0.44406133954642013,19,374.0
2085.0,13,334.0,7.590909090909091,5.837891005994205,6,185.0,0.37189687307268376,7,207.0,0.3556118379209655,13,392.0
2090.0,12,336.0,7.304347826086956,7.508360338147372,7,147.0,0.3834990649484938,5,190.0,0.4598296904159587,12,337.0
2095.0,8,175.0,3.723404255319149,7.357812593959682,4,60.0,0.3612657158767164,4,173.0,0.3565821512165505,8,233.0
2100.0,17,240.0,5.1063829787234045,7.091216635078222,9,74.0,0.3467670494666619,8,187.0,0.30479148439382914,17,261.0
2105.0,12,248.0,5.511111111111111,6.855705304230367,6,82.0,0.47562053751283767,6,203.0,0.29325989255703216,12,285.0
2110.0,15,297.0,7.071428571428571,7.121950146916928,8,117.0,0.40342055332015103,7,209.0,0.3903057812777978,15,326.0
2115.0,12,114.0,2.7804878048780486,6.387867730527516,7,109.0,0.29420494779800227,5,115.0,0.4560462130158482,12,224.0
2120.0,12,121.0,2.951219512195122,7.083960231411256,8,104.0,0.24171157459511822,4,62.0,0.5218695611868985,12,166.0
2125.0,9,126.0,3.3157894736842106,6.784588670574557,4,104.0,0.4561584232752804,5,64.0,0.32235788696313006,9,168.0
2130.0,14,191.0,4.441860465116279,7.10879577359288,6,115.0,0.551749765031782,8,104.0,0.3200147876443819,14,219.0
2135.0,10,185.0,4.868421052631579,6.721532690826603,5,132.0,0.49087645596223606,5,103.0,0.4700492823898713,10,235.0
2140.0,9,205.0,5.0,7.21693871542565,4,134.0,0.4221574303296119,5,98.0,0.5166444656708896,9,232.0
2145.0,10,204.0,5.368421052631579,7.108386568676075,7,153.0,0.37219796291353385,3,78.0,0.44974813731137986,10,231.0
2150.0,12,128.0,3.4594594594594597,6.623803782412493,6,129.0,0.26984389783369883,6,54.0,0.291183220132247,12,183.0
2155.0,10,117.0,3.0,6.839389604442454,7,93.0,0.3480439393669391,3,44.0,0.3918661212496774,10,137.0
2160.0,9,85.0,2.073170731707317,8.521438618455845,6,73.0,0.4538531054200714,3,43.0,0.6589360419908583,9,116.0
2165.0,8,95.0,2.317073170731707,9.075448813212999,4,57.0,0.5570334950848774,4,60.0,0.6434849537129688,8,117.0
2170.0,9,138.0,3.2857142857142856,8.720668149891702,5,70.0,0.4169390735960001,4,77.0,0.6806759483964816,9,147.0
2175.0,12,178.0,3.9555555555555557,7.741678856185711,5,77.0,0.35281842986001405,7,104.0,0.6186515374574532,12,181.0
2180.0,16,190.0,4.222222222222222,6.053798787875082,8,114.0,0.38826452828611807,8,105.0,0.44815151893304683,16,219.0
2185.0,18,162.0,3.375,4.86183574625346,4,87.0,0.4129885219621061,14,117.0,0.32453795908800936,18,204.0
2190.0,18,178.0,3.7083333333333335,5.07519870332455,4,50.0,0.6351534061516535,14,157.0,0.19509118855341975,18,207.0
2195.0,18,234.0,4.5,6.093492827340191,5,71.0,0.53544899962341,13,190.0,0.22165603648112409,18,261.0
2200.0,20,217.0,3.9454545454545453,5.728601254450159,5,87.0,0.35650951531687464,15,191.0,0.2170453423039901,20,278.0
2205.0,24,281.0,5.30188679245283,5.588705233441115,7,99.0,0.31830323160810303,17,232.0,0.26916487938289285,24,331.0
2210.0,22,341.0,6.82,5.085111302862604,7,128.0,0.4151494714092877,15,274.0,0.25072568448381644,22,402.0
2215.0,20,304.0,6.204081632653061,4.869771629217294,7,121.0,0.4284249987490714,13,311.0,0.24323165004039596,20,432.0
2220.0,23,279.0,5.58,4.621523835010896,9,108.0,0.428888951689997,14,317.0,0.22670491001609264,23,425.0
2225.0,22,277.0,5.54,4.457660106150683,9,114.0,0.31909143229942794,13,296.0,0.24417068661093372,22,410.0
2230.0,21,242.0,4.653846153846154,4.381776125446818,7,112.0,0.3691554383342032,14,291.0,0.11953733181243335,21,403.0
2235.0,18,246.0,4.315789473684211,5.255886869358901,7,133.0,0.2701554426192848,11,245.0,0.24433130306862108,18,378.0
2240.0,22,299.0,5.339285714285714,6.038105201805432,11,165.0,0.2389569313828092,11,257.0,0.36469402681723345,22,422.0
2245.0,22,310.0,5.344827586206897,5.608627582346749,10,187.0,0.2996055308741517,12,253.0,0.34164095215937806,22,440.0
2250.0,23,391.0,6.741379310344827,5.655958427412626,11,200.0,0.34202751969940287,12,281.0,0.39430932604965285,23,481.0
2255.0,19,399.0,7.0,5.493545015783382,8,203.0,0.3301346676982543,11,308.0,0.37710663901010877,19,511.0
2260.0,21,379.0,6.890909090909091,5.283848467591951,7,169.0,0.4353698828490965,14,319.0,0.19258919524263607,21,488.0
2265.0,26,448.0,8.0,4.664226496032932,7,190.0,0.3461492069922182,19,358.0,0.09433948705024886,26,548.0
2270.0,27,383.0,6.603448275862069,4.784372213859361,10,222.0,0.3843375977271423,17,328.0,0.1623393727347608,27,550.0
2275.0,23,426.0,7.344827586206897,5.9496080787711385,8,236.0,0.4077067112426954,15,302.0,0.3413763979139717,23,538.0
2280.0,25,460.0,7.540983606557377,5.349112203035253,12,259.0,0.3518619731449484,13,323.0,0.3117676787944802,25,582.0
2285.0,22,313.0,5.048387096774194,5.294262725844022,13,170.0,0.3063864475271148,9,287.0,0.2972931692010902,22,457.0
2290.0,25,394.0,6.354838709677419,5.307250976551324,16,221.0,0.16246474584948997,9,312.0,0.32766628141887155,25,533.0
2295.0,28,418.0,6.430769230769231,5.540500650550346,13,233.0,0.20345671709706234,15,345.0,0.33467621327883196,28,578.0
2300.0,23,408.0,6.580645161290323,5.207235266825556,6,182.0,0.21167055875529314,17,373.0,0.261358962699146,23,555.0
2305.0,16,368.0,5.841269841269841,5.633854038699554,4,159.0,0.2637119403955164,12,393.0,0.23355407028473832,16,552.0
2310.0,20,435.0,7.016129032258065,6.721563011548195,8,125.0,0.34179759799953957,12,430.0,0.2984065827870584,20,555.0
2315.0,21,449.0,7.87719298245614,6.8179894014923645,9,144.0,0.5318408922184038,12,446.0,0.2735812210836658,21,590.0
2320.0,24,504.0,8.542372881355933,6.097884089259807,11,196.0,0.46816826263288014,13,441.0,0.29827415469792906,24,637.0
2325.0,23,399.0,6.762711864406779,5.404668800311885,10,187.0,0.4285869057534775,13,405.0,0.3176867307976337,23,592.0
2330.0,25,242.0,3.9672131147540983,5.252851260705253,10,121.0,0.3801911237613514,15,327.0,0.2695825544605479,25,448.0
2335.0,27,268.0,4.32258064516129,3.7084242655409287,11,156.0,0.23145981825459017,16,370.0,0.1716173353548716,27,526.0
2340.0,26,342.0,5.181818181818182,5.131575189507601,13,180.0,0.2136028204081759,13,399.0,0.28257225179589757,26,579.0
2345.0,25,273.0,4.55,5.015145480210108,15,222.0,0.17417046780000392,10,359.0,0.3084197165619993,25,581.0
2350.0,31,394.0,6.253968253968254,5.5436909326555055,18,305.0,0.2785143138796574,13,340.0,0.25357392092730446,31,645.0
2355.0,32,483.0,7.666666666666667,4.707387622800409,19,399.0,0.2677394898219557,13,318.0,0.16114239452775406,32,717.0
2360.0,28,464.0,7.733333333333333,5.014598165755976,17,417.0,0.3004258724707107,11,310.0,0.2790528805473635,28,727.0
2365.0,19,354.0,5.80327868852459,5.551779571728669,10,356.0,0.3867983480061149,9,242.0,0.2935318467410841,19,598.0
2370.0,25,349.0,4.985714285714286,5.4880659027567145,13,364.0,0.32092208827112834,12,213.0,0.3615379570151029,25,577.0
2375.0,27,411.0,5.63013698630137,5.7831127018324775,15,369.0,0.338312765095828,12,246.0,0.41212414723062707,27,615.0
2380.0,31,432.0,5.917808219178082,5.05830535004037,18,391.0,0.28065384608288735,13,266.0,0.38579236019360297,31,657.0
2385.0,38,396.0,5.577464788732394,3.739597756583562,24,384.0,0.15177455212911584,14,254.0,0.31695583378872416,38,638.0
2390.0,39,396.0,5.823529411764706,2.4600910264760487,28,478.0,0.04271727353698442,11,171.0,0.22725629149365464,39,649.0
2395.0,45,517.0,7.602941176470588,3.0559409028258777,30,571.0,0.058403931119248575,15,202.0,0.1223347042124982,45,773.0
2400.0,43,600.0,8.450704225352112,3.499967776320263,27,620.0,0.12954534178783403,16,232.0,0.19209632445019434,43,852.0
2405.0,34,486.0,6.942857142857143,4.42825813392796,18,553.0,0.17720023143936664,16,276.0,0.28118633638972645,34,829.0
2410.0,31,502.0,7.492537313432836,4.80343293739948,15,515.0,0.22108236147375718,16,306.0,0.2512145174653616,31,821.0
2415.0,25,537.0,7.897058823529412,5.140656813306569,12,505.0,0.29544061646121367,13,308.0,0.24102253998361856,25,813.0
2420.0,26,551.0,8.746031746031745,4.630703837933728,18,580.0,0.1664489031599902,8,266.0,0.2635204140315241,26,846.0
2425.0,27,519.0,8.65,4.129803938144592,19,622.0,0.14917004402767828,8,216.0,0.29406526315161124,27,838.0
2430.0,23,575.0,9.274193548387096,4.937487858538623,14,608.0,0.23816266077152973,9,183.0,0.2453178755058088,23,791.0
2435.0,26,577.0,9.306451612903226,4.794979114837401,13,590.0,0.2524823408012873,13,232.0,0.21526401752243984,26,822.0
2440.0,25,410.0,6.119402985074627,5.336316035625307,14,536.0,0.33476683676505414,11,248.0,0.19621430734656525,25,784.0
2445.0,20,383.0,5.803030303030303,5.627257228382257,12,550.0,0.27775368774543474,8,215.0,0.40078902109539627,20,765.0
2450.0,20,326.0,5.174603174603175,5.707439766801273,13,557.0,0.25273250607627146,7,170.0,0.40163284221804524,20,727.0
2455.0,23,389.0,6.078125,5.217112462944474,14,554.0,0.21811486241335912,9,152.0,0.31946448440815195,23,706.0
2460.0,29,462.0,7.333333333333333,4.598197822568289,20,519.0,0.18789348149139984,9,175.0,0.3145010009016685,29,694.0
2465.0,23,392.0,6.030769230769231,5.56707217799575,18,513.0,0.2112772907196855,5,159.0,0.4788382325805333,23,672.0
2470.0,29,366.0,5.809523809523809,5.3839263785322595,21,451.0,0.22670950926686648,8,133.0,0.37061563248437807,29,584.0
2475.0,32,402.0,6.380952380952381,5.063557130249427,21,500.0,0.21040213325186877,11,181.0,0.35086951254699394,32,681.0
2480.0,29,478.0,7.587301587301587,4.6819481779631715,20,515.0,0.18366703134822016,9,214.0,0.3624801360918269,29,729.0
2485.0,29,514.0,8.426229508196721,4.799109736511673,17,541.0,0.19012152295133952,12,251.0,0.40584674995610853,29,792.0
2490.0,25,348.0,5.523809523809524,4.8210519745310325,12,478.0,0.23359110896514718,13,274.0,0.3211217768951532,25,752.0
2495.0,20,401.0,6.365079365079365,5.662285782067747,12,425.0,0.2705917425596878,8,266.0,0.27470333901177985,20,691.0
2500.0,23,395.0,6.076923076923077,5.217072932967323,14,391.0,0.16869421702385318,9,289.0,0.27852248681067815,23,680.0
2505.0,33,479.0,7.484375,5.075276040725071,16,334.0,0.22518355171201365,17,322.0,0.1984253059576012,33,656.0
2510.0,31,521.0,8.683333333333334,4.783838131467577,15,338.0,0.3009806043294455,16,371.0,0.2208790053028302,31,709.0
2515.0,25,610.0,10.338983050847459,4.441481503360143,15,372.0,0.23121985557287117,10,384.0,0.25342403676157543,25,756.0
2520.0,26,537.0,9.101694915254237,4.235171337846901,16,380.0,0.1997770743162048,10,382.0,0.240855472773864,26,762.0
2525.0,29,611.0,10.01639344262295,5.261620145724362,16,365.0,0.30704211215002625,13,409.0,0.23939263682014034,29,774.0
2530.0,27,601.0,9.852459016393443,4.4795951559862015,14,339.0,0.3109086333541756,13,448.0,0.23930163856747821,27,787.0
2535.0,18,464.0,7.733333333333333,5.544906183875527,9,238.0,0.3321160908498348,9,448.0,0.2695847841684657,18,686.0
2540.0,14,163.0,2.629032258064516,5.745358367364003,7,220.0,0.288856559941185,7,276.0,0.2712783122929067,14,496.0
2545.0,27,225.0,3.4615384615384617,5.631912861552719,14,253.0,0.21213717022477274,13,153.0,0.27932410683777964,27,406.0
2550.0,27,312.0,5.114754098360656,5.021708433439718,15,262.0,0.26011828435152995,12,192.0,0.32493077119730546,27,454.0
2555.0,19,326.0,5.433333333333334,6.078664243333771,11,240.0,0.32548524030063253,8,184.0,0.3353266503154239,19,424.0
2560.0,16,244.0,4.206896551724138,5.622580839204339,11,233.0,0.21271898661046643,5,135.0,0.3731094117674252,16,368.0
2565.0,23,313.0,4.968253968253968,6.031798423183259,14,254.0,0.3181627015869833,9,133.0,0.22929363248553983,23,387.0
2570.0,24,218.0,3.892857142857143,5.772053779648268,13,253.0,0.3600928320394402,11,123.0,0.3235700606434871,24,376.0
2575.0,21,266.0,4.836363636363636,6.013022577738551,11,214.0,0.3169415484695655,10,139.0,0.4309602516235671,21,353.0
2580.0,23,244.0,4.357142857142857,4.81063457915667,13,210.0,0.2323444079221456,10,146.0,0.41040074198100074,23,356.0
2585.0,19,243.0,3.9836065573770494,5.382571548645727,13,199.0,0.2952557718123838,6,107.0,0.2942856909521306,19,306.0
2590.0,17,249.0,4.081967213114754,6.201959400718049,12,231.0,0.33875982886116407,5,94.0,0.28219057369124795,17,325.0
2595.0,22,311.0,5.016129032258065,6.32403312502158,14,262.0,0.34152901124886015,8,117.0,0.31244666948335975,22,379.0
2600.0,27,323.0,5.767857142857143,4.616061703703953,16,291.0,0.22947515337132104,11,142.0,0.2976222760925711,27,433.0
2605.0,24,323.0,6.211538461538462,4.74106202698529,18,284.0,0.1152503115804072,6,145.0,0.44709600089952833,24,429.0
2610.0,26,309.0,5.830188679245283,3.7234369704779526,18,319.0,0.06956267769657971,8,124.0,0.34406694604085913,26,443.0
2615.0,27,370.0,6.379310344827586,5.037916149790656,16,338.0,0.21335301369007356,11,145.0,0.27643419948686776,27,483.0
2620.0,25,312.0,5.473684210526316,5.539210902614995,13,353.0,0.33767161892154696,12,161.0,0.34112449953275586,25,514.0
2625.0,21,260.0,4.406779661016949,6.635872420840451,8,280.0,0.43663235847975157,13,152.0,0.3651578563779081,21,432.0
2630.0,23,266.0,4.75,4.960245698841463,12,266.0,0.2738878781649179,11,171.0,0.21364074305925188,23,437.0
2635.0,21,268.0,4.5423728813559325,5.854977234775224,13,272.0,0.2705381668748241,8,149.0,0.30517052997761346,21,421.0
2640.0,20,247.0,4.116666666666666,5.517068871187211,13,296.0,0.19708601684778615,7,129.0,0.41060539403725416,20,425.0
2645.0,25,347.0,5.783333333333333,6.033167229628869,14,331.0,0.29632570255768836,11,164.0,0.4249512009391468,25,495.0
2650.0,24,378.0,6.406779661016949,5.549303752109204,13,327.0,0.310726096195398,11,182.0,0.41258575156264043,24,509.0
2655.0,17,393.0,6.442622950819672,5.837560206739665,7,294.0,0.3472700194699626,10,175.0,0.27704466233760144,17,469.0
2660.0,20,388.0,6.576271186440678,5.811587993147881,10,307.0,0.29577917104134976,10,169.0,0.2592894187417913,20,476.0
2665.0,22,406.0,6.444444444444445,6.306278127189262,10,326.0,0.3099939722334562,12,156.0,0.26208128313136414,22,482.0
2670.0,19,366.0,5.809523809523809,6.555411900571777,9,324.0,0.44436955718547794,10,154.0,0.25130381741711444,19,478.0
2675.0,26,484.0,7.934426229508197,6.591739897195982,12,361.0,0.46117002918585254,14,184.0,0.30365169402324704,26,545.0
2680.0,25,498.0,8.3,5.3146714444756435,11,387.0,0.3834468135758345,14,205.0,0.321545338262494,25,592.0
2685.0,24,569.0,9.327868852459016,5.475849647155354,15,444.0,0.22343880474081446,9,185.0,0.4615617028766293,24,629.0
2690.0,23,531.0,9.0,5.505675161151577,15,467.0,0.15242843036943307,8,158.0,0.48989107694708295,23,625.0
2695.0,21,582.0,10.392857142857142,5.9812646870269885,11,486.0,0.3080937848526125,10,171.0,0.376263196686809,21,657.0
2700.0,21,245.0,4.298245614035087,4.513314264288456,7,322.0,0.3461811528961992,14,168.0,0.11765444511771418,21,490.0
2705.0,24,267.0,4.52542372881356,6.13503795015004,9,168.0,0.47617267364977955,15,174.0,0.2358836650171214,24,342.0
2710.0,22,224.0,3.6129032258064515,6.8606767867875496,7,155.0,0.556542860221172,15,200.0,0.34920009160518534,22,355.0
2715.0,16,212.0,3.365079365079365,7.015754076265709,9,138.0,0.42358289944574157,7,190.0,0.41124868071855275,16,328.0
2720.0,18,211.0,3.459016393442623,5.219264863599828,9,147.0,0.21659237294759007,9,190.0,0.33857487006928433,18,337.0
2725.0,25,299.0,4.983333333333333,5.797547363953644,9,152.0,0.3086781654647569,16,247.0,0.22111879956975714,25,399.0
2730.0,25,310.0,5.0,4.8667024772090395,9,187.0,0.2150096803700777,16,269.0,0.13607905433851142,25,456.0
2735.0,31,410.0,7.068965517241379,4.578818233355381,14,243.0,0.2041835859622626,17,280.0,0.22315940856507066,31,523.0
2740.0,26,359.0,6.298245614035087,4.7219176791718445,12,227.0,0.2827888459163367,14,298.0,0.27149704949803427,26,525.0
2745.0,22,354.0,6.679245283018868,5.762798173320217,12,236.0,0.3572062867831283,10,258.0,0.345616853733658,22,494.0
2750.0,17,253.0,4.517857142857143,4.955887082117295,10,249.0,0.17377522091762243,7,199.0,0.4153462266820885,17,448.0
2755.0,19,246.0,4.032786885245901,5.527199973848105,7,219.0,0.402337831163101,12,189.0,0.24878264438447872,19,408.0
2760.0,21,323.0,5.295081967213115,6.4669595691642,8,211.0,0.5411811109584006,13,207.0,0.2859067724642646,21,418.0
2765.0,13,212.0,3.3125,7.0325452785002645,5,108.0,0.5105438404664584,8,206.0,0.31254134857315385,13,314.0
2770.0,15,181.0,2.701492537313433,6.280962808361067,8,79.0,0.3619125954148621,7,208.0,0.339074497293774,15,287.0
2775.0,26,224.0,3.4461538461538463,5.498366396226865,13,118.0,0.346330065084931,13,195.0,0.3115496118504567,26,313.0
2780.0,28,313.0,4.6716417910447765,5.0425650809941205,13,144.0,0.3449901902330198,15,242.0,0.29140633494454277,28,386.0
2785.0,24,332.0,5.107692307692307,4.548677037034024,13,182.0,0.2762288546449601,11,247.0,0.28491197874704466,24,429.0
2790.0,22,333.0,5.045454545454546,5.125321577063612,12,177.0,0.23680917602498397,10,254.0,0.30552639871258014,22,431.0
2795.0,30,394.0,5.628571428571429,4.728546651832626,14,198.0,0.19194411351025986,16,277.0,0.18048420952791944,30,475.0
2800.0,30,383.0,5.319444444444445,5.666101450400619,13,241.0,0.3355135408319493,17,279.0,0.26593966660273083,30,520.0
2805.0,30,401.0,5.493150684931507,5.675637969153832,14,284.0,0.4108799315682113,16,255.0,0.31637399432016594,30,539.0
2810.0,35,463.0,6.430555555555555,4.499207911450638,17,323.0,0.34172601361198285,18,291.0,0.25135990668261915,35,614.0
2815.0,28,309.0,4.12,5.02823986005861,17,316.0,0.33932929657527255,11,274.0,0.3037017507455187,28,590.0
2820.0,32,329.0,4.2727272727272725,4.257209080710608,22,306.0,0.18793283197706906,10,275.0,0.2867686744641746,32,581.0
2825.0,40,414.0,5.3076923076923075,3.893158167595668,22,359.0,0.17261221266475177,18,310.0,0.23319126376542798,40,669.0
2830.0,38,427.0,5.405063291139241,3.4610947859269334,17,352.0,0.17017454010260175,21,364.0,0.1494674899210461,38,716.0
2835.0,32,428.0,5.706666666666667,4.389120203460919,16,352.0,0.186719737481025,16,363.0,0.20756819656477282,32,715.0
2840.0,28,440.0,5.714285714285714,5.233185314078783,15,322.0,0.19104518357412636,13,376.0,0.28639460193158445,28,698.0
2845.0,27,406.0,5.486486486486487,5.060949989533539,15,332.0,0.19874293152205108,12,369.0,0.28380338106956354,27,701.0
2850.0,32,411.0,5.871428571428571,4.403056796554623,17,347.0,0.2036940661962014,15,369.0,0.21585415777503847,32,716.0
2855.0,32,442.0,6.405797101449275,3.82999611792932,17,369.0,0.17536841014984791,15,417.0,0.21683312145978798,32,786.0
2860.0,23,431.0,6.338235294117647,4.708083181073333,13,317.0,0.23234737876211514,10,429.0,0.25731055730266156,23,746.0
2865.0,21,256.0,4.129032258064516,5.103167351701457,10,242.0,0.21917735965830795,11,370.0,0.2645697553779681,21,612.0
2870.0,26,307.0,4.723076923076923,5.673902428353526,6,188.0,0.3520567459797156,20,342.0,0.22447935210188102,26,530.0
2875.0,26,268.0,3.8840579710144927,5.874805103582504,4,134.0,0.4609954895959554,22,404.0,0.20523940527152776,26,538.0
2880.0,26,320.0,4.776119402985074,6.359964585627936,7,110.0,0.5661850799077975,19,424.0,0.2640233034953854,26,534.0
2885.0,24,324.0,4.984615384615385,5.05498984247167,8,122.0,0.39891462794467325,16,449.0,0.25296728759072207,24,571.0
2890.0,22,297.0,4.640625,4.454670842751384,11,141.0,0.3153296162830808,11,422.0,0.18085569749565944,22,563.0
2895.0,26,263.0,4.109375,3.701525913142181,12,165.0,0.12506931996662748,14,420.0,0.22849325799171968,26,585.0
2900.0,29,299.0,4.53030303030303,4.376300185951412,11,167.0,0.27673353553545693,18,441.0,0.1413131234065987,29,608.0
2905.0,36,413.0,6.453125,3.731325455535109,11,209.0,0.374114053506066,25,499.0,0.00884553038730928,36,708.0
2910.0,35,501.0,7.9523809523809526,4.395600197028523,11,247.0,0.44723332848892955,24,540.0,0.07526333153437507,35,787.0
2915.0,32,463.0,7.467741935483871,3.2069876119549665,13,231.0,0.2797535363138447,19,573.0,0.13847454223323785,32,804.0
2920.0,31,408.0,6.688524590163935,3.3702118028462396,18,228.0,0.19123685659381795,13,532.0,0.19816695018620772,31,760.0
2925.0,26,293.0,4.578125,3.576867048062341,15,265.0,0.09153557308972958,11,511.0,0.26723228659940557,26,776.0
2930.0,26,323.0,5.046875,4.375819260870853,11,263.0,0.23710887804227146,15,476.0,0.19644637187343061,26,739.0
2935.0,32,441.0,6.890625,4.372688063973323,12,285.0,0.2737615695140189,20,516.0,0.1600500339009896,32,801.0
2940.0,32,490.0,8.032786885245901,4.74854894943653,10,282.0,0.2420919572048876,22,525.0,0.24703720779917082,32,807.0
2945.0,34,557.0,9.283333333333333,4.15112271424097,12,290.0,0.22217670800916167,22,562.0,0.19528477547107592,34,852.0
2950.0,25,386.0,6.655172413793103,4.368263963882911,10,236.0,0.28926339916747046,15,508.0,0.2017804456835135,25,744.0
2955.0,22,351.0,6.051724137931035,4.8581191293025645,10,213.0,0.24080336847519876,12,452.0,0.2369040576530041,22,665.0
2960.0,24,291.0,4.932203389830509,4.703495157419607,11,211.0,0.18344380190058315,13,435.0,0.25055656186038033,24,646.0
2965.0,28,275.0,4.583333333333333,4.155113082969588,11,198.0,0.2660542539933437,17,420.0,0.2110483270855065,28,618.0
2970.0,28,278.0,4.34375,4.793861984152906,9,192.0,0.4242852359437511,19,445.0,0.24303909931587414,28,637.0
2975.0,20,252.0,4.0,5.69828884029001,4,128.0,0.5481116932864298,16,454.0,0.25017069463769376,20,582.0
2980.0,19,208.0,3.1044776119402986,5.504804523444142,6,118.0,0.44475694771910695,13,426.0,0.20297744863042552,19,544.0
2985.0,24,229.0,3.417910447761194,5.411909556443751,5,109.0,0.45418019555424083,19,403.0,0.18505412193720017,24,512.0
2990.0,31,333.0,5.045454545454546,4.786663769669998,9,137.0,0.4150715176888491,22,449.0,0.17605820184634025,31,586.0
2995.0,23,327.0,5.190476190476191,4.550354605298534,5,114.0,0.3643338788057631,18,435.0,0.16989474731107648,23,549.0
3000.0,25,317.0,5.112903225806452,4.8309490418143515,9,139.0,0.33383966790930963,16,420.0,0.2428816604627477,25,559.0
3005.0,27,364.0,5.6,5.262443025562605,9,161.0,0.39760410366408827,18,438.0,0.24849495654417464,27,599.0
3010.0,26,364.0,5.6,5.41601006846247,4,131.0,0.5181600227499348,22,486.0,0.1816349124355346,26,617.0
3015.0,29,353.0,5.693548387096774,5.018082958421597,6,132.0,0.42120723891733525,23,498.0,0.13918570580358858,29,630.0
3020.0,22,294.0,4.59375,4.888087276292067,3,51.0,0.3418894512305308,19,536.0,0.15904023366910763,22,587.0
3025.0,18,236.0,3.933333333333333,6.409493751430417,4,38.0,0.5152159709000135,14,506.0,0.24420728180625612,18,544.0
3030.0,19,265.0,4.649122807017544,5.847884738867909,3,29.0,0.5246338480698235,16,533.0,0.24833546987599583,19,562.0
3035.0,24,341.0,5.982456140350878,4.681406113277855,6,54.0,0.36544783360042926,18,544.0,0.16768470228234372,24,598.0
3040.0,22,376.0,6.714285714285714,4.405312496536174,3,50.0,0.46282819792673985,19,579.0,0.18792867343269026,22,629.0
3045.0,18,406.0,7.381818181818182,5.704855702606298,4,44.0,0.5793680171718086,14,559.0,0.23196349335744237,18,603.0
3050.0,18,337.0,5.912280701754386,5.711688128940096,1,16.0,0.5610629338426565,17,561.0,0.20339367100063505,18,577.0
3055.0,25,424.0,7.709090909090909,5.8927497854989825,3,24.0,0.6385187616519196,22,601.0,0.16329511057784968,25,625.0
3060.0,24,348.0,6.444444444444445,5.537669716007168,1,11.0,0.7114982994589168,23,598.0,0.07213140581178817,24,609.0
3065.0,25,319.0,6.134615384615385,5.145579556022931,2,23.0,0.624340896337712,23,567.0,0.10917066189542736,25,590.0
3070.0,25,367.0,7.34,4.17993507809012,5,39.0,0.46327637745960176,20,610.0,0.17769718393098982,25,649.0
3075.0,25,384.0,7.111111111111111,5.239264906420495,8,76.0,0.4445788443596507,17,601.0,0.27044173255935217,25,677.0
3080.0,21,345.0,6.160714285714286,5.0775403208011465,6,78.0,0.4572402944551887,15,588.0,0.2768393073643333,21,666.0
3085.0,20,217.0,3.807017543859649,5.477321026625631,6,98.0,0.46378824949577585,14,495.0,0.2125892881893262,20,593.0
3090.0,18,182.0,3.1379310344827585,5.090058643343959,7,106.0,0.28212718040671275,11,494.0,0.2439321386086086,18,600.0
3095.0,26,235.0,3.983050847457627,5.27849991703235,8,103.0,0.2433847808207519,18,561.0,0.27090808369414215,26,664.0
3100.0,24,294.0,5.444444444444445,4.8596473061406655,6,109.0,0.3589966037439187,18,572.0,0.2740217843499741,24,681.0
3105.0,21,347.0,6.803921568627451,5.391585386462963,8,142.0,0.3493427314508039,13,509.0,0.24602148234693427,21,651.0
3110.0,24,368.0,7.076923076923077,4.026092772788182,7,156.0,0.22617980409404068,17,530.0,0.10331738654051781,24,686.0
3115.0,23,357.0,6.611111111111111,5.295628635858519,5,146.0,0.4602427199894459,18,502.0,0.10782267989601589,23,648.0
3120.0,24,367.0,7.196078431372549,5.2865740264165675,5,153.0,0.51525077012526,19,460.0,0.17231882404997248,24,613.0
3125.0,24,355.0,6.69811320754717,5.588955018219345,5,181.0,0.4941602150024405,19,484.0,0.223643536615395,24,665.0
3130.0,23,341.0,6.686274509803922,4.673037486672563,6,157.0,0.3598823467006215,17,463.0,0.2463461784848336,23,620.0
3135.0,23,320.0,6.2745098039215685,5.274692505132504,7,118.0,0.34386934169005223,16,428.0,0.32575073876844035,23,546.0
3140.0,18,196.0,3.843137254901961,5.360767480959141,5,93.0,0.34774157590796134,13,412.0,0.33304356989374867,18,505.0
3145.0,20,239.0,4.425925925925926,5.996214580979163,6,62.0,0.4560283961119992,14,403.0,0.3055505087677279,20,465.0
3150.0,21,232.0,4.218181818181818,5.227758444140102,5,56.0,0.49144361383008556,16,410.0,0.26219557213688877,21,466.0
3155.0,20,208.0,3.586206896551724,6.005340834855196,4,52.0,0.6192252184064402,16,410.0,0.22854648391536495,20,462.0
3160.0,21,233.0,3.9491525423728815,5.547837636116924,4,32.0,0.5316800918413103,17,469.0,0.2205392794651262,21,501.0
3165.0,22,308.0,5.133333333333334,5.927345688718617,5,45.0,0.5169851198534272,17,508.0,0.19090582341772505,22,553.0
3170.0,29,354.0,5.80327868852459,5.037262478768282,8,69.0,0.44893750543728883,21,533.0,0.14919705199518649,29,602.0
3175.0,31,423.0,6.82258064516129,5.064299484456148,12,122.0,0.390205820445231,19,533.0,0.18765271822149293,31,655.0
3180.0,27,367.0,6.116666666666666,4.0725265701907585,10,146.0,0.3708580485750646,17,517.0,0.1655866317368604,27,663.0
3185.0,21,283.0,4.564516129032258,4.941654636528385,7,123.0,0.32903869116738493,14,448.0,0.21406729551667905,21,571.0
3190.0,22,299.0,4.746031746031746,4.765772221920329,7,102.0,0.1907658224152606,15,442.0,0.25076416195791257,22,544.0
3195.0,28,387.0,6.142857142857143,4.917465023036013,14,138.0,0.1764735712296891,14,473.0,0.2934239467072071,28,611.0
3200.0,30,424.0,7.43859649122807,3.897439996771353,11,168.0,0.24341365344889074,19,479.0,0.21770941144603428,30,647.0
3205.0,23,348.0,6.105263157894737,4.367331115138863,7,149.0,0.3536667003631415,16,438.0,0.17698696036202002,23,587.0
3210.0,27,436.0,7.147540983606557,5.253365311790415,8,161.0,0.4734329574738657,19,494.0,0.18779450032784756,27,655.0
3215.0,25,452.0,6.848484848484849,6.031879177832217,5,144.0,0.5090674171397765,20,558.0,0.23688619792482626,25,702.0
3220.0,26,476.0,7.104477611940299,5.506622178917308,7,132.0,0.5122070138413484,19,588.0,0.19219429378191816,26,720.0
3225.0,24,397.0,5.925373134328358,5.431019470731662,9,136.0,0.4345698366235148,15,575.0,0.21942552844764665,24,711.0
3230.0,29,454.0,6.776119402985074,4.534226194178546,14,116.0,0.30799019827394924,15,569.0,0.22615472375502654,29,685.0
3235.0,32,480.0,7.0588235294117645,3.9818627714237795,16,161.0,0.21628778832080886,16,542.0,0.27209024093804307,32,703.0
3240.0,30,498.0,7.432835820895522,4.127773576810023,11,154.0,0.29275382808000167,19,599.0,0.21012917205846665,30,753.0
3245.0,33,589.0,8.791044776119403,4.34035521622161,11,147.0,0.38428307073806345,22,653.0,0.14930389491570076,33,800.0
3250.0,34,674.0,9.628571428571428,4.837518695955789,11,174.0,0.42116784583339933,23,703.0,0.1861195131823778,34,877.0
3255.0,27,616.0,8.8,5.198466170422293,12,183.0,0.2638552651215408,15,689.0,0.31261754864751273,27,872.0
3260.0,27,395.0,5.984848484848484,4.119245617950739,12,179.0,0.15908580496803498,15,587.0,0.2956637397126028,27,766.0
3265.0,32,378.0,5.5588235294117645,4.327262695915633,13,220.0,0.24286050570338794,19,422.0,0.2931140731209261,32,642.0
3270.0,32,460.0,6.666666666666667,4.790464887901463,10,221.0,0.4250922013339571,22,469.0,0.19527224964410234,32,690.0
3275.0,27,515.0,7.923076923076923,5.055505192281878,10,241.0,0.427214479306052,17,469.0,0.15406311604189665,27,710.0
3280.0,24,575.0,8.712121212121213,5.1147133181255695,11,252.0,0.3158981193329932,13,503.0,0.23148836728917577,24,755.0
3285.0,33,624.0,9.454545454545455,4.237301286153364,16,276.0,0.2929896093575201,17,570.0,0.16772927913561403,33,846.0
3290.0,34,597.0,9.328125,3.9890110087333315,13,253.0,0.2679114218138553,21,559.0,0.2132452441882818,34,812.0
3295.0,30,428.0,6.7936507936507935,3.9102955914611734,12,242.0,0.28258217142418723,18,518.0,0.19229000618304742,30,760.0
3300.0,30,446.0,6.96875,3.814638012058048,16,254.0,0.26523496900863336,14,555.0,0.22905074245586843,30,809.0
3305.0,28,367.0,5.6461538461538465,4.041729752250382,17,270.0,0.14214151810991954,11,541.0,0.30210037043219606,28,811.0
3310.0,23,204.0,3.090909090909091,4.378776836483592,12,237.0,0.1650933814198145,11,479.0,0.25087640409229367,23,716.0
3315.0,25,263.0,4.109375,4.953768182237896,9,205.0,0.25171323825175007,16,463.0,0.24162186446814876,25,668.0
3320.0,26,291.0,4.409090909090909,4.869078184858471,7,198.0,0.30442241182595586,19,508.0,0.22846341425882927,26,706.0
3325.0,20,330.0,5.15625,5.8770597400254765,8,199.0,0.34438478917360305,12,495.0,0.35987323120408754,20,694.0
3330.0,18,242.0,3.9672131147540983,5.932350866608186,5,143.0,0.31952133701453683,13,463.0,0.4161033070598092,18,606.0
3335.0,21,212.0,3.3125,5.312267888950012,7,103.0,0.40672010631989397,14,392.0,0.26707462409962784,21,495.0
3340.0,27,265.0,4.416666666666667,4.288046104527582,6,108.0,0.5014313816598356,21,459.0,0.17100573318831075,27,567.0
3345.0,30,369.0,5.951612903225806,4.075706797679536,6,124.0,0.5400902739746252,24,523.0,0.1054860779165601,30,647.0
3350.0,38,475.0,7.421875,3.8425879028541545,9,160.0,0.43094454500843343,29,602.0,0.1446432116865127,38,762.0
3355.0,28,410.0,6.212121212121212,4.273563980834671,9,140.0,0.34488318867662937,19,612.0,0.20340833649039802,28,752.0
3360.0,24,461.0,7.092307692307692,4.811319265107197,10,181.0,0.26158727315261365,14,626.0,0.2802686441253014,24,807.0
3365.0,25,299.0,4.462686567164179,5.017786636486402,10,148.0,0.33583312833593343,15,597.0,0.2591951155404302,25,745.0
3370.0,24,307.0,4.796875,5.054274298341766,7,111.0,0.3985524393508081,17,556.0,0.2061315655385602,24,667.0
3375.0,29,343.0,5.044117647058823,3.7633324770175176,6,114.0,0.30248400444037554,23,611.0,0.1058033632419443,29,725.0
3380.0,25,359.0,5.128571428571429,5.657569658235339,7,94.0,0.41101516275806627,18,624.0,0.24981623078677265,25,718.0
3385.0,20,332.0,5.03030303030303,5.822461691035133,7,114.0,0.2860592217354596,13,551.0,0.33958844695386414,20,665.0
3390.0,24,288.0,4.298507462686567,4.944863448411529,11,156.0,0.3483294872821227,13,422.0,0.20348065499408563,24,578.0
3395.0,26,290.0,4.603174603174603,4.070426366746473,8,155.0,0.47379728646570296,18,464.0,0.13993015434677705,26,619.0
3400.0,33,381.0,5.7727272727272725,4.2928677951356375,6,124.0,0.5044217896911457,27,542.0,0.08469696575101657,33,666.0
3405.0,33,352.0,5.333333333333333,4.049533876162224,7,113.0,0.40273820379648556,26,563.0,0.12782056683288726,33,676.0
3410.0,38,503.0,7.185714285714286,4.883464918770175,12,142.0,0.37213595629872415,26,635.0,0.19263247320194643,38,777.0
3415.0,34,537.0,7.671428571428572,4.187688706780238,9,174.0,0.3288156022691832,25,672.0,0.17256409197324715,34,846.0
3420.0,34,457.0,6.6231884057971016,4.150970318473305,14,211.0,0.2536546144038266,20,642.0,0.17379965743559633,34,853.0
3425.0,28,413.0,5.9,4.619527440581363,13,228.0,0.21657724196727968,15,605.0,0.267301917150475,28,833.0
3430.0,24,381.0,5.442857142857143,5.563133178965013,8,206.0,0.23332503213227568,16,563.0,0.28581678504943203,24,769.0
3435.0,24,249.0,3.608695652173913,4.583607680350325,8,147.0,0.25877209845003507,16,507.0,0.1952134524975988,24,654.0
3440.0,30,323.0,4.75,4.796057677063149,11,181.0,0.345154370196897,19,540.0,0.2233909128554428,30,721.0
3445.0,31,358.0,5.343283582089552,4.6074957421394425,10,203.0,0.3764448622108368,21,597.0,0.2812466531493063,31,800.0
3450.0,37,506.0,7.4411764705882355,4.139339287129858,12,243.0,0.22098802103244317,25,663.0,0.27866309740346146,37,906.0
3455.0,38,592.0,8.705882352941176,3.409332509474876,12,250.0,0.19056903328461253,26,706.0,0.21276340347203698,38,956.0
3460.0,37,639.0,9.128571428571428,3.247354123378297,8,220.0,0.3609258518539158,29,739.0,0.06746415340507428,37,959.0
3465.0,32,432.0,5.917808219178082,4.232364283772908,7,167.0,0.34541793491126627,25,688.0,0.11851356212840154,32,855.0
3470.0,28,454.0,5.973684210526316,5.540957298222426,9,134.0,0.2561961143927389,19,642.0,0.2740850261082476,28,776.0
3475.0,30,457.0,6.0131578947368425,5.029813494290254,12,162.0,0.2204290354660483,18,672.0,0.27001095247318646,30,834.0
3480.0,32,497.0,6.808219178082192,4.402461402820011,11,166.0,0.24078516377607503,21,654.0,0.22265538033547488,32,820.0
3485.0,36,560.0,7.5675675675675675,3.8627356848265206,10,177.0,0.25985258566579833,26,682.0,0.18335454896544864,36,859.0
3490.0,29,585.0,7.697368421052632,4.806263743289484,6,127.0,0.4145035767543175,23,694.0,0.18601921917029007,29,821.0
3495.0,23,450.0,6.164383561643835,5.6544251173714395,7,125.0,0.5058633175780076,16,609.0,0.21364641309100824,23,734.0
3500.0,25,431.0,5.904109589041096,5.469764394978282,4,113.0,0.4981914016521283,21,573.0,0.15314371022033937,25,686.0
3505.0,29,524.0,7.485714285714286,4.985172909741376,6,94.0,0.5521141651686011,23,640.0,0.13701795244889628,29,734.0
3510.0,27,586.0,8.13888888888889,5.565114342549925,6,94.0,0.5096810267755054,21,668.0,0.1862351369585403,27,762.0
3515.0,26,611.0,8.855072463768115,5.095435872769857,8,111.0,0.19549941516021488,18,676.0,0.25128341858208375,26,787.0
3520.0,29,636.0,9.352941176470589,4.4506266099261,10,145.0,0.24604208697066246,19,682.0,0.1898656046022448,29,827.0
3525.0,29,554.0,8.393939393939394,4.035633579757058,6,138.0,0.39873381371034367,23,654.0,0.119297249350473,29,792.0
3530.0,28,374.0,5.582089552238806,4.708020231110737,3,122.0,0.48974793510917297,25,636.0,0.14455493945566852,28,758.0
3535.0,25,401.0,5.897058823529412,5.292306299115626,4,114.0,0.5077258723251391,21,698.0,0.23338618919176177,25,812.0
3540.0,20,357.0,5.409090909090909,5.464960648587294,6,132.0,0.4432658821581903,14,679.0,0.24814510921718852,20,811.0
3545.0,27,336.0,5.419354838709677,4.051935908153611,13,178.0,0.18963590267693753,14,611.0,0.23422127661117068,27,789.0
3550.0,28,395.0,6.475409836065574,4.8604798481141325,9,213.0,0.4016378476404227,19,573.0,0.24298975180540577,28,786.0
3555.0,20,371.0,6.508771929824562,5.130143195480576,6,202.0,0.5011037362120029,14,564.0,0.1819289015173131,20,766.0
3560.0,23,440.0,7.857142857142857,5.599822419699758,7,215.0,0.4511364754393422,16,548.0,0.18917557743520186,23,763.0
3565.0,25,440.0,7.586206896551724,4.484897238099455,8,218.0,0.3466281755240492,17,515.0,0.039789401692341846,25,733.0
3570.0,26,434.0,7.890909090909091,5.186781949439874,11,255.0,0.3876564537907013,15,437.0,0.12657393899378563,26,692.0
3575.0,21,458.0,8.481481481481481,5.538375641816725,9,282.0,0.35175563674739024,12,376.0,0.27484045961034137,21,658.0
3580.0,18,447.0,8.277777777777779,5.526848697450557,8,294.0,0.37137364191861777,10,359.0,0.24466907872156446,18,653.0
3585.0,17,395.0,8.061224489795919,6.112967791104263,6,274.0,0.45678529502043475,11,304.0,0.19852497400892907,17,578.0
3590.0,19,377.0,7.392156862745098,6.102417981729489,9,269.0,0.34272048697135343,10,301.0,0.23836730616189228,19,570.0
3595.0,18,209.0,4.18,6.7615189623341685,7,98.0,0.3268005182607737,11,317.0,0.4222942240842071,18,415.0
3600.0,16,250.0,5.1020408163265305,7.490326501864944,7,82.0,0.4355674660606587,9,316.0,0.5020263109912001,16,398.0
3605.0,16,269.0,5.173076923076923,6.68985060523927,8,124.0,0.46653573874215437,8,263.0,0.4039849768688593,16,387.0
3610.0,22,310.0,5.636363636363637,5.08405011483953,8,125.0,0.37720144682339257,14,254.0,0.2631324646380089,22,379.0
3615.0,22,364.0,6.867924528301887,5.005823106602865,7,113.0,0.4243051043650293,15,316.0,0.22050919513214517,22,429.0
3620.0,20,442.0,8.339622641509434,6.430463721457369,7,142.0,0.49500993834404516,13,351.0,0.2297180598673039,20,493.0
3625.0,20,331.0,6.0181818181818185,5.564808724103609,8,139.0,0.3974600364347283,12,322.0,0.20424544114511878,20,461.0
3630.0,18,306.0,5.884615384615385,6.243478153646101,9,130.0,0.3932517455383813,9,277.0,0.34323737511227354,18,407.0
3635.0,16,313.0,6.955555555555556,4.78454387694369,9,139.0,0.08948468042032104,7,241.0,0.361481092893677,16,380.0
3640.0,24,400.0,8.51063829787234,5.423655895919145,15,196.0,0.1271856880113844,9,252.0,0.4046786645098526,24,448.0
3645.0,18,284.0,6.604651162790698,5.326220943340063,10,223.0,0.2568038160809896,8,201.0,0.3488201950141552,18,424.0
3650.0,11,218.0,4.844444444444444,6.962884850882939,8,207.0,0.3830565065566084,3,112.0,0.4418706996390635,11,319.0
3655.0,10,92.0,2.0444444444444443,7.063301547178104,4,125.0,0.45544404230454855,6,125.0,0.38047138157482946,10,250.0
3660.0,18,160.0,3.7209302325581395,6.831902301549736,8,97.0,0.4008460892535026,10,167.0,0.3063668925755072,18,264.0
3665.0,18,223.0,5.309523809523809,5.469954381222215,7,104.0,0.37603663375349033,11,220.0,0.2000262381801869,18,324.0
3670.0,12,192.0,4.085106382978723,6.552072267884743,5,100.0,0.41930379526152844,7,200.0,0.3524305069767123,12,300.0
3675.0,9,115.0,2.4468085106382977,7.199489647128026,4,46.0,0.44739873484279413,5,147.0,0.40089404856951655,9,193.0
3680.0,13,119.0,2.5319148936170213,7.655635375384327,7,40.0,0.43387689266633533,6,142.0,0.4763245888977079,13,182.0
3685.0,14,107.0,2.276595744680851,6.408914765826095,7,53.0,0.3743571276146494,7,100.0,0.3870091554649485,14,153.0
3690.0,14,130.0,2.7083333333333335,6.22233242370297,9,88.0,0.4030744068004079,5,86.0,0.3535319695600255,14,174.0
3695.0,17,184.0,4.181818181818182,6.318506476412616,8,102.0,0.46982337488516374,9,125.0,0.37038681879144764,17,227.0
3700.0,19,221.0,4.702127659574468,5.569882165637041,11,148.0,0.27509052571613013,8,144.0,0.36528125662664546,19,292.0
3705.0,17,183.0,3.7346938775510203,5.555766153899773,11,149.0,0.24480128186543337,6,126.0,0.413808527671842,17,275.0
3710.0,13,135.0,2.6470588235294117,6.455740690126937,5,109.0,0.4484123208594846,8,104.0,0.3001001061503574,13,213.0
3715.0,12,96.0,1.92,7.148449428719273,3,74.0,0.5462980708922647,9,118.0,0.34537776490238203,12,192.0
3720.0,16,145.0,3.152173913043478,5.25870683833807,6,59.0,0.38695976083175765,10,149.0,0.21132330523200132,16,208.0
3725.0,14,185.0,3.9361702127659575,6.14047558036131,7,88.0,0.3762519554058258,7,170.0,0.2625475432214569,14,258.0
3730.0,16,199.0,4.4222222222222225,5.920927584670856,9,123.0,0.25789237342082216,7,139.0,0.394944882242061,16,262.0
3735.0,18,205.0,4.659090909090909,6.017077784909796,11,145.0,0.2738285212931947,7,126.0,0.4579731118762556,18,271.0
3740.0,16,201.0,4.466666666666667,5.56030937222495,8,161.0,0.34951408322139654,8,133.0,0.40076099897034767,16,294.0
3745.0,17,178.0,3.7872340425531914,5.251559981371402,5,134.0,0.38872433142451746,12,153.0,0.32978940458546807,17,287.0
3750.0,17,171.0,3.42,6.022652223620784,6,69.0,0.4461720319918494,11,179.0,0.29824604261593424,17,248.0
3755.0,16,179.0,3.314814814814815,6.556730471163616,8,87.0,0.3346869202985305,8,159.0,0.3572885975858246,16,246.0
3760.0,14,159.0,3.0576923076923075,7.217052525269389,8,111.0,0.2525676860181802,6,134.0,0.4583556182932679,14,245.0
3765.0,17,187.0,3.74,7.0052558272381384,7,118.0,0.328802683041057,10,125.0,0.4267763145246988,17,243.0
3770.0,16,187.0,3.8958333333333335,6.439230970293873,8,129.0,0.3202917472569069,8,119.0,0.4132774389743126,16,248.0
3775.0,17,186.0,3.875,5.932424312810588,7,112.0,0.38837134549901114,10,124.0,0.30459750859945756,17,236.0
3780.0,19,256.0,5.12,6.3397712021137975,7,123.0,0.4909063475834381,12,173.0,0.28473920497538957,19,296.0
3785.0,20,312.0,6.24,5.811270301973118,7,134.0,0.5127119339693982,13,222.0,0.26639939057354367,20,356.0
3790.0,19,290.0,6.041666666666667,5.5324944593555125,8,131.0,0.46673227898555025,11,225.0,0.3189115097150285,19,356.0
3795.0,18,218.0,4.448979591836735,5.226670426957781,11,102.0,0.30479551243252834,7,181.0,0.38892299396007074,18,283.0
3800.0,21,213.0,4.096153846153846,4.740337593233029,15,143.0,0.2086634107190333,6,118.0,0.4001177364186171,21,261.0
3805.0,23,250.0,4.716981132075472,5.129307921330323,12,174.0,0.34075752792611114,11,152.0,0.3345784975991064,23,326.0
3810.0,20,224.0,4.226415094339623,4.561529044906287,8,149.0,0.3119923988066555,12,166.0,0.24385315159320872,20,315.0
3815.0,25,310.0,5.535714285714286,5.264848404892389,9,167.0,0.38272829949858983,16,180.0,0.1458894890021415,25,347.0
3820.0,18,258.0,4.448275862068965,5.965463345221045,5,157.0,0.45763896383335606,13,204.0,0.2206264638735256,18,361.0
3825.0,18,228.0,4.0,6.964469603796821,11,155.0,0.34125823662200166,7,172.0,0.4285251698627009,18,327.0
3830.0,18,249.0,4.446428571428571,5.927389766577943,11,174.0,0.25552971889463355,7,155.0,0.40316990916782364,18,329.0
3835.0,26,365.0,6.517857142857143,5.4747975167662,14,243.0,0.2607989858708134,12,211.0,0.31778293664017865,26,454.0
3840.0,24,356.0,6.846153846153846,4.770327988119604,10,271.0,0.2765019403744562,14,211.0,0.33079934738438993,24,482.0
3845.0,19,378.0,7.0,5.677670163259024,6,243.0,0.4127107534384648,13,257.0,0.2782995010487051,19,500.0
3850.0,22,240.0,4.363636363636363,4.837889330171368,7,155.0,0.30744615105243245,15,266.0,0.23063214407116095,22,421.0
3855.0,20,223.0,3.982142857142857,5.887434020135605,10,114.0,0.3115507333320718,10,214.0,0.27804516314799943,20,328.0
3860.0,18,198.0,3.6666666666666665,6.049007318782553,9,132.0,0.2637959287072456,9,200.0,0.3226501997259468,18,332.0
3865.0,20,204.0,3.849056603773585,5.892624225588134,10,175.0,0.33542229550871117,10,184.0,0.365370229476929,20,359.0
3870.0,19,203.0,3.9038461538461537,5.11678972121571,7,161.0,0.49473596763639616,12,220.0,0.2702741412561584,19,381.0
3875.0,21,218.0,4.1923076923076925,5.292842387174905,4,99.0,0.4808574431295313,17,270.0,0.24632769459899165,21,369.0
3880.0,22,266.0,4.666666666666667,5.089945072449821,5,85.0,0.484571220868441,17,306.0,0.11455432582200861,22,391.0
3885.0,22,277.0,4.859649122807017,5.714176173953065,8,105.0,0.4523468608432867,14,306.0,0.14031003340701945,22,411.0
3890.0,24,286.0,5.017543859649122,4.884962216714627,10,146.0,0.2704152053571769,14,306.0,0.16487840826433423,24,452.0
3895.0,25,329.0,5.875,5.2192923152077375,9,170.0,0.31775698366233657,16,330.0,0.2572795462730462,25,500.0
3900.0,26,388.0,7.320754716981132,5.614378670735789,11,175.0,0.3480576704969859,15,362.0,0.3594551422894761,26,537.0
3905.0,19,309.0,5.722222222222222,4.891131882885629,8,184.0,0.2941187228688355,11,349.0,0.3627190720913028,19,533.0
3910.0,21,294.0,5.345454545454546,4.761537557449099,8,173.0,0.35647630765554406,13,346.0,0.26899644316306737,21,519.0
3915.0,17,300.0,5.084745762711864,5.265958146216576,7,177.0,0.4368981718415646,10,300.0,0.15964326712930438,17,477.0
3920.0,21,305.0,4.919354838709677,6.397349304160271,8,199.0,0.5049725360361819,13,311.0,0.22088979391325048,21,510.0
3925.0,23,202.0,3.3666666666666667,5.865095801620308,5,113.0,0.3962764639430619,18,314.0,0.2821433873262051,23,427.0
3930.0,25,291.0,4.770491803278689,5.425691039628885,9,114.0,0.3915014704008555,16,369.0,0.26727210930822254,25,483.0
3935.0,22,313.0,5.131147540983607,5.431537278475606,9,119.0,0.19608372008689307,13,389.0,0.3698283135536939,22,508.0
3940.0,23,344.0,5.639344262295082,5.480564076778003,8,109.0,0.22840326538919484,15,396.0,0.25934230301429334,23,505.0
3945.0,22,267.0,4.171875,5.180827101594247,7,122.0,0.3520130081064203,15,361.0,0.1731192675906725,22,483.0
3950.0,26,306.0,4.636363636363637,5.753713853991449,6,103.0,0.5620633479874723,20,412.0,0.19559026561603224,26,515.0
3955.0,25,387.0,5.863636363636363,6.183311861315597,4,109.0,0.6093517892143034,21,485.0,0.23607774927336372,25,594.0
3960.0,26,445.0,6.953125,5.721165352079911,6,116.0,0.622064434403041,20,536.0,0.14101161179823132,26,652.0
3965.0,22,426.0,6.65625,5.5130773086242755,5,139.0,0.5083552069673457,17,544.0,0.11537508453119195,22,683.0
3970.0,25,357.0,5.3283582089552235,5.120714119793943,12,183.0,0.26686452101117186,13,473.0,0.18886883610485153,25,656.0
3975.0,28,302.0,4.507462686567164,5.322054232729247,12,145.0,0.30818373151617945,16,441.0,0.271574739799765,28,586.0
3980.0,31,388.0,5.705882352941177,5.350721392183819,12,159.0,0.38711593551511175,19,477.0,0.27868471880870993,31,636.0
3985.0,27,350.0,5.384615384615385,5.103537099023801,10,192.0,0.34753938341964224,17,448.0,0.3115842722907591,27,640.0
3990.0,24,353.0,5.348484848484849,4.517559521491625,7,164.0,0.3421361004661737,17,468.0,0.24389088755131594,24,632.0
3995.0,24,250.0,3.7313432835820897,4.204373424396398,7,127.0,0.3079576321199816,17,432.0,0.12453862916430798,24,559.0
4000.0,23,173.0,2.436619718309859,4.698067186048402,8,86.0,0.24811272163229608,15,435.0,0.18345426482867858,23,521.0
4005.0,28,216.0,3.176470588235294,5.193574680785044,10,114.0,0.25790921520559623,18,439.0,0.22447024527355752,28,553.0
4010.0,28,283.0,4.3538461538461535,5.121894162625977,7,115.0,0.34234680806159434,21,492.0,0.15145427108064277,28,607.0
4015.0,20,313.0,5.048387096774194,5.4274032562488355,7,111.0,0.34474623745266153,13,492.0,0.1535198866768238,20,603.0
4020.0,25,302.0,5.033333333333333,5.397284140204942,10,120.0,0.27918690009082553,15,498.0,0.18307016070258494,25,618.0
4025.0,28,375.0,6.4655172413793105,5.05336325376483,10,137.0,0.3590800861197295,18,512.0,0.16421270057885418,28,649.0
4030.0,32,453.0,8.089285714285714,4.332435302532864,13,198.0,0.4352779111367993,19,513.0,0.09944055767521895,32,711.0
4035.0,27,377.0,6.614035087719298,4.02236035190695,10,201.0,0.4006077805874937,17,474.0,0.14136092808778053,27,675.0
4040.0,30,430.0,6.935483870967742,4.315013999973142,15,223.0,0.2970653153037027,15,498.0,0.29448853966683963,30,721.0
4045.0,25,356.0,5.393939393939394,5.185764994129432,16,249.0,0.29406351422431787,9,446.0,0.3782328785272288,25,695.0
4050.0,19,216.0,2.958904109589041,5.616124424181805,10,220.0,0.38084541381361775,9,395.0,0.26097340993624374,19,615.0
4055.0,24,239.0,3.2739726027397262,6.026718232453937,10,198.0,0.3962818326179913,14,367.0,0.1776797452593205,24,565.0
4060.0,27,281.0,4.1940298507462686,5.294915632008476,12,186.0,0.33643806682328353,15,382.0,0.2132072984777119,27,568.0
4065.0,26,305.0,4.841269841269841,4.997186460585115,16,211.0,0.23043061040956855,10,361.0,0.3156137130439946,26,572.0
4070.0,26,292.0,4.634920634920635,3.975172748520936,16,250.0,0.15550603559813767,10,361.0,0.3177426299722435,26,611.0
4075.0,32,412.0,6.5396825396825395,4.928576929125054,20,298.0,0.22657933239532893,12,396.0,0.34131361975915636,32,694.0
4080.0,33,411.0,6.523809523809524,4.114397330125914,20,349.0,0.2279643817102731,13,358.0,0.27531051460046685,33,707.0
4085.0,33,438.0,6.636363636363637,4.258127470013224,20,389.0,0.20487709631104575,13,277.0,0.2830106126703838,33,666.0
4090.0,36,438.0,6.636363636363637,3.996697564863756,20,423.0,0.19625238071528897,16,293.0,0.29536636882736145,36,716.0
4095.0,27,382.0,5.701492537313433,4.507679565878171,17,397.0,0.16377212662238508,10,256.0,0.30029269322249114,27,653.0
4100.0,25,372.0,5.166666666666667,4.326553640278558,15,399.0,0.22286409958181283,10,262.0,0.18233483179579194,25,661.0
4105.0,28,382.0,5.093333333333334,5.688136426734489,16,416.0,0.30559675874400255,12,298.0,0.22895683455295243,28,714.0
4110.0,28,287.0,3.8266666666666667,6.330427197382102,15,430.0,0.3706292809694929,13,263.0,0.40040464089634903,28,693.0
4115.0,32,399.0,5.465753424657534,5.696314388370442,21,476.0,0.2723699389240816,11,221.0,0.3912678258459308,32,697.0
4120.0,35,435.0,6.041666666666667,4.22920856611233,22,518.0,0.13987302979015123,13,232.0,0.31265276556560134,35,750.0
4125.0,27,366.0,4.945945945945946,4.929870072428941,18,496.0,0.15991039255274167,9,204.0,0.30818816507898117,27,700.0
4130.0,24,399.0,5.541666666666667,6.0709374782635885,16,511.0,0.25901621730388064,8,162.0,0.334606183042915,24,673.0
4135.0,25,408.0,5.666666666666667,5.762285157351371,15,506.0,0.29866955188293415,10,151.0,0.2678082048947039,25,657.0
4140.0,28,418.0,6.057971014492754,4.928104780790075,16,481.0,0.27157390183419994,12,183.0,0.23599753886861127,28,664.0
4145.0,31,538.0,7.911764705882353,4.826830130152568,17,540.0,0.24943040925325963,14,242.0,0.29985939681336155,31,782.0
4150.0,28,561.0,8.904761904761905,4.663206018810048,15,573.0,0.2696763337393626,13,250.0,0.1840660735539065,28,823.0
4155.0,25,582.0,9.238095238095237,4.7964303383492215,16,586.0,0.24653203183395608,9,207.0,0.17898934721865425,25,793.0
4160.0,27,657.0,10.596774193548388,4.478436683164345,19,617.0,0.1417737845308494,8,223.0,0.203652214632277,27,840.0
4165.0,35,639.0,10.830508474576272,3.997925281724461,22,637.0,0.08025043835326462,13,218.0,0.2981626723547928,35,855.0
4170.0,30,469.0,7.816666666666666,3.849920205404127,21,575.0,0.17172715853262038,9,225.0,0.3030062201499787,30,800.0
4175.0,26,474.0,7.9,4.239329244536576,17,611.0,0.23993819520644158,9,216.0,0.3238640974996113,26,827.0
4180.0,20,385.0,6.311475409836065,5.187885654777876,12,583.0,0.28328126350552846,8,202.0,0.32148436035501826,20,785.0
4185.0,22,459.0,7.403225806451613,5.533660739602592,12,549.0,0.3185324677446579,10,231.0,0.25451608259021596,22,780.0
4190.0,24,345.0,5.655737704918033,4.584984857697805,15,493.0,0.3064143640868974,9,173.0,0.17708579229648586,24,666.0
4195.0,26,427.0,7.0,4.334370280713288,17,531.0,0.24727882734472514,9,123.0,0.3570786485194737,26,654.0
4200.0,19,416.0,6.5,5.205251911125762,15,532.0,0.2323903559154659,4,115.0,0.49106488353206446,19,647.0
4205.0,19,389.0,6.174603174603175,5.269142411339209,15,546.0,0.168229086457544,4,75.0,0.5329509566916893,19,621.0
4210.0,23,422.0,6.806451612903226,4.964293641677407,19,556.0,0.14051077437254966,4,86.0,0.4205119794908726,23,642.0
4215.0,31,503.0,7.984126984126984,3.907364415815122,23,576.0,0.1447763769043005,8,103.0,0.26314039368787895,31,679.0
4220.0,30,559.0,9.163934426229508,4.86625321106081,24,615.0,0.2720890228759408,6,131.0,0.3864411917688665,30,746.0
4225.0,25,396.0,6.285714285714286,5.128566942446264,21,531.0,0.2077582340345434,4,132.0,0.5617061893600892,25,663.0
4230.0,33,532.0,7.7101449275362315,5.377117345316769,28,554.0,0.09049002344587675,5,152.0,0.6540510039017498,33,706.0
4235.0,32,520.0,7.323943661971831,5.448638406699855,29,627.0,0.08726294672870008,3,127.0,0.6756030887976426,32,754.0
4240.0,26,399.0,5.619718309859155,5.774844511771717,20,613.0,0.23453618548937014,6,129.0,0.5356335908128148,26,742.0
4245.0,24,297.0,4.367647058823529,5.557647779974453,14,546.0,0.3119136412444026,10,90.0,0.3107860388788683,24,636.0
4250.0,28,368.0,5.333333333333333,5.075034488997865,13,529.0,0.2513703898346868,15,123.0,0.295901468897154,28,652.0
4255.0,31,366.0,5.013698630136986,4.688362510384904,17,523.0,0.19236222502577593,14,170.0,0.3372283320256158,31,693.0
4260.0,25,393.0,5.458333333333333,5.218946143979072,16,544.0,0.22119721093829942,9,162.0,0.4514241882743239,25,706.0
4265.0,23,403.0,5.445945945945946,5.172388882353345,13,509.0,0.27034393859678263,10,167.0,0.3247549420749173,23,676.0
4270.0,32,394.0,5.324324324324325,5.126598023200323,16,463.0,0.2978976979835261,16,210.0,0.22498515812289,32,673.0
4275.0,34,330.0,4.45945945945946,4.298837239315661,20,461.0,0.22507841356121866,14,235.0,0.18674744795330153,34,696.0
4280.0,35,405.0,5.328947368421052,4.89544649502437,22,514.0,0.2876154755980397,13,208.0,0.30521190182294755,35,722.0
4285.0,37,454.0,5.973684210526316,4.258377369500619,23,537.0,0.2148074091424083,14,259.0,0.3402412033372042,37,796.0
4290.0,41,499.0,6.48051948051948,3.6238764584075236,26,599.0,0.12663545108819868,15,289.0,0.38190036287364615,41,888.0
4295.0,44,554.0,7.102564102564102,3.183011305498274,30,656.0,0.08205581095279693,14,286.0,0.30476737119106145,44,942.0
4300.0,42,547.0,7.012820512820513,3.11501447250861,31,719.0,0.05716468152610477,11,246.0,0.2881202883547933,42,965.0
4305.0,35,432.0,5.333333333333333,3.5578549870575964,24,707.0,0.10411740644812874,11,270.0,0.1858025850793305,35,977.0
4310.0,34,486.0,6.151898734177215,4.6953284559751145,16,702.0,0.2447622116533766,18,291.0,0.14344512266085957,34,993.0
4315.0,37,534.0,6.846153846153846,4.304795974052466,16,664.0,0.22931237818525585,21,345.0,0.12036509398343401,37,1009.0
4320.0,32,463.0,5.935897435897436,4.290724274069597,18,631.0,0.16066786727930546,14,346.0,0.22871389380432694,32,977.0
4325.0,31,394.0,5.324324324324325,4.1549389833305295,21,663.0,0.1383244225639303,10,312.0,0.28884618130459794,31,975.0
4330.0,37,446.0,6.194444444444445,4.10687504121126,22,665.0,0.1946495126425885,15,322.0,0.23015510705355652,37,987.0
4335.0,40,537.0,7.16,3.528995760033268,21,703.0,0.16837784021891566,19,359.0,0.21838247603814132,40,1062.0
4340.0,27,469.0,6.513888888888889,4.6242266460983465,15,661.0,0.17761106768449197,12,352.0,0.3131492849931033,27,1013.0
4345.0,23,421.0,6.014285714285714,5.646956792978025,14,613.0,0.2781844965385367,9,283.0,0.3304523680127975,23,896.0
4350.0,22,391.0,5.507042253521127,5.819124034346751,12,595.0,0.34538610417409366,10,235.0,0.22691697306783942,22,830.0
4355.0,31,371.0,5.3768115942028984,4.424689376779429,16,548.0,0.3418920473518334,15,233.0,0.11480261413507215,31,781.0
4360.0,40,487.0,7.057971014492754,4.2547121234938645,20,565.0,0.30279617922871116,20,289.0,0.2059334643860647,40,854.0
4365.0,37,569.0,8.246376811594203,4.201660904207633,21,587.0,0.27253520387378266,16,327.0,0.2798506958899361,37,914.0
4370.0,30,393.0,5.614285714285714,3.800286550062462,20,563.0,0.12796241597359087,10,291.0,0.30065497787523204,30,854.0
4375.0,31,385.0,5.5,4.05616933036418,23,533.0,0.06381338982978045,8,283.0,0.2961335953461618,31,816.0
4380.0,36,439.0,6.097222222222222,4.223012870078297,22,567.0,0.06098334650575,14,292.0,0.256618683096609,36,859.0
4385.0,29,305.0,4.552238805970149,4.5440755045743835,14,512.0,0.19523414362455752,15,274.0,0.27033555741972604,29,786.0
4390.0,30,401.0,5.897058823529412,5.118387246353916,12,487.0,0.26725051652243326,18,297.0,0.22382239988962607,30,784.0
4395.0,29,392.0,5.764705882352941,4.816640957443745,12,479.0,0.2219062656280369,17,309.0,0.23002616462192466,29,788.0
4400.0,26,348.0,5.3538461538461535,5.041496938888077,17,489.0,0.12831749065298695,9,248.0,0.32050287374237035,26,737.0
4405.0,25,358.0,5.774193548387097,4.643855844281202,17,511.0,0.0959524887470805,8,220.0,0.36398772592069367,25,731.0
4410.0,22,376.0,5.7846153846153845,5.440518428309311,8,475.0,0.27921847514366244,14,246.0,0.25580203977355853,22,721.0
4415.0,22,349.0,5.629032258064516,5.285659730036542,5,381.0,0.37043604860815726,17,273.0,0.18981621631894213,22,654.0
4420.0,22,324.0,5.142857142857143,5.444904867295488,11,276.0,0.2747734074790816,11,252.0,0.23740442858178903,22,528.0
4425.0,22,206.0,3.433333333333333,4.970745844873071,12,220.0,0.1605483050252879,10,245.0,0.328983416967435,22,465.0
4430.0,28,320.0,5.333333333333333,5.204486022368315,13,242.0,0.17944607119025163,15,261.0,0.33392253582934667,28,503.0
4435.0,27,269.0,4.719298245614035,4.3411382143109085,10,244.0,0.2277558665241718,17,279.0,0.257455716628232,27,523.0
4440.0,26,314.0,5.607142857142857,4.830886700051031,7,196.0,0.3843088638460355,19,300.0,0.17428296421896916,26,496.0
4445.0,25,330.0,5.892857142857143,4.826448516313964,5,127.0,0.4927086485046382,20,320.0,0.08424209457845588,25,447.0
4450.0,21,284.0,4.982456140350878,5.691513470024006,8,150.0,0.36757165629529764,13,313.0,0.23857523748064832,21,463.0
4455.0,18,175.0,3.0701754385964914,6.226825466557248,6,118.0,0.4022271435373718,12,291.0,0.35696685867694156,18,409.0
4460.0,20,183.0,3.1551724137931036,6.304273727314783,8,114.0,0.351902029474957,12,267.0,0.3630881876582018,20,381.0
4465.0,24,207.0,3.6964285714285716,5.678484340503088,7,93.0,0.4327585202361846,17,288.0,0.34008200395109456,24,381.0
4470.0,19,232.0,4.0,5.805133625202432,5,67.0,0.4105737346926342,14,252.0,0.26717654833809673,19,319.0
4475.0,19,186.0,3.206896551724138,5.06745441046708,3,43.0,0.2702652324259474,16,286.0,0.19802513336324376,19,329.0
4480.0,24,242.0,4.033333333333333,5.808706162268401,7,43.0,0.2679579252533473,17,325.0,0.22969896765102563,24,368.0
4485.0,21,209.0,3.542372881355932,5.725048289127497,4,53.0,0.4516491603609438,17,343.0,0.2156387775345013,21,396.0
4490.0,20,254.0,4.535714285714286,6.912626739632336,4,53.0,0.6625273571292053,16,320.0,0.20476132127551183,20,373.0
4495.0,23,289.0,5.254545454545455,5.987685458014754,5,74.0,0.5785404724060528,18,356.0,0.15735910623135008,23,430.0
4500.0,24,366.0,6.777777777777778,6.0087912652513085,7,108.0,0.45223296067547397,17,365.0,0.2490266160685696,24,473.0
4505.0,21,391.0,7.519230769230769,4.1687551917751735,6,106.0,0.2632004939837192,15,409.0,0.19613159389884308,21,515.0
4510.0,25,461.0,8.865384615384615,4.874028048358202,10,145.0,0.3143733676363366,15,432.0,0.18345257614162003,25,577.0
4515.0,24,415.0,7.980769230769231,5.03981871287824,8,180.0,0.45309979804264094,16,407.0,0.16299333439485936,24,587.0
4520.0,15,279.0,5.470588235294118,5.636604835890735,6,187.0,0.3300900914354462,9,293.0,0.23062650481061736,15,480.0
4525.0,15,221.0,4.804347826086956,5.420047870391955,6,167.0,0.29834035178001356,9,288.0,0.2033902280760717,15,455.0
4530.0,19,260.0,5.0,6.3680420414032035,8,129.0,0.30070774315656107,11,311.0,0.32942363793128904,19,440.0
4535.0,16,228.0,4.851063829787234,5.818783444973844,6,114.0,0.3750423573042141,10,301.0,0.3557233339480457,16,415.0
4540.0,17,275.0,6.395348837209302,6.343140648263932,6,83.0,0.41288837940170314,11,282.0,0.34976168098901755,17,365.0
4545.0,18,244.0,5.304347826086956,4.866973198592481,7,117.0,0.27582382737846606,11,242.0,0.15041441767716196,18,359.0
4550.0,22,244.0,5.083333333333333,5.85193348362927,7,117.0,0.4697382000565153,15,247.0,0.16758633108657986,22,364.0
4555.0,18,212.0,5.0476190476190474,5.14509578918442,5,62.0,0.5266314419873005,13,250.0,0.12296719436679632,18,312.0
4560.0,17,215.0,5.119047619047619,5.285839387321675,4,55.0,0.5136354158901719,13,237.0,0.08046028205309948,17,292.0
4565.0,20,233.0,5.295454545454546,5.699585388788316,8,67.0,0.4129609976630251,12,247.0,0.16230949307828746,20,314.0
4570.0,18,213.0,5.071428571428571,5.148663987415419,9,82.0,0.3065785471837347,9,236.0,0.2422358850740758,18,318.0
4575.0,17,195.0,4.642857142857143,5.372888665401679,11,137.0,0.2309274745445354,6,208.0,0.3537656427368409,17,345.0
4580.0,16,183.0,4.357142857142857,5.615611071705187,10,148.0,0.18477278283463078,6,147.0,0.4185303537497522,16,295.0
4585.0,11,136.0,3.1627906976744184,6.4287297785822055,6,112.0,0.26284007056122866,5,139.0,0.36946905545719755,11,251.0
4590.0,10,120.0,2.857142857142857,7.669493561277252,4,75.0,0.44011095232238967,6,137.0,0.4587393524635862,10,212.0
4595.0,11,107.0,2.4318181818181817,8.145146150101597,6,58.0,0.5421326980868733,5,130.0,0.4517482187434431,11,188.0
4600.0,16,165.0,4.230769230769231,6.237474778821256,9,99.0,0.40470171839142677,7,133.0,0.38934077900413294,16,232.0
4605.0,15,144.0,3.6923076923076925,5.835252128469672,8,116.0,0.4075050584955622,7,116.0,0.36700078163997946,15,232.0
4610.0,14,156.0,3.9,5.701229738258521,8,107.0,0.3014766632151227,6,83.0,0.3786734358256247,14,190.0
4615.0,11,96.0,2.2857142857142856,5.129910017462818,6,90.0,0.3393623906755932,5,78.0,0.23262837846277268,11,168.0
4620.0,17,165.0,3.75,6.773136283345081,8,107.0,0.413600927064525,9,106.0,0.38715236562764077,17,213.0
4625.0,15,165.0,3.5106382978723403,6.56910011787312,8,130.0,0.3514031094489386,7,102.0,0.5251818358539552,15,232.0
4630.0,13,204.0,4.340425531914893,6.617984793245039,6,134.0,0.34936923796024466,7,103.0,0.4439577943381114,13,237.0
4635.0,13,211.0,4.688888888888889,6.357274102222154,6,143.0,0.3511563821802003,7,110.0,0.28596700871150915,13,253.0
4640.0,20,293.0,6.511111111111111,6.216422388577306,10,188.0,0.36439496403204535,10,139.0,0.19335424031120493,20,327.0
4645.0,15,305.0,7.261904761904762,5.398336461102768,8,215.0,0.35473991041880243,7,159.0,0.1890824981875054,15,374.0
4650.0,16,360.0,8.78048780487805,6.1881258979454135,8,228.0,0.4236599462104287,8,176.0,0.24607457099796728,16,404.0
4655.0,15,261.0,6.214285714285714,6.510852108882011,8,182.0,0.4435544739598424,7,166.0,0.30198864357330174,15,348.0
4660.0,15,282.0,6.558139534883721,7.3355641835411145,9,217.0,0.5334432072308783,6,108.0,0.3634545887591794,15,325.0
4665.0,16,246.0,5.466666666666667,5.894026202337832,12,253.0,0.3768581226718467,4,85.0,0.4769369154397296,16,338.0
4670.0,17,288.0,6.545454545454546,6.093205651777223,12,287.0,0.34732130053231747,5,61.0,0.5138949684292149,17,348.0
4675.0,17,160.0,3.2653061224489797,4.5877245120902455,15,196.0,0.18404424563953697,2,51.0,0.5042966656967874,17,247.0
4680.0,25,272.0,5.037037037037037,5.831174719108197,22,260.0,0.22918112838315174,3,62.0,0.6335417516822837,25,322.0
4685.0,24,294.0,5.157894736842105,5.742709915147324,18,297.0,0.29345538282928046,6,84.0,0.5454580678526288,24,381.0
4690.0,18,229.0,3.693548387096774,6.029575473012921,13,267.0,0.37355771950278527,5,92.0,0.3996056522914543,18,359.0
4695.0,19,278.0,4.633333333333334,5.963469015446988,12,265.0,0.3563433354762214,7,102.0,0.2639601473352363,19,367.0
4700.0,25,293.0,4.578125,5.5662344763241824,17,294.0,0.24662957583986558,8,109.0,0.352214359678905,25,403.0
4705.0,26,320.0,4.63768115942029,5.2799341611311075,19,334.0,0.2125645727830488,7,127.0,0.4651172934377594,26,461.0
4710.0,30,341.0,5.328125,5.373490240752003,23,374.0,0.2627179891588532,7,151.0,0.4649938510922513,30,525.0
4715.0,30,429.0,6.6,3.9362829379179063,22,458.0,0.15589690468399287,8,154.0,0.4001707312120154,30,612.0
4720.0,34,435.0,6.304347826086956,4.114628886970241,25,525.0,0.18723829461284777,9,107.0,0.3733016096555778,34,632.0
4725.0,33,459.0,6.6521739130434785,4.091817047976632,22,577.0,0.20930892319904174,11,129.0,0.33538191462316286,33,706.0
4730.0,35,539.0,7.591549295774648,4.08891910026396,24,611.0,0.19781564558794537,11,156.0,0.33679342364443343,35,767.0
4735.0,37,541.0,7.3108108108108105,4.006219452449829,28,640.0,0.14636202412434055,9,154.0,0.3330285001968774,37,794.0
4740.0,29,341.0,4.671232876712328,4.626029553254221,21,584.0,0.13242839295613956,8,158.0,0.34955413240045585,29,742.0
4745.0,27,419.0,5.819444444444445,5.4293919678163185,17,554.0,0.24547987698757698,10,154.0,0.23990179836342804,27,708.0
4750.0,28,444.0,6.166666666666667,5.013251231307028,13,516.0,0.30329211239811393,15,195.0,0.1378653404193252,28,711.0
4755.0,28,478.0,7.029411764705882,4.553979083542203,13,522.0,0.18005731884048254,15,258.0,0.310559855403097,28,780.0
4760.0,30,534.0,7.852941176470588,4.2623066959774265,19,557.0,0.11603447332252873,11,276.0,0.4109262977089466,30,833.0
4765.0,22,536.0,7.882352941176471,5.227995418446177,15,577.0,0.16452601380735035,7,242.0,0.5072458644028032,22,819.0
4770.0,23,499.0,7.796875,5.405728116937569,14,623.0,0.29630427459435166,9,156.0,0.25670815088160126,23,779.0
4775.0,26,576.0,9.442622950819672,5.341257242018064,14,643.0,0.3151978398778514,12,161.0,0.13942170329079315,26,804.0
4780.0,25,574.0,10.070175438596491,4.099339616234025,16,636.0,0.2124789964481543,9,159.0,0.17402322430761516,25,795.0
4785.0,28,530.0,9.137931034482758,4.523846621378274,19,637.0,0.22936468109392433,9,137.0,0.3278732418668309,28,774.0
4790.0,27,386.0,7.0181818181818185,4.7138942547589195,18,557.0,0.24882945884398264,9,173.0,0.3756163036603235,27,730.0
4795.0,25,427.0,7.491228070175438,4.477342105222605,14,592.0,0.26139398311512474,11,204.0,0.35560998735292254,25,796.0
4800.0,22,332.0,5.724137931034483,4.051594077613,13,580.0,0.20274866000262343,9,175.0,0.25586675814671384,22,755.0
4805.0,19,372.0,6.526315789473684,5.324956475216353,13,581.0,0.24626519981037087,6,114.0,0.2565769267179255,19,695.0
4810.0,19,440.0,7.4576271186440675,6.587620880935136,13,560.0,0.18555032955809536,6,120.0,0.4500193249030938,19,680.0
4815.0,19,412.0,6.983050847457627,5.944999767945055,15,481.0,0.16177181351673428,4,94.0,0.40109767904910665,19,575.0
4820.0,22,280.0,5.090909090909091,5.7145338855472065,15,397.0,0.17899125633319432,7,83.0,0.5156884356066531,22,480.0
4825.0,22,313.0,5.796296296296297,5.313268722586481,16,369.0,0.2680682886291481,6,78.0,0.37540684460954327,22,447.0
4830.0,20,334.0,6.185185185185185,5.554817174171031,13,397.0,0.3302950927799413,7,76.0,0.37167853296846304,20,473.0
4835.0,18,295.0,5.673076923076923,5.524093766153312,8,366.0,0.3240582471965503,10,109.0,0.3263058107321224,18,475.0
4840.0,17,290.0,5.471698113207547,4.785223629425054,8,355.0,0.21333804277999088,9,123.0,0.30154229295787127,17,478.0
4845.0,18,290.0,5.2727272727272725,5.000701029206082,10,341.0,0.1772612319814407,8,134.0,0.3520101189042179,18,475.0
4850.0,21,324.0,6.230769230769231,5.153099052684267,12,354.0,0.1902274802664626,9,110.0,0.3880869171583924,21,464.0
4855.0,14,324.0,6.0,6.049795291301248,5,316.0,0.34671561669950735,9,135.0,0.26015957545453483,14,451.0
4860.0,13,197.0,3.581818181818182,6.657038100013348,3,196.0,0.569618182861009,10,168.0,0.17888743395684772,13,364.0
4865.0,18,161.0,2.824561403508772,6.339253850840472,8,61.0,0.5174692501732675,10,194.0,0.217957121634425,18,255.0
4870.0,23,236.0,4.068965517241379,6.299118777050257,10,107.0,0.48790376672704605,13,208.0,0.2931507262357023,23,315.0
4875.0,25,293.0,5.051724137931035,5.425999629617196,13,166.0,0.3862855718909267,12,231.0,0.34260719122694544,25,397.0
4880.0,23,316.0,5.096774193548387,5.706483278239888,12,184.0,0.33085500925449157,11,222.0,0.37177073733442306,23,406.0
4885.0,20,273.0,4.55,6.197178233570585,9,158.0,0.40282893502097633,11,238.0,0.2658895823727108,20,396.0
4890.0,16,222.0,3.8275862068965516,5.2787904345226355,6,130.0,0.3243545160270756,10,268.0,0.1754517012011169,16,398.0
4895.0,21,260.0,4.406779661016949,5.385311253210825,10,146.0,0.2606565687893431,11,284.0,0.2764087909726249,21,430.0
4900.0,18,271.0,4.927272727272728,5.605152012915263,11,165.0,0.3390586949050094,7,291.0,0.33258367262590594,18,456.0
4905.0,23,203.0,3.56140350877193,5.299124635102488,14,209.0,0.2825898743201497,9,245.0,0.3761060789479859,23,454.0
4910.0,25,278.0,4.711864406779661,5.599637602330691,11,242.0,0.3223079796186666,14,236.0,0.36427884482418366,25,478.0
4915.0,29,374.0,6.131147540983607,4.9901224823619295,15,288.0,0.35284016304008575,14,270.0,0.3060397959262362,29,558.0
4920.0,28,365.0,5.53030303030303,4.973053709106158,12,284.0,0.3732159653949157,16,278.0,0.27655382826611935,28,562.0
4925.0,24,275.0,4.104477611940299,4.742308461707612,7,213.0,0.4338596306757806,17,322.0,0.1939602493513741,24,535.0
4930.0,21,258.0,3.5833333333333335,5.3827890305685475,10,222.0,0.35892050399533515,11,320.0,0.3014682444988327,21,542.0
4935.0,28,241.0,3.2133333333333334,4.579129152050875,17,271.0,0.21957788463251618,11,287.0,0.3276303946540301,28,558.0
4940.0,40,351.0,4.558441558441558,4.502035338584904,22,321.0,0.23617397603305593,18,287.0,0.31065680094568954,40,608.0
4945.0,34,438.0,5.84,4.111382362625939,15,304.0,0.3063034103265134,19,338.0,0.17844486470916088,34,642.0
4950.0,28,454.0,6.053333333333334,3.7432739567898907,15,317.0,0.16937424041060478,13,344.0,0.11784112877680486,28,661.0
4955.0,32,415.0,5.533333333333333,3.9864367395750757,19,366.0,0.1352061932757519,13,345.0,0.17501017840212338,32,711.0
4960.0,37,387.0,5.22972972972973,4.223835090923922,22,405.0,0.17865401450810434,15,323.0,0.18639724375386657,37,728.0
4965.0,35,448.0,6.309859154929577,4.4576740646933315,21,406.0,0.2473308579996242,14,354.0,0.2525455399961964,35,760.0
4970.0,27,469.0,6.424657534246576,5.122647766394254,18,434.0,0.23770746925906008,9,348.0,0.39271114464978296,27,782.0
4975.0,24,427.0,5.618421052631579,5.168515810139385,14,414.0,0.2567088859885204,10,367.0,0.29182573937962775,24,781.0
4980.0,30,543.0,6.961538461538462,4.905768552520034,14,406.0,0.24864616753032517,16,398.0,0.19450399321095713,30,804.0
4985.0,35,511.0,6.468354430379747,4.968138176163804,15,369.0,0.27182023131475713,20,413.0,0.20977430259259436,35,782.0
4990.0,35,608.0,7.794871794871795,4.877812239055509,17,400.0,0.26228055562709524,18,485.0,0.22057269024026285,35,885.0
4995.0,36,691.0,9.213333333333333,3.9562836784118454,19,446.0,0.16490039791202693,17,524.0,0.28619715681961583,36,970.0
5000.0,32,659.0,8.786666666666667,4.709808925360749,18,493.0,0.19617737843789776,14,496.0,0.31622994079820615,32,989.0
5005.0,29,533.0,7.1066666666666665,4.265841931748013,16,498.0,0.15442063499418968,13,436.0,0.2773002552645006,29,934.0
5010.0,31,348.0,4.51948051948052,4.98866964024903,16,452.0,0.1915386114709598,15,339.0,0.2972393623783652,31,791.0
5015.0,33,308.0,4.219178082191781,4.191179421541804,15,434.0,0.2486285500249297,18,367.0,0.24586190102123306,33,801.0
5020.0,35,405.0,5.4,4.301974687157949,18,421.0,0.17348203106177065,17,359.0,0.2819977139727759,35,780.0
5025.0,36,478.0,6.207792207792208,3.9272666902371345,19,468.0,0.09083767119637766,17,369.0,0.299872199940257,36,837.0
5030.0,27,486.0,6.151898734177215,4.965031761039548,10,463.0,0.22170898719836923,17,394.0,0.27771558012297104,27,857.0
5035.0,34,504.0,6.3,4.06305743607764,11,448.0,0.2525990874383028,23,441.0,0.19000063929911779,34,889.0
5040.0,42,594.0,7.2439024390243905,4.431843076225919,15,422.0,0.31527653812488343,27,510.0,0.19793793827394685,42,932.0
5045.0,44,738.0,9.0,3.7614262456107372,17,473.0,0.3049750023674628,27,575.0,0.19605968244813726,44,1048.0
5050.0,41,683.0,8.329268292682928,3.70422454813175,17,487.0,0.22466116325483676,24,595.0,0.21730531335396633,41,1082.0
5055.0,44,706.0,8.506024096385541,3.4068123650250897,23,461.0,0.13777164324944302,21,650.0,0.19334825790160967,44,1111.0
5060.0,47,849.0,9.988235294117647,3.2680895031958177,21,534.0,0.17607056507121296,26,742.0,0.14536990985831702,47,1276.0
5065.0,53,1032.0,12.433734939759036,3.410264217981057,23,601.0,0.28243019339741376,30,836.0,0.11044240921691738,53,1437.0
5070.0,49,1027.0,12.226190476190476,3.508699520888681,20,616.0,0.25731769433377544,29,908.0,0.1522646756328758,49,1524.0
5075.0,43,887.0,10.313953488372093,3.0219846438101716,15,525.0,0.22280172061674966,28,975.0,0.07818805879847321,43,1500.0
5080.0,38,849.0,10.107142857142858,4.114905966842603,14,460.0,0.2618941165247876,24,963.0,0.12371075106403963,38,1423.0
5085.0,33,945.0,11.25,5.112962213824666,14,433.0,0.3044067543597555,19,971.0,0.20063451059751858,33,1404.0
5090.0,31,734.0,8.635294117647058,4.674491656933004,14,394.0,0.17547533088804687,17,896.0,0.20535362747856017,31,1290.0
5095.0,36,417.0,5.2125,4.474099767501793,16,396.0,0.1849978105526799,20,724.0,0.21300455433249177,36,1120.0
5100.0,35,397.0,5.089743589743589,3.811024171713584,17,352.0,0.21367244457697424,18,758.0,0.18961700310301935,35,1110.0
5105.0,34,463.0,6.092105263157895,3.740094537093336,19,347.0,0.1636058762197603,15,760.0,0.1774186028304607,34,1107.0
5110.0,33,546.0,7.0,4.171156734550938,18,371.0,0.20736556312868776,15,732.0,0.17760193977103866,33,1103.0
5115.0,28,552.0,6.987341772151899,5.167053514909896,11,342.0,0.293550234566721,17,678.0,0.19608869318955502,28,1020.0
5120.0,28,513.0,6.75,4.867225765604051,10,329.0,0.31007652621788556,18,655.0,0.1913666309099067,28,984.0
5125.0,33,443.0,6.152777777777778,4.234194238224221,14,325.0,0.2442025207435286,19,615.0,0.19691349525079535,33,940.0
5130.0,36,402.0,5.583333333333333,3.0875689006106275,17,317.0,0.18256007545090863,19,650.0,0.17829231245067503,36,967.0
5135.0,34,462.0,6.695652173913044,4.093858806167544,20,333.0,0.1870053948185736,14,648.0,0.2421157408147504,34,981.0
5140.0,32,483.0,7.208955223880597,3.758137300438744,19,357.0,0.06791939853116252,13,617.0,0.2958218392198304,32,974.0
5145.0,29,440.0,6.197183098591549,4.660055242005983,12,320.0,0.21785693117727162,17,585.0,0.20769801538190996,29,905.0
5150.0,28,516.0,8.19047619047619,4.413836182353802,9,301.0,0.39221884601929213,19,639.0,0.08485958859413686,28,940.0
5155.0,26,514.0,7.907692307692308,5.499734845800265,9,265.0,0.38756740170339177,17,665.0,0.14878261578805102,26,930.0
5160.0,28,520.0,8.666666666666666,4.6286848485116066,12,246.0,0.2048571595685964,16,635.0,0.20730653962305598,28,881.0
5165.0,28,483.0,8.05,4.351622904700667,13,267.0,0.176841265536322,15,559.0,0.223712964698683,28,826.0
5170.0,28,580.0,9.830508474576272,4.186673113097439,14,313.0,0.23642652687994845,14,591.0,0.2823101851355285,28,904.0
5175.0,24,599.0,9.661290322580646,4.923258916714986,12,318.0,0.19797181047173126,12,593.0,0.348915940994974,24,911.0
5180.0,23,573.0,9.095238095238095,5.517978210913369,7,265.0,0.366040146838653,16,612.0,0.2633816362543832,23,877.0
5185.0,26,617.0,9.640625,5.130001140847293,6,231.0,0.39202546458424997,20,640.0,0.13837787455837794,26,871.0
5190.0,32,736.0,11.682539682539682,4.558285064630456,9,241.0,0.4205909807661376,23,689.0,0.10574071100255614,32,930.0
5195.0,29,696.0,11.40983606557377,4.477244870790096,7,193.0,0.40327743352814743,22,718.0,0.19171179081329615,29,911.0
5200.0,29,419.0,6.758064516129032,4.926726132677745,9,133.0,0.39655889451649984,20,585.0,0.24140221998299985,29,718.0
5205.0,26,372.0,5.8125,4.77096854821405,7,134.0,0.39592605537097375,19,453.0,0.23209820154735952,26,587.0
5210.0,25,330.0,4.782608695652174,4.685068943551879,4,85.0,0.4342319526227489,21,481.0,0.15265371235162142,25,566.0
5215.0,19,240.0,3.5294117647058822,5.807690823725046,3,70.0,0.44871226953012083,16,445.0,0.2536250352547622,19,515.0
5220.0,18,237.0,3.2916666666666665,6.368558647740141,4,80.0,0.46981927039925636,14,459.0,0.28138445878672214,18,539.0
5225.0,26,294.0,4.027397260273973,6.119460103300194,5,86.0,0.42811804436491696,21,497.0,0.26804747467256107,26,583.0
5230.0,30,375.0,5.434782608695652,5.610100883869073,7,116.0,0.3471242578134549,23,541.0,0.30309712525068366,30,657.0
5235.0,28,419.0,6.446153846153846,5.342991492118637,6,72.0,0.43468426404021404,22,608.0,0.29349077957230796,28,680.0
5240.0,31,476.0,7.67741935483871,4.472591371711495,7,91.0,0.3881641523396974,24,655.0,0.20958419261975664,31,746.0
5245.0,32,416.0,6.603174603174603,4.075672297059139,5,96.0,0.43645894918821,27,677.0,0.14259718674702787,32,773.0
5250.0,25,443.0,6.921875,4.595570311169672,1,50.0,0.6298544991614354,24,783.0,0.10883003175181298,25,833.0
5255.0,30,528.0,8.0,4.808068859599709,2,24.0,0.602411368316289,28,892.0,0.07296905537095359,30,916.0
5260.0,35,540.0,7.9411764705882355,4.619210439196436,7,49.0,0.44823453186329193,28,896.0,0.14047008779444584,35,945.0
5265.0,25,347.0,5.102941176470588,5.236248439910813,6,59.0,0.468648861826596,19,780.0,0.20647268092078436,25,839.0
5270.0,20,229.0,3.634920634920635,4.780740701923363,5,42.0,0.33439346268338715,15,780.0,0.16501201929735734,20,822.0
5275.0,25,270.0,4.354838709677419,4.787617884844953,6,51.0,0.3360426000417573,19,767.0,0.10774606735080998,25,818.0
5280.0,34,393.0,6.338709677419355,4.258858572870511,10,94.0,0.2692418026361243,24,778.0,0.1415354585580624,34,872.0
5285.0,23,406.0,7.0,4.704951776753103,8,109.0,0.2746374999396652,15,710.0,0.20622598618128954,23,819.0
5290.0,24,432.0,7.8545454545454545,4.324421217402303,9,114.0,0.2827214712856088,15,733.0,0.20969531314221948,24,847.0
5295.0,24,473.0,7.883333333333334,5.377482016030456,7,121.0,0.2903375691353826,17,753.0,0.2611605087274285,24,874.0
5300.0,22,521.0,8.830508474576272,5.770842270986904,4,107.0,0.4628332502812711,18,769.0,0.21655877810857263,22,876.0
5305.0,15,473.0,8.298245614035087,6.374299356096611,3,58.0,0.4881848299812212,12,715.0,0.22895469422329448,15,773.0
5310.0,20,446.0,8.415094339622641,5.204921166421705,5,57.0,0.2928526190854553,15,684.0,0.21932013427430436,20,741.0
5315.0,21,255.0,4.722222222222222,5.492710109925969,5,79.0,0.40321310587716963,16,579.0,0.22543168029123845,21,658.0
5320.0,16,257.0,5.03921568627451,5.9635635825905595,6,106.0,0.4203620102655034,10,600.0,0.3211626054646623,16,706.0
5325.0,12,232.0,5.155555555555556,5.8319995719126405,3,83.0,0.4154709755270662,9,585.0,0.3119392439275215,12,668.0
5330.0,17,289.0,6.148936170212766,5.033770469687565,5,66.0,0.4168288717840236,12,540.0,0.17958400619427706,17,606.0
5335.0,19,332.0,6.64,5.797819902006642,4,76.0,0.5159505049557412,15,437.0,0.16685259920324985,19,513.0
5340.0,19,273.0,4.963636363636364,6.836072348961875,5,95.0,0.6703357631201294,14,371.0,0.2729600783017237,19,466.0
5345.0,14,251.0,4.482142857142857,6.880847699889543,3,70.0,0.6346751768285621,11,380.0,0.3392705133962991,14,450.0
5350.0,18,267.0,4.767857142857143,5.599567740757168,7,72.0,0.48392078771694164,11,397.0,0.2927490349581659,18,469.0
5355.0,24,304.0,5.62962962962963,5.121293896815171,9,77.0,0.35939639814624186,15,407.0,0.2859346217412375,24,484.0
5360.0,20,337.0,6.607843137254902,4.597760425717927,7,81.0,0.23595882067568258,13,393.0,0.22122410388948494,20,474.0
5365.0,17,328.0,6.3076923076923075,5.057817659853797,7,103.0,0.24477767207013268,10,342.0,0.2098515809339025,17,445.0
5370.0,21,382.0,7.490196078431373,5.492493402859296,12,145.0,0.28973050559711394,9,357.0,0.2526796092220987,21,502.0
5375.0,22,398.0,8.122448979591837,5.453910508435209,9,137.0,0.35472636817918074,13,372.0,0.24741819757467684,22,509.0
5380.0,25,496.0,10.122448979591837,4.545208545753376,12,170.0,0.28455481217575457,13,407.0,0.2427888349963622,25,577.0
5385.0,24,538.0,10.76,4.521526845800082,11,191.0,0.29879381092779983,13,423.0,0.2620914493027638,24,614.0
5390.0,17,484.0,10.297872340425531,5.368881757928209,6,159.0,0.35506969821016066,11,434.0,0.301642926937824,17,593.0
5395.0,15,491.0,10.673913043478262,4.856516231498647,6,165.0,0.29088969316581537,9,399.0,0.20949362965307589,15,564.0
5400.0,17,248.0,5.061224489795919,5.945693725443274,9,185.0,0.20454073582325824,8,255.0,0.33272450190925906,17,440.0
5405.0,12,109.0,2.2244897959183674,7.233655204443488,8,146.0,0.3645538032039053,4,112.0,0.4864449640116912,12,258.0
5410.0,14,145.0,2.843137254901961,7.639044481652982,8,136.0,0.48919774844095354,6,110.0,0.5139535658749707,14,246.0
5415.0,16,156.0,3.183673469387755,6.538312932776454,6,125.0,0.41102678963493977,10,142.0,0.46729402509480505,16,267.0
5420.0,14,113.0,2.26,5.998714014868962,4,64.0,0.4541487214550792,10,154.0,0.2927682256483,14,218.0
5425.0,16,152.0,2.8679245283018866,6.816351686200253,6,38.0,0.47425089831908496,10,160.0,0.2576818674860846,16,198.0
5430.0,17,153.0,2.8867924528301887,6.115667459048733,8,56.0,0.18934215792009124,9,127.0,0.33286914071461593,17,183.0
5435.0,20,215.0,3.8392857142857144,7.181578959623303,11,86.0,0.28842499332179594,9,140.0,0.48890181669097876,20,226.0
5440.0,16,231.0,4.529411764705882,6.908768296476158,8,119.0,0.4196345208860392,8,147.0,0.4965537712032556,16,266.0
5445.0,15,276.0,5.2075471698113205,7.45258892655928,4,107.0,0.5345210802581353,11,194.0,0.3909156902893812,15,301.0
5450.0,16,148.0,2.740740740740741,5.271008033407603,5,74.0,0.39600770290513354,11,162.0,0.15550097732910254,16,236.0
5455.0,26,261.0,4.660714285714286,5.493576909523365,10,96.0,0.36422525135309247,16,201.0,0.18776342461433415,26,297.0
5460.0,22,260.0,4.642857142857143,5.776002845964447,9,135.0,0.3758014826466007,13,219.0,0.3344132600353527,22,354.0
5465.0,19,308.0,5.6,6.912053538920218,10,166.0,0.4040473493841976,9,194.0,0.43868697467129775,19,360.0
5470.0,19,242.0,4.245614035087719,5.592518757229379,10,166.0,0.2993070449863443,9,179.0,0.35273110140190755,19,345.0
5475.0,23,284.0,4.813559322033898,5.857246864685,13,227.0,0.3285901244750169,10,134.0,0.34662653759829704,23,361.0
5480.0,23,260.0,4.262295081967213,5.380099244973515,11,223.0,0.3310822074864749,12,157.0,0.3324575284328394,23,380.0
5485.0,15,179.0,3.0338983050847457,6.603073232047646,7,155.0,0.39593544352435817,8,171.0,0.36910905946589817,15,326.0
5490.0,15,191.0,3.293103448275862,6.140799650755673,5,169.0,0.36072145338745704,10,196.0,0.27434940691719467,15,365.0
5495.0,25,240.0,4.2105263157894735,5.2292787905245515,11,185.0,0.23097570867351855,14,229.0,0.20656512795947682,25,414.0
5500.0,25,313.0,5.396551724137931,4.544583142501483,13,197.0,0.2594059956549537,12,273.0,0.24735647335149916,25,470.0
5505.0,21,364.0,6.385964912280702,6.070811592779696,10,174.0,0.3624917182889778,11,294.0,0.3735982388053925,21,468.0
5510.0,18,278.0,4.87719298245614,5.911753515518109,9,170.0,0.3093224815121662,9,263.0,0.34187459101104994,18,433.0
5515.0,23,324.0,5.785714285714286,6.136710978484211,15,220.0,0.3036433535769764,8,206.0,0.42309202365264154,23,426.0
5520.0,22,213.0,3.6724137931034484,5.521002061303685,15,255.0,0.3508370500394083,7,110.0,0.3435208558443719,22,365.0
5525.0,21,267.0,4.603448275862069,5.730575776566238,14,285.0,0.3364876311022803,7,109.0,0.4631186684565385,21,394.0
5530.0,27,310.0,5.254237288135593,4.877551454636353,19,301.0,0.2685366005550077,8,135.0,0.3729013820788093,27,436.0
5535.0,20,259.0,4.245901639344262,5.510114279118562,12,275.0,0.3196248490696295,8,129.0,0.2763555043760105,20,404.0
5540.0,14,228.0,3.8,5.693617649055807,8,252.0,0.2986424851635477,6,143.0,0.26455552894069806,14,395.0
5545.0,18,168.0,2.847457627118644,5.265639171044916,13,202.0,0.19663271966623014,5,105.0,0.2881668837849041,18,307.0
5550.0,23,214.0,3.689655172413793,5.78142672028604,16,236.0,0.18416792429388962,7,117.0,0.531790522219242,23,353.0
5555.0,22,290.0,4.915254237288136,6.110524976305553,19,293.0,0.16322796539828188,3,127.0,0.6397389833369964,22,420.0
5560.0,25,338.0,5.540983606557377,5.077919399404128,20,329.0,0.10782649643455643,5,124.0,0.5128655220563861,25,453.0
5565.0,15,167.0,2.737704918032787,6.11719392705411,10,297.0,0.3003936554784196,5,62.0,0.41710207906839164,15,359.0
5570.0,18,160.0,2.5806451612903225,6.391971528722035,9,312.0,0.40334728232307754,9,50.0,0.3340185451251978,18,362.0
5575.0,21,224.0,3.7333333333333334,5.842929657081439,13,330.0,0.3967895634712611,8,82.0,0.3234500934053044,21,412.0
5580.0,27,304.0,5.333333333333333,4.906354292306108,18,357.0,0.23452813619262947,9,110.0,0.42263380510952964,27,467.0
5585.0,19,302.0,4.950819672131147,4.911458126316784,13,327.0,0.20659736511690532,6,118.0,0.4030478366336147,19,445.0
5590.0,18,220.0,3.6666666666666665,4.965398646501172,10,255.0,0.23609801582720166,8,110.0,0.3032861682706183,18,365.0
5595.0,18,228.0,3.6774193548387095,5.161963433690033,12,234.0,0.19777800586222755,6,109.0,0.33797224125480235,18,343.0
5600.0,24,312.0,4.9523809523809526,4.741861115408203,14,247.0,0.13859098705002013,10,149.0,0.3979999387735972,24,396.0
5605.0,21,261.0,4.278688524590164,5.457518000991467,13,267.0,0.2543175735874521,8,124.0,0.38128510354228073,21,391.0
5610.0,19,345.0,5.75,6.1240968725268,10,292.0,0.3083588873939681,9,126.0,0.3598500890588148,19,418.0
5615.0,18,332.0,5.824561403508772,5.502444229303309,10,289.0,0.3595893545727641,8,133.0,0.15945327195268102,18,422.0
5620.0,23,397.0,7.089285714285714,5.158396109813331,14,298.0,0.20863197268260203,9,124.0,0.22476869392651336,23,422.0
5625.0,24,304.0,5.62962962962963,5.016648873613957,17,316.0,0.17758607507759952,7,101.0,0.2970950541461923,24,417.0
5630.0,26,412.0,7.923076923076923,5.89734903383328,20,357.0,0.19671944333174543,6,99.0,0.48424624166173763,26,456.0
5635.0,23,296.0,6.040816326530612,4.834835485094119,17,324.0,0.20121748192377403,6,85.0,0.44953098077220116,23,409.0
5640.0,26,410.0,8.36734693877551,4.673271518988494,18,336.0,0.19734285366336182,8,127.0,0.3863371520522596,26,463.0
5645.0,23,389.0,8.104166666666666,3.6477549910817633,17,364.0,0.1655398721461224,6,132.0,0.364957695965081,23,496.0
5650.0,16,247.0,4.490909090909091,6.003231306810866,11,314.0,0.2134145129176589,5,130.0,0.5129624241925114,16,444.0
5655.0,12,117.0,1.95,7.521431837011412,7,247.0,0.4071629014734548,5,78.0,0.4664401649323606,12,325.0
5660.0,11,80.0,1.2903225806451613,7.9316572256171,5,216.0,0.4314461517462708,6,49.0,0.469331269736964,11,265.0
5665.0,14,99.0,1.65,6.930270892422639,9,228.0,0.3918842903724655,5,60.0,0.39755616122284626,14,288.0
5670.0,16,122.0,2.259259259259259,5.838632332555182,11,222.0,0.2358572523104849,5,44.0,0.46745490158646785,16,266.0
5675.0,15,145.0,2.7358490566037736,6.210056851203749,9,184.0,0.27390410251980735,6,47.0,0.4726563577864994,15,231.0
5680.0,13,120.0,2.2641509433962264,7.1508625687602985,8,167.0,0.33155912307767055,5,52.0,0.4637235972024864,13,219.0
5685.0,18,164.0,3.28,6.778977768467136,11,184.0,0.3531121125742713,7,73.0,0.3212907503966443,18,257.0
5690.0,17,196.0,4.170212765957447,4.7041174096566705,11,204.0,0.19302179517387197,6,84.0,0.3611497094463912,17,288.0
5695.0,18,251.0,5.5777777777777775,5.60108221555392,11,193.0,0.22873691118857156,7,107.0,0.2998706811016979,18,300.0
5700.0,17,226.0,4.612244897959184,5.882688713306034,12,225.0,0.221582361575001,5,82.0,0.3403417677375644,17,307.0
5705.0,22,311.0,6.479166666666667,5.892078573595186,15,274.0,0.28644511502253406,7,78.0,0.3512489547787123,22,352.0
5710.0,18,335.0,7.282608695652174,5.788362692134822,13,318.0,0.2865945520988324,5,86.0,0.5184560442758822,18,404.0
5715.0,14,349.0,7.7555555555555555,5.517131413671738,10,317.0,0.22948067715574236,4,64.0,0.5348100774334645,14,381.0
5720.0,19,294.0,6.25531914893617,5.682365974681305,12,275.0,0.25258121264614086,7,92.0,0.39224119589768,19,367.0
5725.0,19,292.0,6.212765957446808,5.318904894252393,13,262.0,0.2753792902468052,6,83.0,0.2763920216628765,19,345.0
5730.0,20,207.0,4.5,4.585850591173196,12,201.0,0.22761935029870753,8,105.0,0.2786978777519229,20,306.0
5735.0,18,194.0,4.041666666666667,6.479240334192855,12,181.0,0.3343864364216329,6,84.0,0.48665135864668185,18,265.0
5740.0,16,189.0,3.78,6.710269006037736,11,187.0,0.23647901025128193,5,63.0,0.6604334099092366,16,250.0
5745.0,9,109.0,2.2244897959183674,7.439596898219721,5,136.0,0.2780201344139484,4,55.0,0.5550272231320779,9,191.0
5750.0,12,118.0,2.36,7.1661767429674725,6,121.0,0.4887421576222485,6,71.0,0.26797593173549444,12,192.0
5755.0,18,128.0,2.6122448979591835,6.307072491578403,8,124.0,0.4109682078928098,10,92.0,0.2512229346072937,18,216.0
5760.0,18,176.0,3.8260869565217392,5.356401674267244,8,119.0,0.29938629663328353,10,104.0,0.4194414477580133,18,223.0
5765.0,14,174.0,3.411764705882353,5.552751739757756,7,97.0,0.2828161274353977,7,119.0,0.4390425269379891,14,216.0
5770.0,14,191.0,3.4727272727272727,6.696511758585829,8,126.0,0.2781914886273247,6,102.0,0.5113036978405576,14,228.0
5775.0,13,155.0,2.719298245614035,6.91662904458664,10,154.0,0.31176347079053296,3,78.0,0.4407895494218469,13,232.0
5780.0,19,176.0,2.983050847457627,6.313880266045192,10,156.0,0.3598623164718213,9,78.0,0.3375437141330611,19,234.0
5785.0,21,252.0,4.344827586206897,6.359824849339376,12,198.0,0.393489894373496,9,101.0,0.3643012890661575,21,299.0
5790.0,20,278.0,5.054545454545455,5.7427626796183375,11,216.0,0.2531354980583613,9,123.0,0.3695081279397588,20,339.0
5795.0,18,261.0,4.578947368421052,5.292616553532331,10,192.0,0.20007440795954345,8,125.0,0.2453706154329166,18,317.0
5800.0,23,318.0,5.678571428571429,5.590133846475693,13,231.0,0.2665179022987309,10,134.0,0.24964133179403192,23,365.0
5805.0,19,274.0,4.807017543859649,6.013943826650495,11,257.0,0.32490208760598804,8,129.0,0.3082127566629349,19,386.0
5810.0,19,208.0,3.7142857142857144,6.061020168602524,11,200.0,0.3476931282146269,8,115.0,0.41974680387212443,19,315.0
5815.0,20,195.0,3.611111111111111,5.426090094120908,13,204.0,0.3636221629729911,7,114.0,0.3387971056445423,20,318.0
5820.0,17,194.0,3.3448275862068964,5.38849345798238,12,219.0,0.2330265778761719,5,77.0,0.465666313214128,17,296.0
5825.0,20,147.0,2.45,5.731791854008226,14,234.0,0.22331888451941798,6,40.0,0.4507520276930326,20,274.0
5830.0,21,228.0,3.737704918032787,6.07205089056704,13,279.0,0.305114951475576,8,74.0,0.3594650650014095,21,353.0
5835.0,27,316.0,5.266666666666667,5.161445884292362,19,338.0,0.21868827075248615,8,96.0,0.3647869668255991,27,434.0
5840.0,26,332.0,5.26984126984127,4.911757431136497,19,394.0,0.1421574555455653,7,114.0,0.40354025200078436,26,508.0
5845.0,27,436.0,7.032258064516129,4.992447649298596,21,453.0,0.1695890627069984,6,141.0,0.4456625278963728,27,594.0
5850.0,27,495.0,7.5,5.585815336942862,18,491.0,0.28079152698768434,9,173.0,0.3988055293185278,27,664.0
5855.0,22,470.0,7.014925373134329,5.786565230773407,12,451.0,0.3758648463062275,10,198.0,0.36238637667842466,22,649.0
5860.0,23,476.0,7.4375,5.569662041653762,14,437.0,0.2743472670848753,9,208.0,0.37629236958194395,23,645.0
5865.0,25,318.0,4.746268656716418,4.765824405890375,17,394.0,0.13392915070041636,8,201.0,0.33145231781416196,25,595.0
5870.0,31,383.0,5.632352941176471,4.887203910651108,17,388.0,0.22070933135530105,14,205.0,0.27977962276754054,31,593.0
5875.0,27,431.0,6.53030303030303,4.606180810507446,15,436.0,0.31792944207750923,12,254.0,0.2810297663682473,27,690.0
5880.0,25,489.0,7.887096774193548,4.475857067754357,16,467.0,0.2050803639733743,9,273.0,0.3744436459659037,25,740.0
5885.0,28,365.0,5.703125,3.549683341985923,20,481.0,0.07090172451992666,8,179.0,0.34252722418293496,28,660.0
5890.0,28,381.0,5.861538461538461,4.480183400862553,16,449.0,0.1733062523423363,12,169.0,0.2995258269781131,28,618.0
5895.0,27,338.0,4.970588235294118,4.428122323185083,14,433.0,0.2863741747196595,13,210.0,0.23048555333400683,27,643.0
5900.0,25,386.0,5.676470588235294,5.608294556592468,17,429.0,0.3051385395561896,8,227.0,0.3228556927293287,25,656.0
5905.0,24,332.0,4.742857142857143,4.867365218592511,17,460.0,0.17606334917641486,7,177.0,0.33821145193398466,24,637.0
5910.0,30,389.0,5.720588235294118,4.952522947471817,17,480.0,0.24250575587479703,13,145.0,0.1921418798138004,30,625.0
5915.0,32,420.0,6.268656716417911,4.306250800202394,16,477.0,0.27224834154013144,16,186.0,0.13674193897343284,32,663.0
5920.0,23,307.0,4.873015873015873,4.811728138414031,15,426.0,0.22967932253005613,8,184.0,0.29229368122043126,23,610.0
5925.0,25,325.0,5.508474576271187,4.0920946447838045,17,407.0,0.1090880658721549,8,206.0,0.3171151139109943,25,613.0
5930.0,28,350.0,5.833333333333333,3.663769241738622,16,408.0,0.1515849951824574,12,235.0,0.26498255665250947,28,643.0
5935.0,33,475.0,7.5396825396825395,3.7136622269302766,20,469.0,0.1841953499604831,13,271.0,0.25651692563330303,33,740.0
5940.0,28,496.0,8.0,4.479766421070705,18,505.0,0.19912495805260882,10,265.0,0.29398497920837563,28,770.0
5945.0,21,342.0,5.60655737704918,4.520186719986905,11,465.0,0.1562511307922341,10,250.0,0.2363841697445963,21,715.0
5950.0,21,335.0,5.234375,4.926331490298134,10,459.0,0.24340656322543094,11,207.0,0.1513118643018198,21,666.0
5955.0,27,283.0,4.564516129032258,5.005681301301852,12,407.0,0.2231024488025031,15,192.0,0.2416017092146191,27,599.0
5960.0,27,354.0,5.9,4.35902585974409,14,415.0,0.19511472222359794,13,228.0,0.3008778331548779,27,643.0
5965.0,20,349.0,6.232142857142857,4.603410019822481,9,366.0,0.28891538119750393,11,247.0,0.2739067769547665,20,613.0
5970.0,24,394.0,6.793103448275862,4.772601090914085,10,350.0,0.3256530220173649,14,249.0,0.22803094691176007,24,599.0
5975.0,27,396.0,6.387096774193548,4.661111343619185,14,340.0,0.2222300057128044,13,255.0,0.32551941760664055,27,595.0
5980.0,20,358.0,5.682539682539683,5.012017326591074,13,362.0,0.14834919671152258,7,196.0,0.451541746667782,20,558.0
5985.0,15,368.0,6.133333333333334,5.598955048596323,8,363.0,0.2313735976771687,7,202.0,0.3739596581987449,15,565.0
5990.0,23,252.0,4.0,5.025361661411618,7,259.0,0.2826521524602499,16,251.0,0.21320459640819603,23,510.0
5995.0,32,318.0,5.129032258064516,4.7801633904651055,12,198.0,0.3235136760831497,20,310.0,0.2030829416800111,32,508.0
6000.0,29,377.0,6.614035087719298,4.09931150683145,12,224.0,0.27523555406610145,17,366.0,0.24729273368674126,29,590.0
6005.0,24,397.0,6.508196721311475,4.1458874489017905,8,220.0,0.3168372677120853,16,381.0,0.20524345890877846,24,601.0
6010.0,22,408.0,6.375,4.878609214249188,8,244.0,0.3121058152354759,14,354.0,0.18001215178073085,22,598.0
6015.0,26,384.0,6.0,5.2617325225853575,14,295.0,0.2721947908473546,12,266.0,0.2577091704474733,26,561.0
6020.0,28,361.0,5.640625,5.784500730901224,13,261.0,0.3329513926627215,15,248.0,0.33130783628323257,28,509.0
6025.0,28,426.0,7.344827586206897,4.673574236361815,14,285.0,0.31048170435349487,14,302.0,0.2873984483939039,28,587.0
6030.0,26,432.0,7.322033898305085,4.7711386246286995,11,301.0,0.2964561195615419,15,318.0,0.2879105979340657,26,619.0
6035.0,23,397.0,6.508196721311475,4.736129938333312,7,253.0,0.4032483085898297,16,338.0,0.15993814940462772,23,591.0
6040.0,19,307.0,5.032786885245901,5.934201850979748,6,185.0,0.3875442496883146,13,341.0,0.23944920343743484,19,526.0
6045.0,19,235.0,4.12280701754386,5.295624225578316,8,121.0,0.2519842466379292,11,309.0,0.2898301432410593,19,430.0
6050.0,25,226.0,4.109090909090909,4.660494852356171,13,160.0,0.2989907954728355,12,264.0,0.1905569663528496,25,424.0
6055.0,27,335.0,6.090909090909091,4.66587214034275,15,227.0,0.3093390576477932,12,301.0,0.2543468652055864,27,528.0
6060.0,24,371.0,6.87037037037037,4.907720368273221,12,244.0,0.29583547105804103,12,324.0,0.31912999966049926,24,568.0
6065.0,17,252.0,4.754716981132075,5.244046507781558,8,195.0,0.2269369973019327,9,309.0,0.3325239349510593,17,504.0
6070.0,22,285.0,5.277777777777778,5.412498916514291,7,178.0,0.3168627718860868,15,329.0,0.18921488826350194,22,507.0
6075.0,23,254.0,4.703703703703703,5.209984406186816,9,178.0,0.3589158654779715,14,321.0,0.2424533799319626,23,499.0
6080.0,22,262.0,4.5964912280701755,5.635392569820419,10,207.0,0.29539586191195294,12,293.0,0.3861037059895927,22,500.0
6085.0,22,303.0,5.224137931034483,6.14003681175568,12,264.0,0.32541712702306,10,307.0,0.49276935432878216,22,571.0
6090.0,19,269.0,4.637931034482759,6.0763269311519625,11,267.0,0.2811643924421701,8,272.0,0.4650356255543854,19,539.0
6095.0,14,179.0,3.2545454545454544,5.0515238875598225,4,198.0,0.3300143073171619,10,221.0,0.2020106019538845,14,419.0
6100.0,23,211.0,3.6379310344827585,4.822486461723956,5,191.0,0.3004729509639987,18,217.0,0.11320239986192561,23,408.0
6105.0,28,286.0,4.931034482758621,5.425352743002973,10,189.0,0.32156960268341306,18,251.0,0.2441024996009425,28,440.0
6110.0,22,310.0,5.344827586206897,5.7154151748412785,8,194.0,0.3858584848917173,14,291.0,0.32693580355624685,22,485.0
6115.0,15,241.0,4.381818181818182,6.155079948946048,2,137.0,0.5515523461823085,13,303.0,0.28796048496798954,15,440.0
6120.0,22,303.0,5.611111111111111,6.07793388722787,3,122.0,0.5780811630620497,19,303.0,0.15528197677627573,22,425.0
6125.0,22,294.0,4.983050847457627,5.482726461739812,4,121.0,0.5025039887812501,18,322.0,0.09376809954825287,22,443.0
6130.0,18,246.0,4.241379310344827,6.732706941592306,8,150.0,0.5203253097455158,10,282.0,0.23019585247582494,18,432.0
6135.0,18,297.0,5.4,5.796293248264671,9,193.0,0.3174475484907647,9,284.0,0.30127886586028496,18,477.0
6140.0,22,316.0,5.745454545454545,5.30942214768395,10,227.0,0.2875113591768328,12,259.0,0.2691551702446672,22,486.0
6145.0,18,343.0,6.125,5.302436227643651,6,221.0,0.38648872293682635,12,270.0,0.25004382340027553,18,491.0
6150.0,14,249.0,4.220338983050848,6.347047786589142,5,128.0,0.3570776290573275,9,255.0,0.34841205344684206,14,383.0
6155.0,18,225.0,3.8793103448275863,6.543442244715714,11,139.0,0.24506827728955902,7,224.0,0.4190772246234251,18,363.0
6160.0,24,184.0,3.066666666666667,5.336458542399165,13,124.0,0.2101038154785498,11,191.0,0.2920557496433011,24,315.0
6165.0,27,282.0,4.947368421052632,5.061486667053379,13,171.0,0.308625165000395,14,236.0,0.26282795165764256,27,407.0
6170.0,20,294.0,5.157894736842105,5.449788346771603,10,185.0,0.31562857342880163,10,250.0,0.2968191416111612,20,435.0
6175.0,13,217.0,3.875,5.7525011964248245,5,132.0,0.30529534393985247,8,239.0,0.2521794331594272,13,371.0
6180.0,15,169.0,3.017857142857143,5.663485039806994,5,135.0,0.31889167377098665,10,218.0,0.1719410055102121,15,353.0
6185.0,21,238.0,4.407407407407407,5.101309819704636,11,162.0,0.19688288701694046,10,250.0,0.21405943023359736,21,412.0
6190.0,22,289.0,6.020833333333333,4.7535258567319625,12,177.0,0.18714735830019913,10,253.0,0.3225108386455181,22,430.0
6195.0,14,199.0,3.9019607843137254,5.999066300350547,5,147.0,0.28654312779155183,9,207.0,0.2985577901700901,14,354.0
6200.0,18,198.0,3.8823529411764706,6.455247575183566,6,129.0,0.3535343647600253,12,238.0,0.2775834036311182,18,367.0
6205.0,20,213.0,4.26,5.979822919860337,8,101.0,0.3615354042971208,12,267.0,0.28401780463286047,20,368.0
6210.0,18,207.0,4.404255319148936,5.493998574455118,8,111.0,0.32303860897418935,10,251.0,0.34889542597569556,18,362.0
6215.0,15,199.0,4.4222222222222225,6.044967205700353,6,88.0,0.42112422973034225,9,259.0,0.3224761252687399,15,347.0
6220.0,13,209.0,4.644444444444445,6.379457996464785,5,97.0,0.28823901387201983,8,234.0,0.26857954463920625,13,331.0
6225.0,20,275.0,5.612244897959184,6.045819448976739,10,129.0,0.16898883319480812,10,243.0,0.2847299789156835,20,372.0
6230.0,16,297.0,6.456521739130435,6.186527946983338,8,138.0,0.43082899502786076,8,243.0,0.31175507438281935,16,381.0
6235.0,16,255.0,5.543478260869565,6.506467029564639,8,158.0,0.518388793738169,8,189.0,0.36468617172233736,16,347.0
6240.0,18,231.0,5.021739130434782,5.5156032858515855,6,150.0,0.46979680314901245,12,157.0,0.28207783029651495,18,307.0
6245.0,20,237.0,4.836734693877551,5.43602173239514,9,137.0,0.3671282401201652,11,181.0,0.3585356780131584,20,318.0
6250.0,16,200.0,3.8461538461538463,6.212203719445265,7,122.0,0.321505441024528,9,167.0,0.4155054706888465,16,289.0
6255.0,12,187.0,3.6666666666666665,7.256462232217662,4,61.0,0.5120229374639975,8,181.0,0.374383608975885,12,242.0
6260.0,10,151.0,2.7454545454545456,7.007455764335943,4,50.0,0.5538139064462644,6,166.0,0.19930898337635083,10,216.0
6265.0,17,100.0,1.8867924528301887,6.870970705409572,7,82.0,0.6126359294555842,10,110.0,0.23042245840255707,17,192.0
6270.0,21,180.0,3.6,5.820856945747584,8,109.0,0.4874661669432177,13,145.0,0.29036546598179397,21,254.0
6275.0,21,236.0,4.627450980392157,5.293211756989029,12,161.0,0.3050292235065601,9,171.0,0.410497981523772,21,332.0
6280.0,21,240.0,4.615384615384615,4.821119387548354,14,185.0,0.10885208659597936,7,152.0,0.440835962562894,21,337.0
6285.0,16,218.0,4.037037037037037,5.3810430931137905,9,174.0,0.189152098025139,7,151.0,0.2907494755013164,16,325.0
6290.0,19,241.0,4.303571428571429,5.8597816304412875,8,187.0,0.3958383703286111,11,154.0,0.08480827215587515,19,341.0
6295.0,24,300.0,5.454545454545454,5.795976551783561,12,226.0,0.4143202338240387,12,174.0,0.18765191247831062,24,400.0
6300.0,21,315.0,5.7272727272727275,5.602448981710904,11,252.0,0.3962398434970927,10,148.0,0.35077030050247504,21,400.0
6305.0,17,306.0,5.368421052631579,5.773590780334514,10,238.0,0.4062396996348524,7,149.0,0.3242083433765902,17,387.0
6310.0,19,233.0,3.9491525423728815,6.204539638977271,12,232.0,0.3701240035203432,7,135.0,0.3309291011895304,19,367.0
6315.0,19,191.0,3.1311475409836067,5.320206762649499,15,197.0,0.19375497801819894,4,119.0,0.34682058051418363,19,316.0
6320.0,28,265.0,4.2063492063492065,5.155703002798732,21,261.0,0.13404912128655455,7,128.0,0.48534635926458825,28,389.0
6325.0,26,308.0,5.220338983050848,5.299603373404977,19,329.0,0.23160296552424461,7,116.0,0.4882894948182886,26,445.0
6330.0,22,276.0,4.842105263157895,4.817784796609949,14,315.0,0.25667979457678364,8,112.0,0.4034690981133063,22,427.0
6335.0,27,321.0,5.5344827586206895,3.953540438730861,17,342.0,0.19081801477751342,10,113.0,0.27552760913007956,27,455.0
6340.0,25,312.0,5.2,4.7160454318430665,20,376.0,0.11729217307200007,5,84.0,0.4660694726719336,25,460.0
6345.0,19,197.0,3.1774193548387095,5.138172536504596,13,353.0,0.16758729784200294,6,63.0,0.4053373693985727,19,416.0
6350.0,22,236.0,4.068965517241379,5.12895203094135,11,348.0,0.30526606619819024,11,106.0,0.19157702604869467,22,454.0
6355.0,27,298.0,5.321428571428571,4.091227345216435,12,333.0,0.19099331865041244,15,155.0,0.12860570682748815,27,488.0
6360.0,23,310.0,5.7407407407407405,4.303658444526726,16,367.0,0.13709063871249053,7,162.0,0.33665038872103176,23,529.0
6365.0,21,199.0,3.685185185185185,4.611957103195679,14,373.0,0.22521965583903727,7,153.0,0.3385520319958452,21,526.0
6370.0,22,235.0,4.12280701754386,5.440178295312072,11,374.0,0.3070994432452655,11,129.0,0.346632901659243,22,503.0
6375.0,20,202.0,3.4237288135593222,5.164899246279404,8,298.0,0.32925824552267396,12,157.0,0.2631663329884767,20,455.0
6380.0,17,227.0,3.913793103448276,5.3342698183708475,11,301.0,0.2257740445956599,6,137.0,0.27590632620935407,17,438.0
6385.0,18,215.0,3.8392857142857144,5.409995077763229,13,279.0,0.13624280607139116,5,112.0,0.3992358875563075,18,391.0
6390.0,23,230.0,3.8983050847457625,5.277990733072583,13,290.0,0.15767106199309558,10,137.0,0.409845758178154,23,427.0
6395.0,25,329.0,6.092592592592593,5.304861535275888,15,335.0,0.2578038829206783,10,162.0,0.36708171008594925,25,497.0
6400.0,19,340.0,6.296296296296297,5.7780013984807175,12,346.0,0.31832293819199853,7,150.0,0.4069233837504677,19,496.0
6405.0,14,327.0,5.7368421052631575,6.153171901186919,9,335.0,0.36610035621165715,5,165.0,0.29648566894524064,14,500.0
6410.0,20,394.0,6.566666666666666,6.8172120068966535,9,330.0,0.47103285796890765,11,203.0,0.26930950736877984,20,533.0
6415.0,18,287.0,4.864406779661017,6.178529602720208,6,267.0,0.37802740903443444,12,232.0,0.27190928625673383,18,499.0
6420.0,15,319.0,5.5964912280701755,6.5494512178903666,9,210.0,0.20610909882209957,6,233.0,0.4515639149999436,15,443.0
6425.0,19,322.0,5.551724137931035,6.343716850698068,13,189.0,0.21366226461220203,6,250.0,0.4485768530433624,19,439.0
6430.0,20,384.0,6.508474576271187,7.10786587447524,10,193.0,0.3957939369467045,10,292.0,0.42127420306191343,20,485.0
6435.0,18,349.0,6.12280701754386,5.639042941448651,8,202.0,0.39322940669455214,10,266.0,0.3461319334437993,18,468.0
6440.0,25,456.0,7.728813559322034,5.658154123840286,13,240.0,0.21692341660035094,12,320.0,0.41493278709462394,25,560.0
6445.0,26,421.0,6.682539682539683,5.280043175158013,13,237.0,0.22459210335441682,13,341.0,0.44220795182279726,26,578.0
6450.0,20,371.0,5.796875,5.553809095971438,9,161.0,0.3248770216618237,11,320.0,0.2995473775870228,20,481.0
6455.0,19,175.0,2.611940298507463,5.094726115992595,7,183.0,0.2979815249555397,12,182.0,0.2345448838210807,19,365.0
6460.0,29,276.0,4.0,5.339040819645556,13,209.0,0.2537099776923191,16,179.0,0.2699089228224712,29,388.0
6465.0,30,344.0,5.134328358208955,4.515610313452616,12,226.0,0.28313961491448575,18,240.0,0.2537622583922795,30,466.0
6470.0,26,383.0,5.7164179104477615,5.18882962374708,8,229.0,0.38190698720126504,18,264.0,0.2324384598891973,26,493.0
6475.0,25,360.0,5.373134328358209,5.413965744401401,8,204.0,0.48879908824997126,17,310.0,0.1806603362727725,25,514.0
6480.0,24,294.0,4.083333333333333,5.537571241988307,10,153.0,0.32767319585836924,14,310.0,0.24199583625536847,24,463.0
6485.0,26,226.0,3.373134328358209,5.31296610305666,11,148.0,0.23817113693393313,15,294.0,0.3271244159977927,26,442.0
6490.0,31,328.0,5.046153846153846,5.472823643868593,14,179.0,0.2193356613529516,17,310.0,0.3694317666190035,31,489.0
6495.0,31,368.0,5.575757575757576,4.765731488876932,12,210.0,0.3386520608669164,19,366.0,0.2585744547447699,31,576.0
6500.0,28,379.0,5.8307692307692305,4.627919927027516,8,200.0,0.3898175233871258,20,411.0,0.21415672655297918,28,611.0
6505.0,33,401.0,5.897058823529412,3.9956792276960678,9,199.0,0.30063362278310474,24,476.0,0.16585530776314858,33,675.0
6510.0,31,417.0,6.043478260869565,4.844722137373988,11,193.0,0.27577464308913724,20,487.0,0.22373396074642038,31,680.0
6515.0,28,453.0,6.661764705882353,4.388894538147918,11,211.0,0.16585063773323047,17,532.0,0.22906578286405374,28,743.0
6520.0,29,541.0,7.840579710144928,5.068630678785131,6,218.0,0.28339587949361567,23,589.0,0.19530455734867705,29,807.0
6525.0,28,526.0,7.6231884057971016,3.951948438221689,7,154.0,0.37124637843479275,21,651.0,0.06583974358601545,28,805.0
6530.0,32,614.0,8.898550724637682,5.51092985947453,11,152.0,0.4991197183888768,21,698.0,0.1557001817519161,32,850.0
6535.0,27,617.0,9.073529411764707,4.889068912017322,9,160.0,0.4375176206021401,18,722.0,0.1469615885978131,27,882.0
6540.0,30,662.0,9.594202898550725,5.153678493952446,14,197.0,0.3023091402870773,16,696.0,0.24446404275152775,30,893.0
6545.0,33,550.0,8.208955223880597,4.0102414299465945,16,226.0,0.22697119621099415,17,628.0,0.1814241434167146,33,854.0
6550.0,28,331.0,5.092307692307692,4.749672493197409,10,201.0,0.2235913687293926,18,566.0,0.2392765227925361,28,767.0
6555.0,23,331.0,5.092307692307692,4.676048339393192,8,196.0,0.31758420252048475,15,579.0,0.15057449153339283,23,775.0
6560.0,26,320.0,4.63768115942029,4.560271608481996,8,151.0,0.24150633142435432,18,622.0,0.17881555697836635,26,773.0
6565.0,30,367.0,5.825396825396825,4.435587044238677,12,179.0,0.29933319812999165,18,637.0,0.22081354507990306,30,816.0
6570.0,32,374.0,5.84375,3.992364229668491,12,213.0,0.35031377767289706,20,646.0,0.19142812912202778,32,859.0
6575.0,32,404.0,6.3125,4.321887527969714,15,256.0,0.20626170750842526,17,610.0,0.2616429858860248,32,866.0
6580.0,31,434.0,6.575757575757576,4.239205562520023,15,283.0,0.19269554966230182,16,594.0,0.267605982721689,31,877.0
6585.0,23,339.0,4.6438356164383565,5.424804799663703,7,230.0,0.2200427561244891,16,515.0,0.32486276259090585,23,745.0
6590.0,24,394.0,5.549295774647887,5.927900853438664,6,194.0,0.489694061179148,18,546.0,0.24165222453816054,24,740.0
6595.0,17,341.0,4.802816901408451,6.367503989106602,3,135.0,0.564716765870653,14,535.0,0.17855714684905466,17,670.0
6600.0,22,219.0,3.2686567164179103,5.182873312217679,7,95.0,0.44613926427889833,15,474.0,0.14104590843551534,22,569.0
6605.0,27,276.0,4.3125,4.632879332818986,7,106.0,0.3272406343333615,20,483.0,0.20437137072416878,27,589.0
6610.0,25,346.0,5.766666666666667,4.72300062123017,5,96.0,0.371384218642982,20,555.0,0.1794974773068926,25,651.0
6615.0,18,333.0,5.741379310344827,4.551042667645271,4,58.0,0.33191546899148333,14,578.0,0.12699175097846244,18,636.0
6620.0,22,363.0,6.482142857142857,5.192723567802511,8,75.0,0.2590965982840924,14,547.0,0.19579908597941537,22,622.0
6625.0,21,317.0,5.763636363636364,5.146842937455183,10,97.0,0.284622961314771,11,486.0,0.22745366055864744,21,583.0
6630.0,21,383.0,7.226415094339623,5.900095989820524,9,142.0,0.4334416981596326,12,456.0,0.3290578720277088,21,598.0
6635.0,17,374.0,7.056603773584905,4.836905064639811,5,140.0,0.3848630772563021,12,484.0,0.29518644105573466,17,624.0
6640.0,15,363.0,7.117647058823529,6.13414148513539,3,87.0,0.4755885422254209,12,489.0,0.3285277322441952,15,576.0
6645.0,16,426.0,8.352941176470589,6.249238366809743,3,67.0,0.4443665651879127,13,520.0,0.2814996540692859,16,587.0
6650.0,17,426.0,8.037735849056604,5.642936035630174,4,42.0,0.4124755616352155,13,525.0,0.18176610498801843,17,567.0
6655.0,23,532.0,10.857142857142858,5.339976406696112,6,54.0,0.5242211668261054,17,584.0,0.2130116603976468,23,638.0
6660.0,20,566.0,10.884615384615385,5.091317709590436,4,62.0,0.5571448849843716,16,628.0,0.21127173436762886,20,690.0
6665.0,18,601.0,10.927272727272728,5.8162729983470545,4,63.0,0.5592927026425043,14,639.0,0.22521918221616102,18,702.0
6670.0,19,481.0,8.293103448275861,5.3095332964593185,5,59.0,0.3736036617725764,14,587.0,0.21028602041888894,19,646.0
6675.0,24,569.0,9.17741935483871,6.257836284917606,7,87.0,0.4018012038133475,17,574.0,0.23107885523349406,24,661.0
6680.0,20,595.0,9.754098360655737,5.870655356973239,5,57.0,0.4752059562894558,15,611.0,0.17852192830280408,20,668.0
6685.0,19,611.0,10.183333333333334,6.299303842239637,6,60.0,0.43968769516460565,13,645.0,0.21945528547200813,19,705.0
6690.0,23,451.0,7.516666666666667,4.775788048710056,10,109.0,0.30551239622108217,13,555.0,0.17574997885208868,23,664.0
6695.0,24,300.0,4.918032786885246,5.479877316912082,13,162.0,0.3547152174245699,11,360.0,0.28023698673366265,24,522.0
6700.0,28,386.0,6.327868852459017,5.294669471549729,13,197.0,0.32756722465561255,15,312.0,0.3793118153353099,28,509.0
6705.0,28,440.0,7.096774193548387,4.707998665775901,13,227.0,0.3033726603108913,15,363.0,0.3366745748094268,28,590.0
6710.0,28,485.0,7.348484848484849,4.213543823550815,13,254.0,0.20856181956559622,15,377.0,0.3149165357193286,28,631.0
6715.0,26,397.0,5.838235294117647,4.29943262708434,11,250.0,0.20708105029570145,15,359.0,0.27621674835642274,26,609.0
6720.0,21,369.0,5.271428571428571,5.526134244535884,11,267.0,0.3498063311177849,10,293.0,0.23387606502412403,21,560.0
6725.0,28,437.0,5.986301369863014,4.927842577611721,12,279.0,0.258064846256168,16,333.0,0.21777178369564065,28,612.0
6730.0,33,508.0,7.257142857142857,4.4495094439791085,15,293.0,0.14175506202102955,18,406.0,0.2957645899352953,33,699.0
6735.0,40,625.0,9.191176470588236,3.9017780323927798,21,371.0,0.15130290959731957,19,449.0,0.237072775133663,40,820.0
6740.0,41,753.0,11.073529411764707,3.569502700218015,17,422.0,0.1696925241784295,24,493.0,0.1565542751618258,41,915.0
6745.0,33,616.0,9.058823529411764,4.294040175090469,10,423.0,0.32767435309990084,23,486.0,0.1080511111077367,33,909.0
6750.0,32,664.0,9.764705882352942,4.570374288131573,11,449.0,0.30639722763187655,21,486.0,0.15510985431251623,32,935.0
6755.0,34,665.0,9.63768115942029,4.164282587568706,14,456.0,0.26670399791096283,20,502.0,0.15750151026230128,34,958.0
6760.0,28,552.0,8.0,3.915380065812828,16,489.0,0.15771455899030612,12,407.0,0.25669567068539734,28,896.0
6765.0,24,550.0,7.746478873239437,4.834772304473238,13,483.0,0.24054774667126974,11,422.0,0.23591771409233311,24,905.0
6770.0,23,536.0,7.444444444444445,5.424318666572385,11,488.0,0.34551102842035875,12,414.0,0.18259377244932776,23,902.0
6775.0,27,567.0,7.767123287671233,5.220307038718756,13,512.0,0.25113517649920775,14,403.0,0.24809900661690645,27,915.0
6780.0,26,613.0,9.014705882352942,4.605608718757644,17,553.0,0.16096026084536844,9,338.0,0.34075768802219714,26,891.0
6785.0,27,342.0,5.029411764705882,5.240443313154196,18,418.0,0.10151661418971594,9,316.0,0.489850189970699,27,734.0
6790.0,32,421.0,6.2835820895522385,4.7874289725461665,18,311.0,0.1592494182656367,14,340.0,0.3268912745719848,32,651.0
6795.0,34,471.0,7.246153846153846,3.807889146311063,16,353.0,0.16858965498553038,18,352.0,0.20007875999763738,34,705.0
6800.0,27,442.0,6.90625,4.296949008917311,9,304.0,0.28525597783116563,18,405.0,0.152282252395976,27,709.0
6805.0,24,504.0,8.129032258064516,5.1764178165545855,9,279.0,0.2768602522130226,15,428.0,0.13492862168182246,24,707.0
6810.0,25,424.0,6.73015873015873,5.568868489233925,8,221.0,0.30700051279645946,17,446.0,0.1398650670331224,25,667.0
6815.0,28,415.0,6.693548387096774,5.54371824763537,9,166.0,0.3645256690226373,19,467.0,0.16572637248522967,28,633.0
6820.0,24,451.0,7.6440677966101696,5.0553548498208425,7,162.0,0.43697583434646675,17,529.0,0.23109828126047732,24,691.0
6825.0,24,530.0,9.298245614035087,6.205947806106903,8,180.0,0.4537679637403105,16,565.0,0.3303193241019329,24,745.0
6830.0,21,369.0,6.049180327868853,5.110283223300859,6,175.0,0.36129507263113564,15,456.0,0.27962949602335285,21,631.0
6835.0,20,355.0,5.725806451612903,6.2604843962006145,3,142.0,0.49115083886875155,17,397.0,0.3224751547829702,20,539.0
6840.0,24,413.0,7.0,5.468524666943358,6,140.0,0.4970344739726236,18,427.0,0.22587666747813986,24,567.0
6845.0,28,390.0,6.290322580645161,5.418193772857632,6,105.0,0.42620617902069363,22,463.0,0.19692030685828504,28,568.0
6850.0,26,453.0,7.810344827586207,4.778034668961678,7,71.0,0.3714130161310585,19,522.0,0.19016982607498253,26,593.0
6855.0,19,426.0,7.1,5.517808104153347,6,88.0,0.2954623114762392,13,528.0,0.30546964245009633,19,616.0
6860.0,17,354.0,6.0,5.497277941343599,3,86.0,0.291383080757238,14,479.0,0.27371799542479686,17,565.0
6865.0,21,223.0,3.484375,6.400284355456552,4,98.0,0.5501432278870848,17,408.0,0.2487630491209535,21,506.0
6870.0,21,210.0,3.5,6.078247647773832,3,78.0,0.575678397356086,18,465.0,0.194039999171451,21,543.0
6875.0,24,265.0,4.649122807017544,5.5194764559591265,4,55.0,0.5669518794811166,20,529.0,0.194672338345569,24,584.0
6880.0,29,326.0,5.927272727272728,4.127265011440894,8,86.0,0.4233851468292214,21,568.0,0.14910453374509403,29,654.0
6885.0,22,243.0,3.9836065573770494,4.789567993630346,6,99.0,0.4453218399403433,16,522.0,0.18866706830115432,22,621.0
6890.0,21,282.0,4.622950819672131,5.394059243673212,4,79.0,0.4471045931049024,17,519.0,0.23101908358776194,21,598.0
6895.0,21,295.0,4.758064516129032,5.676342375169831,4,95.0,0.5675034042051499,17,477.0,0.2061111153991154,21,572.0
6900.0,23,363.0,5.761904761904762,5.737249721217619,4,115.0,0.5867418808811561,19,507.0,0.20079000793877952,23,622.0
6905.0,20,322.0,5.551724137931035,5.572854063778132,3,42.0,0.5739569651286973,17,499.0,0.2342899880637571,20,541.0
6910.0,21,255.0,4.25,5.388230797278946,5,64.0,0.36426119113473104,16,483.0,0.2747869525780724,21,547.0
6915.0,30,374.0,6.448275862068965,4.345271343685912,9,110.0,0.30248605702175424,21,493.0,0.18661449540396746,30,603.0
6920.0,29,359.0,6.527272727272727,3.4156482941072,6,113.0,0.3839451532707571,23,519.0,0.08872952828798057,29,632.0
6925.0,31,417.0,7.722222222222222,4.255959872371094,8,133.0,0.3764279856777462,23,528.0,0.1123305586733763,31,661.0
6930.0,26,429.0,7.396551724137931,4.6228156272717,6,123.0,0.41755762861755435,20,567.0,0.11679765807237218,26,690.0
6935.0,21,363.0,6.368421052631579,5.759181745182296,7,123.0,0.4601441369941734,14,555.0,0.2058249688042756,21,678.0
6940.0,20,336.0,5.894736842105263,5.606321201692451,8,144.0,0.342290236212455,12,502.0,0.2617757043303059,20,646.0
6945.0,25,293.0,4.966101694915254,5.0934240141388,12,200.0,0.27250070565877793,13,445.0,0.24411448847486467,25,645.0
6950.0,26,318.0,5.888888888888889,4.474126069637796,10,217.0,0.33083437863425336,16,475.0,0.2233988988324596,26,692.0
6955.0,26,356.0,6.472727272727273,4.339898440949284,8,204.0,0.32318809189743236,18,494.0,0.16773169829549398,26,698.0
6960.0,27,283.0,5.2407407407407405,4.1789066998229725,8,112.0,0.3631382387342519,19,518.0,0.10658907946342061,27,630.0
6965.0,24,301.0,5.280701754385965,5.541764380217272,9,123.0,0.4236073822429102,15,465.0,0.20364466666476305,24,588.0
6970.0,19,254.0,4.618181818181818,5.494890557741464,7,134.0,0.3622966029923612,12,419.0,0.27133137722286305,19,553.0
6975.0,25,342.0,5.796610169491525,5.94754627007737,10,164.0,0.2967218013384478,15,439.0,0.3496436699570213,25,603.0
6980.0,21,307.0,5.032786885245901,6.052508129437301,7,162.0,0.3839042083838904,14,409.0,0.31146501110973934,21,571.0
6985.0,19,271.0,4.754385964912281,6.536263546262771,6,134.0,0.5594917017880126,13,341.0,0.2194441310073954,19,475.0
6990.0,21,297.0,5.4,5.300193754438881,7,150.0,0.4418690023401689,14,339.0,0.11318758422365492,21,489.0
6995.0,19,205.0,4.019607843137255,5.26952868274875,6,103.0,0.3543196248273518,13,315.0,0.1243380564343305,19,418.0
7000.0,19,207.0,4.14,5.892949522581915,5,75.0,0.516666006406702,14,312.0,0.14391096570802475,19,387.0
7005.0,17,135.0,2.7551020408163267,5.9846091955006715,6,56.0,0.46365585637738127,11,290.0,0.21976569649780553,17,346.0
7010.0,18,184.0,4.27906976744186,5.664404722814504,6,61.0,0.4994327411312931,12,294.0,0.2535932661574425,18,355.0
7015.0,15,139.0,3.2325581395348837,3.7108695266593372,5,56.0,0.28304462633149496,10,264.0,0.17732131082483757,15,320.0
7020.0,19,208.0,4.622222222222222,4.8009826934842685,8,71.0,0.3943957261772078,11,300.0,0.168701135723045,19,371.0
7025.0,21,244.0,5.4222222222222225,4.943164828036394,7,82.0,0.4767120519561814,14,314.0,0.07433341947612966,21,396.0
7030.0,20,228.0,4.956521739130435,5.015810034636024,6,70.0,0.4403832413198014,14,317.0,0.1800109109298922,20,387.0
7035.0,16,202.0,4.488888888888889,5.396132557574752,8,86.0,0.3409201040014927,8,274.0,0.29369011091728653,16,360.0
7040.0,19,262.0,6.238095238095238,5.655348633813364,13,125.0,0.2502279888350721,6,247.0,0.41251453728538484,19,372.0
7045.0,15,231.0,5.372093023255814,5.583581587391047,10,152.0,0.30389422768889185,5,198.0,0.36554388818898176,15,350.0
7050.0,16,247.0,6.024390243902439,5.462889972272237,8,136.0,0.30688101518371286,8,185.0,0.358616129286544,16,321.0
7055.0,14,258.0,6.0,5.930077210807863,8,154.0,0.3791434360081601,6,195.0,0.3444548322311471,14,349.0
7060.0,16,312.0,7.255813953488372,6.900234656619147,11,177.0,0.28414863093145826,5,203.0,0.4606481902736168,16,380.0
7065.0,13,144.0,3.5121951219512195,6.051451664152165,11,147.0,0.14250368333291888,2,83.0,0.5556941978350215,13,230.0
7070.0,19,226.0,5.512195121951219,6.227097462005306,14,197.0,0.2813667353996032,5,103.0,0.54567240262814,19,300.0
7075.0,15,239.0,5.431818181818182,5.804101338314956,10,197.0,0.43303863060383335,5,122.0,0.3076870103918858,15,319.0
7080.0,14,227.0,5.159090909090909,6.494081493449513,4,140.0,0.5403683681407095,10,164.0,0.23906187246027621,14,304.0
7085.0,13,245.0,5.6976744186046515,5.271024276354727,6,123.0,0.4518362977056979,7,180.0,0.10466123019717723,13,303.0
7090.0,12,288.0,6.127659574468085,7.2489498722713455,8,150.0,0.3770517244417863,4,157.0,0.4006616856415595,12,307.0
7095.0,10,116.0,2.577777777777778,6.558509365242132,9,108.0,0.1618067583275189,1,66.0,0.5518924737364552,10,174.0
7100.0,16,155.0,3.369565217391304,7.603273367684106,13,148.0,0.2376448701462761,3,13.0,0.6109180464174983,16,161.0
7105.0,14,171.0,3.8863636363636362,6.940749609431535,10,166.0,0.2656787347432079,4,30.0,0.5137618800291792,14,196.0
7110.0,17,246.0,6.3076923076923075,6.6427263832884975,11,192.0,0.29616898781226453,6,63.0,0.5573259866801994,17,255.0
7115.0,14,253.0,6.170731707317073,6.794759477905245,8,204.0,0.2781367339441547,6,93.0,0.6299648708943204,14,297.0
7120.0,10,197.0,4.5813953488372094,6.923404929907003,5,163.0,0.38505063432211395,5,81.0,0.47170843907548843,10,244.0
7125.0,12,252.0,6.146341463414634,7.910288624604962,6,185.0,0.49617928740880884,6,70.0,0.4410869266775079,12,255.0
7130.0,11,239.0,5.690476190476191,7.017452664624879,7,216.0,0.39800110820810236,4,53.0,0.28467741299509186,11,269.0
7135.0,15,226.0,5.65,6.347952405488435,6,197.0,0.47322975542450485,9,64.0,0.08908868307302058,15,261.0
7140.0,17,270.0,7.5,5.758358357880681,8,194.0,0.46160832567870563,9,95.0,0.14320067657504532,17,289.0
7145.0,12,171.0,4.75,6.486620221014204,4,143.0,0.6023442409960066,8,115.0,0.2548227168485841,12,258.0
7150.0,10,124.0,3.263157894736842,6.715091547222251,5,62.0,0.48122638873757645,5,107.0,0.4512288405369253,10,169.0
7155.0,12,123.0,3.0,6.838789818593564,7,62.0,0.4903247079258266,5,99.0,0.48322346493421336,12,161.0
7160.0,11,62.0,1.441860465116279,6.730149207300644,9,85.0,0.3059562241543622,2,67.0,0.5774781571965921,11,152.0
7165.0,10,58.0,1.3488372093023255,6.991617206565344,9,102.0,0.2528722841437569,1,13.0,0.6641038169382759,10,115.0
7170.0,11,70.0,1.5217391304347827,7.113735276654889,8,90.0,0.2669307277560869,3,17.0,0.5067947693791274,11,107.0
7175.0,9,55.0,1.2222222222222223,7.013160152984427,6,74.0,0.3548184345761326,3,15.0,0.3034444466519534,9,89.0
7180.0,13,91.0,2.022222222222222,7.394159071229781,6,65.0,0.424211258436678,7,31.0,0.40113524240793513,13,96.0
7185.0,8,72.0,1.7142857142857142,7.156113784627965,5,67.0,0.5335499079532778,3,43.0,0.4932612753612414,8,110.0
7190.0,11,110.0,2.619047619047619,7.844985078627115,7,79.0,0.43798687727103175,4,39.0,0.630838695998611,11,118.0
7195.0,10,85.0,1.8888888888888888,6.727958500967199,7,94.0,0.3069880761199801,3,22.0,0.5662620353337696,10,116.0
7200.0,16,153.0,3.4,7.145990939964799,11,138.0,0.28206885713904506,5,39.0,0.5240318787037184,16,177.0
