step,system_total_stopped,system_total_waiting_time,system_mean_waiting_time,system_mean_speed,J17_stopped,J17_accumulated_waiting_time,J17_average_speed,J18_stopped,J18_accumulated_waiting_time,J18_average_speed,agents_total_stopped,agents_total_accumulated_waiting_time
5.0,0,0.0,0.0,12.547414197784082,0,0.0,1.0,0,0.0,0.9428686892732002,0,0.0
10.0,0,0.0,0.0,13.129414861248707,0,0.0,0.9785418770741688,0,0.0,0.9221270156991479,0,0.0
15.0,0,0.0,0.0,13.02994132202435,0,0.0,0.9462885627637762,0,0.0,0.9495669763138894,0,0.0
20.0,0,0.0,0.0,10.677826957017821,0,0.0,0.803027812883387,0,0.0,0.8039084820692632,0,0.0
25.0,3,7.0,0.4666666666666667,7.825487164457539,2,6.0,0.5019794664797091,1,1.0,0.6931165828328105,3,7.0
30.0,5,28.0,1.4,8.804065373344491,3,20.0,0.6552412216430638,2,8.0,0.6401819470698402,5,28.0
35.0,6,58.0,2.5217391304347827,8.038992952562054,3,35.0,0.6321647884615209,3,23.0,0.4977918204554102,6,58.0
40.0,7,75.0,2.8846153846153846,7.705689868401511,4,52.0,0.35499566168336416,3,23.0,0.6746815368599333,7,75.0
45.0,9,96.0,3.310344827586207,6.8674472495944325,4,60.0,0.44058524345171823,5,42.0,0.46575893932903784,9,102.0
50.0,10,104.0,3.25,6.6100037646501395,6,87.0,0.4703797643584739,4,38.0,0.4507731609160832,10,125.0
55.0,11,120.0,3.870967741935484,6.542208500038402,4,78.0,0.5395609297062122,7,54.0,0.36651736913425204,11,132.0
60.0,13,169.0,5.28125,6.479421086712041,7,103.0,0.40991799180027877,6,81.0,0.43883526586861193,13,184.0
65.0,11,142.0,4.057142857142857,6.212252768965091,3,73.0,0.42740202120446685,8,117.0,0.37027032800119797,11,190.0
70.0,11,132.0,3.3846153846153846,6.98741046191765,4,41.0,0.5136173232372484,7,121.0,0.4276927529489443,11,162.0
75.0,11,166.0,4.048780487804878,7.625867153892053,3,59.0,0.5222801004039725,8,119.0,0.4182296381310391,11,178.0
80.0,10,122.0,2.772727272727273,8.051698805849968,4,75.0,0.5545377577722902,6,85.0,0.4341067607618031,10,160.0
85.0,10,90.0,2.142857142857143,7.680553931194597,4,61.0,0.4937986452907034,6,61.0,0.40346658176098954,10,122.0
90.0,15,105.0,2.625,6.825243595173754,6,61.0,0.4204553777329405,9,78.0,0.422497705260072,15,139.0
95.0,14,114.0,2.85,5.8592387896943,5,60.0,0.3306498415148624,9,88.0,0.37214365298275875,14,148.0
100.0,16,142.0,3.641025641025641,5.56734843621457,7,73.0,0.49240625053283826,9,106.0,0.330581413347499,16,179.0
105.0,13,148.0,3.3636363636363638,6.002310597693162,4,69.0,0.5119283629740662,9,131.0,0.36315815751563696,13,200.0
110.0,13,115.0,2.5,7.16339731890021,4,38.0,0.5745576437845902,9,129.0,0.41398414705336267,13,167.0
115.0,11,141.0,3.357142857142857,6.837991110995584,3,47.0,0.5086558581801937,8,123.0,0.34199597033618073,11,170.0
120.0,17,143.0,3.25,5.941988898665352,7,77.0,0.4587846199020365,10,128.0,0.22372669642462809,17,205.0
125.0,16,157.0,3.925,4.8522593136497845,7,96.0,0.24198047971214592,9,109.0,0.27539213080823705,16,205.0
130.0,19,189.0,4.609756097560975,4.625278249107525,11,142.0,0.13192738418247124,8,105.0,0.31566745658559964,19,247.0
135.0,18,199.0,4.627906976744186,5.967993645067161,9,163.0,0.3411967571416684,9,119.0,0.3290806944710763,18,282.0
140.0,10,163.0,3.975609756097561,7.280877251959442,3,127.0,0.6072226406664454,7,129.0,0.32877436763617757,10,256.0
145.0,12,194.0,4.85,6.868248957568018,3,116.0,0.616791028686638,9,142.0,0.1581612118371483,12,258.0
150.0,14,195.0,4.642857142857143,7.353994418512454,7,142.0,0.5524656861113265,7,129.0,0.3268198027119645,14,271.0
155.0,12,227.0,5.536585365853658,7.835422131339844,8,179.0,0.48296112834508176,4,95.0,0.49766371418804306,12,274.0
160.0,11,153.0,3.731707317073171,7.431562767735953,7,98.0,0.32341775741007267,4,105.0,0.5752003338764344,11,203.0
165.0,16,222.0,5.285714285714286,7.0048794493249344,12,134.0,0.21856263310925783,4,128.0,0.5215859523552419,16,262.0
170.0,15,230.0,5.75,6.2882300502772255,10,138.0,0.23353641950677706,5,151.0,0.39411280579227403,15,289.0
175.0,10,173.0,4.942857142857143,7.5465014708840545,6,105.0,0.3816985441025292,4,113.0,0.5123261645482343,10,218.0
180.0,11,185.0,5.285714285714286,6.430495296589229,7,111.0,0.31553361621518217,4,117.0,0.4873637119479343,11,228.0
185.0,14,253.0,6.325,7.545181058422719,8,144.0,0.41882690295106073,6,153.0,0.5470423343579817,14,297.0
190.0,14,123.0,3.1538461538461537,5.982481613834112,8,142.0,0.32178103760963606,6,97.0,0.49545169965691394,14,239.0
195.0,14,144.0,3.5121951219512195,6.2481269030277575,10,131.0,0.2616589462212981,4,63.0,0.5458037678679684,14,194.0
200.0,16,142.0,3.4634146341463414,6.194063338607112,8,124.0,0.398868563942946,8,75.0,0.4296940834449591,16,199.0
205.0,11,149.0,3.6341463414634148,6.598207938793228,4,79.0,0.5069024124537755,7,101.0,0.3015557552070474,11,180.0
210.0,15,171.0,4.071428571428571,5.850736408896454,4,55.0,0.3927736262351771,11,141.0,0.16641164268391773,15,196.0
215.0,18,186.0,4.133333333333334,6.395386105457551,8,52.0,0.45335028968736313,10,161.0,0.18378025795914082,18,213.0
220.0,13,199.0,4.4222222222222225,6.710459841891105,6,69.0,0.46818220629543295,7,170.0,0.34071176442104717,13,239.0
225.0,10,195.0,4.333333333333333,7.37809044784298,4,60.0,0.4572858912210765,6,183.0,0.4297458367092915,10,243.0
230.0,13,223.0,4.645833333333333,6.835290568161693,6,73.0,0.41376707888912856,7,195.0,0.3952634668056479,13,268.0
235.0,19,183.0,3.7346938775510203,6.172171176019417,12,127.0,0.376977440031982,7,130.0,0.4643433659291983,19,257.0
240.0,18,217.0,4.520833333333333,5.934986623202536,11,151.0,0.42737889812363,7,121.0,0.43771152909555355,18,272.0
245.0,22,316.0,5.962264150943396,5.5464994874844935,13,188.0,0.4157588068404679,9,167.0,0.2373574301524208,22,355.0
250.0,25,282.0,5.127272727272727,4.803984883706932,14,208.0,0.26199412706488207,11,165.0,0.2648431293247875,25,373.0
255.0,17,265.0,4.491525423728813,5.696848669999137,8,186.0,0.24556405990110836,9,132.0,0.30286194908742164,17,318.0
260.0,16,173.0,3.0892857142857144,5.91582065574215,9,172.0,0.27737237743982746,7,112.0,0.3232951375941538,16,284.0
265.0,20,231.0,3.6666666666666665,6.635921029320548,13,202.0,0.35353180487773983,7,112.0,0.3398412676159471,20,314.0
270.0,22,252.0,4.131147540983607,5.979933523601648,15,233.0,0.34355999359909517,7,115.0,0.33297628455188655,22,348.0
275.0,18,280.0,4.590163934426229,7.314314228526577,12,238.0,0.36485706584411204,6,98.0,0.5386621711092283,18,336.0
280.0,19,230.0,3.6507936507936507,6.421162554659521,13,234.0,0.2914601211110795,6,91.0,0.472410344951477,19,325.0
285.0,24,269.0,4.409836065573771,6.014816919805222,15,246.0,0.3416813126870096,9,128.0,0.34545129019829957,24,374.0
290.0,22,268.0,4.39344262295082,4.758082495640807,15,284.0,0.25897770413941434,7,128.0,0.4027876945824876,22,412.0
295.0,19,286.0,4.8474576271186445,5.297706792227799,13,307.0,0.2282126256051647,6,100.0,0.45081613706086876,19,407.0
300.0,22,278.0,4.711864406779661,4.271614630120368,16,331.0,0.17243021224263505,6,111.0,0.29069703941731817,22,442.0
305.0,30,364.0,6.169491525423729,4.636114736330886,22,378.0,0.16508129351840423,8,125.0,0.3429170811194401,30,503.0
310.0,30,360.0,6.206896551724138,4.181210584575507,22,415.0,0.18761669861550423,8,143.0,0.3465137026963545,30,558.0
315.0,30,423.0,7.421052631578948,4.733550686385796,21,409.0,0.15732565688383798,9,151.0,0.429965209916242,30,560.0
320.0,27,381.0,6.35,4.92325199790066,22,468.0,0.14494828795921483,5,90.0,0.46805186826425027,27,558.0
325.0,21,355.0,6.016949152542373,5.9915784300183255,13,462.0,0.2172035635602622,8,102.0,0.4537589359201879,21,564.0
330.0,22,322.0,5.551724137931035,5.10135736710413,14,435.0,0.26561640392230246,8,111.0,0.26993421432894965,22,546.0
335.0,24,255.0,4.322033898305085,5.117747080415407,13,409.0,0.339994799604008,11,161.0,0.19678888617014728,24,570.0
340.0,27,343.0,6.236363636363636,4.307004455460623,14,431.0,0.3516378671873565,13,223.0,0.25053566608914213,27,654.0
345.0,28,399.0,6.879310344827586,3.978911250828231,19,488.0,0.22159511510823174,9,239.0,0.3768702045451598,28,727.0
350.0,27,418.0,7.333333333333333,3.871107519331256,21,517.0,0.10399094914822081,6,199.0,0.43912788144528636,27,716.0
355.0,21,296.0,4.852459016393443,4.839307710570086,16,496.0,0.16323109777906714,5,153.0,0.37438529631397616,21,649.0
360.0,21,319.0,4.984375,6.146467844668146,14,492.0,0.28581831169062927,7,77.0,0.35401123402699897,21,569.0
365.0,21,345.0,5.655737704918033,6.524472107025968,13,469.0,0.3759701955825287,8,84.0,0.33292886911857855,21,553.0
370.0,22,347.0,5.688524590163935,6.53190506708991,15,397.0,0.30896075022323877,7,87.0,0.3995401092800224,22,484.0
375.0,21,204.0,3.3442622950819674,5.5060757023909295,14,346.0,0.23176655220323156,7,81.0,0.48661905626807145,21,427.0
380.0,24,262.0,4.295081967213115,6.290556821410214,18,327.0,0.2683218866122517,6,88.0,0.5177098836367787,24,415.0
385.0,25,321.0,5.262295081967213,5.157075397078943,16,367.0,0.250766456118002,9,127.0,0.3868360903844628,25,494.0
390.0,20,287.0,4.555555555555555,5.552100819296195,14,362.0,0.31799981662692567,6,119.0,0.33996361661630775,20,481.0
395.0,22,350.0,5.555555555555555,5.612716476705897,14,352.0,0.30428028994169315,8,118.0,0.3023819142790981,22,470.0
400.0,22,303.0,4.522388059701493,5.602362839668185,14,354.0,0.2769804997116364,8,92.0,0.36535522712968876,22,446.0
405.0,29,299.0,4.6,5.333344150628584,19,375.0,0.25544053630089786,10,133.0,0.42413673640074556,29,508.0
410.0,26,275.0,4.365079365079365,4.495811878089736,19,384.0,0.20149912918661808,7,138.0,0.3938020060602911,26,522.0
415.0,30,348.0,5.612903225806452,3.8868402105368896,23,467.0,0.15402359339047197,7,99.0,0.26875064909576707,30,566.0
420.0,30,407.0,6.359375,4.6244127879583665,25,532.0,0.10217777688482221,5,65.0,0.4258250790445737,30,597.0
425.0,32,446.0,6.96875,4.399975119479469,24,568.0,0.11413556793424433,8,77.0,0.4117522948854871,32,645.0
430.0,25,335.0,5.677966101694915,4.379745585315353,18,547.0,0.20332349307746417,7,107.0,0.29672757959508944,25,654.0
435.0,17,314.0,5.322033898305085,5.664809066055347,12,501.0,0.22324829738009772,5,112.0,0.3450878908341267,17,613.0
440.0,18,289.0,5.0701754385964914,5.450828826311953,12,515.0,0.191463575248417,6,84.0,0.23917880350221327,18,599.0
445.0,25,357.0,6.0508474576271185,5.6250152758153105,17,541.0,0.13884711933631533,8,62.0,0.3933377440443422,25,603.0
450.0,28,392.0,7.39622641509434,4.7310162123610064,21,583.0,0.2052030743168381,7,75.0,0.46133835328586703,28,658.0
455.0,23,368.0,6.943396226415095,5.258540581834376,17,586.0,0.17885594611959063,6,73.0,0.5142091835671435,23,659.0
460.0,22,391.0,7.2407407407407405,3.9999436527243004,16,595.0,0.07897388768099267,6,90.0,0.4346543228553058,22,685.0
465.0,23,372.0,6.642857142857143,5.232593219043722,12,542.0,0.15224230144223883,11,121.0,0.3920395536861256,23,663.0
470.0,17,185.0,3.3636363636363638,4.647856374683991,8,426.0,0.23242158522974246,9,129.0,0.24567958670254397,17,555.0
475.0,24,282.0,5.035714285714286,5.504542484042643,12,395.0,0.21824975564085383,12,174.0,0.29257034048315955,24,569.0
480.0,23,317.0,5.660714285714286,5.219534927999681,13,394.0,0.2927347870264063,10,197.0,0.35964519974384723,23,591.0
485.0,18,339.0,6.163636363636364,6.158359370096871,8,323.0,0.33337560132739286,10,189.0,0.3199919355565467,18,512.0
490.0,17,309.0,5.830188679245283,6.39838461762533,8,311.0,0.4165784544288539,9,163.0,0.2865093456440516,17,474.0
495.0,20,319.0,5.696428571428571,5.921908498899435,9,342.0,0.344740221037467,11,131.0,0.2600430689375594,20,473.0
500.0,23,356.0,6.592592592592593,5.255482248893508,13,388.0,0.3450177743633327,10,146.0,0.2619717937659664,23,534.0
505.0,20,318.0,6.0,5.57432057135419,11,362.0,0.3426276495265998,9,141.0,0.34837201614793817,20,503.0
510.0,23,368.0,6.6909090909090905,5.3241051547480325,15,420.0,0.30387739717148005,8,149.0,0.3687947054195465,23,569.0
515.0,23,404.0,6.733333333333333,5.907625679241916,15,456.0,0.2843281625278256,8,136.0,0.425907720051989,23,592.0
520.0,17,403.0,6.716666666666667,6.76725721476367,9,452.0,0.35171145285864264,8,157.0,0.4015345184462941,17,609.0
525.0,19,434.0,7.3559322033898304,5.749053553971234,11,469.0,0.27440177078244726,8,171.0,0.31046356922263907,19,640.0
530.0,26,456.0,7.862068965517241,5.382196281098925,18,522.0,0.30858501012765155,8,145.0,0.27379834008821335,26,667.0
535.0,32,575.0,10.849056603773585,3.647892693818983,20,606.0,0.2096639524086523,12,160.0,0.217355095703537,32,766.0
540.0,33,627.0,11.4,4.015343455846784,24,695.0,0.15118677918572013,9,128.0,0.37064233854624856,33,823.0
545.0,32,602.0,10.75,3.851173436369804,23,688.0,0.145548303920292,9,146.0,0.3425889183841226,32,834.0
550.0,27,422.0,7.535714285714286,4.236757536987047,20,578.0,0.2125825425201789,7,145.0,0.39830778287546725,27,723.0
555.0,20,354.0,6.321428571428571,4.363887098785144,16,587.0,0.12316140903834165,4,93.0,0.51816940672002,20,680.0
560.0,17,220.0,4.0,5.58614182956091,13,516.0,0.1315487813365453,4,97.0,0.61951405703516,17,613.0
565.0,13,156.0,2.888888888888889,6.532690435359556,11,462.0,0.2736033278211802,2,48.0,0.558678652204497,13,510.0
570.0,13,175.0,3.3653846153846154,7.482144517058597,11,423.0,0.3214300629591373,2,7.0,0.5766972809475499,13,430.0
575.0,19,248.0,4.769230769230769,6.939664975133651,15,466.0,0.20754696802415043,4,27.0,0.6734608334527339,19,493.0
580.0,17,278.0,5.450980392156863,7.289740682786176,13,411.0,0.39396159485423843,4,47.0,0.6610432103259155,17,458.0
585.0,14,252.0,5.04,5.825647322379432,10,359.0,0.39528080661612913,4,52.0,0.4096324589533556,14,411.0
590.0,18,183.0,3.66,5.004550871420008,9,305.0,0.27635873805944283,9,86.0,0.4237387392445714,18,391.0
595.0,23,221.0,4.0181818181818185,4.9670560662151955,15,321.0,0.21333931645660476,8,92.0,0.42910264636089074,23,413.0
600.0,22,212.0,3.4754098360655736,5.773657805569897,14,333.0,0.20952859272439667,8,87.0,0.46175194566170064,22,420.0
605.0,14,157.0,2.6166666666666667,6.2887838825338,9,277.0,0.27936391639010827,5,91.0,0.44489653518998884,14,368.0
610.0,21,226.0,3.5873015873015874,6.005045588739159,9,315.0,0.3256741994232373,12,120.0,0.3044246739473207,21,435.0
615.0,27,321.0,5.095238095238095,5.522603161403414,14,367.0,0.3500768514305294,13,167.0,0.30544136335431915,27,534.0
620.0,21,363.0,5.854838709677419,5.771710055372726,11,373.0,0.2529096157743227,10,188.0,0.3849994576323639,21,561.0
625.0,21,366.0,6.203389830508475,4.987540784790687,11,367.0,0.1092176734457625,10,198.0,0.3132795411132141,21,565.0
630.0,29,343.0,5.622950819672131,4.623927328028987,11,314.0,0.16794565370199754,18,202.0,0.17754902821380264,29,516.0
635.0,28,345.0,5.8474576271186445,4.472666424664631,12,226.0,0.29510198130153337,16,260.0,0.17887726052422467,28,486.0
640.0,24,404.0,6.9655172413793105,5.299654265586247,10,254.0,0.3365501403813567,14,294.0,0.32525972732898656,24,548.0
645.0,25,440.0,7.213114754098361,5.2391441322110115,13,280.0,0.3289445382921854,12,309.0,0.32197743449701693,25,589.0
650.0,21,412.0,6.645161290322581,5.404254629555153,11,304.0,0.2681563002155374,10,274.0,0.3689713630606118,21,578.0
655.0,21,340.0,5.230769230769231,5.012150949522678,7,269.0,0.2607298254666029,14,263.0,0.21946851909464188,21,532.0
660.0,24,369.0,6.049180327868853,5.641983228206979,7,272.0,0.39301770224264715,17,257.0,0.2222690598646105,24,529.0
665.0,26,440.0,7.586206896551724,5.54517101776686,7,299.0,0.4188149430830651,19,319.0,0.1310181148209727,26,618.0
670.0,24,449.0,8.017857142857142,5.291091226900058,9,286.0,0.34750046857623307,15,339.0,0.15722423134135233,24,625.0
675.0,22,412.0,7.357142857142857,5.00474658802704,8,249.0,0.40845397559250496,14,351.0,0.1591990691311761,22,600.0
680.0,25,470.0,8.24561403508772,5.409637580472846,8,264.0,0.4536801118401992,17,371.0,0.2729192706373873,25,635.0
685.0,25,564.0,9.894736842105264,4.907919667945792,11,314.0,0.4120007265036854,14,419.0,0.2950199331493671,25,733.0
690.0,27,611.0,9.85483870967742,4.513444368390378,12,342.0,0.24835106494046486,15,447.0,0.3103074101540773,27,789.0
695.0,23,522.0,8.15625,4.998043047800424,9,326.0,0.3370916635650251,14,410.0,0.2793465818415605,23,736.0
700.0,18,452.0,6.746268656716418,6.376055408250474,9,350.0,0.38565640793953837,9,311.0,0.31882335714850685,18,661.0
705.0,19,238.0,3.5522388059701493,5.862124833932717,10,284.0,0.29265735139604304,9,273.0,0.281637992956998,19,557.0
710.0,25,244.0,3.696969696969697,5.064240374443713,12,216.0,0.258548653448477,13,245.0,0.22557353178583603,25,461.0
715.0,30,256.0,4.063492063492063,3.5283336500808655,15,211.0,0.2861969751768704,15,265.0,0.14100528807470095,30,476.0
720.0,27,339.0,5.467741935483871,5.099480320131825,15,204.0,0.34613654231690527,12,264.0,0.2531420786615598,27,468.0
725.0,26,378.0,6.19672131147541,5.379726031379471,15,231.0,0.28635739172968616,11,288.0,0.2654649763091868,26,519.0
730.0,23,329.0,5.222222222222222,5.213393089922274,10,205.0,0.2577700632963202,13,300.0,0.1738833332478171,23,505.0
735.0,22,316.0,5.3559322033898304,5.29519090576128,10,185.0,0.40051177512707753,12,310.0,0.13718916864873837,22,495.0
740.0,24,373.0,6.114754098360656,6.141454465882812,11,185.0,0.40685924963394837,13,297.0,0.34305828601222765,24,482.0
745.0,22,313.0,5.048387096774194,5.9773608962445595,13,223.0,0.29649239606506705,9,228.0,0.4704639936913789,22,451.0
750.0,27,340.0,5.573770491803279,5.577138338258519,18,263.0,0.2553555648960567,9,196.0,0.49927741969448414,27,459.0
755.0,27,391.0,6.516666666666667,4.882001363512027,19,316.0,0.2835714193848837,8,199.0,0.3541052601984984,27,515.0
760.0,27,330.0,5.5,4.313054911268198,18,341.0,0.15175693779249194,9,178.0,0.36202222947897056,27,519.0
765.0,20,279.0,4.810344827586207,4.667368063256355,13,329.0,0.150591166797266,7,201.0,0.3227050012320051,20,530.0
770.0,20,249.0,4.293103448275862,4.199108206955662,10,290.0,0.15159839807217043,10,237.0,0.12820044508748382,20,527.0
775.0,28,257.0,4.283333333333333,4.913765333286148,15,293.0,0.21819474463234914,13,262.0,0.2005472562669524,28,555.0
780.0,29,369.0,6.049180327868853,5.36381480291442,15,324.0,0.296327692231406,14,297.0,0.32259437652566797,29,621.0
785.0,23,381.0,6.0476190476190474,6.157838652856918,13,289.0,0.3588883907072441,10,296.0,0.436257652206918,23,585.0
790.0,14,296.0,5.103448275862069,6.451012003968185,10,267.0,0.3934415053168249,4,220.0,0.41048169546853697,14,487.0
795.0,18,191.0,3.183333333333333,6.058236792598367,11,252.0,0.3596664949825087,7,161.0,0.2779033540084206,18,413.0
800.0,23,188.0,3.1864406779661016,5.816138204786614,11,259.0,0.3357356036674018,12,157.0,0.2808090037124795,23,416.0
805.0,21,221.0,3.683333333333333,5.679387325244608,12,247.0,0.3540888452726803,9,150.0,0.31414593593003115,21,397.0
810.0,18,219.0,3.532258064516129,6.2950650824070005,10,234.0,0.36455667523534985,8,132.0,0.4412333616657675,18,366.0
815.0,20,270.0,4.5,6.59609834801478,12,256.0,0.34613781061013316,8,152.0,0.46333620987411517,20,408.0
820.0,23,261.0,4.142857142857143,5.372423912648292,11,235.0,0.20905372719540258,12,168.0,0.3809940843795003,23,403.0
825.0,23,275.0,4.508196721311475,5.291959173253139,8,169.0,0.29122383080035547,15,201.0,0.2578925148666473,23,370.0
830.0,17,243.0,4.05,5.072379373237106,7,120.0,0.1844515636173425,10,218.0,0.24362689493837578,17,338.0
835.0,23,262.0,4.440677966101695,4.941900252413258,13,141.0,0.11054537960836616,10,216.0,0.23190793568817383,23,357.0
840.0,27,317.0,5.660714285714286,4.933543490659395,11,161.0,0.24609427900395492,16,246.0,0.2210186805473103,27,407.0
845.0,26,394.0,6.566666666666666,5.244997625587211,10,169.0,0.34628802036105566,16,300.0,0.20375045262656946,26,469.0
850.0,18,398.0,7.236363636363636,6.157399702425906,6,155.0,0.3635815403309303,12,319.0,0.38058764324412103,18,474.0
855.0,14,325.0,5.909090909090909,6.8977243735208615,5,100.0,0.3725738346781629,9,311.0,0.41642271213976195,14,411.0
860.0,13,296.0,5.381818181818182,6.35097817849425,2,49.0,0.5243457209916542,11,307.0,0.2013958086066543,13,356.0
865.0,21,164.0,3.1538461538461537,5.704516023180331,6,43.0,0.48846148933600836,15,257.0,0.17311036720823436,21,300.0
870.0,18,189.0,3.7058823529411766,5.549240902388275,4,58.0,0.4801946806980612,14,197.0,0.24167169269738598,18,255.0
875.0,16,243.0,4.764705882352941,6.001692377147642,1,38.0,0.4400323177620074,15,261.0,0.28764444578931053,16,299.0
880.0,24,344.0,6.615384615384615,6.309599029797669,5,53.0,0.5061116111370172,19,343.0,0.246452745215221,24,396.0
885.0,22,356.0,6.716981132075472,6.285264595999959,5,75.0,0.5079677790275386,17,369.0,0.24720059504599107,22,444.0
890.0,14,207.0,4.0588235294117645,6.303105872300469,4,44.0,0.35717058506987587,10,324.0,0.28564865762002617,14,368.0
895.0,15,188.0,3.9166666666666665,5.779365701122184,7,76.0,0.18438823734613563,8,295.0,0.3020377349325784,15,371.0
900.0,18,158.0,3.2916666666666665,5.198827538284518,7,80.0,0.345407812698289,11,268.0,0.1959576302307477,18,348.0
905.0,19,175.0,3.5714285714285716,5.4260441734611415,5,95.0,0.4808025446460288,14,272.0,0.26768944090386926,19,367.0
910.0,20,205.0,4.019607843137255,6.436653114053221,5,73.0,0.49954034165344047,15,305.0,0.38421760681977196,20,378.0
915.0,20,242.0,4.745098039215686,5.354429994452113,8,108.0,0.3141647431942779,12,298.0,0.33055468282388495,20,406.0
920.0,18,207.0,4.14,4.798711189765149,9,142.0,0.2330483233483808,9,228.0,0.27171882688307597,18,370.0
925.0,18,256.0,5.224489795918367,4.591140853912468,9,176.0,0.2350351919321859,9,215.0,0.2379269377397946,18,391.0
930.0,20,200.0,3.8461538461538463,4.432623568827679,7,148.0,0.29352466252415904,13,233.0,0.2275470094353004,20,381.0
935.0,20,224.0,4.571428571428571,4.6318000246239075,5,95.0,0.4953397671280315,15,255.0,0.1805516463675949,20,350.0
940.0,16,246.0,4.92,5.7119757758906005,4,111.0,0.4747659101973264,12,248.0,0.22443566992892044,16,359.0
945.0,16,180.0,3.272727272727273,5.749190202363411,6,117.0,0.3391323871506324,10,219.0,0.25001986027415646,16,336.0
950.0,19,119.0,2.1636363636363636,6.136282130301531,6,107.0,0.28688908513200984,13,185.0,0.36745883026485127,19,292.0
955.0,20,189.0,3.7058823529411766,6.107320899211627,8,109.0,0.4336176474137214,12,215.0,0.35030002365845836,20,324.0
960.0,17,227.0,4.450980392156863,5.563788256627881,7,140.0,0.4198506751408717,10,210.0,0.2348623935088625,17,350.0
965.0,20,268.0,5.469387755102041,5.032670956810388,10,182.0,0.24153143276763892,10,220.0,0.2086295458200037,20,402.0
970.0,23,240.0,4.705882352941177,4.492661221686309,9,172.0,0.2779866324778299,14,207.0,0.1861995480746799,23,379.0
975.0,18,237.0,4.74,4.816167932640343,5,123.0,0.40183547481922227,13,246.0,0.19767033800432032,18,369.0
980.0,14,279.0,5.470588235294118,6.792202240712125,5,121.0,0.5062720748412617,9,262.0,0.2737873786887051,14,383.0
985.0,13,260.0,4.90566037735849,7.590848922181655,5,128.0,0.4825620119293953,8,210.0,0.28723397646400056,13,338.0
990.0,19,237.0,4.388888888888889,7.156586942905248,7,119.0,0.44692218692874275,12,206.0,0.30696837705693303,19,325.0
995.0,18,193.0,3.641509433962264,6.579584742637055,8,90.0,0.4483972610056635,10,185.0,0.3340020156005866,18,275.0
1000.0,16,226.0,4.612244897959184,6.609054175719472,7,95.0,0.48071649147916345,9,194.0,0.4331706045957595,16,289.0
1005.0,18,240.0,4.8979591836734695,5.400522054762629,11,137.0,0.4426027651579734,7,183.0,0.2898599334170576,18,320.0
1010.0,18,247.0,4.75,5.953652324797417,9,152.0,0.34418513317630806,9,167.0,0.4354314300434127,18,319.0
1015.0,15,207.0,3.9056603773584904,5.721531128517513,7,139.0,0.30361223371476,8,133.0,0.264678100496861,15,272.0
1020.0,18,218.0,3.892857142857143,5.7271650520605215,8,147.0,0.3626915445821659,10,101.0,0.15648873028541907,18,248.0
1025.0,24,263.0,5.0576923076923075,5.808162397411364,14,195.0,0.3208385771982178,10,110.0,0.3207461256267292,24,305.0
1030.0,21,343.0,6.596153846153846,5.970587203579579,12,243.0,0.28985941440518853,9,135.0,0.4512869299832196,21,378.0
1035.0,15,317.0,5.981132075471698,6.19641095231526,9,254.0,0.34194380026631704,6,132.0,0.44682530165585715,15,386.0
1040.0,14,280.0,5.490196078431373,6.122930584789175,8,249.0,0.31425330059152373,6,80.0,0.40327293099021705,14,329.0
1045.0,13,252.0,4.846153846153846,6.6218935156202905,9,255.0,0.3134269671356643,4,43.0,0.393225462921704,13,298.0
1050.0,17,128.0,2.3703703703703702,6.603828075333403,10,169.0,0.29028961802509834,7,46.0,0.35244674892434,17,215.0
1055.0,20,166.0,3.1320754716981134,6.825283713277441,13,140.0,0.36606130369799667,7,60.0,0.38216638589378304,20,200.0
1060.0,16,169.0,3.1296296296296298,6.923388193019224,10,151.0,0.4545493743273535,6,79.0,0.34999619829486467,16,230.0
1065.0,12,113.0,2.0925925925925926,6.569262928831351,7,117.0,0.35587037593621873,5,64.0,0.3892322293075094,12,181.0
1070.0,16,157.0,3.019230769230769,5.606546182245959,7,131.0,0.19153587466001232,9,80.0,0.375668901705668,16,211.0
1075.0,19,225.0,4.245283018867925,5.91530489683502,12,172.0,0.12636949703399414,7,110.0,0.5166983066756112,19,282.0
1080.0,22,238.0,4.76,4.971834461380088,13,181.0,0.1965177566019862,9,151.0,0.4140543985157974,22,332.0
1085.0,21,226.0,4.346153846153846,5.264445745300167,12,177.0,0.2848351957139303,9,158.0,0.3829205533146661,21,335.0
1090.0,19,228.0,4.56,4.9261742304470575,9,182.0,0.23084936741051623,10,135.0,0.30413725169686306,19,317.0
1095.0,15,131.0,2.5686274509803924,5.886431852707787,5,135.0,0.30181639446429204,10,110.0,0.21119511687017004,15,245.0
1100.0,18,203.0,3.9038461538461537,6.298955999736344,6,122.0,0.3020303651405946,12,136.0,0.17615553410094284,18,258.0
1105.0,18,193.0,3.86,6.42824048646213,6,118.0,0.33217701364108676,12,157.0,0.18032733671317006,18,275.0
1110.0,16,218.0,4.739130434782608,7.195848260973777,5,99.0,0.5307528006987615,11,183.0,0.3216698110770784,16,282.0
1115.0,14,154.0,3.422222222222222,5.969058366273471,4,83.0,0.4845342571606307,10,182.0,0.29235265027532087,14,265.0
1120.0,15,215.0,5.0,6.451692280644268,5,64.0,0.5484473425309936,10,196.0,0.3215479045792826,15,260.0
1125.0,16,173.0,3.9318181818181817,5.245613806332752,7,79.0,0.3897738826927191,9,189.0,0.32220486025170786,16,268.0
1130.0,12,153.0,3.4,6.347845317659766,9,103.0,0.40184394725709816,3,109.0,0.4139361206970783,12,212.0
1135.0,14,170.0,3.6956521739130435,6.625344851349682,10,117.0,0.2865723608354519,4,100.0,0.5654399266147728,14,217.0
1140.0,11,154.0,3.5,7.035318082439833,7,126.0,0.39852516815716105,4,93.0,0.37346204228294294,11,219.0
1145.0,15,145.0,3.2222222222222223,5.377984803359865,8,113.0,0.23992767080317984,7,93.0,0.2517985442447703,15,206.0
1150.0,19,202.0,4.122448979591836,5.8175616824435785,13,157.0,0.32929754731277094,6,102.0,0.3570919838145162,19,259.0
1155.0,15,203.0,3.759259259259259,7.5106552875852,11,178.0,0.3633055179901514,4,95.0,0.6630969386063172,15,273.0
1160.0,14,202.0,3.811320754716981,7.653914543003731,9,183.0,0.32289783909866393,5,53.0,0.6327033663191418,14,236.0
1165.0,17,211.0,3.767857142857143,6.77316701278068,10,193.0,0.28197427344918036,7,83.0,0.5440345616294745,17,276.0
1170.0,17,205.0,3.8679245283018866,5.78393734467184,6,159.0,0.4382994429024577,11,87.0,0.3093437600964906,17,246.0
1175.0,18,184.0,3.68,4.891439069597681,6,124.0,0.40318932036488486,12,134.0,0.19688697921974369,18,258.0
1180.0,21,182.0,3.3703703703703702,4.690518561183577,10,93.0,0.359123152004733,11,160.0,0.17242390325655005,21,253.0
1185.0,20,177.0,3.54,5.178060641231957,11,121.0,0.2486804587240354,9,144.0,0.3329479039870391,20,265.0
1190.0,13,192.0,4.0,5.89442311522987,6,117.0,0.19967061721599033,7,151.0,0.3584750980240033,13,268.0
1195.0,17,186.0,3.795918367346939,5.057995840304461,7,102.0,0.24494682472042306,10,165.0,0.1966711894819291,17,267.0
1200.0,23,220.0,4.313725490196078,5.398001890369829,10,113.0,0.314906590899765,13,192.0,0.20997896204717822,23,305.0
1205.0,17,241.0,5.020833333333333,5.999093611708106,7,140.0,0.4197213821535386,10,208.0,0.29156527857933473,17,348.0
1210.0,11,214.0,4.458333333333333,6.280894576107779,3,117.0,0.45672903174684515,8,206.0,0.2712657642251303,11,323.0
1215.0,12,226.0,4.431372549019608,7.084883770441017,4,107.0,0.4141587429517283,8,170.0,0.35341508569419416,12,277.0
1220.0,16,183.0,3.519230769230769,7.442372968684164,7,130.0,0.40467781353174437,9,117.0,0.3778813448996872,16,247.0
1225.0,14,170.0,3.4,7.299766179394231,6,90.0,0.4626280128567217,8,135.0,0.32124363161093455,14,225.0
1230.0,12,148.0,3.148936170212766,6.6222253147842896,4,91.0,0.5213781316424746,8,130.0,0.2808379414300278,12,221.0
1235.0,12,205.0,4.880952380952381,7.368431609067644,5,108.0,0.48660623781381107,7,126.0,0.4263123654516655,12,234.0
1240.0,14,182.0,4.136363636363637,6.670190216757923,6,106.0,0.41563629045245665,8,132.0,0.4169119871057537,14,238.0
1245.0,22,273.0,6.066666666666666,5.943000217212836,11,155.0,0.35154671231438933,11,153.0,0.37298240603350596,22,308.0
1250.0,20,222.0,4.826086956521739,5.114010512610932,10,173.0,0.32207850924642845,10,135.0,0.3537485216511594,20,308.0
1255.0,12,218.0,4.638297872340425,5.740863434196936,5,144.0,0.267429119731423,7,119.0,0.3679542327014087,12,263.0
1260.0,11,125.0,2.7777777777777777,6.088834641660989,6,83.0,0.28686886177859255,5,107.0,0.30036813259944534,11,190.0
1265.0,16,183.0,3.9782608695652173,7.014178802452833,10,102.0,0.3019417665502637,6,110.0,0.37693550113966967,16,212.0
1270.0,18,125.0,2.5510204081632653,6.7688600049509065,9,113.0,0.48530975053069125,9,106.0,0.30695644499078767,18,219.0
1275.0,18,206.0,3.9615384615384617,6.9490818803496,8,125.0,0.5200725108642702,10,118.0,0.388099096828886,18,243.0
1280.0,18,199.0,3.9019607843137254,5.830608679918583,7,117.0,0.4217991981552814,11,158.0,0.4182844754362355,18,275.0
1285.0,16,223.0,4.46,6.220424815015414,5,81.0,0.3937266842124425,11,186.0,0.3995547114386361,16,267.0
1290.0,18,179.0,3.3773584905660377,4.565279466276723,8,101.0,0.295563470439709,10,176.0,0.19089842957785308,18,277.0
1295.0,23,248.0,4.509090909090909,5.494556873946936,14,141.0,0.21706066661951634,9,148.0,0.349013127549743,23,289.0
1300.0,23,305.0,5.545454545454546,5.368927768165145,15,198.0,0.2486913985037542,8,167.0,0.32062395512440345,23,365.0
1305.0,25,395.0,6.694915254237288,6.278573056243792,14,253.0,0.3574684654265614,11,193.0,0.36918775295364986,25,446.0
1310.0,20,285.0,5.089285714285714,5.3230388208876525,12,265.0,0.25114693538199234,8,158.0,0.38165855120175257,20,423.0
1315.0,19,259.0,4.625,5.546216585678986,9,244.0,0.2902579038827184,10,125.0,0.340672451075129,19,369.0
1320.0,18,142.0,2.3666666666666667,5.750129630749754,8,198.0,0.3088817300434909,10,135.0,0.3048626486345284,18,333.0
1325.0,19,180.0,2.857142857142857,6.7796786370734035,14,206.0,0.31989523228850325,5,111.0,0.4418957321652891,19,317.0
1330.0,21,211.0,3.5762711864406778,5.763620269396769,14,248.0,0.27809870089491173,7,113.0,0.390695025755805,21,361.0
1335.0,27,329.0,5.672413793103448,5.316976117975525,17,307.0,0.26801209012987975,10,156.0,0.36468529462876936,27,463.0
1340.0,26,356.0,6.137931034482759,4.213139531944991,15,314.0,0.2651532762093894,11,181.0,0.17174599581372685,26,495.0
1345.0,17,305.0,5.446428571428571,5.33999768661899,9,248.0,0.3285357686910673,8,174.0,0.26652804361738197,17,422.0
1350.0,15,183.0,3.05,5.1282529154280025,7,235.0,0.20336282354940696,8,114.0,0.29643316598009556,15,349.0
1355.0,27,200.0,3.225806451612903,5.818355017439919,14,231.0,0.2320391788248259,13,160.0,0.3656838868297038,27,391.0
1360.0,25,265.0,4.818181818181818,4.80567827220932,13,246.0,0.2350655588128253,12,197.0,0.356023091614796,25,443.0
1365.0,17,256.0,4.7407407407407405,4.336837073857266,10,206.0,0.15769486479233805,7,189.0,0.27867862201382554,17,395.0
1370.0,16,129.0,2.480769230769231,4.996698217705339,8,193.0,0.2505412284246126,8,143.0,0.27276500785833235,16,336.0
1375.0,20,185.0,3.3636363636363638,6.70219115644623,12,207.0,0.27920496107831383,8,100.0,0.40779460104961235,20,307.0
1380.0,17,227.0,4.127272727272727,7.046880454107863,9,241.0,0.37871117332432364,8,116.0,0.4435113889932717,17,357.0
1385.0,16,267.0,5.134615384615385,7.369488630478153,10,240.0,0.3831976382652738,6,109.0,0.40340729002212544,16,349.0
1390.0,19,232.0,4.549019607843137,5.932678511076619,11,232.0,0.3200966002214501,8,96.0,0.2601965916005158,19,328.0
1395.0,15,219.0,4.38,6.493121067745691,9,188.0,0.4214387418811988,6,102.0,0.20344630689160947,15,290.0
1400.0,13,118.0,2.4583333333333335,6.325976244211206,8,145.0,0.4482202284076728,5,89.0,0.2915261561583833,13,234.0
1405.0,14,167.0,3.5531914893617023,6.488982853722451,7,145.0,0.45496114500766716,7,88.0,0.3213053482134959,14,233.0
1410.0,18,218.0,4.541666666666667,6.045481824326283,10,154.0,0.3805031711213267,8,118.0,0.3457946219482789,18,272.0
1415.0,18,278.0,5.450980392156863,6.337923093894599,12,174.0,0.3395831067345227,6,134.0,0.4660198559044729,18,308.0
1420.0,22,294.0,5.764705882352941,4.978226101783448,16,238.0,0.26953924901063225,6,115.0,0.4119877035940589,22,353.0
1425.0,21,374.0,6.8,5.281097807416493,17,308.0,0.23403604477022025,4,96.0,0.5065339172653711,21,404.0
1430.0,21,385.0,6.875,5.709180664189544,17,339.0,0.20879015595060307,4,114.0,0.48229754903447314,21,453.0
1435.0,14,297.0,5.711538461538462,6.846424600427381,10,327.0,0.23956557176227455,4,72.0,0.5203444464425139,14,399.0
1440.0,16,214.0,4.28,5.343906242735877,10,261.0,0.18504566514289075,6,75.0,0.3249106142800275,16,336.0
1445.0,25,243.0,4.86,5.45090180321522,15,231.0,0.21389205519084262,10,124.0,0.3608541091966129,25,355.0
1450.0,19,291.0,5.82,5.319590978152545,12,258.0,0.23855526598507412,7,147.0,0.46261903753782585,19,405.0
1455.0,18,357.0,7.285714285714286,6.718307813757303,11,257.0,0.29765986372910386,7,159.0,0.502381966634555,18,416.0
1460.0,15,237.0,4.836734693877551,6.838295868250513,8,236.0,0.2868061861449196,7,148.0,0.5343671715554225,15,384.0
1465.0,17,279.0,5.365384615384615,6.584240319663028,9,203.0,0.3268149302409106,8,123.0,0.36909471805224126,17,326.0
1470.0,17,184.0,3.68,5.498971963857753,8,195.0,0.4033660998204905,9,105.0,0.288369455971505,17,300.0
1475.0,19,197.0,3.8627450980392157,6.35272335896177,6,158.0,0.5187664890771919,13,129.0,0.3233511721598783,19,287.0
1480.0,18,219.0,4.055555555555555,5.702588772559358,7,181.0,0.3920624932889389,11,158.0,0.3660128463694388,18,339.0
1485.0,19,265.0,4.491525423728813,6.52100717057816,10,222.0,0.4652911703595204,9,148.0,0.38190678523190075,19,370.0
1490.0,17,226.0,3.7666666666666666,5.695632985660071,10,227.0,0.37004783815683895,7,130.0,0.3068313134185641,17,357.0
1495.0,26,312.0,5.288135593220339,5.585051141866315,13,269.0,0.3141274935400257,13,117.0,0.29909718805024116,26,386.0
1500.0,28,300.0,4.918032786885246,5.029270884647292,16,278.0,0.2619112081854712,12,153.0,0.29609169425010257,28,431.0
1505.0,18,293.0,4.650793650793651,5.279257276725143,10,244.0,0.23963478281057982,8,146.0,0.31106591096693137,18,390.0
1510.0,14,158.0,2.5483870967741935,5.932941462387428,7,149.0,0.3104102570261572,7,135.0,0.3253655175431755,14,284.0
1515.0,23,224.0,3.6129032258064515,6.267232116341481,12,169.0,0.313926257739492,11,128.0,0.31000790201998535,23,297.0
1520.0,24,288.0,4.645161290322581,5.67305539709701,14,200.0,0.3129055680434834,10,156.0,0.26443044508715924,24,356.0
1525.0,19,308.0,5.703703703703703,6.018415220497666,11,205.0,0.2725400921473295,8,159.0,0.3324311845569014,19,364.0
1530.0,13,158.0,3.0384615384615383,5.3519603513591445,8,183.0,0.23335230750802397,5,105.0,0.2472461246023364,13,288.0
1535.0,17,171.0,3.3529411764705883,5.66474753031277,8,142.0,0.3082869510054451,9,101.0,0.18201975161722223,17,243.0
1540.0,15,194.0,3.5925925925925926,6.314017637786388,8,154.0,0.3472159972784528,7,116.0,0.4017204602172878,15,270.0
1545.0,13,233.0,4.39622641509434,7.916616659248688,8,165.0,0.3899375085406895,5,109.0,0.6088636391239011,13,274.0
1550.0,13,246.0,4.730769230769231,7.075574730998743,8,179.0,0.2894094890801577,5,102.0,0.564487997723312,13,281.0
1555.0,21,334.0,6.423076923076923,6.392588494744946,13,219.0,0.39063827557893904,8,136.0,0.2310590968090249,21,355.0
1560.0,20,255.0,5.0,5.040028879359228,12,227.0,0.3410045846518172,8,124.0,0.23987894316333658,20,351.0
1565.0,23,313.0,6.387755102040816,5.457042030443733,16,265.0,0.32335928022068716,7,94.0,0.4126340298809974,23,359.0
1570.0,20,295.0,5.566037735849057,5.5716241078030215,15,300.0,0.2941884345767822,5,95.0,0.5130644451490461,20,395.0
1575.0,16,325.0,5.803571428571429,6.795252495756142,12,287.0,0.257423783029646,4,77.0,0.5679193422916764,16,364.0
1580.0,18,204.0,3.5789473684210527,6.193947337664643,15,250.0,0.2096944924538974,3,55.0,0.46238068282511413,18,305.0
1585.0,23,223.0,3.912280701754386,5.955184508661458,14,240.0,0.21340326610735433,9,91.0,0.3905432757673538,23,331.0
1590.0,21,273.0,5.055555555555555,4.857006454930842,14,285.0,0.18654541667566235,7,119.0,0.35082898798972323,21,404.0
1595.0,28,382.0,7.2075471698113205,5.428894307796783,19,360.0,0.18241670733395302,9,135.0,0.41299426956058083,28,495.0
1600.0,26,389.0,7.203703703703703,4.434355308788879,18,403.0,0.1757544191310138,8,122.0,0.30474078014440836,26,525.0
1605.0,21,402.0,7.444444444444445,6.002108546671002,12,387.0,0.3332019223098289,9,136.0,0.2729736958786153,21,523.0
1610.0,18,260.0,4.7272727272727275,5.61727066290994,11,358.0,0.38044075763596513,7,106.0,0.24232800036997693,18,464.0
1615.0,21,241.0,4.228070175438597,6.793164892790658,13,327.0,0.379069547160121,8,112.0,0.44707788660411324,21,439.0
1620.0,21,211.0,3.8363636363636364,6.033221326328587,16,344.0,0.31861306624136193,5,102.0,0.5189209536353176,21,446.0
1625.0,20,214.0,3.890909090909091,5.287208810061307,16,330.0,0.1365262877440005,4,62.0,0.5284661913060095,20,392.0
1630.0,25,218.0,4.037037037037037,3.7449092436772284,21,361.0,0.038200712376078375,4,40.0,0.3813807737605623,25,401.0
1635.0,23,248.0,4.428571428571429,5.55238484686821,14,365.0,0.1632081154791816,9,74.0,0.3157155392254386,23,439.0
1640.0,21,239.0,4.267857142857143,5.2101256255682085,12,371.0,0.17431424760351086,9,86.0,0.27696335465717514,21,457.0
1645.0,26,321.0,5.35,5.862843768334125,15,332.0,0.2426360741817368,11,118.0,0.30869184277048967,26,450.0
1650.0,21,321.0,5.5344827586206895,6.14421569630807,13,331.0,0.30530022118232025,8,125.0,0.4531180837685009,21,456.0
1655.0,16,311.0,5.098360655737705,6.9633640933513785,12,352.0,0.3742466174443085,4,88.0,0.4878558130169071,16,440.0
1660.0,18,169.0,2.864406779661017,6.320066938854874,14,318.0,0.34450268270457374,4,52.0,0.45227916225639864,18,370.0
1665.0,22,254.0,4.096774193548387,6.142382262436034,15,301.0,0.34205725061590675,7,73.0,0.30483887657813724,22,374.0
1670.0,26,332.0,5.26984126984127,4.739033984703756,17,359.0,0.23810581890600155,9,94.0,0.21695860746967263,26,453.0
1675.0,26,401.0,6.365079365079365,5.623546668085029,21,436.0,0.19067681315384644,5,85.0,0.49121427225740666,26,521.0
1680.0,26,478.0,7.709677419354839,5.082841196550197,21,519.0,0.1936183237882773,5,80.0,0.47922345867816346,26,599.0
1685.0,28,590.0,9.516129032258064,5.006813818304738,20,589.0,0.22602395689743657,8,103.0,0.40212579312350666,28,692.0
1690.0,29,526.0,8.21875,5.137106853745154,19,568.0,0.2425224899510431,10,137.0,0.44917687243880383,29,705.0
1695.0,22,346.0,5.580645161290323,4.68151070913422,14,417.0,0.24845733791188362,8,150.0,0.2901049586156091,22,567.0
1700.0,23,390.0,6.09375,5.325735767210626,13,362.0,0.2975547092763957,10,159.0,0.2693079529548781,23,521.0
1705.0,25,340.0,5.3125,5.296594485319085,12,332.0,0.2616244806545177,13,183.0,0.24767485995827343,25,515.0
1710.0,26,272.0,4.533333333333333,4.653088116686638,12,262.0,0.3059128841674061,14,171.0,0.23705216408749358,26,433.0
1715.0,29,320.0,5.0,5.006078577277006,14,288.0,0.3013105925761764,15,199.0,0.2932171488531072,29,487.0
1720.0,28,321.0,4.863636363636363,5.206595710969316,16,299.0,0.32487836949053966,12,227.0,0.36078430597331174,28,526.0
1725.0,25,311.0,4.641791044776119,4.939105904879804,17,319.0,0.1915380759552324,8,195.0,0.4411009227991051,25,514.0
1730.0,24,316.0,4.7164179104477615,4.79336135865892,16,296.0,0.12892658890961572,8,184.0,0.37907691711673114,24,480.0
1735.0,28,356.0,5.235294117647059,4.761875952313538,14,315.0,0.1592462594835877,14,207.0,0.23723893663136286,28,522.0
1740.0,29,390.0,5.735294117647059,4.717351568053206,15,299.0,0.24583565164651783,14,244.0,0.20863330013685683,29,543.0
1745.0,24,367.0,5.397058823529412,5.642551970054096,13,291.0,0.3023893507104782,11,257.0,0.2964208644627129,24,548.0
1750.0,28,322.0,4.8059701492537314,5.382422602233655,17,314.0,0.22972351385306883,11,202.0,0.32351462430204175,28,516.0
1755.0,30,368.0,5.492537313432836,5.0277854993527855,17,351.0,0.265244387463055,13,192.0,0.262081623777805,30,543.0
1760.0,27,318.0,4.96875,5.576478701194059,14,346.0,0.32298463040973535,13,208.0,0.3257192518071642,27,554.0
1765.0,26,370.0,5.606060606060606,5.709391536868639,14,371.0,0.291914095009054,12,189.0,0.336293955695158,26,560.0
1770.0,28,403.0,6.296875,4.980026711329144,16,388.0,0.26363207066987576,12,211.0,0.2643240775676056,28,599.0
1775.0,25,334.0,5.475409836065574,4.892157203934521,17,398.0,0.19539645355790608,8,172.0,0.3936193909952177,25,570.0
1780.0,27,309.0,5.237288135593221,4.1216210541096805,18,368.0,0.09745851625701117,9,179.0,0.31869297729748103,27,547.0
1785.0,32,392.0,6.222222222222222,4.199472022257415,18,404.0,0.1187787652523154,14,241.0,0.293857357265991,32,645.0
1790.0,24,355.0,5.546875,5.0044472896472145,11,370.0,0.29446949621256663,13,276.0,0.2440355716197834,24,646.0
1795.0,23,339.0,5.844827586206897,5.723934454921766,7,307.0,0.3997739833251552,16,315.0,0.2561600651427739,23,622.0
1800.0,26,394.0,6.912280701754386,5.037318621568741,12,306.0,0.24580303275031556,14,326.0,0.27401102024598073,26,632.0
1805.0,21,344.0,6.254545454545455,4.50739826794866,12,294.0,0.12793217689937308,9,271.0,0.32410055039203534,21,565.0
1810.0,23,278.0,4.793103448275862,5.520144455750331,14,270.0,0.22728200655573466,9,206.0,0.29552276967118885,23,476.0
1815.0,24,286.0,4.8474576271186445,5.508138433223181,11,277.0,0.36996995840675356,13,182.0,0.22446115434304756,24,459.0
1820.0,18,269.0,4.483333333333333,6.12444350218703,5,229.0,0.48617669973155114,13,222.0,0.2742545387582117,18,451.0
1825.0,23,371.0,6.288135593220339,6.434218967151265,8,215.0,0.46995372590747025,15,276.0,0.2928070830911737,23,491.0
1830.0,24,426.0,6.983606557377049,6.02842805814778,12,262.0,0.37103985857162314,12,289.0,0.26867556084758853,24,551.0
1835.0,21,323.0,5.295081967213115,5.8953565138701824,11,242.0,0.31563185061164867,10,232.0,0.23567742339880496,21,474.0
1840.0,18,216.0,3.789473684210526,5.19809151227025,13,181.0,0.2515161503211705,5,182.0,0.2587627002994922,18,363.0
1845.0,26,263.0,4.614035087719298,5.298526457682622,14,206.0,0.3274594685602381,12,178.0,0.24015869551989102,26,384.0
1850.0,22,332.0,5.928571428571429,5.327535868003555,12,231.0,0.41801069787595413,10,201.0,0.27740411550019767,22,432.0
1855.0,19,340.0,5.666666666666667,5.9559547847382115,12,262.0,0.3714583431805371,7,196.0,0.4031687906147233,19,458.0
1860.0,19,276.0,4.677966101694915,5.950294928296034,13,252.0,0.33488396175583496,6,154.0,0.37039849625382315,19,406.0
1865.0,18,153.0,2.6379310344827585,5.265180194649822,12,213.0,0.2522600018803247,6,103.0,0.3035530682971216,18,316.0
1870.0,20,188.0,3.357142857142857,5.464347384507953,9,197.0,0.293413687761447,11,116.0,0.34446329510237883,20,313.0
1875.0,21,213.0,3.8035714285714284,4.684048407233874,12,225.0,0.18984975608853744,9,134.0,0.40980804222096795,21,359.0
1880.0,26,278.0,5.245283018867925,5.0909934676759905,18,261.0,0.14422804308040768,8,122.0,0.5146798438743967,26,383.0
1885.0,26,328.0,5.963636363636364,4.521118554733599,17,317.0,0.13148357066046928,9,128.0,0.38015155235043946,26,445.0
1890.0,28,396.0,6.947368421052632,5.1227158022542625,14,341.0,0.2423904858502188,14,153.0,0.3461733875478862,28,494.0
1895.0,27,371.0,6.508771929824562,4.701593843848281,14,354.0,0.27328276992531897,13,178.0,0.32190015030909247,27,532.0
1900.0,24,398.0,6.745762711864407,5.473505579021334,8,322.0,0.3761217348422435,16,210.0,0.29081113767892797,24,532.0
1905.0,23,274.0,4.28125,5.143062456796931,8,248.0,0.3474285578299456,15,236.0,0.2596051687967292,23,484.0
1910.0,26,294.0,4.59375,6.0337175418973885,9,187.0,0.37580747779859036,17,266.0,0.3293837195406586,26,453.0
1915.0,24,287.0,4.555555555555555,5.19383560379301,11,200.0,0.32519946357093255,13,276.0,0.3627979299580721,24,476.0
1920.0,17,173.0,2.6615384615384614,5.408698256815369,7,193.0,0.29680362625300605,10,224.0,0.3159403256906046,17,417.0
1925.0,20,231.0,3.5,5.9773623958943665,10,218.0,0.3525427563395888,10,241.0,0.24195667862159637,20,459.0
1930.0,23,233.0,3.6984126984126986,5.755171982027064,6,169.0,0.41238614878155455,17,284.0,0.14146298289220202,23,453.0
1935.0,26,296.0,4.933333333333334,4.93967028573916,8,168.0,0.3592353679665727,18,348.0,0.2169294000755026,26,516.0
1940.0,27,409.0,7.175438596491228,4.925333063479986,8,208.0,0.37692211096495476,19,416.0,0.2918465438154678,27,624.0
1945.0,22,440.0,7.096774193548387,5.228453753535331,6,217.0,0.4235674903992203,16,430.0,0.2444777510168453,22,647.0
1950.0,18,347.0,5.596774193548387,6.053102964259077,8,186.0,0.35424464894908964,10,357.0,0.29792571070383056,18,543.0
1955.0,20,273.0,4.403225806451613,5.763827530316508,12,180.0,0.23976554790687898,8,280.0,0.35128051914148223,20,460.0
1960.0,26,193.0,3.1129032258064515,5.0200118008526395,12,171.0,0.23710868725332687,14,205.0,0.2873272194498058,26,376.0
1965.0,27,292.0,4.9491525423728815,4.618030815090508,12,163.0,0.3505375743696965,15,218.0,0.20622920502885966,27,381.0
1970.0,23,298.0,5.0508474576271185,5.059602279398857,11,171.0,0.3006855665688707,12,208.0,0.22263148206873468,23,379.0
1975.0,15,186.0,3.0491803278688523,5.829477527516197,6,128.0,0.3120367401840114,9,210.0,0.20212862080597305,15,338.0
1980.0,17,207.0,3.5689655172413794,6.086297451806687,5,122.0,0.3711739724696472,12,205.0,0.21736921946224205,17,327.0
1985.0,23,284.0,5.163636363636364,5.9160159514022075,11,161.0,0.39734855385826284,12,243.0,0.26180260872777283,23,404.0
1990.0,17,292.0,5.7254901960784315,5.721537864448656,9,181.0,0.29239059485535807,8,250.0,0.3580540702969028,17,431.0
1995.0,23,261.0,5.019230769230769,5.257697172524758,13,197.0,0.2136209455770793,10,238.0,0.26773707910261335,23,435.0
2000.0,23,270.0,5.09433962264151,4.762140944157488,12,215.0,0.23937749860299173,11,201.0,0.28817980194865056,23,416.0
2005.0,15,219.0,4.055555555555555,6.154707199433771,5,155.0,0.45462678813863155,10,226.0,0.3235995898109353,15,381.0
2010.0,12,243.0,4.5,7.235069385636475,4,101.0,0.5277496909750587,8,224.0,0.34184501433976827,12,325.0
2015.0,11,153.0,2.7818181818181817,7.765035117087101,5,78.0,0.5533079948428513,6,159.0,0.33506733727342225,11,237.0
2020.0,14,179.0,3.4423076923076925,7.090908913601935,6,76.0,0.2637134876562092,8,138.0,0.3608088593460729,14,214.0
2025.0,17,233.0,4.568627450980392,6.704395627894362,11,114.0,0.22653481506583983,6,159.0,0.37014504462862263,17,273.0
2030.0,15,236.0,4.816326530612245,6.570438294854661,9,130.0,0.22818623221119033,6,168.0,0.4468930412966076,15,298.0
2035.0,19,316.0,7.523809523809524,6.2674963015563465,12,155.0,0.29226161139667045,7,196.0,0.4761852112794544,19,351.0
2040.0,14,327.0,7.108695652173913,6.987609461284154,8,172.0,0.36042631050009305,6,222.0,0.5333247807188579,14,394.0
2045.0,12,174.0,4.046511627906977,6.135220152733176,7,135.0,0.37854977095176745,5,134.0,0.349613087312231,12,269.0
2050.0,14,160.0,3.8095238095238093,6.358946146213283,6,80.0,0.45202158979128065,8,108.0,0.3433123214712044,14,188.0
2055.0,17,190.0,4.222222222222222,6.423038614091375,9,110.0,0.4870306940327632,8,121.0,0.3200246116727291,17,231.0
2060.0,12,211.0,4.795454545454546,7.293706326078876,6,128.0,0.47934011431088897,6,112.0,0.5214529447933263,12,240.0
2065.0,10,224.0,5.209302325581396,7.081756673602033,6,138.0,0.3030047314710521,4,98.0,0.5158931261037675,10,236.0
2070.0,11,160.0,3.6363636363636362,6.475473369526314,7,103.0,0.2369723853467629,4,104.0,0.3065070355535377,11,207.0
2075.0,18,213.0,4.953488372093023,6.533219315519459,10,81.0,0.33408645226034916,8,143.0,0.19569388943401717,18,224.0
2080.0,13,227.0,5.973684210526316,5.701576906395886,7,99.0,0.39230286102875594,6,161.0,0.3067292939932901,13,260.0
2085.0,12,260.0,6.666666666666667,6.987431917716165,8,131.0,0.3591700466520797,4,147.0,0.4657774818543652,12,278.0
2090.0,11,130.0,3.0952380952380953,6.559245661588695,8,140.0,0.2773338448702423,3,74.0,0.41845473614460843,11,214.0
2095.0,12,146.0,3.395348837209302,7.021037163122685,5,109.0,0.4226330364010076,7,65.0,0.2963256200242683,12,174.0
2100.0,14,119.0,2.975,6.39435917757052,5,52.0,0.4185115862040142,9,108.0,0.31351880242256497,14,160.0
2105.0,12,126.0,3.073170731707317,6.895078041784604,7,75.0,0.482386504014195,5,98.0,0.3212538614496172,12,173.0
2110.0,18,199.0,4.975,6.481979323343886,9,117.0,0.4058989524376664,9,116.0,0.31460780666706434,18,233.0
2115.0,14,224.0,5.743589743589744,5.697778576474205,8,124.0,0.31424161956931185,6,147.0,0.40142628058295926,14,271.0
2120.0,13,273.0,7.184210526315789,6.459533508116041,6,115.0,0.34930719331543264,7,176.0,0.4649114644825495,13,291.0
2125.0,9,170.0,4.857142857142857,5.992830080762941,5,108.0,0.4032248936612536,4,126.0,0.3383870066709688,9,234.0
2130.0,13,157.0,3.738095238095238,7.115029191969749,7,109.0,0.4675513733801187,6,84.0,0.33473665221610555,13,193.0
2135.0,11,88.0,2.3157894736842106,7.075629749166603,5,74.0,0.4889399776691252,6,82.0,0.41035221369091224,11,156.0
2140.0,11,135.0,3.4615384615384617,7.393446367782691,6,94.0,0.38850843454963796,5,89.0,0.5556292567729406,11,183.0
2145.0,14,180.0,4.864864864864865,5.537052912618137,10,133.0,0.2538964484211615,4,95.0,0.4441906908965024,14,228.0
2150.0,14,201.0,5.153846153846154,6.464279509989894,7,146.0,0.3439218906714415,7,127.0,0.425672438728145,14,273.0
2155.0,10,180.0,4.285714285714286,7.099005366248998,5,139.0,0.45033403461942956,5,114.0,0.3686345348511073,10,253.0
2160.0,12,205.0,4.659090909090909,7.569259025159227,5,152.0,0.5159491372715841,7,122.0,0.3734913083993238,12,274.0
2165.0,11,197.0,4.104166666666667,7.62794977236512,7,169.0,0.45807601154680344,4,75.0,0.5371377366760204,11,244.0
2170.0,14,97.0,2.108695652173913,7.025057269730342,11,114.0,0.3122619995066408,3,50.0,0.6317303522599722,14,164.0
2175.0,19,179.0,3.6530612244897958,6.64644742692755,13,134.0,0.20144166922847503,6,61.0,0.5819377711455005,19,195.0
2180.0,19,205.0,4.1,5.249801833211907,11,162.0,0.14588662781558995,8,85.0,0.4152999328080584,19,247.0
2185.0,24,304.0,5.735849056603773,5.922957148986671,13,190.0,0.2514062917187349,11,139.0,0.4708240097443203,24,329.0
2190.0,21,264.0,5.176470588235294,5.145775157894726,10,193.0,0.37932609036083925,11,158.0,0.331793972841566,21,351.0
2195.0,17,223.0,4.288461538461538,6.073498034470308,5,123.0,0.491135116588939,12,181.0,0.30657975053620046,17,304.0
2200.0,19,212.0,3.8545454545454545,5.875751982122033,6,108.0,0.4456974501472899,13,166.0,0.21234244089486945,19,274.0
2205.0,23,247.0,4.75,5.818608078877352,7,107.0,0.3827698567025524,16,198.0,0.2258136618447309,23,305.0
2210.0,19,207.0,3.8333333333333335,5.677822935802289,5,94.0,0.41087173275061434,14,228.0,0.19937562013999066,19,322.0
2215.0,16,200.0,4.0,6.122253687759853,5,87.0,0.4360037741791441,11,208.0,0.2594614722465562,16,295.0
2220.0,23,223.0,4.645833333333333,5.034189908806186,11,121.0,0.24739914585950776,12,205.0,0.24946628401233328,23,326.0
2225.0,19,209.0,4.354166666666667,5.326548834990689,11,156.0,0.2860759056265691,8,193.0,0.24456459982639606,19,349.0
2230.0,18,199.0,4.145833333333333,5.319876547235794,9,165.0,0.3782351402435435,9,183.0,0.16448931127367097,18,348.0
2235.0,19,248.0,4.96,6.552878357450314,8,167.0,0.38753638713378,11,183.0,0.32937230309658966,19,350.0
2240.0,17,232.0,4.461538461538462,6.839113799152786,8,156.0,0.3941798040081652,9,196.0,0.38685491540510075,17,352.0
2245.0,14,254.0,5.08,7.0230572685723835,7,166.0,0.3747094491543026,7,187.0,0.48365594184892247,14,353.0
2250.0,15,194.0,3.803921568627451,6.121163990542194,8,185.0,0.1713285703095864,7,147.0,0.4999350803538248,15,332.0
2255.0,21,255.0,4.811320754716981,6.999062892624665,11,219.0,0.324282115953232,10,137.0,0.5179532773770108,21,356.0
2260.0,21,272.0,5.333333333333333,5.42417438667642,8,228.0,0.418124286739153,13,147.0,0.2272977626089503,21,375.0
2265.0,25,294.0,5.764705882352941,4.030133916709394,9,223.0,0.3151591175796309,16,160.0,0.11758536512085173,25,383.0
2270.0,25,333.0,6.166666666666667,4.123600185468291,9,207.0,0.33405753123843257,16,221.0,0.1419904137413708,25,428.0
2275.0,22,345.0,6.2727272727272725,5.3010002267845255,11,238.0,0.28332994051265753,11,227.0,0.34700990116194097,22,465.0
2280.0,23,354.0,6.0,5.1969971797785215,12,275.0,0.2766908480178885,11,237.0,0.3222035540127282,23,512.0
2285.0,23,360.0,5.901639344262295,5.896581707474557,11,303.0,0.3524837063928625,12,229.0,0.3646094678298071,23,532.0
2290.0,22,388.0,6.258064516129032,5.877615783481286,9,286.0,0.36625079721816756,13,253.0,0.29810019725449444,22,539.0
2295.0,18,244.0,4.066666666666666,5.796231063942192,9,160.0,0.2945007064022971,9,239.0,0.31432859186004847,18,399.0
2300.0,21,256.0,4.19672131147541,5.257379374027215,10,161.0,0.16882299665571998,11,252.0,0.21677991877261008,21,413.0
2305.0,28,292.0,4.709677419354839,4.797558083778211,12,186.0,0.18089021346229167,16,257.0,0.26265742791806074,28,443.0
2310.0,22,341.0,5.328125,5.825821803039894,7,191.0,0.4546375984767426,15,293.0,0.24847304993157918,22,484.0
2315.0,25,416.0,6.819672131147541,6.437037170409591,7,202.0,0.5982521513899648,18,322.0,0.19905103675885036,25,524.0
2320.0,29,473.0,7.059701492537314,5.934203325108167,12,247.0,0.5122248681511317,17,370.0,0.14680480846048582,29,617.0
2325.0,22,365.0,5.615384615384615,5.386154126825844,11,227.0,0.37407848978748165,11,345.0,0.24391071972657338,22,572.0
2330.0,23,424.0,6.523076923076923,5.179349965276051,14,236.0,0.24339566372603874,9,337.0,0.303442328287198,23,573.0
2335.0,27,449.0,7.015625,4.7265224229156635,14,272.0,0.14621499619563624,13,345.0,0.34333479841952963,27,617.0
2340.0,27,495.0,7.857142857142857,4.796153501745815,14,271.0,0.26457955831385455,13,368.0,0.3079504392417241,27,639.0
2345.0,22,540.0,9.0,4.994660163472181,13,320.0,0.272010125719165,9,364.0,0.24385650384970292,22,684.0
2350.0,25,445.0,7.295081967213115,4.806761825374203,15,353.0,0.20832552708935756,10,283.0,0.21621320900340485,25,636.0
2355.0,29,457.0,7.253968253968254,5.469958886476148,14,381.0,0.3169268733460258,15,197.0,0.25495139737185546,29,578.0
2360.0,30,549.0,9.0,5.579867926939633,16,439.0,0.357350009341027,14,225.0,0.25200149338124656,30,664.0
2365.0,26,586.0,9.301587301587302,5.267982851206391,13,458.0,0.3802348704034228,13,253.0,0.25515676477366694,26,711.0
2370.0,33,678.0,9.685714285714285,5.336217460494295,15,437.0,0.3649601978811679,18,320.0,0.27317037763651436,33,757.0
2375.0,27,541.0,7.513888888888889,5.857340476475683,13,370.0,0.40484088575874244,14,344.0,0.3272424850656025,27,714.0
2380.0,24,392.0,5.681159420289855,5.581823406878644,15,284.0,0.30165855932509783,9,305.0,0.35988210769904055,24,589.0
2385.0,30,386.0,5.938461538461539,3.7481189620503272,18,304.0,0.11224155485637315,12,313.0,0.2915930418970642,30,617.0
2390.0,37,483.0,7.546875,3.3551952754093746,20,348.0,0.1221697121904812,17,373.0,0.2156411778478679,37,721.0
2395.0,36,424.0,6.838709677419355,2.9258124311488083,19,385.0,0.17282759707380302,17,322.0,0.15882864668835092,36,707.0
2400.0,36,514.0,8.03125,3.527349037475531,19,402.0,0.21063107405970058,17,295.0,0.1892951675270687,36,697.0
2405.0,37,497.0,7.53030303030303,3.6415051791512916,20,440.0,0.20922507583297337,17,294.0,0.2556543333970452,37,734.0
2410.0,29,471.0,6.826086956521739,4.97940579815896,20,423.0,0.16429997993768333,9,253.0,0.3739364822620297,29,676.0
2415.0,27,373.0,5.567164179104478,4.787750803214993,22,453.0,0.0731229219569636,5,175.0,0.42617253278901474,27,628.0
2420.0,22,325.0,5.0,5.765785650642533,13,402.0,0.20243819133398475,9,163.0,0.3864079760700304,22,565.0
2425.0,20,359.0,5.983333333333333,5.472456940550611,11,392.0,0.3260516903736715,9,169.0,0.2337776733803813,20,561.0
2430.0,24,390.0,6.290322580645161,5.402686506518138,12,387.0,0.28741739616555034,12,189.0,0.18819903547956346,24,576.0
2435.0,23,338.0,5.633333333333334,5.475870324097188,12,363.0,0.3236355906712017,11,226.0,0.2597761007316513,23,589.0
2440.0,20,357.0,5.95,5.760609849902976,12,382.0,0.28321000736088026,8,211.0,0.37783843799752165,20,593.0
2445.0,17,267.0,4.45,5.476226872078889,10,374.0,0.2545801142550203,7,149.0,0.32836131807560087,17,523.0
2450.0,24,273.0,4.475409836065574,6.060803630946912,12,379.0,0.2751600243326453,12,142.0,0.34948045422469676,24,521.0
2455.0,26,360.0,6.0,5.3817187143655705,16,395.0,0.28518755050386285,10,160.0,0.26165388969595244,26,555.0
2460.0,20,325.0,5.701754385964913,5.1659856789337875,13,361.0,0.18003283099693224,7,164.0,0.4188803434035897,20,525.0
2465.0,19,301.0,5.016666666666667,6.108015617573598,14,363.0,0.24568831539062586,5,137.0,0.4332363453451876,19,500.0
2470.0,24,306.0,5.1,6.074135132294171,13,386.0,0.3619385151215346,11,104.0,0.3232280489561407,24,490.0
2475.0,17,251.0,4.327586206896552,6.24998847313344,7,342.0,0.42175926927631413,10,106.0,0.31697028327096194,17,448.0
2480.0,20,314.0,5.413793103448276,5.675121652702021,10,377.0,0.32752239037289776,10,115.0,0.28669829007987063,20,492.0
2485.0,21,349.0,6.017241379310345,6.260647200803508,11,421.0,0.3302252089957693,10,136.0,0.3827137567262679,21,557.0
2490.0,17,338.0,6.035714285714286,5.978391330879768,12,441.0,0.22723499501409786,5,104.0,0.5079568344483785,17,545.0
2495.0,14,357.0,6.2631578947368425,5.821967965812004,9,445.0,0.21482804366117547,5,115.0,0.38483841862529683,14,560.0
2500.0,21,265.0,4.568965517241379,4.867966992967192,9,350.0,0.23693939327933788,12,138.0,0.2268496414208263,21,488.0
2505.0,27,226.0,3.830508474576271,5.775968678802485,11,205.0,0.3899745069575632,16,171.0,0.25436515016818656,27,376.0
2510.0,26,320.0,5.818181818181818,4.820810060170155,9,207.0,0.3043504109285884,17,253.0,0.20577359312041119,26,460.0
2515.0,22,331.0,5.706896551724138,5.074235943331596,6,204.0,0.34677718961118353,16,285.0,0.1376855243017205,22,489.0
2520.0,16,187.0,3.462962962962963,5.447499669033652,7,144.0,0.29600775426346393,9,244.0,0.15033911646502834,16,388.0
2525.0,18,174.0,3.2222222222222223,5.740295429315485,11,179.0,0.28495024006653963,7,221.0,0.2286986763175846,18,400.0
2530.0,22,197.0,3.581818181818182,5.906283978993491,11,164.0,0.36891066161673997,11,221.0,0.26577871371620815,22,385.0
2535.0,22,279.0,5.470588235294118,5.137639685866905,13,203.0,0.3788244108106766,9,221.0,0.2715308799274238,22,424.0
2540.0,15,249.0,4.882352941176471,5.663390959209158,11,219.0,0.31653585971190984,4,159.0,0.41051976524910555,15,378.0
2545.0,15,275.0,5.288461538461538,6.250245055005681,11,196.0,0.2626993231282887,4,120.0,0.47083892968950375,15,316.0
2550.0,17,231.0,4.052631578947368,6.266613171103317,12,175.0,0.21983859132309921,5,138.0,0.4131859428794192,17,313.0
2555.0,18,194.0,3.3448275862068964,7.01159452910614,11,157.0,0.30138014495570414,7,131.0,0.42238188660837467,18,288.0
2560.0,21,198.0,3.6666666666666665,6.438269425558482,12,162.0,0.2744774385363691,9,119.0,0.4863078221889764,21,281.0
2565.0,18,179.0,3.4423076923076925,6.089699061061157,11,169.0,0.40226770748231483,7,104.0,0.4081860068510906,18,273.0
2570.0,20,209.0,3.943396226415094,5.665670528456374,9,178.0,0.3849633985965908,11,112.0,0.32413971321889096,20,290.0
2575.0,21,244.0,4.518518518518518,5.773856747204881,10,196.0,0.2971995262031843,11,138.0,0.3778674613796905,21,334.0
2580.0,18,238.0,4.327272727272727,5.079112836038261,13,235.0,0.18372498846052854,5,112.0,0.3387914183541842,18,347.0
2585.0,22,333.0,5.741379310344827,5.6053950268890445,15,286.0,0.18844241837581957,7,108.0,0.41963134526613965,22,394.0
2590.0,20,313.0,5.589285714285714,5.490157454769666,12,287.0,0.30327829179687565,8,111.0,0.36441145579056233,20,398.0
2595.0,21,370.0,6.491228070175438,5.659960365955723,12,305.0,0.35907777210788844,9,117.0,0.3061503530749061,21,422.0
2600.0,23,298.0,5.518518518518518,4.717300787881481,11,259.0,0.3481885078580007,12,147.0,0.22107725562935465,23,406.0
2605.0,15,207.0,3.980769230769231,5.478998760887761,8,159.0,0.1996914392087065,7,160.0,0.3329116772649661,15,319.0
2610.0,14,144.0,2.5714285714285716,4.844819620970879,8,192.0,0.1533170547224394,6,122.0,0.16961904822237744,14,314.0
2615.0,22,217.0,3.7413793103448274,6.424696743602398,14,236.0,0.2756534168413179,8,103.0,0.37922114898526327,22,339.0
2620.0,19,260.0,4.642857142857143,6.8023874949349175,11,244.0,0.43143905897843177,8,127.0,0.4251999283087669,19,371.0
2625.0,12,266.0,5.018867924528302,7.474556491047066,7,214.0,0.43233347286558216,5,102.0,0.48725319173221326,12,316.0
2630.0,15,211.0,4.0576923076923075,5.941575182580674,11,217.0,0.24501786705215153,4,76.0,0.31789943222537254,15,293.0
2635.0,24,304.0,5.735849056603773,5.664360362033687,14,260.0,0.21991385419189302,10,99.0,0.3077687137703455,24,359.0
2640.0,19,223.0,4.288461538461538,6.007889804710388,12,233.0,0.26776234360895734,7,119.0,0.49733669091938115,19,352.0
2645.0,20,269.0,5.0754716981132075,7.097240692145911,14,187.0,0.27671224216640716,6,127.0,0.6217422358788703,20,314.0
2650.0,16,197.0,3.7169811320754715,6.1095589691171375,12,197.0,0.23807370219811275,4,74.0,0.5171062725545301,16,271.0
2655.0,14,188.0,3.418181818181818,6.177717386982782,7,156.0,0.36037230374867135,7,81.0,0.26762979805962983,14,237.0
2660.0,16,152.0,2.980392156862745,5.464874710690411,7,135.0,0.3341103703722863,9,120.0,0.2590333781884773,16,255.0
2665.0,17,221.0,4.092592592592593,7.245921036496825,10,133.0,0.5255267649805162,7,144.0,0.36678113524839157,17,277.0
2670.0,15,172.0,3.185185185185185,6.569854725664073,8,145.0,0.486992280020087,7,114.0,0.42504982649597567,15,259.0
2675.0,16,236.0,4.37037037037037,7.3045024672046095,8,146.0,0.49467620182459693,8,125.0,0.4260813705269044,16,271.0
2680.0,20,159.0,2.694915254237288,5.284253578062354,11,139.0,0.3132091373032351,9,122.0,0.2285346562175088,20,261.0
2685.0,18,176.0,3.0344827586206895,6.171629182293941,12,141.0,0.2122282774419106,6,107.0,0.4735269779263427,18,248.0
2690.0,18,227.0,4.203703703703703,5.820153338300959,11,186.0,0.18457083841500554,7,130.0,0.49189099621024807,18,316.0
2695.0,20,272.0,4.945454545454545,6.000564882016433,9,189.0,0.3071658670634865,11,174.0,0.29047517413978663,20,363.0
2700.0,21,307.0,5.581818181818182,5.248563850558367,9,187.0,0.33828952617087893,12,182.0,0.1955557280460914,21,369.0
2705.0,25,403.0,7.196428571428571,5.783757906143866,11,202.0,0.3601607990629364,14,245.0,0.24391607550696687,25,447.0
2710.0,22,348.0,5.8,6.161851840909376,10,198.0,0.3972891248757156,12,272.0,0.37423405396482406,22,470.0
2715.0,19,364.0,6.275862068965517,6.826334900934559,11,178.0,0.3683342019553295,8,250.0,0.4782610786260035,19,428.0
2720.0,18,255.0,4.473684210526316,5.5533114406188515,11,199.0,0.18321596056709533,7,152.0,0.4769688111874503,18,351.0
2725.0,19,268.0,4.962962962962963,6.414246771410534,11,220.0,0.2551655016328365,8,118.0,0.3932996478312218,19,338.0
2730.0,22,274.0,5.372549019607843,4.859959445512631,11,228.0,0.21419323240391272,11,125.0,0.26448936741237705,22,353.0
2735.0,22,346.0,6.407407407407407,5.656368547715129,11,262.0,0.24563407214554972,11,150.0,0.2870989797050269,22,412.0
2740.0,21,228.0,4.653061224489796,5.047752073046205,10,217.0,0.36368856074001926,11,181.0,0.30789722125406277,21,398.0
2745.0,18,265.0,5.196078431372549,6.3400937986273975,10,155.0,0.38488943684834337,8,182.0,0.35840132344842235,18,337.0
2750.0,16,252.0,4.846153846153846,5.65672057370707,8,166.0,0.22307356219374677,8,166.0,0.4062094416070082,16,332.0
2755.0,18,286.0,5.017543859649122,7.015361761197112,8,144.0,0.4181069142492636,10,174.0,0.40267107626537263,18,318.0
2760.0,22,148.0,2.642857142857143,5.428456504055819,9,109.0,0.42873440608235763,13,159.0,0.2690453368704238,22,268.0
2765.0,23,240.0,3.870967741935484,6.197943453653799,8,116.0,0.480158252598093,15,165.0,0.3171969534692947,23,281.0
2770.0,25,274.0,4.2153846153846155,5.871063023388986,10,137.0,0.4455073332020929,15,203.0,0.33699724096580735,25,340.0
2775.0,16,254.0,3.8484848484848486,6.442986074532582,8,154.0,0.4465478958629052,8,185.0,0.32512554191344595,16,339.0
2780.0,20,174.0,2.6363636363636362,5.100364680749388,12,163.0,0.24864270189420876,8,164.0,0.27648204092092127,20,327.0
2785.0,31,242.0,3.723076923076923,4.7940682462949855,15,175.0,0.27343295455007055,16,190.0,0.21855422977734115,31,365.0
2790.0,30,267.0,4.045454545454546,4.268778160567983,14,191.0,0.21581050520224382,16,249.0,0.2703193528030781,30,440.0
2795.0,32,374.0,5.753846153846154,4.843812411068677,16,227.0,0.2692884470255857,16,296.0,0.3102480584386886,32,523.0
2800.0,30,386.0,5.436619718309859,4.923907469017138,14,255.0,0.299528406207894,16,319.0,0.281220286851878,30,574.0
2805.0,23,322.0,4.181818181818182,6.149479077641076,13,252.0,0.39142721250696805,10,271.0,0.29221725382422215,23,523.0
2810.0,20,236.0,3.232876712328767,5.8745918996184265,13,257.0,0.31535208011919963,7,187.0,0.3320176931843772,20,444.0
2815.0,29,285.0,3.7012987012987013,5.5793933469386126,17,285.0,0.27559642069611157,12,178.0,0.2904431779607877,29,463.0
2820.0,33,378.0,5.108108108108108,4.306826162163454,18,346.0,0.27487866604014616,15,205.0,0.211343125500569,33,551.0
2825.0,29,447.0,6.385714285714286,4.6003999592789295,18,380.0,0.21822547447873059,11,206.0,0.31183232105865993,29,586.0
2830.0,32,514.0,7.138888888888889,4.11560150705805,21,426.0,0.11394489114217726,11,244.0,0.3448959944189438,32,670.0
2835.0,32,540.0,7.5,4.654404285383846,18,430.0,0.18238496768532617,14,290.0,0.29590781158406537,32,720.0
2840.0,31,472.0,6.555555555555555,4.010106375373819,15,391.0,0.22687582071112433,16,336.0,0.19609414723326601,31,727.0
2845.0,31,562.0,7.915492957746479,4.752015684130441,18,369.0,0.23356423421574882,13,374.0,0.2834703053004311,31,743.0
2850.0,31,674.0,9.628571428571428,4.472869707088755,18,414.0,0.1585808414103128,13,425.0,0.30816859624667997,31,839.0
2855.0,33,782.0,12.03076923076923,4.183223004560616,15,423.0,0.16944782035845515,18,487.0,0.23218526264318956,33,910.0
2860.0,33,610.0,9.104477611940299,3.23953867857472,16,420.0,0.14929596985998292,17,446.0,0.15386488793669612,33,866.0
2865.0,34,671.0,10.323076923076924,4.802147159495185,12,393.0,0.2641229180783952,22,434.0,0.23979721660238773,34,827.0
2870.0,32,465.0,6.549295774647887,4.826663029482489,12,337.0,0.3269656221683877,20,428.0,0.21727865147723313,32,765.0
2875.0,34,483.0,6.44,5.286509184917545,11,284.0,0.40502935197571244,23,414.0,0.1922062107664262,34,698.0
2880.0,33,477.0,6.534246575342466,4.799298176214382,11,295.0,0.4209207564753967,22,451.0,0.1903460167761288,33,746.0
2885.0,28,328.0,4.685714285714286,4.993104121629847,11,293.0,0.3363271460524839,17,414.0,0.21525355897897053,28,707.0
2890.0,25,398.0,5.852941176470588,4.440507478048245,12,302.0,0.18033899748928117,13,368.0,0.18427087265315417,25,670.0
2895.0,30,440.0,6.666666666666667,4.456027603865469,19,325.0,0.11772619461765409,11,328.0,0.2835453720809669,30,653.0
2900.0,33,453.0,6.7611940298507465,3.784907753155602,19,355.0,0.15775069430817618,14,356.0,0.21947503411762984,33,711.0
2905.0,34,498.0,7.661538461538462,3.802555795106574,16,359.0,0.3001184202384261,18,385.0,0.1685387356105947,34,744.0
2910.0,24,515.0,8.174603174603174,4.295831814882971,12,384.0,0.3098694857003878,12,394.0,0.19363715967580042,24,778.0
2915.0,25,484.0,8.066666666666666,4.249155841535556,13,362.0,0.2044218227656272,12,402.0,0.2218877581801331,25,764.0
2920.0,30,531.0,8.85,3.8815369346707116,17,401.0,0.15981577502365105,13,373.0,0.1343671373004194,30,774.0
2925.0,29,502.0,8.508474576271187,4.069333732236726,16,431.0,0.20014833763565856,13,368.0,0.2487268520066995,29,799.0
2930.0,29,541.0,9.491228070175438,4.546379078816734,15,461.0,0.2445381407022382,14,336.0,0.3256267530206173,29,797.0
2935.0,27,603.0,10.05,4.538400105554496,16,498.0,0.17005496085098687,11,362.0,0.354187078509784,27,860.0
2940.0,25,384.0,6.4,4.507959488509516,17,413.0,0.06600997379911501,8,324.0,0.41639405219440234,25,737.0
2945.0,22,356.0,6.137931034482759,5.0377314762354555,16,363.0,0.06744070237459222,6,276.0,0.4016863697626618,22,639.0
2950.0,27,284.0,4.813559322033898,4.617521383628972,16,362.0,0.18094420684198753,11,192.0,0.2465309952920219,27,554.0
2955.0,26,287.0,4.948275862068965,5.07348407401605,8,302.0,0.36717456207504784,18,233.0,0.18693517041239127,26,535.0
2960.0,24,368.0,6.344827586206897,5.375408175393307,8,281.0,0.4022692693667018,16,275.0,0.16984111884864853,24,556.0
2965.0,16,358.0,6.067796610169491,6.00787765517698,9,297.0,0.3649661382324191,7,255.0,0.23288005248337146,16,552.0
2970.0,16,281.0,4.683333333333334,7.032595041992743,9,283.0,0.40131914589008394,7,210.0,0.3717240439468248,16,493.0
2975.0,17,202.0,3.543859649122807,6.542544772430024,8,228.0,0.3951311407919832,9,187.0,0.3473636201655221,17,415.0
2980.0,21,215.0,3.6440677966101696,5.831873726719638,8,215.0,0.33939718160142857,13,203.0,0.3809830642325548,21,418.0
2985.0,27,296.0,5.016949152542373,5.612020502161318,13,235.0,0.4010476080564163,14,226.0,0.38769542227167775,27,461.0
2990.0,22,293.0,5.051724137931035,5.151643940305477,12,262.0,0.303134219514062,10,188.0,0.37904495696593077,22,450.0
2995.0,20,347.0,5.88135593220339,4.505534134032944,8,260.0,0.27561172598913386,12,215.0,0.18476295348882232,20,475.0
3000.0,26,348.0,5.704918032786885,4.4624642869024465,8,227.0,0.2498539857329515,18,272.0,0.14344764417760233,26,499.0
3005.0,31,331.0,5.338709677419355,4.852591786572434,14,201.0,0.31987251073695455,17,279.0,0.2404239951532741,31,480.0
3010.0,28,404.0,6.733333333333333,5.057980729542843,12,247.0,0.31692824288477167,16,272.0,0.29062480766987764,28,519.0
3015.0,22,415.0,7.033898305084746,5.334719583112816,9,257.0,0.34087958470913177,13,292.0,0.2522133037312901,22,549.0
3020.0,21,402.0,6.590163934426229,4.797481642709686,8,267.0,0.2038187999198694,13,279.0,0.2355118167635809,21,546.0
3025.0,28,465.0,7.622950819672131,4.5016775655916,16,312.0,0.07526041094165863,12,303.0,0.25109840116105125,28,615.0
3030.0,30,548.0,9.133333333333333,5.037125940174505,14,361.0,0.2069106917736362,16,334.0,0.30373978848903765,30,695.0
3035.0,21,492.0,8.482758620689655,5.231599003694242,7,364.0,0.39816716851201306,14,337.0,0.18080429764556769,21,701.0
3040.0,25,332.0,5.824561403508772,4.658210011410604,6,233.0,0.4249479959097351,19,363.0,0.13167314587762585,25,596.0
3045.0,27,310.0,5.344827586206897,4.767939918607709,8,150.0,0.3203323412203349,19,405.0,0.24352937702637134,27,555.0
3050.0,26,384.0,6.508474576271187,5.060801099325999,9,171.0,0.36937683823303175,17,450.0,0.28179583208748743,26,621.0
3055.0,20,355.0,6.120689655172414,5.388064577686063,5,155.0,0.4245093605881491,15,461.0,0.2264447720233729,20,616.0
3060.0,17,191.0,3.293103448275862,5.488892420772673,5,90.0,0.41040853642865915,12,396.0,0.1181094404131076,17,486.0
3065.0,22,198.0,3.3559322033898304,5.050443108733222,10,101.0,0.2457139944781065,12,397.0,0.1426024817655767,22,498.0
3070.0,26,255.0,4.473684210526316,5.390705221451426,10,134.0,0.28284513029512937,16,391.0,0.24227509514142004,26,525.0
3075.0,22,321.0,6.056603773584905,5.5524697011331705,9,151.0,0.3585983072865404,13,397.0,0.31128835080441514,22,548.0
3080.0,15,294.0,5.547169811320755,6.25233281064169,7,104.0,0.4518005284833603,8,353.0,0.29872813735541137,15,457.0
3085.0,16,229.0,4.2407407407407405,5.928901001322059,5,91.0,0.4278995541034651,11,311.0,0.23070848016206613,16,402.0
3090.0,19,220.0,4.150943396226415,5.384165096887562,5,81.0,0.2786243853463478,14,252.0,0.33212382364242776,19,333.0
3095.0,22,177.0,3.2777777777777777,5.100800584118416,9,106.0,0.28018410618566897,13,238.0,0.3305541615558551,22,344.0
3100.0,22,237.0,4.647058823529412,5.08417430679697,9,132.0,0.2848042190507936,13,194.0,0.3489299369018678,22,326.0
3105.0,24,275.0,5.288461538461538,4.166484967055711,10,137.0,0.2740956375927346,14,216.0,0.21892890832862497,24,353.0
3110.0,22,253.0,4.865384615384615,4.369899668784575,9,146.0,0.2728912216169215,13,203.0,0.2055649094964777,22,349.0
3115.0,17,271.0,5.313725490196078,5.02220193451051,5,146.0,0.31355576694164433,12,225.0,0.21007351471748525,17,371.0
3120.0,18,244.0,4.60377358490566,5.135649386089132,3,102.0,0.348436090428791,15,253.0,0.1777816582424869,18,355.0
3125.0,25,273.0,4.875,5.468948713429171,8,86.0,0.33518984508122485,17,302.0,0.24689431929083736,25,388.0
3130.0,22,349.0,6.711538461538462,5.878312888362223,6,100.0,0.4336761622337662,16,324.0,0.3332091460558807,22,424.0
3135.0,20,361.0,6.5636363636363635,6.24538073988909,6,96.0,0.5055788472531045,14,341.0,0.28557034665734626,20,437.0
3140.0,15,268.0,4.872727272727273,7.18529406808531,4,72.0,0.518318928400586,11,305.0,0.32423018465124626,15,377.0
3145.0,19,239.0,4.345454545454546,5.592881722220642,6,87.0,0.3656943864589648,13,298.0,0.19644811058053288,19,385.0
3150.0,21,148.0,2.740740740740741,5.459601066480398,7,89.0,0.3658493374414033,14,284.0,0.23707732838034906,21,373.0
3155.0,21,202.0,3.740740740740741,5.9997139837922795,8,100.0,0.518649201994883,13,328.0,0.3222804576801966,21,428.0
3160.0,18,187.0,3.462962962962963,5.925958416234374,6,89.0,0.39340072871363696,12,333.0,0.34404563117861264,18,422.0
3165.0,19,218.0,4.037037037037037,5.5709238300191215,4,46.0,0.49492928316272256,15,355.0,0.1528634460892262,19,401.0
3170.0,21,282.0,5.035714285714286,5.5914000643657955,4,49.0,0.4762998724862766,17,381.0,0.1363849389829431,21,430.0
3175.0,25,289.0,5.160714285714286,5.158975556332236,10,87.0,0.4382233792206719,15,374.0,0.19186142605707734,25,461.0
3180.0,21,290.0,5.471698113207547,5.377093032205998,8,106.0,0.3925396399604581,13,292.0,0.3143356672605636,21,398.0
3185.0,20,287.0,5.125,5.146283715955848,7,112.0,0.2658124576091099,13,299.0,0.28076230468615976,20,411.0
3190.0,22,261.0,4.5,5.274827854728024,11,116.0,0.1946294856198918,11,292.0,0.30343859904936815,22,408.0
3195.0,21,249.0,4.527272727272727,5.739179066800364,11,144.0,0.31463561209835283,10,281.0,0.3403639290612687,21,425.0
3200.0,23,247.0,4.8431372549019605,4.969705331433686,8,146.0,0.3823080173153791,15,271.0,0.25407085471777263,23,417.0
3205.0,23,303.0,5.716981132075472,4.832844242131153,8,129.0,0.386884722938763,15,299.0,0.22204436992826942,23,428.0
3210.0,22,306.0,5.464285714285714,5.378571412576844,8,125.0,0.27234533754191265,14,319.0,0.3366738565429606,22,444.0
3215.0,16,309.0,5.065573770491803,6.258082856888259,5,99.0,0.3477466212334782,11,327.0,0.31951068133178645,16,426.0
3220.0,16,246.0,3.967741935483871,6.280365299398461,6,98.0,0.43893774940851205,10,308.0,0.24224176126920363,16,406.0
3225.0,24,256.0,4.129032258064516,6.108244505321305,11,117.0,0.49847375572153696,13,302.0,0.24115431865437412,24,419.0
3230.0,22,228.0,3.8,5.082414349171226,9,149.0,0.4210423126270891,13,263.0,0.24020750128554222,22,412.0
3235.0,24,247.0,4.116666666666666,4.767129253985084,11,145.0,0.3528329757403148,13,282.0,0.23861528752167108,24,427.0
3240.0,26,255.0,4.553571428571429,4.991479665421063,13,168.0,0.2998276209188935,13,283.0,0.24069065795579112,26,451.0
3245.0,25,291.0,4.770491803278689,4.790256642952163,13,179.0,0.28149243015281344,12,299.0,0.21639573095199527,25,478.0
3250.0,24,301.0,5.016666666666667,5.449869771328932,12,209.0,0.32263846597418544,12,286.0,0.3313932481621666,24,495.0
3255.0,26,374.0,6.131147540983607,5.5479164820137825,14,240.0,0.3239572640553405,12,300.0,0.37691406230379376,26,540.0
3260.0,25,390.0,6.610169491525424,4.712884349313511,13,279.0,0.2337137409910811,12,295.0,0.38127059507243893,25,574.0
3265.0,23,394.0,6.677966101694915,4.7835447705410825,12,272.0,0.304128973318969,11,300.0,0.28838344585044423,23,572.0
3270.0,25,365.0,6.186440677966102,4.255975566332849,12,252.0,0.2748445626574559,13,284.0,0.12837493471781802,25,536.0
3275.0,29,409.0,6.704918032786885,4.6661222216045335,13,231.0,0.24316290959604175,16,333.0,0.20569527918107586,29,564.0
3280.0,29,463.0,7.590163934426229,4.30563361977757,13,259.0,0.31424633886860603,16,376.0,0.20844856998129813,29,635.0
3285.0,28,346.0,5.580645161290323,3.8758022739218463,13,254.0,0.3491725523620345,15,340.0,0.17391074998352482,28,594.0
3290.0,29,398.0,6.524590163934426,4.076353252170002,12,286.0,0.35117387343256207,17,352.0,0.2237212912301927,29,638.0
3295.0,31,442.0,7.491525423728813,4.328401706028146,14,295.0,0.36093708799016044,17,387.0,0.16331025546044842,31,682.0
3300.0,23,430.0,7.049180327868853,4.0005431727586815,13,312.0,0.23575766728783606,10,370.0,0.150693832154518,23,682.0
3305.0,24,348.0,5.612903225806452,4.495539593208596,16,352.0,0.15599344331958867,8,305.0,0.29747538899567294,24,657.0
3310.0,31,386.0,6.327868852459017,4.433952328639574,18,389.0,0.15754524574184645,13,226.0,0.3389214812346016,31,615.0
3315.0,30,462.0,7.333333333333333,4.936538529936012,18,393.0,0.23598027759618345,12,244.0,0.3532378840825211,30,637.0
3320.0,27,483.0,7.666666666666667,4.32688518540163,17,437.0,0.10892046249708354,10,222.0,0.37580968460059166,27,659.0
3325.0,26,511.0,7.861538461538461,4.753915273169707,14,437.0,0.1474629416277619,12,259.0,0.32937311177101003,26,696.0
3330.0,25,397.0,6.203125,5.483330600308907,10,330.0,0.25683791298081154,15,315.0,0.3087637956153556,25,645.0
3335.0,25,455.0,7.109375,5.252202622236837,9,248.0,0.3744542539169806,16,360.0,0.24503222348351003,25,608.0
3340.0,23,470.0,8.24561403508772,5.182483210530836,10,258.0,0.3688319572926129,13,378.0,0.2659326492565491,23,636.0
3345.0,21,354.0,5.80327868852459,4.619791342149557,8,218.0,0.26119745358631674,13,364.0,0.24581540334952284,21,582.0
3350.0,26,373.0,6.216666666666667,4.103929779833517,10,187.0,0.2623515207524976,16,376.0,0.18845520368201357,26,563.0
3355.0,29,473.0,7.629032258064516,4.743346576163899,11,201.0,0.3746397374669904,18,436.0,0.24520461705239452,29,637.0
3360.0,24,525.0,8.333333333333334,5.220670997322506,12,220.0,0.3349768033326849,12,444.0,0.28180122027512977,24,664.0
3365.0,22,525.0,8.60655737704918,5.825451079095514,13,230.0,0.2909968469156898,9,407.0,0.40772382365052584,22,637.0
3370.0,27,606.0,10.1,4.493437552620228,15,294.0,0.1745373356467733,12,405.0,0.28889380128196696,27,699.0
3375.0,32,578.0,9.633333333333333,4.077747592054674,16,358.0,0.20723835732298337,16,390.0,0.24843665155599337,32,748.0
3380.0,29,393.0,6.140625,4.2418010870787315,15,330.0,0.16493242055309476,14,283.0,0.29885251939109764,29,613.0
3385.0,23,368.0,5.661538461538462,5.281106163228941,10,267.0,0.34750032794920144,13,318.0,0.299750928526623,23,585.0
3390.0,20,263.0,4.046153846153846,5.175009924973042,7,208.0,0.42791122010095667,13,311.0,0.16556771678543614,20,519.0
3395.0,22,317.0,4.731343283582089,5.550534745906604,9,183.0,0.407868154265899,13,331.0,0.2291426739485664,22,514.0
3400.0,26,392.0,5.681159420289855,5.101198526309088,8,185.0,0.33512393617625974,18,339.0,0.25212938939059415,26,524.0
3405.0,26,354.0,5.53125,4.914466759062379,8,191.0,0.39927213489201385,18,343.0,0.2205772831608832,26,534.0
3410.0,32,444.0,6.8307692307692305,5.094741288127881,9,213.0,0.426411295674479,23,350.0,0.20410905846129118,32,563.0
3415.0,32,528.0,7.880597014925373,4.626722896992314,11,248.0,0.40026692770232336,21,397.0,0.1278508937402155,32,645.0
3420.0,27,407.0,6.074626865671642,5.036447515120913,13,241.0,0.300396380629291,14,383.0,0.2326068663830284,27,624.0
3425.0,25,311.0,4.507246376811594,5.176817926981806,14,200.0,0.24857427496734263,11,358.0,0.3364191382491692,25,558.0
3430.0,27,324.0,4.695652173913044,4.676825207141126,16,247.0,0.17169790392220122,11,338.0,0.3064501043046395,27,585.0
3435.0,26,371.0,5.455882352941177,4.67358830107441,11,252.0,0.28102805026754907,15,359.0,0.24480689217425,26,611.0
3440.0,21,275.0,4.104477611940299,4.848273319579531,11,210.0,0.24225430732691014,10,313.0,0.23570532535570737,21,523.0
3445.0,27,321.0,4.52112676056338,5.436780346373683,12,191.0,0.229159789076856,15,363.0,0.2996682659360636,27,554.0
3450.0,31,412.0,6.0588235294117645,4.56929565149577,12,220.0,0.16830083145061142,19,414.0,0.28856305544093475,31,634.0
3455.0,31,515.0,8.174603174603174,4.233275959427653,12,234.0,0.24792593882206213,19,450.0,0.22391024132975387,31,684.0
3460.0,28,506.0,8.161290322580646,4.356118198369475,10,224.0,0.329992835155481,18,451.0,0.1255933478820004,28,675.0
3465.0,26,587.0,9.171875,4.788178434666451,10,227.0,0.2964396519853027,16,520.0,0.2049719329089432,26,747.0
3470.0,33,646.0,9.938461538461539,4.957652525434544,11,234.0,0.2657815651457787,22,585.0,0.25958434431235594,33,819.0
3475.0,32,539.0,8.292307692307693,4.7450799897564915,9,216.0,0.4065049644585851,23,595.0,0.23372258057807443,32,811.0
3480.0,30,401.0,5.985074626865671,4.056312493215708,8,206.0,0.3588979532105103,22,551.0,0.21750929273731945,30,757.0
3485.0,32,371.0,5.3768115942028984,4.159293338001971,12,212.0,0.33274208638684694,20,552.0,0.2308232101867708,32,764.0
3490.0,37,438.0,5.918918918918919,4.410224712181815,12,221.0,0.3718084247749341,25,618.0,0.20817991709731096,37,839.0
3495.0,35,551.0,7.652777777777778,4.290575369771584,6,188.0,0.43295356167509885,29,704.0,0.14435686457759583,35,892.0
3500.0,35,688.0,9.82857142857143,4.52699491537463,6,199.0,0.5521477501002879,29,751.0,0.09466764202652093,35,950.0
3505.0,32,660.0,9.166666666666666,3.5800134275195106,6,176.0,0.40418877870634706,26,791.0,0.0947432436152015,32,967.0
3510.0,32,447.0,6.123287671232877,3.6529296455426086,11,149.0,0.28431519611110734,21,729.0,0.17660213672018552,32,878.0
3515.0,30,400.0,5.47945205479452,4.181067947081895,14,197.0,0.1252921707243607,16,658.0,0.2842606288415067,30,855.0
3520.0,25,355.0,4.671052631578948,4.729402758377513,11,223.0,0.18115978186465667,14,644.0,0.23225177403862113,25,867.0
3525.0,27,325.0,4.333333333333333,4.809706628954597,9,193.0,0.2710785770107868,18,650.0,0.19332162187141924,27,843.0
3530.0,32,381.0,5.148648648648648,4.3850399714035735,9,175.0,0.3421403354165032,23,680.0,0.18779189080663067,32,855.0
3535.0,34,449.0,5.986666666666666,4.68743457175916,9,194.0,0.3621043568179228,25,718.0,0.22350093889891554,34,912.0
3540.0,29,456.0,6.333333333333333,4.894718372115223,6,188.0,0.47894075824568977,23,761.0,0.1977510245103919,29,949.0
3545.0,38,568.0,7.780821917808219,3.9393448729225002,9,196.0,0.34944457405610074,29,851.0,0.10668209866624587,38,1047.0
3550.0,41,646.0,8.72972972972973,4.04565847354352,11,204.0,0.3681949979632028,30,879.0,0.14231115842757364,41,1083.0
3555.0,33,518.0,7.617647058823529,3.605013155937037,12,235.0,0.22917660378302365,21,771.0,0.19906361232857325,33,1006.0
3560.0,31,528.0,7.764705882352941,4.238553280776884,16,294.0,0.20657437381428467,15,664.0,0.22827159039835615,31,958.0
3565.0,28,589.0,8.924242424242424,5.007169636860765,12,325.0,0.20144994448445674,16,570.0,0.28131921767139323,28,895.0
3570.0,24,604.0,10.23728813559322,5.998036386543815,7,289.0,0.31612444767129866,17,539.0,0.28043776969292056,24,828.0
3575.0,18,389.0,7.339622641509434,4.794033719268854,4,127.0,0.2321939138312902,14,509.0,0.16537247362487612,18,636.0
3580.0,27,452.0,8.692307692307692,4.848665885296745,10,162.0,0.29582654222977556,17,470.0,0.16110907725536722,27,632.0
3585.0,24,400.0,8.0,5.006778326552228,8,163.0,0.46333170363121734,16,465.0,0.13920417619555708,24,628.0
3590.0,21,310.0,5.636363636363637,5.587237555972743,7,163.0,0.4638160860886444,14,419.0,0.2321055451777369,21,582.0
3595.0,17,221.0,3.9464285714285716,5.596211233820101,7,135.0,0.3640587498805039,10,398.0,0.3547902989194559,17,533.0
3600.0,18,275.0,5.092592592592593,6.553024550182919,6,85.0,0.39269435082746407,12,406.0,0.4257060927740662,18,491.0
3605.0,19,244.0,4.357142857142857,5.725806912630559,7,102.0,0.42350124046911136,12,397.0,0.2989925045443208,19,499.0
3610.0,22,236.0,4.068965517241379,6.372235736517691,11,143.0,0.4399690630029716,11,325.0,0.33179010625211824,22,468.0
3615.0,18,279.0,5.072727272727272,4.478370557043098,7,170.0,0.23456201186469708,11,334.0,0.2521256324604015,18,504.0
3620.0,18,344.0,5.931034482758621,6.172325820675462,8,191.0,0.31146934610547483,10,362.0,0.35037879068140504,18,553.0
3625.0,19,253.0,4.6,5.966729356376474,8,133.0,0.3782896825588967,11,342.0,0.22801517494245402,19,475.0
3630.0,25,290.0,5.576923076923077,5.880845890340148,9,124.0,0.4191033535471337,16,276.0,0.2470035712321652,25,400.0
3635.0,19,246.0,5.020408163265306,4.319013611789722,6,98.0,0.2993123223829293,13,286.0,0.19886824361291705,19,384.0
3640.0,26,325.0,7.065217391304348,4.439267475331708,12,128.0,0.2072869206544246,14,286.0,0.2614077917357614,26,414.0
3645.0,23,275.0,5.978260869565218,4.253183023161822,10,149.0,0.19867719923567825,13,260.0,0.2396387551217492,23,409.0
3650.0,15,296.0,6.297872340425532,6.038961030339731,6,144.0,0.41615522334216204,9,266.0,0.24589328024538712,15,410.0
3655.0,11,128.0,3.0476190476190474,6.235280804315254,4,91.0,0.5561931464964951,7,243.0,0.21202838748597289,11,334.0
3660.0,14,143.0,3.3255813953488373,8.032496271297305,6,68.0,0.5543339554402905,8,180.0,0.4331953816956127,14,248.0
3665.0,12,101.0,2.2954545454545454,7.139994411226402,5,46.0,0.5299270182382201,7,120.0,0.4193202572740427,12,166.0
3670.0,15,162.0,3.306122448979592,7.720644086239649,7,64.0,0.5382502768444914,8,162.0,0.44274826733028805,15,226.0
3675.0,12,122.0,2.392156862745098,6.585365247572497,6,63.0,0.4534773485872275,6,156.0,0.41496508126834947,12,219.0
3680.0,11,145.0,2.7884615384615383,7.750578432996974,6,48.0,0.4153095714888478,5,146.0,0.5394037144801274,11,194.0
3685.0,14,192.0,3.764705882352941,6.779414348668727,7,66.0,0.2972093642641769,7,171.0,0.3674703783717897,14,237.0
3690.0,22,187.0,3.5961538461538463,5.780593243136712,15,124.0,0.1790846808732644,7,134.0,0.3083663746459906,22,258.0
3695.0,23,238.0,4.958333333333333,5.166241256354619,14,178.0,0.22686398720355075,9,88.0,0.29692884847118184,23,266.0
3700.0,18,244.0,5.4222222222222225,5.2319450900650475,11,196.0,0.26033336631204984,7,85.0,0.3739389155355371,18,281.0
3705.0,17,255.0,5.204081632653061,6.060030335431543,9,207.0,0.3567047349019807,8,105.0,0.36320648074857614,17,312.0
3710.0,17,271.0,5.113207547169812,6.639996992386891,10,203.0,0.3991859469893119,7,105.0,0.38044158767831965,17,308.0
3715.0,19,246.0,4.730769230769231,6.570978467544918,11,175.0,0.3757330307665894,8,131.0,0.4484536045939214,19,306.0
3720.0,17,194.0,3.88,5.648996508408508,12,162.0,0.26312168462182817,5,112.0,0.3772975362227217,17,274.0
3725.0,17,182.0,3.7142857142857144,4.7470123170296645,13,195.0,0.21322578912114026,4,78.0,0.27836018782787747,17,273.0
3730.0,18,206.0,4.382978723404255,5.682438246102353,11,183.0,0.2525210344278294,7,83.0,0.2757433357899864,18,266.0
3735.0,16,140.0,3.111111111111111,5.350432633718885,11,189.0,0.1769845252406236,5,82.0,0.36515588668193816,16,271.0
3740.0,17,178.0,3.7872340425531914,7.0130028233887085,13,188.0,0.20622118679133497,4,67.0,0.6274895413060704,17,255.0
3745.0,16,208.0,4.521739130434782,6.744800827942913,11,214.0,0.30932339369397105,5,69.0,0.5924153537603358,16,283.0
3750.0,16,268.0,5.826086956521739,7.131954626233335,10,213.0,0.4285335946430328,6,96.0,0.47809390304311244,16,309.0
3755.0,15,231.0,4.62,6.123828985980039,10,210.0,0.3477370276194371,5,78.0,0.34021418512149243,15,288.0
3760.0,17,215.0,4.3,6.758738509573437,8,202.0,0.3890003884013742,9,114.0,0.43923635976359665,17,316.0
3765.0,16,218.0,4.739130434782608,5.711610678206168,10,201.0,0.3632683276782721,6,100.0,0.421556049170981,16,301.0
3770.0,16,162.0,3.24,5.787094993830287,10,195.0,0.27186191846733915,6,70.0,0.5134170688073149,16,265.0
3775.0,23,248.0,4.96,5.368901163591363,14,193.0,0.1446921995495344,9,110.0,0.4299353511169686,23,303.0
3780.0,20,206.0,3.814814814814815,6.048300140449055,13,217.0,0.2719826470469011,7,86.0,0.4918011703712654,20,303.0
3785.0,12,194.0,3.9591836734693877,7.498866631924402,8,201.0,0.4149289981745779,4,79.0,0.5212538171820557,12,280.0
3790.0,15,178.0,3.869565217391304,6.1398835435326875,10,206.0,0.3622150677536122,5,79.0,0.3601551180552486,15,285.0
3795.0,19,205.0,4.1,5.613170492253546,11,203.0,0.29500139913565465,8,78.0,0.320178272089101,19,281.0
3800.0,18,155.0,3.0392156862745097,5.374935417262407,10,169.0,0.3044889491479913,8,102.0,0.40162776424799035,18,271.0
3805.0,21,245.0,4.803921568627451,5.795168942505041,15,212.0,0.24836617029009864,6,113.0,0.5002214370671267,21,325.0
3810.0,20,248.0,4.96,5.100833884269204,15,239.0,0.18149432811130128,5,112.0,0.47910228797225185,20,351.0
3815.0,17,249.0,4.69811320754717,5.9989827371066164,10,226.0,0.2685720777182788,7,89.0,0.39419829828883984,17,315.0
3820.0,12,167.0,3.2745098039215685,6.249034548984907,8,198.0,0.3766632624127921,4,64.0,0.35234007730287703,12,262.0
3825.0,18,215.0,4.3,7.028438814072677,11,201.0,0.36589465236088065,7,87.0,0.5311856692025327,18,288.0
3830.0,19,234.0,4.68,5.47285301732846,12,241.0,0.2921187345816627,7,68.0,0.47523389446161085,19,309.0
3835.0,18,303.0,5.9411764705882355,6.142265010437601,11,257.0,0.3463358841117501,7,103.0,0.3556163489016016,18,360.0
3840.0,17,273.0,5.25,5.741648190546124,10,263.0,0.31113649320859216,7,97.0,0.2862051895732098,17,360.0
3845.0,20,358.0,7.16,6.276350042066823,12,301.0,0.24465338141185886,8,110.0,0.38094554596406816,20,411.0
3850.0,20,368.0,7.36,5.175937186548338,13,335.0,0.12451703354133672,7,117.0,0.46478975592584754,20,452.0
3855.0,15,386.0,7.423076923076923,6.512473565831877,10,348.0,0.23620581577757307,5,96.0,0.49848008232745933,15,444.0
3860.0,11,197.0,3.94,6.6131281446113235,7,253.0,0.34028916487310074,4,72.0,0.4639446566392596,11,325.0
3865.0,19,176.0,3.3846153846153846,6.246001012612307,10,153.0,0.4004958364206974,9,96.0,0.33397144744988033,19,249.0
3870.0,19,139.0,2.7254901960784315,5.737193313021911,7,136.0,0.41967775321205114,12,101.0,0.386349622499837,19,237.0
3875.0,22,228.0,4.384615384615385,6.035552560478876,11,166.0,0.36092532656463927,11,138.0,0.41154649753711636,22,304.0
3880.0,23,220.0,3.9285714285714284,4.650092997252862,11,182.0,0.3362952185777554,12,172.0,0.23775044434472645,23,354.0
3885.0,20,257.0,4.589285714285714,5.723925447965426,8,159.0,0.41874519312068287,12,182.0,0.20510165447355236,20,341.0
3890.0,20,210.0,3.9622641509433962,4.742361401823599,7,141.0,0.28629358577165354,13,199.0,0.11664246203269334,20,340.0
3895.0,21,195.0,3.5454545454545454,5.146497826042034,11,141.0,0.25103232364430483,10,197.0,0.27864817920196977,21,338.0
3900.0,17,181.0,3.232142857142857,5.779997770304563,10,168.0,0.33795179351690435,7,189.0,0.41612909394957853,17,357.0
3905.0,19,244.0,4.60377358490566,6.347856849724749,8,169.0,0.38802221631124034,11,213.0,0.44650080682624216,19,382.0
3910.0,18,275.0,5.188679245283019,4.751680593891111,6,177.0,0.33674402199237824,12,237.0,0.18735983637862236,18,414.0
3915.0,24,336.0,5.793103448275862,5.552960809527557,9,180.0,0.4527419339314687,15,255.0,0.22105515911168375,24,435.0
3920.0,23,363.0,6.482142857142857,4.901995066264864,9,206.0,0.4429941621323992,14,288.0,0.2638152301890435,23,494.0
3925.0,20,358.0,6.067796610169491,5.787862564255127,10,221.0,0.41090276957640315,10,269.0,0.31275652447466556,20,490.0
3930.0,20,318.0,5.129032258064516,5.7322422634417896,10,251.0,0.28966240589150033,10,250.0,0.28138103776421813,20,501.0
3935.0,24,337.0,5.184615384615385,5.92334679125225,11,284.0,0.18093461123907034,13,218.0,0.33602959350987366,24,502.0
3940.0,22,262.0,4.440677966101695,5.212766659024903,9,189.0,0.27378650340424143,13,245.0,0.29388949269223985,22,434.0
3945.0,20,283.0,4.639344262295082,6.6403555564519765,10,157.0,0.34185972210676085,10,235.0,0.3924535722510693,20,392.0
3950.0,19,259.0,4.046875,6.385262696887267,9,169.0,0.3776424771876077,10,239.0,0.35337231640302996,19,408.0
3955.0,21,287.0,4.629032258064516,6.076734083475109,6,167.0,0.47226745696270717,15,239.0,0.22795011184778252,21,406.0
3960.0,24,312.0,5.288135593220339,5.025054033195228,7,175.0,0.46910531831386026,17,274.0,0.16819560465222042,24,449.0
3965.0,29,404.0,6.516129032258065,5.234180454794836,12,186.0,0.4377537525827365,17,320.0,0.18274032117523092,29,506.0
3970.0,30,386.0,5.848484848484849,4.572986546611763,12,215.0,0.34551909055563745,18,317.0,0.24509158337566386,30,532.0
3975.0,35,545.0,7.898550724637682,4.832548805918138,17,291.0,0.31398169147073346,18,347.0,0.3122993145012577,35,638.0
3980.0,33,543.0,7.647887323943662,4.6212955144937515,17,336.0,0.287547967468148,16,361.0,0.3394349948160959,33,697.0
3985.0,21,402.0,5.661971830985915,4.812219468170192,10,334.0,0.23504605150153574,11,310.0,0.27129364704083325,21,644.0
3990.0,21,291.0,4.041666666666667,5.4169504689293095,9,241.0,0.2211398433662908,12,278.0,0.3369506292245881,21,519.0
3995.0,27,319.0,4.430555555555555,4.9820462672929455,14,222.0,0.21887881871145884,13,304.0,0.22827451703465582,27,526.0
4000.0,34,406.0,5.8,5.059425436109791,17,241.0,0.24662900025847942,17,334.0,0.30231973754374125,34,575.0
4005.0,26,457.0,7.253968253968254,4.2940364943758516,9,244.0,0.25664974667089774,17,368.0,0.20583967416887322,26,612.0
4010.0,24,410.0,6.40625,4.966288661185582,12,231.0,0.20391423611376752,12,390.0,0.2668233276314501,24,621.0
4015.0,25,347.0,5.338461538461538,4.553065336884879,12,199.0,0.19760864601296077,13,374.0,0.17379566825822654,25,573.0
4020.0,29,310.0,4.769230769230769,4.817247466856675,13,232.0,0.21968513295202488,16,346.0,0.21714200308603057,29,578.0
4025.0,22,274.0,4.491803278688525,5.274198015990653,8,210.0,0.3907851939443121,14,364.0,0.17215466085927303,22,574.0
4030.0,22,310.0,5.166666666666667,4.752474316415119,6,211.0,0.42359155475101273,16,382.0,0.03457802210913808,22,593.0
4035.0,29,371.0,6.081967213114754,4.876503871585704,13,238.0,0.37939427480404453,16,417.0,0.2195084923239552,29,655.0
4040.0,23,372.0,5.8125,5.744293102261034,14,269.0,0.3192762054738818,9,376.0,0.42778054667035564,23,645.0
4045.0,18,314.0,4.8307692307692305,5.7537065808034065,12,272.0,0.2947908528795239,6,305.0,0.3523529599576991,18,577.0
4050.0,22,263.0,3.6527777777777777,5.950648240028972,12,238.0,0.3647146800591996,10,263.0,0.20234016581725497,22,501.0
4055.0,31,370.0,5.4411764705882355,5.283909960189482,19,303.0,0.3065158545466935,12,307.0,0.22809890803016325,31,610.0
4060.0,35,511.0,7.861538461538461,4.978889760276124,22,383.0,0.27802343557708364,13,367.0,0.3601626338347564,35,750.0
4065.0,26,541.0,8.453125,3.909623858386696,17,428.0,0.2020681050614898,9,368.0,0.25891335145980404,26,796.0
4070.0,26,539.0,8.421875,5.126983409620902,17,434.0,0.24648967142798275,9,325.0,0.3020395043220116,26,759.0
4075.0,28,526.0,8.21875,5.194182913405032,18,467.0,0.18518619854783244,10,268.0,0.2905222749064529,28,735.0
4080.0,30,481.0,7.287878787878788,5.107548147740862,20,480.0,0.17834690652484325,10,176.0,0.32957625942731794,30,656.0
4085.0,27,357.0,5.758064516129032,4.697906250218056,18,447.0,0.19905093513321417,9,196.0,0.39677124679144055,27,643.0
4090.0,26,343.0,5.716666666666667,4.853744787824594,14,486.0,0.2535436267227407,12,230.0,0.3918952543179765,26,716.0
4095.0,27,365.0,5.887096774193548,4.5125544317587565,18,521.0,0.23772943399777235,9,235.0,0.35045801334074606,27,756.0
4100.0,30,460.0,6.666666666666667,4.378146956293686,20,555.0,0.1935312931611529,10,223.0,0.27837314300704735,30,778.0
4105.0,29,447.0,6.295774647887324,5.041884033398766,20,553.0,0.24155518327783637,9,180.0,0.3228248855792218,29,733.0
4110.0,28,449.0,6.0675675675675675,5.4771153398411,16,576.0,0.28485311549043263,12,153.0,0.3599684802684316,28,729.0
4115.0,32,544.0,7.555555555555555,5.026700340681953,21,581.0,0.21704549141044982,11,188.0,0.370126463381431,32,769.0
4120.0,30,485.0,6.928571428571429,4.713367446931046,23,597.0,0.13045897693155148,7,189.0,0.39668381097276106,30,786.0
4125.0,29,380.0,5.352112676056338,4.946508012668049,19,518.0,0.11820526856881086,10,218.0,0.36735127322659383,29,736.0
4130.0,33,464.0,6.3561643835616435,4.5645015186388616,17,532.0,0.21855426254686766,16,285.0,0.21045666357518875,33,817.0
4135.0,33,426.0,5.916666666666667,4.799251138830778,17,517.0,0.2591847797461311,16,304.0,0.27151274354735705,33,821.0
4140.0,32,527.0,7.422535211267606,4.059248182103822,17,535.0,0.19515856231148895,15,314.0,0.26524983365552257,32,849.0
4145.0,28,558.0,7.9714285714285715,4.444242767173407,15,500.0,0.26416584981399777,13,347.0,0.22644510960463474,28,847.0
4150.0,29,540.0,7.9411764705882355,4.996627354859712,15,487.0,0.29210415627415853,14,337.0,0.13152805363581782,29,824.0
4155.0,32,424.0,6.057142857142857,4.498237241427503,17,467.0,0.19419939766344813,15,303.0,0.1440811236709634,32,770.0
4160.0,30,371.0,5.621212121212121,4.250311326434641,19,484.0,0.170322594858589,11,261.0,0.26681591733093063,30,745.0
4165.0,30,369.0,6.049180327868853,3.9954734914675254,20,477.0,0.15953614526347126,10,280.0,0.3354639467769411,30,757.0
4170.0,28,433.0,6.873015873015873,4.020718068271149,17,523.0,0.19925004945391248,11,275.0,0.2778337656424196,28,798.0
4175.0,23,389.0,5.8059701492537314,5.235622068894885,13,511.0,0.3396787068470895,10,271.0,0.261121436099667,23,782.0
4180.0,24,441.0,6.485294117647059,5.866537448238241,15,522.0,0.3019052429633328,9,273.0,0.3191617624933906,24,795.0
4185.0,27,475.0,7.196969696969697,4.465867597556176,18,531.0,0.1791523742181504,9,265.0,0.19385416275090375,27,796.0
4190.0,32,558.0,8.454545454545455,3.923532882816042,21,590.0,0.14831779027619899,11,209.0,0.30108851299077466,32,799.0
4195.0,30,510.0,8.095238095238095,3.9672913288049503,21,612.0,0.19747221365167167,9,156.0,0.32755642216931286,30,768.0
4200.0,25,603.0,9.421875,5.40361577327274,17,664.0,0.2722561053197537,8,144.0,0.4271485687626894,25,808.0
4205.0,24,364.0,5.777777777777778,5.871742618900393,15,553.0,0.2861926090957002,9,133.0,0.4003080117836771,24,686.0
4210.0,28,474.0,7.645161290322581,5.245082357443189,19,493.0,0.28355783986376465,9,161.0,0.22379799642827647,28,654.0
4215.0,31,412.0,6.754098360655738,3.707886225546745,20,493.0,0.18632282589184382,11,159.0,0.23345673698477717,31,652.0
4220.0,25,326.0,5.344262295081967,4.468096738565831,20,454.0,0.19247429584069276,5,134.0,0.32731152922463363,25,588.0
4225.0,26,393.0,6.046153846153846,5.956734114053596,20,517.0,0.24188318345107626,6,134.0,0.480369682639093,26,651.0
4230.0,20,322.0,4.666666666666667,6.388980150127129,16,525.0,0.1527357108684278,4,117.0,0.5783828135101236,20,642.0
4235.0,22,272.0,4.059701492537314,6.2316698389102925,16,493.0,0.22295677201131942,6,116.0,0.47959767209684767,22,609.0
4240.0,25,236.0,3.420289855072464,5.854493835337071,17,470.0,0.2843445182495893,8,135.0,0.3536862503777037,25,605.0
4245.0,25,304.0,4.825396825396825,5.09364927731268,18,493.0,0.22805772626960502,7,141.0,0.3999778782584689,25,634.0
4250.0,26,339.0,5.059701492537314,4.216673042229722,20,481.0,0.09609517026789866,6,159.0,0.38997709554669396,26,640.0
4255.0,34,414.0,5.914285714285715,4.655933666333972,22,535.0,0.15221927139663183,12,187.0,0.4835640816693616,34,722.0
4260.0,26,395.0,5.337837837837838,5.7217376272613345,17,519.0,0.30868443531788814,9,215.0,0.44591442561483674,26,734.0
4265.0,24,374.0,5.054054054054054,5.634915101000387,16,490.0,0.33998572610492533,8,214.0,0.3336732664172672,24,704.0
4270.0,34,362.0,4.826666666666667,4.754853460421552,20,535.0,0.28625994945837513,14,162.0,0.19351229267277945,34,697.0
4275.0,40,447.0,5.96,3.893500900665838,26,566.0,0.15267767296910942,14,169.0,0.2306619020907851,40,735.0
4280.0,39,428.0,5.558441558441558,3.8921786318727105,27,604.0,0.19324976537182703,12,177.0,0.22939858942366656,39,781.0
4285.0,41,516.0,6.615384615384615,4.197148960447801,28,688.0,0.1587153468579543,13,203.0,0.3394574668584925,41,891.0
4290.0,41,528.0,6.769230769230769,3.789454774748724,28,742.0,0.10553751039486166,13,223.0,0.36660299752435893,41,965.0
4295.0,37,585.0,7.597402597402597,3.9737054985535956,28,851.0,0.05766058583846398,9,199.0,0.4310266580049741,37,1050.0
4300.0,43,728.0,9.454545454545455,3.5059665708905103,30,951.0,0.04988091107013284,13,229.0,0.29472504804482463,43,1180.0
4305.0,49,782.0,9.89873417721519,3.2326722673884394,30,993.0,0.10427085165489865,19,260.0,0.20151371662291842,49,1253.0
4310.0,41,593.0,7.602564102564102,3.4926055727646554,20,897.0,0.1735864362675217,21,323.0,0.1313569496547311,41,1220.0
4315.0,37,631.0,8.413333333333334,4.236124381256467,14,830.0,0.25790246885374124,23,368.0,0.13173682343864782,37,1198.0
4320.0,37,579.0,7.423076923076923,4.12975852466057,16,832.0,0.2450361378823735,21,370.0,0.16240884857590193,37,1202.0
4325.0,38,606.0,8.08,4.316885569604346,17,797.0,0.26271357194588935,21,391.0,0.18479598349966947,38,1188.0
4330.0,38,654.0,9.083333333333334,3.2835395019699343,20,807.0,0.19002311752097442,18,423.0,0.22087125612828548,38,1230.0
4335.0,31,497.0,6.5394736842105265,4.05132559010882,18,745.0,0.11643264281786923,13,372.0,0.26646665259333496,31,1117.0
4340.0,23,565.0,7.434210526315789,6.080851453271431,15,715.0,0.20093377101494986,8,299.0,0.3879479449930019,23,1014.0
4345.0,20,547.0,7.493150684931507,6.650676285988772,14,700.0,0.2683192060767954,6,209.0,0.4148057075169151,20,909.0
4350.0,26,596.0,8.63768115942029,5.501390765943396,16,655.0,0.2896170916732895,10,180.0,0.2677430671861312,26,835.0
4355.0,31,563.0,8.402985074626866,4.318787137360317,18,660.0,0.28539671731532973,13,177.0,0.20284961269608567,31,837.0
4360.0,35,711.0,10.772727272727273,4.660668108457714,20,738.0,0.3182332583206992,15,212.0,0.2525082320913249,35,950.0
4365.0,33,755.0,11.102941176470589,4.389768223502997,21,798.0,0.2554497283205038,12,213.0,0.31137822868090015,33,1011.0
4370.0,24,714.0,10.656716417910447,4.652004049024403,16,807.0,0.13669410216310504,8,174.0,0.3299782009885075,24,981.0
4375.0,24,735.0,11.307692307692308,4.44453599169428,17,857.0,0.12412304203563003,7,157.0,0.26167057575361935,24,1014.0
4380.0,35,860.0,13.030303030303031,4.740626469393246,21,907.0,0.08130688173309009,14,199.0,0.31317900440976204,35,1106.0
4385.0,34,693.0,11.55,3.9099388724722144,22,867.0,0.08225887670995659,12,191.0,0.3346722677983965,34,1058.0
4390.0,27,376.0,6.266666666666667,5.219748842751664,17,743.0,0.14518721587239805,10,160.0,0.4667558472350681,27,903.0
4395.0,23,318.0,5.213114754098361,4.847117702943724,15,744.0,0.2198380494709054,8,154.0,0.3796033562802089,23,898.0
4400.0,17,230.0,3.7704918032786887,5.754038183543728,8,678.0,0.2407363493205508,9,132.0,0.42198769878357273,17,810.0
4405.0,20,286.0,4.612903225806452,4.5656114513104225,10,615.0,0.16167709951159193,10,165.0,0.27200050030491574,20,780.0
4410.0,26,374.0,5.753846153846154,4.935940161460577,11,448.0,0.188877028959162,15,228.0,0.23356933481774053,26,676.0
4415.0,29,457.0,7.253968253968254,4.997390245021543,13,455.0,0.23965475221619445,16,279.0,0.3315973850019461,29,734.0
4420.0,21,481.0,7.885245901639344,5.377438979747007,9,415.0,0.26619416946583874,12,282.0,0.3175652988592048,21,697.0
4425.0,18,399.0,6.879310344827586,5.118620286480434,7,324.0,0.27702773170051154,11,245.0,0.21790940675828346,18,569.0
4430.0,26,454.0,7.566666666666666,5.872949278140128,11,300.0,0.265050883927529,15,213.0,0.29949227944211443,26,513.0
4435.0,21,369.0,6.589285714285714,5.480235111323331,8,275.0,0.2913837440644336,13,212.0,0.3116613465393519,21,487.0
4440.0,24,451.0,8.50943396226415,5.249905174402639,10,304.0,0.35359488608172845,14,204.0,0.25380452826757216,24,508.0
4445.0,24,482.0,8.925925925925926,3.998902105224053,8,335.0,0.3044739018915395,16,230.0,0.18933910281916808,24,565.0
4450.0,24,498.0,8.892857142857142,5.090943115007848,12,389.0,0.3321405389430401,12,214.0,0.2572296192439766,24,603.0
4455.0,22,280.0,4.912280701754386,4.672726067580879,10,267.0,0.3489494469594093,12,226.0,0.25562558919798134,22,493.0
4460.0,25,319.0,5.229508196721311,5.984831456163139,11,190.0,0.35416358421804306,14,243.0,0.3703545262520752,25,433.0
4465.0,26,288.0,4.571428571428571,5.475300989641125,11,168.0,0.30849752942633346,15,268.0,0.35794280870810286,26,436.0
4470.0,15,237.0,3.95,6.12252181062433,4,93.0,0.41673636787651724,11,248.0,0.31717412121092453,15,341.0
4475.0,21,233.0,3.9491525423728815,5.058616685390191,7,120.0,0.23406770466116705,14,254.0,0.20877345010192225,21,374.0
4480.0,27,294.0,4.741935483870968,5.256921968574813,12,173.0,0.21780253101450286,15,249.0,0.23512353628256064,27,422.0
4485.0,27,281.0,4.683333333333334,4.826768344075508,12,192.0,0.3557489390389685,15,260.0,0.2029515350699,27,452.0
4490.0,22,324.0,5.586206896551724,5.871417528696191,7,185.0,0.49229253943908213,15,244.0,0.1964896633540425,22,429.0
4495.0,20,287.0,4.948275862068965,5.603713554998357,4,146.0,0.4785171668731093,16,267.0,0.17512680258937097,20,413.0
4500.0,23,351.0,6.051724137931035,5.7010067060273215,10,156.0,0.2474603884972008,13,273.0,0.3118044946654999,23,429.0
4505.0,23,408.0,7.157894736842105,5.121239318516386,11,202.0,0.13123762473226863,12,301.0,0.26858182608031966,23,503.0
4510.0,19,418.0,7.6,5.952554704118604,7,227.0,0.2870858985028624,12,306.0,0.18879396767645376,19,533.0
4515.0,17,174.0,3.1636363636363636,5.852813447457779,5,134.0,0.3570833054055514,12,279.0,0.14684916712109072,17,413.0
4520.0,19,182.0,3.64,6.25015471264881,7,67.0,0.38295925104877226,12,237.0,0.23377771706577702,19,304.0
4525.0,18,188.0,4.086956521739131,5.611395956907731,8,81.0,0.3268982054991472,10,246.0,0.28233285642046724,18,327.0
4530.0,24,278.0,5.56,5.872934356066065,12,138.0,0.31921588313894234,12,271.0,0.37618802882918884,24,409.0
4535.0,24,319.0,6.787234042553192,4.080257175521336,11,150.0,0.26683835382480575,13,316.0,0.2911384934174293,24,466.0
4540.0,16,313.0,6.520833333333333,4.881589696054019,4,123.0,0.3429320412337229,12,358.0,0.2473430001060935,16,481.0
4545.0,16,186.0,3.6470588235294117,4.860208219667693,6,97.0,0.3850272706423549,10,325.0,0.1793492007586133,16,422.0
4550.0,22,205.0,4.1,5.321475246371859,11,123.0,0.3298218418199623,11,253.0,0.2253253733319438,22,376.0
4555.0,20,199.0,4.061224489795919,5.783775179349211,10,137.0,0.3133549775000307,10,226.0,0.23067585310800515,20,363.0
4560.0,12,150.0,3.409090909090909,6.566909304869659,4,110.0,0.3977815613087094,8,151.0,0.20392046642993197,12,261.0
4565.0,10,86.0,2.097560975609756,6.0930519586126355,2,61.0,0.4329058959803212,8,150.0,0.17624939112806404,10,211.0
4570.0,14,112.0,2.9473684210526314,6.378064717256463,7,49.0,0.3910258575916351,7,141.0,0.2559846176001093,14,190.0
4575.0,12,114.0,3.081081081081081,5.938327886838901,7,79.0,0.28609218715044166,5,139.0,0.38419455158037036,12,218.0
4580.0,15,179.0,4.589743589743589,6.718887001686796,9,108.0,0.25835542185164634,6,152.0,0.5108685947713275,15,260.0
4585.0,12,151.0,3.5952380952380953,5.4556047738214986,8,109.0,0.20032692237999747,4,140.0,0.4522448362454218,12,249.0
4590.0,10,148.0,3.5238095238095237,7.315254070949501,3,75.0,0.4626418065089453,7,133.0,0.49048214758032427,10,208.0
4595.0,11,169.0,3.9302325581395348,7.563172610897865,3,62.0,0.6284825351308908,8,162.0,0.41199222694804283,11,224.0
4600.0,16,236.0,5.488372093023256,6.273825711308473,6,84.0,0.5392397279967632,10,202.0,0.27028245367885956,16,286.0
4605.0,14,175.0,4.166666666666667,5.204354360760368,4,88.0,0.4223550287567357,10,176.0,0.3221568796029427,14,264.0
4610.0,16,188.0,4.177777777777778,5.557987319579827,8,88.0,0.24960995745346826,8,130.0,0.3114196266581435,16,218.0
4615.0,14,196.0,4.260869565217392,5.818360819138254,5,109.0,0.2630072300735575,9,116.0,0.23175814079609003,14,225.0
4620.0,19,236.0,4.816326530612245,6.74368409484953,10,153.0,0.23667267056964872,9,132.0,0.3815643487821322,19,285.0
4625.0,14,137.0,2.9782608695652173,6.162989999554229,8,102.0,0.38961055167728964,6,123.0,0.4264616926455337,14,225.0
4630.0,16,212.0,4.608695652173913,6.231648945388551,8,128.0,0.3748395488125172,8,145.0,0.43141272045592094,16,273.0
4635.0,17,189.0,4.2,5.1805323008843045,8,138.0,0.37940076608035583,9,146.0,0.29028453277453836,17,284.0
4640.0,16,219.0,4.866666666666666,5.894899417334494,5,120.0,0.4619218020509339,11,186.0,0.21777756217771396,16,306.0
4645.0,17,184.0,4.181818181818182,4.811756269696863,7,127.0,0.45328493109872514,10,175.0,0.06843522677559678,17,302.0
4650.0,17,202.0,4.488888888888889,6.056526117336495,11,161.0,0.38995617556652423,6,148.0,0.2540557738660975,17,309.0
4655.0,14,189.0,4.2,6.109922058974911,10,172.0,0.2828790747408724,4,99.0,0.44048702515101057,14,271.0
4660.0,11,205.0,4.456521739130435,6.983052034547974,7,172.0,0.4067641279530915,4,59.0,0.415095564346302,11,231.0
4665.0,13,137.0,2.9782608695652173,6.835746661961474,7,100.0,0.4464895602125039,6,85.0,0.4060422959700156,13,185.0
4670.0,20,225.0,4.891304347826087,6.202713702749322,13,134.0,0.35452132721121904,7,120.0,0.36902973706919057,20,254.0
4675.0,19,258.0,5.16,5.333122098020478,15,187.0,0.24663357427096397,4,123.0,0.5237329962292454,19,310.0
4680.0,23,316.0,5.851851851851852,5.540062612926614,18,230.0,0.2286140009835428,5,142.0,0.5678314729974641,23,372.0
4685.0,21,353.0,6.418181818181818,5.224627288425338,15,266.0,0.229594539389361,6,169.0,0.5195388963740224,21,435.0
4690.0,19,334.0,5.661016949152542,6.213657398251096,13,246.0,0.3494252691206536,6,192.0,0.4248601005296045,19,438.0
4695.0,18,326.0,5.52542372881356,5.706789031656513,11,231.0,0.34553379856764277,7,210.0,0.30022821590432464,18,441.0
4700.0,27,343.0,5.532258064516129,5.224982695111532,19,293.0,0.29638427219715807,8,161.0,0.24516428379001168,27,454.0
4705.0,27,394.0,5.880597014925373,5.003559314141654,17,341.0,0.2540155280502841,10,192.0,0.42460522585059984,27,533.0
4710.0,29,329.0,5.061538461538461,5.353913831601616,21,377.0,0.29728161583514345,8,154.0,0.4823527567314571,29,531.0
4715.0,32,389.0,5.720588235294118,4.31243708925888,23,440.0,0.21683329040265678,9,121.0,0.38104126148274914,32,561.0
4720.0,31,356.0,5.014084507042254,4.333627663539404,21,460.0,0.22607661937151552,10,125.0,0.3403498931254829,31,585.0
4725.0,28,346.0,4.805555555555555,4.895985049764259,19,470.0,0.21486951613389885,9,133.0,0.36748011820635823,28,603.0
4730.0,22,221.0,3.112676056338028,4.900301888550011,14,400.0,0.22678244682621662,8,143.0,0.2783621934148305,22,543.0
4735.0,30,304.0,4.3428571428571425,4.51446456399961,17,393.0,0.22787839172086233,13,144.0,0.16912042945144867,30,537.0
4740.0,32,339.0,4.985294117647059,4.148064239244629,18,411.0,0.20255597918895377,14,168.0,0.18797748636799677,32,579.0
4745.0,31,418.0,6.430769230769231,4.720623107135922,19,471.0,0.24820715775939572,12,183.0,0.2832146597089227,31,654.0
4750.0,28,440.0,6.666666666666667,4.007240214604034,17,522.0,0.21035461135677264,11,199.0,0.262996162092052,28,721.0
4755.0,22,444.0,6.9375,4.927838379288998,14,531.0,0.11895165927940736,8,160.0,0.45593715906013665,22,691.0
4760.0,22,339.0,5.65,4.7243734678075935,14,509.0,0.1283446563264207,8,155.0,0.3763494908163569,22,664.0
4765.0,26,424.0,6.523076923076923,5.036031712108105,16,516.0,0.18684029606988267,10,151.0,0.39917230386046315,26,667.0
4770.0,30,475.0,7.786885245901639,4.813891858202029,19,561.0,0.262645420819214,11,165.0,0.3671467125102737,30,726.0
4775.0,27,520.0,8.813559322033898,4.476279351653913,16,570.0,0.2572186536985078,11,197.0,0.38359075412723825,27,767.0
4780.0,30,513.0,8.694915254237289,3.362642434868379,19,620.0,0.2444314282486153,11,196.0,0.1962195286165619,30,816.0
4785.0,27,516.0,8.32258064516129,3.8950233132529464,14,631.0,0.22175402773896818,13,226.0,0.1876872687181522,27,857.0
4790.0,25,376.0,6.163934426229508,4.326717904566573,13,582.0,0.2530083049302808,12,204.0,0.20123443631863927,25,786.0
4795.0,19,209.0,3.3174603174603177,5.186467142961642,12,487.0,0.21119183757994411,7,164.0,0.3470031186834583,19,651.0
4800.0,25,249.0,4.15,3.8695127764752195,17,518.0,0.10380686969332453,8,166.0,0.31139095987154974,25,684.0
4805.0,26,336.0,5.419354838709677,4.805512497496864,13,530.0,0.19857492830074733,13,203.0,0.25907711454927906,26,733.0
4810.0,23,401.0,6.683333333333334,5.202872111120834,12,505.0,0.2601431614060071,11,227.0,0.30626058654817434,23,732.0
4815.0,22,468.0,7.8,5.2992570623300965,15,483.0,0.20193441928308342,7,223.0,0.37619602779263017,22,706.0
4820.0,24,477.0,8.084745762711865,4.4593716335911635,16,539.0,0.16827210590596153,8,198.0,0.36135052039865734,24,737.0
4825.0,22,537.0,8.80327868852459,5.243657292500072,12,565.0,0.2954584080369311,10,197.0,0.3097293746178015,22,762.0
4830.0,18,440.0,7.4576271186440675,4.910072490724478,10,587.0,0.3380153052281492,8,147.0,0.15774126300519514,18,734.0
4835.0,29,559.0,9.637931034482758,5.178693431465422,16,643.0,0.2576758269990022,13,128.0,0.26046929227337323,29,771.0
4840.0,26,515.0,8.728813559322035,4.697279900361433,16,626.0,0.08329986020443018,10,148.0,0.32269973930503904,26,774.0
4845.0,28,393.0,6.661016949152542,5.254544854954157,18,522.0,0.10564272797805685,10,146.0,0.3775668600619306,28,668.0
4850.0,26,422.0,7.4035087719298245,5.103472246320502,15,550.0,0.17399488161602922,11,179.0,0.3249231946557095,26,729.0
4855.0,19,349.0,6.345454545454546,5.526696375436928,8,515.0,0.31301497665070577,11,193.0,0.22752164319275262,19,708.0
4860.0,17,151.0,2.6964285714285716,4.971900667611581,5,408.0,0.3420399939079351,12,174.0,0.1279827348425108,17,582.0
4865.0,25,196.0,3.3220338983050848,5.577610217278489,14,425.0,0.3646935231428172,11,185.0,0.22886006404240056,25,610.0
4870.0,24,269.0,4.338709677419355,5.8652181043515235,15,452.0,0.3882928342375965,9,203.0,0.34515130170217007,24,655.0
4875.0,15,242.0,3.78125,5.715735423614641,9,420.0,0.37091217088578654,6,197.0,0.3402573109548704,15,617.0
4880.0,18,303.0,4.734375,5.265568451771791,10,446.0,0.2953976143304504,8,187.0,0.2554149574928314,18,633.0
4885.0,27,402.0,6.090909090909091,5.058295555523363,16,511.0,0.2736065354465528,11,217.0,0.20271848454356514,27,728.0
4890.0,31,430.0,6.515151515151516,4.819013225524837,22,538.0,0.17183797845958979,9,235.0,0.3678336170405166,31,773.0
4895.0,29,532.0,8.444444444444445,4.354225627304933,22,623.0,0.15412594531830065,7,257.0,0.40632072159554183,29,880.0
4900.0,29,524.0,8.1875,4.6247748504533135,20,559.0,0.20125411938445634,9,276.0,0.3841297586418233,29,835.0
4905.0,30,544.0,8.119402985074627,4.918357499109297,20,419.0,0.20116094882329724,10,304.0,0.35737996599271216,30,723.0
4910.0,29,570.0,8.382352941176471,4.647224505301462,17,440.0,0.1957667365041143,12,331.0,0.3416792775910812,29,771.0
4915.0,26,448.0,6.4,4.889225081331186,13,395.0,0.30172071038133946,13,378.0,0.28100694727554004,26,773.0
4920.0,22,455.0,6.5,5.438489332721166,10,354.0,0.36830734072412696,12,404.0,0.18987170264203027,22,758.0
4925.0,26,438.0,5.918918918918919,5.604281422293146,16,387.0,0.29278226277473884,10,369.0,0.3195514231398444,26,756.0
4930.0,28,438.0,5.615384615384615,5.471278448813673,18,412.0,0.23265309352377886,10,277.0,0.44755711828438477,28,689.0
4935.0,26,357.0,4.636363636363637,5.5495804704310645,17,405.0,0.30234286184946774,9,188.0,0.39066087851450093,26,593.0
4940.0,29,358.0,4.589743589743589,5.39185857762612,17,408.0,0.3245749571674355,12,185.0,0.2748390520589542,29,593.0
4945.0,37,394.0,4.987341772151899,4.717405807162248,23,441.0,0.2737760745327319,14,219.0,0.20637612713041878,37,660.0
4950.0,37,473.0,6.47945205479452,3.242820125046518,27,538.0,0.10481674517842691,10,212.0,0.24492810203577867,37,750.0
4955.0,40,636.0,8.833333333333334,3.067642260683116,30,659.0,0.05999154576225649,10,249.0,0.26610165511847717,40,908.0
4960.0,45,776.0,10.929577464788732,3.3837604102762926,30,749.0,0.12357888578641096,15,294.0,0.23511496099961693,45,1043.0
4965.0,34,784.0,10.453333333333333,4.03739275105861,21,783.0,0.18686887772744332,13,335.0,0.1733970868538875,34,1118.0
4970.0,26,773.0,10.306666666666667,5.192256406836513,17,798.0,0.25720138347882066,9,334.0,0.2652547592133585,26,1132.0
4975.0,28,777.0,9.961538461538462,5.336309111739111,20,832.0,0.21729495510730862,8,283.0,0.32942677139627075,28,1115.0
4980.0,35,671.0,8.602564102564102,4.578516137815948,24,785.0,0.12486414895000832,11,230.0,0.3938722189346268,35,1015.0
4985.0,36,531.0,6.896103896103896,4.606788872846078,25,721.0,0.2038242666648572,11,259.0,0.40163462234711816,36,980.0
4990.0,27,417.0,5.346153846153846,4.6224156454177034,19,760.0,0.2079735573217586,8,247.0,0.39721924770710665,27,1007.0
4995.0,25,257.0,3.2948717948717947,4.561379715139204,13,707.0,0.1497057909169435,12,209.0,0.3431266911784972,25,916.0
5000.0,28,307.0,3.8375,4.920249167624727,14,673.0,0.20894930863516686,14,184.0,0.2714548375095678,28,857.0
5005.0,33,393.0,4.974683544303797,4.448683472049261,16,640.0,0.2182838304502668,17,231.0,0.279547261812634,33,871.0
5010.0,29,436.0,5.7368421052631575,4.793092122300116,18,588.0,0.17296798346943856,11,252.0,0.37637701510672983,29,840.0
5015.0,28,494.0,6.675675675675675,4.11405279452059,15,619.0,0.15758469824598267,13,295.0,0.28905935213620915,28,914.0
5020.0,30,572.0,7.428571428571429,4.630803441333967,12,625.0,0.22209753691560633,18,351.0,0.21947267538787696,30,976.0
5025.0,36,606.0,7.87012987012987,4.081293486979934,16,620.0,0.2240843361300103,20,366.0,0.22150489122512454,36,986.0
5030.0,39,742.0,9.636363636363637,4.654310545038464,18,572.0,0.2355809265019159,21,433.0,0.32928457823876073,39,1005.0
5035.0,37,818.0,10.225,4.121877582009938,17,624.0,0.20323358898547805,20,482.0,0.30987512727237704,37,1106.0
5040.0,30,799.0,9.9875,4.462062798625422,14,643.0,0.268910480108413,16,468.0,0.22245358346544092,30,1111.0
5045.0,32,641.0,7.72289156626506,4.973996380543055,13,564.0,0.2878264682548196,19,487.0,0.22564201971727593,32,1051.0
5050.0,41,585.0,7.048192771084337,4.839271675774657,19,576.0,0.20976296749155574,22,477.0,0.2338648936126065,41,1053.0
5055.0,39,660.0,8.354430379746836,4.050872657948228,20,604.0,0.19272673439252444,19,537.0,0.2351315378773795,39,1141.0
5060.0,40,759.0,9.73076923076923,3.7324571681315106,18,605.0,0.292341850877104,22,587.0,0.1771461565780502,40,1192.0
5065.0,47,839.0,10.756410256410257,3.454764501128815,19,648.0,0.3062484417046604,28,637.0,0.11832019186936146,47,1285.0
5070.0,33,812.0,10.41025641025641,3.530330427216966,15,641.0,0.20609308527564113,18,626.0,0.1318295889375899,33,1267.0
5075.0,32,629.0,7.8625,3.6894763739451975,15,585.0,0.17593297417655068,17,610.0,0.1397055314480078,32,1195.0
5080.0,35,409.0,4.987804878048781,4.455018606754418,19,481.0,0.21331400913840323,16,607.0,0.17480890188332462,35,1088.0
5085.0,42,484.0,5.902439024390244,4.461551842136654,24,535.0,0.2402370500746078,18,589.0,0.2440864131466503,42,1124.0
5090.0,39,471.0,6.038461538461538,3.711379199501481,23,570.0,0.1685648026454917,16,538.0,0.2794065926012359,39,1108.0
5095.0,42,486.0,6.311688311688312,3.459323709019863,23,612.0,0.20218683383753552,19,567.0,0.28832789395670483,42,1179.0
5100.0,40,572.0,7.2405063291139244,3.8203556440292847,25,663.0,0.15236078997251135,15,563.0,0.2831956485457965,40,1226.0
5105.0,42,654.0,8.384615384615385,3.463787299990885,26,711.0,0.09324147043722156,16,559.0,0.2778724020253933,42,1270.0
5110.0,34,561.0,6.841463414634147,4.385723078612831,18,672.0,0.22505168326043853,16,551.0,0.1834369110921397,34,1223.0
5115.0,31,484.0,5.902439024390244,3.9286622995623355,12,595.0,0.2767396697354355,19,553.0,0.10148617742381441,31,1148.0
5120.0,38,500.0,6.172839506172839,4.228439282473282,17,556.0,0.23705701709530422,21,534.0,0.20468939106532047,38,1090.0
5125.0,43,609.0,7.6125,3.662116382055242,22,575.0,0.19103485579047425,21,598.0,0.23293543042511064,43,1173.0
5130.0,47,733.0,9.1625,2.9270703653471166,25,611.0,0.15548376029555316,22,672.0,0.15102100948376682,47,1283.0
5135.0,50,803.0,10.294871794871796,2.522182732592722,28,650.0,0.10644985487650498,22,707.0,0.17165316913947276,50,1357.0
5140.0,37,613.0,7.961038961038961,3.3455780748423427,22,591.0,0.08129579288531492,15,662.0,0.17464470730387494,37,1253.0
5145.0,29,610.0,7.922077922077922,4.6445408650056,17,552.0,0.18814283270674323,12,615.0,0.19523329322509944,29,1167.0
5150.0,25,644.0,8.586666666666666,5.642257144186824,13,492.0,0.2919084041221288,12,592.0,0.16046593484003396,25,1084.0
5155.0,26,576.0,8.0,5.4455276648548585,9,456.0,0.36279217968142274,17,572.0,0.13330242553874153,26,1028.0
5160.0,30,349.0,5.287878787878788,4.459827711185614,15,429.0,0.20382547285216113,15,472.0,0.250369316107691,30,901.0
5165.0,34,399.0,6.234375,4.5972178495274525,17,454.0,0.2747225089034185,17,374.0,0.30592240226242645,34,828.0
5170.0,31,417.0,6.415384615384616,4.694861573719588,16,453.0,0.29978467349134047,15,373.0,0.3065074388357947,31,826.0
5175.0,20,342.0,5.029411764705882,5.0828285763762375,13,467.0,0.19654719633286608,7,296.0,0.36075128450338395,20,763.0
5180.0,18,295.0,4.402985074626866,6.288423504635881,12,408.0,0.2275206130532967,6,239.0,0.3875774016833781,18,647.0
5185.0,15,209.0,3.1666666666666665,5.696753012021416,6,350.0,0.27076642334918555,9,227.0,0.2838153551470355,15,577.0
5190.0,25,196.0,3.111111111111111,4.584550564510817,13,332.0,0.289895048844897,12,214.0,0.13934487096805503,25,546.0
5195.0,31,283.0,4.564516129032258,4.081244226276376,15,340.0,0.3018257027341925,16,269.0,0.18023106063765937,31,609.0
5200.0,29,363.0,6.1525423728813555,4.646949956756702,10,303.0,0.3674088727439001,19,347.0,0.17877341091762208,29,650.0
5205.0,24,361.0,5.82258064516129,4.1968418979002795,9,266.0,0.27185979680200834,15,383.0,0.18887973724904605,24,649.0
5210.0,24,351.0,5.2388059701492535,5.03685996708957,13,264.0,0.21843495607104668,11,356.0,0.3232265792755799,24,620.0
5215.0,25,309.0,4.478260869565218,4.951455549360715,15,298.0,0.19006682763356467,10,298.0,0.37358693031586526,25,596.0
5220.0,22,290.0,4.142857142857143,5.94938822419,10,300.0,0.2754758608575579,12,284.0,0.4292114506159047,22,584.0
5225.0,22,245.0,3.356164383561644,5.202322749653766,8,239.0,0.28708241486236524,14,293.0,0.336393632499997,22,532.0
5230.0,30,342.0,4.684931506849315,5.440768415444044,15,215.0,0.19580837085359348,15,282.0,0.39223800971507394,30,497.0
5235.0,36,461.0,6.492957746478873,4.2284037521844855,18,270.0,0.06760615499621749,18,326.0,0.3003496383680003,36,596.0
5240.0,32,543.0,7.869565217391305,4.384602994575022,10,277.0,0.16866217700942066,22,380.0,0.21173115174430923,32,657.0
5245.0,29,493.0,7.144927536231884,3.900174836333848,7,213.0,0.2575823207998208,22,462.0,0.09869614574231465,29,675.0
5250.0,34,594.0,8.735294117647058,4.5836137169942575,12,229.0,0.29924671178359663,22,521.0,0.14002167587909867,34,750.0
5255.0,33,662.0,9.880597014925373,4.323159321961047,12,251.0,0.33652350978827994,21,586.0,0.14787463937863832,33,837.0
5260.0,23,688.0,10.424242424242424,6.080379558494399,5,221.0,0.42518827350522537,18,617.0,0.26432871488330123,23,838.0
5265.0,20,440.0,6.769230769230769,5.223618184810357,4,136.0,0.3627468397654486,16,586.0,0.18526426328448267,20,722.0
5270.0,28,281.0,4.532258064516129,5.076285651277272,12,99.0,0.25723864369156696,16,508.0,0.2174685782129974,28,607.0
5275.0,28,312.0,5.379310344827586,4.504149964551897,11,149.0,0.28451975792342354,17,529.0,0.24815818115556168,28,678.0
5280.0,28,391.0,6.627118644067797,4.229020132119699,13,197.0,0.2648957522672687,15,571.0,0.26979687547544284,28,768.0
5285.0,27,413.0,6.883333333333334,4.374848135469576,11,203.0,0.21686070049820644,16,569.0,0.26225143796024025,27,772.0
5290.0,23,344.0,5.639344262295082,4.965838174162327,5,146.0,0.3935422968191978,18,592.0,0.15426260022067934,23,738.0
5295.0,17,345.0,5.655737704918033,6.213756712419077,4,112.0,0.46564022720663134,13,566.0,0.19827896515482996,17,678.0
5300.0,18,312.0,5.032258064516129,5.974718685994082,3,67.0,0.3508853992434376,15,563.0,0.22498546787458165,18,630.0
5305.0,26,346.0,5.864406779661017,5.749497779725089,9,86.0,0.28504758314735096,17,502.0,0.24132296232121728,26,588.0
5310.0,23,299.0,5.75,4.274760565650332,7,106.0,0.334160938666345,16,499.0,0.1893899373042818,23,605.0
5315.0,23,300.0,5.660377358490566,4.8996917884517,4,88.0,0.4963154211055427,19,457.0,0.11659696824080593,23,545.0
5320.0,24,288.0,5.538461538461538,4.541198164638724,5,45.0,0.42625840298253725,19,495.0,0.14232470668124944,24,540.0
5325.0,21,299.0,5.98,5.716993982946902,8,82.0,0.2981352456262403,13,474.0,0.28849863429391065,21,556.0
5330.0,20,310.0,6.458333333333333,4.103123535207684,10,113.0,0.2271646336675051,10,387.0,0.23376135216882704,20,500.0
5335.0,23,364.0,7.0,5.335392327463195,12,156.0,0.3468247245322463,11,312.0,0.32788883914162836,23,468.0
5340.0,21,373.0,6.322033898305085,6.127218615231405,7,156.0,0.5268750977921796,14,336.0,0.3219210676416142,21,492.0
5345.0,17,394.0,6.793103448275862,7.090040942732088,4,116.0,0.6249790824265963,13,382.0,0.3298858437237195,17,498.0
5350.0,18,365.0,6.293103448275862,5.509934828091882,3,53.0,0.497122076603984,15,428.0,0.2047548246401306,18,481.0
5355.0,30,472.0,8.0,4.932084804257062,14,82.0,0.337101407124127,16,472.0,0.20605989237697186,30,554.0
5360.0,30,338.0,5.9298245614035086,3.635520760109919,15,130.0,0.19784225517044762,15,407.0,0.1537595555372009,30,537.0
5365.0,25,386.0,6.771929824561403,4.772331539603985,11,160.0,0.25864840246704773,14,304.0,0.16877411251497987,25,464.0
5370.0,19,299.0,5.75,5.035245334521841,7,165.0,0.3311458506005035,12,279.0,0.16544195801714567,19,444.0
5375.0,17,243.0,4.673076923076923,5.934277095772358,10,155.0,0.21658028052645242,7,189.0,0.3740039756874871,17,344.0
5380.0,18,201.0,4.02,5.551884404904621,13,154.0,0.26399536722713146,5,169.0,0.3061131899427742,18,323.0
5385.0,23,277.0,5.770833333333333,5.887688531427621,12,163.0,0.3072064939864515,11,199.0,0.35820319517492016,23,362.0
5390.0,17,279.0,6.065217391304348,5.480366410225755,9,174.0,0.26601992090255844,8,224.0,0.46037102242638683,17,398.0
5395.0,17,276.0,5.872340425531915,5.4581900760659225,6,139.0,0.3052811496566097,11,261.0,0.27575803027507406,17,400.0
5400.0,16,271.0,5.313725490196078,5.237548790106092,6,156.0,0.32055683987735006,10,255.0,0.24667413630807297,16,411.0
5405.0,14,297.0,5.5,7.425725971003563,9,175.0,0.3665344112946536,5,223.0,0.4533420485929868,14,398.0
5410.0,13,331.0,6.490196078431373,7.200930404136539,7,170.0,0.2648176191607315,6,227.0,0.5855804432455781,13,397.0
5415.0,10,347.0,7.081632653061225,7.310520321734107,5,139.0,0.4058634969511686,5,232.0,0.4668657818008953,10,371.0
5420.0,16,387.0,8.23404255319149,6.204015228498914,6,151.0,0.3884777969520241,10,272.0,0.2514051749564781,16,423.0
5425.0,17,229.0,4.490196078431373,5.730011423991743,7,172.0,0.3901531184091887,10,190.0,0.2748631152870912,17,362.0
5430.0,18,277.0,5.653061224489796,6.090641511545735,8,187.0,0.3660157178342807,10,117.0,0.43488605445739736,18,304.0
5435.0,18,327.0,6.411764705882353,6.8231847724028665,11,231.0,0.3808481314991451,7,145.0,0.5514154475402125,18,376.0
5440.0,17,349.0,6.232142857142857,6.536622188746041,8,242.0,0.35545594531178015,9,157.0,0.5002160937482683,17,399.0
5445.0,16,285.0,5.089285714285714,6.297435855100821,6,233.0,0.4598884240789863,10,148.0,0.32425563143708797,16,381.0
5450.0,11,85.0,1.5454545454545454,5.780670456275043,4,98.0,0.3812275261577157,7,77.0,0.20928008155471442,11,175.0
5455.0,25,155.0,2.6724137931034484,4.878883996514806,12,122.0,0.21604742586406853,13,116.0,0.23722941272035888,25,238.0
5460.0,27,248.0,4.275862068965517,4.933155417464309,12,160.0,0.22498260439803036,15,173.0,0.29398856853334304,27,333.0
5465.0,21,272.0,4.945454545454545,4.976310430347399,8,157.0,0.35955932641607385,13,211.0,0.2526311646785218,21,368.0
5470.0,24,273.0,4.706896551724138,5.8971039607751825,8,134.0,0.44273870839448665,16,243.0,0.27271669776496754,24,377.0
5475.0,22,269.0,4.483333333333333,5.657320809057253,8,117.0,0.424463347342674,14,266.0,0.23606689200320338,22,383.0
5480.0,16,222.0,3.639344262295082,6.231699582255587,7,125.0,0.3250179766457558,9,227.0,0.4148535649842976,16,352.0
5485.0,22,214.0,3.689655172413793,5.372335520199061,13,165.0,0.24016032950816554,9,191.0,0.36352549595802713,22,356.0
5490.0,23,220.0,3.6666666666666665,5.145290077520803,12,190.0,0.31354175667125295,11,188.0,0.2556238520694782,23,378.0
5495.0,23,250.0,4.310344827586207,5.374342863854518,11,181.0,0.4153555554715586,12,224.0,0.17929001109513945,23,405.0
5500.0,25,326.0,5.52542372881356,5.117992030985815,9,192.0,0.3493947120884203,16,259.0,0.17795097970148246,25,451.0
5505.0,24,314.0,5.064516129032258,5.606130173958597,11,205.0,0.4129341236966832,13,274.0,0.2366113123481186,24,479.0
5510.0,19,216.0,3.4838709677419355,6.191262984277502,12,178.0,0.3736129565950724,7,218.0,0.4193650238805059,19,396.0
5515.0,23,227.0,3.721311475409836,5.1653742062700765,17,207.0,0.23607894724241354,6,196.0,0.39004686372870023,23,403.0
5520.0,33,294.0,4.523076923076923,4.569903500079642,21,268.0,0.20262652449105806,12,196.0,0.32842045600804304,33,464.0
5525.0,32,401.0,6.1692307692307695,4.602329872750914,20,333.0,0.24737774005971633,12,218.0,0.36291318525667116,32,551.0
5530.0,27,438.0,7.064516129032258,4.781563604262338,18,375.0,0.20607466137442573,9,217.0,0.40558973277063565,27,592.0
5535.0,20,263.0,4.311475409836065,5.152173028545507,14,366.0,0.2307517746607754,6,155.0,0.3411278462576481,20,521.0
5540.0,18,199.0,3.1587301587301586,4.7711928251697,11,370.0,0.26497360509910894,7,105.0,0.11716290371736121,18,475.0
5545.0,27,234.0,3.7142857142857144,4.884308337829631,16,331.0,0.22955235770576973,11,140.0,0.2373186208890441,27,471.0
5550.0,31,384.0,6.193548387096774,5.518355221556298,19,392.0,0.21993847193173838,12,200.0,0.420710956915819,31,592.0
5555.0,25,413.0,6.661290322580645,5.180606492637624,17,423.0,0.18882417700297063,8,215.0,0.5132900108146573,25,638.0
5560.0,17,346.0,5.40625,5.790854856750656,12,379.0,0.1616415066230094,5,175.0,0.4957195017896154,17,554.0
5565.0,20,281.0,4.323076923076923,5.110416070615393,12,365.0,0.24898514807175676,8,171.0,0.2715482195464244,20,536.0
5570.0,31,380.0,5.588235294117647,5.63370415840226,17,344.0,0.29800871246839333,14,208.0,0.2670334374542114,31,552.0
5575.0,27,291.0,4.343283582089552,5.4333390704005256,15,350.0,0.3281864750496588,12,184.0,0.33056188102510425,27,534.0
5580.0,30,369.0,5.951612903225806,4.912019000849983,17,337.0,0.30590360465802097,13,201.0,0.3537428605751283,30,538.0
5585.0,32,371.0,5.455882352941177,3.7323030042791165,19,344.0,0.26305444058245636,13,208.0,0.26232687884440137,32,552.0
5590.0,22,302.0,4.507462686567164,4.511556920807457,13,295.0,0.2575905229143634,9,170.0,0.2689428665693269,22,465.0
5595.0,16,313.0,4.4714285714285715,4.895141718131624,9,282.0,0.22551210248886347,7,188.0,0.26521568884955243,16,470.0
5600.0,23,370.0,5.0,5.418384504405226,12,318.0,0.2727059208333099,11,193.0,0.2548595979182758,23,511.0
5605.0,30,457.0,6.924242424242424,4.456358021824344,17,341.0,0.20003115998906296,13,222.0,0.3197106455330301,30,563.0
5610.0,21,487.0,7.609375,5.110186734918324,12,356.0,0.20180591618523244,9,228.0,0.29672435759335064,21,584.0
5615.0,19,436.0,7.032258064516129,5.1582363062009415,10,380.0,0.2667437793674867,9,180.0,0.1473022165567141,19,560.0
5620.0,23,334.0,5.475409836065574,5.369988354588908,9,304.0,0.29807238105817185,14,181.0,0.08798945905130817,23,485.0
5625.0,21,299.0,5.155172413793103,5.467830689462116,10,212.0,0.3537753937259781,11,215.0,0.19067500275411903,21,427.0
5630.0,20,352.0,6.175438596491228,6.091168817156219,10,247.0,0.285761111309858,10,219.0,0.33370391861782533,20,466.0
5635.0,16,324.0,6.48,6.285445200988061,8,254.0,0.2532697537487208,8,201.0,0.36908715380251816,16,455.0
5640.0,17,245.0,5.0,4.98135444835275,8,187.0,0.21638707022650874,9,192.0,0.09515840429858075,17,379.0
5645.0,23,311.0,6.479166666666667,5.328854109723202,12,208.0,0.2806647642419716,11,228.0,0.2647255215905886,23,436.0
5650.0,20,371.0,7.2745098039215685,5.417715839592009,10,240.0,0.27975782908326347,10,245.0,0.39366270389077856,20,485.0
5655.0,12,240.0,4.444444444444445,6.382731174236775,7,244.0,0.42779294305293547,5,168.0,0.43626148885559457,12,412.0
5660.0,16,249.0,4.368421052631579,7.3334433513145,6,206.0,0.4745563578885712,10,140.0,0.40839138011628473,16,346.0
5665.0,15,182.0,3.033333333333333,6.7725415713851636,7,167.0,0.44515699248115664,8,134.0,0.3460207626653641,15,301.0
5670.0,20,111.0,1.9473684210526316,5.296244407523171,12,148.0,0.22163772538866666,8,81.0,0.3622634738543195,20,229.0
5675.0,24,172.0,3.0714285714285716,5.0602658897412,16,186.0,0.1647285797934656,8,77.0,0.40249298926589006,24,263.0
5680.0,20,186.0,3.263157894736842,5.341561240206222,14,222.0,0.2200433109143439,6,71.0,0.39805844144823377,20,293.0
5685.0,18,137.0,2.6346153846153846,5.575456160066234,9,199.0,0.3449255594955764,9,89.0,0.2404893637389159,18,288.0
5690.0,22,182.0,3.5,4.958182062380796,9,194.0,0.33467107615718444,13,133.0,0.08569146656710752,22,327.0
5695.0,24,205.0,3.9423076923076925,4.512169050700435,14,209.0,0.27768055416350645,10,148.0,0.17587158702460426,24,357.0
5700.0,20,224.0,4.226415094339623,4.755946515716893,14,235.0,0.18460517234392906,6,122.0,0.40985983988843216,20,357.0
5705.0,14,207.0,3.980769230769231,6.145472923204549,10,217.0,0.26073253053607537,4,113.0,0.46720491877935383,14,330.0
5710.0,17,219.0,4.132075471698113,6.021664994353055,9,232.0,0.24889625191432319,8,125.0,0.3181948184413476,17,357.0
5715.0,22,239.0,4.425925925925926,5.515042408493447,15,233.0,0.21764417140111636,7,130.0,0.3904273075156085,22,363.0
5720.0,21,302.0,6.04,5.269549436807591,15,266.0,0.1755529842083351,6,129.0,0.49731442925431596,21,395.0
5725.0,15,247.0,5.040816326530612,5.654841122428135,10,268.0,0.24664713765726584,5,106.0,0.36292286232935883,15,374.0
5730.0,13,156.0,3.12,6.144633676299573,9,220.0,0.23124713885984385,4,45.0,0.23025622949242627,13,265.0
5735.0,18,201.0,4.02,6.412570074487309,10,231.0,0.30105175003235324,8,51.0,0.416247879985644,18,282.0
5740.0,21,270.0,5.510204081632653,6.283947919732904,13,262.0,0.28681182244306225,8,91.0,0.5236283460232919,21,353.0
5745.0,18,331.0,7.195652173913044,5.379189799778929,13,303.0,0.2436239158660606,5,103.0,0.5490454345393965,18,406.0
5750.0,22,368.0,7.076923076923077,4.832934139574129,14,326.0,0.2907876972096019,8,127.0,0.3873147101739737,22,453.0
5755.0,19,293.0,5.745098039215686,5.114131599771019,9,294.0,0.3358654797060505,10,118.0,0.30150455385084335,19,412.0
5760.0,16,182.0,3.3703703703703702,5.324835776771842,10,223.0,0.24684456351953268,6,93.0,0.3332258488783044,16,316.0
5765.0,24,190.0,3.1666666666666665,5.6030326186196335,16,186.0,0.15076928546352394,8,101.0,0.3858778437920895,24,287.0
5770.0,26,262.0,4.158730158730159,6.051412922268619,15,235.0,0.27308262283394646,11,128.0,0.4598316800278548,26,363.0
5775.0,21,307.0,5.116666666666666,6.33544094822726,12,263.0,0.4002712805942746,9,153.0,0.46761669023305336,21,416.0
5780.0,21,312.0,5.032258064516129,5.2744920653093015,11,262.0,0.34905688296783316,10,148.0,0.32713874067897286,21,410.0
5785.0,20,234.0,3.6,5.647766794949336,10,217.0,0.3231965969947996,10,139.0,0.27934866074668907,20,356.0
5790.0,26,208.0,3.3015873015873014,4.900041837221658,11,178.0,0.2608617629218388,15,151.0,0.14487345480364267,26,329.0
5795.0,31,276.0,4.246153846153846,4.802127812175784,17,218.0,0.22186728474451078,14,170.0,0.18919945078768494,31,388.0
5800.0,28,366.0,5.809523809523809,5.263711228376893,15,269.0,0.29168716102194164,13,200.0,0.31371637078747033,28,469.0
5805.0,24,396.0,6.387096774193548,5.101874819076695,12,271.0,0.3495215245699083,12,217.0,0.2559455035840992,24,488.0
5810.0,19,342.0,5.516129032258065,6.1516860109970946,12,274.0,0.3722173527982842,7,205.0,0.31234371332349536,19,479.0
5815.0,21,302.0,4.7936507936507935,5.584937169350195,14,302.0,0.2877125084963594,7,174.0,0.28790535590981403,21,476.0
5820.0,31,347.0,5.257575757575758,5.068457023187852,21,339.0,0.216775643128002,10,164.0,0.36546279065546877,31,503.0
5825.0,30,287.0,4.555555555555555,4.413107392850019,21,355.0,0.2281886707758214,9,181.0,0.38337212244062313,30,536.0
5830.0,29,320.0,5.0,4.850610572568058,15,400.0,0.334583635086319,14,231.0,0.33056094437768957,29,631.0
5835.0,23,238.0,3.6615384615384614,4.683488122472255,11,387.0,0.29883243366171136,12,243.0,0.2732212185957137,23,630.0
5840.0,22,187.0,2.6714285714285713,4.262789420865441,14,414.0,0.12684945056664,8,195.0,0.2912795331697391,22,609.0
5845.0,29,217.0,2.9726027397260273,4.8598140347378385,23,492.0,0.1267449886360565,6,170.0,0.3697289371085574,29,662.0
5850.0,33,324.0,4.2631578947368425,5.222364679592878,23,561.0,0.2420065712379666,10,179.0,0.36350704030240344,33,740.0
5855.0,26,383.0,5.175675675675675,5.197072239451561,16,563.0,0.30901688494772633,10,178.0,0.30784677090255,26,741.0
5860.0,26,354.0,4.985915492957746,5.068214663216423,17,559.0,0.24909708048326182,9,140.0,0.27982564207112204,26,699.0
5865.0,30,449.0,6.1506849315068495,5.60031028803176,21,561.0,0.16571198399590567,9,135.0,0.375041869601427,30,696.0
5870.0,32,503.0,6.797297297297297,5.15681853204048,24,595.0,0.13043737124473767,8,150.0,0.3157279528538811,32,745.0
5875.0,31,442.0,6.225352112676056,4.800798618675547,20,559.0,0.1936118886895258,11,163.0,0.30036924039994234,31,722.0
5880.0,27,374.0,5.5,4.51767299985749,14,586.0,0.2184525326533355,13,206.0,0.31415116442703667,27,792.0
5885.0,21,343.0,5.622950819672131,4.262355887800626,13,567.0,0.17263310204463672,8,215.0,0.28258189337210793,21,782.0
5890.0,21,211.0,3.403225806451613,3.758578704144616,14,577.0,0.08282854971545876,7,163.0,0.24474058042361693,21,740.0
5895.0,34,313.0,4.6716417910447765,4.562664193237654,20,594.0,0.1672779111122709,14,174.0,0.30762109605830373,34,768.0
5900.0,36,376.0,5.7846153846153845,4.41915388589702,21,613.0,0.21461751113390892,15,189.0,0.34547612718640575,36,802.0
5905.0,32,432.0,6.545454545454546,3.9452619184447006,19,567.0,0.27123774229584857,13,217.0,0.26625563961250226,32,784.0
5910.0,29,379.0,5.573529411764706,3.4795596070685653,12,570.0,0.2862043451164847,17,246.0,0.16705902470135597,29,816.0
5915.0,21,264.0,3.7183098591549295,4.878861609587974,8,521.0,0.3449229802921011,13,238.0,0.2189275227981099,21,759.0
5920.0,18,180.0,2.5714285714285716,5.239089257780589,10,468.0,0.17169923255495076,8,211.0,0.29266092022740803,18,679.0
5925.0,29,246.0,3.5652173913043477,5.000897875248992,18,493.0,0.05154189001810778,11,221.0,0.24146749706451553,29,714.0
5930.0,33,327.0,5.274193548387097,3.8834171218475313,20,515.0,0.08719040493442004,13,243.0,0.22597091963024785,33,758.0
5935.0,29,379.0,5.8307692307692305,4.010978997540227,16,467.0,0.19858312189360364,13,266.0,0.23351951797910925,29,733.0
5940.0,19,319.0,5.316666666666666,5.0204415320435425,10,475.0,0.29151054857491465,9,249.0,0.3448085416787505,19,724.0
5945.0,16,250.0,4.098360655737705,5.163501383318679,7,431.0,0.25821247517677354,9,221.0,0.26597040530834953,16,652.0
5950.0,27,334.0,5.566666666666666,4.500628490007923,10,403.0,0.23888245368195468,17,271.0,0.14132974864956296,27,674.0
5955.0,29,399.0,6.762711864406779,4.489734410144423,11,342.0,0.27594053108893496,18,327.0,0.2013340709804847,29,669.0
5960.0,25,476.0,8.067796610169491,5.381030680366271,10,358.0,0.3835908014285425,15,362.0,0.29763859353324623,25,720.0
5965.0,25,488.0,8.56140350877193,3.938785305228468,11,376.0,0.2945198035125487,14,380.0,0.24770464862071864,25,756.0
5970.0,20,439.0,7.701754385964913,4.8534177410673776,10,368.0,0.3105187926481282,10,339.0,0.2554110856188953,20,707.0
5975.0,23,503.0,8.245901639344263,4.5088519174696025,13,383.0,0.12832280458527945,10,378.0,0.2817509388036989,23,761.0
5980.0,28,596.0,9.169230769230769,4.5792098508098205,12,366.0,0.1886333577674453,16,442.0,0.27182615991171594,28,808.0
5985.0,32,339.0,5.467741935483871,4.296432516248194,12,267.0,0.26441261848660674,20,433.0,0.2857286850313582,32,700.0
5990.0,32,403.0,6.296875,4.5163145191980325,13,234.0,0.30836858512138204,19,377.0,0.27909076031626034,32,611.0
5995.0,33,422.0,6.393939393939394,3.7279562352861415,12,249.0,0.2504509290974799,21,406.0,0.20218411994020155,33,655.0
6000.0,25,337.0,5.265625,5.187607277540533,9,215.0,0.3253720658538068,16,376.0,0.21094704149182572,25,591.0
6005.0,24,350.0,5.303030303030303,4.461070807947587,8,189.0,0.1972714042270868,16,443.0,0.16826856891665296,24,632.0
6010.0,34,467.0,6.867647058823529,4.411475932213427,13,227.0,0.28894532437886994,21,516.0,0.13633426691140377,34,743.0
6015.0,34,523.0,8.046153846153846,4.2168915584660285,11,235.0,0.36618741386875514,23,591.0,0.20650599370863454,34,826.0
6020.0,36,663.0,10.2,4.289883777762512,10,213.0,0.39912127333528624,26,691.0,0.22589139192402524,36,904.0
6025.0,37,699.0,10.753846153846155,3.083803390767257,11,193.0,0.24400332726821009,26,745.0,0.17976857546045044,37,938.0
6030.0,30,653.0,9.893939393939394,4.122829526666941,10,153.0,0.23319850467373526,20,719.0,0.1775143685335945,30,872.0
6035.0,23,636.0,9.9375,5.232940420593101,7,132.0,0.296585647216117,16,709.0,0.23153067411124695,23,841.0
6040.0,27,755.0,11.615384615384615,6.246918255510801,9,114.0,0.3111453328057285,18,726.0,0.26880598185354115,27,840.0
6045.0,23,763.0,13.385964912280702,5.254283813674081,5,109.0,0.3514969692182141,18,772.0,0.23104832729726058,23,881.0
6050.0,27,834.0,14.379310344827585,5.198002012070207,8,119.0,0.4219344746700222,19,833.0,0.15324791431462464,27,952.0
6055.0,29,691.0,12.796296296296296,4.591966279917392,8,123.0,0.4062096603375872,21,789.0,0.17119987729825872,29,912.0
6060.0,27,429.0,7.660714285714286,4.223859712017432,8,123.0,0.3118482037635736,19,709.0,0.1984253095840775,27,832.0
6065.0,25,359.0,6.527272727272727,4.824233373905307,7,107.0,0.3908666864774958,18,643.0,0.2897795211405095,25,750.0
6070.0,25,382.0,6.821428571428571,4.973973846513538,7,91.0,0.4255815973187922,18,677.0,0.21632148228262343,25,768.0
6075.0,21,294.0,5.068965517241379,4.597055452552254,6,79.0,0.3522352941736626,15,652.0,0.14045260444617028,21,731.0
6080.0,28,398.0,6.317460317460317,4.942876522438642,11,93.0,0.20102705281725428,17,656.0,0.2592332600755461,28,749.0
6085.0,26,476.0,7.212121212121212,5.7507745363096925,8,118.0,0.28265207710559315,18,585.0,0.38348515567941943,26,703.0
6090.0,25,385.0,6.111111111111111,5.481615130871092,7,124.0,0.4607389079592738,18,566.0,0.29171574260065536,25,690.0
6095.0,27,367.0,5.919354838709677,4.783218247545551,5,108.0,0.5353840963373254,22,555.0,0.10443636245146207,27,663.0
6100.0,31,354.0,5.446153846153846,4.742152299801731,5,57.0,0.4754408408652078,26,578.0,0.11239441595632556,31,635.0
6105.0,28,374.0,5.582089552238806,4.8801704157200385,5,64.0,0.374020384775814,23,581.0,0.21438463115782747,28,645.0
6110.0,25,432.0,6.545454545454546,5.4233753166242815,5,74.0,0.4649181814373706,20,600.0,0.24207022715374327,25,674.0
6115.0,31,529.0,8.265625,5.02425181708875,5,79.0,0.4941590281657823,26,672.0,0.14920358489911578,31,751.0
6120.0,32,536.0,8.246153846153845,4.6093247791133765,5,91.0,0.4795123602515317,27,703.0,0.14468178269911938,32,794.0
6125.0,31,387.0,5.953846153846154,4.049543053780347,10,132.0,0.35610100534977146,21,624.0,0.15217620121078573,31,756.0
6130.0,23,402.0,6.380952380952381,4.815375772387453,8,149.0,0.3786488275220239,15,551.0,0.22471271989312114,23,700.0
6135.0,20,443.0,6.921875,5.797861460281553,5,155.0,0.44177750909792884,15,549.0,0.21778969246191607,20,704.0
6140.0,19,307.0,4.796875,5.233323409357075,4,81.0,0.3975288105094609,15,551.0,0.10519780504869479,19,632.0
6145.0,26,258.0,4.03125,4.9435890556036135,8,89.0,0.39085832142838783,18,534.0,0.1458897813931781,26,623.0
6150.0,30,315.0,5.0,4.8060097481669946,10,106.0,0.3853853675301446,20,474.0,0.20486239857446475,30,580.0
6155.0,28,390.0,6.190476190476191,5.342217390016222,10,146.0,0.4259753702814567,18,497.0,0.29276054095724835,28,643.0
6160.0,20,310.0,4.84375,5.033625352493071,9,156.0,0.34589216368941655,11,432.0,0.2587533959664926,20,588.0
6165.0,22,355.0,5.461538461538462,5.76635987061508,9,139.0,0.3193805492196244,13,404.0,0.263899820044398,22,543.0
6170.0,21,381.0,5.7727272727272725,5.102544888166795,8,151.0,0.25591974075281493,13,417.0,0.1527918255499022,21,568.0
6175.0,28,419.0,6.650793650793651,4.7483673170024145,12,203.0,0.23242681906304072,16,388.0,0.16328501239875576,28,591.0
6180.0,26,479.0,8.11864406779661,4.276960554953208,13,252.0,0.2707427402723095,13,412.0,0.20017296252541247,26,664.0
6185.0,20,496.0,8.857142857142858,4.927488030464071,9,260.0,0.2116534892273579,11,404.0,0.23201273545225698,20,664.0
6190.0,26,346.0,6.0701754385964914,4.232528002033614,12,259.0,0.09975897683328046,14,371.0,0.12070330425592833,26,630.0
6195.0,27,253.0,4.362068965517241,4.995069755275846,11,216.0,0.22996053433687383,16,321.0,0.22240647684365714,27,537.0
6200.0,24,282.0,5.222222222222222,5.025386159338051,9,209.0,0.3565639699873051,15,346.0,0.2720809034272027,24,555.0
6205.0,23,317.0,5.981132075471698,4.8675221439875465,12,252.0,0.3149171091498617,11,342.0,0.33236140400017233,23,594.0
6210.0,19,265.0,4.907407407407407,4.456691687546919,11,265.0,0.2686238916033494,8,334.0,0.34157331431135496,19,599.0
6215.0,21,268.0,4.872727272727273,4.679774329383613,10,225.0,0.2404398685127772,11,298.0,0.21837054542353188,21,523.0
6220.0,21,299.0,5.339285714285714,4.518861798119974,10,207.0,0.11520733672646874,11,304.0,0.18719969498570574,21,511.0
6225.0,26,338.0,5.633333333333334,5.532229448067834,13,189.0,0.23324845536701547,13,299.0,0.2463103406306465,26,488.0
6230.0,19,254.0,4.379310344827586,5.391814978369535,10,208.0,0.3637024037983699,9,240.0,0.3030047371453198,19,448.0
6235.0,20,327.0,5.945454545454545,6.348828899573076,8,211.0,0.5088708855664286,12,241.0,0.28347332512532836,20,452.0
6240.0,22,278.0,4.964285714285714,5.424976452232103,10,213.0,0.36428469760637294,12,264.0,0.28611870803264244,22,477.0
6245.0,22,328.0,5.754385964912281,6.044309240454037,11,216.0,0.32926911231400524,11,243.0,0.3372936115825157,22,459.0
6250.0,22,298.0,5.321428571428571,4.898009512719396,10,204.0,0.19631789567279254,12,259.0,0.3179990685350377,22,463.0
6255.0,25,334.0,5.758620689655173,5.418309383855688,13,232.0,0.28816561737769913,12,256.0,0.34273553873447515,25,488.0
6260.0,23,263.0,4.241935483870968,5.298256856560388,11,248.0,0.40845499456568934,12,224.0,0.29883352500491894,23,472.0
6265.0,25,332.0,5.442622950819672,5.414814249859103,9,255.0,0.5052055194025111,16,234.0,0.1629551218365715,25,489.0
6270.0,24,248.0,3.9365079365079363,4.329385228599616,7,188.0,0.3931584120245265,17,276.0,0.1069284314165216,24,464.0
6275.0,20,192.0,3.2,5.112773260889271,11,119.0,0.23088873972902815,9,273.0,0.2774239572262176,20,392.0
6280.0,24,223.0,3.716666666666667,4.441195342933582,14,151.0,0.1498584902067689,10,279.0,0.31874308062236734,24,430.0
6285.0,28,290.0,4.915254237288136,4.34841638659429,15,210.0,0.23148156309851997,13,272.0,0.29300478026298593,28,482.0
6290.0,28,301.0,5.016666666666667,4.018703264186744,14,242.0,0.3366707714629044,14,273.0,0.18665487762393027,28,515.0
6295.0,28,356.0,5.836065573770492,5.020547162030617,9,226.0,0.44029144265433545,19,358.0,0.1446991923060278,28,584.0
6300.0,29,389.0,5.893939393939394,4.241067594991196,11,245.0,0.34400196186880927,18,392.0,0.09903621538901958,29,637.0
6305.0,24,323.0,4.82089552238806,5.555980794114428,16,261.0,0.3197553726604242,8,339.0,0.3114203148627494,24,600.0
6310.0,26,332.0,5.107692307692307,5.479743024753333,17,287.0,0.2960608256627681,9,299.0,0.4047943096124179,26,586.0
6315.0,29,401.0,5.897058823529412,4.69766634845498,20,325.0,0.16565962105133789,9,288.0,0.36745112521157774,29,613.0
6320.0,34,439.0,6.271428571428571,3.8936659091381136,23,377.0,0.0976775833697808,11,266.0,0.3780344733365379,34,643.0
6325.0,28,430.0,6.142857142857143,4.961925717525068,17,373.0,0.23637546265326118,11,277.0,0.3678613639671476,28,650.0
6330.0,24,412.0,6.242424242424242,4.7079656347454915,15,366.0,0.23589647234012526,9,267.0,0.2389623124730289,24,633.0
6335.0,30,345.0,5.2272727272727275,4.196921349766259,20,392.0,0.0981891891397925,10,205.0,0.24561983427830428,30,597.0
6340.0,36,418.0,5.9714285714285715,4.805524878216013,21,427.0,0.12086063117234935,15,182.0,0.31690780910208266,36,609.0
6345.0,30,416.0,6.303030303030303,4.646961036978453,17,447.0,0.21947660521225273,13,230.0,0.3349919109444234,30,677.0
6350.0,23,403.0,6.60655737704918,5.156424041380543,14,456.0,0.2656024299725483,9,222.0,0.3615693345176701,23,678.0
6355.0,20,291.0,4.932203389830509,3.73737909444658,12,449.0,0.17132513414194608,8,179.0,0.2810467015619894,20,628.0
6360.0,24,253.0,4.015873015873016,4.28520459573208,13,395.0,0.22900326580639283,11,155.0,0.17681480333272936,24,550.0
6365.0,25,304.0,4.676923076923077,4.7506609878943,12,411.0,0.28098702218798083,13,194.0,0.194572125237531,25,605.0
6370.0,18,337.0,5.106060606060606,6.302941924546317,11,402.0,0.340895117046384,7,212.0,0.30850498686520916,18,614.0
6375.0,21,272.0,4.184615384615385,5.206333028097735,15,404.0,0.19499084047655724,6,204.0,0.33630948458435933,21,608.0
6380.0,35,368.0,5.575757575757576,4.372376972342078,20,416.0,0.11513702646505496,15,244.0,0.23652427602364287,35,660.0
6385.0,33,335.0,5.491803278688525,3.841526401852045,19,433.0,0.1101838140580281,14,212.0,0.2818531809867676,33,645.0
6390.0,30,400.0,6.451612903225806,4.6523960275970735,15,445.0,0.22260702167336666,15,247.0,0.3032336460671221,30,692.0
6395.0,23,304.0,5.066666666666666,4.13025941512372,8,430.0,0.28969032396312694,15,275.0,0.1655458743320931,23,705.0
6400.0,19,242.0,3.9672131147540983,5.517306984563372,11,433.0,0.29399866997236934,8,244.0,0.285493428364502,19,677.0
6405.0,19,258.0,4.229508196721311,5.666159744391378,13,431.0,0.23128870758943,6,199.0,0.47622238963324237,19,630.0
6410.0,22,247.0,3.859375,5.869225395243397,16,387.0,0.3008988731667201,6,197.0,0.36028933601341734,22,584.0
6415.0,26,301.0,4.854838709677419,5.300519250546473,14,399.0,0.3036720241818515,12,229.0,0.3414348024003331,26,628.0
6420.0,22,287.0,4.415384615384616,5.421948298038994,10,355.0,0.2695201539891672,12,244.0,0.3190720007201909,22,599.0
6425.0,17,276.0,4.246153846153846,5.847964723305539,10,329.0,0.29434797094840404,7,218.0,0.32788257853881775,17,547.0
6430.0,18,201.0,3.0,5.931398476637448,10,327.0,0.2665252686533817,8,126.0,0.35688388453412084,18,453.0
6435.0,29,228.0,3.4545454545454546,5.3230143212612635,14,303.0,0.25236377572524815,15,160.0,0.3374833487924793,29,463.0
6440.0,31,323.0,4.82089552238806,4.947716787929779,17,365.0,0.20910973795259438,14,207.0,0.3537663263784627,31,572.0
6445.0,34,406.0,5.884057971014493,4.374257023238183,16,386.0,0.2048685962670212,18,244.0,0.31916537470066275,34,630.0
6450.0,29,420.0,6.086956521739131,4.482671807294508,13,340.0,0.34522856841967925,16,289.0,0.21299926168388156,29,629.0
6455.0,25,304.0,4.222222222222222,4.870180263056177,11,324.0,0.3016750271367973,14,268.0,0.24254998098127784,25,592.0
6460.0,31,357.0,4.890410958904109,4.833789544358373,15,311.0,0.18178458589792232,16,316.0,0.28646395247734263,31,627.0
6465.0,35,418.0,5.726027397260274,4.891322442629746,18,376.0,0.16818573988944432,17,340.0,0.31014205027522174,35,716.0
6470.0,39,461.0,6.402777777777778,4.542635506267718,18,423.0,0.2646841689082354,21,334.0,0.28091308063271375,39,757.0
6475.0,37,522.0,6.868421052631579,4.2906784077428854,15,430.0,0.2988869577760235,22,402.0,0.2206882202416236,37,832.0
6480.0,34,517.0,6.714285714285714,4.003476201916296,9,346.0,0.3229313508659748,25,451.0,0.17561179676203068,34,797.0
6485.0,30,419.0,5.371794871794871,4.173083030251143,8,309.0,0.25013555580389324,22,445.0,0.2007624751931128,30,754.0
6490.0,32,452.0,5.7215189873417724,4.793578340404662,13,256.0,0.15325617421472862,19,470.0,0.25807391495706516,32,726.0
6495.0,38,507.0,6.3375,4.378884330692034,17,289.0,0.1450780439329214,21,497.0,0.24692919776958777,38,786.0
6500.0,33,557.0,7.426666666666667,4.279043336724956,10,275.0,0.27088551453214504,23,530.0,0.18173990632892265,33,805.0
6505.0,39,527.0,7.026666666666666,3.5203167963374895,10,281.0,0.22452143472435435,29,583.0,0.14213465257920704,39,864.0
6510.0,41,548.0,7.0256410256410255,4.149431145486723,15,311.0,0.23438056047846825,26,588.0,0.1847020679969531,41,899.0
6515.0,40,642.0,8.675675675675675,3.801202965429345,15,360.0,0.2673223517684729,25,647.0,0.21584345532466065,40,1007.0
6520.0,30,594.0,7.714285714285714,4.506602280007547,8,356.0,0.335236058574437,22,653.0,0.1697771089912326,30,1009.0
6525.0,27,426.0,5.3924050632911396,4.6089525575767984,8,271.0,0.30973221798424894,19,670.0,0.1703947091870967,27,941.0
6530.0,29,382.0,4.8354430379746836,5.37290287092302,8,231.0,0.41588474102962397,21,665.0,0.16289925334490998,29,896.0
6535.0,32,368.0,4.842105263157895,5.158276600381037,9,163.0,0.3879228348055389,23,692.0,0.250659873804184,32,855.0
6540.0,38,460.0,5.974025974025974,4.149432763049106,16,162.0,0.34161579210728743,22,715.0,0.16847100290817257,38,877.0
6545.0,41,531.0,7.08,3.2789593133366095,16,201.0,0.2848600060628537,25,709.0,0.09993391904767157,41,910.0
6550.0,40,532.0,7.1891891891891895,3.4532699103149658,12,187.0,0.2614666601319314,28,760.0,0.07128019961166328,40,947.0
6555.0,29,510.0,6.891891891891892,4.115842587762219,10,193.0,0.1753311786328446,19,714.0,0.1433783822953475,29,907.0
6560.0,26,526.0,6.658227848101266,5.328018607251858,10,202.0,0.20866137570693796,16,678.0,0.2618696352482439,26,880.0
6565.0,28,595.0,8.26388888888889,5.392606500770608,14,208.0,0.19952416509645435,14,663.0,0.27700442548940685,28,871.0
6570.0,34,652.0,9.314285714285715,5.092581565636647,16,254.0,0.23397724368321524,18,661.0,0.28779409971539455,34,915.0
6575.0,26,589.0,8.924242424242424,4.512940700576466,8,256.0,0.288596507321954,18,652.0,0.2057893181734352,26,908.0
6580.0,27,420.0,6.5625,4.276506513355811,9,273.0,0.3228029447741426,18,581.0,0.15419298786230917,27,854.0
6585.0,30,418.0,5.887323943661972,4.492307020569757,14,304.0,0.22581858556337644,16,571.0,0.2637830363586362,30,875.0
6590.0,36,544.0,7.661971830985915,4.66646186887539,17,360.0,0.25007315229425797,19,623.0,0.2943013127603622,36,983.0
6595.0,29,539.0,7.383561643835616,4.813215934661338,10,360.0,0.4000678541664831,19,642.0,0.15662691161787243,29,1002.0
6600.0,23,321.0,4.458333333333333,4.861972461581996,6,265.0,0.3803008307230899,17,582.0,0.07508145875587324,23,847.0
6605.0,25,378.0,5.178082191780822,5.357997172624459,11,203.0,0.2086497392562301,14,581.0,0.24170624944429153,25,784.0
6610.0,29,425.0,6.159420289855072,4.730056822824992,18,247.0,0.06948830922597463,11,528.0,0.3104593969518508,29,775.0
6615.0,27,400.0,6.153846153846154,4.7901019095860615,13,272.0,0.19016978535719217,14,456.0,0.19834388404475364,27,728.0
6620.0,15,273.0,4.706896551724138,5.45190757652364,6,190.0,0.36683078901753813,9,457.0,0.2181118266801209,15,647.0
6625.0,17,319.0,5.5964912280701755,6.105521750112554,9,157.0,0.30576859091746106,8,464.0,0.3267501516175199,17,621.0
6630.0,25,325.0,5.909090909090909,5.404705607386816,14,217.0,0.23732525763432688,11,430.0,0.3313462781700292,25,647.0
6635.0,25,346.0,6.178571428571429,5.149860257963001,12,254.0,0.2721841632822395,13,358.0,0.35580007073013675,25,612.0
6640.0,24,374.0,6.925925925925926,4.629726972781261,7,241.0,0.3655363983659411,17,361.0,0.2386443901773847,24,602.0
6645.0,20,257.0,4.7592592592592595,4.818733568666272,4,173.0,0.3550678797209044,16,311.0,0.24643860456278416,20,484.0
6650.0,24,339.0,6.053571428571429,4.853988609514681,8,150.0,0.31735860165713575,16,320.0,0.23300418749306584,24,470.0
6655.0,24,290.0,5.0,4.64081039255197,8,108.0,0.42925520887293445,16,351.0,0.21010290174411964,24,459.0
6660.0,24,278.0,4.557377049180328,5.387906296918378,11,146.0,0.44071476493100975,13,340.0,0.22018204015346066,24,486.0
6665.0,29,384.0,5.907692307692308,4.920589780574203,14,210.0,0.31624762326177414,15,360.0,0.19104818274697,29,570.0
6670.0,28,422.0,6.393939393939394,4.786507786710077,13,231.0,0.2883034149906148,15,390.0,0.1960141812259316,28,621.0
6675.0,28,441.0,6.582089552238806,5.41721553447811,11,198.0,0.35568069500812194,17,446.0,0.22902517671399952,28,644.0
6680.0,22,304.0,4.606060606060606,4.990065696614192,7,228.0,0.4048026521942903,15,426.0,0.15215416223161896,22,654.0
6685.0,28,394.0,6.061538461538461,4.524197391663005,8,257.0,0.32427230742051655,20,434.0,0.15871549686633035,28,691.0
6690.0,32,415.0,6.102941176470588,4.54838818809887,15,290.0,0.3582823515725885,17,446.0,0.18967847146566982,32,736.0
6695.0,26,403.0,5.926470588235294,4.898060315133409,16,350.0,0.28811291454986754,10,364.0,0.2827410161078128,26,714.0
6700.0,29,428.0,5.783783783783784,4.867724129364964,20,388.0,0.16634994890513619,9,369.0,0.36339989796152844,29,757.0
6705.0,27,395.0,5.337837837837838,5.4892101443806,14,369.0,0.20998500638484066,13,366.0,0.32282053479484196,27,735.0
6710.0,29,471.0,6.364864864864865,5.060046955930615,14,353.0,0.2571457388551409,15,372.0,0.23931106453538165,29,725.0
6715.0,25,508.0,7.055555555555555,5.177790644002898,15,386.0,0.2461210145426612,10,349.0,0.2642399376767926,25,735.0
6720.0,30,402.0,5.661971830985915,4.6832912801045845,16,397.0,0.18239045618970978,14,319.0,0.2433459990279667,30,716.0
6725.0,33,428.0,5.944444444444445,4.487677534574477,16,434.0,0.18511041473183526,17,281.0,0.2850490064500818,33,715.0
6730.0,29,465.0,6.940298507462686,4.451550069823674,12,427.0,0.20418442979449616,17,314.0,0.2829568094174244,29,741.0
6735.0,26,438.0,6.537313432835821,4.530161868470091,11,418.0,0.2597005309412048,15,308.0,0.18510288940533096,26,726.0
6740.0,33,504.0,7.411764705882353,4.378513829277683,17,462.0,0.2617906478750383,16,331.0,0.1389846100316754,33,793.0
6745.0,36,634.0,9.323529411764707,4.685787660337165,19,517.0,0.27917466551395387,17,381.0,0.21975181009300754,36,898.0
6750.0,35,627.0,9.5,4.04500836683332,18,533.0,0.24071579462210402,17,400.0,0.23343670555345167,35,933.0
6755.0,27,554.0,8.393939393939394,3.7615833783238752,16,565.0,0.12150558211659271,11,328.0,0.30496517915327925,27,893.0
6760.0,27,548.0,7.942028985507246,5.333948895301889,14,559.0,0.20712771315224365,13,300.0,0.30095500226928623,27,859.0
6765.0,22,319.0,4.6231884057971016,5.384752213608674,10,422.0,0.2776289401241399,12,312.0,0.2054027336096618,22,734.0
6770.0,26,281.0,4.014285714285714,5.3960797081877985,14,360.0,0.22400945493594496,12,312.0,0.3025287094043426,26,672.0
6775.0,30,344.0,5.212121212121212,4.373933920642099,19,390.0,0.16727564419981425,11,334.0,0.3488469398525771,30,724.0
6780.0,22,371.0,5.621212121212121,4.88327234519753,14,370.0,0.19144002328210025,8,342.0,0.3642414810382238,22,712.0
6785.0,24,322.0,4.8059701492537314,4.797487441721862,12,384.0,0.21361200961122856,12,300.0,0.2817804231355975,24,684.0
6790.0,29,377.0,5.626865671641791,4.8717917669894275,14,417.0,0.24978328379747755,15,276.0,0.26214915719030046,29,693.0
6795.0,33,429.0,6.919354838709677,3.3973160909580837,18,430.0,0.1928385046018939,15,327.0,0.20629459302913297,33,757.0
6800.0,36,469.0,7.688524590163935,3.418011230859973,19,406.0,0.1378684457217629,17,367.0,0.220993636941749,36,773.0
6805.0,36,554.0,8.935483870967742,3.497832276170032,20,448.0,0.07885626000539779,16,432.0,0.23615969249823154,36,880.0
6810.0,37,697.0,10.890625,4.49778395765247,19,506.0,0.18985993728881487,18,493.0,0.2726367580101443,37,999.0
6815.0,32,631.0,9.707692307692307,3.7897704044611538,16,507.0,0.23499543174148252,16,483.0,0.23745116577110295,32,990.0
6820.0,27,521.0,8.015384615384615,4.697657821892478,8,405.0,0.3368846848623693,19,524.0,0.2789494123514161,27,929.0
6825.0,22,533.0,7.838235294117647,5.3166802324234075,4,318.0,0.47848688000955636,18,586.0,0.2085380427718112,22,904.0
6830.0,20,578.0,7.917808219178082,5.9808540190667365,5,228.0,0.46102124336437916,15,602.0,0.15978292436617136,20,830.0
6835.0,19,629.0,8.859154929577464,6.368088822376315,6,228.0,0.43638493405836665,13,635.0,0.2257284307201788,19,863.0
6840.0,28,655.0,9.632352941176471,5.569490702822825,9,178.0,0.2210146761686523,19,691.0,0.2342658341042606,28,869.0
6845.0,32,771.0,11.681818181818182,4.946273726408231,13,155.0,0.21300681455119305,19,761.0,0.23668176917507877,32,916.0
6850.0,25,836.0,14.169491525423728,4.806581495649729,11,203.0,0.17658397337909823,14,795.0,0.27596263878803245,25,998.0
6855.0,22,674.0,11.423728813559322,4.718912030085106,7,201.0,0.21870364269260456,15,707.0,0.22827126264907555,22,908.0
6860.0,21,296.0,4.933333333333334,4.935532375946878,5,138.0,0.2164062819426386,16,548.0,0.21971175685392827,21,686.0
6865.0,24,251.0,3.803030303030303,5.563868787266627,10,148.0,0.3453115930021767,14,599.0,0.26253072847889714,24,747.0
6870.0,23,306.0,4.857142857142857,5.945536852522371,6,159.0,0.46534910276442654,17,646.0,0.2572936059154063,23,805.0
6875.0,21,322.0,5.278688524590164,5.421869103963672,5,138.0,0.5163700606144732,16,679.0,0.16067181548061346,21,817.0
6880.0,21,281.0,4.844827586206897,4.606725803615879,5,126.0,0.30586084309153627,16,667.0,0.14218496612657802,21,793.0
6885.0,31,373.0,5.7384615384615385,5.137990501693748,12,149.0,0.3504341278808413,19,646.0,0.17909980379122808,31,795.0
6890.0,27,407.0,6.2615384615384615,5.31980345474765,9,187.0,0.36027265606226366,18,538.0,0.2707655885792991,27,725.0
6895.0,20,376.0,6.064516129032258,5.661641174771171,6,183.0,0.48964750196878,14,573.0,0.2710105363829461,20,756.0
6900.0,27,346.0,5.672131147540983,4.62607546982334,7,83.0,0.4015317451870451,20,629.0,0.19587088773912423,27,712.0
6905.0,31,424.0,6.73015873015873,4.339746829866272,10,110.0,0.34913022844313135,21,674.0,0.19038464605373895,31,784.0
6910.0,26,385.0,6.209677419354839,4.859400909683434,10,130.0,0.3090841963174082,16,667.0,0.26364350286058247,26,797.0
6915.0,22,250.0,4.032258064516129,4.929708742290778,7,118.0,0.24349883531214425,15,638.0,0.220498304570824,22,756.0
6920.0,28,297.0,4.868852459016393,4.747904658378255,7,118.0,0.2739499577951597,21,634.0,0.1541316756185072,28,752.0
6925.0,31,398.0,6.982456140350878,4.693295625049864,8,107.0,0.33346880817247826,23,703.0,0.12589438503478764,31,810.0
6930.0,19,424.0,7.571428571428571,5.3549597169409795,4,105.0,0.46946360113623575,15,709.0,0.16638906664602818,19,814.0
6935.0,19,434.0,7.890909090909091,5.752101805781957,5,99.0,0.4090941817266688,14,726.0,0.23198799832652162,19,825.0
6940.0,24,462.0,8.25,6.030202163440981,5,45.0,0.47548658180334546,19,781.0,0.24682120520960374,24,826.0
6945.0,25,468.0,8.50909090909091,5.833885072005964,6,74.0,0.5024240439603143,19,724.0,0.24613073326462304,25,798.0
6950.0,20,302.0,5.921568627450981,4.940970115674713,3,73.0,0.45467973275327117,17,591.0,0.24511927246872586,20,664.0
6955.0,22,278.0,5.148148148148148,5.337760805753454,5,56.0,0.4908669197622374,17,526.0,0.22888071144372915,22,582.0
6960.0,21,256.0,4.830188679245283,4.9213301235906055,4,33.0,0.506942810147883,17,552.0,0.1543071387458086,21,585.0
6965.0,24,360.0,6.428571428571429,5.905123382521084,5,40.0,0.6388489074823658,19,630.0,0.1810445848830449,24,670.0
6970.0,21,327.0,5.839285714285714,5.453820875676176,2,40.0,0.5132284075652163,19,634.0,0.22045256207754851,21,674.0
6975.0,14,193.0,3.3859649122807016,6.502213050145444,4,52.0,0.43277843310967246,10,551.0,0.31119539453874495,14,603.0
6980.0,18,207.0,3.5689655172413794,5.770633783235859,5,45.0,0.43900806577808255,13,529.0,0.26233092407753766,18,574.0
6985.0,23,235.0,4.051724137931035,5.5621591845049085,8,86.0,0.40063875597676174,15,460.0,0.21043572448893208,23,546.0
6990.0,20,242.0,4.321428571428571,4.696573564574037,6,75.0,0.4619029749962168,14,463.0,0.19063957924969455,20,538.0
6995.0,19,275.0,5.288461538461538,5.132925743703565,7,107.0,0.429036067619529,12,407.0,0.21303230890062594,19,514.0
7000.0,21,292.0,5.214285714285714,4.900113218037541,5,105.0,0.43270882136829747,16,395.0,0.17617686730694526,21,500.0
7005.0,20,342.0,6.576923076923077,5.5393549532234285,5,82.0,0.5095895432344615,15,388.0,0.15300998129904614,20,470.0
7010.0,23,239.0,5.085106382978723,4.092654216642952,6,40.0,0.46135411520696595,17,404.0,0.08151130284065848,23,444.0
7015.0,26,237.0,4.9375,3.685038466706016,9,82.0,0.35624465277696227,17,387.0,0.0413213207622234,26,469.0
7020.0,25,268.0,5.583333333333333,3.340627728868091,8,101.0,0.316505544171055,17,410.0,0.10692568057351601,25,511.0
7025.0,22,267.0,5.680851063829787,5.050196492640114,10,130.0,0.37163405712900643,12,385.0,0.22487990360700796,22,515.0
7030.0,17,270.0,6.0,4.540920026233449,7,127.0,0.2373298138823959,10,352.0,0.305780094231395,17,479.0
7035.0,15,252.0,5.478260869565218,6.47622238531028,6,120.0,0.4801213962198527,9,332.0,0.2619183286640854,15,452.0
7040.0,14,197.0,4.377777777777778,5.95759597254476,4,84.0,0.5177428266909067,10,336.0,0.10740803595432498,14,420.0
7045.0,17,217.0,4.931818181818182,6.051562412744108,6,74.0,0.45992706318665555,11,310.0,0.20437563956808444,17,384.0
7050.0,16,258.0,5.733333333333333,5.27885121722098,7,84.0,0.31825329649745604,9,327.0,0.30245914053697853,16,411.0
7055.0,18,329.0,7.833333333333333,6.0162579276166905,8,100.0,0.4449036567050034,10,321.0,0.3134567392579848,18,421.0
7060.0,18,275.0,6.395348837209302,4.685267763064661,8,102.0,0.3211931989956731,10,296.0,0.252980121497291,18,398.0
7065.0,19,307.0,7.1395348837209305,5.237524780580314,14,147.0,0.17684879289058078,5,238.0,0.3807450380428689,19,385.0
7070.0,15,297.0,7.071428571428571,5.046042658531901,10,163.0,0.2148243988271223,5,201.0,0.3496510107597733,15,364.0
7075.0,20,371.0,8.431818181818182,5.834662466102427,11,183.0,0.30918377278538206,9,223.0,0.25918859572521774,20,406.0
7080.0,15,190.0,4.130434782608695,6.363809053143343,8,191.0,0.4748175429597394,7,93.0,0.26727182812500755,15,284.0
7085.0,12,195.0,4.534883720930233,7.430374421322194,6,164.0,0.570338780173841,6,81.0,0.3198462953297754,12,245.0
7090.0,10,59.0,1.3111111111111111,5.893728338759957,6,106.0,0.44024348410651515,4,68.0,0.32897702825596065,10,174.0
7095.0,12,92.0,1.9166666666666667,7.15022822270722,11,108.0,0.3083165556100845,1,30.0,0.6263028637049842,12,138.0
7100.0,17,109.0,2.369565217391304,5.806043856996533,14,143.0,0.11096807065292995,3,19.0,0.5983136504221612,17,162.0
7105.0,13,134.0,2.977777777777778,6.409981063399313,8,149.0,0.23511088884986223,5,41.0,0.5035649199637227,13,190.0
7110.0,14,125.0,2.9069767441860463,6.156115607994252,6,138.0,0.31384034673011246,8,76.0,0.4194001815061608,14,214.0
7115.0,21,218.0,4.739130434782608,5.848700247591941,12,155.0,0.15277273708674016,9,125.0,0.5049209420096735,21,280.0
7120.0,19,216.0,4.695652173913044,5.709299632900439,11,186.0,0.2839378002029219,8,121.0,0.4621831435419754,19,307.0
7125.0,13,198.0,4.040816326530612,7.139003354974842,5,166.0,0.4060303346570817,8,88.0,0.4297402943932504,13,254.0
7130.0,13,173.0,3.46,5.649894112941797,4,133.0,0.26431492039126936,9,120.0,0.15187254592540117,13,253.0
7135.0,21,251.0,5.02,6.0754500594196506,10,149.0,0.2857887792600625,11,162.0,0.15721109366230318,21,311.0
7140.0,18,187.0,4.155555555555556,5.5991397223804835,8,130.0,0.35620448855692727,10,168.0,0.2045092138611183,18,298.0
7145.0,19,267.0,5.933333333333334,6.08528844758035,9,145.0,0.44770329503567563,10,183.0,0.25108033106011707,19,328.0
7150.0,15,213.0,4.733333333333333,6.090535281287116,7,134.0,0.48569223642913584,8,179.0,0.3547521399142242,15,313.0
7155.0,9,190.0,4.523809523809524,7.477093082670494,5,83.0,0.521780322690096,4,140.0,0.45350784688021967,9,223.0
7160.0,11,173.0,4.119047619047619,6.143516396930108,6,51.0,0.30258601118806483,5,151.0,0.315135904530936,11,202.0
7165.0,13,91.0,2.0681818181818183,6.41349024256973,9,70.0,0.2663832824678675,4,93.0,0.3583209234080679,13,163.0
7170.0,18,103.0,2.239130434782609,6.6771666012430515,11,103.0,0.25225150671586294,7,44.0,0.47463217542877506,18,147.0
7175.0,12,139.0,3.3902439024390243,7.467808637802255,9,138.0,0.42184982708859364,3,46.0,0.5755689971570153,12,184.0
7180.0,13,116.0,2.6363636363636362,7.467869405284361,8,124.0,0.4934149414951852,5,42.0,0.47256254911979484,13,166.0
7185.0,11,100.0,2.1739130434782608,7.360617817417433,7,92.0,0.45712244713165984,4,46.0,0.4942764671661527,11,138.0
7190.0,12,76.0,1.6170212765957446,7.060162472287546,8,93.0,0.2938311615530965,4,32.0,0.5223823201094757,12,125.0
7195.0,20,159.0,3.18,6.7678714337535295,13,124.0,0.20669214752991594,7,55.0,0.4875062059916484,20,179.0
7200.0,19,202.0,4.391304347826087,6.1636929734706,14,175.0,0.1622367268936561,5,68.0,0.5026566041508533,19,243.0
