step,system_total_stopped,system_total_waiting_time,system_mean_waiting_time,system_mean_speed,J17_stopped,J17_accumulated_waiting_time,J17_average_speed,J18_stopped,J18_accumulated_waiting_time,J18_average_speed,agents_total_stopped,agents_total_accumulated_waiting_time
5.0,0,0.0,0.0,12.109982303813968,0,0.0,1.0,0,0.0,0.9591731398582215,0,0.0
10.0,0,0.0,0.0,13.1098580112859,0,0.0,0.935118464507885,0,0.0,0.9421601818953921,0,0.0
15.0,0,0.0,0.0,12.913006221599339,0,0.0,0.94502140214328,0,0.0,0.9343725232568374,0,0.0
20.0,0,0.0,0.0,10.801571947945876,0,0.0,0.7174635613725414,0,0.0,0.9243244039385295,0,0.0
25.0,3,5.0,0.3333333333333333,8.604828780653463,3,5.0,0.482909470474453,0,0.0,0.7726832564404404,3,5.0
30.0,5,26.0,1.3,8.785664418767812,3,20.0,0.6379860713514118,2,6.0,0.6257256719099984,5,26.0
35.0,7,57.0,2.4782608695652173,7.284086053919833,4,36.0,0.5314372843094819,3,21.0,0.511699475170324,7,57.0
40.0,7,61.0,2.3461538461538463,6.570516450946216,2,34.0,0.42790429510236566,5,27.0,0.550081271398144,7,61.0
45.0,9,101.0,3.4827586206896552,6.707572412490062,4,55.0,0.3965637948912221,5,52.0,0.4606903227984619,9,107.0
50.0,12,108.0,3.375,6.444329747700799,7,82.0,0.3640049360682451,5,46.0,0.47545475974916357,12,128.0
55.0,13,130.0,3.9393939393939394,6.711422608025063,4,75.0,0.5682483130951095,9,64.0,0.2368548186549891,13,139.0
60.0,13,161.0,5.03125,6.634059122640456,7,102.0,0.39771388442887695,6,82.0,0.35464252268324564,13,184.0
65.0,10,136.0,4.0,7.1099945585476325,5,94.0,0.45062150346892393,5,83.0,0.41280175407198916,10,177.0
70.0,13,162.0,4.2631578947368425,6.212231241112757,8,101.0,0.2684585350812541,5,86.0,0.5207779864394377,13,187.0
75.0,13,156.0,3.9,6.766789432556839,6,86.0,0.4430595287066042,7,112.0,0.48118453263783173,13,198.0
80.0,11,141.0,3.357142857142857,7.183227402249248,6,99.0,0.47444871132965394,5,76.0,0.5302026698297284,11,175.0
85.0,10,110.0,2.4444444444444446,6.8065333192852915,5,75.0,0.4326012963262233,5,83.0,0.45072439680531984,10,158.0
90.0,10,91.0,1.9782608695652173,7.188868420928187,3,37.0,0.42022119143530506,7,93.0,0.4246693592181014,10,130.0
95.0,14,154.0,3.422222222222222,6.915261420911006,4,39.0,0.37786448714449883,10,121.0,0.23511832116868034,14,160.0
100.0,13,158.0,3.3617021276595747,6.602988733855937,4,31.0,0.4697187063605076,9,149.0,0.1842418251935538,13,180.0
105.0,16,236.0,5.363636363636363,7.0256041985251585,5,55.0,0.5211653579262723,11,196.0,0.3049266575692557,16,251.0
110.0,18,233.0,5.5476190476190474,6.22007546114096,8,81.0,0.3673131929870776,10,208.0,0.4137145123757516,18,289.0
115.0,17,266.0,6.65,5.84190786713131,8,123.0,0.36849891422127173,9,182.0,0.36314312417274774,17,305.0
120.0,14,207.0,5.3076923076923075,4.851948487414749,7,141.0,0.3840189734250393,7,167.0,0.28289042131533587,14,308.0
125.0,14,205.0,5.125,5.64402787164156,4,134.0,0.33833177732707237,10,124.0,0.20783036288268875,14,258.0
130.0,14,154.0,3.6666666666666665,6.11365605875816,4,80.0,0.3669228570549353,10,141.0,0.1999620990175983,14,221.0
135.0,19,219.0,5.093023255813954,6.5207060128702565,9,85.0,0.3382817079343512,10,174.0,0.2513809935145535,19,259.0
140.0,12,222.0,5.842105263157895,6.27013923291938,5,100.0,0.48597888695076025,7,185.0,0.26993452461138273,12,285.0
145.0,13,265.0,7.162162162162162,6.377943537544058,5,95.0,0.47599477552980823,8,194.0,0.2824700843398124,13,289.0
150.0,11,174.0,4.578947368421052,6.408047805799782,4,80.0,0.5315320836270715,7,183.0,0.23760208527363355,11,263.0
155.0,12,186.0,4.65,7.8334825498867104,4,82.0,0.6406575768821737,8,134.0,0.3653931146590027,12,216.0
160.0,9,94.0,2.41025641025641,7.438926730987411,4,72.0,0.5729432078798299,5,105.0,0.46490846207476116,9,177.0
165.0,10,98.0,2.45,7.473497855170615,7,44.0,0.38913354293926194,3,78.0,0.6271723498089437,10,122.0
170.0,10,126.0,3.073170731707317,6.919321939521086,6,66.0,0.287670928690815,4,87.0,0.45047298548150433,10,153.0
175.0,11,90.0,2.142857142857143,8.16566056465684,8,81.0,0.307696076775017,3,49.0,0.6453839749128794,11,130.0
180.0,10,100.0,2.5641025641025643,8.346241586902092,6,92.0,0.35697218666512015,4,33.0,0.6400799922507314,10,125.0
185.0,11,137.0,3.425,7.959419782088169,5,94.0,0.5463420420210219,6,59.0,0.4455213236184611,11,153.0
190.0,8,75.0,2.027027027027027,7.976377973872533,4,59.0,0.5324196000678287,4,51.0,0.583292727667979,8,110.0
195.0,10,119.0,3.2162162162162162,7.363160120570248,6,89.0,0.4026282475412452,4,49.0,0.5743429194237105,10,138.0
200.0,12,157.0,4.131578947368421,6.712310056997734,6,104.0,0.40729866835844225,6,78.0,0.49619152889648205,12,182.0
205.0,12,172.0,4.648648648648648,6.190580734828935,6,118.0,0.356196478972877,6,83.0,0.32750412766827663,12,201.0
210.0,14,228.0,6.162162162162162,5.787860983152656,6,149.0,0.4382064068891339,8,105.0,0.11490914874664877,14,254.0
215.0,17,241.0,6.025,5.5122575985365305,10,184.0,0.36024558002416174,7,106.0,0.20067857559105182,17,290.0
220.0,14,185.0,4.625,6.735403151112462,8,161.0,0.47240916698030677,6,93.0,0.4358616296630898,14,254.0
225.0,15,196.0,4.355555555555555,6.465013592348271,10,145.0,0.4098029463356577,5,95.0,0.39472953514109116,15,240.0
230.0,13,184.0,3.7551020408163267,6.650898234087621,8,160.0,0.3857641385770652,5,80.0,0.4751856788787503,13,240.0
235.0,10,129.0,2.58,7.784945722169223,5,134.0,0.5170740081663023,5,59.0,0.4969768397811556,10,193.0
240.0,17,97.0,1.9795918367346939,6.798111815749174,9,77.0,0.42123803313922675,8,74.0,0.4426153201096122,17,151.0
245.0,20,142.0,2.6792452830188678,5.328491090437603,13,127.0,0.3722863705740943,7,78.0,0.22567052707321927,20,205.0
250.0,21,192.0,3.6923076923076925,5.664263533045174,13,166.0,0.27645515337045495,8,84.0,0.3583338260954931,21,250.0
255.0,25,282.0,5.127272727272727,5.272517302428865,17,229.0,0.2291787942602336,8,106.0,0.3374847090122075,25,335.0
260.0,26,327.0,5.839285714285714,5.397963623598317,17,280.0,0.2727650548039462,9,126.0,0.3260882285647867,26,406.0
265.0,25,380.0,6.333333333333333,5.705588175913115,18,323.0,0.34683980239695156,7,115.0,0.3451217358350236,25,438.0
270.0,25,388.0,6.360655737704918,5.469613810944103,16,331.0,0.2724410679981612,9,148.0,0.4746002420246945,25,479.0
275.0,20,248.0,3.8153846153846156,6.002157128260937,13,277.0,0.27996341771225275,7,152.0,0.48550765782305144,20,429.0
280.0,20,233.0,3.3768115942028984,5.620250005679206,14,301.0,0.22884104512141948,6,145.0,0.35915538034523825,20,446.0
285.0,26,277.0,4.0144927536231885,5.669525178534227,18,309.0,0.20240198507763632,8,159.0,0.3062038463782524,26,468.0
290.0,30,385.0,5.661764705882353,5.308485982527252,20,341.0,0.19905269562134323,10,196.0,0.3170941167799077,30,537.0
295.0,22,425.0,6.538461538461538,5.614238368156919,13,315.0,0.24726339314709783,9,218.0,0.35050629254253735,22,533.0
300.0,21,448.0,7.466666666666667,5.428620753097689,14,341.0,0.21694385829828375,7,225.0,0.3791456940536217,21,566.0
305.0,22,327.0,5.637931034482759,5.327684205327015,16,364.0,0.17490232966204697,6,194.0,0.3718082555728549,22,558.0
310.0,25,353.0,6.303571428571429,4.828458649857161,19,399.0,0.19402971931974278,6,100.0,0.2939940032847649,25,499.0
315.0,21,343.0,6.017543859649122,5.799816186487344,15,413.0,0.2513866895707587,6,72.0,0.43184622657569055,21,485.0
320.0,17,321.0,6.173076923076923,5.976482150394878,11,399.0,0.3484057627294424,6,88.0,0.3497593318943318,17,487.0
325.0,17,338.0,6.5,6.652365155636876,12,381.0,0.3446905499093002,5,96.0,0.5312222717274259,17,477.0
330.0,21,242.0,4.653846153846154,5.737474902537348,14,342.0,0.31842517495175643,7,83.0,0.5253145473273636,21,425.0
335.0,17,230.0,4.339622641509434,5.897724251559349,14,309.0,0.411821755022712,3,65.0,0.4380859507192093,17,374.0
340.0,18,263.0,5.0576923076923075,5.171586167254587,13,341.0,0.2739005812585472,5,60.0,0.3848450717097668,18,401.0
345.0,15,256.0,4.923076923076923,5.397933225456293,11,342.0,0.15721920732331376,4,59.0,0.4848216247946396,15,401.0
350.0,20,230.0,4.509803921568627,5.658250408900355,13,311.0,0.2737751554069678,7,78.0,0.3446716141322135,20,389.0
355.0,22,185.0,3.490566037735849,5.462913777905669,15,250.0,0.27286470740567975,7,81.0,0.38316668422468436,22,331.0
360.0,25,269.0,5.0754716981132075,4.541868313274476,16,299.0,0.2329341637538506,9,103.0,0.40677774129830224,25,402.0
365.0,16,257.0,4.672727272727273,5.9055329223006945,11,302.0,0.32625359002124926,5,105.0,0.49069726867671326,16,407.0
370.0,15,234.0,4.254545454545455,5.927239140804507,9,272.0,0.33238117200437756,6,86.0,0.36604648782627147,15,358.0
375.0,18,234.0,3.9,5.961166417493969,14,296.0,0.1905342904168398,4,61.0,0.5046381953130044,18,357.0
380.0,23,294.0,4.819672131147541,6.423676004197131,18,316.0,0.27991723621004205,5,59.0,0.5217114866119297,23,375.0
385.0,21,331.0,5.426229508196721,6.422871456856618,17,351.0,0.3112537945932928,4,62.0,0.5350070269106025,21,413.0
390.0,20,370.0,6.065573770491803,5.6456406327800925,15,388.0,0.23421559694756522,5,75.0,0.5275960324840839,20,463.0
395.0,20,312.0,5.288135593220339,5.7155559106090115,16,389.0,0.25962319250312654,4,40.0,0.5360965408114658,20,429.0
400.0,19,271.0,4.301587301587301,5.714205188734451,12,381.0,0.29516403379157985,7,64.0,0.39110303810013053,19,445.0
405.0,23,154.0,2.4838709677419355,5.010596842185865,17,337.0,0.2232837000537171,6,74.0,0.40140458211016966,23,411.0
410.0,25,246.0,4.169491525423729,5.037599041769218,19,347.0,0.21913238348132627,6,65.0,0.4107415794201026,25,412.0
415.0,28,296.0,5.103448275862069,4.150331630480864,22,400.0,0.16836240396755525,6,67.0,0.31993728195132287,28,467.0
420.0,23,303.0,4.967213114754099,4.850168042523675,16,416.0,0.16889017096027503,7,82.0,0.39104362701648515,23,498.0
425.0,20,218.0,3.694915254237288,4.6622686807550835,13,413.0,0.23030711920383126,7,77.0,0.344427509975739,20,490.0
430.0,24,208.0,3.586206896551724,4.862163919257413,16,395.0,0.2054532208627809,8,95.0,0.37452160330943934,24,490.0
435.0,26,242.0,4.172413793103448,4.7235827741908825,19,433.0,0.1621818512351059,7,96.0,0.4254691098863972,26,529.0
440.0,17,229.0,4.089285714285714,5.081085991610728,15,436.0,0.08595054410332549,2,53.0,0.44724298178775845,17,489.0
445.0,20,305.0,5.648148148148148,5.902739541730941,14,446.0,0.21626222705389173,6,72.0,0.385617146267414,20,518.0
450.0,24,345.0,6.2727272727272725,6.003311226940973,14,440.0,0.2418122576794126,10,111.0,0.3160900971085314,24,551.0
455.0,19,284.0,5.461538461538462,5.335764740389887,11,413.0,0.26653508248433516,8,129.0,0.39696087133789326,19,542.0
460.0,19,308.0,6.553191489361702,5.386133056451424,13,415.0,0.2595868751504334,6,119.0,0.4703406217144437,19,534.0
465.0,21,279.0,5.6938775510204085,4.7120115270775065,14,377.0,0.1185888622154323,7,102.0,0.41680565299610123,21,479.0
470.0,23,307.0,5.903846153846154,5.681417093324076,15,405.0,0.15039105070330966,8,89.0,0.5020607763078386,23,494.0
475.0,17,275.0,5.612244897959184,6.274568603533592,9,377.0,0.34675425054807524,8,81.0,0.3647551678470402,17,458.0
480.0,20,194.0,3.803921568627451,6.108368393162096,9,294.0,0.37575406448810905,11,100.0,0.3165100053462508,20,394.0
485.0,22,216.0,4.235294117647059,5.915706857411829,9,276.0,0.41026676336677415,13,114.0,0.303209942788687,22,390.0
490.0,16,220.0,4.150943396226415,6.658119856391986,9,263.0,0.43748891597532247,7,113.0,0.4007267925740413,16,376.0
495.0,18,201.0,3.5892857142857144,6.062244704275429,11,196.0,0.2875485023642512,7,128.0,0.4334883350426326,18,324.0
500.0,20,206.0,3.6140350877192984,5.868108583317898,12,210.0,0.2886566349642197,8,127.0,0.41284265496076994,20,337.0
505.0,17,204.0,3.709090909090909,5.441327244080632,6,175.0,0.3863715886463591,11,148.0,0.22674123757093567,17,323.0
510.0,16,239.0,4.267857142857143,5.983595646128117,7,195.0,0.35733741440325395,9,172.0,0.25079069127126763,16,367.0
515.0,21,222.0,3.7,6.063349407198379,13,231.0,0.33199028924690993,8,159.0,0.32606785801201477,21,390.0
520.0,25,301.0,5.016666666666667,6.453326491153629,13,265.0,0.340890302481239,12,154.0,0.37462412214904034,25,419.0
525.0,19,325.0,5.701754385964913,5.879356803839145,10,268.0,0.3773932423523022,9,184.0,0.2775746504666424,19,452.0
530.0,18,275.0,5.188679245283019,6.154996187443582,9,189.0,0.3711551782375509,9,182.0,0.1973212518877344,18,371.0
535.0,19,238.0,4.76,5.268517058106404,11,188.0,0.20059108160848454,8,174.0,0.2867833737192538,19,362.0
540.0,18,219.0,4.5625,5.419670549973895,12,164.0,0.12717072017658135,6,144.0,0.4837997985452799,18,308.0
545.0,16,152.0,3.4545454545454546,5.732969844904373,12,185.0,0.23966282176209516,4,75.0,0.49633355415743613,16,260.0
550.0,16,199.0,4.326086956521739,6.525981525560878,12,229.0,0.3148628066066194,4,59.0,0.5437498900738732,16,288.0
555.0,18,234.0,4.9787234042553195,6.023783029609542,13,251.0,0.29540017249055034,5,65.0,0.5092577386381384,18,316.0
560.0,14,200.0,4.25531914893617,5.431148990691356,12,254.0,0.22560765948671077,2,50.0,0.5123707412237067,14,304.0
565.0,13,225.0,4.6875,6.289690790499324,9,230.0,0.2227727782781999,4,56.0,0.513888648639569,13,286.0
570.0,11,97.0,1.830188679245283,7.1553948633807005,8,195.0,0.22442049525886734,3,26.0,0.5609936911861774,11,221.0
575.0,15,164.0,3.0943396226415096,7.963220895414102,12,187.0,0.29824261648071326,3,24.0,0.6514435614174423,15,211.0
580.0,13,152.0,3.1666666666666665,7.333384031706495,10,190.0,0.3618373754230357,3,27.0,0.6199330691072578,13,217.0
585.0,17,199.0,4.23404255319149,7.239248760604837,10,179.0,0.48580748944419305,7,55.0,0.4671664112322233,17,234.0
590.0,16,180.0,3.8297872340425534,5.020999571514654,9,181.0,0.2927878649782902,7,70.0,0.38239627118589625,16,251.0
595.0,18,213.0,4.096153846153846,6.391144744384882,9,161.0,0.3460741956935913,9,91.0,0.41336303812190944,18,252.0
600.0,19,143.0,2.6,5.605161684566564,9,148.0,0.29570541931399696,10,92.0,0.31484438080070615,19,240.0
605.0,17,153.0,2.6842105263157894,6.88906209457637,11,137.0,0.2664571267288211,6,76.0,0.47549604047772787,17,213.0
610.0,15,145.0,2.543859649122807,6.3820211546381795,11,152.0,0.20749726613639277,4,73.0,0.5426189185962399,15,225.0
615.0,19,219.0,3.9107142857142856,7.249459910685724,10,171.0,0.37264498660379697,9,100.0,0.43023191390856497,19,271.0
620.0,19,182.0,3.4339622641509435,5.936054358925233,9,185.0,0.3359141082323482,10,119.0,0.3625421100370922,19,304.0
625.0,22,241.0,4.547169811320755,5.549863457843622,9,167.0,0.3131987533189873,13,131.0,0.3664263263381077,22,298.0
630.0,23,198.0,3.8076923076923075,4.352943187344106,10,151.0,0.21755584679959145,13,157.0,0.2905466733194013,23,308.0
635.0,24,260.0,4.814814814814815,5.151640591533265,14,197.0,0.2141707892154902,10,151.0,0.2979065165557336,24,348.0
640.0,22,255.0,4.553571428571429,4.657198686591129,13,222.0,0.15165487279953213,9,173.0,0.3064594998416819,22,395.0
645.0,17,226.0,3.9649122807017543,5.952126766607887,6,188.0,0.2863645228460585,11,192.0,0.3424627225704955,17,380.0
650.0,21,259.0,4.709090909090909,6.638622937667721,7,173.0,0.4883970478590444,14,224.0,0.3057815957503185,21,397.0
655.0,19,285.0,5.089285714285714,5.855537252456722,4,167.0,0.5493108728373168,15,232.0,0.2018179341141659,19,399.0
660.0,21,366.0,6.90566037735849,5.777423916299348,5,169.0,0.48088603310719286,16,300.0,0.29917821497565905,21,469.0
665.0,23,420.0,8.235294117647058,5.471992003287516,8,188.0,0.42054641526775943,15,351.0,0.30560309222531434,23,539.0
670.0,25,541.0,10.20754716981132,4.969625022094389,10,214.0,0.2982205365756674,15,425.0,0.24082316733733725,25,639.0
675.0,24,495.0,8.68421052631579,4.798391302752318,10,245.0,0.3212007085514891,14,411.0,0.2411671266023089,24,656.0
680.0,12,341.0,5.779661016949152,6.876634704137083,5,225.0,0.47515959789643225,7,312.0,0.32799537826678216,12,537.0
685.0,11,268.0,4.620689655172414,6.59230124534334,5,215.0,0.42053295938597957,6,226.0,0.2506725256648474,11,441.0
690.0,15,276.0,4.451612903225806,7.568932183449593,6,227.0,0.4495644459509165,9,179.0,0.320271098898746,15,406.0
695.0,18,170.0,2.8813559322033897,6.64357352507064,7,163.0,0.33274812941118215,11,161.0,0.3333701005662229,18,324.0
700.0,15,207.0,3.9056603773584904,7.647607006008613,9,105.0,0.37960103920239663,6,153.0,0.5213001904186092,15,258.0
705.0,15,175.0,3.5714285714285716,5.767293797364076,8,132.0,0.30331598889164096,7,129.0,0.3802211007927382,15,261.0
710.0,16,197.0,4.020408163265306,6.08703117950546,6,141.0,0.4394152128844255,10,122.0,0.27716677884266366,16,263.0
715.0,18,180.0,3.3962264150943398,5.732045074243263,8,127.0,0.4504097622649663,10,158.0,0.164845849635709,18,285.0
720.0,23,279.0,5.365384615384615,6.16529629537221,9,150.0,0.513793785342865,14,203.0,0.083817523661141,23,353.0
725.0,18,290.0,5.8,5.877658662447718,8,174.0,0.42391809541156494,10,226.0,0.20672997397988016,18,400.0
730.0,13,278.0,5.673469387755102,6.487366373280843,8,185.0,0.3594512068294037,5,199.0,0.2790498011999713,13,384.0
735.0,16,248.0,4.862745098039215,6.152029259044473,11,200.0,0.2531678942775973,5,165.0,0.3384479721391079,16,365.0
740.0,24,312.0,5.777777777777778,6.482354042819675,15,252.0,0.2663772459959403,9,149.0,0.477457928163145,24,401.0
745.0,21,387.0,7.4423076923076925,5.458969492098567,12,296.0,0.26841703464549205,9,190.0,0.4713024095067161,21,486.0
750.0,19,425.0,8.333333333333334,5.945451700846892,13,316.0,0.3242255128556375,6,185.0,0.44788046021429073,19,501.0
755.0,20,276.0,5.3076923076923075,5.504064309419836,11,219.0,0.22804853880970674,9,170.0,0.3125001882356916,20,389.0
760.0,20,316.0,6.076923076923077,6.049010800400739,13,194.0,0.13957920473987956,7,206.0,0.40931974009599964,20,400.0
765.0,22,315.0,6.5625,5.841841510121366,12,183.0,0.10740804407622676,10,239.0,0.3919519582239342,22,422.0
770.0,20,281.0,6.108695652173913,5.474808162066097,11,185.0,0.21153149566586008,9,218.0,0.31295196800824704,20,403.0
775.0,17,250.0,5.319148936170213,5.685651942924674,9,180.0,0.3561403072324542,8,150.0,0.291293953829143,17,330.0
780.0,16,207.0,4.5,6.083474622040332,8,183.0,0.40450631140093196,8,139.0,0.419140763276271,16,322.0
785.0,16,237.0,4.5576923076923075,6.70736728937508,6,179.0,0.4475890998579025,10,151.0,0.4872101778327714,16,330.0
790.0,17,242.0,4.481481481481482,6.648704064183431,9,194.0,0.46852615685011006,8,148.0,0.4698770861992379,17,342.0
795.0,14,196.0,3.5636363636363635,5.772206531299622,8,209.0,0.4009045886895288,6,91.0,0.3420586817163456,14,300.0
800.0,23,296.0,5.103448275862069,6.175320019306924,14,249.0,0.2639099616781685,9,100.0,0.3632904022948522,23,349.0
805.0,22,228.0,3.619047619047619,5.615792593269087,12,215.0,0.2562474324864656,10,134.0,0.28033806296018804,22,349.0
810.0,23,235.0,3.8524590163934427,5.890079478174839,8,156.0,0.35937877062586604,15,176.0,0.2609603986725533,23,332.0
815.0,21,221.0,3.810344827586207,5.441871734576002,8,177.0,0.21922128859025838,13,192.0,0.3160748896809183,21,369.0
820.0,27,331.0,5.610169491525424,5.562426247916552,14,235.0,0.25037844283178834,13,196.0,0.35138351577670834,27,431.0
825.0,28,363.0,6.368421052631579,4.427356652751997,14,285.0,0.2329732201664562,14,227.0,0.27225679326660945,28,512.0
830.0,22,381.0,6.803571428571429,5.425026690614257,13,332.0,0.28744136991591157,9,201.0,0.3332074222151372,22,533.0
835.0,20,371.0,6.745454545454545,4.798512809057438,11,325.0,0.12199206908658046,9,207.0,0.334175734822431,20,532.0
840.0,22,414.0,7.2631578947368425,5.917914120921719,7,272.0,0.3557761071702668,15,248.0,0.2401975490026003,22,520.0
845.0,21,299.0,5.067796610169491,5.275537365166524,5,179.0,0.3625075824103141,16,281.0,0.18627270960838857,21,460.0
850.0,19,340.0,5.862068965517241,7.041647431464229,8,104.0,0.413457760637232,11,301.0,0.36430548186208467,19,405.0
855.0,15,205.0,3.8679245283018866,6.329216664342772,7,101.0,0.27498461228007715,8,228.0,0.4350655003669337,15,329.0
860.0,14,224.0,4.226415094339623,6.8166461624698105,4,93.0,0.5113013448520205,10,160.0,0.2237537910884038,14,253.0
865.0,16,135.0,2.8125,5.781740688908616,3,48.0,0.4984523256995936,13,153.0,0.08442706249871476,16,201.0
870.0,18,181.0,3.7708333333333335,6.077987665023834,6,71.0,0.4758939064507861,12,157.0,0.21864967637566757,18,228.0
875.0,17,168.0,3.2941176470588234,5.7077422822354285,8,80.0,0.28147769959945523,9,168.0,0.40180129465278613,17,248.0
880.0,11,136.0,2.6666666666666665,7.248158640431443,4,67.0,0.4062696999205335,7,140.0,0.46238665658856537,11,207.0
885.0,11,171.0,3.3529411764705883,7.5066614390659625,4,73.0,0.5084970353214046,7,155.0,0.3615563824004648,11,228.0
890.0,16,163.0,3.196078431372549,6.283669887988559,4,38.0,0.3909366968656102,12,182.0,0.21062382186968245,16,220.0
895.0,17,220.0,4.888888888888889,6.044775387143824,5,51.0,0.4336853857489458,12,212.0,0.2903171920164766,17,263.0
900.0,11,208.0,4.9523809523809526,6.43955663854312,2,52.0,0.5398756997586086,9,204.0,0.3117468154359973,11,256.0
905.0,10,120.0,2.6666666666666665,7.366745388689764,3,43.0,0.48335388563836734,7,144.0,0.40679710731716656,10,187.0
910.0,15,186.0,3.875,7.699890683596505,5,66.0,0.4544063006667398,10,141.0,0.4234982393382951,15,207.0
915.0,14,164.0,3.6444444444444444,6.604788342781276,5,87.0,0.45532102548678194,9,141.0,0.3191873133934754,14,228.0
920.0,17,244.0,5.951219512195122,6.533110076348323,5,113.0,0.5606643153085974,12,158.0,0.31468879781625647,17,271.0
925.0,20,270.0,6.923076923076923,4.95297190517194,7,140.0,0.45122135719933126,13,169.0,0.2683332396639766,20,309.0
930.0,18,277.0,6.441860465116279,5.602100066185195,6,144.0,0.4382338381678499,12,207.0,0.3094915537552374,18,351.0
935.0,20,230.0,5.2272727272727275,4.038528575873274,9,123.0,0.2840304101085816,11,201.0,0.23903017060482412,20,324.0
940.0,14,210.0,4.666666666666667,5.770483966024897,6,132.0,0.3718298477195968,8,137.0,0.35277831066035387,14,269.0
945.0,15,192.0,3.9183673469387754,6.419163636504383,7,138.0,0.3678850119173172,8,137.0,0.32378450856537255,15,275.0
950.0,17,211.0,4.0576923076923075,6.740624393407747,6,153.0,0.38159987432235043,11,118.0,0.27601715025420853,17,271.0
955.0,16,238.0,4.857142857142857,6.68736441630881,6,152.0,0.4375207880820678,10,144.0,0.31197967638320145,16,296.0
960.0,10,119.0,2.5319148936170213,6.722295313606673,4,54.0,0.47366696971104527,6,141.0,0.3054849011465433,10,195.0
965.0,11,112.0,2.6666666666666665,6.977429387910381,4,53.0,0.4854092815705873,7,142.0,0.30868082293830146,11,195.0
970.0,16,151.0,3.5952380952380953,5.459586218820827,7,86.0,0.311527716035808,9,123.0,0.26163180199637065,16,209.0
975.0,17,158.0,3.590909090909091,5.091467039865842,7,76.0,0.36997075342787944,10,149.0,0.28200081776097585,17,225.0
980.0,12,176.0,4.190476190476191,6.855633804970342,4,73.0,0.5652139310100498,8,159.0,0.33086972337502596,12,232.0
985.0,10,145.0,3.2222222222222223,7.7268129649756965,5,65.0,0.5483546032122805,5,124.0,0.35180798114549783,10,189.0
990.0,13,153.0,3.06,7.916414575570782,5,55.0,0.5050987170609628,8,143.0,0.33708148866279414,13,198.0
995.0,16,210.0,4.468085106382978,7.516392212705818,8,67.0,0.5045577384324444,8,167.0,0.41785446125189596,16,234.0
1000.0,13,232.0,5.043478260869565,6.410966621607236,7,91.0,0.4106986688454454,6,165.0,0.4394963562617067,13,256.0
1005.0,16,215.0,4.777777777777778,5.785089333846642,8,121.0,0.35770464772451516,8,153.0,0.3251248041589354,16,274.0
1010.0,17,215.0,4.574468085106383,6.338813584427445,8,111.0,0.31805054950845,9,139.0,0.36358454171829047,17,250.0
1015.0,20,274.0,5.591836734693878,6.226187878059222,11,145.0,0.3972576873906486,9,159.0,0.19233090191772312,20,304.0
1020.0,19,266.0,5.428571428571429,6.2763971666779135,8,136.0,0.4566795383869194,11,203.0,0.287993986459731,19,339.0
1025.0,20,286.0,6.085106382978723,5.974823444212176,11,135.0,0.3568104114660714,9,210.0,0.32427163526882885,20,345.0
1030.0,15,254.0,5.291666666666667,6.282381622602437,9,136.0,0.2560608544779376,6,179.0,0.4825144183212173,15,315.0
1035.0,19,289.0,5.666666666666667,5.56481018130331,12,157.0,0.15808976950881226,7,187.0,0.3529771171721849,19,344.0
1040.0,20,290.0,5.8,6.384051239187996,11,162.0,0.2804928838870357,9,218.0,0.4012811989530238,20,380.0
1045.0,14,275.0,5.851063829787234,6.8671072330995315,6,111.0,0.39833670854169384,8,250.0,0.33491379307060126,14,361.0
1050.0,15,292.0,6.488888888888889,5.65872932403372,6,117.0,0.41670865181580136,9,284.0,0.16356959452978567,15,401.0
1055.0,16,280.0,5.714285714285714,6.153670347980074,7,100.0,0.4618527105743624,9,281.0,0.22526177183966567,16,381.0
1060.0,12,291.0,5.705882352941177,7.229738540190795,6,111.0,0.4886132713402544,6,266.0,0.42133697863167296,12,377.0
1065.0,13,123.0,2.3653846153846154,7.406217510278473,9,147.0,0.4123588907752369,4,138.0,0.5057474894324379,13,285.0
1070.0,15,104.0,1.9622641509433962,6.174821631712808,9,130.0,0.1938267484672175,6,59.0,0.5233435727644034,15,189.0
1075.0,12,107.0,2.0576923076923075,6.8681958580732365,7,87.0,0.3164295603018555,5,71.0,0.5028717022801005,12,158.0
1080.0,12,107.0,2.0980392156862746,6.570094701918211,7,88.0,0.24289693987573419,5,65.0,0.42630982134561624,12,153.0
1085.0,18,130.0,2.4074074074074074,5.79839957783226,11,116.0,0.16677757738054624,7,70.0,0.3290862911549005,18,186.0
1090.0,22,211.0,4.22,5.643501655134653,11,149.0,0.27480010569669466,11,117.0,0.26825583742298975,22,266.0
1095.0,14,190.0,4.130434782608695,6.149866110466011,5,135.0,0.42664363647995124,9,120.0,0.21775738679530185,14,255.0
1100.0,17,230.0,4.8936170212765955,6.166010441941458,8,144.0,0.3852633740838832,9,136.0,0.21007649728231215,17,280.0
1105.0,16,148.0,3.148936170212766,6.226506155073898,9,158.0,0.35430530886102807,7,140.0,0.35107253012560535,16,298.0
1110.0,12,155.0,3.4444444444444446,7.125768157076003,8,137.0,0.3909575625698022,4,99.0,0.5526758208107496,12,236.0
1115.0,10,85.0,1.9318181818181819,6.633787691098877,7,127.0,0.384811250829137,3,54.0,0.415918300670054,10,181.0
1120.0,14,130.0,3.0232558139534884,6.68820788937899,10,134.0,0.30315811208374155,4,38.0,0.4355997330174944,14,172.0
1125.0,17,189.0,4.5,5.8250246075753696,11,158.0,0.31745740879986867,6,64.0,0.21825801618782836,17,222.0
1130.0,14,210.0,5.121951219512195,4.9630779169008,10,183.0,0.275183233082604,4,78.0,0.3799042401677861,14,261.0
1135.0,17,271.0,6.948717948717949,5.999764660052728,11,195.0,0.27695792734900293,6,94.0,0.4173664607157048,17,289.0
1140.0,13,279.0,7.153846153846154,6.0524382433748745,10,222.0,0.2596921127714673,3,76.0,0.3042637135268001,13,298.0
1145.0,17,345.0,8.214285714285714,6.439121555130756,11,259.0,0.24708974819419893,6,102.0,0.36034194875835857,17,361.0
1150.0,15,244.0,5.809523809523809,6.50993493902429,11,249.0,0.31649810592451877,4,81.0,0.6301206218430799,15,330.0
1155.0,14,197.0,3.94,7.7207447805626455,11,225.0,0.386576800682965,3,41.0,0.7081279490627724,14,266.0
1160.0,14,141.0,2.82,6.288365244587515,8,187.0,0.34409158583649924,6,58.0,0.6013785723984502,14,245.0
1165.0,22,238.0,4.327272727272727,6.097797948644782,13,212.0,0.3746754651241704,9,101.0,0.4393848551517759,22,313.0
1170.0,23,180.0,3.103448275862069,5.559795796272056,12,221.0,0.40250506521565016,11,103.0,0.3199568106058423,23,324.0
1175.0,11,144.0,2.618181818181818,6.355585704215743,5,183.0,0.39671391998993455,6,98.0,0.2697226124326238,11,281.0
1180.0,19,188.0,3.357142857142857,5.099797432701015,8,187.0,0.29265045099953535,11,116.0,0.14184981996160761,19,303.0
1185.0,22,191.0,3.4727272727272727,4.924604679150711,8,161.0,0.19083649007634026,14,156.0,0.14869863537654818,22,317.0
1190.0,24,279.0,5.470588235294118,5.141490179664934,13,197.0,0.2512345432464159,11,195.0,0.2445745902863104,24,392.0
1195.0,19,318.0,6.489795918367347,5.293957875852542,11,235.0,0.17335176690075083,8,183.0,0.3128913267229845,19,418.0
1200.0,15,293.0,5.979591836734694,6.08366847049344,6,236.0,0.29009580516392963,9,171.0,0.2653338150992964,15,407.0
1205.0,13,245.0,5.212765957446808,6.899631087630577,5,222.0,0.4455056562348794,8,160.0,0.2947863721670173,13,382.0
1210.0,15,293.0,6.23404255319149,6.649730633296951,7,232.0,0.40052266906185563,8,182.0,0.31648922422541415,15,414.0
1215.0,18,262.0,5.695652173913044,5.804940280531532,8,174.0,0.3113637087790715,10,222.0,0.3471957277025508,18,396.0
1220.0,15,264.0,5.617021276595745,6.339646369755486,7,92.0,0.40486459050689155,8,233.0,0.40935779628104096,15,325.0
1225.0,16,279.0,5.8125,6.275583112535326,6,86.0,0.47725510090761936,10,261.0,0.3630251576541842,16,347.0
1230.0,13,218.0,4.448979591836735,6.239245192265329,4,49.0,0.4871571004752161,9,247.0,0.3326189877431362,13,296.0
1235.0,14,231.0,4.8125,6.043995628089848,5,51.0,0.30173962061553156,9,231.0,0.3326739051593576,14,282.0
1240.0,15,107.0,2.0980392156862746,5.96178718566484,7,61.0,0.2644654266920765,8,135.0,0.25779216119659404,15,196.0
1245.0,17,116.0,2.2745098039215685,6.212091787106086,8,82.0,0.2719350679048226,9,117.0,0.3331602474118679,17,199.0
1250.0,12,94.0,2.088888888888889,6.767091228541061,5,70.0,0.4466271015233734,7,127.0,0.39488986227961387,12,197.0
1255.0,14,135.0,2.9347826086956523,6.461120101503042,6,82.0,0.3742066266772408,8,133.0,0.37722366609377,14,215.0
1260.0,15,147.0,3.1956521739130435,6.519683841762382,8,100.0,0.3943434500175086,7,137.0,0.372268702034193,15,237.0
1265.0,12,154.0,3.347826086956522,6.855730111836586,5,110.0,0.4454717344944158,7,119.0,0.3428688313508909,12,229.0
1270.0,14,191.0,4.0638297872340425,6.494068734042909,5,101.0,0.3631545481133125,9,138.0,0.35400812888148026,14,239.0
1275.0,14,197.0,3.7169811320754715,7.038100586348202,6,88.0,0.48507003147682054,8,156.0,0.36137174884091683,14,244.0
1280.0,15,222.0,4.269230769230769,7.931051277231888,8,120.0,0.53982655780099,7,164.0,0.46519259007640584,15,284.0
1285.0,11,231.0,4.714285714285714,7.297078709127615,5,139.0,0.47526329664301803,6,166.0,0.48495320165091815,11,305.0
1290.0,11,228.0,4.75,6.1241255605239715,6,144.0,0.30548233986335444,5,161.0,0.42858591777299926,11,305.0
1295.0,18,208.0,4.244897959183674,6.375815508264317,10,92.0,0.24206398911530394,8,174.0,0.4094872970810409,18,266.0
1300.0,18,176.0,3.52,6.2560449217163985,13,140.0,0.26353894938633016,5,136.0,0.38534209270649505,18,276.0
1305.0,18,173.0,3.2641509433962264,6.824681546762615,12,174.0,0.36030561389167093,6,61.0,0.4454221582312537,18,235.0
1310.0,16,214.0,4.458333333333333,7.0899480927990455,10,180.0,0.3917801710517201,6,90.0,0.5543963794930391,16,270.0
1315.0,16,220.0,4.4,6.019118107035556,9,188.0,0.2988601138288039,7,121.0,0.461193008438626,16,309.0
1320.0,16,242.0,4.653846153846154,5.586509126669332,10,166.0,0.27884310154107345,6,132.0,0.3980266093198731,16,298.0
1325.0,17,217.0,3.9454545454545453,5.217193303589124,10,153.0,0.20959018057416925,7,152.0,0.35522082360348384,17,305.0
1330.0,18,238.0,4.175438596491228,6.539386706110217,11,156.0,0.311942488470061,7,150.0,0.37213393171826475,18,306.0
1335.0,21,306.0,5.5636363636363635,6.550319213863472,10,181.0,0.30532277726826107,11,193.0,0.397719546713024,21,374.0
1340.0,20,346.0,6.528301886792453,6.175426923868125,12,185.0,0.3171040382101108,8,228.0,0.33094985061139315,20,413.0
1345.0,22,377.0,7.392156862745098,5.017017692737832,11,196.0,0.20356965854796777,11,258.0,0.29374761472662386,22,454.0
1350.0,21,403.0,7.75,5.773946575812924,10,186.0,0.2458853556321593,11,288.0,0.3587848850692102,21,474.0
1355.0,20,361.0,6.811320754716981,6.476538361619985,9,154.0,0.36034639026728194,11,293.0,0.3744964314306506,20,447.0
1360.0,18,385.0,7.7,6.413049359908408,7,160.0,0.4625416201689986,11,319.0,0.2811293121385997,18,479.0
1365.0,21,423.0,8.63265306122449,5.743375392165419,8,163.0,0.36676118784364276,13,358.0,0.26399608491223925,21,521.0
1370.0,15,379.0,7.58,6.263311086635285,4,123.0,0.48906608025743725,11,384.0,0.28671918899524274,15,507.0
1375.0,10,340.0,7.555555555555555,7.347286328396024,2,92.0,0.49176208899216267,8,373.0,0.4847396042684483,10,465.0
1380.0,13,142.0,3.227272727272727,6.63547072255711,6,92.0,0.4090859750864479,7,238.0,0.45425266859997415,13,330.0
1385.0,16,154.0,3.276595744680851,6.876102250501661,5,85.0,0.4755081679785084,11,143.0,0.4423188926166342,16,228.0
1390.0,18,201.0,4.1020408163265305,5.539309957780655,7,92.0,0.5081874411029966,11,169.0,0.23302131983737717,18,261.0
1395.0,17,244.0,5.083333333333333,5.4291073697210495,6,106.0,0.4821561232438673,11,187.0,0.22021039863468983,17,293.0
1400.0,23,257.0,5.14,5.260850048955259,10,144.0,0.3949573575884363,13,187.0,0.24351499207145413,23,331.0
1405.0,18,256.0,4.830188679245283,5.599239068601956,8,161.0,0.32131227027944276,10,191.0,0.29966274545329313,18,352.0
1410.0,18,299.0,5.75,5.355468109208516,10,184.0,0.3656360971809617,8,202.0,0.2712554212378223,18,386.0
1415.0,17,224.0,4.3076923076923075,5.921263492052343,9,141.0,0.3689408371048463,8,211.0,0.3324185006305953,17,352.0
1420.0,18,251.0,4.921568627450981,5.818249358716593,8,96.0,0.32656652896818944,10,233.0,0.3123887712284545,18,329.0
1425.0,16,252.0,4.754716981132075,5.972724496679157,6,93.0,0.3807632074023843,10,239.0,0.2842066432488813,16,332.0
1430.0,18,175.0,3.3653846153846154,6.411233863631229,7,87.0,0.4791743492385456,11,193.0,0.29151740452764463,18,280.0
1435.0,19,198.0,4.040816326530612,6.5589952882992515,6,108.0,0.5000107863807145,13,178.0,0.39052371961877624,19,286.0
1440.0,16,195.0,3.9,5.568333182407855,6,102.0,0.3647035584605556,10,194.0,0.3736482622636414,16,296.0
1445.0,17,168.0,3.230769230769231,5.148806061450941,8,92.0,0.24296816524474002,9,166.0,0.33640893673643113,17,258.0
1450.0,18,172.0,3.2452830188679247,5.7991419749415645,7,98.0,0.3350263443677401,11,171.0,0.29663947011464564,18,269.0
1455.0,22,202.0,3.672727272727273,5.750836435471041,8,78.0,0.3132551538012131,14,202.0,0.2595343012488904,22,280.0
1460.0,23,283.0,5.053571428571429,5.897691867191898,9,123.0,0.3292182955816744,14,236.0,0.32287439856259054,23,359.0
1465.0,17,288.0,5.433962264150943,6.3486495655193,7,127.0,0.4000037760813237,10,247.0,0.3605205774175853,17,374.0
1470.0,17,258.0,4.961538461538462,5.101173609776049,8,121.0,0.288761747313545,9,240.0,0.28409422866470124,17,361.0
1475.0,25,285.0,5.089285714285714,5.406556603519211,9,105.0,0.33781181246409137,16,262.0,0.26322849280802946,25,367.0
1480.0,24,371.0,6.183333333333334,5.8857872116170284,9,132.0,0.5093601206324561,15,316.0,0.2563278118250253,24,448.0
1485.0,18,336.0,5.508196721311475,5.9684249298048675,6,113.0,0.4757272126715561,12,335.0,0.3116081101710764,18,448.0
1490.0,17,275.0,4.661016949152542,5.832124544982436,6,65.0,0.4299257580296175,11,342.0,0.2622899680879526,17,407.0
1495.0,22,314.0,5.233333333333333,4.958642014744858,6,69.0,0.3588152543449161,16,342.0,0.10196266979648888,22,411.0
1500.0,30,416.0,6.819672131147541,5.230547159862096,14,111.0,0.33067256275023904,16,403.0,0.19266592161137497,30,514.0
1505.0,25,454.0,7.566666666666666,4.998732051405148,13,147.0,0.2795503882901086,12,414.0,0.32582919695060186,25,561.0
1510.0,24,352.0,5.866666666666666,5.632373562220236,14,185.0,0.27710941094746705,10,342.0,0.395861556040567,24,527.0
1515.0,24,322.0,5.366666666666666,5.588858258827825,12,199.0,0.30597407011709243,12,232.0,0.3441554872785883,24,431.0
1520.0,21,202.0,3.4237288135593222,5.167714783991326,8,168.0,0.34027819275258847,13,223.0,0.21888918226026474,21,391.0
1525.0,21,188.0,3.357142857142857,4.9631323180847335,6,133.0,0.40414014875852666,15,201.0,0.12103584034507801,21,334.0
1530.0,23,223.0,3.912280701754386,5.464193988899247,9,133.0,0.3731530823328626,14,223.0,0.22185653946865008,23,356.0
1535.0,17,190.0,3.5185185185185186,5.265801816546265,10,147.0,0.24270654013696885,7,176.0,0.3479454132079415,17,323.0
1540.0,18,205.0,3.4166666666666665,6.102998231299595,8,151.0,0.3072107149330643,10,182.0,0.3197022567719219,18,333.0
1545.0,20,191.0,3.0317460317460316,6.244947784043301,7,128.0,0.3553286219236056,13,218.0,0.2774502227651788,20,346.0
1550.0,24,242.0,4.101694915254237,5.568111860456846,12,112.0,0.37287688701315164,12,238.0,0.24547377507820176,24,350.0
1555.0,17,265.0,4.649122807017544,6.094119663569504,9,141.0,0.3529705324713683,8,213.0,0.36170478849087556,17,354.0
1560.0,18,217.0,3.9454545454545453,5.706669037467116,10,152.0,0.35945443986961506,8,155.0,0.25419846305188293,18,307.0
1565.0,22,250.0,4.464285714285714,5.866528134463617,9,159.0,0.3958620564956299,13,168.0,0.10808707984318244,22,327.0
1570.0,23,294.0,5.444444444444445,6.046487837464686,13,194.0,0.35089369449866953,10,190.0,0.3272100911107569,23,384.0
1575.0,21,306.0,5.464285714285714,5.919749752179138,11,176.0,0.2899036463608417,10,202.0,0.45585811549700384,21,378.0
1580.0,20,308.0,5.310344827586207,6.47792951670935,12,202.0,0.34245794714736427,8,204.0,0.48255415886670144,20,406.0
1585.0,16,284.0,5.071428571428571,5.67483640299402,10,213.0,0.2169572263213745,6,155.0,0.4614665246332103,16,368.0
1590.0,18,231.0,4.125,4.6809566732493915,12,222.0,0.1823605516662699,6,92.0,0.24070025831098169,18,314.0
1595.0,27,251.0,4.4035087719298245,4.916334659333723,13,230.0,0.2818510758024671,14,118.0,0.10344574562730208,27,348.0
1600.0,23,244.0,4.280701754385965,5.078482932262007,11,212.0,0.3399190948615606,12,156.0,0.20130994395111393,23,368.0
1605.0,16,275.0,5.0,6.293010004127655,9,246.0,0.40604163782596164,7,158.0,0.4169615414966406,16,404.0
1610.0,16,265.0,4.649122807017544,6.646394490689178,10,262.0,0.4034392296930499,6,122.0,0.4225134076309221,16,384.0
1615.0,19,231.0,4.052631578947368,6.4803239984164485,12,248.0,0.31372325863446865,7,113.0,0.3882839278429564,19,361.0
1620.0,20,224.0,4.148148148148148,6.0400963251549165,13,271.0,0.23010126165808703,7,101.0,0.4093753393722488,20,372.0
1625.0,24,249.0,4.611111111111111,5.655436903703669,14,286.0,0.15055628802941717,10,101.0,0.38034287363665026,24,387.0
1630.0,24,299.0,5.98,4.919753710587168,14,270.0,0.15732771803248474,10,139.0,0.3320365484168161,24,409.0
1635.0,24,312.0,6.24,4.940196267416582,12,256.0,0.24688480591122952,12,170.0,0.28887030536278646,24,426.0
1640.0,22,249.0,4.788461538461538,5.339667605463285,10,205.0,0.3789818775071961,12,177.0,0.29059061425411614,22,382.0
1645.0,15,166.0,3.018181818181818,5.925378987046163,8,194.0,0.32910126721562066,7,139.0,0.3761419446222308,15,333.0
1650.0,15,212.0,3.593220338983051,7.664969941259184,9,158.0,0.3684949896102881,6,143.0,0.4653083353958126,15,301.0
1655.0,12,193.0,3.0634920634920637,7.55704935741611,7,143.0,0.40430204540653614,5,139.0,0.40228617260946037,12,282.0
1660.0,21,286.0,4.688524590163935,6.906510350195346,10,188.0,0.45482139023228163,11,186.0,0.22377899812430538,21,374.0
1665.0,25,314.0,5.508771929824562,5.994363105217151,11,204.0,0.4173031107974016,14,223.0,0.20687382523545064,25,427.0
1670.0,23,369.0,6.589285714285714,5.042828143928774,9,204.0,0.33381144971661897,14,272.0,0.2523195970434424,23,476.0
1675.0,23,348.0,6.214285714285714,4.469557460464815,11,156.0,0.27040258313957727,12,298.0,0.3439674500149356,23,454.0
1680.0,23,386.0,6.5423728813559325,5.8692862619058355,14,187.0,0.29583054927273383,9,272.0,0.4400772110244139,23,459.0
1685.0,19,219.0,3.711864406779661,5.472865852471689,13,211.0,0.24264575270591374,6,187.0,0.3893174095009524,19,398.0
1690.0,24,287.0,4.704918032786885,5.959275598543422,13,211.0,0.3025243666891676,11,141.0,0.2621508023043092,24,352.0
1695.0,25,265.0,4.344262295081967,5.181774198552664,11,225.0,0.3429213728100317,14,181.0,0.17977154476061194,25,406.0
1700.0,26,308.0,4.967741935483871,5.923431883165249,12,222.0,0.3613854988992599,14,202.0,0.31183416538292313,26,424.0
1705.0,27,325.0,5.327868852459017,4.711939300127074,15,250.0,0.28873883705957765,12,218.0,0.3548647866597798,27,468.0
1710.0,23,256.0,4.19672131147541,4.450868048649371,13,247.0,0.18287693761818002,10,199.0,0.3914420225764123,23,446.0
1715.0,26,256.0,3.9384615384615387,4.175906860242936,16,260.0,0.16697652773016908,10,225.0,0.33574270188490807,26,485.0
1720.0,31,336.0,4.869565217391305,5.31229068746184,15,289.0,0.2908456116900601,16,261.0,0.3192451956313525,31,550.0
1725.0,32,296.0,4.352941176470588,4.443085484553209,14,310.0,0.25721664004185585,18,288.0,0.2678465343154002,32,598.0
1730.0,31,360.0,5.217391304347826,4.774606850639254,13,286.0,0.28295868813427055,18,326.0,0.2573167716044266,31,612.0
1735.0,33,389.0,5.8059701492537314,4.069312785723053,12,278.0,0.24420532344495274,21,357.0,0.17217383249220475,33,635.0
1740.0,29,383.0,5.632352941176471,5.075888228891107,15,322.0,0.27342794518006236,14,339.0,0.2278573465349458,29,661.0
1745.0,29,365.0,5.367647058823529,4.893707816472563,17,349.0,0.26639890606911515,12,326.0,0.22885903670666827,29,675.0
1750.0,30,350.0,5.147058823529412,4.004671705784134,14,334.0,0.25763696497455535,16,315.0,0.17213397410856848,30,649.0
1755.0,32,395.0,5.642857142857143,3.768475735654207,13,337.0,0.29830526522998724,19,353.0,0.1881336009673743,32,690.0
1760.0,29,423.0,5.957746478873239,4.735617956589359,16,344.0,0.2321626802837357,13,340.0,0.33042627477701236,29,684.0
1765.0,28,338.0,4.76056338028169,4.783813800861826,18,369.0,0.181129289792067,10,301.0,0.3822239457550449,28,670.0
1770.0,28,334.0,4.704225352112676,5.104179563498362,12,341.0,0.23939881208088729,16,298.0,0.25508023161605475,28,639.0
1775.0,30,304.0,4.470588235294118,4.100412062554255,13,334.0,0.22172139973634156,17,312.0,0.18153394592799088,30,646.0
1780.0,34,359.0,5.358208955223881,4.688172961866083,16,331.0,0.27110031416642816,18,307.0,0.19682130079565727,34,638.0
1785.0,29,419.0,6.446153846153846,3.7903007155708432,13,346.0,0.23774074643216625,16,331.0,0.2231612959803278,29,677.0
1790.0,24,375.0,5.681818181818182,5.1560471534253765,12,340.0,0.2764080723155593,12,303.0,0.27651787290471946,24,643.0
1795.0,18,252.0,4.0,5.07769119196765,9,306.0,0.21553709003821825,9,264.0,0.29948193734837775,18,570.0
1800.0,25,310.0,4.920634920634921,4.566779098062213,14,313.0,0.1527066295758878,11,246.0,0.2224352040229399,25,559.0
1805.0,30,345.0,5.655737704918033,3.8247787788698675,14,342.0,0.16658692348093,16,281.0,0.1910333461567461,30,623.0
1810.0,32,473.0,7.754098360655738,4.400527517157199,14,372.0,0.33504082707680427,18,312.0,0.15071627807246732,32,684.0
1815.0,30,508.0,8.063492063492063,4.5478688894118555,12,394.0,0.3973041735746736,18,341.0,0.1856209795212283,30,735.0
1820.0,16,416.0,6.208955223880597,6.12101735478304,6,358.0,0.40780986604397107,10,289.0,0.30492016074982853,16,647.0
1825.0,18,258.0,3.909090909090909,5.410823099373529,8,257.0,0.24780567897116743,10,299.0,0.32239850077317733,18,556.0
1830.0,27,233.0,3.4776119402985075,5.225918426386751,12,177.0,0.2811873405688599,15,319.0,0.2953762103094612,27,496.0
1835.0,30,324.0,4.909090909090909,3.985277599048576,12,196.0,0.24904445844111636,18,351.0,0.23564345998154018,30,547.0
1840.0,22,339.0,5.467741935483871,4.978503625329075,9,197.0,0.31098007726510807,13,333.0,0.24960245138220255,22,530.0
1845.0,17,240.0,3.9344262295081966,5.3837413442266255,9,188.0,0.3352251916809565,8,261.0,0.23340748608926146,17,449.0
1850.0,28,297.0,4.5,5.538693128110562,15,238.0,0.3474287686019145,13,219.0,0.17361463438812805,28,457.0
1855.0,27,327.0,5.030769230769231,5.463774881451967,14,272.0,0.39405300553827827,13,252.0,0.2990026317555259,27,524.0
1860.0,28,431.0,6.630769230769231,5.366259027703332,14,306.0,0.356821466386836,14,305.0,0.34468651069425793,28,611.0
1865.0,30,451.0,6.833333333333333,3.8378991807929017,17,343.0,0.20845855439740507,13,323.0,0.3131903765153708,30,666.0
1870.0,24,394.0,5.96969696969697,4.668463124933527,15,343.0,0.17822897964544787,9,293.0,0.32028162209669475,24,636.0
1875.0,27,434.0,6.382352941176471,4.061180437412202,17,394.0,0.06872807367520349,10,310.0,0.2603447014900022,27,704.0
1880.0,31,491.0,7.3283582089552235,4.333447967624217,17,422.0,0.14220434918389266,14,347.0,0.22996593486312597,31,769.0
1885.0,34,513.0,7.544117647058823,4.273408442310579,18,395.0,0.20053444716619914,16,383.0,0.24301102905566854,34,778.0
1890.0,30,548.0,8.698412698412698,4.514405783498055,16,363.0,0.22803496440344462,14,392.0,0.30589568174809934,30,755.0
1895.0,25,364.0,5.777777777777778,4.259054540666344,13,365.0,0.18744694598101294,12,284.0,0.30715430775726366,25,649.0
1900.0,22,318.0,4.892307692307693,6.06383562022021,10,322.0,0.35155414839335847,12,215.0,0.3821575571186254,22,537.0
1905.0,24,303.0,4.455882352941177,5.3531761537398985,11,347.0,0.35737237470991495,13,215.0,0.2904427378349056,24,562.0
1910.0,30,403.0,6.014925373134329,5.43350442524208,16,384.0,0.2900211769573923,14,218.0,0.3270328430007507,30,602.0
1915.0,31,463.0,6.91044776119403,4.205739731133994,17,412.0,0.2003229569142379,14,247.0,0.2891558357482425,31,659.0
1920.0,24,454.0,6.676470588235294,4.812134969318203,11,408.0,0.2049979369944894,13,245.0,0.295584015120158,24,653.0
1925.0,20,367.0,5.477611940298507,5.225710935265187,7,330.0,0.3702879489895603,13,262.0,0.22587634253717476,20,592.0
1930.0,24,445.0,6.641791044776119,6.109191424453053,7,292.0,0.44773831172257555,17,289.0,0.26530789090867724,24,581.0
1935.0,27,230.0,3.5384615384615383,5.213935801679438,9,200.0,0.38850697999809514,18,310.0,0.3034486941409886,27,510.0
1940.0,26,296.0,4.625,5.101210941591793,10,125.0,0.35861192370871775,16,297.0,0.2917878857695177,26,422.0
1945.0,30,316.0,4.7164179104477615,4.281834621779151,11,144.0,0.29512895058198707,19,317.0,0.22543687345127303,30,461.0
1950.0,16,236.0,3.5223880597014925,5.501777416542482,5,117.0,0.29400594820099124,11,287.0,0.28048947671149377,16,404.0
1955.0,15,188.0,2.8059701492537314,6.160365010891701,4,84.0,0.40013359287503786,11,279.0,0.2766275044753407,15,363.0
1960.0,22,203.0,3.029850746268657,5.891478378417444,6,96.0,0.4065477045373868,16,271.0,0.17584261774988746,22,367.0
1965.0,27,229.0,3.523076923076923,4.944642544991168,7,103.0,0.3669323957503139,20,325.0,0.1033197761337261,27,428.0
1970.0,31,344.0,5.830508474576271,4.938794671341744,11,152.0,0.4685094162935727,20,370.0,0.11292077300069273,31,522.0
1975.0,26,345.0,5.948275862068965,4.497635091681995,8,153.0,0.4481711861104132,18,399.0,0.16871163185262644,26,552.0
1980.0,20,286.0,4.8474576271186445,5.310951877514559,10,161.0,0.3800398705515919,10,358.0,0.2556438302948807,20,519.0
1985.0,24,318.0,5.389830508474576,5.71337201821192,12,172.0,0.2425691283157818,12,320.0,0.36205296970709155,24,492.0
1990.0,20,314.0,5.322033898305085,5.354617620299714,7,139.0,0.24568058951461647,13,344.0,0.2246600976570779,20,483.0
1995.0,23,400.0,7.2727272727272725,5.8461053908031175,8,145.0,0.4257691236010913,15,387.0,0.1435342937812067,23,532.0
2000.0,23,433.0,8.169811320754716,5.067876024341661,8,143.0,0.40725781640812814,15,414.0,0.11082444080649971,23,557.0
2005.0,18,483.0,8.625,6.602274493160264,9,180.0,0.42323540784603403,9,413.0,0.326598927680283,18,593.0
2010.0,16,382.0,6.701754385964913,6.094134077463164,8,197.0,0.3867637377802712,8,335.0,0.35633203195344876,16,532.0
2015.0,16,391.0,6.859649122807017,6.9667735486333235,6,194.0,0.45202825353332254,10,280.0,0.36033637073907343,16,474.0
2020.0,13,430.0,8.431372549019608,6.383072916279262,6,221.0,0.3524330507106674,7,293.0,0.3552716633976387,13,514.0
2025.0,17,490.0,9.423076923076923,6.404444193458027,11,263.0,0.2939565824830035,6,286.0,0.3392823830714364,17,549.0
2030.0,20,364.0,7.28,5.1589705714766385,12,270.0,0.18836615556641495,8,233.0,0.35445462475208084,20,503.0
2035.0,22,321.0,6.6875,5.706075985994961,13,259.0,0.3175922881638449,9,131.0,0.391450694411936,22,390.0
2040.0,16,330.0,6.6,5.759141203114757,9,277.0,0.3074402485713182,7,154.0,0.5183226278234655,16,431.0
2045.0,17,348.0,7.404255319148936,5.890579257885295,9,253.0,0.3580164974118728,8,165.0,0.39991666838324225,17,418.0
2050.0,16,190.0,3.9583333333333335,5.835000066583326,7,115.0,0.24605355406201088,9,184.0,0.36525867708268445,16,299.0
2055.0,18,228.0,4.56,6.855770991490585,10,110.0,0.26951740574645994,8,187.0,0.385246506107919,18,297.0
2060.0,11,162.0,3.6,6.743629361511891,6,120.0,0.4442347233855344,5,136.0,0.4006418556685838,11,256.0
2065.0,14,222.0,5.045454545454546,7.098638929274899,5,136.0,0.5159166392352528,9,147.0,0.3293731956559923,14,283.0
2070.0,11,139.0,3.088888888888889,6.37992479359659,4,97.0,0.5657779076618838,7,157.0,0.1909933604932275,11,254.0
2075.0,12,165.0,3.9285714285714284,6.976945428725403,6,58.0,0.44011502693028004,6,169.0,0.34408408972543897,12,227.0
2080.0,13,168.0,4.0,5.41851998809399,6,70.0,0.3027098435240554,7,171.0,0.27601006749390605,13,241.0
2085.0,16,214.0,4.863636363636363,6.1901238880066325,8,107.0,0.3373439927398321,8,168.0,0.36568097285678325,16,275.0
2090.0,12,203.0,4.613636363636363,6.620779546714046,6,118.0,0.4735008637499458,6,186.0,0.3942843251420798,12,304.0
2095.0,11,233.0,5.5476190476190474,7.656787245499087,5,90.0,0.5249888538718116,6,194.0,0.3664661390087074,11,284.0
2100.0,12,181.0,4.113636363636363,7.013204570391874,6,111.0,0.4355353033613575,6,125.0,0.24741027535362084,12,236.0
2105.0,16,255.0,5.666666666666667,6.874072059640511,9,154.0,0.3599202542318483,7,117.0,0.3418851826491201,16,271.0
2110.0,13,126.0,3.073170731707317,5.931805086985212,8,105.0,0.3758037510503983,5,95.0,0.3828170054771957,13,200.0
2115.0,14,183.0,4.6923076923076925,6.423942244690049,8,113.0,0.3212142000648751,6,94.0,0.46027465485499336,14,207.0
2120.0,14,178.0,4.238095238095238,5.8798380904568655,9,125.0,0.26820977446694083,5,115.0,0.4285712980948556,14,240.0
2125.0,13,210.0,5.0,7.075065032680006,4,102.0,0.4773750477845533,9,141.0,0.2972130180151136,13,243.0
2130.0,12,200.0,4.651162790697675,6.50819880265655,4,103.0,0.5083615524650258,8,156.0,0.28160234630576697,12,259.0
2135.0,14,246.0,6.3076923076923075,7.004034664298665,6,128.0,0.4967208060755394,8,152.0,0.29237360253099814,14,280.0
2140.0,15,229.0,5.871794871794871,5.74326831177522,8,163.0,0.23848845900758248,7,116.0,0.3860178929636692,15,279.0
2145.0,13,237.0,6.2368421052631575,5.399053563884789,8,191.0,0.17632444916370957,5,109.0,0.3630855777097496,13,300.0
2150.0,11,237.0,6.076923076923077,6.221779190142058,6,196.0,0.3161518743107046,5,84.0,0.31112796063897513,11,280.0
2155.0,12,175.0,4.2682926829268295,7.502504536906208,5,155.0,0.5406741917585893,7,102.0,0.26114476707798673,12,257.0
2160.0,9,136.0,3.238095238095238,8.006290556658197,4,100.0,0.63213719788224,5,94.0,0.3844075769566729,9,194.0
2165.0,10,170.0,3.8636363636363638,8.638525400819537,5,108.0,0.5646976226629544,5,91.0,0.5759072561459099,10,199.0
2170.0,15,197.0,4.377777777777778,6.75718049050756,11,147.0,0.33211035695762536,4,83.0,0.5896555873306195,15,230.0
2175.0,18,247.0,4.94,6.0540161639906,10,182.0,0.2693445726175679,8,94.0,0.5629045702078785,18,276.0
2180.0,20,324.0,6.48,5.675912613919032,13,231.0,0.32303206194804907,7,123.0,0.479253965824159,20,354.0
2185.0,22,360.0,6.666666666666667,5.623508682045918,11,253.0,0.3132786031260807,11,166.0,0.4164325182464351,22,419.0
2190.0,18,369.0,6.709090909090909,5.2245518625672975,7,241.0,0.3989290970073711,11,198.0,0.21973527140526772,18,439.0
2195.0,21,430.0,7.413793103448276,5.79266197396538,8,246.0,0.4362183314918923,13,245.0,0.2060832649225669,21,491.0
2200.0,25,375.0,6.3559322033898304,5.056119041858933,12,269.0,0.3090873180823549,13,206.0,0.28489119031554755,25,475.0
2205.0,21,229.0,4.089285714285714,5.017398983895711,13,247.0,0.21425159756643486,8,162.0,0.4098401802865909,21,409.0
2210.0,24,248.0,4.509090909090909,4.270113081958124,16,206.0,0.1941154598183974,8,187.0,0.27825923998860597,24,393.0
2215.0,26,297.0,5.303571428571429,4.565064701359733,15,237.0,0.26658279456047296,11,222.0,0.23489851988582253,26,459.0
2220.0,23,253.0,4.685185185185185,4.294344077063305,10,221.0,0.2806991581692059,13,239.0,0.16116379583487206,23,460.0
2225.0,25,308.0,5.811320754716981,4.110834645646118,11,236.0,0.28014798103512967,14,268.0,0.026912253046611757,25,504.0
2230.0,28,328.0,5.857142857142857,4.421005313843977,15,266.0,0.2273239713832608,13,281.0,0.15970345114155413,28,547.0
2235.0,23,337.0,5.711864406779661,5.503164185403845,14,280.0,0.21553226861161798,9,234.0,0.40765250239620104,23,514.0
2240.0,22,287.0,4.948275862068965,5.775981867714477,16,313.0,0.18241806384284942,6,192.0,0.46766246885132473,22,505.0
2245.0,21,306.0,5.016393442622951,6.097771731227355,13,327.0,0.22213128543409955,8,139.0,0.5027373919002516,21,466.0
2250.0,20,257.0,4.283333333333333,6.272344359168936,9,270.0,0.2862682712192648,11,161.0,0.44427691650722295,20,431.0
2255.0,24,318.0,5.389830508474576,5.264137151617861,9,269.0,0.3437614317045245,15,226.0,0.3032779382174717,24,495.0
2260.0,26,360.0,6.206896551724138,4.763459228164424,11,276.0,0.3620230420778764,15,243.0,0.20635434573995604,26,519.0
2265.0,23,374.0,6.678571428571429,4.019804889936869,13,318.0,0.1759932932618181,10,242.0,0.2654975460616348,23,560.0
2270.0,27,380.0,6.333333333333333,3.926009858482387,16,359.0,0.14874823409729795,11,245.0,0.25977246556055456,27,604.0
2275.0,29,372.0,6.0,4.144009039450271,14,364.0,0.2038945530423994,15,233.0,0.2943892850137325,29,597.0
2280.0,27,369.0,5.857142857142857,4.626573739971862,9,306.0,0.39565094092821873,18,282.0,0.21363484904965271,27,588.0
2285.0,22,255.0,3.923076923076923,5.009751526281436,10,198.0,0.3570987813172466,12,289.0,0.20499307085762344,22,487.0
2290.0,24,269.0,4.014925373134329,5.3521572491678056,14,239.0,0.17792575691728751,10,288.0,0.29374627868177583,24,527.0
2295.0,25,329.0,4.768115942028985,5.387212828634627,13,284.0,0.2068180394009205,12,287.0,0.3182388696015764,25,571.0
2300.0,30,412.0,6.338461538461538,5.176158701950123,14,312.0,0.22104264573020077,16,328.0,0.31142487578397293,30,640.0
2305.0,25,430.0,6.615384615384615,4.9384714232334375,13,307.0,0.1661608781628506,12,323.0,0.3228894987789383,25,630.0
2310.0,19,327.0,4.671428571428572,6.159715685655395,5,224.0,0.36424172718592246,14,329.0,0.2816060486291476,19,553.0
2315.0,21,299.0,4.462686567164179,5.825830166732847,6,221.0,0.47809416770644697,15,305.0,0.16930326873479834,21,526.0
2320.0,30,396.0,5.6571428571428575,5.382472375483956,13,268.0,0.4726735378758003,17,363.0,0.14473341505916976,30,631.0
2325.0,27,453.0,7.078125,4.582934235927411,13,283.0,0.32961696077921826,14,395.0,0.21539588138733953,27,678.0
2330.0,26,438.0,6.7384615384615385,4.714667593627927,14,277.0,0.2679228088111397,12,395.0,0.22888730070251434,26,672.0
2335.0,29,474.0,7.074626865671642,4.701110325995836,15,291.0,0.13422287595500618,14,378.0,0.2669947954002934,29,669.0
2340.0,32,554.0,8.028985507246377,5.472703421751848,16,320.0,0.23654719719337358,16,414.0,0.2995687372858896,32,734.0
2345.0,27,627.0,9.796875,5.158479725135719,14,362.0,0.272628840647518,13,425.0,0.28080805293790306,27,787.0
2350.0,27,665.0,10.555555555555555,4.715067663399474,15,385.0,0.31080299910981674,12,439.0,0.17289101177014618,27,824.0
2355.0,22,612.0,9.870967741935484,4.754553754577188,10,387.0,0.29930713586966995,12,416.0,0.18936667961479464,22,803.0
2360.0,27,527.0,8.783333333333333,5.611304693587852,16,413.0,0.3075637265079755,11,311.0,0.254979498240394,27,724.0
2365.0,25,504.0,7.875,5.981925895662476,14,445.0,0.31479927285991643,11,189.0,0.36071871329035804,25,634.0
2370.0,23,522.0,7.457142857142857,5.8892587947215596,13,450.0,0.3330575623581868,10,196.0,0.37476663781795283,23,646.0
2375.0,25,389.0,5.328767123287672,6.65723306652919,14,405.0,0.407799258183471,11,206.0,0.46438949216980807,25,611.0
2380.0,26,275.0,3.9285714285714284,5.53502763813343,15,316.0,0.32271772326690584,11,193.0,0.4018782302320618,26,509.0
2385.0,29,281.0,4.1940298507462686,4.189524934484718,19,347.0,0.14195838636980437,10,181.0,0.34503905706400995,29,528.0
2390.0,35,382.0,5.876923076923077,3.02936512137525,21,360.0,0.06295456140757917,14,219.0,0.14451214228690834,35,579.0
2395.0,36,472.0,7.612903225806452,3.424704316434106,18,410.0,0.1681551296944183,18,290.0,0.025779776611666434,36,700.0
2400.0,36,548.0,8.430769230769231,4.292785494736798,19,429.0,0.22255092800262433,17,329.0,0.08415633152526196,36,758.0
2405.0,34,610.0,9.53125,4.992912636447857,20,492.0,0.25195121362640444,14,355.0,0.2930163185380412,34,847.0
2410.0,28,455.0,7.222222222222222,4.364103188501738,17,501.0,0.14551524565996168,11,311.0,0.3784241388601969,28,812.0
2415.0,27,430.0,6.935483870967742,4.3153951100930295,16,507.0,0.1673032104831176,11,268.0,0.4008818373299692,27,775.0
2420.0,32,387.0,6.142857142857143,4.180249199030913,19,477.0,0.20435475793119126,13,271.0,0.3048067475602437,32,748.0
2425.0,28,294.0,4.666666666666667,4.097046023856548,19,516.0,0.13625103893634555,9,208.0,0.32367132528713694,28,724.0
2430.0,22,245.0,3.769230769230769,4.943638569008283,15,492.0,0.19879989973267104,7,186.0,0.3173453611029012,22,678.0
2435.0,24,309.0,4.828125,5.092374606492995,12,490.0,0.3057124419864866,12,218.0,0.19635832731161343,24,708.0
2440.0,30,340.0,5.230769230769231,4.407221839763733,14,505.0,0.33143699345417604,16,231.0,0.1143871426636286,30,736.0
2445.0,29,383.0,5.984375,5.1104376031017456,12,474.0,0.35796191250252934,17,284.0,0.18904081697613598,29,758.0
2450.0,29,413.0,6.453125,4.8523836259664135,15,488.0,0.2651261506222829,14,313.0,0.30929268420928996,29,801.0
2455.0,25,406.0,6.151515151515151,4.95242991407984,19,517.0,0.13173777783888974,6,275.0,0.38296067108433857,25,792.0
2460.0,26,372.0,5.8125,4.898204814469484,20,555.0,0.10542708328326683,6,211.0,0.4428909535478027,26,766.0
2465.0,21,348.0,5.2727272727272725,5.56518518171082,12,529.0,0.2594906241504562,9,162.0,0.3664697125022801,21,691.0
2470.0,26,261.0,4.078125,4.950802422877807,12,455.0,0.35537422327102847,14,172.0,0.18175296661192664,26,627.0
2475.0,21,258.0,3.909090909090909,6.296861674781513,12,406.0,0.3882295350653789,9,172.0,0.32073547275914455,21,578.0
2480.0,22,254.0,3.9076923076923076,5.4497424157075525,14,410.0,0.17545889320668276,8,164.0,0.40404632005006597,22,574.0
2485.0,21,307.0,4.951612903225806,6.2185238725620815,11,387.0,0.2932813490924454,10,178.0,0.36870242474390336,21,565.0
2490.0,20,263.0,4.311475409836065,5.050332314091839,11,405.0,0.2487725689439841,9,137.0,0.24713490252912182,20,542.0
2495.0,26,362.0,5.934426229508197,5.4945467203568015,13,444.0,0.25845041982877864,13,165.0,0.321393119537576,26,609.0
2500.0,28,336.0,5.419354838709677,5.236488927649065,16,414.0,0.28152252541553335,12,175.0,0.37810023054933944,28,589.0
2505.0,21,247.0,4.116666666666666,5.210303776080829,14,299.0,0.28995893320634064,7,158.0,0.30168359964275987,21,457.0
2510.0,21,277.0,4.616666666666666,5.427972666965368,13,313.0,0.2054709511347271,8,159.0,0.38702063069745263,21,472.0
2515.0,17,193.0,3.1129032258064515,5.30447614900663,8,270.0,0.2715900203414396,9,155.0,0.2259403305755314,17,425.0
2520.0,22,175.0,2.9661016949152543,5.156640620278532,9,224.0,0.32932435668415505,13,183.0,0.12862442538246255,22,407.0
2525.0,27,262.0,4.366666666666666,5.258576263908697,14,273.0,0.3346868419681361,13,217.0,0.15078287314966493,27,490.0
2530.0,19,284.0,4.813559322033898,5.256702671296158,12,287.0,0.26123257368057695,7,190.0,0.31053223303374866,19,477.0
2535.0,15,247.0,4.660377358490566,5.977762523418751,9,250.0,0.3743899475042495,6,160.0,0.30656698311302977,15,410.0
2540.0,22,257.0,4.508771929824562,5.428012305367534,10,239.0,0.2634354855708223,12,187.0,0.2542525107307131,22,426.0
2545.0,24,336.0,5.694915254237288,5.901924225995894,14,265.0,0.3026272709859813,10,223.0,0.38255759665736044,24,488.0
2550.0,20,330.0,6.0,5.871403165310275,14,241.0,0.29947161000508243,6,204.0,0.4541954414091052,20,445.0
2555.0,22,299.0,5.537037037037037,5.81844731741547,14,243.0,0.27165665154887075,8,187.0,0.46224831911301706,22,430.0
2560.0,24,335.0,5.87719298245614,5.194693020306369,12,260.0,0.2611304805015951,12,184.0,0.3272844801901443,24,444.0
2565.0,25,302.0,5.11864406779661,4.110093678646415,13,273.0,0.2632286549615175,12,173.0,0.19584148155047487,25,446.0
2570.0,29,307.0,5.293103448275862,4.545269206750873,13,264.0,0.33768118301492006,16,184.0,0.24158975054609075,29,448.0
2575.0,26,289.0,4.816666666666666,4.83057544371294,11,186.0,0.2850798503107708,15,224.0,0.30435358001996526,26,410.0
2580.0,22,266.0,4.433333333333334,4.964846314723156,13,209.0,0.2481766952061918,9,209.0,0.26338640276430386,22,418.0
2585.0,22,242.0,3.723076923076923,5.306220781034778,14,256.0,0.2687881513576483,8,186.0,0.23989209388547084,22,442.0
2590.0,25,248.0,3.875,5.787375273733903,12,266.0,0.3843262821207568,13,189.0,0.20946740106981226,25,455.0
2595.0,23,273.0,4.333333333333333,5.691300398845075,10,253.0,0.4127317647271053,13,215.0,0.22740395666137186,23,468.0
2600.0,21,284.0,5.071428571428571,4.684410660747906,12,270.0,0.24573220161177112,9,210.0,0.31271300104732624,21,480.0
2605.0,26,256.0,4.654545454545454,4.445198376160423,19,290.0,0.07138911681175009,7,186.0,0.4322088470701658,26,476.0
2610.0,30,303.0,5.224137931034483,3.964291748184205,18,317.0,0.10178277218400388,12,197.0,0.32821525285563946,30,514.0
2615.0,20,265.0,4.416666666666667,5.430630321595832,11,266.0,0.3300778798701354,9,205.0,0.3111619389040332,20,471.0
2620.0,15,238.0,3.966666666666667,6.2149361197011155,9,276.0,0.3858350396990893,6,179.0,0.2911581309835874,15,455.0
2625.0,19,224.0,3.6721311475409837,6.0154881632917,14,278.0,0.2534370447778835,5,158.0,0.39638683337487174,19,436.0
2630.0,27,295.0,5.0,5.428228354096498,16,310.0,0.17657712053904706,11,158.0,0.37091700144727996,27,468.0
2635.0,23,355.0,6.228070175438597,5.388707284803794,13,308.0,0.2595515779896125,10,180.0,0.30846923400572285,23,488.0
2640.0,21,377.0,6.283333333333333,5.4099992993158486,13,318.0,0.16066328551816708,8,175.0,0.3662919971839652,21,493.0
2645.0,23,335.0,5.491803278688525,6.210598201588806,15,336.0,0.21554137338476573,8,149.0,0.4201071840806434,23,485.0
2650.0,22,364.0,6.066666666666666,5.905420218068356,12,372.0,0.2738577305445748,10,134.0,0.36734618118122436,22,506.0
2655.0,27,450.0,7.627118644067797,5.010568435856414,14,407.0,0.3431898371043917,13,165.0,0.2533574647012541,27,572.0
2660.0,24,366.0,6.0,5.118595061867725,12,355.0,0.3232495633595654,12,199.0,0.30862840782076917,24,554.0
2665.0,27,369.0,5.951612903225806,4.6861172682894665,15,259.0,0.3115344502518542,12,216.0,0.2581300534928558,27,475.0
2670.0,22,337.0,5.184615384615385,5.633707723998988,14,261.0,0.35548114663585845,8,197.0,0.3480680085216482,22,458.0
2675.0,17,196.0,3.0625,5.607467531941891,11,210.0,0.33677904911807127,6,141.0,0.3019886472511046,17,351.0
2680.0,24,227.0,3.4923076923076923,5.349841403804198,12,215.0,0.3111574366344223,12,143.0,0.2726074414264291,24,358.0
2685.0,26,238.0,3.5,5.80537852701261,14,228.0,0.28712510854195133,12,168.0,0.3934003063617512,26,396.0
2690.0,29,347.0,5.421875,4.6986707955130935,15,256.0,0.1938760528500902,14,225.0,0.35979632137413126,29,481.0
2695.0,25,363.0,5.854838709677419,4.634267852518085,12,270.0,0.2562142012738459,13,241.0,0.26655159361299063,25,511.0
2700.0,19,284.0,4.655737704918033,5.005276606440943,10,251.0,0.2631064128363717,9,209.0,0.23555067193214663,19,460.0
2705.0,24,234.0,3.774193548387097,5.719931968376884,13,230.0,0.32223068034840346,11,149.0,0.30799874947094663,24,379.0
2710.0,25,308.0,4.666666666666667,6.066673491371422,11,264.0,0.32105969210601487,14,169.0,0.41496560845623837,25,433.0
2715.0,20,307.0,4.951612903225806,6.007690209359241,11,278.0,0.3616699261556377,9,173.0,0.4182914429722278,20,451.0
2720.0,24,337.0,5.435483870967742,5.78911089317977,13,274.0,0.35374294627315983,11,180.0,0.3592376696180946,24,454.0
2725.0,27,327.0,5.360655737704918,5.240052562254715,13,257.0,0.28001167187174886,14,199.0,0.27830613634574447,27,456.0
2730.0,26,266.0,4.360655737704918,4.705141542563572,13,255.0,0.1660175562042496,13,186.0,0.2831350960344445,26,441.0
2735.0,28,284.0,4.733333333333333,4.636822701374559,17,250.0,0.07672202897261214,11,179.0,0.3297189220512904,28,429.0
2740.0,27,341.0,5.779661016949152,5.323983989013799,15,294.0,0.23816855756078703,12,169.0,0.34586388287590736,27,463.0
2745.0,22,342.0,6.218181818181818,5.846431387149603,9,284.0,0.4478713345711078,13,198.0,0.2734443630016672,22,482.0
2750.0,25,309.0,5.327586206896552,5.165361159463556,9,250.0,0.40089628851849707,16,233.0,0.21277367150953416,25,483.0
2755.0,29,356.0,5.741935483870968,5.202389660541615,13,226.0,0.4054472299228959,16,273.0,0.2762479636390158,29,499.0
2760.0,22,342.0,5.2615384615384615,5.443472869987239,14,235.0,0.2972138721026009,8,256.0,0.4029854441959864,22,491.0
2765.0,22,240.0,3.5294117647058822,5.384572795937484,14,239.0,0.2851754013793016,8,192.0,0.4095167046437357,22,431.0
2770.0,28,248.0,3.3513513513513513,5.4595924538251825,16,264.0,0.31402035760280134,12,164.0,0.38216036770931167,28,428.0
2775.0,27,230.0,3.1944444444444446,4.653010533621892,12,241.0,0.3262885210455762,15,197.0,0.27994266955727076,27,438.0
2780.0,21,237.0,3.2027027027027026,4.863057997997393,10,242.0,0.3153258598997558,11,209.0,0.2319460181782477,21,451.0
2785.0,27,292.0,3.8933333333333335,4.518099674568996,15,297.0,0.20827917710003283,12,223.0,0.2132740124238866,27,520.0
2790.0,40,426.0,5.532467532467533,4.243464645243392,21,346.0,0.18254976807381176,19,284.0,0.22382373007550813,40,630.0
2795.0,39,409.0,5.311688311688312,4.194285177737682,20,387.0,0.26249447671322407,19,294.0,0.23678826381204546,39,681.0
2800.0,38,477.0,6.037974683544304,4.530187097121372,18,426.0,0.2608425704414829,20,304.0,0.2899628546555709,38,730.0
2805.0,33,442.0,5.261904761904762,4.584086318206759,14,398.0,0.3393156464462175,19,353.0,0.1814464509169835,33,751.0
2810.0,28,434.0,5.166666666666667,5.506983938953523,14,377.0,0.3546119423642277,14,351.0,0.21483338275819497,28,728.0
2815.0,23,363.0,4.426829268292683,5.3974488133053145,15,413.0,0.303196429051796,8,274.0,0.28983803269149,23,687.0
2820.0,33,440.0,5.301204819277109,4.943950261479151,19,456.0,0.24651270581919493,14,272.0,0.23194661310337306,33,728.0
2825.0,41,493.0,6.4868421052631575,3.980406514667808,23,499.0,0.22186290103287898,18,297.0,0.2120056540833209,41,796.0
2830.0,39,589.0,7.64935064935065,3.857047041865746,19,518.0,0.18234649320296076,20,345.0,0.19409094654758577,39,863.0
2835.0,43,666.0,8.64935064935065,3.7116221092063477,24,575.0,0.1982669773511512,19,384.0,0.23021547433202516,43,959.0
2840.0,30,586.0,7.417721518987341,4.726231238858973,17,577.0,0.22397174731789235,13,342.0,0.24272158950804296,30,919.0
2845.0,25,392.0,5.157894736842105,4.544134894268486,15,468.0,0.21327764814524297,10,374.0,0.21356030217382363,25,842.0
2850.0,28,380.0,5.135135135135135,4.915107089692625,15,363.0,0.25129238761040484,13,400.0,0.20105001823703142,28,763.0
2855.0,32,386.0,5.436619718309859,4.220727968146146,16,359.0,0.15212482383165452,16,409.0,0.2830390828178295,32,768.0
2860.0,28,402.0,5.911764705882353,4.23592667729375,17,338.0,0.16903802927840209,11,360.0,0.2949064527939179,28,698.0
2865.0,26,275.0,4.104477611940299,4.36360481549861,16,379.0,0.10964586518295034,10,272.0,0.3261583864793386,26,651.0
2870.0,25,340.0,4.657534246575342,4.848187819696604,12,364.0,0.20258462867780402,13,258.0,0.23511096376953405,25,622.0
2875.0,33,380.0,5.205479452054795,4.058909501450397,12,351.0,0.28628601121889363,21,314.0,0.12808972663014268,33,665.0
2880.0,33,345.0,4.6,4.962146508110645,12,306.0,0.4448845448657253,21,364.0,0.15798051097865842,33,670.0
2885.0,35,397.0,5.591549295774648,4.042236511475726,13,316.0,0.3676314918164488,22,413.0,0.21607412114738095,35,729.0
2890.0,33,399.0,5.541666666666667,3.949272532345426,16,357.0,0.20460600018646943,17,400.0,0.2318215326172283,33,757.0
2895.0,29,410.0,5.694444444444445,4.2250419267429935,16,389.0,0.13499363589272464,13,379.0,0.27257505316434144,29,768.0
2900.0,28,462.0,6.328767123287672,4.971056123303604,14,381.0,0.20347964842196242,14,396.0,0.23865185095332878,28,777.0
2905.0,29,401.0,5.897058823529412,4.609870381636263,12,327.0,0.3116745999134454,17,407.0,0.10070110732986573,29,734.0
2910.0,33,414.0,6.369230769230769,4.104024202576634,14,320.0,0.3757440054482275,19,420.0,0.0861472061378779,33,740.0
2915.0,36,497.0,7.888888888888889,4.2312971958240855,15,373.0,0.3050656806228584,21,425.0,0.15296439890245744,36,798.0
2920.0,32,559.0,8.873015873015873,3.641300299310445,14,406.0,0.24069863701466385,18,465.0,0.13996138929823793,32,871.0
2925.0,28,457.0,6.924242424242424,4.099061104621852,17,381.0,0.13779885606037076,11,417.0,0.25120761165086364,28,798.0
2930.0,24,424.0,6.838709677419355,4.80845070355439,17,336.0,0.10416841292615586,7,398.0,0.3636337277593821,24,734.0
2935.0,22,319.0,4.984375,4.440427975580867,14,350.0,0.06382348874321188,8,361.0,0.3540721193342038,22,711.0
2940.0,22,257.0,4.145161290322581,4.73533763164503,10,299.0,0.1482636824362292,12,310.0,0.30297960091395587,22,609.0
2945.0,25,328.0,5.559322033898305,4.265451629305184,10,281.0,0.22976507564271695,15,327.0,0.19917417149239003,25,608.0
2950.0,25,366.0,6.1,4.5287345777193275,11,271.0,0.22377879608593618,14,319.0,0.1786324801573608,25,590.0
2955.0,20,421.0,7.517857142857143,5.086583982090417,9,285.0,0.2271701937636014,11,331.0,0.3151599586256159,20,616.0
2960.0,17,379.0,7.150943396226415,5.564249257418334,8,275.0,0.24432531819145478,9,279.0,0.35716823668331893,17,554.0
2965.0,18,310.0,5.7407407407407405,5.008498906503157,7,265.0,0.29968263240699383,11,206.0,0.2169352694530691,18,471.0
2970.0,29,361.0,6.224137931034483,5.072489954393196,12,240.0,0.35875203198791245,17,258.0,0.22833741843410194,29,498.0
2975.0,25,349.0,5.816666666666666,5.85243442453854,8,218.0,0.4814648758444405,17,298.0,0.22006320285819087,25,516.0
2980.0,25,349.0,5.816666666666666,5.241131884263272,9,157.0,0.4572952639741064,16,343.0,0.28711518882883297,25,500.0
2985.0,21,290.0,4.53125,5.151026063429829,9,163.0,0.29065524823224204,12,321.0,0.3456302609693342,21,484.0
2990.0,20,340.0,5.396825396825397,5.578701644765838,8,163.0,0.32893319153930906,12,330.0,0.2905161266198978,20,493.0
2995.0,24,393.0,6.238095238095238,4.774415530128573,7,183.0,0.3536240884217121,17,368.0,0.1206601786067456,24,551.0
3000.0,32,371.0,5.983870967741935,4.509137898813605,12,216.0,0.29054370778250205,20,339.0,0.1704831880901224,32,555.0
3005.0,28,331.0,5.338709677419355,5.06471750043491,11,190.0,0.38026393411093823,17,338.0,0.2716736920750418,28,528.0
3010.0,31,416.0,6.709677419354839,5.018079576846086,14,189.0,0.32534104649879503,17,363.0,0.29804673630630263,31,552.0
3015.0,25,398.0,6.419354838709677,4.732379918388535,12,218.0,0.1370472135390913,13,330.0,0.3242013921230516,25,548.0
3020.0,20,303.0,4.661538461538462,5.095982544788188,8,191.0,0.1039720297868793,12,307.0,0.2805001767546234,20,498.0
3025.0,20,255.0,3.984375,6.287629388621014,6,167.0,0.3728519693793046,14,296.0,0.23926389208368543,20,463.0
3030.0,23,264.0,4.4,6.553914548540013,5,129.0,0.4827055981253795,18,312.0,0.2321792641251235,23,441.0
3035.0,22,313.0,5.589285714285714,4.880571144032258,7,102.0,0.4520601042595799,15,355.0,0.15803736967057727,22,457.0
3040.0,21,335.0,5.87719298245614,4.5439011631801725,6,108.0,0.29085139185269776,15,368.0,0.2182944121709018,21,476.0
3045.0,21,401.0,7.160714285714286,5.598771491592359,6,115.0,0.3101541425547872,15,404.0,0.29454999505916607,21,519.0
3050.0,19,373.0,6.543859649122807,6.214218589164093,3,63.0,0.47214400606002815,16,426.0,0.23216903481209103,19,489.0
3055.0,23,318.0,5.781818181818182,5.750197603564874,6,75.0,0.5601749744634559,17,409.0,0.20685003076097228,23,484.0
3060.0,21,366.0,7.176470588235294,5.576381289144156,4,79.0,0.6307788321343998,17,388.0,0.19387973730483044,21,467.0
3065.0,22,404.0,7.769230769230769,4.696299173738571,6,100.0,0.5707574117798023,16,417.0,0.10490898058980776,22,517.0
3070.0,16,353.0,6.537037037037037,5.393758988901844,4,96.0,0.3523287325530267,12,390.0,0.28115989865372876,16,486.0
3075.0,17,229.0,4.163636363636364,5.671723957722888,6,90.0,0.2163349749445221,11,313.0,0.32265433926564946,17,403.0
3080.0,22,225.0,4.326923076923077,5.819652686952126,7,54.0,0.41606309692879956,15,282.0,0.26535933296434505,22,336.0
3085.0,23,294.0,5.547169811320755,5.275776345501163,6,69.0,0.47515749468977997,17,314.0,0.2064196447029682,23,383.0
3090.0,18,317.0,6.096153846153846,5.894275109114765,5,81.0,0.39945442558120725,13,315.0,0.3179590246637768,18,396.0
3095.0,19,250.0,4.901960784313726,5.308452949136857,8,79.0,0.21214932015223395,11,292.0,0.3621776655796482,19,371.0
3100.0,23,292.0,5.615384615384615,5.181559667569014,9,94.0,0.24707317315936092,14,250.0,0.32099039348716324,23,344.0
3105.0,23,273.0,5.46,4.695867176144984,9,131.0,0.2870387100142392,14,233.0,0.2469831109492008,23,364.0
3110.0,19,230.0,4.509803921568627,5.118527449211233,6,109.0,0.37447816307026927,13,201.0,0.19511003260197826,19,310.0
3115.0,18,212.0,4.1568627450980395,5.550931242815418,3,76.0,0.5616324434721772,15,228.0,0.12032893354397366,18,304.0
3120.0,16,191.0,3.7450980392156863,6.356093936636782,5,72.0,0.4082295373296314,11,223.0,0.3045133932751757,16,295.0
3125.0,20,195.0,3.6792452830188678,5.424959731077059,9,81.0,0.19021243799691284,11,233.0,0.2968829742496445,20,314.0
3130.0,21,225.0,4.326923076923077,5.71631505872145,7,93.0,0.26947601896702317,14,223.0,0.3763764616870174,21,316.0
3135.0,16,216.0,4.408163265306122,6.499064010943671,3,57.0,0.5668558561538345,13,244.0,0.36145449038197863,16,301.0
3140.0,14,255.0,5.204081632653061,7.403970861644889,3,58.0,0.6848907525018401,11,246.0,0.3229935464923958,14,304.0
3145.0,14,199.0,3.826923076923077,6.319570811322147,1,35.0,0.6820722113032254,13,268.0,0.16105313347683223,14,303.0
3150.0,20,207.0,4.0588235294117645,6.049503997918438,3,30.0,0.5795882724645579,17,273.0,0.19752279167305495,20,303.0
3155.0,21,281.0,5.203703703703703,5.755109950035548,6,52.0,0.44122080706375,15,331.0,0.28052127915015407,21,383.0
3160.0,22,329.0,6.2075471698113205,5.5073327141143285,8,59.0,0.4140073864998819,14,363.0,0.28896038698966964,22,422.0
3165.0,26,297.0,5.5,4.715089613942881,11,109.0,0.4002993796029136,15,345.0,0.1764295718527904,26,454.0
3170.0,22,224.0,3.9298245614035086,5.109288783251504,9,119.0,0.36115487296509335,13,257.0,0.2092713722588723,22,376.0
3175.0,18,201.0,3.5892857142857144,5.5660668601843435,5,91.0,0.35552434462977006,13,263.0,0.15911775174848702,18,354.0
3180.0,18,218.0,3.963636363636364,6.118670476925211,6,89.0,0.41592001087042485,12,276.0,0.20571063993460745,18,365.0
3185.0,24,273.0,4.706896551724138,6.008466719181704,12,130.0,0.32820957466432144,12,293.0,0.3650598540291906,24,423.0
3190.0,23,282.0,5.320754716981132,4.757113989135938,10,156.0,0.27117039319795994,13,273.0,0.39144217510980256,23,429.0
3195.0,21,348.0,6.566037735849057,5.553670489358474,9,145.0,0.3542044960592572,12,319.0,0.3557991593315661,21,464.0
3200.0,22,356.0,6.592592592592593,4.855068510969613,7,145.0,0.3364640071384185,15,362.0,0.12743721998771276,22,507.0
3205.0,25,317.0,5.763636363636364,4.453278976712375,10,144.0,0.2781094589889563,15,354.0,0.13279661995717887,25,498.0
3210.0,27,311.0,5.271186440677966,5.34416683984833,10,135.0,0.37387807018589075,17,328.0,0.26845367498366873,27,463.0
3215.0,24,296.0,4.852459016393443,6.287064201741411,11,132.0,0.46090738791272445,13,316.0,0.3749639574137834,24,448.0
3220.0,16,226.0,3.6451612903225805,5.80176359238366,8,135.0,0.396584848498897,8,258.0,0.353858200742511,16,393.0
3225.0,14,207.0,3.234375,6.341124836042477,4,97.0,0.4026761054593757,10,252.0,0.2840614850531487,14,349.0
3230.0,16,230.0,3.8333333333333335,6.9342846465872645,6,82.0,0.437711928488779,10,275.0,0.27015592136129163,16,357.0
3235.0,19,241.0,4.084745762711864,5.592092668993884,10,108.0,0.2685092068034847,9,271.0,0.2445601321906758,19,379.0
3240.0,25,271.0,5.018518518518518,5.208041604060109,14,162.0,0.26701272984978314,11,265.0,0.32006489626768647,25,427.0
3245.0,25,243.0,4.2631578947368425,4.998577641435176,15,212.0,0.3100281325956906,10,212.0,0.3742051538342828,25,424.0
3250.0,24,334.0,5.758620689655173,5.817019887621182,14,248.0,0.3711553645359488,10,207.0,0.4466066232967409,24,455.0
3255.0,25,380.0,6.229508196721311,4.626619451893382,14,257.0,0.25869899347514924,11,249.0,0.370261642048941,25,506.0
3260.0,22,315.0,5.431034482758621,4.322529255208778,10,220.0,0.29398430255589014,12,264.0,0.252904720034575,22,484.0
3265.0,21,298.0,4.966666666666667,4.3804519288011905,12,241.0,0.2510541480839011,9,249.0,0.2045969179156058,21,490.0
3270.0,26,307.0,4.873015873015873,4.048747232731454,16,253.0,0.1821455607318809,10,225.0,0.1864063027509717,26,478.0
3275.0,34,402.0,6.483870967741935,4.071150856033125,19,294.0,0.19549226413111268,15,224.0,0.23364933213332412,34,518.0
3280.0,24,353.0,5.786885245901639,5.522898447282907,13,303.0,0.3593437775767164,11,184.0,0.2623551431731713,24,487.0
3285.0,21,322.0,5.366666666666666,5.577902328115115,10,277.0,0.39010770984137566,11,194.0,0.18831456241060301,21,471.0
3290.0,24,353.0,5.983050847457627,5.230432005604597,13,275.0,0.33709772681250466,11,207.0,0.302289821805401,24,482.0
3295.0,23,316.0,5.642857142857143,4.931175879113988,18,310.0,0.1754470857712289,5,152.0,0.45889490990560317,23,462.0
3300.0,28,326.0,5.719298245614035,5.118123023861222,20,327.0,0.14880766806365314,8,140.0,0.45852511517279787,28,467.0
3305.0,26,390.0,6.842105263157895,5.19575028847213,21,384.0,0.09667460271934573,5,149.0,0.47768648492649324,26,533.0
3310.0,18,280.0,5.185185185185185,5.836198374422986,13,379.0,0.15230095939121757,5,133.0,0.4740393449830605,18,512.0
3315.0,17,232.0,4.549019607843137,6.518471475665111,12,350.0,0.22404648953096426,5,72.0,0.4951778474375989,17,422.0
3320.0,18,183.0,3.388888888888889,5.416642540306103,12,341.0,0.22162140428022994,6,67.0,0.39225156161018115,18,408.0
3325.0,20,231.0,4.277777777777778,5.852606174660419,13,342.0,0.21336190056828763,7,102.0,0.544829016870885,20,444.0
3330.0,19,214.0,3.890909090909091,5.932494611705883,15,328.0,0.23775950545951635,4,74.0,0.5621387282987045,19,402.0
3335.0,22,257.0,4.431034482758621,5.663939101693239,15,351.0,0.28859649858532954,7,85.0,0.4686099371488462,22,436.0
3340.0,21,212.0,4.0,4.9376632310050255,10,310.0,0.33088397911616557,11,87.0,0.2281885963427089,21,397.0
3345.0,20,254.0,4.703703703703703,4.138592034438403,11,315.0,0.23074392240516844,9,94.0,0.13149989532635428,20,409.0
3350.0,22,237.0,4.3090909090909095,4.603319309594619,14,297.0,0.1930415480605896,8,105.0,0.2475727011648588,22,402.0
3355.0,25,313.0,5.491228070175438,5.051295197487099,14,324.0,0.21616535025419129,11,110.0,0.327534684417879,25,434.0
3360.0,21,359.0,6.410714285714286,6.085271001547669,13,328.0,0.2967141130185633,8,137.0,0.364670428135404,21,465.0
3365.0,19,267.0,5.037735849056604,6.419540868659558,12,261.0,0.29978440798060085,7,135.0,0.32188008170249927,19,396.0
3370.0,20,271.0,5.313725490196078,5.708080693846439,14,260.0,0.21368138721992813,6,122.0,0.34067101487380863,20,382.0
3375.0,19,275.0,5.288461538461538,6.493812174403391,12,278.0,0.314879624574566,7,103.0,0.4966919194409179,19,381.0
3380.0,13,195.0,3.6792452830188678,7.445363576368445,8,262.0,0.39533290754537737,5,94.0,0.5595914992025154,13,356.0
3385.0,15,185.0,3.5576923076923075,7.08711634957823,9,266.0,0.426208735475883,6,59.0,0.49094609425821745,15,325.0
3390.0,19,164.0,3.0943396226415096,5.12406699358762,10,234.0,0.3412961770385403,9,80.0,0.33124779574601293,19,314.0
3395.0,27,272.0,4.945454545454545,4.898622640520639,14,275.0,0.31421153567501187,13,137.0,0.321171220663775,27,412.0
3400.0,27,325.0,5.416666666666667,4.693274613944124,16,312.0,0.28782890248728193,11,154.0,0.32721907719797194,27,466.0
3405.0,21,237.0,3.95,5.230718636585056,16,309.0,0.25467165106639006,5,132.0,0.37599882476167584,21,441.0
3410.0,15,186.0,3.1,5.463529739747012,11,275.0,0.23976785890520438,4,118.0,0.3628145003418581,15,393.0
3415.0,20,168.0,2.7096774193548385,4.793027706238745,10,269.0,0.25790619097597955,10,132.0,0.1626762195565513,20,401.0
3420.0,27,221.0,3.507936507936508,4.979439334976552,14,265.0,0.2774104833841221,13,161.0,0.2666825823680379,27,426.0
3425.0,22,266.0,4.290322580645161,5.51070014836202,15,324.0,0.25613203547209973,7,148.0,0.4067530860066435,22,472.0
3430.0,25,354.0,5.709677419354839,5.538820710083875,18,388.0,0.1537490416342772,7,162.0,0.4459459854799531,25,550.0
3435.0,27,384.0,5.818181818181818,4.630048279646189,18,415.0,0.10202039625548405,9,175.0,0.34662987278073926,27,590.0
3440.0,26,395.0,6.26984126984127,4.720932825373389,13,374.0,0.2681281506238483,13,208.0,0.26295365469008414,26,582.0
3445.0,24,351.0,5.4,5.084533928744566,12,319.0,0.2711745310546307,12,225.0,0.2520260772843425,24,544.0
3450.0,22,374.0,5.753846153846154,5.961840397284633,11,272.0,0.1771241877607104,11,264.0,0.38326052159599333,22,536.0
3455.0,26,438.0,7.180327868852459,5.1237876572346615,13,288.0,0.15302321834846036,13,295.0,0.3383195976018513,26,583.0
3460.0,26,494.0,8.517241379310345,4.70066797638909,11,278.0,0.32910147670754186,15,331.0,0.19547396173487575,26,609.0
3465.0,24,421.0,7.135593220338983,5.0846342862662866,8,235.0,0.4012709748219228,16,358.0,0.1597918166969848,24,593.0
3470.0,25,283.0,4.639344262295082,5.712246027600895,10,165.0,0.38483450046801887,15,301.0,0.24902690861336912,25,466.0
3475.0,25,357.0,5.758064516129032,5.908452647145641,10,193.0,0.363537867304521,15,272.0,0.3613954056435788,25,465.0
3480.0,25,342.0,5.2615384615384615,5.601646259656526,12,190.0,0.38636546871724653,13,281.0,0.33373876260392643,25,471.0
3485.0,22,263.0,4.046153846153846,4.680083924192165,12,205.0,0.25651102640363166,10,240.0,0.3189762291081763,22,445.0
3490.0,19,265.0,3.955223880597015,4.5337768933654745,9,197.0,0.18908244386587436,10,257.0,0.2940992209195072,19,454.0
3495.0,21,239.0,3.463768115942029,5.0443941879761205,7,165.0,0.3042867643173652,14,286.0,0.22831084576613495,21,451.0
3500.0,30,319.0,4.557142857142857,4.740791670068206,13,160.0,0.33197867332245884,17,312.0,0.18820353959480832,30,472.0
3505.0,26,378.0,5.5588235294117645,5.017265042998014,12,195.0,0.32426278359984195,14,315.0,0.21332562381241776,26,510.0
3510.0,20,281.0,4.132352941176471,5.379146782891538,6,189.0,0.32127925018284087,14,271.0,0.22933130068279248,20,460.0
3515.0,25,266.0,4.222222222222222,5.601725696880844,8,147.0,0.34230406438237443,17,264.0,0.20948720132591775,25,411.0
3520.0,28,257.0,4.283333333333333,4.153356610614436,9,136.0,0.28302419935048184,19,290.0,0.20717733777609107,28,426.0
3525.0,33,347.0,5.688524590163935,4.290654416247037,11,169.0,0.3597872174217653,22,334.0,0.21795703265144578,33,503.0
3530.0,31,426.0,6.65625,4.295473207801784,11,190.0,0.3564011840076437,20,393.0,0.23873555011568573,31,583.0
3535.0,22,352.0,5.253731343283582,5.187960731888243,8,205.0,0.3349707739515098,14,387.0,0.2925642898513098,22,592.0
3540.0,14,309.0,4.828125,5.749823822713245,4,173.0,0.29336878997465904,10,336.0,0.3224598844182131,14,509.0
3545.0,18,323.0,5.383333333333334,5.513671168892716,6,157.0,0.34204678835893193,12,317.0,0.21821073649528408,18,474.0
3550.0,26,278.0,4.711864406779661,4.952450384005048,10,185.0,0.35921394827006664,16,307.0,0.20506075689596268,26,492.0
3555.0,24,326.0,5.719298245614035,4.949655548930096,7,209.0,0.340487723385463,17,273.0,0.25989183693683443,24,482.0
3560.0,20,368.0,6.814814814814815,4.850955990575427,6,201.0,0.3633063467184045,14,325.0,0.209295120108739,20,526.0
3565.0,26,341.0,6.2,4.407990168670424,8,99.0,0.36713418895242494,18,385.0,0.069005330752379,26,484.0
3570.0,29,383.0,7.092592592592593,4.3725992719678395,13,152.0,0.31064936906603663,16,393.0,0.11281022408461394,29,545.0
3575.0,18,228.0,4.56,4.84454061616507,11,161.0,0.22868746393942713,7,308.0,0.25521642786199694,18,469.0
3580.0,21,234.0,4.588235294117647,5.0901111930453595,15,179.0,0.17443458517677207,6,276.0,0.33699747595620444,21,455.0
3585.0,20,231.0,4.62,5.880195259073718,12,208.0,0.33374541510963973,8,246.0,0.30401307026369245,20,454.0
3590.0,13,174.0,3.3461538461538463,6.281423225177368,4,165.0,0.42575067850229625,9,223.0,0.2877251764281511,13,388.0
3595.0,10,117.0,2.3877551020408165,6.670076088886362,5,106.0,0.3127772968591931,5,147.0,0.4505784067276555,10,253.0
3600.0,15,160.0,3.076923076923077,5.961615449311789,11,130.0,0.11152765591869394,4,156.0,0.4505555068411834,15,286.0
3605.0,18,225.0,4.326923076923077,6.910055123737818,10,155.0,0.3988116191993603,8,189.0,0.4763387612839806,18,344.0
3610.0,13,263.0,5.0576923076923075,8.149821913097764,5,123.0,0.5677199406617095,8,229.0,0.4860962498757598,13,352.0
3615.0,14,201.0,4.02,6.235117839143976,5,80.0,0.5177135175019824,9,210.0,0.24697616152136811,14,290.0
3620.0,13,229.0,4.58,6.88669161717956,5,68.0,0.3822885016954565,8,201.0,0.394627434055072,13,269.0
3625.0,13,252.0,5.142857142857143,6.3650810963711635,7,79.0,0.23736314236178027,6,224.0,0.42526824098571775,13,303.0
3630.0,11,289.0,6.148936170212766,7.932324708967602,5,88.0,0.4241372238692443,6,230.0,0.46823638493983943,11,318.0
3635.0,14,205.0,5.125,6.56200085472975,7,110.0,0.2850591562147345,7,184.0,0.21189235784175953,14,294.0
3640.0,11,157.0,3.8292682926829267,6.911984181868755,4,93.0,0.4106059322045663,7,125.0,0.24934548594213302,11,218.0
3645.0,9,149.0,3.8205128205128207,6.638065424551073,4,76.0,0.44760009514591353,5,124.0,0.281119562133342,9,200.0
3650.0,12,161.0,4.6,6.349753827812352,6,73.0,0.4365444780215489,6,119.0,0.4082721249215689,12,192.0
3655.0,9,196.0,5.6,7.116097959149798,4,86.0,0.45924344617985935,5,137.0,0.42396586300514827,9,223.0
3660.0,8,158.0,4.9375,8.029323664056365,4,43.0,0.46823943674699264,4,137.0,0.5922022126367389,8,180.0
3665.0,9,108.0,3.272727272727273,7.796480751600558,6,71.0,0.5736090317668288,3,49.0,0.42862875657759336,9,120.0
3670.0,13,162.0,4.153846153846154,6.855577946653618,8,107.0,0.4302577979411528,5,70.0,0.3529174579306233,13,177.0
3675.0,13,155.0,3.522727272727273,7.577731005178689,7,104.0,0.47459578514520795,6,97.0,0.48840126055053024,13,201.0
3680.0,12,178.0,4.238095238095238,7.390693940515241,6,63.0,0.46539587188771947,6,127.0,0.4668518699700298,12,190.0
3685.0,12,228.0,5.560975609756097,6.461356114684826,5,78.0,0.42007918226468965,7,159.0,0.3278040842937406,12,237.0
3690.0,18,215.0,4.777777777777778,4.726973767606905,12,120.0,0.18835221720081483,6,119.0,0.2694133128281455,18,239.0
3695.0,19,218.0,5.190476190476191,5.213779903522592,11,118.0,0.3126418474250462,8,152.0,0.3452640940921592,19,270.0
3700.0,14,186.0,4.2272727272727275,6.349182903054245,8,118.0,0.4348614309636726,6,131.0,0.39008929401410186,14,249.0
3705.0,11,149.0,3.1702127659574466,6.576423090495714,7,122.0,0.3495769198816261,4,85.0,0.5154335746636771,11,207.0
3710.0,12,186.0,3.795918367346939,7.767525138622016,6,102.0,0.45787059633086163,6,102.0,0.5160160882384797,12,204.0
3715.0,13,107.0,2.14,7.235825597506877,6,71.0,0.3811963347821499,7,79.0,0.3890848184976987,13,150.0
3720.0,16,176.0,4.0,6.745931615575542,8,91.0,0.2970200412250014,8,101.0,0.3907549929017535,16,192.0
3725.0,17,150.0,3.658536585365854,5.279366258630749,9,109.0,0.37969526250408336,8,108.0,0.23574857826641718,17,217.0
3730.0,18,217.0,5.425,5.446696697082838,9,129.0,0.3828772188270061,9,116.0,0.3842472725936035,18,245.0
3735.0,14,180.0,4.285714285714286,5.500648429768723,8,131.0,0.391410050849777,6,128.0,0.3882512829332158,14,259.0
3740.0,12,214.0,4.7555555555555555,7.001749493090289,6,110.0,0.39028137430380677,6,120.0,0.4585581261227285,12,230.0
3745.0,13,191.0,3.9791666666666665,6.297444587235034,8,126.0,0.23158292871988942,5,111.0,0.3650867172518601,13,237.0
3750.0,19,256.0,5.12,6.6082419254762605,8,146.0,0.39427812215642943,11,139.0,0.275215530299059,19,285.0
3755.0,18,243.0,4.959183673469388,6.2528625848848405,9,175.0,0.42165131392268534,9,134.0,0.3829243871983518,18,309.0
3760.0,17,199.0,4.23404255319149,6.6631303637057355,7,122.0,0.42302836702694147,10,129.0,0.47866817190236066,17,251.0
3765.0,16,209.0,4.354166666666667,5.94719122614747,8,111.0,0.38083685451869914,8,144.0,0.40491417036821353,16,255.0
3770.0,13,159.0,3.1176470588235294,6.291943062499781,5,99.0,0.33413226167563476,8,116.0,0.416186386107688,13,215.0
3775.0,13,124.0,2.5833333333333335,7.049480742998456,5,70.0,0.338799340890172,8,90.0,0.4405950381289871,13,160.0
3780.0,11,110.0,2.2916666666666665,7.033690567983647,5,61.0,0.44830848940693135,6,83.0,0.35242780135539337,11,144.0
3785.0,17,121.0,2.4693877551020407,6.684801314650179,8,87.0,0.47372634328106744,9,85.0,0.330195629181763,17,172.0
3790.0,13,136.0,3.1627906976744184,6.133161782239754,6,97.0,0.42252156484888803,7,91.0,0.3582729535056036,13,188.0
3795.0,15,149.0,3.1041666666666665,6.028767021101067,8,114.0,0.4113881001958761,7,107.0,0.2855498652557437,15,221.0
3800.0,15,152.0,3.1020408163265305,6.886019146557907,7,109.0,0.40908513941058805,8,116.0,0.3628401733733265,15,225.0
3805.0,10,141.0,3.0,7.40643207745731,5,99.0,0.4120501353622403,5,113.0,0.40691470068876334,10,212.0
3810.0,13,114.0,2.425531914893617,6.457173225861367,7,82.0,0.24031332547428816,6,112.0,0.43772321891792904,13,194.0
3815.0,14,141.0,3.0,7.221586346040777,10,93.0,0.39942274275381695,4,98.0,0.5182377371088132,14,191.0
3820.0,13,154.0,3.422222222222222,7.222627873403581,7,104.0,0.46803980665320005,6,117.0,0.5445725892546941,13,221.0
3825.0,9,97.0,2.2045454545454546,7.400859662406901,4,79.0,0.48457022040671244,5,87.0,0.4738559424103503,9,166.0
3830.0,13,96.0,2.0869565217391304,6.503440719405168,5,68.0,0.39823691980208464,8,69.0,0.399761368249022,13,137.0
3835.0,16,114.0,2.425531914893617,6.078303359492337,9,104.0,0.3862762176941311,7,70.0,0.3505673279860519,16,174.0
3840.0,16,148.0,3.3636363636363638,5.523589552194409,9,128.0,0.2703942211103783,7,66.0,0.4166057301477402,16,194.0
3845.0,12,161.0,3.425531914893617,6.777484911989281,4,121.0,0.2903084331876977,8,92.0,0.46299912409347527,12,213.0
3850.0,11,132.0,2.8085106382978724,6.896189247451075,4,85.0,0.23163008623636677,7,101.0,0.4523689447558317,11,186.0
3855.0,19,177.0,3.6875,6.6499501853817575,11,107.0,0.2988695592448006,8,116.0,0.4134384744654504,19,223.0
3860.0,15,204.0,4.636363636363637,5.5394077192237985,8,135.0,0.3448307507910998,7,112.0,0.3401841360407248,15,247.0
3865.0,14,180.0,3.9130434782608696,5.775655992915722,6,128.0,0.39504898428790236,8,98.0,0.311644500841833,14,226.0
3870.0,18,217.0,4.428571428571429,6.341860141665684,5,115.0,0.4946290306721582,13,133.0,0.29441888714048076,18,248.0
3875.0,20,254.0,5.08,6.273179016222835,9,152.0,0.40999899989407607,11,159.0,0.3663328840346207,20,311.0
3880.0,15,157.0,3.019230769230769,6.383459803366753,7,108.0,0.4176537943603343,8,161.0,0.367844799120078,15,269.0
3885.0,22,217.0,4.254901960784314,5.416050312300276,11,115.0,0.27755949033665156,11,188.0,0.3101129695526809,22,303.0
3890.0,22,210.0,3.9622641509433962,4.521430562633502,9,130.0,0.2682400489939351,13,200.0,0.22531355186061186,22,330.0
3895.0,20,180.0,3.3333333333333335,5.345722561902095,6,91.0,0.391840339056519,14,234.0,0.23393563620071275,20,325.0
3900.0,22,185.0,3.490566037735849,5.039546320810014,7,97.0,0.40031001498284874,15,248.0,0.19832728737912902,22,345.0
3905.0,25,246.0,4.555555555555555,4.606919196978778,10,122.0,0.3180205297236212,15,284.0,0.27969710980949736,25,406.0
3910.0,21,242.0,4.4,5.062832055182436,10,152.0,0.27999600961648835,11,256.0,0.3305584860834407,21,408.0
3915.0,21,299.0,5.339285714285714,5.251255785493642,12,186.0,0.2928752205485144,9,242.0,0.3037588253637755,21,428.0
3920.0,22,303.0,5.05,5.805476700590512,10,185.0,0.4224631234730369,12,246.0,0.27716390080349973,22,431.0
3925.0,19,207.0,3.5084745762711864,5.576060977250613,6,138.0,0.4431595685859291,13,234.0,0.273216749216496,19,372.0
3930.0,25,242.0,4.101694915254237,5.094567204857006,8,108.0,0.4039631603873306,17,271.0,0.23897150290552446,25,379.0
3935.0,27,315.0,5.0,5.212380810098961,12,140.0,0.27725378007693846,15,315.0,0.3106771538427384,27,455.0
3940.0,24,299.0,4.82258064516129,5.1167678459086945,13,173.0,0.20185834500386343,11,300.0,0.34961027881036993,24,473.0
3945.0,23,241.0,3.765625,4.979748201498001,12,181.0,0.18486315582078489,11,268.0,0.30963536870533176,23,449.0
3950.0,24,231.0,3.3970588235294117,5.612634363997396,10,189.0,0.31228988922101236,14,209.0,0.30465133803955097,24,398.0
3955.0,20,201.0,2.8309859154929575,6.136871117380096,4,135.0,0.5090719861286463,16,240.0,0.20986389486511697,20,375.0
3960.0,18,241.0,3.707692307692308,6.680313657513938,6,112.0,0.5593546395999368,12,244.0,0.21278521246787133,18,356.0
3965.0,21,250.0,3.7313432835820897,5.621472867745408,6,100.0,0.3916919855587801,15,286.0,0.14803811547261644,21,386.0
3970.0,32,364.0,5.515151515151516,5.131553296552122,14,147.0,0.2746976478807174,18,338.0,0.21915671996480043,32,485.0
3975.0,31,452.0,6.848484848484849,4.692400370656017,15,188.0,0.26820925247202476,16,388.0,0.3186369991388272,31,576.0
3980.0,21,476.0,7.0,5.937833643413379,10,200.0,0.3243408871438149,11,386.0,0.3720924895262154,21,586.0
3985.0,21,372.0,5.552238805970149,5.191757992947072,8,176.0,0.27645494292968875,13,372.0,0.24916583127311423,21,548.0
3990.0,28,298.0,4.257142857142857,5.5949940177662585,12,166.0,0.2948278765671341,16,327.0,0.24447026152207535,28,493.0
3995.0,27,274.0,4.151515151515151,4.677961040385256,12,197.0,0.3139359504460945,15,306.0,0.20832565580662749,27,503.0
4000.0,28,360.0,5.538461538461538,4.783783972204058,9,198.0,0.30611591829715645,19,353.0,0.18697480012799783,28,551.0
4005.0,26,304.0,4.903225806451613,4.890342481495344,9,164.0,0.3616227488341442,17,389.0,0.1752959758740854,26,553.0
4010.0,26,338.0,5.540983606557377,5.37891154642263,14,179.0,0.24398413736758337,12,380.0,0.2481099100030516,26,559.0
4015.0,22,326.0,5.258064516129032,4.588210009033856,13,227.0,0.17788206467487655,9,364.0,0.21343963621243403,22,591.0
4020.0,23,342.0,5.896551724137931,5.610537970498617,10,255.0,0.27362846193201373,13,330.0,0.2058339643988412,23,585.0
4025.0,21,297.0,5.303571428571429,5.579652186290459,7,238.0,0.4056127330767443,14,336.0,0.11527614516065654,21,574.0
4030.0,22,342.0,6.333333333333333,5.940113220090563,10,249.0,0.43917535122186313,12,299.0,0.2163273092095264,22,548.0
4035.0,24,279.0,5.365384615384615,4.887179194852523,12,224.0,0.3572918186125202,12,293.0,0.2852368731786143,24,517.0
4040.0,18,211.0,3.8363636363636364,5.829901874241129,10,192.0,0.28206177464541826,8,242.0,0.4480812041838141,18,434.0
4045.0,19,210.0,3.442622950819672,5.865821252866742,11,203.0,0.3889077201142702,8,235.0,0.323647467521891,19,438.0
4050.0,21,237.0,3.537313432835821,6.055521801481487,8,170.0,0.4266556760380341,13,249.0,0.26480017519621285,21,419.0
4055.0,25,197.0,3.078125,5.007419069134372,11,189.0,0.3830402596528329,14,234.0,0.14176775749893708,25,423.0
4060.0,29,319.0,4.833333333333333,5.615106330742752,15,232.0,0.3070485126029987,14,275.0,0.2787238127321872,29,507.0
4065.0,29,363.0,5.671875,4.449589895352585,19,271.0,0.2011424550032632,10,270.0,0.3063007769896669,29,541.0
4070.0,27,340.0,5.151515151515151,5.364800669542144,20,311.0,0.21109333364746471,7,230.0,0.4494337682431837,27,541.0
4075.0,23,291.0,4.693548387096774,4.62269400950694,18,353.0,0.1921007494082594,5,154.0,0.39037626179725465,23,507.0
4080.0,26,282.0,4.338461538461538,5.0988482549643965,14,352.0,0.2367361817493925,12,123.0,0.27754454048285165,26,475.0
4085.0,27,260.0,4.0,4.309221876617305,16,365.0,0.19536825279310707,11,151.0,0.25659989737611494,27,516.0
4090.0,32,335.0,5.317460317460317,4.823351154764515,19,391.0,0.20285319640962132,13,199.0,0.34873489861673695,32,590.0
4095.0,30,364.0,5.777777777777778,3.9362361001615276,21,458.0,0.14989567192010222,9,207.0,0.3770105449893106,30,665.0
4100.0,30,413.0,5.9855072463768115,4.8764889408105425,24,517.0,0.20627762975870712,6,150.0,0.34541619457715045,30,667.0
4105.0,33,482.0,6.885714285714286,4.77618352117389,23,565.0,0.22394085895801077,10,171.0,0.3111080056610735,33,736.0
4110.0,30,522.0,7.25,5.613259250752999,15,549.0,0.2828401783839834,15,239.0,0.32964917263350435,30,788.0
4115.0,27,527.0,7.75,4.18733123278782,14,546.0,0.19725905823377124,13,271.0,0.27980108597268344,27,817.0
4120.0,29,443.0,6.611940298507463,4.452000455501126,18,510.0,0.08685959984398607,11,279.0,0.3567724756573504,29,789.0
4125.0,28,335.0,4.855072463768116,4.471579856304235,18,548.0,0.12709104485506267,10,208.0,0.31877989482823066,28,756.0
4130.0,28,393.0,5.695652173913044,5.544966326113807,15,548.0,0.2545326679222548,13,185.0,0.35475507196030615,28,733.0
4135.0,31,354.0,5.205882352941177,4.866488006362211,20,577.0,0.2557036322450407,11,183.0,0.2692825357170258,31,760.0
4140.0,31,356.0,5.159420289855072,4.877879957918724,17,566.0,0.2795713853011041,14,189.0,0.2667769970593486,31,755.0
4145.0,32,420.0,6.086956521739131,3.9022354751724135,19,590.0,0.2107680291023551,13,225.0,0.2495103161136214,32,815.0
4150.0,35,464.0,6.925373134328358,4.290135361364922,20,570.0,0.2653897878834343,15,253.0,0.2598156457612149,35,823.0
4155.0,33,516.0,7.267605633802817,3.5082309360159742,20,608.0,0.19700205415983205,13,309.0,0.18113686309615895,33,917.0
4160.0,31,558.0,8.328358208955224,4.42829779056835,17,610.0,0.24292433780524497,14,355.0,0.26662195617472373,31,965.0
4165.0,31,384.0,6.0,3.5450439616559284,17,584.0,0.2157292120277138,14,344.0,0.15484664764830475,31,928.0
4170.0,29,370.0,5.4411764705882355,4.329372789673421,22,582.0,0.13601778702715786,7,246.0,0.3124934644485027,29,828.0
4175.0,33,381.0,5.442857142857143,4.419054927025925,25,667.0,0.14526327559305524,8,207.0,0.3386668224296237,33,874.0
4180.0,28,473.0,6.955882352941177,5.318126844281744,17,705.0,0.27239409035669476,11,208.0,0.29562506121976795,28,913.0
4185.0,29,491.0,7.671875,4.292689548200509,19,707.0,0.23738130507513688,10,199.0,0.186252052679897,29,906.0
4190.0,26,430.0,6.825396825396825,4.335187661042001,19,676.0,0.18055011024731177,7,180.0,0.2564046876703599,26,856.0
4195.0,27,385.0,6.015625,3.7127033388302886,20,654.0,0.12276410698579815,7,173.0,0.3732993530394869,27,827.0
4200.0,32,355.0,5.298507462686567,4.965948176501934,23,616.0,0.2056829787777935,9,189.0,0.4548664596545528,32,805.0
4205.0,29,381.0,5.7727272727272725,4.685624245593357,22,672.0,0.20713444593795458,7,201.0,0.4626085025858392,29,873.0
4210.0,24,332.0,5.03030303030303,4.610649048132652,17,655.0,0.14899787642469442,7,197.0,0.3331033183001517,24,852.0
4215.0,23,303.0,4.391304347826087,4.098746642621831,14,641.0,0.13916088336960325,9,201.0,0.1654306367636458,23,842.0
4220.0,30,332.0,4.676056338028169,5.067197769078836,18,626.0,0.23558440268363595,12,212.0,0.16755881731004652,30,838.0
4225.0,30,391.0,5.75,4.8552321801509075,21,641.0,0.25244471491883475,9,245.0,0.3882495993242089,30,886.0
4230.0,29,432.0,6.171428571428572,4.802628523395704,23,626.0,0.14092954978731367,6,250.0,0.4941703175870973,29,876.0
4235.0,34,527.0,7.219178082191781,5.4229759335321,28,678.0,0.09842868453715245,6,255.0,0.6523842362785531,34,933.0
4240.0,26,344.0,4.648648648648648,5.805353792951879,21,655.0,0.1854641015495528,5,179.0,0.49735139671324025,26,834.0
4245.0,27,376.0,5.1506849315068495,6.216443631153138,17,623.0,0.29600781984714297,10,108.0,0.37383533760889387,27,731.0
4250.0,26,385.0,5.5,5.302566627281872,15,543.0,0.2653718931712819,11,119.0,0.2874305184589488,26,662.0
4255.0,29,425.0,5.985915492957746,5.6474718645391615,18,549.0,0.23953813903675614,11,164.0,0.4361303386880581,29,713.0
4260.0,28,497.0,6.716216216216216,5.606162756886808,20,587.0,0.28115810279031683,8,179.0,0.4608812953594854,28,766.0
4265.0,28,557.0,7.328947368421052,5.584857527135993,20,618.0,0.3129107876169542,8,158.0,0.42702319484116,28,776.0
4270.0,25,524.0,7.081081081081081,5.181259467837439,17,629.0,0.28175324146248876,8,126.0,0.3217191660755951,25,755.0
4275.0,28,402.0,5.220779220779221,4.483338549073956,18,583.0,0.20378058284298678,10,94.0,0.24265545111203451,28,677.0
4280.0,34,503.0,6.532467532467533,4.477521438298604,23,583.0,0.22216442448405224,11,141.0,0.26864745739727786,34,724.0
4285.0,42,633.0,8.220779220779221,4.1006649395731,28,685.0,0.14827813398272469,14,177.0,0.3336556749618865,42,862.0
4290.0,42,764.0,9.922077922077921,4.010446100103298,30,789.0,0.11891626162804567,12,216.0,0.3738655760906383,42,1005.0
4295.0,41,858.0,11.44,3.60857339519656,32,884.0,0.034750150116348535,9,219.0,0.3808502317808823,41,1103.0
4300.0,34,844.0,11.253333333333334,3.7198162755321147,24,926.0,0.06903863669372429,10,247.0,0.2504813197544661,34,1173.0
4305.0,37,943.0,12.407894736842104,4.58334717742951,20,960.0,0.20738235166680596,17,270.0,0.18233352807500397,37,1230.0
4310.0,37,890.0,12.36111111111111,4.215972587901866,19,971.0,0.23999454323968852,18,263.0,0.10918783930885034,37,1234.0
4315.0,39,1017.0,14.528571428571428,4.554893810893025,22,1007.0,0.2211353415872861,17,267.0,0.2050576405692706,39,1274.0
4320.0,36,934.0,13.53623188405797,3.789049622863622,21,949.0,0.23266043135362935,15,291.0,0.2356515632151222,36,1240.0
4325.0,29,576.0,8.228571428571428,4.729135157989934,20,838.0,0.20814751364997963,9,270.0,0.34152631195165056,29,1108.0
4330.0,26,430.0,6.231884057971015,4.702395686709693,19,768.0,0.13959393553813595,7,240.0,0.38232310029239147,26,1008.0
4335.0,32,392.0,5.444444444444445,4.529521922427959,20,804.0,0.15019590846946607,12,223.0,0.35342903575810763,32,1027.0
4340.0,28,349.0,4.847222222222222,4.540802793841059,14,748.0,0.20878355685222005,14,247.0,0.29020824922125704,28,995.0
4345.0,20,240.0,3.4782608695652173,5.2410556031893805,12,689.0,0.24692867047962405,8,236.0,0.32013798764548745,20,925.0
4350.0,24,237.0,3.2465753424657535,5.042221688423815,15,690.0,0.24482915892341672,9,202.0,0.226390518651448,24,892.0
4355.0,39,330.0,4.647887323943662,4.415775909409084,23,693.0,0.2580534332042143,16,209.0,0.1942881309473207,39,902.0
4360.0,35,408.0,5.746478873239437,4.387102888928481,20,635.0,0.2987847479078379,15,262.0,0.20665505676683946,35,897.0
4365.0,31,454.0,6.485714285714286,4.296403539021956,20,660.0,0.20856559036496125,11,267.0,0.32893911918162966,31,927.0
4370.0,29,368.0,5.411764705882353,4.018453205675914,18,634.0,0.11160644409933249,11,244.0,0.2968073429454993,29,878.0
4375.0,30,359.0,5.202898550724638,4.2572940301607085,16,630.0,0.16392984985574915,14,248.0,0.2085827267446155,30,878.0
4380.0,32,328.0,4.753623188405797,4.443937569396709,18,641.0,0.11601930279017798,14,236.0,0.306652579631867,32,877.0
4385.0,37,418.0,6.333333333333333,4.50428262796301,24,671.0,0.06552922930591043,13,205.0,0.37658890538440565,37,876.0
4390.0,33,451.0,6.833333333333333,4.547062882785628,22,612.0,0.1481173295623951,11,220.0,0.34717293974056357,33,832.0
4395.0,27,443.0,6.815384615384615,4.459695794382168,19,615.0,0.09176743372254051,8,186.0,0.37903237609832297,27,801.0
4400.0,23,316.0,4.9375,4.656633812270301,13,534.0,0.11626316052661045,10,172.0,0.31485901748824435,23,706.0
4405.0,23,249.0,3.716417910447761,4.883106398874128,8,495.0,0.20574469680187096,15,195.0,0.2280036196223596,23,690.0
4410.0,29,257.0,3.8358208955223883,4.760178724749388,12,403.0,0.25773663571869815,17,245.0,0.19455724453052117,29,648.0
4415.0,33,382.0,5.876923076923077,4.734387461301226,15,388.0,0.3016866363094787,18,301.0,0.2484171023147186,33,689.0
4420.0,30,444.0,6.529411764705882,4.898117669975208,16,396.0,0.2751101291277379,14,318.0,0.28188762336835,30,714.0
4425.0,25,392.0,5.9393939393939394,4.597706671860491,16,381.0,0.15175497479013023,9,268.0,0.3417622733263048,25,649.0
4430.0,18,194.0,2.9393939393939394,5.21408266157445,10,299.0,0.21400036631666783,8,233.0,0.320664977761182,18,532.0
4435.0,19,217.0,3.4444444444444446,5.66450889085188,6,219.0,0.27794487336038043,13,195.0,0.2270972938236762,19,414.0
4440.0,25,247.0,4.116666666666666,4.651149783322819,8,206.0,0.3085451251023401,17,222.0,0.09215555037581508,25,428.0
4445.0,24,299.0,5.067796610169491,5.355797155627992,12,241.0,0.27499845602028783,12,214.0,0.198408598404764,24,455.0
4450.0,19,257.0,4.672727272727273,4.95803491979759,10,246.0,0.27124462189490917,9,183.0,0.2616151949105085,19,429.0
4455.0,17,245.0,4.298245614035087,6.24058490975894,6,203.0,0.3761896367640508,11,154.0,0.2977257854371755,17,357.0
4460.0,19,173.0,3.0350877192982457,5.754126962904317,5,125.0,0.3899309217043929,14,185.0,0.3142957291567313,19,310.0
4465.0,19,233.0,4.087719298245614,6.883403480591685,10,131.0,0.3987744990488164,9,184.0,0.43233026992480067,19,315.0
4470.0,16,212.0,3.7857142857142856,5.448515723831846,6,133.0,0.27419823947587696,10,184.0,0.28195676736996467,16,317.0
4475.0,21,271.0,4.754385964912281,6.829150240046776,6,130.0,0.3810372216354277,15,204.0,0.3084573161877142,21,334.0
4480.0,21,199.0,3.618181818181818,5.715753955410109,8,75.0,0.426997514635886,13,228.0,0.23909851981389127,21,303.0
4485.0,21,227.0,3.982456140350877,5.8683220667752085,10,112.0,0.4321502718106947,11,230.0,0.23227720809117497,21,342.0
4490.0,18,213.0,3.8727272727272726,5.506958398444555,10,120.0,0.3904125344431581,8,220.0,0.3168514147079094,18,340.0
4495.0,26,312.0,5.672727272727273,5.397177331516664,15,177.0,0.24724593507260756,11,214.0,0.3720188351334249,26,391.0
4500.0,23,267.0,4.8545454545454545,4.928765055963018,14,206.0,0.09729681113929786,9,207.0,0.36978038482447456,23,413.0
4505.0,18,234.0,4.333333333333333,5.758144888214899,8,192.0,0.19616571913842767,10,165.0,0.36445533961739573,18,357.0
4510.0,17,175.0,3.5,4.94423459464163,6,139.0,0.3309877383402467,11,177.0,0.1593805146762878,17,316.0
4515.0,22,209.0,4.18,5.0885188946745,10,154.0,0.3008362248247546,12,181.0,0.24557859160126377,22,335.0
4520.0,20,220.0,4.313725490196078,4.519928079921079,10,168.0,0.28793924317207276,10,195.0,0.23032562610334095,20,363.0
4525.0,17,255.0,5.3125,5.450767441746646,5,147.0,0.42780624512273946,12,234.0,0.21855681234931618,17,381.0
4530.0,14,181.0,3.480769230769231,5.73588696670927,4,127.0,0.3776962006365294,10,242.0,0.3293017697691825,14,369.0
4535.0,21,229.0,4.490196078431373,5.387703414809013,13,146.0,0.18676253312976548,8,222.0,0.4030921743695089,21,368.0
4540.0,22,250.0,5.0,5.0781661106629326,13,174.0,0.18487953659067383,9,218.0,0.3515106457480154,22,392.0
4545.0,11,176.0,3.6666666666666665,6.2886524404681055,4,162.0,0.3610686138807753,7,201.0,0.31535128002188023,11,363.0
4550.0,10,102.0,2.1702127659574466,6.123536933327501,4,124.0,0.4692400278517885,6,177.0,0.18409779977377327,10,301.0
4555.0,18,162.0,3.5217391304347827,5.609170226663875,9,144.0,0.3489017008541563,9,176.0,0.2696141385253464,18,320.0
4560.0,20,233.0,5.177777777777778,4.8316671977060555,9,168.0,0.3284039596859534,11,211.0,0.13216708030180116,20,379.0
4565.0,22,272.0,6.181818181818182,4.8244546973207685,14,223.0,0.2990929894265265,8,207.0,0.24255801439751812,22,430.0
4570.0,21,311.0,7.232558139534884,4.538985304357007,12,241.0,0.24617030399496703,9,204.0,0.20257860089214585,21,445.0
4575.0,12,234.0,5.85,5.480657778189965,7,183.0,0.10790384155744541,5,184.0,0.4503352517252868,12,367.0
4580.0,10,107.0,2.675,5.910639601365103,5,120.0,0.2617402427267969,5,124.0,0.3803025909894436,10,244.0
4585.0,14,88.0,1.9555555555555555,6.320496048046607,10,125.0,0.3187276338927152,4,104.0,0.37113057797001464,14,229.0
4590.0,12,126.0,2.8,7.550374308819125,6,129.0,0.4215276841913855,6,102.0,0.5436107498782747,12,231.0
4595.0,9,130.0,3.0232558139534884,7.6134977859004405,3,89.0,0.5301562834067653,6,93.0,0.4180315226677181,9,182.0
4600.0,13,182.0,4.439024390243903,6.8943208257208,5,102.0,0.5175409478405809,8,91.0,0.27430987847986654,13,193.0
4605.0,11,157.0,3.738095238095238,6.366599976442923,3,87.0,0.4970689223542642,8,106.0,0.21321421094628112,11,193.0
4610.0,19,239.0,5.690476190476191,6.0976406582023,7,113.0,0.4487285017173559,12,143.0,0.2595787768924951,19,256.0
4615.0,16,269.0,6.113636363636363,5.917953892569179,8,142.0,0.3152926397863968,8,161.0,0.3899305615458991,16,303.0
4620.0,15,324.0,7.2,7.251738857774894,5,154.0,0.46805249639522667,10,195.0,0.4362125524497918,15,349.0
4625.0,13,242.0,5.260869565217392,6.452428848656602,5,153.0,0.44396782915916944,8,158.0,0.3895661788388764,13,311.0
4630.0,15,278.0,5.673469387755102,7.028243090439521,8,188.0,0.37248624327730157,7,114.0,0.41105752713113813,15,302.0
4635.0,15,302.0,7.190476190476191,5.7949668895133835,9,217.0,0.2726092624831147,6,116.0,0.35326566798859943,15,333.0
4640.0,17,384.0,9.142857142857142,6.337946881587538,10,269.0,0.33246148085732596,7,141.0,0.3059420654197318,17,410.0
4645.0,14,375.0,9.868421052631579,5.006049209247263,7,279.0,0.41159325930665713,7,158.0,0.11982383989462715,14,437.0
4650.0,15,399.0,9.975,6.150708892515246,7,250.0,0.4668398164938945,8,180.0,0.15820763117269152,15,430.0
4655.0,13,150.0,3.75,6.521545218692583,6,139.0,0.47965248102332286,7,167.0,0.2751051264714704,13,306.0
4660.0,13,141.0,3.2045454545454546,7.936679689718887,8,90.0,0.5405024520133658,5,102.0,0.45455520799300514,13,192.0
4665.0,12,100.0,2.3255813953488373,6.605627772632437,9,119.0,0.4197786067062712,3,74.0,0.5325542102531865,12,193.0
4670.0,15,137.0,3.186046511627907,6.294090622574366,10,143.0,0.3583578143142814,5,60.0,0.48733005369897636,15,203.0
4675.0,14,137.0,2.8541666666666665,4.906268443917345,11,149.0,0.1879700308807038,3,51.0,0.5029472386543606,14,200.0
4680.0,15,145.0,2.7884615384615383,7.008066035106284,12,151.0,0.3325047618302818,3,58.0,0.6747793223788874,15,209.0
4685.0,15,154.0,2.9615384615384617,6.62233426531946,12,149.0,0.3324479333369351,3,73.0,0.6279334046190678,15,222.0
4690.0,19,209.0,3.603448275862069,6.595072875571056,12,189.0,0.4044935760246523,7,101.0,0.45605579638988736,19,290.0
4695.0,20,247.0,4.333333333333333,5.764702705745125,14,229.0,0.3912180266938853,6,112.0,0.4130097303412489,20,341.0
4700.0,25,301.0,5.101694915254237,4.876174780934132,17,262.0,0.2989438455678928,8,133.0,0.3262040326647195,25,395.0
4705.0,26,349.0,5.287878787878788,4.937168504422546,17,301.0,0.20527683960991072,9,165.0,0.4817856564815967,26,466.0
4710.0,26,329.0,4.984848484848484,5.167881993312633,18,303.0,0.2511974246399141,8,136.0,0.36210345993836845,26,439.0
4715.0,29,355.0,5.220588235294118,4.281806982368161,18,330.0,0.16144469619976048,11,169.0,0.2617597418522654,29,499.0
4720.0,37,393.0,5.695652173913044,4.288235956320349,25,373.0,0.1794137473063905,12,170.0,0.31147377885409677,37,543.0
4725.0,34,492.0,7.235294117647059,5.183011056761323,24,457.0,0.2577010092083628,10,171.0,0.48405100602498446,34,628.0
4730.0,28,469.0,6.897058823529412,5.02150228624297,19,492.0,0.24721959049119946,9,184.0,0.39744856279310703,28,676.0
4735.0,28,548.0,7.611111111111111,5.023775735627611,20,542.0,0.18778295113465596,8,180.0,0.345798765563159,28,722.0
4740.0,29,496.0,7.085714285714285,4.518795548772987,21,563.0,0.1303307167393454,8,152.0,0.35247977188921215,29,715.0
4745.0,27,462.0,7.0,4.806909039430892,16,556.0,0.19778593663218458,11,116.0,0.2891223354945417,27,672.0
4750.0,26,376.0,5.875,4.051968186683515,15,509.0,0.23773688508886043,11,141.0,0.1958962999705619,26,650.0
4755.0,28,315.0,5.0,4.4165146341691885,16,474.0,0.20038490243575616,12,177.0,0.33457006137268575,28,651.0
4760.0,30,350.0,5.384615384615385,4.620814310817703,20,523.0,0.17892356050067446,10,187.0,0.4664354103925014,30,710.0
4765.0,28,373.0,5.485294117647059,4.94327623740764,22,568.0,0.14998280474010542,6,154.0,0.5295826288940974,28,722.0
4770.0,32,380.0,5.846153846153846,4.2761833753719,24,615.0,0.14720321745860013,8,139.0,0.37484752818117895,32,754.0
4775.0,32,376.0,5.875,3.9768743041918433,18,608.0,0.19506887529245787,14,145.0,0.22016958555979055,32,753.0
4780.0,28,427.0,6.777777777777778,4.065729325663262,13,599.0,0.2575279003493523,15,200.0,0.05714723489196782,28,799.0
4785.0,24,361.0,5.82258064516129,4.883901090134946,10,510.0,0.32095739939469237,14,245.0,0.10319399194085611,24,755.0
4790.0,23,409.0,6.704918032786885,5.443912468115855,13,474.0,0.25721575629630977,10,268.0,0.31640837071133954,23,742.0
4795.0,24,423.0,7.553571428571429,5.4801499510377605,17,468.0,0.14967673330398124,7,232.0,0.5030010097718585,24,700.0
4800.0,22,323.0,5.981481481481482,5.2395803016215,17,421.0,0.1354396292356117,5,170.0,0.474501736988294,22,591.0
4805.0,24,280.0,5.090909090909091,4.907250183699796,17,460.0,0.17934489314936164,7,117.0,0.3896297103180997,24,577.0
4810.0,17,242.0,4.4,5.5591336396759905,10,438.0,0.27138594610872774,7,129.0,0.3991952838919196,17,567.0
4815.0,15,284.0,5.071428571428571,7.082868225790888,9,418.0,0.37116768805352884,6,138.0,0.4397664568080866,15,556.0
4820.0,21,294.0,5.157894736842105,5.795972025742284,12,401.0,0.2079628782684011,9,138.0,0.3208059839409309,21,539.0
4825.0,26,379.0,6.649122807017544,5.840144285718213,15,420.0,0.32512442440930717,11,166.0,0.2743359957336258,26,586.0
4830.0,24,351.0,6.622641509433962,5.205963517737314,13,404.0,0.31176336180208764,11,170.0,0.28275646388749637,24,574.0
4835.0,24,309.0,6.0588235294117645,4.86872407640041,16,338.0,0.1961444932459515,8,163.0,0.3904274783720706,24,501.0
4840.0,24,278.0,5.245283018867925,3.9342501114861874,17,358.0,0.13096556679469257,7,155.0,0.35458238607368914,24,513.0
4845.0,18,239.0,4.425925925925926,5.21073405238782,8,296.0,0.13317562526670979,10,154.0,0.38324511625777324,18,450.0
4850.0,18,291.0,5.196428571428571,5.9938393024224155,6,259.0,0.34040424786929313,12,187.0,0.19360628086351306,18,446.0
4855.0,18,295.0,5.267857142857143,6.021314864389846,6,224.0,0.38468487980685545,12,206.0,0.11144352608887728,18,430.0
4860.0,24,359.0,6.527272727272727,5.311911723437129,10,249.0,0.4093789218434704,14,251.0,0.13880420426726128,24,500.0
4865.0,20,382.0,6.821428571428571,5.575347138890606,9,271.0,0.4315497589619443,11,283.0,0.24715392538615918,20,554.0
4870.0,16,419.0,7.482142857142857,6.816616569242512,6,244.0,0.5261707388865399,10,308.0,0.33564151491772404,16,552.0
4875.0,15,275.0,4.661016949152542,5.933095455890578,7,142.0,0.45228964748731787,8,307.0,0.298497894237023,15,449.0
4880.0,21,363.0,5.950819672131147,6.073151033275989,11,189.0,0.3333666520566193,10,307.0,0.3426036413675672,21,496.0
4885.0,26,435.0,7.5,4.711057899511243,16,226.0,0.2267132773000253,10,340.0,0.29553969735306185,26,566.0
4890.0,20,470.0,8.10344827586207,5.647775387184128,11,245.0,0.23106726010722234,9,355.0,0.3632654203799502,20,600.0
4895.0,20,314.0,5.814814814814815,4.335260169611274,13,283.0,0.21850739890113396,7,243.0,0.2954551286224861,20,526.0
4900.0,28,433.0,7.5964912280701755,5.069420434223272,16,345.0,0.28787005199626936,12,227.0,0.3009585974445616,28,572.0
4905.0,28,388.0,6.466666666666667,4.980776253691312,17,279.0,0.25896553914999026,11,267.0,0.3915070739221326,28,546.0
4910.0,26,465.0,7.622950819672131,5.474816930239273,17,296.0,0.20553838050382817,9,276.0,0.493825527418922,26,572.0
4915.0,24,373.0,5.828125,4.673049432726851,15,322.0,0.23437245832580314,9,252.0,0.3203699501392181,24,574.0
4920.0,29,364.0,5.27536231884058,5.594015160782198,17,303.0,0.34189666522043716,12,185.0,0.2952647452435241,29,488.0
4925.0,28,375.0,5.136986301369863,5.817276939607283,15,318.0,0.3711316864533068,13,222.0,0.3369043085928567,28,540.0
4930.0,21,310.0,4.2465753424657535,5.965146445491173,10,259.0,0.319121887067049,11,253.0,0.4023673085204524,21,512.0
4935.0,25,253.0,3.3733333333333335,5.191078625787646,14,280.0,0.24098688742973362,11,230.0,0.33511216011937217,25,510.0
4940.0,35,364.0,4.7894736842105265,5.080160251821909,19,337.0,0.27746761201628967,16,222.0,0.2428684879438872,35,559.0
4945.0,40,442.0,5.8933333333333335,4.132434222652836,22,376.0,0.2329051471557026,18,286.0,0.23436621962158846,40,662.0
4950.0,35,524.0,7.485714285714286,4.153471426390518,21,434.0,0.186280530011604,14,326.0,0.2805441277464186,35,760.0
4955.0,32,497.0,7.1,3.432470144452737,20,452.0,0.11747099688519164,12,322.0,0.21338809543397724,32,774.0
4960.0,30,438.0,6.169014084507042,4.374278121743696,16,403.0,0.21632462761204893,14,299.0,0.1316871333638698,30,702.0
4965.0,31,546.0,7.8,4.9658456973319085,16,413.0,0.3268266268026548,15,355.0,0.113555634293815,31,768.0
4970.0,24,513.0,7.125,5.650084233756206,14,406.0,0.30073226778747186,10,375.0,0.23972789499422764,24,781.0
4975.0,27,395.0,5.563380281690141,5.3086233601149795,18,392.0,0.22553833087453398,9,309.0,0.32067808530808295,27,701.0
4980.0,30,456.0,6.2465753424657535,5.147210056983219,19,444.0,0.18632719967621503,11,220.0,0.3881526975943343,30,664.0
4985.0,26,517.0,6.986486486486487,5.480596175599657,17,479.0,0.2633978370471617,9,235.0,0.35840399730445266,26,714.0
4990.0,25,451.0,6.536231884057971,5.965954946837082,15,454.0,0.31298271056442944,10,225.0,0.3705060476785874,25,679.0
4995.0,34,457.0,6.6231884057971016,4.766642881585413,20,436.0,0.14221608456509566,14,242.0,0.325940436375713,34,678.0
5000.0,35,525.0,7.5,4.5246155405025315,20,456.0,0.09882892015192493,15,259.0,0.37147132737265515,35,715.0
5005.0,31,420.0,5.833333333333333,5.079838369836056,17,434.0,0.21133784727747104,14,262.0,0.401115207832804,31,696.0
5010.0,33,516.0,7.267605633802817,4.930049267184867,16,423.0,0.2881232709247951,17,246.0,0.3352879738839077,33,669.0
5015.0,36,554.0,7.694444444444445,4.07419820828589,17,452.0,0.25810793246707997,19,297.0,0.23013039039317906,36,749.0
5020.0,38,540.0,7.2,3.6059425412017108,21,480.0,0.09892487776292881,17,320.0,0.25816854762684416,38,800.0
5025.0,38,550.0,7.051282051282051,3.7159561162625905,22,524.0,0.08365862427777049,16,365.0,0.2915222556365001,38,889.0
5030.0,33,465.0,6.038961038961039,4.699948340316506,13,479.0,0.2075758069389478,20,427.0,0.290313361940957,33,906.0
5035.0,37,533.0,6.580246913580247,4.392706321688881,9,421.0,0.2986117533636958,28,523.0,0.17698643357604893,37,944.0
5040.0,37,642.0,7.925925925925926,4.894892320491291,9,423.0,0.35748963393318917,28,620.0,0.16876335032905734,37,1043.0
5045.0,45,778.0,9.487804878048781,4.36305736113905,16,485.0,0.34418222360234874,29,702.0,0.1790935194585827,45,1187.0
5050.0,41,755.0,9.320987654320987,4.019301920024791,18,511.0,0.22351430797886143,23,717.0,0.1955484657705399,41,1228.0
5055.0,43,676.0,8.45,3.435512219092496,22,505.0,0.14162313669400625,21,734.0,0.18211624779681218,43,1239.0
5060.0,42,532.0,6.333333333333333,3.480912425203803,19,536.0,0.21201960582950016,23,687.0,0.10622631701349425,42,1223.0
5065.0,36,492.0,6.227848101265823,4.16199438425038,15,492.0,0.31481756874500977,21,733.0,0.11159901921581059,36,1225.0
5070.0,29,559.0,7.453333333333333,4.436576137648388,13,446.0,0.2788328443396854,16,719.0,0.11911995966055514,29,1165.0
5075.0,32,478.0,6.2894736842105265,3.614639079770712,13,395.0,0.171845677927137,19,718.0,0.10917932438915899,32,1113.0
5080.0,40,470.0,6.351351351351352,4.194507159543887,20,372.0,0.23826292107236016,20,729.0,0.16990907808333924,40,1101.0
5085.0,38,477.0,6.625,3.8420050621869533,20,400.0,0.26498463527133204,18,747.0,0.21591637972295813,38,1147.0
5090.0,39,564.0,7.52,4.294329861694145,19,434.0,0.21964720283060452,20,759.0,0.29976180795201635,39,1193.0
5095.0,41,625.0,8.445945945945946,3.7247897055777806,20,467.0,0.239625581364021,21,798.0,0.2445078726597196,41,1265.0
5100.0,33,598.0,7.973333333333334,3.708674874081565,15,426.0,0.15623187324252785,18,766.0,0.18529975235053495,33,1192.0
5105.0,34,497.0,6.626666666666667,3.6363873433932214,14,377.0,0.17928648835566527,20,761.0,0.09782887327533729,34,1138.0
5110.0,35,417.0,5.2125,5.074739909621141,17,315.0,0.2785349992533853,18,679.0,0.18716316687067455,35,994.0
5115.0,37,507.0,6.417721518987341,4.920289340909348,20,367.0,0.27644762193731065,17,632.0,0.27179923441581816,37,999.0
5120.0,37,603.0,8.04,4.0620831199289364,21,405.0,0.23419554817857005,16,650.0,0.26348909181992886,37,1055.0
5125.0,40,671.0,8.946666666666667,3.3525754722303622,24,447.0,0.13911348698157427,16,671.0,0.22989508832369285,40,1118.0
5130.0,34,669.0,8.802631578947368,3.716382152436838,18,448.0,0.15929158676797656,16,679.0,0.1665513247849622,34,1127.0
5135.0,34,769.0,10.391891891891891,4.940003623935283,14,454.0,0.26670702917455363,20,683.0,0.16454219409387616,34,1137.0
5140.0,33,590.0,8.805970149253731,4.798350843432008,11,352.0,0.32895987946351896,22,651.0,0.12032711841495657,33,1003.0
5145.0,31,479.0,7.044117647058823,4.648777579658879,13,282.0,0.24506282300825732,18,583.0,0.15049948958431522,31,865.0
5150.0,32,552.0,9.049180327868852,4.330180234890935,16,345.0,0.25171104159092544,16,620.0,0.21416197032276907,32,965.0
5155.0,25,387.0,6.046875,4.6965212467044015,14,326.0,0.2673267408522786,11,578.0,0.24840590536077042,25,904.0
5160.0,26,423.0,6.934426229508197,4.519850762877661,14,283.0,0.14773804672838756,12,551.0,0.28341111663765106,26,834.0
5165.0,26,447.0,7.095238095238095,4.380476042027703,13,301.0,0.1582805613485553,13,504.0,0.2889196014093365,26,805.0
5170.0,24,421.0,6.476923076923077,4.216288032039867,7,247.0,0.27701791967644346,17,517.0,0.20087400475606249,24,764.0
5175.0,23,453.0,7.190476190476191,5.061377963965964,7,246.0,0.3303257693985252,16,488.0,0.25205047917574686,23,734.0
5180.0,22,529.0,8.138461538461538,6.158276039008447,10,276.0,0.31763563479600815,12,507.0,0.33342203015560024,22,783.0
5185.0,23,500.0,7.8125,5.706280398680491,9,250.0,0.3380685470763588,14,531.0,0.2406946964038931,23,781.0
5190.0,27,575.0,9.274193548387096,4.974653694133068,10,219.0,0.3607326525128515,17,563.0,0.16078270221679833,27,782.0
5195.0,28,360.0,6.101694915254237,3.913534007540767,7,145.0,0.36696872032927186,21,465.0,0.1715611860794085,28,610.0
5200.0,25,390.0,6.724137931034483,5.1566247764842155,6,79.0,0.4609433476911732,19,441.0,0.21923515053975512,25,520.0
5205.0,27,397.0,6.301587301587301,4.776814884439264,7,90.0,0.46705699168443365,20,489.0,0.11061531811883499,27,579.0
5210.0,25,414.0,6.0,5.445051477541952,10,127.0,0.33802548101266955,15,481.0,0.24805857952126306,25,608.0
5215.0,24,343.0,5.044117647058823,5.318894452436784,12,146.0,0.24576936982202457,12,388.0,0.34809732548920364,24,534.0
5220.0,21,271.0,3.927536231884058,6.036900092417264,8,165.0,0.3002829270171578,13,323.0,0.3769741479649056,21,488.0
5225.0,25,227.0,3.1527777777777777,5.522510765451688,9,139.0,0.27549920813649165,16,346.0,0.338961724997011,25,485.0
5230.0,30,279.0,3.9295774647887325,5.450127630368712,13,166.0,0.2370684127628449,17,374.0,0.37030386885103217,30,540.0
5235.0,29,325.0,4.7101449275362315,4.670621336324991,12,207.0,0.1954159948642171,17,396.0,0.31290966853332014,29,603.0
5240.0,27,383.0,5.7164179104477615,4.758566558394881,6,196.0,0.3370421783437452,21,460.0,0.18937245993335558,27,656.0
5245.0,33,413.0,6.3538461538461535,4.065056222379012,8,185.0,0.4114786491193988,25,489.0,0.07582728854561045,33,674.0
5250.0,24,399.0,6.435483870967742,4.86471869589189,3,147.0,0.47442244899535957,21,481.0,0.09646516411605045,24,628.0
5255.0,23,426.0,6.983606557377049,5.207786264922063,5,162.0,0.37541512410061434,18,485.0,0.15917917031279846,23,647.0
5260.0,24,273.0,4.55,5.588079542967705,5,98.0,0.49395964463213,19,459.0,0.1950068909063907,24,557.0
5265.0,24,320.0,5.245901639344262,5.843721340920203,7,67.0,0.5034962043483948,17,510.0,0.2311186401087034,24,577.0
5270.0,26,375.0,6.696428571428571,5.364973986421818,6,76.0,0.4644178845344897,20,538.0,0.2079341580921304,26,614.0
5275.0,25,419.0,7.618181818181818,4.6292076199561505,7,73.0,0.3099394969120232,18,568.0,0.11495859061939238,25,641.0
5280.0,21,431.0,7.431034482758621,4.9449122557102125,6,81.0,0.07673750542690429,15,569.0,0.20223584253235216,21,650.0
5285.0,25,517.0,9.232142857142858,5.78070871646015,10,105.0,0.21444932942317935,15,582.0,0.23616982420007526,25,687.0
5290.0,23,553.0,10.433962264150944,5.862554158819464,7,116.0,0.3744007629971133,16,571.0,0.24340958807271904,23,687.0
5295.0,22,495.0,9.339622641509434,5.713601340173511,7,142.0,0.49652224471774603,15,521.0,0.24690178176161487,22,663.0
5300.0,18,263.0,5.0576923076923075,5.7255672955888635,5,137.0,0.5045642992324293,13,448.0,0.31125427093948665,18,585.0
5305.0,17,223.0,4.288461538461538,6.074427121628387,4,96.0,0.5124586795489808,13,459.0,0.290606868914665,17,555.0
5310.0,21,200.0,4.0,5.425816060031335,3,29.0,0.43813126557270465,18,465.0,0.14525772333425374,21,494.0
5315.0,24,205.0,3.8679245283018866,4.839464767828862,7,33.0,0.35734279691532256,17,490.0,0.13366525613998828,24,523.0
5320.0,20,219.0,4.38,5.8661165184387425,8,69.0,0.3419873033730376,12,456.0,0.3090371390296563,20,525.0
5325.0,20,259.0,5.886363636363637,5.233015766656975,11,114.0,0.1723252358534313,9,395.0,0.40231598121563605,20,509.0
5330.0,15,211.0,4.3061224489795915,5.157509487248951,10,139.0,0.22339343154565577,5,319.0,0.33072482619707305,15,458.0
5335.0,16,217.0,4.254901960784314,6.456918846290765,6,132.0,0.45449648107602714,10,233.0,0.3041960470430306,16,365.0
5340.0,20,235.0,4.051724137931035,6.979518320349343,7,110.0,0.5267590112068724,13,261.0,0.27318536044338726,20,371.0
5345.0,22,241.0,4.016666666666667,6.523165328111032,10,141.0,0.46973025156020154,12,238.0,0.2898361368251995,22,379.0
5350.0,22,266.0,4.666666666666667,5.1691715174452035,11,160.0,0.3795358800693137,11,232.0,0.279921426668497,22,392.0
5355.0,20,296.0,5.381818181818182,4.4374804113792266,10,136.0,0.30633139085311634,10,272.0,0.2334274137989215,20,408.0
5360.0,21,329.0,6.326923076923077,4.0545549356758865,9,131.0,0.25964429012914136,12,306.0,0.12590878037771847,21,437.0
5365.0,20,284.0,5.3584905660377355,4.68637665036853,10,148.0,0.25252141014223045,10,286.0,0.1697393473383457,20,434.0
5370.0,22,236.0,4.72,5.441884077974621,14,161.0,0.1755521848066737,8,200.0,0.3870082620634872,22,361.0
5375.0,21,249.0,5.1875,5.545783438409772,15,179.0,0.1490893928252402,6,184.0,0.4876987790469981,21,363.0
5380.0,22,277.0,5.431372549019608,5.36515905422159,15,220.0,0.2264326026413509,7,156.0,0.40757192711791795,22,376.0
5385.0,13,147.0,2.94,6.727530545806014,7,203.0,0.36006802949769245,6,102.0,0.484785617615505,13,305.0
5390.0,12,106.0,2.2083333333333335,6.239929618855768,6,175.0,0.32640577150993877,6,95.0,0.3610131189487022,12,270.0
5395.0,20,136.0,2.7755102040816326,5.1667603848151815,14,210.0,0.20264306519913988,6,69.0,0.25687772889183946,20,279.0
5400.0,16,131.0,2.673469387755102,5.738855185213556,13,234.0,0.1554035106478798,3,41.0,0.48484262118277677,16,275.0
5405.0,17,185.0,3.9361702127659575,6.9860568655353354,14,248.0,0.18992215473566088,3,38.0,0.6582512284894617,17,286.0
5410.0,13,184.0,3.8333333333333335,6.838159053716839,11,247.0,0.25948403341857956,2,43.0,0.6337605067588928,13,290.0
5415.0,8,120.0,2.6666666666666665,8.036135100262971,4,168.0,0.41777189067255954,4,61.0,0.5783361700172276,8,229.0
5420.0,14,106.0,2.3043478260869565,6.4151610535027235,6,143.0,0.35365177529791464,8,89.0,0.30279932111815955,14,232.0
5425.0,18,114.0,2.425531914893617,5.494026318779666,9,148.0,0.3188592637712691,9,78.0,0.3560876194583747,18,226.0
5430.0,16,162.0,3.5217391304347827,5.867307267400969,8,141.0,0.3724466517731491,8,112.0,0.5111915973641394,16,253.0
5435.0,15,216.0,4.153846153846154,7.461910279917286,6,99.0,0.4419223024588404,9,154.0,0.541528994080753,15,253.0
5440.0,15,271.0,4.839285714285714,7.065291625761298,5,87.0,0.4448769203625375,10,201.0,0.42340737238529735,15,288.0
5445.0,16,194.0,3.4035087719298245,5.697952580541278,6,93.0,0.2857465668454829,10,190.0,0.27682117231293735,16,283.0
5450.0,19,213.0,4.018867924528302,6.148339544716278,9,121.0,0.37311560146394906,10,135.0,0.2920132346719559,19,256.0
5455.0,19,173.0,3.326923076923077,5.3208374174013215,8,115.0,0.3297785726993983,11,112.0,0.2855533134503636,19,227.0
5460.0,23,276.0,5.0181818181818185,6.063536460067567,10,138.0,0.33486672669996104,13,163.0,0.42284049976811416,23,301.0
5465.0,19,225.0,4.090909090909091,5.514450843302543,8,147.0,0.4084432463329571,11,177.0,0.34038182357464186,19,324.0
5470.0,18,231.0,4.052631578947368,6.862567004627196,6,127.0,0.5549197500071203,12,162.0,0.3791111576572525,18,289.0
5475.0,20,212.0,3.6551724137931036,5.617452798899694,7,130.0,0.43494240290535147,13,180.0,0.23251346068728607,20,310.0
5480.0,16,233.0,3.819672131147541,6.378317422846723,8,146.0,0.3241260862234229,8,169.0,0.39582370380502097,16,315.0
5485.0,15,174.0,3.0,5.009490608416399,8,109.0,0.2575838923423326,7,188.0,0.32990398451826686,15,297.0
5490.0,29,282.0,4.7,5.35797051167746,14,136.0,0.3066029154479249,15,231.0,0.32149957845126703,29,367.0
5495.0,27,307.0,5.203389830508475,4.86677632602911,13,167.0,0.35803196231976303,14,252.0,0.2260280924253977,27,419.0
5500.0,25,353.0,5.983050847457627,4.992891333127922,9,155.0,0.39084213611691143,16,284.0,0.19254520196455863,25,439.0
5505.0,28,373.0,6.016129032258065,4.607465237942888,13,189.0,0.38624973030138776,15,308.0,0.17025257003840624,28,497.0
5510.0,21,337.0,5.265625,6.02918036186127,14,220.0,0.3647713676388955,7,266.0,0.38549982273065664,21,486.0
5515.0,20,262.0,4.158730158730159,5.172616918314603,15,252.0,0.2088009339180999,5,138.0,0.45208522644624255,20,390.0
5520.0,21,320.0,5.161290322580645,5.662843760714141,14,293.0,0.2611676347516242,7,129.0,0.3920366836505996,21,422.0
5525.0,27,354.0,5.446153846153846,4.950785109119663,16,312.0,0.27774002788072166,11,172.0,0.14791066233045433,27,484.0
5530.0,28,376.0,5.875,5.769601052609984,17,334.0,0.34682742653681126,11,169.0,0.31750008393742996,28,503.0
5535.0,29,470.0,7.833333333333333,5.025384030051262,18,392.0,0.28802861322367773,11,205.0,0.32822211183735533,29,597.0
5540.0,21,467.0,7.783333333333333,4.73005795340299,14,420.0,0.1987268006253499,7,190.0,0.34098895774359245,21,610.0
5545.0,18,416.0,7.172413793103448,5.432851553391371,14,413.0,0.20941071389651691,4,113.0,0.3494868074073874,18,526.0
5550.0,22,487.0,8.254237288135593,6.010836934219334,17,427.0,0.15503572671986024,5,135.0,0.4284281844437872,22,562.0
5555.0,26,467.0,7.915254237288136,6.0926700498374515,17,437.0,0.13119025480425572,9,175.0,0.5182427154188232,26,612.0
5560.0,22,366.0,6.310344827586207,5.770948128410406,16,392.0,0.23503698424724065,6,168.0,0.4868470244388273,22,560.0
5565.0,21,385.0,6.52542372881356,5.417752489615852,14,422.0,0.2864572826809343,7,157.0,0.3517595218918839,21,579.0
5570.0,20,289.0,4.898305084745763,5.685835681615985,14,416.0,0.3302773059863547,6,81.0,0.2740749305063581,20,497.0
5575.0,21,222.0,3.76271186440678,5.809933977428493,14,404.0,0.3261018497141196,7,60.0,0.3150306994234394,21,464.0
5580.0,22,246.0,4.169491525423729,6.445290033027443,16,350.0,0.362439135660893,6,80.0,0.4659532756332207,22,430.0
5585.0,23,289.0,4.982758620689655,5.636523785364194,18,355.0,0.26406742618119444,5,81.0,0.5673748425591871,23,436.0
5590.0,23,338.0,5.827586206896552,5.459631341240965,16,333.0,0.23387185545612613,7,104.0,0.5141423644681401,23,437.0
5595.0,22,352.0,5.770491803278689,4.691289719727873,18,368.0,0.19443237829100937,4,100.0,0.4582261090069541,22,468.0
5600.0,19,382.0,6.063492063492063,5.0089324047849075,14,392.0,0.20565053161550417,5,109.0,0.388250968353557,19,501.0
5605.0,17,250.0,4.237288135593221,5.212087760305103,11,346.0,0.21262385572956313,6,64.0,0.37818366836790285,17,410.0
5610.0,22,240.0,4.0,5.362719564715282,13,310.0,0.18931092487430393,9,105.0,0.34114955397285,22,415.0
5615.0,24,242.0,3.9672131147540983,5.406708493390476,17,348.0,0.18832108452542945,7,89.0,0.4132127864477487,24,437.0
5620.0,30,341.0,6.2,4.70037451791568,22,384.0,0.19923940126018658,8,104.0,0.3380370998529815,30,488.0
5625.0,30,391.0,7.109090909090909,4.019142509117745,22,445.0,0.208256118138416,8,129.0,0.3092400587077493,30,574.0
5630.0,21,329.0,5.875,5.359498899403044,15,440.0,0.17435827438486537,6,124.0,0.47021545909235657,21,564.0
5635.0,17,288.0,5.333333333333333,5.896830016106999,13,428.0,0.21035089605693408,4,85.0,0.3215245103294756,17,513.0
5640.0,17,296.0,5.381818181818182,5.753008537385401,10,391.0,0.22250356487078699,7,99.0,0.10262696980750133,17,490.0
5645.0,19,324.0,6.352941176470588,5.392953482220531,14,381.0,0.2264511108351159,5,102.0,0.21886599617093197,19,483.0
5650.0,19,387.0,7.30188679245283,5.88028104893011,13,403.0,0.25291973089498637,6,115.0,0.4547715139983625,19,518.0
5655.0,15,345.0,6.764705882352941,6.909946365839806,13,409.0,0.30602859743147875,2,58.0,0.6804806283900057,15,467.0
5660.0,14,383.0,7.092592592592593,7.907257228348164,12,432.0,0.3661741998225137,2,43.0,0.7079540571589652,14,475.0
5665.0,15,413.0,7.648148148148148,7.3818864370482675,10,437.0,0.3808578783130496,5,58.0,0.5519311936434433,15,495.0
5670.0,20,493.0,9.30188679245283,5.89830449255576,14,470.0,0.31729111847618086,6,89.0,0.3719045035138329,20,559.0
5675.0,19,453.0,8.38888888888889,5.501202250809083,14,460.0,0.24223312725982657,5,91.0,0.5235427903088209,19,551.0
5680.0,20,525.0,9.90566037735849,6.073327041833043,15,484.0,0.24718474438248336,5,96.0,0.5239141333769664,20,580.0
5685.0,17,200.0,4.0,5.2506880561113976,14,360.0,0.17390494755592442,3,45.0,0.48477929296606076,17,405.0
5690.0,25,255.0,5.204081632653061,4.752138550738003,19,268.0,0.1901378602519887,6,47.0,0.37685850661272496,25,315.0
5695.0,24,280.0,5.833333333333333,4.585226138574195,17,303.0,0.25847914303416025,7,76.0,0.39825166577414306,24,379.0
5700.0,18,206.0,3.8867924528301887,5.345371354277264,10,258.0,0.2817141179420173,8,96.0,0.39645322337385663,18,354.0
5705.0,14,186.0,3.4444444444444446,5.443292319944244,8,269.0,0.3073925332173824,6,106.0,0.3153188182139268,14,375.0
5710.0,17,219.0,4.055555555555555,5.817058958847518,13,282.0,0.18337789370313132,4,95.0,0.5065983440200531,17,377.0
5715.0,23,178.0,3.2962962962962963,4.669136168007489,20,334.0,0.09045077352249509,3,44.0,0.49270131682100404,23,378.0
5720.0,25,240.0,4.528301886792453,5.401254600059798,20,368.0,0.18778176852295836,5,51.0,0.481364101735041,25,419.0
5725.0,21,250.0,4.901960784313726,4.949513472743255,17,376.0,0.24232823490248262,4,54.0,0.4532052047908516,21,430.0
5730.0,15,167.0,3.34,5.643928696724986,10,309.0,0.2647654036204312,5,37.0,0.3824308996245233,15,346.0
5735.0,11,84.0,1.5555555555555556,5.557539054198163,6,285.0,0.2553920580961885,5,32.0,0.30739520668174963,11,317.0
5740.0,20,161.0,2.875,6.371543669912695,13,305.0,0.16829723746718006,7,63.0,0.5580811628112082,20,368.0
5745.0,20,182.0,3.5686274509803924,4.995605246749753,18,344.0,0.146291292600287,2,58.0,0.5460663487850893,20,402.0
5750.0,23,272.0,5.230769230769231,5.650456352351177,18,404.0,0.2818044552566219,5,61.0,0.4848493481456943,23,465.0
5755.0,26,322.0,6.313725490196078,4.85882333303467,18,411.0,0.18549338708933022,8,91.0,0.4007525673518431,26,502.0
5760.0,15,223.0,4.2075471698113205,5.424878004614594,9,332.0,0.21160193043230507,6,111.0,0.3802350753152197,15,443.0
5765.0,15,249.0,4.293103448275862,5.501613920816093,7,350.0,0.24700308315851102,8,131.0,0.327490911936289,15,481.0
5770.0,20,228.0,3.737704918032787,6.562596580551819,12,385.0,0.2778356719304625,8,117.0,0.5073754972102789,20,502.0
5775.0,18,290.0,4.915254237288136,6.352518709521038,10,371.0,0.33626246897806017,8,103.0,0.5027220030065084,18,474.0
5780.0,15,266.0,4.360655737704918,6.546394176317657,8,292.0,0.46853662152593495,7,111.0,0.3570250364350797,15,403.0
5785.0,18,193.0,3.1639344262295084,6.120477126230415,9,202.0,0.39042429354473407,9,104.0,0.29116485050769697,18,306.0
5790.0,25,235.0,3.7903225806451615,5.468838891050803,16,260.0,0.1655185546023269,9,104.0,0.32627874598892614,25,364.0
5795.0,28,309.0,5.065573770491803,5.118206267156972,18,295.0,0.1803103112009567,10,103.0,0.28633098925978984,28,398.0
5800.0,22,339.0,5.745762711864407,5.390200870664148,13,298.0,0.2951248491983967,9,128.0,0.3246880268675814,22,426.0
5805.0,22,321.0,5.35,5.076840013300767,12,270.0,0.28303017787446266,10,157.0,0.2432269406013752,22,427.0
5810.0,28,413.0,6.661290322580645,5.19975272515592,18,313.0,0.2660016083370693,10,191.0,0.3153725566085778,28,504.0
5815.0,28,433.0,6.983870967741935,5.398563542199964,20,372.0,0.24440071198428467,8,186.0,0.29318800153047647,28,558.0
5820.0,26,278.0,4.483870967741935,4.760179136877728,19,393.0,0.20223706776458286,7,149.0,0.35137309471568445,26,542.0
5825.0,28,315.0,4.921875,4.97566215503171,19,439.0,0.21015217205157796,9,136.0,0.4044869993463117,28,575.0
5830.0,19,250.0,3.9682539682539684,5.79248653952225,12,416.0,0.3286368265431275,7,145.0,0.3985967780605563,19,561.0
5835.0,21,315.0,4.846153846153846,6.115574526489118,15,407.0,0.27659145554094405,6,148.0,0.3486831800198365,21,555.0
5840.0,25,260.0,3.823529411764706,4.78876547835842,16,427.0,0.08662264767718847,9,105.0,0.26718811012620586,25,532.0
5845.0,31,363.0,5.5,5.657767408851297,22,460.0,0.1835536836694182,9,125.0,0.3647741985152432,31,585.0
5850.0,29,412.0,6.4375,5.324156372817368,21,511.0,0.28150489072999213,8,141.0,0.4000999035025593,29,652.0
5855.0,25,432.0,6.545454545454546,5.725390529877361,17,487.0,0.3130365072783471,8,156.0,0.4679747204181478,25,643.0
5860.0,22,301.0,4.630769230769231,4.762301273408274,15,491.0,0.2988068931513969,7,155.0,0.38349128835983043,22,646.0
5865.0,27,391.0,5.666666666666667,4.909194767315325,18,479.0,0.17498618592841886,9,167.0,0.45569017165501097,27,646.0
5870.0,31,316.0,4.579710144927536,4.221546623461004,24,506.0,0.11279797116284798,7,106.0,0.41090301950497654,31,612.0
5875.0,30,304.0,4.28169014084507,4.798867815908796,18,480.0,0.24426653626316178,12,130.0,0.26716092011765313,30,610.0
5880.0,31,369.0,5.271428571428571,3.931533444188771,18,485.0,0.23931635879363644,13,177.0,0.16251067212606393,31,662.0
5885.0,31,394.0,5.880597014925373,3.8585383193644263,21,478.0,0.1402485630030247,10,201.0,0.25003538589201163,31,679.0
5890.0,27,412.0,5.971014492753623,3.4940408798772857,22,548.0,0.08156143602233121,5,192.0,0.269967058245496,27,740.0
5895.0,32,498.0,7.014084507042254,4.285343035251434,20,553.0,0.18300484257803765,12,195.0,0.3365619660488984,32,748.0
5900.0,27,522.0,7.791044776119403,4.446689472688308,15,549.0,0.2650205906851066,12,225.0,0.31918379755888976,27,774.0
5905.0,25,459.0,6.464788732394366,4.25273674518104,16,549.0,0.21844655612808322,9,227.0,0.24654524925765522,25,776.0
5910.0,30,513.0,7.225352112676056,4.845818778236605,21,559.0,0.20225131123165932,9,236.0,0.3038295232621311,30,795.0
5915.0,38,440.0,6.197183098591549,4.327578350155977,24,554.0,0.1868609995506673,14,253.0,0.2851968743310968,38,807.0
5920.0,38,411.0,5.956521739130435,4.269785141680272,23,527.0,0.1811986501952956,15,192.0,0.2535017616938678,38,719.0
5925.0,41,549.0,8.318181818181818,3.4082810860680706,21,578.0,0.08565897259850731,20,259.0,0.17938947979150835,41,837.0
5930.0,37,558.0,8.328358208955224,3.447380575433002,20,595.0,0.12235724725346868,17,312.0,0.1819487940493729,37,907.0
5935.0,27,451.0,6.442857142857143,4.094154770783963,16,592.0,0.13677607866844374,11,294.0,0.26313382296246823,27,886.0
5940.0,18,221.0,3.298507462686567,5.193547571615138,10,495.0,0.1920769466313542,8,293.0,0.3132735094874007,18,788.0
5945.0,19,182.0,2.757575757575758,5.206499189728244,9,419.0,0.2516460643089788,10,277.0,0.17908434053644404,19,696.0
5950.0,27,267.0,4.107692307692307,5.535590337796876,10,367.0,0.3833462927325451,17,294.0,0.11277620012076243,27,661.0
5955.0,21,331.0,5.516666666666667,6.37420594942644,11,369.0,0.3424543572031957,10,276.0,0.24957510901196073,21,645.0
5960.0,17,312.0,5.473684210526316,6.300251300741738,9,376.0,0.2794270166207904,8,287.0,0.2598070888895255,17,663.0
5965.0,24,412.0,7.62962962962963,5.40363981602399,12,390.0,0.22759240416946355,12,329.0,0.263531443679799,24,719.0
5970.0,23,445.0,8.72549019607843,4.512346546206554,12,381.0,0.2959166624074506,11,351.0,0.3204011815064452,23,732.0
5975.0,18,364.0,7.0,5.595585019747204,8,303.0,0.2998565190960265,10,328.0,0.41954084111659334,18,631.0
5980.0,17,304.0,5.333333333333333,5.522477326299459,6,274.0,0.2402043783556676,11,329.0,0.42029447831447153,17,603.0
5985.0,24,339.0,5.745762711864407,5.371388837202037,12,314.0,0.2516851799847405,12,308.0,0.36788764785447886,24,622.0
5990.0,23,184.0,3.066666666666667,4.518971777673642,10,324.0,0.3469185335467596,13,252.0,0.2602640181550866,23,576.0
5995.0,24,232.0,3.8666666666666667,5.088149349135636,6,286.0,0.4244565562644502,18,240.0,0.19672412542194656,24,526.0
6000.0,30,268.0,4.620689655172414,4.39962241943902,9,252.0,0.3655055771258634,21,295.0,0.11354746236991853,30,547.0
6005.0,22,242.0,3.903225806451613,5.72965751213696,8,162.0,0.4075541363143721,14,297.0,0.22337772884249746,22,459.0
6010.0,24,296.0,5.016949152542373,4.868379406222938,9,195.0,0.3782168541768019,15,317.0,0.21773135294072818,24,512.0
6015.0,27,346.0,5.766666666666667,5.072405244427537,12,243.0,0.35858779922969847,15,343.0,0.23376041112208432,27,586.0
6020.0,26,366.0,6.1,4.748776072908741,11,244.0,0.35819665031286185,15,374.0,0.23991780931252957,26,618.0
6025.0,26,435.0,7.372881355932203,4.9327087569198325,13,264.0,0.19628200643576524,13,366.0,0.2616454395777142,26,630.0
6030.0,28,440.0,7.857142857142857,4.178652405343733,14,266.0,0.1389582301671019,14,366.0,0.26529015820067053,28,632.0
6035.0,29,388.0,6.928571428571429,4.48734786501334,13,274.0,0.2797607398929529,16,362.0,0.26343485273805595,29,636.0
6040.0,21,301.0,5.101694915254237,5.151079175545632,10,260.0,0.37073852169052407,11,359.0,0.32782964490980665,21,619.0
6045.0,18,250.0,4.166666666666667,5.384373647614543,4,167.0,0.46269211926848314,14,399.0,0.2181710186347631,18,566.0
6050.0,23,301.0,5.101694915254237,5.344973138983135,6,139.0,0.5000044800650508,17,447.0,0.08374680601272848,23,586.0
6055.0,20,365.0,6.517857142857143,6.388624432863064,8,137.0,0.4453290255458088,12,468.0,0.1284523391594675,20,605.0
6060.0,17,322.0,5.962962962962963,5.762970578692223,6,104.0,0.24226363773109452,11,441.0,0.25690568846963585,17,545.0
6065.0,18,338.0,6.5,6.605544105266164,8,119.0,0.32540463252459945,10,386.0,0.37816901266045183,18,505.0
6070.0,19,375.0,7.8125,6.725394660105795,7,121.0,0.4835279795320125,12,386.0,0.41548184411226075,19,507.0
6075.0,14,375.0,7.8125,6.411893056562021,4,107.0,0.6016024919686738,10,415.0,0.35952783476263905,14,522.0
6080.0,15,389.0,7.627450980392157,5.9318342099745145,3,92.0,0.37195538257346705,12,433.0,0.3880234782287649,15,525.0
6085.0,16,345.0,6.509433962264151,7.186738542033089,5,98.0,0.3655746216485272,11,409.0,0.463090396269406,16,507.0
6090.0,15,196.0,3.69811320754717,7.0668683103235725,5,103.0,0.4361891839015551,10,298.0,0.35265147835135674,15,401.0
6095.0,17,195.0,3.9,5.648336392229778,5,105.0,0.5382890350533278,12,293.0,0.15672870196499444,17,398.0
6100.0,22,260.0,5.3061224489795915,5.410713189293058,5,124.0,0.4868200165821989,17,327.0,0.2396637621843056,22,451.0
6105.0,22,309.0,5.9423076923076925,5.695872465961451,7,155.0,0.4136920157771243,15,356.0,0.3001118842332808,22,511.0
6110.0,19,346.0,6.528301886792453,6.078198994421164,7,193.0,0.45602868259831847,12,376.0,0.2913737315009936,19,569.0
6115.0,19,256.0,4.7407407407407405,5.747908823440888,6,163.0,0.46006662585453245,13,385.0,0.2465149186068025,19,548.0
6120.0,20,301.0,5.788461538461538,5.835384777451035,8,172.0,0.434365293151648,12,372.0,0.24973412819591126,20,544.0
6125.0,22,280.0,5.283018867924528,5.055841174586193,9,165.0,0.3623298468695431,13,326.0,0.1819237997189209,22,491.0
6130.0,23,314.0,5.709090909090909,5.944414933100805,9,188.0,0.43606790722069777,14,268.0,0.24500721086616342,23,456.0
6135.0,19,314.0,5.709090909090909,5.345153921474036,5,188.0,0.39525972815670096,14,299.0,0.22566126933302685,19,487.0
6140.0,20,342.0,6.705882352941177,6.037010553945826,6,168.0,0.4899343287778127,14,307.0,0.21422162646632226,20,475.0
6145.0,20,371.0,6.625,6.097900712692385,7,197.0,0.5276209818583137,13,328.0,0.13788051196549173,20,525.0
6150.0,19,400.0,7.017543859649122,6.659377057843967,9,219.0,0.3661356349250136,10,306.0,0.32152107701167437,19,525.0
6155.0,20,439.0,7.9818181818181815,5.891394633530811,10,241.0,0.21060409136881517,10,309.0,0.3831103495221746,20,550.0
6160.0,25,343.0,6.236363636363636,5.405049545094658,13,174.0,0.2400110097374984,12,305.0,0.3491492903217236,25,479.0
6165.0,24,394.0,7.296296296296297,4.909704179456549,11,165.0,0.349298313266076,13,327.0,0.27437836649733993,24,492.0
6170.0,22,412.0,7.357142857142857,4.911157682855369,9,190.0,0.4010678703120794,13,343.0,0.2348061607366083,22,533.0
6175.0,20,270.0,4.909090909090909,5.388714125718088,8,159.0,0.3944384978287672,12,276.0,0.26071297446120595,20,435.0
6180.0,23,273.0,4.875,5.10707607292279,7,126.0,0.36442623679629976,16,273.0,0.16903760058646494,23,399.0
6185.0,27,300.0,5.454545454545454,4.617873553537141,13,155.0,0.2158852687986659,14,288.0,0.19403035624130016,27,443.0
6190.0,22,269.0,4.981481481481482,4.7953081268164555,14,212.0,0.08399605116071748,8,235.0,0.36525024713253107,22,447.0
6195.0,16,280.0,5.0,5.718639577536451,8,226.0,0.23052751542442296,8,248.0,0.2386859973376145,16,474.0
6200.0,19,246.0,4.472727272727273,5.887420321302776,9,230.0,0.292916213337186,10,246.0,0.2276418983313128,19,476.0
6205.0,21,276.0,5.0181818181818185,6.168294675083252,10,217.0,0.36820954980799714,11,256.0,0.27260816475447197,21,473.0
6210.0,18,224.0,4.666666666666667,5.074096310932606,10,189.0,0.2749787377082931,8,237.0,0.3523900497777359,18,426.0
6215.0,22,272.0,5.44,4.879621075673233,12,175.0,0.18722407127413898,10,261.0,0.3268829689233681,22,436.0
6220.0,23,287.0,5.627450980392157,4.3383775839744905,12,181.0,0.1332381545527802,11,288.0,0.2999283970567585,23,469.0
6225.0,19,293.0,5.425925925925926,5.591435428122821,8,138.0,0.3455030427114222,11,292.0,0.2775932656302883,19,430.0
6230.0,15,274.0,5.269230769230769,6.461227644109854,6,122.0,0.4568911515574722,9,268.0,0.2539249442525439,15,390.0
6235.0,17,229.0,4.320754716981132,7.06254514569996,8,136.0,0.4362435146420333,9,218.0,0.30129458814516935,17,354.0
6240.0,20,245.0,4.803921568627451,6.029065983681698,7,138.0,0.31229540338507117,13,192.0,0.2919049731341836,20,330.0
6245.0,23,331.0,6.755102040816326,5.49203694308964,12,170.0,0.32482579093262465,11,225.0,0.32721155328689916,23,395.0
6250.0,19,341.0,6.959183673469388,5.412517204735569,9,176.0,0.2785854806893166,10,242.0,0.3863861137361281,19,418.0
6255.0,18,285.0,5.7,5.8437594295208655,10,180.0,0.30865368239027496,8,186.0,0.37843462622511936,18,366.0
6260.0,19,266.0,4.925925925925926,6.459617573722329,10,169.0,0.45368538439702094,9,175.0,0.3195457597251413,19,344.0
6265.0,17,227.0,4.283018867924528,6.623905338010826,8,116.0,0.5488329738421013,9,187.0,0.25415944259365225,17,303.0
6270.0,16,127.0,2.3962264150943398,6.377289998151818,7,104.0,0.5361179698264279,9,156.0,0.2303500193380816,16,260.0
6275.0,18,153.0,2.8333333333333335,5.189514903017136,11,131.0,0.22146514582088717,7,166.0,0.3748007384893377,18,297.0
6280.0,24,210.0,3.9622641509433962,5.030406568573616,17,186.0,0.11493085217915819,7,152.0,0.4696882954543456,24,338.0
6285.0,22,261.0,4.833333333333333,5.096540935274931,17,247.0,0.14546796301144538,5,160.0,0.4419756033315787,22,407.0
6290.0,22,286.0,5.017543859649122,5.499855933978153,15,283.0,0.30578375290825766,7,147.0,0.2975784102914225,22,430.0
6295.0,16,224.0,4.072727272727272,6.3944542465128835,7,253.0,0.4417515839619587,9,139.0,0.31472681913156214,16,392.0
6300.0,16,222.0,3.76271186440678,6.3070191471007195,8,275.0,0.4025544302945835,8,99.0,0.2876684462400969,16,374.0
6305.0,22,259.0,4.4655172413793105,5.327924563385359,13,301.0,0.3304915163838512,9,117.0,0.3064131247907444,22,418.0
6310.0,29,288.0,4.8,5.0968471440661025,18,332.0,0.3323187960110545,11,157.0,0.34031675405304307,29,489.0
6315.0,26,279.0,4.5,4.64866157870305,19,326.0,0.24856514606129312,7,161.0,0.4293575995690833,26,487.0
6320.0,28,285.0,4.253731343283582,4.353087985956981,23,366.0,0.07744320051709185,5,116.0,0.5477455610037469,28,482.0
6325.0,23,220.0,3.235294117647059,5.239735554106385,19,354.0,0.15743854810890504,4,88.0,0.4393428144356027,23,442.0
6330.0,27,305.0,4.485294117647059,5.812842270215283,17,363.0,0.25015818465042244,10,85.0,0.24830631871252512,27,448.0
6335.0,29,311.0,4.7846153846153845,4.9984228882040895,16,352.0,0.2329444171467543,13,98.0,0.10924549787305571,29,450.0
6340.0,25,391.0,6.741379310344827,4.984090059532644,19,407.0,0.12546999424835711,6,104.0,0.37635799433360106,25,511.0
6345.0,23,391.0,7.109090909090909,4.811387656782229,20,439.0,0.12910540036975895,3,98.0,0.46305874351598453,23,537.0
6350.0,25,361.0,6.685185185185185,5.524013672126767,17,460.0,0.190629478574416,8,122.0,0.47376958739319414,25,582.0
6355.0,22,307.0,5.581818181818182,4.198189502289162,13,480.0,0.22161192155330126,9,141.0,0.2229267644016605,22,621.0
6360.0,18,303.0,5.611111111111111,5.75094824747954,11,427.0,0.24263595553979975,7,151.0,0.39533918067170815,18,578.0
6365.0,18,203.0,3.759259259259259,5.518168813911381,12,408.0,0.2913907800939917,6,101.0,0.27784916504224805,18,509.0
6370.0,23,220.0,3.9285714285714284,5.982197428757492,14,389.0,0.2986050757075229,9,111.0,0.3365382058435011,23,500.0
6375.0,22,251.0,4.5636363636363635,5.307954505161286,14,396.0,0.2730373675401657,8,138.0,0.37738322272008734,22,534.0
6380.0,17,238.0,4.576923076923077,6.390392967715527,13,368.0,0.23595303922539113,4,136.0,0.5562173291087287,17,504.0
6385.0,14,141.0,2.877551020408163,4.8679016627515495,11,375.0,0.12504836604720265,3,86.0,0.5033550075605389,14,461.0
6390.0,19,173.0,3.1454545454545455,5.830293323284096,11,355.0,0.20923450108812366,8,82.0,0.4310432453984476,19,437.0
6395.0,18,190.0,3.6538461538461537,5.267495337386446,11,378.0,0.28151463460973647,7,102.0,0.22810736595080425,18,480.0
6400.0,20,264.0,4.888888888888889,6.505620821173098,14,422.0,0.26956742530993383,6,107.0,0.4376889768795524,20,529.0
6405.0,19,307.0,5.7924528301886795,5.936783718986191,14,427.0,0.24679760069452372,5,111.0,0.42421065315102513,19,538.0
6410.0,19,353.0,6.418181818181818,7.030155152717971,14,377.0,0.3577057787900692,5,133.0,0.5089459818132344,19,510.0
6415.0,21,310.0,5.7407407407407405,5.901896053033329,13,343.0,0.3068882995507114,8,166.0,0.4481695610207401,21,509.0
6420.0,21,374.0,6.678571428571429,5.594409099134149,15,321.0,0.1908186045493664,6,183.0,0.4980100526912339,21,504.0
6425.0,23,374.0,6.448275862068965,5.5950767562417925,17,338.0,0.18872666110300293,6,187.0,0.4784081334234798,23,525.0
6430.0,16,191.0,3.183333333333333,6.434424480089869,9,293.0,0.3086573495338357,7,126.0,0.3967089459339917,16,419.0
6435.0,20,243.0,3.9836065573770494,6.4135075997343876,9,254.0,0.2665870392237578,11,120.0,0.3534781945262172,20,374.0
6440.0,20,221.0,3.683333333333333,5.753701123669149,10,238.0,0.23776442845920417,10,147.0,0.3756479971195854,20,385.0
6445.0,22,219.0,3.5901639344262297,5.844043133429353,10,239.0,0.28675220997088624,12,160.0,0.45301832335168657,22,399.0
6450.0,28,319.0,5.5,5.042767671177697,15,259.0,0.3003170957937036,13,218.0,0.371664239204264,28,477.0
6455.0,26,401.0,6.1692307692307695,5.668887449817155,13,315.0,0.3428339157919529,13,249.0,0.40772631275894833,26,564.0
6460.0,31,439.0,6.651515151515151,4.956446005153551,15,353.0,0.3087232065189713,16,244.0,0.3400830334021493,31,597.0
6465.0,34,477.0,6.814285714285714,3.8685216791395907,15,343.0,0.24318141932066023,19,315.0,0.2526627236992447,34,658.0
6470.0,28,375.0,5.208333333333333,4.330938655069571,8,259.0,0.33049607682764914,20,345.0,0.2097051338452754,28,604.0
6475.0,26,325.0,4.513888888888889,5.23771384133909,9,257.0,0.40891033293134094,17,311.0,0.2037314244594676,26,568.0
6480.0,22,313.0,4.118421052631579,6.213031015532741,7,207.0,0.3740119210166905,15,306.0,0.2603767769825986,22,513.0
6485.0,21,261.0,3.676056338028169,6.072454248913341,9,145.0,0.21450051299013326,12,310.0,0.33750264229092725,21,455.0
6490.0,30,342.0,5.029411764705882,5.387520210779011,14,196.0,0.20607965489368948,16,335.0,0.3115655992718522,30,531.0
6495.0,33,377.0,5.8,4.522440859246218,13,243.0,0.30240492059549867,20,360.0,0.21394878796657077,33,603.0
6500.0,28,405.0,6.230769230769231,3.8364538421598295,11,269.0,0.30039014680883197,17,390.0,0.19651393573721032,28,659.0
6505.0,30,427.0,6.279411764705882,4.782455209102615,9,241.0,0.34837855561378406,21,434.0,0.23767159346302122,30,675.0
6510.0,23,325.0,4.924242424242424,4.923725648879297,7,190.0,0.31302056569483716,16,434.0,0.21829195653505892,23,624.0
6515.0,29,372.0,5.470588235294118,4.842193723176081,12,191.0,0.1964086482047511,17,475.0,0.2555385925975939,29,666.0
6520.0,32,361.0,5.388059701492537,4.75986531791757,12,223.0,0.2735551825824068,20,480.0,0.2353524910958309,32,703.0
6525.0,24,364.0,5.432835820895522,4.949534837155343,7,221.0,0.4243120892227538,17,493.0,0.1710566149315784,24,714.0
6530.0,29,435.0,6.492537313432836,6.083205840805457,8,235.0,0.5668569341316226,21,492.0,0.11083261717905706,29,727.0
6535.0,29,476.0,7.104477611940299,5.014140440252045,7,250.0,0.40449109148380297,22,530.0,0.09532909829584642,29,780.0
6540.0,27,490.0,7.205882352941177,5.345502144967833,11,290.0,0.3391927559290696,16,491.0,0.21682900428881963,27,781.0
6545.0,30,404.0,5.9411764705882355,5.125028805460429,14,227.0,0.26627005088130795,16,505.0,0.21091069149302785,30,732.0
6550.0,31,468.0,7.3125,5.014202618031275,15,211.0,0.28037301978069146,16,499.0,0.21425798538479057,31,710.0
6555.0,32,427.0,6.887096774193548,3.877075390967733,14,208.0,0.22271863616503473,18,520.0,0.19596005663823526,32,728.0
6560.0,34,446.0,6.96875,4.177825844611581,16,257.0,0.2210831231246957,18,500.0,0.28016707683456726,34,757.0
6565.0,33,418.0,6.741935483870968,3.891228607608587,16,271.0,0.25241644379834516,17,502.0,0.2769639087493518,33,773.0
6570.0,19,254.0,4.031746031746032,4.70203890546987,7,216.0,0.32201919604692814,12,451.0,0.20537011453793919,19,667.0
6575.0,21,318.0,4.818181818181818,5.0490417803145675,7,165.0,0.35819461504193917,14,480.0,0.12803497509510767,21,645.0
6580.0,25,346.0,5.088235294117647,5.817531496622414,5,133.0,0.33943697140857443,20,520.0,0.16977006720175605,25,653.0
6585.0,30,328.0,4.823529411764706,4.99608139819882,11,139.0,0.192494855931389,19,506.0,0.2706375132084401,30,645.0
6590.0,30,422.0,6.393939393939394,5.729169233619239,11,169.0,0.3894745300481192,19,515.0,0.3513862396488988,30,684.0
6595.0,21,422.0,6.492307692307692,5.677429435489481,5,154.0,0.5501203375600757,16,522.0,0.21779342678826452,21,676.0
6600.0,16,287.0,4.415384615384616,5.33105037917929,1,98.0,0.5394795917947166,15,475.0,0.10210454753149985,16,573.0
6605.0,21,368.0,5.661538461538462,5.76331778144103,8,89.0,0.16207233868944082,13,470.0,0.28354395675552363,21,559.0
6610.0,23,324.0,5.4,5.467463828801514,12,87.0,0.0751342241465357,11,414.0,0.3537356352130744,23,501.0
6615.0,26,291.0,5.105263157894737,4.789082753972504,14,151.0,0.23770384803287872,12,316.0,0.2025735615078452,26,467.0
6620.0,23,332.0,6.148148148148148,4.593826666328938,10,168.0,0.3639779002296146,13,360.0,0.178022289837672,23,528.0
6625.0,16,295.0,5.9,5.507755236108912,3,129.0,0.42455341031711674,13,393.0,0.20871605587009484,16,522.0
6630.0,14,199.0,3.826923076923077,5.9147526287268954,3,98.0,0.40454696611676966,11,358.0,0.2520244901352,14,456.0
6635.0,20,166.0,3.1923076923076925,5.9157409350628125,8,119.0,0.3340178004383231,12,335.0,0.2842582149789966,20,454.0
6640.0,17,198.0,3.96,5.3445174021237,7,114.0,0.3283419513940948,10,369.0,0.36375776267452625,17,483.0
6645.0,12,209.0,4.26530612244898,6.429135266587416,1,44.0,0.3254411298904251,11,393.0,0.4222406007215101,12,437.0
6650.0,17,267.0,5.235294117647059,6.1060026401281595,4,35.0,0.5041951240041421,13,413.0,0.21224380893761996,17,448.0
6655.0,19,320.0,6.037735849056604,6.216646575492641,3,46.0,0.5717740941664937,16,425.0,0.11250540138464339,19,471.0
6660.0,19,381.0,7.62,6.039683710976257,5,67.0,0.5888279044056192,14,478.0,0.16161697595184515,19,545.0
6665.0,20,446.0,8.576923076923077,5.908809376176486,7,98.0,0.47037602256171773,13,499.0,0.23016273514582528,20,597.0
6670.0,23,460.0,8.518518518518519,5.974718865643656,8,138.0,0.4093527298657628,15,454.0,0.27075946467143985,23,592.0
6675.0,23,433.0,7.4655172413793105,6.450850872286799,9,121.0,0.4049166482929521,14,393.0,0.3736115279772699,23,514.0
6680.0,23,312.0,5.886792452830188,5.288452374408368,11,162.0,0.41935968200629714,12,311.0,0.2866185888478822,23,473.0
6685.0,26,375.0,6.818181818181818,4.574716970317321,9,198.0,0.3945376592596052,17,256.0,0.20062442687415594,26,454.0
6690.0,27,428.0,7.016393442622951,5.146359595127258,10,225.0,0.4050206112324322,17,301.0,0.23429713191079357,27,526.0
6695.0,22,298.0,4.73015873015873,5.326743534579624,9,213.0,0.3516091554187728,13,307.0,0.3100782091327681,22,520.0
6700.0,19,177.0,2.6818181818181817,6.016187275471844,7,140.0,0.41045981280054106,12,306.0,0.340050258386797,19,446.0
6705.0,17,190.0,2.878787878787879,5.9976927910043445,9,103.0,0.3136355364096276,8,277.0,0.30144819454192373,17,380.0
6710.0,22,211.0,3.0142857142857142,5.156608257219493,10,117.0,0.16854704589073125,12,285.0,0.22548003634694136,22,402.0
6715.0,31,320.0,4.63768115942029,5.463457627161403,17,165.0,0.14018890164317993,14,289.0,0.29639772656128366,31,454.0
6720.0,25,390.0,5.82089552238806,5.3751303266680495,13,216.0,0.2875890111280081,12,320.0,0.2864841247386077,25,536.0
6725.0,21,425.0,6.640625,6.273774463274912,8,221.0,0.4019243774412985,13,321.0,0.25431139104979344,21,542.0
6730.0,24,432.0,7.322033898305085,5.350766509012049,9,241.0,0.28493042319098527,15,323.0,0.2196115282823458,24,564.0
6735.0,28,433.0,7.338983050847458,5.134961638894889,11,252.0,0.21927659415083992,17,299.0,0.18410506652902522,28,551.0
6740.0,26,351.0,6.267857142857143,4.9049856489430415,9,229.0,0.38838430493740017,17,325.0,0.14626756592770937,26,554.0
6745.0,23,411.0,7.472727272727273,5.193485168577373,7,257.0,0.41654463446152773,16,343.0,0.2459926661467952,23,600.0
6750.0,26,435.0,8.20754716981132,5.013655877898645,11,271.0,0.41268372989697616,15,330.0,0.25279074627529646,26,601.0
6755.0,20,268.0,4.872727272727273,5.344287697848386,7,203.0,0.47000105292982325,13,319.0,0.20207071997006562,20,522.0
6760.0,24,356.0,6.033898305084746,5.311645210534228,12,204.0,0.3676343204843376,12,322.0,0.2328221488933013,24,526.0
6765.0,22,277.0,4.694915254237288,5.019837076834942,13,206.0,0.3754265138051381,9,289.0,0.27132201347765444,22,495.0
6770.0,21,259.0,4.389830508474576,5.009009898220223,12,194.0,0.29704356538578564,9,220.0,0.2728334417464901,21,414.0
6775.0,25,309.0,5.15,4.182639185423644,15,243.0,0.08583333973890227,10,239.0,0.37058713545446303,25,482.0
6780.0,25,326.0,4.9393939393939394,5.033152578245184,12,260.0,0.17860076201924824,13,243.0,0.3389743019230055,25,503.0
6785.0,26,296.0,4.553846153846154,4.47423167230673,12,220.0,0.2711769860999803,14,272.0,0.26235141913594,26,492.0
6790.0,25,320.0,5.0,5.138330913929085,12,227.0,0.24202547925604548,13,296.0,0.325154359801285,25,523.0
6795.0,30,318.0,5.0476190476190474,3.487057275439407,14,253.0,0.14092976278702793,16,308.0,0.14897611383214182,30,561.0
6800.0,31,381.0,6.4576271186440675,3.9432944482226446,11,259.0,0.22187441988827905,20,330.0,0.17560213842518868,31,589.0
6805.0,26,295.0,5.086206896551724,3.872986579882637,8,236.0,0.2858521106711646,18,327.0,0.14589098789850694,26,563.0
6810.0,31,416.0,7.172413793103448,4.50562499170486,12,251.0,0.38513457503740356,19,381.0,0.1650828306437266,31,632.0
6815.0,29,469.0,7.816666666666666,4.184723886991979,10,269.0,0.3104389408074033,19,430.0,0.22846467454798483,29,699.0
6820.0,18,458.0,7.15625,6.010905234066298,6,257.0,0.3690115428413684,12,410.0,0.32769979172522856,18,667.0
6825.0,21,460.0,6.865671641791045,5.789139797839032,8,251.0,0.30132971089220034,13,441.0,0.2396957604521109,21,692.0
6830.0,35,565.0,8.308823529411764,5.358589529250024,16,277.0,0.2830942240196104,19,468.0,0.24796072458737686,35,745.0
6835.0,32,423.0,6.507692307692308,4.239074972415835,14,239.0,0.2515152733312402,18,452.0,0.2393861537074245,32,691.0
6840.0,29,364.0,5.777777777777778,4.007176022543207,15,221.0,0.20091628400724534,14,466.0,0.26600631922254003,29,687.0
6845.0,32,372.0,5.723076923076923,3.7822715047000592,15,244.0,0.16725759439733917,17,434.0,0.27318409379422093,32,678.0
6850.0,21,232.0,3.625,4.550221731549362,9,212.0,0.16663759180168347,12,399.0,0.2390999369215019,21,611.0
6855.0,20,264.0,4.061538461538461,4.978408875809735,7,197.0,0.2721919167019717,13,418.0,0.21043276611922784,20,615.0
6860.0,22,285.0,4.1911764705882355,5.37364787851482,6,174.0,0.31464701478132584,16,460.0,0.19747359475767517,22,634.0
6865.0,32,391.0,5.75,4.859645115763724,13,210.0,0.3119168157039558,19,496.0,0.23142485403827556,32,706.0
6870.0,27,440.0,6.875,4.941019612066086,11,238.0,0.2928953087991098,16,489.0,0.24282919486437568,27,727.0
6875.0,20,486.0,7.838709677419355,4.756617922718698,6,228.0,0.2884604019454781,14,540.0,0.19045144409463483,20,768.0
6880.0,22,429.0,7.032786885245901,4.687450590276022,4,134.0,0.31345632406353413,18,599.0,0.11394470962615992,22,733.0
6885.0,31,435.0,6.6923076923076925,5.32305066314013,11,129.0,0.3977007929688078,20,588.0,0.2311758578862744,31,717.0
6890.0,30,484.0,7.333333333333333,5.558150582577844,9,129.0,0.4437713904189682,21,645.0,0.2712563934236595,30,774.0
6895.0,26,541.0,8.323076923076924,5.69098234729018,8,128.0,0.4629792929070402,18,678.0,0.3068287123548,26,806.0
6900.0,18,467.0,6.970149253731344,5.306715756223903,7,123.0,0.34084146989088143,11,665.0,0.2913205454505067,18,788.0
6905.0,20,378.0,5.641791044776119,4.6574403166391205,6,78.0,0.24396121437888005,14,625.0,0.1974229966353111,20,703.0
6910.0,22,201.0,3.0454545454545454,4.8909798136245275,5,71.0,0.4181635483749043,17,505.0,0.15020678351705294,22,576.0
6915.0,24,199.0,3.2096774193548385,4.129609636168205,6,70.0,0.36543364057103656,18,531.0,0.15232965968623782,24,601.0
6920.0,20,222.0,3.639344262295082,4.896924197866871,6,82.0,0.3300858734815414,14,520.0,0.2096708936910027,20,602.0
6925.0,21,281.0,4.762711864406779,5.060263280869233,6,91.0,0.18826737470834082,15,513.0,0.18953640287268725,21,604.0
6930.0,23,334.0,5.475409836065574,4.974614586044341,6,99.0,0.34313674152991663,17,531.0,0.14240938142065837,23,630.0
6935.0,29,440.0,7.586206896551724,4.713040743903273,6,127.0,0.5022399754053191,23,591.0,0.14889528028687316,29,718.0
6940.0,22,414.0,7.527272727272727,5.11671641824402,5,75.0,0.5266355056030294,17,614.0,0.2063256834883012,22,689.0
6945.0,23,354.0,6.321428571428571,4.697845244210585,7,103.0,0.3919321369525462,16,609.0,0.21455464681844363,23,712.0
6950.0,28,317.0,5.763636363636364,4.210390345031107,8,86.0,0.2574268737949886,20,577.0,0.2167451970350019,28,663.0
6955.0,29,308.0,5.4035087719298245,4.119235998570685,9,104.0,0.27451890356608755,20,585.0,0.21360324400718217,29,689.0
6960.0,27,417.0,7.446428571428571,4.782534907451833,6,128.0,0.39120411205960215,21,628.0,0.22544340867002685,27,756.0
6965.0,28,488.0,8.413793103448276,4.622499997581286,8,156.0,0.44634935846348184,20,671.0,0.18646373879380104,28,827.0
6970.0,22,383.0,6.383333333333334,5.264893899715121,6,125.0,0.4629088658925106,16,642.0,0.22334848791388898,22,767.0
6975.0,17,328.0,5.290322580645161,5.582220111727782,3,53.0,0.4049355122900261,14,596.0,0.23487071868553697,17,649.0
6980.0,20,183.0,2.859375,5.336643882424396,4,27.0,0.4233722705749415,16,495.0,0.19407857696812142,20,522.0
6985.0,25,245.0,4.016393442622951,5.409004410023233,8,53.0,0.4616445889346146,17,524.0,0.21736278432801603,25,577.0
6990.0,18,268.0,4.5423728813559325,5.2000527208190235,5,65.0,0.41823361824765254,13,519.0,0.2384405121806455,18,584.0
6995.0,25,289.0,5.254545454545455,4.640528248854415,5,68.0,0.3657492047249438,20,541.0,0.15292296440450423,25,609.0
7000.0,28,286.0,5.017543859649122,4.079653155773321,7,62.0,0.3906712791204934,21,551.0,0.07598832886509889,28,613.0
7005.0,32,386.0,7.0181818181818185,3.85056140212328,11,108.0,0.41135574319891877,21,559.0,0.05829713088258705,32,667.0
7010.0,27,373.0,7.173076923076923,3.4393879249997994,8,118.0,0.39327739346200125,19,532.0,0.0654528765729298,27,650.0
7015.0,24,365.0,6.886792452830188,3.587172687428994,8,115.0,0.3657139880879367,16,562.0,0.0790223380904604,24,677.0
7020.0,22,344.0,6.745098039215686,3.721837243568096,10,134.0,0.21155139499386819,12,525.0,0.18473425321686016,22,659.0
7025.0,28,425.0,8.5,4.322440306312082,14,174.0,0.19036477629346354,14,520.0,0.2348558581049969,28,694.0
7030.0,21,379.0,7.431372549019608,4.331013139180508,8,170.0,0.2377001784687218,13,526.0,0.24846149216705823,21,696.0
7035.0,20,385.0,7.7,5.158634465794169,6,115.0,0.44323034589786797,14,523.0,0.1598643547900136,20,638.0
7040.0,17,349.0,7.122448979591836,5.145282806924629,5,86.0,0.44620218675940293,12,499.0,0.11862413107970698,17,585.0
7045.0,19,168.0,3.2941176470588234,5.324877814481426,8,90.0,0.4144943900376801,11,404.0,0.16797904938140965,19,494.0
7050.0,24,245.0,4.803921568627451,5.040445688249545,10,111.0,0.2940041791959835,14,364.0,0.27016472014750414,24,475.0
7055.0,19,235.0,4.519230769230769,5.594958163728853,9,123.0,0.3264409437172141,10,340.0,0.32474262148431265,19,463.0
7060.0,16,194.0,3.9591836734693877,6.188939852173461,8,101.0,0.30558004581973525,8,297.0,0.32683899239597797,16,398.0
7065.0,19,224.0,4.76595744680851,5.548905705045329,12,140.0,0.08669900899691509,7,266.0,0.36748586431183006,19,406.0
7070.0,20,238.0,5.288888888888889,5.499912578519258,11,158.0,0.2270814319962659,9,229.0,0.31246842053790863,20,387.0
7075.0,19,268.0,5.955555555555556,6.2635393264335,9,166.0,0.4550025037516841,10,223.0,0.26839947101232076,19,389.0
7080.0,16,238.0,5.0638297872340425,6.488894164545881,6,173.0,0.5430530233339601,10,156.0,0.2570907054527963,16,329.0
7085.0,15,221.0,4.702127659574468,5.835096847505431,7,138.0,0.43509738705200035,8,171.0,0.24545932628351808,15,309.0
7090.0,14,154.0,3.2083333333333335,5.484463023973954,7,90.0,0.29230062259782547,7,163.0,0.2723952081433615,14,253.0
7095.0,19,146.0,2.8627450980392157,5.714298753330829,13,96.0,0.16345677344704693,6,135.0,0.3400060531911077,19,231.0
7100.0,21,218.0,4.448979591836735,5.9896082454541695,13,145.0,0.2806400420324196,8,150.0,0.36385929119422267,21,295.0
7105.0,16,219.0,4.760869565217392,6.548730775475652,8,146.0,0.40519411649362747,8,133.0,0.4042897030848893,16,279.0
7110.0,15,227.0,5.404761904761905,6.2530608937427,6,126.0,0.4406263724901727,9,158.0,0.3544357134130396,15,284.0
7115.0,15,213.0,4.630434782608695,6.516208719330652,8,117.0,0.35639611734847587,7,165.0,0.4493290270379485,15,282.0
7120.0,12,206.0,4.291666666666667,7.348896646564408,8,134.0,0.3499631765017134,4,120.0,0.5379455051765603,12,254.0
7125.0,12,157.0,3.204081632653061,8.035312001970752,5,135.0,0.46699857715010623,7,56.0,0.4426073577676423,12,191.0
7130.0,15,147.0,3.127659574468085,7.00178871084753,5,111.0,0.4128846007793172,10,97.0,0.22260965335367744,15,208.0
7135.0,16,191.0,4.441860465116279,5.884098346483882,6,110.0,0.4448056724477009,10,128.0,0.15140049408555148,16,238.0
7140.0,17,189.0,4.609756097560975,5.80752032813184,5,80.0,0.4621502252980527,12,166.0,0.1879784085025624,17,246.0
7145.0,15,190.0,4.4186046511627906,5.977428775845245,7,76.0,0.4904251136558311,8,165.0,0.27001584302744913,15,241.0
7150.0,11,169.0,4.023809523809524,7.062441322698921,6,81.0,0.47286932908374063,5,139.0,0.4668947192036877,11,220.0
7155.0,11,174.0,4.142857142857143,7.333024914946203,6,65.0,0.47403879459780685,5,148.0,0.4114793226989072,11,213.0
7160.0,14,181.0,4.209302325581396,6.42534754087005,6,50.0,0.27894762874180007,8,166.0,0.3579273938618299,14,216.0
7165.0,15,108.0,2.6341463414634148,5.78539271490423,8,62.0,0.2886755267417552,7,126.0,0.36702646599666117,15,188.0
7170.0,19,160.0,3.8095238095238093,5.33830844386594,8,85.0,0.37102238030393137,11,129.0,0.35646439414338793,19,214.0
7175.0,14,168.0,3.8181818181818183,6.195140440769347,7,108.0,0.4735784406365201,7,122.0,0.41889616469695906,14,230.0
7180.0,8,97.0,2.108695652173913,7.050942238431907,4,84.0,0.5190786422024604,4,89.0,0.4067204144940523,8,173.0
7185.0,8,86.0,1.7916666666666667,7.841425344641984,5,67.0,0.48419785376872415,3,76.0,0.4630777501551486,8,143.0
7190.0,16,86.0,1.6538461538461537,6.604126617243651,6,60.0,0.3616036370183802,10,96.0,0.30191192246918386,16,156.0
7195.0,17,145.0,2.7884615384615383,6.278314558516994,9,71.0,0.3609506221668892,8,113.0,0.3834085539613125,17,184.0
7200.0,13,134.0,2.851063829787234,6.823704653261694,7,86.0,0.3608503653850397,6,92.0,0.47635349917768866,13,178.0
