step,system_total_stopped,system_total_waiting_time,system_mean_waiting_time,system_mean_speed,J17_stopped,J17_accumulated_waiting_time,J17_average_speed,J18_stopped,J18_accumulated_waiting_time,J18_average_speed,agents_total_stopped,agents_total_accumulated_waiting_time
5.0,1,0.0,0.0,2.036261083383579,0,0.0,1.0,1,0.0,0.1391807368062389,1,0.0
10.0,0,0.0,0.0,7.654859250310498,0,0.0,0.43148757119199593,0,0.0,0.6683206054155585,0,0.0
15.0,1,0.0,0.0,9.760043245723033,0,0.0,0.7733691124998877,1,0.0,0.6457344266793859,1,0.0
20.0,0,0.0,0.0,10.47866465904994,0,0.0,0.8040328923816202,0,0.0,0.7670035613708306,0,0.0
25.0,0,0.0,0.0,8.312363161870172,0,0.0,0.4865775696042437,0,0.0,0.7020962461785734,0,0.0
30.0,5,15.0,0.75,7.988742995954317,4,10.0,0.5005803561382763,1,5.0,0.613376776315265,5,15.0
35.0,7,41.0,1.7826086956521738,7.819958867556132,4,24.0,0.5262983152046944,3,17.0,0.5382721519474248,7,41.0
40.0,5,47.0,1.8076923076923077,6.746982632485066,2,30.0,0.5344800769261417,3,17.0,0.4202951726315576,5,47.0
45.0,9,82.0,2.9285714285714284,7.679436423204203,4,49.0,0.4021154164288906,5,39.0,0.5162300962615033,9,88.0
50.0,9,91.0,2.84375,7.4919488906881995,6,71.0,0.38434820395841635,3,26.0,0.5003183103814165,9,97.0
55.0,7,91.0,2.935483870967742,8.303267938665043,3,71.0,0.5773898735724174,4,45.0,0.5304064187594254,7,116.0
60.0,11,134.0,4.466666666666667,6.191544237901455,4,76.0,0.4646415134510698,7,73.0,0.35583006710928883,11,149.0
65.0,10,98.0,3.0625,5.249044931631308,4,48.0,0.4223784804165365,6,85.0,0.30971994631550787,10,133.0
70.0,15,132.0,3.5675675675675675,4.84939654585218,8,71.0,0.16327097992950204,7,87.0,0.3871047224759554,15,158.0
75.0,13,115.0,2.875,5.903418863724503,5,56.0,0.3483085848962032,8,109.0,0.41617263759279766,13,165.0
80.0,11,143.0,3.25,7.395783606609183,3,35.0,0.5295541764146078,8,131.0,0.4267468375237066,11,166.0
85.0,13,100.0,2.272727272727273,6.990593446549155,3,42.0,0.5937099983034059,10,107.0,0.3073849571999753,13,149.0
90.0,13,141.0,3.0,7.737363224937397,4,60.0,0.4975348807849227,9,93.0,0.3466280559673683,13,153.0
95.0,11,116.0,2.697674418604651,6.910420475506393,2,50.0,0.5034077338366287,9,101.0,0.2608119142781866,11,151.0
100.0,13,161.0,3.8333333333333335,6.874493695443285,3,56.0,0.4832975812330642,10,124.0,0.24455108144819349,13,180.0
105.0,10,83.0,2.1842105263157894,6.401360748366463,2,30.0,0.660413664712468,8,118.0,0.25320646428233307,10,148.0
110.0,9,97.0,2.3658536585365852,7.840358470633926,3,22.0,0.601996531570426,6,98.0,0.4578424999204997,9,120.0
115.0,8,82.0,2.05,6.795559529748121,3,30.0,0.41865384534181677,5,100.0,0.4726924012494022,8,130.0
120.0,17,157.0,3.738095238095238,6.107194305081787,8,65.0,0.358714566907119,9,121.0,0.412360210807232,17,186.0
125.0,19,113.0,2.7560975609756095,3.6752207322386066,8,73.0,0.3396843105726349,11,112.0,0.1840664487686896,19,185.0
130.0,13,121.0,2.813953488372093,5.7557974832572345,4,56.0,0.2851080280724591,9,106.0,0.3061170539661864,13,162.0
135.0,11,86.0,2.0,5.735723868749927,4,29.0,0.3406792657398737,7,110.0,0.15233779266985345,11,139.0
140.0,14,146.0,3.3181818181818183,7.582012388600867,5,40.0,0.4743218174963744,9,143.0,0.26503519562188915,14,183.0
145.0,14,182.0,4.333333333333333,7.007137219925376,6,70.0,0.49851517695353,8,160.0,0.2770286795448303,14,230.0
150.0,14,222.0,5.6923076923076925,6.7923077665081015,7,82.0,0.41879971074929845,7,163.0,0.3476514230139818,14,245.0
155.0,12,193.0,4.7073170731707314,6.615049360827122,9,116.0,0.2837901187656926,3,127.0,0.4595637491767267,12,243.0
160.0,9,152.0,3.619047619047619,7.991327725447785,6,109.0,0.35686520050849646,3,103.0,0.6451251567478682,9,212.0
165.0,5,126.0,3.15,8.394728976240517,3,50.0,0.5146151045044133,2,108.0,0.5495335420147615,5,158.0
170.0,6,143.0,3.763157894736842,7.472175239612017,3,49.0,0.4117828760201116,3,119.0,0.38460092947268215,6,168.0
175.0,10,189.0,5.108108108108108,7.411744164386941,6,74.0,0.29594147026752343,4,138.0,0.5028850587747167,10,212.0
180.0,14,122.0,3.128205128205128,6.420706233195624,11,116.0,0.19261914224533458,3,87.0,0.5379048654219472,14,203.0
185.0,11,109.0,2.8684210526315788,6.719827602582245,8,134.0,0.3064664150660912,3,14.0,0.5994224594961013,11,148.0
190.0,8,127.0,3.5277777777777777,7.500011126752917,5,117.0,0.45771229393097573,3,17.0,0.5112502599122984,8,134.0
195.0,12,111.0,2.8461538461538463,7.2885568095778055,6,80.0,0.49396565281718985,6,39.0,0.4028368679789584,12,119.0
200.0,12,169.0,4.5675675675675675,6.633743359633089,5,101.0,0.3783476190528317,7,75.0,0.4132619216262216,12,176.0
205.0,16,212.0,5.888888888888889,5.959054688221184,9,143.0,0.3085033642705232,7,92.0,0.3809231636932792,16,235.0
210.0,14,218.0,5.891891891891892,5.108927627386123,9,166.0,0.27814685517249205,5,88.0,0.36796213182419824,14,254.0
215.0,12,202.0,5.315789473684211,4.903000820188953,7,170.0,0.37480156934832465,5,69.0,0.2094199121616062,12,239.0
220.0,15,153.0,3.825,6.2060946868191635,6,136.0,0.5737887764105112,9,88.0,0.130257401999545,15,224.0
225.0,13,194.0,4.511627906976744,6.933089762071044,5,98.0,0.590896073279202,8,119.0,0.2603992606381215,13,217.0
230.0,12,211.0,4.688888888888889,6.774806103671826,5,90.0,0.5253470661369087,7,136.0,0.41071362720707405,12,226.0
235.0,13,181.0,3.693877551020408,6.852404724616659,8,124.0,0.4335782281322161,5,106.0,0.49355279171506766,13,230.0
240.0,15,236.0,4.72,6.502572747861867,9,157.0,0.3614277179460366,6,96.0,0.4901430430440511,15,253.0
245.0,20,238.0,4.407407407407407,5.993691017057818,15,214.0,0.25398234909978273,5,65.0,0.416291929278706,20,279.0
250.0,21,271.0,4.839285714285714,6.025769325286392,14,257.0,0.29551857428348627,7,62.0,0.29217363397589635,21,319.0
255.0,16,256.0,4.491228070175438,5.933729827870956,10,243.0,0.35131464240282445,6,77.0,0.22905200220066377,16,320.0
260.0,17,159.0,2.8392857142857144,6.383449609896631,9,159.0,0.3846827684184019,8,96.0,0.24301263944274565,17,255.0
265.0,20,194.0,3.3448275862068964,5.817864863183021,14,177.0,0.3305604349444003,6,88.0,0.3497406500768394,20,265.0
270.0,24,264.0,4.258064516129032,5.543599471109639,17,208.0,0.27866064274874425,7,110.0,0.40014309403103526,24,318.0
275.0,18,260.0,4.193548387096774,6.132376771238647,13,228.0,0.29553680991213954,5,85.0,0.5019786277984717,18,313.0
280.0,19,234.0,3.774193548387097,6.6285129644279515,15,224.0,0.29169265476092937,4,70.0,0.5216998550782957,19,294.0
285.0,22,211.0,3.459016393442623,5.554431358364773,16,238.0,0.21940761765610636,6,66.0,0.3388861806379384,22,304.0
290.0,24,236.0,3.806451612903226,5.681461633459525,15,276.0,0.2566726001246761,9,73.0,0.3947301953016859,24,349.0
295.0,25,279.0,4.728813559322034,5.182610533556708,18,303.0,0.20112614458071515,7,73.0,0.428014664972738,25,376.0
300.0,27,333.0,5.741379310344827,4.987927635744908,19,353.0,0.2061422181312431,8,81.0,0.4592155470273679,27,434.0
305.0,21,327.0,5.7368421052631575,5.189823554918276,14,350.0,0.2691608750128994,7,91.0,0.31078960771267067,21,441.0
310.0,21,361.0,6.5636363636363635,5.675633170348483,14,367.0,0.2641140687426528,7,81.0,0.2707995121875283,21,448.0
315.0,21,319.0,5.696428571428571,5.089791112386427,13,374.0,0.18702409480512128,8,67.0,0.2301217698973977,21,441.0
320.0,23,272.0,4.771929824561403,5.773243663595097,14,359.0,0.22573269405834126,9,94.0,0.41187271130279635,23,453.0
325.0,21,260.0,5.0,5.747367473773931,16,311.0,0.2853173758028558,5,108.0,0.521381859443556,21,419.0
330.0,21,302.0,5.69811320754717,4.962887341781684,15,336.0,0.2345795458523493,6,115.0,0.43649148566877927,21,451.0
335.0,19,285.0,5.377358490566038,5.5459668465389145,13,349.0,0.2980824489434512,6,119.0,0.31642067229371135,19,468.0
340.0,17,224.0,4.226415094339623,5.685545072731904,10,334.0,0.31573881390218406,7,101.0,0.20154126134669142,17,435.0
345.0,23,297.0,5.5,5.649205324553738,16,338.0,0.26004325713553667,7,124.0,0.41505567346746236,23,462.0
350.0,23,376.0,7.372549019607843,4.984854106167691,16,390.0,0.23915035674753815,7,158.0,0.43507794978123526,23,548.0
355.0,19,402.0,7.882352941176471,5.081659686815451,14,402.0,0.2771736625325937,5,149.0,0.3918510739575596,19,551.0
360.0,20,405.0,7.6415094339622645,5.607739317020406,13,401.0,0.2791901160329184,7,146.0,0.3160411074633427,20,547.0
365.0,18,257.0,4.672727272727273,6.390011259199808,14,343.0,0.2819535159305493,4,70.0,0.4920924166519548,18,413.0
370.0,18,256.0,4.830188679245283,5.61915644736549,15,309.0,0.24769403764434608,3,47.0,0.5359556125555559,18,356.0
375.0,22,235.0,4.351851851851852,5.3956477097338125,17,315.0,0.22097518253741333,5,74.0,0.5582039382089254,22,389.0
380.0,21,269.0,4.719298245614035,5.038145300566061,18,342.0,0.276408707954287,3,49.0,0.5037214409455688,21,391.0
385.0,24,342.0,5.516129032258065,5.4547732678144545,20,385.0,0.273775103162721,4,58.0,0.5146120869433786,24,443.0
390.0,26,309.0,4.681818181818182,5.105161935236161,20,416.0,0.274482941763386,6,30.0,0.4464732034492551,26,446.0
395.0,24,284.0,4.303030303030303,5.4621259854898545,17,402.0,0.26389564792095493,7,61.0,0.4658473396442669,24,463.0
400.0,24,307.0,4.449275362318841,4.190798417383336,16,430.0,0.23824352493668022,8,72.0,0.27049881584506685,24,502.0
405.0,25,355.0,5.220588235294118,5.115398841872126,20,453.0,0.16665861919516928,5,67.0,0.507057112669317,25,520.0
410.0,26,392.0,5.9393939393939394,4.406373499127512,22,507.0,0.126773662797776,4,45.0,0.42366272743885,26,552.0
415.0,29,459.0,6.954545454545454,4.948774426398007,21,523.0,0.17567355253763095,8,46.0,0.3134687738964816,29,569.0
420.0,24,525.0,8.333333333333334,4.463768969047797,17,568.0,0.22495982903841155,7,66.0,0.17472297468293427,24,634.0
425.0,28,621.0,9.703125,4.935157577065752,20,645.0,0.1846376677543947,8,90.0,0.35040242584469267,28,735.0
430.0,28,586.0,9.60655737704918,4.104398993980927,24,681.0,0.14494507286413102,4,89.0,0.46807748021228096,28,770.0
435.0,28,565.0,9.416666666666666,4.776609471832515,26,704.0,0.12101301663623344,2,57.0,0.5850618503620648,28,761.0
440.0,30,638.0,10.633333333333333,4.793557792217174,25,777.0,0.058717946811108444,5,68.0,0.5478258449180308,30,845.0
445.0,26,614.0,10.065573770491802,5.158504812380049,20,791.0,0.08888173274384001,6,89.0,0.4775779817374694,26,880.0
450.0,21,320.0,5.423728813559322,4.695210340702051,14,676.0,0.19229768024379867,7,116.0,0.29632651291387424,21,792.0
455.0,25,298.0,5.228070175438597,4.870033667956371,18,505.0,0.18118690774503254,7,120.0,0.3813634131955835,25,625.0
460.0,28,386.0,6.892857142857143,4.68425861655667,20,547.0,0.15723807513106122,8,130.0,0.44086745862556725,28,677.0
465.0,21,423.0,7.553571428571429,5.196327244776816,13,516.0,0.2248152717562075,8,155.0,0.39070991510372827,21,671.0
470.0,23,498.0,9.222222222222221,4.715529210650787,11,532.0,0.21578917216332516,12,201.0,0.24785019914486056,23,733.0
475.0,24,500.0,9.433962264150944,4.65861291786963,16,599.0,0.14511259893278772,8,182.0,0.352660241465625,24,781.0
480.0,28,577.0,10.49090909090909,4.527384774335899,19,637.0,0.1726933832275964,9,149.0,0.37526824205218745,28,786.0
485.0,19,565.0,11.07843137254902,5.400035970377988,11,622.0,0.3705349214828075,8,151.0,0.3339072108703619,19,773.0
490.0,19,496.0,8.857142857142858,5.599169750954599,11,571.0,0.32179388793724734,8,112.0,0.3692055351442316,19,683.0
495.0,21,419.0,7.101694915254237,4.954397280429749,14,477.0,0.2140885289916983,7,92.0,0.3735562208734774,21,569.0
500.0,31,518.0,8.633333333333333,4.7280671693696545,20,530.0,0.1976442211134568,11,108.0,0.3848114571680633,31,638.0
505.0,19,479.0,8.258620689655173,5.8551789105786,13,534.0,0.30280739206618457,6,107.0,0.4077059679296813,19,641.0
510.0,20,504.0,8.262295081967213,5.0413981146118765,12,551.0,0.24358046893239735,8,99.0,0.25761646427366686,20,650.0
515.0,24,561.0,8.765625,5.420207692546594,17,606.0,0.24714100293670976,7,106.0,0.369417311995895,24,712.0
520.0,25,633.0,10.047619047619047,6.028342242350491,19,671.0,0.2886514810223577,6,92.0,0.519873527468484,25,763.0
525.0,19,664.0,10.709677419354838,5.437465198231337,13,687.0,0.21664675673338474,6,105.0,0.45881483340768786,19,792.0
530.0,24,691.0,11.516666666666667,5.466323632871445,15,643.0,0.30061538443636066,9,145.0,0.237986213747941,24,788.0
535.0,24,710.0,12.909090909090908,4.397838948822156,14,656.0,0.2203326079646282,10,156.0,0.22892303616466197,24,812.0
540.0,27,712.0,13.692307692307692,3.9976219878450134,19,622.0,0.14685388907797708,8,165.0,0.36246846306645997,27,787.0
545.0,23,271.0,5.42,4.390798926908477,18,597.0,0.158269650761077,5,109.0,0.4539536880310065,23,706.0
550.0,22,307.0,6.019607843137255,5.026099847835644,16,469.0,0.2669125001659012,6,100.0,0.41228185321774313,22,569.0
555.0,21,268.0,4.785714285714286,4.46488409758421,16,499.0,0.23045970739741523,5,94.0,0.37865738608241656,21,593.0
560.0,21,284.0,5.163636363636364,5.227008155928677,20,526.0,0.13362073875879268,1,51.0,0.5891162399386525,21,577.0
565.0,23,282.0,4.862068965517241,5.724306716882383,20,561.0,0.09875604883476923,3,19.0,0.6225447809055253,23,580.0
570.0,17,244.0,4.135593220338983,6.400676145726395,14,519.0,0.17168203436822446,3,34.0,0.5286608433859525,17,553.0
575.0,17,275.0,4.741379310344827,6.307503484082797,12,448.0,0.17151558779036646,5,53.0,0.5394197094863041,17,501.0
580.0,20,283.0,4.796610169491525,6.255195193534098,15,424.0,0.21071594410202024,5,77.0,0.4819164407690429,20,501.0
585.0,23,303.0,5.224137931034483,6.1612331239672375,15,441.0,0.2913753783505366,8,114.0,0.42141601579513005,23,555.0
590.0,20,253.0,4.773584905660377,5.689427469702135,13,406.0,0.31148958155208734,7,129.0,0.4294110018995411,20,535.0
595.0,22,286.0,5.107142857142857,5.031742702979666,13,398.0,0.2797695430521295,9,167.0,0.40660614590268157,22,565.0
600.0,21,169.0,2.913793103448276,5.509275523141628,13,347.0,0.28880247474277615,8,134.0,0.3922401043688072,21,481.0
605.0,22,219.0,3.5901639344262297,5.257875943899619,14,355.0,0.25230200278119463,8,107.0,0.34246998388626365,22,462.0
610.0,25,232.0,3.6825396825396823,4.917501631033674,16,325.0,0.2271444207540556,9,123.0,0.3295228328912057,25,448.0
615.0,24,255.0,3.984375,5.073955467929922,17,385.0,0.1967954686371707,7,101.0,0.36622561966565614,24,486.0
620.0,27,332.0,5.533333333333333,5.205281607702949,20,436.0,0.11580788422267928,7,105.0,0.4596707126612024,27,541.0
625.0,25,386.0,6.225806451612903,5.405022637099766,17,454.0,0.1864317036398007,8,122.0,0.39169917066977644,25,576.0
630.0,20,336.0,5.6,5.795945916713235,9,416.0,0.3254633211474428,11,148.0,0.33860872785346746,20,564.0
635.0,22,335.0,5.775862068965517,5.296022181379289,11,387.0,0.23650444382899308,11,167.0,0.3256475532913077,22,554.0
640.0,25,318.0,5.3,4.476960758457442,15,323.0,0.1216265793392333,10,208.0,0.30319695361190646,25,531.0
645.0,27,385.0,6.52542372881356,4.753186092059358,15,336.0,0.16377840652103426,12,262.0,0.3716932813681928,27,598.0
650.0,19,339.0,5.745762711864407,5.030502962399213,9,307.0,0.28423403539606673,10,260.0,0.33111670979707725,19,567.0
655.0,23,345.0,5.476190476190476,5.166243585900291,9,312.0,0.3111859609342253,14,267.0,0.26010723028859845,23,579.0
660.0,28,426.0,6.553846153846154,4.927067553877781,14,317.0,0.28679725119146193,14,327.0,0.28869292421766385,28,644.0
665.0,30,537.0,8.661290322580646,4.624288307961048,16,348.0,0.227408488825009,14,383.0,0.34028656969703525,30,731.0
670.0,25,499.0,8.048387096774194,4.13612099562438,13,353.0,0.23402369653047647,12,386.0,0.21948972558599514,25,739.0
675.0,20,538.0,8.40625,5.387522872220261,9,363.0,0.28259017232140243,11,346.0,0.21066202958307953,20,709.0
680.0,17,281.0,4.257575757575758,5.692482777774979,6,307.0,0.3068451302637131,11,247.0,0.19000352059739767,17,554.0
685.0,24,280.0,4.516129032258065,6.047750299853575,14,286.0,0.2851114723030191,10,187.0,0.3374869256022332,24,473.0
690.0,24,297.0,5.033898305084746,4.7119525611390385,14,336.0,0.23404482614555785,10,179.0,0.3559947180410299,24,515.0
695.0,23,347.0,5.596774193548387,5.349082522142851,10,343.0,0.28537828242281227,13,211.0,0.33670517982610376,23,554.0
700.0,19,254.0,4.031746031746032,5.243567972107405,8,322.0,0.31238329474511123,11,223.0,0.30064242980031186,19,545.0
705.0,30,366.0,5.71875,4.674446508790622,15,324.0,0.23749806930950718,15,248.0,0.26208835215446047,30,572.0
710.0,30,380.0,5.846153846153846,4.9935183718784035,17,361.0,0.30629666771917535,13,252.0,0.2918097823025954,30,613.0
715.0,16,340.0,5.230769230769231,4.988084452071413,8,367.0,0.26630239582349563,8,223.0,0.22801128039128363,16,590.0
720.0,16,195.0,3.046875,5.1078006315158575,6,261.0,0.32898843508387415,10,213.0,0.13871522441780382,16,474.0
725.0,26,161.0,2.596774193548387,4.808387317621077,12,166.0,0.27699634650105964,14,211.0,0.20002733020537608,26,377.0
730.0,30,227.0,3.546875,3.5695807184713635,18,195.0,0.18337531065451088,12,238.0,0.2093227299533136,30,433.0
735.0,21,246.0,4.032786885245901,4.881973907190509,12,200.0,0.25068841365043043,9,224.0,0.2776616452472382,21,424.0
740.0,21,235.0,3.671875,5.064501825868991,11,204.0,0.24833020796650523,10,206.0,0.23158455530626446,21,410.0
745.0,25,301.0,4.426470588235294,5.58895345862798,16,249.0,0.24022774135362154,9,203.0,0.3930163431302491,25,452.0
750.0,26,294.0,4.666666666666667,4.922923353714047,17,277.0,0.2281024537107527,9,205.0,0.42860318132650604,26,482.0
755.0,30,396.0,6.387096774193548,4.856850626614725,20,312.0,0.21071230693928014,10,192.0,0.4482334050862521,30,504.0
760.0,29,368.0,6.032786885245901,3.3844643001888457,19,358.0,0.17580884259380924,10,181.0,0.27989291541046873,29,539.0
765.0,27,373.0,6.016129032258065,4.50767607185479,14,343.0,0.19904697271560817,13,190.0,0.2868431065001226,27,533.0
770.0,28,374.0,6.032258064516129,4.035733252268148,14,371.0,0.22273482770438321,14,216.0,0.1069672193539997,28,587.0
775.0,27,358.0,5.507692307692308,4.689014781769358,18,423.0,0.15670286988117638,9,185.0,0.21847487179981848,27,608.0
780.0,25,241.0,3.8253968253968256,4.246168029824041,19,411.0,0.13479400356724372,6,171.0,0.3034204023955907,25,582.0
785.0,32,325.0,4.850746268656716,5.706710670612585,21,428.0,0.25786164502115216,11,193.0,0.43619451360610106,32,621.0
790.0,25,355.0,5.546875,5.322386042961833,16,436.0,0.2865333104850122,9,197.0,0.4597239226897139,25,633.0
795.0,19,259.0,3.9846153846153847,5.4092953592128215,9,360.0,0.3043985849050625,10,159.0,0.3293481017964472,19,519.0
800.0,21,210.0,3.1818181818181817,4.767948229159534,9,352.0,0.3024442068848448,12,158.0,0.16982581854813072,21,510.0
805.0,31,299.0,4.152777777777778,4.615277349253859,15,344.0,0.1975874175214364,16,218.0,0.17538443100916865,31,562.0
810.0,31,342.0,4.75,4.863114712606256,17,372.0,0.23641558333191476,14,243.0,0.27056953033284925,31,615.0
815.0,30,444.0,6.529411764705882,5.533863525447752,19,441.0,0.20282953267746676,11,246.0,0.3982874352213156,30,687.0
820.0,25,351.0,5.161764705882353,4.917985095450954,17,452.0,0.13156699533366817,8,192.0,0.3856111386452383,25,644.0
825.0,32,439.0,6.455882352941177,5.306170499785024,20,518.0,0.13887870440307215,12,162.0,0.3369042627879711,32,680.0
830.0,33,452.0,6.848484848484849,4.470625604450679,17,499.0,0.17789277097869038,16,203.0,0.28741499095863454,33,702.0
835.0,24,327.0,5.109375,5.128775100883475,9,357.0,0.24768287956346413,15,269.0,0.28454289209931416,24,626.0
840.0,24,350.0,5.46875,5.473052072613239,7,233.0,0.3956357521698752,17,306.0,0.15172731387762467,24,539.0
845.0,18,372.0,5.723076923076923,6.517403549027484,7,170.0,0.4595008188520904,11,294.0,0.17974676447647528,18,464.0
850.0,17,235.0,3.8524590163934427,6.034157366310632,7,140.0,0.2817384789774952,10,250.0,0.2687822393732459,17,390.0
855.0,24,251.0,4.254237288135593,6.122588187676444,11,120.0,0.25892274985497044,13,228.0,0.31572938318166427,24,348.0
860.0,19,300.0,5.172413793103448,5.964163544963598,8,138.0,0.43036569469027525,11,254.0,0.2580930578176158,19,392.0
865.0,15,333.0,6.66,6.511250739632107,6,137.0,0.4750613200600753,9,245.0,0.2482726081969112,15,382.0
870.0,17,203.0,3.9038461538461537,5.173601019293002,6,109.0,0.3603174582524747,11,191.0,0.10530513858930239,17,300.0
875.0,20,186.0,3.509433962264151,5.358086108904245,10,123.0,0.23999625191578317,10,159.0,0.24319759533664823,20,282.0
880.0,17,205.0,4.1,5.586787386950011,8,139.0,0.3096119175010274,9,181.0,0.38640185274287814,17,320.0
885.0,11,207.0,4.0588235294117645,7.223514973140647,5,126.0,0.49754764216666836,6,178.0,0.42937500831862707,11,304.0
890.0,14,253.0,5.163265306122449,7.1917970562403335,5,139.0,0.4890105763641374,9,172.0,0.3141143758814678,14,311.0
895.0,15,275.0,5.612244897959184,6.795662165835317,4,140.0,0.44290834970126197,11,171.0,0.2506460118099178,15,311.0
900.0,15,232.0,5.043478260869565,6.072648008785181,4,160.0,0.4953421166497544,11,145.0,0.2113282929169965,15,305.0
905.0,21,322.0,7.318181818181818,5.311598430457402,4,183.0,0.49216942523735646,17,181.0,0.2593989138490884,21,364.0
910.0,15,194.0,4.217391304347826,5.809223392392195,3,59.0,0.48332289947230944,12,203.0,0.3594037080868596,15,262.0
915.0,13,200.0,4.25531914893617,6.938471084192092,6,80.0,0.4078866091335762,7,175.0,0.441034645093553,13,255.0
920.0,15,218.0,4.541666666666667,5.657099582227718,8,111.0,0.2352522596052611,7,171.0,0.3501608344129323,15,282.0
925.0,22,303.0,6.183673469387755,5.414085208640347,9,156.0,0.2779181293564572,13,199.0,0.280760263340147,22,355.0
930.0,21,208.0,4.333333333333333,4.239362732752024,6,149.0,0.4083124072445402,15,195.0,0.1788034076654034,21,344.0
935.0,24,277.0,5.770833333333333,4.668690860029131,4,128.0,0.4190940750385503,20,218.0,0.17795239110939026,24,346.0
940.0,23,314.0,6.28,4.4167976865076195,5,147.0,0.360161188732714,18,258.0,0.15009493655292444,23,405.0
945.0,18,289.0,5.254545454545455,5.568663212514614,9,174.0,0.3363633777451242,9,229.0,0.23436965184600153,18,403.0
950.0,19,320.0,5.818181818181818,5.429536356022097,8,184.0,0.25023399809449565,11,261.0,0.33822238464875953,19,445.0
955.0,21,369.0,6.833333333333333,6.055454835941333,5,185.0,0.46921074700122284,16,288.0,0.2512166162576232,21,473.0
960.0,23,299.0,5.6415094339622645,5.059581091892064,7,164.0,0.4308512062365987,16,299.0,0.1393865419303088,23,463.0
965.0,24,356.0,7.12,4.967760554307107,8,205.0,0.3932122908687625,16,269.0,0.12961317511898587,24,474.0
970.0,23,235.0,4.795918367346939,3.5675076867211204,8,108.0,0.3068578044560363,15,283.0,0.06446008354100612,23,391.0
975.0,18,180.0,3.3333333333333335,5.4557377644037,10,108.0,0.29786389037172895,8,216.0,0.2514320069162362,18,324.0
980.0,12,132.0,2.4444444444444446,6.682620080764642,7,111.0,0.2966505124590257,5,161.0,0.4413463260746008,12,272.0
985.0,13,157.0,2.8545454545454545,7.542415106931131,4,77.0,0.5046032328498019,9,186.0,0.38166299147568317,13,263.0
990.0,12,133.0,2.462962962962963,6.2097453416924004,3,55.0,0.4178992359255432,9,187.0,0.244055996424306,12,242.0
995.0,19,194.0,3.660377358490566,6.518183406409195,12,76.0,0.34241700558848637,7,170.0,0.39051323242022845,19,246.0
1000.0,17,172.0,3.372549019607843,5.431224367475212,10,106.0,0.2586169202645828,7,160.0,0.38925893638986203,17,266.0
1005.0,16,200.0,3.9215686274509802,6.117782258844775,6,104.0,0.3728315552331761,10,150.0,0.36149903110550147,16,254.0
1010.0,17,171.0,3.42,4.807396743585147,8,123.0,0.30905401209522093,9,150.0,0.27256722898252905,17,273.0
1015.0,24,249.0,4.69811320754717,5.121460367817634,14,161.0,0.3343414787015027,10,137.0,0.25140150754365037,24,298.0
1020.0,20,249.0,4.527272727272727,5.470187582423707,11,193.0,0.3666849635630951,9,138.0,0.24111448506807845,20,331.0
1025.0,19,312.0,6.117647058823529,6.129073140413754,8,202.0,0.4543768756061369,11,160.0,0.2554003192199387,19,362.0
1030.0,17,239.0,4.596153846153846,5.1693712243185725,8,192.0,0.3226830099221859,9,153.0,0.28060977863592235,17,345.0
1035.0,17,218.0,3.963636363636364,5.820749506083901,14,217.0,0.18916434601191834,3,78.0,0.439971266813209,17,295.0
1040.0,18,237.0,4.3090909090909095,5.736395353537559,14,257.0,0.19001474411119912,4,73.0,0.41917417302235727,18,330.0
1045.0,17,280.0,5.185185185185185,6.8200946497660295,9,273.0,0.32700997166747064,8,92.0,0.37509295872705223,17,365.0
1050.0,15,288.0,5.538461538461538,5.63464809836711,7,277.0,0.30337353214984514,8,116.0,0.19207476749255845,15,393.0
1055.0,21,362.0,6.830188679245283,6.207923907716312,9,289.0,0.4027725352625695,12,158.0,0.18255759330471966,21,447.0
1060.0,15,129.0,2.388888888888889,6.02853763338063,7,185.0,0.3997031429662778,8,125.0,0.2956962602433202,15,310.0
1065.0,15,135.0,2.4107142857142856,6.94528496823727,12,130.0,0.3776743890469794,3,71.0,0.43185507224453856,15,201.0
1070.0,16,143.0,2.508771929824561,6.558765928720153,11,135.0,0.1992239476171256,5,79.0,0.5508444709695038,16,214.0
1075.0,16,146.0,2.56140350877193,6.135485566763043,10,126.0,0.15595229177750208,6,63.0,0.4671172548146259,16,189.0
1080.0,19,179.0,3.5098039215686274,6.024418631200389,10,134.0,0.22574344759356701,9,102.0,0.36951847722963366,19,236.0
1085.0,20,196.0,3.843137254901961,5.509191854984354,11,150.0,0.1981199531829835,9,125.0,0.36003874212230513,20,275.0
1090.0,19,216.0,4.5,5.587568656026598,8,139.0,0.27314283775840675,11,173.0,0.36640550262246935,19,312.0
1095.0,21,222.0,4.933333333333334,4.1051312142584875,11,143.0,0.27645741751893865,10,186.0,0.22588948621314509,21,329.0
1100.0,21,264.0,5.387755102040816,4.970082333290507,8,155.0,0.32511474801212487,13,229.0,0.2610974301165851,21,384.0
1105.0,19,205.0,4.019607843137255,5.763107986027437,8,122.0,0.3718144839701617,11,219.0,0.2391678314880361,19,341.0
1110.0,11,145.0,2.9,7.1587164573252515,6,115.0,0.3902343370799809,5,124.0,0.3658019297205934,11,239.0
1115.0,15,158.0,3.0980392156862746,7.721644694298043,8,97.0,0.326996737763903,7,117.0,0.3878548238464981,15,214.0
1120.0,15,185.0,4.3023255813953485,7.192582100240983,10,111.0,0.33982296398188794,5,122.0,0.4618795257925974,15,233.0
1125.0,14,182.0,4.55,5.870874808915815,9,134.0,0.32577258672077497,5,104.0,0.4608146383163009,14,238.0
1130.0,14,215.0,5.657894736842105,5.242821691042704,8,137.0,0.39061548203115654,6,109.0,0.3196343717495584,14,246.0
1135.0,19,240.0,5.853658536585366,5.105296855782863,9,139.0,0.42146254976895037,10,146.0,0.20293117417001033,19,285.0
1140.0,17,251.0,6.121951219512195,5.335522313170621,11,142.0,0.39714387928242156,6,162.0,0.30386853705776123,17,304.0
1145.0,17,263.0,6.414634146341464,4.456075915209713,12,154.0,0.18313476329785777,5,159.0,0.43609158027307693,17,313.0
1150.0,23,240.0,5.0,5.331195614031759,17,218.0,0.15875613714981518,6,63.0,0.493303653577624,23,281.0
1155.0,22,279.0,5.264150943396227,5.31457777320356,16,266.0,0.21931831648761735,6,84.0,0.4060826631238741,22,350.0
1160.0,19,317.0,5.763636363636364,6.3170945877740605,11,262.0,0.31517604734556753,8,122.0,0.4842702172698436,19,384.0
1165.0,17,217.0,4.018518518518518,5.51039300181041,7,222.0,0.2604199727764248,10,123.0,0.38988277782295405,17,345.0
1170.0,26,233.0,3.9491525423728815,5.286038341368636,12,185.0,0.2891577466279276,14,126.0,0.30496892532911085,26,311.0
1175.0,22,263.0,4.696428571428571,5.40573040437983,9,200.0,0.39743010418441327,13,157.0,0.31063525439284584,22,357.0
1180.0,22,311.0,5.654545454545454,5.766460835843493,10,215.0,0.33715559440377285,12,159.0,0.2937006883511438,22,374.0
1185.0,19,264.0,4.981132075471698,5.293935436461362,8,231.0,0.2381144099981149,11,149.0,0.22462219054342752,19,380.0
1190.0,21,314.0,5.814814814814815,6.117617255134219,12,266.0,0.2124903717034614,9,141.0,0.2864688806674894,21,407.0
1195.0,19,357.0,7.14,5.157309923725362,10,304.0,0.317600692226851,9,161.0,0.21670341155636513,19,465.0
1200.0,20,421.0,8.591836734693878,6.2860345651921765,7,314.0,0.46872704134115206,13,180.0,0.16005796046323803,20,494.0
1205.0,16,262.0,5.574468085106383,5.94446730929366,5,213.0,0.32380850569593156,11,197.0,0.21933908649871336,16,410.0
1210.0,19,241.0,5.020833333333333,6.387349184343615,9,151.0,0.32349138018811713,10,182.0,0.3039164270446532,19,333.0
1215.0,18,272.0,6.044444444444444,5.495549453263546,10,196.0,0.3192109596168333,8,174.0,0.3570630455158921,18,370.0
1220.0,12,240.0,4.8979591836734695,6.24401979640813,6,216.0,0.40922335368331414,6,155.0,0.4375251158199873,12,371.0
1225.0,15,289.0,5.78,6.856917731137694,6,201.0,0.5004204122434507,9,157.0,0.3685938532371401,15,358.0
1230.0,17,341.0,6.433962264150943,6.996202605889405,7,227.0,0.4705208932751317,10,184.0,0.3046657731680815,17,411.0
1235.0,20,402.0,7.882352941176471,6.185229563888243,9,246.0,0.26452307079848436,11,216.0,0.21552509117728216,20,462.0
1240.0,23,459.0,9.18,5.258789987978148,13,299.0,0.13001235817206588,10,216.0,0.2562515856646454,23,515.0
1245.0,25,505.0,10.520833333333334,4.663519964961947,14,342.0,0.20752844686469407,11,214.0,0.2283704129472151,25,556.0
1250.0,19,529.0,11.5,5.4395283464564645,11,361.0,0.3210191052678173,8,233.0,0.37692021117160013,19,594.0
1255.0,18,380.0,7.916666666666667,5.578662228033505,10,238.0,0.2906615645440138,8,243.0,0.4635432152109651,18,481.0
1260.0,18,293.0,5.979591836734694,6.142259293187955,12,205.0,0.31783404544435423,6,153.0,0.4555067203398008,18,358.0
1265.0,17,204.0,4.08,5.636166171924353,10,212.0,0.32257719015371106,7,106.0,0.3814308903826429,17,318.0
1270.0,17,156.0,2.8363636363636364,5.283782320009954,6,125.0,0.3683811729232452,11,142.0,0.2385132251208537,17,267.0
1275.0,21,230.0,3.9655172413793105,6.039070859078437,8,107.0,0.4888354807752548,13,178.0,0.2013846260125428,21,285.0
1280.0,18,212.0,3.533333333333333,6.978298174641186,6,84.0,0.5068777776153096,12,213.0,0.2971867051682371,18,297.0
1285.0,22,255.0,4.396551724137931,6.743550353293142,12,85.0,0.3735335134465302,10,238.0,0.418220335593774,22,323.0
1290.0,23,206.0,3.5517241379310347,4.785516095677857,14,125.0,0.22194811416404256,9,214.0,0.34068277323474766,23,339.0
1295.0,16,170.0,2.982456140350877,5.215912669362225,10,149.0,0.22384212574753068,6,147.0,0.34140725032032826,16,296.0
1300.0,16,175.0,2.9661016949152543,5.388103375631549,10,169.0,0.23043527860732013,6,158.0,0.303149282242393,16,327.0
1305.0,28,279.0,4.428571428571429,5.231081912306071,14,194.0,0.2809440445814204,14,207.0,0.1752687222744842,28,401.0
1310.0,25,296.0,4.933333333333334,5.294979972636879,14,241.0,0.29916997746202123,11,184.0,0.3178704471469204,25,425.0
1315.0,23,353.0,6.192982456140351,5.615642542057113,13,278.0,0.2841089948383515,10,183.0,0.42028765997467077,23,461.0
1320.0,26,280.0,4.666666666666667,4.634964932997518,18,271.0,0.22266383523839767,8,156.0,0.4112305322626965,26,427.0
1325.0,22,304.0,4.903225806451613,5.171544487199045,17,295.0,0.20946422191353645,5,98.0,0.40281884157784,22,393.0
1330.0,24,315.0,5.0,5.871333090590147,17,317.0,0.2061439687390002,7,109.0,0.4861126220776487,24,426.0
1335.0,17,177.0,2.765625,6.22802236225052,10,251.0,0.28333064963826177,7,97.0,0.3556721906329344,17,348.0
1340.0,24,236.0,3.8688524590163933,5.5432577160833825,10,274.0,0.3207313466704844,14,148.0,0.15064003384181496,24,422.0
1345.0,27,275.0,4.435483870967742,4.763850944590165,14,291.0,0.24975704978660895,13,199.0,0.1556583887926225,27,490.0
1350.0,21,324.0,5.311475409836065,5.229095958369408,12,297.0,0.20270797615548683,9,205.0,0.35972643906603996,21,502.0
1355.0,18,281.0,4.762711864406779,6.338803442358243,12,249.0,0.25284373464159293,6,161.0,0.46842814976130354,18,410.0
1360.0,17,225.0,4.090909090909091,6.606871221469287,10,223.0,0.2795119580291367,7,138.0,0.4136502337963358,17,361.0
1365.0,21,244.0,4.518518518518518,5.281590809204592,13,206.0,0.22586490089746072,8,150.0,0.2641471227636006,21,356.0
1370.0,24,278.0,5.148148148148148,5.355458868077203,14,231.0,0.27806532160694303,10,187.0,0.279185575869269,24,418.0
1375.0,23,339.0,6.39622641509434,5.418579334725428,15,264.0,0.2446911476323628,8,200.0,0.35827441088292994,23,464.0
1380.0,21,353.0,6.660377358490566,5.798290275869432,13,281.0,0.21301999281245057,8,192.0,0.4317177953874009,21,473.0
1385.0,15,318.0,6.115384615384615,6.141216570668165,8,243.0,0.27354372883171124,7,181.0,0.36031588135872034,15,424.0
1390.0,19,330.0,6.346153846153846,5.934512269279125,8,200.0,0.3330268871474806,11,209.0,0.2670111880554377,19,409.0
1395.0,16,290.0,6.041666666666667,6.550638142248334,7,143.0,0.4635942994405193,9,234.0,0.357972749729039,16,377.0
1400.0,17,314.0,6.541666666666667,5.856501145170377,6,131.0,0.49006488045650853,11,279.0,0.2763375491357094,17,410.0
1405.0,18,331.0,7.195652173913044,5.582214941023374,8,149.0,0.47104417738608134,10,287.0,0.26376092448953337,18,436.0
1410.0,17,372.0,7.591836734693878,5.596110608940697,8,150.0,0.3125313843999313,9,273.0,0.31031358039134643,17,423.0
1415.0,19,239.0,4.596153846153846,5.978310698511832,12,165.0,0.22992097935586214,7,137.0,0.39777908589593647,19,302.0
1420.0,21,252.0,4.754716981132075,5.444262659766275,12,167.0,0.2392155879371634,9,134.0,0.331221670561784,21,301.0
1425.0,25,251.0,4.5636363636363635,5.402616930327675,15,186.0,0.23910353978203808,10,131.0,0.4070621038084549,25,317.0
1430.0,18,195.0,3.6792452830188678,5.831387561910597,12,190.0,0.28739522984324956,6,116.0,0.43859182584017264,18,306.0
1435.0,20,189.0,3.5660377358490565,5.814882411078,10,169.0,0.40794870717463516,10,124.0,0.2914104334395299,20,293.0
1440.0,14,164.0,2.981818181818182,5.5519701042837575,9,183.0,0.18753501306127623,5,106.0,0.36868989563411414,14,289.0
1445.0,18,226.0,4.346153846153846,6.326493840609735,12,209.0,0.16181641605315808,6,101.0,0.43652649974148616,18,310.0
1450.0,23,283.0,5.1454545454545455,5.956838123107159,13,234.0,0.23364585895274453,10,136.0,0.3326923721582722,23,370.0
1455.0,19,203.0,3.980392156862745,5.908872900362768,8,245.0,0.3419891366584377,11,152.0,0.36284237545297215,19,397.0
1460.0,20,267.0,5.34,5.201538780112924,8,220.0,0.3456950899979436,12,154.0,0.3458975877561118,20,374.0
1465.0,21,227.0,4.283018867924528,4.506814591472438,9,208.0,0.34830346326756423,12,175.0,0.2931731305568321,21,383.0
1470.0,17,236.0,4.37037037037037,5.900937484413496,9,179.0,0.361356484217234,8,156.0,0.3503665740362039,17,335.0
1475.0,16,180.0,3.103448275862069,5.553545745918399,9,184.0,0.27946592504379,7,116.0,0.2833667308654349,16,300.0
1480.0,23,250.0,4.098360655737705,6.069739744530744,10,180.0,0.35230024747092137,13,119.0,0.28566165858779596,23,299.0
1485.0,23,210.0,3.442622950819672,5.608066996391514,10,123.0,0.41066086217113157,13,155.0,0.29159553746233235,23,278.0
1490.0,19,268.0,4.39344262295082,6.185823333323685,12,152.0,0.3766653903696163,7,159.0,0.39911604605408935,19,311.0
1495.0,19,187.0,3.0655737704918034,5.816701898851279,13,180.0,0.3465226944741853,6,122.0,0.30004047412278084,19,302.0
1500.0,22,223.0,3.716666666666667,5.58611199960294,11,169.0,0.3037913020607294,11,115.0,0.2595322448494146,22,284.0
1505.0,25,215.0,3.467741935483871,4.671953360152439,13,172.0,0.2709078962748812,12,129.0,0.18988186180628447,25,301.0
1510.0,28,279.0,4.428571428571429,5.865553299177679,15,196.0,0.33560181455470645,13,168.0,0.328432650223918,28,364.0
1515.0,23,304.0,5.066666666666666,5.4982114184123585,14,245.0,0.2775073249441127,9,181.0,0.4373139808138896,23,426.0
1520.0,16,291.0,5.017241379310345,5.270939895512959,12,266.0,0.23497408598415676,4,147.0,0.28853641245726774,16,413.0
1525.0,20,279.0,4.982142857142857,4.81810408977042,13,300.0,0.2119587885612711,7,87.0,0.17307729806573185,20,387.0
1530.0,25,371.0,6.508771929824562,5.3637624142530935,16,336.0,0.2123247987775244,9,103.0,0.240079414820928,25,439.0
1535.0,22,367.0,7.0576923076923075,4.894336780798134,16,350.0,0.26072383939756527,6,107.0,0.30725847708398263,22,457.0
1540.0,23,423.0,7.553571428571429,6.203443178392113,16,379.0,0.30962274218877833,7,105.0,0.40339046492120695,23,484.0
1545.0,20,394.0,6.912280701754386,5.603386328057108,15,403.0,0.20907872086326876,5,90.0,0.5130774159590521,20,493.0
1550.0,17,393.0,6.894736842105263,6.631697901932138,13,411.0,0.3004901981083556,4,74.0,0.600794850607356,17,485.0
1555.0,20,291.0,5.017241379310345,4.922984669651628,13,344.0,0.2670171021377471,7,104.0,0.27568241954458844,20,448.0
1560.0,29,304.0,5.1525423728813555,5.1352986194652654,16,271.0,0.31918412484276154,13,160.0,0.18926971099721634,29,431.0
1565.0,26,335.0,5.491803278688525,4.6799211431947425,15,294.0,0.2783476075628219,11,196.0,0.2332861378879772,26,490.0
1570.0,28,438.0,7.423728813559322,5.192434475268529,21,372.0,0.19308826872931867,7,190.0,0.44587941708598144,28,562.0
1575.0,26,375.0,6.25,4.870919585295454,20,422.0,0.14084390869387292,6,110.0,0.44912767282278854,26,532.0
1580.0,23,388.0,6.258064516129032,6.116638989391217,17,401.0,0.22984426613547385,6,101.0,0.48469698826731966,23,502.0
1585.0,20,259.0,4.316666666666666,5.496484033668479,13,356.0,0.2816027910128205,7,75.0,0.3656150814671491,20,431.0
1590.0,24,246.0,4.241379310344827,5.033311571534545,13,332.0,0.271164055378106,11,92.0,0.29162939023276746,24,424.0
1595.0,24,252.0,4.271186440677966,4.323870801549219,15,334.0,0.2105967651858008,9,105.0,0.2998714573422392,24,439.0
1600.0,27,241.0,4.084745762711864,4.502183047913918,18,350.0,0.16560424412785815,9,104.0,0.3554285303358587,27,454.0
1605.0,30,303.0,5.135593220338983,4.0837826017794026,22,409.0,0.182929912265419,8,99.0,0.3582864432438006,30,508.0
1610.0,32,412.0,6.4375,4.679004352506642,21,442.0,0.2265249313671438,11,124.0,0.33261580859014606,32,566.0
1615.0,27,387.0,5.776119402985074,4.947985993525033,18,466.0,0.25154744236037413,9,132.0,0.38878305819360787,27,598.0
1620.0,24,331.0,5.171875,5.494379343477723,14,434.0,0.2901512092547802,10,148.0,0.37347445425782005,24,582.0
1625.0,25,252.0,4.064516129032258,4.6857801948407865,13,396.0,0.2523108457351579,12,163.0,0.27635115880750044,25,559.0
1630.0,28,308.0,4.888888888888889,4.503803225643989,19,411.0,0.11117039065263364,9,145.0,0.2826424714861402,28,556.0
1635.0,29,326.0,5.52542372881356,4.306405938410886,20,455.0,0.0856651252476017,9,108.0,0.34407676147018157,29,563.0
1640.0,26,421.0,6.790322580645161,5.530063872835104,15,460.0,0.2107276330053783,11,119.0,0.348887441754552,26,579.0
1645.0,24,358.0,5.868852459016393,4.9310773584858705,14,423.0,0.2658067490376758,10,141.0,0.25111645417151435,24,564.0
1650.0,23,389.0,6.274193548387097,6.346755078439608,10,338.0,0.3791460408518095,13,179.0,0.3598019910637031,23,517.0
1655.0,19,292.0,4.634920634920635,5.80021306912163,9,302.0,0.3826723337582992,10,200.0,0.3644515165024474,19,502.0
1660.0,17,214.0,3.292307692307692,6.078137021350161,10,197.0,0.36265939744430564,7,176.0,0.3504488348321162,17,373.0
1665.0,24,280.0,4.375,5.6555797883805345,16,232.0,0.30305347849997544,8,186.0,0.3208732154928457,24,418.0
1670.0,27,381.0,5.861538461538461,5.459216376785487,15,273.0,0.2965686353378759,12,231.0,0.29136748253172295,27,504.0
1675.0,24,257.0,4.079365079365079,3.949075510001822,16,283.0,0.2116678567778002,8,172.0,0.2991795246408327,24,455.0
1680.0,31,374.0,5.5,4.804138260557873,17,317.0,0.24307649874248166,14,176.0,0.3148261440827802,31,493.0
1685.0,27,387.0,5.6911764705882355,5.151116406618365,17,339.0,0.26860841611998626,10,184.0,0.40433063381986717,27,523.0
1690.0,26,416.0,5.859154929577465,5.617292491596142,19,377.0,0.25896082446504504,7,154.0,0.39941294962618407,26,531.0
1695.0,25,335.0,4.926470588235294,4.800575600801611,17,361.0,0.20159382152325772,8,159.0,0.3264809688158963,25,520.0
1700.0,23,291.0,4.098591549295775,5.555056870965225,13,302.0,0.2637287175770092,10,165.0,0.2986488931912062,23,467.0
1705.0,23,260.0,3.7142857142857144,5.078252770505549,11,311.0,0.2826170281987872,12,150.0,0.21806265659355778,23,461.0
1710.0,32,301.0,4.426470588235294,5.140994431038607,16,327.0,0.32320197596620664,16,209.0,0.24567880249416202,32,536.0
1715.0,30,346.0,5.0144927536231885,4.302064302482316,16,370.0,0.2858683393949166,14,232.0,0.26888492873015984,30,602.0
1720.0,25,353.0,5.042857142857143,5.104962363155277,18,425.0,0.27518582746770215,7,191.0,0.36125059182449004,25,616.0
1725.0,31,391.0,5.430555555555555,4.441968898980715,23,457.0,0.14343434819100842,8,203.0,0.36126029733248083,31,660.0
1730.0,34,444.0,6.082191780821918,4.369619478550071,17,437.0,0.1507283003174469,17,252.0,0.2619016776279776,34,689.0
1735.0,32,324.0,4.628571428571429,4.0775246188973915,15,394.0,0.20603221488609397,17,273.0,0.2282516123667309,32,667.0
1740.0,36,386.0,5.514285714285714,4.177933760183617,18,362.0,0.2233847283410101,18,290.0,0.2677654941755316,36,652.0
1745.0,36,458.0,6.450704225352113,3.979262142499737,19,403.0,0.255897144433287,17,314.0,0.2147301850328999,36,717.0
1750.0,25,409.0,5.76056338028169,4.842586221635624,14,418.0,0.29243802634759886,11,270.0,0.18719465194200408,25,688.0
1755.0,24,347.0,4.6891891891891895,4.804867720059077,15,430.0,0.23277091463946525,9,253.0,0.21092152326124533,24,683.0
1760.0,34,427.0,5.8493150684931505,5.058347064451053,20,461.0,0.23545948557414237,14,251.0,0.2673418731537807,34,712.0
1765.0,34,469.0,6.7,5.153899936914826,21,490.0,0.2996636913458595,13,257.0,0.3553847580461085,34,747.0
1770.0,23,364.0,5.352941176470588,4.7224187010512075,17,448.0,0.1812591880327063,6,212.0,0.3499955669141472,23,660.0
1775.0,27,330.0,4.925373134328358,4.345492822693868,19,470.0,0.11456458736467635,8,202.0,0.36613191736583406,27,672.0
1780.0,36,449.0,6.701492537313433,4.177904692645312,21,518.0,0.10216468563700627,15,213.0,0.26909433642479497,36,731.0
1785.0,37,494.0,7.159420289855072,3.961214245042443,20,545.0,0.1597632090753476,17,259.0,0.24298253524641575,37,804.0
1790.0,24,375.0,5.597014925373134,4.393428595826585,11,486.0,0.2136119415949673,13,267.0,0.2127832668715333,24,753.0
1795.0,20,344.0,5.212121212121212,4.856785390282647,9,455.0,0.17141752322107215,11,284.0,0.274571082759971,20,739.0
1800.0,26,388.0,5.878787878787879,5.105716390868452,12,397.0,0.21058915749893473,14,295.0,0.23403380380885339,26,692.0
1805.0,31,472.0,7.492063492063492,4.384426534760491,14,390.0,0.18278770308736708,17,347.0,0.22252859589333276,31,737.0
1810.0,20,482.0,7.901639344262295,5.219245053790958,9,324.0,0.2559362957674045,11,356.0,0.20845438194543117,20,680.0
1815.0,19,375.0,6.147540983606557,4.886274899279161,8,324.0,0.32768792273522446,11,268.0,0.12368682635982792,19,592.0
1820.0,27,365.0,5.887096774193548,5.426902741094649,12,333.0,0.30024902025637107,15,257.0,0.23469370212728893,27,590.0
1825.0,25,431.0,7.065573770491803,4.610748724512683,12,345.0,0.23825879115713375,13,290.0,0.2625837462188153,25,635.0
1830.0,21,461.0,7.813559322033898,5.4889274380988065,10,326.0,0.30240904405472024,11,280.0,0.280287548713666,21,606.0
1835.0,23,361.0,5.918032786885246,5.176797193648545,11,237.0,0.1910877516193273,12,297.0,0.2714689108703038,23,534.0
1840.0,28,388.0,6.258064516129032,5.381791239725602,12,175.0,0.28928540489353016,16,307.0,0.25194239421109,28,482.0
1845.0,26,388.0,6.689655172413793,4.490973992614124,10,199.0,0.3253033359073473,16,326.0,0.2468252435900244,26,525.0
1850.0,28,429.0,7.032786885245901,5.078762982748386,12,211.0,0.4117342274861998,16,317.0,0.18052401184170333,28,528.0
1855.0,22,373.0,5.920634920634921,4.6076188581234145,9,186.0,0.3685174807806522,13,335.0,0.13238226339040302,22,521.0
1860.0,22,387.0,5.863636363636363,6.368941863747222,12,203.0,0.3781798406436073,10,315.0,0.33742678429978207,22,518.0
1865.0,23,383.0,5.803030303030303,5.711539121203921,12,200.0,0.35719898060730354,11,341.0,0.31435913179432945,23,541.0
1870.0,30,448.0,7.0,4.882109596217502,15,215.0,0.26458715812972633,15,386.0,0.28878170619627475,30,601.0
1875.0,34,550.0,8.59375,3.7062016372340043,17,278.0,0.19053401778096296,17,429.0,0.25642919759089094,34,707.0
1880.0,28,652.0,10.516129032258064,4.463461950980145,16,340.0,0.17939739664057372,12,439.0,0.34130292074758295,28,779.0
1885.0,28,414.0,6.571428571428571,4.214986753721626,15,363.0,0.12629952716571313,13,345.0,0.31127445616594557,28,708.0
1890.0,27,425.0,6.4393939393939394,5.258941575376335,10,322.0,0.3003493354464255,17,266.0,0.2565419078046289,27,588.0
1895.0,29,417.0,6.132352941176471,4.8970306395449015,10,287.0,0.3545020018765308,19,326.0,0.1830580313973708,29,613.0
1900.0,24,450.0,6.818181818181818,5.8114903030057965,11,253.0,0.33125214326976354,13,363.0,0.27307983508694816,24,616.0
1905.0,23,421.0,6.378787878787879,4.962512369823477,11,255.0,0.1813729056094135,12,348.0,0.3338062900764734,23,603.0
1910.0,25,405.0,6.428571428571429,5.33317617136878,9,262.0,0.2785076656629626,16,321.0,0.3150865939217249,25,583.0
1915.0,24,271.0,4.370967741935484,4.769675027367591,7,210.0,0.34132760972336307,17,327.0,0.22427018327086054,24,537.0
1920.0,25,345.0,5.564516129032258,5.41664392723358,7,171.0,0.3461742550066064,18,328.0,0.25886196214638335,25,499.0
1925.0,32,382.0,5.96875,4.307235750034116,14,218.0,0.25789099049823483,18,365.0,0.25355712711371176,32,583.0
1930.0,29,394.0,6.15625,4.751504736534247,10,197.0,0.39893988731675756,19,384.0,0.20368569938793887,29,581.0
1935.0,33,481.0,7.634920634920635,4.3223396617083445,11,217.0,0.4437988886618756,22,428.0,0.20325682140148638,33,645.0
1940.0,32,537.0,8.136363636363637,4.013187577847296,11,234.0,0.2522916601234938,21,442.0,0.24277524887519827,32,676.0
1945.0,27,471.0,6.728571428571429,4.303227808071497,8,212.0,0.2598830579496867,19,459.0,0.22401226277667477,27,671.0
1950.0,21,345.0,4.791666666666667,5.665725816685318,6,215.0,0.38664609297701136,15,385.0,0.21124170026340766,21,600.0
1955.0,13,212.0,3.0285714285714285,6.375239137991488,4,121.0,0.37976990155449897,9,361.0,0.3059115524224337,13,482.0
1960.0,25,286.0,4.144927536231884,5.315483567226074,11,97.0,0.26713963129758694,14,389.0,0.225980904537545,25,486.0
1965.0,33,387.0,5.953846153846154,4.519537747554485,15,141.0,0.33658455225825945,18,405.0,0.23041428840056136,33,546.0
1970.0,20,415.0,7.033898305084746,4.936571894888916,6,143.0,0.38363894243532526,14,393.0,0.16966713070777273,20,536.0
1975.0,20,290.0,4.67741935483871,4.488378686907043,6,113.0,0.30269956093303824,14,359.0,0.11659952559995834,20,472.0
1980.0,26,213.0,3.276923076923077,4.718741179692304,11,118.0,0.19972867891243093,15,317.0,0.1474102232474391,26,435.0
1985.0,30,293.0,4.80327868852459,4.329825028972786,14,154.0,0.2922231252948584,16,356.0,0.19918622257658938,30,510.0
1990.0,18,298.0,5.0508474576271185,5.395800624986757,7,144.0,0.3397288062609522,11,354.0,0.216866853189952,18,498.0
1995.0,18,230.0,4.035087719298246,4.676573848195499,7,118.0,0.2625841990107759,11,370.0,0.17450567015962135,18,488.0
2000.0,26,331.0,5.426229508196721,5.337209459398005,12,133.0,0.25491847204674783,14,390.0,0.19015680983976627,26,523.0
2005.0,25,296.0,5.103448275862069,5.386315262817724,12,167.0,0.3267028213814242,13,356.0,0.24615437559916134,25,523.0
2010.0,21,320.0,5.423728813559322,6.064319536052114,7,163.0,0.4133023716359213,14,331.0,0.24091757769048402,21,494.0
2015.0,18,249.0,4.368421052631579,5.3698378116090035,7,119.0,0.38360314200250634,11,341.0,0.24380527811110608,18,460.0
2020.0,18,210.0,3.75,5.673878817936392,12,109.0,0.2598169474712678,6,297.0,0.3253289962376556,18,406.0
2025.0,22,202.0,3.672727272727273,4.775950654133427,15,152.0,0.13856022236167273,7,216.0,0.37548443670023124,22,368.0
2030.0,20,155.0,2.719298245614035,5.229717847199661,11,168.0,0.23630199765201268,9,116.0,0.2672273230442169,20,284.0
2035.0,19,187.0,3.4,5.442366644279225,8,184.0,0.386071428058369,11,136.0,0.25073256638198743,19,320.0
2040.0,18,215.0,3.8392857142857144,5.962667017848565,11,199.0,0.23927597526172878,7,144.0,0.42314241150856446,18,343.0
2045.0,20,224.0,4.148148148148148,5.15923455119434,13,231.0,0.14347036789904077,7,125.0,0.38443786901344174,20,356.0
2050.0,21,271.0,4.839285714285714,6.013718854094601,11,235.0,0.17227930909825306,10,143.0,0.36278838739487396,21,378.0
2055.0,16,225.0,4.411764705882353,5.019436122156151,9,192.0,0.2715632666410331,7,161.0,0.22907301933566412,16,353.0
2060.0,22,315.0,6.3,6.188654008508305,11,221.0,0.3045231501751466,11,185.0,0.26893906044004606,22,406.0
2065.0,15,252.0,5.361702127659575,5.7299413829415995,7,234.0,0.293299913921197,8,159.0,0.3420314290383311,15,393.0
2070.0,19,321.0,6.6875,6.192724062540724,9,244.0,0.29942597301400253,10,165.0,0.3507644733783965,19,409.0
2075.0,15,215.0,4.777777777777778,5.611551134070257,7,168.0,0.39994447169642,8,179.0,0.2238161447531775,15,347.0
2080.0,18,274.0,5.829787234042553,6.554513503628415,8,176.0,0.503095371594267,10,178.0,0.17806059960900436,18,354.0
2085.0,17,232.0,4.9361702127659575,5.318539283642903,8,163.0,0.2832056566500948,9,199.0,0.2728366820621121,17,362.0
2090.0,16,233.0,4.755102040816326,6.79075088520955,11,126.0,0.30312537925125127,5,183.0,0.4545992035475879,16,309.0
2095.0,15,144.0,3.130434782608696,5.720880215221497,10,135.0,0.23798675578691192,5,111.0,0.44686510639978,15,246.0
2100.0,22,231.0,4.62,5.961223707152228,12,162.0,0.2658330994138097,10,112.0,0.3881861357387627,22,274.0
2105.0,22,244.0,4.88,5.207557726531932,11,165.0,0.35894469530757794,11,161.0,0.18620741403802715,22,326.0
2110.0,15,198.0,4.040816326530612,5.751140995293526,5,114.0,0.4152793082520538,10,177.0,0.21419579794330285,15,291.0
2115.0,13,244.0,5.191489361702128,7.0160273938713,6,95.0,0.3373709177389142,7,167.0,0.3752519465789263,13,262.0
2120.0,13,132.0,2.693877551020408,6.353378386159682,7,90.0,0.15516179888800452,6,126.0,0.2962957574325593,13,216.0
2125.0,12,187.0,4.25,7.853438262075448,5,100.0,0.3953946510350425,7,110.0,0.39030849777435694,12,210.0
2130.0,11,157.0,3.488888888888889,7.249986724172702,4,83.0,0.5164148048444853,7,122.0,0.27095654798246177,11,205.0
2135.0,12,212.0,5.3,8.214283693286237,5,78.0,0.612290819311426,7,159.0,0.4306580214026237,12,237.0
2140.0,11,171.0,4.5,5.610276767131732,7,107.0,0.35593249297159846,4,115.0,0.4260698280924135,11,222.0
2145.0,13,132.0,3.473684210526316,6.245947674480321,8,90.0,0.36091306694603564,5,78.0,0.5266323463834921,13,168.0
2150.0,16,187.0,4.921052631578948,4.893477570809482,9,120.0,0.260716910746253,7,100.0,0.3766395556218655,16,220.0
2155.0,18,198.0,4.604651162790698,4.911201773473123,8,113.0,0.315290084518895,10,148.0,0.29169942957751144,18,261.0
2160.0,12,194.0,4.127659574468085,6.031841545101445,3,72.0,0.503672882092498,9,180.0,0.26942568744988593,12,252.0
2165.0,15,225.0,4.591836734693878,7.18035011957029,4,42.0,0.6041315084796091,11,218.0,0.300964837607819,15,260.0
2170.0,14,150.0,3.0,6.489504837232118,7,66.0,0.389450727365044,7,187.0,0.40523623070057885,14,253.0
2175.0,14,133.0,2.5576923076923075,6.6072495690335,10,91.0,0.3222046285671383,4,107.0,0.4966959041129082,14,198.0
2180.0,16,143.0,2.803921568627451,6.032208175559995,10,126.0,0.18425012382183384,6,101.0,0.5008902827499149,16,227.0
2185.0,20,162.0,3.0,5.834152944047511,10,139.0,0.23956626837853132,10,103.0,0.464424038173953,20,242.0
2190.0,18,161.0,2.9814814814814814,6.1873548083078,6,106.0,0.45541545029648467,12,135.0,0.36065566506162106,18,241.0
2195.0,21,182.0,3.25,5.17171077661325,6,93.0,0.47223368940955235,15,181.0,0.16803791597320775,21,274.0
2200.0,19,191.0,3.3508771929824563,4.8839087762547,6,97.0,0.38956512671499377,13,214.0,0.23473164650838055,19,311.0
2205.0,24,276.0,4.842105263157895,5.751395048307898,10,124.0,0.39918038574214737,14,246.0,0.3491445712360122,24,370.0
2210.0,18,229.0,4.163636363636364,4.977669762926242,7,117.0,0.3519414999366535,11,239.0,0.33553188244968235,18,356.0
2215.0,18,191.0,3.4727272727272727,5.723543882664553,8,91.0,0.3637559566997853,10,175.0,0.2448845883246728,18,266.0
2220.0,16,194.0,3.5272727272727273,5.533182834443811,7,115.0,0.32735077618778846,9,176.0,0.14585585488191255,16,291.0
2225.0,21,272.0,5.132075471698113,5.509070500023135,9,139.0,0.27710762614303064,12,206.0,0.13602184858567645,21,345.0
2230.0,20,263.0,5.1568627450980395,5.052801484606522,11,147.0,0.2999980674211809,9,216.0,0.2029346673537606,20,363.0
2235.0,19,335.0,6.836734693877551,6.010068190577333,10,169.0,0.2687169745815602,9,215.0,0.4056033679385244,19,384.0
2240.0,20,343.0,7.0,5.15101286532325,12,207.0,0.17447274630652457,8,214.0,0.40810910478906137,20,421.0
2245.0,23,341.0,6.314814814814815,5.2263212010440405,14,279.0,0.24652200446658762,9,173.0,0.3291273977211358,23,452.0
2250.0,19,313.0,5.589285714285714,5.218449089056875,11,279.0,0.30977411174198793,8,189.0,0.4044398151742535,19,468.0
2255.0,15,251.0,4.648148148148148,6.380926950145277,7,207.0,0.3847162830361691,8,204.0,0.4415598322750058,15,411.0
2260.0,17,184.0,3.4074074074074074,5.921861683577357,8,228.0,0.3401450682935666,9,168.0,0.3539615460507534,17,396.0
2265.0,24,260.0,4.56140350877193,5.601085912345439,12,251.0,0.30904647857956163,12,166.0,0.2656689508270348,24,417.0
2270.0,29,351.0,6.267857142857143,4.703342001673382,15,317.0,0.33660913817618876,14,175.0,0.22692752362204258,29,492.0
2275.0,27,379.0,6.767857142857143,4.3238988728300045,13,311.0,0.3079791584531624,14,175.0,0.27663376888873137,27,486.0
2280.0,24,389.0,6.483333333333333,4.5851488042596875,10,278.0,0.36395437155298177,14,203.0,0.2285513723599099,24,481.0
2285.0,17,258.0,4.161290322580645,5.596837459451581,8,170.0,0.3447940572642229,9,196.0,0.3005117579321806,17,366.0
2290.0,23,309.0,4.753846153846154,5.567948566875706,14,212.0,0.19336561143767206,9,207.0,0.3232491888451674,23,419.0
2295.0,30,402.0,6.184615384615385,5.0609177862418715,15,262.0,0.18284016531158337,15,234.0,0.2651276069972639,30,496.0
2300.0,24,449.0,7.241935483870968,5.820595802769137,10,277.0,0.21488406786942518,14,264.0,0.31957471059129616,24,541.0
2305.0,19,436.0,7.147540983606557,5.570119140583837,9,274.0,0.1775070768506906,10,271.0,0.2828513763522323,19,545.0
2310.0,25,452.0,7.533333333333333,5.439936817759758,15,304.0,0.2036256500648237,10,270.0,0.27868359711423213,25,574.0
2315.0,23,311.0,5.183333333333334,5.720323731180222,12,261.0,0.3665116716155193,11,234.0,0.27725691318250834,23,495.0
2320.0,23,352.0,6.068965517241379,5.344252920805972,12,212.0,0.44768981749202297,11,268.0,0.25988395424033556,23,480.0
2325.0,23,383.0,6.383333333333334,4.889754428912643,11,220.0,0.33343321781108465,12,307.0,0.3107327744704724,23,527.0
2330.0,20,336.0,5.508196721311475,5.858712976704768,10,182.0,0.3612164220676367,10,313.0,0.32930084951823246,20,495.0
2335.0,22,390.0,6.190476190476191,5.551138515663379,12,217.0,0.2652606035240471,10,319.0,0.3299398948891933,22,536.0
2340.0,29,482.0,7.415384615384616,5.415071649823884,17,278.0,0.2586515326421547,12,334.0,0.28854778550655985,29,612.0
2345.0,26,439.0,7.080645161290323,5.376426672001938,16,274.0,0.239108791182899,10,333.0,0.3250404364882836,26,607.0
2350.0,29,344.0,5.639344262295082,4.835841004478704,19,271.0,0.251004275095818,10,268.0,0.2686261230727808,29,539.0
2355.0,27,349.0,5.453125,4.699428684739369,16,283.0,0.23785037602782524,11,182.0,0.31345702181957175,27,465.0
2360.0,23,291.0,4.770491803278689,5.127838604075422,13,265.0,0.320826329181118,10,184.0,0.27697936137407386,23,449.0
2365.0,20,264.0,4.190476190476191,5.299635513502668,12,275.0,0.30866399110755016,8,134.0,0.2619427738590935,20,409.0
2370.0,20,259.0,3.9242424242424243,5.1501971034204175,14,296.0,0.24749476120758207,6,110.0,0.30879042365024634,20,406.0
2375.0,27,254.0,3.6285714285714286,5.6552347074645875,17,327.0,0.29604023010244485,10,114.0,0.39993334502290795,27,441.0
2380.0,29,302.0,4.4411764705882355,5.33414975412331,20,333.0,0.28523994666409014,9,128.0,0.44571042914436515,29,461.0
2385.0,30,377.0,5.712121212121212,3.9649086549927137,19,366.0,0.1895673171011111,11,173.0,0.3742272490268587,30,539.0
2390.0,35,450.0,6.7164179104477615,3.3448758206469598,24,426.0,0.14923252188453295,11,197.0,0.2697399400621897,35,623.0
2395.0,35,490.0,7.424242424242424,3.757031018287892,22,470.0,0.1181677739899224,13,206.0,0.24657747515599637,35,676.0
2400.0,29,371.0,5.537313432835821,4.372503396273801,19,436.0,0.13537067347539788,10,171.0,0.17642628742108873,29,607.0
2405.0,25,458.0,7.046153846153846,5.742383789508756,16,440.0,0.2550063800949805,9,159.0,0.19704577918195285,25,599.0
2410.0,24,432.0,7.2,5.530688356021841,16,450.0,0.207199916622311,8,142.0,0.31623150095361935,24,592.0
2415.0,23,363.0,6.258620689655173,5.24543064022187,16,442.0,0.18723052180659058,7,124.0,0.38437242057567783,23,566.0
2420.0,22,312.0,5.672727272727273,5.156656910774156,16,449.0,0.2411170676582674,6,103.0,0.4105599246233083,22,552.0
2425.0,24,365.0,6.636363636363637,5.057134274440491,15,472.0,0.26187337585519993,9,116.0,0.4175458725732811,24,588.0
2430.0,28,384.0,6.620689655172414,4.044103038907981,20,512.0,0.1978300159905273,8,116.0,0.35246646751985816,28,628.0
2435.0,25,422.0,6.918032786885246,4.89888044246906,17,548.0,0.21874387911146906,8,119.0,0.39351192272789354,25,667.0
2440.0,21,317.0,5.19672131147541,5.581416676914532,14,517.0,0.2308731164270604,7,102.0,0.40551956374708675,21,619.0
2445.0,20,389.0,5.984615384615385,5.854433881210997,11,494.0,0.318552686366258,9,112.0,0.24087887851092912,20,606.0
2450.0,24,414.0,6.571428571428571,5.438908457344223,12,488.0,0.29409047518881154,12,146.0,0.2143498293804567,24,634.0
2455.0,19,408.0,6.688524590163935,6.061538391826419,13,434.0,0.24564283419569757,6,164.0,0.3519144319320374,19,598.0
2460.0,21,272.0,4.533333333333333,5.354129671363645,15,410.0,0.10816246204890037,6,150.0,0.434463837486496,21,560.0
2465.0,24,233.0,4.087719298245614,5.752527205763059,16,345.0,0.1954989330032172,8,115.0,0.4527068661639822,24,460.0
2470.0,23,247.0,4.333333333333333,5.27092271906427,13,365.0,0.2741445561035989,10,132.0,0.3824502466824098,23,497.0
2475.0,18,236.0,4.068965517241379,6.076268928587209,11,330.0,0.35373938113616127,7,132.0,0.2870090272232225,18,462.0
2480.0,17,175.0,3.0172413793103448,5.308012511849461,10,316.0,0.25824286546352754,7,128.0,0.24723260787843584,17,444.0
2485.0,23,245.0,4.1525423728813555,6.653624911302238,12,325.0,0.34037606754785504,11,155.0,0.36159195217419604,23,480.0
2490.0,22,282.0,5.127272727272727,5.131294418875252,12,330.0,0.2500062537780237,10,145.0,0.35285321040050593,22,475.0
2495.0,21,347.0,6.3090909090909095,6.211988355968544,11,330.0,0.2812736362759193,10,171.0,0.41631559151700454,21,501.0
2500.0,21,296.0,5.192982456140351,4.928620410043395,11,289.0,0.2610091839814505,10,178.0,0.23918893055144083,21,467.0
2505.0,21,322.0,5.4576271186440675,5.962797854556339,13,212.0,0.25412973626699886,8,162.0,0.33569133719500405,21,374.0
2510.0,23,289.0,5.160714285714286,5.691997437990425,15,209.0,0.24280801155905313,8,166.0,0.3598773175612521,23,375.0
2515.0,27,401.0,6.796610169491525,5.4215891544349155,15,242.0,0.24919969580809762,12,204.0,0.2834020497362818,27,446.0
2520.0,23,427.0,7.907407407407407,5.076682626963764,13,266.0,0.305559613911084,10,234.0,0.2914567957673027,23,500.0
2525.0,17,414.0,7.666666666666667,5.847735280852322,9,237.0,0.3065225997377194,8,250.0,0.23576543281409984,17,487.0
2530.0,16,277.0,4.946428571428571,5.120546041894201,9,199.0,0.23823422549436313,7,238.0,0.14591777442255807,16,437.0
2535.0,24,357.0,6.2631578947368425,6.3223107332771535,13,155.0,0.32446699322895933,11,281.0,0.27898899023589746,24,436.0
2540.0,22,235.0,4.433962264150943,5.226446398552684,11,175.0,0.3313920818597882,11,174.0,0.35727324429234725,22,349.0
2545.0,20,265.0,5.0,5.518482654310448,11,158.0,0.2466029421930829,9,145.0,0.4137519351322422,20,303.0
2550.0,23,254.0,4.379310344827586,4.608896257703,12,177.0,0.2270164211317344,11,152.0,0.2161453733085315,23,329.0
2555.0,18,261.0,4.5,6.244895829478818,13,193.0,0.278918935446159,5,142.0,0.36171952814263114,18,335.0
2560.0,15,165.0,3.0,6.288280390573111,11,196.0,0.22896999689077419,4,98.0,0.5149880428257205,15,294.0
2565.0,18,215.0,3.9814814814814814,6.105183335366245,12,210.0,0.3210668080817506,6,77.0,0.3863609692023484,18,287.0
2570.0,20,177.0,3.339622641509434,5.909634541813825,11,217.0,0.4146514980079077,9,89.0,0.31135111906272217,20,306.0
2575.0,20,262.0,4.851851851851852,5.4426480831086215,10,221.0,0.28557721194803615,10,126.0,0.380737337160109,20,347.0
2580.0,24,227.0,4.127272727272727,5.001561361713135,15,212.0,0.2501354376473432,9,129.0,0.40824830446628346,24,341.0
2585.0,17,193.0,3.3859649122807016,5.50958783056572,14,217.0,0.23879471254752715,3,82.0,0.3824268579509589,17,299.0
2590.0,17,201.0,3.406779661016949,5.864353643963748,13,253.0,0.272572126299926,4,64.0,0.32189505854261063,17,317.0
2595.0,21,262.0,4.295081967213115,5.997558443053609,14,287.0,0.35190905608982165,7,92.0,0.2297568510341108,21,379.0
2600.0,23,284.0,5.2592592592592595,5.024169268511432,15,314.0,0.28926465002742574,8,109.0,0.3130030683142917,23,423.0
2605.0,21,283.0,5.549019607843137,5.236634515636119,16,309.0,0.15913679648884677,5,105.0,0.515226932249212,21,414.0
2610.0,24,258.0,4.867924528301887,3.6593817971793516,18,340.0,0.04569346311763723,6,88.0,0.36121159899618743,24,428.0
2615.0,28,331.0,5.807017543859649,4.882759704229831,17,367.0,0.15907653572584568,11,102.0,0.31180258156691226,28,469.0
2620.0,23,326.0,5.719298245614035,5.111752349377527,14,357.0,0.2784443720456276,9,130.0,0.30744020894810237,23,487.0
2625.0,22,292.0,4.9491525423728815,6.1970683626963,9,281.0,0.3733878438100912,13,190.0,0.3085485956692376,22,471.0
2630.0,22,293.0,5.327272727272727,4.439229259586912,10,283.0,0.24744027728648976,12,205.0,0.19799608060548776,22,488.0
2635.0,22,294.0,4.983050847457627,4.977220490585771,16,293.0,0.15943350876227164,6,169.0,0.3071032181950368,22,462.0
2640.0,24,263.0,4.5344827586206895,4.627794510596004,14,308.0,0.16728983476256137,10,148.0,0.32520753230847244,24,456.0
2645.0,26,351.0,5.754098360655738,5.54324025922375,15,293.0,0.24857985230320537,11,142.0,0.37571819054444183,26,435.0
2650.0,22,356.0,5.933333333333334,5.3650360425864205,11,299.0,0.3406574260763551,11,169.0,0.286289229777824,22,468.0
2655.0,28,448.0,7.225806451612903,5.643241374984092,12,285.0,0.3767571633386398,16,246.0,0.26213545415447975,28,531.0
2660.0,25,477.0,7.571428571428571,5.19645353436226,11,317.0,0.32910956203695974,14,267.0,0.29640184954730725,25,584.0
2665.0,24,511.0,8.241935483870968,5.815441887515189,13,352.0,0.3267305071421397,11,229.0,0.30148439210123806,24,581.0
2670.0,20,423.0,6.82258064516129,5.4352855976129115,11,368.0,0.3059265068159798,9,188.0,0.24784714000267996,20,556.0
2675.0,22,398.0,6.21875,6.077739095479978,12,373.0,0.3688185140157796,10,138.0,0.2774858563120073,22,511.0
2680.0,19,150.0,2.380952380952381,5.523648746988341,10,260.0,0.3670839828859115,9,133.0,0.2913403751898331,19,393.0
2685.0,28,253.0,3.8923076923076922,5.442081618740327,15,180.0,0.3124105335161583,13,173.0,0.3346999174721011,28,353.0
2690.0,26,348.0,5.523809523809524,4.640257947300268,15,231.0,0.18752081280331065,11,218.0,0.36882836043737754,26,449.0
2695.0,32,479.0,7.484375,4.704836135520159,18,284.0,0.2185567495385286,14,281.0,0.296384023274956,32,565.0
2700.0,30,405.0,6.328125,3.941236238281422,14,296.0,0.2835466495687377,16,292.0,0.2268439905154731,30,588.0
2705.0,21,325.0,5.0,5.133874800455886,11,269.0,0.35057394975134265,10,248.0,0.22548904264232422,21,517.0
2710.0,20,160.0,2.318840579710145,5.126250084556329,12,234.0,0.27165991924121247,8,205.0,0.2839629279814567,20,439.0
2715.0,23,169.0,2.414285714285714,5.6339240044070005,14,203.0,0.26671614201341753,9,157.0,0.39164147063293625,23,360.0
2720.0,25,240.0,3.6363636363636362,5.116350736909267,15,240.0,0.27672040099671724,10,166.0,0.39734589398854775,25,406.0
2725.0,21,279.0,4.5,5.483686405049981,13,239.0,0.25158474763091354,8,142.0,0.3309137454830769,21,381.0
2730.0,22,235.0,3.9166666666666665,4.369191092207161,11,241.0,0.15220631462158943,11,140.0,0.2167297240559916,22,381.0
2735.0,28,331.0,5.516666666666667,4.443062706641931,13,244.0,0.19644843939673634,15,174.0,0.21493253589286046,28,418.0
2740.0,27,292.0,5.12280701754386,4.658687006046981,13,229.0,0.2877722383488557,14,203.0,0.2906816291673298,27,432.0
2745.0,27,384.0,6.620689655172414,4.947871869497957,13,253.0,0.34572485490618726,14,234.0,0.23329717728115063,27,487.0
2750.0,26,358.0,5.966666666666667,4.173266523125591,11,237.0,0.3036203836905917,15,271.0,0.2037447053698413,26,508.0
2755.0,25,358.0,5.682539682539683,5.379450295482534,14,224.0,0.2757624751715631,11,259.0,0.34722628192829147,25,483.0
2760.0,21,231.0,3.6666666666666665,5.340807407408517,14,232.0,0.25760962561377865,7,199.0,0.4074193046445632,21,431.0
2765.0,16,183.0,2.7313432835820897,6.1269044378814685,8,178.0,0.36006434765003636,8,142.0,0.40197867532836296,16,320.0
2770.0,18,190.0,2.753623188405797,5.9832233351558415,6,147.0,0.45686071868492034,12,162.0,0.28201570837277695,18,309.0
2775.0,19,205.0,2.77027027027027,6.438462911551309,10,137.0,0.3936682168414332,9,170.0,0.3910238491509143,19,307.0
2780.0,24,221.0,3.0694444444444446,5.228050146554133,15,170.0,0.2668584137718722,9,176.0,0.3751742081112898,24,346.0
2785.0,29,311.0,4.380281690140845,5.146338474063295,13,197.0,0.30102806124727977,16,206.0,0.24913024003875262,29,403.0
2790.0,33,364.0,4.986301369863014,4.277959713380081,14,218.0,0.2361820657598171,19,267.0,0.16280768116480457,33,485.0
2795.0,31,452.0,6.277777777777778,4.575308807442499,18,263.0,0.16429097780824387,13,300.0,0.26256465371410337,31,563.0
2800.0,30,473.0,6.391891891891892,4.487824567664069,19,310.0,0.19927425702551138,11,306.0,0.2798946247602522,30,616.0
2805.0,35,535.0,6.9480519480519485,5.1695282783642025,19,349.0,0.2667109919347195,16,309.0,0.31773049977574425,35,658.0
2810.0,33,431.0,5.5256410256410255,4.885572993178984,20,400.0,0.24949045005910309,13,269.0,0.3449054849784155,33,669.0
2815.0,30,413.0,5.294871794871795,4.957224812618355,15,397.0,0.3074719175586482,15,196.0,0.26103662875159894,30,593.0
2820.0,31,449.0,5.6835443037974684,4.688766963784278,13,423.0,0.3317389387465882,18,231.0,0.14567699190669856,31,654.0
2825.0,31,450.0,5.921052631578948,4.640255655533856,20,467.0,0.2116209194973265,11,219.0,0.2413722741948965,31,686.0
2830.0,35,369.0,4.855263157894737,3.9967736804829848,25,459.0,0.1308643553707051,10,243.0,0.2423547320790199,35,702.0
2835.0,42,435.0,5.64935064935065,4.142789269892018,25,442.0,0.20231760848414385,17,288.0,0.2360634461302223,42,730.0
2840.0,41,547.0,7.391891891891892,3.7094249888840207,24,501.0,0.2069105021508596,17,330.0,0.27738019717528095,41,831.0
2845.0,28,544.0,7.4520547945205475,4.271200501592085,17,501.0,0.21200556820732086,11,324.0,0.28759684774080646,28,825.0
2850.0,29,531.0,7.273972602739726,3.9567813245784875,16,533.0,0.17394936101566102,13,329.0,0.19310954772749572,29,862.0
2855.0,37,539.0,7.1866666666666665,3.839331396308445,21,558.0,0.10641816290103961,16,344.0,0.16870359717977007,37,902.0
2860.0,34,493.0,6.662162162162162,3.608417473379502,21,559.0,0.12275525919576885,13,378.0,0.24267595307625503,34,937.0
2865.0,27,440.0,6.197183098591549,4.622341975268787,18,503.0,0.1408551393229654,9,371.0,0.33664435526624104,27,874.0
2870.0,28,334.0,4.513513513513513,4.139000265253997,17,523.0,0.12067481349829544,11,298.0,0.31863148603204566,28,821.0
2875.0,29,348.0,4.51948051948052,4.762763025416786,13,467.0,0.23559271050793648,16,287.0,0.23837673361055825,29,754.0
2880.0,31,309.0,3.9615384615384617,4.746692970548901,11,390.0,0.352698221352022,20,348.0,0.14492472976285778,31,738.0
2885.0,31,386.0,5.216216216216216,5.307837671978198,13,339.0,0.33388258427257306,18,384.0,0.24525725603883863,31,723.0
2890.0,31,455.0,6.594202898550725,4.243921719337892,16,365.0,0.19230403649358022,15,409.0,0.2805288851092142,31,774.0
2895.0,33,577.0,8.242857142857142,4.798564106298527,14,372.0,0.25134287221448104,19,478.0,0.18147882936660834,33,850.0
2900.0,35,528.0,7.764705882352941,3.916200726583951,15,364.0,0.23392177739448097,20,492.0,0.10222409129562376,35,856.0
2905.0,33,452.0,6.647058823529412,4.383822597409352,13,363.0,0.31531334541260964,20,477.0,0.11168068843374551,33,840.0
2910.0,29,392.0,5.850746268656716,4.285393518888827,14,349.0,0.3320644000492259,15,510.0,0.16428842093483353,29,859.0
2915.0,24,262.0,4.030769230769231,4.175280885939398,15,297.0,0.24066250323316585,9,481.0,0.20125983024281577,24,778.0
2920.0,30,308.0,4.666666666666667,3.442975956613372,19,334.0,0.12874190168818628,11,469.0,0.21503641234431803,30,803.0
2925.0,27,315.0,4.7727272727272725,3.7809755560138782,15,335.0,0.1855416243691188,12,472.0,0.18231429617119185,27,807.0
2930.0,31,383.0,6.079365079365079,3.6018286333552374,16,369.0,0.1535982477824572,15,495.0,0.19386021658714528,31,864.0
2935.0,28,396.0,6.491803278688525,3.806044487733714,16,389.0,0.11886883084795126,12,483.0,0.21257079456271244,28,872.0
2940.0,28,371.0,5.888888888888889,3.5856313704017118,18,412.0,0.015656780421655768,10,469.0,0.29307800181981497,28,881.0
2945.0,31,400.0,6.451612903225806,4.063857082999745,17,424.0,0.12384627410915132,14,423.0,0.305439456008789,31,847.0
2950.0,33,439.0,6.968253968253968,3.304950719118271,15,440.0,0.18010983584421125,18,433.0,0.23217711205977581,33,873.0
2955.0,30,430.0,6.825396825396825,3.595979238835092,10,392.0,0.27027744691507055,20,397.0,0.15645962163801866,30,789.0
2960.0,32,373.0,5.7384615384615385,3.877139837835047,10,338.0,0.3165317201437316,22,433.0,0.13975981444682525,32,771.0
2965.0,29,337.0,4.884057971014493,4.883809288773497,13,333.0,0.26903335135650447,16,420.0,0.23198427240800087,29,753.0
2970.0,25,367.0,5.477611940298507,5.02272730600339,15,351.0,0.21855869627285396,10,392.0,0.3208321938620473,25,743.0
2975.0,23,397.0,6.107692307692307,5.501763067673842,10,338.0,0.3183528740882445,13,387.0,0.27300486105487237,23,725.0
2980.0,24,374.0,5.84375,4.845041450568584,7,302.0,0.3123816342126877,17,408.0,0.21374799801420238,24,710.0
2985.0,29,322.0,4.8059701492537314,4.770166790109969,11,235.0,0.32519982408685033,18,399.0,0.2223620593964362,29,634.0
2990.0,32,379.0,5.8307692307692305,5.01328802873447,12,222.0,0.3591399151039463,20,464.0,0.2706497429555227,32,686.0
2995.0,35,491.0,7.3283582089552235,4.172705324869146,15,179.0,0.2715729791051075,20,541.0,0.22602134925151451,35,720.0
3000.0,36,587.0,8.632352941176471,3.6612300347067097,14,214.0,0.24103990384982169,22,628.0,0.19371673425475555,36,842.0
3005.0,30,543.0,7.757142857142857,3.9483701136393514,9,188.0,0.3240314221244445,21,657.0,0.16332507309897107,30,845.0
3010.0,25,449.0,6.507246376811594,5.325842764631062,7,179.0,0.3802644293347559,18,596.0,0.2246459116001628,25,775.0
3015.0,23,364.0,5.2,4.8133257030954315,7,166.0,0.1899648433568618,16,568.0,0.20601194148811616,23,734.0
3020.0,35,290.0,4.142857142857143,4.040391354183687,15,190.0,0.13448643360999304,20,516.0,0.1989941663676951,35,706.0
3025.0,37,382.0,5.701492537313433,3.577760370222984,14,229.0,0.17732835875853295,23,584.0,0.2097001875491555,37,813.0
3030.0,32,450.0,6.923076923076923,4.618935727568078,7,217.0,0.3723999505480934,25,666.0,0.2018555157662599,32,883.0
3035.0,31,531.0,8.045454545454545,4.643217638629633,8,215.0,0.46865787877067705,23,680.0,0.11508684406512018,31,895.0
3040.0,28,509.0,7.712121212121212,5.5534116819447314,8,248.0,0.4330991182045338,20,627.0,0.15368864897249968,28,875.0
3045.0,23,333.0,5.285714285714286,5.014335391033733,6,211.0,0.2959853079944727,17,627.0,0.1918339883862016,23,838.0
3050.0,26,375.0,5.859375,5.248716120482101,7,165.0,0.35027522833909003,19,608.0,0.2167648155184528,26,773.0
3055.0,26,349.0,5.816666666666666,4.758897184105759,6,114.0,0.4157818363150901,20,638.0,0.20321010138831722,26,752.0
3060.0,24,398.0,6.419354838709677,5.387998365196906,8,111.0,0.40681602329881433,16,608.0,0.2085105963017795,24,719.0
3065.0,24,424.0,7.066666666666666,4.61486950449225,10,155.0,0.30242204844394127,14,615.0,0.17295703140234595,24,770.0
3070.0,28,422.0,6.806451612903226,4.582838381345444,10,174.0,0.2863683358771258,18,618.0,0.16125818944715029,28,792.0
3075.0,30,441.0,7.35,4.598959222730768,9,156.0,0.30419399671575026,21,621.0,0.1929582842388031,30,777.0
3080.0,29,429.0,7.396551724137931,5.061532221053846,9,184.0,0.4088472729305945,20,542.0,0.21223568236433685,29,726.0
3085.0,24,450.0,8.035714285714286,3.8837511727132212,6,189.0,0.3754497619483422,18,552.0,0.16685811533032854,24,741.0
3090.0,19,263.0,4.4576271186440675,4.929384911543038,5,106.0,0.4095239639609283,14,489.0,0.26782409868008883,19,595.0
3095.0,16,169.0,2.7704918032786887,5.367665022594198,5,80.0,0.3190828920275523,11,470.0,0.31235567970906836,16,550.0
3100.0,25,247.0,3.9838709677419355,5.894544231637122,10,126.0,0.3079735933353869,15,430.0,0.2829567734615319,25,556.0
3105.0,28,284.0,4.733333333333333,4.2209925946887275,10,117.0,0.25814140212215153,18,455.0,0.1223218718035523,28,572.0
3110.0,26,356.0,6.245614035087719,4.153299808849232,10,146.0,0.18993715569212474,16,458.0,0.12025940980874762,26,604.0
3115.0,23,366.0,6.535714285714286,4.083310914820076,10,150.0,0.19232323527977477,13,508.0,0.20376605392064245,23,658.0
3120.0,23,425.0,7.589285714285714,5.3012457026627775,4,134.0,0.4810522855319016,19,565.0,0.18185027660293981,23,699.0
3125.0,25,391.0,6.859649122807017,4.642811168369384,3,106.0,0.3950700526364893,22,544.0,0.18632576755862942,25,650.0
3130.0,25,379.0,6.767857142857143,5.302224102865087,5,73.0,0.4424815742574596,20,533.0,0.2692031662216125,25,606.0
3135.0,29,438.0,7.551724137931035,4.420992070748365,11,109.0,0.23693165002554933,18,558.0,0.3032757157759366,29,667.0
3140.0,23,412.0,7.103448275862069,4.617146959697078,10,143.0,0.28980597358903315,13,521.0,0.27096630377139425,23,664.0
3145.0,28,398.0,6.745762711864407,4.455923177093221,13,195.0,0.22868064074156377,15,458.0,0.26952666719394164,28,653.0
3150.0,25,278.0,4.557377049180328,4.467946808197431,10,197.0,0.3497037286130872,15,417.0,0.17150108143505197,25,614.0
3155.0,24,218.0,3.4603174603174605,4.7000643350745825,5,125.0,0.42595958692699265,19,468.0,0.18695268378606764,24,593.0
3160.0,24,292.0,4.634920634920635,5.5070880759592935,7,108.0,0.4379223737649318,17,499.0,0.20127572084505027,24,607.0
3165.0,27,336.0,5.25,5.2293787935818035,6,113.0,0.4178895009571864,21,535.0,0.16016388658194153,27,648.0
3170.0,30,414.0,6.369230769230769,4.8198678914512705,9,144.0,0.4030043137183444,21,545.0,0.1036219972546764,30,689.0
3175.0,31,443.0,7.031746031746032,4.390269322230987,10,108.0,0.39301702250774,21,593.0,0.1372717360219135,31,701.0
3180.0,32,520.0,8.253968253968255,4.7749683025441305,12,157.0,0.4093723926905769,20,594.0,0.22428003925678947,32,751.0
3185.0,30,455.0,7.109375,3.6448121800711317,11,164.0,0.27665139286295803,19,578.0,0.2184632400076724,30,742.0
3190.0,24,303.0,4.590909090909091,4.645631008591898,8,145.0,0.28345362440419947,16,480.0,0.21661242514440046,24,625.0
3195.0,24,300.0,4.615384615384615,4.947527587946822,7,125.0,0.18345415166317475,17,459.0,0.2510827495109275,24,584.0
3200.0,30,360.0,5.538461538461538,5.0055138943874775,14,147.0,0.1711589090085694,16,507.0,0.20900547123519778,30,654.0
3205.0,32,450.0,7.142857142857143,4.233884138156568,12,177.0,0.18675174044347773,20,551.0,0.19147045946439017,32,728.0
3210.0,27,486.0,7.59375,4.556369640135815,8,159.0,0.28886368589778616,19,557.0,0.19493306320417222,27,716.0
3215.0,29,525.0,7.835820895522388,4.572496789224687,8,150.0,0.32629690423340024,21,629.0,0.18232140133239352,29,779.0
3220.0,31,596.0,8.63768115942029,4.846181138937781,10,151.0,0.39505290871286214,21,681.0,0.15617486795330082,31,832.0
3225.0,26,613.0,8.757142857142858,4.59347886759231,9,166.0,0.42051422933567717,17,688.0,0.17533167324941948,26,854.0
3230.0,23,575.0,8.333333333333334,5.2928631005589075,8,166.0,0.4520795958244862,15,638.0,0.1623805288366627,23,804.0
3235.0,28,335.0,4.785714285714286,4.57095108440366,10,156.0,0.27396497592093794,18,577.0,0.15134397311698636,28,733.0
3240.0,34,327.0,4.671428571428572,5.067306090351155,15,170.0,0.27555637306863945,19,452.0,0.23416552385211634,34,622.0
3245.0,37,423.0,5.794520547945205,4.112228403030497,16,223.0,0.31102408802474835,21,503.0,0.21475678133339735,37,726.0
3250.0,32,489.0,6.887323943661972,5.098253139080499,13,238.0,0.42643640197658006,19,540.0,0.23805521401531005,32,778.0
3255.0,30,500.0,7.142857142857143,4.450252949675811,12,238.0,0.357696112697226,18,553.0,0.20699826935611987,30,791.0
3260.0,28,469.0,6.797101449275362,4.574127551268466,14,247.0,0.2167993294931994,14,511.0,0.22616340354774797,28,758.0
3265.0,30,457.0,6.82089552238806,4.091937607494191,16,290.0,0.1596917711665508,14,484.0,0.25235800433169125,30,774.0
3270.0,34,451.0,6.833333333333333,3.9216000176542654,18,346.0,0.199916011256249,16,451.0,0.24972329719821879,34,797.0
3275.0,33,497.0,7.3088235294117645,3.7306574115079094,18,393.0,0.22333064966663435,15,482.0,0.28199760331534884,33,875.0
3280.0,25,505.0,7.537313432835821,4.887159842044148,11,388.0,0.3288778462265568,14,492.0,0.2798711450204302,25,880.0
3285.0,28,377.0,5.463768115942029,4.488443936222845,13,361.0,0.2878701532603176,15,413.0,0.19069537503491318,28,774.0
3290.0,31,374.0,5.420289855072464,4.613686434573114,13,319.0,0.25043276872502807,18,428.0,0.1697199977922344,31,747.0
3295.0,34,458.0,6.9393939393939394,4.493531443443824,16,346.0,0.2838303461975538,18,496.0,0.22961505359075696,34,842.0
3300.0,32,479.0,7.369230769230769,4.098850088235753,17,353.0,0.19266136690893815,15,532.0,0.23065804061285552,32,885.0
3305.0,33,567.0,8.723076923076922,3.447306060035567,21,395.0,0.1056953070206703,12,525.0,0.2296487759414662,33,920.0
3310.0,34,564.0,8.417910447761194,4.3688862694750865,19,463.0,0.15352059899820875,15,482.0,0.3007605295932183,34,945.0
3315.0,30,443.0,6.921875,3.9642870465665765,17,472.0,0.1953226722960497,13,429.0,0.3133021486466597,30,901.0
3320.0,30,317.0,4.594202898550725,3.62965199053897,11,405.0,0.19888216949719922,19,348.0,0.19578764938676455,30,753.0
3325.0,30,349.0,5.132352941176471,4.7926833373506454,11,313.0,0.3188125934670266,19,388.0,0.25990837565613295,30,701.0
3330.0,22,342.0,5.181818181818182,5.687540756362806,10,262.0,0.26238351486566935,12,384.0,0.36907293028436583,22,646.0
3335.0,25,405.0,6.044776119402985,4.499926294889765,13,291.0,0.1765971245839193,12,417.0,0.3250144986312152,25,708.0
3340.0,30,474.0,7.292307692307692,4.941068363571435,12,306.0,0.32245967809898807,18,475.0,0.250144473438482,30,781.0
3345.0,33,423.0,6.507692307692308,3.718603243979969,11,256.0,0.3083376541045433,22,532.0,0.1528070901970859,33,788.0
3350.0,29,519.0,8.109375,4.0835044946773325,13,242.0,0.21313925696582894,16,566.0,0.2392272090462569,29,808.0
3355.0,26,401.0,5.985074626865671,4.358127812196408,13,250.0,0.20946399493435647,13,533.0,0.2674689526100976,26,783.0
3360.0,27,417.0,6.318181818181818,5.056334298577408,10,208.0,0.35867739596901477,17,509.0,0.18426256810279323,27,717.0
3365.0,32,482.0,7.303030303030303,4.417701347072581,12,220.0,0.3732765266714505,20,569.0,0.13607946835750923,32,789.0
3370.0,26,544.0,8.634920634920634,5.2326792099144095,11,243.0,0.3801770144536556,15,606.0,0.20975784894959865,26,849.0
3375.0,26,484.0,7.934426229508197,3.9500642376651713,11,246.0,0.17573504670264997,15,560.0,0.20858058542837968,26,806.0
3380.0,33,317.0,4.661764705882353,4.132100741942335,16,239.0,0.2157926042774989,17,449.0,0.22064141395497125,33,688.0
3385.0,30,271.0,4.106060606060606,4.137665507089315,13,244.0,0.25916149870300453,17,445.0,0.29335060991828754,30,689.0
3390.0,33,365.0,5.447761194029851,4.820337104755035,11,237.0,0.37893696941255595,22,488.0,0.23303870620506661,33,725.0
3395.0,31,370.0,5.285714285714286,4.3017844554517914,11,236.0,0.38988276977359015,20,541.0,0.10924599403614203,31,777.0
3400.0,30,393.0,5.24,5.102865942021123,14,265.0,0.2892552882708785,16,536.0,0.1665918404513876,30,801.0
3405.0,24,395.0,5.486111111111111,5.107472298728947,11,275.0,0.24377293888476487,13,500.0,0.2877230634774661,24,775.0
3410.0,30,427.0,5.8493150684931505,5.002571639292263,16,283.0,0.27400357754182986,14,449.0,0.2665866361418157,30,732.0
3415.0,31,477.0,6.814285714285714,3.8655391754852766,15,306.0,0.282496980187532,16,476.0,0.1909116287515886,31,782.0
3420.0,30,496.0,6.985915492957746,4.313625918578113,12,282.0,0.26192900168454436,18,485.0,0.16960617567974667,30,767.0
3425.0,22,331.0,4.661971830985915,5.10512819036724,11,311.0,0.2331494857974471,11,397.0,0.24257503891354043,22,708.0
3430.0,31,384.0,5.333333333333333,5.488633792288082,15,358.0,0.28946188994363625,16,290.0,0.2213628299371876,31,648.0
3435.0,34,468.0,6.685714285714286,4.223556307503303,13,382.0,0.24028789006030316,21,325.0,0.2568758193196213,34,707.0
3440.0,32,568.0,8.231884057971014,5.083280912898771,14,413.0,0.35882403172175553,18,350.0,0.25397502383784887,32,763.0
3445.0,31,477.0,6.71830985915493,4.620222929251886,12,356.0,0.36301907806506284,19,371.0,0.20687310226216946,31,727.0
3450.0,31,427.0,5.930555555555555,4.480285988507843,11,255.0,0.25694060931408225,20,421.0,0.23034882045057245,31,676.0
3455.0,33,493.0,7.144927536231884,4.121094252843628,14,272.0,0.2083741568374081,19,455.0,0.28116488800087686,33,727.0
3460.0,29,406.0,5.970588235294118,3.6746168515771966,14,319.0,0.21084920632594548,15,409.0,0.2115955897991961,29,728.0
3465.0,26,412.0,5.971014492753623,3.742726260608161,10,323.0,0.19544893108738323,16,429.0,0.18447760978677655,26,752.0
3470.0,31,471.0,6.4520547945205475,4.175421959764465,13,359.0,0.17378973088249453,18,462.0,0.18299157624445772,31,821.0
3475.0,37,577.0,7.797297297297297,4.307817266608143,15,397.0,0.25908892397569194,22,522.0,0.20063304988440525,37,919.0
3480.0,36,530.0,7.260273972602739,4.3701221850182765,13,355.0,0.31896400003078396,23,558.0,0.20317321873541092,36,913.0
3485.0,37,517.0,6.986486486486487,3.497372908314179,13,290.0,0.22913235695923476,24,594.0,0.18191978817867796,37,884.0
3490.0,35,456.0,5.62962962962963,4.3041848950164905,14,303.0,0.2068808483031481,21,551.0,0.23373970281949535,35,854.0
3495.0,22,457.0,5.7125,5.673692892683864,8,274.0,0.3259659834123518,14,530.0,0.24056364477271872,22,804.0
3500.0,19,355.0,4.493670886075949,5.700059962555745,6,248.0,0.26387680940044606,13,455.0,0.26299094400638345,19,703.0
3505.0,30,439.0,5.776315789473684,5.013850108329391,13,276.0,0.2707972665098394,17,429.0,0.17679524096272312,30,705.0
3510.0,40,516.0,6.88,4.154353957690474,15,309.0,0.3498186366868523,25,483.0,0.13467351737338873,40,792.0
3515.0,33,541.0,7.619718309859155,4.588845159713502,8,297.0,0.35599169118710416,25,515.0,0.19493404784907586,33,812.0
3520.0,32,634.0,9.323529411764707,4.1444114719475085,9,318.0,0.3404640416132206,23,564.0,0.15176313873431846,32,882.0
3525.0,29,430.0,6.323529411764706,3.9293521725103204,10,221.0,0.26558318086983873,19,551.0,0.14014248697683873,29,772.0
3530.0,31,484.0,6.816901408450704,4.121318862404247,15,213.0,0.2152346776029828,16,588.0,0.2258233661685175,31,801.0
3535.0,37,617.0,8.452054794520548,4.255731410109197,14,270.0,0.2991455789833141,23,662.0,0.2272482114600103,37,932.0
3540.0,32,589.0,8.180555555555555,4.479622861436285,9,270.0,0.36661973723383257,23,682.0,0.18318350161339178,32,952.0
3545.0,32,466.0,6.563380281690141,3.8217805220704393,8,255.0,0.2699421605864639,24,665.0,0.14315721887056101,32,920.0
3550.0,37,540.0,7.397260273972603,4.353337463827533,14,248.0,0.31025766447694125,23,700.0,0.14662086273730113,37,948.0
3555.0,37,502.0,7.070422535211268,4.500729154718089,14,248.0,0.3165069360123724,23,715.0,0.16779119587842659,37,963.0
3560.0,35,484.0,6.914285714285715,4.469006770448966,13,207.0,0.32450298230593183,22,729.0,0.19620904375979045,35,936.0
3565.0,31,312.0,4.656716417910448,3.600554113309242,14,224.0,0.2245662389787194,17,631.0,0.14686778234511877,31,855.0
3570.0,25,239.0,3.918032786885246,4.021261277528418,9,193.0,0.2415189124770437,16,560.0,0.13075529722084495,25,753.0
3575.0,22,290.0,4.754098360655738,4.40404814030694,9,202.0,0.16727285454808272,13,526.0,0.18778503654479298,22,728.0
3580.0,29,361.0,5.82258064516129,4.139252736988191,13,227.0,0.1777594406298303,16,512.0,0.18869370217928674,29,739.0
3585.0,30,363.0,6.05,4.198674460627311,14,243.0,0.3119567538034703,16,530.0,0.17827084764672804,30,773.0
3590.0,26,440.0,7.4576271186440675,5.1843212115597535,8,199.0,0.41642403276854095,18,558.0,0.17526863688493996,26,757.0
3595.0,19,386.0,6.771929824561403,5.404195462893708,4,132.0,0.4535658092430596,15,556.0,0.1991051120829966,19,688.0
3600.0,16,364.0,6.169491525423729,5.768917299378973,9,114.0,0.24553971411807746,7,496.0,0.32685185045107995,16,610.0
3605.0,20,338.0,5.827586206896552,5.4048148069757795,13,106.0,0.1607142566941653,7,456.0,0.3916856509990819,20,562.0
3610.0,30,454.0,7.566666666666666,5.485643017362011,15,154.0,0.26939534551438676,15,479.0,0.2858813616673249,30,633.0
3615.0,24,505.0,8.859649122807017,4.814515497321499,10,177.0,0.32060111606366326,14,532.0,0.2590513976437115,24,709.0
3620.0,21,531.0,9.0,5.746756579897989,6,152.0,0.3458428531212484,15,590.0,0.3141231843445227,21,742.0
3625.0,17,474.0,8.172413793103448,5.52013297569257,5,109.0,0.4333768861047664,12,602.0,0.26670166875951556,17,711.0
3630.0,21,504.0,8.689655172413794,5.933467010913492,10,119.0,0.3179423147231685,11,576.0,0.3280625436977163,21,695.0
3635.0,18,549.0,10.358490566037736,5.302915514032815,9,132.0,0.1388895415140947,9,581.0,0.328540833197942,18,713.0
3640.0,17,598.0,12.204081632653061,5.911584381332997,7,124.0,0.22169050297393078,10,611.0,0.27130579864127813,17,735.0
3645.0,17,496.0,10.782608695652174,6.375456369742279,7,141.0,0.3133179528301095,10,525.0,0.17879844872425152,17,666.0
3650.0,14,149.0,3.239130434782609,6.865655916663965,6,118.0,0.4206584500072203,8,312.0,0.21410116815864572,14,430.0
3655.0,11,146.0,3.395348837209302,7.046887081520833,6,103.0,0.4576650940721225,5,158.0,0.39322020882572617,11,261.0
3660.0,8,175.0,4.487179487179487,7.479182022827319,3,109.0,0.5449884507332164,5,141.0,0.4754446556283459,8,250.0
3665.0,10,221.0,5.525,7.443141142367251,5,122.0,0.5219480226674769,5,134.0,0.4385751365411082,10,256.0
3670.0,14,184.0,4.487804878048781,5.683554633298861,4,54.0,0.49665354149931545,10,146.0,0.22496714734921297,14,200.0
3675.0,15,163.0,3.6222222222222222,6.344747320630261,6,25.0,0.5253488989709585,9,167.0,0.27452486930847814,15,192.0
3680.0,14,217.0,4.520833333333333,6.860543088916956,5,30.0,0.4837428513247858,9,204.0,0.40613859148970477,14,234.0
3685.0,15,176.0,3.3846153846153846,6.442881860502643,9,67.0,0.429065998386892,6,174.0,0.34276847115509573,15,241.0
3690.0,15,144.0,2.7169811320754715,6.367352839444955,9,81.0,0.3404218233321718,6,119.0,0.42415767236940477,15,200.0
3695.0,9,72.0,1.469387755102041,7.027277788496777,6,75.0,0.3467237734916404,3,54.0,0.43800320410322613,9,129.0
3700.0,13,91.0,1.8571428571428572,5.664996865858101,7,80.0,0.24463173523911544,6,67.0,0.35979715460989176,13,147.0
3705.0,19,148.0,2.8461538461538463,5.63491377195647,12,109.0,0.28628451834997837,7,79.0,0.29513201588385646,19,188.0
3710.0,18,146.0,2.8627450980392157,6.28848083807404,10,111.0,0.4098486238484694,8,77.0,0.3314994407561559,18,188.0
3715.0,16,155.0,2.980769230769231,6.538654719159667,11,142.0,0.37511267696858386,5,62.0,0.39007325725392444,16,204.0
3720.0,20,243.0,4.959183673469388,6.412652915994291,13,203.0,0.2510547646283091,7,79.0,0.4998399843807053,20,282.0
3725.0,23,323.0,6.872340425531915,4.930816397613453,16,277.0,0.23241269203739973,7,98.0,0.36354981513950974,23,375.0
3730.0,22,319.0,6.787234042553192,4.170639762855861,13,291.0,0.2846905421839889,9,120.0,0.21603358995948882,22,411.0
3735.0,18,212.0,4.608695652173913,5.003093220287709,9,220.0,0.3412866755796499,9,136.0,0.2629530674290789,18,356.0
3740.0,13,188.0,3.76,5.713594515234303,9,236.0,0.26425966359136555,4,124.0,0.3182992634213113,13,360.0
3745.0,19,181.0,3.4150943396226414,5.729078017746253,15,263.0,0.12370850407980952,4,113.0,0.4552400013135359,19,376.0
3750.0,25,211.0,3.981132075471698,5.993608430867475,18,296.0,0.23258209380500228,7,104.0,0.4585295945125083,25,400.0
3755.0,18,205.0,3.9423076923076925,5.384068212350188,12,312.0,0.3036912302429394,6,113.0,0.3856841859509319,18,425.0
3760.0,20,225.0,4.166666666666667,5.13402474327415,11,277.0,0.28991805502302276,9,137.0,0.38254614011700483,20,414.0
3765.0,15,133.0,2.509433962264151,5.504842426555623,7,185.0,0.32318451009062604,8,136.0,0.4061846056271954,15,321.0
3770.0,16,142.0,2.4482758620689653,5.087656639036444,9,195.0,0.166791983746124,7,90.0,0.3236532254033144,16,285.0
3775.0,19,130.0,2.2413793103448274,5.337077932747964,13,208.0,0.11789299323099729,6,67.0,0.3664107355051613,19,275.0
3780.0,19,187.0,3.1166666666666667,5.745382976974863,13,229.0,0.21485579045749245,6,78.0,0.3764031496059831,19,307.0
3785.0,18,205.0,3.727272727272727,6.044348442889479,10,188.0,0.3742341852739804,8,95.0,0.34094542364242014,18,283.0
3790.0,17,213.0,4.176470588235294,5.800540225861105,7,171.0,0.4133982759747865,10,118.0,0.26297933178434474,17,289.0
3795.0,22,269.0,4.890909090909091,5.3011095258982595,13,209.0,0.33800577816015354,9,121.0,0.26735910121090356,22,330.0
3800.0,20,308.0,5.703703703703703,5.4921156709749175,13,243.0,0.23465020040484505,7,124.0,0.4185834567664971,20,367.0
3805.0,17,307.0,5.903846153846154,6.639538757312585,12,247.0,0.2884857546269186,5,114.0,0.5211129964004039,17,361.0
3810.0,18,306.0,5.666666666666667,6.243108922483203,10,255.0,0.2544845041853336,8,104.0,0.4449351294185105,18,359.0
3815.0,13,219.0,4.132075471698113,6.057085050847306,7,220.0,0.3153622498048222,6,70.0,0.3440355731483228,13,290.0
3820.0,16,157.0,2.9622641509433962,5.547875218097171,6,145.0,0.4036401185036222,10,93.0,0.2069756797558153,16,238.0
3825.0,20,143.0,2.69811320754717,5.9008639225833655,11,128.0,0.34530659982490547,9,110.0,0.39308237414002034,20,238.0
3830.0,18,172.0,3.2452830188679247,5.563051721339393,12,153.0,0.2129235138277528,6,95.0,0.47118249488860503,18,248.0
3835.0,14,137.0,2.6862745098039214,5.6440446202108046,8,150.0,0.2447708687005652,6,67.0,0.3802048499162136,14,217.0
3840.0,17,212.0,4.076923076923077,6.458172298703477,8,164.0,0.369205121342841,9,99.0,0.3098620059289355,17,263.0
3845.0,20,231.0,4.529411764705882,5.114602208082598,9,179.0,0.2867367992255322,11,122.0,0.19082299291087354,20,301.0
3850.0,22,298.0,5.730769230769231,5.49440541256197,11,223.0,0.2696101786891956,11,142.0,0.33628822362854144,22,365.0
3855.0,20,298.0,5.8431372549019605,5.007121094666969,12,251.0,0.2990047882455721,8,143.0,0.39334849190021104,20,394.0
3860.0,17,327.0,6.54,6.5909034600495655,8,255.0,0.32486394169205085,9,120.0,0.47145228294016334,17,375.0
3865.0,16,223.0,4.12962962962963,5.962630238504649,7,197.0,0.26503162075581965,9,127.0,0.3511327801520931,16,324.0
3870.0,26,279.0,4.894736842105263,5.976500635950132,12,144.0,0.2907370258234967,14,174.0,0.280624391891395,26,318.0
3875.0,20,268.0,5.056603773584905,5.875053986137367,8,172.0,0.3585729995725294,12,167.0,0.3566718866388592,20,339.0
3880.0,20,338.0,6.2592592592592595,5.845911424064201,8,177.0,0.4021660219974324,12,191.0,0.29372459750834196,20,368.0
3885.0,22,263.0,4.87037037037037,4.950272056333774,8,130.0,0.4150097111397884,14,222.0,0.11557133664962478,22,352.0
3890.0,25,298.0,5.321428571428571,5.514457522233327,10,132.0,0.45626373909003,15,241.0,0.15870060295983662,25,373.0
3895.0,20,202.0,3.4827586206896552,4.707618696520506,8,110.0,0.31943038944691965,12,247.0,0.22785679357552371,20,357.0
3900.0,18,176.0,3.3207547169811322,5.596994434661113,11,98.0,0.28986873732363716,7,185.0,0.41620059434560863,18,283.0
3905.0,22,169.0,3.188679245283019,5.241732849570818,12,118.0,0.20214119132482233,10,187.0,0.46243878327035526,22,305.0
3910.0,18,181.0,3.4150943396226414,5.987197292863925,6,103.0,0.3699468413147127,12,197.0,0.3770948025830529,18,300.0
3915.0,21,209.0,3.6666666666666665,4.763563863999333,9,106.0,0.3706959893650457,12,233.0,0.1259347305761768,21,339.0
3920.0,19,278.0,4.793103448275862,6.32403405782922,8,125.0,0.4338323084865793,11,262.0,0.24294078772718428,19,387.0
3925.0,17,242.0,4.172413793103448,6.026009765409826,7,114.0,0.38897741849707324,10,252.0,0.2990341560262137,17,366.0
3930.0,26,353.0,5.983050847457627,6.329525634840369,11,157.0,0.37766745386320105,15,305.0,0.33297642051774023,26,462.0
3935.0,24,369.0,6.362068965517241,5.376320018673631,11,161.0,0.28035957734957556,13,348.0,0.3545527257860291,24,509.0
3940.0,17,401.0,6.913793103448276,5.9219578385388445,8,123.0,0.2628822067977832,9,361.0,0.3664182989128163,17,484.0
3945.0,16,338.0,5.827586206896552,6.176664809431109,5,120.0,0.3033646516186836,11,340.0,0.3238045410468703,16,460.0
3950.0,20,171.0,2.85,5.9166357521321675,7,106.0,0.3255345271105819,13,273.0,0.2953801084153291,20,379.0
3955.0,22,188.0,3.1864406779661016,5.612131481122357,9,122.0,0.40315637156639117,13,276.0,0.3055101293686113,22,398.0
3960.0,20,187.0,3.169491525423729,5.387407520016804,6,84.0,0.44417971885850044,14,304.0,0.32249091482355596,20,388.0
3965.0,23,227.0,3.661290322580645,5.258339165902961,9,113.0,0.49176767533848986,14,334.0,0.2616461606059643,23,447.0
3970.0,22,176.0,2.626865671641791,5.307303725005832,7,111.0,0.406029382360264,15,324.0,0.2744846990993002,22,435.0
3975.0,20,179.0,2.557142857142857,5.508875359751331,9,65.0,0.3140289284317542,11,362.0,0.28559277566574826,20,427.0
3980.0,29,295.0,4.214285714285714,5.675351188512773,8,80.0,0.3816149447900965,21,433.0,0.18561180440139358,29,513.0
3985.0,27,364.0,5.27536231884058,5.485644717634454,9,96.0,0.3995949122222981,18,480.0,0.21953452795647554,27,576.0
3990.0,24,418.0,6.333333333333333,5.006874490420293,12,125.0,0.2987949388045846,12,508.0,0.2451627890621164,24,633.0
3995.0,25,442.0,6.8,4.8722445357207915,13,168.0,0.2365183425495934,12,507.0,0.2754118920994196,25,675.0
4000.0,26,527.0,7.75,5.341474483871623,8,186.0,0.3558478014924423,18,582.0,0.18825339703774988,26,768.0
4005.0,30,469.0,7.444444444444445,4.473325480057092,10,159.0,0.3065467946810452,20,587.0,0.14533090536390558,30,746.0
4010.0,33,395.0,6.370967741935484,4.59626604617183,15,191.0,0.2938540472843983,18,507.0,0.15815740769588732,33,698.0
4015.0,30,420.0,7.0,3.7456021281313294,13,190.0,0.2309305409503833,17,464.0,0.2013721333484075,30,654.0
4020.0,32,477.0,7.95,3.917645919249236,16,230.0,0.25366614985016894,16,490.0,0.2372304476764538,32,720.0
4025.0,25,396.0,6.387096774193548,4.988315393093647,13,254.0,0.27560481743318,12,438.0,0.33939300219469803,25,692.0
4030.0,19,262.0,4.225806451612903,4.680094182030466,9,224.0,0.3307674759277828,10,417.0,0.13450213629657978,19,641.0
4035.0,18,177.0,2.8095238095238093,5.213904463007928,5,165.0,0.3870914361894031,13,373.0,0.09185562758938841,18,538.0
4040.0,27,231.0,3.5,5.204135052747822,11,117.0,0.2815731143309005,16,389.0,0.20221331492964845,27,506.0
4045.0,19,252.0,4.0,5.926443441340464,11,151.0,0.31658567171156615,8,351.0,0.3651135453645501,19,502.0
4050.0,25,252.0,3.876923076923077,5.503341205985282,17,187.0,0.32573848593955623,8,312.0,0.27307784306513433,25,499.0
4055.0,26,311.0,4.7846153846153845,5.6137105290022635,14,215.0,0.3749713084280559,12,342.0,0.20570290870665806,26,557.0
4060.0,23,252.0,3.876923076923077,5.740491549181566,10,187.0,0.3793318728590569,13,324.0,0.19999447557670355,23,511.0
4065.0,24,239.0,3.7936507936507935,4.51829166065195,13,223.0,0.22257378773978032,11,232.0,0.20906162707421463,24,455.0
4070.0,30,349.0,5.369230769230769,4.196691098108679,18,269.0,0.21279245219371956,12,245.0,0.2583087858314898,30,514.0
4075.0,32,372.0,5.904761904761905,4.523343095270091,23,337.0,0.23525350240645182,9,240.0,0.401818098714391,32,577.0
4080.0,31,400.0,6.153846153846154,4.635022896401906,25,427.0,0.20105558430817677,6,172.0,0.4173859776304003,31,599.0
4085.0,33,447.0,6.573529411764706,4.041963948790545,26,486.0,0.10233681410518586,7,159.0,0.3443101361234622,33,645.0
4090.0,29,439.0,6.651515151515151,5.123062751225472,19,481.0,0.17318729663287002,10,185.0,0.391488776962435,29,666.0
4095.0,30,544.0,8.5,5.1577319764267475,18,473.0,0.2447206463967628,12,227.0,0.2786642373464559,30,700.0
4100.0,35,564.0,8.057142857142857,4.584057430034766,20,465.0,0.22058484814411322,15,294.0,0.13833328123485863,35,759.0
4105.0,35,590.0,8.428571428571429,4.357496961248619,18,463.0,0.24877237276761605,17,379.0,0.20317635401729775,35,842.0
4110.0,33,605.0,8.642857142857142,3.986480914280636,18,509.0,0.24177743275162042,15,387.0,0.2820175579691107,33,896.0
4115.0,29,529.0,7.779411764705882,5.015258474236445,20,526.0,0.1840180490656199,9,334.0,0.46187483825890957,29,860.0
4120.0,31,454.0,6.485714285714286,4.037683802102684,22,589.0,0.07981383157724171,9,259.0,0.341982380342259,31,848.0
4125.0,37,536.0,7.243243243243243,4.183382707409255,23,627.0,0.12125731405708437,14,176.0,0.29013311164857775,37,803.0
4130.0,38,520.0,7.123287671232877,3.736749734461124,23,643.0,0.18007247675348037,15,196.0,0.2724510252612582,38,839.0
4135.0,31,610.0,8.133333333333333,4.7866237710235495,20,636.0,0.22978206856037967,11,203.0,0.3315061890535874,31,839.0
4140.0,35,492.0,6.3896103896103895,4.365967964483369,24,644.0,0.14587148003139958,11,182.0,0.330011935589385,35,826.0
4145.0,29,344.0,4.467532467532467,5.164518815616493,16,560.0,0.2534971302767248,13,161.0,0.29785622944497636,29,721.0
4150.0,27,399.0,5.541666666666667,4.765037406672149,13,479.0,0.31525293329479726,14,195.0,0.09375618917767703,27,674.0
4155.0,32,428.0,5.863013698630137,4.47369229787128,12,460.0,0.2905797388061981,20,235.0,0.07961647948939889,32,695.0
4160.0,30,403.0,6.014925373134329,4.110360326913778,14,406.0,0.23278123005022927,16,277.0,0.1773670006966258,30,683.0
4165.0,28,417.0,6.725806451612903,4.5882082672298745,17,442.0,0.16422503634224697,11,265.0,0.32044170104525266,28,707.0
4170.0,23,419.0,6.650793650793651,4.320124964380445,14,446.0,0.11781717321843495,9,261.0,0.26749077848435626,23,707.0
4175.0,26,523.0,8.435483870967742,5.650900245866184,15,497.0,0.31863448531996763,11,255.0,0.16279521547364,26,752.0
4180.0,24,420.0,6.885245901639344,5.43148860070842,13,498.0,0.3189616220953026,11,236.0,0.16864688413290957,24,734.0
4185.0,24,384.0,6.620689655172414,5.551281063459925,13,458.0,0.3692178061063088,11,237.0,0.23878119196550468,24,695.0
4190.0,21,396.0,6.947368421052632,4.428252465288162,14,502.0,0.28312615697282356,7,215.0,0.2920144276493582,21,717.0
4195.0,20,441.0,7.112903225806452,5.1983863689865135,13,549.0,0.22633477567920215,7,151.0,0.34775717381271776,20,700.0
4200.0,22,471.0,7.85,5.438914608047483,16,552.0,0.1933598659335641,6,169.0,0.4069357644671356,22,721.0
4205.0,23,449.0,7.483333333333333,5.752839846925661,15,504.0,0.19622905991949652,8,207.0,0.42575633771862853,23,711.0
4210.0,26,532.0,9.333333333333334,4.9106080029341435,17,511.0,0.20922733382077802,9,251.0,0.3489913662312768,26,762.0
4215.0,24,543.0,9.526315789473685,3.8909944214496086,16,505.0,0.1774519801027514,8,264.0,0.29247417062877357,24,769.0
4220.0,26,597.0,10.473684210526315,4.728928169910903,18,557.0,0.22630572223646225,8,274.0,0.37980934637687297,26,831.0
4225.0,20,507.0,8.59322033898305,5.424122226769141,14,565.0,0.3068405901538135,6,217.0,0.27991602931384574,20,782.0
4230.0,23,319.0,5.063492063492063,5.095472342820279,15,454.0,0.23048001124903558,8,203.0,0.3277663070107683,23,657.0
4235.0,26,394.0,6.061538461538461,5.7098492796768285,18,416.0,0.23656893268549817,8,227.0,0.45314650351075014,26,643.0
4240.0,24,425.0,6.343283582089552,6.064352358865766,20,434.0,0.20361444635501263,4,225.0,0.55357787600264,24,659.0
4245.0,26,316.0,4.787878787878788,6.025006151014976,19,427.0,0.19412859789327017,7,151.0,0.5019273483797408,26,578.0
4250.0,27,349.0,5.208955223880597,4.939297698327161,19,456.0,0.17833500808345668,8,73.0,0.3631271377571564,27,529.0
4255.0,31,367.0,5.242857142857143,4.061447647010714,19,456.0,0.14483987313658786,12,118.0,0.3302477644777718,31,574.0
4260.0,29,387.0,5.22972972972973,4.63064434824602,15,461.0,0.2516071401823976,14,172.0,0.3732826229862554,29,633.0
4265.0,26,275.0,3.481012658227848,5.301388136337657,14,395.0,0.3807308636912084,12,192.0,0.2948663728923173,26,587.0
4270.0,24,293.0,3.8552631578947367,5.360746726778049,14,361.0,0.3529295260913829,10,177.0,0.26843975431713707,24,538.0
4275.0,26,313.0,3.962025316455696,5.415385247817255,17,413.0,0.32945711070990935,9,162.0,0.2000112884484258,26,575.0
4280.0,32,391.0,4.8875,4.973296576540741,18,464.0,0.24352963247654216,14,170.0,0.134371547314428,32,634.0
4285.0,37,519.0,6.740259740259741,4.668062190675155,23,535.0,0.23860279195993006,14,196.0,0.228696201760246,37,731.0
4290.0,35,593.0,7.906666666666666,4.936095084068953,24,578.0,0.11018677301995229,11,186.0,0.38345286003855444,35,764.0
4295.0,32,567.0,7.875,4.637441927166342,23,594.0,0.030141784519305683,9,209.0,0.4258667061905129,32,803.0
4300.0,35,605.0,8.287671232876713,4.182933644603265,21,672.0,0.10548579522454668,14,212.0,0.29672377191357685,35,884.0
4305.0,34,659.0,9.835820895522389,3.625877728526338,17,689.0,0.21565676957608387,17,270.0,0.20140009914053006,34,959.0
4310.0,33,704.0,10.666666666666666,3.7993492800102424,18,672.0,0.1693323305363881,15,302.0,0.18459898426951518,33,974.0
4315.0,31,453.0,6.661764705882353,4.23808837616623,17,689.0,0.16601195611039868,14,286.0,0.1955656281852793,31,975.0
4320.0,31,413.0,5.736111111111111,4.328355652707021,14,654.0,0.203493279040364,17,301.0,0.1964436491845179,31,955.0
4325.0,31,400.0,5.882352941176471,4.623133795854517,15,623.0,0.2870214122073579,16,331.0,0.272541277466557,31,954.0
4330.0,32,419.0,6.253731343283582,4.653442820801993,16,639.0,0.2767443285218965,16,302.0,0.3062692523594821,32,941.0
4335.0,27,415.0,6.0144927536231885,4.465426609207191,13,607.0,0.23018260781046934,14,331.0,0.22663721944304446,27,938.0
4340.0,25,398.0,5.852941176470588,4.8717937297561695,14,582.0,0.20014038166332646,11,301.0,0.24896634159441988,25,883.0
4345.0,23,328.0,4.753623188405797,5.240620060294141,16,522.0,0.16445289111145053,7,239.0,0.35769529472835265,23,761.0
4350.0,27,323.0,4.969230769230769,4.687811859126873,16,527.0,0.2525652507579211,11,207.0,0.27637216257439956,27,734.0
4355.0,32,424.0,6.3283582089552235,4.279000208912958,18,557.0,0.2939239802694922,14,233.0,0.212212717436748,32,790.0
4360.0,29,340.0,4.927536231884058,4.688492636844172,18,546.0,0.2774759460039099,11,236.0,0.261096182153181,29,782.0
4365.0,29,421.0,6.101449275362318,4.833769253266142,19,541.0,0.24229346219138892,10,255.0,0.3148800013075692,29,796.0
4370.0,34,474.0,6.771428571428571,4.375889264486655,19,569.0,0.15114726734456727,15,304.0,0.2812137083032938,34,873.0
4375.0,32,403.0,5.926470588235294,4.759112044218919,16,532.0,0.20038098894423723,16,308.0,0.21522596041518816,32,840.0
4380.0,32,454.0,7.09375,4.424764564685946,13,468.0,0.21514081269329224,19,348.0,0.15886651010651523,32,816.0
4385.0,31,455.0,7.338709677419355,3.970398645636865,16,378.0,0.1543354405445964,15,382.0,0.2585553222841826,31,760.0
4390.0,23,361.0,5.918032786885246,4.490111364187923,15,397.0,0.10810241595589785,8,331.0,0.3770089804498898,23,728.0
4395.0,25,323.0,5.126984126984127,5.1700290540156635,18,411.0,0.05695310765104161,7,286.0,0.42707482036444516,25,697.0
4400.0,28,295.0,4.682539682539683,5.105800284973166,15,423.0,0.1338821997060252,13,209.0,0.36676905952833494,28,632.0
4405.0,21,258.0,4.03125,5.385117603531283,6,339.0,0.2921020843351113,15,233.0,0.2745307595582277,21,572.0
4410.0,18,302.0,4.870967741935484,5.775217779661267,6,306.0,0.37729402723828454,12,206.0,0.20680249012949783,18,512.0
4415.0,14,257.0,4.431034482758621,6.076582013764251,4,235.0,0.3667588681585649,10,195.0,0.280300936310734,14,430.0
4420.0,23,311.0,5.271186440677966,5.803510804173175,9,206.0,0.3246453733407186,14,218.0,0.2645411461004419,23,424.0
4425.0,23,244.0,4.357142857142857,5.172296420200426,7,135.0,0.3646828503026282,16,258.0,0.2701664876555597,23,393.0
4430.0,19,307.0,5.581818181818182,5.671936913084553,8,122.0,0.3319648669752791,11,276.0,0.34367515470974347,19,398.0
4435.0,18,295.0,5.784313725490196,5.558450764362152,8,143.0,0.20553580182245149,10,237.0,0.40013114153304274,18,380.0
4440.0,23,334.0,6.30188679245283,5.502473749144578,11,185.0,0.2526369399185264,12,232.0,0.2651357073275193,23,417.0
4445.0,21,181.0,3.3518518518518516,4.953767843843399,7,160.0,0.326780694318255,14,215.0,0.17085807403891673,21,375.0
4450.0,20,173.0,3.326923076923077,5.2635802577533175,4,75.0,0.4432465949275922,16,197.0,0.15834794430519483,20,272.0
4455.0,22,220.0,4.074074074074074,5.484159515118687,4,34.0,0.5060984465395583,18,252.0,0.16518736037839854,22,286.0
4460.0,22,306.0,5.666666666666667,5.916862885456017,5,56.0,0.45598337030774816,17,295.0,0.26111050424723437,22,351.0
4465.0,20,255.0,4.722222222222222,5.209004010391344,8,65.0,0.3897913415692475,12,303.0,0.3038889165625296,20,368.0
4470.0,19,216.0,4.0,5.996783124482472,8,102.0,0.44918161679024365,11,244.0,0.34033461811704313,19,346.0
4475.0,17,181.0,3.232142857142857,5.020732537992904,6,107.0,0.26119509473705455,11,258.0,0.28167166697589974,17,365.0
4480.0,20,230.0,3.8333333333333335,6.353284871964571,6,94.0,0.44070510369522303,14,281.0,0.28727649456768123,20,375.0
4485.0,21,184.0,3.1186440677966103,5.690728348537437,5,46.0,0.44902596025243263,16,298.0,0.20336564037003163,21,344.0
4490.0,19,208.0,3.7142857142857144,6.713030833128839,6,74.0,0.5650343505093774,13,314.0,0.20691606311906913,19,388.0
4495.0,18,279.0,5.072727272727272,6.170593976760296,5,84.0,0.4710494370236001,13,362.0,0.2293557144741438,18,446.0
4500.0,18,282.0,5.127272727272727,5.923966370919988,6,88.0,0.39121238248064333,12,374.0,0.22859144286896407,18,462.0
4505.0,21,318.0,5.888888888888889,5.37070699840126,6,97.0,0.2836773637509649,15,391.0,0.21652210323178123,21,488.0
4510.0,24,291.0,5.490566037735849,5.1062990226851435,11,107.0,0.2789210669950194,13,356.0,0.23012874569426067,24,463.0
4515.0,17,193.0,3.7115384615384617,5.4419980429484225,9,99.0,0.2653865840605642,8,232.0,0.29697390760391806,17,331.0
4520.0,21,291.0,6.191489361702128,6.005708518222511,11,134.0,0.20492062939603728,10,218.0,0.37587419059222044,21,352.0
4525.0,17,302.0,6.425531914893617,6.225565334183402,9,151.0,0.21888057982597012,8,250.0,0.3053349628384636,17,401.0
4530.0,15,301.0,6.142857142857143,6.083175754545529,4,109.0,0.30359991873260744,11,292.0,0.21922974207244467,15,401.0
4535.0,14,302.0,7.190476190476191,5.869244817199518,4,85.0,0.4302612196732929,10,294.0,0.22381386431250042,14,379.0
4540.0,16,303.0,7.575,7.028668098819068,6,113.0,0.5068029430127955,10,252.0,0.3321117183651723,16,365.0
4545.0,15,371.0,9.763157894736842,5.539169137630392,4,125.0,0.5305112505683393,11,264.0,0.18454354528678196,15,389.0
4550.0,16,427.0,11.54054054054054,5.94998142052463,5,148.0,0.5073132648532037,11,309.0,0.20095556613246812,16,457.0
4555.0,17,495.0,12.692307692307692,5.984577872197454,7,179.0,0.4154898333484875,10,339.0,0.24884886148115692,17,518.0
4560.0,15,395.0,9.634146341463415,5.2840971045171194,7,154.0,0.4069742873952718,8,321.0,0.12142306491475471,15,475.0
4565.0,17,478.0,12.256410256410257,5.5844264126937295,8,187.0,0.3680236288572357,9,314.0,0.24286979501180153,17,501.0
4570.0,17,507.0,12.675,5.037673823689377,8,194.0,0.2326041696142151,9,359.0,0.2805737118727146,17,553.0
4575.0,14,533.0,13.666666666666666,5.594903899774593,5,175.0,0.1886754925708931,9,395.0,0.3116107122664977,14,570.0
4580.0,13,204.0,5.368421052631579,4.90815596476326,6,54.0,0.11620662036078974,7,257.0,0.26418236235853926,13,311.0
4585.0,12,114.0,2.923076923076923,6.616414035437622,6,60.0,0.3785586565980822,6,153.0,0.3957020796193213,12,213.0
4590.0,11,94.0,2.238095238095238,6.6027697110674906,4,62.0,0.4554447360433888,7,132.0,0.42616261071037514,11,194.0
4595.0,12,141.0,3.2790697674418605,7.774544352973827,3,50.0,0.6205192150806106,9,171.0,0.41871069890813806,12,221.0
4600.0,11,158.0,3.761904761904762,6.799405172943342,3,43.0,0.6016387890773374,8,169.0,0.31913197595118825,11,212.0
4605.0,15,203.0,4.72093023255814,6.919995131219755,5,63.0,0.52576267363146,10,168.0,0.31916212708892094,15,231.0
4610.0,17,198.0,4.714285714285714,5.052288888777801,8,65.0,0.3292559863910963,9,169.0,0.2911675160817791,17,234.0
4615.0,19,280.0,6.511627906976744,5.477048327903787,10,112.0,0.2800894330816542,9,185.0,0.3004177159234766,19,297.0
4620.0,15,203.0,4.72093023255814,5.515592154954407,7,126.0,0.24225341214559423,8,149.0,0.3706562030051317,15,275.0
4625.0,9,177.0,3.765957446808511,7.519599010236293,4,117.0,0.3677430501879061,5,107.0,0.48437032094774174,9,224.0
4630.0,8,149.0,3.239130434782609,7.4859953384083,4,100.0,0.4263466968981805,4,88.0,0.4883466260304684,8,188.0
4635.0,14,206.0,4.5777777777777775,7.623851116637228,7,133.0,0.5103779144480836,7,118.0,0.30135197628563387,14,251.0
4640.0,14,129.0,3.225,5.844951886739528,5,79.0,0.4919846390429672,9,129.0,0.19447029508932318,14,208.0
4645.0,20,179.0,4.261904761904762,4.25803680543869,9,118.0,0.35596965056005386,11,112.0,0.09270201524556135,20,230.0
4650.0,19,161.0,3.744186046511628,3.76929734961688,10,114.0,0.33834523856809584,9,134.0,0.14542174398564423,19,248.0
4655.0,10,136.0,3.1627906976744184,6.511869293452342,4,81.0,0.4253372478426815,6,117.0,0.3576582970437784,10,198.0
4660.0,11,128.0,2.8444444444444446,7.294881021088747,7,71.0,0.4198468438160653,4,97.0,0.35408759238955867,11,168.0
4665.0,11,96.0,2.0869565217391304,7.099166948299718,7,82.0,0.3988760615578768,4,86.0,0.31116890625285726,11,168.0
4670.0,13,124.0,2.883720930232558,6.784621479294126,8,90.0,0.4069937125492356,5,70.0,0.39329339068946134,13,160.0
4675.0,17,166.0,3.688888888888889,5.260462835134382,10,108.0,0.34438723062383536,7,100.0,0.39467424662180967,17,208.0
4680.0,21,197.0,3.94,4.521686658583047,15,155.0,0.2208986497496816,6,95.0,0.45131450715542853,21,250.0
4685.0,21,224.0,4.148148148148148,5.294679356804141,15,194.0,0.27808308336697546,6,107.0,0.501140473089354,21,301.0
4690.0,15,191.0,3.3508771929824563,6.320372467153615,11,178.0,0.3634612590112913,4,97.0,0.46495034515258715,15,275.0
4695.0,20,237.0,4.157894736842105,5.892916778925717,12,198.0,0.3255679277295387,8,105.0,0.28590475136511617,20,303.0
4700.0,21,168.0,2.847457627118644,5.261028071456726,13,212.0,0.23961988218325198,8,57.0,0.2742270016985704,21,269.0
4705.0,26,196.0,3.0153846153846153,4.718260739291,16,236.0,0.22126026004817467,10,80.0,0.3053419434942167,26,316.0
4710.0,26,282.0,4.548387096774194,5.51767508166326,18,292.0,0.3190673760553236,8,112.0,0.45866938886234726,26,404.0
4715.0,26,340.0,5.3125,5.328047772238234,18,352.0,0.3167020593619199,8,111.0,0.4259023026162207,26,463.0
4720.0,28,400.0,5.797101449275362,4.940055036246888,19,389.0,0.27161904943059656,9,121.0,0.3827303525722546,28,510.0
4725.0,31,435.0,6.126760563380282,4.772341004362847,21,424.0,0.209039479120136,10,149.0,0.3796362920578999,31,573.0
4730.0,26,395.0,5.563380281690141,4.864839209482962,17,386.0,0.19937538418193584,9,174.0,0.2901674713817797,26,560.0
4735.0,31,510.0,7.183098591549296,4.891057259185222,18,427.0,0.2548493819937964,13,219.0,0.14758704395902056,31,646.0
4740.0,34,553.0,8.014492753623188,4.405939118552955,19,489.0,0.1624288512345762,15,251.0,0.21906469012150007,34,740.0
4745.0,32,499.0,7.676923076923077,4.032258296015716,19,480.0,0.17087407321446352,13,247.0,0.3025620082123852,32,727.0
4750.0,34,434.0,6.676923076923077,3.7402537602318024,23,474.0,0.18764499596969442,11,273.0,0.2683996461397326,34,747.0
4755.0,32,462.0,7.107692307692307,3.6860950158379713,21,515.0,0.09034259864046307,11,246.0,0.3446616658542934,32,761.0
4760.0,29,427.0,6.569230769230769,4.1268853554367615,19,522.0,0.05625232438770666,10,265.0,0.34594069428781926,29,787.0
4765.0,26,387.0,5.5285714285714285,5.206128302218289,13,505.0,0.25809126474498223,13,313.0,0.3180282644333005,26,818.0
4770.0,29,369.0,5.507462686567164,5.046981803552587,17,500.0,0.2700357102259697,12,275.0,0.3218376379006162,29,775.0
4775.0,29,431.0,6.734375,4.405854470857287,17,539.0,0.2277405262958442,12,234.0,0.3073690823040677,29,773.0
4780.0,27,443.0,7.262295081967213,3.7074707527462962,14,522.0,0.2248438119304362,13,242.0,0.1637890998935557,27,764.0
4785.0,27,474.0,7.523809523809524,3.740767724551384,13,511.0,0.19023419220142232,14,240.0,0.14490089205832768,27,751.0
4790.0,29,490.0,8.032786885245901,4.079119542921322,18,476.0,0.15834355749532794,11,262.0,0.26047919920928897,29,738.0
4795.0,32,591.0,9.85,4.581564560040715,20,526.0,0.1741320488116727,12,276.0,0.3551185135333898,32,802.0
4800.0,21,606.0,10.448275862068966,4.708253049702423,11,531.0,0.24988425239424186,10,300.0,0.2538326859235843,21,831.0
4805.0,24,681.0,11.741379310344827,5.487508976115108,12,548.0,0.3219480336405355,12,308.0,0.2040882011161748,24,856.0
4810.0,23,605.0,10.083333333333334,4.876981209163199,12,530.0,0.25414521838023574,11,324.0,0.19830455558262863,23,854.0
4815.0,22,410.0,6.9491525423728815,5.534054509547778,13,453.0,0.20575194419749443,9,316.0,0.391113317612783,22,769.0
4820.0,24,334.0,5.758620689655173,4.9841422080213285,14,451.0,0.10516235035284481,10,275.0,0.4096104655537438,24,726.0
4825.0,28,284.0,4.813559322033898,5.243747137691361,19,477.0,0.20820391010582429,9,178.0,0.36996661209108966,28,655.0
4830.0,25,337.0,6.017857142857143,4.178703717530874,15,509.0,0.26874971533351355,10,184.0,0.2601739537538,25,693.0
4835.0,26,316.0,5.642857142857143,4.280654770559193,11,481.0,0.28271271336543097,15,215.0,0.23714586465856372,26,696.0
4840.0,25,357.0,6.0508474576271185,4.500366911722838,10,447.0,0.30456190199968824,15,253.0,0.18474951805028764,25,700.0
4845.0,31,365.0,5.983606557377049,3.992369337786809,17,350.0,0.18976625371321276,14,274.0,0.22665916744526773,31,624.0
4850.0,28,423.0,7.05,4.5053328458904796,16,384.0,0.160382931083811,12,256.0,0.35027393877972385,28,640.0
4855.0,27,453.0,7.677966101694915,4.457667438944881,11,371.0,0.22656444065370004,16,286.0,0.18521870665204168,27,657.0
4860.0,20,419.0,6.868852459016393,4.6702185620511125,6,346.0,0.31096014637344543,14,308.0,0.12275762507744976,20,654.0
4865.0,25,511.0,8.11111111111111,4.744114886008903,11,350.0,0.2912532054965857,14,358.0,0.1925788408228937,25,708.0
4870.0,28,561.0,8.373134328358208,4.697795949549488,16,389.0,0.33463156972463115,12,376.0,0.24675139999938123,28,765.0
4875.0,20,589.0,9.061538461538461,6.114450950739896,7,377.0,0.42961635127859066,13,376.0,0.29370987579132896,20,753.0
4880.0,19,428.0,6.388059701492537,5.425142152002675,6,234.0,0.3523187747163698,13,418.0,0.23914095316622974,19,652.0
4885.0,25,501.0,7.260869565217392,5.5597061700004415,14,226.0,0.33666900054333027,11,450.0,0.2160136101645049,25,676.0
4890.0,29,514.0,8.03125,4.881198531262496,17,268.0,0.29935820567252563,12,452.0,0.28885347030521863,29,720.0
4895.0,28,464.0,7.25,4.285397234935984,13,279.0,0.23629081928676876,15,405.0,0.2403243373562108,28,684.0
4900.0,28,533.0,8.075757575757576,3.8002443214299357,15,337.0,0.25394549315048226,13,440.0,0.15972747974629356,28,777.0
4905.0,34,646.0,9.64179104477612,4.807609087345942,21,410.0,0.2434128214288958,13,480.0,0.3081587674820865,34,890.0
4910.0,31,448.0,6.588235294117647,4.290640342371953,21,471.0,0.1574966763848987,10,359.0,0.3825629623174182,31,830.0
4915.0,35,571.0,7.821917808219178,4.960873462039469,21,494.0,0.18293745750308107,14,321.0,0.37135113562021727,35,815.0
4920.0,35,603.0,7.934210526315789,4.980459266294628,20,546.0,0.2715380730620991,15,339.0,0.3053980552678638,35,885.0
4925.0,31,551.0,7.1558441558441555,5.070433266959312,14,530.0,0.3492807624319503,17,339.0,0.23799502568131317,31,869.0
4930.0,28,386.0,4.886075949367089,4.758886589056268,13,380.0,0.33016240113335715,15,384.0,0.2286997214203257,28,764.0
4935.0,26,335.0,4.085365853658536,5.171501179284035,15,288.0,0.2559818059472548,11,392.0,0.34658505783707105,26,680.0
4940.0,27,281.0,3.5125,4.972044435312392,18,318.0,0.2539315475371388,9,328.0,0.28286885072168155,27,646.0
4945.0,35,344.0,4.3,4.875616836755673,20,382.0,0.2129740393435574,15,264.0,0.2720453711020715,35,646.0
4950.0,41,437.0,5.675324675324675,4.00581258482179,25,436.0,0.17562168565418915,16,312.0,0.2556981090909081,41,748.0
4955.0,33,436.0,5.662337662337662,4.065455895207348,20,440.0,0.12911230584100525,13,337.0,0.2371243952698204,33,777.0
4960.0,26,408.0,5.513513513513513,4.3702935508976255,16,463.0,0.16542736417139892,10,316.0,0.237612118203864,26,779.0
4965.0,32,416.0,5.333333333333333,4.350910132713009,18,487.0,0.16333591197418584,14,303.0,0.1932301005156682,32,790.0
4970.0,36,371.0,4.818181818181818,4.00707159375528,20,513.0,0.23771088189262038,16,308.0,0.2103006673538315,36,821.0
4975.0,40,450.0,5.8441558441558445,4.170915712510423,22,528.0,0.2558009921928632,18,300.0,0.25642925765413926,40,828.0
4980.0,40,515.0,6.602564102564102,3.4941346024430415,24,572.0,0.1723372494570678,16,344.0,0.2947374931996436,40,916.0
4985.0,33,404.0,4.926829268292683,4.019826885966169,21,540.0,0.14960164950526295,12,334.0,0.27972017716444614,33,874.0
4990.0,25,396.0,4.658823529411765,5.238247793122464,17,536.0,0.262371632404281,8,281.0,0.2696573793303481,25,817.0
4995.0,28,445.0,5.235294117647059,5.66790734442875,15,529.0,0.31234153058403596,13,267.0,0.24644329281386498,28,796.0
5000.0,32,457.0,5.573170731707317,4.3329350724670554,16,528.0,0.21528991154277202,16,295.0,0.26015069576436683,32,823.0
5005.0,35,560.0,7.0,4.03889046846271,21,548.0,0.13915492092393222,14,276.0,0.3101749035929259,35,824.0
5010.0,37,494.0,6.024390243902439,4.353906511192749,25,546.0,0.11607352836568056,12,264.0,0.3562900470634679,37,810.0
5015.0,46,588.0,7.0843373493975905,4.127561852943273,27,540.0,0.14446907992645505,19,308.0,0.24536650574110916,46,848.0
5020.0,49,657.0,7.9156626506024095,3.2190527302564167,25,605.0,0.15454790483933414,24,348.0,0.1752036762098524,49,953.0
5025.0,42,627.0,7.554216867469879,3.4731482835572987,17,582.0,0.16927470581268514,25,408.0,0.16208572029549356,42,990.0
5030.0,37,680.0,8.395061728395062,4.511370456708622,11,556.0,0.30772413226202033,26,477.0,0.20519353536669913,37,1033.0
5035.0,29,560.0,6.511627906976744,5.14989010260937,11,514.0,0.2567293958633651,18,477.0,0.2783996046086553,29,991.0
5040.0,32,483.0,5.682352941176471,4.952583345072141,15,468.0,0.16667926469437924,17,489.0,0.2896889762742835,32,957.0
5045.0,34,561.0,6.6,5.07004541313825,17,501.0,0.20001427601960758,17,481.0,0.2798109958744706,34,982.0
5050.0,31,643.0,8.139240506329115,5.04498767694891,10,474.0,0.25723985818063344,21,529.0,0.2549213412635771,31,1003.0
5055.0,38,603.0,8.14864864864865,3.944358171828734,14,446.0,0.2881185055977155,24,561.0,0.14286667449300622,38,1007.0
5060.0,38,473.0,6.223684210526316,4.440875941019447,14,405.0,0.3336404558386497,24,559.0,0.1293049314584943,38,964.0
5065.0,35,432.0,5.837837837837838,3.7113412625989803,17,390.0,0.2504450716286766,18,599.0,0.1560045531501081,35,989.0
5070.0,36,504.0,6.8108108108108105,4.264689553267843,20,420.0,0.21438277550910262,16,574.0,0.21986199001227066,36,994.0
5075.0,40,572.0,7.526315789473684,3.9380453597814955,21,470.0,0.15401736040382236,19,608.0,0.2144292531751427,40,1078.0
5080.0,33,624.0,8.103896103896103,5.003192635856602,13,465.0,0.26389264597931955,20,679.0,0.19864465025881725,33,1144.0
5085.0,34,567.0,7.662162162162162,4.487801541555858,14,423.0,0.31772459178975354,20,695.0,0.14686605830490726,34,1118.0
5090.0,37,460.0,6.052631578947368,4.157093227302883,18,380.0,0.19491159235780536,19,676.0,0.18275247350450194,37,1056.0
5095.0,40,550.0,7.534246575342466,4.138428433161238,22,402.0,0.19423490579206507,18,667.0,0.2710155174304157,40,1069.0
5100.0,36,547.0,7.391891891891892,3.8422867583901352,20,424.0,0.22035767838879847,16,685.0,0.24555093642065956,36,1109.0
5105.0,33,525.0,7.291666666666667,3.560408342343012,19,456.0,0.16429484034112524,14,649.0,0.21221924532181174,33,1105.0
5110.0,33,451.0,5.934210526315789,3.852615030619029,16,414.0,0.1860414774820623,17,631.0,0.1268135019802283,33,1045.0
5115.0,27,293.0,3.7088607594936707,4.652387230358391,11,409.0,0.30186709384329635,16,551.0,0.12282066441466177,27,960.0
5120.0,34,391.0,5.012820512820513,5.10074189387011,16,410.0,0.29400495664008003,18,518.0,0.2640518253467455,34,928.0
5125.0,37,487.0,6.493333333333333,3.9165728534597943,20,436.0,0.20301616817414572,17,544.0,0.2783280498817422,37,980.0
5130.0,32,512.0,7.111111111111111,3.7898313928936043,16,422.0,0.2131305636746402,16,535.0,0.16841702846802065,32,957.0
5135.0,25,573.0,8.304347826086957,4.464720119515892,13,435.0,0.1908931369634983,12,532.0,0.1852495724717768,25,967.0
5140.0,27,553.0,8.014492753623188,5.023709531813259,13,394.0,0.22640924158636103,14,535.0,0.1754554084587239,27,929.0
5145.0,35,581.0,8.671641791044776,3.9188776170517037,17,393.0,0.18263599493990837,18,535.0,0.14152040035575753,35,928.0
5150.0,33,569.0,9.031746031746032,3.723395282699247,18,457.0,0.19404028433993809,15,455.0,0.1941591316257654,33,912.0
5155.0,26,592.0,9.866666666666667,4.035402207871544,12,482.0,0.27239579496063826,14,478.0,0.20631382231451068,26,960.0
5160.0,22,506.0,8.433333333333334,4.815060141192483,12,482.0,0.21815786511229027,10,430.0,0.29190990550943313,22,912.0
5165.0,28,590.0,9.672131147540984,3.979872807855057,17,486.0,0.09987256771039821,11,436.0,0.24410544035483256,28,922.0
5170.0,32,670.0,10.634920634920634,4.207875674382361,18,550.0,0.1596892511016519,14,418.0,0.2995654346539705,32,968.0
5175.0,29,774.0,12.285714285714286,4.428404069829382,17,609.0,0.2285879325653867,12,438.0,0.31505305018438007,29,1047.0
5180.0,24,785.0,12.46031746031746,5.068601514738281,14,622.0,0.23044893623482068,10,406.0,0.37395404885445394,24,1028.0
5185.0,16,494.0,7.6,5.602013637466344,7,563.0,0.2603222549537641,9,270.0,0.33300475522181916,16,833.0
5190.0,21,410.0,6.612903225806452,5.435976548684679,6,442.0,0.4411150540733229,15,242.0,0.09426852129756379,21,684.0
5195.0,24,185.0,3.0327868852459017,5.378122081050889,6,267.0,0.4265035062782345,18,262.0,0.17490252499205494,24,529.0
5200.0,26,282.0,4.7,5.7499507281845545,10,149.0,0.40159942334728177,16,310.0,0.27925916560393227,26,459.0
5205.0,26,294.0,4.9,4.224679993200062,10,140.0,0.25911772199608485,16,327.0,0.2497971121086172,26,467.0
5210.0,16,270.0,4.354838709677419,5.483202690775137,7,143.0,0.3769902439350122,9,301.0,0.25341370375062755,16,444.0
5215.0,18,263.0,4.109375,6.23061650956123,6,119.0,0.4751534757751592,12,270.0,0.23420726255773527,18,389.0
5220.0,22,254.0,3.735294117647059,5.912249742382859,12,162.0,0.3147558942689995,10,239.0,0.3010059325205805,22,401.0
5225.0,24,253.0,3.8333333333333335,4.703880701797069,13,163.0,0.25050960330139144,11,268.0,0.31847800000460247,24,431.0
5230.0,30,375.0,5.597014925373134,4.543661028652365,14,211.0,0.22185159064443585,16,309.0,0.33597145567022485,30,520.0
5235.0,32,400.0,5.882352941176471,4.507592248994335,13,248.0,0.21551754155477754,19,327.0,0.3434530591880168,32,575.0
5240.0,24,336.0,5.014925373134329,4.9348630212884075,6,217.0,0.21194603016770536,18,328.0,0.2944888372911736,24,545.0
5245.0,23,186.0,2.8181818181818183,4.163623170291757,2,105.0,0.2784940270261399,21,331.0,0.13333206846853013,23,436.0
5250.0,27,251.0,3.746268656716418,4.699223597869314,5,100.0,0.32920443664633875,22,375.0,0.14686726348855683,27,475.0
5255.0,30,298.0,4.515151515151516,4.4939801017238015,6,98.0,0.4141159475442665,24,423.0,0.14011942362607693,30,521.0
5260.0,23,257.0,4.015625,5.415666182504472,0,43.0,0.6319198206324809,23,437.0,0.14929005846112958,23,480.0
5265.0,22,277.0,4.134328358208955,5.413673564021186,3,52.0,0.4700982143871049,19,468.0,0.15188144538008125,22,520.0
5270.0,25,285.0,4.596774193548387,5.2664297601475365,10,92.0,0.3604369767853345,15,463.0,0.20506092347620644,25,555.0
5275.0,27,336.0,5.419354838709677,4.45552787862362,9,133.0,0.25553214729349877,18,495.0,0.15060174770415577,27,628.0
5280.0,32,441.0,7.229508196721311,4.524255849730252,13,187.0,0.18651431687245637,19,531.0,0.20795862001710216,32,718.0
5285.0,31,350.0,5.833333333333333,4.2353716302461555,12,188.0,0.20368613467775432,19,534.0,0.21548450536724384,31,722.0
5290.0,23,329.0,5.483333333333333,5.390735274262137,3,125.0,0.38664557249167225,20,512.0,0.18746402629912384,23,637.0
5295.0,23,369.0,6.254237288135593,5.474545539351372,4,85.0,0.566819032245719,19,541.0,0.10988793820312123,23,626.0
5300.0,18,333.0,5.741379310344827,6.282442656206734,5,78.0,0.41647681139835624,13,496.0,0.2530036303789804,18,574.0
5305.0,19,357.0,6.2631578947368425,5.275037190657307,9,114.0,0.21229582589424767,10,497.0,0.2535301821596264,19,611.0
5310.0,26,369.0,6.833333333333333,5.3235417233134985,10,95.0,0.3260509358856645,16,506.0,0.21116787096552733,26,601.0
5315.0,25,396.0,7.615384615384615,4.014633607116668,11,132.0,0.28928904407304434,14,502.0,0.15530528947927308,25,634.0
5320.0,21,248.0,4.679245283018868,5.246725100027724,9,146.0,0.32102781522379853,12,419.0,0.26737282021059966,21,565.0
5325.0,13,166.0,3.2549019607843137,6.013720378300477,5,99.0,0.3473696089926811,8,393.0,0.3400240301483207,13,492.0
5330.0,11,114.0,2.28,5.614356314238723,4,95.0,0.25663458980152326,7,306.0,0.2509951684330479,11,401.0
5335.0,23,181.0,3.4150943396226414,5.01133467056485,13,127.0,0.19921006846960782,10,232.0,0.24237318413394168,23,359.0
5340.0,19,193.0,3.5090909090909093,5.931138402276574,10,138.0,0.3579663791707754,9,149.0,0.34305876826146897,19,287.0
5345.0,19,282.0,5.320754716981132,6.7356418435470715,12,184.0,0.4296185958774986,7,168.0,0.4985053438887334,19,352.0
5350.0,18,309.0,5.722222222222222,6.356088315196941,10,183.0,0.4431886545375421,8,201.0,0.4282812330454755,18,384.0
5355.0,17,198.0,3.8076923076923075,5.299138417780001,9,134.0,0.3268942142438749,8,186.0,0.3135203022367346,17,320.0
5360.0,13,158.0,3.0384615384615383,4.7452889416870425,7,132.0,0.2742702480500502,6,167.0,0.2095761289568675,13,299.0
5365.0,22,179.0,3.314814814814815,4.719498321556199,14,165.0,0.2756986683622471,8,154.0,0.2153971514581065,22,319.0
5370.0,23,243.0,4.764705882352941,4.600613274085399,16,191.0,0.1799949529583977,7,144.0,0.3261242695403458,23,335.0
5375.0,16,202.0,3.9607843137254903,5.557262745282469,11,187.0,0.15627803863431802,5,108.0,0.4616642405634419,16,295.0
5380.0,11,164.0,3.28,7.080601978047176,7,145.0,0.3421633075265169,4,113.0,0.43066400367332447,11,258.0
5385.0,13,140.0,3.0434782608695654,6.192094802363708,8,132.0,0.310131289974641,5,82.0,0.2955703464844536,13,214.0
5390.0,21,234.0,5.441860465116279,5.727361601183618,13,191.0,0.23576190240403397,8,118.0,0.3762801426687074,21,309.0
5395.0,18,266.0,6.186046511627907,4.2431180753650075,12,226.0,0.17363025466389956,6,132.0,0.3388336542461727,18,358.0
5400.0,15,267.0,5.933333333333334,5.777594814736774,9,209.0,0.2103917160653957,6,138.0,0.3988861508424124,15,347.0
5405.0,9,204.0,4.340425531914893,6.673893584096147,6,216.0,0.2696977648672842,3,82.0,0.4563632904931862,9,298.0
5410.0,17,272.0,5.333333333333333,7.725239833442702,11,257.0,0.2580021511920481,6,58.0,0.5730806980800427,17,315.0
5415.0,16,287.0,6.377777777777778,7.025146558625915,10,260.0,0.37067990332424705,6,85.0,0.5380921262146918,16,345.0
5420.0,17,363.0,8.25,5.760453636249053,9,284.0,0.38306770587127165,8,125.0,0.3524290884315547,17,409.0
5425.0,19,239.0,5.195652173913044,4.417715126897422,9,200.0,0.2688485100068963,10,145.0,0.330610960476766,19,345.0
5430.0,22,333.0,6.795918367346939,5.2466445753387845,11,199.0,0.22051924595280664,11,186.0,0.420177973463507,22,385.0
5435.0,18,222.0,4.111111111111111,5.240157412645792,9,179.0,0.33474603061527763,9,153.0,0.3466873731644064,18,332.0
5440.0,15,197.0,3.3389830508474576,6.675694802117119,5,92.0,0.44879153220904605,10,146.0,0.3788662441554711,15,238.0
5445.0,18,120.0,2.0689655172413794,6.122698785153286,7,95.0,0.36206566190708206,11,138.0,0.36230720264616795,18,233.0
5450.0,16,129.0,2.2241379310344827,6.629169518209029,9,115.0,0.36675826302269776,7,86.0,0.37178463860517613,16,201.0
5455.0,22,162.0,2.7,4.967817563973211,12,131.0,0.2560082997043402,10,116.0,0.24960288870411085,22,247.0
5460.0,20,203.0,3.56140350877193,5.936954493102261,7,130.0,0.384162950434779,13,155.0,0.325483204410706,20,285.0
5465.0,18,184.0,3.2280701754385963,5.589316200339431,7,116.0,0.42506158044927433,11,182.0,0.24291855211821822,18,298.0
5470.0,19,239.0,4.120689655172414,6.544829200347681,10,114.0,0.4150933891807348,9,177.0,0.33526929049902016,19,291.0
5475.0,21,226.0,3.9649122807017543,4.768426648530141,12,139.0,0.20709582818673794,9,175.0,0.29839952964364314,21,314.0
5480.0,23,326.0,5.344262295081967,5.481345893400088,12,184.0,0.2386890126992925,11,198.0,0.37975263261216113,23,382.0
5485.0,22,361.0,6.11864406779661,4.8206912847922645,11,210.0,0.2895154024549778,11,233.0,0.34727538687602616,22,443.0
5490.0,25,468.0,7.548387096774194,5.670587514085115,14,257.0,0.32030243447435924,11,262.0,0.36333778860036303,25,519.0
5495.0,23,460.0,7.931034482758621,4.570039892402859,13,256.0,0.19809690973874475,10,298.0,0.2789149830132099,23,554.0
5500.0,22,426.0,7.220338983050848,5.683298135083815,10,197.0,0.28725605236332213,12,347.0,0.23778199577915496,22,544.0
5505.0,22,350.0,5.833333333333333,5.321933316818819,10,148.0,0.3339980140977985,12,289.0,0.1470424068980652,22,437.0
5510.0,21,357.0,5.95,6.313867552690591,11,178.0,0.3372345077041231,10,225.0,0.31994040492536674,21,403.0
5515.0,21,312.0,5.473684210526316,6.030790908518915,14,234.0,0.3261616549679561,7,184.0,0.42624750946806766,21,418.0
5520.0,21,322.0,5.366666666666666,5.784019016465351,14,284.0,0.3487976511458018,7,104.0,0.44380881188009036,21,388.0
5525.0,20,378.0,6.3,5.449696496754617,13,307.0,0.42159317815423847,7,118.0,0.30275394063281863,20,425.0
5530.0,23,388.0,6.466666666666667,5.689872608062619,14,328.0,0.4067042121205184,9,138.0,0.19821865909661518,23,466.0
5535.0,25,391.0,6.409836065573771,5.228189886620845,13,305.0,0.34493531900950336,12,196.0,0.20688208625093218,25,501.0
5540.0,28,347.0,5.421875,4.4424389759321965,18,351.0,0.24006816312021126,10,181.0,0.2696797660906207,28,532.0
5545.0,28,423.0,6.934426229508197,4.7005707990066705,22,421.0,0.1829008603310863,6,135.0,0.3932900650653586,28,556.0
5550.0,28,440.0,7.096774193548387,5.060114549241725,23,486.0,0.13086467974449983,5,128.0,0.44539137380672444,28,614.0
5555.0,21,427.0,6.777777777777778,6.219611322549373,14,511.0,0.2144500205718858,7,131.0,0.5041861709758448,21,642.0
5560.0,22,355.0,5.546875,5.0964086189398685,15,497.0,0.18470010205000778,7,86.0,0.33588641694827803,22,583.0
5565.0,25,420.0,6.666666666666667,5.441000115580394,17,489.0,0.2239611708650433,8,96.0,0.40724192314286245,25,585.0
5570.0,25,439.0,6.753846153846154,5.404532512408985,17,523.0,0.3301513345303057,8,91.0,0.3389715567965064,25,614.0
5575.0,19,462.0,7.21875,6.013085844957082,12,495.0,0.33818543116371036,7,59.0,0.40486219266217044,19,554.0
5580.0,18,347.0,5.688524590163935,6.377184432902636,11,416.0,0.3017790496268162,7,81.0,0.3762937269724777,18,497.0
5585.0,20,209.0,3.265625,5.548248513878285,13,319.0,0.16963238741122025,7,109.0,0.3739501210396197,20,428.0
5590.0,27,319.0,5.406779661016949,5.2151883773661245,17,280.0,0.25301298453981014,10,135.0,0.35159689316596315,27,415.0
5595.0,25,362.0,6.033333333333333,4.797795043685398,17,328.0,0.22588490109082424,8,143.0,0.4050663043850132,25,471.0
5600.0,19,389.0,6.377049180327869,5.65865463739204,12,350.0,0.1899325325079769,7,142.0,0.48119570064300615,19,492.0
5605.0,17,375.0,6.25,5.967290132467888,13,387.0,0.20703404745347317,4,102.0,0.4327385750356215,17,489.0
5610.0,27,470.0,8.10344827586207,5.326868893326109,19,438.0,0.17625025131516345,8,120.0,0.3384767324800461,27,558.0
5615.0,26,417.0,7.446428571428571,4.877601469178565,19,467.0,0.15859037550849667,7,75.0,0.37196172577908554,26,542.0
5620.0,26,448.0,8.452830188679245,4.735608167720928,19,467.0,0.1871456541591013,7,97.0,0.35975813655381117,26,564.0
5625.0,25,434.0,8.037037037037036,4.506173811467636,18,505.0,0.23383358799445572,7,85.0,0.291192781034833,25,590.0
5630.0,19,384.0,7.384615384615385,5.528862688902725,11,473.0,0.2655023022922807,8,97.0,0.3845398911007948,19,570.0
5635.0,13,121.0,2.326923076923077,5.0530234057953765,8,364.0,0.253394516404353,5,89.0,0.31294996450413987,13,453.0
5640.0,18,159.0,3.0576923076923075,5.610386694813282,14,291.0,0.20044427465944825,4,62.0,0.3892896958247767,18,353.0
5645.0,22,225.0,4.5,4.92181571773356,16,314.0,0.09444776498893309,6,85.0,0.42301272094152603,22,399.0
5650.0,16,206.0,3.8867924528301887,6.050344789434878,12,281.0,0.18806024526844559,4,80.0,0.4635966460278436,16,361.0
5655.0,11,237.0,4.3090909090909095,7.184158178575051,8,261.0,0.3952951590734042,3,74.0,0.4218254239793623,11,335.0
5660.0,14,163.0,2.9107142857142856,7.370139407048419,8,224.0,0.42798428883375333,6,29.0,0.5309239938207839,14,253.0
5665.0,19,184.0,3.2857142857142856,6.750255801905191,9,197.0,0.42558253484285435,10,66.0,0.3822736896082583,19,263.0
5670.0,18,139.0,2.5272727272727273,5.651834060759925,11,188.0,0.3225944447087101,7,72.0,0.4177589694461338,18,260.0
5675.0,24,199.0,3.618181818181818,4.80549252214318,18,218.0,0.16031127479609733,6,50.0,0.4278655312411143,24,268.0
5680.0,23,252.0,4.666666666666667,4.839123984286859,18,276.0,0.16674746832961612,5,49.0,0.4813371613095382,23,325.0
5685.0,25,343.0,6.351851851851852,5.759431018628187,20,349.0,0.20746608213630305,5,38.0,0.518121768707129,25,387.0
5690.0,23,318.0,5.888888888888889,4.228584800041258,18,369.0,0.17780316743059682,5,46.0,0.3107602841369662,23,415.0
5695.0,19,203.0,3.830188679245283,5.06869099104785,12,326.0,0.16010116811443506,7,68.0,0.3157286082624087,19,394.0
5700.0,18,242.0,4.4,6.062445452227497,10,272.0,0.284542074212994,8,94.0,0.17615482138737293,18,366.0
5705.0,17,272.0,5.037037037037037,6.724896081409774,9,278.0,0.3110939225742359,8,116.0,0.24928869027256145,17,394.0
5710.0,18,239.0,4.979166666666667,5.3959267979456556,12,284.0,0.2315780478612604,6,94.0,0.37273850547161297,18,378.0
5715.0,19,220.0,4.583333333333333,4.690506245057299,13,261.0,0.21606291481234022,6,103.0,0.4254884592257254,19,364.0
5720.0,24,283.0,6.0212765957446805,5.4333473592170645,17,305.0,0.2372716108963614,7,119.0,0.521633630723851,24,424.0
5725.0,20,300.0,6.25,5.135562286457562,13,307.0,0.1936918756710362,7,109.0,0.4617648158854722,20,416.0
5730.0,12,170.0,3.3333333333333335,6.031237493270858,7,224.0,0.25358788330992976,5,72.0,0.40285732277903374,12,296.0
5735.0,15,224.0,4.226415094339623,7.167865919249475,7,200.0,0.42407821897843484,8,58.0,0.2123231877616023,15,258.0
5740.0,20,298.0,5.730769230769231,6.700258085046579,10,228.0,0.3387177633609213,10,99.0,0.24521011476446183,20,327.0
5745.0,17,321.0,6.6875,6.875519743568948,9,234.0,0.3717813807687063,8,124.0,0.27105197590410196,17,358.0
5750.0,16,335.0,7.127659574468085,5.8976507322979135,9,243.0,0.3286082540637388,7,131.0,0.35337389617565806,16,374.0
5755.0,21,409.0,9.295454545454545,6.092508712230217,13,296.0,0.32952435081175485,8,122.0,0.3736921776024797,21,418.0
5760.0,18,222.0,4.723404255319149,5.1201335914002994,12,244.0,0.2362829434054837,6,84.0,0.37867495316314886,18,328.0
5765.0,23,257.0,4.7592592592592595,5.77662147688517,15,197.0,0.2050447656153724,8,72.0,0.4434234256578685,23,269.0
5770.0,21,280.0,5.090909090909091,5.66685469342623,14,256.0,0.28600346670700044,7,67.0,0.48088833498342703,21,323.0
5775.0,20,369.0,6.589285714285714,6.135974152589194,13,309.0,0.3119268595370388,7,80.0,0.5254420396050851,20,389.0
5780.0,21,291.0,4.85,4.978948791619248,12,283.0,0.36901102825310517,9,90.0,0.31850934038733864,21,373.0
5785.0,23,378.0,6.096774193548387,5.569096678069307,14,299.0,0.3159666486426399,9,101.0,0.35893570256508406,23,400.0
5790.0,26,279.0,4.5,5.140149220009445,15,288.0,0.23690564436871553,11,98.0,0.3098086498479683,26,386.0
5795.0,22,207.0,3.3934426229508197,5.483935459382472,10,197.0,0.26501018978159185,12,135.0,0.2786405142129909,22,332.0
5800.0,26,242.0,3.903225806451613,4.53251402907665,13,223.0,0.23788022139242668,13,181.0,0.16385679499077785,26,404.0
5805.0,21,272.0,4.317460317460317,5.7632017452693205,12,250.0,0.29159832793815876,9,197.0,0.30249936484856926,21,447.0
5810.0,21,243.0,3.857142857142857,4.988850983597462,14,255.0,0.2189319612495596,7,176.0,0.32897158906124224,21,431.0
5815.0,22,277.0,4.467741935483871,5.900478660161427,12,237.0,0.3171166001110577,10,152.0,0.3437248723678856,22,389.0
5820.0,20,179.0,2.8412698412698414,5.04610995433547,11,217.0,0.28590512586916733,9,131.0,0.23535515702815493,20,348.0
5825.0,29,252.0,3.7611940298507465,4.891097141016159,17,231.0,0.20417401354942635,12,165.0,0.2909277690319871,29,396.0
5830.0,29,295.0,4.538461538461538,4.940134967554714,19,288.0,0.25962364292512735,10,181.0,0.3700527306702877,29,469.0
5835.0,17,285.0,4.523809523809524,5.965280265553042,12,307.0,0.3027745801155307,5,136.0,0.40625856178037045,17,443.0
5840.0,22,300.0,4.545454545454546,4.519313250313033,16,319.0,0.14067893546518284,6,158.0,0.35902617822085353,22,477.0
5845.0,34,415.0,6.0144927536231885,5.017624921981128,22,372.0,0.16415798743562976,12,210.0,0.36505563298508187,34,582.0
5850.0,30,511.0,7.514705882352941,5.034580951029314,20,439.0,0.25182377374164144,10,230.0,0.39826670844101975,30,669.0
5855.0,22,565.0,8.308823529411764,5.729406811478377,14,451.0,0.2925654185050417,8,230.0,0.3999678270027749,22,681.0
5860.0,27,458.0,6.735294117647059,4.796191996780231,17,467.0,0.21319164236811355,10,164.0,0.27366821497817706,27,631.0
5865.0,32,574.0,7.972222222222222,5.602330278731539,19,479.0,0.22096237673329652,13,183.0,0.3125125040788366,32,662.0
5870.0,34,595.0,8.75,4.742158668950929,21,507.0,0.227436635402832,13,223.0,0.26875024448689705,34,730.0
5875.0,28,470.0,7.014925373134329,5.004597766465385,18,470.0,0.2742365680998729,10,247.0,0.26885586834793396,28,717.0
5880.0,24,384.0,6.0,4.0652761242983875,14,430.0,0.14662042238591722,10,208.0,0.2963088779293556,24,638.0
5885.0,33,397.0,6.015151515151516,3.5835064739698983,16,469.0,0.17446052975992415,17,181.0,0.21523218008951467,33,650.0
5890.0,35,504.0,7.753846153846154,3.498124820640886,20,502.0,0.1555307472185337,15,242.0,0.2945386058068394,35,744.0
5895.0,28,465.0,6.739130434782608,4.557057504937043,18,508.0,0.18381469162265643,10,259.0,0.32761929364457126,28,767.0
5900.0,22,308.0,4.463768115942029,5.147619708138754,14,439.0,0.248728732437208,8,228.0,0.2800463531589331,22,667.0
5905.0,28,316.0,4.328767123287672,4.405588151750794,14,443.0,0.19391331686211222,14,191.0,0.17742756706986806,28,634.0
5910.0,33,348.0,5.043478260869565,3.8198042305856816,16,412.0,0.2527380876472107,17,245.0,0.18134948506314424,33,657.0
5915.0,30,395.0,5.8088235294117645,4.413663346273583,17,452.0,0.28831008718685824,13,266.0,0.2490666026398435,30,718.0
5920.0,26,360.0,5.373134328358209,3.8401919599182834,17,464.0,0.1356557373182377,9,222.0,0.2747196297921182,26,686.0
5925.0,27,361.0,5.553846153846154,4.374033234483232,13,460.0,0.19365084707231398,14,221.0,0.23221426374672888,27,681.0
5930.0,34,464.0,7.365079365079365,2.8461814243538033,18,488.0,0.13601342844408473,16,264.0,0.08167427864409504,34,752.0
5935.0,28,526.0,8.21875,3.725381671284551,17,503.0,0.12105703309315687,11,279.0,0.17704675488010094,28,782.0
5940.0,28,392.0,6.030769230769231,4.125712525040116,17,456.0,0.15549470383524763,11,284.0,0.26027509790737796,28,740.0
5945.0,30,400.0,6.349206349206349,4.447959888802946,18,411.0,0.18019916435942965,12,292.0,0.2810912490088485,30,703.0
5950.0,32,446.0,6.861538461538461,3.8556182674395956,18,430.0,0.18934308389554136,14,319.0,0.2649183674850053,32,749.0
5955.0,22,396.0,6.092307692307692,4.967924330403191,9,384.0,0.24864561935246995,13,318.0,0.24431384875882647,22,702.0
5960.0,20,335.0,5.075757575757576,5.322279948941202,9,383.0,0.23677985632947632,11,272.0,0.2467939129064885,20,655.0
5965.0,30,392.0,6.030769230769231,5.000446906158728,13,369.0,0.23767246994746272,17,303.0,0.21495229992095016,30,672.0
5970.0,33,320.0,4.923076923076923,3.7971291545789954,15,307.0,0.21827972667168713,18,328.0,0.19458379433473877,33,635.0
5975.0,34,417.0,6.515625,4.022965522603414,18,333.0,0.20209992128368234,16,343.0,0.26162937475835907,34,676.0
5980.0,31,440.0,6.470588235294118,4.34834953751417,16,338.0,0.21906079109607685,15,370.0,0.3336110033030495,31,708.0
5985.0,19,294.0,4.323529411764706,5.364694881532221,8,260.0,0.26680540493206817,11,351.0,0.330290029278461,19,611.0
5990.0,19,197.0,3.078125,5.545361502662279,6,210.0,0.3756848282073933,13,264.0,0.255570519190548,19,474.0
5995.0,25,292.0,4.424242424242424,5.748317727470388,7,195.0,0.4297845018157217,18,250.0,0.15867477192265902,25,445.0
6000.0,30,298.0,5.0508474576271185,4.879418726696865,7,155.0,0.3298905501758608,23,327.0,0.14406609594738146,30,482.0
6005.0,30,378.0,6.3,4.4945297909090325,11,129.0,0.2790339582477088,19,389.0,0.16277513049302547,30,518.0
6010.0,30,373.0,6.114754098360656,3.6876105704958757,12,109.0,0.2843571916608085,18,426.0,0.18451758755538497,30,535.0
6015.0,27,406.0,6.655737704918033,5.225676382972293,11,136.0,0.3685640549699399,16,421.0,0.29323558127994587,27,557.0
6020.0,27,391.0,6.2063492063492065,4.4730237310252665,10,144.0,0.2336082328118664,17,427.0,0.28100582635263766,27,571.0
6025.0,24,265.0,4.416666666666667,5.030546564971688,7,120.0,0.27871635608244094,17,415.0,0.25292161069028063,24,535.0
6030.0,23,251.0,4.254237288135593,4.043768390952895,7,105.0,0.3078096528701899,16,470.0,0.146932770636752,23,575.0
6035.0,31,335.0,5.491803278688525,4.027488120859328,9,120.0,0.3719269492677601,22,518.0,0.09904945236771437,31,638.0
6040.0,29,359.0,5.885245901639344,3.735021619160845,8,126.0,0.3618227288879045,21,554.0,0.1393156107605598,29,680.0
6045.0,28,378.0,6.406779661016949,4.641941131784093,12,158.0,0.2826706398326553,16,548.0,0.24155713451729927,28,706.0
6050.0,26,293.0,4.883333333333334,3.7123011065515787,12,171.0,0.22627620475576427,14,527.0,0.17001369248768428,26,698.0
6055.0,24,321.0,5.440677966101695,4.772180785988193,6,143.0,0.4215928925531377,18,528.0,0.1028615933932838,24,671.0
6060.0,27,378.0,6.3,4.41510294009505,7,139.0,0.36006343392872014,20,579.0,0.12137978638764962,27,718.0
6065.0,23,447.0,7.45,5.9887212005472525,11,179.0,0.2765694884462727,12,577.0,0.35676847656497923,23,756.0
6070.0,26,457.0,8.017543859649123,4.847735148429146,12,203.0,0.19503573268972452,14,565.0,0.3438875327703857,26,768.0
6075.0,21,390.0,6.964285714285714,4.858265406441398,6,196.0,0.36397314166274736,15,489.0,0.22364368262197054,21,685.0
6080.0,26,285.0,4.830508474576271,4.155825270271511,6,168.0,0.3691553254360201,20,492.0,0.14733066746052195,26,660.0
6085.0,25,232.0,3.80327868852459,5.389882425772017,6,115.0,0.3795880623987844,19,489.0,0.28320205674915055,25,604.0
6090.0,27,284.0,4.580645161290323,5.216155666300824,11,111.0,0.30886363998852107,16,523.0,0.3310865897078398,27,634.0
6095.0,20,238.0,3.838709677419355,5.448542171814854,8,121.0,0.31824369572794414,12,492.0,0.3166654654878206,20,613.0
6100.0,22,215.0,3.4126984126984126,5.209036945883259,5,99.0,0.3501089254468525,17,487.0,0.223903362812351,22,586.0
6105.0,26,284.0,4.507936507936508,5.078672852489396,5,98.0,0.3043050837928866,21,522.0,0.1709093553842675,26,620.0
6110.0,30,349.0,5.287878787878788,5.850130382374733,8,117.0,0.3537815463285195,22,520.0,0.24843013149885393,30,637.0
6115.0,27,323.0,5.295081967213115,5.26617532147462,5,95.0,0.4417148262232471,22,461.0,0.22781823507176638,27,556.0
6120.0,28,384.0,6.295081967213115,4.458987033027365,7,97.0,0.3720764610574663,21,501.0,0.19565493775341344,28,598.0
6125.0,24,311.0,5.016129032258065,4.2587929645938045,7,82.0,0.33824595932157236,17,466.0,0.1504377295770669,24,548.0
6130.0,19,268.0,4.39344262295082,5.5823037867406,4,35.0,0.4554450771791709,15,429.0,0.2041003041904336,19,464.0
6135.0,20,203.0,3.274193548387097,6.3035110244726384,4,49.0,0.5736375407705687,16,424.0,0.15554868728272075,20,473.0
6140.0,20,244.0,4.135593220338983,5.293003342494572,3,46.0,0.48973435036155366,17,462.0,0.12532971155335113,20,508.0
6145.0,20,288.0,4.721311475409836,5.694152449224892,6,64.0,0.48578385736851487,14,463.0,0.17751231485025432,20,527.0
6150.0,24,308.0,5.133333333333334,5.391661799849393,8,68.0,0.4002343375357571,16,471.0,0.25557149858490036,24,539.0
6155.0,25,333.0,5.741379310344827,5.283814589651305,9,105.0,0.31026945118242677,16,473.0,0.3099122593238782,25,578.0
6160.0,24,396.0,6.827586206896552,3.8455452239034726,10,122.0,0.2812134487595258,14,514.0,0.23018047881219125,24,636.0
6165.0,28,507.0,8.45,4.690957302844353,13,176.0,0.2842960252180434,15,543.0,0.23178411189016135,28,719.0
6170.0,26,369.0,5.765625,4.674439379775139,11,178.0,0.2184500275163854,15,509.0,0.21241424242194498,26,687.0
6175.0,26,424.0,6.838709677419355,5.444071281283187,5,135.0,0.38701157896498295,21,539.0,0.15915961831634126,26,674.0
6180.0,25,436.0,7.517241379310345,5.394795822328546,6,135.0,0.4764730903245019,19,532.0,0.13499488587965044,25,667.0
6185.0,26,351.0,6.157894736842105,4.470809772618407,9,140.0,0.2531633578811309,17,472.0,0.11120519940250041,26,612.0
6190.0,27,353.0,6.303571428571429,4.294783711113939,13,144.0,0.23578105368717223,14,445.0,0.18458525777572365,27,589.0
6195.0,24,442.0,7.892857142857143,4.472418181258818,10,174.0,0.29230071771730787,14,451.0,0.28684746573130143,24,625.0
6200.0,19,402.0,7.3090909090909095,5.418288804036726,7,168.0,0.4299138840279447,12,456.0,0.2958540624192369,19,624.0
6205.0,18,248.0,4.275862068965517,5.62244855768738,8,134.0,0.31842815097655075,10,391.0,0.2697150555694558,18,525.0
6210.0,24,311.0,5.183333333333334,5.144626175190032,12,121.0,0.17574286789682922,12,413.0,0.2298557362767027,24,534.0
6215.0,29,381.0,6.568965517241379,5.240008673513878,13,159.0,0.1745312352631421,16,421.0,0.26050234713193104,29,580.0
6220.0,25,465.0,8.61111111111111,4.625548614972297,13,193.0,0.21953151888340025,12,418.0,0.27659238150973026,25,611.0
6225.0,24,471.0,8.722222222222221,4.464672686219517,12,207.0,0.18595168978653123,12,405.0,0.29730941657493487,24,612.0
6230.0,19,346.0,6.178571428571429,5.128391376811357,6,166.0,0.3002713258490899,13,370.0,0.22748218818145527,19,536.0
6235.0,21,293.0,5.051724137931035,5.5470983939323,5,126.0,0.4019947090552153,16,298.0,0.1957384945904828,21,424.0
6240.0,29,385.0,6.637931034482759,5.333708225814899,11,158.0,0.3875386276979438,18,359.0,0.20746232718439817,29,517.0
6245.0,22,407.0,7.4,4.568943906768306,8,160.0,0.33337605585165264,14,412.0,0.2420590204690447,22,572.0
6250.0,25,436.0,7.785714285714286,4.003872121943297,9,148.0,0.28527521877531276,16,439.0,0.19207453530154164,25,587.0
6255.0,21,364.0,6.385964912280702,4.817426535975574,8,119.0,0.3160179551501414,13,423.0,0.20000538312663832,21,542.0
6260.0,23,236.0,3.806451612903226,5.404728663438849,11,119.0,0.32032980279241385,12,340.0,0.2279101385987916,23,459.0
6265.0,25,249.0,4.016129032258065,5.336949457764383,10,124.0,0.44186778755415346,15,309.0,0.19136198598446513,25,433.0
6270.0,29,342.0,5.428571428571429,5.288909860164113,10,144.0,0.46665463586670647,19,363.0,0.2014763141359151,29,507.0
6275.0,28,336.0,5.508196721311475,4.505912623902204,12,158.0,0.3790708170721591,16,371.0,0.2551562802557898,28,529.0
6280.0,29,396.0,6.1875,4.18590097461092,15,191.0,0.2738892274422421,14,388.0,0.2912364137590204,29,579.0
6285.0,25,329.0,5.222222222222222,4.432548963635736,14,204.0,0.2022699075065228,11,361.0,0.30521879791710227,25,565.0
6290.0,21,202.0,3.1076923076923078,4.860013698681249,10,167.0,0.2750723671185423,11,287.0,0.18802117740002464,21,454.0
6295.0,24,201.0,3.0,5.154879518621762,8,181.0,0.34382682661085334,16,293.0,0.0967505378247846,24,474.0
6300.0,37,317.0,4.661764705882353,4.465115682891436,18,218.0,0.3034098877722918,19,333.0,0.15209709660377432,37,551.0
6305.0,28,345.0,5.2272727272727275,4.924107622416572,18,254.0,0.2641143718101206,10,345.0,0.3071729011679211,28,599.0
6310.0,29,362.0,5.402985074626866,4.344535644261391,19,313.0,0.24579709614152623,10,322.0,0.24648871297093003,29,635.0
6315.0,32,440.0,6.111111111111111,4.734467044470104,18,345.0,0.2810561939519957,14,349.0,0.24460808677068416,32,694.0
6320.0,26,370.0,5.138888888888889,4.953005864431207,13,311.0,0.2536737819046754,13,347.0,0.31994749502830516,26,658.0
6325.0,27,252.0,3.5,4.861965738313068,14,308.0,0.2227303731272404,13,286.0,0.31121370518591,27,594.0
6330.0,32,311.0,4.380281690140845,4.271860692787134,20,323.0,0.1865633526289522,12,300.0,0.26466299663205656,32,623.0
6335.0,33,341.0,5.08955223880597,3.9362291002367766,23,377.0,0.12866888862025408,10,254.0,0.3027933166863284,33,631.0
6340.0,23,393.0,5.865671641791045,4.327274273132988,15,374.0,0.09808092015489624,8,222.0,0.3559117570320601,23,596.0
6345.0,23,431.0,6.338235294117647,5.1651215127175405,14,401.0,0.21163653874221589,9,199.0,0.27311828743519695,23,600.0
6350.0,26,326.0,5.015384615384615,5.132105553864013,16,412.0,0.23880874496005344,10,156.0,0.30672109052834645,26,568.0
6355.0,29,373.0,5.920634920634921,4.149017614150704,12,454.0,0.2363098095264323,17,201.0,0.19593337863184612,29,655.0
6360.0,29,412.0,6.754098360655738,3.3348776039068357,14,465.0,0.19525637922156083,15,231.0,0.1143942659846802,29,696.0
6365.0,21,238.0,3.6615384615384614,4.638459477612179,13,417.0,0.19588865001201672,8,209.0,0.23734376943296703,21,626.0
6370.0,23,273.0,4.265625,6.0128703696957055,17,439.0,0.23409389310023546,6,181.0,0.44226852793043425,23,620.0
6375.0,26,285.0,4.672131147540983,5.630291747490614,20,477.0,0.2526981571061945,6,132.0,0.44662294293488763,26,609.0
6380.0,26,322.0,5.111111111111111,5.848823528736276,18,481.0,0.19462769730607724,8,143.0,0.4405162706948138,26,624.0
6385.0,31,372.0,6.526315789473684,4.213761458703106,20,515.0,0.09350153118637605,11,190.0,0.40022615676333456,31,705.0
6390.0,27,364.0,6.385964912280702,3.3978967643081845,18,498.0,0.10783904204338761,9,207.0,0.2343517971601044,27,705.0
6395.0,19,357.0,6.490909090909091,5.002054328558996,11,501.0,0.2430051662453526,8,211.0,0.29758855076219787,19,712.0
6400.0,22,419.0,7.350877192982456,5.224940408553584,13,474.0,0.23783444271354684,9,245.0,0.2587719262498133,22,719.0
6405.0,24,402.0,6.7,5.43880949821053,13,457.0,0.2371992188001108,11,286.0,0.3452009813446514,24,743.0
6410.0,25,476.0,8.067796610169491,5.436089969205688,16,467.0,0.2931799822905638,9,317.0,0.3466175810713032,25,784.0
6415.0,24,546.0,9.1,6.126976569899775,14,498.0,0.31985973210312046,10,331.0,0.424937001047796,24,829.0
6420.0,19,556.0,9.928571428571429,5.953573096616547,10,485.0,0.2903125774452494,9,358.0,0.4171190943436336,19,843.0
6425.0,23,561.0,9.048387096774194,5.733337974877025,13,442.0,0.21579127008246723,10,404.0,0.35938123634254443,23,846.0
6430.0,23,255.0,4.0476190476190474,5.704872005415791,11,340.0,0.3132245725407137,12,308.0,0.31612827845207775,23,648.0
6435.0,22,313.0,5.131147540983607,6.42616098410598,10,268.0,0.39761189100342326,12,212.0,0.3806097008928682,22,480.0
6440.0,21,306.0,4.935483870967742,5.029834455256921,11,267.0,0.24356010344901333,10,230.0,0.37941420296933814,21,497.0
6445.0,30,388.0,5.791044776119403,5.218890832841004,19,339.0,0.14225682537957926,11,225.0,0.40272109229464526,30,564.0
6450.0,27,461.0,6.984848484848484,5.235113941209609,17,384.0,0.12875757760183684,10,247.0,0.4213006137211003,27,631.0
6455.0,30,538.0,7.797101449275362,5.626825557605833,16,431.0,0.2278671939913677,14,292.0,0.3661793122938063,30,723.0
6460.0,27,387.0,5.608695652173913,5.006966423448688,12,408.0,0.3054533299883572,15,257.0,0.30617736245247973,27,665.0
6465.0,29,370.0,5.36231884057971,4.851264432459344,8,311.0,0.34210055253297006,21,272.0,0.25275799927034753,29,583.0
6470.0,30,380.0,5.277777777777778,4.683681876397817,10,301.0,0.3766828757627286,20,332.0,0.1978732695179361,30,633.0
6475.0,29,368.0,4.906666666666666,5.057146983939029,11,258.0,0.29275187068802583,18,366.0,0.23618612588968865,29,624.0
6480.0,34,327.0,4.36,4.565194735178205,15,253.0,0.20590768662491254,19,352.0,0.2532286399993146,34,605.0
6485.0,29,355.0,4.797297297297297,5.023744761868928,9,238.0,0.3576659160884053,20,332.0,0.22418316419274073,29,570.0
6490.0,31,340.0,4.657534246575342,4.209485194246426,10,225.0,0.286892828689659,21,377.0,0.17843301083377117,31,602.0
6495.0,36,416.0,5.859154929577465,4.646265401075001,13,268.0,0.3323196175474156,23,414.0,0.1878875811696226,36,682.0
6500.0,35,488.0,6.777777777777778,3.8052105408229213,13,289.0,0.22425523125004732,22,477.0,0.19907300964500158,35,766.0
6505.0,26,479.0,6.652777777777778,4.783159742571751,8,289.0,0.27364562261319975,18,487.0,0.20616394455969608,26,776.0
6510.0,28,417.0,5.712328767123288,4.189056110554959,8,248.0,0.2244154519935993,20,525.0,0.1726298682500964,28,773.0
6515.0,34,525.0,7.094594594594595,4.726581772913235,13,266.0,0.2368918857134964,21,544.0,0.23548023953885655,34,810.0
6520.0,42,584.0,8.0,4.019637724211313,15,303.0,0.28451256295070226,27,611.0,0.20909429458329543,42,914.0
6525.0,31,499.0,6.653333333333333,4.55625476638171,9,297.0,0.37541335634220524,22,625.0,0.16674866494170043,31,922.0
6530.0,30,470.0,6.266666666666667,4.817084289773374,7,223.0,0.40561815629677045,23,647.0,0.12012579900660296,30,870.0
6535.0,33,497.0,6.454545454545454,5.193515092257258,11,129.0,0.41713349245370007,22,685.0,0.16714884077102032,33,814.0
6540.0,32,436.0,5.891891891891892,3.9883766944442582,15,163.0,0.19995829766528378,17,630.0,0.21785310709765418,32,793.0
6545.0,31,505.0,7.013888888888889,4.374859131061282,12,177.0,0.2703673504190904,19,653.0,0.15772821326012126,31,830.0
6550.0,32,536.0,7.549295774647887,4.175879802679248,10,183.0,0.3025322954688204,22,685.0,0.058760846251203584,32,868.0
6555.0,35,559.0,7.985714285714286,3.828298002986101,14,196.0,0.23064841890081614,21,724.0,0.16450371216872856,35,920.0
6560.0,40,695.0,9.788732394366198,3.4981431795564557,17,248.0,0.17407367485299033,23,745.0,0.22188335368608772,40,993.0
6565.0,32,682.0,9.742857142857142,4.569878590982048,11,263.0,0.28637478483509016,21,771.0,0.24348883554542833,32,1034.0
6570.0,28,445.0,6.180555555555555,4.26193960106983,9,215.0,0.28122506423453203,19,711.0,0.15176487862377178,28,926.0
6575.0,33,485.0,6.736111111111111,3.8385589093231594,13,213.0,0.23017209952806425,20,684.0,0.1445968349702273,33,897.0
6580.0,36,476.0,6.704225352112676,3.5305510487058456,18,265.0,0.16621422822830553,18,663.0,0.2136832043611571,36,928.0
6585.0,35,407.0,5.5,3.8037961904883244,23,345.0,0.10501605546998635,12,545.0,0.31090207472177117,35,890.0
6590.0,34,487.0,6.243589743589744,4.321087216628124,21,398.0,0.1710091299499179,13,465.0,0.3528882144419244,34,863.0
6595.0,26,472.0,5.974683544303797,6.0029463899073,13,379.0,0.3118380074444685,13,479.0,0.3611468359789676,26,858.0
6600.0,22,464.0,5.8,5.912149220081462,6,339.0,0.38374391525470547,16,495.0,0.19464448836020998,22,834.0
6605.0,27,395.0,5.12987012987013,4.949144627707944,9,290.0,0.3002387243556739,18,489.0,0.11509638534575072,27,779.0
6610.0,30,456.0,6.333333333333333,4.293812988684422,12,241.0,0.1645350346120749,18,548.0,0.19635761629769116,30,789.0
6615.0,31,507.0,7.567164179104478,4.07898167098046,18,275.0,0.15270454285934412,13,561.0,0.20679279800707398,31,836.0
6620.0,23,413.0,6.883333333333334,4.304668561818991,9,238.0,0.24387236721984193,14,546.0,0.1901034670545701,23,784.0
6625.0,26,511.0,8.516666666666667,4.934047786687544,7,210.0,0.4166849926035041,19,543.0,0.11658332832688542,26,753.0
6630.0,25,496.0,8.131147540983607,4.441586304441819,6,152.0,0.3059887691546063,19,582.0,0.11982876524570006,25,734.0
6635.0,30,565.0,9.741379310344827,4.412872043984922,13,160.0,0.3107047287177112,17,599.0,0.19679006548166808,30,759.0
6640.0,24,549.0,9.305084745762711,4.03823349560563,11,170.0,0.3111039583586765,13,614.0,0.21258328344970853,24,784.0
6645.0,22,539.0,9.456140350877194,5.186959158315373,12,187.0,0.3027261007919254,10,566.0,0.35912155755467995,22,753.0
6650.0,23,396.0,6.947368421052632,4.442388369138091,12,196.0,0.17364950255496164,11,492.0,0.38632278849334,23,688.0
6655.0,22,208.0,3.5254237288135593,4.828441697800206,6,165.0,0.3600741894150805,16,346.0,0.2552407667787194,22,511.0
6660.0,23,272.0,4.689655172413793,4.463112095023624,4,157.0,0.46776107938243666,19,396.0,0.17454427296604536,23,553.0
6665.0,26,232.0,3.7419354838709675,4.178648510272634,5,109.0,0.3860205797296578,21,431.0,0.1242606324909232,26,540.0
6670.0,22,258.0,4.095238095238095,4.918912160120896,7,102.0,0.39144236905053487,15,451.0,0.23819297042773926,22,553.0
6675.0,19,217.0,3.2388059701492535,5.479867040265462,9,119.0,0.3496098976160901,10,424.0,0.31260264457834747,19,543.0
6680.0,25,280.0,4.17910447761194,5.041708387994354,10,152.0,0.3474412959049331,15,390.0,0.20550994639513592,25,542.0
6685.0,33,345.0,5.0,4.573575019898915,10,158.0,0.34338181172862536,23,407.0,0.13384866419128874,33,565.0
6690.0,31,365.0,5.140845070422535,4.734955731634671,9,125.0,0.418716319933773,22,469.0,0.12183236549338577,31,594.0
6695.0,24,417.0,6.132352941176471,5.10174976893705,8,151.0,0.3786204218095346,16,485.0,0.164653681666501,24,636.0
6700.0,24,325.0,4.4520547945205475,5.410326900396257,9,178.0,0.334605546560727,15,440.0,0.2319090312199123,24,618.0
6705.0,30,402.0,5.661971830985915,4.976221186397968,11,211.0,0.29861966670558004,19,439.0,0.22809532564918655,30,650.0
6710.0,36,451.0,6.263888888888889,4.547341522639588,16,247.0,0.2566972764146044,20,462.0,0.27241027847210203,36,709.0
6715.0,34,389.0,5.557142857142857,4.208208380664185,17,281.0,0.1847369118674078,17,448.0,0.2928801940681163,34,729.0
6720.0,27,391.0,5.666666666666667,4.688817305540243,10,253.0,0.29393972780554506,17,484.0,0.2782924891889689,27,737.0
6725.0,29,394.0,5.397260273972603,4.180259331783046,11,278.0,0.2587210968212797,18,455.0,0.2180217605349764,29,733.0
6730.0,27,300.0,4.054054054054054,4.453587099555202,12,290.0,0.21849765389930087,15,426.0,0.24014203543233653,27,716.0
6735.0,30,295.0,3.933333333333333,4.555761883906058,15,305.0,0.18663440378012677,15,439.0,0.2671961617713877,30,744.0
6740.0,33,378.0,5.108108108108108,4.322238226668807,10,281.0,0.2502639903991176,23,470.0,0.14946488489666662,33,751.0
6745.0,35,511.0,7.197183098591549,4.572620014184266,10,291.0,0.3968875192076397,25,536.0,0.06987620137195703,35,827.0
6750.0,27,544.0,7.555555555555555,5.2188016795388625,10,283.0,0.3101020186362749,17,539.0,0.1574370655838992,27,822.0
6755.0,31,546.0,7.690140845070423,4.488451135565515,15,340.0,0.17458375727909084,16,535.0,0.16219778813624583,31,875.0
6760.0,36,666.0,9.940298507462687,3.895741508805216,15,401.0,0.2596922370190321,21,550.0,0.1255630246471182,36,951.0
6765.0,29,676.0,9.797101449275363,5.296485342425233,10,417.0,0.42423042600670474,19,538.0,0.18308645608800403,29,955.0
6770.0,26,544.0,8.36923076923077,4.754880567857131,10,395.0,0.38087556216244933,16,542.0,0.16747960642399706,26,937.0
6775.0,26,466.0,6.852941176470588,5.041746330694372,12,348.0,0.29149577692426293,14,499.0,0.26594983636338676,26,847.0
6780.0,27,250.0,3.5211267605633805,4.196094378225565,13,253.0,0.23335857492998557,14,482.0,0.30751939513858445,27,735.0
6785.0,24,228.0,3.3043478260869565,4.804571017153487,17,239.0,0.18605819201742752,7,411.0,0.39072383634762503,24,650.0
6790.0,26,254.0,3.681159420289855,4.777333223130358,15,276.0,0.19714273822805786,11,399.0,0.33721455376821513,26,675.0
6795.0,23,228.0,3.3529411764705883,4.253968125640578,8,258.0,0.30063618506934014,15,377.0,0.133330889437931,23,635.0
6800.0,32,349.0,5.208955223880597,4.430149443383631,9,244.0,0.4010248667671461,23,437.0,0.09452016330346623,32,681.0
6805.0,31,399.0,6.045454545454546,3.904636232207547,7,209.0,0.30539320380899554,24,490.0,0.09339503431035621,31,699.0
6810.0,29,410.0,6.3076923076923075,4.123776320477919,12,178.0,0.2428681960570111,17,501.0,0.1431871993662893,29,679.0
6815.0,27,353.0,5.515625,4.141169456835216,12,196.0,0.2360084557602607,15,514.0,0.20764715164510356,27,710.0
6820.0,32,367.0,5.397058823529412,3.9158752205602063,14,190.0,0.2331941991528707,18,529.0,0.20549148896854771,32,719.0
6825.0,34,435.0,6.304347826086956,3.9958815711829705,11,200.0,0.32777344498010635,23,585.0,0.21735878993882346,34,785.0
6830.0,27,420.0,6.086956521739131,4.731360907145175,7,167.0,0.4209147176573072,20,591.0,0.18730535483180766,27,758.0
6835.0,20,402.0,5.661971830985915,5.136574239349446,3,129.0,0.35415041534961267,17,621.0,0.229133631242449,20,750.0
6840.0,33,521.0,7.136986301369863,4.791954379867802,11,139.0,0.21367319446270444,22,674.0,0.23777711953003688,33,813.0
6845.0,36,581.0,8.3,4.163354966247278,12,166.0,0.21091372868582053,24,711.0,0.26135609735272997,36,877.0
6850.0,29,492.0,7.569230769230769,3.8399170364623743,6,140.0,0.2996278026351305,23,691.0,0.19262690806526322,29,831.0
6855.0,31,507.0,7.3478260869565215,3.383302038826626,5,142.0,0.28733235722097106,26,741.0,0.12857977438183674,31,883.0
6860.0,32,506.0,7.126760563380282,4.168854871027285,11,177.0,0.227562215474327,21,745.0,0.1860696864839724,32,922.0
6865.0,30,570.0,7.808219178082192,4.506992053882036,10,185.0,0.20267361305996695,20,779.0,0.2390074819357102,30,964.0
6870.0,24,595.0,8.26388888888889,5.170282014280687,4,158.0,0.3849480575867017,20,831.0,0.18414925520864608,24,989.0
6875.0,30,681.0,9.591549295774648,5.109331633167686,6,155.0,0.4561562577086383,24,903.0,0.12957622402692903,30,1058.0
6880.0,31,681.0,10.014705882352942,4.6693581246791735,3,109.0,0.4218047493215869,28,957.0,0.09777696411827576,31,1066.0
6885.0,31,653.0,9.746268656716419,4.80144871210433,3,39.0,0.47284009666295607,28,953.0,0.12454245363958762,31,992.0
6890.0,30,419.0,6.348484848484849,4.680389769367523,5,42.0,0.43606192831642476,25,885.0,0.18279098194885743,30,927.0
6895.0,32,455.0,6.594202898550725,4.85510505489657,8,81.0,0.4669568870459284,24,758.0,0.2032200219744309,32,839.0
6900.0,37,504.0,7.2,4.495579999714247,9,121.0,0.4730595190835023,28,793.0,0.17299123198392577,37,914.0
6905.0,28,319.0,4.492957746478873,4.448485890684585,7,120.0,0.39932421357874553,21,743.0,0.1672710294883613,28,863.0
6910.0,24,350.0,5.072463768115942,4.978904694701137,5,83.0,0.31714683823866685,19,696.0,0.22002075392804993,24,779.0
6915.0,23,409.0,6.104477611940299,4.8342980092773145,7,95.0,0.23241453923529232,16,690.0,0.21552076071237738,23,785.0
6920.0,32,557.0,8.569230769230769,4.525834752699225,10,139.0,0.26842551793299246,22,783.0,0.15119306371845165,32,922.0
6925.0,35,604.0,9.901639344262295,3.5691747866495187,9,130.0,0.18754269398436227,26,809.0,0.12621256258980598,35,939.0
6930.0,35,619.0,9.825396825396826,3.7139697118866644,11,183.0,0.21800844715465756,24,861.0,0.15247891522890503,35,1044.0
6935.0,32,618.0,9.80952380952381,3.9291950340924497,8,184.0,0.33993346260431545,24,890.0,0.17052942852953237,32,1074.0
6940.0,22,552.0,8.903225806451612,4.992532877326978,4,146.0,0.4636385311800711,18,867.0,0.1576065750939396,22,1013.0
6945.0,22,342.0,5.34375,4.875321946225072,4,77.0,0.3667490129311754,18,819.0,0.15686977432067448,22,896.0
6950.0,27,240.0,3.6923076923076925,5.645484857839326,8,110.0,0.3335353219179448,19,708.0,0.195947571061641,27,818.0
6955.0,29,295.0,4.836065573770492,4.7706898728749225,7,113.0,0.3184173703557016,22,727.0,0.2341420416425157,29,840.0
6960.0,25,320.0,5.614035087719298,4.922791180795785,6,111.0,0.41005777714727376,19,681.0,0.17933551790539895,25,792.0
6965.0,24,321.0,5.631578947368421,4.120464459190763,4,116.0,0.4538242063020435,20,700.0,0.10685131630601728,24,816.0
6970.0,21,303.0,5.224137931034483,5.447259937322607,5,125.0,0.5449520016021052,16,643.0,0.17060623472465122,21,768.0
6975.0,25,318.0,5.213114754098361,5.191303681147255,8,155.0,0.28495817479207136,17,665.0,0.2620992296741921,25,820.0
6980.0,28,330.0,5.32258064516129,5.417606144228835,8,148.0,0.4004809513393144,20,713.0,0.231812904687236,28,861.0
6985.0,28,403.0,6.830508474576271,4.594837857535458,7,96.0,0.4736743809472381,21,747.0,0.17390115486078425,28,843.0
6990.0,24,438.0,7.064516129032258,5.009378092862365,6,92.0,0.40905369319651863,18,737.0,0.2033318568950288,24,829.0
6995.0,26,479.0,8.403508771929825,4.7985619314625865,9,120.0,0.2766968907317892,17,713.0,0.22175209972164625,26,833.0
7000.0,30,356.0,5.741935483870968,4.3406542003596575,12,120.0,0.2965006227425581,18,647.0,0.159284344970891,30,767.0
7005.0,21,329.0,5.672413793103448,5.805402567351396,5,84.0,0.5384433795703001,16,630.0,0.17432553258614794,21,714.0
7010.0,21,219.0,4.132075471698113,4.3583165708189755,6,91.0,0.45288033817835005,15,534.0,0.08174547330248993,21,625.0
7015.0,28,266.0,4.925925925925926,3.964500828162639,11,108.0,0.31610826764546834,17,565.0,0.12689988697651597,28,673.0
7020.0,28,278.0,5.245283018867925,2.925593284645915,12,127.0,0.23241842478037206,16,591.0,0.16129326413860195,28,718.0
7025.0,22,302.0,6.04,4.727626165357159,9,137.0,0.28964706211786245,13,567.0,0.20343898466148314,22,704.0
7030.0,22,334.0,6.816326530612245,4.659800890342401,8,136.0,0.2918461641904559,14,560.0,0.1329487609665262,22,696.0
7035.0,18,370.0,7.708333333333333,5.404107686823949,9,147.0,0.3257547315321038,9,520.0,0.19135632593710672,18,667.0
7040.0,19,297.0,6.319148936170213,5.294950061683893,10,119.0,0.38744922503227125,9,479.0,0.22554519496818828,19,598.0
7045.0,20,229.0,5.088888888888889,5.359280406260233,11,155.0,0.38480486312017964,9,378.0,0.3027876836001409,20,533.0
7050.0,19,235.0,5.0,4.450525779376978,10,171.0,0.3222369369151628,9,370.0,0.26642990984671316,19,541.0
7055.0,20,281.0,5.73469387755102,5.039339195123442,9,163.0,0.36019246894246265,11,341.0,0.2427918427763406,20,504.0
7060.0,19,250.0,5.434782608695652,5.528739135642283,6,118.0,0.4340157998509628,13,342.0,0.22379305192383603,19,460.0
7065.0,17,268.0,5.583333333333333,6.075933413256901,7,86.0,0.379999895363735,10,292.0,0.3132783976847766,17,378.0
7070.0,16,187.0,3.8958333333333335,5.040047071142063,7,70.0,0.29996130173568375,9,266.0,0.2913915155626067,16,336.0
7075.0,17,212.0,4.416666666666667,5.87708703831822,9,97.0,0.3453544855785049,8,230.0,0.311109528054307,17,327.0
7080.0,14,223.0,4.46,5.823174672647631,7,111.0,0.37267694673340446,7,193.0,0.25135146864937824,14,304.0
7085.0,17,275.0,5.729166666666667,7.092237602506358,5,101.0,0.55825553524281,12,220.0,0.13833136857101666,17,321.0
7090.0,17,203.0,4.413043478260869,5.954294851758511,7,124.0,0.48081673006638886,10,165.0,0.15102150631379024,17,289.0
7095.0,15,226.0,5.022222222222222,6.091047510641523,6,115.0,0.4156419959213107,9,164.0,0.25469096947218256,15,279.0
7100.0,16,229.0,5.088888888888889,5.863470827083104,10,146.0,0.3736828933565645,6,162.0,0.3451350186241832,16,308.0
7105.0,11,228.0,4.956521739130435,7.071424076545561,8,181.0,0.34516153450437426,3,105.0,0.5181130017351178,11,286.0
7110.0,12,195.0,4.333333333333333,6.707163206010448,8,199.0,0.2545962016763681,4,57.0,0.4726023473882921,12,256.0
7115.0,14,184.0,3.7551020408163267,6.062779846286326,7,188.0,0.24048295057974248,7,57.0,0.3531652466949484,14,245.0
7120.0,18,255.0,5.3125,6.559918690000558,9,193.0,0.33242467970910294,9,99.0,0.408161190614147,18,292.0
7125.0,18,255.0,5.425531914893617,6.553568074261113,10,175.0,0.3750064703679399,8,117.0,0.47513169212600215,18,292.0
7130.0,15,203.0,4.413043478260869,5.80861070500163,8,159.0,0.3168636632065212,7,136.0,0.42202271636275235,15,295.0
7135.0,17,174.0,3.8666666666666667,4.137209457981255,9,181.0,0.3297455343247302,8,114.0,0.2634199156605816,17,295.0
7140.0,19,217.0,4.717391304347826,5.1152262883261725,14,243.0,0.2975756024016914,5,55.0,0.354432166930411,19,298.0
7145.0,18,165.0,3.235294117647059,4.850043832268587,13,252.0,0.28702459475725783,5,53.0,0.2626880941198385,18,305.0
7150.0,17,142.0,2.6792452830188678,5.779101360786371,7,205.0,0.3667840519209557,10,75.0,0.1452500729541086,17,280.0
7155.0,12,123.0,2.46,6.086706820453935,5,130.0,0.36972599877543744,7,94.0,0.2472676628458526,12,224.0
7160.0,10,120.0,2.5,7.368504515629502,8,117.0,0.3071510283783179,2,78.0,0.5328852132606784,10,195.0
7165.0,15,106.0,2.25531914893617,6.823937982034955,13,165.0,0.19399186841557206,2,48.0,0.5922642261326968,15,213.0
7170.0,18,171.0,3.717391304347826,6.030257089574735,14,207.0,0.23858476115513494,4,36.0,0.4669313008193738,18,243.0
7175.0,15,170.0,3.8636363636363638,6.01951125604823,11,217.0,0.3293145107694571,4,39.0,0.5496634946670237,15,256.0
7180.0,11,145.0,3.372093023255814,6.509836964372247,6,190.0,0.4375555838407086,5,51.0,0.44862954020033197,11,241.0
7185.0,15,127.0,2.760869565217391,5.207378415049769,7,152.0,0.3837514945142195,8,83.0,0.2749998136208818,15,235.0
7190.0,20,152.0,2.980392156862745,5.163285782554404,12,190.0,0.31612413091805214,8,73.0,0.31965194579676803,20,263.0
7195.0,16,172.0,3.3076923076923075,5.733343633896099,11,191.0,0.2040652884157269,5,54.0,0.5114062366305734,16,245.0
7200.0,13,165.0,3.173076923076923,6.311886235060589,9,164.0,0.22990563502404518,4,42.0,0.4815603816617526,13,206.0
